username,url,bio,website,email,followers,query
riameijerwinstconsultant,https://www.instagram.com/riameijerwinstconsultant/,"⚜️Krijg meer winst, overzicht en (nacht)rust en daarmee het leven dat jij wilt ⚜️Ik leer ambitieuze kennisexperts",https://www.threads.com/@riameijerwinstconsultant?xmt=AQF0d9ZijZx4x56ppEfg8unDJYWUg0e3cJ9UVHzd93V0o_g,None found,N/A,kookworkshop Lelystad
bibliotheeklelystad,https://www.instagram.com/bibliotheeklelystad/,"2,061 posts",N/A,None found,N/A,kookworkshop Lelystad
xclusividadess,https://www.instagram.com/xclusividadess/,"▪︎Talleres de Cocina ""Te enseño lo que sé"" ▪︎Servicio de Catering Social, corporativo & Gubernamental ☎️809 770 2569",https://www.threads.com/@xclusividadess?xmt=AQF0fuWyFA-dAGCyOFjUnInErryzj1r3WyQPvaT4RXjjt5g,None found,N/A,catering aan huis Lelystad
group_of_chefs_,https://www.instagram.com/group_of_chefs_/,Тадбирлар учун премиум кейтеринг. Нафис таомлар · Юқори сервис · Ҳар бир тадбир ва ҳар бир меҳмонга алоҳида эътибор.:,N/A,None found,N/A,catering aan huis Lelystad
kubus_lelystad,https://www.instagram.com/kubus_lelystad/,"🎭 Het creatieve hart van Lelystad! 🎶 Theater | Muziek | Dans | Kunst 📍 Cursussen, workshops & events 👉 Ontdek meer:",https://www.threads.com/@kubus_lelystad?xmt=AQF07roGsXYGCXkER76ncrQt4UGuY9RtwHLxPpVM390bsno,None found,N/A,kookworkshop Lelystad
cuisine.ketering,https://www.instagram.com/cuisine.ketering/,Zrenjanin SINCE 2013. +381607356263 Welcome to Cuisine Ketering official IG account. #ketering #slatkisto #dekoracje,https://www.threads.com/@cuisine.ketering?xmt=AQF0HBBLA9rXsj9IhJmOuiKw8zqJqRorEXc_-PICIDEXDJ8,None found,N/A,catering aan huis Lelystad
aeresvmbolelystad,https://www.instagram.com/aeresvmbolelystad/,🌿 Hier leer je het! Gewone vakken én groene vakken 👩‍🌾 Dieren | 🍽 Eten I 🌼 Bloemen I 🌳 Buiten Elk vmbo-niveau Leren,N/A,None found,N/A,kookworkshop Lelystad
lets.cookandbakewithhunadi,https://www.instagram.com/lets.cookandbakewithhunadi/,📍SA 🇿🇦 🤳🏾 Facebook: Let’s Cook and Bake with Hunadi 🍽 Founder of : @lets.cookandbakeacademy 📞 Enquiry : +27 82 048 15,N/A,None found,N/A,catering aan huis Lelystad
annscoachingvoedingenzo,https://www.instagram.com/annscoachingvoedingenzo/,Afvallen/gezonde keuzes volhouden lastig? Zorg éérst voor 🔋voldoende energie 🧠mentale ruimte 🤗,N/A,None found,N/A,kookworkshop Lelystad
intens_rebels,https://www.instagram.com/intens_rebels/,64 posts,https://www.threads.com/@intens_rebels?xmt=AQF0Zb6dtgbGxpsMcx9Pp9mtQHHFPFa3uQWV3VT4PgH-TqM,None found,N/A,kookworkshop Lelystad
caterease,https://www.instagram.com/caterease/,"🍽️ Effortless catering & event management 💰 Smart tools, seamless payments 🥇 Trusted by 50,000+ pros",N/A,None found,N/A,catering aan huis Lelystad
suzanin_minik_mutfagi,https://www.instagram.com/suzanin_minik_mutfagi/,"Mutfak / Yemek Pişirme Catering özel gün ve davetler için sipariş alınır💫 -Bilgi, Fiyat & Sipariş için; WhatsApp",N/A,None found,N/A,catering aan huis Lelystad
thorbeckesg,https://www.instagram.com/thorbeckesg/,Thorbecke scholengemeenschap staat voor goed onderwijs voor Mavo-Havo-Vwo,N/A,None found,N/A,catering aan huis Lelystad
prim_and_platter,https://www.instagram.com/prim_and_platter/,"🍇 Grazing boxes & tables that wow 📍 Servicing Orange & the Central West ✨ By Sas & Kj, your platter besties 📱 DM or",https://www.threads.com/@prim_and_platter?xmt=AQF0Iyn6vDbmbslMiqhW-4J0jwCsImSOFXzpUPXqqrZRaQc,None found,N/A,catering aan huis Lelystad
mistiktatlar,https://www.instagram.com/mistiktatlar/,YEMEK 𝑨𝒚𝒏𝒖𝒓 𝑪̧𝒂𝒑𝒂𝒓 𝑩𝒖𝒕𝒊𝒌 𝑼̈𝒓𝒆𝒕𝒊𝒎 𝑬𝒗 𝒀𝒆𝒎𝒆𝒌𝒍𝒆𝒓𝒊 & 𝑰̇𝒌𝒓𝒂𝒎𝒍𝒊𝒌𝒍𝒂𝒓 𝑪𝒂𝒕𝒆𝒓𝒊𝒏𝒈 · 𝑶̈𝒛𝒆𝒍 𝑫𝒂𝒗𝒆𝒕𝒍𝒆𝒓 𝑰̇𝒔𝒕𝒂𝒏𝒃𝒖𝒍 ·,N/A,None found,N/A,catering aan huis Lelystad
cateringbydesignco,https://www.instagram.com/cateringbydesignco/,Colorado luxury catering and event design concepts with creativity and innovation🎨 Denver | Boulder | Aspen | Vail &,N/A,None found,N/A,catering aan huis Lelystad
love_worx_coaching,https://www.instagram.com/love_worx_coaching/,♥️ Singlecoach 🎤Webinars voor singles 📣Events voor christelijke singles 🎁 Members krijgen leuke kortingen!,N/A,None found,N/A,kookworkshop Delft
nick_nacks_vintage,https://www.instagram.com/nick_nacks_vintage/,@vintage_district.nl @megavet_vintage_stores Items op te halen in Delft of Den Haag Verzenden ook mogelijk,N/A,None found,N/A,kookworkshop Delft
vandiepenvanderkroefadvocaten,https://www.instagram.com/vandiepenvanderkroefadvocaten/,"Advocatenkantoor in Alkmaar, Amsterdam, Hoorn en Utrecht.",N/A,None found,N/A,kookworkshop Alkmaar
bersamaju,https://www.instagram.com/bersamaju/,Organiseert culturele activiteiten voor ieder met een Indisch/Molukse achtergrond of die belangstelling hebben in,N/A,None found,N/A,kookworkshop Alkmaar
samenindekeuken,https://www.instagram.com/samenindekeuken/,Culinaire cadeaus & Delicatessen winkel in het ♡ van Alkmaar. Fnidsen 76A| Proeverijen| High Tea & shoppen,N/A,None found,N/A,kookworkshop Alkmaar
bergerscholengemeenschap,https://www.instagram.com/bergerscholengemeenschap/,Aanmeldingsweek BSG 25-30 maart van 09.00-17.00 uur. Bel 072-5894118 ☎️ voor een afspraak.,N/A,None found,N/A,kookworkshop Alkmaar
naomicountryhomecooking,https://www.instagram.com/naomicountryhomecooking/,Wildpluk Kookworkshop 🌱Culinair Herborist 🌻🌸catering opmaat kleurrijk alles behalve standaard 🥗🌿bereid met ❤️,https://www.threads.com/@naomicountryhomecooking?xmt=AQF0jiPSxGGvMaDEPWqB8JtdTf4afs5YC7io0AxOxeMCPq4,None found,N/A,kookworkshop Alkmaar
oudestadalkmaar,https://www.instagram.com/oudestadalkmaar/,• Appelsteeg • Fnidsen • Hekelstraat • Mient • Visbanken • Het leukste en hipste gedeelte van winkelstad Alkmaar •,N/A,None found,N/A,kookworkshop Alkmaar
uit072,https://www.instagram.com/uit072/,De leukste hotspots van Alkmaar e.o. op Alkmaars City Blog UIT072. 📸 #uit072 #alkmaar 💪 Samenwerken of uitnodigen? 👉 DM,https://www.threads.com/@uit072?xmt=AQF0sT9QOfFLukm5-Uq6Rer4y21H78UfSdaKAsXnrlWDvuA,None found,N/A,kookworkshop Alkmaar
bergen_catering,https://www.instagram.com/bergen_catering/,Bergen Catering  Catering & Home Cooking / European Chef Netherlands / Amsterdam / Bergen / Alkmaar. #bergennh,N/A,None found,N/A,kookworkshop Alkmaar
ggznhn,https://www.instagram.com/ggznhn/,Welkom 👋! We geven je graag een kijkje 👀 voor en achter de schermen van onze hulpverlening aan mensen met een,N/A,None found,N/A,kookworkshop Alkmaar
nellieskitchen.nl,https://www.instagram.com/nellieskitchen.nl/,"Nellie’s Kitchen, Alkmaar N-H Voor kook workshop, bedrijf-lunch catering/bedrijf en familie feestjes bel of app naar",N/A,None found,N/A,kookworkshop Alkmaar
foodies_x_friends,https://www.instagram.com/foodies_x_friends/,"👩🏻‍🍳Makkelijke recepten ♥️Indofood 🌱More & more vegan + tips, glutenvrij ✍️Venlo food ⤵️",N/A,None found,N/A,thuiskok Venlo
surinaamskokenmetjen,https://www.instagram.com/surinaamskokenmetjen/,"🤍 Boysmom❤️Gentle souls @jennifercambridgemethod🙏🏾 🇸🇷 I love Suriname!🇳🇱 📚 Author & Creator 🍤 Foodie, 🧿🌍 Strategist &",N/A,None found,N/A,kookworkshop Leeuwarden
yfk.nl,https://www.instagram.com/yfk.nl/,"🔎 Onderzoek, strategie, marketing, communicatie 👭 De Smart Mix, onze unieke werkwijze 👇🏼 Wij zijn altijd op zoek naar",N/A,None found,N/A,kookworkshop Leeuwarden
ennoskitchen,https://www.instagram.com/ennoskitchen/,"'homemade food' with a twist of modern techniques 📌 Friesland, NL Dinner Service:",N/A,None found,N/A,kookworkshop Leeuwarden
defabriekwergea,https://www.instagram.com/defabriekwergea/,Unieke locatie huren? Aan de jachthaven in het 🖤 van Friesland! ▪️Vergaderen ▪️Workshops,N/A,None found,N/A,kookworkshop Leeuwarden
dillekamillehilversum,https://www.instagram.com/dillekamillehilversum/,"🌿 Natuurlijke eenvoud voor huis, tuin en keuken 🏠 Kom bij ons langs in Hilversum 📞 035-7512981 ✉️",N/A,None found,N/A,thuiskok Hilversum
sedranaleeuwarden,https://www.instagram.com/sedranaleeuwarden/,Project van Stjoer. Brengt culturen samen bij: 🏠 Onze huiskamer Sedrana is elke wo 9.30-17.00 & do 13.00-20.00 open📍,N/A,None found,N/A,kookworkshop Leeuwarden
maaikekookt,https://www.instagram.com/maaikekookt/,Cateringen | Bedrijfscateringen | Diners aan huis | Kookcursus 🍴Dier vriendelijke producten 🌷Geniet van de Picknick,https://www.threads.com/@maaikekookt?xmt=AQF0tJVoQFl0YGLQ4MnKaKUoE8RlPflvI6HKQKrhIZ8XFDI,None found,N/A,thuiskok Hilversum
jolandavanbettybluegouda,https://www.instagram.com/jolandavanbettybluegouda/,251 posts,N/A,None found,N/A,kookworkshop Gouda
groenehartcreatief,https://www.instagram.com/groenehartcreatief/,"Creatieve workshops, cursussen en uitjes in het Groene Hart tussen Utrecht, Rotterdam en Leiden. Bekijk ook de DIY's op",N/A,None found,N/A,kookworkshop Gouda
biowinkelgouda,https://www.instagram.com/biowinkelgouda/,"Passie voor lekker eten & gezonde lifestyle Liefde voor vers, lokaal & duurzaam Laat je inspireren door de",N/A,None found,N/A,kookworkshop Gouda
smaak_van_de_waard,https://www.instagram.com/smaak_van_de_waard/,"Zoek je lekkere, verse #catering in omgeving #Rotterdam #Krimpenerwaard en #GroeneHart ? 📍Hapjes, hightea , buffet, of",N/A,None found,N/A,kookworkshop Gouda
oos_kesbeke,https://www.instagram.com/oos_kesbeke/,Liefde voor augurken en uitjes bestaat dat? jazeker: bij ons! Bij Kesbeke worden augurken en uitjes met zorg omringd.,N/A,None found,N/A,kookworkshop Bergen op Zoom
nickhelderman,https://www.instagram.com/nickhelderman/,Photographer / Director,https://www.threads.com/@nickhelderman?xmt=AQF0SP3WvmY0EVghlX0A_392eFpCigc5xX5BV3t2IcNyweY,None found,N/A,kookworkshop Bergen op Zoom
oak.fashionn,https://www.instagram.com/oak.fashionn/,MODE | SIERADEN | PARFUM | GIFTS 👚 Damesmode van maat 34 t/m 50 🛍️ Elke vrijdag koopavond 📦 Bestel via WhatsApp: 06 44,https://www.threads.com/@oak.fashionn?xmt=AQF0-XsK64s8m0s3CU7bpfIhcCuN4dPggRm7GGstlc7xZ_0,None found,N/A,kookworkshop Bergen op Zoom
emmamalfliet,https://www.instagram.com/emmamalfliet/,"ᢉ𐭩dancer,singer,(voice)actress ٠࣪⭑bibi @waikoketnet ❁flemish voice of Disney’s Snow White ꩜musical theatre - royal",https://www.threads.com/@emmamalfliet?xmt=AQF0DH53bz1v9KannzSW1GdV8mgLFP-WhPB3ENODdiuUFyc,None found,N/A,kookworkshop Bergen op Zoom
ingen_bliver_efterladt,https://www.instagram.com/ingen_bliver_efterladt/,Vi leder efter et hus vi kan leje i København. Vi vil lave et bosted så vores unge med Downs går en tryg fremtid i møde,N/A,None found,N/A,kookworkshop Bergen op Zoom
mynoormallife,https://www.instagram.com/mynoormallife/,🤸🏼‍♀️ Living my NOORMAL life ☀️ Een onbevreesd leven 🌊 Sharing the stoke,N/A,None found,N/A,kookworkshop Bergen op Zoom
waararnhemeet,https://www.instagram.com/waararnhemeet/,🍽 Dé food gids voor en door Arnhemmers 👨‍👩‍👧‍👧 Onderdeel van @waarnederlandeet,N/A,None found,N/A,kookworkshop Bergen op Zoom
pizzaovenloods,https://www.instagram.com/pizzaovenloods/,🍕Voor iedereen een pizzaoven! 🔥Sinds 2009 dé specialist 🍕Uit voorraad leverbaar 🔥Bezoek onze showloods 🍕Zie onze,N/A,None found,N/A,thuiskok Hilversum
lisetteskitchenette,https://www.instagram.com/lisetteskitchenette/,"👩‍🍳 Persoonlijke kookworkshops 🧡 Samen koken = verbinden 🍴 Puur, lokaal & gezellig 📍 Stationskwartier Leeuwarden",https://www.threads.com/@lisetteskitchenette?xmt=AQF0_THZCOSor2ZtQ_5v0lIbFaW-YjyWusyuRrEEu_zQ_Ek,None found,N/A,kookworkshop Leeuwarden
lokaal55,https://www.instagram.com/lokaal55/,"𝐸𝑒𝑛 𝑢𝑛𝑖𝑒𝑘𝑒 𝑙𝑜𝑐𝑎𝑡𝑖𝑒 𝑚𝑒𝑡 𝑒𝑖𝑛𝑑𝑒𝑙𝑜𝑧𝑒 𝑚𝑜𝑔𝑒𝑙𝑖𝑗𝑘ℎ𝑒𝑑𝑒𝑛 🤍 Trouwen, feesten en events 🤍 Vergaderen, catering en kookworkshops •",N/A,None found,N/A,kookworkshop Leeuwarden
hetbakenveenendaal,https://www.instagram.com/hetbakenveenendaal/,"‘CBS Het Baken: voor een brede basis!’ Waar ieder kind zichzelf kan zijn. Want een kind dat zich geborgen voelt, leert",N/A,None found,N/A,kookworkshop Veenendaal
thijmenschoorl,https://www.instagram.com/thijmenschoorl/,Het zijn de kleine dingen die het doen! 🎞️Je Dagelijkse Dosis Content (met ouderen) 🏆Best Social Award - Positive,N/A,None found,N/A,kookworkshop Bergen op Zoom
kioskana,https://www.instagram.com/kioskana/,Wa chat admin +31 6 84 63 80 31 untuk semua pertanyaan kamu.,https://www.threads.com/@kioskana?xmt=AQF03y40a9N9_GQBGVkS52j3nK7qNPAowRhk62hXlrX3h30,None found,N/A,kookworkshop Gouda
primi.cucina.italiana,https://www.instagram.com/primi.cucina.italiana/,👉Catering 👉Chef / Maestra di sfoglia 🫶Pastaia 👉PastaLab 👉De,N/A,None found,N/A,kookworkshop Delft
vrijbuiternl,https://www.instagram.com/vrijbuiternl/,"☼ Dé start voor jouw vakantie! Tag ons of gebruik #altijdvakantie ⧍ Kamperen, wandelen, reizen, backpacken, sport,",N/A,None found,N/A,kookworkshop Gouda
pandorasbottle,https://www.instagram.com/pandorasbottle/,🍷 Alle wijn uit eigen import & Le Nez du Vin 🎁 Wijnabonnement Pandora's Box @pandoraswijnbox 🛍️ 150 m2 wijn & WSET,https://www.threads.com/@pandorasbottle?xmt=AQF03PJTwuvjtfBU7NmYc3zPT0hbgW88coJUgZ4x-YOg6lM,None found,N/A,kookworkshop Gouda
witsvastgoedonderhoudnl,https://www.instagram.com/witsvastgoedonderhoudnl/,"Bij Wits werken we aan een toekomstbestendige leefomgeving door vastgoed te onderhouden, slim te verduurzamen en",N/A,None found,N/A,kookworkshop Leeuwarden
kersjeopdetaartopstap,https://www.instagram.com/kersjeopdetaartopstap/,Mama van een heerlijke dochter Schrijfster van het boek “Uitjes & Nachtjes” Fotografe & Kleuterjuf Graag samen werken?,N/A,None found,N/A,kok aan huis Harderwijk
veenswelzijn,https://www.instagram.com/veenswelzijn/,Veens Welzijn met Hart voor Veenendaal🩵,N/A,None found,N/A,kookworkshop Veenendaal
mandywoelkens,https://www.instagram.com/mandywoelkens/,Presentator @nporadio1 • Podium Zwart • IKAG / auteur / dagvoorzitter / podcastmaker / was hoofdredacteur LINDA.meiden,https://www.threads.com/@mandywoelkens?xmt=AQF07tB49gasV5UtTlkMSeippBHz6lQ9dGaNB5TR9RJVj38,None found,N/A,kok aan huis Harderwijk
_future_chef__,https://www.instagram.com/_future_chef__/,🆔 main id @_official_kuldeep_999 🥗CHEF KULDEEP 🔪 🍳 Crafting edible magic. 📍 Based in [GUJRAT] DM for collaborations 📩,N/A,None found,N/A,chef aan huis Zeist
aboubakar_bamba17,https://www.instagram.com/aboubakar_bamba17/,@topchefm6 Saison 17 Chef à Demeure UHNWI Performance Chef-Nutrition CIV @fif.ci 🇨🇮 aboubakarbamba.collaboration@gmail,N/A,None found,N/A,chef aan huis Zeist
masterchefhr,https://www.instagram.com/masterchefhr/,Saznaj sve zanimljivosti iz MasterChef svijeta! 👇,N/A,None found,N/A,chef aan huis Zeist
bieb_0318,https://www.instagram.com/bieb_0318/,Laat je verrassen en inspireren in De Cultuurfabriek aan het Kees Stipplein!,https://www.threads.com/@bieb_0318?xmt=AQF0FKJCrcvdaNnYLBZHm1vth-Uaoaw--wYuawNm09asl5o,None found,N/A,kookworkshop Veenendaal
christianweij,https://www.instagram.com/christianweij/,"Award-winning fermentation specialist Helping chefs & foodies create mind-blowing products Follow for kimchi, koji &",https://www.threads.com/@christianweij?xmt=AQF0xcRpsEfVoS2iWdWDA_RvmgX3IlmdSSAGHsVAPJGSPf0,None found,N/A,kookworkshop Veenendaal
chez.vale,https://www.instagram.com/chez.vale/,🇨🇮 Cuisine Africaine de l’Ouest 👩🏾‍🍳 Private dining 🍽 Catering 🚚 Foodtruck - oa Markt Wageningen,N/A,None found,N/A,kookworkshop Veenendaal
armandod_dh,https://www.instagram.com/armandod_dh/,Productontwikkelaar & Chefkok Expert in Aziatische & Surinaamse Fusion Specialist in Plantaardig & Vegetarisch • Fusion,N/A,None found,N/A,kookworkshop Delft
laystaal,https://www.instagram.com/laystaal/,♥️ Samen met Wouter Mama van 4 meiden 💕,N/A,None found,N/A,thuiskok Hengelo
d_elft,https://www.instagram.com/d_elft/,𝗭𝘄𝗲𝗺- 𝗲𝗻 𝗪𝗮𝘁𝗲𝗿𝗽𝗼𝗹𝗼𝘃𝗲𝗿𝗲𝗻𝗶𝗴𝗶𝗻𝗴 𝗱’𝗘𝗟𝗙𝗧⁣ 🏊wedstrijdzwemmen 🤽waterpolo 🏅zwemles ✨sterrenplan⁣ 💧trimzwemmen 📧 media@d-elft,N/A,None found,N/A,kookworkshop Delft
mamamascha_,https://www.instagram.com/mamamascha_/,"Lekker genieten van gezond eten! Kookworkshops, kennis workshops, catering, koken op scholen, foodtruck",N/A,None found,N/A,kookworkshop Leeuwarden
nielspiest,https://www.instagram.com/nielspiest/,380 posts,N/A,None found,N/A,kookworkshop Zwolle
dedolledeel,https://www.instagram.com/dedolledeel/,- Op het platteland net buiten de stad - Bloemenpluktuin - Maisdoolhof met speurtocht - Terras: chillen & spelen -,N/A,None found,N/A,kookworkshop Zwolle
eizefokke,https://www.instagram.com/eizefokke/,@eizefokke,https://www.threads.com/@eizefokke?xmt=AQF0ZlEbjAB-4eIFzPhD9Pq95-a42Wcnfp_Uc4gXIvCffiM,None found,N/A,kookworkshop Zwolle
groepsuitjeszwolle,https://www.instagram.com/groepsuitjeszwolle/,"Groepsuitjes in Zwolle voor hèt familie- of vriendenuitje, vrijgezellenfeest of bedrijfsuitje! Uniek, compleet en",N/A,None found,N/A,kookworkshop Zwolle
kruiswijk_culinair,https://www.instagram.com/kruiswijk_culinair/,Vader en zoon Gepassioneerd Culinair op maat 🍴 👨‍🍳👨🏻‍🍳,N/A,None found,N/A,kookworkshop Zwolle
logopedie.windesheim.zwolle,https://www.instagram.com/logopedie.windesheim.zwolle/,🤗 Welkom bij Windesheim 🎓 Bachelor Logopedie 📍 Hogeschool in Zwolle 🏢 Gebouw E,N/A,None found,N/A,kookworkshop Zwolle
mariskadute,https://www.instagram.com/mariskadute/,"Sportgirl🏃,🏋️‍♀️, 🚴, sportdietist, docent 👩‍🏫, foody & receptontwikkelaar 🍰🍒, eigenaar Mariska Dute Voeding, Sport &",N/A,None found,N/A,kookworkshop Zwolle
petravandenakker,https://www.instagram.com/petravandenakker/,272 posts,N/A,None found,N/A,kookworkshop Zwolle
regiozwolleunited,https://www.instagram.com/regiozwolleunited/,"Het kloppend hart van PEC Zwolle (foundation) op maatschappelijk, economisch en vitaal gebied 💙",N/A,None found,N/A,kookworkshop Zwolle
bulthaup_zwolle,https://www.instagram.com/bulthaup_zwolle/,"Bijzonder leven, koken en genieten.",N/A,None found,N/A,kookworkshop Zwolle
debeerleone,https://www.instagram.com/debeerleone/,#doomijnkinderopvang,N/A,None found,N/A,kookworkshop Zwolle
vanannenatuurlijk,https://www.instagram.com/vanannenatuurlijk/,Door middel van voeding en hypnose help ik jou van je fysieke en mentale klachten af.,N/A,None found,N/A,kookworkshop Zwolle
bonustijd,https://www.instagram.com/bonustijd/,☀️ Zondagskind 🎁 Dankbaar voor elke nieuwe dag die ik cadeau krijg. 🙌🏻 Voorganger @legerdesheilskampen. Kom naar de,N/A,None found,N/A,thuiskok Zwolle
sternpartyservice,https://www.instagram.com/sternpartyservice/,"STERN. Groots in bijzondere momenten! Catering voor elk event, zakelijk & privé. Totaalbeleving, tot in de puntjes",N/A,None found,N/A,kookworkshop Zwolle
bij_jouw,https://www.instagram.com/bij_jouw/,Bij jouw privediner of misschien wel een 21-diner. Uiteraard met veel gebruik van lokale en regionale ingrediënten met,N/A,None found,N/A,thuiskok Zwolle
kookwinkel_oldenhof,https://www.instagram.com/kookwinkel_oldenhof/,"Sinds 1821 specialist in de keuken met de meest uitgebreide collectie pannen, messen, keukenmachines en kwalitatief",N/A,None found,N/A,kookworkshop Hilversum
dehoorneboeg,https://www.instagram.com/dehoorneboeg/,"Buitenplaats voor inspiratie in Hilversum📍 🌳 Samen maken we de wereld mooier door mensen te verbinden met zichzelf,",N/A,None found,N/A,kookworkshop Hilversum
de_ayurvedische_keuken,https://www.instagram.com/de_ayurvedische_keuken/,💚 Ayurvedische catering 💚 Detox-programma’s: afhalen en online 💚 Kookworkshops 💚 Meer informatie link in bio,N/A,None found,N/A,kookworkshop Hilversum
de_hoftafel,https://www.instagram.com/de_hoftafel/,"- Unieke vergaderlocatie: tot 18 pers - Rust, ruimte & natuur - Centraal gelegen, omgeving Hilversum - 3 break out rooms",N/A,None found,N/A,kookworkshop Hilversum
mauvelaren,https://www.instagram.com/mauvelaren/,breakfast / lunch / drinks / dinner Nieuwsbrief ontvangen? Klik hier www.mauve.nl/?ft-subscribe,N/A,None found,N/A,kookworkshop Hilversum
de3ridders,https://www.instagram.com/de3ridders/,De lekkerste #delicatessen en culinaire cadeaus van #Deventer! Specialist in Engelse producten.,N/A,None found,N/A,thuiskok Deventer
senses_of_living_kookwinkel,https://www.instagram.com/senses_of_living_kookwinkel/,Online Kookwinkel | Servies | Pannen| Keukenhulp | Foodie | Deventer | Wilp| Twello |Voorst|Online shop| Beste,N/A,None found,N/A,thuiskok Deventer
dekeukenvanannemieke.nl,https://www.instagram.com/dekeukenvanannemieke.nl/,- Grazing Tables/Boxen - 4 Kookboeken - Gezondheids- & Hormoonconsulten + LBA - Workshops & Lezingen,https://www.threads.com/@dekeukenvanannemieke.nl?xmt=AQF0cd6m8MpAFkqUzC9f0LurNOPmwB9xvqHmm-sjNviamcY,None found,N/A,kookworkshop Zwolle
silvia_catering_op_rolletjes,https://www.instagram.com/silvia_catering_op_rolletjes/,Catering/ foodbus aan huis/ Bij bedrijf/buurt feest,https://www.threads.com/@silvia_catering_op_rolletjes?xmt=AQF0M5FYJpdgOnwRaj1HGy53y0WmdUiQBO3BuivC0bMuVwI,None found,N/A,thuiskok Deventer
karma_drink_meatme,https://www.instagram.com/karma_drink_meatme/,"Koken👩🏻‍🍳foodlover🍳🥬🍤🫒🍖Eventplanner,feestjes,creatief,borrelplanken,high",N/A,None found,N/A,kookworkshop Deventer
eugenecookexperience,https://www.instagram.com/eugenecookexperience/,"Eugene Cook Experience Een chef-kok bestellen? Voor iedereen, op elke locatie, een onvergetlijke culinaire ervaring.",N/A,None found,N/A,thuiskok Purmerend
joke_boon,https://www.instagram.com/joke_boon/,Auteur 17x o.a Eten &leven met kanker/Vegan/ Anosmie/Bonen/Kookcolumn Trouw di/ Columnist St. Darmkanker/Columnist,https://www.threads.com/@joke_boon?xmt=AQF0ZyvrbUnwYjHjbsqnGuzvYygOtnx_pkuU59R-jYqdIU8,None found,N/A,kookworkshop Hilversum
nienkekleinwolterink,https://www.instagram.com/nienkekleinwolterink/,📸 A photograph is a return ticket to a moment otherwise gone ♥️,https://www.threads.com/@nienkekleinwolterink?xmt=AQF0ZyT1fV-eLGOJ01sIRibaAuafEa_JxrzzBu27K9XvPtk,None found,N/A,kookworkshop Hengelo
volksuniversiteithengelo,https://www.instagram.com/volksuniversiteithengelo/,"Volksuniversiteit Hengelo e.o.: de plek waar je kunt halen wat bevoegde docenten, ervaren coaches en inspirerende",N/A,None found,N/A,kookworkshop Hengelo
maria_eij8,https://www.instagram.com/maria_eij8/,👩🏻‍🔬Food technologist 🍳Love cooking 👩‍🌾Gardening 🥬 Founder of @kokenmetokky,https://www.threads.com/@maria_eij8?xmt=AQF08xDFuhPpGOfvWInLcmbbxKqTn-ILQWZ5HjmrvB-JNq8,None found,N/A,kookworkshop Hengelo
kinderendekeukenin,https://www.instagram.com/kinderendekeukenin/,• Kookboek • Kookworkshops • Kinderen • Food & Fun • Be the change you want to see • Boek bestellen:,https://www.threads.com/@kinderendekeukenin?xmt=AQF0-Vn901xSm0CyBe8xf3CcAJGaYSTaCCpSnpUSLxzKH94,None found,N/A,kookworkshop Hengelo
dinners.at.home,https://www.instagram.com/dinners.at.home/,"Luxe diner aan huis? Wij zorgen voor een prachtig ingedekte tafel, wijn-spijs combinaties en doen de afwas. Vanaf",N/A,None found,N/A,thuiskok Purmerend
alfonsvanklinkedam,https://www.instagram.com/alfonsvanklinkedam/,632 posts,N/A,None found,N/A,thuiskok Purmerend
v.peter,https://www.instagram.com/v.peter/,"‘Geef dan ook je hart, maar geef het niet aan elkaar om te bewaren, want alleen leven kan je harten waarmaken.’",N/A,None found,N/A,kookworkshop Oss
kikkererwten.nl,https://www.instagram.com/kikkererwten.nl/,"Bestel Het Kikkererwtenkookboek, door moeder en dochter, via onderstaande link. Nu ook verkrijgbaar in alle",N/A,None found,N/A,thuiskok Deventer
keukenspecialist_geldrop,https://www.instagram.com/keukenspecialist_geldrop/,😏 Je zou er bijna in willen koken 🛎️ De allerbeste service en eerlijke verkopers 🖤 Moderne en tijdloze designkeukens 📣,N/A,None found,N/A,kookworkshop Oss
eeterij_voorafentoe,https://www.instagram.com/eeterij_voorafentoe/,Gezellige eeterij in het centrum van Oss. Genieten van een lunch of gewoon een kopje koffie. Een locatie nodig voor een,N/A,None found,N/A,kookworkshop Oss
abcsauzennederland,https://www.instagram.com/abcsauzennederland/,🇮🇩 Authentieke Indonesische smaakmakers 👩‍🍳 Aziatische recepten & kooktips 📍 Verkrijgbaar bij de Toko of Horeca,N/A,None found,N/A,kookworkshop Oss
dtvnieuws,https://www.instagram.com/dtvnieuws/,"Zie jezelf! 🙋‍♂️ De lokale omroep van Oss, Bernheze, Den Bosch, Maashorst, Meierijstad, Boxtel, Vught en",N/A,None found,N/A,kookworkshop Oss
kim_boeijen,https://www.instagram.com/kim_boeijen/,🍲 Food • Fitness • Lifestyle 💚 Gezonde recepten & positieve energie 🏋️‍♀️ Bodypump | 🌿 Selfcare | 🐱 Cats ✨,https://www.threads.com/@kim_boeijen?xmt=AQF04AsUisrkR2T_2dYQwtZecfNFRtmHj3mtlCMjavczvUU,None found,N/A,kookworkshop Oss
lekkeretenmetmarlon,https://www.instagram.com/lekkeretenmetmarlon/,👩‍🍳 #Kookworkshops 🍫 #Bonbonworkshops 🍣 #Sushiworkshops 🍲 #Blogger 😋 #R,https://www.threads.com/@lekkeretenmetmarlon?xmt=AQF0M4xVmUa3tk3ZGrV2WNm8p4jSJMUeG_X0Agq5hHPBB9Q,None found,N/A,kookworkshop Spijkenisse
wat_kookt_ingrid_vandaag,https://www.instagram.com/wat_kookt_ingrid_vandaag/,"Home cook❤️, the best food is homemade😄 do you want the recipe, please let me know",N/A,None found,N/A,kookworkshop Spijkenisse
pauldekuyper,https://www.instagram.com/pauldekuyper/,"Wat ik schreeuw lijkt niet slecht, maar wat ik schrijf ben ik echt",N/A,None found,N/A,thuiskok Deventer
carlo.straver,https://www.instagram.com/carlo.straver/,Le vieux Boulanger https://www.levieuxboulanger.nl Www.Straver.eu Www.creatievewebsite.eu,N/A,None found,N/A,kookworkshop Delft
sofieredegard,https://www.instagram.com/sofieredegard/,Bor i en gammal prästgård från 1886 tillsammans med min man och våra tre barn 🤍 🌾 Inredning & trädgård 📍Småland ✉️,N/A,None found,N/A,kok aan huis Delft
dehovenpassage,https://www.instagram.com/dehovenpassage/,📍 Delft 🛍 Meer dan 60 winkels 🚗 De eerste 3 uur gratis parkeren,N/A,None found,N/A,thuiskok Delft
sven_snickare,https://www.instagram.com/sven_snickare/,"Sven Snickare hjälper dig att förverkliga dina köksdrömmar. Vi bygger skräddarsydda kök, anpassade efter kundens",N/A,None found,N/A,kok aan huis Delft
hejhejvardag,https://www.instagram.com/hejhejvardag/,"Podd, serier, sketcher, böcker Podd: @louiseochjuliapoddar med @jullewibbe - årets podd och årets videopodd 2025! Årets",https://www.threads.com/@hejhejvardag?xmt=AQF0U625EgDleUxDmdX3cs_gApohE62L82ru20vN7Th6u24,None found,N/A,kok aan huis Delft
bula_outdoor,https://www.instagram.com/bula_outdoor/,"Tuinhaard, BBQ primogrill, Alfa forni Weltevree, Houe, houtkachel, Monolith BBQ",https://www.threads.com/@bula_outdoor?xmt=AQF0zRUDWpudXA6bST030oiVcYQl8Y_v1sRRAI-7Bj6g0Ys,None found,N/A,kookworkshop Hilversum
boudoirlemariage,https://www.instagram.com/boudoirlemariage/,Heerlijk dineren in het centrum van Delft? Culinair dineren | Exclusief | Delft,N/A,None found,N/A,private chef Delft
h.arald85,https://www.instagram.com/h.arald85/,Dad of Max💙& Oliver💙 BeginBoss @strikegroup.trust.meets.tech 🚀 Car-nutcase @themansioncustoms 🚘 Investor @victus.sport,N/A,None found,N/A,kookworkshop Hilversum
lamaisonbohemelove,https://www.instagram.com/lamaisonbohemelove/,# Grounding Chef # Cooking classes # Breathwork & nervous system reset # 1:1 retreats Ready to come home to,N/A,None found,N/A,kookworkshop Hilversum
jeanette.tromp,https://www.instagram.com/jeanette.tromp/,'Ancient teaching in modern life' 》1:1 Coaching & Women's Retreats 》Broughton Sanctuary 5-day Retreat 》Hiking Yorkshire,N/A,None found,N/A,kookworkshop Hilversum
rennierijpma,https://www.instagram.com/rennierijpma/,581 posts,https://www.threads.com/@rennierijpma?xmt=AQF033d3_5Vjam5ig6Y4dzYEumiusyJT-uVb2SDkaUuKQ9I,None found,N/A,kookworkshop Leeuwarden
daphnekarolinax,https://www.instagram.com/daphnekarolinax/,Sharing our lives 🇳🇱 🇬🇭 Amari & Carmi’s mommy 👧🏽👶🏽 Hier deel ik van alles over ons nieuwbouw avontuur 🏡,https://www.threads.com/@daphnekarolinax?xmt=AQF0FGgge1FEZyIibUbRT6aAgolY6AEb1ZN9wUzLKjxBnC4,None found,N/A,kok aan huis Delft
eijerkamp,https://www.instagram.com/eijerkamp/,"• Alles voor wonen, slapen & design • Deskundig interieuradvies ✏️ • Winkels in Zutphen & Veenendaal 📍 • Bekend van",N/A,None found,N/A,kok aan huis Delft
oscarvermande,https://www.instagram.com/oscarvermande/,Time is now. Founder @runnershighapp / @lucentement,N/A,None found,N/A,kok aan huis Delft
siamkitchen_rotterdam,https://www.instagram.com/siamkitchen_rotterdam/,Thais eten bestellen in Overschie Rotterdam ? Krijg trek op Instagram​ en bestel via https://www.siamkitchen,https://www.threads.com/@siamkitchen_rotterdam?xmt=AQF0JVs7GSIdnLkOA4bz-S7LlHnl1Fdofnap8cAdJCJaf8o,None found,N/A,kookworkshop Delft
eat2gatheramsterdam,https://www.instagram.com/eat2gatheramsterdam/,"Eat2Gather organiseert culinaire belevingen in Amsterdam, Rotterdam en Utrecht en heeft een kookstudio en vergader",N/A,None found,N/A,kookworkshop Delft
purodelft,https://www.instagram.com/purodelft/,Puur genieten.,N/A,None found,N/A,kookworkshop Delft
students4sustainabilitydelft,https://www.instagram.com/students4sustainabilitydelft/,💡Student foundation with the goal to inspire as many technical students as possible to use their knowledge for a,N/A,None found,N/A,kookworkshop Delft
guus_uijlenbroek,https://www.instagram.com/guus_uijlenbroek/,"🏡Delft,Netherlands",https://www.threads.com/@guus_uijlenbroek?xmt=AQF0oXcWj4cZScAIHdFJIjXJdRgZu5dqDeVpqCK7KBWxiiY,None found,N/A,kookworkshop Delft
bijbest,https://www.instagram.com/bijbest/,"~•Eat, Drink & Relax•~ 🥐Ontbijt & lunch ☕️ Koffie 🚲To Go! 🕘",N/A,None found,N/A,kookworkshop Delft
vitale_receptjes,https://www.instagram.com/vitale_receptjes/,🍒Voedingsdeskundige @emeraldvitaal @moestuinnieuwtjes 🥦 Voedingsadvies https://emerald-mf,N/A,None found,N/A,kookworkshop Delft
dilleenkamilledelft,https://www.instagram.com/dilleenkamilledelft/,🌱 Blijf op de hoogte van activiteiten bij Dille en Kamille Delft!,N/A,None found,N/A,thuiskok Delft
steef54321,https://www.instagram.com/steef54321/,⛽️ Head ❣️ Prewar 👨🏼‍🌾@zuursche,N/A,None found,N/A,kookworkshop Deventer
munt_en_marjolein,https://www.instagram.com/munt_en_marjolein/,Proef de pure smaak van het seizoen Catering | Lunch-kookboek,N/A,None found,N/A,kookworkshop Deventer
mooymicrogreens,https://www.instagram.com/mooymicrogreens/,"➡️Superfoods➡️🌱Biologisch, pesticidenvrij en lokaal geteelde microgroenten🌱 Boost your food 🌱 Boost your health❤️",https://www.threads.com/@mooymicrogreens?xmt=AQF0DihQqx3IPvb23DVpFd1XByKUt6s6NZsJMrtjw83fCrY,None found,N/A,thuiskok Deventer
nusa_raster,https://www.instagram.com/nusa_raster/,🔘 Raster Jongerenwerk 🔘 Insta; @dtown_raster 🔘 06 13 31 65 45,N/A,None found,N/A,kookworkshop Deventer
trademartutrecht,https://www.instagram.com/trademartutrecht/,Het inkoopplatform voor Retailers!,N/A,None found,N/A,kookworkshop Deventer
martine_yskasninini,https://www.instagram.com/martine_yskasninini/,YSKAS ninini ~ catering en op vrijdagen ook mealdelivery service in en rondom Deventer,N/A,None found,N/A,kookworkshop Deventer
mom.malik.noura,https://www.instagram.com/mom.malik.noura/,ᴍᴀᴍᴀ ᴠᴀɴ : @malik.haji17 (9) & ɴᴏᴜʀᴀ (5) sᴀᴍᴇɴᴡᴇʀᴋᴇɴ? ʟᴇᴜᴋ! 📍ɴᴇᴅᴇʀʟᴀɴᴅ,N/A,None found,N/A,kookworkshop Deventer
dpsalus,https://www.instagram.com/dpsalus/,"🙋🏼‍♀️ Stephanie, Rosalie, Titia, Lisa, Laura & Sanne📍 Deventer, Raalte, Wijhe, Zwolle, Elburg📱 06 10 14 91 03💌",N/A,None found,N/A,kookworkshop Deventer
hanos_hengelo,https://www.instagram.com/hanos_hengelo/,Inspiratie en content vanuit HANOS Hengelo💜,N/A,None found,N/A,thuiskok Hengelo
bijmimi,https://www.instagram.com/bijmimi/,"“Leren koken is een avontuur vol plezier, samen maken we van elke maaltijd een feest!”🥳🥗🥘",N/A,None found,N/A,kookworkshop Deventer
wilcovanrooijen,https://www.instagram.com/wilcovanrooijen/,🚣 Sea 🌊 to Summit 🏔️🔝 🥇 Holder: Explorer Grand Slam 🏁 6x 8000+ Shisha/BroadP/ChoOyu/Mount Everest/K2/Kanchenjunga,https://www.threads.com/@wilcovanrooijen?xmt=AQF0KUiwFrwuSURN5TAH2m6jogbciZLvxsjOTZKptHk20VM,None found,N/A,kookworkshop Deventer
historiskahem,https://www.instagram.com/historiskahem/,"Fastighetsmäkleri, byggnadsvård och interiör",https://www.threads.com/@historiskahem?xmt=AQF0DeJKKr6Lb3Ra2xZ-1CsPVPVCzPLSNKdh66YhvID_sHQ,None found,N/A,kok aan huis Delft
denatuurkeuken,https://www.instagram.com/denatuurkeuken/,* foodie * catering van buffetten en happen * kookworkshops * voedingsadvies,N/A,None found,N/A,kookworkshop Hilversum
etthusvidvattnet,https://www.instagram.com/etthusvidvattnet/,Rebecca & Henke @rebfre & @solinen Nyblivna husägare till en strandtomt på närmre 3000 kvm. Häng med oss på,N/A,None found,N/A,kok aan huis Delft
juliaelsamaria,https://www.instagram.com/juliaelsamaria/,Creative manager @klintcolours,N/A,None found,N/A,kok aan huis Delft
anis.catering,https://www.instagram.com/anis.catering/,Anis catering verzorgt voor u heerlijke Indische catering. Variërend van Indische gerechten tot zoete en hartige,N/A,None found,N/A,thuiskok Delft
tomokaya_bento,https://www.instagram.com/tomokaya_bento/,Mother’s taste real Japanese Bento in Delft The Netherlands. All meals are homemade❤️ @Kookxtra https://kookxtra.page,N/A,None found,N/A,thuiskok Delft
cambuurjeugd,https://www.instagram.com/cambuurjeugd/,Officiële account van de Jeugdopleiding van SC Cambuur. Volg het laatste nieuws van onze teams hier.,N/A,None found,N/A,kookworkshop Leeuwarden
mvzculinair,https://www.instagram.com/mvzculinair/,147 posts,https://www.threads.com/@mvzculinair?xmt=AQF09ktxiXH6u_YvdS0KrJe545pucdB1DF5qz-nTjoV-WR0,None found,N/A,thuiskok Zwolle
bocca.catering,https://www.instagram.com/bocca.catering/,Kok aan huis | Eventcatering | Nijmegen Boccacatering.nl,N/A,None found,N/A,thuiskok Nijmegen
wonen_met_vanderstad,https://www.instagram.com/wonen_met_vanderstad/,"Wonen met onze prachtige #keukens, #badkamers en #tegels: zo ziet dat eruit! Laat je inspireren om het meeste uit je",N/A,None found,N/A,thuiskok Nijmegen
tabledhotescuisine,https://www.instagram.com/tabledhotescuisine/,Kookgek die zijn passie wil delen. Workshops/diners bij jou thuis. Breda (NL)/Orches 21 (FR). Offerte of collabs 📬DM,N/A,None found,N/A,kookworkshop Breda
chefinhuis,https://www.instagram.com/chefinhuis/,Van intiem diner tot zakelijk event. Wij vertalen uw wensen naar de perfecte culinaire beleving.,https://www.threads.com/@chefinhuis?xmt=AQF0hXcFtgpfHCS7jfsnlxGhmAVoBYxWVFgPbA2u1HAY6ew,None found,N/A,thuiskok Nijmegen
food.travel.write,https://www.instagram.com/food.travel.write/,Ruby Kramer •Intuïtief Ouderschap @wordsofkindness_rubykramer • UGC creator voor bedrijven die een verschil maken,N/A,None found,N/A,kookworkshop Breda
roots_culinair,https://www.instagram.com/roots_culinair/,Wij delen onze passie voor koken en liefde voor de natuur met jou tijdens catering of culinaire evenementen 💚,N/A,None found,N/A,kookworkshop Breda
hoopkeukengemak,https://www.instagram.com/hoopkeukengemak/,NL 🇳🇱Tel 024-6421257 #kookwinkelwijchen #foodies (Gezond) #koken is fun met #duurzaam #kookgerei🔪🥘🍲🍽 Liefst zonder pakje,N/A,None found,N/A,thuiskok Nijmegen
door_het_vuur,https://www.instagram.com/door_het_vuur/,601 posts,N/A,None found,N/A,thuiskok Nijmegen
mulders.jaap,https://www.instagram.com/mulders.jaap/,W E L K O M … My life in pictures • @stefanverhoeven83 • Bewindvoerder • Owner of InBalansBeschermingsbewind. • Friends,N/A,None found,N/A,thuiskok Nijmegen
jocelynhoop,https://www.instagram.com/jocelynhoop/,Running back to My Fathers Home🙏✨Founder @hoopkeukengemak✨Samen anders werken✨ADD✨,N/A,None found,N/A,thuiskok Nijmegen
culinaire_inspiratie,https://www.instagram.com/culinaire_inspiratie/,Voor wie van lekker eten houdt!,N/A,None found,N/A,thuiskok Nijmegen
erikrijpstra,https://www.instagram.com/erikrijpstra/,Always look on the gay and music side of life :-) together with my boyfriend Aldrin,https://www.threads.com/@erikrijpstra?xmt=AQF0qw6HuXoYaM7_4B7UI9LTSqbHrpxsr9WUVv2rRRqHEIY,None found,N/A,thuiskok Nijmegen
landgoedbrakkesteyn,https://www.instagram.com/landgoedbrakkesteyn/,📍 Nijmegen 🌳 Buitengewone evenementenlocatie ⇢ Bijeenkomen | Vieren | Trouwen 🏆 Provincie Award ‘26,N/A,None found,N/A,private dining Nijmegen
thephilipschef,https://www.instagram.com/thephilipschef/,"🇳🇱🇹🇩🇪🇺🌎The official Airfryer Chef Chef / Barista ☕️ Bookmaker📗 🎥you-tube, Facebook: (600k) Instagram (17k) HomeID app",N/A,None found,N/A,kookworkshop Breda
mcnature.nl,https://www.instagram.com/mcnature.nl/,"If you truly love nature, you will find beauty everywhere 🍀 All photos are taken by me 📷 Sony or 📱",N/A,None found,N/A,kookworkshop Breda
sunshineonthe_road,https://www.instagram.com/sunshineonthe_road/,🌿 Ex-hospitality entrepreneur turned yogi 🤸‍♂️ @bodyandmind_theflipside 🖤 Yoga Therapie | Space holder | Mentor van,N/A,None found,N/A,thuiskok Breda
jacquesfavorites,https://www.instagram.com/jacquesfavorites/,This is me 👨‍👩‍👧‍👦 Family man 🧂 Founder Selnature.com & Himalayazout.shop Hobby's: 🥳 D,N/A,None found,N/A,thuiskok Breda
thepastelsuitcase,https://www.instagram.com/thepastelsuitcase/,"☆ outfits, (mom) life, home, travel ♡ Mama van Maeve (9) & Beau (7) 🐱 Ally 🏠 Volg onze verbouwing 💍 Verloofd",https://www.threads.com/@thepastelsuitcase?xmt=AQF0-NxTU-n4ie9K0YUPtsp4Y45LN6YD9FLLMkcWTGGbf8A,None found,N/A,kok aan huis Breda
kokenmetpam,https://www.instagram.com/kokenmetpam/,💌 dinings - weddings - communies - en zoveel meer 🍴 uit liefde voor lekker eten 👩🏼‍🌾 moestuin gelukjes 📍 wommelgem,N/A,None found,N/A,private dining Breda
lars_hohmann_,https://www.instagram.com/lars_hohmann_/,Owner @amiciveloci,https://www.threads.com/@lars_hohmann_?xmt=AQF0KggF9W1-3JG-oySBmto-RUJ5knWFG14FlQ4pJaWcDcg,None found,N/A,kok aan huis Breda
yeyvanloenen,https://www.instagram.com/yeyvanloenen/,161 posts,N/A,None found,N/A,kok aan huis Breda
ingenhousz.breda,https://www.instagram.com/ingenhousz.breda/,Dé locatie voor een onvergetelijke ervaring. In ons historische pand wordt de oude charme omgetoverd naar een nieuwe,N/A,None found,N/A,private dining Breda
deleentjeshoeve,https://www.instagram.com/deleentjeshoeve/,"Bij #deleentjeshoeve koop je #rundvlees van onze Blonde d'Aquitaines, #antibioticavrijopgegroeid in de wei en strostal",N/A,None found,N/A,thuiskok Nijmegen
loes.ijmker,https://www.instagram.com/loes.ijmker/,🌱Neem geen genoegen met klachten maar pak ze op een natuurlijke manier samen met mij aan. 🌱Whole Foodie 🌱Pro Plants,https://www.threads.com/@loes.ijmker?xmt=AQF0_e4ifklMEP98W1ytwMMrUer1YjtQtADPJ5DV16swrxA,None found,N/A,kookworkshop Breda
smartcookie.me,https://www.instagram.com/smartcookie.me/,Een spontane&vrolijke foodie die zich graag inzet voor betere voeding voor volwassenen én kinderen op een kleinschalige,https://www.threads.com/@smartcookie.me?xmt=AQF0itbjsVDKQBQ_4IAKOH_HmV2QYDkSoPYbUnhpn7OKTxg,None found,N/A,kookworkshop Breda
knusseadressen,https://www.instagram.com/knusseadressen/,🥰Knusse uitjes voor het gezin 👨‍👩‍👧‍👦 Samen op pad in Nederland en daarbuiten ☕️ De leukste koffiezaakjes en hotspots 👇,N/A,None found,N/A,kookworkshop Breda
episodewanderful,https://www.instagram.com/episodewanderful/,Retreats | Retreat platform | (SUP)yoga | Bedrijfsyoga •12/4&3/5: Slow Sunday Breda •Alle retreats via 🔗👇,N/A,None found,N/A,kookworkshop Breda
lieke.loves.food,https://www.instagram.com/lieke.loves.food/,"Sustainable and healthy foodie; @smartcookie.me; vegetarian; plant-based; current guilty pleasure: crisps, crisps,",N/A,None found,N/A,kookworkshop Breda
thedockbreda,https://www.instagram.com/thedockbreda/,Zakelijke events | Publieke events | Trouwfeest,N/A,None found,N/A,kookworkshop Breda
moniquen81,https://www.instagram.com/moniquen81/,"Sportieve actieve 🏃🏼‍♀️🚴🏻‍♀️🏋🏻‍♀️ mom van Hasse (2018) en Jolie (2023) getrouwd met @jaap_kleinstapel, buitenmens, avont",N/A,None found,N/A,kookworkshop Nijmegen
emily_van_leeuwen,https://www.instagram.com/emily_van_leeuwen/,313 posts,https://www.threads.com/@emily_van_leeuwen?xmt=AQF0V-b7IImrKup4cma_sAwlMtvkfEfHLtcU5GT5UzyRJtM,None found,N/A,kok aan huis Breda
axozkayaarslan,https://www.instagram.com/axozkayaarslan/,"💫 Two boys , oneindig veel liefde 🕊️ Momlife & dagelijkse avonturen 🤍 Echt. Puur. Mijn verhaal. ✨ Axozkaya@aistheagency",N/A,None found,N/A,kok aan huis Enschede
elisevballegooij,https://www.instagram.com/elisevballegooij/,• Founder of: @blooming.fotografie • ♡ @juupvanlokven,https://www.threads.com/@elisevballegooij?xmt=AQF09lBjWHV-zTCGGaObcoNa5H5vysd2W6KKZiEI0EGEtPM,None found,N/A,kok aan huis Enschede
thehome.and.thekid,https://www.instagram.com/thehome.and.thekid/,"My home, my boys, my style, my colorful chaos 💜💚💛🩷💙🧡&💔 Daks | Dimm 📍NL | 013 - Be Pippi not Annika -",N/A,None found,N/A,kok aan huis Enschede
fabienne_nawijn,https://www.instagram.com/fabienne_nawijn/,𝑻𝒘𝒂𝒏🫶🏼,N/A,None found,N/A,kok aan huis Enschede
pace.chasers,https://www.instagram.com/pace.chasers/,🏃‍♀️ @cestlalies & @roelish Chasing goals together 🤝 Ambassadors @passarunning | @triathloninside 📍 Based in NL |,N/A,None found,N/A,kok aan huis Enschede
thuisbijthira,https://www.instagram.com/thuisbijthira/,𝕁𝕒𝕡𝕒𝕟𝕕𝕚 𝕚𝕟𝕥𝕖𝕣𝕚𝕖𝕦𝕣 𝕚𝕟𝕤𝕡𝕚𝕣𝕒𝕥𝕚𝕖✨ Warm ° Kalm ° Tijdloos DM voor samenwerkingen 🤎,N/A,None found,N/A,kok aan huis Enschede
mirandamaakt,https://www.instagram.com/mirandamaakt/,I’m a nomad stylist searching for experience. Creating trends with stuff from yesterday and tomorrow,N/A,None found,N/A,kok aan huis Enschede
esmeekoesx,https://www.instagram.com/esmeekoesx/,• Fiscale dienstverlening • @koeshelptfiscaal 🪩🍒💅🏽✨🌎🪸🦋🐚🌇💌,N/A,None found,N/A,kok aan huis Enschede
dekookzolder,https://www.instagram.com/dekookzolder/,👩🏻‍🍳KOKEN EN BAKKEN VOOR KIDS 🍳Kookcursussen 🍰Bakcursussen 🎈De allerleukste kinderfeestjes 🧁DIY,N/A,None found,N/A,kookworkshop Enschede
laloetje_,https://www.instagram.com/laloetje_/,▫️Digital Creator▫️Dutch Interior lover ▫️Teckel Puk Shop account @sale_laloetje ▫️Collab? Leuk! DM/email,N/A,None found,N/A,kok aan huis Enschede
twfoodhal,https://www.instagram.com/twfoodhal/,Onvervalst lekker eten en drinken. Eerlijke gerechten op basis van mooie lokale producten. Met 8 keukens uit alle,N/A,None found,N/A,kookworkshop Enschede
ginalissenburg,https://www.instagram.com/ginalissenburg/,👩‍👧 | Mommy of Liva 🐶 | Baila & Benji 📍 | Haarlem 💇🏼‍♀️ | Hairdresser - Freelancer at 2Bperfect 👇🏼 | For salon booking,N/A,None found,N/A,kok aan huis Enschede
johannespeetsma,https://www.instagram.com/johannespeetsma/,Mijn naam is Johannes en mijn vrouw heet geen Anita Alter ego: @tiktok.tammo,N/A,None found,N/A,kok aan huis Enschede
lisanterheijne,https://www.instagram.com/lisanterheijne/,Twinmom F&K 👦🏼👦🏼 | Marketingadvisor @utwente 💼 | Nature lover 🏞️ | Holistic health 💓 | Food is life 🍝 | Beerstagram,https://www.threads.com/@lisanterheijne?xmt=AQF0hSrKuu_RUKiF9ysjcKozCpF3uEL3ul07iO_M_DtG_nI,None found,N/A,kookworkshop Enschede
ayurdaaynilayam,https://www.instagram.com/ayurdaaynilayam/,-> Founder and teacher @ Ayurdaay Nilayam -> Co founder Manna Home Foundation -> Opleiding • Cursussen • Consulten •,N/A,None found,N/A,kookworkshop Enschede
wijkvoorziening_lumen,https://www.instagram.com/wijkvoorziening_lumen/,Jouw hart van de wijk Velve-Lindenhof te Enschede,N/A,None found,N/A,kookworkshop Enschede
diniek88,https://www.instagram.com/diniek88/,Color! Colour! It's everywhere! ★Travel ★Clothes ★House ★Garden ★Nature All pictures are my own without any filter.,N/A,None found,N/A,kookworkshop Enschede
couscousencurry,https://www.instagram.com/couscousencurry/,"•Authentieke Aramese, Midden-Oosterse & Indiase catering •Kookworkshops •Natuurlijke & verse ingrediënten •Voor de",N/A,None found,N/A,kookworkshop Enschede
amaggiore10,https://www.instagram.com/amaggiore10/,A' Maggiore una cucina particolare!! lunchdinerborrel#Italiaanse kookworshops# kok op,https://www.threads.com/@amaggiore10?xmt=AQF0G-Vy1Bd6lJIcr5_hSNVHGAakflmAUb5pOUpDqwqx0kI,None found,N/A,kookworkshop Enschede
enschede,https://www.instagram.com/enschede/,"📍 Het officiële account voor de stad Enschede 📸 Voor mooie foto’s, must do’s, nieuws, events, video’s & tips 👏 Een",https://www.threads.com/@enschede?xmt=AQF0Jj20yLluuW1EVN02MEP5kqqVrlDoR6GjRq918o9WVSY,None found,N/A,kookworkshop Enschede
gelukkige.groentes,https://www.instagram.com/gelukkige.groentes/,"Regeneratieve pluktuin 100+ groentes, kruiden, bloemen & klein-fruit! 💚 groene uitjes 🌱Kweekplek voor een nieuwe",N/A,None found,N/A,kookworkshop Nijmegen
sportenbewegenboxmeer,https://www.instagram.com/sportenbewegenboxmeer/,MBO | ROC Nijmegen | Opleiding sport & bewegen | LSC | BSC | BAG | Niveau 4 Sport en bewegingsleider niveau 3,N/A,None found,N/A,kookworkshop Nijmegen
rundfunkrichard,https://www.instagram.com/rundfunkrichard/,"Believe in yourself, nobody is perfect...",N/A,None found,N/A,kookworkshop Nijmegen
areyouveda,https://www.instagram.com/areyouveda/,🩷Ayurveda voor vrouwen 🤸🏼‍♀️Paulien - Ayurveda Practitioner,N/A,None found,N/A,kookworkshop Nijmegen
mexita.nijmegen,https://www.instagram.com/mexita.nijmegen/,ℤ𝕖𝕘 𝕛𝕖 𝕄𝕖𝕩𝕚𝕔𝕒𝕒𝕟𝕤𝕖 𝕖𝕟 𝕀𝕥𝕒𝕝𝕚𝕒𝕒𝕟𝕤𝕖 𝕘𝕖𝕣𝕖𝕔𝕙𝕥𝕖𝕟? 𝔻𝕒𝕟 𝕫𝕖𝕘𝕘𝕖𝕟 𝕨𝕚𝕛 𝕄𝔼𝕏𝕀𝕋𝔸!⠀ 🍹volg ons ook op TikTok! ⠀,N/A,None found,N/A,private dining Nijmegen
whataboutfood.nl,https://www.instagram.com/whataboutfood.nl/,🥪 Gezond & lekker eten! 🙋🏼‍♀️ Diëtist Maus Smeets 📍 Online & op locatie,N/A,None found,N/A,kookworkshop Nijmegen
bakertillynederland,https://www.instagram.com/bakertillynederland/,"💼 Audit | Accountancy | Advies 📈 Jouw groei, onze focus 🚀 Klaar voor een volgende stap in je carrière?",N/A,None found,N/A,kookworkshop Nijmegen
met.lin.de.keuken.in,https://www.instagram.com/met.lin.de.keuken.in/,🍰 Glutenvrije zoetigheden 🌿 Vegan & op plantaardige basis ✨️ Geraffineerde suikervrij,N/A,None found,N/A,kookworkshop Nijmegen
ariannakookt,https://www.instagram.com/ariannakookt/,136 posts,N/A,None found,N/A,kookworkshop Nijmegen
easyculi,https://www.instagram.com/easyculi/,📸 photo- & videographer 🌞 always eating or traveling (or both) 🍊 private chef @casaculi 📍 Dutchie based in Valencia,N/A,None found,N/A,kookworkshop Nijmegen
junyortje,https://www.instagram.com/junyortje/,👨‍👩‍👧 @tukkers_bbq 🏡Enschede 👧 𝕁𝕒𝕕𝕖 @jade.wijma💉Vit B12 Deficiëntie & ADHD 💻Blogger @volgmama 🐱 @kiki.en.ore,https://www.threads.com/@junyortje?xmt=AQF0YOl498xCArxmLh-0vgEPElCT_dGFLDR_aRjYsK5eF0o,None found,N/A,thuiskok Enschede
joseelsinghorst,https://www.instagram.com/joseelsinghorst/,181 posts,N/A,None found,N/A,kookworkshop Nijmegen
binnenstebuitentv,https://www.instagram.com/binnenstebuitentv/,"Elke dag inspiratie voor een lekker groen leven Met aandacht voor eten, wonen en buiten zijn @kro.ncrv",https://www.threads.com/@binnenstebuitentv?xmt=AQF0CzpimIzXs7wlJsSTiwCR4PKaayAA7RyJn2do-5u_pEM,None found,N/A,personal chef Nijmegen
k.o.i_kanpai,https://www.instagram.com/k.o.i_kanpai/,"Japanese Deli & Lifestyle Authentic Japanese food Take-away🍱 Catering, Exclusive imported, potteries & Lifestyle",https://www.threads.com/@k.o.i_kanpai?xmt=AQF0c6jM5suLi60edBjeG05Qft_ZQb2OeZF3HLcv8TiwtS4,None found,N/A,thuiskok Breda
smaakverhalen,https://www.instagram.com/smaakverhalen/,"User Generated Content (UGC) Food, Experience blogger Inspiratie vanuit de keuken ✨",https://www.threads.com/@smaakverhalen?xmt=AQF0jz-Z5nFz6zEWqqV-Lmo6Xcwv97lBzn7gh_xAc1tGWV0,None found,N/A,thuiskok Breda
mamakooktelkedag,https://www.instagram.com/mamakooktelkedag/,"🍓Simpel, snel, lekker, meestal voedzaam 😇 🍓Geen kok, amper een hobbykok; een moeder met drukke baan & 1000 ballen in de",N/A,None found,N/A,thuiskok Zwolle
chef_lover123_,https://www.instagram.com/chef_lover123_/, Apple account  ❤️ Chef lover🍽️👨‍🍳 Cooking 🍜🍜❤️ Chinese chef ❤️ All,N/A,None found,N/A,chef aan huis Groningen
abridged_pbskvie,https://www.instagram.com/abridged_pbskvie/,Abridged is the Sacramento region’s nonprofit news source powered by PBS KVIE.,N/A,None found,N/A,chef aan huis Groningen
nokgroningen,https://www.instagram.com/nokgroningen/,Bar & Bistro Rooftop - Forum Groningen Parties & Events,N/A,None found,N/A,private dining Groningen
carnivalbuzz,https://www.instagram.com/carnivalbuzz/,"𝑺𝒆𝒆 𝒔𝒐𝒎𝒆 𝒘𝒐𝒏𝒅𝒆𝒓𝒇𝒖𝒍 𝑭𝒊𝒍𝒎 𝒂𝒓𝒆 𝒉𝒆𝒓𝒆 ! 🎭𝑹𝒂𝒕𝒊𝒏𝒈, 𝒓𝒆𝒗𝒊𝒆𝒘 & 𝒒𝒖𝒐𝒕𝒆𝒔",N/A,None found,N/A,chef aan huis Groningen
humanitasgroningen,https://www.instagram.com/humanitasgroningen/,Zoek je leuk vrijwilligerswerk? Stuur een DM of bel 050-3126000.,N/A,None found,N/A,kookworkshop Groningen
hanzevd,https://www.instagram.com/hanzevd/,Alles over de opleiding en ontwikkelingen rondom het vakgebied,N/A,None found,N/A,kookworkshop Groningen
im_vishnu_prasad,https://www.instagram.com/im_vishnu_prasad/,🇮🇳🇧🇭🇲🇻🇦🇪 𝐒𝐞𝐢𝐳𝐢𝐧𝐠 𝐦𝐨𝐦𝐞𝐧𝐭𝐬 𝐟𝐫𝐨𝐦 𝐦𝐲 𝐜𝐡𝐞𝐟 𝐥𝐢𝐟𝐞 CHEF DE PARTIE @mileothepalm @grandhyattkochi @accor @theraviz @cghearth,https://www.threads.com/@im_vishnu_prasad?xmt=AQF0fl6HZAeW2yR7MzLgjREAJ7W2y8JmIitdmXTht0nfjMU,None found,N/A,chef aan huis Groningen
gastronomiacentroeuropeu,https://www.instagram.com/gastronomiacentroeuropeu/,🥘 Escola de Gastronomia 🍴 Aulas práticas com Chefs renomados 🌎Reconhecimento internacional 📍 Curitiba/PR,N/A,None found,N/A,chef aan huis Groningen
dehuismeestersgroningen,https://www.instagram.com/dehuismeestersgroningen/,🏢 🌳 🐕 De Huismeesters is een actieve en betrokken buurtcorporatie in Groningen.,N/A,None found,N/A,kookworkshop Groningen
pshousekitchen,https://www.instagram.com/pshousekitchen/,📍Groningen 👶Duco 15-01-19 👩🏼‍🍳Passie voor koken 🍽 Makkelijke recepten ✉️ Samenwerken? DM,N/A,None found,N/A,thuiskok Groningen
ursula073db,https://www.instagram.com/ursula073db/,150 posts,https://www.threads.com/@ursula073db?xmt=AQF03GkOimhCZiaWoiL8-2zv60RgqvHHqZKR54i28baFT4c,None found,N/A,kookworkshop Tilburg
frysketsjerken,https://www.instagram.com/frysketsjerken/,Alde Fryske Tsjerken | 🎶 het grootste kleine podium van Fryslân| ⛪️ 58 kerken | 🎭 250 activiteiten p jaar | 👐 300,N/A,None found,N/A,thuiskok Groningen
healthcuisine,https://www.instagram.com/healthcuisine/,Hospitality in Health (HIH) • Sustainable Gastronomy • Culinary Tourism Development • From Farm to Fork in Jordan,N/A,None found,N/A,thuiskok Groningen
cookallurepiushaven,https://www.instagram.com/cookallurepiushaven/,"Koekeloer in onze kookstudio aan de Piushaven! Samen creëren, proeven en beleven 🌿 Kookworkshops | Privédiners |",https://www.threads.com/@cookallurepiushaven?xmt=AQF0Jk6EeNG7aGvshWSHWtvWvu8f1wZnKBrkN1LeSQdYEiM,None found,N/A,kookworkshop Tilburg
activationslct,https://www.instagram.com/activationslct/,High-end Training en Coaching voor hardlopers die krachtige resultaten verlangen.,N/A,None found,N/A,kookworkshop Tilburg
gangmaker.nu,https://www.instagram.com/gangmaker.nu/,Gangmaker ik thuisdiners en BBQ's,N/A,None found,N/A,thuiskok Groningen
sjuulien,https://www.instagram.com/sjuulien/,"Sjuulien maakt oa #schorten, #wasknijperschorten, dierenslaapzakken en nog veel meer! Daarnaast verkopen we ook leuke",N/A,None found,N/A,thuiskok Groningen
cooking_brewing_adventure,https://www.instagram.com/cooking_brewing_adventure/,"Cooking Adventure 🔥 Brewing Adventure 🍺 𝐒𝐚𝐦𝐞𝐧 𝐤𝐨𝐤𝐞𝐧, 𝐛𝐞𝐥𝐞𝐯𝐞𝐧 & 𝐆𝐞𝐧𝐢𝐞𝐭𝐞𝐧 Wilde un workshop boeken? Ge kunt ons altij",https://www.threads.com/@cooking_brewing_adventure?xmt=AQF0pU95Ey4ghG8sEXXQERBbfdva101NQ1iFFuCt79o_VuU,None found,N/A,kookworkshop Tilburg
chefkok_tom_hartjes,https://www.instagram.com/chefkok_tom_hartjes/,Valentine dinner for two,N/A,None found,N/A,thuiskok Groningen
groningerkerken,https://www.instagram.com/groningerkerken/,104 kerken | 2 synagogen | 46 torens | 64 kerkhoven | 8 pastorieën | 600+ vrijwilligers | 6000+ donateurs. Ons motto:,N/A,None found,N/A,thuiskok Groningen
jantjes_vismarkt,https://www.instagram.com/jantjes_vismarkt/,"🔥 Woensdag t/m zondag 🔥 Steaks, pizza’s en meer 🔥 Reserveer op de website:",N/A,None found,N/A,thuiskok Groningen
eet_en_leef_haren,https://www.instagram.com/eet_en_leef_haren/,"💙 Balans? ❤️ Afvallen en blijven genieten? 💛 Ja het kan, met een goed plan! 🧡 0649774960",https://www.threads.com/@eet_en_leef_haren?xmt=AQF0rvxIc9AxNIkCsfrXIBlNqmrr-kdmqvb9sZ-ltyFlhPc,None found,N/A,thuiskok Groningen
tokojawiroden,https://www.instagram.com/tokojawiroden/,Heerlijke Indonesische afhaalmaaltijden in Roden bij Groningen. Wij zijn ook gespecialiseerd in catering voor al je,N/A,None found,N/A,thuischef Groningen
ramooniejskitchen,https://www.instagram.com/ramooniejskitchen/,🍀 Content Creator 🥒 Simpele Recepten 💚 Healthy Lifestyle 🌿 Nature Lover,N/A,None found,N/A,thuiskok Groningen
philiptessier,https://www.instagram.com/philiptessier/,"Philippians 4:13 ⭐️ @pressnapavalley @understudy_napa Husband, Father, Bocuse d'Or Silver (Competitor) & Gold (Coach),",https://www.threads.com/@philiptessier?xmt=AQF0EWx9hkjCt26BguJk3nYBgdVV8v-1YfHIFwDglCjoYXc,None found,N/A,chef aan huis Groningen
desmaaksensatie,https://www.instagram.com/desmaaksensatie/,❤️ Wijn - Spijs - BBQ 🍴 Verkoop van Smaaksensaties 🍷 Verkoop van bijzondere wijnen 🍇 Ambassadeur van @villasaletta,N/A,None found,N/A,chef aan huis Groningen
dvhn.nl,https://www.instagram.com/dvhn.nl/,De mooiste foto's & verhalen uit Groningen en Drenthe van Dagblad van het Noorden.,https://www.threads.com/@dvhn.nl?xmt=AQF0JQ8GogiVcXHPebrTSqOt_4xyiGUOf3EMYMRydamgwrI,None found,N/A,thuischef Groningen
sikkom050,https://www.instagram.com/sikkom050/,"Memes, verhalen, foto’s en video’s over en voor Grunn. Moi!",N/A,None found,N/A,chef aan huis Groningen
tiogroningen,https://www.instagram.com/tiogroningen/,Ontdek hoe het is om te studeren aan Tio Groningen 🙋‍♂️Vragen? DM ons Deel je studiemoment met #tiostudent #groningen,N/A,None found,N/A,kookworkshop Groningen
nummertje240,https://www.instagram.com/nummertje240/,"Eerlijke, herkenbare (asian) momlife content 🏡 Bezig met verbouwen 👩🏻Ondernemer & Mama van Jade (3), Levi (1) & 🤰🏻 💌",https://www.threads.com/@nummertje240?xmt=AQF0u87x-XGoAbnJIG0NVyvkiFySKoICBEZNR0unUmOlhHM,None found,N/A,kok aan huis Breda
mang.di,https://www.instagram.com/mang.di/,61 posts,https://www.threads.com/@mang.di?xmt=AQF0AXNBHDzCXya-BqrHb9d7EGLdw3jbRGEzAsj_s_PhjWM,None found,N/A,kok aan huis Breda
st_waterval,https://www.instagram.com/st_waterval/,Zet zich in voor dialoog & verbinding.,N/A,None found,N/A,kookworkshop Almere
thegreenkitchen_bymargie,https://www.instagram.com/thegreenkitchen_bymargie/,💚 Aziatische kookworkshops & GRATIS recepten 👩🏻‍🍳 Boek nu een kookworkshop op locatie 👇🏼Of leer plantaardig koken,N/A,None found,N/A,kookworkshop Almere
iomthenetherlands,https://www.instagram.com/iomthenetherlands/,UN Migration Agency in The Netherlands,N/A,None found,N/A,kookworkshop Almere
uitinalmere,https://www.instagram.com/uitinalmere/,💥 Hét cultuurplatform van Almere 📅 Complete UITagenda 🤩 Tips en inspiratie 👇 Wat doe jij deze maand? #uitinalmere,N/A,None found,N/A,kookworkshop Almere
onsalmere,https://www.instagram.com/onsalmere/,🗞 Dagelijks het laatste nieuws 📰 Ligt bij 100+ afhaalpunten 📍 Onderdeel van @onsnieuwsbv 💚 Feel Good magazine van,N/A,None found,N/A,kookworkshop Almere
foodpioneers,https://www.instagram.com/foodpioneers/,"Food Pioneers zoekt met wetenschappers, onderwijs, ondernemers en overheden oplossingen voor (stedelijke)",N/A,None found,N/A,kookworkshop Almere
flevournl,https://www.instagram.com/flevournl/,Flevour zet de smaak van Flevoland op de kaart omdat we geloven dat smaakvol eten de wereld kan veranderen ✨🌱,N/A,None found,N/A,kookworkshop Almere
kokkerella_harderwijk,https://www.instagram.com/kokkerella_harderwijk/,dit bedrijf is gesloten,N/A,None found,N/A,kookworkshop Almere
b_at_ease_brigitte,https://www.instagram.com/b_at_ease_brigitte/,"🌿Ayurvedic Practitioner - Pedicure 🌿Massages, Nutrition & Lifestyle coach 🌿Workshops 👉🏼www.b-atease.nl",N/A,None found,N/A,kookworkshop Almere
thewastetosuccess,https://www.instagram.com/thewastetosuccess/,"Leerzame & leuke kookworkshops met gered, lokaal en seizoensgebonden voedsel. Lekker tegen voedselverspilling! Werkzaam",N/A,None found,N/A,kookworkshop Almere
liefssilke,https://www.instagram.com/liefssilke/,"Netherlands🇳🇱 💜Quote: A good life is when you assume nothing, do more, need less, smile often, dream big, laugh alot an",N/A,None found,N/A,kookworkshop Almere
akapascal,https://www.instagram.com/akapascal/,27 posts,N/A,None found,N/A,kok aan huis Breda
from.seed.to.table,https://www.instagram.com/from.seed.to.table/,👨🏼‍🌾 Vegetable garden & little greenhouse 🥕🍓 🔪 We share our daily cooking from our veggie garden 💌,N/A,None found,N/A,thuiskok Breda
zogezond,https://www.instagram.com/zogezond/,BGN Gewichtsconsulente / Adviseur Sport en Voeding / Voedingsadvies bij zwangerschap(swens) Tips&trics voor een gezonde,N/A,None found,N/A,thuiskok Breda
metjebordoptafel,https://www.instagram.com/metjebordoptafel/,"🍽 Met makkelijke recepten, uitdagende gerechten op je bord! 💌 Stuur mij een DM bij vragen, ideeën of tips! 📍 Breda",N/A,None found,N/A,thuiskok Breda
onsklusverhaal,https://www.instagram.com/onsklusverhaal/,"Onze 4 muren, houtrot en schimmel gaan we verbouwen. Volg ons 🏠 Kluskoppel: @elmavanrooijen & @sjorsgeelen",N/A,None found,N/A,kok aan huis Breda
atabletafelstyling,https://www.instagram.com/atabletafelstyling/,🍽 Sfeervol gedekte tafels voor bijzondere tafelmomenten 🥂 Dinerstyling t/m 22 pers 💚 Vanuit passie voor creëren van,N/A,None found,N/A,thuiskok Breda
fsf27,https://www.instagram.com/fsf27/,Mama van Joël (8) & Daley (3) Limburgse Molukse vlaai in Bovenkarspel 📍 Owner @moments.by.flo 📸,N/A,None found,N/A,kok aan huis Breda
serviesjevanmiesje,https://www.instagram.com/serviesjevanmiesje/,"Serviesje van Miesje ♡verhuur, verkoop en inkoop van brocante/ vintage/ antiek bloemetjes servies",https://www.threads.com/@serviesjevanmiesje?xmt=AQF0BCeJCKwzNW8qaF2ZInOBjhwTCZ6A3GTpzq01DtRl6qo,None found,N/A,thuiskok Breda
culitrader,https://www.instagram.com/culitrader/,"Wij hebben alles voor een gezonde levensstijl in een leuke doos.Gezond eten, afvallen en je versboodschappen doen was",N/A,None found,N/A,thuiskok Breda
jet.krijgsman,https://www.instagram.com/jet.krijgsman/,@jetsfavs.nl @jets.shot @enfola_sail 📍 Dordrecht | M <3 | Focus on the good ⛺️🌞💘🌊🌸🧡👩🏽‍💻🌻🐚,N/A,None found,N/A,kok aan huis Breda
samkorbee,https://www.instagram.com/samkorbee/,❤️ @kimberleynicoletta,N/A,None found,N/A,kok aan huis Breda
sprinkles_taarten,https://www.instagram.com/sprinkles_taarten/,Passie voor taart! Voor koppels die dit jaar trouwen en hun bruidstaart willen kiezen Stap-voor-stap begeleiding met een,N/A,None found,N/A,thuiskok Breda
huisneuzen,https://www.instagram.com/huisneuzen/,× nieuwbouw twee-onder-een-kap in Assendelft × het eerlijke verhaal en open over geld 💰 × oplevering 11 juli 🔑,N/A,None found,N/A,kok aan huis Breda
van_chrisv,https://www.instagram.com/van_chrisv/,📌 Breda - Nederland,N/A,None found,N/A,thuiskok Breda
slowfoodnederland,https://www.instagram.com/slowfoodnederland/,🧑🏻‍🌾 Dé wereldwijde beweging van voedselveranderaars. 🍽 #goodcleanfair voedsel voor iedereen. 👩🏾‍🍳 Sluit je aan bij,N/A,None found,N/A,kookworkshop Almere
greendreamster,https://www.instagram.com/greendreamster/,🌄 Dutch forager 🤠 Culinair wildplukker en wildplukgids 🌱 Share forgotten plant knowledge 🌼 Wild food cooking and,N/A,None found,N/A,kookworkshop Groningen
aquamosseltriton,https://www.instagram.com/aquamosseltriton/,Als schaal- & schelpdierenspecialist zijn wij altijd op zoek naar de allerbeste kwaliteit. 〰️ Ontdek onze @umami.oyster!,N/A,None found,N/A,kookworkshop Groningen
tanja.tuinstra,https://www.instagram.com/tanja.tuinstra/,🍸Heeft en deelt visie over horeca 🍷Helderheid voor horecaondernemers 💰In 90 min. zien waar jouw geld weglekt ❌ Geen,N/A,None found,N/A,kookworkshop Groningen
jongerenenkanker,https://www.instagram.com/jongerenenkanker/,"De leukste club waar je niet bij wil horen! Voor jonge mensen | 18-40 | die kanker hebben (gehad). Ontmoet elkaar,",N/A,None found,N/A,kookworkshop Groningen
sarenasolari,https://www.instagram.com/sarenasolari/,👩🏻‍🍳 • Kookstudio in Drenthe 💚 • Kook- en bakworkshops 🌱 • Moestuin & dieren 🏆 • Winnaar Heel Holland Bakt 2015 🇮🇹 •,N/A,None found,N/A,kookworkshop Groningen
metrocitykitchen,https://www.instagram.com/metrocitykitchen/,"We zijn 7 dagen per week open voor koffie met gebak, lunch, borrel en diner. Onze keuken sluit op ma t/m za om 21:00 en",N/A,None found,N/A,thuiskok Almere
kook_gek,https://www.instagram.com/kook_gek/,Passie voor koken en lekker eten 👨‍🍳 Vader🕺 Natuurliefhebber🏞️ Almere🌷🇳🇱 DM is always open 📩,https://www.threads.com/@kook_gek?xmt=AQF0OEW6sViVUo99bTXe8XLWv0SKg1m9lS22xuch5njGI_Q,None found,N/A,thuiskok Almere
klaartje.van.setten,https://www.instagram.com/klaartje.van.setten/,51 posts,N/A,None found,N/A,kookworkshop Groningen
miomia19,https://www.instagram.com/miomia19/,"#miomia19#italianfood#foodtruck#catering There are recipes but there are no rules, every Italian uses the heart♥",N/A,None found,N/A,thuiskok Almere
altaiyurt,https://www.instagram.com/altaiyurt/,"Mongolian workshops (throat singing, cooking). Music retreats in nature. Farm guesthouse & Mongolian B&B in Wedde, NL.",N/A,None found,N/A,kookworkshop Groningen
almerevooriedereen,https://www.instagram.com/almerevooriedereen/,📍 Almere 📷 Foto’s van en door bewoners 🌱 Stad • natuur • dagelijks leven Ook je foto delen? 👉 Tag #almerevooriedereen,N/A,None found,N/A,thuiskok Almere
cooking_groningen,https://www.instagram.com/cooking_groningen/,"Biologisch|Vegetarisch|Persoonlijk 🍷 Wijn-Spijs • WSET3 • 🍷 Vinoloog i.o. One life, live it. Businesspartner",https://www.threads.com/@cooking_groningen?xmt=AQF0Vz1tGhNGpJmdW_V9Ln0ujhlBqUjyHL8DbVM-XTQHdgc,None found,N/A,kookworkshop Groningen
carenebode,https://www.instagram.com/carenebode/,ᴠɪᴇʀ ᴀʟᴛɪᴊᴅ ᴀʟʟᴇs. (𝘏𝘦𝘵 𝘭𝘪𝘦𝘧𝘴𝘵 𝘮𝘦𝘵 𝘨𝘰𝘦𝘥𝘦 𝘤𝘩𝘢𝘮𝘱𝘢𝘨𝘯𝘦) 𝙅𝙚 𝙡𝙚𝙫𝙚𝙣 | 𝙅𝙚 𝙜𝙚𝙯𝙤𝙣𝙙𝙝𝙚𝙞𝙙 | 𝙅𝙚 𝙧𝙚𝙡𝙖𝙩𝙞𝙚𝙨 | 𝙅𝙚 𝙜𝙚𝙡𝙪𝙠 ᴍɪᴊɴ ʙᴏᴇᴋ ᴇ́ɴ,N/A,None found,N/A,thuiskok Almere
ukrainianfood_nl,https://www.instagram.com/ukrainianfood_nl/,🇺🇦🇳🇱Ukrainian catering in Groningen 🍽️Traditional cuisine 👇website,N/A,None found,N/A,kookworkshop Groningen
cheftomaschavarria,https://www.instagram.com/cheftomaschavarria/,@foodnetwork beatbobbyflay season30 BJJ 🟤 @silverbacknova Luxury,https://www.threads.com/@cheftomaschavarria?xmt=AQF0LFOzj3oFDR0vpwfejYsAHrxjIC6yy9pjmdpP3xroWtM,None found,N/A,chef aan huis Almere
aph1we_,https://www.instagram.com/aph1we_/,Professional Private Chef || Recipe Developer || Food Enthusiast || Founder of Gourmet Indulgence,N/A,None found,N/A,chef aan huis Almere
moesalleh,https://www.instagram.com/moesalleh/,Lebanese 🇱🇧 | Sierra Leonean 🇸🇱 Amsterdam 📍 Food • Fitness • Lifestyle ✨ Cooked my way through chef school 🧑‍🍳 ❤️,https://www.threads.com/@moesalleh?xmt=AQF00w1B-H1uXKEiQPT8pnETB3tqbi65pdowLW5_sTqz9Bs,None found,N/A,chef aan huis Almere
pukster,https://www.instagram.com/pukster/,👩‍🍳Kookt en bakt graag en vaak 📚 Lezen is ontspannen 🫶🏻 Houdt van dingen die het leven leuker maken 🗣️ Senior,N/A,None found,N/A,kookworkshop Almere
chefstbl,https://www.instagram.com/chefstbl/,Het allergrootste aanbod aan professionele thuiskoks en cateraars van Nederland. Je boekt ze snel en veilig bij,N/A,None found,N/A,thuiskok Haarlem
tulpcatering,https://www.instagram.com/tulpcatering/,"Cateraar, gespecialiseerd in de Turkse keuken. Verzorgd ook kookworkshop.",N/A,None found,N/A,kookworkshop Enschede
koekebakkerhaarlem,https://www.instagram.com/koekebakkerhaarlem/,~ KOEKEBAKKER ~ //knoeier //prutser //ondeskundig,N/A,None found,N/A,thuiskok Haarlem
remagic.upcycling,https://www.instagram.com/remagic.upcycling/,"Upcycling Kleidung (S-XXXL), Schmuck und Deko,nachhaltig, einzigartig, bunt.🩷🧡💛💜❤️Alles von mir für euch hergestellt. Sc",N/A,None found,N/A,kookworkshop Den Bosch
de_eetmevrouw,https://www.instagram.com/de_eetmevrouw/,🫐🥦 De Eetmevrouw 🍴🍒 ➡️ Advies en inspiratie voor een lekker en gezond plantaardig eetpatroon 🌿 @plants.for.health 🥙,N/A,None found,N/A,kookworkshop Den Bosch
bagerinormandie,https://www.instagram.com/bagerinormandie/,"Hantverksbageri i Linköping med smaker från 🇫🇷Torggatan 1. Mån-fre 7.30-17 (18 för bageriförsäljning), lördag 8-15 (16)",N/A,None found,N/A,kookworkshop Den Bosch
keukencoach,https://www.instagram.com/keukencoach/,"“Wij betoveren het hart van je huis!” ✨ Begeleiding door onze experts ✨ De perfecte keuken, zonder concessies ✨",N/A,None found,N/A,kookworkshop Den Bosch
brodfabrikenijonsered,https://www.instagram.com/brodfabrikenijonsered/,Hantverksbageri i hjärtat av Jonsereds Fabriker. Västsveriges godaste bulle 2022 & 2023 Göteborgs godaste semla 2023 &,N/A,None found,N/A,kookworkshop Den Bosch
sjorsgeelen,https://www.instagram.com/sjorsgeelen/,@harddancestore 👕 @timmerfabrieksnel 💪 @onsklusverhaal 🏠,N/A,None found,N/A,kok aan huis Leiden
saraheggar,https://www.instagram.com/saraheggar/,"Lover of LIFE, JOY and deep CONVERSATION. Mom to K & B COME ON IN You Tube Show HGTV HHI",https://www.threads.com/@saraheggar?xmt=AQF0XEpwwvnVCY7UUGLtp1IInMlP2H54__KNbCAM6VRLaLw,None found,N/A,kok aan huis Leiden
daveyjonk,https://www.instagram.com/daveyjonk/,Fysio- en manueel therapeut @ Kirchhoff fysiotherapie PT @ Boost me PT C-klasse kickbokser & MMA vechter 🥊 @davey.jonk,N/A,None found,N/A,kok aan huis Leiden
nmmrtje35,https://www.instagram.com/nmmrtje35/,🛠️ Klushuis 📍 Noord - Brabant 👶🏼 Klussen met twee jonge kids 🔑 Sleutels in the pocket 🤎 Be,N/A,None found,N/A,kok aan huis Leiden
estherschouwenaar,https://www.instagram.com/estherschouwenaar/,62 posts,N/A,None found,N/A,kok aan huis Leiden
decor.gordijn,https://www.instagram.com/decor.gordijn/,⭐️ Alle soorten raam decoraties 👉🏼 Wilt u advies aan huis? Wij komen vrijblijvend bij u langs met onze producten en,N/A,None found,N/A,kok aan huis Leiden
rorytayturubassa,https://www.instagram.com/rorytayturubassa/,Papa influencer Verloofd met @kellybeukers Papa van 3 boys & 1 prinses TikTok: 174.000 volgers,https://www.threads.com/@rorytayturubassa?xmt=AQF0d1lXik5tGhmIjJVQPaFnCqmrZlkU_LeZMPAF9nq7r8E,None found,N/A,kok aan huis Leiden
doorgedraaid,https://www.instagram.com/doorgedraaid/,Wij zijn Doorgedraaid Sfeeringenieurs! Check onze vacatures in de link hieronder! ⬇️,N/A,None found,N/A,kookworkshop Leiden
slapenbijdkw,https://www.instagram.com/slapenbijdkw/,Sfeervolle Bed & Breakfast in een voormalige 19e eeuwse pastorie. In onze B&B kun je gezelligheid en sfeer vinden in,N/A,None found,N/A,kok aan huis Leiden
dieuwteertstra,https://www.instagram.com/dieuwteertstra/,Presentator NOS Radio 1 Journaal (en soms De Dag) @nporadio1 🎧 Stemcoach @nos 🎧 Mika & Charlie 🐒🐒 Feminist 🙋🏼‍♀️,https://www.threads.com/@dieuwteertstra?xmt=AQF0ksyZ1Gy7vsFzIRTFc11kBnabIj0GBEWG2Zy1RxNgXe0,None found,N/A,kok aan huis Leiden
storiesfromtheheartphotography,https://www.instagram.com/storiesfromtheheartphotography/,"Voor jou als je hond, paard of kat familie is Meer dan foto’s. Houvast tussen jou en je dier Whispers of the soul •",N/A,None found,N/A,kookworkshop Leiden
bakjegeluk,https://www.instagram.com/bakjegeluk/,Op een no-nonsense manier weer LEKKER IN JE VEL 🥳 En dat de rest van je leven 🎉! Word ook een Strijder🪩💃 Tag jouw,N/A,None found,N/A,kookworkshop Den Bosch
haarlemktmkitchen,https://www.instagram.com/haarlemktmkitchen/,🥢 Binnenkort open in Haarlem! 🍛 Authentiek Indiaas & Nepalees eten 📍 Volg ons voor updates & openingsinfo 👇 Blijf op de,N/A,None found,N/A,kookworkshop Leiden
buurmanmakelaardij,https://www.instagram.com/buurmanmakelaardij/,🏠l Wij (ver)kopen jouw huis 💛l Volg #buurmanmakelaardij ⭐️l Beoordeling Funda: 9.4 👉🏻l NVM makelaarskantoor 📍l,https://www.threads.com/@buurmanmakelaardij?xmt=AQF0aNEPwTlPRJRFpH7hiCAgtLpz1YA189Xd6aoiaHhCwuE,None found,N/A,kookworkshop Apeldoorn
atelier300c,https://www.instagram.com/atelier300c/,"Vergader en Event-locatie in Amersfoort Trainingen, bijeenkomsten, vergaderingen, bedrijfsuitjes, borrels, lunches en",N/A,None found,N/A,kookworkshop Amersfoort
cuppingnijmegen,https://www.instagram.com/cuppingnijmegen/,Laureen van Lunen 📅DM om een afspraak te maken 🏠Behandelen op locatie mogelijk #Transformationalcupping #,N/A,None found,N/A,kookworkshop Amersfoort
veelzijdigvega.nl,https://www.instagram.com/veelzijdigvega.nl/,⌨️ 📷 Gezond | Creatief | Tekst | Foto DM v. gezonde #samenwerking 🍃Certified Food Coach 📝Certified Copywriter 📝,N/A,None found,N/A,kookworkshop Amersfoort
deliciofood_,https://www.instagram.com/deliciofood_/,OUD ACCOUNT Volg ons nu via @delicio.nl,N/A,None found,N/A,kookworkshop Apeldoorn
bewustgezondapeldoorn,https://www.instagram.com/bewustgezondapeldoorn/,"Bewust Gezond Markt Apeldoorn op zaterdag 20 september 2025, 11-17 in De Stolp (Eglantier) gratis toegang en parkeren",N/A,None found,N/A,kookworkshop Apeldoorn
feniksvitaal,https://www.instagram.com/feniksvitaal/,"🌱 Moestuin tips & gezond genieten vanaf onze Franse boerderij 😋 Lekkere, simpele & gezonde recepten 🎥 Volg me op",N/A,None found,N/A,kookworkshop Apeldoorn
madame_bureau,https://www.instagram.com/madame_bureau/,🧡 Dé multifunctionele ruimte in het centrum 🚘 Q-park op 10 meter afstand 👨🏼‍🍳 Waanzinnige keuken 🗺️ Hartje Apeldoorn,N/A,None found,N/A,kookworkshop Apeldoorn
fysio.heerde,https://www.instagram.com/fysio.heerde/,©️ Specialisten in bewegen 📝 Directe Toegang Fysio & Ergo ℹ️ Multidisciplinaire praktijk 💪🏻 Fit & vitaal met EGYM! 🏥 Vol,N/A,None found,N/A,kookworkshop Apeldoorn
nonnadisardegna,https://www.instagram.com/nonnadisardegna/,"Sardinië in een potje. Soms ook in een flesje, doosje of geur van rozemarijn. 🌿☀️ Ambacht & smaak – voor elke dag een",N/A,None found,N/A,kookworkshop Apeldoorn
kookmaestrodries,https://www.instagram.com/kookmaestrodries/,"Kookworkshops, kookcursussen & aanschuiftafel nabij Zutphen. Meer informatie & website volgt snel! 🧀🥖🍝",N/A,None found,N/A,kookworkshop Apeldoorn
vleeschvanplante,https://www.instagram.com/vleeschvanplante/,#vleeschvanplante #vleesvandeboer 🐂🥩🍔🥓🐖🍷🍯🐔🍗,N/A,None found,N/A,kookworkshop Apeldoorn
buitenkookfeest.nl,https://www.instagram.com/buitenkookfeest.nl/,De lekkerste teambuilding!💪 🍀Workshops 🔥 houtvuur 🧉 dutch oven 🥦 s,N/A,None found,N/A,kookworkshop Apeldoorn
careandcooking,https://www.instagram.com/careandcooking/,Dagelijks koken/verzorgen wij... 👨🏻‍🍳 Maaltijden en 🍽 Catering (van ontbijt tot diner) 📍 vanuit onze keuken in,N/A,None found,N/A,kookworkshop Apeldoorn
kunstvanhetkoken,https://www.instagram.com/kunstvanhetkoken/,"ik help vrouwen 40+ aan meer energie en hormonale balans met eenvoudige, praktische en lekkere oplossingen",https://www.threads.com/@kunstvanhetkoken?xmt=AQF0K_Zpm58NY0P6XFaO1Q2bQ9Utdw4lJacR-F27Q3Uq_iE,None found,N/A,kookworkshop Den Bosch
daglig_brod,https://www.instagram.com/daglig_brod/,🫶🏻🍞 Boller og brød til #verdensfinestekunder! ❗️Kremboller kun lørdag og søndag 📍 Alnafetgata 1B @ Skrenten Pizza,N/A,None found,N/A,kookworkshop Den Bosch
hetnut,https://www.instagram.com/hetnut/,"🧡 Boutique eventlocaties voor professionals, trainers & consultants 🌿 Inspirerende ontmoetingsplek in een centraal",N/A,None found,N/A,kookworkshop Den Bosch
marieke_missotten,https://www.instagram.com/marieke_missotten/,"Kunst is leven, leven is kunst (Freelance) spreker over kunst & erfgoed Publiekswerking voor Het Stadsmus en leraar",N/A,None found,N/A,kok aan huis Leiden
aniek.huisman,https://www.instagram.com/aniek.huisman/,"👩‍💻Systeemversneller Bouw&Ontwikkeling 🏅TOP50 invloedrijkste bouwvrouw ‘22 🐓Kippen, katten, lessen, chaos 🔥Uitgesproken",N/A,None found,N/A,kok aan huis Leiden
rentyourtablestyling,https://www.instagram.com/rentyourtablestyling/,≪ Verhuur van tafelstyling sets ≫ ▪️21diner•verjaardag•babyshower•jubileum ▪️Voor 8 tot 20 personen ▪️Tot 25 km vanaf,N/A,None found,N/A,thuiskok Haarlem
flesenmes,https://www.instagram.com/flesenmes/,- Catering & Events - Webshop 💻Neem een kijkje op de website ⤵︎,N/A,None found,N/A,kookworkshop Dordrecht
denisegrootendorst,https://www.instagram.com/denisegrootendorst/,Food Creative .Foodstyling .Art Direction .Videopresentatie,https://www.threads.com/@denisegrootendorst?xmt=AQF0H8ES8L-NpQqJZ_VbSl_BSCKRcl94ky63sNWPZZwv4qk,None found,N/A,kookworkshop Dordrecht
bankoberra,https://www.instagram.com/bankoberra/,"🌀 20’lerinde mutfakta kariyer yolculuğu 🎙️ Sektörün pırıltısını değil, olduğu gibi gerçeğini konuşuyoruz 🌟",N/A,None found,N/A,chef aan huis Zwolle
dekasvankaat,https://www.instagram.com/dekasvankaat/,De Kas van Kaat is een biologisch sociale onderneming.  🥦 - Kwekerij 🥖 - Bakkerij ☕,N/A,None found,N/A,thuiskok Zwolle
simplifyyourlife.nl,https://www.instagram.com/simplifyyourlife.nl/,Geniet gezond & (be)leeft bewust +Natuurvoedingsadviseur +Hormooncoach,N/A,None found,N/A,thuiskok Zwolle
spijs_en_reis,https://www.instagram.com/spijs_en_reis/,• 💜 kleurrijk eten • ✈️ reizen • 📩 samenwerken? Graag! • 🙋🏼‍♀️ re-integratiecoach • #spijs_en_reis,https://www.threads.com/@spijs_en_reis?xmt=AQF0uoXLtPrW_4Iu62bUp8zVe_trPJA-ZqTi7eXZmKPLw08,None found,N/A,thuiskok Zwolle
sylviaholtslag,https://www.instagram.com/sylviaholtslag/,"Op naar een voluit leven ✨ ✨ Coach, auteur, podcast host 💡 Zelfleiderschap, Tools, innerlijk werk - Phil Stutz 🃏 State S",https://www.threads.com/@sylviaholtslag?xmt=AQF0U2rnfwPBEiVrjXfKk13G7GgK36xUueeOVzoi9XVbOU0,None found,N/A,thuiskok Zwolle
ankehuizinga.muurillustraties,https://www.instagram.com/ankehuizinga.muurillustraties/,"👩‍🎨 • Muurschilderingen ✏️ • Raamillustraties 📍 • Verkoop posters & kaarten (zie website) Atelier in Zwolle, tekent",https://www.threads.com/@ankehuizinga.muurillustraties?xmt=AQF0DU57_eBeZvad5Sl2zqQhMZ_plsLI5KPiJ5XoU1p9KDo,None found,N/A,thuiskok Zwolle
dewildebisschop,https://www.instagram.com/dewildebisschop/,SPICE-MOM🌶,N/A,None found,N/A,thuiskok Zwolle
deengelsebuurvrouw,https://www.instagram.com/deengelsebuurvrouw/,"🇬🇧 in 🇳🇱 🍽 Reviews, recommendations & recipes 🌟 Marketing consultant for independent food, drink, & hospitality",N/A,None found,N/A,thuiskok Zwolle
healthyhabits.byeveline,https://www.instagram.com/healthyhabits.byeveline/,•Simple Living• -Homemade food - Exploring nature - Creative - Retreat chef | Catering | 👩🏼‍🍳 DM me! For creative,N/A,None found,N/A,kookworkshop Dordrecht
kiprecepten,https://www.instagram.com/kiprecepten/,Kip. ‘t Meest veelzijdige stukje vlees. Met kip kun je alle kanten op!,N/A,None found,N/A,kookworkshop Dordrecht
kookplanet_leiderdorp,https://www.instagram.com/kookplanet_leiderdorp/,🧄 Kookstudio 🧂 Kookwinkel 🔪 Messen slijpen 🥄 Ruim assortiment 🍳 H,N/A,None found,N/A,kookworkshop Leiden
diondoornik,https://www.instagram.com/diondoornik/,Dion Doornik High-end interiors & exteriors Visual storytelling for brands & events Dordrecht Based — Worldwide Projects,N/A,None found,N/A,thuiskok Dordrecht
mainguyen.eu,https://www.instagram.com/mainguyen.eu/,"Author Ăn Ăn, De Bijbel vd Vietnamesekeuken Cooking workshops Culinary tours to Vietnam Private dining",https://www.threads.com/@mainguyen.eu?xmt=AQF0hoY65f7quiZjlQI71ctzIu8X6D3jvlf27SxZm8iX-58,None found,N/A,kookworkshop Leiden
foodlover_netherlands,https://www.instagram.com/foodlover_netherlands/,"Traveling through Europe soon! Genieten van de Italiaanse 🇮🇹 keuken, wining&dining/hobby",https://www.threads.com/@foodlover_netherlands?xmt=AQF0iG3luNRLw8Rayljvm7NKy4ZzcnsG1S81PCToER9oirw,None found,N/A,kookworkshop Leiden
kapcake.dh,https://www.instagram.com/kapcake.dh/,Hooikade 47 - 2514BK - DenHaag - T 070 785 3769,N/A,None found,N/A,kookworkshop Leiden
tafel_op_en_top,https://www.instagram.com/tafel_op_en_top/,"Tafelstyling, lifestyle, fashion, food and more. 🌸 Mother of",https://www.threads.com/@tafel_op_en_top?xmt=AQF0jTqQN8dNpS-IIhboY7Gh8E62dGnOvzjSiC_qqUQLhmg,None found,N/A,kookworkshop Leiden
passionfood_leiden,https://www.instagram.com/passionfood_leiden/,Catering I Private Dining Chef aan huis I Bruidstaarten MasterChef Finalist I Culinary Editor & Advisor 📧,N/A,None found,N/A,kookworkshop Leiden
calmetcyril,https://www.instagram.com/calmetcyril/,"Director Culinary, Atlantis The Royal. 🇨🇳 🇺🇸🇫🇷 🇮🇩 🇹🇭 🇦🇪 @atlantistheroyal",N/A,None found,N/A,chef aan huis Dordrecht
dapoerlala_dordt,https://www.instagram.com/dapoerlala_dordt/,🍛 Indonesische maaltijden uit eigen keuken. 🏠 Dordrecht,N/A,None found,N/A,thuiskok Dordrecht
mammamudrikahfood,https://www.instagram.com/mammamudrikahfood/,👩‍🍳Monica Bekker 🌶 Menukaart: zie highlight menukaart 🌶️Altijd vers 🌶 DM of 0636013839 🌶 #Zwijndrecht,N/A,None found,N/A,thuiskok Dordrecht
nr.6_design_apartment,https://www.instagram.com/nr.6_design_apartment/,"Luxurious place to stay in historical centre of Dordrecht. Design apartment. Monument with garden, stylish 2 floor",N/A,None found,N/A,thuiskok Dordrecht
lemonnspice.nl,https://www.instagram.com/lemonnspice.nl/,"👩🏻‍🦱 Eveline 🇳🇱 Dordrecht 👩🏻‍🍳Kookworkshops 🇮🇹 🇮🇳 natuur🌲, moestuin🍅, wildplukken🌿 E-book De wilde",N/A,None found,N/A,thuiskok Dordrecht
thecookingitalians,https://www.instagram.com/thecookingitalians/,110 posts,N/A,None found,N/A,kookworkshop Dordrecht
jeanpauldimitri1,https://www.instagram.com/jeanpauldimitri1/,The enjoyment of life is that you experience it.,N/A,None found,N/A,thuiskok Dordrecht
keurslagerij.reas,https://www.instagram.com/keurslagerij.reas/,"Slagers van vader op zoon! Met veel passie en aandacht voor het ambachtelijke slagersvak, werken wij vanuit onze winkels",N/A,None found,N/A,thuiskok Zoetermeer
casbawonen,https://www.instagram.com/casbawonen/,• De mooiste merken onder één dak 💙 • Interieuradvies • Show je thuis: @casbawonen of #casbawonen 📸 • Shop hier ⤵️,N/A,None found,N/A,thuiskok Zoetermeer
quietdrechtsteden,https://www.instagram.com/quietdrechtsteden/,"𝑴𝒂𝒌𝒆 𝑺𝒐𝒎𝒆 𝑵𝒐𝒊𝒔𝒆 🔊 Voor stille armoede 🎁 Kleine dingen, groot verschil 👇 Word sponsor of vriend!",N/A,None found,N/A,kookworkshop Dordrecht
willem_van_oranje_college_wijk,https://www.instagram.com/willem_van_oranje_college_wijk/,Ontdek jouw talent op het Willem!,N/A,None found,N/A,kookworkshop Dordrecht
kittyhamelink,https://www.instagram.com/kittyhamelink/,"● Visual Artist based in The Netherlands ● Wool spinning, knitting & foraging 🌿 ● Workshops & Website 👇🏻",N/A,None found,N/A,kookworkshop Dordrecht
destadswandeling078,https://www.instagram.com/destadswandeling078/,"Ontdek, proef & take it away in Dordrecht! Genieten op een actieve manier & support your locals 🍷🍺 Nieuw: Het Wilde",N/A,None found,N/A,kookworkshop Dordrecht
dordtsehuisjes,https://www.instagram.com/dordtsehuisjes/,"Ik ben Petra uit Dordrecht & teken graag huisjes🖌.Alle huisjes zijn met de hand gemaakt.Voor een vaste prijs van €79,95",N/A,None found,N/A,kookworkshop Dordrecht
puur_handlettering,https://www.instagram.com/puur_handlettering/,"Ik ben Petra Brouwer en ❤️ tekenen🖌, vooral huizen.",N/A,None found,N/A,kookworkshop Dordrecht
aantafelbijanna,https://www.instagram.com/aantafelbijanna/,🌱Lekkerder in je vel door wat je (niet) eet & drinkt 🌱Slimme en onbewerkte keuzes in de supermarkt 🌱Biologische &,N/A,None found,N/A,kookworkshop Dordrecht
vu_papendrecht,https://www.instagram.com/vu_papendrecht/,"Cursussen op het gebied van talen, creativiteit, algemene kennis, lichaam en geest, koken en wijncursussen,",N/A,None found,N/A,kookworkshop Dordrecht
ontdekdordrecht,https://www.instagram.com/ontdekdordrecht/,👉 De leukste stadswandelingen en uitjes in de oudste stad van Holland! ⬇️ Benieuwd naar ons aanbod? Bekijk onze,N/A,None found,N/A,kookworkshop Dordrecht
projecthuismadiba,https://www.instagram.com/projecthuismadiba/,"ℙ𝕣𝕠𝕛𝕖𝕔𝕥𝕖𝕟 𝕠𝕡 𝕙𝕖𝕥 𝕘𝕖𝕓𝕚𝕖𝕕 𝕧𝕒𝕟 𝕘𝕖𝕫𝕠𝕟𝕕 𝕖𝕥𝕖𝕟, 𝕖𝕕𝕦𝕔𝕒𝕥𝕚𝕖 𝕨𝕖𝕝𝕫𝕚𝕛𝕟 & 𝕓𝕖𝕨𝕖𝕘𝕚𝕟𝕘.",N/A,None found,N/A,kookworkshop Amersfoort
lekkerinbeeldfotografie,https://www.instagram.com/lekkerinbeeldfotografie/,"📸 Voor horeca | catering | events | voor jou? 💛 Lekker beeld voor jouw onderneming 🌿 Lombok, Utrecht",N/A,None found,N/A,kookworkshop Amersfoort
desmaakvansicilie,https://www.instagram.com/desmaakvansicilie/,https://www.desmaakvansicilie.com/kookreizen,N/A,None found,N/A,kookworkshop Haarlem
cronjestraathaarlem,https://www.instagram.com/cronjestraathaarlem/,"De langste en gezelligste winkelstraat van Haarlem. Bijzonder aanbod, van kleine specialist tot keten. Alles onder één",N/A,None found,N/A,kookworkshop Haarlem
knutselkookclub,https://www.instagram.com/knutselkookclub/,👫 Kook-BSO & peuterspeelzaal 🎂 Kinderfeestjes 🍳 Kookles 🎈 Op locatie 🛒 W,N/A,None found,N/A,kookworkshop Haarlem
roomforfood.nl,https://www.instagram.com/roomforfood.nl/,"(ontwerper, kok & culinair herborist), food, design & educatie. Voor bedrijven, ontwerp-bureaus, scholen, musea en",N/A,None found,N/A,kookworkshop Haarlem
boerenmarktsantpoort,https://www.instagram.com/boerenmarktsantpoort/,"14 Juni 2026 Boer&Markt Santpoort Noord: biologische en eerlijke producten uit de regio, gezond eten en drinken, muziek",N/A,None found,N/A,kookworkshop Haarlem
solotticatering,https://www.instagram.com/solotticatering/,🥫Ik deel Italiaanse recepten met een Solotti touch✨ 🔥Kookstudio Haarlem 👩🏻‍🍳Private dining & Kookworkshops 📖 Kookboek,N/A,None found,N/A,private dining Haarlem
preownedbyroos,https://www.instagram.com/preownedbyroos/,💚Jouw alternatief voor Fast Fashion 🌍Modeliefhebber met passie voor duurzaamheid 📍Kom winkelen in Haarlem of shop,N/A,None found,N/A,kookworkshop Haarlem
haarlemcityblog,https://www.instagram.com/haarlemcityblog/,• Ontdek de leukste hotspots & events van Haarlem en omgeving met ons sinds 2012! ❤️ • Samenwerken? ✉️,N/A,None found,N/A,private dining Haarlem
talithaforrer,https://www.instagram.com/talithaforrer/,🍉• Plantpowered foodie🌿 • Cat mom at heart🐈 • Wannabe - Gardener @talithastuin 🪴• Slowliving 💛 • Introvert 🫣 • Coffee,https://www.threads.com/@talithaforrer?xmt=AQF0FF9HSDNcmu3qL7Qjf-oznJ6RAHF1BEYJS0B8znP5HLo,None found,N/A,kookworkshop Haarlem
haarlemfoodfuture,https://www.instagram.com/haarlemfoodfuture/,"Haarlem Food Future zet zich in voor gezond, duurzaam voedsel voor alle Haarlemmers. Samen met inwoners, ondernemers,",N/A,None found,N/A,kookworkshop Haarlem
bijannarnhem,https://www.instagram.com/bijannarnhem/,"📍Elke vr & za op de markt in Arnhem centrum met zelfgebakken brownies, zoet, taart & hartig. 💌",https://www.threads.com/@bijannarnhem?xmt=AQF0OiwpulhbQGWMKhe0q-bbCmXQqu8QVlhhjwyKwd_YSMg,None found,N/A,thuiskok Arnhem
bijpienhaarlem,https://www.instagram.com/bijpienhaarlem/,"Ik leer jou écht gezond koken in deze snelle wereld in mijn keuken🧑🏻‍🍳👩🏻‍🍳 Praktische tips & tricks, puur en zonder",N/A,None found,N/A,kookworkshop Haarlem
hetkookeiland,https://www.instagram.com/hetkookeiland/,De kookwinkel van Arnhem sinds 11-11-1995. Voor verkoop en advies van het betere keukengerei! Kom langs in onze winkel,https://www.threads.com/@hetkookeiland?xmt=AQF0cJxdFDOYfxLz8uErGMoTtlZMiQN-wwHlNYPmYMi_VXE,None found,N/A,thuiskok Arnhem
natuurtalent_haarlem,https://www.instagram.com/natuurtalent_haarlem/,"Ontdek jouw natuurtalent! 💚 🎪 Festivals, lessen & groen doen in de stad 📍 de Kweektuin, de Houthoeve & schooltuinen 👉🏻",N/A,None found,N/A,kookworkshop Haarlem
kokenmetgabie,https://www.instagram.com/kokenmetgabie/,"👩🏼‍🍳 Kook inspiratie met Lekker, puur & gezond eten De site krijgt een volledige make-over - met vernieuwde recepten en",N/A,None found,N/A,thuiskok Arnhem
deslagersdochter,https://www.instagram.com/deslagersdochter/,Sandwiches - good food - deli - butchery Tuesday till Friday 9-18 Saturday 08-17 Sunday 10-17 www.deslagersdochter.nl,N/A,None found,N/A,kookworkshop Haarlem
het.arnhems.gemaal,https://www.instagram.com/het.arnhems.gemaal/,OPEN: WO t/m ZO 10.00-17.00 ☕ Koffie • Zoet • Lunch • Borrel 🎂 Taarten ook op bestelling ☎️ Whatsapp: 0615438206 🏭,N/A,None found,N/A,thuiskok Arnhem
stadsvillasonsbeek,https://www.instagram.com/stadsvillasonsbeek/,Bovenop de Hartjesberg in Park Sonsbeek staan Stadsvilla Sonsbeek & Ketelhuis Sonsbeek. 2 horeca- en evenementenlocaties,N/A,None found,N/A,thuiskok Arnhem
yvonnevanelferen,https://www.instagram.com/yvonnevanelferen/,systemisch coach www.yvonnevanelferen.nl,https://www.threads.com/@yvonnevanelferen?xmt=AQF0H7U6t--XALRbnfTDtLm6x9jfpjAG-nbPt4aEE0hLAQI,None found,N/A,thuiskok Arnhem
arnhem_ontmoet,https://www.instagram.com/arnhem_ontmoet/,"🍽🍷 Eten, drinken en gezellig samen komen 👌🏼👉🏼 Inspiratie, (WIJN)tips & hotspots in Arnhem",N/A,None found,N/A,thuiskok Arnhem
dbkeukens,https://www.instagram.com/dbkeukens/,"📷 Deel jouw keuken met #mijndbkeuken 🤍 Keukeninspiratie, recepten & stylingtips 🤍 Waar 8 vestigingen samenkomen 🤍",N/A,None found,N/A,kookworkshop Haarlem
foodtofit,https://www.instagram.com/foodtofit/,"Sportinstructeur & voedingscoach 🙏Yoga & Suppen, Yoga & IJsbad 💚 Bestel je gezonde cake via DM (033 omstrkn) 📩",N/A,None found,N/A,kookworkshop Amersfoort
tkd_bandu_chhetrii,https://www.instagram.com/tkd_bandu_chhetrii/,Taekwondo🥋(Athlete)&chef 🧑‍🍳 DM For paid promotion & Collaboration Yo man ta mero nepali ho❤️ 🇳🇵 Second,https://www.threads.com/@tkd_bandu_chhetrii?xmt=AQF0r6SWTuSfyAi32cJoIdCzNG8ac0X_hXjVR3JjvX2P1ag,None found,N/A,chef aan huis Haarlem
scanpan_nl,https://www.instagram.com/scanpan_nl/,"Hoge kwaliteit duurzame kook items, handgemaakt in Denemarken! ♻️🌎",N/A,None found,N/A,thuiskok Haarlem
marcelledehart,https://www.instagram.com/marcelledehart/,▫️Cycling ▫️Food ▫️Photography ▫️Teamcaptain @waarhaarlemeet,N/A,None found,N/A,thuiskok Haarlem
han_de_kroon_agf,https://www.instagram.com/han_de_kroon_agf/,De AGF specialist voor de Noordhollandse horeca. #aardappelen #groente #fruit Tel: 023 - 527 07 47,N/A,None found,N/A,thuiskok Haarlem
valentine_argyropoulou,https://www.instagram.com/valentine_argyropoulou/,Yacht Chef,https://www.threads.com/@valentine_argyropoulou?xmt=AQF0DD6PbzTJkqr3SWljiKY9ZPBlfLGnqY9TDNEWI5BZt1Q,None found,N/A,chef aan huis Haarlem
uitmag.nl,https://www.instagram.com/uitmag.nl/,"UITMAG.NL - Het culturele UITmagazine. Met het landelijke cultuurnieuws en de complete uitgaanagenda voor Haarlem,",N/A,None found,N/A,thuiskok Haarlem
chef_nica_ni_,https://www.instagram.com/chef_nica_ni_/,𝕳𝖊𝖆𝖉 𝖈𝖍𝖊𝖋🔪 @mace_by_joseph_hadad @caju_by_joseph_hadad,https://www.threads.com/@chef_nica_ni_?xmt=AQF0Ku7BEycK-W6HchWt69N2Cdf-GIa5snma6HAOzVIot5k,None found,N/A,chef aan huis Haarlem
de_eetklub,https://www.instagram.com/de_eetklub/,"De EETKLUB kookt en catert verrassende, gezonde en vooral lekkere maaltijden in en rondom Haarlem (En ook nog eens voor",N/A,None found,N/A,thuiskok Haarlem
ahmed_aboushabab,https://www.instagram.com/ahmed_aboushabab/,Creative prompts Stories • visuals • ideas Ai creative Coach (CPT) | Ai Speaker,https://www.threads.com/@ahmed_aboushabab?xmt=AQF0C_4QBe9H0r_zCHjM3W7YzWYaDgfh4mq5xw06K2_EIU0,None found,N/A,chef aan huis Haarlem
chef_ismael_torres,https://www.instagram.com/chef_ismael_torres/,🎙️Host of Chef Ismael’s Kitchen Quest 🏆Best Chef 2021-2025- IE Magazine Owner @rough_chop2022 📩 Book a private dinner,N/A,None found,N/A,chef aan huis Haarlem
thechefsisters._,https://www.instagram.com/thechefsisters._/,"✨ Flavors, Family & Foodie Vibes — @tkd_bandu_chhetrii @chhetribhumii 📍 Shop no 5, Society, Vasant Vihar Phase 1,",N/A,None found,N/A,chef aan huis Haarlem
sebastiano_chef,https://www.instagram.com/sebastiano_chef/,Executive Chef @roux.amsterdam,N/A,None found,N/A,home chef Haarlem
mkvinoj,https://www.instagram.com/mkvinoj/,Executive Chef at Robinson Noonu,https://www.threads.com/@mkvinoj?xmt=AQF0cb3xQyXqcvsK1VnKb0pd72mmoHeWsAG825-BjjRfK94,None found,N/A,chef aan huis Haarlem
travel_as_a_local_,https://www.instagram.com/travel_as_a_local_/,🩺❤️‍🔥 | Dutch med student and hospitality girl sharing faves 🌍🌞| Unique spots & foodie gems we love 🗺️ 📍| Haarlem local,https://www.threads.com/@travel_as_a_local_?xmt=AQF0v14YS3O0kSxZd8GNZPHXxm1V22hdAWieUExOL2OuRyU,None found,N/A,private dining Haarlem
foodunionnl,https://www.instagram.com/foodunionnl/,Culinaire broedplaats | shared kitchen | private units | eventspaces |offices for rent | office catering 📍Rotterdam &,N/A,None found,N/A,private dining Haarlem
ratatouille_food_and_wine,https://www.instagram.com/ratatouille_food_and_wine/,Michelin ⭐️ Gault&Millau 16.5 GM Lekker 500 Spaarne 96 Haarlem,https://www.threads.com/@ratatouille_food_and_wine?xmt=AQF08nIRXT3HG5gJZ1weQmv4xkQ34w0O3SOPXf-0EaUIPZY,None found,N/A,private dining Haarlem
woarst,https://www.instagram.com/woarst/,“Fine authentic Italian food” foodlovers - winedrinkers - #fineauthenticitalianfood |Delicatessenwinkel -,https://www.threads.com/@woarst?xmt=AQF0ogVxa7kWNVyUS0Wcn1ilyPF71S8K-Wq5EOYhiuqbNL8,None found,N/A,thuiskok Arnhem
robert.vansplunter,https://www.instagram.com/robert.vansplunter/,97 posts,https://www.threads.com/@robert.vansplunter?xmt=AQF0n05PGYGj_HId3wkuBuLgr63nJ7GSeapRkbnm72M8g-k,None found,N/A,thuiskok Arnhem
mobieleeetheid,https://www.instagram.com/mobieleeetheid/,"Kookstudio, catering, feesten, bruiloften, diner aan huis en meer!",N/A,None found,N/A,thuiskok Arnhem
japanese_knives_nl,https://www.instagram.com/japanese_knives_nl/,Customized Japanese kitchen knives from The Netherlands. All handles handmade. Sayas and cutting boards also. Examples,N/A,None found,N/A,thuiskok Amersfoort
youritrucker,https://www.instagram.com/youritrucker/,125 posts,N/A,None found,N/A,thuiskok Amersfoort
chefs_life36,https://www.instagram.com/chefs_life36/,Daily inspiration.From chefs of the 🌍 To get select.Tag us:@chefs_life36 or #chef36 📩 for collaboration,N/A,None found,N/A,thuiskok Amersfoort
denieuwehof,https://www.instagram.com/denieuwehof/,Het winkelcentrum voor de dagelijkse boodschappen: Bakkerij-Bloemist-Fietsenzaak-div. Horeca-,N/A,None found,N/A,thuiskok Amersfoort
spui76,https://www.instagram.com/spui76/,lunch • borrel • diner privé ruimte voor overleg en diner Spakenburg • midden Nederland Gault & Millau 13/20 • Lekker,N/A,None found,N/A,thuiskok Amersfoort
sitimuntanah.nl,https://www.instagram.com/sitimuntanah.nl/,"💜 Voor wie voelt: het klopt niet meer 💛 Van twijfel naar heldere keuzes 🧡 Geen zweverigheid, wél diepgang 🌱 Volgende zet",N/A,None found,N/A,thuiskok Amersfoort
neolokal,https://www.instagram.com/neolokal/,"Toprak Ana’dan ilham, geleneklerimizden örnek alınarak tasarlandı Designed by inspirations from Mother Earth and our",N/A,None found,N/A,chef aan huis Amersfoort
maxmetzger,https://www.instagram.com/maxmetzger/,🥩 @metzgerfreres,N/A,None found,N/A,chef aan huis Amersfoort
openmakelaars,https://www.instagram.com/openmakelaars/,Bel ons niet als je een traditionele makelaar zoekt!,N/A,None found,N/A,thuiskok Arnhem
lotte.kempersx,https://www.instagram.com/lotte.kempersx/,🚀 Freelance online & content marketeer 🩵 Levi 🩷 Fitness | Surfen | Snowboarden 🏂,https://www.threads.com/@lotte.kempersx?xmt=AQF05oq8GiT_cv2Ex-ScRV5dchxGpU50b00mzkBGVvUJrSQ,None found,N/A,kookworkshop Amersfoort
soenil_bahadoer,https://www.instagram.com/soenil_bahadoer/,⭐️⭐️ @michelinguide Jury Masterchef NL SVH Meesterkok Chef Of The Year 2020/21,https://www.threads.com/@soenil_bahadoer?xmt=AQF0CoznvUfMCfx01gpTVledAKbb5XAy7tTuQnVNQZhlrZ4,None found,N/A,chef aan huis Amersfoort
voedingsverwondering,https://www.instagram.com/voedingsverwondering/,"| Samen op weg naar een meer gezonde, natuurlijke en duurzame leefstijl ♡ | | Voedings- en natuurjuf | | Pedagogisch",N/A,None found,N/A,kookworkshop Amersfoort
smakenvanbuiten,https://www.instagram.com/smakenvanbuiten/,"Ontdek de heerlijke smaken van buiten! 🌶️Experience center (do, vrij, za) & webshop 🔥BBQ, lifestyle, workshops,",N/A,None found,N/A,kookworkshop Amersfoort
marrycooking,https://www.instagram.com/marrycooking/,~》Bites&Bubbles🍾 ~》Chacuterie Board🥨 ~》HomeChef👨🏻‍🍳 ~》Kookworkshops🍳 ~》Tab,N/A,None found,N/A,kookworkshop Amersfoort
stilting,https://www.instagram.com/stilting/,Dus dat,N/A,None found,N/A,kookworkshop Amersfoort
pasta_en_zo,https://www.instagram.com/pasta_en_zo/,Voor een #culinaire #beleving hoef je de deur niet uit! https://www.pastaenzo.nl/lunchtijd-paninis/ https://m.facebook,N/A,None found,N/A,kookworkshop Amersfoort
micksathome,https://www.instagram.com/micksathome/,Koken is mijn grootste passie en ik neem je graag mee in mijn avontuur als thuiskok.,N/A,None found,N/A,thuiskok Amersfoort
leeffabriek,https://www.instagram.com/leeffabriek/,de LEEFFabriek MEET & RETREAT In een voormalig steenfabriek Arnhem #steenfabriek #arnhem #meinerswijk #vergaderlocatie,N/A,None found,N/A,kookworkshop Arnhem
chefstable.bybas,https://www.instagram.com/chefstable.bybas/,🏡Chefstable By Bas🏡is een uniek culinair en leerzaam diner in een 16de eeuws pand op de Muurhuizen in het,N/A,None found,N/A,thuiskok Amersfoort
toren.ayurveda,https://www.instagram.com/toren.ayurveda/,Praktijk voor Ayurvedische geneeskunde en Yogatherapie,https://www.threads.com/@toren.ayurveda?xmt=AQF0eGFSnd5oJaMllOrNewvdH_HTotXeGRr2Vx1DyrP6rBg,None found,N/A,kookworkshop Arnhem
buongusto51,https://www.instagram.com/buongusto51/,"Italiaanse delicatessen met verse maaltijden, catering op maat, lunchbroodjes, koffie en zoetigheden. Italiaanse",N/A,None found,N/A,kookworkshop Arnhem
spoedeisendehulptiel,https://www.instagram.com/spoedeisendehulptiel/,💉👨🏻‍⚕️👩🏾‍⚕️ 🔥Kijk je mee op de Spoedeisende Hulp in Tiel? 🏥 Ziekenhuis Rivierenland Tiel 📢,N/A,None found,N/A,kookworkshop Arnhem
hangreenoffice,https://www.instagram.com/hangreenoffice/,"Een talentplaats waar we samen met het werkveld, het onderwijs en studenten continu werken aan duurzame ontwikkeling",https://www.threads.com/@hangreenoffice?xmt=AQF0JFoisxePN0Cp9eF-0vYj4JlXyUylwK1Z6oSC4DHRD28,None found,N/A,kookworkshop Arnhem
personaltrainers026,https://www.instagram.com/personaltrainers026/,Personal Trainer Arnhem Velp Coach voor ⏲️Afvallen 🎾Sport,N/A,None found,N/A,kookworkshop Arnhem
skyarnhem,https://www.instagram.com/skyarnhem/,SKY. FINE & PRIVATE DINING 📍 Rijnkade 54a + 56 Arnhem 🍣 Fine dining. Fine People.,N/A,None found,N/A,private dining Arnhem
mouskitchenmantra,https://www.instagram.com/mouskitchenmantra/,Easy Indian & global recipes you’ll actually make 🇮🇳 Simple • Flavorful • Home-style New recipes every week!,N/A,None found,N/A,kookworkshop Arnhem
ozana_personal,https://www.instagram.com/ozana_personal/,My life between 🇳🇱 & 🇭🇷 Mama • Wife • Dog mum 🐾 🧁 @ispecime.hr 🎁 @bake_me_factory Creating (corporate) gifts with,N/A,None found,N/A,kookworkshop Arnhem
hierennucomfortfood,https://www.instagram.com/hierennucomfortfood/,"Ik kook, ik bak, ik moestuinier. Leven doe je in het Hier & Nu",N/A,None found,N/A,kookworkshop Arnhem
kei.sterk,https://www.instagram.com/kei.sterk/,Platform voor alle (kleine) ondernemers van Amersfoort 👀 DIGITALE ETALAGE | LOKAAL NETWERK | CONTENT,N/A,None found,N/A,thuiskok Amersfoort
mariska.oldenburg,https://www.instagram.com/mariska.oldenburg/,creative - interior - lifestyle - vintage 🌿 Verhuisd naar het platteland 🤰🏼 Eerlijkheid over het moederschap 📦 Nieuwe,N/A,None found,N/A,kok aan huis Utrecht
gemiva_,https://www.instagram.com/gemiva_/,🧡 Gehandicaptenzorg 🤝Kom werken bij Gemiva #werkenbijgemiva 🙌 Samen maken we het verschil bij #Gemiva,N/A,None found,N/A,kookworkshop Leiden
pvddleiden,https://www.instagram.com/pvddleiden/,Hou vast aan je idealen!,N/A,None found,N/A,kookworkshop Leiden
uitagendaleiden,https://www.instagram.com/uitagendaleiden/,🎉 | alle feestjes & festivals in Leiden 📍 | tag #uitagenda_leiden,N/A,None found,N/A,kookworkshop Leiden
sabine.gaastra,https://www.instagram.com/sabine.gaastra/,Food businesses zet ik op nummer 1 in de markt met een passie voor eten. + 10 jaar ervaring in online marketing! Boek je,N/A,None found,N/A,kookworkshop Leiden
titiaboxma,https://www.instagram.com/titiaboxma/,"*🍷Vinoloog, vertelt graag over wijn en spijs",N/A,None found,N/A,kookworkshop Leiden
inloophuisscarabee,https://www.instagram.com/inloophuisscarabee/,Wij bieden steun door een ontmoetingsplaats te zijn waar je zó even kunt binnen lopen Hier is ruimte voor je verhaal,N/A,None found,N/A,kookworkshop Leiden
deleidseburcht,https://www.instagram.com/deleidseburcht/,📡 𝗛𝗲𝘁 𝗼𝗻𝗹𝗶𝗻𝗲 𝗽𝗹𝗮𝘁𝗳𝗼𝗿𝗺 𝘃𝗮𝗻 𝗟𝗲𝗶𝗱𝗲𝗻 🎤 𝗟𝗶𝘃𝗲 𝗼𝗽𝘁𝗿𝗲𝗱𝗲𝗻𝘀 🎲 𝗦𝗽𝗲𝗹𝗹𝗲𝗻 🛠 𝗪𝗼𝗿𝗸𝘀𝗵𝗼𝗽𝘀 🤹🏽‍♀️ 𝗙𝘂𝗻 𝗲𝗻 𝗺𝗲𝗲𝗿...,N/A,None found,N/A,kookworkshop Leiden
goedoporde.nl,https://www.instagram.com/goedoporde.nl/,💻 Online boekhouden 🙋🏻 Eigen financieel professional 📍 Altijd een vestiging dichtbij 💙 Wij maken ondernemen,N/A,None found,N/A,kookworkshop Leiden
miffymiffy9,https://www.instagram.com/miffymiffy9/,Japanese Culture Workshops in the Netherlands For companies and individuals Calligraphy | Tea ceremony | Origami,https://www.threads.com/@miffymiffy9?xmt=AQF04ezpRk3y8mV0Unbt3AlH1zWthE9_4BhQIdYK_RQnNM4,None found,N/A,kookworkshop Leiden
maxdemakelaer,https://www.instagram.com/maxdemakelaer/,Max de Makelaer 🏡 | Amsterdamse vastgoedexpert | Professional in het aan en verkopen van woningen | 📧,N/A,None found,N/A,kok aan huis Leiden
kolpaozpmakelaars,https://www.instagram.com/kolpaozpmakelaars/,OZP Makelaars is al sinds de oprichting in 2001 het toonaangevende makelaarskantoor op het eiland van Dordrecht,N/A,None found,N/A,kookworkshop Dordrecht
potato_dordrecht,https://www.instagram.com/potato_dordrecht/,workshops | vergaderen | in de binnenstad van Dordrecht,N/A,None found,N/A,kookworkshop Dordrecht
louiedemun,https://www.instagram.com/louiedemun/,"St. Louis, MO",N/A,None found,N/A,chef aan huis Dordrecht
roosvankroos,https://www.instagram.com/roosvankroos/,📍Zuid-Nederland & Randstad 🍄Wildplukken 🧺 Oude ambachten 🌿 Vergeten natuurkennis terugbrengen,N/A,None found,N/A,kookworkshop Dordrecht
meemantelzorg,https://www.instagram.com/meemantelzorg/,MEE Mantelzorg ondersteunt mantelzorgers in de regio Drechtsteden en de Zuid-Hollandse Eilanden.,N/A,None found,N/A,kookworkshop Dordrecht
christophe_saintagne,https://www.instagram.com/christophe_saintagne/,372 posts,N/A,None found,N/A,chef aan huis Dordrecht
chefandthef,https://www.instagram.com/chefandthef/,"Emmy-winning TV host, author, chef, restaurateur & storyteller from Eastern North Carolina. @kitchencurioustv out",N/A,None found,N/A,chef aan huis Dordrecht
memesnetworks,https://www.instagram.com/memesnetworks/,All I do is post memes 🤷‍♂️,https://www.threads.com/@memesnetworks?xmt=AQF05KspvTfgAEqEOFWyDOok3NxZ6_xI6QH3JRZORHvtO7o,None found,N/A,chef aan huis Dordrecht
leidschdagblad,https://www.instagram.com/leidschdagblad/,📰 Het laatste nieuws en de mooiste verhalen van het Leidsch Dagblad. 📍Altijd dichtbij.,https://www.threads.com/@leidschdagblad?xmt=AQF0oWpu-rpvwq9OLNQfqPE-LWHrpgykAen9rqNZqGIQsmE,None found,N/A,kok aan huis Leiden
tasteourjoy,https://www.instagram.com/tasteourjoy/,"Twee vriendinnen, één passie! | Food | Baking | Running | Wine | Apeldoorn | Hotspots",N/A,None found,N/A,kookworkshop Apeldoorn
haagseschatten,https://www.instagram.com/haagseschatten/,Hier vind je de leukste onontdekte plekken van Den Haag! 📍 —- Here you’ll find the coolest undiscovered hotspots in The,N/A,None found,N/A,kookworkshop Den Bosch
shawn_stipling,https://www.instagram.com/shawn_stipling/,Galerie van den Berge @tom.vandenberge.71 Galerie Floss & Schultz @galerie_floss_und_schultz,https://www.threads.com/@shawn_stipling?xmt=AQF0pyGwHT_v41H3EX_BN470ZhU-CyrMZNxBXIYaA6HvE-E,None found,N/A,kookworkshop Den Bosch
elleeten,https://www.instagram.com/elleeten/,"2,887 posts",N/A,None found,N/A,kookworkshop Den Bosch
myfoodblog_nl,https://www.instagram.com/myfoodblog_nl/,"🌿 (vegetarisch) eten met plezier voor het hele gezin! Lekkere, gezonde, makkelijke recepten👩🏻‍🍳. 👦🏼 Florent (4) & 👶🏻 🌈F",N/A,None found,N/A,kookworkshop Den Bosch
visitmedemblik,https://www.instagram.com/visitmedemblik/,"💚 Officieel toerisme account ✨ Medemblik is #RijkAanVerhalen, ontdek ze zelf! ⛵️ Perfecte bestemming voor een dagje",N/A,None found,N/A,kookworkshop Den Bosch
lenas_keramikmanufaktur,https://www.instagram.com/lenas_keramikmanufaktur/,💕 Onlineshop befüllt und offen 💕 Marktsaison April-September 💕 Keramik aus 71540 Murrhardt,N/A,None found,N/A,kookworkshop Den Bosch
virkerskan,https://www.instagram.com/virkerskan/,Textileartist with a special love for the forest and things that grows Embroidery • Crochet • Knitting • Sculptures DM,N/A,None found,N/A,kookworkshop Den Bosch
zuid_doet_samen,https://www.instagram.com/zuid_doet_samen/,Voor en door bewoners van Apeldoorn-Zuid. Samen zorgen we voor elkaar.,N/A,None found,N/A,kookworkshop Apeldoorn
anne.liefs,https://www.instagram.com/anne.liefs/,✿ 𝙱𝚛𝚊𝚖 🤵🏻‍♂️ ✿ 𝙲𝚊𝚝𝚘 👧🏼 ✿ 𝙻𝚘𝚝 👶🏻 ✿ 𝙻𝚒𝚎𝚟𝚒𝚐𝚑𝚎𝚒𝚍𝚓𝚎 @lievigheidje ✿ 𝙹𝚞𝚏 𝚟𝚊𝚗 𝚐𝚛𝚘𝚎𝚙 𝟺,N/A,None found,N/A,kookworkshop Apeldoorn
paleishetloo,https://www.instagram.com/paleishetloo/,"Discover the palace! Follow for the latest news, stories and behind-the-scenes.",N/A,None found,N/A,kookworkshop Apeldoorn
lev_vackert,https://www.instagram.com/lev_vackert/,"UTNÄMD TILL ÅRETS BUTIK 2016 I KR-HAMN.Inredning, blandar nytt och gammalt, inspiration o glädje.Öppet Må-Fr12-18",https://www.threads.com/@lev_vackert?xmt=AQF0vhuC3PAoiiafHG1Z2tmt3h6Yy3Su-P3uo6XXLei_nOk,None found,N/A,kookworkshop Den Bosch
droomtekoop,https://www.instagram.com/droomtekoop/,"Bijzondere klusparels die wat liefde nodig hebben, voor de dromers 💭 Liefs x, @lxkke PS. Huis verkopen op Droom te",N/A,None found,N/A,kok aan huis Leiden
rijneker_rebels,https://www.instagram.com/rijneker_rebels/,Een kijkje in het échte hectische leven als gezin van 7! 🌸 Dol op Vakantie & Weekendjes weg 🌿 Liefde voor uiteten &,https://www.threads.com/@rijneker_rebels?xmt=AQF0Lv8ECKl_H8PbTfmC_2hwr0rb6yFzGTEbF7wgwEoCwCM,None found,N/A,kok aan huis Leiden
cathrineboye,https://www.instagram.com/cathrineboye/,Quiet luxury. Jeg sælger smukke billeder i håndforsølvede rammer og håndplukket interiør fra mit værksted i,N/A,None found,N/A,kookworkshop Den Bosch
smaaktnaarmeer.nu,https://www.instagram.com/smaaktnaarmeer.nu/,"Dutch foodie, love cooking, 3 children, seizoensgroenten, biologisch, streek, puur, 80-20",N/A,None found,N/A,kookworkshop Delft
railsheiloo,https://www.instagram.com/railsheiloo/,Een echte avond uit Geniet van lekker eten Moderne Franse keuken,N/A,None found,N/A,kookworkshop Alkmaar
fitwow.nl,https://www.instagram.com/fitwow.nl/,"Groeples en Pilates Reformerstudio: Bungee, Jumping, Booty Burn, Afroletics Zumba, Circuit, Pilates. Check workshops,",N/A,None found,N/A,kookworkshop Alkmaar
tamikosfashionenlifestyle,https://www.instagram.com/tamikosfashionenlifestyle/,♡ passie voor mode ♡ liefde voor 't vak ♡ geluk in kleine dingen,https://www.threads.com/@tamikosfashionenlifestyle?xmt=AQF0uqvNzT3tVX_3BGK2FVmXG_fFL-blRe_glh_DkTv6HvM,None found,N/A,kookworkshop Alkmaar
emeraldvitaal,https://www.instagram.com/emeraldvitaal/,"Praktijk voor massage, floating, voedings- en leefstijl advies in Delfgauw https://emerald-mf",N/A,None found,N/A,kookworkshop Delft
inhollanddelft,https://www.instagram.com/inhollanddelft/,💚💙 Waar groen & techniek samenkomen 📱 Volg het studentenleven bij Inholland Delft 🤳 Iets delen? Dat kan!,N/A,None found,N/A,kookworkshop Delft
maravnuland,https://www.instagram.com/maravnuland/,Samen met mijn liefde Martijn🤎 Mama van Suze en Goos👩‍👩‍👧‍👦 Samenwerken? DM💌,N/A,None found,N/A,kok aan huis Delft
huisje_inhetzuiden,https://www.instagram.com/huisje_inhetzuiden/,Nieuwbouw| Interieur| Momlife Samenwerken? Leuk 💌 DM,N/A,None found,N/A,kok aan huis Delft
kev1_garcia,https://www.instagram.com/kev1_garcia/,Chef exécutif @cap_estel ⭐️ 📍Eze Bord de Mer,https://www.threads.com/@kev1_garcia?xmt=AQF0Y5N1msRrdGGID51OAE4f0wd65OM0gkB1cATEEc7m_UA,None found,N/A,chef aan huis Zwolle
hilversum100,https://www.instagram.com/hilversum100/,Hilversum100! Duurzaam is de weg en we houden van doen: netwerk van duurzame doeners. 🌱 Doe je mee? 🐛,N/A,None found,N/A,kookworkshop Hilversum
alaburrito,https://www.instagram.com/alaburrito/,VIP Catering 🥑🌯🌮🥙🍳 Wedding 🤵‍♂️👰💒 Corporate events and Jets catering ✈️ Film and TV crew 🎥📽🎞🥪,N/A,None found,N/A,catering aan huis Lelystad
francisbaktenkookt,https://www.instagram.com/francisbaktenkookt/,🔸️Finalist Heel Holland Bakt 2016 🔸️Auteur 5 kookboeken (nr 6 komt eraan!) 🔸️Online Workshops 🔸️Interactief Tasting,N/A,None found,N/A,kookworkshop Oss
vuvantwente,https://www.instagram.com/vuvantwente/,"Volksuniversiteit Hengelo e.o.: de plek waar je kunt halen wat bevoegde docenten, ervaren coaches en inspirerende",N/A,None found,N/A,kookworkshop Hengelo
volksuniversiteithetgooi,https://www.instagram.com/volksuniversiteithetgooi/,"Er is nog zoveel leuks te leren! Workshops, cursussen, lezingen. Laren Eemnes Blaricum Bussum Huizen.",N/A,None found,N/A,kookworkshop Hilversum
hgtuinmeubelen,https://www.instagram.com/hgtuinmeubelen/,📍Showroom in Loosdrecht. ✨Luxe tuinmeubelen van topkwaliteit! ✍🏻Persoonlijk advies op maat. 🚛Super snelle levering.,N/A,None found,N/A,kookworkshop Hilversum
livehilversum,https://www.instagram.com/livehilversum/,💡Official city account💡 📸 Deel je foto met #LiveHilversum 👇 Check de link in bio,N/A,None found,N/A,kookworkshop Hilversum
keet_smakelijk,https://www.instagram.com/keet_smakelijk/,🔥Food Revolution 💥co-creation with kids 💚 VegPower 🌍 best childrens cookbook of the world 😋 #,N/A,None found,N/A,kookworkshop Hilversum
himlekok,https://www.instagram.com/himlekok/,Genom kunskap och gediget hantverk inspirerar vi till att skapa och tillverka platsbyggda inredningar.,N/A,None found,N/A,kok aan huis Delft
theambassadorlifestyle,https://www.instagram.com/theambassadorlifestyle/,💚 Leefstijl & kindervoedingcoach 🍉 🔥 Passie voor gezonde leefstijl ☀️ 🏃‍♀️ Geniet van buiten sporten 🚴🏼‍♀️ 🥑 Gezond en,N/A,None found,N/A,kookworkshop Zwolle
thelionkitchen,https://www.instagram.com/thelionkitchen/,"• It’s all about family & food • Mama van Max, Bram & Philippa • Content Lead @mattercontentagency",N/A,None found,N/A,kookworkshop Zwolle
suzette_puurgenne,https://www.instagram.com/suzette_puurgenne/,363 posts,N/A,None found,N/A,kookworkshop Zwolle
byannelore,https://www.instagram.com/byannelore/,"🛍️ Ondernemer met passie @tasjekopen 👩‍💻 Mijn leven in de winkel & daarbuiten 🤍 Vlogs , recepten & inspiratie 🏢",N/A,None found,N/A,kookworkshop Zwolle
smwsbenelux,https://www.instagram.com/smwsbenelux/,"Benelux home of the Scotch Malt Whisky Society, an unique global whiskyclub since 1983. Read more at www.smws.eu !",N/A,None found,N/A,kookworkshop Zwolle
wouter_biggieg,https://www.instagram.com/wouter_biggieg/,"Levensgenieter!🤗 Reizen☀️, Wintersporten⛷, Hardlopen👟, Duiken🏊‍♂️, Eten🍽 & Drinken! 🍺🍷 Vlissingen, Zeeland🇱🇺",N/A,None found,N/A,kookworkshop Zwolle
hetsfeerhuisaanzee,https://www.instagram.com/hetsfeerhuisaanzee/,Het Sfeerhuis aan Zee Suites in Vlissingen Wij transformeren vakantiewoningen Renovatie • Styling • Verhuur klaar,N/A,None found,N/A,kok aan huis Delft
esrinederland,https://www.instagram.com/esrinederland/,The Science of Where,N/A,None found,N/A,kookworkshop Zwolle
peetlikes,https://www.instagram.com/peetlikes/,🇳🇱 | 💗 Interieur | Interieur- & Verkoopstylist | Blogger | 🌸 🌿 #peetlikeshome #peetlikes @flowerspeet @peetlikes,https://www.threads.com/@peetlikes?xmt=AQF0FtsTSFNLvHR-Pq9dVULSU3qsxDBV1VAzEyv4povrhmU,None found,N/A,kookworkshop Zwolle
culinez,https://www.instagram.com/culinez/,Culinez zit al een tijdje op een andere afslag in 'het echte leven'. Mijn plan is terug te keren met een rugzak vol,N/A,None found,N/A,thuiskok Zwolle
echtijs.nl,https://www.instagram.com/echtijs.nl/,"Puur lactosevrij ijs - 100% natuurlijk Op basis van vers fruit ,geen kleur-en smaakstoffen! Lekker voor thuis! Horeca?",N/A,None found,N/A,thuiskok Zwolle
cheftaco_,https://www.instagram.com/cheftaco_/,32 posts,https://www.threads.com/@cheftaco_?xmt=AQF0kdSNrgpc669GwrLWsilA12sJV58koxS6dZ1Oae8rKVM,None found,N/A,chef aan huis Zwolle
romalingerie,https://www.instagram.com/romalingerie/,"Luxe merk lingerie, badkleding, nachtkleding en bovenkleding voor dames én heren",N/A,None found,N/A,kookworkshop Zwolle
snoeptastisch,https://www.instagram.com/snoeptastisch/,Online snoepwinkel voor suikervrij en allergenenvrij snoep #suikervrij #biologisch #vegan #glutenvrij,N/A,None found,N/A,kookworkshop Zwolle
lepeltjeliefde,https://www.instagram.com/lepeltjeliefde/,👉 Cateraar in Den Bosch 👉 Kok aan huis 👉 Verrassend lunchen 👉 Kleurrijk en hoofdrol voor groenten 👉 Verschillende,N/A,None found,N/A,kookworkshop Zwolle
donjavanek,https://www.instagram.com/donjavanek/,✖️INTERIEUR ✖️LIFESTYLE ✖️STYLING. Nieuw account: @donjavanek_interieur Blog: 👇,N/A,None found,N/A,kookworkshop Zwolle
ebruyilmazlaleli,https://www.instagram.com/ebruyilmazlaleli/,🧁 Mira finalist Heel Holland Bakt Kids 2023 Owner @bijmimi kookatelier,https://www.threads.com/@ebruyilmazlaleli?xmt=AQF0NxAmwi3Boula-f262-dcqx8404OMge05VWTGJ7ihbds,None found,N/A,kookworkshop Deventer
aamandaemilias,https://www.instagram.com/aamandaemilias/,"ÖPPET I PÅSK FRE-SÖN 11-14 Butik - vintage inredning, Torggatan 17 Gärsnäs, Österlen Cert. inredare Kontakt/samarbeten -",N/A,None found,N/A,kok aan huis Delft
black_emy,https://www.instagram.com/black_emy/,✖️Welkom in ons huis ✖️Binnenkijken ✖️Landelijke sobere woon stijl ✖️Liefst,N/A,None found,N/A,kok aan huis Delft
allevadsmejeri,https://www.instagram.com/allevadsmejeri/,"Försöker rädda ett gammalt mejeri på Österlen från 1895 till semesterboende och gårdsbutik. 🤎 Massa byggdamm,",N/A,None found,N/A,kok aan huis Delft
vedumkokochbad,https://www.instagram.com/vedumkokochbad/,"Skandinavisk design för kök, badrum, tvättstuga & förvaring. Hållbart & funktionellt sedan 1919. 📍Vedum | 📞 Boka",N/A,None found,N/A,kok aan huis Delft
huisje.aanhet.water,https://www.instagram.com/huisje.aanhet.water/,"Mama van Mick💙,Nilou🩷 & Kiki 🐶; #interiorlover met gat in de hand 🙃📍Netherlands",N/A,None found,N/A,kok aan huis Delft
flairbelgie,https://www.instagram.com/flairbelgie/,Welkom in de heerlijk imperfecte wereld van Flair! #doehetmetflair 💜 Neem nu een digitaal abonnement op Flair voor maar,N/A,None found,N/A,kok aan huis Delft
dietistenpraktijkrberghuis,https://www.instagram.com/dietistenpraktijkrberghuis/,🥝 Diëtisten & leefstijlcoaches 📌 Regio Gelderland en Eemland 🇪🇦 Medifit 🎉 Retreat Ibiza 2024,N/A,None found,N/A,kookworkshop Apeldoorn
____j_o_o,https://www.instagram.com/____j_o_o/,Probably on two wheels… in a pool or running towards something 🫱,https://www.threads.com/@____j_o_o?xmt=AQF0COlel31h_1N3yToiVsf6VuSi6k_-5JZbLtKaEim4aSk,None found,N/A,kookworkshop Haarlem
wordtgefikst,https://www.instagram.com/wordtgefikst/,Voor ondernemers die willen groeien🚀 Tijdelijk alleen zichtbaar op @lisa.vanheusden of de coworkingspace,N/A,None found,N/A,kookworkshop Haarlem
alainalders,https://www.instagram.com/alainalders/,"Taste of Alain. Michelin star chef, SVH master chef, Privat Chef, Food designer https://www.foodinspiration",N/A,None found,N/A,kookworkshop Haarlem
purefoodcoaching.nl,https://www.instagram.com/purefoodcoaching.nl/,"kitchen & nutritioncoach | kook-, smoothie- en bakworkshops | lezingen | consults | yoga | healthy foodblogger | Italian",N/A,None found,N/A,kookworkshop Haarlem
haarlemmer_kweektuin,https://www.instagram.com/haarlemmer_kweektuin/,🌱duurzame stadstuin 🛝spelen 🥾wandelen ☕️koffie 😀plezier|rust|groen|educatie,N/A,None found,N/A,kookworkshop Haarlem
eenstukjeclaudia,https://www.instagram.com/eenstukjeclaudia/,"""Als ik iemand een lach op het gezicht tover, ben ik een blij mens"" Schrijft 👉 #versjesvanclaudia Dieren ♡",N/A,None found,N/A,kookworkshop Haarlem
puurproevers.nl,https://www.instagram.com/puurproevers.nl/,Travel & Food Inspirational Trips 🇮🇹 & Funky Food 🧑‍🍳 ETEN DELEN = LIEFDE GEVEN 🇳🇱,N/A,None found,N/A,kookworkshop Apeldoorn
twenteinsite,https://www.instagram.com/twenteinsite/,Dit is het officiële account van Twente Insite. Volg ons voor het laatste FC Twente nieuws.,https://www.threads.com/@twenteinsite?xmt=AQF0VvTwdwTq86y8NZcIFX9yMCJhpYt8vaQYeo1CTf-ziCo,None found,N/A,kookworkshop Enschede
olivijntraiteur,https://www.instagram.com/olivijntraiteur/,Mevrouw Olivijn maakt alleen nog maar kunst. Op zoek naar kunst of wil je een nieuw kunstwerk laten maken? Neem contact,N/A,None found,N/A,thuiskok Haarlem
socialdeal.nl,https://www.instagram.com/socialdeal.nl/,💙 Deals die je niet mag missen 💙 Gebruik #socialdeal & maak kans op €10 saldo!,N/A,None found,N/A,kookworkshop Enschede
marikedemeestervansark,https://www.instagram.com/marikedemeestervansark/,💻 Gebiedsmanager @denieuwestad033 ♥️ Familie & vrienden 🌿 Buitenleven 🙌🏻 FC Twente 🏡 A,N/A,None found,N/A,kookworkshop Enschede
fysiotwente,https://www.instagram.com/fysiotwente/,"🏥 Dé fysio van Twente 📍 4 locaties in Enschede 👩‍⚕️ Persoonlijk & toegankelijk ⚽ Voor sport, werk & dagelijks leven",N/A,None found,N/A,kookworkshop Enschede
thewolfstailor,https://www.instagram.com/thewolfstailor/,A nod to the craftsman who fashioned sheep’s clothing for the sly wolf. @michelinguide ✽ ✽ | Green Star Family:,N/A,None found,N/A,chef aan huis Haarlem
onetwente_ondernemersnetwerk,https://www.instagram.com/onetwente_ondernemersnetwerk/,ONE Twente is het netwerk voor de Zelfstandig Professional (ZP'er) in #twente 𝙱𝚒𝚓𝚎𝚎𝚗𝚔𝚘𝚖𝚜𝚝𝚎𝚗 🅽🅴🆃🆆🅴🆁🅺🅴🅽 𝕂𝕖𝕟𝕟𝕚𝕤 𝕠𝕡𝕕𝕠𝕖𝕟,N/A,None found,N/A,kookworkshop Enschede
gokidstwente,https://www.instagram.com/gokidstwente/,Hoi! Leuk dat je Go-Kids Twente en Achterhoek bezoekt. Hier vind je inspiratie voor de leukste uitjes voor het hele,N/A,None found,N/A,kookworkshop Enschede
eropuittwente,https://www.instagram.com/eropuittwente/,📲 De leukste uitjes in Twente op 1 platform!,N/A,None found,N/A,kookworkshop Enschede
nataly71,https://www.instagram.com/nataly71/,"Happy in Hoorn met Sam, Puk en Thomas de kat, muziekfanaat, manager acties & community bij Metakids, foodlover (koken,",N/A,None found,N/A,kookworkshop Enschede
cultuur_in_enschede,https://www.instagram.com/cultuur_in_enschede/,"Cultuur in Enschede: cultuurcoach en cultuurmakelaar. Voor onafhankelijke ondersteuning culturele veld, verbinden,",N/A,None found,N/A,kookworkshop Enschede
huisvanmijn,https://www.instagram.com/huisvanmijn/,Willianne / Ontwerper • Creëren vanuit de Bron die dieper reikt.,https://www.threads.com/@huisvanmijn?xmt=AQF0mFfJ58cX3eSD1sPn1zCcSowjUjWiWgKi2ApGp_hbgSw,None found,N/A,kok aan huis Enschede
richardhaywood_,https://www.instagram.com/richardhaywood_/,"🇬🇧 exploring the world of cooking, sharing recipes, helpful tips, &inspiration. 👨🏻‍🍳 15 yrs professional chef 📧",N/A,None found,N/A,home chef Haarlem
mark.o.brien,https://www.instagram.com/mark.o.brien/,Series 18: Final 3 - @masterchefuk Head Chef - @willysmargate Hibernating - @snakeoilbarbecue,https://www.threads.com/@mark.o.brien?xmt=AQF0J9m5LatqGiziSsT9b-UMa7IaVoJH1Zmbnk29Zl83KfA,None found,N/A,chef aan huis Haarlem
thekitchin,https://www.instagram.com/thekitchin/,✽ Michelin • From Nature to Plate Scottish cuisine by Chef Tom Kitchin,N/A,None found,N/A,chef aan huis Haarlem
thestaffcanteenaustralia,https://www.instagram.com/thestaffcanteenaustralia/,"Join 100,000+ professional chefs for free. Get instant access to chef videos, 5,000+ exclusive recipes, and the latest",N/A,None found,N/A,chef aan huis Haarlem
shootsandmore,https://www.instagram.com/shootsandmore/,📸 Capture Happiness 😁 📍 fotostudio’s • Amersfoort • Arnhem • Breda • Den Bosch • Den Haag • Eindhoven • Haarlem •,https://www.threads.com/@shootsandmore?xmt=AQF0LZ-x3oTlxp-REBBg4LDYqZq3mR1EX9kRFSAixW-yMmA,None found,N/A,kookworkshop Haarlem
margaux.morumbi,https://www.instagram.com/margaux.morumbi/,Uma casa de alma francesa Morumbi Shopping - Rooftop by @attivogroup,N/A,None found,N/A,chef aan huis Amersfoort
lecoeurdeschefs,https://www.instagram.com/lecoeurdeschefs/,Revue print/Site web. Une gastronomie bouillonnante et passionnée. Partager les coulisses de ces rencontres,https://www.threads.com/@lecoeurdeschefs?xmt=AQF0i184u3KKdhKhG20xCo91Nut1jw3E82Ly4TBtnW0jMhs,None found,N/A,chef aan huis Amersfoort
chefsimonefalsaperla,https://www.instagram.com/chefsimonefalsaperla/,🇮🇹 Chef & consulente 🥖Lievitati e cucina d’autore. 🍽️Dal piatto al format. 🧑‍🍳 tecnologo @esmachali ✨ eccellenza,https://www.threads.com/@chefsimonefalsaperla?xmt=AQF0Uv1K6Zpg3eX-2-FY3mP6SFdUGFO8ZKeLDhGpBq5ZYmY,None found,N/A,chef aan huis Amersfoort
steveparienti,https://www.instagram.com/steveparienti/,@deflower_paris ❤️ @thefabulousparis 🎰 @tamtamparis 🇧🇷 @bagatelleparisofficial 🏝 Everyday,https://www.threads.com/@steveparienti?xmt=AQF0zwMJbFECmmjLxdS2CQW6iZaWtdSkiW-37r6kKr7l0qQ,None found,N/A,chef aan huis Amersfoort
quatriememur_etchebest,https://www.instagram.com/quatriememur_etchebest/,🍽️ Brasserie bistronomique au sein du Grand Théâtre de Bordeaux pour un repas généreux et décontracté 👨‍🍳 Par @chef,N/A,None found,N/A,chef aan huis Amersfoort
nicolinedobbe,https://www.instagram.com/nicolinedobbe/,30 posts,https://www.threads.com/@nicolinedobbe?xmt=AQF07pFELA6vjrU7BMfRj4Xh7RcW8QBXaPTKpX8qJE50SAs,None found,N/A,kookworkshop Arnhem
ikhouvanarnhem,https://www.instagram.com/ikhouvanarnhem/,"❤️ Ik hou van Arnhem 📸 Foto’s, plekken, eten & tips uit Arnhem Voor en door Arnhemmers 🤝 Samenwerken? Stuur gerust een D",N/A,None found,N/A,kookworkshop Arnhem
land_in_zicht_,https://www.instagram.com/land_in_zicht_/,OOGSTDELEN TE KOOP🍅Theehuis ☕️ High Tea🧁Zaalhuur📍Dagbesteding💚Ecologisch Hovenier🌱Tuinderij🐦Zelf oogsten🥕,N/A,None found,N/A,kookworkshop Amersfoort
mama_steef,https://www.instagram.com/mama_steef/,"steef✨️ mama van 3 meiden | zachter leven, en meer doen waar ik gelukkig van wordt/foto dagboek",https://www.threads.com/@mama_steef?xmt=AQF0fQ4RCOWTAMbwqelYHPhBhwtRpiqLMXK0HdL3aUko8qw,None found,N/A,kookworkshop Amersfoort
mijkcuisine,https://www.instagram.com/mijkcuisine/,#MIJKCUISINE Passie. Lekker eten! Catering.,N/A,None found,N/A,kookworkshop Apeldoorn
eline.bommelje,https://www.instagram.com/eline.bommelje/,🍌 Foodie 🌞 Crossfitfan ✨ Do more of what makes you happy,N/A,None found,N/A,kookworkshop Amersfoort
paulienrosalie,https://www.instagram.com/paulienrosalie/,❤ getrouwd met Matthijs ❤ mama van Thabo ❤ Afrika ❤ reizen,N/A,None found,N/A,kookworkshop Amersfoort
disciplinesports,https://www.instagram.com/disciplinesports/,Training Voeding Coaching Lifestyle.,https://www.threads.com/@disciplinesports?xmt=AQF0BRp5C3BoNfMzS8kLvBLLzyMOdmCGTtt8tE32haEQjIk,None found,N/A,kookworkshop Amersfoort
ktvkennisnet,https://www.instagram.com/ktvkennisnet/,Agenda: ktv-kennisnet.nl/agenda,N/A,None found,N/A,kookworkshop Amersfoort
mariettevantuyl,https://www.instagram.com/mariettevantuyl/,🥐 Foodfotografie en receptontwikkeling 📔 Bakboek auteur PUUR ZOET 🥑 Eet glutenvrij & lactosevrij 🙋🏼‍♀️ Foodblog,https://www.threads.com/@mariettevantuyl?xmt=AQF02_NUj0jnfj-34dCzqHa0V4tcslk9xFWapJTlQZqENbc,None found,N/A,kookworkshop Amersfoort
mobiele_gehaktbal,https://www.instagram.com/mobiele_gehaktbal/,Started running 19 april 2015 marathons: 49 hm: 129 pr 5K 21.53 10K 45.54 5 EM 37.49 10 EM 1.17.33 21.1K 1.38.25 30k 2,N/A,None found,N/A,kookworkshop Amersfoort
kusamersfoort,https://www.instagram.com/kusamersfoort/,Af en toe een leuke tip! #KusAmersfoort,N/A,None found,N/A,kookworkshop Amersfoort
singelhuis,https://www.instagram.com/singelhuis/,Te huur voor vergaderingen en bijeenkomsten. Verzorging van kookworkshops en privé-diners. Zelf nog een leuk idee?,N/A,None found,N/A,kookworkshop Amersfoort
zenber_architecten,https://www.instagram.com/zenber_architecten/,"Leidend, creatief sterk team van (interieur)architecten en adviseurs. Ontwerpt innovatieve werk- en leeromgevingen",N/A,None found,N/A,kookworkshop Amersfoort
puurriant,https://www.instagram.com/puurriant/,Mama van 🙋🏼‍♂️🙋🏼‍♂️🙋🏼‍♀️🙋🏼‍♂️ 🌸 vegetariër 🌸 liefde voor ontbijt 🌸 soepfan 🌸 coach 🌸 foodie 🌸 kindercoach 🌸 Het,N/A,None found,N/A,kookworkshop Amersfoort
kokwooncenter,https://www.instagram.com/kokwooncenter/,"Het verhaal van Kok Wooncenter: 60 jaar inspirerende interieurs. • In 2025 hebben wij de woonwinkel afgesloten, onze",N/A,None found,N/A,kookworkshop Amersfoort
v4contact,https://www.instagram.com/v4contact/,"Professionele ondersteuning bij de afhandeling van al je klantcontacten (telefoon, e-mail, socials, (retour)post,",N/A,None found,N/A,kookworkshop Amersfoort
enjoy_en_learn,https://www.instagram.com/enjoy_en_learn/,"Proeflokaal (#45), Proefwinkel (#51) en schitterende Proeftuin! Erkend leerbedrijf, waarbij het talent schittert op het",N/A,None found,N/A,kookworkshop Arnhem
60plusendus,https://www.instagram.com/60plusendus/,Ben jij een eigentijdse 60-plusser en ga je graag met anderen eropuit? Welkom bij 60plusEndus! #workshops #dagtrips,N/A,None found,N/A,kookworkshop Arnhem
visgildepresikhaaf,https://www.instagram.com/visgildepresikhaaf/,Verse vis 🐟 Gebakken vis 🍤 Schaal & schelpdieren 🦐 Belegde broodjes 🥪 Huisgemaakte maaltijden 🥘,N/A,None found,N/A,thuiskok Arnhem
womensfavorites,https://www.instagram.com/womensfavorites/,Iedere dag leuke opbergmanden van Womens Favorites 🧺 #handmadeNL #FairTradeBaskets #africanhomedecor,N/A,None found,N/A,kookworkshop Arnhem
makeadishnl,https://www.instagram.com/makeadishnl/,Permanently closed > @phoviet.2022 try it!,N/A,None found,N/A,thuiskok Arnhem
7straatjes,https://www.instagram.com/7straatjes/,✨ Ken jij de #7straatjes al? Ontdek de meest unieke & gezellige winkels en horeca van #Arnhem in het oudste gedeelte van,N/A,None found,N/A,thuiskok Arnhem
wereldvanjansje,https://www.instagram.com/wereldvanjansje/,🛍 Cadeauwinkel met fair design producten 🍴 Lunchroom & binnentuin met biologische huisgemaakte lekkernijen 💚 Unieke,N/A,None found,N/A,kookworkshop Haarlem
faysfoodies,https://www.instagram.com/faysfoodies/,Fay's Foodies: Private Dining - Private Chef - Diners aan huis,N/A,None found,N/A,private dining Arnhem
nosocialwastenl,https://www.instagram.com/nosocialwastenl/,"♻️ Fairtrade, recycle, FSC, organic en ecologisch 🙆 Sociaal leerwerkbedrijf ❤ Waar Talent Geen Beperking Kent ➡️ Link",N/A,None found,N/A,kookworkshop Arnhem
ditiswaar,https://www.instagram.com/ditiswaar/,Duurzaam. Fairtrade. Echt WAAR. 22 winkels en 13 shop-in-shops die de wereld eerlijker en groener maken,N/A,None found,N/A,kookworkshop Arnhem
jc__fresh,https://www.instagram.com/jc__fresh/,"Malburgen-West, Arnhem-Zuid📍 Activiteiten | Workshops | Vanaf 10+ jaar Voor vragen: DM of mail ons!",N/A,None found,N/A,kookworkshop Arnhem
ommuurdetuin,https://www.instagram.com/ommuurdetuin/,"OOGSTPAKKETTEN BESCHIKBAAR! 🥬🥕🥦🌽🍓 Historische biologische tuinderij Tuin, self-service terras & winkel open: Wo&za 10-1",N/A,None found,N/A,kookworkshop Arnhem
topsportgelderland,https://www.instagram.com/topsportgelderland/,Topsport Gelderland zorgt voor begeleiding en ondersteuning van Gelderse topsporters en talenten met een NOC*NSF status.,N/A,None found,N/A,kookworkshop Arnhem
crohn.colitis.nl_jong,https://www.instagram.com/crohn.colitis.nl_jong/,Dit is de jongerenpagina van Crohn & Colitis NL gericht op mensen met IBD van 14 tot 30 jaar. Ons algemene insta-account,https://www.threads.com/@crohn.colitis.nl_jong?xmt=AQF0Rs8xMTZzUJQ1zdan4E1Ur7nELCO6dkk4fdNEMYRopbM,None found,N/A,kookworkshop Arnhem
basjochemjanssen,https://www.instagram.com/basjochemjanssen/,🌱 Chefstable ByBas🌱 ⭐Eigenaar van The BASterd Company⭐@,N/A,None found,N/A,thuiskok Amersfoort
kookers_kookevenementen,https://www.instagram.com/kookers_kookevenementen/,🎉 Kookfeest voor iedereen! 📍Kookstudio Weesp 📍Kookstudio Arnhem 📍 Kookstudio Nijmegen 🚐 W,N/A,None found,N/A,kookworkshop Arnhem
ney_potgieter,https://www.instagram.com/ney_potgieter/,✨ Christian | Wife | Mother ✨ Content Creator and Social Media Manager Ecclesiastes 3:11 🫶 Run your own Race.,N/A,None found,N/A,kok aan huis Enschede
livingwithpiggy,https://www.instagram.com/livingwithpiggy/,Making travel easy with info & tips you actually need & won’t find anywhere else,N/A,None found,N/A,content creator Amsterdam
tanushree.sinha,https://www.instagram.com/tanushree.sinha/,Building @totaamaina 🇦🇪🇳🇵🇨🇭🇬🇧🇹🇷🇪🇸🇵🇹🇸🇬🇮🇩🇲🇾🇻🇳🇹🇭🇰🇭🇱🇰🇨🇳🇯🇵🇰🇷🇦🇺🇳🇿🇺🇸🇨🇦🇩🇪🇳🇱🇨🇿🇮🇹🇩🇰🇸🇪Travel enthusiast & lover of all things,https://www.threads.com/@tanushree.sinha?xmt=AQG0BLtAliFBNgRgocCGsVr7qH4Hk0NLHCtCqYbZWW6Kk6Y,None found,N/A,content creator Amsterdam
artyfixe,https://www.instagram.com/artyfixe/,Lifestyle content creator Indie aesthetics & slow moments ✨ Amsterdam 📍 Coffee • Fashion • City life Open to,https://www.threads.com/@artyfixe?xmt=AQG00aKqKOzm7V2MAEwVD3yQGN4OzwaysrVN1OWkMYFrIRs,None found,N/A,content creator Amsterdam
ayisha_dhilruba__,https://www.instagram.com/ayisha_dhilruba__/,📍🇮🇳🇦🇪🇬🇧🏴󠁧󠁢󠁥󠁮󠁧󠁿🏴󠁧󠁢󠁳󠁣󠁴󠁿🇦🇱🇲🇪🇮🇹🇨🇭🇩🇪🇳🇱🇧🇪🇫🇷🇱🇺🏴󠁧󠁢󠁷󠁬󠁳󠁿🇹🇷🇸🇦🔜 Food Blogger | Recipe Creator | Travel 🌍 Sharing delicious recipes,N/A,None found,N/A,vlogger Amsterdam
anthonyhenricus,https://www.instagram.com/anthonyhenricus/,Model | Influencer | UGC Amsterdam 📍 MA: @newgenerationmodels Mister Netherlands 🇳🇱 2024 Niet op datingsites/apps❗️,https://www.threads.com/@anthonyhenricus?xmt=AQG0jX7xdNsvnT6Bo5hEuaW4_xEtuPuMp0fYQNYysRcgL-A,None found,N/A,content creator Amsterdam
nikol.tuna,https://www.instagram.com/nikol.tuna/,"Model, actress | Amsterdam | UGC creator Winner @wishingonastar_rtl4 Ambassador @_kittyactivewear code NIKA Lucky girl",https://www.threads.com/@nikol.tuna?xmt=AQG0o3Pef9QtHh3XH9i-yG_2C1uawN1yIRIPG_BTInBJO74,None found,N/A,vlogger Amsterdam
fashioncentswithjen,https://www.instagram.com/fashioncentswithjen/,▪️Live your Best Life on a Budget ▫️#homedecor | #diy | affordable fashion | travel tips ▫️Cents-able Advice on Life💳,https://www.threads.com/@fashioncentswithjen?xmt=AQG0FX1QMG-x5crDxVOFTDR8CdOhgRgAK75m0Hjhc65FgX4,None found,N/A,blogger Amsterdam
richanamarilyn,https://www.instagram.com/richanamarilyn/,Probably late because of my outfit What to wear and where to go in Amsterdam 🎞️ Outfits • Beauty tips • City life 💌 C,https://www.threads.com/@richanamarilyn?xmt=AQG0vYtgIszvAkVjnAXlUz_WUItzH3Sdpket6MKx3vTfZtw,None found,N/A,content creator Amsterdam
loveakah0,https://www.instagram.com/loveakah0/,: Amsterdam : management information systems : blogger : 1/oct birthday 🎂,N/A,None found,N/A,blogger Amsterdam
mamabotanica.amsterdam,https://www.instagram.com/mamabotanica.amsterdam/,"🌿Sharing my plant love with you! 🌿Bekijk mijn boeken, YouTube video's en nieuwste blogs in de linkinbio ⤵️",N/A,None found,N/A,blogger Amsterdam
photo_video_creator_nl,https://www.instagram.com/photo_video_creator_nl/,ELENA ALEKSEEVA 📸 Professional Photographer & Videographer 📲 Business Creator in the Netherlands @photostudio_by_olena @,N/A,None found,N/A,content creator Eindhoven
visit.the.midwest,https://www.instagram.com/visit.the.midwest/,🌽 Exploring the cities of the Midwest 📍 Sharing local tips events and travel stories,N/A,None found,N/A,nl blogger Amsterdam
brushwithbree,https://www.instagram.com/brushwithbree/,"The Best Procreate Brushes for Realistic Watercolour & Digital art ❊ Tutorials, tips and tricks ❊ Watercolour &",N/A,None found,N/A,nl influencer Rotterdam
by_ewold,https://www.instagram.com/by_ewold/,🇳🇱 🌍 Traveling the world with my drone,https://www.threads.com/@by_ewold?xmt=AQG04mon1UZlFWHDeHJ5TWUnRHaLR34onAgVN7pEhg8NZXE,None found,N/A,beauty blogger Utrecht
djiglobal,https://www.instagram.com/djiglobal/,"The Future Of Possible 🎥 From drones to stabilizers, redefine visuals 🔍 Follow for pro tips & giveaways 💬 Contact",N/A,None found,N/A,nl influencer Utrecht
bloggers.utrecht,https://www.instagram.com/bloggers.utrecht/,Hotspots door Utrechtse bloggers #utrecht #bloggersutrecht #utrechthotspot,N/A,None found,N/A,blogger Utrecht
ootc.amsterdam,https://www.instagram.com/ootc.amsterdam/,📦 Shipping Worldwide! ✨ Selling second hand ✨ Pre-owned by your favorite content creators ✨ Reduce textile waste ♻️🤍 📧,N/A,None found,N/A,influencer Amsterdam
lera_in_amsterdam,https://www.instagram.com/lera_in_amsterdam/,"live in Amsterdam, passionate about cosy life, aesthetic & travelling",N/A,None found,N/A,blogger Amsterdam
amsterdamvlogger,https://www.instagram.com/amsterdamvlogger/,Amsterdam Aesthetics !😍 Be inspired! 💫 📸Tag us for a possible feature! @amsterdamvlogger #amsterdamvlogger,N/A,None found,N/A,vlogger Amsterdam
chennai_amsterdam,https://www.instagram.com/chennai_amsterdam/,"📍.From Chennai to Amsterdam 📸 Exploring the Netherlands one photo at a time 🧡 Tamil soul, Dutch skies |",N/A,None found,N/A,travel blogger Amsterdam
creator_bryhadir,https://www.instagram.com/creator_bryhadir/,📸 Content creator | Den Haag 📱 Mobile shooting + editing 💻Reels that attract clients for beauty & small business,N/A,None found,N/A,content creator Den Haag
ridagirb,https://www.instagram.com/ridagirb/,приношу результат брендам превращая сырой материал в «конфетку» @creator_bryhadir 📍🇺🇦🇳🇱Den Haag 📩cooperation:,https://www.threads.com/@ridagirb?xmt=AQG0wcBjoJz49_D5ErZ_tlIMn1NxIM3lpgL0DP5C_p09aoA,None found,N/A,content creator Den Haag
salo.cpereira,https://www.instagram.com/salo.cpereira/,UGC | experiences | travel BRANDS• Storymaker lifestyle & real moments living in NL 🇳🇱 m,N/A,None found,N/A,vlogger Den Haag
smaakvol_catering,https://www.instagram.com/smaakvol_catering/,Catering & Events 🍽️ Bruiloften • Bedrijfsevents • Private dining • Foodtruck 📍 Nederland 📩 Offerte?DM of mail,https://www.threads.com/@smaakvol_catering?xmt=AQF06z__FR5XhYVO-K2wNPLSNW3bu2-Tyahxo4YCN__6B1g,None found,N/A,private dining Nederland
walhallaharderwijk,https://www.instagram.com/walhallaharderwijk/,Ahoy! 🧜🏼‍♀️🌴⚓️🫧 𓇼 Reserveer via onze website 𓇼 Feestje geven? 🪩 Stuur een mail! 𓇼 open van wo t/m zo vanaf 11.00 uur,N/A,None found,N/A,kok aan huis Harderwijk
dehippevegetarier,https://www.instagram.com/dehippevegetarier/,"Hét vegetarisch & vegan platform ✨ Recepten, hotspots & reviews van Team Hippe Vegetariër 🌱 Bewust genieten begint",N/A,None found,N/A,kookworkshop Nederland
mrs_mostert,https://www.instagram.com/mrs_mostert/,Plantbased kitchen,https://www.threads.com/@mrs_mostert?xmt=AQF0IU2s0HdVRN-6QJJPpL4mW8ZJXNBjFZxlZ6zwBFN04JM,None found,N/A,kookworkshop Nederland
odinfoodcoop,https://www.instagram.com/odinfoodcoop/,"Wij zijn dé bio foodcoop met eigen winkels, een bezorgdienst, groothandel, imkerij & boerderij 👩‍🌾💚 Altijd 100%",N/A,None found,N/A,kookworkshop Nederland
meetables,https://www.instagram.com/meetables/,"Bijzondere vergaderlocaties in de omgeving van Amsterdam, Utrecht, Breda, Rotterdam en 's Hertogenbosch.",N/A,None found,N/A,private dining Nederland
costompe2018,https://www.instagram.com/costompe2018/,https://toto-extra.nederlandseloterij.nl/darting-with-the-stars/,N/A,None found,N/A,kok aan huis Harderwijk
madambakster,https://www.instagram.com/madambakster/,"Bakkerij met een missie 🌱 Plantaardig, glutenarm én vrij van geraffineerde suiker. Welkom in onze koffiebar van",N/A,None found,N/A,kookworkshop Bergen op Zoom
jurjens_art,https://www.instagram.com/jurjens_art/,"Motiverende spreker, schrijver kunstenaar. Atelier in Amsterdam! DM om langs te komen! Leven met hersenletsel (NAH)",https://www.threads.com/@jurjens_art?xmt=AQF030ig1PWGkL1uX5BTMP37LHO_iDWVbEGC8vtjPbu3CZ8,None found,N/A,kookworkshop Bergen op Zoom
kreadoe,https://www.instagram.com/kreadoe/,"🌸 Lentefestival: 1 t/m 3 mei '26, Jaarbeurs Utrecht 🎀 Workshops, shoppen, DIY & inspiratie ✨ Leuke dag uit voor jong en",N/A,None found,N/A,kookworkshop Bergen op Zoom
chefkokdeleeuw,https://www.instagram.com/chefkokdeleeuw/,👨‍🍳 Chef-kok | consultant | ZZP | fine-dining 🍲 #dinsdagtipdag! 📙 Mijn kookboek is er! Leren koken? Beter koken? Ik,N/A,None found,N/A,thuiskok Veenendaal
kimberleyklaver,https://www.instagram.com/kimberleyklaver/,Auteur Creator Eeuwige Jeugd: Bestel Nu💯 Bestseller romans:,N/A,None found,N/A,kok aan huis Harderwijk
evi_sarkozi.art,https://www.instagram.com/evi_sarkozi.art/,👉🏻Festőművész 👉🏻Artist,N/A,None found,N/A,chef aan huis Zeist
chef_jessicaroe_,https://www.instagram.com/chef_jessicaroe_/,📍Head chef @ Petition Collection @petitionkitchen @petitionbeer @petitionwine Australian culinary team 2022-2025,N/A,None found,N/A,chef aan huis Zeist
viuindonesia,https://www.instagram.com/viuindonesia/,Siap kawal Mbak Elsi & Mas Ustadz sampe halal 100% 🩵💚 #OTWHalalViu,https://www.threads.com/@viuindonesia?xmt=AQF04xwpkEzpKkpcPIMZcw3J0Y-TvAMhROQ-KVQzC-t-tsQ,None found,N/A,chef aan huis Zeist
koetshuisnijkerk,https://www.instagram.com/koetshuisnijkerk/,"LUNCH | BORREL | PARTY 🎈✨🥂 Wij zijn geopend voor lunch, borrel, private dining én staan bekend om onze gezellige, goed g",N/A,None found,N/A,kok aan huis Harderwijk
javahouseafrica,https://www.instagram.com/javahouseafrica/,"7,283 posts",https://www.threads.com/@javahouseafrica?xmt=AQF07Jl9vEL-aA15L1V4g25VrgyYMsaIEAfehCHYlyXPjNA,None found,N/A,chef aan huis Zeist
eekhoeve,https://www.instagram.com/eekhoeve/,Kom thuis op het platteland! #Landwinkel 🧀 #Theehuis ‘Bij Kees & Sien’ ☕️ #Zorgboerderij 🏡 #,N/A,None found,N/A,thuiskok Veenendaal
baslobik_,https://www.instagram.com/baslobik_/,www.baslobik.nl,N/A,None found,N/A,kookworkshop Bergen op Zoom
valleinieuws,https://www.instagram.com/valleinieuws/,"Nieuws, blogs en aanbiedingen voor de regio’s Gelderse Vallei, Utrechtse Heuvelrug en de Betuwe.",N/A,None found,N/A,thuiskok Veenendaal
vicksvde,https://www.instagram.com/vicksvde/,docent vpk maar bovenal mama van vijf 🚀 #2800love loslaten is álles - preparation is key 🔑 ♡ nobel17 charles19,N/A,None found,N/A,kookworkshop Bergen op Zoom
themoodysociety,https://www.instagram.com/themoodysociety/,•Represented by @blombergkajsa •Co-Creator @derotterdammer010 •Speaker Programmer @rotterdam_cm,https://www.threads.com/@themoodysociety?xmt=AQF0a51oj98vLbaC87wVWoeV7HS82wvjKxEPhi0oZ9DFLQI,None found,N/A,kookworkshop Bergen op Zoom
dutchlinesnl,https://www.instagram.com/dutchlinesnl/,"Leer de kunst van het beeldverhaal. ""De masterclasses van Dutch Lines hebben een geduchte reputatie opgebouwd."" - Zone",N/A,None found,N/A,kookworkshop Bergen op Zoom
kunsthal,https://www.instagram.com/kunsthal/,An institute with a difference. A dynamic mix of art & culture. Follow us for your daily dose of inspiration!,N/A,None found,N/A,kookworkshop Bergen op Zoom
gidsinveenhuizen.nl,https://www.instagram.com/gidsinveenhuizen.nl/,Welkom In Veenhuizen. Wandel met gids Peter heerlijk langs de lange lommerrijke lanen en door de grimmige geschiedenis.,N/A,None found,N/A,kookworkshop Nederland
cookingandmore2,https://www.instagram.com/cookingandmore2/,"Private dining, catering, caviar tastings, travel chef, fishspecialist Ambassador @cheffix.eu Partner @allianceofchefs",https://www.threads.com/@cookingandmore2?xmt=AQF0qjHAyaSZI5Q_kkVhhgFxN_rpQSNKTbvOqPKBVRfgryQ,None found,N/A,thuiskok Amsterdam
thesmilingblonde,https://www.instagram.com/thesmilingblonde/,"🇫🇷 x 🇳🇱 a place for positivity, fashion & travel ✨ amsterdam based",https://www.threads.com/@thesmilingblonde?xmt=AQG0-s2Xjg6aCH9Sn1AfUeMWStrCZcEAx52BP3oN1Pa_Z_c,None found,N/A,content creator Amsterdam
iulian.frames,https://www.instagram.com/iulian.frames/,Capturing the stillness within the movement. Soulful frames for Yoga & Lifestyle brands. 📍Amsterdam. Elevate your,N/A,None found,N/A,content creator Amsterdam
cookingandmoretwo,https://www.instagram.com/cookingandmoretwo/,@Cookingandmore2 Ambassador for @cheffix.eu,N/A,None found,N/A,thuiskok Amsterdam
cheflixonline,https://www.instagram.com/cheflixonline/,"Leer koken van de beste chefs | 750+ video kooklessen | Probeer Cheflix al vanaf €3,99 p/m. Our English account 🇬🇧:",N/A,None found,N/A,thuiskok Amsterdam
masimaro__nl,https://www.instagram.com/masimaro__nl/,"Traditionele Italiaanse producten, met een grote selectie truffelproducten van GP Truffles",N/A,None found,N/A,thuiskok Amsterdam
godenspijsamsterdam,https://www.instagram.com/godenspijsamsterdam/,🌟 Unieke evenementen voor 10-200 gasten. Geniet van verfijnde smaken en een luxe ambiance voor een onvergetelijke,https://www.threads.com/@godenspijsamsterdam?xmt=AQF02JL4RiERPN5LfeaNCxFMVSz4aRiK8ZOiBozwZYhBegA,None found,N/A,thuiskok Amsterdam
de_uitvreter,https://www.instagram.com/de_uitvreter/,• (ʜ)ᴇᴇʀʟɪᴊᴋᴇ ʀᴇꜱᴛᴀᴜʀᴀɴᴛ ᴛɪᴘꜱ 🍴 • ᴀᴍꜱᴛᴇʀᴅᴀᴍ - ᴅᴇɴ ʜᴀᴀɢ - ꜱᴛᴇᴅᴇɴᴛʀɪᴘꜱ • @de_eetgency,N/A,None found,N/A,thuiskok Amsterdam
tudaumeko1,https://www.instagram.com/tudaumeko1/,Japanese styling/beauty blogger in Amsterdam🌷 Run lover👟M: 03:09:45 🍓My journey of Amenorrhea recovery & body love,https://www.threads.com/@tudaumeko1?xmt=AQG0whD8ObuNUzFVFjdSZnBBE47Dg8SyqCLBl8c4XM6Kerc,None found,N/A,vlogger Amsterdam
amuseeramuse,https://www.instagram.com/amuseeramuse/,My own world dishes 👩🏼‍🍳 🌏 food is so much more than just the taste and quality of the dish…,N/A,None found,N/A,thuiskok Amsterdam
anniopjefeestje,https://www.instagram.com/anniopjefeestje/,"👩‍🍳 Hapjes, thuisdiners & workshops in Haarlem e.o. 📞 0635317395 🕊️ 🇵🇸 🍉",N/A,None found,N/A,thuiskok Amsterdam
tastecrib,https://www.instagram.com/tastecrib/,Cook | Foodie | Creator Join me on my food adventures 🤩 #pinoyfood 🇵🇭🇨🇦🇳🇱🇪🇸,N/A,None found,N/A,thuiskok Amsterdam
belangamalaysiafoodheritage,https://www.instagram.com/belangamalaysiafoodheritage/,BelangaMalaysiaFoodHeritage Halal authentic Malaysia cuisine in Utrecht The Netherlands. Owner/Chef 0657482848,N/A,None found,N/A,thuiskok Amsterdam
esthers_cookery,https://www.instagram.com/esthers_cookery/,🌿 Dankbaar dat ik 10 jaar de magie van mijn VEGA keuken heb mogen delen! ✨ The best is yet to come! 📚 Met VEGATOV,N/A,None found,N/A,thuiskok Amsterdam
valeriyavergunova,https://www.instagram.com/valeriyavergunova/,✨🙏🏼Fashionable & mindful living 👑Published model and Beauty Queen of The Netherlands 📑Ad permit:1549255 🇳🇱🇦🇪Dutch,https://www.threads.com/@valeriyavergunova?xmt=AQG0m2Xz76XbiiBw3ZduCRa_i5xsCRQFpn1ZsFvCm-Lcas0,None found,N/A,influencer Amsterdam
detandenblekernederland,https://www.instagram.com/detandenblekernederland/,De nr. 1 & grootste tandenbleker van NL 🇳🇱 🦷 Premium teeth whitening ✨ 100% Zichtbaar resultaat. 🤝 Content creators →,N/A,None found,N/A,influencer Den Haag
htspt.co,https://www.instagram.com/htspt.co/,"city guide rotterdam & beyond since 2015 ✨ handpicked hotspots, curated city tips & weekend stays by @kikiques DM for",https://www.threads.com/@htspt.co?xmt=AQG0qESyW8iPmVPRzaPtk45X4N672bu43OTZyqDQIxcFWUg,None found,N/A,food blogger Rotterdam
thepetitecat,https://www.instagram.com/thepetitecat/,"Fashion lover & fashion maker ❤ Sewing & DIY projects ✂ Data Scientist 👩‍💻, Ph.D. Portuguese,📍based in The Netherlands",N/A,None found,N/A,fashion blogger Amsterdam
mennafoodjourney,https://www.instagram.com/mennafoodjourney/,Food Blogger👩‍🍳 📍Netherlands🇳🇱 Egypt🇪🇬 Travel Addict✈️ Your food Guide all over Europe & ME 🇪🇬🇰🇼🇦🇪🇳🇱🇬🇷🇮🇹🇫🇷🇵🇱🇭🇷🇧🇪🇪🇸 Join,N/A,None found,N/A,food blogger Rotterdam
naomichanellaing,https://www.instagram.com/naomichanellaing/,"somewhere between 30 and a mustard seed lifestyle, beauty & fashion @richlyblessedhome The Netherlands •",N/A,None found,N/A,influencer Rotterdam
awanderlustforlife,https://www.instagram.com/awanderlustforlife/,"A Wanderlust For Life 💂Helping you create memorable experiences in Europe 🏠 in #Amsterdam since 2014, traveled to 26",N/A,None found,N/A,creator Amsterdam
malcolmtatnell_,https://www.instagram.com/malcolmtatnell_/,🥝 Kiwi → Amsterdam 🎯Hyrox Pro Rotterdam | Rima Riga marathon 💪 Coach / Barista by day. 📩 | Collabs -,https://www.threads.com/@malcolmtatnell_?xmt=AQG0d-jfqqPXLtF2FoDGyTyZrwoD4YiO05nUllk36y2tgp0,None found,N/A,fitness influencer Amsterdam
visopzuid.amsterdam,https://www.instagram.com/visopzuid.amsterdam/,》di t/m vrij geopend 10 tot 18.00u zaterdags tot 17.00u verse soepen | verse maaltijden | opgemaakte schalen | oester,N/A,None found,N/A,thuiskok Amsterdam
merlijnthuis,https://www.instagram.com/merlijnthuis/,- Private chef - Registervinoloog - Wijnpoeverijen - Wijnverkoop - Catering,N/A,None found,N/A,thuiskok Amsterdam
flavoursbymees,https://www.instagram.com/flavoursbymees/,Private dining✨ • Weddings 🌹• events👨🏼‍🍳,N/A,None found,N/A,thuiskok Amsterdam
hofvancartesius,https://www.instagram.com/hofvancartesius/,"🌳 Circulair, coöperatief & groen 🧵 Duurzaam & creatieve ondernemers 🎪 Koningsdag: kids vrijmarkt & mini festival 📍",N/A,None found,N/A,kookworkshop Nederland
lovebeckyslife,https://www.instagram.com/lovebeckyslife/,417 posts,N/A,None found,N/A,thuiskok Amsterdam
kookpodium5,https://www.instagram.com/kookpodium5/,"👩🏽‍🍳 oudste kookschool van NL: 10.000+ cursisten! 🍇 workshops, partykoken, opleidingen & meer 🫑 meld je aan via onze",N/A,None found,N/A,kookworkshop Nederland
marias_paellas,https://www.instagram.com/marias_paellas/,The one and only Paella Valenciana Workshop based in the Netherlands (wherever you are).📍 Contact me and learn how to,N/A,None found,N/A,kookworkshop Nederland
angelo_dorny,https://www.instagram.com/angelo_dorny/,"✿ founder @ angelo.be ✿ tuinexpert, auteur en host bij #DePodkas ✿ planten • zaden • dahlia’s & meer ✿ in hart &",N/A,None found,N/A,kookworkshop Nederland
japanese_cuisine_ooi,https://www.instagram.com/japanese_cuisine_ooi/,Established 60y ago in Hiroshima Ooi-Sushi🍁 I offer traditional and authentic Sushi鮨&Kaiseki懐石🇯🇵🇳🇱 //Kikkoman Chef in EU🇪🇺,https://www.threads.com/@japanese_cuisine_ooi?xmt=AQF0u1acnBcJCkHEmMs4sLu-s6bdy2r6TfJuIERN3LtlbMc,None found,N/A,home chef amsterdam
homechefsamsterdam,https://www.instagram.com/homechefsamsterdam/,FoodiesForLife 😊 - Living in Netherlands ! 👨‍🍳👩‍🍳 - Sharing anecdotes of our 🍽 - DM for collaboration,N/A,None found,N/A,home chef amsterdam
homechefhuiberts,https://www.instagram.com/homechefhuiberts/,🦪 Seafood lover & foodie ✨ Makkelijke recepten met een groot wow-effect 🍷 WSET 3 student,https://www.threads.com/@homechefhuiberts?xmt=AQF0STuKDzUXZT6v1kEbW4e9ecB3xWLphp0aG3dlUc4Mg70,None found,N/A,home chef amsterdam
tokomayamsterdam,https://www.instagram.com/tokomayamsterdam/,"🌿 Vers uit eigen keuken #thuiskok 📍 Afhaallokatie aan huis, IJburg Amsterdam 🏡 Tram 26 | Bus 66 voor de deur 🍴",N/A,None found,N/A,thuiskok Amsterdam
flavorsbygina,https://www.instagram.com/flavorsbygina/,"‍🧑🏻‍🍳 Luxury Private chef, fine dining, villas events ✈️🛥️ 🍽 International fusion cuisine 🇳🇱The Netherlands",N/A,None found,N/A,thuiskok Amsterdam
howlovetastes,https://www.instagram.com/howlovetastes/,"✨ 𝑊𝑖𝑗 𝑔𝑒𝑙𝑜𝑣𝑒𝑛 𝑑𝑎𝑡 𝑒𝑡𝑒𝑛 𝑒𝑒𝑛 𝑣𝑜𝑟𝑚 𝑣𝑎𝑛 𝑘𝑢𝑛𝑠𝑡 𝑖𝑠, 𝑑𝑖𝑒 𝑚𝑒𝑛𝑠𝑒𝑛 𝑠𝑎𝑚𝑒𝑛𝑏𝑟𝑒𝑛𝑔𝑡, 𝑘𝑙𝑒𝑖𝑛𝑒 𝑣𝑒𝑟𝑟𝑎𝑠𝑠𝑖𝑛𝑔𝑒𝑛 𝑏𝑖𝑒𝑑𝑡 𝑒𝑛 𝑙𝑖𝑒𝑓𝑑𝑒 𝑢𝑖𝑡𝑑𝑟𝑢𝑘𝑡 𝑛𝑎𝑎𝑟",N/A,None found,N/A,thuiskok Amsterdam
omarcoox,https://www.instagram.com/omarcoox/,No bio found,N/A,None found,N/A,thuiskok Amsterdam
interieur.veer,https://www.instagram.com/interieur.veer/,Interieurstylist in opleiding 📚 Wooninspiratie | DIY | All day 📷 Warm & rustig interieur met een vleugje kleur ✨,N/A,None found,N/A,kok aan huis Enschede
juanhuisman,https://www.instagram.com/juanhuisman/,27 posts,N/A,None found,N/A,kok aan huis Enschede
ilse.vanrossum,https://www.instagram.com/ilse.vanrossum/,"❃ Proud mom of Ruby, Kiya & Levin ❃ Married with @edwinv.rossum",N/A,None found,N/A,kok aan huis Rotterdam
chatobi_wijn,https://www.instagram.com/chatobi_wijn/,Online wijnwinkel 🍷 De beste wijn rechtstreeks opgehaald bij kleinschalige makers 🍇,N/A,None found,N/A,kok aan huis Rotterdam
90minutespodcast,https://www.instagram.com/90minutespodcast/,⚽️🎧 Wekelijkse voetbalpodcast van @sporza.be & @friendsofsports voor @vrtmax_be.,https://www.threads.com/@90minutespodcast?xmt=AQF0KoCmRe8f4nhDn2BSbs_1F008C0Hv-IzN6LHNgzMgnCQ,None found,N/A,kok aan huis Rotterdam
eveneleveninteriors,https://www.instagram.com/eveneleveninteriors/,We craft & curate playful bespoke interiors ~ @dustydeco trade partner NL ~ Seen in ELLE Decoration • Residence • Living,N/A,None found,N/A,kok aan huis Rotterdam
kibbelingdepodcast,https://www.instagram.com/kibbelingdepodcast/,Kibbeling: dé podcast waarin we zonder gêne een gezond potje kibbelen! Luister elke woensdag exclusief op Podimo ❤️‍🔥,https://www.threads.com/@kibbelingdepodcast?xmt=AQF0vmvc613PLi7qf7hdWJ9BbEsGgf3xEuAZpuajJzmLWEk,None found,N/A,kok aan huis Rotterdam
franz_w_faeh,https://www.instagram.com/franz_w_faeh/,"Culinary Director from Gstaad Palace with an expierience of 47 years, to inspire his dishes by his own verison of asian",https://www.threads.com/@franz_w_faeh?xmt=AQF00wdoxi1AID_GOo-R8vj3RBLimJSNjTfWRuEqANCNABM,None found,N/A,chef aan huis Rotterdam
halalboodschapjes,https://www.instagram.com/halalboodschapjes/,"Één plek, alle boodschappen 🌍 • Gemak in HALAL 💜 • Vandaag koel bezorgd cold ❄️ 🚚 • VERS 🥩 🥕🥬🍞 • Alles HALAL gekeurd —",N/A,None found,N/A,thuiskok Rotterdam
soupdamour,https://www.instagram.com/soupdamour/,"Soep met liefde gemaakt en boordevol verse ingrediënten. Woon jij in Rotterdam, dan breng ik de soep bij jou. Je kunt",N/A,None found,N/A,thuiskok Rotterdam
yuri_wattimena,https://www.instagram.com/yuri_wattimena/,Chef / Owner @yanorotterdam ❤️ Daddy of Noah & Yara 💍 @britta.wattimena 🌏 Dutch - Moluccan 🔵⚪️🟢🔴🔴🔴,N/A,None found,N/A,private chef Rotterdam
khaosway.nl,https://www.instagram.com/khaosway.nl/,"🍜Tasty Burmese-inspired Noodle Bowls, created in Karachi 🇵🇰 & made in 📍 Rotterdam 🇳🇱 ✈️ 🔈TAKING ORDERS VIA HOMEMADE",N/A,None found,N/A,home chef Rotterdam
jardingoes,https://www.instagram.com/jardingoes/,"Een knus ontbijt en lunch zaakje!🏠 Wij verkopen Ontbijt Lunch Taart en heerlijke koffie.☕️ Alles zelf gemaakt, met veel",N/A,None found,N/A,kok aan huis Rotterdam
jantjeopdestatie,https://www.instagram.com/jantjeopdestatie/,"✨ Niet gewoon tafelen, maar een totaalbeleving Een avond vol smaak en bravoure in Valkenswaard 🎩 Jantje fluistert: dit",N/A,None found,N/A,kok aan huis Rotterdam
bioaanhuis,https://www.instagram.com/bioaanhuis/,"🍐 100% biologische groente & fruit aan huis in Zuid-Holland 🍽 De kortste weg van grond tot mond 🥦 Vers uit het seizoen,",N/A,None found,N/A,kok aan huis Rotterdam
delinijmegen,https://www.instagram.com/delinijmegen/,PERMANENT GESLOTEN,N/A,None found,N/A,thuiskok Rotterdam
royalty.kuwait,https://www.instagram.com/royalty.kuwait/,بوفيه أموونه من رويالتي. The art of catering. 📞: 60697675 لطلب البايركسات على هذا الرابط:⬇️,N/A,None found,N/A,catering aan huis Amsterdam
lotsofvega,https://www.instagram.com/lotsofvega/,"Plantaardig inspirator, auteur, chef en trainer",N/A,None found,N/A,kookworkshop Amsterdam
nederlandheeftalles,https://www.instagram.com/nederlandheeftalles/,Bestel de boeken: ‘Nederland heeft Alles’ en ‘Amsterdam heeft Alles’ hier 👇🇳🇱,N/A,None found,N/A,kookworkshop Amsterdam
sielgilissen,https://www.instagram.com/sielgilissen/,✨🌷🪩🍒🫶🏼💌🌻🫧 Maakt filmpjes voor @hbvl.be,N/A,None found,N/A,kookworkshop Amsterdam
terrasmus,https://www.instagram.com/terrasmus/,"Specialty koffie met veel lekkers, sappen, lunch en borrel in het Erasmuspark😍🤤 Open: ma-do 9-18 vr-zo 9-19",N/A,None found,N/A,kookworkshop Amsterdam
mataydemayee,https://www.instagram.com/mataydemayee/,"ORDER my cookbook, see link👇 📖 Haniyé in NL/BE 🇳🇱 🇧🇪 📖 The Oldest Kitchen In The World 🇺🇸 📖 Haniyé 🇩🇪 Best of 2024",N/A,None found,N/A,kookworkshop Amsterdam
kookhaven,https://www.instagram.com/kookhaven/,"Kookhaven is een locatie aan het waterrijke rafelrandje van Amsterdam die je kunt afhuren voor borrels, vergaderingen of",N/A,None found,N/A,kookworkshop Amsterdam
ozi_cooks,https://www.instagram.com/ozi_cooks/,Özel günleriniz için özenli catering hizmeti Taze & profesyonel sunum Kalite ve hijyen önceliğimiz Bilgi ve sipariş,N/A,None found,N/A,catering aan huis Amsterdam
beyondfit.club,https://www.instagram.com/beyondfit.club/,"💼 Helping busy professionals in Amsterdam feel strong, balanced & Healthy 🏋️‍♂️ PT | Small Group | Nutrition | Physio 💬",N/A,None found,N/A,personal chef Amsterdam
kg.catering.kw,https://www.instagram.com/kg.catering.kw/,Nino | Baker and Spice | Johnny Rockets | Leila | Kateh | Taboonat •For Bookings• 96655333 / 92201919,N/A,None found,N/A,catering aan huis Amsterdam
origineelvergaderen,https://www.instagram.com/origineelvergaderen/,"Dit zijn de meest bijzondere vergaderlocaties van Nederland. Unieke locaties voor vergaderingen, workshops, brainstorm &",N/A,None found,N/A,kookworkshop Amsterdam
thai_thai_poppetje,https://www.instagram.com/thai_thai_poppetje/,🍜HOUSE OF KHAO SOI SINCE 2019🍜 🕛 WED - SAT FROM 17.30🕘 Our Snacks @yaaibosnacks 🇹🇭 #thaistreetfood กินข้าวหรือยัง,N/A,None found,N/A,catering aan huis Amsterdam
sarahpuozzo,https://www.instagram.com/sarahpuozzo/,"🇮🇹 Italian food culture storyteller & curator 🎭 Italian Smaaktheater 🍝 @pasta_academy workshops (Tv-)chef, author, Ven",https://www.threads.com/@sarahpuozzo?xmt=AQF06ctbkAeNpWttXKdQiz354P8mk7Svzmd2KysP312__o8,None found,N/A,kookworkshop Amsterdam
broeirotterdam,https://www.instagram.com/broeirotterdam/,neo-bistro in west open van di-za vanaf 17:00 wijn • bar bites • diner,N/A,None found,N/A,chef aan huis Rotterdam
iffr,https://www.instagram.com/iffr/,International Film Festival Rotterdam 28 Jan – 7 Feb 2027,N/A,None found,N/A,thuiskok Rotterdam
maaspodium,https://www.instagram.com/maaspodium/,"🎭 theater, dans, muziek, circus en horeca 🏠 huis van Maas theater en dans @maastd 📌 Delfshaven - R'dam",N/A,None found,N/A,thuiskok Rotterdam
saida_nadi_benali,https://www.instagram.com/saida_nadi_benali/,Creative - craft - textile - food lover - recipe collector - available as couscous workshops hostess -,https://www.threads.com/@saida_nadi_benali?xmt=AQF0RPx0mlUgP2zgqV_QKXFtSSKhhUYTUFfhinZwT-l_frY,None found,N/A,kookworkshop Amsterdam
giorgia_ozzano_chef,https://www.instagram.com/giorgia_ozzano_chef/,👨‍🍳 Chef & Owner of @gio_cucina_italiana 🇮🇹 and @amo_by_gio in Amsterdam Member of @federcuochi,N/A,None found,N/A,personal chef Amsterdam
alexandra.totth,https://www.instagram.com/alexandra.totth/,Sous Chef 👩🏼‍🍳 at @nhowamsterdamrai Space enthusiastic 🔭🪐 Living in Amsterdam 🗺,https://www.threads.com/@alexandra.totth?xmt=AQF0DdKaUXC49tIyIP4miJWrZrXDTVw4NNG-1kfkrtgOQN0,None found,N/A,personal chef Amsterdam
spicetripwithpaulami,https://www.instagram.com/spicetripwithpaulami/,- Garam masala is my dope 🤌🏽 - Author of @specerijenbijbel @vegaindia_hetkookboek @debijbelvandeindiasekeuken - Top 5 G,N/A,None found,N/A,kookworkshop Amsterdam
wjliersen,https://www.instagram.com/wjliersen/,❤@annie.annie.annie.annie.annie 🐾Oscar(Staffordshire bullterriër) 🍺Shopmanager@bierwinkeldebarbier,https://www.threads.com/@wjliersen?xmt=AQF0UqyxuHslkL_bVQIZj3F3LZIwSitsv5YLL9wS8kICAYg,None found,N/A,kookworkshop Amsterdam
chef_thaer_dhimich,https://www.instagram.com/chef_thaer_dhimich/,Executive Chef | Culinary Artist ✨ Global Experience • Authentic Arab Flavors 📺 Featured on MBC & Fujairah TV 🍽 Fine,https://www.threads.com/@chef_thaer_dhimich?xmt=AQF0vhOYvLOkaERnLbCctoKH5gASRHgCtnvITlWHaLuZf1c,None found,N/A,chef aan huis Den Haag
sligro,https://www.instagram.com/sligro/,"Dé groothandel van Nederland 👨‍🍳 Volg ons voor uniek en nieuw assortiment, culinaire inspiratie, aanbiedingen, events",N/A,None found,N/A,private chef Den Haag
christianbau,https://www.instagram.com/christianbau/,shokunin | 3*** Michelin [since 2005] | 5 red toques G&M [19.5] | husband @_sarahbau_ | traveler | epicure | father |,N/A,None found,N/A,chef aan huis Den Haag
rachelle__yilmaz,https://www.instagram.com/rachelle__yilmaz/,Empowering women to be their own bosses. Tech Founder @visumeapp Group CEO @ausphingroup 📍SYD | DXB | ASIA,N/A,None found,N/A,chef aan huis Den Haag
devogeladvies,https://www.instagram.com/devogeladvies/,👋🏻 Verzekeringen + financieel advies 💡 Zekerheid op belangrijke momenten 💚 Goed voor elkaar,N/A,None found,N/A,kookworkshop Rotterdam
empressq8,https://www.instagram.com/empressq8/,الاختيار الأرقى لجميع مناسباتكم منذ عام 1992✨ Luxury lives in every detail ✨ الطلب عن طريق موقعنا🔗 او واتساب على,https://www.threads.com/@empressq8?xmt=AQF0y7Li-4d0FgpqdZmrkxuQfKVDGKZ_4L7_fybIgdZa2FE,None found,N/A,catering aan huis Rotterdam
billyvdgaag,https://www.instagram.com/billyvdgaag/,🌈👨‍👨‍👧‍👦 Papa van Jake (7) & Sophie (3) 👨‍❤️‍👨 met @jellehermus 🥚 Doe dingen voor soChicken,https://www.threads.com/@billyvdgaag?xmt=AQF0lBtICvSUfJqBYAc0HjsE28IWu92OtdFk4RRukJAijcI,None found,N/A,kookworkshop Rotterdam
onka.food,https://www.instagram.com/onka.food/,✨Özel menüler • Catering • Modern Sunumlar •Paket Sipariş •Fingerfood ✨Kafe ve İşletmeler (Tatlı & Tuzlu),N/A,None found,N/A,catering aan huis Rotterdam
werkenbijnysingh,https://www.instagram.com/werkenbijnysingh/,"Werken aan jezelf én de wereld om ons heen. Samen impact maken 📍Arnhem, Utrecht & Zwolle",N/A,None found,N/A,kookworkshop Rotterdam
dehaakzolder,https://www.instagram.com/dehaakzolder/,➳ Dé HAAKplek waar ik je graag wil inspireren. ➳ Auteur Cocoon! ♡ #blokinbaandeken ☾ #softpebbles ❊,N/A,None found,N/A,kok aan huis Utrecht
jeugdwerk.ypenburg,https://www.instagram.com/jeugdwerk.ypenburg/,"🟡 Den Haag 💚💛 ⚫️ Activiteiten voor en met jeugd uit Ypenburg 🟡 Piet Vink en de Yp, de Bras ⚫️ Meer info over Wijkz? Zie",N/A,None found,N/A,kookworkshop Den Haag
sofiaboem,https://www.instagram.com/sofiaboem/,📍The Netherlands,N/A,None found,N/A,kok aan huis Utrecht
shyama_hopman,https://www.instagram.com/shyama_hopman/,❤️Culinair & Lifestyle❤️ Food/Drinks • Vintage • Brocante • Kringloop • Italië • (Kook)Boeken • Minibieb • NL Den Haag 🏡,N/A,None found,N/A,kookworkshop Den Haag
join_ub,https://www.instagram.com/join_ub/,Wij willen meer mensen zoals jij en ik in actie laten komen voor kwetsbare kinderen. Daarom maken we helpen heel simpel,N/A,None found,N/A,kookworkshop Den Haag
tugela.85,https://www.instagram.com/tugela.85/,Tugela85 is een ontmoetingsplaats en broedplaats voor kunstenaars en cultureel ondernemers.,N/A,None found,N/A,kookworkshop Den Haag
hvdmeeberg,https://www.instagram.com/hvdmeeberg/,Misset Horeca - Buik van Amsterdam - Judge Winebar of the Year/Concours Mondial - De Ondernemer -,N/A,None found,N/A,private dining Den Haag
home_with_mahlatse_m,https://www.instagram.com/home_with_mahlatse_m/,Catering equipment/deco items Pretoria with an option to courier nationwide Account owned by @mahlatse_mokgohloa,N/A,None found,N/A,catering aan huis Den Haag
khn_denhaag,https://www.instagram.com/khn_denhaag/,"KHN Den Haag is er voor het collectief, om de belangen van horecaondernemers in Den Haag te behartigen. Zo versterken",N/A,None found,N/A,private dining Den Haag
okracatering.qa,https://www.instagram.com/okracatering.qa/,Okra Catering – Qatar 🇶🇦 Lebanon rooted 🇱🇧 | @okracatering.lb From intimate gatherings to large events Tailored menus •,N/A,None found,N/A,catering aan huis Den Haag
tienkooktvegetarisch,https://www.instagram.com/tienkooktvegetarisch/,"Vrolijke, vegetarische kooklessen op niveau!!!🌶🥦🥕 🥬🌽🥑🍆🍅🍋🧄🧅🧀🥚🥜🥖",N/A,None found,N/A,kookworkshop Rotterdam
zhucooknl,https://www.instagram.com/zhucooknl/,-Chinese Sichuan Cookery team building workshops -Culinary tour for chefs -F&B investment consultant C&E - info@zhucook,N/A,None found,N/A,kookworkshop Rotterdam
glow_decor_catering,https://www.instagram.com/glow_decor_catering/,🌟Glow Decor Catering🌟 🎉 DEKOR të shkëlqejmë eventet tuaja! 🍽️ CATERING me shije dhe stil! ☎️Kontaktoni: +383 49 490 839,N/A,None found,N/A,catering aan huis Rotterdam
vroesenpaviljoen,https://www.instagram.com/vroesenpaviljoen/,"📍 Je favoriete park hang-out in #Rotterdam 🛎️ Iedere dag open voor ontbijt, lunch en borrel 🪩 Iets te vieren? 👉🏾",N/A,None found,N/A,private dining Rotterdam
wegmetdebaas,https://www.instagram.com/wegmetdebaas/,De leukste sites voor het zoeken & vinden van teamuitjes en bedrijfsuitjes! 📌Citygames 🎖️Sport&Spel 🛵Fun op Wielen,N/A,None found,N/A,kookworkshop Rotterdam
nelas_cateringfood,https://www.instagram.com/nelas_cateringfood/,"Ushqime të shijshme për çdo festë tuajën✨ Porosit në dm ose në 📞+38346160987 📍FERIZAJ, rruga Sali Çeku (te gjykata e r",https://www.threads.com/@nelas_cateringfood?xmt=AQF0LaEhPwxSfm_mWfWSbbhJhHYAKRbmnQPz3QLieSwGQcQ,None found,N/A,catering aan huis Rotterdam
almaatynl,https://www.instagram.com/almaatynl/,Kazakh traditional handmade cuisine🇰🇿 Catering possible for small or big events🥟 @rotterdamseoogst second week of the mo,N/A,None found,N/A,kookworkshop Rotterdam
freshtablenl,https://www.instagram.com/freshtablenl/,🏆Award winning impact catering 🥗 (h)eerlijke wereldgerechten #halal & #veganfriendly 🫂@freshtablefoundation,N/A,None found,N/A,kookworkshop Rotterdam
echos.nl,https://www.instagram.com/echos.nl/,Welkom bij ECHOS! Neem een kijkje op onze website www.echos.nl voor meer info en openingstijden.,N/A,None found,N/A,home chef Rotterdam
vip_catering_baku,https://www.instagram.com/vip_catering_baku/,"🍽️ Tədbirlərin Təşkili Xidməti 🏦 Köçürmə ilə Ödəniş İmkanı 💒Toy, Nişan, Partilər, Açılışlar 🎉Catering, Furşet,",https://www.threads.com/@vip_catering_baku?xmt=AQF0i1uhaivYkFywwlOWYxI1xIPNh4t4kI6pRW6sB4bOO7o,None found,N/A,catering aan huis Rotterdam
saveurdamourcatering,https://www.instagram.com/saveurdamourcatering/,Serving Loveliest Taste! 📞+961 71 129 529 📍🇱🇧,N/A,None found,N/A,catering aan huis Rotterdam
blijebietjes,https://www.instagram.com/blijebietjes/,446 posts,https://www.threads.com/@blijebietjes?xmt=AQF0OcuTLGoGlJA2uUQ1IUmNYcoZFr-KwKf1Hk8oB0zEZ_Y,None found,N/A,kookworkshop Rotterdam
kibris_zuccaciye,https://www.instagram.com/kibris_zuccaciye/,⭐️Evinize Özel ⭐️ 📌Sipariş: DM & WhatsApp: 05462764625 📍Karagöz Cad. Büyük Pasaj Kat.2 / GAZİANTEP 📦TR’nin heryerine ka,N/A,None found,N/A,catering aan huis Rotterdam
moons.kitchenn,https://www.instagram.com/moons.kitchenn/,"Moon’s Kitchen 🌙 Turkish Culinary Heritage Ambassador Author & Researcher Connecting gastronomy, culture & tourism",N/A,None found,N/A,kookworkshop Rotterdam
okracatering.lb,https://www.instagram.com/okracatering.lb/,"📍 Bsalim, Lebanon ✨ Elevating Every Celebration 🍽️ Premium Catering Experience 📩 Bookings Open for Summer 2026 🇱🇧 🇶🇦",N/A,None found,N/A,catering aan huis Rotterdam
healthyfoodie_manon,https://www.instagram.com/healthyfoodie_manon/,• 🏡@healthyfoodie_athome • 📸@memories_by_manon • 💖 Marli '23 • 🍼borstvoeding • 🥰 samen slapen & intuïtief ouderschap,N/A,None found,N/A,kookworkshop Rotterdam
mimm.catering,https://www.instagram.com/mimm.catering/,📍İstanbul / Çekmeköy ♡ Kokteyl• Nişan• Söz• Fuar• Açılış• Doğum Günü organizasyon masalarınız için adresiniz ✨ ♡,N/A,None found,N/A,catering aan huis Rotterdam
koken_met_suus,https://www.instagram.com/koken_met_suus/,"#Cook#Share#Connect. Homemade fresh food for soul, good health and hapiness. Indian cooking workshops at my home with❤️",https://www.threads.com/@koken_met_suus?xmt=AQF0cKKK2pOZQQYmPQ5gus1xd5F-zqT0L5ci5dQqbnIutvs,None found,N/A,kookworkshop Rotterdam
mapet_kuhinja,https://www.instagram.com/mapet_kuhinja/,"Kuvajmo zajedno ! Uopste nije tesko,sa mnom vam nece trebati krilo slepog misa,rog jednoroga sa Madagaskara,niti rebro",N/A,None found,N/A,catering aan huis Rotterdam
dematroosenhetmeisje,https://www.instagram.com/dematroosenhetmeisje/,Table d’hôtes in #Rotterdam Iedere dag diner Lunch in het weekend Best Short List @starwinelist,N/A,None found,N/A,private dining Rotterdam
smokeygoodness,https://www.instagram.com/smokeygoodness/,Ervaar en maak de beste BBQ met ons 🔥 Catering | Workshops | (Web) shop | BBQ Boeken 📍Delft - BBQ Walhalla🛒 📍Amsterdam,N/A,None found,N/A,kookworkshop Rotterdam
tharwatkitchen,https://www.instagram.com/tharwatkitchen/,Good Food By Dina Zalatimo Delicious Desserts By Salma Sbitan نستقبل طلباتكم من 9 صباحاً حتى 7 مساءً للتواصي الطلب قبل,N/A,None found,N/A,catering aan huis Amsterdam
foodlocker_gr,https://www.instagram.com/foodlocker_gr/,📍𝑺𝒉𝒂𝒓𝒊𝒏𝒈 𝒉𝒂𝒑𝒑𝒊𝒏𝒆𝒔𝒔 𝒆𝒗𝒆𝒓𝒚𝒘𝒉𝒆𝒓𝒆. •ᴡᴇᴅᴅɪɴɢs• •ᴄʜʀɪsᴛᴇɴɪɴɢs• •ᴘʀɪᴠᴀᴛᴇ ᴇᴠᴇɴᴛs• •ᴘᴀʀᴛɪᴇs• •ᴘʀᴏᴍᴏᴛɪᴏɴs• 📩in,N/A,None found,N/A,catering aan huis Amsterdam
dijklanderziekenhuis,https://www.instagram.com/dijklanderziekenhuis/,"🏥 Het ziekenhuis van Waterland en West-Friesland 📍 Hoorn, Purmerend, Volendam & Enkhuizen 👉 Volg hier hoe Dijklanders",N/A,None found,N/A,kookworkshop Hoorn
epbeerepoot,https://www.instagram.com/epbeerepoot/,📍Hoorn📍Volendam📍Wervershoof 📍Bovenkarspel 📍Broek op Langedijk 📍Schagen 📱Service gerelateerde vragen? App 06-13396339,N/A,None found,N/A,kookworkshop Hoorn
praktijkbekind,https://www.instagram.com/praktijkbekind/,📍 𝘿é 𝙠𝙚𝙞𝙯𝙚𝙧𝙨𝙣𝙚𝙙𝙚 𝙗𝙚𝙝𝙖𝙣𝙙𝙚𝙡𝙖𝙖𝙧 𝙫𝙖𝙣 𝙒𝙚𝙨𝙩-𝙁𝙧𝙞𝙚𝙨𝙡𝙖𝙣𝙙 𝘱𝘰𝘴𝘵𝘱𝘢𝘳𝘵𝘶𝘮 𝘣𝘦𝘩𝘢𝘯𝘥𝘦𝘭𝘪𝘯𝘨𝘦𝘯 -𝘣𝘢𝘣𝘺𝘴𝘱𝘢-(𝘻𝘸𝘢𝘯𝘨𝘦𝘳𝘴𝘤𝘩𝘢𝘱𝘴) 𝘮𝘢𝘴𝘴𝘢𝘨𝘦,N/A,None found,N/A,kookworkshop Hoorn
cassandraschouten,https://www.instagram.com/cassandraschouten/,💗 music 💗 photography 💗 going to concerts 💗 drawing Pic,https://www.threads.com/@cassandraschouten?xmt=AQF0VLpKJSQkjuQZuPEo2Klez-XK9Yv_e1XxRHePhvo8KhM,None found,N/A,kookworkshop Hoorn
haaisociety,https://www.instagram.com/haaisociety/,Permanent gesloten vanaf 1 oktober 2020,N/A,None found,N/A,kookworkshop Hoorn
netherlandstravelers,https://www.instagram.com/netherlandstravelers/,"🇳🇱 Exploring the beauty of the Netherlands 🌷 Sharing local tips, places, and travel inspiration",N/A,None found,N/A,private dining Nederland
eenhoornevenementen,https://www.instagram.com/eenhoornevenementen/,"Evenementenbureau in Noord-Holland ✧ 𝖶𝗂𝗃 𝗈𝗋𝗀𝖺𝗇𝗂𝗌𝖾𝗋𝖾𝗇 𝖻𝖾𝖽𝗋𝗂𝗃𝖿𝗌-, 𝗏𝗋𝗂𝗃𝗀𝖾𝗓𝖾𝗅𝗅𝖾𝗇- 𝖾𝗇 𝖿𝖺𝗆𝗂𝗅𝗂𝖾𝗎𝗂𝗍𝗃𝖾𝗌! ✧ 𝖡𝖾𝗄𝗂𝗃𝗄 𝗈𝗇𝗌 𝖺𝖺𝗇𝖻𝗈𝖽 𝗈𝗉",N/A,None found,N/A,kookworkshop Hoorn
lekkerkoken.nu,https://www.instagram.com/lekkerkoken.nu/,73 posts,N/A,None found,N/A,kookworkshop Hoorn
eatertainment.nl,https://www.instagram.com/eatertainment.nl/,"✨ Persoonlijke food inspiratie voor ieder moment 🍜 Snelle & makkelijke recepten 👇🏻 Proeverijen, workshops & events bij",N/A,None found,N/A,kookworkshop Nederland
grachtenatelier,https://www.instagram.com/grachtenatelier/,Dé leukste workshops in Utrecht!  Culinair & creatief 🎨🍴 📍Centrum van Utrecht 📱Online te boeken,https://www.threads.com/@grachtenatelier?xmt=AQF044mDD4Anm3phkFVmUIgQdBa73R8S3hxYOm0ia4LVJs4,None found,N/A,kookworkshop Nederland
carbonnetwork_cn,https://www.instagram.com/carbonnetwork_cn/,Netwerk club voor ondernemers die willen groeien 🚀 • Founder @merlinmelles • Exclusieve events en waardevolle,N/A,None found,N/A,kookworkshop Nederland
kindofasiancooking,https://www.instagram.com/kindofasiancooking/,🌿Chef kookt vega(n) Aziatisch 🌿Gratis recepten} www.kindofasian.com 🌿 @masterclassveganthais eBook/ cursus 'MASTERCLASS,N/A,None found,N/A,kookworkshop Nederland
dr.albertschweitzerhavovwo,https://www.instagram.com/dr.albertschweitzerhavovwo/,🇨🇼HAVO/VWO school op Curaçao 📚NUFFIC Certified Junior TTO School (NE-EN) ☎️7378440 EXT 301,N/A,None found,N/A,kookworkshop Nederland
williamboeva,https://www.instagram.com/williamboeva/,• Stand-up comedian • TV-Host • Epic dwarf,N/A,None found,N/A,kookworkshop Nederland
deyogaschuur,https://www.instagram.com/deyogaschuur/,Yogadocent sinds 2015 | Fysiotherapeut | Yogafilosofie & anatomie docent | ‘Always a yogastudent’ sinds 2006 | Retraites,N/A,None found,N/A,kookworkshop Nederland
groetenuitzierikzee,https://www.instagram.com/groetenuitzierikzee/,💙 | Home is where the 💙 is 📸 | Pictures from beautiful Zierikzee and Schouwen-Duiveland 💁‍♀️ @groetenuitzierikzee and,N/A,None found,N/A,kookworkshop Nederland
buitenhuisdejagendekok,https://www.instagram.com/buitenhuisdejagendekok/,"Wild van de jager zelf. Workshop, diner. BBQ, wild on line bestellen & catering. Puur eerlijk en heerlijk. 🐗🦌🍽🍖🍗",N/A,None found,N/A,kookworkshop Nederland
ej_bijzondereplekjes,https://www.instagram.com/ej_bijzondereplekjes/,"Ontdek bijzondere plekjes, hippe eettentjes, unieke uitjes en originele slaapplekken. En dat allemaal in ons mooie",N/A,None found,N/A,kookworkshop Nederland
aviko_nl,https://www.instagram.com/aviko_nl/,We maken je kookweek graag leuker met lekkere recepten die bijna niet kunnen mislukken. 💛 📸 Deel je foto met,N/A,None found,N/A,kookworkshop Nederland
michielwaterman,https://www.instagram.com/michielwaterman/,"Inspire, involve, commit, love",N/A,None found,N/A,kookworkshop Harderwijk
raffaelaamato,https://www.instagram.com/raffaelaamato/,Privé kok | Kookboek | Gastdocent | Culinair adviseur | Kookworkshops | 06-271 62 728,N/A,None found,N/A,thuiskok Doetinchem
rost_cooking,https://www.instagram.com/rost_cooking/,RostCooking is uw private chef uit Doetinchem. Gespecialiseerd in private dining. #privatechef #doetinchem,N/A,None found,N/A,thuiskok Doetinchem
vanoudsdoetinchem,https://www.instagram.com/vanoudsdoetinchem/,2021-2025 Nog een keer op @festival_achterland in juni 2025💃,N/A,None found,N/A,thuiskok Doetinchem
odaslofstra,https://www.instagram.com/odaslofstra/,"Oda Slofstra, recept ontwikkelaar, stilleven en food fotograaf, BBQ lover. Samenwerking passend bij mijn Instagram",https://www.threads.com/@odaslofstra?xmt=AQF0HPWCX-ZrZYfokRU-OC2zLm28jPwFLSb5aoKQtYN447s,None found,N/A,kookworkshop Harderwijk
harderwijksezaken,https://www.instagram.com/harderwijksezaken/,Harderwijkse Zaken is hét platform voor regionaal en zakelijk nieuws uit #Harderwijk en #Hierden!,N/A,None found,N/A,kookworkshop Harderwijk
exploreharderwijk,https://www.instagram.com/exploreharderwijk/,Insta guide voor Harderwijk lovers | activiteiten • hotspots • stadsleven | tag #exploreharderwijk | samenwerken? Stuur,N/A,None found,N/A,kookworkshop Harderwijk
_s_u_n_s_h_i_n_e_,https://www.instagram.com/_s_u_n_s_h_i_n_e_/,• volg onze chaos op @de_kleine_grote_dingen,N/A,None found,N/A,kookworkshop Harderwijk
wijkverenigingdrielanden,https://www.instagram.com/wijkverenigingdrielanden/,"""Het behartigen van de belangen van de wijkbewoners en het behoud en verbetering van de leefbaarheid in- en rondom de",N/A,None found,N/A,kookworkshop Harderwijk
elinegroenendijk,https://www.instagram.com/elinegroenendijk/,🍷 Register Vinoloog 🍷 Wijndocent SDEN 🍷 Wijnproeverijen 🍷 Wijnadviseur 🍷 W,N/A,None found,N/A,kookworkshop Harderwijk
ziekenhuisgeldersevallei,https://www.instagram.com/ziekenhuisgeldersevallei/,"Het ziekenhuis voor voeding, bewegen en slaap. Kom je bij ons werken? 🤩👉🏽 @werkenbijzgv 💚Ontdek ook:",N/A,None found,N/A,kookworkshop Harderwijk
vooreenmooiestad,https://www.instagram.com/vooreenmooiestad/,❤️ Platform voor bewonersinitiatieven 💡 Breng je idee tot leven 👬🏻 Samen met de stad,https://www.threads.com/@vooreenmooiestad?xmt=AQF0hp_hoQQMO8dulEgr3CicQ97Cg__ULcuFd9NDdtttj20,None found,N/A,thuiskok Hoorn
kjell__nieuwenhuizen,https://www.instagram.com/kjell__nieuwenhuizen/,71 posts,N/A,None found,N/A,chef aan huis Hoorn
chefrawat844,https://www.instagram.com/chefrawat844/,पहाड़ी 🚩🚩Chef Uk09 से DM for Paid 💰promotion & video editing Wish me 4 October Dance lover 🕺🕺 Jai uttarakhand 🙏❤ Jai D,https://www.threads.com/@chefrawat844?xmt=AQF0CogZ8tj46cn2TKGIle-d_10BY6i8jPR6iA1o90_Klz0,None found,N/A,chef aan huis Hoorn
dumoicatering,https://www.instagram.com/dumoicatering/,Culinaire beleving op maat Events • Bruiloften • Private dining ☕ Cupffee NL – edible coffee cups 👇 Ontdek & werk met,N/A,None found,N/A,thuiskok Hoorn
vrijwilligerspuntwf,https://www.instagram.com/vrijwilligerspuntwf/,"Wij ondersteunen vrijwilligers en vrijwilligerswerk met advies, onderzoek en projecten. #vrijwilligerspuntwf Link in",N/A,None found,N/A,thuiskok Hoorn
corine_thuis,https://www.instagram.com/corine_thuis/,THUIS - passie voor wonen - nr13 - op ons landgoed - wonen aan de rand van het bos - 🐶🐈🐶,N/A,None found,N/A,thuiskok Hoorn
knivingknives,https://www.instagram.com/knivingknives/,Het ontwerpen en vervaardigen van scherpe voorwerpen😁🗡 Custom made knives Wilt u een mes voor het leven. Contact,N/A,None found,N/A,thuiskok Hoorn
westfrieskrant.nl,https://www.instagram.com/westfrieskrant.nl/,Westfrieskrant.nl brengt het nieuws uit West-Friesland online bij jou.,https://www.threads.com/@westfrieskrant.nl?xmt=AQF0hEPwQBrIRwXpGACSRikBzKXnvxXEHdC0_pnj3xso2So,None found,N/A,thuiskok Hoorn
zoldering.nl,https://www.instagram.com/zoldering.nl/,"Maandag t/m Vrijdag vanaf 17:30 Zaterdag vanaf 16:00 Reserveringen via website, niet DM Bekijk ook @lofdewijnwinkel &",N/A,None found,N/A,kok aan huis Amsterdam
noramaria.nl,https://www.instagram.com/noramaria.nl/,"You focus on your business, we focus on your online representation and story: @noramaria.agency Samenwerken? ✉️",https://www.threads.com/@noramaria.nl?xmt=AQF0npUpoVgrO6vF-efolO2eHZLpThOm2EamtyoThXz9OpU,None found,N/A,kok aan huis Amsterdam
brianmarkhansen,https://www.instagram.com/brianmarkhansen/,Bocuse d’Or Europe 2022🥇 Bocuse d’Or Winner 2023🥇,N/A,None found,N/A,chef aan huis Amsterdam
oef.amsterdam,https://www.instagram.com/oef.amsterdam/,Fresh food that makes your mouth water ✨ Private Dining - Events - Weddings - Pastry,N/A,None found,N/A,home chef Amsterdam
laura.vanbeest,https://www.instagram.com/laura.vanbeest/,"📺 Deed mee aan MasterChef NL 👩🏻‍🍳 Hobby's: brunch, borrel & diner 🏳️‍🌈👩🏼‍🤝‍👩🏻 Amsterdam 🍾 @popupbaanenbeest",N/A,None found,N/A,private chef Amsterdam
djassault1,https://www.instagram.com/djassault1/,Booty Bass pioneer DJ Assault is responsible for bringing dirty lyrics and 808 beats from the urban streets of Detroit,N/A,None found,N/A,kok aan huis Amsterdam
surinaams_buffet_catering,https://www.instagram.com/surinaams_buffet_catering/,Surinaamse Catering Sinds 1985 Opgericht Door Mavis Hofwijk 🥟 Specialist In Fingerfood 🍛 Buffetten & Lunches 🍰 Taarten,N/A,None found,N/A,catering aan huis Amsterdam
tailorkitcatering,https://www.instagram.com/tailorkitcatering/,Bringing taste to your Wedding and special events since 2011 💫 📲 70118887 | 01888582,N/A,None found,N/A,catering aan huis Amsterdam
het.westindischhuis,https://www.instagram.com/het.westindischhuis/,Dé locatie voor jouw evenement in hartje Amsterdam Inhouse cateraar 👉 @taste.ams,N/A,None found,N/A,catering aan huis Amsterdam
aljadi_sa,https://www.instagram.com/aljadi_sa/,جودة فاخرة تملؤها الحفاوة لخدمات الضيافة والبوفيهات: 920003771,N/A,None found,N/A,catering aan huis Amsterdam
vergaderlocaties.nl,https://www.instagram.com/vergaderlocaties.nl/,🇳🇱 Vergaderlocaties door héél NL ➡️ Vrijblijvende offerte op maat #vergaderlocaties #vergaderlocatie #vergaderruimtes,N/A,None found,N/A,private dining Amsterdam
aylamaagdenberg,https://www.instagram.com/aylamaagdenberg/,📷 Photojournalist and portrait photographer 🖥 Graphic designer 📍 Based in Amsterdam 📩 DM for collab,N/A,None found,N/A,private chef Amsterdam
ciaomilton,https://www.instagram.com/ciaomilton/,Tibetan Terrier connoisseur supermodel 🐼 Famous for his sploots 🍪 Homemade all natural dog-treats & cakes 🧳 Tips on,N/A,None found,N/A,private chef Amsterdam
nussym_,https://www.instagram.com/nussym_/,•🇹🇳🇳🇱 •666 •28_3 🫆,https://www.threads.com/@nussym_?xmt=AQF0UbSUqGhs371fXvQaE9Yn1LmdEfDTsntWyGyTEmhw7b8,None found,N/A,chef aan huis Amsterdam
nickis_beautyworld,https://www.instagram.com/nickis_beautyworld/,YT & Reality TV Personality 🎬 👗@mystylerocksgermany ❤ @makelovefakelove_rtl 👑 @shoppingqueen.vox 🌈 Jury,https://www.threads.com/@nickis_beautyworld?xmt=AQF0OpM8wnQ9spYeFvtwAOp1nPWbLlFmPvmkBNb1CGCbVEs,None found,N/A,kok aan huis Amsterdam
ronald_mcdonald_huis_emma,https://www.instagram.com/ronald_mcdonald_huis_emma/,Ronald McDonald Huis Emma Amsterdam biedt een thuis voor gezinnen van kinderen die worden behandeld @ Emma,N/A,None found,N/A,chef aan huis Amsterdam
lamghani.youssef,https://www.instagram.com/lamghani.youssef/,55 posts,https://www.threads.com/@lamghani.youssef?xmt=AQF0bRm6wom3g0Y5MA4RWZQ-eo0KcSQGo-7YLlKdjri4B6k,None found,N/A,chef aan huis Amsterdam
_koreymercer,https://www.instagram.com/_koreymercer/,@usczta,https://www.threads.com/@_koreymercer?xmt=AQF0vacau5qeaWeUW2RVGfgimnohbtOCOV9kyYP3ENFJhKA,None found,N/A,kok aan huis Amsterdam
fondo.cocina,https://www.instagram.com/fondo.cocina/,Cocina de estación por @juan_cimino El otro lado de FONDO @fondito.bar // de Miércoles a Sábados Pasco 1547 - Rosario,N/A,None found,N/A,chef aan huis Amsterdam
rudelicious_food,https://www.instagram.com/rudelicious_food/,245 posts,N/A,None found,N/A,thuiskok Amsterdam
lxmatten,https://www.instagram.com/lxmatten/,"Ontdek onze stijlvolle entreematten op maat én design buitenmat. As seen in: Grazia, Jan, Kopen zonder Kijken en LINDA.✨",N/A,None found,N/A,kok aan huis Amsterdam
kookmeemetc,https://www.instagram.com/kookmeemetc/,Kookinspiratie,N/A,None found,N/A,kok aan huis Amsterdam
williams.farmhouse,https://www.instagram.com/williams.farmhouse/,"🐎 A culinary countryside journey 🌾 Rooted in the heart of Amsterdam 🗝️ Open Tuesday till Sunday, lunch and dinner",N/A,None found,N/A,kok aan huis Amsterdam
pastelinhuis,https://www.instagram.com/pastelinhuis/,"● redacteur/copywriter ♡ planten/bloemen, pasteltinten, interieur en mode ☆ voor samenwerkingen: 💌",N/A,None found,N/A,kok aan huis Amsterdam
foodlicious.amsterdam,https://www.instagram.com/foodlicious.amsterdam/,+ 🥕 homeMadeFood | TipsInTown +📍 Amsterdam | Leiden | Travel + 🥥🌴🇱🇰 Last location = Sri Lanka!,N/A,None found,N/A,home chef Amsterdam
_odobodo,https://www.instagram.com/_odobodo/,👩🏻‍🍳 Cooking Italian in a Dutch kitchen 🥖 Home baker 🏠 odobodo cooks on Monday’s #odobodo #sempliceandlekker,N/A,None found,N/A,home chef Amsterdam
chef_joshus,https://www.instagram.com/chef_joshus/,Head Chef @hideandfox ⭐️⭐️ @michelinguide 2026 / @aa_hospitality 🏵🏵🏵 Previously Head Chef @thebridgearms ⭐️,https://www.threads.com/@chef_joshus?xmt=AQF09OfYTZQy4vEQONWVrfq7lddQ0X4EuAf-h2sgGXbayk0,None found,N/A,chef aan huis Amsterdam
tasty.talks,https://www.instagram.com/tasty.talks/,Authentic cultural cuisines🍽️ Platform for supper clubs & cooking workshops ☘️Event Caterings 📍Amsterdam 🧠,https://www.threads.com/@tasty.talks?xmt=AQF0DON_ZqoiAiq4PJel_07Onkr9xHzLT_ODr7NMcYr3C68,None found,N/A,home chef Amsterdam
chef.adrienne,https://www.instagram.com/chef.adrienne/,Private dining Amsterdam,https://www.threads.com/@chef.adrienne?xmt=AQF00SRPDjl4cO9RKanvIiZT19WhnCQx98Jl8fIMYGMjTzo,None found,N/A,private chef Amsterdam
anniepannie_nl,https://www.instagram.com/anniepannie_nl/,"💜Véél groente, weinig ingrediënten 💙Join de #ANNIEPANNIE community! 💛 Mango’s, knettersuiker en Den Haag Al mijn",https://www.threads.com/@anniepannie_nl?xmt=AQF0Zh9wkjXDgg3tl4VaMEopaG1FK7Jt5FC86W98zNSTEZ8,None found,N/A,kookworkshop Den Haag
chris_telt_boeken,https://www.instagram.com/chris_telt_boeken/,🙋🏻‍♀️: 43 jr | Jongensmama | Creatief 📖: CR De Asielmoorden 📚: Recensies | Buddyreads 🩺: Overleven met,N/A,None found,N/A,kookworkshop Den Haag
suzys.roze.boerderij,https://www.instagram.com/suzys.roze.boerderij/,🎀 Interieur fotos’s en creativiteit 🎀 Samenwerken? Stuur me gerust een berichtje!,N/A,None found,N/A,kok aan huis Enschede
italiaansedelicatesse,https://www.instagram.com/italiaansedelicatesse/,🇮🇹 𝔸𝕦𝕥𝕙𝕖𝕟𝕥𝕚𝕖𝕜𝕖 𝕀𝕥𝕒𝕝𝕚𝕒𝕒𝕟𝕤𝕖 𝕡𝕣𝕠𝕕𝕦𝕔𝕥𝕖𝕟 🇮🇹 🚚 𝕍𝕖𝕣𝕫𝕖𝕟𝕕𝕚𝕟𝕘 𝕓𝕚𝕟𝕟𝕖𝕟 𝕖𝕟 𝕓𝕦𝕚𝕥𝕖𝕟 ℕ𝕖𝕕𝕖𝕣𝕝𝕒𝕟𝕕 🎁 𝔾𝕖𝕤𝕔𝕙𝕖𝕟𝕜𝕒𝕣𝕥𝕚𝕜𝕖𝕝𝕖𝕟 🛒𝑲𝒍𝒊𝒌 𝒐𝒑 𝒅𝒆 𝒍𝒊𝒏𝒌👇,https://www.threads.com/@italiaansedelicatesse?xmt=AQF05VBGKsZfxmsbq8DdELePCirXGJvdfVaECBL08FONEEY,None found,N/A,kookworkshop Almere
matthias.214,https://www.instagram.com/matthias.214/,24 posts,N/A,None found,N/A,kok aan huis Breda
de_woerdt,https://www.instagram.com/de_woerdt/,𝔼𝕖𝕟 𝕜𝕚𝕛𝕜𝕛𝕖 𝕚𝕟 𝕞𝕚𝕛𝕟 𝕝𝕖𝕧𝕖𝕟 • Mama van twee [7&9] • Gaat emigreren naar Bonaire 🌴 • Runt een Boutique B&B -> te koop •,N/A,None found,N/A,kok aan huis Breda
tommytomatonederland,https://www.instagram.com/tommytomatonederland/,Alle kinderen groente-eters voor ‘t leven! 🥗groentelunch op school 🧑‍🏫spelenderwijs leren over voeding 🧑‍🍳zelfstandig,N/A,None found,N/A,kookworkshop Almere
hetkaninalmerewonen,https://www.instagram.com/hetkaninalmerewonen/,🏡 Vernieuwend wonen 🌇 Moderne stad van de toekomst Deel jouw beleving met ons via #woneninalmere,N/A,None found,N/A,kookworkshop Almere
polderparade,https://www.instagram.com/polderparade/,De Polder Parade brengt voedsel uit Flevoland naar de plek waar het hoort: in de publieke ruimte! Een levendig toneel,N/A,None found,N/A,kookworkshop Almere
wildekeuze,https://www.instagram.com/wildekeuze/,NEXT: WINTERMARKT 🪩 Van 20 t/m 23 december 🏡 @theatergezelschap_vis_a_vis 🛒 Dé plek voor al je kerst boodschappen ✨ Ma,N/A,None found,N/A,kookworkshop Almere
kleurincultuur,https://www.instagram.com/kleurincultuur/,"Kunst en cultuur in heel Almere, voor Ally's jonge creatives (4 t/m 18). Bekijk ons workshopaanbod ⬇️",N/A,None found,N/A,kookworkshop Almere
kellybeukers,https://www.instagram.com/kellybeukers/,☆ 4 KINDEREN (HELP🤪) ♡ VERLOOFD 💍 @rorytayturubassa 💪🏼 VAN BABYBUMP NAAR SIXPACK (hoop ik🤣),https://www.threads.com/@kellybeukers?xmt=AQF0o8vVT5pJrYcVhaXxEGjkL-UiIcMtZmR5sHlZ8DmVxC4,None found,N/A,kok aan huis Breda
woneninalmere,https://www.instagram.com/woneninalmere/,Nieuws - Evenementen - Foto's Kortom alles van Almere,N/A,None found,N/A,kookworkshop Almere
mathijsvrieze,https://www.instagram.com/mathijsvrieze/,Mindset & business coach Private chef Mallorca Creative marketing 12design.nl Boutique homestay @yurtmallorca The Barn,N/A,None found,N/A,kookworkshop Almere
deliziamo,https://www.instagram.com/deliziamo/,"Vers, huisgemaakt, met de beste ingrediënten. Voor de lekkerste broodjes, wijn, delicatessen, verse pasta of maaltijden.",N/A,None found,N/A,kookworkshop Almere
de_week_van_ons_eten,https://www.instagram.com/de_week_van_ons_eten/,"📆 ""De Week van Ons Eten"" | 3-10 oktober 2026 🍏 Check onze website voor alle activiteiten #deweekvanonseten",https://www.threads.com/@de_week_van_ons_eten?xmt=AQF0xzCUSujQMr6xMa0Y6AwiUaqmk9sQ3CqrkmjEQWqgPpc,None found,N/A,kookworkshop Almere
bibivanlieshout,https://www.instagram.com/bibivanlieshout/,ACTOR ✨ THEATREMAKER Based in BE & NL 🌊🌊🌊 WORK:,N/A,None found,N/A,kok aan huis Breda
cathelijnex,https://www.instagram.com/cathelijnex/,foodblogger | cook | photographer | graphic designer | traveller | trainer compassionate communication | reiki | Empathy,N/A,None found,N/A,kookworkshop Almere
ilsefabrie,https://www.instagram.com/ilsefabrie/,"• Photo diary 📸 • Hiking, yoga, nature 🏃🏽‍♀️🧘🏻‍♀️ 🌱 • Wanderlust 🌏📍Oostenrijk 🏔️ • 💕 Stijn, Fenne & Mats • Manifestor ✨",N/A,None found,N/A,kookworkshop Breda
insta_sven73,https://www.instagram.com/insta_sven73/,Kookgek @tabledhotescuisine | Kookboekschrijver | Bourgondiër |,N/A,None found,N/A,kookworkshop Breda
parketvloermeesters,https://www.instagram.com/parketvloermeesters/,🌳 Dé specialist in houten vloeren 📍 Gevestigd in Oirschot 💪🏼 Ruim 400m2 showroom 📞 0499 210 001,N/A,None found,N/A,kok aan huis Breda
de_zuiderdijk,https://www.instagram.com/de_zuiderdijk/,- Bed & Breakfast🏠 - Yoga / Zwangerschapsyoga / Pilates - Massages - Kambo🐸 -,N/A,None found,N/A,kok aan huis Breda
yannickluggie,https://www.instagram.com/yannickluggie/,1 post,N/A,None found,N/A,kok aan huis Breda
stijnderuijter,https://www.instagram.com/stijnderuijter/,@sssheren1 🏐,https://www.threads.com/@stijnderuijter?xmt=AQF0jYpiWz9pPMyZwNKk3d95S9cJHzIz4wb81gN6SXYUg9E,None found,N/A,kok aan huis Breda
vastgoedclub.nl,https://www.instagram.com/vastgoedclub.nl/,🇳🇱 #1 Vastgoed club van Nederland 🏠 Exclusive woningen & off-market deals 👇🏼 Financier jouw vastgoed ontwikkeling,N/A,None found,N/A,kok aan huis Breda
t_huisbreda,https://www.instagram.com/t_huisbreda/,774 posts,N/A,None found,N/A,kok aan huis Breda
martinodipiemonte,https://www.instagram.com/martinodipiemonte/,"Piemonte in jouw keuken. Samen koken, proeven en beleven. Nu ook glutenvrij - ei vrij en lactose vrije gerechten ook in",https://www.threads.com/@martinodipiemonte?xmt=AQF0O7pOvVPtUkUbNEz9y5eZFiMbSeB-gHMbmLrycGPPGQM,None found,N/A,kookworkshop Almere
diabeternl,https://www.instagram.com/diabeternl/,"🧡 Type 1 diabeteszorg voor alle leeftijden 📍 Locaties: Rotterdam, Amsterdam, Groningen, Deventer & Eindhoven Een gezond",N/A,None found,N/A,kookworkshop Groningen
harrie_de_vries,https://www.instagram.com/harrie_de_vries/,Eigenaar Hoogelandcatering/Vader 3 kids/fc Groningen/facilitair manager,N/A,None found,N/A,kookworkshop Groningen
demelkfabriekbunne,https://www.instagram.com/demelkfabriekbunne/,ᴅᴇ ᴍᴇᴇsᴛ ɪɴsᴘɪʀᴇʀᴇɴᴅᴇ ᴠᴇʀɢᴀᴅᴇʀ- ᴇɴ ᴇᴠᴇɴᴇᴍᴇɴᴛᴇɴʟᴏᴄᴀᴛɪᴇ ᴠᴀɴ ᴅʀᴇɴᴛʜᴇ!,N/A,None found,N/A,kookworkshop Groningen
dennisnolle,https://www.instagram.com/dennisnolle/,"Passie voor koken. Geef kooklessen, kookworkshops en verzorg cateringen.",N/A,None found,N/A,kookworkshop Groningen
denniscookingplace,https://www.instagram.com/denniscookingplace/,Kooklessen en catering. Passie voor koken. Eigen kookschool in Groningen.,N/A,None found,N/A,kookworkshop Groningen
gastvrijwesterkwartier,https://www.instagram.com/gastvrijwesterkwartier/,Het Westerkwartier. Voor wie er even helemaal uit wil zijn. Er valt hier zo veel te ontdekken.,N/A,None found,N/A,kookworkshop Groningen
huisvoordeaarde,https://www.instagram.com/huisvoordeaarde/,"🛖 Huis voor de Aarde + bieb 📚 🥬 Eemstuin: bio-dynamische groente 🥕 Groentekraam, -pakket, -winkel aan huis 📆 hipsy",N/A,None found,N/A,kookworkshop Groningen
cesarbellidocoach,https://www.instagram.com/cesarbellidocoach/,"1,701 posts",N/A,None found,N/A,chef aan huis Almere
ahmed.bensemlali,https://www.instagram.com/ahmed.bensemlali/,Coach @bocusedor.morocco 🇲🇦 @bocusedorafrica 2024 🏆🇲🇦 @michelinguide 2020 ⭐️🇫🇷 🥇 @rougiegastronomie 2020 🥇@maisonmasse,N/A,None found,N/A,chef aan huis Almere
itz.isah_._,https://www.instagram.com/itz.isah_._/,I have an Angel in Heaven🕊 psalms 139:14🙏 11/04🥳 DANC€R | Small Business owner | Event planner| Cooking lover❤️,https://www.threads.com/@itz.isah_._?xmt=AQF0EqvkgvhCJ_dhpyxjJfKdE2i6jJ3NdKZQBM_-q1DeZHI,None found,N/A,chef aan huis Almere
kokenenwonen,https://www.instagram.com/kokenenwonen/,🏆 Beste kookwinkel van Nederland 2025-2026 (GIA) 🍳 Prachtige merken voor alles in de keuken! 📦 Binnen 3 (werk)dagen bi,N/A,None found,N/A,kookworkshop Groningen
xaquariusz,https://www.instagram.com/xaquariusz/,"MULTIFAN ACCOUNT || Post: The Boyfriend S1💚|| IG story : JunSeongHo,10DANCE, Machida Keita x Takeuchi Ryoma ❤︎ || FOR",https://www.threads.com/@xaquariusz?xmt=AQF0y-avTe8-wNMtxQv-YLlau-Eq_2plCtrBguyVffCcnfA,None found,N/A,chef aan huis Almere
sgourmantise_19,https://www.instagram.com/sgourmantise_19/,"•𝒢𝑜𝓊𝓇𝓂𝒶𝓃𝓉𝒾𝓈𝑒 — 𝒫𝓁𝒶𝒾𝓈𝒾𝓇 𝓈𝓊𝒸𝓇é & 𝓇𝒶𝒻𝒻𝒾𝓃é •𝒮𝒶𝓋𝑒𝓊𝓇𝓈, 𝒹𝑜𝓊𝒸𝑒𝓊𝓇 & 𝒸𝓇é𝒶𝓉𝒾𝓋𝒾𝓉é 🌱 •𝒮𝓊𝓇 𝒸𝑜𝓂𝓂𝒶𝓃𝒹𝑒 (salé /sucré) .",https://www.threads.com/@sgourmantise_19?xmt=AQF0lOsDcIytT4QyJtysxCslyrXxJBCPOpQWCrdQypwm0dc,None found,N/A,chef aan huis Almere
the.ai.kitchenn,https://www.instagram.com/the.ai.kitchenn/,🥇Ai | Cook | Chefs | Kitchen | 🔪 🥈Welcome to Subscribe ♾️ 🥉For Your Questions | DM ✍️ 🎖️Imagination + Artificial,N/A,None found,N/A,chef aan huis Almere
enactusgroningen,https://www.instagram.com/enactusgroningen/,🌱 💡Studenten platform voor Sociaal- en Duurzaam Ondernemerschap! 💡🌱 Infoborrel bestuur 2026-2027: 13 april 20:00 in Der,N/A,None found,N/A,kookworkshop Groningen
vanosarchitecten,https://www.instagram.com/vanosarchitecten/,Joep van Os | van Os Architecten. Architect van exclusieve villa's en schuurwoningen en ontwerpt door heel Nederland,N/A,None found,N/A,private dining Breda
cucinafrancesca1,https://www.instagram.com/cucinafrancesca1/,* Culinaire reizen * Kookschool * Italiaans koken * Authentieke Italiaanse receptuur,https://www.threads.com/@cucinafrancesca1?xmt=AQF0SPEcRWTq5meDH6mfagXD_1FV-O1637V-nGny1T99VPs,None found,N/A,kookworkshop Breda
wereldkoks_nijmegen,https://www.instagram.com/wereldkoks_nijmegen/,🌱Vegetarisch 🌍Multicultureel 🧑🏼‍💻Koken Workshops 👩🏼‍🍳Catering 🍽️Lunch,N/A,None found,N/A,kookworkshop Nijmegen
gokidsnijmegen,https://www.instagram.com/gokidsnijmegen/,Erop uit met Go-Kids 🎠 Familieuitjes 🍝 Eten&drinken ⛺ Overnachten 🎁,https://www.threads.com/@gokidsnijmegen?xmt=AQF0Xv2BM9s7qHq0rA5ay89MxCTFBYwZHyn2Nr9241iCQT4,None found,N/A,kookworkshop Nijmegen
annekelovinglywholesome,https://www.instagram.com/annekelovinglywholesome/,"Anneke kookt Lovingly (liefdevol) en Wholesome (gezond)! Biologisch, vegetarisch of vegan. Kookworkshops - live én",N/A,None found,N/A,kookworkshop Nijmegen
eefje1974,https://www.instagram.com/eefje1974/,385 posts,https://www.threads.com/@eefje1974?xmt=AQF0VHJdWzILSz3q3ucx4MuQK6JiGkO8Ll5pv5c90vBKU24,None found,N/A,kookworkshop Nijmegen
lesoukdorientnijmegen,https://www.instagram.com/lesoukdorientnijmegen/,Nieuw in Nijmegen. Kookworkshops. Arabic food. Made by a very special team of people. Reserve now! 📞 (024) 382 3112,N/A,None found,N/A,kookworkshop Nijmegen
fitfoodjunky,https://www.instagram.com/fitfoodjunky/,Marije🍍 Hernen 📍 Plantbased fitfoodie 🌱 Orthomoleculair/darm diëtiste ✨ Performance chef 👩🏼‍🍳 @teamvisma_leaseabike,N/A,None found,N/A,kookworkshop Nijmegen
demeesterproefnijmegen,https://www.instagram.com/demeesterproefnijmegen/,Industriële evenementenlocatie op het Honigcomplex in Nijmegen West,N/A,None found,N/A,kookworkshop Nijmegen
luukskitchen,https://www.instagram.com/luukskitchen/,> Reist graag >leraar nieuwkomers PO + IB’er >🥗♥️ Geniet van het leven >Leeft met reuma,https://www.threads.com/@luukskitchen?xmt=AQF0vgLCxBBGFjrVjGUffRh3HV3I38uYswu4ojwUB9CfHIo,None found,N/A,kookworkshop Nijmegen
harrietverkoelen,https://www.instagram.com/harrietverkoelen/,"MEET INSULINE bij MeetIns.nl, Centrum voor Insulineresistentie #insuline #meetins #insulineresistentie #Keto",https://www.threads.com/@harrietverkoelen?xmt=AQF0Z3cwQgwkgJctBGy_D1pXbrj9PsZnn6CtGChdfUeqJjM,None found,N/A,kookworkshop Breda
nino.looijen,https://www.instagram.com/nino.looijen/,29 posts,N/A,None found,N/A,kok aan huis Enschede
marianne_meijering,https://www.instagram.com/marianne_meijering/,~Sober landelijk Wonen in de Betuwe ~Volg ons klus avontuur ~Verkoopster bij @hetoldejagthuys ~Samenwerken? let me,https://www.threads.com/@marianne_meijering?xmt=AQF0e6k9BjWiffedn1zhmyZP8VuIEULlSoVpx1Fp2dB7rUo,None found,N/A,kok aan huis Enschede
mrfoodcoach,https://www.instagram.com/mrfoodcoach/,"🍕 𝐄𝐞𝐭 𝐩𝐢𝐳𝐳𝐚, 𝐝𝐫𝐢𝐧𝐤 𝐰𝐢𝐣𝐧 𝐞𝐧 𝐯𝐞𝐫𝐥𝐢𝐞𝐬 𝐠𝐞𝐰𝐢𝐜𝐡𝐭! 🔥 5-10 kilo kwijt in 90 dagen 🎙 2 miljoen + podcastplays 🥳 Afvallen is een",N/A,None found,N/A,kok aan huis Enschede
beimersince1957,https://www.instagram.com/beimersince1957/,"🐂 Beef Artisan 🥩 Lineage to finish — excellence, uninterrupted 🥇 Gold | World Steak Challenge 👨‍🌾 Wagyu & Angus |",N/A,None found,N/A,kok aan huis Enschede
san.inutrecht,https://www.instagram.com/san.inutrecht/,♡ Sandra ♡ van stadsmeisje naar wonen in het bos (april ‘26) 🌲 ♡ boysmom x 4 | sterrenkindje💫 ♡ juf (zij instroom) in,https://www.threads.com/@san.inutrecht?xmt=AQF0IwZuBZZ1ttvS7BILW6bGu97V3K6AQEu6YNGp2ziQYAc,None found,N/A,kok aan huis Enschede
rasundaexpress,https://www.instagram.com/rasundaexpress/,"1,133 posts",N/A,None found,N/A,kok aan huis Enschede
marindatje,https://www.instagram.com/marindatje/,Bewust alleenstaande moeder van 🩵 Raidey Dani Johannes 🩵 Meer te vinden op TikTok (60.400) Samen werken? -> DM 🥰,https://www.threads.com/@marindatje?xmt=AQF0ZF5u0SyQibrztW57BUIdyZS7F-g93rdvTDDByuoz5kE,None found,N/A,kok aan huis Enschede
strakk_interieurbouw,https://www.instagram.com/strakk_interieurbouw/,Gepassioneerd vakmanschap in ieder detail!,N/A,None found,N/A,kok aan huis Enschede
wkfoto,https://www.instagram.com/wkfoto/,"‘ leven is om te vieren , niet om te mieren ‘. ‘Samen maken we het verschil ‘",N/A,None found,N/A,kookworkshop Nijmegen
indeoudewerkplaats,https://www.instagram.com/indeoudewerkplaats/,🔸Workshoplocatie Nijmegen 🔸In de Oude Werkplaats & Studio Werkplaats #indeoudewerkplaats #studiowerkplaats,https://www.threads.com/@indeoudewerkplaats?xmt=AQF0Qf0IPZ_oPMwtbHBFbasIsqNj8b5FGeZHPherm3EoGIw,None found,N/A,kookworkshop Nijmegen
janine.brink,https://www.instagram.com/janine.brink/,• ❤️Roy • 🩵 👦🏻 Daan • 🩵 👶🏻 Tim  🦄 💄 🍍 🍉🍋🥑🍫🍰,N/A,None found,N/A,kookworkshop Breda
joosje.van.tartwijk,https://www.instagram.com/joosje.van.tartwijk/,Performance Chef @teamvisma_leaseabike @theathletesfoodcoach 🐝🔪🚴🏼 Specialized chef & Dietitian💪🏼👩🏼‍🍳🥗,N/A,None found,N/A,thuiskok Nijmegen
verrasjelief,https://www.instagram.com/verrasjelief/,❤️ bijzondere cadeaus | online bestellen | cadeau versturen | stijlvol ingepakt | origineel | handgeschreven kaartje |,N/A,None found,N/A,thuiskok Nijmegen
tout.sfeercateraar,https://www.instagram.com/tout.sfeercateraar/,"Tout.sfeercateraar regelt met smaak alles, overal en bij iedere gelegenheid. Food - Styling - Cateraar - Trouwen -",N/A,None found,N/A,thuiskok Nijmegen
stanleypattiasina,https://www.instagram.com/stanleypattiasina/,🇪🇺 Promoting Lifechanging Projects for Young People @europeersnl,N/A,None found,N/A,thuiskok Nijmegen
mestrini_culinario,https://www.instagram.com/mestrini_culinario/,🍾 Catering & Events 🧑‍🍳 Online kookworkshops 🍴 Luxurious & home-made food 📞 06-50240399 🦞🍰🍽️🔪🌯🍔,N/A,None found,N/A,kookworkshop Breda
janenallemanbreda,https://www.instagram.com/janenallemanbreda/,Het meest gezellige en bijzondere lunchcafé van Breda!,N/A,None found,N/A,kookworkshop Breda
eve_yoga_natural_health,https://www.instagram.com/eve_yoga_natural_health/,☘️ 𝚟𝚎𝚐𝚊 𝚌𝚊𝚝𝚎𝚛𝚒𝚗𝚐 | 𝚠𝚘𝚛𝚔𝚜𝚑𝚘𝚙𝚜 | 𝚛𝚎𝚝𝚛𝚎𝚊𝚝𝚜 👉🏻 𝚑𝚞𝚞𝚛 𝚖𝚒𝚓 𝚒𝚗 𝚊𝚕𝚜 𝚔𝚘𝚔𝚔𝚒𝚗 🫶🏻 𝚒𝚔 𝚘𝚗𝚝𝚗𝚎𝚎𝚖 𝚓𝚘𝚞 𝚊𝚕𝚕𝚎 𝚔𝚎𝚞𝚔𝚎𝚗𝚜𝚝𝚛𝚎𝚜𝚜 ☀️ 𝚌𝚘𝚗𝚝𝚊𝚌𝚝:,N/A,None found,N/A,kookworkshop Breda
proefhetleven,https://www.instagram.com/proefhetleven/,"🌱 Food for Body, Mind & Soul 🧘🏼‍♀️ Vrouwencirkels & workshops ⬇️ Intuïtief eten cursus NU 60% KORTING!",N/A,None found,N/A,kookworkshop Breda
laziz.nl,https://www.instagram.com/laziz.nl/,“Uw Afghaanse Keuken.”,https://www.threads.com/@laziz.nl?xmt=AQF0zLrCBLwXSmnzYnQe7j-1-kUTCKZMBMPMOR_u67tUzy4,None found,N/A,kookworkshop Breda
defijnproeversbreda,https://www.instagram.com/defijnproeversbreda/,📍Locatie: Het Visserskot 🐟 Kookworkshops 👨🏻‍🍳 Vergadering | Teambuilding Food & Wine | Food & Beer Private Dining |,N/A,None found,N/A,kookworkshop Breda
ivulienkaj,https://www.instagram.com/ivulienkaj/,Heaven is a place on Earth 💙,N/A,None found,N/A,kookworkshop Breda
volksuniversiteitbreda,https://www.instagram.com/volksuniversiteitbreda/,🎓 Onderwijs in Breda voor iedereen 📚 Cursussen en lezingen 🎨 Workshops en excursies 💭 Ons motto is: een leven lang,N/A,None found,N/A,kookworkshop Breda
el_yasmine_dance,https://www.instagram.com/el_yasmine_dance/,💃Burlesque/Fusion Bellydance 👯gratis proefles! 🗺️Nijmegen She/her ♏☀️♒🌙♊⬆️,N/A,None found,N/A,kookworkshop Nijmegen
akke_marije_,https://www.instagram.com/akke_marije_/,• Hollands Next Top Model 2016 🏆 • Eau de parfum Pure by Akke Marije 💎 • Verpleegkundige UMCU traumatologie/orthopedie 🪽,N/A,None found,N/A,kok aan huis Utrecht
utrechtnatuurlijk,https://www.instagram.com/utrechtnatuurlijk/,"🌱 Stadsboerderijen en stadstuinen 🧑🏻‍🌾 Meewerken, spelen en leren 🤸🏻‍♀️ Natuureducatie 🥕 Boerderijwinkels en horeca 💚",N/A,None found,N/A,kookworkshop Utrecht
podiumoost,https://www.instagram.com/podiumoost/,@podiumoost,N/A,None found,N/A,kookworkshop Utrecht
kyradevreeze,https://www.instagram.com/kyradevreeze/,"*regenerative farmer @parcbroekhuizen ♡traditional crafts . 'former' naturopath, awarded cookbook author, workshop- &",N/A,None found,N/A,kookworkshop Utrecht
spicy_stardust,https://www.instagram.com/spicy_stardust/,👩🏻‍🍳 Hobby kok 🥕 Vega & bio 🌶 Intuïtieve & kleurrijke gerechten,N/A,None found,N/A,kookworkshop Utrecht
kookles.nl,https://www.instagram.com/kookles.nl/,Food maken en beleven....kooklessen en cursussen in Amsterdam.Personal food and life stories @rolandbes,N/A,None found,N/A,kookworkshop Utrecht
volksuniversiteit_utrecht,https://www.instagram.com/volksuniversiteit_utrecht/,"Ontdek ons veelzijdige & betaalbare aanbod cursussen, workshops en lezingen. Talen, creatief, kunst, wetenschap,",N/A,None found,N/A,kookworkshop Utrecht
aatly.utrecht,https://www.instagram.com/aatly.utrecht/,"Hét overzicht van doe-dingen in Utrecht. Creatieve workshops, cursussen en meer! 👇 Wekelijkse activiteitenmail 💌",N/A,None found,N/A,kookworkshop Utrecht
klimaatweek,https://www.instagram.com/klimaatweek/,"2 t/m 8 november 2026. Nederland gaat voor een beter klimaat! 💚 Bewoners, organisaties en gemeenten zetten zich in. Doe",N/A,None found,N/A,kookworkshop Utrecht
russcher.tekst.en.beeld,https://www.instagram.com/russcher.tekst.en.beeld/,📷 & 🖋️ 🔸erfgoed🔸monumenten🔸 architectuur🔸(restauratie)bouw🔸(vak)mensen🔸avondfotografie 🔸evenementen🔸interieur,N/A,None found,N/A,private dining Utrecht
lacanche_nederland,https://www.instagram.com/lacanche_nederland/,"Een Lacanche fornuis is een uniek fornuis, dat op bestelling wordt opgebouwd uit duurzame componenten. #inductiefornuis",N/A,None found,N/A,kookworkshop Utrecht
buurtenindebieb,https://www.instagram.com/buurtenindebieb/,Buurten in nieuw en bruisend Leidsche Rijn. Jouw huiskamer in de buurt voor ieder moment van de dag: van ontbijt tot,N/A,None found,N/A,private dining Utrecht
liefsuitbreda,https://www.instagram.com/liefsuitbreda/,De leukste hotspots van Breda op een rijtje! ✨ Jouw hotspot uitgelicht? Stuur een DM! 💌 Door @tedjevangils 📸,N/A,None found,N/A,kok aan huis Eindhoven
geuws,https://www.instagram.com/geuws/,Amsterdam @klearlyapp,N/A,None found,N/A,kok aan huis Eindhoven
achterdekoekoek,https://www.instagram.com/achterdekoekoek/,"Een gezellig lichtbruin café met meer dan 40 bieren, erg lekkere wijn en een bakkie koffie waar je u tegen zegt! 🐦",https://www.threads.com/@achterdekoekoek?xmt=AQF06Odh76-4_qYBjZwqvGTai4dlgZdfxbVtLUavZzalSlQ,None found,N/A,kok aan huis Eindhoven
liefs.lies_,https://www.instagram.com/liefs.lies_/,"Your hidden paradise!🌞🌸🥞🥗 FRI - WED: OPEN 08.00 - 18.00 Big sister of @liefslieskids 🦒 Breakfast, lunch & shopping!🥐",N/A,None found,N/A,kok aan huis Eindhoven
scherpeindje,https://www.instagram.com/scherpeindje/,"Professional Knife Sharpener, Teacher, Composer.",N/A,None found,N/A,thuiskok Eindhoven
landgoed.debeug,https://www.instagram.com/landgoed.debeug/,"🌱 Moestuin & seizoenskeuken 🌿 Het ritme van het landgoed ✨ Activiteiten, feesten & trainingen",N/A,None found,N/A,kookworkshop Utrecht
blushmeerssen,https://www.instagram.com/blushmeerssen/,𝗕𝗼𝗹𝗱 𝗱𝗶𝘀𝗵𝗲𝘀. 𝗪𝗶𝗹𝗱 𝗳𝗹𝗮𝘃𝗼𝗿𝘀. 𝗨𝗻𝗳𝗼𝗿𝗴𝗲𝘁𝘁𝗮𝗯𝗹𝗲 𝗻𝗶𝗴𝗵𝘁𝘀. 𝗕𝗼𝗼𝗸 𝘆𝗼𝘂𝗿 𝘁𝗮𝗯𝗹𝗲 𝗻𝗼𝘄 ❤️,N/A,None found,N/A,kok aan huis Eindhoven
koninklijkehorecanederland,https://www.instagram.com/koninklijkehorecanederland/,owner of the account please contact me @ibrahimyahan,N/A,None found,N/A,thuiskok Eindhoven
frankencharlie,https://www.instagram.com/frankencharlie/,"🅷🅴🆁🅴 🆆🅴 🅰🆁🅴 Jouw spot voor ontbijt, lunch én alles daar tussen in🌈☕️ 📌 Hartje Enschede",N/A,None found,N/A,kok aan huis Eindhoven
nastrium.nl,https://www.instagram.com/nastrium.nl/,Nastrium - een symbiose in Frans klassiek en de Molukse en Indonesische keuken. Tijdelijk huist Nastrium in De Kazerne,N/A,None found,N/A,thuiskok Eindhoven
devrijstaat,https://www.instagram.com/devrijstaat/,"Een kunstwerkplaats voor kinderen en jongeren tussen de 6 en 26 jaar. Bij ons kun je kunst maken, ervaren en beleven!",N/A,None found,N/A,kookworkshop Utrecht
devuurplaats,https://www.instagram.com/devuurplaats/,🍴Bedrijfsevents & Bruiloften 🔥Workshops buitenkoken | teambuilding 🌱Eerlijk | Lokaal | Duurzaam 👨‍🍳👩‍🦳 Chef &,N/A,None found,N/A,kookworkshop Utrecht
brendan_bakker,https://www.instagram.com/brendan_bakker/,▫️Dutch based Architect & Interior designer ▫️Creating your personal luxury | start to finish ▫️Ontwerp | Realisatie |,https://www.threads.com/@brendan_bakker?xmt=AQF0_Bp95Pv4v-PtvJ2S_CmWwtcnetXxdboPZ53bwYTIolg,None found,N/A,private dining Utrecht
puur.wonen,https://www.instagram.com/puur.wonen/,‘Perfect imperfection’ Webshop en showroom aan huis. Open op zaterdag van 12-16 u Welkom op afspraak. 0032-495/561033,N/A,None found,N/A,kok aan huis Utrecht
taart._utrecht,https://www.instagram.com/taart._utrecht/,Met veel plezier bakken wij alles zelf in onze fijne winkel in het mooie Oog in Al 👀#vegan 🌱#patisserie 👌🏻#030 #utrecht,N/A,None found,N/A,thuiskok Utrecht
100realgreek,https://www.instagram.com/100realgreek/,Traditionele Griekse gerechten in Utrecht🍛 🎞Video’s op TikTok! (@100realgreek)🍴,N/A,None found,N/A,thuiskok Utrecht
mamavindt,https://www.instagram.com/mamavindt/,"Dé gids voor drukke ouders 🚀 Kidsproof horeca, overnachtingen & uitjes 🤎 (Speel)tips, recepten & momlife 👇 2000+",N/A,None found,N/A,kok aan huis Utrecht
guerrillagardenersnl,https://www.instagram.com/guerrillagardenersnl/,"Met gieter, schop en planten maken we samen van de stad een groene oase! Doe jij ook mee? 💪🌱🌼🐞🐝💚",N/A,None found,N/A,thuiskok Utrecht
waarutrechteet,https://www.instagram.com/waarutrechteet/,🍴De leukste horeca van Utrecht op een rij ✨Tag ons en #waarutrechteet 🇳🇱 Onderdeel van @waarnederlandeet 💌,N/A,None found,N/A,thuiskok Utrecht
worthwhile_wanderer,https://www.instagram.com/worthwhile_wanderer/,"🌸 Reizen & Renoveren 🛠️ 🌞 Travel guides, itineraries & lots of tips 📍 Costa Rica 🇨🇷 | Next: Morocco 🇲🇦 💌",https://www.threads.com/@worthwhile_wanderer?xmt=AQF0tqxPgE8etR1eYLVhvJyFJ7h7OObjd3wmnEvMU2yWtQc,None found,N/A,kok aan huis Utrecht
elkebonhof,https://www.instagram.com/elkebonhof/,Blij dat je hier bent 🤍🫶🏻🌸✨🐶☁️💗 Puur geluk en veel @lizthedoodle ✨ Oprichter @esocialz,N/A,None found,N/A,kok aan huis Utrecht
tom_tofunaar,https://www.instagram.com/tom_tofunaar/,Creative motherfucker Food expert 🍎🥑 Public speaker Into CrossFit 🏋🏽‍♀️,https://www.threads.com/@tom_tofunaar?xmt=AQF0t1VhfdBmBUVaa7e1_bQI77pfvpREFf4ZykNCak-25EU,None found,N/A,kookworkshop Den Haag
hemnetknarkarna,https://www.instagram.com/hemnetknarkarna/,😂 Humor 🥳 Fantastiska hem som finns till salu. Mycket nöje! Bakom kontot @per_johansson_maklare Samarbeten: Skicka,N/A,None found,N/A,kok aan huis Utrecht
sassyatthetable,https://www.instagram.com/sassyatthetable/,Food. Drinks. Culture. The Hague. Everywhere.,N/A,None found,N/A,kookworkshop Den Haag
altijd.lekker,https://www.instagram.com/altijd.lekker/,🍳 Houd van koken en goed eten 🫶 🏆 Winnaar NK Broodbeleggen 2026 🥪 📊 244K+ volgers op 4 platformen 🤝 Samenwerken? DM 📲,https://www.threads.com/@altijd.lekker?xmt=AQF0ZpmnxeIkzIS9ewOCrpJg7ZQw0MtkZBM7ztcgbH0yr-w,None found,N/A,kok aan huis Utrecht
greetingsfromutrecht,https://www.instagram.com/greetingsfromutrecht/,"♥️ Your local guide to Utrecht's best spots 🥂 Drink, eat, see & things to do 👇🏼 Get your MAPS & Guided Tours 💌 Collab?",N/A,None found,N/A,thuiskok Utrecht
lifestyle_nws,https://www.instagram.com/lifestyle_nws/,✨Online Lifestyle Magazine for the Sophisticated Business Lady ✨Founder & Editor in Chief @isdaniellenicole & Team,N/A,None found,N/A,thuiskok Utrecht
demorgen,https://www.instagram.com/demorgen/,Vandaag vraagt om een krant die duiding en inspiratie brengt. Vandaag vraagt om De Morgen.,https://www.threads.com/@demorgen?xmt=AQF0mGiiEQ5zWOIfaYc8-b8WiEdbSfHqTzpgCO6JZVUSfFI,None found,N/A,kok aan huis Utrecht
piushavenboulevard,https://www.instagram.com/piushavenboulevard/,"Piushaven, de Boulevard in Tilburg: ultiem genieten van de gezellige sfeer!☀️✨ 📖 Bekijk onze agenda 👇",N/A,None found,N/A,kookworkshop Tilburg
acucinella,https://www.instagram.com/acucinella/,829 posts,https://www.threads.com/@acucinella?xmt=AQF0wx35JTWdxZUoJHpjVqF3xcYYVif97GKCtnq0JFMJpOA,None found,N/A,thuiskok Utrecht
hiphoeragepaktengezakt,https://www.instagram.com/hiphoeragepaktengezakt/,🤗 Expert in uitstappen met tieners 🙋🏼‍♀️ Me-time voor ouders 📍 Google Maps vol Kidsproof fun 🏠 Arendonk 📩 Brands & PR: D,N/A,None found,N/A,kok aan huis Eindhoven
cinqmaastricht,https://www.instagram.com/cinqmaastricht/,•Where French cuisine meets Maastricht •80+ elegant wines & signature cocktails •Spectacular sunset terrace in the heart,N/A,None found,N/A,private dining Eindhoven
funda.nl,https://www.instagram.com/funda.nl/,"👋 Welkom bij Funda 👀 Huizen om bij binnen te kijken 🏡 Kopen, wonen & verkopen",https://www.threads.com/@funda.nl?xmt=AQF07Rbqta1sxWa1GoPV1ho9Yd4PYG5j_sU5caRXfaCPIEU,None found,N/A,kok aan huis Tilburg
tuin_de_es,https://www.instagram.com/tuin_de_es/,• biologische groenten sinds 1981 • zorg- én proeftuin • eigen winkel vol biologische producten,N/A,None found,N/A,kookworkshop Tilburg
grantthorntonnl,https://www.instagram.com/grantthorntonnl/,"Here #Audit & #Assurance, #Tax, and #Advisory are just the beginning. See how 👇",N/A,None found,N/A,kookworkshop Tilburg
quietnederland,https://www.instagram.com/quietnederland/,📣: maakt lawaai tegen stille armoede 📌: 17 Quiet Communities in Nederland 💚: Help jij ook mee?⤵️,N/A,None found,N/A,kookworkshop Tilburg
vrijwilligerstilburg,https://www.instagram.com/vrijwilligerstilburg/,Hét expertisecentrum voor vrijwilligerswerk in de regio ❤️ 📍 Tilburg | Berkel-Enschot | Udenhout | Biezenmortel,N/A,None found,N/A,kookworkshop Tilburg
victorvdheuvel,https://www.instagram.com/victorvdheuvel/,"-Margherita Tomatensaus, mozzarella, verse basilicum €7,50 -Productieleider @bankzitters @sofa.productions",N/A,None found,N/A,kok aan huis Tilburg
heidy_chahid_vandendungen,https://www.instagram.com/heidy_chahid_vandendungen/,🤷‍♀️ multicultureel voedingscoach #ladyboss 💪 @sportpiazzaladiesonlytilburg ♀️ #leefstijlcoach 🙏 #moslima 📍 #tilburg,N/A,None found,N/A,kookworkshop Tilburg
elisebaktbrood,https://www.instagram.com/elisebaktbrood/,Owner of @dancestarsstudio💫 💃🏼Dancer | Dance teacher 📍The Netherlands,N/A,None found,N/A,kok aan huis Tilburg
hinke__,https://www.instagram.com/hinke__/,🎥 💍 | MAFS S10 ✉️ samenwerken? Stuur een DM,N/A,None found,N/A,kok aan huis Tilburg
saschaboth,https://www.instagram.com/saschaboth/,this & that | 🪩🎧☁️🤍,https://www.threads.com/@saschaboth?xmt=AQF0r_IYMj0tVt6ZwvhAgd6cjvH8dtoJeiOUQb-TnOeAjLo,None found,N/A,kok aan huis Tilburg
housesigns.nl,https://www.instagram.com/housesigns.nl/,Gepersonaliseerde Naambordjes 🏡,N/A,None found,N/A,kok aan huis Tilburg
cuizien,https://www.instagram.com/cuizien/,Kies voor één van de smakelijke belevingen van Cuizien! Catering | Kok aan huis | Freelance kok,https://www.threads.com/@cuizien?xmt=AQF0NM1aTcNbN9gG_m888CWwdsG1436OzcYIu2ggOs0pLug,None found,N/A,kok aan huis Tilburg
mvr.stoudam,https://www.instagram.com/mvr.stoudam/,𝐻𝒾𝓈 𝒹𝒶𝓊𝑔𝒽𝓉𝑒𝓇 †,N/A,None found,N/A,kok aan huis Tilburg
nicolevwieringen,https://www.instagram.com/nicolevwieringen/,"Inzicht in gedrag en patronen, voor jezelf én in je werk 🧠 Brain Balance 🌬️ Ademwerk 🌿 Meer rust, helderheid en",https://www.threads.com/@nicolevwieringen?xmt=AQF0_wl1MNp8e4k2lSuBFZU0DsyGmrH5eU3Oo94zpCpqMyI,None found,N/A,kookworkshop Tilburg
satehyo,https://www.instagram.com/satehyo/,Indonesische catering Rijsttafels Voorproeven met onze koelverse afhaalmaaltijd @indomaaltjes_,https://www.threads.com/@satehyo?xmt=AQF0yWhvC6Z8MRr2yCX6VSr9_c9qGP58h0Jb4TTCl9-ywgk,None found,N/A,kookworkshop Tilburg
studentchef.nl,https://www.instagram.com/studentchef.nl/,Student Chef is vanaf 2026 onderdeel van @home.diningnl Thuis als een beleving.,N/A,None found,N/A,thuiskok Groningen
lieseschram,https://www.instagram.com/lieseschram/,"💛 @ayurvedamoments.nl voor al je Ayurvedische inspiratie 🧘🏼‍♀️ Yogadocent: Hatha, Nidra & Restorative 💚 23 t/m 29 apr",N/A,None found,N/A,kookworkshop Tilburg
neworleansfoodandwine,https://www.instagram.com/neworleansfoodandwine/,"New Orleans food and wine scene, renowned for its unique culinary identity, a fusion of cultures , delectable dishes",N/A,None found,N/A,chef aan huis Groningen
byverslootgoirle,https://www.instagram.com/byverslootgoirle/,"1,390 posts",N/A,None found,N/A,kookworkshop Tilburg
esttokyo,https://www.instagram.com/esttokyo/,"Michelin-starred ⭐️ contemporary French with an eco-conscious menu, featuring 95% locally-sourced ingredients",N/A,None found,N/A,chef aan huis Groningen
annemiekevandranen,https://www.instagram.com/annemiekevandranen/,589 posts,N/A,None found,N/A,kookworkshop Tilburg
kessels_korner,https://www.instagram.com/kessels_korner/,"2760 Asbury Avenue, OCNJ (609) 398-1170 Breakfast • Lunch • Dinner • Dessert Monday through Wednesday 11am- 8pm",N/A,None found,N/A,chef aan huis Groningen
josmeijerhaarden,https://www.instagram.com/josmeijerhaarden/,"Verantwoord stoken op hout met een eerlijk advies. Showroom in Ten Boer, Groningen. Hase Lotus Hwam IronDog Brunner",N/A,None found,N/A,thuiskok Groningen
marjolein_elisabeth,https://www.instagram.com/marjolein_elisabeth/,- Comfortabele mode voor naar je werk - Tijdloos en vrouwelijk - Slow Fashion - Shoppen >>,N/A,None found,N/A,kookworkshop Tilburg
theleisurestory_com,https://www.instagram.com/theleisurestory_com/,Wij maken reisgidsen voor gezinnen dat in boekvorm te vinden is en op ons online platform 🍄 Voor gezinnen met kids tot,N/A,None found,N/A,thuiskok Groningen
boekhandeldaannijman,https://www.instagram.com/boekhandeldaannijman/,Roden en Groningen,https://www.threads.com/@boekhandeldaannijman?xmt=AQF0p5GgSVVEi-jAa7GF61WhF6OqnpkOgYrWyZpfjQY4V40,None found,N/A,thuiskok Groningen
piusplein,https://www.instagram.com/piusplein/,"Het grootste en gezelligste terras van Tilburg! ☀️🍻Volg ons voor de leukste tips, acties en evenementen op het",N/A,None found,N/A,thuiskok Tilburg
fleur.meinders,https://www.instagram.com/fleur.meinders/,🌞🌴✨🦋❤️‍🔥 📚 Psychology 🏐 @apollo8dames1,N/A,None found,N/A,kok aan huis Tilburg
heuveleindhoven,https://www.instagram.com/heuveleindhoven/,🤍 Eindhoven Centrum 🤍 60+ winkels 🤍 24/7 Parking Garage 🤍 Veilig en verantwoord shoppen 🤍 Fashion & Lifestyle voor,N/A,None found,N/A,kookworkshop Eindhoven
dierenspeciaalzaakdebruin,https://www.instagram.com/dierenspeciaalzaakdebruin/,"Dierenspeciaalzaak gespecialiseerd in honden, katten, knaagdieren en vogels.",N/A,None found,N/A,kookworkshop Eindhoven
kidsproofdenbosch,https://www.instagram.com/kidsproofdenbosch/,Toffe inspiratie voor jou en je gezin! #Uitagenda #Eropuit #Uiteten #Kinderfeestje #Winkelen Check onze website 👇🏼 voor,https://www.threads.com/@kidsproofdenbosch?xmt=AQF04yF_dsyO64imvnZ4QE5LpudSnwEn34oayNyej4vyVjs,None found,N/A,kookworkshop Eindhoven
yvonne_franssen,https://www.instagram.com/yvonne_franssen/,✒ Tekstschrijver ☆ Dichter maar wel heel open ☆ Auteur 📚 Thrillers 💰 Commerciële teksten 💫 Versjes op maat,https://www.threads.com/@yvonne_franssen?xmt=AQF0maSzIcec8oaocAtm-y07T4gT-fRc22HGlpXWxaE0qtU,None found,N/A,kookworkshop Eindhoven
clearybv,https://www.instagram.com/clearybv/,"💡Wij leveren #ledverlichting (op maat) aan signmakers, architecten, stand- en interieurbouwers.",N/A,None found,N/A,kookworkshop Eindhoven
haroldbuijnsters,https://www.instagram.com/haroldbuijnsters/,448 posts,N/A,None found,N/A,thuiskok Tilburg
prauwd,https://www.instagram.com/prauwd/,232 posts,N/A,None found,N/A,kookworkshop Eindhoven
kelseyjanssenroijen,https://www.instagram.com/kelseyjanssenroijen/,Digital junk drawer. 🎞,N/A,None found,N/A,kookworkshop Eindhoven
gokidsoostbrabant,https://www.instagram.com/gokidsoostbrabant/,Bij Go-Kids Oost-Brabant vind je de leukste eropuit tips voor jou en je gezin. #eindhoven #helmond #denbosch #oss,N/A,None found,N/A,kookworkshop Eindhoven
brunchchick,https://www.instagram.com/brunchchick/,Mijn favo brunch- lunch- diner- én ontbijtspots. 📱Reviewt (food)hotspots 🍔 Van fine dining tot friet speciaal 🩷 Mama,N/A,None found,N/A,kookworkshop Eindhoven
marjoleinbelder,https://www.instagram.com/marjoleinbelder/,HappyDutchMom-41 ❤👪@niels__lifestyle 👧Saar '14 👶Cas '19 😻Japie 🎨Art @creationsbymarjolein 🧩SocialWorker,https://www.threads.com/@marjoleinbelder?xmt=AQF0eoPmUWqM49As7E-SOut0GKZySBCiSl5-k5QHfCtwZ1U,None found,N/A,kookworkshop Eindhoven
cooking.with.irma,https://www.instagram.com/cooking.with.irma/,Busy mom of three who loves to cook easy and healthy recipes.,N/A,None found,N/A,kookworkshop Eindhoven
werkenbijfreo,https://www.instagram.com/werkenbijfreo/,"🧡 | Freo als werkgever 📍 | Eindhoven, Fellenoord 🚀 | Verrassen • Groeien • Samen 📸 | Events, Cultuur, Talent 💬 |",N/A,None found,N/A,kookworkshop Eindhoven
paulienlouise,https://www.instagram.com/paulienlouise/,📍 Thailand,N/A,None found,N/A,thuiskok Tilburg
dedokterchris,https://www.instagram.com/dedokterchris/,Dokter op de Spoedeisende Hulp 👨🏼‍⚕️ | Medische info makkelijk uitgelegd | Zorgmemes | Dagvoorzitter & Spreker over de g,N/A,None found,N/A,kok aan huis Tilburg
ilona.de.wit,https://www.instagram.com/ilona.de.wit/,"🍷 Brabantse Bourgondiër 📍🇨🇼 & Tilburg 🏡 🖋 Kookboekauteur 😋 Foodblog: Worstenbrood & Wijn I ❤️ reizen 🗿, yoga 🙏,",N/A,None found,N/A,thuiskok Tilburg
meghan_foodie_chef,https://www.instagram.com/meghan_foodie_chef/,🌶🍠Liefde voor eten en lekkers! Graag deel ik mijn passie voor koken met jou! Elke week kook ik afhaalmaaltijden die in T,N/A,None found,N/A,thuiskok Tilburg
maurice_wattebled,https://www.instagram.com/maurice_wattebled/,#fitness #lifestyle #fashion🍲🇫🇷🇪🇸🇳🇱 @mauricemodelling modeling page keep up to date with my work.,https://www.threads.com/@maurice_wattebled?xmt=AQF0Sdf5RhOY-flWionoH7W5M1x4l9BO3UzjLqCBgXGP66c,None found,N/A,kok aan huis Tilburg
madebymone,https://www.instagram.com/madebymone/,🥳 maakt van iedere shoot een feestje 🧁niet alleen voor kindjes van 1 jaar 🎄 ook voor toffe mini thema shoots 📍studio in,https://www.threads.com/@madebymone?xmt=AQF068W17OWftnC25bPhTZQ74TDFS_MKK4nhln1oIBf3Zoc,None found,N/A,thuiskok Tilburg
x.tiannax,https://www.instagram.com/x.tiannax/,📍|| The Netherlands 📸 || @by_tianna,N/A,None found,N/A,kok aan huis Tilburg
indisch_kookpunt,https://www.instagram.com/indisch_kookpunt/,"Indonesische catering! ""Voor een heerlijke Indonesische rijsttafel op uw locatie!” www.facebook",N/A,None found,N/A,kookworkshop Tilburg
designbynomi,https://www.instagram.com/designbynomi/,👑 @matchbynomi - Positionering en merk strateeg ✨ Never stop dreaming 📍 The Netherlands,N/A,None found,N/A,vlogger Arnhem
lifewithsalomi,https://www.instagram.com/lifewithsalomi/,just a Caribbean girl in NL 🫧🤍 🌱 Train with me @bodycamp.nl 🔗 @xxlnutrition | @athletic.bee SALOMI 🔗 @fam.sportswear,N/A,None found,N/A,vlogger Arnhem
jonginarnhem,https://www.instagram.com/jonginarnhem/,"Hét jongerenplatform van Arnhem: lokaal nieuws, uitgaan, lifestyle, hulp en info en meer!",N/A,None found,N/A,vlogger Arnhem
humansofarnhem,https://www.instagram.com/humansofarnhem/,"The beautiful 'Humans of Arnhem', come in all shapes and sizes... Find them here, one portrait a day.@plaschekanaloog",N/A,None found,N/A,vlogger Arnhem
classiquehennaya,https://www.instagram.com/classiquehennaya/,"✨: 𝓒𝓵𝓪𝓼𝓼𝓲𝓺𝓾𝓮 𝓗𝓮𝓷𝓷𝓪𝔂𝓪 📲: +31 6 85542243 WHATSAPP ONLY! 📍: The Netherlands,Nijkerk/Amersfoort ⚜️: Since 2009 📖:",N/A,None found,N/A,influencer Amersfoort
robin_deridder,https://www.instagram.com/robin_deridder/,🎥 Videograaf • Visual Storyteller 💍 ‘Weddingvideographer for bold couples’ 📭 Open voor 2026 boekingen 🎙️ Podcasthost @tr,N/A,None found,N/A,content creator Amersfoort
zlatasvisual,https://www.instagram.com/zlatasvisual/,🇳🇱 Amersfoort based Turning your brand into scroll-stopping content Reels • Brand Visuals • Strategy that converts,https://www.threads.com/@zlatasvisual?xmt=AQF0LRjy-uw9x6cI2Tt2xhxilCaFsY-YVbEXC-YhQT27WK8,None found,N/A,content creator Amersfoort
carlien98,https://www.instagram.com/carlien98/,| Christen ✞ | 27 jr | Barneveld 🐓 | Content creator | Marketeer | Liefde voor mooie plaatjes… @sterkfotografie 🫶🏼,N/A,None found,N/A,influencer Amersfoort
femkeaaldering,https://www.instagram.com/femkeaaldering/,Mom @lovedminis 🩵🩷 Hardlopen | dansdocent 🩰 @morenutrition.nl : FEMKE Dagelijkse mama content,https://www.threads.com/@femkeaaldering?xmt=AQF0h4u5FB6W5GKFmMuS0c-NEzFz5cYVuIKDzW_adgk3Kp4,None found,N/A,blogger Arnhem
thecrazyvibez,https://www.instagram.com/thecrazyvibez/,Bharatanatyam Performer + Travel adventures 🌍 Inspiring 🇮🇳 girls to live boldly abroad 📍The Hague 🇳🇱 📧:,https://www.threads.com/@thecrazyvibez?xmt=AQF0E4R0XoDvZ1wr8KvXE4eNBqktk4LAG1hvKqKy6k5d-Ac,None found,N/A,creator Haarlem
sibballoons,https://www.instagram.com/sibballoons/,"𝐵𝑎𝑙𝑙𝑜𝑜𝑛 𝑆𝑡𝑦𝑙𝑖𝑛𝑔 & 𝐷𝑒𝑐𝑜𝑟 - 𝐵𝑖𝑔 𝑜𝑟 𝑆𝑚𝑎𝑙𝑙! 🇵🇸 𝗗𝗠 𝘃𝗼𝗼𝗿 𝘃𝗿𝗮𝗴𝗲𝗻 💌 /whatsapp 0648773921 📄 KVK 93041470 Gelderland, Arnhem/",N/A,None found,N/A,influencer Arnhem
curaveeda,https://www.instagram.com/curaveeda/,"Empowering women 40+ to thrive 🌿 Ayurveda + Orthomolecular support for menopause, migraines & more Online & Haarlem",N/A,None found,N/A,creator Haarlem
sanjee_svgr,https://www.instagram.com/sanjee_svgr/,"Person with dreams 📍 | 🇱🇰/🇳🇱 💼 | Valencia, Deventer 📝 | Fashion Design & productmanagement 🎼 | Hi",N/A,None found,N/A,influencer Arnhem
cooklikebibi,https://www.instagram.com/cooklikebibi/,"• Sharing my love for food, cooking and hosting • Event styling + Fruit tables (DM for bookings) • Arnhem",N/A,None found,N/A,blogger Arnhem
conservatoriumhaarlem,https://www.instagram.com/conservatoriumhaarlem/,Aim High |📍Haarlem | Music Academy: Pop / E-music / Creative Artist / Ad Electronic Music |,N/A,None found,N/A,creator Haarlem
mascha.tielemans,https://www.instagram.com/mascha.tielemans/,"🌿 Creator ~ Mover ~ Applied Psychologist ~ Producer 🫧 Dance, movement, therapy, photography 📍 The Netherlands & Senegal",N/A,None found,N/A,creator Haarlem
vickymclachlanphotography,https://www.instagram.com/vickymclachlanphotography/,"Wife, Mother, Photographer Artist in training Romans 11:36 Dutch / South African",N/A,None found,N/A,creator Haarlem
maurice_jager,https://www.instagram.com/maurice_jager/,Married to @daynajager and Luna's dad 026 - Vitesse - Arnhem Portrait photographer People of the Netherlands project,https://www.threads.com/@maurice_jager?xmt=AQF0mQoHqj4UE0tpxmkJJhuwMOjsfIfWJXSJhweuAZo-o64,None found,N/A,influencer Arnhem
millie.gietman,https://www.instagram.com/millie.gietman/,👉🏼 Ik help je ruimte maken voor wat je al voelt - zodat je dat ook werkelijk gaat leven. 💜 hb | adhd | hsp 📩,https://www.threads.com/@millie.gietman?xmt=AQF0CZ2A9SsBXwZTtMNFYtMsPgXZ8dqwcq7Cn3r7f9U0dPE,None found,N/A,creator Haarlem
denyzatulumphotography,https://www.instagram.com/denyzatulumphotography/,🤎 Fotografe 🤍 Social media beheer & content creator 🩷 @workmode.coworking Apeldoorn 🪩,N/A,None found,N/A,influencer Arnhem
dalwinnie8,https://www.instagram.com/dalwinnie8/,Whisky Reviews 🥃 🇳🇱 Stories • Memes Single Malt & Scotch Whisky Photography 🌍 Global audience • Collabs,https://www.threads.com/@dalwinnie8?xmt=AQF0HUFqaZrGO6QzepibK8vTfJJu_Etyjveiwl7HGxH19EQ,None found,N/A,blogger Arnhem
leylaummels,https://www.instagram.com/leylaummels/,"Gezin, werk en passie. 🌍🧿🧶💎 ✳️ Gemeenteraadslid De Bilt. ✳️ Pedagogisch professional. ✳️",https://www.threads.com/@leylaummels?xmt=AQF0K5MmNNEsK0f1BleJqx0s11zoJvLiyhmuYyifPtwF3IE,None found,N/A,creator Amersfoort
fotoshootdenbosch,https://www.instagram.com/fotoshootdenbosch/,💙'S-HERTOGENBOSCH NETHERLANDS 💚 PHOTOSHOOT EVENTS ON TOP LOCATIONS 💜 FASHION PORTRAITS IN & OUTSIDE ❤️ VISIT ALSO ⏬️,https://www.threads.com/@fotoshootdenbosch?xmt=AQF0RGQB74KtSXS-tvNlENYQ0FPDmewBCmtIr2_DFcttcHg,None found,N/A,influencer Den Bosch
tiffsjourneyx,https://www.instagram.com/tiffsjourneyx/,"Een sportieve foodie met autisme, die haar zoektocht naar een gezonde relatie met voeding deelt 🦋 Recepten, Fitness,",N/A,None found,N/A,influencer Den Bosch
sanshine_jewelry,https://www.instagram.com/sanshine_jewelry/,🌷 Webshop met handgemaakte sieraden 🌹 DIY ideeën en kinderfeestjes 🌷 By @sandraevers.nl 🌷 Shop👇🏼,N/A,None found,N/A,blogger Apeldoorn
sandraevers.nl,https://www.instagram.com/sandraevers.nl/,✍🏻 Tekstschrijver / Blogger / VA ✨ @sanshine_jewelry @justemulder 👇🏻 Links en info SandraEvers.nl,N/A,None found,N/A,blogger Apeldoorn
jacquelinelankreijer,https://www.instagram.com/jacquelinelankreijer/,"StudioJacq, Interieuradvies & Ontwerp Binnenhuisarchitect: Interieurontwerp en Styling www.studiojacq.nl 💍 met Frank 🐶 F",N/A,None found,N/A,blogger Den Bosch
annevandammesongwriter,https://www.instagram.com/annevandammesongwriter/,In liedjes schrijven vind ik mezelf🌱 📀 Nieuw album 'E' is on the way! ✒️ Gratis 'Als je maar schrijft' Challenge!✨️ 👇 🎙,N/A,None found,N/A,vlogger Den Bosch
puurmaddie,https://www.instagram.com/puurmaddie/,MADDIE KOOKT EN EET VEGAN Reist met veel liefde @retourtjewereld Fotografeert er graag op los @madelonfotografeert,N/A,None found,N/A,blogger Den Bosch
ladypatriess,https://www.instagram.com/ladypatriess/,🧞‍♀️ Moeder 💍 Getrouwd 🥰 Twee lieve en leuke kindjes 🖋 Auteur ⌨️,https://www.threads.com/@ladypatriess?xmt=AQF0QKSld1Kg16qnBrw2WVLOPqsZJ5x_pfuhuB7Q5Sk4Mrw,None found,N/A,blogger Apeldoorn
wietekevandiggele,https://www.instagram.com/wietekevandiggele/,"Wiet Vindt Er ✨bloedje eerlijk✨Wat Van 🙋🏼‍♀️ Shinend als een discobal door ‘t leven 🪩 Bestie op ‘t web, in je bedrijf en",N/A,None found,N/A,content creator Apeldoorn
evariannejonker,https://www.instagram.com/evariannejonker/,🪩 actrice - zangeres 💛 mama van Fee 📍 Apeldoorn 🎭 Doornroosje in “Doornroosje de Musical” 🎬 Sasha in “Mermaid Magic”,N/A,None found,N/A,influencer Apeldoorn
deviniiiiiii,https://www.instagram.com/deviniiiiiii/,Sri Lankan | Netherlands ♡ 9to5 @adidas,https://www.threads.com/@deviniiiiiii?xmt=AQF02d2_j9-x40tB-WsC5TFiaOUZOd7YuEtlmZt7P0VcMyI,None found,N/A,blogger Apeldoorn
sepatufresh,https://www.instagram.com/sepatufresh/,The Netherlands,N/A,None found,N/A,creator Amersfoort
etalagestyling_a.hamersma,https://www.instagram.com/etalagestyling_a.hamersma/,💪🏻Voor interieur & etalagestyling 👌🏻Voor interieur kleuradvies 👍🏻voor een originele presentatie ☝🏼meer weten? stuur een,N/A,None found,N/A,creator Amersfoort
iamleonwodtke,https://www.instagram.com/iamleonwodtke/,Content creator | Creative strategy • Co-founder @shortcutstudios.nl • Photography @leonwodtkevisuals Dutch,N/A,None found,N/A,influencer Apeldoorn
deblauwehoeve,https://www.instagram.com/deblauwehoeve/,"SAY YES TO THE DRESS • Bruidsboetiek in Apeldoorn sinds 1991 • Kleine bruidswinkel, grote collectie 🧡 • Extra leuk:",https://www.threads.com/@deblauwehoeve?xmt=AQF00CNX8oLWqi4nF46VoKrqYTbv8uwYw57WCCCqUl4mw3k,None found,N/A,content creator Apeldoorn
jessijeanhome,https://www.instagram.com/jessijeanhome/,lessons from my mid-30’s career-identity crisis content tips | furniture flips | money transparency 📩,N/A,None found,N/A,content creator Nijmegen
jipsanders,https://www.instagram.com/jipsanders/,"💪🏻 Brabantse sportieveling 🏠 Nijmegen 👩🏼‍💻 Gedragswetenschapper, Speciaal Onderwijs 💚 Vega(n)",N/A,None found,N/A,blogger Nijmegen
lottievandenboomen,https://www.instagram.com/lottievandenboomen/,"👩🏼‍🦰 Owner @likealot.nl coaching, familieopstellingen & zangles. 🎤 Zingt & schrijft bij @laagwater.nl ✍️ Deelt over",https://www.threads.com/@lottievandenboomen?xmt=AQF0iwkUBsurnRc3J_OgDLpJMPVk1pmAzhi3sUfoxPmtOrY,None found,N/A,vlogger Nijmegen
mathiatv,https://www.instagram.com/mathiatv/,Creator & mom of 3 (2 under 2) Mijn leven als actieve moeder van 2 dochters & zwanger van de 3e 💕 💌 Business:,N/A,None found,N/A,vlogger Nijmegen
loisblog,https://www.instagram.com/loisblog/,"👩🏼 Fashion lover & content creator ☕️ Hotspots, ootd’s & interior 📍#Nijmegen, The Netherlands 📧 loisannejansen@gmail",N/A,None found,N/A,influencer Nijmegen
yapu_23,https://www.instagram.com/yapu_23/,𝕄𝕠𝕞 𝕥𝕠 𝕒 𝕓𝕖𝕒𝕦𝕥𝕚𝕗𝕦𝕝 👸🏻🇮🇩🇳🇱 ✈ 𝔽𝕠𝕣𝕖𝕧𝕖𝕣 𝕥𝕣𝕒𝕧𝕖𝕝𝕝𝕖𝕣 💼 𝔻𝕚𝕧𝕖𝕣 🐟 𝔹𝕒𝕥𝕙𝕣𝕠𝕠𝕞 𝕤𝕚𝕟𝕘𝕖𝕣 🛀 𝔸𝕞𝕒𝕥𝕦𝕣𝕖 ℙ𝕙𝕠𝕥𝕠𝕘𝕣𝕒𝕡𝕙𝕖𝕣 📷 𝔽𝕠𝕠𝕕 𝕃𝕠𝕧𝕖𝕣 🍝,https://www.threads.com/@yapu_23?xmt=AQF0rhaJUJrgJ8xfEgjS8zaaeG5Ymm7pbIGtV08p01DhmO4,None found,N/A,blogger Nijmegen
familie_broeders,https://www.instagram.com/familie_broeders/,👨‍👩‍👧‍👦 Gezin van 7 📍 Kidsproof uitjes & familiemomenten 🎥 Volg voor inspiratie & een glimlach! Samenwerken? stuur gerus,https://www.threads.com/@familie_broeders?xmt=AQF0vJBBsSxwni5l0f4KJD2YyoqpHnFeEsBw1JNee0-4aDE,None found,N/A,vlogger Nijmegen
nijmegennick,https://www.instagram.com/nijmegennick/,🎥 Eigenaar en Videograaf @deblauwegraaf.nl 🔥 BBQ: @backyard_bbq_brothers,N/A,None found,N/A,vlogger Nijmegen
bloggirlsthings,https://www.instagram.com/bloggirlsthings/,✏️ Ik ben Merle en blogger 🇳🇱 Doetinchemmer 💫 Webshop @annadesy_nl 🧡 Winkel eigenaresse: @tante_janny ⬇️ Bekijk,https://www.threads.com/@bloggirlsthings?xmt=AQF00tjFrjn5VU9IoxqjFfRRyV2DLy0ry9X61ITY1zwHSxk,None found,N/A,vlogger Nijmegen
simplyme.nl,https://www.instagram.com/simplyme.nl/,𝘿𝙚 𝙗𝙚𝙖𝙪𝙩𝙮𝙗𝙚𝙨𝙩𝙚𝙢𝙢𝙞𝙣𝙜 𝙞𝙣 𝘽𝙚𝙪𝙣𝙞𝙣𝙜𝙚𝙣 & 𝙉𝙞𝙟𝙢𝙚𝙜𝙚𝙣 -Total Beautyconcept Beuningen -Beauty Boutique Nijmegen -Sinds 2008,N/A,None found,N/A,content creator Nijmegen
isabellehanssen,https://www.instagram.com/isabellehanssen/,"🇳🇱 Halfpipe Skier Coach @freeskiglobal Too fast, too curious 🙆🏻‍♀️  🫶🏻 @brunotti x @head_ski x @teamhead_benelux",https://www.threads.com/@isabellehanssen?xmt=AQF0nX60hGNKKbmrrH3uI3fJfQCZAvESNGkDFqTPNtxgqlw,None found,N/A,influencer Nijmegen
journey.of.balance,https://www.instagram.com/journey.of.balance/,❤️ Balans is the key 💡 Tips voor een bewuste levensstijl 📍 Nijmegen | Content Creator | Blogger 🔗 Volg voor inspiratie,https://www.threads.com/@journey.of.balance?xmt=AQF0mWQSz1NWclhg9_Zhw99iUmdRH0iIbEebX1Q5WS430lg,None found,N/A,blogger Nijmegen
ylliepyllie,https://www.instagram.com/ylliepyllie/,Founder @hip.n.zo | @happyhairroll ⚡️ Bestel de originele Happy Hair Roll via @happyhairroll Moeder van twee kids |,https://www.threads.com/@ylliepyllie?xmt=AQF0dl1P5pdAtao8XU6pvm7ATbwm6ZJP7UQ2W2lFOH7azZc,None found,N/A,influencer Nijmegen
jowa_moments,https://www.instagram.com/jowa_moments/,"‏‎﮼الحَمدُلِلّٰه * * Food, Finds & daily vibes✨ 📍Netherlands ___________________________",https://www.threads.com/@jowa_moments?xmt=AQF0YSWRjqfi6mgDNaK8rqMkEIIMXu_P9XRqRNRzWSgIcD8,None found,N/A,vlogger Breda
lamemechose.nl,https://www.instagram.com/lamemechose.nl/,✷ Social Media Management | Advies & Strategie ✷ Projectmanagement voor fotoshoots & content creatie ✷ Interieur |,https://www.threads.com/@lamemechose.nl?xmt=AQF0JtnRWz33vTNW95nYg2uAueBG7JKV16-lBlQBgJ3xCnA,None found,N/A,content creator Breda
alexandra.atalita,https://www.instagram.com/alexandra.atalita/,📍Groningen 🇳🇱 Fibroid warrior| Pageant Queen 👑 President @missdutchcaribbean ✨ Owner @studio.atalita 🤍 TikTok:,N/A,None found,N/A,blogger Breda
emmelieherwegh,https://www.instagram.com/emmelieherwegh/,👩🏻🇳🇱💖💿 🎸 Bassist @nervosathrash 🎸 Guitarist @sistersofsuffocation 🎸 Endorsed by @brandinguitars @craft.ears,https://www.threads.com/@emmelieherwegh?xmt=AQF0syXm7Mg6xopBnSLLAQbr5jR7I4uZ8MmPmHDcPEDHHqc,None found,N/A,vlogger Breda
melissakrijns90,https://www.instagram.com/melissakrijns90/,Just a simple and silly girl. 🤗 Volg mij ook op @braidedbymelis voor al mijn Creatieve Creaties. 🩷,N/A,None found,N/A,influencer Arnhem
maisonsauvage.hoofddorp,https://www.instagram.com/maisonsauvage.hoofddorp/,"Wij hebben het altijd gezellig en nemen jullie mee winkelen, op vakantie en uit eten👯‍♀️",N/A,None found,N/A,blogger Haarlem
riannevanbaarsen,https://www.instagram.com/riannevanbaarsen/,☀️Werk komt als 't regent 🤙🏽Business Human Design @barefoot.in.business 💻 Marketeer 🍹Reisblog @strandmeisje.nl 🎧,N/A,None found,N/A,content creator Haarlem
misjab.nl,https://www.instagram.com/misjab.nl/,"💍 70plus style ‘Beautiful young people are works of nature, beautiful older people are works of art’ ~ E. Roosevelt",https://www.threads.com/@misjab.nl?xmt=AQF0dQV4Y3mt7pOWX13kZyS8WffwRy0GomDypdjVsYV2wE4,None found,N/A,blogger Haarlem
yourdailylife.nl,https://www.instagram.com/yourdailylife.nl/,"📍 Amsterdam Owner: @annetonen Online Magazine: Recepten, eten, (natuur)wijnen, reizen, feestjes, kunst & cultuur",N/A,None found,N/A,influencer Haarlem
contessafrancescadiparma,https://www.instagram.com/contessafrancescadiparma/,❤ and BE yourself no matter what❣️ #outandproud #trans #lesbian #styleinspo from Amsterdam #blooddonor since 1990 #mtf,N/A,None found,N/A,influencer Haarlem
kellyhamelijnck,https://www.instagram.com/kellyhamelijnck/,•freelancer/branding&content creator •based in the Netherlands •travel around the world🥥,https://www.threads.com/@kellyhamelijnck?xmt=AQF0y6_l8PS6HTuPD6wjij13ks9kOlC6CWM9N3VQqiWVhPs,None found,N/A,influencer Haarlem
selavanderworp,https://www.instagram.com/selavanderworp/,| 🇪🇹 🇳🇱 | Founder @__studiozin,N/A,None found,N/A,influencer Haarlem
hspmassage,https://www.instagram.com/hspmassage/,Ontspanning en lichaamsbewustzijn voor vrouwen die bewust willen leven. HSP & Burnout Expert. Bij: 👐 vol hoofd 👐,N/A,None found,N/A,creator Haarlem
colorlovingdutchie,https://www.instagram.com/colorlovingdutchie/,⚡️Sharing my journey of figuring out my life 📸 Tripod & Selftimer! (Worst way haha) 📌 The Netherlands 🇳🇱🧀 ⭐️ Content,N/A,None found,N/A,content creator Haarlem
fabienne.rafaella,https://www.instagram.com/fabienne.rafaella/,✎ Visual dairy of my life ☼ Dutch soul that loves travel & photography,N/A,None found,N/A,blogger Haarlem
josinewille,https://www.instagram.com/josinewille/,"weer blij worden van je spiegelbeeld èn je kledingkast? Ik vertel je hoe, met styling tips & combinaties: welkom in",N/A,None found,N/A,influencer Haarlem
techno_no_age,https://www.instagram.com/techno_no_age/,📍Amsterdam 🎵Techno Chick 💃🏻Festival Promoter 📥DM for Collab 𝕕𝕣𝕖𝕒𝕞 𝕓𝕚𝕘 𝕒𝕟𝕕 𝕓𝕚𝕘 𝕥𝕙𝕚𝕟𝕘𝕤 𝕨𝕚𝕝𝕝 𝕙𝕒𝕡𝕡𝕖𝕟,https://www.threads.com/@techno_no_age?xmt=AQF0Wu7A6g3V_ZvY6YY0V5wGcecndV84zP7i2fDvNY0bWl8,None found,N/A,influencer Haarlem
thijsholtmaat,https://www.instagram.com/thijsholtmaat/,Creating my own vision ⚡ 📸 Fashion & Lifestyle ⚑ Blogger & Content Creator 📍 The Netherlands 📬 E-mail / DM for collabs,N/A,None found,N/A,influencer Enschede
foodalalot,https://www.instagram.com/foodalalot/,Door Charlotte 🤎 Altijd iets lekkers in huis 👀 👇 Volg voor snelle snacks Kidsproof • Simpel • NL hotspots ☕️,N/A,None found,N/A,influencer Enschede
chanelmunnik,https://www.instagram.com/chanelmunnik/,Real Estate in Marbella @norma.franck Launching soon @houseofvesta.nl,https://www.threads.com/@chanelmunnik?xmt=AQF0kLmaZ1gWmGEbzH-DSHcjSPK5AJ-Csaq-e7Xd9Nrctv8,None found,N/A,influencer Enschede
by_marleen,https://www.instagram.com/by_marleen/,Bewust alleenstaande moeder: Juul (04/2019) Teckel Pip Nieuwbouw huis Q3 2024 Samenwerken?! Leuk stuur je een,https://www.threads.com/@by_marleen?xmt=AQF0pOKgMAO0ABnaKq_1pzYbCWW5FBCKKAL1NBh8oWvKUnw,None found,N/A,influencer Enschede
carlamodeamsterdam,https://www.instagram.com/carlamodeamsterdam/,"🩷Amsterdam 🩷vrouwelijk,kleurrijk,elegant,chic,vrolijk 🩷0651700800 🩷PennyBlack, CarolineBiss, TaraJarmon, Aaiko, Comma,",N/A,None found,N/A,beauty blogger Zwolle
elianeroest,https://www.instagram.com/elianeroest/,"🖼️ Kunst, cultuur en reizen in Europa. 🚃 Blog: @benerwegvan.nl Samenwerken? Mail me.",N/A,None found,N/A,influencer Deventer
martijn_jentink_fotografie,https://www.instagram.com/martijn_jentink_fotografie/,25 years old 📸 Fuji XT30 II/ #streetphotography 🪄working for @indebuurtdeventer Deventer 📍 /collabs/ Autism. #f,https://www.threads.com/@martijn_jentink_fotografie?xmt=AQF0Se4n3TnXY8_8f_fT7NS0gtrHz6Syk5s9cuakrxYUNDg,None found,N/A,blogger Deventer
marl0uk,https://www.instagram.com/marl0uk/,"🇳🇱🇮🇹 SEO, SITES & SOCIAL @dikketitels 🍼 40+ #momlife જ⁀➴ Ik droomde ff dat ik droomde ff 🩷",https://www.threads.com/@marl0uk?xmt=AQF0gTMF88t199z0iYMwab7RuWb6n9XLk5uLlWs1wVMbE-o,None found,N/A,influencer Deventer
willemlaros,https://www.instagram.com/willemlaros/,Beroepskampeerder | buscamper Reizen | schrijven | fotograferen #instalaros | Fuji X willemlaros.com | willemlaros.nl |,https://www.threads.com/@willemlaros?xmt=AQF0JsFQ_VFUvKjN7UyHrVgHEpmhvg1w4JeVsl58U3x5v3c,None found,N/A,blogger Deventer
1roos_hollandada,https://www.instagram.com/1roos_hollandada/,Yeni göçmenin iç sesi 🇹🇷🇳🇱 #hollanda #nederland,https://www.threads.com/@1roos_hollandada?xmt=AQF0NQc7S7w5_2ZWqcf8a75LrdYC_oGNJJvUkwpnOJ1OILQ,None found,N/A,blogger Deventer
refound.nl,https://www.instagram.com/refound.nl/,"De WereldJutter, ik ga de hele wereld over opzoek naar bijzondere objecten, relaties en zielsverwanten...",https://www.threads.com/@refound.nl?xmt=AQF0lpHqH2hXChcGqgH0K-MD4PoCvmhxmdQUGNcv2tE7jKk,None found,N/A,creator Zwolle
adrianastyling.nl,https://www.instagram.com/adrianastyling.nl/,"Jezus is mijn Heer ""gezengend""moeder van 5 kinderen♡ getrouwd met de liefde van mijn leven.",N/A,None found,N/A,creator Zwolle
dtown_raster,https://www.instagram.com/dtown_raster/,Dtown: Het jongerenplatform van Deventer.,N/A,None found,N/A,influencer Deventer
bastiaandemos,https://www.instagram.com/bastiaandemos/,Zwolle 🇳🇱 Dutch architecture 🏢 Urban photography,N/A,None found,N/A,creator Zwolle
melikeskids,https://www.instagram.com/melikeskids/,• lifestyle • interior DIY• fashion • momlife and more • mom of 3 👶🏻 • teacher of Dutch 🇳🇱 • collab? ✉️,N/A,None found,N/A,blogger Deventer
_amkina,https://www.instagram.com/_amkina/,"▪️ Dutch/Kurdish designer couple living in Sardinia ▪️ Renovating a tiny house into a sleep experience ▪️ Lifestyle,",N/A,None found,N/A,creator Zwolle
fotografiemimi,https://www.instagram.com/fotografiemimi/,"👩‍👧‍👦 Moeder van 2: Melody (13) en Elliott (6). Eerlijk, positief en enthousiast. Afscheids- en uitvaartfotograaf,",https://www.threads.com/@fotografiemimi?xmt=AQF0Sy19CCcxb71Ebqu8PhjOGAE16zyQbLPPTR1ah3YWoxE,None found,N/A,influencer Zwolle
mariekusgo,https://www.instagram.com/mariekusgo/,Mariekusart💛Love to paint🌷Kunstenaar💜 Moeder🎬Kunstreporter🧡 Hornbach Bedrijfsleider 🎬 https://linktr.ee/Mariekus www,N/A,None found,N/A,vlogger Zwolle
chicbynic.nl,https://www.instagram.com/chicbynic.nl/,👒 Kledingwinkel in Zwolle 🛍️ Wekelijks nieuwe collectie 🌸 Bohemian en Ibiza stijl 💌 Shop 24/7 via de website,N/A,None found,N/A,content creator Zwolle
logonouwels,https://www.instagram.com/logonouwels/,Gespecialiseerd logopedist: - Logopedist Downpoli Isala Zwolle - Preverbaal logopedist - Gespecialiseerd in,https://www.threads.com/@logonouwels?xmt=AQF0PxMR8eEiV7fsrfRqjMJ94KEyOlsIQmU9CQhfaFkpclg,None found,N/A,vlogger Zwolle
selenabeltman,https://www.instagram.com/selenabeltman/,♡ mama van Leentje & Sammie ♡ liefde; @rober_t00 🛍 @beautyleen.olst,N/A,None found,N/A,influencer Deventer
metdebenenwagen,https://www.instagram.com/metdebenenwagen/,Een kijkje in mijn avonturen met de benenwagen 🌳🌿 📍 Deventer 🦭 Waddengek 🏔️ Bergwandelen 🥾 Vi,N/A,None found,N/A,influencer Deventer
lingeriebadmode,https://www.instagram.com/lingeriebadmode/,Perfecte bh pasvorm (A-J cups) Zelfvertrouwen begint hier💕 🔗 Familiebedrijf 📍Zwolle | Persoonlijk advies in de winkel 🏠,N/A,None found,N/A,beauty blogger Zwolle
nooterhof,https://www.instagram.com/nooterhof/,💚Groene vinger in Zwolle 🔍 Natuur ontdekken en beleven ☔️Natuurlijk spelen 🔅Duurzaam theehuis Earthship 🥦Eco tuinbeheer,N/A,None found,N/A,content creator Zwolle
guitarworksdelft,https://www.instagram.com/guitarworksdelft/,"*Luthier Sherah Draaijer *Repairshop in Delft, the Netherlands. *Reijaards Custom Guitars & pickups@reijaardsguitars",https://www.threads.com/@guitarworksdelft?xmt=AQF0fOYZzIiyeZWgJ0i9vFRTizeJ5rCdNkMMgqPXJ0Y4S2k,None found,N/A,vlogger Delft
lillianne_grootens,https://www.instagram.com/lillianne_grootens/,"The Hague, Netherlands, ♉️ 1987 💙 2014 🩷 2023 ❤️ @biesta_thijs.",https://www.threads.com/@lillianne_grootens?xmt=AQF0HO2kQ9kPZ2Vpz4edhwOaGTvaOZ5RcCA08LtALCmjo7M,None found,N/A,blogger Delft
cycle.andthe.city,https://www.instagram.com/cycle.andthe.city/,"Gouden fietstour in Den Haag, Delft of Scheveningen met gids op de #goudenfiets!",N/A,None found,N/A,vlogger Delft
cizzkadhinata,https://www.instagram.com/cizzkadhinata/,👸 Mrs.Sebrian 🙋‍♀️ @waroengnjajan_ ❣ love cooking 🏡 Kota Wisata Batu-Malang 🇮🇩 🌏 Delft 🇳🇱,N/A,None found,N/A,vlogger Delft
ibecomingdutch,https://www.instagram.com/ibecomingdutch/,A foreigner just sharing my domestic tourist travel life in the Netherlands. #ibecomingdutch Click link for new blog,N/A,None found,N/A,blogger Delft
12ay12yer,https://www.instagram.com/12ay12yer/,"Kadın, göçmen, kurumsal, anne, Hollanda, kaliteli bilgi 🧠 En az ikisi ilgini çekiyorsa doğru yerdesin 🤓 📍 Delft",N/A,None found,N/A,vlogger Delft
chicenzo,https://www.instagram.com/chicenzo/,"Netherlands Bonaire 🇳🇱🇧🇶 back to basics| consume recycle reuse reduce| nature| grateful| time is valuable, make",N/A,None found,N/A,vlogger Delft
a_traveling_foodie,https://www.instagram.com/a_traveling_foodie/,Dutch🔒 🇳🇱 & Side 🏠🇹🇷 Last 🇹🇷✈️ Next: 🇳🇱 Travelblogger & Foodie 🧚‍♀️ #travellife ✈ 🌍 17 countries My own,N/A,None found,N/A,blogger Delft
jyoti.1313,https://www.instagram.com/jyoti.1313/,📍Amsterdam 🏠 Chandigarh Getaways - 🧘‍♀️ 📝 👩‍💻 🏊‍♀️,N/A,None found,N/A,vlogger Delft
nieuwrechtsnl,https://www.instagram.com/nieuwrechtsnl/,Dé nieuwswebsite voor rechtsdenkend Nederland.,https://www.threads.com/@nieuwrechtsnl?xmt=AQF0lRtAmzdqNhFi65EEjrAAmvAGgraxS7KM0t6TcFctfaU,None found,N/A,vlogger Delft
ouwejongenskrentebrood,https://www.instagram.com/ouwejongenskrentebrood/,🚨 | Ouwe in een nieuw jasje ⚡️ | Energiek DJ/Producer & MC Duo 🔔 | Boekingen: @bbassmusicandevents 📀 | #OJKB Hot Links ↴,N/A,None found,N/A,vlogger Deventer
aventusmbo,https://www.instagram.com/aventusmbo/,"📍Apeldoorn, Deventer & Zutphen 📩 Vragen? DM ons! 👉 Vind Aventus Update in MijnAventus-app! 𝐷𝑜𝑜𝑟 𝑠𝑡𝑢𝑑𝑒𝑛𝑡𝑒𝑛, 𝑣𝑜𝑜𝑟",N/A,None found,N/A,vlogger Deventer
miqa_makelt,https://www.instagram.com/miqa_makelt/,Jouw makelaar in Deventer 🔹 Wonen in Deventer 🔹 Previews van ons nieuwe aanbod 🔹 MIQA achter de schermen 🔹,N/A,None found,N/A,vlogger Deventer
foodbombnl,https://www.instagram.com/foodbombnl/,📹 YOUTUBE: FoodBOMB 🤝 DM voor vragen en recepten 🍜 @ssenturk85 😋 Tiktok: foodbombnl 🇳🇱🇹🇷 #izmir #eten #foodie #koken,N/A,None found,N/A,vlogger Zwolle
nathalie_bharos,https://www.instagram.com/nathalie_bharos/,❥ Us & our 3 little muses 𓆃 Acting like us ;) Creative @referox_official @chapterv.nl,N/A,None found,N/A,vlogger Den Bosch
bachar.alhaji,https://www.instagram.com/bachar.alhaji/,Aerial Photographer - Movie Maker Video Editor - YouTuber - Engineer CEO at @ana_muhands17 Email: bachfilms.nl@gmail,N/A,None found,N/A,blogger Leiden
johnvanro,https://www.instagram.com/johnvanro/,"🌍 🌞 🇳🇱 🐶 Traveling, Festivals, Sun, Art 🌞🌞 and my dog Casper",N/A,None found,N/A,influencer Leiden
uniclem_,https://www.instagram.com/uniclem_/,📍Reims/Metz 💌 𝑢𝑛𝑖𝑐𝑙𝑒𝑚@ℎ𝑜𝑡𝑚𝑎𝑖𝑙.𝑐𝑜𝑚 ✈️ 𝑇ravel addict 🇵🇱🇵🇹🇹🇭🇮🇪🇬🇷🇺🇸🇲🇦🇹🇳🇳🇱🇧🇪🇩🇪🏴󠁧󠁢󠁥󠁮󠁧󠁿🇬🇧🇦🇪🇶🇦🇮🇹🇪🇸🇫🇷🇪🇬🇭🇺🇱🇺🇨🇿🇲🇺🇸🇬🇮🇩🇴🇲🇻🇦,https://www.threads.com/@uniclem_?xmt=AQF0tU_RqJDMg-NTA5yaBFV8Xb4o6Czl00zOkdami281A_k,None found,N/A,food blogger Hoofddorp
daniquecathy,https://www.instagram.com/daniquecathy/,"🏡 Eindhoven, The Netherlands 🏊‍♀️🚴‍♀️🏃‍♀️ My triathlon journey: @triwithdanique",N/A,None found,N/A,influencer Leiden
belandjor,https://www.instagram.com/belandjor/,𝘊𝘰𝘯𝘵𝘦𝘯𝘵 𝘤𝘳𝘦𝘢𝘵𝘪𝘯𝘨 𝘧𝘢𝘮 𝘰𝘧 𝟥 🇳🇱🇨🇻 𝘛𝘪𝘬𝘵𝘰𝘬: 𝘉𝘦𝘭𝘢𝘯𝘥𝘑𝘰𝘳 𝟤𝟪𝟧𝘒 𝘣𝘦𝘭𝘢𝘯𝘥𝘫𝘰𝘳@𝘨𝘱𝘮𝘢𝘯𝘢𝘨𝘦𝘮𝘦𝘯𝘵.𝘯𝘭,N/A,None found,N/A,influencer Leiden
lieverinleiden,https://www.instagram.com/lieverinleiden/,"Met Liever in Leiden laten we je zien dat lokaal winkelen niet alleen leuker is, maar ook beter voor de stad.",N/A,None found,N/A,blogger Leiden
claudiaxh,https://www.instagram.com/claudiaxh/,"sharing moments, moods & inspiration based in the netherlands email for ugc/collaborations ✉",https://www.threads.com/@claudiaxh?xmt=AQF0PQrN0Tby4SiFAb4su9SDWLGvJ47gNQmnfE8LM3CtYXk,None found,N/A,blogger Leiden
eyecatcher_textieldrukkerij,https://www.instagram.com/eyecatcher_textieldrukkerij/,"★ Je favoriete drukkerij in Haarlem ★ Zeefdruk, DTF & borduren ★ Snelle levertijden ★ Showroom; 8:00 - 15:00",N/A,None found,N/A,influencer Hoofddorp
sisthings.nl,https://www.instagram.com/sisthings.nl/,Sisters Rachelle & Denise ✨ Tips & trips 🤍 Lifestyle coaching | Fit met onze routine 💌 Collab? DM/mail,N/A,None found,N/A,content creator Den Bosch
headcandy.nl,https://www.instagram.com/headcandy.nl/,✂️MASTERS OF CUTTING 🎨COLOR-SPECIALIST ➰CURL-SPECIALIST 〽️EXTENSION/WEAVE -SPECIALIST,https://www.threads.com/@headcandy.nl?xmt=AQF0h5ipg6q1ZxcXxcdNtE-QfXlqnFXIgTok2fZgqmxP4qE,None found,N/A,vlogger Hoofddorp
azarakhsh_beauty_art,https://www.instagram.com/azarakhsh_beauty_art/,We create your dream look with magic! 🍀Neerkanne amsterdam Balayage • high lights • keratine •knippen ↴ Boek nu,N/A,None found,N/A,influencer Hoofddorp
thefries_amsterdam,https://www.instagram.com/thefries_amsterdam/,Amsterdam Fries 🍟 Smash Burger 🍔 Yeni Nesil Kumpir 🥔 Sali-Pazar⏰ 12:30 23:00 Pazartesi Gunleri Kapaliyiz.,N/A,None found,N/A,food blogger Hoofddorp
daniellehoncoop,https://www.instagram.com/daniellehoncoop/,"Designer 🤍 Founder @candleclub.nl Creating beautiful things, slowly",https://www.threads.com/@daniellehoncoop?xmt=AQF03XHpPQOioxO1e6qJ64LNKG7v2jSSZacWNTDtupDX9oQ,None found,N/A,vlogger Hoofddorp
r.henrique9,https://www.instagram.com/r.henrique9/,- Epicurist🪪🫡 - Team @takomogolf - Team @gogolf.nl - Back 9 Typa Guy⛳️ hcp 12 -,https://www.threads.com/@r.henrique9?xmt=AQF0VkjJLZ5D6nt2VsWPLHTp39Oz4gxekfmfFHoMg_kro6U,None found,N/A,vlogger Hoofddorp
laurenkreijger,https://www.instagram.com/laurenkreijger/,"Sportdiëtist | Coach Eten zonder stress, bewegen met plezier 💃🏽 📩 DM voor coaching/samenwerking",N/A,None found,N/A,food blogger Hoofddorp
pikeypiyush,https://www.instagram.com/pikeypiyush/,🌈Travel around l Adventure l Wander l Explorer | 🇮🇳 🇫🇷 🇳🇱 🇨🇭 🇩🇪 🇧🇪 🇩🇰🇸🇪 🇱🇺 🇹🇷 🇪🇸 🇦🇹 🇳🇴 🇨🇿 Travel Stories,https://www.threads.com/@pikeypiyush?xmt=AQF0LgRITkjb9IEuiDJzd_vBL8NsmSlFs3-MtwmVW_CTLkE,None found,N/A,influencer Hoofddorp
bridging.culture,https://www.instagram.com/bridging.culture/,Travel | LDR | Indian Dutch | Life,N/A,None found,N/A,vlogger Hoofddorp
imfeelinggood.nl,https://www.instagram.com/imfeelinggood.nl/,"★ Lifestyle, beauty & wonen content creator ★ K-pop 🫶🏼 ★ Slow living ★ Landelijk wonen ★",https://www.threads.com/@imfeelinggood.nl?xmt=AQF0Z0xyq1gtOtfXRLocCkIQC4P8RqXqWRzM1u5hRKNQ39Y,None found,N/A,blogger Leiden
hivancommunity,https://www.instagram.com/hivancommunity/,🌿 Collectieve transformatie. Ruimte voor Hindostaanse vrouwen om hun leven op eigen voorwaarden vorm te geven. 🇮🇳 🇸🇷 🇳🇱,N/A,None found,N/A,influencer Zoetermeer
fleur_waltersx,https://www.instagram.com/fleur_waltersx/,• DANCE COACH & PERFORMER • 𝐃𝐀𝐍𝐂𝐄 𝐂𝐎𝐀𝐂𝐇: @dansschoolfuse • 𝐂𝐎𝐌𝐏𝐄𝐓𝐈𝐓𝐈𝐎𝐍 𝐃𝐀𝐍𝐂𝐄 📍Breda,https://www.threads.com/@fleur_waltersx?xmt=AQF0xgGewfi9FojHsbXmsKE_0cEd1e_7axW96Rk1t3FKi3Q,None found,N/A,influencer Dordrecht
julia.bakalova,https://www.instagram.com/julia.bakalova/,🧚‍♀️PWR WMN🧚‍♀️ 👑🇪🇺MRS EUROPEAN UNION 2018 🇪🇺👑 👑🇳🇱MRS NETHERLANDS EUROPE 2018 🇳🇱👑 👑Mrs Europe Photogenic 2018 📸 📸 Model,N/A,None found,N/A,influencer Zoetermeer
mamas.zwolle,https://www.instagram.com/mamas.zwolle/,🇮🇹 Italiaanse 🥪 Huisgemaakte broodjes tot 17.00 🍷 Aperitivo v.a. 15.00 🍝 Gerechten v.a. 17.00 🔑 wo t/m zo v.a. 11.00 @m,N/A,None found,N/A,content creator Zwolle
christie_nl,https://www.instagram.com/christie_nl/,▪︎ Owner @myfitnesscoach_nl ▪︎ Based in Amsterdam,https://www.threads.com/@christie_nl?xmt=AQF0ccW3yjCPamJQKpvqA5Z3HS5rcLVOp7tu2w5YBlamta4,None found,N/A,influencer Zwolle
paulinaristow,https://www.instagram.com/paulinaristow/,Deine ehrliche Freundin für Beauty & echte Gefühle 🤍 Based in Amsterdam Co-Founder @heatstudios 💌 paulinaristow,https://www.threads.com/@paulinaristow?xmt=AQF0d3pVrviXzd426EDs7vEMHVBc3do_S3hDLfRf8mJzdDQ,None found,N/A,content creator Zwolle
goudenschatkist,https://www.instagram.com/goudenschatkist/,Vintage Jewelry store in Groningen. Vintage en Antieke ringen met edelstenen. Meer dan 1000 Online. Webshop/Bezoek op,N/A,None found,N/A,influencer Zwolle
eline_westervaarder,https://www.instagram.com/eline_westervaarder/,📮 Dagelijks inspo voor bewuster leven mét glitter 💯 Enige echte kringloopexpert 🦸🏻‍♀️ Niet-perfect & kleine stappen,N/A,None found,N/A,influencer Zwolle
travel2amsterdam,https://www.instagram.com/travel2amsterdam/,🇳🇱 Amsterdam Travel Tips 📍 Things to do & daily guides 👇 Comment ‘GUIDE’ for FREE Travel Guide 👇,N/A,None found,N/A,food blogger Leiden
bobbytravels_,https://www.instagram.com/bobbytravels_/,🏡Real estate investments 🛠️Property management 🗣️Dutch | English | Spanish 📍Valencia 🇪🇸 📲Contact us below!,N/A,None found,N/A,vlogger Dordrecht
lindaswholesomelife,https://www.instagram.com/lindaswholesomelife/,"☁️ Not your city girl, love 🌱 Life and style from the Dutch Countryside 🤍 Fos꙳ 7•6•24 🕊️ 🌼 Mijn blog:",https://www.threads.com/@lindaswholesomelife?xmt=AQF0HhcSPsF59ZgmUs0zqjnFKyBlZwk9HBLOgi91h8Tr9-s,None found,N/A,influencer Dordrecht
vindikleukmakeupbyronald,https://www.instagram.com/vindikleukmakeupbyronald/,Makeupartist/Ambasador/HeadTrainer @deborahmilano_nl @formulapura_deborahmilano @make_up_factory @bellapierre.nederland,N/A,None found,N/A,vlogger Dordrecht
djoaquimdj,https://www.instagram.com/djoaquimdj/,Social worker | Rotterdam-based DJ Groovy electronic music 🎧 DJOA (club) • JOAQUIM (melodic) Info👇🏽,N/A,None found,N/A,vlogger Dordrecht
glenn_eilbracht,https://www.instagram.com/glenn_eilbracht/,📺 TV | Good Luck Guys S2 @primevideonl 🎥 TikTok @glenn_eilbracht | 343.000k 📩 DM voor samenwerking 🇳🇱 NL | 🎞 Films |,https://www.threads.com/@glenn_eilbracht?xmt=AQF0cBqM_lgit8BI_B6IVExSRH73OVk_h7SUiuAjOOX7YLs,None found,N/A,vlogger Dordrecht
loulou_maria_,https://www.instagram.com/loulou_maria_/,Model | Figureskater (MSB) 📍Netherlands,https://www.threads.com/@loulou_maria_?xmt=AQF0vvWzhmeAgs-VHmUmrKyNDKF56_dBkCwduZfkCegxyk8,None found,N/A,influencer Breda
syl_vana.b,https://www.instagram.com/syl_vana.b/,Dutch 🇳🇱 Rotterdam | 🏞 | 🌅 | 🏋🏼‍♀️ | ♈️ 🧳| 🇳🇱🇧🇪🇱🇺🇩🇰🇸🇪🇳🇴🇩🇪🇦🇹🇱🇮🇨🇭🇵🇱🇨🇿🇮🇹🇸🇮🇭🇷🇸🇰🇭🇺🇨🇵🇪🇸🇮🇨🇬🇷🇹🇷🇩🇴,N/A,None found,N/A,dutch influencer Rotterdam
s.h.e_explores,https://www.instagram.com/s.h.e_explores/,Travel | Fashion and Everything in between ❤️ 🌍🇮🇳🇧🇪🇫🇷🇳🇱🇮🇹🇪🇦🇱🇺🇩🇪🇨🇭🇲🇹 #explorewithparam,https://www.threads.com/@s.h.e_explores?xmt=AQF0sGEO8_zgLvh9F6XRr1mX0ZtEDZTLXNmvAs3j-1sq1uk,None found,N/A,creator Rotterdam
dutchess_clothing,https://www.instagram.com/dutchess_clothing/,DUTCH CLOTHING BRAND | Classics with a twist | Since 2005 | VAN NELLE FABRIEK,https://www.threads.com/@dutchess_clothing?xmt=AQF05ICBiEN50yeOC8cl6zZhvZnZSxjuWWBLgwP40ctkxgc,None found,N/A,dutch influencer Rotterdam
gerdie_van_wingerden_treur,https://www.instagram.com/gerdie_van_wingerden_treur/,• WOONBLOGGER •TEKSTSCHRIJVER • LANDELIJK INTERIEUR met een touch van stoere BROCANTE. ♥ 👦👦👦👧 trotse moeder van 4.,N/A,None found,N/A,influencer Den Haag
cynthiapuntnl,https://www.instagram.com/cynthiapuntnl/,"📓 Eigenaar @structuurjunkie | Blogger Cynthia.nl 🧳 @metcynthiaopreis 🌿 Lezen, sport, food, selfcare, chill, reizen 📩",N/A,None found,N/A,dutch influencer Rotterdam
photowalk010,https://www.instagram.com/photowalk010/,📍R o t t e r d a m 📸 Taken by @gulcaneren_ Rotterdam hotspots #photowalk010,N/A,None found,N/A,food blogger Rotterdam
andrahuidu,https://www.instagram.com/andrahuidu/,Made in 🇷🇴 @aspire_romania ExTesla +7 years 🇳🇱🇮🇹 🌏 ᴛʀᴀᴠᴇʟʜᴏʟɪᴄ 🗺️ 50 🎶 +270 🎬 Active Listener 🎾🏐🎿 Sports Lover,N/A,None found,N/A,dutch influencer Rotterdam
natyawolff,https://www.instagram.com/natyawolff/,Your vintage lover bestie 🤎 🇧🇷 Based in Amsterdam,https://www.threads.com/@natyawolff?xmt=AQF0eiYtvoQKqXJm5mwdGbrtvn4mtMFuniKbKxiFhQgd4Do,None found,N/A,blogger Den Haag
rotterdam.food,https://www.instagram.com/rotterdam.food/,🧑🏼‍🍳 Recepten: koken en bakken 📍 Rotterdam & Den Haag food spots 🎾 Foodie met liefde voor padel,https://www.threads.com/@rotterdam.food?xmt=AQF0x4LfUsqX0ahN8TwOVJQNNZjA2LXbO-QyAjq-Q3uRAY8,None found,N/A,food blogger Rotterdam
lifestyle_of_eltje,https://www.instagram.com/lifestyle_of_eltje/,"Dutch🇳🇱 〰️love bodybuilding 🏋🏽💪🏼 〰️love healthy food, 〰️love cruising 🛳 〰️love",https://www.threads.com/@lifestyle_of_eltje?xmt=AQF08hcqBKd87O2zwfdVMrJfANoEZ-Cr6yfe52V_mm3E5YA,None found,N/A,influencer Den Haag
gizemkosoglu_,https://www.instagram.com/gizemkosoglu_/,Brand Ambassador 🗝️ 📍🇬🇧🇫🇷🇳🇱🇮🇹 Corporate Trainer Author @babyjanda_ ✍️ Founder @gimoreistanbul,N/A,None found,N/A,vlogger Rotterdam
hikouki_0408,https://www.instagram.com/hikouki_0408/,Engineer | 1998 @vuamsterdam🇳🇱 → tech → semiconductor,N/A,None found,N/A,vlogger Rotterdam
woonvisiemakelaars,https://www.instagram.com/woonvisiemakelaars/,"𝗔𝗮𝗻𝗸𝗼𝗼𝗽 • 𝗩𝗲𝗿𝗸𝗼𝗼𝗽 🌆 Makelaar in Rotterdam 🏠 Plan zélf je bezichtiging in 👀 Nieuw aanbod eerst hier, dan op Funda ⭐️ Beoo",N/A,None found,N/A,content creator Rotterdam
mrhungry_sam,https://www.instagram.com/mrhungry_sam/,"- Haarlem, Amsterdam - Loves food, what else?",N/A,None found,N/A,food blogger Rotterdam
valentinacarpita,https://www.instagram.com/valentinacarpita/,👑 WOMAN OF THE UNIVERSE NL | WOMAN SUPERMODEL 23 Dutch 🇳🇱🇮🇹 Model & UGC Creator Sport & Beauty | Grey is the new sexy ✨,N/A,None found,N/A,influencer Rotterdam
reinholdssonsnl,https://www.instagram.com/reinholdssonsnl/,LUMIX Netherlands ambassador 🇳🇱 Freelance Filmmaker and #colorist based in 🇳🇱 Collaboration requests at:,https://www.threads.com/@reinholdssonsnl?xmt=AQF0pYs7yh7M_-remTVbk02E-B9U52SR6WYfnh1KSTSKwZE,None found,N/A,content creator Rotterdam
frederiquejitta,https://www.instagram.com/frederiquejitta/,"~ resets & routines | mom of two (age 3 & 4) ~ co-founder @wolvielabel 💞 ~ 🌳 Veluwe, The Netherlands",N/A,None found,N/A,food blogger Rotterdam
justaygun,https://www.instagram.com/justaygun/,👩‍⚕️ Həkim | Ana blogger 4🙏🏻 🤰 Hamiləlik • Analıq• Körpə 🤱🏻@kraamzorg.az təsisçisi 📍 Niderland 🇳🇱 | Azərbaycan 🇦🇿 ⬇️,https://www.threads.com/@justaygun?xmt=AQF0Ll1Gxs3b7G0Km92KZDw1jq0pb9qTFFZIfw9mfMbdbEU,None found,N/A,vlogger Rotterdam
nankhosla,https://www.instagram.com/nankhosla/,"Branding & Marketing consultant ♡ 🍉 What I eat, where I eat & what I cook ⤷Amsterdam ◟̽◞̽",N/A,None found,N/A,vlogger Rotterdam
rydia0722,https://www.instagram.com/rydia0722/,🇰🇷 Host | Artist | Skater | Based in 🇳🇱 Rydia x ZEMI : Prototype 001 I am the crazy you need in your life. 🛼⛸️,https://www.threads.com/@rydia0722?xmt=AQF0DcATZn-o4GjdcZ9BPQkkjHDvJJxIX92dQEVS26GIX6s,None found,N/A,vlogger Rotterdam
mirthewillemsx,https://www.instagram.com/mirthewillemsx/,Social Media | Branding | Marketing Amsterdam,N/A,None found,N/A,influencer Utrecht
robindeeboer,https://www.instagram.com/robindeeboer/,~ Final Sale La Luna Amsterdam! See below link👇🏻 • Amsterdam • Interieurontwerper @robindeboerinteriors,N/A,None found,N/A,influencer Utrecht
macaronbyphuong,https://www.instagram.com/macaronbyphuong/,Sushi and poke bar Castricum Located: Netherlands Shipping: Europe,https://www.threads.com/@macaronbyphuong?xmt=AQF0bB9NBA1I7c3qoCaGIcRJF_Nbu6WSFEHf5dNeXmfHrDc,None found,N/A,food blogger Den Haag
larissavanmeerten,https://www.instagram.com/larissavanmeerten/,• Deelt een kijkje in haar leven • Eigenaar: @trainenbijvet • (Personal) trainer • ondernemer 📍 zeist,N/A,None found,N/A,influencer Utrecht
cinemaculinair,https://www.instagram.com/cinemaculinair/,"Topavondje: 📽kijk naar een film en eet tegelijkertijd een zeven gangen diner 🍽 als in de film. Sinds 2013 in Rotterdam,",N/A,None found,N/A,creator Den Haag
liefslotte,https://www.instagram.com/liefslotte/,Lotte 🙋🏼‍♀️ || Den Bosch 🏠 || Moeder van één 💕 Werkt toe naar een langzamer leven 🌻 * aan het jongleren met alle ballen,https://www.threads.com/@liefslotte?xmt=AQF0YetgeHN5UYSVYV3ea-zQskgpukFJoiYjPOzgbk5VVxo,None found,N/A,influencer Utrecht
joannapantigoso,https://www.instagram.com/joannapantigoso/,Photographer | Amsterdam Vacation photography in Amsterdam Tulip season · couples · families ⬇️ Booking from May 2026,https://www.threads.com/@joannapantigoso?xmt=AQF0fECkost-AA1TYQy048BB5MuNeDPNNEOuXgjEeshYzes,None found,N/A,creator Den Haag
voarutrecht,https://www.instagram.com/voarutrecht/,Dé community voor vrijwilligers in Utrecht 🤩 - een initiatief van de Vrijwilligerscentrale Utrecht,N/A,None found,N/A,content creator Utrecht
iamnatashamondesir,https://www.instagram.com/iamnatashamondesir/,❥ Ms.Glam | Inspiring you to become the Best version Of yourself Inside & Out ❥ TikTok Ms.Glam (40k+)📍NL🇳🇱🇨🇼 ❥ Mua @nm,https://www.threads.com/@iamnatashamondesir?xmt=AQF06UTl-KB9FI3qBYbYoGYRAiuEaheOcpnB3zQSBMukd_E,None found,N/A,blogger Utrecht
eye_of_the_capt,https://www.instagram.com/eye_of_the_capt/,Made for the 🌊 but surviving ashore Gearhead 🏍🚘 Ⓜ️ @raw_community_member 📍Netherlands 🇳🇱,N/A,None found,N/A,vlogger Den Haag
sergio_kleingeld,https://www.instagram.com/sergio_kleingeld/,Sergio kleingeld the cheetah 📸 Model 📸 💪👊Kickboks bij team de jager den haag👊💪 @teamdejagerdenhaag Powered by,N/A,None found,N/A,vlogger Den Haag
francesraaff,https://www.instagram.com/francesraaff/,🙋🏼‍♀️ Creatief 🍟 Foodie🍷Wine enthusiast 👩‍🎓 Geslaagd SDEN3 (wijnbrevet) 👩‍💻 Organiseert en creëert 📍 Groningen,N/A,None found,N/A,food blogger Den Haag
denise_miltenburg,https://www.instagram.com/denise_miltenburg/,Reisblog Followmyfootprints.nl Reizen & fotograferen 50+ landen 55+ eilanden 🇪🇸>20x 🇫🇷19x 🇮🇹16x 🇬🇷14x 🇹🇷9x 🇵🇹7x Azië,N/A,None found,N/A,food blogger Den Haag
foodandlifestylebrigitte,https://www.instagram.com/foodandlifestylebrigitte/,"🍷 Bourgondisch leven, één hap tegelijk 📍 De lekkerste plekjes & verhalen 🤝 Samenwerkingen: DM/mail",https://www.threads.com/@foodandlifestylebrigitte?xmt=AQF0oXATNJ7LEvgS1nzUGBah2AFG8tNAm2bP-LuP2DenL-I,None found,N/A,food blogger Den Haag
lifehacksbycyn,https://www.instagram.com/lifehacksbycyn/,🤍 nieuw account @cynthia.houben,N/A,None found,N/A,vlogger Den Haag
firuze_ilayda,https://www.instagram.com/firuze_ilayda/,Founder @lavinajewelz The Netherlands,N/A,None found,N/A,food blogger Den Haag
tacosnorte_nl,https://www.instagram.com/tacosnorte_nl/,Authentic Mexican Street Food 🌵 The best tacos in The Netherlands Made by a mexican 👩🏽‍🍳🇲🇽 mompreneur💜 DM for orders,N/A,None found,N/A,food blogger Amsterdam
femkemegan,https://www.instagram.com/femkemegan/,"Femke Megan ♓︎ 26|Amsterdam|Fashion|Travel🌸 Mix of Dutch,English & Welsh Next: Marbella ✈️",https://www.threads.com/@femkemegan?xmt=AQF0MN8MXopyRHAqzs7Wo_PVO00Lo1sOr0bTWQTTx3wrRQ8,None found,N/A,influencer Amsterdam
framedbyemily,https://www.instagram.com/framedbyemily/,Brazilian visual artist based in Amsterdam Family and wedding photographer Documenting love since 2015 ♥ Art Therapy,N/A,None found,N/A,lifestyle blogger Amsterdam
dutchie,https://www.instagram.com/dutchie/,Amsterdam life,https://www.threads.com/@dutchie?xmt=AQF0sP4l09O39jk5latj3gSkKedJ8EKuFWQEl41HYt9GSUk,None found,N/A,travel blogger Amsterdam
amsterdam.art,https://www.instagram.com/amsterdam.art/,"Amsterdam Art Week 18 - 22 November 2026 Sign up now to participate! Stay up to date with our newsletter, click the link",N/A,None found,N/A,content creator Amsterdam
skybox.nl,https://www.instagram.com/skybox.nl/,"🚀 Inspirational events, sessions, talks & workshops ⚡️ Sign-up for @theinspirationacademy.nl",N/A,None found,N/A,content creator Amsterdam
wafflezbysophie,https://www.instagram.com/wafflezbysophie/,💙Best stroopwafels in town! 🇳🇱Created in Holland 🇲🇦Made in Marrakech 🛵 Livraisonالتوصيل,N/A,None found,N/A,blogger Amsterdam
manuw.tlx,https://www.instagram.com/manuw.tlx/,Amsterdam 🇳🇱 Founder @thelatinexperience,https://www.threads.com/@manuw.tlx?xmt=AQF01mTMG_RL98EBIZdWU9G0c_ky-IGJe4Jnce30s2naRFU,None found,N/A,vlogger Amsterdam
uitinams,https://www.instagram.com/uitinams/,❌ Culturele tips en plekken ❌ Verhalen van en uit de stad ❌ Voor en door Amsterdammers,https://www.threads.com/@uitinams?xmt=AQF0qqbeJ6KXEb0MTi9ZJ3SVafKxFk0Zvs0iThLvWWWUtt4,None found,N/A,content creator Amsterdam
sarainthenetherlands,https://www.instagram.com/sarainthenetherlands/,• American 🇺🇸 in The Netherlands 🇳🇱 Life in Amsterdam & Cultural Differences • Traveler & Outdoor lover @sightsofsara 💌,N/A,None found,N/A,dutch influencer Amsterdam
makas_dream_home,https://www.instagram.com/makas_dream_home/,How we built our home in 9 months 🏡 I share cozy home life and tips on house construction and interior setup 🏡 Collabs,N/A,None found,N/A,beauty blogger Amsterdam
lalagoz,https://www.instagram.com/lalagoz/,📍Netherlands 🇳🇱 Assistant Store Manager @prostoreleidsestraat @maccosmeticsnl Artist 👩‍🎨 Portfolio ⬇️,https://www.threads.com/@lalagoz?xmt=AQF0oDd5rnzdBlTeiGeTKR5d0tvCb2akKNWMACw-_z5kmS4,None found,N/A,blogger Rotterdam
lindazoon,https://www.instagram.com/lindazoon/,- Illustrator 🖌 - Fashion - Fabricdesign - Graphic designer - Founder Dutch Universal Studio - Netherlands - Open for,N/A,None found,N/A,content creator Rotterdam
marissakyara,https://www.instagram.com/marissakyara/,"❆ Adventures & travelling ♫ HARDER STYLES | RAW ☾ Collect moments, not things. 📍Living in the Netherlands 🇳🇱",https://www.threads.com/@marissakyara?xmt=AQF0-qG8WUtuPB0-5XpBltLWuVJqExOQQCcDy65fPg7IsrE,None found,N/A,fitness influencer Amsterdam
praveen_sharma02,https://www.instagram.com/praveen_sharma02/,𝐅𝐚𝐬𝐡𝐢𝐨𝐧 | 𝐋𝐢𝐟𝐞𝐬𝐭𝐲𝐥𝐞 | 𝐓𝐫𝐚𝐯𝐞𝐥 Traveller✈🌍🇬🇧🇳🇱🇩🇪🇨🇭🇫🇷🇧🇪🇸🇬🇲🇾🇹🇭🇦🇪🇸🇪🇵🇱🇱🇺🇭🇺🇨🇿🇮🇹🇪🇸🇦🇩🇳🇴 Actor by Heart❤🕺🏻 Engineer by,N/A,None found,N/A,beauty blogger Amsterdam
exploreamsterdamwithme,https://www.instagram.com/exploreamsterdamwithme/,explore amsterdam with me amsterdam content creator for collabs and business inquiries send DM,N/A,None found,N/A,travel blogger Amsterdam
amsterdammers.in.amsterdam,https://www.instagram.com/amsterdammers.in.amsterdam/,The Best Amsterdam Street Style. “Focus on the elements that could inspire you” 📩 DM for,N/A,None found,N/A,travel blogger Amsterdam
keristhy.peanut,https://www.instagram.com/keristhy.peanut/,Almere | Fitness | Mom 𝘊𝘦𝘳𝘵𝘪𝘧𝘪𝘦𝘥 𝘏𝘦𝘯𝘴𝘦𝘭𝘮𝘢𝘯𝘴 𝘗𝘛 🏆,N/A,None found,N/A,fitness influencer Amsterdam
mileyb.09,https://www.instagram.com/mileyb.09/,Miley🌺 🇳🇱 influencer/modelling 💜 #Collab ➡️ DM /size S/M /175cm Run by mom (and me) @portraitphoto_mandy @dyonneboots,N/A,None found,N/A,dutch influencer Amsterdam
kusanique_,https://www.instagram.com/kusanique_/,dutch girl building a life worth remembering :) training & daily life behind the scenes @weareone_management,https://www.threads.com/@kusanique_?xmt=AQF0G3vPgkwnvYa_A6wKxZVKnt_dBKUO6PrRnsOEMksPNlc,None found,N/A,dutch influencer Amsterdam
sarmami020,https://www.instagram.com/sarmami020/,Werk nodig? DM SALES! Online coaching? DM START! @promospot.nl,N/A,None found,N/A,fitness influencer Amsterdam
jjlee94,https://www.instagram.com/jjlee94/,📍Groningen 👻 Jjlee-94,N/A,None found,N/A,vlogger Groningen
guillaumemaat,https://www.instagram.com/guillaumemaat/,Menswear and photography enthusiast! 📍The Netherlands,https://www.threads.com/@guillaumemaat?xmt=AQF0ze0AewhtumIs5wePNod18KY_rF7MxnuF-i4IHMU6Rmo,None found,N/A,blogger Groningen
marlousoosting,https://www.instagram.com/marlousoosting/,♡𝓜𝓸𝓽𝓱𝓮𝓻 𝓸𝓯 𝓣𝔀𝓲𝓷𝓼 (𝓓&𝓑) ☆𝕤𝕚𝕟𝕘𝕖𝕣🎤 Boekingen 0622276780 ✖ᴘʀᴏᴍᴏᴛɪɴɢ Beautiful Things!👇,https://www.threads.com/@marlousoosting?xmt=AQF0cxoNXrgSYwZewANcY_qk4oRe-I5ia-lPzboyeWsUPPc,None found,N/A,vlogger Groningen
anita_gimpel,https://www.instagram.com/anita_gimpel/,🇳🇱 Найкорисніший блог про життя в Нідерландах 10 років як переїхала | працюю в @adidas тут — щиро і затишно: про,https://www.threads.com/@anita_gimpel?xmt=AQF09WxinsRkEBtssKHI2v-Dozdh36lXDw6t6qJRgxDnCqE,None found,N/A,blogger Groningen
jessicaxdejong,https://www.instagram.com/jessicaxdejong/,🔹️28 years old 🇳🇱netherlands Nina 24❤️👣,https://www.threads.com/@jessicaxdejong?xmt=AQF0KmOEJN_Ss1IEKVjHhQxqoFqjY0M4-2tfIg4bADJHu9U,None found,N/A,influencer Groningen
doodle.caes,https://www.instagram.com/doodle.caes/,"🐾 Australian Labradoodle 📍 Groningen, NL 🪩 Stadsdoodle 🛒 CAES10 @cuddypup_",N/A,None found,N/A,influencer Groningen
angodiva,https://www.instagram.com/angodiva/,"Where fashion meets life. Sharing my journey in style, motherhood, and everything in between Based in the Netherlands",https://www.threads.com/@angodiva?xmt=AQF0Kj9kppieF7Fy26NuqwIdVedkLwb2-hrYgAA7bIrzwnA,None found,N/A,influencer Groningen
demivanbaarle,https://www.instagram.com/demivanbaarle/,"Volg mij in m’n leven met Cystic Fibrose 🫁 dubbele Longtranplantatie (2005), niertransplantatie (2022) , Diabetes en",N/A,None found,N/A,vlogger Groningen
romysharon,https://www.instagram.com/romysharon/,somewhere between soft and strong 𖦹 founder @studiolun.nl & @theelevatejourney,N/A,None found,N/A,blogger Groningen
keeponstylingcom,https://www.instagram.com/keeponstylingcom/,▫️Interior&lifestyle ▫️Kringloopwinkel ▫️HEMA ambassadeur ▫️Groningen City,N/A,None found,N/A,vlogger Groningen
melliemommy,https://www.instagram.com/melliemommy/,Moederschap en lifestyle Mama van Benjamin juni '20 & Olivia april '23 Fotograaf @photosnapper.nl Official brand -,N/A,None found,N/A,vlogger Groningen
primalabel.eu,https://www.instagram.com/primalabel.eu/,"Branding, Packaging Design, Illustrations, Styling 🌸 We make your brand bloom! 📍Based Amsterdam & Heiloo",N/A,None found,N/A,content creator Groningen
eliesbakt,https://www.instagram.com/eliesbakt/,"Marketeer by day, baker by night 📍Groningen - @elizavdwerf 💌Samenwerken of een vraag? Stuur een D(ese)M!",N/A,None found,N/A,influencer Groningen
dvo.setup,https://www.instagram.com/dvo.setup/,®️ Dope-Vibes-Only ☢️ New wave loading this Spring 🚀 Street style inspired 🔥 Contact for colab. Netherlands.,N/A,None found,N/A,creator Eindhoven
annelyndevries,https://www.instagram.com/annelyndevries/,♋️ Groningen,N/A,None found,N/A,influencer Groningen
elmavk,https://www.instagram.com/elmavk/,"Ik deel graag mijn tips met jullie!🛍️ Fashion, Lifestyle, Travel & More 💌 For collabs please e-mail elmavankeulen@gmail",N/A,None found,N/A,influencer Groningen
workmode.coworking,https://www.instagram.com/workmode.coworking/,"Where ambitious women work Coworking, community & connections Amsterdam • Utrecht • Rotterdam • Apeldoorn",N/A,None found,N/A,content creator Groningen
omroepbrabant,https://www.instagram.com/omroepbrabant/,🎥 Nieuws en verhalen uit #onsbrabant 👉 Volg ons ook op YouTube en TikTok ⬇️ Meer weten?,https://www.threads.com/@omroepbrabant?xmt=AQF0rTXA-e4EwP2Ib2mXd9hE_zn2_LfQ30Bxz1d_H8D_GXE,None found,N/A,vlogger Tilburg
msa_tilburg,https://www.instagram.com/msa_tilburg/,🎓 Registered Muslim Student Association at Tilburg University 📖 Education • Community • Support 👥 Come as you are,N/A,None found,N/A,vlogger Tilburg
shotbykirsten,https://www.instagram.com/shotbykirsten/,Designer @maan.nl 🪁🍪🍒🪿 Ik hou van hobby’s ⛭ @atelier.kirsten,N/A,None found,N/A,content creator Tilburg
bo_lemuite,https://www.instagram.com/bo_lemuite/,Living for the aesthetics✨ Lingerie expert🎀 @hunkemöller 1 corinthians 16:14 ❤️ Netherlands 📍,N/A,None found,N/A,dutch influencer Almere
noureen_afrose,https://www.instagram.com/noureen_afrose/,Entrepreneur || Content Creator || Vlogger Owner of @arts.ofpiya & @no_mee2223 🎂22th Nov. 🇧🇩🇮🇳🇸🇦🇳🇱🇩🇪🇨🇭🇫🇷🇱🇺🇧🇪,https://www.threads.com/@noureen_afrose?xmt=AQF0B7o6Wj-LArRmyOUDYPhjL_qwX2YSgxZ_MatYrAcGbaA,None found,N/A,dutch influencer Almere
pabianoff,https://www.instagram.com/pabianoff/,Travel | Netherlands Evolving through each frame Open to collaboration — DM ✉️,https://www.threads.com/@pabianoff?xmt=AQF0eS-WT68_yQdEtGnqM0AVmGb_5SgvCSAgsb73AVRQ76U,None found,N/A,blogger Breda
anoukwoestenberg.content,https://www.instagram.com/anoukwoestenberg.content/,• Breda • 20 y/o • content creator student,N/A,None found,N/A,influencer Breda
dj_rose_,https://www.instagram.com/dj_rose_/,www.djrose.nl,N/A,None found,N/A,influencer Breda
kimelisabethvanderwal,https://www.instagram.com/kimelisabethvanderwal/,"Be kind, life is a mirror ✦ Model ✦ Founder @kimelisabeth.nl ✦ Product & Brand Builder | Beauty, Fashion & Cosmetics |",https://www.threads.com/@kimelisabethvanderwal?xmt=AQF0ZglWUtX0hQycPAdeGSYdLkEN0z5PUwbCeqhzI6gyocs,None found,N/A,blogger Breda
koneaterka,https://www.instagram.com/koneaterka/,🐴 Breda Balenciaga aka Bibi 💃 Terka @terezievondrackova ❤️ Sledujte naši společnou cestu ❤️ 📍 Líšnice,N/A,None found,N/A,influencer Breda
de_weg_van_mireille,https://www.instagram.com/de_weg_van_mireille/,"▪️Waar het stroomt, beweeg ik ▪️Leven op gevoel, ritme & richting ▪️Foodie | Interieur | Blogger ▪️HR Business Partner",N/A,None found,N/A,blogger Breda
mandybosnails,https://www.instagram.com/mandybosnails/,💅 Dutch 55+ with a passion for nailart. 👶 Trotse Oma van kleinzonen Logan & Riley. & Jayden 💙💙💙 Bonuskleinzoons:,N/A,None found,N/A,beauty blogger Almere
carooline_v,https://www.instagram.com/carooline_v/,Dutch | Food 😍 | Fitness | Ink,N/A,None found,N/A,fitness influencer Groningen
marykellycreative,https://www.instagram.com/marykellycreative/,🤘🏼here to make life easier for you 💻creative marketing 📷photo & video to make you shine ✨ digital media tips and,N/A,None found,N/A,content creator Almere
ninozalmere,https://www.instagram.com/ninozalmere/,NIÑOZ | Luxury Kidswear Almere 🎁Designer baby & kinderkleding 0–16 🔥Essentials Couture 4 j,N/A,None found,N/A,influencer Almere
johns.wildlife,https://www.instagram.com/johns.wildlife/,Dutch wildlife photographer 🇳🇱 Always looking for the most beautiful things in nature 🦅 🦓 🦔 🦌 🌲,N/A,None found,N/A,influencer Almere
brabants_dagblad,https://www.instagram.com/brabants_dagblad/,🗞 Nieuws én verhalen uit jouw regio 🌍 en de rest van de wereld 📩 Tag ons voor tips #brabantsdagblad 👇 Lees hier verder,https://www.threads.com/@brabants_dagblad?xmt=AQF03BLyGxpLdpc2JM3SpAucBTe-b93S9JBZn4P-E6jyENk,None found,N/A,influencer Tilburg
thatgirlwithherblog,https://www.instagram.com/thatgirlwithherblog/,Tweelingmama van Ella & Luna (‘22) - dagelijkse (ADHD) chaos - open & eerlijk: het leven zoals het is - ook UGC 💌,https://www.threads.com/@thatgirlwithherblog?xmt=AQF0tnsHPQiHyzXxKfHzpKnu0BPxHsYJAJVfVA3h7SDrQJE,None found,N/A,blogger Eindhoven
micigoingdutch,https://www.instagram.com/micigoingdutch/,Netherlands | everyday life 🪻🧸🍿,N/A,None found,N/A,creator Utrecht
angierfigueroa,https://www.instagram.com/angierfigueroa/,Jane Austen enthusiast. Chilean girl living in the Netherlands. 📖☕️🎨🧶✨ 🎧“By a lady” podcast en YT,N/A,None found,N/A,blogger Eindhoven
destijlindestad,https://www.instagram.com/destijlindestad/,De Stijl in the city: a project to celebrate Dutch avant-garde art movement De Stijl. #DeStijlEveryWhere ❤💛💙 🎧🇳🇱Made a,N/A,None found,N/A,creator Utrecht
kay.didi.23,https://www.instagram.com/kay.didi.23/,+150K Tiktok 📸 A little bit of everything ✨ 💌 Collaboration 📍Netherlands 🇳🇱,N/A,None found,N/A,blogger Eindhoven
carmenvecchio,https://www.instagram.com/carmenvecchio/,•Italian in NL🌷🇮🇹🇳🇱 •Store Manager @boliacom •Founder @the_breakfast_club_ehv☕ •Too many stories for one bio✨,https://www.threads.com/@carmenvecchio?xmt=AQF0ihr4Qa_12vpk82ytzXCutblmc66-XZiqA8N9CyJQo18,None found,N/A,blogger Eindhoven
makeupozface,https://www.instagram.com/makeupozface/,⠀⠀⠀⠀⠀⠀⠀⠀⠀⠀⠀• Makeup Artist ⠀⠀⠀⠀⠀⠀⠀⠀⠀⠀⠀• Fatma CevikOzdemir ⠀⠀⠀⠀⠀⠀⠀⠀⠀⠀⠀• Netherlands|Tilburg ⠀⠀⠀⠀⠀⠀⠀⠀⠀⠀⠀• 👻makeupozface,N/A,None found,N/A,blogger Eindhoven
basma.bentama,https://www.instagram.com/basma.bentama/,"💗Fashion - Lover 📍Netherlands🇳🇱, Morocco🇲🇦ⵣ",https://www.threads.com/@basma.bentama?xmt=AQF0HSsXzaNbbyJgzK4EtjtmaC-EI9Felu-nThwtNSAk3VM,None found,N/A,influencer Eindhoven
eva_de_bruijn,https://www.instagram.com/eva_de_bruijn/,💚 Fractievoorzitter PRO Eindhoven ✊ Voor een knalgroen en keisociaal Eindhoven 💡 Sociaal ontwerper 🩷💜💙,N/A,None found,N/A,influencer Eindhoven
pvddeindhoven,https://www.instagram.com/pvddeindhoven/,"Verbeter de wereld, begin in Eindhoven! Wij staan voor een leefbare, diervriendelijke, duurzame, groene, eerlijke en",N/A,None found,N/A,content creator Eindhoven
minorpvjl,https://www.instagram.com/minorpvjl/,🚀 〇 Wat is jouw project van je leven? In deze minor coachen we studenten hun zelfbedachte projecten succesvol te,N/A,None found,N/A,content creator Utrecht
styled_by_george_,https://www.instagram.com/styled_by_george_/,Professional Hair Stylist @george_armoush 📞 +31685671622 📍Utrecht 📍On location for brides,N/A,None found,N/A,content creator Utrecht
visitingthedutchcountryside,https://www.instagram.com/visitingthedutchcountryside/,🇳🇱Dutch 🧡All things The Netherlands 🚲Hidden Tulip Field tours’26🚐 📹 See your fave artists in ‘Goes Dutch’ on YouTube,N/A,None found,N/A,food blogger Utrecht
thedutchgrammer,https://www.instagram.com/thedutchgrammer/,~Real content from a dutch blondie~ @thedutchgrammer Collab: DM First,N/A,None found,N/A,influencer Eindhoven
mamavanchelsey,https://www.instagram.com/mamavanchelsey/,🩷Lifestyle | Vegan🌱 | Moederschap ✨️Eerlijke verhalen & dagjes weg 🖥Blogger op lifestylekimberley.nl,N/A,None found,N/A,vlogger Utrecht
jaimy.blom,https://www.instagram.com/jaimy.blom/,🇳🇱 NL - ALKMAAR 🎬 SEASON 29 👶 GPM @kleinalkmaar 👠 BALLROOMDANCER S-CLASS,N/A,None found,N/A,vlogger Utrecht
gretig_coaching_ingrid,https://www.instagram.com/gretig_coaching_ingrid/,🟡 BEN EN BLIJF GRETIG! 🟣 #teamontwikkeling 🟠 #coaching 🔵 #inspiratie 🔴 #eindhoven 💡,N/A,None found,N/A,creator Eindhoven
laurencebauffe,https://www.instagram.com/laurencebauffe/,Auteur • Mentor • Spreker Jij weet al dat er meer is. Durf leven op jouw frequentie. 🌞 Joyful expansion | Human Design,N/A,None found,N/A,influencer Tilburg
jordisloots,https://www.instagram.com/jordisloots/,"⚡️ @thecreatorshub.nl @solstudios.nl @fitdutchies 📈 Content, social, ads, web, mail 📷 @sony.benelux 🤝 Werk: Myprotein,",N/A,None found,N/A,creator Eindhoven
fitmetlis,https://www.instagram.com/fitmetlis/,"👶🏼 mama van Jade 📈 afvallen zonder dieet 🍕food, fitness, fun en soms serieuze gesprekken ⚡️Samenwerking? 📩",https://www.threads.com/@fitmetlis?xmt=AQF0qDmXUELS6kWW0EVtqfHj9ilSP_dZ59Iq0Cw2C-40NrE,None found,N/A,dutch influencer Eindhoven
goldencrumbsbyneha,https://www.instagram.com/goldencrumbsbyneha/,Food and Lifestyle Stylist-inspired from living across 🇯🇵🇸🇬🇺🇸 and now 🇳🇱 Tablescaping and fermenting are my top current,https://www.threads.com/@goldencrumbsbyneha?xmt=AQF0qN4bgdMNEkLXeHCmWs-NYqPHTeHAnqtOfQ4jn-4TN3k,None found,N/A,food blogger Eindhoven
ilsevermeltfoort.photography,https://www.instagram.com/ilsevermeltfoort.photography/,"📷 (hobby) photographer & 💉 nurse 📍 Netherlands, Valkenswaard 🇳🇱 📸 I shoot with natural light 🙋🏻‍♀️ pers. account:",N/A,None found,N/A,dutch influencer Eindhoven
liekeslawofliving,https://www.instagram.com/liekeslawofliving/,✨ Fashion / lifestyle / beauty ✨ 👩🏻‍🎓 22 year old law student in the Netherlands 👕 Vinted: liekeslawofliving ⬇️ CHECK,N/A,None found,N/A,dutch influencer Eindhoven
row_kid_model,https://www.instagram.com/row_kid_model/,Row Jennifer ___________ Model | kid | danser vooropleiding dans ArtEZ Arnhem/ wedstrijd crew UDC Mini’s 22-12-2014,N/A,None found,N/A,influencer Tilburg
frans_derouw,https://www.instagram.com/frans_derouw/,"I’m a hobby-Photographer , my hometown is Eindhoven, the brainport of the Netherlands.",https://www.threads.com/@frans_derouw?xmt=AQF0yG2rNKKY-MNzzDrHh9k2j0rOePX4rYRuSqlQ_m0P7R8,None found,N/A,instagrammer Eindhoven
sourav_dasu143,https://www.instagram.com/sourav_dasu143/,Automotive Engineer Indians based on netherlands. 🇮🇳🇱🇺🇳🇱🇩🇪🇬🇷🇧🇪🇫🇷🇨🇭🇭🇷🇳🇵🇫🇮 YouTube channel:- WanderersByChoice,N/A,None found,N/A,vlogger Eindhoven
margovanderkraats,https://www.instagram.com/margovanderkraats/,"Hi, I'm Margo dutch 🇪🇬 owner ; JackieCookie31",https://www.threads.com/@margovanderkraats?xmt=AQF0N6KO4oxybSvfGGU9RSP-DHXZ998GIiuMmwikYD2oTx0,None found,N/A,instagrammer Eindhoven
marlynooijen,https://www.instagram.com/marlynooijen/,👱🏻‍♂️ Dexter '20 & 👧🏼 Lara '22 ❤ @wesleyvissers 🏪 @vintagegymbest 🇳🇱 @esncom.nl code: Wesley 👚 @aybl,https://www.threads.com/@marlynooijen?xmt=AQF0pi5CxXiyEd024zrOWqbuGFNYem00_R4dcGMpAD3TRo4,None found,N/A,vlogger Eindhoven
gothinha,https://www.instagram.com/gothinha/,🇧🇷🇳🇱 Brasileira na Holanda @gothinhanaholanda 💄Visagista @gothinhamakeup 🎥 Youtuber +200k Subs +16M 🔭Astrofísica &,https://www.threads.com/@gothinha?xmt=AQF0LnWljSSZCmCh7DPRf21BmTnyOPfntCZdqczPMzKiVSg,None found,N/A,vlogger Eindhoven
bien3010,https://www.instagram.com/bien3010/,➡️ from the Netherlands 🇳🇱 🌷,N/A,None found,N/A,instagrammer Eindhoven
eindhovencity,https://www.instagram.com/eindhovencity/,"⚡Official City Account 👀 Explore #ThisIsEindhoven: Visit the design capital of the Netherlands 👇🏼 Discover highlights,",https://www.threads.com/@eindhovencity?xmt=AQF0QcThrml1Q19e-7fvN3zQofUfkL4mGMtRA0vUfMZxEH8,None found,N/A,instagrammer Eindhoven
brunnacomdoisns,https://www.instagram.com/brunnacomdoisns/,"Mompreneur, imigrante, curiosa e viajada @canalbrunnacom2ns 📍Holanda 🇳🇱 há 15 anos 🎥Produtora: @contentandmedia.nl 👇🏼",https://www.threads.com/@brunnacomdoisns?xmt=AQF0wIlWq8yaFnE5PhbIais4l6LzO2NRjehOB6AjmoOA5Eg,None found,N/A,vlogger Eindhoven
itsanukritimodi,https://www.instagram.com/itsanukritimodi/,Travel | Fashion | Lifestyle Creator | Software Engineer 🇮🇳 based in 🇳🇱 | Couple Reels & Europe Guides 📺 | DM for,https://www.threads.com/@itsanukritimodi?xmt=AQF0mprFCNQp-8-rZicfXWAFfZNizHyhbd7Y3gjZlkW9ZWs,None found,N/A,vlogger Eindhoven
denisevdlaanx,https://www.instagram.com/denisevdlaanx/,🇪🇸 Mediterranean heart sangria soul ☀️ ❄️ Winter vol liefde seizoen 2 • M,N/A,None found,N/A,content creator Alkmaar
desmaakmakerij,https://www.instagram.com/desmaakmakerij/,"🌶️ Bijzondere & unieke catering, pop-up diners, events, foodtrucks, food festivals en meer ✉️ Contact:",N/A,None found,N/A,kookworkshop Tilburg
koken_bij_chef_kids,https://www.instagram.com/koken_bij_chef_kids/,"Leuk, lekker, leerzaam 🍎 Kooklessen & voedseleducatie voor kinderen. Gezond & zelfstandig opgroeien.",N/A,None found,N/A,kookworkshop Amsterdam
indian_cooking_classes,https://www.instagram.com/indian_cooking_classes/,Enjoy the true delights of Indian Cuisine with Us! 🏆Benelux Business Awards '19 🏆World Gourmand Cookbook Awards '20,N/A,None found,N/A,kookworkshop Amsterdam
taste.ams,https://www.instagram.com/taste.ams/,Catering & events 📍Unieke locaties in Amsterdam Neem contact op voor jouw evenement👇,N/A,None found,N/A,catering aan huis Amsterdam
clubcuisineamsterdam,https://www.instagram.com/clubcuisineamsterdam/,"Club Cuisine verzorgt sinds 2006 inspirerende kookworkshops, private dining en evenementen in Amsterdam, met vrolijke",N/A,None found,N/A,kookworkshop Amsterdam
dekookfabriek,https://www.instagram.com/dekookfabriek/,"👩‍🍳 Cook to connect 🍴 Workshops, teambuilding & culinaire inspiratie 🌱 Menu's met lokale seizoensgroenten 📍 Op 8",N/A,None found,N/A,kookworkshop Amsterdam
ketering_njupanjup,https://www.instagram.com/ketering_njupanjup/,@ketering_njupanjup @coco_ketering 📍 Podgorica 📩 Info/porudžbine u DM,N/A,None found,N/A,catering aan huis Amsterdam
keizerculinair,https://www.instagram.com/keizerculinair/,👨‍🍳 Koken. Proeven. Samen. Genieten. 🍽 Workshops & Teambuilding 🏠 Locatieverhuur 📍AMSTERDAM | Keizersgracht |,N/A,None found,N/A,kookworkshop Amsterdam
zuidas_today,https://www.instagram.com/zuidas_today/,"Zuidas Today Talk Show verbindt bedrijven, bewoners, start-ups, fashion en food. Hét netwerk van de Zuidas",https://www.threads.com/@zuidas_today?xmt=AQF0CBoqn3kneM22RcQ17EBIvNQOJvjF9tDHyRt4badEzvo,None found,N/A,kookworkshop Amsterdam
rollingcheesehelsinki,https://www.instagram.com/rollingcheesehelsinki/,"Cheese shop, Deli & Wine bar 📍Töölö, Helsinki 🕑 Tue-Thu 10-20:00, Fri-Sat 10-21:00, Sun 10-16:00 ⬇️ Bookings",N/A,None found,N/A,catering aan huis Amsterdam
nicolettacooks,https://www.instagram.com/nicolettacooks/,"Founder of 🇮🇹 cooking school @lacucinadelsoleamsterdam. Food writer&photographer, voice-over, Tarotist, vintage lover. S",N/A,None found,N/A,kookworkshop Amsterdam
sergio.borrego_chef,https://www.instagram.com/sergio.borrego_chef/,👨‍🍳 Sergio Borrego | Chef 🍅 Cocina mediterránea con alma 🏠 Head chef @pitot.utrecht 🇳🇱/🇪🇨/🇪🇸/🇧🇭,N/A,None found,N/A,private chef Amsterdam
delaurieramsterdam,https://www.instagram.com/delaurieramsterdam/,Kookstudio in het centrum van Amsterdam ✨ Verhuur 🔪 Kookworkshops 🕯️ Private dining 🥒,N/A,None found,N/A,kookworkshop Amsterdam
duurzaamlevenro,https://www.instagram.com/duurzaamlevenro/,"🪸ik leef extreem duurzaam (eco-positief) en deel alles hierover 📽️Youtube: duurzaamleven 🎙️te boeken als spreker, mail",N/A,None found,N/A,kookworkshop Amsterdam
florence_mesters,https://www.instagram.com/florence_mesters/,"📍Amsterdam, Dutch 🍱Vegan Foodie ♻️Sustainability 🍎 BSc Nutrition & Dietetics Student 🌸Toxin Free Lifestyle & Beauty",https://www.threads.com/@florence_mesters?xmt=AQF0TPubILB1E9KD33Q9FWCbjIgrJCDX2jS69M2OTO6NjR0,None found,N/A,personal chef Amsterdam
regenboogeindhoven,https://www.instagram.com/regenboogeindhoven/,"1,151 posts",N/A,None found,N/A,kok aan huis Rotterdam
chef_erik_volko,https://www.instagram.com/chef_erik_volko/,789 posts,N/A,None found,N/A,chef aan huis Rotterdam
wouterskeuken,https://www.instagram.com/wouterskeuken/,Kok aan huis. Rotterdam maar werk in heel Europa 😀. Voor privé dining thuis of op kantoor.,https://www.threads.com/@wouterskeuken?xmt=AQF0qS1S7ue81uM6h-GIz5oFjS7OwWM3ylxhWyqCJ9zupes,None found,N/A,thuiskok Rotterdam
kookpunt010,https://www.instagram.com/kookpunt010/,"Eat real food, use good tools • 7 dagen per week geopend • 24 uur per dag online • 6 dagen per week gratis",N/A,None found,N/A,thuiskok Rotterdam
fermfermentatie,https://www.instagram.com/fermfermentatie/,FERMentatieworkshops | dutch koji& miso makery | plantbased | vegan ferments | Fermentation tools | foodphotography |,https://www.threads.com/@fermfermentatie?xmt=AQF0QXcEyofh5IKRDriIAHmgRhFhPD1fRMsSim9uCJ_Jmxg,None found,N/A,kookworkshop Amsterdam
greenbites.nl,https://www.instagram.com/greenbites.nl/,"Food Scouting, OliveOil Lover & Savantes Associate. Connecting with wonderful people via delicious, pure and authentic",N/A,None found,N/A,kookworkshop Amsterdam
delirobert1960,https://www.instagram.com/delirobert1960/,"1,139 posts",N/A,None found,N/A,kookworkshop Amsterdam
mamaskoelkast,https://www.instagram.com/mamaskoelkast/,"Culinair platform, opleidingsplek & sociale onderneming. 🥘 Catering l keuze uit 25 authentieke keukens 🫕 Take-out &",N/A,None found,N/A,kookworkshop Amsterdam
platedamsterdam,https://www.instagram.com/platedamsterdam/,A private chef & catering service in #Amsterdam by chef @darrenperera_. We bring fusion dining & transform your home,N/A,None found,N/A,private chef Amsterdam
nobles_catering,https://www.instagram.com/nobles_catering/,. 𝐂𝐀𝐓𝐄𝐑𝐈𝐍𝐆 𝐀𝐓 𝐈𝐓𝐒 𝐅𝐈𝐍𝐄𝐒𝐓 . 𝐂𝐮𝐬𝐭𝐨𝐦𝐞𝐫 𝐬𝐞𝐫𝐯𝐢𝐜𝐞: +𝟗𝟔𝟓 𝟗𝟖𝟕𝟒 𝟎𝟎𝟕𝟎 _ +𝟗𝟔𝟓 𝟗𝟖𝟕𝟒 𝟎𝟎𝟗𝟎,https://www.threads.com/@nobles_catering?xmt=AQF0dzVnx6OJGSu1koPUYlFVN1uelcgqlVXaqnmwXOK3qzU,None found,N/A,catering aan huis Amsterdam
cheftannie,https://www.instagram.com/cheftannie/,🧈 Chef in Amsterdam 🧑🏼‍🍳 Private Dining | Bruiloften | Catering | Freelance 📍 kookt in heel NL & daarbuiten ✉️,https://www.threads.com/@cheftannie?xmt=AQF0tGjOTYTR4v4YhAJAWr18eiTz1tbN9zGw3t6vlt-bz0s,None found,N/A,private chef Amsterdam
lovelyspice.netherlands,https://www.instagram.com/lovelyspice.netherlands/,World’s 1st pepper concentrate in jelly form. Easy to use kitchen musthave for spicy foodlovers. If you like 🌶 you’ll,https://www.threads.com/@lovelyspice.netherlands?xmt=AQF0BncS50zETlSyX5-GYBDn85JpNUSkqGtPnOe5OXcwI20,None found,N/A,home chef Amsterdam
saltycandyatelier,https://www.instagram.com/saltycandyatelier/,Bir @candyfirinim Kuruluşudur. Patisserie & Catering WhatsApp hattımız 05379193115 üzerinden iletişime,N/A,None found,N/A,catering aan huis Amsterdam
granddkitchen,https://www.instagram.com/granddkitchen/,🧡As Seen On Fox29 & PHL17 📺 🧡280 s 60th St 🧡Eat In/TakeOut 🧡Tue-Sat 3-11pm 🧡Sun,N/A,None found,N/A,catering aan huis Amsterdam
ergunaras35,https://www.instagram.com/ergunaras35/,"""YANLIŞ ÜSLUP DOĞRU SÖZÜN CELLADIDIR""",https://www.threads.com/@ergunaras35?xmt=AQF0Uo7wSjREqsBsswh5ofucJUytJ9nMFJAltSYRsM6nYXM,None found,N/A,catering aan huis Amsterdam
essencateringegy,https://www.instagram.com/essencateringegy/,"•Your reliable catering partner •All-types catering: weddings, corporate, & more. •For orders WhatsApp or call",N/A,None found,N/A,catering aan huis Amsterdam
ukrainianfood.amsterdam,https://www.instagram.com/ukrainianfood.amsterdam/,"👩‍🍳 Homemade food with Ukrainian soul 🇺🇦🇳🇱 🍽️ Свіже, корисне, з серцем ❄️Заморожені сирники з доставкою 🍚домашній сир",https://www.threads.com/@ukrainianfood.amsterdam?xmt=AQF0i9A5PevOC_9-9cjvwppE_BshfkR__KgekddSX03AMd0,None found,N/A,private chef Amsterdam
raymond_plat,https://www.instagram.com/raymond_plat/,@troef.amsterdam | @toet.amsterdam | @entrenous.amsterdam,N/A,None found,N/A,private dining Amsterdam
lisaensophie,https://www.instagram.com/lisaensophie/,Wij zijn twee zusjes met smaak en delen samen de passie voor koken. Lisa en Sophie Catering staat voor dagverse,N/A,None found,N/A,catering aan huis Amsterdam
its_a_boil,https://www.instagram.com/its_a_boil/,II EST.02.2021 II👻 itsaboil II 📍Almere-Poort ll Verkoop ZATERDAG & ZONDAG Il 🚘 Almere & Amsterdam Omstreken II Order 📲,N/A,None found,N/A,private chef Amsterdam
privechef_femsulima1989,https://www.instagram.com/privechef_femsulima1989/,110 posts,N/A,None found,N/A,thuiskok Rotterdam
homemade.bv,https://www.instagram.com/homemade.bv/,Homemade meals by certified chefs in NL 🇳🇱 ‎👩‍🍳 Cooked with love 🧡 Support the local community 🍲 Delicious &,N/A,None found,N/A,home chef Rotterdam
abrazo_hillegersberg,https://www.instagram.com/abrazo_hillegersberg/,𝐁𝐑𝐄𝐀𝐊𝐅𝐀𝐒𝐓 - 𝐋𝐔𝐍𝐂𝐇 - 𝐃𝐈𝐍𝐍𝐄𝐑 - 𝐃𝐑𝐈𝐍𝐊𝐒 📞 Reserveringen: 0104229777 📍 Rotterdam- Hillegersberg 🎬Tiktok:,N/A,None found,N/A,private dining Rotterdam
gordonbramsay,https://www.instagram.com/gordonbramsay/,@brams_food_experience Freelance(Chef)Kok Prive Chef aan huis Luxe Catering and Events,https://www.threads.com/@gordonbramsay?xmt=AQF0DYFEQ6yCmt0NQuMQwruFU3TVSE0eOwXuBYVqPQN51mM,None found,N/A,thuischef Rotterdam
lehmuese,https://www.instagram.com/lehmuese/,🍱 Mittagessen für Teams in Dresden 🍢 Fingerfood • Catering • Foodbox 🎤 Vorträge & Teamevents 👇 Bestellen,N/A,None found,N/A,catering aan huis Rotterdam
hellofreshnl,https://www.instagram.com/hellofreshnl/,🍽 Jij kiest je favoriete recepten 🥦 Wij doen de boodschappen 📦 Jij ontvangt alle verse ingrediënten 📸 Deel jouw,N/A,None found,N/A,thuiskok Rotterdam
liamlijnes,https://www.instagram.com/liamlijnes/,"Selling emotions, not calories. Amsterdam and Cape Town Bespoke Private Events",N/A,None found,N/A,personal chef Amsterdam
rakhijoshi.photography,https://www.instagram.com/rakhijoshi.photography/,📸 Food & Family Portraits 📸 Newborn & Maternity @rakhijoshiphotography 📍The Netherlands,N/A,None found,N/A,thuiskok Rotterdam
gustodenbosch,https://www.instagram.com/gustodenbosch/,"🇮🇹 Dé Italiaanse trattoria van Den Bosch 🍝 Antipasti, salades, pasta, panini en meer! 😍 Kom langs om heerlijk te",N/A,None found,N/A,kok aan huis Rotterdam
niklaskanvanidsinga,https://www.instagram.com/niklaskanvanidsinga/,Powerlifting since 2003 S: 200 | B: 140 | D: 205 Total: 545 kg Weightclass: -74,N/A,None found,N/A,thuiskok Rotterdam
thehealthychef.nl,https://www.instagram.com/thehealthychef.nl/,"❤️🤝Samen voor een gezonder Nederland. 🌱𝐃𝐚𝐠𝐞𝐥𝐢𝐣𝐤𝐬 𝐠𝐞𝐳𝐨𝐧𝐝𝐞 𝐞𝐧 𝐞𝐞𝐫𝐥𝐢𝐣𝐤𝐞 𝐦𝐚𝐚𝐥𝐭𝐢𝐣𝐝𝐞n. 🥗𝐎𝐧𝐭𝐛𝐢𝐣𝐭, 𝐥𝐮𝐧𝐜𝐡, 𝐬𝐧𝐚𝐜𝐤𝐬 𝐞𝐧 𝐝𝐢𝐧𝐞𝐫",N/A,None found,N/A,chef aan huis Rotterdam
vanspeyck,https://www.instagram.com/vanspeyck/,Openingstijden: Donderdag 16.00 - 00.00 uur Vrijdag 15.00 - 01.00 uur Zaterdag 15.00 - 02.00 uur,N/A,None found,N/A,kok aan huis Rotterdam
olivahomemade,https://www.instagram.com/olivahomemade/,👩‍🍳 @amanda.sa_naruse @juliana_rbb 🥕 Frozen meals with fresh ingredients 🇳🇱 Delivered to your door ⬇️ Menu and orders,N/A,None found,N/A,personal chef Amsterdam
indebuurt_rotterdam,https://www.instagram.com/indebuurt_rotterdam/,🔴Dominique & Pam 💚 Rotterdam ⚪️Ontdek nieuwe hotspots 🔴Lees de leukste nieuwtjes ⚪️Wij houden het voor je bij,N/A,None found,N/A,thuiskok Rotterdam
ideals.eu,https://www.instagram.com/ideals.eu/,"A smarter way to save in Amsterdam On Food, Fitness, Retail, Services & more 🇳🇱 🥙🏋️‍♂️ 🛍 Enjoy a better life & support",N/A,None found,N/A,personal chef Amsterdam
makelaarskantoorgkok,https://www.instagram.com/makelaarskantoorgkok/,"Makelaarskantoor G.Kok kent de markt, de wijk en de bewoners. Wij komen graag met je in contact over het aankopen of",N/A,None found,N/A,kok aan huis Rotterdam
oriolechi,https://www.instagram.com/oriolechi/,Two Michelin Starred New American Tasting Menu by Chef Noah Sandoval,N/A,None found,N/A,chef aan huis Rotterdam
lucas_maths4,https://www.instagram.com/lucas_maths4/,Prof de Maths 🧑‍🏫 6ème à Terminale. Je vous aide à avoir de bonnes notes 🤩 Tiktok: lucasmaths4 ︱Youtube:,N/A,None found,N/A,chef aan huis Rotterdam
igmarfelicia,https://www.instagram.com/igmarfelicia/,(Even omkleden) @bijigmar1 @projectnulgrens,https://www.threads.com/@igmarfelicia?xmt=AQF0rXoLRd-_RuGyvxTEUfocq0NUkQWd5ENEiVsVIT_07T0,None found,N/A,kok aan huis Rotterdam
thuisgekookt,https://www.instagram.com/thuisgekookt/,Maaltijden die verbinden 🫶🍲 Aanmelden als vrijwillig thuiskok of opzoek naar hulp bij de maaltijd: www.thuisgekookt.nl,N/A,None found,N/A,thuiskok Rotterdam
nikolaoschomatas,https://www.instagram.com/nikolaoschomatas/,Chef • Gastronomy & Travel Journalist Photographer • Author 🇬🇷👣🇨🇭🇩🇪🇮🇹🇻🇦🇳🇱🇦🇹🇨🇵🇹🇷🍀 🍋 @gastronomicon.gr 📝 @mantiniada 📸,https://www.threads.com/@nikolaoschomatas?xmt=AQF0FHpAeo4D8v0tXIkeC3yWG0qcg9OAUbT8_BxSFp-jCqY,None found,N/A,chef aan huis Rotterdam
novazveghel,https://www.instagram.com/novazveghel/,"Markt 29 Veghel 🍸 coffees, wines, beers, cocktails & shared dining",N/A,None found,N/A,kok aan huis Rotterdam
rijndeltamakelaars,https://www.instagram.com/rijndeltamakelaars/,Dé makelaar van Rotterdam | Nieuwste woningen en tips | volg ons en blijf op de hoogte! Contact:📱010 413 24 60 💻,N/A,None found,N/A,kok aan huis Rotterdam
sarahjoegeara,https://www.instagram.com/sarahjoegeara/,Executive Chef | F&B Consultant Concept Dev | Menu Engineering 🥉 MBC Top Chef S9 🇫🇷🇯🇵 Experience | 🇱🇧 Based,N/A,None found,N/A,chef aan huis Rotterdam
brechtjeduijzer,https://www.instagram.com/brechtjeduijzer/,"✨tekeningen in opdracht ✨vogeltjes van vilt ✨webwinkel kaarten en posters ✨docent kunstzinnige therapie ✨natuur,",https://www.threads.com/@brechtjeduijzer?xmt=AQF01qwSOYI2_9u8P1_VtvX27vLVe6AR1_EXwvZHmKBZ2A8,None found,N/A,thuiskok Rotterdam
lakehouserotterdam,https://www.instagram.com/lakehouserotterdam/,Het Zonnigste Terras!🤩 ⏰ Woensdag tot en met zondag geopend,N/A,None found,N/A,chef aan huis Rotterdam
djsander.nl,https://www.instagram.com/djsander.nl/,De DJ die van elk feest een knalfeest maakt.,N/A,None found,N/A,kok aan huis Rotterdam
wahnamhong.nl,https://www.instagram.com/wahnamhong.nl/,"Met 4 supermarkten in de Randstad en een webshop zijn we sinds 1974 dé plek om de Aziatische keuken te ontdekken,",N/A,None found,N/A,thuiskok Rotterdam
lust99hoogstraten,https://www.instagram.com/lust99hoogstraten/,19 posts,N/A,None found,N/A,kok aan huis Rotterdam
davidmezzacqui,https://www.instagram.com/davidmezzacqui/,👨🏻‍🍳Chef Corse 🍽️ Cuisine-terroir 😋 🍰 Pâtisserie Artisanale 🛍️Sur place&Emporter 🍷 @u_b,https://www.threads.com/@davidmezzacqui?xmt=AQF0vvjGJfDq8qRnXF7PDGAkXXac7fTg7I540jTAp8Dw-cQ,None found,N/A,chef aan huis Rotterdam
agnesbakx,https://www.instagram.com/agnesbakx/,453 posts,N/A,None found,N/A,thuiskok Rotterdam
zeta_halle,https://www.instagram.com/zeta_halle/,ZET’A / Local / Bites / Natural wine / Beer,N/A,None found,N/A,kok aan huis Rotterdam
palmtrees.and.allergies,https://www.instagram.com/palmtrees.and.allergies/,"🇳🇱 Iris 🥜 Sharing tips on travelling with allergies, dogs and kids 📍 Rotterdam 🔜 Bilbao and Malta",https://www.threads.com/@palmtrees.and.allergies?xmt=AQG0bz1Q3w77nRJk8R1hynSkkLMLkCP4VpKrGYcCaVD7Hw8,None found,N/A,blogger Rotterdam
rashi.agarwal,https://www.instagram.com/rashi.agarwal/,🇮🇳 Indian in Netherlands 🇳🇱 Conscious Fashion + Climate Activist | Comedian | Storyteller | Feminist | Founder,N/A,None found,N/A,dutch influencer Amsterdam
muakate,https://www.instagram.com/muakate/,"Hi, it’s Kate ★ Top 30 NL Beauty Influencer ‘25/26 ★ Studio in Amsterdam ★ 15 years experience in beauty 🚀 Career",N/A,None found,N/A,beauty blogger Amsterdam
fashion_monikajain,https://www.instagram.com/fashion_monikajain/,🏡Lifestyle & 🧳Travel Vblogs 💓👗Conscious Sustainable Style Looks 🇮🇳 Indian girl in the Netherlands 🇳🇱 💌DM or Email for,N/A,None found,N/A,beauty blogger Amsterdam
rodevlinder,https://www.instagram.com/rodevlinder/,#beauty #fashion #travel #food 2th account @redbutterflytravels ✉️DM me for collab❤️🦋 📍Amsterdam,N/A,None found,N/A,fashion blogger Amsterdam
visual.passport,https://www.instagram.com/visual.passport/,✻ Dutch wanderer ✻ Freelance Creative | UGC | Content Creation ✻ Follow for travel inspiration & the most scenic spots,N/A,None found,N/A,content creator Amsterdam
florenciaalvezbica,https://www.instagram.com/florenciaalvezbica/,Lifestyle Creator 📍Amsterdam based Wellness • Fashion • Travel 👇 Portfolio,N/A,None found,N/A,influencer Amsterdam
amsterdamfoodaddict,https://www.instagram.com/amsterdamfoodaddict/,📍Your addictively good guide to Amsterdam 🍝Locals sharing Amsterdam’s best food & activities 💌DM to collab,N/A,None found,N/A,food blogger Amsterdam
bihittabulgar,https://www.instagram.com/bihittabulgar/,📍 Rotterdam 🇳🇱 🤝 For collaborations → DM,N/A,None found,N/A,influencer Rotterdam
lady_inholland,https://www.instagram.com/lady_inholland/,Part-time Entrepreneur... ....Part-time Fashion addict CEO & Co-Owner 🏗 @infinitybraidsofficial now📍Rotterdam,https://www.threads.com/@lady_inholland?xmt=AQG0vLIWUU75zk6VC1C3lm2VfFnTkEHJ209rAiAEHTLEMYo,None found,N/A,blogger Rotterdam
shaniquaalbertusx,https://www.instagram.com/shaniquaalbertusx/,EX ON THE BEACH DUBBLE DUTCH S11🏝️😈 They call me shanii😽 DM voor samenwerkingen ❤️📥 Contact: shaniquaalbertus88@gmail,https://www.threads.com/@shaniquaalbertusx?xmt=AQG0x9qjFKOqPMIhGuGaHCjfPCXWOYaAnN82p7zPPsl2TRs,None found,N/A,vlogger Rotterdam
blueeyedcakegirl,https://www.instagram.com/blueeyedcakegirl/,I am a self taught artist. Just a girl with a spatula who loves cake art. #cakedecorating #rotterdam sent me a DM for a,https://www.threads.com/@blueeyedcakegirl?xmt=AQG0o06W28L05LbcGRjkp7TSgVSSVz_Hg-i0r7XnEnoRIWU,None found,N/A,vlogger Rotterdam
pinarinholland,https://www.instagram.com/pinarinholland/,"TRAVEL |LIFESTYLE| THE NETHERLANDS Sharing my journey as I discover Dutch culture, beautiful places and daily adventures",N/A,None found,N/A,influencer Utrecht
michelleamo_,https://www.instagram.com/michelleamo_/,"Michelle Amo Visual artist exploring color, beauty & joy. Amsterdam, NL 🇳🇱 Studio journal: @",https://www.threads.com/@michelleamo_?xmt=AQG06yN2JTLLqWBpkEC_ArJWd-tSXYjXz_xAoz5GIpKWfeg,None found,N/A,blogger Utrecht
dr.ratryrazz,https://www.instagram.com/dr.ratryrazz/,Dentist 🦷 | Makeup Artist 💄| Freelancer ⌨️ | Blogger 👄 | Netherlands 🇳🇱 Dr.Afsana 👩🏻‍⚕️ From @Bangladesh 🇧🇩 Owner o,https://www.threads.com/@dr.ratryrazz?xmt=AQG07npcmT6z4stHVm_USdnqhdUvtSnykdRVKcxMYVNP_q4,None found,N/A,vlogger Den Haag
bernamaraersoy,https://www.instagram.com/bernamaraersoy/,"Based in The Hague, Netherlands! equestrian living & romanticising Dutch life Founder @girlsinthehague collabs;",N/A,None found,N/A,blogger Den Haag
priyalovesfood_travel,https://www.instagram.com/priyalovesfood_travel/,"Priya • #foodblogger • Den Haag 🇳🇱 Loves: food • cooking • travel • hotspots• photography Tips voor #allergieën,",N/A,None found,N/A,influencer Den Haag
a.andy.g,https://www.instagram.com/a.andy.g/,❗️More than 1000+ shoots❗️ 📸 Fashion & Couple - Weddings 📍 Amsterdam | Bratislava 🎯 Booking via DM or 🔗,N/A,None found,N/A,creator Rotterdam
raqieb.balaydin,https://www.instagram.com/raqieb.balaydin/,Fitness✖️Beard✖️Style 🏆Men's Physique Champion 🏆Dutch & World Bodybuilding Champion 🏋🏻‍♂️ @bodyengineers Athlete↙️ Use,N/A,None found,N/A,influencer Den Haag
romaafiit,https://www.instagram.com/romaafiit/,𝗗𝗶𝘀𝗰𝗶𝗽𝗹𝗶𝗻𝗲 𝗯𝘂𝗶𝗹𝗱𝘀 𝘄𝗵𝗮𝘁 𝗺𝗼𝘁𝗶𝘃𝗮𝘁𝗶𝗼𝗻 𝗰𝗮𝗻’𝘁. Online coaching (coming soon) Based in NL 📍🇳🇱 DM for questions 📨,N/A,None found,N/A,creator Rotterdam
amyvanwetten,https://www.instagram.com/amyvanwetten/,⌲ travel | lifestyle | photography | design ⌲ Designstudio: redvitamine.nl,https://www.threads.com/@amyvanwetten?xmt=AQG0WfkXjvaTMam9D-cBW1V2BVNgXAcZIN6EH8CGU5nIMcs,None found,N/A,dutch influencer Rotterdam
jackdelhi,https://www.instagram.com/jackdelhi/,🏠 Papa van 2 📍 Amsterdam Rotterdam Eindhoven 🎥 Lifestyle content creator 📷 model 🎧 t,N/A,None found,N/A,vlogger Rotterdam
eatingreligiously.ams,https://www.instagram.com/eatingreligiously.ams/,savoring every bite religiously to help you find food you'll love 📍 Amsterdam 💌 DM to collab by @yosradk,N/A,None found,N/A,food blogger Amsterdam
foodloveramsterdam,https://www.instagram.com/foodloveramsterdam/,✨Amsterdam Food & Wine ✨Travel (36 countries) ✨Gastronomic experiences,N/A,None found,N/A,food blogger Amsterdam
halalfoodies.nl,https://www.instagram.com/halalfoodies.nl/,"🍴 Hét platform voor Halal Food 💡 Tips, nw resto? DM 📥 🤝🏼 COLLAB? DM 📥 📍there where halal food is",https://www.threads.com/@halalfoodies.nl?xmt=AQG0SvMnvJhdiJ14NqP77IEp8iX2ezVXvM1mxwuNZVg2Hcw,None found,N/A,vlogger Utrecht
daniquevanderwel,https://www.instagram.com/daniquevanderwel/,✘ Based in Rotterdam ✘ Graphic design & Content creator ✘ Shop my items👇🏻,N/A,None found,N/A,influencer Leiden
elianaworld,https://www.instagram.com/elianaworld/,📸Content Creator 🙋🏻‍♀️2/4 Projector•Eerlijk & herkenbaar 🌙Leven & Ondernemen met de maan 🔮Nuchter↔️Spiritueel,N/A,None found,N/A,vlogger Hoofddorp
tasteofliife,https://www.instagram.com/tasteofliife/,📍The Netherlands * Dutch 🇳🇱 / Tunisian 🇹🇳 * The best hotspots 🍽 * I travel 🌍 for food 🥘 * Foodie 🍴• Reviewer 📝,N/A,None found,N/A,food blogger Hoofddorp
pokeboy26,https://www.instagram.com/pokeboy26/,Pokemon ContentCreator/collector😊 🇳🇱dutch🇳🇱 🦆Psyduck my duck Check the linktree⬇️,https://www.threads.com/@pokeboy26?xmt=AQG0O6roBu3SLXDrFg5Y_UsKcBtZAw5_nTRaYTRqlxKyMfQ,None found,N/A,influencer Hoofddorp
so.f.ly,https://www.instagram.com/so.f.ly/,"A 🇬🇷 nomad Based in NL🇳🇱 22 countries in 4 years 🌎 Travel blogs, expat life and techno parties ✨🥳 #Soflywithsofia ✈️ 📩s",N/A,None found,N/A,vlogger Amsterdam
trolden_nl,https://www.instagram.com/trolden_nl/,Your food guide in the Netherlands 🇳🇱 📩 DM for collabs 📍The Hague,https://www.threads.com/@trolden_nl?xmt=AQG0AtJ5RmZVeYUwR-4DcTEjeDoGT6fsquhQeZvsDy-f-og,None found,N/A,food blogger Leiden
matthijsdedeugd,https://www.instagram.com/matthijsdedeugd/,🎥 Ik leer je filmen! 📸 Sony Ambassadeur // ¼ @kolta.co 👨🏻‍🏫 Oprichter @creatorcommunity.nl 30 gratis video tips ↓,N/A,None found,N/A,content creator Utrecht
mijn_baasjes_content,https://www.instagram.com/mijn_baasjes_content/,• 🐶 Yuna de labradoodle (30-10-2024) • 🐈‍⬛ 🐈 Lot en Jet de katten • 📌 Rotterdam • Collab? Stuur dm of e-mail 📩 •,https://www.threads.com/@mijn_baasjes_content?xmt=AQG0BtiSqYMfE12_CPw6O4e0CNZTeKxcNHiNCzt-vzOT1rI,None found,N/A,food blogger Utrecht
alba_privatedining,https://www.instagram.com/alba_privatedining/,- Privé chef aan huis @alba_privatedining - @fruitsdemerpopup en @depopupshow - Head chef @peoplesplaceplus @pvhcorp -,N/A,None found,N/A,chef aan huis Amsterdam
carstenklint,https://www.instagram.com/carstenklint/,supports @pastaebasta_amsterdam | co-founder and curator annual largest MICHELIN STAR pop-up restaurant @mastersexpo |,https://www.threads.com/@carstenklint?xmt=AQF0i9bhBziX3LubynKgyuTHNsXQdI_tP9E8w2rL6h7-Qq4,None found,N/A,chef aan huis Amsterdam
basrobben,https://www.instagram.com/basrobben/,"💜 🏳️‍⚧️ 🇹🇼 🇺🇦 🇵🇸 En verder: kookboekenschrijver van o.a. de Airfryerbijbel, Slowcookerbijbel, Sous-vide en Hotpot",https://www.threads.com/@basrobben?xmt=AQF0U5RD5ek0hMQp0vPCufv-rD5Grs18RhKYZN2j02Fyg10,None found,N/A,kok aan huis Amsterdam
daydreamerro,https://www.instagram.com/daydreamerro/,|Fotografie|Potret|Produs|FineArt| |Locatii|SedinteFotoPrivat|Print|Eveniment| 🎞DM4➡️📸 ☎️Contact 0726566397 ☎️,https://www.threads.com/@daydreamerro?xmt=AQF0sz2R21anAjG8j54y-C8nR6oAJSoT-Aa3G9Xvt7_3vTM,None found,N/A,chef aan huis Amsterdam
twogreedygirls,https://www.instagram.com/twogreedygirls/,📍 York 💌 Email or DM for collabs,N/A,None found,N/A,kok aan huis Amsterdam
netwerkspecialist_oost,https://www.instagram.com/netwerkspecialist_oost/,Netwerkspecialist | Gemeente Amsterdam | Politie Eenheid Amsterdam | Oost-Zeeburg | Oost-Watergraafsmeer |,N/A,None found,N/A,kok aan huis Amsterdam
susannebijafscheid,https://www.instagram.com/susannebijafscheid/,Opleider in afscheid nemen 🌿 boek ‘Uitvaart in eigen hand’ 🌿 grondlegger @veraarden 🌿 rouwactivist en doula in,N/A,None found,N/A,chef aan huis Amsterdam
broos.adam,https://www.instagram.com/broos.adam/,Privé chef aan huis | Catering I Wijnproeverij 👩🏼‍🍳 Merlin 👨🏽‍🍳 Sebastiaan - WSET3🍷 Wij creëren onvergetelijke culina,N/A,None found,N/A,chef aan huis Amsterdam
yacinth_pos,https://www.instagram.com/yacinth_pos/,"🥬 Designer, chef & culinary storyteller 🍵 Crafting immersive dinners & food concepts 🍇 DM / e-mail for custom",N/A,None found,N/A,kok aan huis Amsterdam
catch52_020,https://www.instagram.com/catch52_020/,"Culinaire belevenissen in Amsterdam. Catch52 staat voor je culinaire catch of the day, op 52 graden Noorderbreedte",N/A,None found,N/A,chef aan huis Amsterdam
bidfoodnl,https://www.instagram.com/bidfoodnl/,"Welkom bij Bidfood, dé online horecagroothandel. Volg ons voor: 🍴 Trends & Tips voor jouw zaak 🥬 Het nieuwste",N/A,None found,N/A,chef aan huis Amsterdam
berbergovaarswoonproducties,https://www.instagram.com/berbergovaarswoonproducties/,✖️Interior designer ✖️Sketchup plus renderings ✖️Copywriter ✖️Always hunting design news,N/A,None found,N/A,kok aan huis Amsterdam
lofdewijnwinkel,https://www.instagram.com/lofdewijnwinkel/,Dinsdag en woensdag 12u-18u Donderdag en vrijdag 12u-19u Zaterdag 10u-18u www.lofwijn.nl,N/A,None found,N/A,kok aan huis Amsterdam
euroma_nl,https://www.instagram.com/euroma_nl/,Lekker is gezond… en zo makkelijk! 100% pure kruiden en specerijen zonder toevoeging van zout 💚,N/A,None found,N/A,thuiskok Amsterdam
lazarorosaviolan,https://www.instagram.com/lazarorosaviolan/,"Trained as a painter, traveler by conviction, and interior designer by instinct",N/A,None found,N/A,kok aan huis Amsterdam
cateringcaptainnoof,https://www.instagram.com/cateringcaptainnoof/,"Authentic Indonesian dishes in a modern way,made with ♡ from the recipes of the Salomonsz family #soulfood #homemade",N/A,None found,N/A,thuiskok Amsterdam
meesterslijpers,https://www.instagram.com/meesterslijpers/,Messenpagina🔪: @knivesworld.eu,N/A,None found,N/A,thuiskok Amsterdam
taibenin_lezzetmutfagi,https://www.instagram.com/taibenin_lezzetmutfagi/,📍Hollanda 🇳🇱Kayserili🇹🇷 ☕️ Kahve Sever☕️ 🍴Yemek Tariflerim🍴 🤍işbirliği/dm🤍 ‼️Postlar bana aittir kopyalamayiniz izinsiz‼,N/A,None found,N/A,home chef Amsterdam
flavourbyjessy,https://www.instagram.com/flavourbyjessy/,"Sous-chef met liefde voor smaak Mooie gerechten die jij thuis ook kunt maken Stap voor stap, zonder stress 📩 Collabs?",N/A,None found,N/A,chef aan huis Amsterdam
rebeliciouskookt,https://www.instagram.com/rebeliciouskookt/,Plantaardig chef en cateraar. 🌱tasty vegan food 🚚 foodtruck 🍛catering 🔥k,N/A,None found,N/A,thuiskok Amsterdam
chef.allahverdiyev,https://www.instagram.com/chef.allahverdiyev/,"▪️𝐄𝐱𝐞𝐜𝐮𝐭𝐢𝐯𝐞 𝐂𝐡𝐞𝐟 & 𝐅𝐨𝐨𝐝 𝐒𝐭𝐲𝐥𝐢𝐬𝐭 ▪️ᴄᴜʟɪɴᴀʀʏ ᴅᴇꜱɪɢɴ ✨ 📍ʙᴀᴋᴜ, ᴀᴢᴇʀʙᴀɪᴊᴀɴ 🇦🇿 📩 ᴄᴏʟʟᴀʙᴏʀᴀᴛɪᴏɴꜱ & ᴏʀᴅᴇʀꜱ: ᴅᴍ",https://www.threads.com/@chef.allahverdiyev?xmt=AQF0eLYeiVDLryGOsbX_zkxOxcV5EYrPzpKZP7LlR38MvS8,None found,N/A,chef aan huis Amsterdam
lauradegrave,https://www.instagram.com/lauradegrave/,"Culinair presentator & food creator 🍽️ Wekelijkse tips voor duurzaam & lekker eten 🌱 Simpel, puur en vol energie 💌",https://www.threads.com/@lauradegrave?xmt=AQF0A1FvRgYPZL20esrhC7OCR2qgLTMcu51oW0cTFZL1Bpw,None found,N/A,thuiskok Amsterdam
dienst4dienst.nl,https://www.instagram.com/dienst4dienst.nl/,Via Dienst4dienst.nl kunnen mensen hun diensten en talenten met elkaar uitwisselen. Betaal met tijd! Wekelijks:,N/A,None found,N/A,kok aan huis Amsterdam
counter.ams,https://www.instagram.com/counter.ams/,"sandwich deli + natural wine bar plant based, deli: tue - sat / 11 - 15 wine + family meal: thur + fri / 18 - late",N/A,None found,N/A,kok aan huis Amsterdam
lepremierchef,https://www.instagram.com/lepremierchef/,Catering Homecooking Bedrijfscatering Bezorgen (Regio groot Amsterdam),https://www.threads.com/@lepremierchef?xmt=AQF02yGXKNPQbci8KPxZ30Z2spWEVFKERbGmXIgirAHB3NM,None found,N/A,chef aan huis Amsterdam
larsverkroostphotography,https://www.instagram.com/larsverkroostphotography/,"interior, food & travel Amsterdam - @studiosoon.co Bᴏᴏᴋɪɴɢꜱ: ʜᴇʟʟᴏ@ꜱᴛᴜᴅɪᴏꜱᴏᴏɴ.ᴄᴏ",N/A,None found,N/A,food blogger Utrecht
journeverse,https://www.instagram.com/journeverse/,"Journeverse, the meeting point for travel enthusiasts. 📍Amsterdam",N/A,None found,N/A,vlogger Eindhoven
khalil__filmmaker_nl,https://www.instagram.com/khalil__filmmaker_nl/,"Cinematic filmmaker | Eindhoven Mechanic × Athlete → premium visuals Short films for brands, cars & events DM for",https://www.threads.com/@khalil__filmmaker_nl?xmt=AQG0Kk6QPLlywhOENrGamQDewfE962PRAl472rBzAooAmVg,None found,N/A,creator Eindhoven
worldofeiyani,https://www.instagram.com/worldofeiyani/,🦋 Home for Cosmic Creators ♡ 📍Eindhoven & @eiyani.oceanjungle Marokko 🌸Remember Organic Creation Mechanics 💭Coaching & R,N/A,None found,N/A,creator Eindhoven
wanderhabit,https://www.instagram.com/wanderhabit/,Two dutch girls • Travel 🌎 & Food 🍏🍫• Always searching for the best hotspots 📷 • Never not eating • 📍Nijmegen & Utrecht,N/A,None found,N/A,food blogger Eindhoven
eindhovenhs,https://www.instagram.com/eindhovenhs/,My Eindhoven Story 📸 Iphone & Nikon D7100 🌁 NFT creator 👨‍🏫 Workshops on creating NFT’s 👉Collab? DM me ⬇️,N/A,None found,N/A,food blogger Eindhoven
chaos_scout70,https://www.instagram.com/chaos_scout70/,"Father of 3 🐕 Mental health warrior 🙋‍♂️ Eindhoven 🌍🌃 Dutch Daddy lives for travelling, art, music, food, and more...😈🦄🌈",https://www.threads.com/@chaos_scout70?xmt=AQG0TuXX_Wj3etRGo3AtMMn2K43BB1QgJBscBwT0x4MgEiA,None found,N/A,instagrammer Eindhoven
stan.kuipers,https://www.instagram.com/stan.kuipers/,EINDHOVEN WAAR ZIJN WIJ MEE BEZIG?! @de.troep.taxi Mijn boxer is van @santino.workwear Samenwerkingen swl.kuipers@gmail,N/A,None found,N/A,vlogger Eindhoven
stitch_the.frenchbulldog,https://www.instagram.com/stitch_the.frenchbulldog/,"🏡 Eindhoven, Netherlands 🎂 18 Jan 2022 🐶 French Bulldog -Male- Lilac Isabella Merle ✉️ DM for Collabs",N/A,None found,N/A,influencer Eindhoven
when_in_utrecht,https://www.instagram.com/when_in_utrecht/,Utrecht | hotspots | food&drinks | things to do | told by a group of friends #wheninutrecht | Fancy a collab? DM or ✉️,N/A,None found,N/A,creator Utrecht
nijn2018,https://www.instagram.com/nijn2018/,"Hi, my name is Nijn, I live in the Netherlands 🇳🇱 Tiny Traveler, Big Adventures!!! Hope y’all have a lovely day🙃",N/A,None found,N/A,creator Utrecht
labelinda1,https://www.instagram.com/labelinda1/,"💖 Creator ""Labelinda in Glitterland"" 🎤 Dutch singing LIVE dragqueen 🎙 Reporter met glitter & attitude 📩 Boekingen &",https://www.threads.com/@labelinda1?xmt=AQG0eORCkISC90F8V8_0cTCQqqL4k37LtnmUv1aQPTomMJ4,None found,N/A,influencer Tilburg
vlott.vlogt,https://www.instagram.com/vlott.vlogt/,🎥 Videomaker | Vlogger | Presentatrice | 🌆 Stadsvlogger van Tilburg! 🎬 Check: ⬇️,N/A,None found,N/A,vlogger Tilburg
stadsherstel,https://www.instagram.com/stadsherstel/,"Restauratie, herbestemming, verhuur, beheer en openstelling van monumenten voor nu en de toekomst. Volg",N/A,None found,N/A,kok aan huis Amsterdam
belost.nl,https://www.instagram.com/belost.nl/,#travelblogger 💁‍♀️ Leoni @leonirosanne 🖋 www.belost.nl ❤️ to share adventures 👉,N/A,None found,N/A,blogger Breda
kijkje.bij.annemieke,https://www.instagram.com/kijkje.bij.annemieke/,momlife |fashion|colouring|afvaljourney| homemakeover| Team @morenutrition.nl Owner of @modamie_fashion °💍 @teunis,N/A,None found,N/A,blogger Breda
hienbeauty_center_nederland,https://www.instagram.com/hienbeauty_center_nederland/,https://www.hienbeauty.nl/,N/A,None found,N/A,beauty blogger Almere
beautyfixers.by.natasja,https://www.instagram.com/beautyfixers.by.natasja/,Permanent in Almere gesloten Biab bij Natasja? Stuur een DM! Let op! Wel in Amsterdam,N/A,None found,N/A,influencer Almere
bobenbill,https://www.instagram.com/bobenbill/,"♡ FEEL GOOD STORE ♡ FASHION•JEWELRY•INTERIOR•VINTAGE ♡ 2 WINKELS, NIJMEGEN ♡ DELFT & DEN HAAG PARTNER STORES ☆ Book",N/A,None found,N/A,vlogger Tilburg
maudphotographix,https://www.instagram.com/maudphotographix/,@maudvdwaarden 🇳🇱 @moodsabroad #Photographer | #Content creator | #Creative soul #festivals #traveling #eindhoven,N/A,None found,N/A,vlogger Tilburg
mbluefestass,https://www.instagram.com/mbluefestass/,"🥂 Aluguel de equipamentos, louças e utensílios para festas e eventos ✨️24 anos transformando sonhos em realidade",https://www.threads.com/@mbluefestass?xmt=AQF0d3nYIcGOzkJ3mSFY_3Qm8ROzmK0mu749scWimQRzw4Q,None found,N/A,catering aan huis Rotterdam
houtwerff,https://www.instagram.com/houtwerff/,Wij ontwerpen en realiseren exclusieve keukens en interieurs • Houtwerff brengt ambacht en design samen • Bekijk onze,N/A,None found,N/A,thuiskok Eindhoven
marits_tasty_kitchen,https://www.instagram.com/marits_tasty_kitchen/,"• Aziatische afhaalmaaltijden, catering, indische snacks en cakes • www.maritstastykitchen.nl • een dag zonder knoflook",https://www.threads.com/@marits_tasty_kitchen?xmt=AQF0TMHn4IFRyYovlP460UrYbIDsntb9rmpuj2JfGDseM_0,None found,N/A,thuiskok Eindhoven
peaceofcake.byastrid,https://www.instagram.com/peaceofcake.byastrid/,Baking and cooking is a great pleasure in my life and I like to share this with you❤,N/A,None found,N/A,thuiskok Eindhoven
yuri_wiesen,https://www.instagram.com/yuri_wiesen/,Patron cuisinier,https://www.threads.com/@yuri_wiesen?xmt=AQF0Az9rHPlCzXhZkZ9Aw2IX6VhtpWGnyAfR2Be3S7vwxaU,None found,N/A,thuiskok Eindhoven
paoentjoy,https://www.instagram.com/paoentjoy/,Planeet Aardig Oosters: Smaken van ver met groenten van dichtbij Kookatelier • workshops • cultuur • catering •,N/A,None found,N/A,kookworkshop Utrecht
elskeuken,https://www.instagram.com/elskeuken/,Met liefde en passie voor jou 💕🍽 Tel.: 06-50658025,N/A,None found,N/A,thuiskok Eindhoven
tommyskeuken,https://www.instagram.com/tommyskeuken/,Exclusieve catering op maat. Van luxe thuisdiners en tuinfeesten met barbecue tot bruiloften en zakelijke events. Iets,N/A,None found,N/A,thuiskok Eindhoven
l_elegance_a_la_maison,https://www.instagram.com/l_elegance_a_la_maison/,Privé Chef | Private Dining | Catering Let’s talk about your event?,N/A,None found,N/A,thuiskok Eindhoven
ryanfoodconcepts,https://www.instagram.com/ryanfoodconcepts/,🤩 Kookworkshop 👨🏾‍🍳 Chef aan huis 📦 Foodconcepts,N/A,None found,N/A,thuiskok Eindhoven
maykemeal,https://www.instagram.com/maykemeal/,"Sharing my life as a private chef Recipes & aesthetic (table)styling Let’s cook, collab & connect 🫒 Contact:",N/A,None found,N/A,kok aan huis Eindhoven
florisgroeneveld,https://www.instagram.com/florisgroeneveld/,📍Netherlands 🇳🇱 🌎 @noonagency.ams ⛱️ @hito.scheveningen // 🌴 @villajaran,N/A,None found,N/A,kok aan huis Eindhoven
lootemetoot,https://www.instagram.com/lootemetoot/,Pro tip: check m’n TikTok daar ben ik enorm actief @_boe_moe_.,https://www.threads.com/@lootemetoot?xmt=AQF0iFCMquJfrlEfFXGKBlvmIDzhZmmLRGyTBNjThwS_XdU,None found,N/A,kok aan huis Eindhoven
dionpaaijmans,https://www.instagram.com/dionpaaijmans/,Vastgoed/ Real Estate 🏡🏗🏘 Bouw droomvilla 🏗️👷🏦 Ondernemen/ Entrepreneurship/ Beleggen/ Investeren🗽🚀📚,N/A,None found,N/A,kok aan huis Eindhoven
michellealonsocatering,https://www.instagram.com/michellealonsocatering/,"⋅ Catering para Eventos 🧑🏻‍🍳 ☎️809-348-4566 WhatsApp Santiago, República Dominicana🇩🇴 IG Personal @michellealonsotesson",N/A,None found,N/A,catering aan huis Utrecht
traivegan,https://www.instagram.com/traivegan/,👩🏾‍🍳 chef 🎯 kookworkshops | vergaderingen | teamuitjes 👩🏾‍💻 www.traivegan.com,N/A,None found,N/A,kookworkshop Utrecht
gastmaal,https://www.instagram.com/gastmaal/,Gastmaal Café is nu Lokaal Wittevrouwen. Volg ons op @lokaalwittevrouwen en ontdek wat chef Erik voor je kookt 🧑🏻‍🍳,N/A,None found,N/A,private dining Utrecht
kookatelierlot,https://www.instagram.com/kookatelierlot/,"🥗 Catering & workshops 🥙 Kleurrijk, uniek, culinair en heerlijk! 🏡 Voor thuis, bedrijven & events 🥪 Lunch, diner &",https://www.threads.com/@kookatelierlot?xmt=AQF0cD_Un8sE0AhuNHKsry_JD5U25p85cr9aYQOlfUAHDPM,None found,N/A,kookworkshop Utrecht
het_luxe_leven,https://www.instagram.com/het_luxe_leven/,Founder van Mr. 🍕 Pizza oven catering & workshops vanaf 10 tot maximaal 💯 personen. #foodtruck piaggo mx 50 (2012),https://www.threads.com/@het_luxe_leven?xmt=AQF0sqNC-jRYC3tKhChysq5DIuxbs75_lf8X6v-XftC97us,None found,N/A,catering aan huis Utrecht
lucasutrecht,https://www.instagram.com/lucasutrecht/,"⭐️ Superleuke workshops 🥐 Voor groepen: Ontbijt, Lunch, High tea 🌶 Alleen op reservering geopend! 🕰 Ma-zon in overleg!",N/A,None found,N/A,kookworkshop Utrecht
kookfeestje.nl,https://www.instagram.com/kookfeestje.nl/,❌❌KOOKFEESTJE IS OPGEHEVEN 🛒 BINNENKORT OPHEFFINGSUITVERKOOP,N/A,None found,N/A,kookworkshop Utrecht
golfbaandekroonprinsvianen,https://www.instagram.com/golfbaandekroonprinsvianen/,Welkom bij Golfbaan De Kroonprins! Hier voelt golfen als vakantie in eigen land: 18 & 9 holes I Driving Range I,N/A,None found,N/A,kookworkshop Utrecht
vineyardpremiumcatering,https://www.instagram.com/vineyardpremiumcatering/,* Vineyard houdt ervan om opdrachtgevers en gasten te verrassen en wij doen ons uiterste best om jouw dag speciaal te,N/A,None found,N/A,catering aan huis Utrecht
unitaspharmaceuticorum,https://www.instagram.com/unitaspharmaceuticorum/,"Links naar merch, activiteiten & meer",N/A,None found,N/A,kookworkshop Utrecht
chefnicokleinklouwenberg,https://www.instagram.com/chefnicokleinklouwenberg/,"Privékok Nico 👨‍🍳 | Exclusieve diners aan huis 🍷 | Passie voor smaak, met liefde bereid 🌿✨ | DM voor beschikbaarheid ✉️",N/A,None found,N/A,thuiskok Eindhoven
indokeuken_utrecht,https://www.instagram.com/indokeuken_utrecht/,"🌶Where King is Rice and Queen is Spice🌶️ Liefde, kennis & wijsheid uit de Indokeuken 🔪 Kookworkshops 🍛 Nasi Tumpeng 🙌🏼",N/A,None found,N/A,kookworkshop Utrecht
chopsticks_cooking,https://www.instagram.com/chopsticks_cooking/,🍲 Aziatische #kookworkshop 🥢 Catering ❓ Meer info? WWW.CHOPSTICKSCOOKING.NL,N/A,None found,N/A,kookworkshop Utrecht
mijnmediterraneleefstijl,https://www.instagram.com/mijnmediterraneleefstijl/,🍋 Mediterraan dieet | Recepten | Gezonde leefstijl | Pastakookworkshops,N/A,None found,N/A,kookworkshop Utrecht
tardesde.te,https://www.instagram.com/tardesde.te/,💛🩷❤️🧡💜💙🩵💚 📍𝙱𝚞𝚛𝚣𝚊𝚌𝚘 ✨Soy Cami @cami.passardi 👩🏽‍🍳 . 🍰 Lunch 💥Desayun,N/A,None found,N/A,catering aan huis Utrecht
denicious_holistic,https://www.instagram.com/denicious_holistic/,| Guiding you to a mindful life🌿 | Owner of Denicious Holistic & @MindfulCookingSchool🍴 | Retreats | Psychosomatic,N/A,None found,N/A,kookworkshop Utrecht
proefperu,https://www.instagram.com/proefperu/,Showing the food culture of my country Peru Peruvian🇵🇪|📍NL🇳🇱 Recipes|Workshops |Popup events Reserveren #kookworkshop,https://www.threads.com/@proefperu?xmt=AQF00hn2JS-sKz95XMFpAwF2RGsRyKfgJyH5tra96m-QxHc,None found,N/A,kookworkshop Utrecht
orianalaop,https://www.instagram.com/orianalaop/,"🍽️ Catering premium para eventos sin estrés 👩🏻‍🍳Brunchs, refrigerios corporativos y pasabocas impecables 📍 Bogotá",https://www.threads.com/@orianalaop?xmt=AQF0vSkwcxQxxt4gUn2i98L0SgrX2tcPMu768pAJJb9Gjm8,None found,N/A,catering aan huis Utrecht
heygroentje,https://www.instagram.com/heygroentje/,🌱 Indiase recepten 🇮🇳 Kookworkshops aan huis & in Utrecht 🌏 Nomad family,https://www.threads.com/@heygroentje?xmt=AQF09imMeW9L1cX50jKxUBr00zyuSZ8G7thOqW-zdh6S7AE,None found,N/A,kookworkshop Utrecht
yvonnebrockbernd,https://www.instagram.com/yvonnebrockbernd/,463 posts,https://www.threads.com/@yvonnebrockbernd?xmt=AQF0HVLU3DR695jeupBwoZpe35zEV8KkpiNHHE9G884u5B4,None found,N/A,thuiskok Tilburg
joycemertens_,https://www.instagram.com/joycemertens_/,Welcome to my cameraroll <3 🪩Tiktok: JOYCESTORY(24K+) 👩🏽‍💻 @joydigitalmedia.nl - @sundy.nl JOYCE 15% 💌Collab? DM or,N/A,None found,N/A,kok aan huis Tilburg
bobogaart,https://www.instagram.com/bobogaart/,Daily life of a 27 y/o mommy 👱🏼‍♀️💛 📺 De Bogaartjes terugkijken? Dat kan via KIJK.nl @debogaartjes 💌 bobogaart@hotmail,N/A,None found,N/A,kok aan huis Tilburg
thewastedchefnl,https://www.instagram.com/thewastedchefnl/,Eigenaar van @deharmonie_tilburg,https://www.threads.com/@thewastedchefnl?xmt=AQF0IWVA0JPmsI9F4bVhMLyQye_AFSoozIciA6GEBshjkqs,None found,N/A,thuiskok Tilburg
jamiedjonker,https://www.instagram.com/jamiedjonker/,"contentmarketeer & -creator @hetnationaletheater 🤳🩷 het liefst uit eten, in het theater of op citytrip 🥟🪩🎭🥰",N/A,None found,N/A,kok aan huis Tilburg
xreneevo,https://www.instagram.com/xreneevo/,🙋🏼‍♀️🏝️🌸🪩💕🎾🏋🏼‍♀️,N/A,None found,N/A,kok aan huis Tilburg
waartilburgeet,https://www.instagram.com/waartilburgeet/,🏙️ Leukste Tilburgse horeca op ‘n rij 📷 Tag #waartilburgeet 🤝🏼 Samenwerken? Stuur een DM! 💌 👭 Deel van Nederlands,N/A,None found,N/A,thuiskok Tilburg
saraverjans,https://www.instagram.com/saraverjans/,navigating life as a micro preemie mama     • mama van Maxim 🤎 25 weeker • liefde voor interieur & gezellige plekjes ☕️,https://www.threads.com/@saraverjans?xmt=AQF0LNdC14t6Wn6xe9cff9OdeldBaWLfTk8gnIc3dPqOlTw,None found,N/A,kok aan huis Tilburg
witgoedkoerier,https://www.instagram.com/witgoedkoerier/,44 posts,N/A,None found,N/A,thuiskok Tilburg
simosmeets,https://www.instagram.com/simosmeets/,"👨🏼‍💻 PGGM Investments 👨🏼‍🎓 MSc. Finance & MSc. Economics 🦑 Advanced Scuba Diver 🌏🐬🐡 📍 Heerlen, the Netherlands🇳🇱🇪🇺",N/A,None found,N/A,kok aan huis Tilburg
josjesculinair,https://www.instagram.com/josjesculinair/,• Private chef - fine dining ⭐️ • Luxury catering & events 🍾 • Luxury BBQ - Big Green Egg & Co-Fire 🔥 • Cooking,N/A,None found,N/A,thuiskok Tilburg
karensmakelaars,https://www.instagram.com/karensmakelaars/,"𝖩𝗈𝗎𝗐 𝗆𝖺𝗄𝖾𝗅𝖺𝖺𝗋 𝗂𝗇 𝖽𝖾 𝖭𝖾𝖽𝖾𝗋-𝖡𝖾𝗍𝗎𝗐𝖾 𝖾𝗇 𝗈𝗆𝗀𝖾𝗏𝗂𝗇𝗀. 𝖯𝖾𝗋𝗌𝗈𝗈𝗇𝗅𝗂𝗃𝗄, 𝖻𝖾𝗍𝗋𝗈𝗄𝗄𝖾𝗇 𝖾𝗇 𝗇𝗈-𝗇𝗈𝗇𝗌𝖾𝗇𝗌𝖾. 🏡 𝖡𝖾𝗀𝖾𝗅𝖾𝗂𝖽𝗂𝗇𝗀 𝖻𝗂𝗃 𝖺𝖺𝗇- 𝖾𝗇 𝗏𝖾𝗋𝗄𝗈𝗈𝗉",N/A,None found,N/A,kok aan huis Tilburg
foodlocalsnl,https://www.instagram.com/foodlocalsnl/,ᴘʀᴏᴊᴇᴄᴛ:🔥 Het Tilburgs kookboek,N/A,None found,N/A,thuiskok Tilburg
eva_nijdam,https://www.instagram.com/eva_nijdam/,2002 Fysiotherapeut,N/A,None found,N/A,kok aan huis Tilburg
djmar10,https://www.instagram.com/djmar10/,"Huiskamer dj @ Ome Ollie, Mennus festival, Lithse kermis, lid van de Sushitour, Essentialdjteam en Dj snor bij uurke",https://www.threads.com/@djmar10?xmt=AQF0IK0WyeL9O96V-MSIwc1wasow9idHSYwiUnp8_IMD5TE,None found,N/A,thuiskok Tilburg
jorinde_esselink,https://www.instagram.com/jorinde_esselink/,29 posts,N/A,None found,N/A,kok aan huis Tilburg
marloesvgef,https://www.instagram.com/marloesvgef/,💕 @mikesteen17 💕 ℂ𝕠𝕒𝕔𝕙 @changing_life.cl,N/A,None found,N/A,kookworkshop Tilburg
nadiagame,https://www.instagram.com/nadiagame/,💙&🩷 Mom of teens 🏋🏼‍♀️ loves peanutbutter & lifting heavy things 📷 formally known as a foodie Did I mention that I ❤️ p,https://www.threads.com/@nadiagame?xmt=AQF0GLK8RNHYTF5B-h4dDi6_1L-rkqHsD32ri0nARf8z-k8,None found,N/A,kookworkshop Tilburg
justadate.nl,https://www.instagram.com/justadate.nl/,♥ Voor échte ontmoetingen ♥ Events voor kleine groepen singles. Ook bij jou in de buurt!,N/A,None found,N/A,kookworkshop Tilburg
ericoostelbosmakelaardij,https://www.instagram.com/ericoostelbosmakelaardij/,"🏡 Kennis, Kunde, Kwaliteit Het adres voor: Verkoop, aankoop en taxatie",N/A,None found,N/A,kookworkshop Tilburg
mezzemarina,https://www.instagram.com/mezzemarina/,Kookworkshop 🧑🏻‍🍳 de mediterrane smaken van Turkije 📍in Breda en Brabant 📍in de Belgische,N/A,None found,N/A,kookworkshop Tilburg
vegetarischkoken,https://www.instagram.com/vegetarischkoken/,👨‍🍳Word een betere thuiskok onder leiding van chef @koosdewolf 🍴Bekend van @dehoutloods Tilburg 🧆Elke week een online,N/A,None found,N/A,kookworkshop Tilburg
xkimzantingh,https://www.instagram.com/xkimzantingh/,📍 𝔸𝕝𝕥𝕖𝕧𝕖𝕖𝕣 ²⁰⁰¹,N/A,None found,N/A,kok aan huis Tilburg
jasmijn.hofsink,https://www.instagram.com/jasmijn.hofsink/,Jasmijn🌸,N/A,None found,N/A,kok aan huis Tilburg
koreansoulfood040,https://www.instagram.com/koreansoulfood040/,Fusion Streetfood - Korean BBQ 📍 Gevestigd in Eindhoven 📅 temporarily closed,N/A,None found,N/A,kookworkshop Eindhoven
uitineindhoven,https://www.instagram.com/uitineindhoven/,"🔹Altijd op de hoogte van de UITtips in Eindhoven 🔹Kunst, cultuur & festivals 🔹Blijf aan, ga uit!",N/A,None found,N/A,kookworkshop Eindhoven
bemoreunicorn.nl,https://www.instagram.com/bemoreunicorn.nl/,@viora.nl & @joostvanwilligenburg ⁣🧳Gingen een jaar op wereldreis na leukemie 📔Schreven ‘Beter op reis’ & ‘De reis van j,N/A,None found,N/A,kookworkshop Eindhoven
seizoenenblog,https://www.instagram.com/seizoenenblog/,*persoonlijke blog *vanaf 18-09-2022 🍁🌼🌞🌧hier vind je alle inspiratie over 4 seizoenen Samenwerken? Promoten regio Ein,https://www.threads.com/@seizoenenblog?xmt=AQF0Ynn9sUpLEtGk9XEvC8EvJQ2DUJj24-BjEfjxUw4zvAo,None found,N/A,kookworkshop Eindhoven
lekkeretenmetlinda,https://www.instagram.com/lekkeretenmetlinda/,🍴Ik help je met gemak nieuwe gerechten uitproberen 🍅 voedzaam eten zónder stress 🥗 makkelijke recepten voor drukke,https://www.threads.com/@lekkeretenmetlinda?xmt=AQF0KnS4PY2t0RshdhylAoHs02frUnpeDkQCpiUUDWvNxrU,None found,N/A,thuiskok Tilburg
rebeccatermors,https://www.instagram.com/rebeccatermors/,🦋 Leven op je eigen voorwaarden 🚀 Kijken wat WEL kan 🔎 Inzicht in je financiën 💶 Sparen & beleggen 🎙️Host,N/A,None found,N/A,kookworkshop Eindhoven
purefoodpuretaste,https://www.instagram.com/purefoodpuretaste/,"- Food inspiratie & tips - Turkse Kookworkshop - Culinaire Events - Foodtruck: Turkije is meer dan kebab - Kookt puur,",N/A,None found,N/A,kookworkshop Eindhoven
loft.livin,https://www.instagram.com/loft.livin/,207 posts,N/A,None found,N/A,kookworkshop Eindhoven
jouwweb_nl,https://www.instagram.com/jouwweb_nl/,👋🏼 Jouw website in een handomdraai ❤️ Gebruikt door 325.000+ ondernemers 📱 Dé websitebuilder voor kleine en startende on,N/A,None found,N/A,kookworkshop Eindhoven
lieselot.okker,https://www.instagram.com/lieselot.okker/,❀ @lovae.studios,https://www.threads.com/@lieselot.okker?xmt=AQF0hs0tsJ3pbZxZa8inFW4SixirQEMbKwDqNYet9i3t-TA,None found,N/A,kok aan huis Tilburg
kimberleynicoletta,https://www.instagram.com/kimberleynicoletta/,𝘚𝘢𝘮 🥰 𝘉𝘰𝘺𝘴𝘮𝘰𝘮 🩵 @ouraesthetic_living ✨‘𝘚𝘶𝘤𝘤𝘦𝘴 𝘪𝘴 𝘢𝘣𝘰𝘶𝘵 𝘵𝘩𝘦 𝘥𝘪𝘧𝘧𝘦𝘳𝘦𝘯𝘤𝘦 𝘺𝘰𝘶 𝘮𝘢𝘬𝘦 𝘪𝘯 𝘱𝘦𝘰𝘱𝘭𝘦𝘴 𝘭𝘪𝘷𝘦𝘴’,N/A,None found,N/A,kok aan huis Tilburg
dehoutloods,https://www.instagram.com/dehoutloods/,"Het keukenbar concept - “Een blik in de pannen werpen"", volledige transparantie en zien waar je eten wordt gemaakt. Dat",N/A,None found,N/A,thuiskok Tilburg
dutcheyess,https://www.instagram.com/dutcheyess/,Dutch Eyes Real Estate,N/A,None found,N/A,kok aan huis Tilburg
eetwinkelverzot,https://www.instagram.com/eetwinkelverzot/,"Ambacht, kwaliteit & liefde voor eten!🍽️",N/A,None found,N/A,thuiskok Tilburg
kookpunt_oisterwijk,https://www.instagram.com/kookpunt_oisterwijk/,Luxury catering | Luxury events | Kookstudio 📍Oisterwijk | Private dining | Total experience | www.kookpunt-oisterwijk,N/A,None found,N/A,thuiskok Tilburg
lijn16.nl,https://www.instagram.com/lijn16.nl/,Lijn16,N/A,None found,N/A,kookworkshop Eindhoven
rickyspijkers,https://www.instagram.com/rickyspijkers/,754 posts,N/A,None found,N/A,thuiskok Tilburg
archipelzorg,https://www.instagram.com/archipelzorg/,Hier werken #zorgvernieuwers met oog voor de wensen en behoeften van cliënten. Met echte aandacht zodat cliënten regie,N/A,None found,N/A,kookworkshop Eindhoven
claireculinair,https://www.instagram.com/claireculinair/,"Samen koken, smakelijke menu’s en een informele en unieke sfeer. • bedrijfsuitje • teambuilding • vergadering • familie",N/A,None found,N/A,kookworkshop Eindhoven
burobas040,https://www.instagram.com/burobas040/,"Samen creëren we interieur Interieurarchitecten, Waalre",https://www.threads.com/@burobas040?xmt=AQF0xc-FRE3gNmI5vc1KRQ_lqHdW-mPVGB8LMCtqk2l24lg,None found,N/A,kookworkshop Eindhoven
vinodrwt2k5,https://www.instagram.com/vinodrwt2k5/,127 posts,N/A,None found,N/A,chef aan huis Den Haag
delosriosdavid,https://www.instagram.com/delosriosdavid/,🦁🧿🪽⚡️♾️ 🪬🐿️ 🧘‍♂️¡AQUÍ Y AHORA! 📚Esp. Marketing+PNL +DJ soul 📡Al aire en @canalrcn por @buendiacolombia 📍Col -Pasto 🇵🇪,https://www.threads.com/@delosriosdavid?xmt=AQF0lfXNp_HHxaqKN2YAylYTWE4wIi-UwM0HBvMrkfaz3io,None found,N/A,chef aan huis Den Haag
brams_food_experience,https://www.instagram.com/brams_food_experience/,Diners op maat voor elk moment 💍 Bruiloften 🎉 Babyshowers 👔 Zakelijke diners 🥂,N/A,None found,N/A,chef aan huis Den Haag
chef_fazliddin,https://www.instagram.com/chef_fazliddin/,Шеф-Повар _ Chef_Fazliddin👨🏼‍🍳 الشيف فضل الدين🔱 🔱 Европейский_Кухня👨🏼‍🍳🍴 🔱 Восточный_Кухня👨🏼‍🍳🍴 🔱 Фастфуд🍔🍕 📩Direct📝,https://www.threads.com/@chef_fazliddin?xmt=AQF0qtooKA5nrrB0OaIbIbmYICN-sBUGYScAYOiy5--ckOU,None found,N/A,chef aan huis Den Haag
bora._.vlogs_,https://www.instagram.com/bora._.vlogs_/,YT-Bora vlogz 🧿 pahadi🏔️📍ALMORA IHM Rohtak🏫 DM,N/A,None found,N/A,chef aan huis Den Haag
gastrovillani,https://www.instagram.com/gastrovillani/,Buongiorno 🇮🇹❤️,N/A,None found,N/A,chef aan huis Den Haag
chefrahulkarve,https://www.instagram.com/chefrahulkarve/,Executive Sous Chef @jwmarriottsahar Taj -Renaissance - Marriott Apartments-Hyatt Pune -Sahara Star-JW Marriott,N/A,None found,N/A,chef aan huis Den Haag
frederikstraatdenhaag,https://www.instagram.com/frederikstraatdenhaag/,De leukste winkelstraat van Den Haag! Uniek aanbod in winkels en horeca: • Fashion • Interior & Design • Food • Beauty,https://www.threads.com/@frederikstraatdenhaag?xmt=AQF01DXDF9YXwvBLu8uTVsVCe5dxT8ldslhtBa4nYhk_o7U,None found,N/A,private dining Den Haag
kirkookt,https://www.instagram.com/kirkookt/,Dinner party recepten & inspiratie 🎨Prints & menukaartjes in webshop 🍽️Catering: thuisdiners 🦐E-books & magazine in,N/A,None found,N/A,private chef Den Haag
haagsehorecabeurs,https://www.instagram.com/haagsehorecabeurs/,📍| Dé beurs voor Haagse horecaondernemers 👨🏼‍💼| 70+ exposanten en sprekers 🗓️| 24 & 25 november in Grote Kerk Den Haag,N/A,None found,N/A,private chef Den Haag
chef_rabih_hanna,https://www.instagram.com/chef_rabih_hanna/,Executive Chef | Hospitality F&B Trainer Crafting experiences through flavor & service Passion for culinary innovation &,N/A,None found,N/A,chef aan huis Den Haag
leewarddrive_inn,https://www.instagram.com/leewarddrive_inn/,"🌺Breakfast, lunch, dinner & Hawaiian Honey Cones🌴 Mon-Thurs 5am-11pm Fri-Sun 5am-12am Sold here",https://www.threads.com/@leewarddrive_inn?xmt=AQF04h6iHxasdhoJZXTg9us9obJS4m7UezaGODwza5hl-OQ,None found,N/A,catering aan huis Rotterdam
coco_ketering,https://www.instagram.com/coco_ketering/,@coco_ketering @ketering_njupanjup 📍 Podgorica 📩 Info/porudžbine u DM,https://www.threads.com/@coco_ketering?xmt=AQF0nsjOPPPeUDBehZq5TSR7z8haigPtDUKnZ-wJ5GMlalA,None found,N/A,catering aan huis Rotterdam
proef.het.verre.oosten,https://www.instagram.com/proef.het.verre.oosten/,"🧑🏽‍🍳 Proef de smaken van het Verre Oosten 🧑🏽‍🍳 Kookworkshops, cursussen, foodblogs en recensies 📩 Samenwerken?",N/A,None found,N/A,kookworkshop Rotterdam
foodbyils_,https://www.instagram.com/foodbyils_/,🧀 Borrelplanken & hapjes 🥑 Bedrijfslunches 📍 Vlaardingen & omgeving 📩 Bestellen? Stuur een DM ⚡ Nog een aantal plekjes,N/A,None found,N/A,catering aan huis Rotterdam
dekeuken.vanastrid,https://www.instagram.com/dekeuken.vanastrid/,Passie voor koken👩‍🍳Culinaire ervaringen en recepten delen Blogs schrijven✍️ Inspireren! Genieten van wat ik nog wél,N/A,None found,N/A,catering aan huis Rotterdam
gurme_bahcesehir_catering,https://www.instagram.com/gurme_bahcesehir_catering/,"VIP Catering Davet • Toplantı • Etkinlik • Özel Gün İkram masası • Meze & Börek • Özel içecekler ✨ Hayal edin, biz",N/A,None found,N/A,catering aan huis Rotterdam
fadadoceira_,https://www.instagram.com/fadadoceira_/,"Transformamos momentos especiais em festas inesquecíveis. Bolos, doces e salgados de alto padrão 🏆 +9000 festas",https://www.threads.com/@fadadoceira_?xmt=AQF0L_l-v9yGJPnZSidI8uA1kuT7Ccx2RmWGpQGvr2W988c,None found,N/A,catering aan huis Rotterdam
elazizcigkoftenl,https://www.instagram.com/elazizcigkoftenl/,𝕊𝕚𝕟𝕔𝕖 𝟚𝟘𝟘𝟝 📍+PLUS ŞUBE HOLLANDA/Den haag ᴛʜᴇ ᴛᴀꜱᴛᴇ ᴏꜰ 🇹🇷 🇳🇱 🍴ᴘʀᴇᴍɪᴜᴍ Çiğᴋöꜰᴛᴇ ᴡɪᴛʜ ᴀ ᴍᴏᴅᴇʀɴ ᴛᴡɪꜱᴛ 🌍 ᴀᴠᴀɪʟᴀʙʟᴇ ɪɴ,N/A,None found,N/A,catering aan huis Rotterdam
eylulsancatering_,https://www.instagram.com/eylulsancatering_/,"Tüm Organizasyon Toplu Yemek,Kamu,Kurum,Kuruluş,İnşaat,Şantiye, Taziye Ve okul kreş Catering yemek firması hizmetinizde",N/A,None found,N/A,catering aan huis Rotterdam
feedwellau,https://www.instagram.com/feedwellau/,"Our Obsession? Freshness every time. 67,252 + Catering orders delivered We cater for TikTok, Apple, Spotify & more!",N/A,None found,N/A,catering aan huis Rotterdam
casadulcecoffee,https://www.instagram.com/casadulcecoffee/,Coffee Trailer🎀 Two Sisters 👯‍♀️ We specialize in Private Catering 📞(951) 631-3221 Fri (7am-12pm ) Sat(8:30am-1pm),https://www.threads.com/@casadulcecoffee?xmt=AQF0KhNRmcdShSac0QYguIvW8qqKp_8MEePn6nN6b4rT-mo,None found,N/A,catering aan huis Rotterdam
raaakpersoneel,https://www.instagram.com/raaakpersoneel/,"👋 Welkom bij RAAAK Personeel! ⚒️ Werk in de productie, logistiek, administratie en techniek. 👇🏻 Bekijk hier onze",N/A,None found,N/A,kookworkshop Rotterdam
tastebowkitchen,https://www.instagram.com/tastebowkitchen/,Chef-made meals for busy professionals & performance athletes B2B • Private Kitchen • Rotterdam,N/A,None found,N/A,catering aan huis Rotterdam
loyensloeff,https://www.instagram.com/loyensloeff/,📘 Law & Tax 📍 Amsterdam & Rotterdam,N/A,None found,N/A,kookworkshop Rotterdam
nur_culinair,https://www.instagram.com/nur_culinair/,"🍽️ Kookworkshops en catering ✨ Authentieke Turkse gerechten op (bedrijfs)locatie, thuis of bij @lab44zaandam 🇹🇷 Vlees",N/A,None found,N/A,kookworkshop Rotterdam
chefaliliamcarla,https://www.instagram.com/chefaliliamcarla/,👩‍🍳 Chef profissional | 🇧🇷🇳🇱 🍽️ Gastronomia personalizada & experiências privadas 🏡 Personal Chef • Home Cooking • Works,N/A,None found,N/A,personal chef Rotterdam
hetwildediner,https://www.instagram.com/hetwildediner/,"Wildpluk avontuur in Rotterdam 🌱 Wilde planten ontdekken, ruiken en proeven 🔥 Koken op vuur 🍽 Diner & kookworkshops 🫶",N/A,None found,N/A,kookworkshop Rotterdam
the_farmkitchen,https://www.instagram.com/the_farmkitchen/,A nature inclusive food company that serves Earth’s Own Cuisine. 🥦 Cooking workshops 🍅 Lunch & catering 🌽 Farm events,N/A,None found,N/A,kookworkshop Rotterdam
tweelingmama.nathalyboomsma,https://www.instagram.com/tweelingmama.nathalyboomsma/,❤ Douwe Boomsma 💑 01/04/2013 💍 24/07/2016 👰 18/05/2018 🍼,N/A,None found,N/A,kookworkshop Rotterdam
het.keukentje.van.kim,https://www.instagram.com/het.keukentje.van.kim/,🍋 Happy foodie 🌷 Gezond eten is lekker ✨️ Chillen in de keuken 🩷 Samenwerken? Leuk!,N/A,None found,N/A,kookworkshop Rotterdam
soepiemonster,https://www.instagram.com/soepiemonster/,"Of je soep lust! Alles over soep maken en eten, thuis en op reis: de soepblog van journalist @wilkemartens.",N/A,None found,N/A,kookworkshop Rotterdam
greekfoodtherapy,https://www.instagram.com/greekfoodtherapy/,🇬🇷 GREEK COOKING 🧿 👩🏻‍🍳 WORKSHOPS 🍋 CATERING 🌿 info ☎️ WhatsApp +31 06 3313 8044 SATURDAYS,https://www.threads.com/@greekfoodtherapy?xmt=AQF0311RrUI7gi44drwDFfBEfJP5uPFcV8t38LFJ9Uad9MM,None found,N/A,kookworkshop Rotterdam
debuytenhof,https://www.instagram.com/debuytenhof/,"🍎 Pluktuin, horeca & boerderijwinkel 🧑🏼‍🌾 Voor gezinnen, natuurliefhebbers & groepen 🧺 Dagbesteding & vergaderruimte",N/A,None found,N/A,kookworkshop Rotterdam
kokenmetelefteria,https://www.instagram.com/kokenmetelefteria/,"👩‍🍳Grieks-NL Foodie met zachte G 🇬🇷Griekse recepten, tips en kookworkshops 📍Tilburg 📸Eet,kookt,blogt,vlogt en",N/A,None found,N/A,kookworkshop Rotterdam
pakhuisdordrecht,https://www.instagram.com/pakhuisdordrecht/,👩‍🍳 samen aan de slag in de keuken 🥘 (kook)workshops 1-30p. 📝 inspirerende vergaderlocatie 🥳 organiseren events ☀️,N/A,None found,N/A,kookworkshop Rotterdam
living.withsam,https://www.instagram.com/living.withsam/,"📌 Westwing ambassadeur 💶 Alle kortingscodes in de link in bio 🏠 Interieur, lifestyle en online ondernemer 🤍 BAM traject",N/A,None found,N/A,kok aan huis Utrecht
sporedining,https://www.instagram.com/sporedining/,"fine dining private chef based in The Netherlands high-end catering 🌱 local ingredients, sustainable, plant based ✉️",https://www.threads.com/@sporedining?xmt=AQF01caxs6kcsvNCUKLQVSRYBTbR4FyFt62fmbUCViE6_dk,None found,N/A,private chef Utrecht
rothatchef,https://www.instagram.com/rothatchef/,Chef @roasthilversum 🫒Inspired by Mediterranean and Asian food styles. 🥩Open vuur | Fusion | Art of foodpairing 🔽Volg de,N/A,None found,N/A,thuiskok Utrecht
kiek.kookt,https://www.instagram.com/kiek.kookt/,🍴 laat zien dat lekker eten niet moeilijk hoeft te zijn 🌱 vega(n) maaltjes 🤤 receptje weten? DM!,N/A,None found,N/A,thuiskok Utrecht
nananas_kitchen,https://www.instagram.com/nananas_kitchen/,🍽Afro-Portuguese Gastronomy - In the Netherlands 🇳🇱 🚚 Our food trailer brings the flavour to you 👩🏾‍🍳Catering & events,https://www.threads.com/@nananas_kitchen?xmt=AQF0SIyBuJGuJmFndn8zOPNOx0t188P--kQAZuGQNuaOulo,None found,N/A,thuiskok Utrecht
jordenboulet,https://www.instagram.com/jordenboulet/,"Colorblind artist working with color. Loves to play with boundaries between painting, object and design. DM for",N/A,None found,N/A,kok aan huis Utrecht
marymade_utrecht,https://www.instagram.com/marymade_utrecht/,I fill your fridge with healthy homemade meals so you don’t have to cook. 👩‍🍳 Professional chef 🥑 Nutritionist 💜 Busy,https://www.threads.com/@marymade_utrecht?xmt=AQF0R-jGLzYJhlGMQmbZiPVYAUjcqPiFKySRNenUV3-Zuxo,None found,N/A,thuiskok Utrecht
njoymakelaar,https://www.instagram.com/njoymakelaar/,NJOY Makelaar | Verkoop in Style 🏡 Verkoop & Aankoop 🛋️ Verkoopstyling: @njoyvastgoedstyling 📞 0320 337 226 ✉️,N/A,None found,N/A,kok aan huis Utrecht
aortaproductions,https://www.instagram.com/aortaproductions/,Reclamebureau -art direction-design-photography-studio-corporate magazines - POS material - visual merchandising-styling,N/A,None found,N/A,kok aan huis Utrecht
laurasabor_catering,https://www.instagram.com/laurasabor_catering/,🥂Verrassend & persoonlijk dat zijn wij - in smaak en aandacht. Zodat jij compleet bent ontzorgd! Voor zakelijke events:,N/A,None found,N/A,thuiskok Utrecht
fundamakeovers,https://www.instagram.com/fundamakeovers/,"@beitskejanne speurt huizen op die zijn verkocht, opgeknapt, en binnen 1 jaar weer op Funda geplaatst... * sinds 2020 *",N/A,None found,N/A,kok aan huis Utrecht
winkelvansinkel,https://www.instagram.com/winkelvansinkel/,Het Horecawarenhuis van Utrecht! Reserveer jouw tafel via onderstaande link 😘,N/A,None found,N/A,private chef Utrecht
u_questionmark,https://www.instagram.com/u_questionmark/,"U? celebrates local and creative communities based in the Netherlands, with a strong focus on Utrecht ━━━ initiated by",N/A,None found,N/A,home chef Utrecht
erabelgium,https://www.instagram.com/erabelgium/,Zo gevonden. | On trouve ! 🏠Belgische marktleider in het vastgoed | Leader du marché immobilier belge 🚀 140+ kantoren |,N/A,None found,N/A,kok aan huis Utrecht
kim.vdeelen,https://www.instagram.com/kim.vdeelen/,Brandweer Amsterdam ❌❌❌ Owner of @bofkontje_,N/A,None found,N/A,kok aan huis Utrecht
janssen.n.vandongen,https://www.instagram.com/janssen.n.vandongen/,De dames van beleg waar beleggen hun passie is 👭🏽 Frencie Janssen ‘n Claudia van Dongen 🍴 Ma t/m za 8:30-17:00 geopend,N/A,None found,N/A,kok aan huis Utrecht
de_verliefde_kreeft,https://www.instagram.com/de_verliefde_kreeft/,◾️DE VERLIEFDE KREEFT◾️ ◾️Catering◾️Private Dining ◾️Soulfood◾️21 Dinners◾️Home & Handmade Soulfood .....the best lovely,https://www.threads.com/@de_verliefde_kreeft?xmt=AQF0zVaZ0L68yRYiau4Z22za_Cf8m9N6bdWlQidCPoLDoTc,None found,N/A,kookworkshop Den Haag
pep_den_haag,https://www.instagram.com/pep_den_haag/,"Wij gaan voor een stad waarin iedereen mee kan doen. We netwerken, sparren en trainen met Haagse initiatieven. Elke",N/A,None found,N/A,kookworkshop Den Haag
bnbvalkenbos,https://www.instagram.com/bnbvalkenbos/,"Charming and comfortable B&B in The Hague 📍Valkenboslaan, Den Haag 🇳🇱 Netherlands 🍽 Highly rated breakfast 🌊 Located",N/A,None found,N/A,kookworkshop Den Haag
horecaacademie,https://www.instagram.com/horecaacademie/,"De Horeca Academie koksopleidingen: Amsterdam, Alkmaar, Eindhoven, Rotterdam, Rijswijk, Houten, Zwolle. Leren voor en",N/A,None found,N/A,kookworkshop Den Haag
sestreukuhinji,https://www.instagram.com/sestreukuhinji/,"🧑‍🍳Ivana S. 💫Ketering za sve prilike💫 🏡Požarevac 💫Hladna predjela, kanapei, peciva, sitni kolači, meze daske, posni",N/A,None found,N/A,catering aan huis Den Haag
regionkalmarlan,https://www.instagram.com/regionkalmarlan/,Tillsammans arbetar vi för din hälsa och hela länets utveckling. Här följer du våra medarbetare i vardagen och får veta,https://www.threads.com/@regionkalmarlan?xmt=AQF0IaSoj2kiq_VAOTNsK12YCBsdhrBqxexrCq-UVHbhCfc,None found,N/A,catering aan huis Den Haag
veluweexperts,https://www.instagram.com/veluweexperts/,🌞Teambuilding 🌞Bedrijfsuitjes 🌞Vergaderen 🌞Schaapskooi Veluwe - Het Landgoed ☎️055 3030989,N/A,None found,N/A,kookworkshop Den Haag
silviagrk,https://www.instagram.com/silviagrk/,"Utrecht, Foodlover, foodie",N/A,None found,N/A,thuiskok Utrecht
fitfoodrezeptwelt,https://www.instagram.com/fitfoodrezeptwelt/,"✨ Meine täglichen Glücksmomente 🍽️ Rezepte für jeden Tag ⏱️ schnell • saisonal • unkompliziert 🥦 ausgewogen, aber nicht",N/A,None found,N/A,catering aan huis Den Haag
signaturecatering_qa,https://www.instagram.com/signaturecatering_qa/,سجنتشر كيترنج لحجوزات البوفيهات والضيافه في قطر Where every Dish is a Signature  WhatsApp : +974 50844455 للطلب,https://www.threads.com/@signaturecatering_qa?xmt=AQF0XCL8Yd8Xq6n6ioLb7q7aQ-kOvlLdWug5GnjqTl4CtGM,None found,N/A,catering aan huis Den Haag
westland_cultuurweb,https://www.instagram.com/westland_cultuurweb/,"@westland_Cultuurweb De kunst en cultuur netwerkorganisatie in het Westland. Bevordert Cultuureducatie, -participatie en",N/A,None found,N/A,kookworkshop Den Haag
buitenkokers,https://www.instagram.com/buitenkokers/,Buitenkoken op houtvuur is meer beleving én meer smaak! ☘️ stoer buitenkoken op houtvuur ☘️ biologisch & uit de streek,N/A,None found,N/A,kookworkshop Den Haag
dagoglianos,https://www.instagram.com/dagoglianos/,Somos una empresa de organizacion de eventos. Contamos con servicio de catering Decoraciones Alquileres,N/A,None found,N/A,catering aan huis Den Haag
foam.food,https://www.instagram.com/foam.food/,🥕 All plantbased breakfast & lunch 🙋🏻‍♀️ Open every day from 9-16,N/A,None found,N/A,kookworkshop Den Haag
wouter_moll,https://www.instagram.com/wouter_moll/,AliExpress wine reviewer 🆓,https://www.threads.com/@wouter_moll?xmt=AQF0-sUshPyjUzCNu9I70eDPsuBcosLG-GcjWGwjaWoxOds,None found,N/A,thuiskok Utrecht
hal_makelaardij,https://www.instagram.com/hal_makelaardij/,"Welkom bij HAL Makelaardij, dé makelaar van Alkmaar en omstreken! 🏡🔑 Laat ons jou helpen met het vinden van jouw",N/A,None found,N/A,kok aan huis Utrecht
vegametliz,https://www.instagram.com/vegametliz/,🌱 De kleurrijkste vega(n) chef! 🌈 Catering | kookworkshops | private chef 🌮 Vegetarische & plantaardige recepten ✍🏼,https://www.threads.com/@vegametliz?xmt=AQF0CCPCGpzVjtR5WvOKWbURqLkC0oM79THwn6cSyIxRxwM,None found,N/A,thuiskok Utrecht
eetmeenl,https://www.instagram.com/eetmeenl/,🫕 Brengt mensen bij elkaar door samen te eten 🍽️ Mensen ontmoeten die je normaal niet tegen zou komen? 👇🏼 Meld je aan,N/A,None found,N/A,thuiskok Utrecht
abbyssoulkitchen,https://www.instagram.com/abbyssoulkitchen/,📍 Utrecht 🍽 Homemade Cooking 🚙 Bezorging 📩 DM for Order,N/A,None found,N/A,thuiskok Utrecht
cheffrey_food,https://www.instagram.com/cheffrey_food/,"👨‍🍳 Privé Chef & High-End Catering ✨ Exclusief & onvergetelijk 🏡 Aan huis, op kantoor of event 🍽️ Lunch | Diner |",N/A,None found,N/A,thuiskok Utrecht
droomdiner.nl,https://www.instagram.com/droomdiner.nl/,🧑🏻‍🍳Volg ons voor de mooiste gerechten en koks!🧑🏼‍🍳 Interesse in een verzorgd diner aan huis? Kijk op de website of app,N/A,None found,N/A,thuiskok Utrecht
selma_kookt,https://www.instagram.com/selma_kookt/,"✌🏾Lives in 🇳🇱 Amsterdam working on community building in #AmsterdamOost at Dynamo 👩🏾‍🍳 Loves to eat & cook, shares recip",N/A,None found,N/A,thuiskok Utrecht
dapur.omaqia,https://www.instagram.com/dapur.omaqia/,"💰 Nasi Box mulai 13k, Prasmanan mulai 35k/pax, Tumpeng mulai 25k 🙏🏻 Bersertifikasi Halal & Laik Hygiene 🚚 Free Ongkir 📞",https://www.threads.com/@dapur.omaqia?xmt=AQF0HLbvw-GhHUSoq-m4xGgt3UgbvGvRT347SSvDqnDbuiI,None found,N/A,catering aan huis Den Haag
toquegourmet,https://www.instagram.com/toquegourmet/,🍽 Escuela de Cocina Online y Presencial 🧂Catering Corporativo y eventos. ☎️809-287-8066 📍C/ Cotorra #1 Altos de Arroyo,N/A,None found,N/A,catering aan huis Den Haag
mckiernanmtl,https://www.instagram.com/mckiernanmtl/,Rôtisserie + Schnitzelhaüs + Traiteur Salle à manger Pour emporter Livraison,N/A,None found,N/A,catering aan huis Den Haag
hbscraeyenhout,https://www.instagram.com/hbscraeyenhout/,Officieel Instagram account van HBS Craeyenhout,https://www.threads.com/@hbscraeyenhout?xmt=AQF0UMCtoKiwQaBSzMCxGe8rjVRfM2Xzn4fxcleaoWLRF6A,None found,N/A,kookworkshop Den Haag
picoteobykarem,https://www.instagram.com/picoteobykarem/,"""Chef Karem | Te enseño el arte de los bocaditos 🥟 | Catering & Cursos Online 👇"". 🧑‍🍳/ ceo @karem_catering",N/A,None found,N/A,catering aan huis Den Haag
jtravel.nl,https://www.instagram.com/jtravel.nl/,"Wandelen 🥾 en fotograferen 📷 Samenwerken? Stuur een DM 📩 Blogs over wandelen, reizen en tips kun je lezen op: www",https://www.threads.com/@jtravel.nl?xmt=AQG0Ys3FV3m3wbso_6Z5Mjdf1IGqvfVwAFn3UTPk3VQneA0,None found,N/A,influencer Hoofddorp
felinevanuunen,https://www.instagram.com/felinevanuunen/,🇳🇱 brandrep/ collab ➡️ DM Size 164/170/S RBM: @lissymuppet,https://www.threads.com/@felinevanuunen?xmt=AQF0z7wDtXhrPjZhtz5ck55hCEg7jdLIRrasiODzS_eo5Q0,None found,N/A,influencer Amstelveen
vacaturevia.nl,https://www.instagram.com/vacaturevia.nl/,De leukste vacatures vind je via Via 🔥 Check onze podcast @dontquityourdayjob.nl,N/A,None found,N/A,content creator Amstelveen
stephano.h,https://www.instagram.com/stephano.h/,•Men's physique •Fitness model •Basted in The Netherlands🇳🇱📍 •Tiktok Stephano.h •👻,https://www.threads.com/@stephano.h?xmt=AQF0S_CT9nHNGbQSYQ41wqKh8PdEuPc1TIb32Tb5aJdizVQ,None found,N/A,influencer Amstelveen
biebamstelland,https://www.instagram.com/biebamstelland/,"De plek voor kennis & verhalen, cultuur & ontmoeting, met vier vestigingen in Aalsmeer, Amstelveen en Uithoorn.",N/A,None found,N/A,influencer Amstelveen
frenchonista,https://www.instagram.com/frenchonista/,▫️French/ Moroccan influencer living in Amsterdam ▫️Beauty|Fashion Blogger ▫️PR freelancer @depijpsocial,https://www.threads.com/@frenchonista?xmt=AQF0R7da1II7QH6n5pxxAxOmtC6ZGKy8iZ07SxUC7mRuF_4,None found,N/A,influencer Amstelveen
ziekenhuisamstelland,https://www.instagram.com/ziekenhuisamstelland/,🏥 Open en toegankelijk voor iedereen 💚 Aangenaam dichtbij 📍 Amstelveen ⬇️ Check voor relevante links en vacatures,N/A,None found,N/A,influencer Amstelveen
sk.ruijter,https://www.instagram.com/sk.ruijter/,Dutch design 🇳🇱 👇 https://sooij.my.canva.site/ ☝️ Ha,N/A,None found,N/A,influencer Purmerend
nai883,https://www.instagram.com/nai883/,"📍🇳🇱👸🏾🌸✈🌍 𝓐𝓮𝓼𝓽𝓱𝓮𝓽𝓲𝓬| 𝓕𝓮𝓶𝓲𝓷𝓲𝓷𝓮 𝓼𝓽𝔂𝓵𝓮| 𝓣𝓻𝓪𝓿𝓮𝓵 🦋 🌸I must have flowers, always & always🌷🌹 🏰",https://www.threads.com/@nai883?xmt=AQF0Lo_y5OpmMvehvO7EUTRdfvIZK6gagn9onHBST4rOUHA,None found,N/A,influencer Amstelveen
maaikevdijk,https://www.instagram.com/maaikevdijk/,"The harder styles • My digital outfit diary •Friezin in Zwolle, Netherlands",N/A,None found,N/A,blogger Hengelo
desley.daley.skye,https://www.instagram.com/desley.daley.skye/,"REISVERSLAAFD 🌍 - mama van ✌🏻 - liefde voor reizen, fotografie en interieur • @dutchfamilytravel - ✈ : turkije -",N/A,None found,N/A,influencer Hengelo
schouwburghengelo,https://www.instagram.com/schouwburghengelo/,"Volg ons voor de laatste updates over onze voorstellingen, achtergrondverhalen en een blik achter de schermen. 🎭🧡",N/A,None found,N/A,vlogger Hengelo
stefanabbink,https://www.instagram.com/stefanabbink/,-🇳🇱-📸-✈️-,N/A,None found,N/A,vlogger Hengelo
biebhengelo,https://www.instagram.com/biebhengelo/,De Bibliotheek is er voor iedereen. Volg ons voor nieuws en activiteiten. Wij werken samen met @bibliotheekoldenzaal &,N/A,None found,N/A,influencer Hengelo
stravinskyhngl,https://www.instagram.com/stravinskyhngl/,"Lekker eten, drinken en slapen doe je natuurlijk in hartje Hengelo!",N/A,None found,N/A,vlogger Hengelo
vettt_follow_the_fun,https://www.instagram.com/vettt_follow_the_fun/,💟 Hét inspiratieplatform voor ouders in Twente ☀️ VETTT veel tips met kinderen in en om Twente via link ⬇️,N/A,None found,N/A,blogger Hengelo
debiotandenbleker,https://www.instagram.com/debiotandenbleker/,☘️Gegarandeerd resultaat☘️Goedkoopste Tandenbleker van Nederland ☘️Natuurlijk Witte Tanden na 1 bezoek en,https://www.threads.com/@debiotandenbleker?xmt=AQF0djjLnyibBKygw7evNwEN-HsWYOPR2OPq7H40S_cz7xc,None found,N/A,influencer Schiedam
hudsonmelomuchacho,https://www.instagram.com/hudsonmelomuchacho/,🇩🇪🇪🇦🇳🇱🇲🇫🇮🇨🇲🇦 boxe 🥇9-4 Muay Thai 🥇23- 9 kickboxing 🥇20-3 MMA 🥇10-3 🥋Fai,https://www.threads.com/@hudsonmelomuchacho?xmt=AQF0RV6JSAqv0uCrQ3OBk05ymIpfXYFP3O_XDDtYFrnbsiA,None found,N/A,blogger Oss
nmongen,https://www.instagram.com/nmongen/,God | Family | Dance @mongendancestudio 📍 Based in the Netherlands,N/A,None found,N/A,influencer Schiedam
iamdennishoe,https://www.instagram.com/iamdennishoe/,🇳🇱 Entrepreneur @greatestgarages @greatestinteriorwraps 🏎 Porsche 944 2.7 Targa 🏎️ BMW E60 525i 🏎 VW Bug’72 🏎 IRMSCHER,https://www.threads.com/@iamdennishoe?xmt=AQF0G2S3ZBS8MUncxhh_F9a-oLLjP2yY7HHSmK2zdz73Fq8,None found,N/A,influencer Lelystad
pilartjee,https://www.instagram.com/pilartjee/,"📍 Rotterdam, NL 💛 26 years old",N/A,None found,N/A,influencer Schiedam
noachanell,https://www.instagram.com/noachanell/,Atleet • 𝓣𝓮𝓷𝓷𝓲𝓼 𝓹𝓵𝓪𝔂𝓮𝓻🎾 • 🇳🇱🇸🇷🇦🇼,N/A,None found,N/A,influencer Schiedam
schiedamfoto,https://www.instagram.com/schiedamfoto/,| ꜰᴀᴄᴇʙᴏᴏᴋ | X | YᴏᴜTᴜʙᴇ | ɪɴꜱᴛᴀɢʀᴀᴍ | 👉Volg uw gemeente Schiedam op alle socials!,https://www.threads.com/@schiedamfoto?xmt=AQF0_aprqHyciub8jmegWB6mxRNdn3JyBEbBk6bTKlCwmz0,None found,N/A,influencer Schiedam
uitinsdam,https://www.instagram.com/uitinsdam/,UITAGENDA SCHIEDAM 🗓️👇🏼 💛Welkom in Schiedam! 🖤 Uitagenda elke week,N/A,None found,N/A,influencer Schiedam
robinhenneke.jpeg,https://www.instagram.com/robinhenneke.jpeg/,✨ een mama die écht alles deelt 🎙️ wekelijks de-influence post 👶🏼 Romée Mila (4) & Lola Ellá (1) 🔥 @the.bloom.rooom 📩 r,N/A,None found,N/A,influencer Purmerend
oldie.but.goldie60,https://www.instagram.com/oldie.but.goldie60/,Med över 30 år i skönhetsbranschen ger jag tips och idee’r. Tipsar om bra produkter. Visar min kläd style,N/A,None found,N/A,influencer Oss
karingoulooze,https://www.instagram.com/karingoulooze/,World of fashion by @stretchshop.nl 🛒 Anni 1987 Fashion met internationale allure @mariariagoes 🌹,N/A,None found,N/A,influencer Roosendaal
visagie_hulya,https://www.instagram.com/visagie_hulya/,"Almelo,Overijssel,The Netherlands🇳🇱. ❤︎︎𝒈𝒍𝒂𝒎𝒐𝒖𝒓 - 𝑩𝒓𝒊𝒅𝒂𝒍 - 𝒆𝒗𝒆𝒏𝒕𝒔. 💍𝒀𝒐𝒖𝒓 𝒅𝒓𝒆𝒂",N/A,None found,N/A,blogger Hengelo
winkedsieraden,https://www.instagram.com/winkedsieraden/,voor accesoires met een ;) blog: www.winkedH.wixsite.com/wkid Spijkenisse Bestellen kan ook via whattsapp: 0646380859,N/A,None found,N/A,influencer Spijkenisse
btq_16_,https://www.instagram.com/btq_16_/,small boutique | premium & luxury goods curated with my sense of style 👉🏼 OPEN: We-Sunday: 12-17u ✨Maastricht (NL) |,N/A,None found,N/A,influencer Heerlen
polka_w_holandii_,https://www.instagram.com/polka_w_holandii_/,🇵🇱Polish girl in Netherlands 🇳🇱 Współpracę na Ig oraz na TT ♥️,https://www.threads.com/@polka_w_holandii_?xmt=AQF0HHABG7_l6AqwmB70614qaTK8olCgX4uoM99lXWlQmsg,None found,N/A,influencer Venlo
the_cooking_mommy,https://www.instagram.com/the_cooking_mommy/,"🙅‍♀️Amanda Moeder van 2 boys, getrouwd, heb een schattig 🐶 Dol op koken, beauty, uitjes & fashion Samenwerken? Stuur e",N/A,None found,N/A,food blogger Venlo
dequeerboekenkast,https://www.instagram.com/dequeerboekenkast/,"🏳️‍🌈🏳️‍⚧️ Award winning queer bookstore of exclusively 2SLGBTQIAP books in Alkmaar, NL🏳️‍⚧️🏳️‍🌈Open",https://www.threads.com/@dequeerboekenkast?xmt=AQF06BiM_0gx6R5b_jW1xzw5IQX55805iKmYc-c6sEIYuWA,None found,N/A,influencer Alkmaar
amber_girelle,https://www.instagram.com/amber_girelle/,"Routine. Routine. Routine. Routine. Ik maak het dagelijkse leven makkelijker 💕 Cleaning, outfits, food & dayvlogs",N/A,None found,N/A,influencer Heerlen
yourfitsisters,https://www.instagram.com/yourfitsisters/,YFS #yourfitsisters Your Dutch fit sisters Daphne & Fabienne ♡ All about a healthy lifestyle ° The Netherlands E-mail:,N/A,None found,N/A,influencer Alkmaar
ashleykwast,https://www.instagram.com/ashleykwast/,"life of a girl in her 20's 🌼 🌱 🍪💐✨🍓 ☕ Alkmaar, the Netherlands TikTok: ashleykwast",https://www.threads.com/@ashleykwast?xmt=AQF0ZNDim8duGDpKjrKDcCfsU0msmrAy17pJEhvKBJlgslk,None found,N/A,vlogger Alkmaar
kidsproofkopvannoordholland,https://www.instagram.com/kidsproofkopvannoordholland/,"Op www.kidsproof.nl vind je de leukste uitjes in de Kop van NH ❤️Gek op de Kop 🚲Uitjes, events, speeltuinen,",N/A,None found,N/A,vlogger Alkmaar
laurawpetersen,https://www.instagram.com/laurawpetersen/,🇳🇱/🇩🇰 rediscovering her birthplace CPH ✨ 🎥 Owner of @wulffstudios & @houseofwulff_ 🌎 Host: @world_citizens_podcast 📺,https://www.threads.com/@laurawpetersen?xmt=AQF02ylHyMkKbJJlxacbuAYy5rYrNaeKY0BJ49azbjsl1Zg,None found,N/A,vlogger Alkmaar
bosmanalkmaar,https://www.instagram.com/bosmanalkmaar/,"Ranked as 2nd best hairsalon in the Netherlands✨ Luxe boutique salon where we create,connect and inspire✨ Shop 24/7",N/A,None found,N/A,influencer Alkmaar
noordhollandsdagblad.nl,https://www.instagram.com/noordhollandsdagblad.nl/,📰 Het laatste nieuws en de mooiste verhalen van het Noordhollands Dagblad. 📍Altijd dichtbij.,https://www.threads.com/@noordhollandsdagblad.nl?xmt=AQF0w9PM7oYDHYtBzFMy_gvZWVAfmlK9bfLoPP0IcD_wXwQ,None found,N/A,influencer Alkmaar
flavours_and_compass,https://www.instagram.com/flavours_and_compass/,🇮🇳🇳🇱 Mostly home cooked and sometimes fast foods too 😍 Dm for brand collab #recipes #lifestyle #foodlover,N/A,None found,N/A,influencer Hilversum
tishantelyyy,https://www.instagram.com/tishantelyyy/,Reporter / Mediaproducer / ContentCreator🎬 👤|| @tishantely_media & @tishantely_ijsjes🔥 🎤|| @jongereporters & @at5.nl 🎥|,N/A,None found,N/A,influencer Hilversum
ilmondodi_ornella,https://www.instagram.com/ilmondodi_ornella/,Italian🇮🇹living in the Netherlands🇳🇱 ❤️ for handmade&vintage style My little world of outfits. Supporting small,N/A,None found,N/A,influencer Hilversum
esmeelenferink,https://www.instagram.com/esmeelenferink/,👠 Eigenaresse @dejacqueoldenzaal_ 🏆 Team Goud @cleannutrition code Esmee 👟 @teveo code Esmee 🩷 @fitpiggy.nl code Esm,https://www.threads.com/@esmeelenferink?xmt=AQF0vD6SxHVf47uN6ayNgMkBNv1E4oXzt_DASpdB0xLZTtk,None found,N/A,influencer Hengelo
knettermevrouw,https://www.instagram.com/knettermevrouw/,🙋‍♀️ vogelluisteraar winkelier maker thuismus 🎢 de leven soms compliqué soms zweven 🎀 borstkanker stadium 4 ❤️‍🩹 that,N/A,None found,N/A,blogger Hengelo
memories_by_babette,https://www.instagram.com/memories_by_babette/,De mooiste momenten vast gelegd✨ Fotograaf & Videograaf 📍Loosdrecht 🖥 www.memoriesbybabette.nl (tijdelijk offline) ✉,N/A,None found,N/A,influencer Hilversum
socialfiguur,https://www.instagram.com/socialfiguur/,Your creative social media agency Home of Dutch influencers 360° digital support for our clients & creators,N/A,None found,N/A,content creator Leeuwarden
ronniejilderda_photography,https://www.instagram.com/ronniejilderda_photography/,#photographer based in the Netherlands. Photography and Travel #drone #fashion #portret #btc #eth #hatter Other page;,N/A,None found,N/A,influencer Leeuwarden
lifeofgilijan,https://www.instagram.com/lifeofgilijan/,"Sharing moments.Because every picture 📸 has a story to tell about us🫂💛✨ Samen stijlvol leven. Echt, puur & met een",https://www.threads.com/@lifeofgilijan?xmt=AQF0mHyTb2dspXDBNMwYgWZG0Mpj3NRRl5wK8wAIrUKWvuc,None found,N/A,vlogger Leeuwarden
moaiefamkes,https://www.instagram.com/moaiefamkes/,😍 Dagelijks de leukste dames 💌 Geplaatst worden? DM of tag je foto/video 👻 Volg ons op Snapchat: moaiefamkes,https://www.threads.com/@moaiefamkes?xmt=AQF0sq9P0FaLAf-WsU-tbDY6FL9UoRTN66145LExqunzvvw,None found,N/A,influencer Leeuwarden
pouyasvision,https://www.instagram.com/pouyasvision/,| Creative director and content producer | Founder of : @puzzleagency.co Based in Netherlands 📍🇳🇱,https://www.threads.com/@pouyasvision?xmt=AQF0PzaCScXflI3MRdj3RDe44PNlHYWT94b33bN8IuWXIPc,None found,N/A,content creator Leeuwarden
vrisofisser,https://www.instagram.com/vrisofisser/,"+ Founder @brainfuel.nl 🧠⛽ + Father in training + Schrijver in het openbaar, dichter in het geheim + Method Man",N/A,None found,N/A,influencer Leeuwarden
rondomvandaag,https://www.instagram.com/rondomvandaag/,"🗞️ Uitgever van lokale huis-aan-huis kranten in Leeuwarden, Heerenveen, Drachten en de Stellingwerven 📲 Voor al het",N/A,None found,N/A,vlogger Leeuwarden
twanvhalm,https://www.instagram.com/twanvhalm/,Travel | Lifestyle | Fitness @bodyandfit_nl code: BFTwan 📍Netherlands 🗺️ Dutch,N/A,None found,N/A,influencer Lelystad
hollandaligelin09,https://www.instagram.com/hollandaligelin09/,📍Zaanstad🇳🇱 📍Aydın 🇹🇷 Tatjana🇳🇱 ve 🇹🇷Onur 2 tane çocuğumuz var. Hollandada yaşıyoruz ve tiktokta eğleniyoruz 😁,https://www.threads.com/@hollandaligelin09?xmt=AQF03iVp95M4QhIw0tGp0KYMGH2rXpnoQHlMfZFShIjfeOA,None found,N/A,influencer Emmen
vinkflowhomeinterieur,https://www.instagram.com/vinkflowhomeinterieur/,"🇳🇱 Monique 🤍 🌿 Interieur, dagelijks leven 🏡 Ons huisje nr. 38 📱 Eerlijke home & lifestyle 💌 Samenwerken? Stuur DM",N/A,None found,N/A,influencer Harderwijk
stans_wonen_op_20,https://www.instagram.com/stans_wonen_op_20/,"🖤 Content creator, influencer 🖤 Getrouwd, moeder en oma 🖤 Homestyling: wit, naturel en hout 🖤 Collab: Leuk!! Stuur me",https://www.threads.com/@stans_wonen_op_20?xmt=AQF0ktOWP4XS2x9odsr1UONPuteeg7ELrK0g2ES1EYFOoaU,None found,N/A,influencer Harderwijk
haraldonfood,https://www.instagram.com/haraldonfood/,Culinary Critic 🔸 Searching for #CulinaryDelight 🇳🇱 Loves to Cook & Bake! 🇬🇧 “There is no present like the time”,https://www.threads.com/@haraldonfood?xmt=AQF0riLQ5ymKjIhoSYjPOuEG_kuNvJx6K2reBVx7cAQutNI,None found,N/A,influencer Harderwijk
mcocoo_,https://www.instagram.com/mcocoo_/,"💚 Ik deel tips, wat ik doe en leer terwijl ik door het leven, hobby’s, realiteit en geknoeide koffiekopjes manoeuvreer",N/A,None found,N/A,influencer Emmen
divyaxv,https://www.instagram.com/divyaxv/,🧚🏼‍♂️Beauty tips & tricks 🌷Makeup | Skincare | Viral Finds YouTube🎥👇🏻,N/A,None found,N/A,content creator Emmen
kamstmode,https://www.instagram.com/kamstmode/,"De mooiste versie van jezelf in een outfit van Kamst Mode! Wij zijn te vinden in Nieuw-Amsterdam, Coevorden, Hardenberg,",N/A,None found,N/A,influencer Emmen
labrador.nowi,https://www.instagram.com/labrador.nowi/,"📍The Netherlands 🇳🇱 Nowi (Swanneblomke’s Cailleach Amaryllis) born 5-12-2025🐶 Forever in our hearts, Spike",N/A,None found,N/A,influencer Doetinchem
kleurrijkontwerp_fotografie,https://www.instagram.com/kleurrijkontwerp_fotografie/,Nostalgie voor de toekomst🌾 • Bekend van @duic.nl✨ • Zwangerschap | Newborn | Familie😁 • Voor Mama’s tobe die spontane e,N/A,None found,N/A,vlogger Zeist
mrcarwashzeist,https://www.instagram.com/mrcarwashzeist/,De eerste bemande wasstraat in Zeist. Voor meer info en prijzen zie website.,N/A,None found,N/A,vlogger Zeist
noabossina,https://www.instagram.com/noabossina/,𝐓𝐢𝐤𝐭𝐨𝐤: noabossina Singer 𝑰 𝒌𝒏𝒐𝒘 𝒚𝒐𝒖'𝒓𝒆 𝒐𝒃𝒔𝒆𝒔𝒔𝒆𝒅 𝒘𝒊𝒕𝒉 𝒎𝒆 23 📍Groningen,https://www.threads.com/@noabossina?xmt=AQF0jTGK1CC_j_x1Vx7myQAA7msEzBcpGVI7qHb9h6MrnsA,None found,N/A,influencer Zeist
uitinzeist,https://www.instagram.com/uitinzeist/,De culturele uitagenda van Zeist! #uitinzeist,N/A,None found,N/A,vlogger Zeist
advalvas,https://www.instagram.com/advalvas/,Independent reporting on VU Amsterdam and campus Uilenstede,https://www.threads.com/@advalvas?xmt=AQF097O6yCz8yNiaxy-yxU5CjZRcCkT_IploTy_UHE4Knlo,None found,N/A,vlogger Zeist
mario.vd.linden,https://www.instagram.com/mario.vd.linden/,"Lifestyle & Humor 🎥 Het dagelijks leven, zonder filter 😂 Herkenbare momenten 📩 Samenwerken? Stuur een DM TikTok - 5k+ 👬",https://www.threads.com/@mario.vd.linden?xmt=AQF0hJvzIqgf_68BqQJ9JkG1-8fyKGJILt6VGnMTIbEu2BQ,None found,N/A,influencer Zeist
graafschapcollege,https://www.instagram.com/graafschapcollege/,Dé plek voor een Leven Lang Ontwikkelen 🏫🎓,N/A,None found,N/A,influencer Doetinchem
panos_chasapis.eu,https://www.instagram.com/panos_chasapis.eu/,"Multidisciplinary Photographer · Storyteller Mediterranean roots European spirit: Greek, Swiss & Dutch Global by heart",https://www.threads.com/@panos_chasapis.eu?xmt=AQF0En1e2RGZbgD8W5_CVsh0TtCOTQejNTjTbc3ZnlWoN-g,None found,N/A,creator Hoorn
charlotte.vanderbom,https://www.instagram.com/charlotte.vanderbom/,"Ik help jou je verleden los te laten, niet-helpende patronen te doorbreken en te leven op jouw voorwaarden, met jouw",https://www.threads.com/@charlotte.vanderbom?xmt=AQF0WV7PO4KTGNtx87bTb5wD4sOoYKLHWBVv2nMeGQiqdMg,None found,N/A,influencer Roermond
michael_minneboo,https://www.instagram.com/michael_minneboo/,"AMSTERDAM COMIC GEEK. Auteur van MIJN VRIEND SPIDER-MAN: SUPERHELDEN, GEEKS & FANCULTUUR.",N/A,None found,N/A,vlogger Hoorn
kermithology,https://www.instagram.com/kermithology/,pura vida - a vida é um milagre 🇮🇩🏳️‍🌈🇨🇵🇩🇪🇪🇺🇮🇹🇧🇪🇨🇳🇬🇷🇳🇱🇲🇾🇹🇭🇸🇬🇨🇭,https://www.threads.com/@kermithology?xmt=AQF0gHM1hDMpO09Oqg7a3CaKzCkNROCVuE6MqPRWrzAvbvY,None found,N/A,creator Hoorn
trueheartfeltjourney,https://www.instagram.com/trueheartfeltjourney/,🔐📍 Amsterdam ❌❌❌ 🎯 #TechSector | #Mathematician | #eCommerce ~ #Amazon #eBay | #herbalifenutrition | Tennis | Gym |,N/A,None found,N/A,creator Hoorn
perry.willemsen,https://www.instagram.com/perry.willemsen/,"Die gast van het Droomboek 💭📙 Volg je dromen, en volg mij :) YouTube (100K+) Dromen (3/100)",N/A,None found,N/A,creator Hoorn
toby.maltipoo.diary,https://www.instagram.com/toby.maltipoo.diary/,🏡 Based nearby Amsterdam 🌷🇳🇱 🎂 22 January 2020 💼 Chief Dog Officer @young.ambitious 🦁 #TobyTheMaltipoo,N/A,None found,N/A,influencer Hoorn
karaktermeisjes,https://www.instagram.com/karaktermeisjes/,🚺1:1 Coaching 👩‍🏫KarakterKracht JUNIOR & VO 🎙️Podcast ✍🏻Redactielid @pharosnl Volg,N/A,None found,N/A,influencer Doetinchem
georgeanddan,https://www.instagram.com/georgeanddan/,"Your trusted Norwegian Fjords cruising resource 🌄 Worldwide cruise tips & adventures 🚢⚓ No paywalls, ever. Helping you c",https://www.threads.com/@georgeanddan?xmt=AQF0_58j6ee7oBjmtPvklMJMUHywIj-sYlahPFCcb6vTRyE,None found,N/A,vlogger Hoorn
browsbylynn.nl,https://www.instagram.com/browsbylynn.nl/,🥉𝐄𝐭𝐚𝐥𝐨𝐧𝐦𝐢𝐱 𝐁𝐞𝐧𝐞𝐥𝐮𝐱 𝐋𝐢𝐩𝐛𝐥𝐮𝐬𝐡 ‘𝟐𝟔 🏅𝐓𝐨𝐩 𝟒 𝐄𝐭𝐚𝐥𝐨𝐧𝐦𝐢𝐱 𝐁𝐞𝐧𝐞𝐥𝐮𝐱 𝐏𝐨𝐰𝐝𝐞𝐫 𝐁𝐫𝐨𝐰𝐬 ‘𝟐𝟔 Powder Brows • Lipblush • Combi Brows •,https://www.threads.com/@browsbylynn.nl?xmt=AQF0fYr-Q4g6hQA54d7j9sXbWon0lGdrfCNMkqsWaS2zbOw,None found,N/A,influencer Doetinchem
bothelabrador2021,https://www.instagram.com/bothelabrador2021/,🤍27 March 2021🇳🇱 🩷Here to make you smile🐾 🤍Collab?DM💌 | 🖤Dogmodel Discount codes 👇🏼,N/A,None found,N/A,influencer Doetinchem
youtuberyavi,https://www.instagram.com/youtuberyavi/,"🎥 (edel)figurant 🎞️ Voetbalouders, Oogappels, Nieuw zeer, Onze jongens 3, Ziggo (reclame), Landal greenparks",N/A,None found,N/A,vlogger Hoorn
chronisch_ziek_maar_uniek,https://www.instagram.com/chronisch_ziek_maar_uniek/,~ Mijn leven als chronisch zieke jongvolwassene🧬🩺 ~ Ik strijd voor impact/openheid over lichamelijke/psychische,https://www.threads.com/@chronisch_ziek_maar_uniek?xmt=AQF0UZXtKrSeRCOAbXid5HF0JPB4Y69Fz6IjL5Pfov-tUQs,None found,N/A,influencer Hoorn
t.j.besselink,https://www.instagram.com/t.j.besselink/,"Zandvoort | NL Men’s style, lifestyle en ambitie. Leven met een hart-longaandoening; (PAH).💜Geen excuus, wel motivatie.",https://www.threads.com/@t.j.besselink?xmt=AQF0Gkc4UxeBrCOfXvWioZc2A9XbEpca-EKUG38PmcBJwAQ,None found,N/A,vlogger Hoorn
nlvogue,https://www.instagram.com/nlvogue/,"Framing fashion, beauty, style and stories that matter. Join the Dutch Vogue community. Vogue's new May Issue is in",N/A,None found,N/A,influencer Hoorn
ikbenbio,https://www.instagram.com/ikbenbio/,Wij willen laten zien wat de biologische boer bijdraagt aan een gezond Nederland.,N/A,None found,N/A,vlogger Hoorn
hairsbyalysha,https://www.instagram.com/hairsbyalysha/,• @a.peroti • Een afspraak maken via link • Vlechten inclusief nephaar! 📍Spijkenisse,N/A,None found,N/A,influencer Spijkenisse
indebuurtgouda,https://www.instagram.com/indebuurtgouda/,We 💛 Gouda! 📍Ontdek nieuwe hotspots 💌 Lees de leukste nieuwtjes 👇🏼 Wij houden het voor je bij #gouda #indebuurtgouda,N/A,None found,N/A,influencer Gouda
glamorousbeauty.nl,https://www.instagram.com/glamorousbeauty.nl/,"👭C a r o l a & N a d i y e 🌍The Netherlands 💕Beauty▪Lifestyle 💫Be yourself, smart & glamorous 💌",N/A,None found,N/A,influencer Vlaardingen
thissocialcottage,https://www.instagram.com/thissocialcottage/,Making Instagram simple 📝 hooks + tips to grow in 20 mins a day or less 🎙️This Social Cottage Podcast 👇 next week’s co,N/A,None found,N/A,content creator Vlaardingen
nailsby_thedutch_,https://www.instagram.com/nailsby_thedutch_/,• bereikbaar via whatsapp & dm • groothandel nagelproducten 💅 • Acryl en BIAB 📌Vlaardingen • Aanbetaling betalen,N/A,None found,N/A,influencer Vlaardingen
gendystreet,https://www.instagram.com/gendystreet/,-MBA -Marketing manager @meta -Artist:📽️🎥📷🎞️🤳🏾🛹🚁🎮 -NY *718 *347 📍The Netherlands 🏆,https://www.threads.com/@gendystreet?xmt=AQF0i6K9_rxikDWDxQvA8KyJHvf8FSXALghwqjh4YzDKQjM,None found,N/A,influencer Vlaardingen
davidvunk,https://www.instagram.com/davidvunk/,"Dj, producer, remixer and Moustache Records endboss. he/him Born, raised and based in Rotterdam 🌎 bookings:",https://www.threads.com/@davidvunk?xmt=AQF0aJPWn5d7WJjoUy0Y0WsNzmdjfTurEdizfHP5_vwhqMM,None found,N/A,influencer Vlaardingen
mirel_food_lifestyle,https://www.instagram.com/mirel_food_lifestyle/,📍Almelo 🍰Birthday Sweets 📸 Food Fotografie 🏠Interieur ons droomhuis opgeleverd juli 2024 Personal Trainer💪CrossCore,N/A,None found,N/A,influencer Almelo
wesselleon,https://www.instagram.com/wesselleon/,"The world is too big to stay in one place, currently in the Netherlands🇳🇱",https://www.threads.com/@wesselleon?xmt=AQF0nzWOoOreryFPEsOkdqyn4SVH901zIWJquGEmmryjFx8,None found,N/A,influencer Almelo
takemeto.nl,https://www.instagram.com/takemeto.nl/,Takemeto.nl Hét platform voor reislustige ouders! 🌎 Met >70 bloggers 🌍 Inspirerende reiservaringen 🌏 Praktische,N/A,None found,N/A,blogger Almelo
anvia_lighting,https://www.instagram.com/anvia_lighting/,"Contemporary lighting fixtures based on the mid-century designs of J.J.M. Hoogervorst for ANVIA. Original Dutch Design,",N/A,None found,N/A,blogger Almelo
tomvanderploeg,https://www.instagram.com/tomvanderploeg/,• Interieur • Kleur • Vintage • FRYSLÂN • Storemanager @tommyhilfiger ♥️ Thomas 🐶 Dobby DM for collab ✉️ •,N/A,None found,N/A,influencer Almelo
metkroostinoost,https://www.instagram.com/metkroostinoost/,🐦‍⬛Ontdek alle leuke plekjes in Oost Nederland. Leuk met kinderen. Maar vooral leuk voor jou! 🖤 Horeca hotspots 🖤,https://www.threads.com/@metkroostinoost?xmt=AQF09drKK1gZiiECM4OPKJPIiYTUoC-l8wfBo8FHdi5MlXE,None found,N/A,blogger Almelo
l.i.n.d.a._xx,https://www.instagram.com/l.i.n.d.a._xx/,Dutch princess Love to sing Traveling Owner of #hetglazenmuiltje,N/A,None found,N/A,influencer Almelo
meismodels,https://www.instagram.com/meismodels/,PREMIUM AGENCY Models & hostesses 📍 Based in the Netherlands Working around the world 🌎,N/A,None found,N/A,influencer Almelo
marion.nouvellebeauty,https://www.instagram.com/marion.nouvellebeauty/,"🌸 Born in Amsterdam | Living with beauty, joy & self-care | Cosmetica @debijenkorf | Family, vacation & photography ♡",N/A,None found,N/A,blogger Almelo
lifebyayda,https://www.instagram.com/lifebyayda/,"☆ Hier deel ik mijn dagelijkse leven, gedachtes en reizen ♡ Mama van Noah (Mei '23) □ Fotograaf & docent",N/A,None found,N/A,influencer Almelo
twowheelfreedom.nl,https://www.instagram.com/twowheelfreedom.nl/,Cycled from Alaska to Patagonia🔥 Writing books about it 📖 🇳🇱Made in Holland🇳🇱 Also known as @outdoor_lovers_nl 🚐,N/A,None found,N/A,blogger Almelo
mmarjol31n,https://www.instagram.com/mmarjol31n/,🇳🇱 Fountainpen enthusiast ✒️ Collector of fountainpeninks🐙 Addicted to quotes & ink swatching Loves to write & journal,https://www.threads.com/@mmarjol31n?xmt=AQF0QwMQkQO0Eqp57ZLiVKm9x_ASXpQd9Zq2_bN0VdvucHw,None found,N/A,influencer Almelo
mexicandian,https://www.instagram.com/mexicandian/,Marisol 🌶🥑Mexicana📍🇳🇱 Países bajos (Holanda) 🇮🇳🇲🇽Matrimonio multicultural🧀🍞 👩‍🔬Scientist & 🎬 Creator 📸,N/A,None found,N/A,influencer Veenendaal
hanneke_bouman,https://www.instagram.com/hanneke_bouman/,"Vrouw van Wim, moeder van Anne-Sophie ⭐️, Jappe en Abe, christen, fotograaf en auteur. “Let all that you do, be done in",N/A,None found,N/A,vlogger Bergen op Zoom
jacquelinevpelt,https://www.instagram.com/jacquelinevpelt/,"nuchtere Brabantse mama van drie boys 💘 fashion, boeken, food, co-ouderschap, opnieuw liefde gevonden, & the day to day",N/A,None found,N/A,vlogger Bergen op Zoom
elysenesia,https://www.instagram.com/elysenesia/,👩🏻‍🦰 Elyse | Gezin met 2 jongens 🐔Dromen van educatieve hobbyfarm 🥖homesteading/slow living/buitenleven 🍃Met kleine,N/A,None found,N/A,vlogger Bergen op Zoom
meemetmilou,https://www.instagram.com/meemetmilou/,"🤱moeder van Febe & Pleun 🔧werkzaam bij Zideris, dagbesteding eigenhandig 💊 verstandelijk gehandicaptenzorg 🎥 vlogger voo",N/A,None found,N/A,vlogger Veenendaal
edelzusjes,https://www.instagram.com/edelzusjes/,"🤍 2 zusjes 🤍 Interieur webshop 🤍 Unieke items, die maken een statement",https://www.threads.com/@edelzusjes?xmt=AQF0GM82rKWVTfdzR_Ca1YfQMC31E3haJQ1dgepB7ZbwV6Q,None found,N/A,influencer Veenendaal
merelvanzwieten,https://www.instagram.com/merelvanzwieten/,| Mom of Daan & Lev | | Passionate about organ donation | Owner of @haarenmeerzwolle | Zwolle,https://www.threads.com/@merelvanzwieten?xmt=AQF0ppEJjvBZgEX_3EtjBs7zZKPu7u752NnNg0lGrLZDuaQ,None found,N/A,vlogger Bergen op Zoom
niet_zo_jeugdzorg,https://www.instagram.com/niet_zo_jeugdzorg/,Samen dromen over een beter Nederland❤️,N/A,None found,N/A,influencer Vlaardingen
boerderij_t_gagel,https://www.instagram.com/boerderij_t_gagel/,Wij zijn boeren voor het leven. Welkom op onze 45ha regeneratieve boerderij en camping in Lochem!,N/A,None found,N/A,vlogger Bergen op Zoom
huisgenoot,https://www.instagram.com/huisgenoot/,Welkom by Huisgenoot se amptelike Instagram-profiel! Volg ons vir heerlike en oorspronklike foto & video-oomblikke.,N/A,None found,N/A,vlogger Bergen op Zoom
mathilde.dendraak,https://www.instagram.com/mathilde.dendraak/,🥇Miss photogenic NH 📸 ✨Hair&fashion Model | actress | writer | published | UGC-creator 📍Amsterdam based,N/A,None found,N/A,influencer Velsen
