Query,Name,Email,Website,Phone,Integrations,Google Maps URL
restaurants in Toronto,Woods Restaurant & Bar,info@woodsrestaurant.ca,http://www.woodsrestaurant.ca/,+1 416-214-9918,OpenTable,https://www.google.com/maps/place/Woods+Restaurant+%26+Bar/data=!4m7!3m6!1s0x89d4cb32036661a9:0x7238a29d120b3149!8m2!3d43.648974!4d-79.3750831!16s%2Fg%2F12hly9h_x!19sChIJqWFmAzLL1IkRSTELEp2iOHI?authuser=0&hl=en&g_ep=EgoyMDI2MDgyNS4wIJJjKgBIAVAD&rclk=1
restaurants in Toronto,Black+Blue Toronto,info@blackandbluetoronto.com,https://blackandbluesteakhouse.ca/toronto-home/,+1 647-368-8283,SevenRooms,https://www.google.com/maps/place/Black%2BBlue+Toronto/data=!4m7!3m6!1s0x882b357f0bfe8ddb:0x23ea3c650896c21c!8m2!3d43.6480996!4d-79.3831247!16s%2Fg%2F11s9wnk_vb!19sChIJ243-C381K4gRHMKWCGU86iM?authuser=0&hl=en&g_ep=EgoyMDI2MDgyNS4wIJJjKgBIAVAD&rclk=1
restaurants in Toronto,PAI,"downtown@paitoronto.com, %20downtown@paitoronto.com, uptown@paitoronto.com, party@paitoronto.com, %20uptown@paitoronto.com",http://www.paitoronto.com/,+1 416-901-4724,"OpenTable, Tock",https://www.google.com/maps/place/PAI/data=!4m7!3m6!1s0x882b34d9289991d5:0x5f596deace8d8b6a!8m2!3d43.6478528!4d-79.3887403!16s%2Fg%2F11b6dv0rlh!19sChIJ1ZGZKNk0K4gRaouNzuptWV8?authuser=0&hl=en&g_ep=EgoyMDI2MDgyNS4wIJJjKgBIAVAD&rclk=1
restaurants in Toronto,Richmond Station,info@richmondstation.ca,http://richmondstation.ca/,+1 647-748-1444,"SevenRooms, OpenTable",https://www.google.com/maps/place/Richmond+Station/data=!4m7!3m6!1s0x89d4cb3323f69325:0xc9f504d1e5cc85a0!8m2!3d43.6514536!4d-79.3794917!16s%2Fg%2F1hhxpgj5_!19sChIJJZP2IzPL1IkRoIXM5dEE9ck?authuser=0&hl=en&g_ep=EgoyMDI2MDgyNS4wIJJjKgBIAVAD&rclk=1
restaurants in Toronto,Don Alfonso 1890,info@donalfonsotoronto.com,https://www.donalfonsotoronto.com/?utm_source=google&utm_medium=organic&utm_campaign=local&utm_content=Toronto,+1 289-805-6290,OpenTable,https://www.google.com/maps/place/Don+Alfonso+1890/data=!4m7!3m6!1s0x89d4cb645fb749cd:0xb50b4e8965e2430e!8m2!3d43.640974!4d-79.375602!16s%2Fg%2F11g0tk0tpb!19sChIJzUm3X2TL1IkRDkPiZYlOC7U?authuser=0&hl=en&g_ep=EgoyMDI2MDgyNS4wIJJjKgBIAVAD&rclk=1
restaurants in Toronto,Osteria Giulia,info@osteriagiulia.ca,http://osteriagiulia.ca/,+1 416-964-8686,OpenTable,https://www.google.com/maps/place/Osteria+Giulia/data=!4m7!3m6!1s0x882b358bd3095271:0x63d281b362721dc0!8m2!3d43.6743186!4d-79.3965865!16s%2Fg%2F11m_wv5wt6!19sChIJcVIJ04s1K4gRwB1yYrOB0mM?authuser=0&hl=en&g_ep=EgoyMDI2MDgyNS4wIJJjKgBIAVAD&rclk=1
restaurants in Toronto,GEORGE Restaurant,info@georgeonqueen.com,http://www.georgeonqueen.com/,+1 416-863-6006,"Tock, OpenTable",https://www.google.com/maps/place/GEORGE+Restaurant/data=!4m7!3m6!1s0x89d4cb36abc6bb31:0xb2ddb50894e8ea65!8m2!3d43.6533708!4d-79.3743283!16s%2Fm%2F052lzvy!19sChIJMbvGqzbL1IkRZerolAi13bI?authuser=0&hl=en&g_ep=EgoyMDI2MDgyNS4wIJJjKgBIAVAD&rclk=1
restaurants in Toronto,Central Restaurants - Toronto Ossington,marketing@centralrestaurants.ca,https://centralrestaurants.ca/locations/toronto-ossington,+1 647-925-6337,"Tock, OpenTable",https://www.google.com/maps/place/Central+Restaurants+-+Toronto+Ossington/data=!4m7!3m6!1s0x882b35d24a5a2c41:0xe3d335d725235236!8m2!3d43.6467395!4d-79.4199701!16s%2Fg%2F11y6nsd_rc!19sChIJQSxaStI1K4gRNlIjJdc10-M?authuser=0&hl=en&g_ep=EgoyMDI2MDgyNS4wIJJjKgBIAVAD&rclk=1
restaurants in Toronto,Sultan Ahmet Turkish Cuisine,,http://www.sultanahmet.ca/,+1 289-805-7003,None,https://www.google.com/maps/place/Sultan+Ahmet+Turkish+Cuisine/data=!4m7!3m6!1s0x882b43c66f909041:0x8bbc61fea2af8a14!8m2!3d43.552927!4d-79.715747!16s%2Fg%2F11s3247574!19sChIJQZCQb8ZDK4gRFIqvov5hvIs?authuser=0&hl=en&g_ep=EgoyMDI2MDgyNS4wIJJjKgBIAVAD&rclk=1
restaurants in Toronto,RASA,"events@rasabar.ca, rasa@thefooddudes.com",http://www.rasabar.ca/,+1 647-350-8221,Tock,https://www.google.com/maps/place/RASA/data=!4m7!3m6!1s0x882b3495747d349b:0xcb7e0158eb1f8e8f!8m2!3d43.6627889!4d-79.4040823!16s%2Fg%2F11b5pjqdv7!19sChIJmzR9dJU0K4gRj44f61gBfss?authuser=0&hl=en&g_ep=EgoyMDI2MDgyNS4wIJJjKgBIAVAD&rclk=1
restaurants in Toronto,LOCAL Public Eatery Adelaide,adelaide@localpubliceatery.com,https://localpubliceatery.com/neighbourhoods/adelaide/,+1 647-805-0777,OpenTable,https://www.google.com/maps/place/LOCAL+Public+Eatery+Adelaide/data=!4m7!3m6!1s0x882b35f03cbbb9e9:0xc324e1026e82dc46!8m2!3d43.6489576!4d-79.3843408!16s%2Fg%2F11lcr945zl!19sChIJ6bm7PPA1K4gRRtyCbgLhJMM?authuser=0&hl=en&g_ep=EgoyMDI2MDgyNS4wIJJjKgBIAVAD&rclk=1
restaurants in Toronto,House on Parliament,,http://www.houseonparliament.com/,+1 416-925-4074,None,https://www.google.com/maps/place/House+on+Parliament/data=!4m7!3m6!1s0x89d4cb4596ea1f53:0x4f3f5a77d12e80df!8m2!3d43.6635!4d-79.3679717!16s%2Fg%2F1v9t_x3v!19sChIJUx_qlkXL1IkR34Au0XdaP08?authuser=0&hl=en&g_ep=EgoyMDI2MDgyNS4wIJJjKgBIAVAD&rclk=1
restaurants in Toronto,Kabbana Bar + Grill Restaurant Toronto,info@kabbana.ca,https://kabbana.ca/,+1 437-349-4999,OpenTable,https://www.google.com/maps/place/Kabbana+Bar+%2B+Grill+Restaurant+Toronto/data=!4m7!3m6!1s0x882b35876e86dc47:0xdae4f3cd13978660!8m2!3d43.6486044!4d-79.390766!16s%2Fg%2F11z6xmkg5h!19sChIJR9yGboc1K4gRYIaXE83z5No?authuser=0&hl=en&g_ep=EgoyMDI2MDgyNS4wIJJjKgBIAVAD&rclk=1
restaurants in Toronto,Aloette Bay,"info@aloetterestaurant.com, info@aloettebay.com",https://aloetterestaurant.com/bay,+1 416-315-7275,"Tock, OpenTable",https://www.google.com/maps/place/Aloette+Bay/data=!4m7!3m6!1s0x89d4cbcfde3dc779:0x50e5d2fa3f88ed6d!8m2!3d43.6440314!4d-79.3775378!16s%2Fg%2F11w821q4mr!19sChIJecc93s_L1IkRbe2IP_rS5VA?authuser=0&hl=en&g_ep=EgoyMDI2MDgyNS4wIJJjKgBIAVAD&rclk=1
restaurants in Toronto,Minami Toronto,"jshin@milestones-pr.com, minamitoronto@aburirestaurants.com, info@minamitoronto.com",http://minamitoronto.com/,+1 416-519-9182,"Tock, OpenTable",https://www.google.com/maps/place/Minami+Toronto/data=!4m7!3m6!1s0x882b35e2de65e7f3:0x54a1d5d157cf7353!8m2!3d43.6466821!4d-79.3881743!16s%2Fg%2F11lq5b7vkr!19sChIJ8-dl3uI1K4gRU3PPV9HVoVQ?authuser=0&hl=en&g_ep=EgoyMDI2MDgyNS4wIJJjKgBIAVAD&rclk=1
restaurants in Toronto,Kellys Landing,,https://www.thelandinggroup.ca/en/locations/on/toronto/123-front-st.-w,+1 647-776-1133,None,https://www.google.com/maps/place/Kellys+Landing/data=!4m7!3m6!1s0x882b34d37a07a5ad:0xfbebbcc04cb954dd!8m2!3d43.645019!4d-79.3827441!16s%2Fg%2F11c70c3y9w!19sChIJraUHetM0K4gR3VS5TMC86_s?authuser=0&hl=en&g_ep=EgoyMDI2MDgyNS4wIJJjKgBIAVAD&rclk=1
restaurants in Toronto,Alobar Downtown,"info@alobaryorkville.com, info@alobardowntown.com",http://www.alobardowntown.com/,+1 647-368-6981,OpenTable,https://www.google.com/maps/place/Alobar+Downtown/data=!4m7!3m6!1s0x882b352a5a3585ed:0x16a4ae638a1f6294!8m2!3d43.6496155!4d-79.3846555!16s%2Fg%2F11t_jhd458!19sChIJ7YU1Wio1K4gRlGIfimOupBY?authuser=0&hl=en&g_ep=EgoyMDI2MDgyNS4wIJJjKgBIAVAD&rclk=1
restaurants in Toronto,Cantina Mercatto,karen@mercatto.ca,https://mercatto.ca/menu/cantina-menu,+1 416-304-0781,"Tock, OpenTable",https://www.google.com/maps/place/Cantina+Mercatto/data=!4m7!3m6!1s0x89d4cbc045415deb:0x6aef267ebcb5073f!8m2!3d43.6480899!4d-79.3767582!16s%2Fg%2F11g1__88g5!19sChIJ611BRcDL1IkRPwe1vH4m72o?authuser=0&hl=en&g_ep=EgoyMDI2MDgyNS4wIJJjKgBIAVAD&rclk=1
restaurants in Toronto,Casa Madera,"wellness@1hfieldhouse.com, hello@nulovecommunity.com, sfo1hsf.concierge@1hotels.com, 1bb-guestexperience@1hotels.com, bna1hna.spa@1hotels.com, anatomy.hanalei@1hotels.com",https://www.1hotels.com/toronto/taste/casa-madera?utm_source=google-gbp&utm_medium=organic&utm_campaign=gbp,+1 416-601-3593,"Tock, Resy, OpenTable, SevenRooms",https://www.google.com/maps/place/Casa+Madera/data=!4m7!3m6!1s0x882b34dfc4f8b5a9:0x9869b8d65245d11f!8m2!3d43.6429827!4d-79.4014722!16s%2Fg%2F11qsy98y6p!19sChIJqbX4xN80K4gRH9FFUta4aZg?authuser=0&hl=en&g_ep=EgoyMDI2MDgyNS4wIJJjKgBIAVAD&rclk=1
restaurants in Toronto,Brasa Peruvian Kitchen,hola@brasaperuvian.com,http://www.brasaperuvian.com/,+1 844-492-7272,Tock,https://www.google.com/maps/place/Brasa+Peruvian+Kitchen/data=!4m7!3m6!1s0x882b35db4f17020d:0x25f0db2a8db92b87!8m2!3d43.6496248!4d-79.3915686!16s%2Fg%2F11s78f1w8n!19sChIJDQIXT9s1K4gRhyu5jSrb8CU?authuser=0&hl=en&g_ep=EgoyMDI2MDgyNS4wIJJjKgBIAVAD&rclk=1
restaurants in Toronto,Chefry's Global Kitchen & Catering,chefrysadmin@gmail.com,https://cheffrysbistro.com/,+1 647-873-1814,Toast,https://www.google.com/maps/place/Chefry%27s+Global+Kitchen+%26+Catering/data=!4m7!3m6!1s0x882b357e6e1ee5ed:0xcf2c41495698d728!8m2!3d43.6481628!4d-79.3949091!16s%2Fg%2F11qb6m5lt0!19sChIJ7eUebn41K4gRKNeYVklBLM8?authuser=0&hl=en&g_ep=EgoyMDI2MDgyNS4wIJJjKgBIAVAD&rclk=1
restaurants in Toronto,Abrielle,info@abrielle.ca,https://abrielle.ca/,+1 416-915-3760,"Tock, OpenTable",https://www.google.com/maps/place/Abrielle/data=!4m7!3m6!1s0x882b351c3e2660d7:0x88b1178925e172df!8m2!3d43.6459148!4d-79.392057!16s%2Fg%2F11ksnxgj26!19sChIJ12AmPhw1K4gR33LhJYkXsYg?authuser=0&hl=en&g_ep=EgoyMDI2MDgyNS4wIJJjKgBIAVAD&rclk=1
restaurants in Toronto,Petros82 Restaurant,,https://www.petros82.com/,+1 416-785-7400,None,https://www.google.com/maps/place/Petros82+Restaurant/data=!4m7!3m6!1s0x882b351a9d48a54f:0x28f01ba0e290dc4b!8m2!3d43.6474148!4d-79.3909415!16s%2Fg%2F11h_7kvsyf!19sChIJT6VInRo1K4gRS9yQ4qAb8Cg?authuser=0&hl=en&g_ep=EgoyMDI2MDgyNS4wIJJjKgBIAVAD&rclk=1
restaurants in Toronto,Gusto 101,events@gusto54.com,http://gusto101.com/,+1 416-504-9669,"Tock, OpenTable",https://www.google.com/maps/place/Gusto+101/data=!4m7!3m6!1s0x882b34de5fd09f9b:0xede9f116f39d376!8m2!3d43.6451811!4d-79.4001151!16s%2Fg%2F1hc2n8zdk!19sChIJm5_QX940K4gRdtM5bxGf3g4?authuser=0&hl=en&g_ep=EgoyMDI2MDgyNS4wIJJjKgBIAVAD&rclk=1
restaurants in Toronto,Lao Lao Bar,hi@laolaobar.com,https://www.laolaobar.com/,+1 647-948-8018,"Tock, OpenTable",https://www.google.com/maps/place/Lao+Lao+Bar/data=!4m7!3m6!1s0x882b34b3d6bad8cd:0xdd8799fc5a2d7b3e!8m2!3d43.6657586!4d-79.3856777!16s%2Fg%2F11tsqxlbb9!19sChIJzdi61rM0K4gRPnstWvyZh90?authuser=0&hl=en&g_ep=EgoyMDI2MDgyNS4wIJJjKgBIAVAD&rclk=1
restaurants in Toronto,26 Boulevard Bar & Lounge,,http://26boulevard.ca/,+1 942-990-2626,OpenTable,https://www.google.com/maps/place/26+Boulevard+Bar+%26+Lounge/data=!4m7!3m6!1s0x882b2bea69474e11:0x939fd6761a76b0e2!8m2!3d43.839761!4d-79.38396!16s%2Fg%2F11njrlyw6f!19sChIJEU5HaeorK4gR4rB2GnbWn5M?authuser=0&hl=en&g_ep=EgoyMDI2MDgyNS4wIJJjKgBIAVAD&rclk=1
restaurants in Toronto,Ugly Delicious Toronto,info@uglydeliciousto.com,https://uglydeliciousto.com/,+1 416-345-8459,None,https://www.google.com/maps/place/Ugly+Delicious+Toronto/data=!4m7!3m6!1s0x882b3587e11b3f37:0x1b8d4aeb5de65dfa!8m2!3d43.6544451!4d-79.4017501!16s%2Fg%2F11tjbbpjrh!19sChIJNz8b4Yc1K4gR-l3mXetKjRs?authuser=0&hl=en&g_ep=EgoyMDI2MDgyNS4wIJJjKgBIAVAD&rclk=1
restaurants in Toronto,Piano Piano Restaurant,"harbord@pianopianotherestaurant.com, colborne@pianopianotherestaurant.com, mountpleasant@pianopianotherestaurant.com, bloor@pianopianotherestaurant.com, info@pianopianotherestaurant.com, leslieville@pianopianotherestaurant.com, hamilton@pianopianotherestaurant.com, oakville@pianopianotherestaurant.com",http://www.pianopianotherestaurant.com/,+1 365-796-1580,"Tock, OpenTable",https://www.google.com/maps/place/Piano+Piano+Restaurant/data=!4m7!3m6!1s0x89d4cb96062b6839:0x59fafefb2582216!8m2!3d43.6489605!4d-79.3746921!16s%2Fg%2F11s5vjf2h9!19sChIJOWgrBpbL1IkRFiJYsu-vnwU?authuser=0&hl=en&g_ep=EgoyMDI2MDgyNS4wIJJjKgBIAVAD&rclk=1
restaurants in Toronto,SIMONA,simona@fabrestaurants.ca,https://fabrestaurants.ca/restaurant/simona/,+1 647-477-7292,OpenTable,https://www.google.com/maps/place/SIMONA/data=!4m7!3m6!1s0x89d4cb57222654b1:0x7faa49f262ab638e!8m2!3d43.64432!4d-79.3639199!16s%2Fg%2F11v0xyw5bt!19sChIJsVQmIlfL1IkRjmOrYvJJqn8?authuser=0&hl=en&g_ep=EgoyMDI2MDgyNS4wIJJjKgBIAVAD&rclk=1
restaurants in Toronto,The Carbon Bar,"reservations@thecarbonbar.ca, info@thecarbonbar.ca",https://thecarbonbar.ca/,+1 416-947-7000,OpenTable,https://www.google.com/maps/place/The+Carbon+Bar/data=!4m7!3m6!1s0x882b34cc527aa1bf:0xb2737c903b4dd42!8m2!3d43.6531901!4d-79.3747981!16s%2Fg%2F1ptvvbz7x!19sChIJv6F6Usw0K4gRQt20A8k3Jws?authuser=0&hl=en&g_ep=EgoyMDI2MDgyNS4wIJJjKgBIAVAD&rclk=1
restaurants in Toronto,Maison Selby,,http://www.maisonselby.com/,+1 647-943-1676,"Tock, OpenTable",https://www.google.com/maps/place/Maison+Selby/data=!4m7!3m6!1s0x89d4cb11724c072d:0x7fa02adfc5dabcf4!8m2!3d43.6712437!4d-79.3766671!16s%2Fg%2F11h2djb1w_!19sChIJLQdMchHL1IkR9Lzaxd8qoH8?authuser=0&hl=en&g_ep=EgoyMDI2MDgyNS4wIJJjKgBIAVAD&rclk=1
restaurants in Toronto,JOEY King St,"accessibility@joeyrestaurants.com, jkingst@joeyrestaurants.com",https://joeyrestaurants.com/location/joey-king-street,+1 647-678-5639,OpenTable,https://www.google.com/maps/place/JOEY+King+St/data=!4m7!3m6!1s0x89d4cb146edb72ef:0xa21d378b10c848a3!8m2!3d43.6491424!4d-79.378951!16s%2Fg%2F11wjttq0bf!19sChIJ73LbbhTL1IkRo0jIEIs3HaI?authuser=0&hl=en&g_ep=EgoyMDI2MDgyNS4wIJJjKgBIAVAD&rclk=1
restaurants in Toronto,Canoe,donations@oliverbonacini.com,http://www.canoerestaurant.com/,+1 416-364-0054,OpenTable,https://www.google.com/maps/place/Canoe/data=!4m7!3m6!1s0x882b34d2d0792a29:0x86a52a26df8b2ee8!8m2!3d43.6475793!4d-79.3809037!16s%2Fm%2F052lvgt!19sChIJKSp50NI0K4gR6C6L3yYqpYY?authuser=0&hl=en&g_ep=EgoyMDI2MDgyNS4wIJJjKgBIAVAD&rclk=1
restaurants in Toronto,Chop Steakhouse & Bar,"saskatoongm@chop.ca, vaughangm@finecasual.ca, reginagm@chop.ca, westedmontongm@chop.ca, edtgm@chop.ca, choprichmondgm@chop.ca, coalharbourevents@chopbc.ca, dixonevents@jmarhospitality.com, londongm@chopsteak.ca, ellersliegm@chop.ca, winnipeggm@chop.ca, meadowvalegm@finecasual.ca, chopburloakgm@chop.ca, southsurreyevents@chopbc.ca, sherwoodparkgm@chop.ca, dixonroadgm@jmarhospitality.com, halifaxgm@chop.ca, barlowgm@chop.ca, huntclubgm@chop.ca",https://chop.ca/locations/toronto-downtown,+1 416-752-0969,OpenTable,https://www.google.com/maps/place/Chop+Steakhouse+%26+Bar/data=!4m7!3m6!1s0x882b34d20ed1d8a5:0xc11f93afe4a40e18!8m2!3d43.6491114!4d-79.3853304!16s%2Fg%2F11wnfk92q7!19sChIJpdjRDtI0K4gRGA6k5K-TH8E?authuser=0&hl=en&g_ep=EgoyMDI2MDgyNS4wIJJjKgBIAVAD&rclk=1
restaurants in Toronto,Baro,"marketing@honeyhospitality.com, info@barotoronto.com, mackenzie@honeyhospitality.com",http://barotoronto.com/,+1 416-363-8388,OpenTable,https://www.google.com/maps/place/Baro/data=!4m7!3m6!1s0x882b34d94bf7cbb3:0x63a32966ccfd8337!8m2!3d43.6449356!4d-79.3969934!16s%2Fg%2F11c2mkt_wy!19sChIJs8v3S9k0K4gRN4P9zGYpo2M?authuser=0&hl=en&g_ep=EgoyMDI2MDgyNS4wIJJjKgBIAVAD&rclk=1
restaurants in Toronto,Chef Harwash,,,+1 647-809-1334,None,https://www.google.com/maps/place/Chef+Harwash/data=!4m7!3m6!1s0x882b350f8822a65d:0x4566e4293b36178!8m2!3d43.6518217!4d-79.4045279!16s%2Fg%2F11j0bdflw4!19sChIJXaYiiA81K4gReGGzk0JuVgQ?authuser=0&hl=en&g_ep=EgoyMDI2MDgyNS4wIJJjKgBIAVAD&rclk=1
restaurants in Toronto,Daphne,"pr@inkentertainment.com, info@daphnetoronto.com",https://daphnetoronto.com/,+1 416-203-1414,OpenTable,https://www.google.com/maps/place/Daphne/data=!4m7!3m6!1s0x882b34cd182ed85b:0x429cd4edd6b46042!8m2!3d43.6509356!4d-79.3818958!16s%2Fg%2F11txtq4nx7!19sChIJW9guGM00K4gRQmC01u3UnEI?authuser=0&hl=en&g_ep=EgoyMDI2MDgyNS4wIJJjKgBIAVAD&rclk=1
restaurants in Toronto,Queens Harbour,"ameerah@diningsociety.com, info@queensharbour.ca",https://queensharbour.ca/,+1 416-572-4300,"Popmenu, OpenTable",https://www.google.com/maps/place/Queens+Harbour/data=!4m7!3m6!1s0x882b3500751dea65:0x97069df2bbf6bba5!8m2!3d43.638598!4d-79.3850531!16s%2Fg%2F11wtq7lh4f!19sChIJZeoddQA1K4gRpbv2u_KdBpc?authuser=0&hl=en&g_ep=EgoyMDI2MDgyNS4wIJJjKgBIAVAD&rclk=1
restaurants in Toronto,Loose Moose / Antler Room,,https://theloosemoose.ca/,+1 416-977-8840,None,https://www.google.com/maps/place/Loose+Moose+%2F+Antler+Room/data=!4m7!3m6!1s0x882b34d3851d8359:0x776f5ff6462ac46c!8m2!3d43.6452275!4d-79.383956!16s%2Fg%2F1tjtjxjy!19sChIJWYMdhdM0K4gRbMQqRvZfb3c?authuser=0&hl=en&g_ep=EgoyMDI2MDgyNS4wIJJjKgBIAVAD&rclk=1
restaurants in Toronto,Byblos Downtown,"pr@inkentertainment.com, info@byblosdowntown.com",https://byblosdowntown.com/,+1 647-660-0909,"Tock, OpenTable",https://www.google.com/maps/place/Byblos+Downtown/data=!4m7!3m6!1s0x882b34d1a971ae9d:0x825d990e87396563!8m2!3d43.6474863!4d-79.3881964!16s%2Fg%2F1pzv81kg_!19sChIJna5xqdE0K4gRY2U5hw6ZXYI?authuser=0&hl=en&g_ep=EgoyMDI2MDgyNS4wIJJjKgBIAVAD&rclk=1
restaurants in Toronto,Alo,info@alorestaurant.com,https://alorestaurant.com/,+1 416-260-2222,OpenTable,https://www.google.com/maps/place/Alo/data=!4m7!3m6!1s0x882b34db73a328af:0xd05dd320ed94d61b!8m2!3d43.6484905!4d-79.3959415!16s%2Fg%2F11bvv5c3wy!19sChIJryijc9s0K4gRG9aU7SDTXdA?authuser=0&hl=en&g_ep=EgoyMDI2MDgyNS4wIJJjKgBIAVAD&rclk=1
restaurants in Toronto,Cafe Landwer,,http://www.landwer.ca/,+1 647-748-1165,None,https://www.google.com/maps/place/Cafe+Landwer/data=!4m7!3m6!1s0x882b35ba3731d9f5:0x2886916a889621d2!8m2!3d43.648744!4d-79.385165!16s%2Fg%2F11g1pmw1s1!19sChIJ9dkxN7o1K4gR0iGWiGqRhig?authuser=0&hl=en&g_ep=EgoyMDI2MDgyNS4wIJJjKgBIAVAD&rclk=1
restaurants in Toronto,The Old Spaghetti Factory,toronto@osf.ca,https://oldspaghettifactory.ca/locations/toronto/,+1 416-864-9761,None,https://www.google.com/maps/place/The+Old+Spaghetti+Factory/data=!4m7!3m6!1s0x89d4cb2e7151f50f:0x9d5efffd9c675954!8m2!3d43.6469889!4d-79.3743444!16s%2Fg%2F1tdchbtr!19sChIJD_VRcS7L1IkRVFlnnP3_Xp0?authuser=0&hl=en&g_ep=EgoyMDI2MDgyNS4wIJJjKgBIAVAD&rclk=1
restaurants in Toronto,KŌST,,https://rebrand.ly/kost-toronto,+1 437-800-5938,Tock,https://www.google.com/maps/place/K%C5%8CST/data=!4m7!3m6!1s0x882b34d9f81659cd:0x457a3af00e478777!8m2!3d43.6452114!4d-79.3923811!16s%2Fg%2F11f0wm5899!19sChIJzVkW-Nk0K4gRd4dHDvA6ekU?authuser=0&hl=en&g_ep=EgoyMDI2MDgyNS4wIJJjKgBIAVAD&rclk=1
restaurants in Toronto,The Rabbit Hole,,http://therabbitholepub.ca/,+1 647-480-6963,"Tock, OpenTable",https://www.google.com/maps/place/The+Rabbit+Hole/data=!4m7!3m6!1s0x89d4cb32b71f58c9:0xd7a66dddfb6b1a51!8m2!3d43.6498946!4d-79.3798738!16s%2Fg%2F11n5k7ck76!19sChIJyVgftzLL1IkRURpr-91tptc?authuser=0&hl=en&g_ep=EgoyMDI2MDgyNS4wIJJjKgBIAVAD&rclk=1
restaurants in Toronto,Donatello Restaurant,,http://www.donatellorestaurant.ca/,+1 416-595-5001,None,https://www.google.com/maps/place/Donatello+Restaurant/data=!4m7!3m6!1s0x882b34ca5e8597ed:0x360ef4e871716ca8!8m2!3d43.6573753!4d-79.383461!16s%2Fg%2F1tghq6jr!19sChIJ7ZeFXso0K4gRqGxxcej0DjY?authuser=0&hl=en&g_ep=EgoyMDI2MDgyNS4wIJJjKgBIAVAD&rclk=1
restaurants in Toronto,The Joneses,,https://thejonesesrestaurant.com/,+1 647-258-5209,OpenTable,https://www.google.com/maps/place/The+Joneses/data=!4m7!3m6!1s0x89d4cb0ff43a466b:0xcc53ebe6d4499916!8m2!3d43.6476052!4d-79.3766496!16s%2Fg%2F11vkrw1w5k!19sChIJa0Y69A_L1IkRFplJ1ObrU8w?authuser=0&hl=en&g_ep=EgoyMDI2MDgyNS4wIJJjKgBIAVAD&rclk=1
restaurants in Toronto,Taverna Mercatto,karen@mercatto.ca,https://mercatto.ca/menu/taverna-menu,+1 416-368-9000,"Tock, OpenTable",https://www.google.com/maps/place/Taverna+Mercatto/data=!4m7!3m6!1s0x882b34d44dac4725:0x13d077b3acfbe14f!8m2!3d43.6428484!4d-79.3829033!16s%2Fg%2F11b6yqrn2p!19sChIJJUesTdQ0K4gRT-H7rLN30BM?authuser=0&hl=en&g_ep=EgoyMDI2MDgyNS4wIJJjKgBIAVAD&rclk=1
hotels in Toronto,Crowne Plaza Toronto Airport by IHG,,https://www.ihg.com/crowneplaza/hotels/us/en/toronto/yyzca/hoteldetail?cm_mmc=GoogleMaps-_-CP-_-CA-_-YYZCA,+1 416-675-1234,None,https://www.google.com/maps/place/Crowne+Plaza+Toronto+Airport+by+IHG/data=!4m10!3m9!1s0x882b398ce930d997:0xd9fa780ab3c24477!5m2!4m1!1i2!8m2!3d43.6903338!4d-79.5836057!16s%2Fg%2F12hlfs1p5!19sChIJl9kw6Yw5K4gRd0TCswp4-tk?authuser=0&hl=en&g_ep=EgoyMDI2MDgyNS4wIJJjKgBIAVAD&rclk=1
hotels in Toronto,Hyatt Regency Toronto,,https://www.hyatt.com/hyatt-regency/en-US/torrt-hyatt-regency-toronto?src=corp_lclb_google_seo_torrt&utm_source=google&utm_medium=organic&utm_campaign=lmr,+1 416-343-1234,None,https://www.google.com/maps/place/Hyatt+Regency+Toronto/data=!4m10!3m9!1s0x882b34da0ea12bbb:0x7b9bf41770995c2e!5m2!4m1!1i2!8m2!3d43.6464655!4d-79.3917717!16s%2Fm%2F0j_hmlh!19sChIJuyuhDto0K4gRLlyZcBf0m3s?authuser=0&hl=en&g_ep=EgoyMDI2MDgyNS4wIJJjKgBIAVAD&rclk=1
hotels in Toronto,Best Western Premier Toronto Airport Carlingview Hotel,,https://www.bestwestern.com/en_US/book/hotel-rooms.66121.html?iata=00171880&ssob=BLBWI0004G&cid=BLBWI0004G:google:gmb:66121,+1 416-637-7000,None,https://www.google.com/maps/place/Best+Western+Premier+Toronto+Airport+Carlingview+Hotel/data=!4m10!3m9!1s0x882b3997cb4ec2e3:0x7efa6dcf925ddfed!5m2!4m1!1i2!8m2!3d43.678962!4d-79.591198!16s%2Fg%2F11bzz0f7z8!19sChIJ48JOy5c5K4gR7d9dks9t-n4?authuser=0&hl=en&g_ep=EgoyMDI2MDgyNS4wIJJjKgBIAVAD&rclk=1
hotels in Toronto,Green Acres Motel,reservations@torontolakeshorehotel.com,http://www.greenacresmotel.ca/,+1 905-278-6910,None,https://www.google.com/maps/place/Green+Acres+Motel/data=!4m10!3m9!1s0x882b487c6ecc23a5:0xb126b7a8c9eb39bd!5m2!4m1!1i2!8m2!3d43.5836197!4d-79.5531984!16s%2Fg%2F1td6h39h!19sChIJpSPMbnxIK4gRvTnryai3JrE?authuser=0&hl=en&g_ep=EgoyMDI2MDgyNS4wIJJjKgBIAVAD&rclk=1
hotels in Toronto,Nester Finn West Queen West,,https://nesterfinn.com/west-queen-west,+1 437-525-3277,None,https://www.google.com/maps/place/Nester+Finn+West+Queen+West/data=!4m10!3m9!1s0x882b3454ba26aa83:0x59daf04666e7acaf!5m2!4m1!1i2!8m2!3d43.64482!4d-79.429972!16s%2Fg%2F11z13_3hmb!19sChIJg6omulQ0K4gRr6znZkbw2lk?authuser=0&hl=en&g_ep=EgoyMDI2MDgyNS4wIJJjKgBIAVAD&rclk=1
hotels in Toronto,586 Hotel Toronto,,https://586hoteltoronto.com/,+1 437-562-7324,Resy,https://www.google.com/maps/place/586+Hotel+Toronto/data=!4m10!3m9!1s0x882b35ed91b39ecb:0x20b6e1ce54ef8a72!5m2!4m1!1i2!8m2!3d43.6525874!4d-79.4006538!16s%2Fg%2F11ln8pxgv3!19sChIJy56zke01K4gRcorvVM7htiA?authuser=0&hl=en&g_ep=EgoyMDI2MDgyNS4wIJJjKgBIAVAD&rclk=1
hotels in Toronto,Monte Carlo Inn - Vaughan Suites,vaughansales@montecarloinns.com,https://www.montecarloinns.com/vaughan-suites,+1 905-761-7170,Tock,https://www.google.com/maps/place/Monte+Carlo+Inn+-+Vaughan+Suites/data=!4m10!3m9!1s0x882b2fa2b63c538b:0xf306ce8142ac26c3!5m2!4m1!1i2!8m2!3d43.7969419!4d-79.5361919!16s%2Fg%2F1tmk93k_!19sChIJi1M8tqIvK4gRwyasQoHOBvM?authuser=0&hl=en&g_ep=EgoyMDI2MDgyNS4wIJJjKgBIAVAD&rclk=1
hotels in Toronto,Radisson Blu Toronto Downtown,,https://www.choicehotels.com/ontario/toronto/radisson-blu-hotels/cnc41?mc=llgoxxpx,+1 437-886-9667,None,https://www.google.com/maps/place/Radisson+Blu+Toronto+Downtown/data=!4m10!3m9!1s0x882b352a2007e65f:0x42ec8b943f3724d5!5m2!4m1!1i2!8m2!3d43.6387118!4d-79.3855296!16s%2Fg%2F1v_w2_4y!19sChIJX-YHICo1K4gR1SQ3P5SL7EI?authuser=0&hl=en&g_ep=EgoyMDI2MDgyNS4wIJJjKgBIAVAD&rclk=1
hotels in Toronto,Courtyard by Marriott Toronto Northeast/Markham,,https://www.marriott.com/en-us/hotels/yyzmt-courtyard-toronto-northeast-markham/overview/?scid=f2ae0541-1279-4f24-b197-a979c79310b0,+1 905-474-0444,None,https://www.google.com/maps/place/Courtyard+by+Marriott+Toronto+Northeast%2FMarkham/data=!4m10!3m9!1s0x89d4d3657cc12d57:0x4179ec37df66988d!5m2!4m1!1i2!8m2!3d43.8166588!4d-79.3485562!16s%2Fg%2F1q69p2w_p!19sChIJVy3BfGXT1IkRjZhm3zfseUE?authuser=0&hl=en&g_ep=EgoyMDI2MDgyNS4wIJJjKgBIAVAD&rclk=1
hotels in Toronto,One King West Hotel & Residence,"marketing@onekingwest.com, weddings@onekingwest.com, sales@onekingwest.com, reservations@onekingwest.com",https://www.onekingwest.com/,+1 416-548-8100,None,https://www.google.com/maps/place/One+King+West+Hotel+%26+Residence/data=!4m10!3m9!1s0x89d4cb328303be1b:0xd66d538daebfbfbb!5m2!4m1!1i2!8m2!3d43.6488726!4d-79.3780722!16zL20vMDhjNGJ2!19sChIJG74DgzLL1IkRu7-_ro1TbdY?authuser=0&hl=en&g_ep=EgoyMDI2MDgyNS4wIJJjKgBIAVAD&rclk=1
hotels in Toronto,Home2 Suites by Hilton Vaughan Toronto ON,,https://www.hilton.com/en/hotels/yyzvvht-home2-suites-vaughan-toronto-on/?SEO_id=GMB-AMER-HT-YYZVVHT,+1 905-605-9608,None,https://www.google.com/maps/place/Home2+Suites+by+Hilton+Vaughan+Toronto+ON/data=!4m10!3m9!1s0x882b3b35063316c5:0x29f4a5447006349a!5m2!4m1!1i2!8m2!3d43.7738379!4d-79.6256846!16s%2Fg%2F11mct0k_wp!19sChIJxRYzBjU7K4gRmjQGcESl9Ck?authuser=0&hl=en&g_ep=EgoyMDI2MDgyNS4wIJJjKgBIAVAD&rclk=1
hotels in Toronto,Spark by Hilton Toronto Markham,,https://www.hilton.com/en/hotels/yyztcpe-spark-toronto-markham/?SEO_id=GMB-AMER-PE-YYZTCPE,+1 905-477-6077,None,https://www.google.com/maps/place/Spark+by+Hilton+Toronto+Markham/data=!4m10!3m9!1s0x89d4d4c006d00079:0x4c08dc0c70676c44!5m2!4m1!1i2!8m2!3d43.846011!4d-79.358216!16s%2Fg%2F11w4th7hyw!19sChIJeQDQBsDU1IkRRGxncAzcCEw?authuser=0&hl=en&g_ep=EgoyMDI2MDgyNS4wIJJjKgBIAVAD&rclk=1
hotels in Toronto,avid hotel Toronto - Vaughan Southwest by IHG,,https://www.ihg.com/redirect?path=hd&localeCode=en&brandCode=VA&regionCode=CA&hotelCode=YYZAV&cm_mmc=GoogleMaps-_-VA-_-CA-_-YYZAV,+1 416-847-3600,None,https://www.google.com/maps/place/avid+hotel+Toronto+-+Vaughan+Southwest+by+IHG/data=!4m10!3m9!1s0x882b3b59cd742591:0x1fa1b4da6ae23ccf!5m2!4m1!1i2!8m2!3d43.767838!4d-79.647242!16s%2Fg%2F11q9569ssw!19sChIJkSV0zVk7K4gRzzziatq0oR8?authuser=0&hl=en&g_ep=EgoyMDI2MDgyNS4wIJJjKgBIAVAD&rclk=1
hotels in Toronto,Renovated Rooms 10-min to Finch Subway Near Yonge St,,https://www.stayatfinch.ca/,+1 437-660-4574,None,https://www.google.com/maps/place/Renovated+Rooms+10-min+to+Finch+Subway+Near+Yonge+St/data=!4m10!3m9!1s0x882b2d1a17c15567:0xc8061de109a2058a!5m2!4m1!1i2!8m2!3d43.785524!4d-79.409306!16s%2Fg%2F11t_lqy729!19sChIJZ1XBFxotK4gRigWiCeEdBsg?authuser=0&hl=en&g_ep=EgoyMDI2MDgyNS4wIJJjKgBIAVAD&rclk=1
hotels in Toronto,Best Western Parkway Hotel Toronto North,,https://www.bestwestern.com/en_US/book/hotel-rooms.66054.html?iata=00171880&ssob=BLBWI0004G&cid=BLBWI0004G:google:gmb:66054,+1 905-881-2600,None,https://www.google.com/maps/place/Best+Western+Parkway+Hotel+Toronto+North/data=!4m10!3m9!1s0x882b2b4b21334f3b:0x25ce06bae7d631f!5m2!4m1!1i2!8m2!3d43.8459454!4d-79.3817206!16s%2Fg%2F1hhjsl8mt!19sChIJO08zIUsrK4gRH2N9rmvgXAI?authuser=0&hl=en&g_ep=EgoyMDI2MDgyNS4wIJJjKgBIAVAD&rclk=1
hotels in Toronto,Hampton Inn & Suites by Hilton Toronto Airport,,https://www.hilton.com/en/hotels/yyzhshx-hampton-suites-toronto-airport/?SEO_id=GMB-AMER-HX-YYZHSHX,+1 905-671-4730,None,https://www.google.com/maps/place/Hampton+Inn+%26+Suites+by+Hilton+Toronto+Airport/data=!4m10!3m9!1s0x882b39779c1bbef5:0xf617c2bd3984dbab!5m2!4m1!1i2!8m2!3d43.6890397!4d-79.6076454!16s%2Fg%2F1vjdqpyb!19sChIJ9b4bnHc5K4gRq9uEOb3CF_Y?authuser=0&hl=en&g_ep=EgoyMDI2MDgyNS4wIJJjKgBIAVAD&rclk=1
hotels in Toronto,Hampton Inn & Suites by Hilton Toronto Markham,,https://www.hilton.com/en/hotels/yyzmkhx-hampton-suites-toronto-markham/?SEO_id=GMB-AMER-HX-YYZMKHX,+1 905-752-5600,None,https://www.google.com/maps/place/Hampton+Inn+%26+Suites+by+Hilton+Toronto+Markham/data=!4m10!3m9!1s0x89d4d495a853eb11:0x34dd5dfeeea85a87!5m2!4m1!1i2!8m2!3d43.843105!4d-79.3554711!16s%2Fg%2F11b73ln_hf!19sChIJEetTqJXU1IkRh1qo7v5d3TQ?authuser=0&hl=en&g_ep=EgoyMDI2MDgyNS4wIJJjKgBIAVAD&rclk=1
hotels in Toronto,Super 8 by Wyndham Toronto East ON,accessibility@wyndham.com,https://www.wyndhamhotels.com/super-8/toronto-ontario/super-8-toronto-east-on/overview?CID=LC:yytq4fvvehxh7se:8737&iata=00093796,+1 416-261-6125,None,https://www.google.com/maps/place/Super+8+by+Wyndham+Toronto+East+ON/data=!4m10!3m9!1s0x882b330d2e0c068d:0xb81890775e19b4e!5m2!4m1!1i2!8m2!3d43.7332305!4d-79.223924!16s%2Fg%2F1tglhyq1!19sChIJjQYMLg0zK4gRTpvhdQeJgQs?authuser=0&hl=en&g_ep=EgoyMDI2MDgyNS4wIJJjKgBIAVAD&rclk=1
hotels in Toronto,Montecassino Hotel and Event Centre,,http://montecassino.ca/,+1 416-630-8100,None,https://www.google.com/maps/place/Montecassino+Hotel+and+Event+Centre/data=!4m10!3m9!1s0x882b31f914709215:0xa9775f99a52eb95a!5m2!4m1!1i2!8m2!3d43.7559221!4d-79.4748031!16s%2Fg%2F1tfv5rrf!19sChIJFZJwFPkxK4gRWrkupZlfd6k?authuser=0&hl=en&g_ep=EgoyMDI2MDgyNS4wIJJjKgBIAVAD&rclk=1
hotels in Toronto,Holiday Inn Toronto International Airport by IHG,,https://www.ihg.com/redirect?path=hd&localeCode=en&brandCode=HI&regionCode=CA&hotelCode=YYZIA&cm_mmc=GoogleMaps-_-HI-_-CA-_-YYZIA,+1 416-675-7611,None,https://www.google.com/maps/place/Holiday+Inn+Toronto+International+Airport+by+IHG/data=!4m10!3m9!1s0x882b399b62f5d993:0x4eb7c48a38075f63!5m2!4m1!1i2!8m2!3d43.6874888!4d-79.6001824!16s%2Fg%2F1th7njlw!19sChIJk9n1Yps5K4gRY18HOIrEt04?authuser=0&hl=en&g_ep=EgoyMDI2MDgyNS4wIJJjKgBIAVAD&rclk=1
hotels in Toronto,Park Inn by Radisson Toronto-Markham,,https://www.choicehotels.com/ontario/markham/park-inn-hotels/cnc39?mc=llgoxxpx,+1 289-806-1944,None,https://www.google.com/maps/place/Park+Inn+by+Radisson+Toronto-Markham/data=!4m10!3m9!1s0x89d4d4b901eed9c5:0xca904ebde1f7e135!5m2!4m1!1i2!8m2!3d43.8437347!4d-79.3670863!16s%2Fg%2F1pp2t_9bs!19sChIJxdnuAbnU1IkRNeH34b1OkMo?authuser=0&hl=en&g_ep=EgoyMDI2MDgyNS4wIJJjKgBIAVAD&rclk=1
hotels in Toronto,Toronto Don Valley Hotel & Suites,"eservations@tdvhotel.com, reservations@tdvhotel.com",http://www.torontodonvalleyhotel.com/,+1 416-449-4111,Squarespace Booking,https://www.google.com/maps/place/Toronto+Don+Valley+Hotel+%26+Suites/data=!4m10!3m9!1s0x89d4cda385b711b1:0xf525b265582069d!5m2!4m1!1i2!8m2!3d43.7246432!4d-79.32742!16s%2Fg%2F1pzsh033w!19sChIJsRG3haPN1IkRnQaCVSZbUg8?authuser=0&hl=en&g_ep=EgoyMDI2MDgyNS4wIJJjKgBIAVAD&rclk=1
hotels in Toronto,Pod-Inn Hotel,info@pod-inn.com,https://www.pod-inn.com/,+1 416-585-2275,Tock,https://www.google.com/maps/place/Pod-Inn+Hotel/data=!4m10!3m9!1s0x882b34cee0fd6aed:0xac9bac2feb084566!5m2!4m1!1i2!8m2!3d43.6532638!4d-79.3883325!16s%2Fg%2F11xcm2srgm!19sChIJ7Wr94M40K4gRZkUI6y-sm6w?authuser=0&hl=en&g_ep=EgoyMDI2MDgyNS4wIJJjKgBIAVAD&rclk=1
hotels in Toronto,Fairmont Royal York,"ryhbellcaptains@fairmont.com, ryh.royalservice@fairmont.com",https://www.fairmont.com/royal-york-toronto/?goto=fiche_hotel&code_hotel=A551&merchantid=seo-maps-CA-A551&sourceid=aw-cen&utm_medium=seo%20maps&utm_source=google%20Maps&utm_campaign=seo%20maps,+1 416-368-2511,None,https://www.google.com/maps/place/Fairmont+Royal+York/data=!4m10!3m9!1s0x882b34d3152a8e61:0x154fe230e73270f!5m2!4m1!1i2!8m2!3d43.6460303!4d-79.381388!16zL20vMDRsbl9k!19sChIJYY4qFdM0K4gRDydzDiP-VAE?authuser=0&hl=en&g_ep=EgoyMDI2MDgyNS4wIJJjKgBIAVAD&rclk=1
hotels in Toronto,avid hotel Toronto - Vaughan Southwest by IHG,,https://www.ihg.com/redirect?path=hd&localeCode=en&brandCode=VA&regionCode=CA&hotelCode=YYZAV&cm_mmc=GoogleMaps-_-VA-_-CA-_-YYZAV,+1 416-847-3600,None,https://www.google.com/maps/place/avid+hotel+Toronto+-+Vaughan+Southwest+by+IHG/data=!4m10!3m9!1s0x882b3b773f7431f7:0x1fa1b4da6ae23ccf!5m2!4m1!1i2!8m2!3d43.7678376!4d-79.6472415!16s%2Fg%2F11q9569ssw!19sChIJ9zF0P3c7K4gRzzziatq0oR8?authuser=0&hl=en&g_ep=EgoyMDI2MDgyNS4wIJJjKgBIAVAD&rclk=1
hotels in Toronto,The Clarence Park,info@theclarencepark.com,http://www.theclarencepark.com/,+1 416-591-7387,Tock,https://www.google.com/maps/place/The+Clarence+Park/data=!4m10!3m9!1s0x882b34d9999b90f9:0xbcd081b303029b5b!5m2!4m1!1i2!8m2!3d43.6447372!4d-79.3939254!16s%2Fg%2F124sp_9lr!19sChIJ-ZCbmdk0K4gRW5sCA7OB0Lw?authuser=0&hl=en&g_ep=EgoyMDI2MDgyNS4wIJJjKgBIAVAD&rclk=1
hotels in Toronto,Liberty Suites Hotel,sales@libertysuites.ca,http://www.libertysuites.ca/,+1 905-604-9400,None,https://www.google.com/maps/place/Liberty+Suites+Hotel/data=!4m10!3m9!1s0x882b2cf9e85eaa69:0x2a9fa7bb335af89b!5m2!4m1!1i2!8m2!3d43.8034534!4d-79.4208138!16s%2Fg%2F11b7hll5jm!19sChIJaape6PksK4gRm_haM7unnyo?authuser=0&hl=en&g_ep=EgoyMDI2MDgyNS4wIJJjKgBIAVAD&rclk=1
hotels in Toronto,Pembroke Inn,sales@pembrokeinn.com,http://www.pembrokeinn.com/,+1 416-925-8456,None,https://www.google.com/maps/place/Pembroke+Inn/data=!4m10!3m9!1s0x89d4cb49729348ed:0x71766b05bcdd8941!5m2!4m1!1i2!8m2!3d43.660348!4d-79.372983!16s%2Fg%2F1td_64xq!19sChIJ7UiTcknL1IkRQYndvAVrdnE?authuser=0&hl=en&g_ep=EgoyMDI2MDgyNS4wIJJjKgBIAVAD&rclk=1
hotels in Toronto,Deluxe Inn,reservations.deluxeinn@gmail.com,http://www.deluxeinntoronto.com/,+1 416-252-5205,None,https://www.google.com/maps/place/Deluxe+Inn/data=!4m10!3m9!1s0x882b37e060bc99b7:0x408578d019ccb4b6!5m2!4m1!1i2!8m2!3d43.6186527!4d-79.5393643!16s%2Fg%2F1tdn4r0j!19sChIJt5m8YOA3K4gRtrTMGdB4hUA?authuser=0&hl=en&g_ep=EgoyMDI2MDgyNS4wIJJjKgBIAVAD&rclk=1
hotels in Toronto,Dragon Gate Inn - Toronto,,https://expe.onelink.me/hnLd/aub63sht,+1 416-955-0188,None,https://www.google.com/maps/place/Dragon+Gate+Inn+-+Toronto/data=!4m10!3m9!1s0x882b34e8a6f81051:0x54ddbdd29d19d280!5m2!4m1!1i2!8m2!3d43.6517142!4d-79.4075892!16s%2Fg%2F11hzwhdybd!19sChIJURD4pug0K4gRgNIZndK93VQ?authuser=0&hl=en&g_ep=EgoyMDI2MDgyNS4wIJJjKgBIAVAD&rclk=1
hotels in Toronto,Novotel Toronto Centre,novotel.torontocentre@accor.com,https://all.accor.com/lien_externe.svlt?goto=fiche_hotel&code_hotel=0931&merchantid=seo-maps-CA-0931&sourceid=aw-cen&utm_medium=seo%20maps&utm_source=google%20Maps&utm_campaign=seo%20maps,+1 416-367-8900,None,https://www.google.com/maps/place/Novotel+Toronto+Centre/data=!4m10!3m9!1s0x882b2d71d1265ae1:0xa04ee9d2ab5a4fb9!5m2!4m1!1i2!8m2!3d43.646567!4d-79.3742742!16s%2Fg%2F11_qwc24h!19sChIJ4Vom0XEtK4gRuU9aq9LpTqA?authuser=0&hl=en&g_ep=EgoyMDI2MDgyNS4wIJJjKgBIAVAD&rclk=1
hotels in Toronto,Crowne Plaza Toronto - North York by IHG,,https://www.ihg.com/crowneplaza/hotels/us/en/toronto/ytoym/hoteldetail?cm_mmc=GoogleMaps-_-CP-_-CA-_-YTOYM,+1 416-444-2511,None,https://www.google.com/maps/place/Crowne+Plaza+Toronto+-+North+York+by+IHG/data=!4m10!3m9!1s0x882b3297c63a0025:0x9a7edeaa0e0938c1!5m2!4m1!1i2!8m2!3d43.7567594!4d-79.3504232!16s%2Fg%2F1thmg0dn!19sChIJJQA6xpcyK4gRwTgJDqrefpo?authuser=0&hl=en&g_ep=EgoyMDI2MDgyNS4wIJJjKgBIAVAD&rclk=1
hotels in Toronto,The Rex Hotel Jazz and Blues Bar,"info@therex.ca, booking@therex.ca, hotel@therex.ca",http://www.therex.ca/,+1 416-598-2475,"Tock, OpenTable",https://www.google.com/maps/place/The+Rex+Hotel+Jazz+and+Blues+Bar/data=!4m10!3m9!1s0x882b34ce31391853:0x77131de829a5e7a9!5m2!4m1!1i2!8m2!3d43.6505964!4d-79.3885233!16s%2Fm%2F0k22g2l!19sChIJUxg5Mc40K4gRqeelKegdE3c?authuser=0&hl=en&g_ep=EgoyMDI2MDgyNS4wIJJjKgBIAVAD&rclk=1
hotels in Toronto,Life Suites Loft - CN Tower / MTCC / Scotibank Arena,booking@thelifesuites.com,http://book.thelifesuites.com/,+1 888-775-7743,Tock,https://www.google.com/maps/place/Life+Suites+Loft+-+CN+Tower+%2F+MTCC+%2F+Scotibank+Arena/data=!4m10!3m9!1s0x882b3599f23d8d15:0xffc894ed47efdbbd!5m2!4m1!1i2!8m2!3d43.6441277!4d-79.3894058!16s%2Fg%2F11fjtym1dj!19sChIJFY098pk1K4gRvdvvR-2UyP8?authuser=0&hl=en&g_ep=EgoyMDI2MDgyNS4wIJJjKgBIAVAD&rclk=1
hotels in Toronto,Holiday Inn Toronto Downtown Centre by IHG,,https://www.ihg.com/holidayinn/hotels/us/en/toronto/yyzct/hoteldetail?cm_mmc=GoogleMaps-_-HI-_-CA-_-YYZCT,+1 416-977-6655,None,https://www.google.com/maps/place/Holiday+Inn+Toronto+Downtown+Centre+by+IHG/data=!4m10!3m9!1s0x882b34b4c58e2181:0xf19fd95bec57b798!5m2!4m1!1i2!8m2!3d43.6617792!4d-79.3810472!16s%2Fg%2F1ttphj9s!19sChIJgSGOxbQ0K4gRmLdX7FvZn_E?authuser=0&hl=en&g_ep=EgoyMDI2MDgyNS4wIJJjKgBIAVAD&rclk=1
hotels in Toronto,Super 5 Inn,reservations.super5@gmail.com,https://www.super5inntoronto.com/,+1 905-624-6424,Resy,https://www.google.com/maps/place/Super+5+Inn/data=!4m10!3m9!1s0x882b3804614773b1:0xe517a12118359414!5m2!4m1!1i2!8m2!3d43.626207!4d-79.567012!16s%2Fg%2F1thvyxpp!19sChIJsXNHYQQ4K4gRFJQ1GCGhF-U?authuser=0&hl=en&g_ep=EgoyMDI2MDgyNS4wIJJjKgBIAVAD&rclk=1
hotels in Toronto,Best Western Plus Toronto North York Hotel & Suites,,https://www.bestwestern.com/en_US/book/hotel-rooms.66113.html?iata=00171880&ssob=BLBWI0004G&cid=BLBWI0004G:google:gmb:66113,+1 416-663-9500,None,https://www.google.com/maps/place/Best+Western+Plus+Toronto+North+York+Hotel+%26+Suites/data=!4m10!3m9!1s0x882b303ab5fd7507:0x5c9909dc28548d27!5m2!4m1!1i2!8m2!3d43.7568871!4d-79.5287795!16s%2Fg%2F12vrgkmds!19sChIJB3X9tTowK4gRJ41UKNwJmVw?authuser=0&hl=en&g_ep=EgoyMDI2MDgyNS4wIJJjKgBIAVAD&rclk=1
hotels in Toronto,Holiday Inn Toronto Airport East,,https://www.ihg.com/holidayinn/hotels/us/en/toronto/yyzae/hoteldetail?cm_mmc=GoogleMaps-_-HI-_-CA-_-YYZAE,+1 416-240-7511,None,https://www.google.com/maps/place/Holiday+Inn+Toronto+Airport+East/data=!4m10!3m9!1s0x882b399b62f5d993:0x7d5a1cdd7fdf18ac!5m2!4m1!1i2!8m2!3d43.6924805!4d-79.5729077!16s%2Fg%2F1tdr8txz!19sChIJk9n1Yps5K4gRrBjff90cWn0?authuser=0&hl=en&g_ep=EgoyMDI2MDgyNS4wIJJjKgBIAVAD&rclk=1
hotels in Toronto,Willowdale Hotel,info@willowdalehotel.com,http://www.willowdalehotel.com/,+1 416-566-9250,"Tock, OpenTable",https://www.google.com/maps/place/Willowdale+Hotel/data=!4m10!3m9!1s0x882b2d04f9a1eda1:0x31781df7bd6e6988!5m2!4m1!1i2!8m2!3d43.766998!4d-79.4013053!16s%2Fg%2F11hdzb7f8v!19sChIJoe2h-QQtK4gRiGluvfcdeDE?authuser=0&hl=en&g_ep=EgoyMDI2MDgyNS4wIJJjKgBIAVAD&rclk=1
hotels in Toronto,"Chelsea Hotel, Toronto",cstor.info@chelseatoronto.com,http://www.chelseatoronto.com/en/?htl=cstor&src=organic&eng=google&size=na&cid=yext_profile&y_source=1_MTAwNjI1OTgtNzE1LWxvY2F0aW9uLndlYnNpdGU%3D,+1 416-595-1975,None,"https://www.google.com/maps/place/Chelsea+Hotel,+Toronto/data=!4m10!3m9!1s0x882b34b57f88aad5:0xa9bf8d18c55906a9!5m2!4m1!1i2!8m2!3d43.6584976!4d-79.3830973!16s%2Fg%2F1hc2zhrvx!19sChIJ1aqIf7U0K4gRqQZZxRiNv6k?authuser=0&hl=en&g_ep=EgoyMDI2MDgyNS4wIJJjKgBIAVAD&rclk=1"
hotels in Toronto,Hotel at Great Canadian Casino Resort Toronto,"alamas@greatcanadian.com, gccrt.reservations@greatcanadian.com",https://greatcanadian.com/hotels/toronto/,+1 437-294-3586,None,https://www.google.com/maps/place/Hotel+at+Great+Canadian+Casino+Resort+Toronto/data=!4m10!3m9!1s0x882b3be9abc149c1:0xf6ef126687f8b5bb!5m2!4m1!1i2!8m2!3d43.7157402!4d-79.6000257!16s%2Fg%2F11kbywm2_2!19sChIJwUnBq-k7K4gRu7X4h2YS7_Y?authuser=0&hl=en&g_ep=EgoyMDI2MDgyNS4wIJJjKgBIAVAD&rclk=1
hotels in Toronto,Novotel Toronto North York,"h0910@accor.com, dos@novotelnorthyork.com",https://all.accor.com/lien_externe.svlt?goto=fiche_hotel&code_hotel=0910&merchantid=seo-maps-CA-0910&sourceid=aw-cen&utm_medium=seo%20maps&utm_source=google%20Maps&utm_campaign=seo%20maps,+1 416-733-2929,None,https://www.google.com/maps/place/Novotel+Toronto+North+York/data=!4m10!3m9!1s0x882b2d71d1265ae1:0xea5959b0b143d4f3!5m2!4m1!1i2!8m2!3d43.768723!4d-79.4142573!16s%2Fg%2F1tg2l8yw!19sChIJ4Vom0XEtK4gR89RDsbBZWeo?authuser=0&hl=en&g_ep=EgoyMDI2MDgyNS4wIJJjKgBIAVAD&rclk=1
hotels in Toronto,Embassy Suites by Hilton Toronto Airport,,https://www.hilton.com/en/hotels/yyzeses-embassy-suites-toronto-airport/?SEO_id=GMB-AMER-ES-YYZESES,+1 416-674-8442,None,https://www.google.com/maps/place/Embassy+Suites+by+Hilton+Toronto+Airport/data=!4m10!3m9!1s0x882b399acedf8833:0xfe8ed2cc0416ebf9!5m2!4m1!1i2!8m2!3d43.6875807!4d-79.5962641!16s%2Fg%2F11hb5b3kj9!19sChIJM4jfzpo5K4gR-esWBMzSjv4?authuser=0&hl=en&g_ep=EgoyMDI2MDgyNS4wIJJjKgBIAVAD&rclk=1
hotels in Toronto,Homewood Suites by Hilton Toronto Vaughan,,https://www.hilton.com/en/hotels/yyzvghw-homewood-suites-toronto-vaughan/?SEO_id=GMB-AMER-HG-YYZVGHW,+1 905-760-1660,None,https://www.google.com/maps/place/Homewood+Suites+by+Hilton+Toronto+Vaughan/data=!4m10!3m9!1s0x882b2f9f93723101:0x82e250e30c17b55f!5m2!4m1!1i2!8m2!3d43.7986705!4d-79.5391777!16s%2Fg%2F1tfzy3d0!19sChIJATFyk58vK4gRX7UXDONQ4oI?authuser=0&hl=en&g_ep=EgoyMDI2MDgyNS4wIJJjKgBIAVAD&rclk=1
cafes in Toronto,Black wolf coffee,,,,None,https://www.google.com/maps/place/Black+wolf+coffee/data=!4m7!3m6!1s0x882b35b440b3a521:0x32ebb78d59e6033a!8m2!3d43.6590503!4d-79.3849008!16s%2Fg%2F11v09bfj0l!19sChIJIaWzQLQ1K4gROgPmWY236zI?authuser=0&hl=en&g_ep=EgoyMDI2MDgyNS4wIJJjKgBIAVAD&rclk=1
cafes in Toronto,Roozamoon Cafe,,,+1 647-915-4457,None,https://www.google.com/maps/place/Roozamoon+Cafe/data=!4m7!3m6!1s0x89d4cbe1401b4db7:0xc7ac63d12adea675!8m2!3d43.6560732!4d-79.3628915!16s%2Fg%2F11xrx6txyn!19sChIJt00bQOHL1IkRdabeKtFjrMc?authuser=0&hl=en&g_ep=EgoyMDI2MDgyNS4wIJJjKgBIAVAD&rclk=1
cafes in Toronto,Yonge & Eligible Cafe Inc,,https://www.yongeandeligible.com/,+1 416-551-4400,None,https://www.google.com/maps/place/Yonge+%26+Eligible+Cafe+Inc/data=!4m7!3m6!1s0x882b331adc6529cf:0xba28e518ca078e99!8m2!3d43.7089386!4d-79.3929268!16s%2Fg%2F11hstl89pf!19sChIJzyll3BozK4gRmY4HyhjlKLo?authuser=0&hl=en&g_ep=EgoyMDI2MDgyNS4wIJJjKgBIAVAD&rclk=1
cafes in Toronto,Twilight Cafe & Bar (Midtown),"twilightcafe.midtown@gmail.com, twilightcafe003@gmail.com, twilightcafe666@gmail.com, twilightcafedt667@gmail.com, twilight.ny.hr@gmail.com, twilightcafe.dt@gmail.com, twilightcafe.connect@gmail.com",http://www.twilightcafe.ca/,+1 416-932-8881,Tock,https://www.google.com/maps/place/Twilight+Cafe+%26+Bar+%28Midtown%29/data=!4m7!3m6!1s0x882b330069d8e3cb:0x69d54edc59a5808f!8m2!3d43.7106771!4d-79.3988331!16s%2Fg%2F11wvbmzft0!19sChIJy-PYaQAzK4gRj4ClWdxO1Wk?authuser=0&hl=en&g_ep=EgoyMDI2MDgyNS4wIJJjKgBIAVAD&rclk=1
cafes in Toronto,Subtext Coffee Roasters,hello@subtext.coffee,https://www.subtext.coffee/,,Tock,https://www.google.com/maps/place/Subtext+Coffee+Roasters/data=!4m7!3m6!1s0x882b35e9ab5cb19d:0x84672e6580add922!8m2!3d43.6711224!4d-79.4646231!16s%2Fg%2F11k2ysvxn9!19sChIJnbFcq-k1K4gRItmtgGUuZ4Q?authuser=0&hl=en&g_ep=EgoyMDI2MDgyNS4wIJJjKgBIAVAD&rclk=1
cafes in Toronto,Reply,replycoffeeco@gmail.com,http://reply.coffee/,,None,https://www.google.com/maps/place/Reply/data=!4m7!3m6!1s0x882b354cae540c37:0xb10a669e37156d4e!8m2!3d43.6567866!4d-79.3838327!16s%2Fg%2F11s9j_vw01!19sChIJNwxUrkw1K4gRTm0VN55mCrE?authuser=0&hl=en&g_ep=EgoyMDI2MDgyNS4wIJJjKgBIAVAD&rclk=1
cafes in Toronto,Cosette Coffee,,,+1 416-901-1715,None,https://www.google.com/maps/place/Cosette+Coffee/data=!4m7!3m6!1s0x882b35ac44e0a555:0x59d1c196affa7d73!8m2!3d43.6547331!4d-79.4592048!16s%2Fg%2F11r9gq_3t2!19sChIJVaXgRKw1K4gRc336r5bB0Vk?authuser=0&hl=en&g_ep=EgoyMDI2MDgyNS4wIJJjKgBIAVAD&rclk=1
cafes in Toronto,At Origin Coffee,info@atorigin.ca,https://atorigin.ca/,+1 416-901-3331,None,https://www.google.com/maps/place/At+Origin+Coffee/data=!4m7!3m6!1s0x882b33f011c5283d:0x343279fb4e954849!8m2!3d43.7059231!4d-79.3890181!16s%2Fg%2F11h0570355!19sChIJPSjFEfAzK4gRSUiVTvt5MjQ?authuser=0&hl=en&g_ep=EgoyMDI2MDgyNS4wIJJjKgBIAVAD&rclk=1
cafes in Toronto,Dineen Coffee Co.,info@dineencoffee.com,https://www.dineencoffee.com/,+1 416-900-0949,OpenTable,https://www.google.com/maps/place/Dineen+Coffee+Co./data=!4m7!3m6!1s0x89d4cb32e0355f07:0x2a4a30d6fe8a3f86!8m2!3d43.6511749!4d-79.3788897!16s%2Fm%2F02bdtkp!19sChIJB1814DLL1IkRhj-K_tYwSio?authuser=0&hl=en&g_ep=EgoyMDI2MDgyNS4wIJJjKgBIAVAD&rclk=1
cafes in Toronto,Versus Coffee,,https://versuscoffeebar.com/,+1 647-987-5470,None,https://www.google.com/maps/place/Versus+Coffee/data=!4m7!3m6!1s0x89d4cb33d1eb20db:0xe1280331c1d8a30e!8m2!3d43.6512627!4d-79.3753365!16s%2Fg%2F11c0rnhbmg!19sChIJ2yDr0TPL1IkRDqPYwTEDKOE?authuser=0&hl=en&g_ep=EgoyMDI2MDgyNS4wIJJjKgBIAVAD&rclk=1
cafes in Toronto,Goldstruck Coffee,,https://goldstruckcoffee.ca/133-richmond-st-w-toronto/,+1 437-376-6550,None,https://www.google.com/maps/place/Goldstruck+Coffee/data=!4m7!3m6!1s0x882b353077a2fe5f:0xf515555c6b26bfeb!8m2!3d43.650158!4d-79.384551!16s%2Fg%2F11v41m6v32!19sChIJX_6idzA1K4gR678ma1xVFfU?authuser=0&hl=en&g_ep=EgoyMDI2MDgyNS4wIJJjKgBIAVAD&rclk=1
cafes in Toronto,Rustle & Still Café,info@rustleandstill.com,https://www.rustleandstill.com/,+1 647-350-8893,None,https://www.google.com/maps/place/Rustle+%26+Still+Caf%C3%A9/data=!4m7!3m6!1s0x882b34926f48e669:0xaad6d6b83c111fa9!8m2!3d43.6645286!4d-79.4131243!16s%2Fg%2F11gfhdz4c1!19sChIJaeZIb5I0K4gRqR8RPLjW1qo?authuser=0&hl=en&g_ep=EgoyMDI2MDgyNS4wIJJjKgBIAVAD&rclk=1
cafes in Toronto,De Mello Coffee,"info@stagheaddesigns.com, logo@hellodemello.com",https://hellodemello.com/,+1 416-556-5393,Tock,https://www.google.com/maps/place/De+Mello+Coffee/data=!4m7!3m6!1s0x882b3323dab06525:0x141b48a7d0f9e082!8m2!3d43.7118444!4d-79.3991722!16s%2Fg%2F124t1_0hp!19sChIJJWWw2iMzK4gRguD50KdIGxQ?authuser=0&hl=en&g_ep=EgoyMDI2MDgyNS4wIJJjKgBIAVAD&rclk=1
cafes in Toronto,Cafe Landwer,,http://www.landwer.ca/,+1 416-499-9942,None,https://www.google.com/maps/place/Cafe+Landwer/data=!4m7!3m6!1s0x882b3504ae3d72e1:0x6986c20ea1ff3267!8m2!3d43.6702665!4d-79.3854539!16s%2Fg%2F11r4sjc7_9!19sChIJ4XI9rgQ1K4gRZzL_oQ7Chmk?authuser=0&hl=en&g_ep=EgoyMDI2MDgyNS4wIJJjKgBIAVAD&rclk=1
cafes in Toronto,Nabulu Coffee,info@nabulucoffee.ca,http://www.nabulucoffee.ca/,+1 647-669-1372,None,https://www.google.com/maps/place/Nabulu+Coffee/data=!4m7!3m6!1s0x882b350034451733:0x18a9e071b93208a8!8m2!3d43.6660706!4d-79.3856229!16s%2Fg%2F11vxqv3rlp!19sChIJMxdFNAA1K4gRqAgyuXHgqRg?authuser=0&hl=en&g_ep=EgoyMDI2MDgyNS4wIJJjKgBIAVAD&rclk=1
cafes in Toronto,Cafe Forêt,,https://www.instagram.com/cafeforet_to,,"Tock, Resy",https://www.google.com/maps/place/Cafe+For%C3%AAt/data=!4m7!3m6!1s0x882b35004dfa9567:0xe613ec773adbf899!8m2!3d43.6551819!4d-79.385708!16s%2Fg%2F11msw7wc8r!19sChIJZ5X6TQA1K4gRmfjbOnfsE-Y?authuser=0&hl=en&g_ep=EgoyMDI2MDgyNS4wIJJjKgBIAVAD&rclk=1
cafes in Toronto,Rooms | 915 Dupont,,https://instagram.com/915dupont?igshid=MzRlODBiNWFlZA==,,"Tock, Resy",https://www.google.com/maps/place/Rooms+%7C+915+Dupont/data=!4m7!3m6!1s0x882b3548013e87af:0xdb6bf1a6bea82eb1!8m2!3d43.6700986!4d-79.4297616!16s%2Fg%2F11ts46j4_3!19sChIJr4c-AUg1K4gRsS6ovqbxa9s?authuser=0&hl=en&g_ep=EgoyMDI2MDgyNS4wIJJjKgBIAVAD&rclk=1
cafes in Toronto,FIKA Cafe,info@fika.ca,http://www.fika.ca/,,"Tock, OpenTable",https://www.google.com/maps/place/FIKA+Cafe/data=!4m7!3m6!1s0x882b34c2515a4fb3:0x881bba7e1b6d98ea!8m2!3d43.6535775!4d-79.4004428!16s%2Fg%2F1z3tbtmw_!19sChIJs09aUcI0K4gR6phtG366G4g?authuser=0&hl=en&g_ep=EgoyMDI2MDgyNS4wIJJjKgBIAVAD&rclk=1
cafes in Toronto,HotBlack Coffee,info@hotblack-coffee.com,https://hotblack-coffee.com/,,"Tock, Resy",https://www.google.com/maps/place/HotBlack+Coffee/data=!4m7!3m6!1s0x882b34ce2d04ff6b:0xc0af2f35780f13e3!8m2!3d43.6502421!4d-79.3886491!16s%2Fg%2F11cn3d_jpc!19sChIJa_8ELc40K4gR4xMPeDUvr8A?authuser=0&hl=en&g_ep=EgoyMDI2MDgyNS4wIJJjKgBIAVAD&rclk=1
cafes in Toronto,Cafe La_On,info@laonbake.com,https://www.laonbake.com/,,Tock,https://www.google.com/maps/place/Cafe+La_On/data=!4m7!3m6!1s0x882b35d3c81a4d1b:0x860a505b07a01ead!8m2!3d43.6531775!4d-79.396355!16s%2Fg%2F11xdvhkfdf!19sChIJG00ayNM1K4gRrR6gB1tQCoY?authuser=0&hl=en&g_ep=EgoyMDI2MDgyNS4wIJJjKgBIAVAD&rclk=1
cafes in Toronto,Fahrenheit Coffee,info@untitled.tld,http://www.fahrenheitcoffee.com/,+1 647-896-1774,None,https://www.google.com/maps/place/Fahrenheit+Coffee/data=!4m7!3m6!1s0x882b34ddcf3bd6ef:0x23da248aeab1f5de!8m2!3d43.6469915!4d-79.4006438!16s%2Fg%2F11csr05c32!19sChIJ79Y7z900K4gR3vWx6ook2iM?authuser=0&hl=en&g_ep=EgoyMDI2MDgyNS4wIJJjKgBIAVAD&rclk=1
cafes in Toronto,Fungo Cafe,,,,None,https://www.google.com/maps/place/Fungo+Cafe/data=!4m7!3m6!1s0x882b3529395e4133:0x16664b5e6bcaa40!8m2!3d43.6432504!4d-79.4068613!16s%2Fg%2F11vc8sw_zp!19sChIJM0FeOSk1K4gRQKq85rVkZgE?authuser=0&hl=en&g_ep=EgoyMDI2MDgyNS4wIJJjKgBIAVAD&rclk=1
cafes in Toronto,Rachel's Coffeehouse,,http://rachelscoffeehouse.ca/,+1 416-545-0000,Tock,https://www.google.com/maps/place/Rachel%27s+Coffeehouse/data=!4m7!3m6!1s0x882b33393294226d:0x33657758a06a646c!8m2!3d43.7010095!4d-79.3969564!16s%2Fg%2F124ycm29f!19sChIJbSKUMjkzK4gRbGRqoFh3ZTM?authuser=0&hl=en&g_ep=EgoyMDI2MDgyNS4wIJJjKgBIAVAD&rclk=1
cafes in Toronto,Forget Me Not Coffee,,http://forgetmenotcoffee.ca/,+1 416-848-0057,"Tock, Resy",https://www.google.com/maps/place/Forget+Me+Not+Coffee/data=!4m7!3m6!1s0x882b34de70b46d67:0x3186f19a498ca8ab!8m2!3d43.6457919!4d-79.4008295!16s%2Fg%2F11bwqq8z6z!19sChIJZ220cN40K4gRq6iMSZrxhjE?authuser=0&hl=en&g_ep=EgoyMDI2MDgyNS4wIJJjKgBIAVAD&rclk=1
cafes in Toronto,Found Coffee | College,"canada@found.coffee, hi@mystore.com",http://found.coffee/,+1 416-516-9666,"Tock, Resy",https://www.google.com/maps/place/Found+Coffee+%7C+College/data=!4m7!3m6!1s0x882b34c1d70c1745:0x7e3dee02e851042b!8m2!3d43.6576525!4d-79.4026381!16s%2Fg%2F11c2l8n0km!19sChIJRRcM18E0K4gRKwRR6ALuPX4?authuser=0&hl=en&g_ep=EgoyMDI2MDgyNS4wIJJjKgBIAVAD&rclk=1
cafes in Toronto,Fahrenheit Coffee,info@untitled.tld,http://www.fahrenheitcoffee.com/,+1 647-896-1774,None,https://www.google.com/maps/place/Fahrenheit+Coffee/data=!4m7!3m6!1s0x89d4cb3b7677b2e1:0xdb0db25cf8faab59!8m2!3d43.6524166!4d-79.3729352!16s%2Fg%2F1tq6l1gd!19sChIJ4bJ3djvL1IkRWav6-FyyDds?authuser=0&hl=en&g_ep=EgoyMDI2MDgyNS4wIJJjKgBIAVAD&rclk=1
cafes in Toronto,Butter & Blue,hello@butterandblue.ca,https://www.butterandblue.ca/,,Tock,https://www.google.com/maps/place/Butter+%26+Blue/data=!4m7!3m6!1s0x882b35b849e5a4a7:0xd202f86a43b6dc5!8m2!3d43.6560582!4d-79.3925864!16s%2Fg%2F11kptp300f!19sChIJp6TlSbg1K4gRxW07pIYvIA0?authuser=0&hl=en&g_ep=EgoyMDI2MDgyNS4wIJJjKgBIAVAD&rclk=1
cafes in Toronto,Virtu Cafe,,,+1 416-921-3333,None,https://www.google.com/maps/place/Virtu+Cafe/data=!4m7!3m6!1s0x89d4cb7a9c46a889:0xf85b4614c8698e34!8m2!3d43.672035!4d-79.377557!16s%2Fg%2F11kshzc2dj!19sChIJiahGnHrL1IkRNI5pyBRGW_g?authuser=0&hl=en&g_ep=EgoyMDI2MDgyNS4wIJJjKgBIAVAD&rclk=1
cafes in Toronto,Goppion Caffetteria,info@goppioncaffe.ca,https://www.goppioncaffe.ca/,+1 647-997-7090,None,https://www.google.com/maps/place/Goppion+Caffetteria/data=!4m7!3m6!1s0x882b356855c20923:0x9dea7a55a8829db0!8m2!3d43.6400683!4d-79.3962706!16s%2Fg%2F11rhqk0xg0!19sChIJIwnCVWg1K4gRsJ2CqFV66p0?authuser=0&hl=en&g_ep=EgoyMDI2MDgyNS4wIJJjKgBIAVAD&rclk=1
cafes in Toronto,SOLARIS COFFEE,,https://www.instagram.com/solariscoffeeto/,+1 416-586-9996,"Tock, Resy",https://www.google.com/maps/place/SOLARIS+COFFEE/data=!4m7!3m6!1s0x882b3595e4f8cf6b:0x11f14b72678caf8a!8m2!3d43.6505829!4d-79.3888215!16s%2Fg%2F11zkk95x5t!19sChIJa8_45JU1K4gRiq-MZ3JL8RE?authuser=0&hl=en&g_ep=EgoyMDI2MDgyNS4wIJJjKgBIAVAD&rclk=1
cafes in Toronto,Le Bleu Coffee,"lebleucoffeecorp@gmail.com, info@mysite.com",http://lebleucoffee.com/,+1 416-656-1800,Tock,https://www.google.com/maps/place/Le+Bleu+Coffee/data=!4m7!3m6!1s0x882b3598a417a4a7:0xa8958f0d5a8e2f10!8m2!3d43.6815858!4d-79.4271371!16s%2Fg%2F11vbwmb9bh!19sChIJp6QXpJg1K4gREC-OWg2Plag?authuser=0&hl=en&g_ep=EgoyMDI2MDgyNS4wIJJjKgBIAVAD&rclk=1
cafes in Toronto,Hailed Coffee - College Park,info@hailed.ca,http://www.hailed.ca/,+1 647-344-4040,Tock,https://www.google.com/maps/place/Hailed+Coffee+-+College+Park/data=!4m7!3m6!1s0x882b34b5864b5819:0x91bcb98b01ca59a8!8m2!3d43.658897!4d-79.383798!16s%2Fg%2F11f40zzjrq!19sChIJGVhLhrU0K4gRqFnKAYu5vJE?authuser=0&hl=en&g_ep=EgoyMDI2MDgyNS4wIJJjKgBIAVAD&rclk=1
cafes in Toronto,Cafe23,cafe23events@gmail.com,https://instagram.com/cafe23coffeebar/,+1 514-994-0465,"Tock, Resy",https://www.google.com/maps/place/Cafe23/data=!4m7!3m6!1s0x882b35595856812b:0xf073ad4e813b52f5!8m2!3d43.6462501!4d-79.4093706!16s%2Fg%2F11h07gbthy!19sChIJK4FWWFk1K4gR9VI7gU6tc_A?authuser=0&hl=en&g_ep=EgoyMDI2MDgyNS4wIJJjKgBIAVAD&rclk=1
cafes in Toronto,Himalayan Coffee House,,,+1 416-485-6464,None,https://www.google.com/maps/place/Himalayan+Coffee+House/data=!4m7!3m6!1s0x882b333cc7dfdda7:0xfb0f0602aec89ba2!8m2!3d43.713383!4d-79.4000562!16s%2Fg%2F1hc34g7cp!19sChIJp93fxzwzK4gRopvIrgIGD_s?authuser=0&hl=en&g_ep=EgoyMDI2MDgyNS4wIJJjKgBIAVAD&rclk=1
cafes in Toronto,Daily Dose Coffee Bar,,https://www.dailydosecoffeebar.com/,,None,https://www.google.com/maps/place/Daily+Dose+Coffee+Bar/data=!4m7!3m6!1s0x882b35c9d32b2575:0xffa63bd8912c185d!8m2!3d43.6483436!4d-79.3901979!16s%2Fg%2F11rqz0nx48!19sChIJdSUr08k1K4gRXRgskdg7pv8?authuser=0&hl=en&g_ep=EgoyMDI2MDgyNS4wIJJjKgBIAVAD&rclk=1
cafes in Toronto,Papparoti Café & Bakery,info@papparoti.ca,https://papparoti.ca/,+1 416-595-9993,None,https://www.google.com/maps/place/Papparoti+Caf%C3%A9+%26+Bakery/data=!4m7!3m6!1s0x882b2dffaf300633:0x50f701e55795f5a5!8m2!3d43.6505297!4d-79.388977!16s%2Fg%2F11w21jh8mw!19sChIJMwYwr_8tK4gRpfWVV-UB91A?authuser=0&hl=en&g_ep=EgoyMDI2MDgyNS4wIJJjKgBIAVAD&rclk=1
cafes in Toronto,Lazy Barista,,https://www.instagram.com/lazy_barista/,,"Tock, Resy",https://www.google.com/maps/place/Lazy+Barista/data=!4m7!3m6!1s0x89d4cbeb6f8c9a6f:0x5eaee824ffdb0c8e!8m2!3d43.6445264!4d-79.3669735!16s%2Fg%2F11vkk8ggwx!19sChIJb5qMb-vL1IkRjgzb_yTorl4?authuser=0&hl=en&g_ep=EgoyMDI2MDgyNS4wIJJjKgBIAVAD&rclk=1
cafes in Toronto,Understory Café,"gpsr@sindenventures.com, reservations@understorycafe.com, hello@understorycafe.com",https://www.understorycafe.com/,,"Tock, OpenTable",https://www.google.com/maps/place/Understory+Caf%C3%A9/data=!4m7!3m6!1s0x882b3500139a5b35:0x35f422f931bbd681!8m2!3d43.6660192!4d-79.3809152!16s%2Fg%2F11yz096bgr!19sChIJNVuaEwA1K4gRgda7Mfki9DU?authuser=0&hl=en&g_ep=EgoyMDI2MDgyNS4wIJJjKgBIAVAD&rclk=1
cafes in Toronto,Bloom Cafe,hello@bloomcaf.com,https://thebloomcafe.ca/,+1 416-792-0419,None,https://www.google.com/maps/place/Bloom+Cafe/data=!4m7!3m6!1s0x882b35d88afb4daf:0x4595abe0c9caace5!8m2!3d43.6655121!4d-79.3850598!16s%2Fg%2F11hzph6qjf!19sChIJr037itg1K4gR5azKyeCrlUU?authuser=0&hl=en&g_ep=EgoyMDI2MDgyNS4wIJJjKgBIAVAD&rclk=1
cafes in Toronto,Library Coffee,,http://librarycoffee.ca/,+1 647-350-8839,Tock,https://www.google.com/maps/place/Library+Coffee/data=!4m7!3m6!1s0x882b34cf4e4a9c4b:0x93b5a0e4e76a3e28!8m2!3d43.6543249!4d-79.3908424!16s%2Fg%2F11gcx_w98r!19sChIJS5xKTs80K4gRKD5q5-SgtZM?authuser=0&hl=en&g_ep=EgoyMDI2MDgyNS4wIJJjKgBIAVAD&rclk=1
cafes in Toronto,Rooster Coffee House,hello@roostercoffeehouse.com,http://www.roostercoffeehouse.com/,+1 647-530-4779,Tock,https://www.google.com/maps/place/Rooster+Coffee+House/data=!4m7!3m6!1s0x89d4cb66a329a45b:0x8935573bff0ae4c0!8m2!3d43.6691817!4d-79.3527483!16s%2Fg%2F1ts_7lgt!19sChIJW6Qpo2bL1IkRwOQK_ztXNYk?authuser=0&hl=en&g_ep=EgoyMDI2MDgyNS4wIJJjKgBIAVAD&rclk=1
cafes in Toronto,Kava Coffee House,,,,None,https://www.google.com/maps/place/Kava+Coffee+House/data=!4m7!3m6!1s0x89d4cb0057d3426d:0x1c1218e0c642fab8!8m2!3d43.671514!4d-79.3719262!16s%2Fg%2F11v_9q760h!19sChIJbULTVwDL1IkRuPpCxuAYEhw?authuser=0&hl=en&g_ep=EgoyMDI2MDgyNS4wIJJjKgBIAVAD&rclk=1
cafes in Toronto,Cafe X Bica,,http://www.cafexbica.com/,+1 647-529-0292,None,https://www.google.com/maps/place/Cafe+X+Bica/data=!4m7!3m6!1s0x882b35621927160b:0xfb44a6ccd5d01843!8m2!3d43.6752059!4d-79.3994054!16s%2Fg%2F11vhqd7xt8!19sChIJCxYnGWI1K4gRQxjQ1cymRPs?authuser=0&hl=en&g_ep=EgoyMDI2MDgyNS4wIJJjKgBIAVAD&rclk=1
cafes in Toronto,11:59 Bar:Café,info@1159barcafe.com,http://www.1159barcafe.com/,+1 416-730-8019,"Tock, OpenTable",https://www.google.com/maps/place/11:59+Bar:Caf%C3%A9/data=!4m7!3m6!1s0x882b351d2d27bafb:0x289c2309db933abd!8m2!3d43.6504846!4d-79.3819953!16s%2Fg%2F11kpsmsxbn!19sChIJ-7onLR01K4gRvTqT2wkjnCg?authuser=0&hl=en&g_ep=EgoyMDI2MDgyNS4wIJJjKgBIAVAD&rclk=1
cafes in Toronto,Project Seoul,,https://www.instagram.com/projectseoul.cafe,,"Tock, Resy",https://www.google.com/maps/place/Project+Seoul/data=!4m7!3m6!1s0x882b35005c308bd7:0x868d80c4446db0e7!8m2!3d43.6554893!4d-79.3987784!16s%2Fg%2F11x6j_f5z1!19sChIJ14swXAA1K4gR57BtRMSAjYY?authuser=0&hl=en&g_ep=EgoyMDI2MDgyNS4wIJJjKgBIAVAD&rclk=1
cafes in Toronto,7 West Cafe,7west.management@gmail.com,http://www.7westcafe.com/,+1 416-928-9041,"Tock, OpenTable",https://www.google.com/maps/place/7+West+Cafe/data=!4m7!3m6!1s0x882b34b1e2abf1b3:0x48129e7e8b9cf0e0!8m2!3d43.6684876!4d-79.386714!16s%2Fg%2F1td3m6rj!19sChIJs_Gr4rE0K4gR4PCci36eEkg?authuser=0&hl=en&g_ep=EgoyMDI2MDgyNS4wIJJjKgBIAVAD&rclk=1
cafes in Toronto,Cafe Landwer Front,"sheppard@landwer.ca, catering@landwer.ca, front@landwer.ca",https://www.landwer.ca/branch/front/,+1 437-562-8555,None,https://www.google.com/maps/place/Cafe+Landwer+Front/data=!4m7!3m6!1s0x89d4cb007ba1d149:0xee646708d6da400e!8m2!3d43.6475699!4d-79.3760266!16s%2Fg%2F11y55mqvpv!19sChIJSdGhewDL1IkRDkDa1ghnZO4?authuser=0&hl=en&g_ep=EgoyMDI2MDgyNS4wIJJjKgBIAVAD&rclk=1
cafes in Toronto,Qishr Coffee House,,https://qishrcoffeehouse.com/,+1 416-218-8383,None,https://www.google.com/maps/place/Qishr+Coffee+House/data=!4m7!3m6!1s0x89d4cb9651727f79:0x1f20b73fa270c591!8m2!3d43.6557853!4d-79.3796838!16s%2Fg%2F11zkv64zy4!19sChIJeX9yUZbL1IkRkcVwoj-3IB8?authuser=0&hl=en&g_ep=EgoyMDI2MDgyNS4wIJJjKgBIAVAD&rclk=1
cafes in Toronto,Mallo,info@mallo.ca,http://www.mallo.ca/,+1 647-351-8060,"Tock, OpenTable",https://www.google.com/maps/place/Mallo/data=!4m7!3m6!1s0x882b35eabc47573d:0xb8821ca8e404cac1!8m2!3d43.6646307!4d-79.4107376!16s%2Fg%2F11g4bs9jz5!19sChIJPVdHvOo1K4gRwcoE5Kgcgrg?authuser=0&hl=en&g_ep=EgoyMDI2MDgyNS4wIJJjKgBIAVAD&rclk=1
cafes in Toronto,Togo Cafe,,https://www.togocafe.ca/,+1 416-925-8388,"Tock, OpenTable",https://www.google.com/maps/place/Togo+Cafe/data=!4m7!3m6!1s0x882b350022dbeded:0x45a019a470598da8!8m2!3d43.6657338!4d-79.3867069!16s%2Fg%2F11w2fcxs8p!19sChIJ7e3bIgA1K4gRqI1ZcKQZoEU?authuser=0&hl=en&g_ep=EgoyMDI2MDgyNS4wIJJjKgBIAVAD&rclk=1
cafes in Toronto,Cafe Our Hours,,https://cafe-our-hours.square.site/,+1 226-868-6705,"Tock, Resy",https://www.google.com/maps/place/Cafe+Our+Hours/data=!4m7!3m6!1s0x882b35864b660e5f:0x38d055f1c1940e8b!8m2!3d43.6672156!4d-79.3812629!16s%2Fg%2F11tnw4pf7k!19sChIJXw5mS4Y1K4gRiw6UwfFV0Dg?authuser=0&hl=en&g_ep=EgoyMDI2MDgyNS4wIJJjKgBIAVAD&rclk=1
cafes in Toronto,Twilight Cafe & Bar DT (Dundas),"twilightcafe.midtown@gmail.com, twilightcafe003@gmail.com, twilightcafe666@gmail.com, twilightcafedt667@gmail.com, twilight.ny.hr@gmail.com, twilightcafe.dt@gmail.com, twilightcafe.connect@gmail.com",http://twilightcafe.ca/,+1 416-815-2233,Tock,https://www.google.com/maps/place/Twilight+Cafe+%26+Bar+DT+%28Dundas%29/data=!4m7!3m6!1s0x89d4cbf8664ed841:0xe8bc7d6fdecc62cb!8m2!3d43.6556385!4d-79.3794872!16s%2Fg%2F11t181sl1p!19sChIJQdhOZvjL1IkRy2LM3m99vOg?authuser=0&hl=en&g_ep=EgoyMDI2MDgyNS4wIJJjKgBIAVAD&rclk=1
cafes in Toronto,Second Cup Café,rewards@secondcup.com,https://secondcup.com/location/sunnybrook-hospital,+1 416-480-6100,Tock,https://www.google.com/maps/place/Second+Cup+Caf%C3%A9/data=!4m7!3m6!1s0x89d4cdf97b33c045:0xf50468b5fd4a6c65!8m2!3d43.7213351!4d-79.3763967!16s%2Fg%2F1tsyl531!19sChIJRcAze_nN1IkRZWxK_bVoBPU?authuser=0&hl=en&g_ep=EgoyMDI2MDgyNS4wIJJjKgBIAVAD&rclk=1
cafes in Toronto,10 DEAN | Elm,"sloane@10dean.ca, elm@10dean.ca, hello@10dean.ca, parker@10dean.ca, waverley@10dean.ca",http://10dean.ca/,+1 647-926-7585,"Tock, Resy, OpenTable",https://www.google.com/maps/place/10+DEAN+%7C+Elm/data=!4m7!3m6!1s0x89d4cb867df13649:0x1b3d2a86ae97a2de!8m2!3d43.6540386!4d-79.3750894!16s%2Fg%2F11lnxnzn8y!19sChIJSTbxfYbL1IkR3qKXroYqPRs?authuser=0&hl=en&g_ep=EgoyMDI2MDgyNS4wIJJjKgBIAVAD&rclk=1
bars in Toronto,After Seven,operations@saeg.ca,https://barafterseven.com/pages/make-a-reservation,+1 647-350-2021,OpenTable,https://www.google.com/maps/place/After+Seven/data=!4m7!3m6!1s0x882b35fc20d77c5d:0x94d6e4f9e55da421!8m2!3d43.6515189!4d-79.390672!16s%2Fg%2F11py_phtvn!19sChIJXXzXIPw1K4gRIaRd5fnk1pQ?authuser=0&hl=en&g_ep=EgoyMDI2MDgyNS4wIJJjKgBIAVAD&rclk=1
bars in Toronto,The Dylan Bar,info@thedylan.ca,http://thedylan.ca/,+1 416-792-7792,"Tock, OpenTable",https://www.google.com/maps/place/The+Dylan+Bar/data=!4m7!3m6!1s0x89d4cc7cb2889253:0x507665bdd2b1b352!8m2!3d43.682062!4d-79.330476!16s%2Fg%2F11c0sz7md6!19sChIJU5KIsnzM1IkRUrOx0r1ldlA?authuser=0&hl=en&g_ep=EgoyMDI2MDgyNS4wIJJjKgBIAVAD&rclk=1
bars in Toronto,Liquid Courage,"drink@liquidcourage.ca, info@turnerpremierevents.ca, shelby@turnerhospitalitygroup.com",http://www.liquidcourage.ca/,,Tock,https://www.google.com/maps/place/Liquid+Courage/data=!4m7!3m6!1s0x882b35f60d8800ef:0x91003c358030f1d6!8m2!3d43.6473654!4d-79.3932983!16s%2Fg%2F11kb2bq6sl!19sChIJ7wCIDfY1K4gR1vEwgDU8AJE?authuser=0&hl=en&g_ep=EgoyMDI2MDgyNS4wIJJjKgBIAVAD&rclk=1
bars in Toronto,Civil Liberties,,http://www.civillibertiesbar.com/,+1 416-546-5634,Tock,https://www.google.com/maps/place/Civil+Liberties/data=!4m7!3m6!1s0x882b34f557135615:0x70eba69c53ab14f7!8m2!3d43.6622024!4d-79.4251735!16s%2Fg%2F11b6jk2htq!19sChIJFVYTV_U0K4gR9xSrU5ym63A?authuser=0&hl=en&g_ep=EgoyMDI2MDgyNS4wIJJjKgBIAVAD&rclk=1
bars in Toronto,Dear Darling,info@deardarling.to,https://deardarling.to/,+1 416-216-0100,OpenTable,https://www.google.com/maps/place/Dear+Darling/data=!4m7!3m6!1s0x882b35d5d188e873:0xda8ff9e55feca614!8m2!3d43.6467917!4d-79.4030281!16s%2Fg%2F11z3p8fqym!19sChIJc-iI0dU1K4gRFKbsX-X5j9o?authuser=0&hl=en&g_ep=EgoyMDI2MDgyNS4wIJJjKgBIAVAD&rclk=1
bars in Toronto,Bar Poet,social@modelctzn.com,http://barpoet.com/,,"Tock, Resy, OpenTable",https://www.google.com/maps/place/Bar+Poet/data=!4m7!3m6!1s0x882b358917bdb27d:0xcf5d5454e29d53ca!8m2!3d43.6437202!4d-79.4223266!16s%2Fg%2F11h4gmvh9q!19sChIJfbK9F4k1K4gRylOd4lRUXc8?authuser=0&hl=en&g_ep=EgoyMDI2MDgyNS4wIJJjKgBIAVAD&rclk=1
bars in Toronto,The Rec Room Roundhouse,,https://www.therecroom.com/toronto-roundhouse?utm_source=google-my-business_TorontoRoundhouse&utm_medium=profile&utm_campaign=owned_media,+1 416-815-0086,None,https://www.google.com/maps/place/The+Rec+Room+Roundhouse/data=!4m7!3m6!1s0x882b369d41c73089:0x25ec259c98dbb599!8m2!3d43.641242!4d-79.386781!16s%2Fg%2F11d_78cf18!19sChIJiTDHQZ02K4gRmbXbmJwl7CU?authuser=0&hl=en&g_ep=EgoyMDI2MDgyNS4wIJJjKgBIAVAD&rclk=1
bars in Toronto,Bar 404,contact@404toronto.com,http://404toronto.com/,+1 437-317-0388,Resy,https://www.google.com/maps/place/Bar+404/data=!4m7!3m6!1s0x882b352da99d7c7b:0x3ac858aaf009a2e6!8m2!3d43.6468626!4d-79.3897105!16s%2Fg%2F11svjqlsd3!19sChIJe3ydqS01K4gR5qIJ8KpYyDo?authuser=0&hl=en&g_ep=EgoyMDI2MDgyNS4wIJJjKgBIAVAD&rclk=1
bars in Toronto,The Green Room,,,+1 416-929-3253,None,https://www.google.com/maps/place/The+Green+Room/data=!4m7!3m6!1s0x882b34941c03a9d3:0xfdfb4dfbd26cc594!8m2!3d43.6568398!4d-79.4067971!16s%2Fg%2F1v_z4z4p!19sChIJ06kDHJQ0K4gRlMVs0vtN-_0?authuser=0&hl=en&g_ep=EgoyMDI2MDgyNS4wIJJjKgBIAVAD&rclk=1
bars in Toronto,Comma,,https://www.commatoronto.com/,+1 416-350-5556,OpenTable,https://www.google.com/maps/place/Comma/data=!4m7!3m6!1s0x882b35b0b30c6f6f:0x54de788db6fdcc0b!8m2!3d43.6479532!4d-79.4009266!16s%2Fg%2F11vct_182j!19sChIJb28Ms7A1K4gRC8z9to143lQ?authuser=0&hl=en&g_ep=EgoyMDI2MDgyNS4wIJJjKgBIAVAD&rclk=1
bars in Toronto,Bar Hop,barhopbar@gmail.com,http://www.barhopbar.com/,+1 647-352-7476,"Tock, ChowNow, OpenTable",https://www.google.com/maps/place/Bar+Hop/data=!4m7!3m6!1s0x882b34d98009c99f:0x134f6d8a053584c7!8m2!3d43.6455765!4d-79.3935637!16s%2Fg%2F11r9fp61y!19sChIJn8kJgNk0K4gRx4Q1BYptTxM?authuser=0&hl=en&g_ep=EgoyMDI2MDgyNS4wIJJjKgBIAVAD&rclk=1
bars in Toronto,Doc’s Green Door Lounge,docsgreendoorquestions@gmail.com,https://www.docslounge.ca/,+1 416-604-2222,"Tock, OpenTable",https://www.google.com/maps/place/Doc%E2%80%99s+Green+Door+Lounge/data=!4m7!3m6!1s0x882b370037fb8227:0x8e1a97015e81e2c3!8m2!3d43.6656428!4d-79.4734287!16s%2Fg%2F11vm24tvg7!19sChIJJ4L7NwA3K4gRw-KBXgGXGo4?authuser=0&hl=en&g_ep=EgoyMDI2MDgyNS4wIJJjKgBIAVAD&rclk=1
bars in Toronto,Bluebird Bar,info@thebluebirdto.com,http://bluebirdbarto.com/,+1 416-535-0777,"Tock, OpenTable",https://www.google.com/maps/place/Bluebird+Bar/data=!4m7!3m6!1s0x882b35e6d7bc8f37:0xac63a744a61e2cff!8m2!3d43.6523033!4d-79.4479868!16s%2Fg%2F11gkstcwfj!19sChIJN4-81-Y1K4gR_ywepkSnY6w?authuser=0&hl=en&g_ep=EgoyMDI2MDgyNS4wIJJjKgBIAVAD&rclk=1
bars in Toronto,One Eyed Jack Restaurant & Bar Toronto,toronto@oneeyedjackpub.com,https://oneeyedjackpub.com/toronto,+1 416-953-9300,"Tock, OpenTable",https://www.google.com/maps/place/One+Eyed+Jack+Restaurant+%26+Bar+Toronto/data=!4m7!3m6!1s0x882b354df4cf0db9:0x1311d951636f0dc9!8m2!3d43.6485946!4d-79.3926332!16s%2Fg%2F11vsgrf_m_!19sChIJuQ3P9E01K4gRyQ1vY1HZERM?authuser=0&hl=en&g_ep=EgoyMDI2MDgyNS4wIJJjKgBIAVAD&rclk=1
bars in Toronto,Big Trouble,bigtroublebookings@gmail.com,https://bigtrouble.ca/,6473478880,None,https://www.google.com/maps/place/Big+Trouble/data=!4m7!3m6!1s0x882b35129cc628c9:0x872f6d27e89059de!8m2!3d43.6533794!4d-79.3964979!16s%2Fg%2F11g0y5c32s!19sChIJySjGnBI1K4gR3lmQ6CdtL4c?authuser=0&hl=en&g_ep=EgoyMDI2MDgyNS4wIJJjKgBIAVAD&rclk=1
bars in Toronto,Lost in Toronto bar,,https://www.instagram.com/lostintoronto.bar?igsh=bW5pZXVyZGJqMXdu,+1 416-703-8385,"Tock, Resy",https://www.google.com/maps/place/Lost+in+Toronto+bar/data=!4m7!3m6!1s0x882b355c11368d53:0xf50a7444162ee6d3!8m2!3d43.6469198!4d-79.4059626!16s%2Fg%2F11z36qmg5l!19sChIJU402EVw1K4gR0-YuFkR0CvU?authuser=0&hl=en&g_ep=EgoyMDI2MDgyNS4wIJJjKgBIAVAD&rclk=1
bars in Toronto,Cocktail Bar,hoofcocktailbar@gmail.com,http://hoofcocktailbar.com/,+1 416-792-7511,None,https://www.google.com/maps/place/Cocktail+Bar/data=!4m7!3m6!1s0x882b34e538226721:0x6706a225523b78a!8m2!3d43.6506993!4d-79.4132772!16s%2Fg%2F1q5bnr6p4!19sChIJIWciOOU0K4gRircjVSJqcAY?authuser=0&hl=en&g_ep=EgoyMDI2MDgyNS4wIJJjKgBIAVAD&rclk=1
bars in Toronto,Bar Roma Toronto,"hi@typemade.mx, info@barromatoronto.ca, dave@lab6.com",https://barromatoronto.ca/,+1 416-534-8828,Resy,https://www.google.com/maps/place/Bar+Roma+Toronto/data=!4m7!3m6!1s0x882b357cba2c35c3:0x3d5fe0b314090625!8m2!3d43.6490973!4d-79.4205476!16s%2Fg%2F11w7fjhk01!19sChIJwzUsunw1K4gRJQYJFLPgXz0?authuser=0&hl=en&g_ep=EgoyMDI2MDgyNS4wIJJjKgBIAVAD&rclk=1
bars in Toronto,The Cameron House,cameronhousebooking@gmail.com,http://www.thecameron.com/,+1 416-703-0811,Tock,https://www.google.com/maps/place/The+Cameron+House/data=!4m7!3m6!1s0x882b34dc838caa77:0x4558bed57d3ab424!8m2!3d43.6486417!4d-79.3975669!16zL20vMDdnejd5!19sChIJd6qMg9w0K4gRJLQ6fdW-WEU?authuser=0&hl=en&g_ep=EgoyMDI2MDgyNS4wIJJjKgBIAVAD&rclk=1
bars in Toronto,Bar Maaya | Toronto,gmsmentertainmentoffice@gmail.com,https://barmaaya.com/,+1 437-320-3122,OpenTable,https://www.google.com/maps/place/Bar+Maaya+%7C+Toronto/data=!4m7!3m6!1s0x882b35ec6692a031:0x3c50e0afd28c095e!8m2!3d43.648357!4d-79.3889579!16s%2Fg%2F11vxw3kl0d!19sChIJMaCSZuw1K4gRXgmM0q_gUDw?authuser=0&hl=en&g_ep=EgoyMDI2MDgyNS4wIJJjKgBIAVAD&rclk=1
bars in Toronto,Bar Pompette,barpompette@pompette.ca,https://www.pompette.ca/barpompette,,None,https://www.google.com/maps/place/Bar+Pompette/data=!4m7!3m6!1s0x882b35174b86aca7:0x865e844f5dc9438c!8m2!3d43.6549943!4d-79.4143309!16s%2Fg%2F11pgc0q4jr!19sChIJp6yGSxc1K4gRjEPJXU-EXoY?authuser=0&hl=en&g_ep=EgoyMDI2MDgyNS4wIJJjKgBIAVAD&rclk=1
bars in Toronto,BarChef,info@barchef.com,http://www.barchef.com/,+1 416-868-4800,"Tock, OpenTable",https://www.google.com/maps/place/BarChef/data=!4m7!3m6!1s0x882b34ddacebbea7:0x1220bc3b9bf6d829!8m2!3d43.6480556!4d-79.4001466!16s%2Fg%2F1tct9brj!19sChIJp77rrN00K4gRKdj2mzu8IBI?authuser=0&hl=en&g_ep=EgoyMDI2MDgyNS4wIJJjKgBIAVAD&rclk=1
bars in Toronto,LIBRARY BAR,ryh.restaurantreservations@fairmont.com,https://www.librarybartoronto.com/?utm_source=google+Maps&utm_medium=seo+maps&utm_campaign=seo+maps,+1 249-402-5312,"Resy, BentoBox, OpenTable",https://www.google.com/maps/place/LIBRARY+BAR/data=!4m7!3m6!1s0x882b358bf136507b:0x6c87e431343205aa!8m2!3d43.645946!4d-79.3815148!16s%2Fg%2F1thx4pkn!19sChIJe1A28Ys1K4gRqgUyNDHkh2w?authuser=0&hl=en&g_ep=EgoyMDI2MDgyNS4wIJJjKgBIAVAD&rclk=1
bars in Toronto,The Drink - Cocktail & Pizza Bar,reserveatthedrink@gmail.com,https://beacons.ai/drinkatthedrink,+1 416-920-0101,Toast,https://www.google.com/maps/place/The+Drink+-+Cocktail+%26+Pizza+Bar/data=!4m7!3m6!1s0x89d4cb89bee368f5:0x5d3e7a4687ebd1c5!8m2!3d43.6641787!4d-79.3801067!16s%2Fg%2F11f1nncw1s!19sChIJ9WjjvonL1IkRxdHrh0Z6Pl0?authuser=0&hl=en&g_ep=EgoyMDI2MDgyNS4wIJJjKgBIAVAD&rclk=1
bars in Toronto,C Suite,,https://www.instagram.com/barcsuite/,+1 416-386-4611,"Tock, Resy, OpenTable",https://www.google.com/maps/place/C+Suite/data=!4m7!3m6!1s0x882b35a725513903:0x2b6621115b359997!8m2!3d43.6701714!4d-79.3921267!16s%2Fg%2F11jzcff1_t!19sChIJAzlRJac1K4gRl5k1WxEhZis?authuser=0&hl=en&g_ep=EgoyMDI2MDgyNS4wIJJjKgBIAVAD&rclk=1
bars in Toronto,Mother,"info@motherdrinks.co, reservations@motherdrinks.co",http://www.motherdrinks.co/,+1 416-537-1928,"Tock, OpenTable",https://www.google.com/maps/place/Mother/data=!4m7!3m6!1s0x882b35a4bb13e101:0x5d8242743294d808!8m2!3d43.6451986!4d-79.4143964!16s%2Fg%2F11h7fm0rxq!19sChIJAeETu6Q1K4gRCNiUMnRCgl0?authuser=0&hl=en&g_ep=EgoyMDI2MDgyNS4wIJJjKgBIAVAD&rclk=1
bars in Toronto,Bar Caña (The Roof at SOCO),courtney.edwards@deltahotels.com,https://www.socokitchenandbar.ca/groups,+1 416-637-5465,OpenTable,https://www.google.com/maps/place/Bar+Ca%C3%B1a+%28The+Roof+at+SOCO%29/data=!4m7!3m6!1s0x882b35f087dc3107:0xbff8edc8f58177c9!8m2!3d43.6427421!4d-79.3835628!16s%2Fg%2F11ghpyt1yj!19sChIJBzHch_A1K4gRyXeB9cjt-L8?authuser=0&hl=en&g_ep=EgoyMDI2MDgyNS4wIJJjKgBIAVAD&rclk=1
bars in Toronto,Lola Bar and Restaurant,,,+1 416-598-9209,None,https://www.google.com/maps/place/Lola+Bar+and+Restaurant/data=!4m7!3m6!1s0x882b35bd7199cdd5:0x1c2c1ef0f3f676f1!8m2!3d43.6537555!4d-79.400676!16s%2Fg%2F11kpz65fzw!19sChIJ1c2Zcb01K4gR8Xb28_AeLBw?authuser=0&hl=en&g_ep=EgoyMDI2MDgyNS4wIJJjKgBIAVAD&rclk=1
bars in Toronto,Ruby Soho,,http://www.rubysohobar.com/,,"Tock, Resy, OpenTable",https://www.google.com/maps/place/Ruby+Soho/data=!4m7!3m6!1s0x882b35d72e816845:0x53b6d6f8bd9004f8!8m2!3d43.6441878!4d-79.4001593!16s%2Fg%2F11fpj79_ll!19sChIJRWiBLtc1K4gR-ASQvfjWtlM?authuser=0&hl=en&g_ep=EgoyMDI2MDgyNS4wIJJjKgBIAVAD&rclk=1
bars in Toronto,Bar Banane,info@barbanane.ca,http://www.barbanane.ca/,+1 647-693-1103,"Tock, OpenTable",https://www.google.com/maps/place/Bar+Banane/data=!4m7!3m6!1s0x882b3550cb40886b:0xd791cf425d99d4cb!8m2!3d43.6490985!4d-79.4203207!16s%2Fg%2F11sc721ld0!19sChIJa4hAy1A1K4gRy9SZXULPkdc?authuser=0&hl=en&g_ep=EgoyMDI2MDgyNS4wIJJjKgBIAVAD&rclk=1
bars in Toronto,Slice of Life,contact@sliceoflifebar.com,https://www.sliceoflifebar.com/,+1 416-504-0409,OpenTable,https://www.google.com/maps/place/Slice+of+Life/data=!4m7!3m6!1s0x882b35de7d4a710b:0x43b90553ae299c30!8m2!3d43.6563673!4d-79.4065093!16s%2Fg%2F11v9xzv_jj!19sChIJC3FKfd41K4gRMJwprlMFuUM?authuser=0&hl=en&g_ep=EgoyMDI2MDgyNS4wIJJjKgBIAVAD&rclk=1
bars in Toronto,Henrietta Lane,info@henriettalane.com,http://henriettalane.com/,+1 647-512-5549,Tock,https://www.google.com/maps/place/Henrietta+Lane/data=!4m7!3m6!1s0x89d4cb3efcbcee7f:0x178141bef1af8c00!8m2!3d43.6540744!4d-79.3612664!16s%2Fg%2F11hb0h6tml!19sChIJf-68_D7L1IkRAIyv8b5BgRc?authuser=0&hl=en&g_ep=EgoyMDI2MDgyNS4wIJJjKgBIAVAD&rclk=1
bars in Toronto,Bang Sue Bar,bangsuecici@gmail.com,https://bangsuebar.com/,+1 647-352-5773,None,https://www.google.com/maps/place/Bang+Sue+Bar/data=!4m7!3m6!1s0x882b34da375cefd1:0xfe4c1735a5d74971!8m2!3d43.6463527!4d-79.3936021!16s%2Fg%2F11c6s45t6y!19sChIJ0e9cN9o0K4gRcUnXpTUXTP4?authuser=0&hl=en&g_ep=EgoyMDI2MDgyNS4wIJJjKgBIAVAD&rclk=1
bars in Toronto,PROJECT GIGGLEWATER,cocktails@projectgigglewater.com,http://www.projectgigglewater.com/,,OpenTable,https://www.google.com/maps/place/PROJECT+GIGGLEWATER/data=!4m7!3m6!1s0x882b3520371217ef:0x45129feb1698005b!8m2!3d43.6493942!4d-79.427732!16s%2Fg%2F11grc13rbp!19sChIJ7xcSNyA1K4gRWwCYFuufEkU?authuser=0&hl=en&g_ep=EgoyMDI2MDgyNS4wIJJjKgBIAVAD&rclk=1
bars in Toronto,PREQUEL & CO. APOTHECARY,info@barprequel.com,http://www.barprequel.com/,+1 647-368-6630,"Tock, OpenTable",https://www.google.com/maps/place/PREQUEL+%26+CO.+APOTHECARY/data=!4m7!3m6!1s0x882b3532718bf087:0x6db2d8626dd46c60!8m2!3d43.644118!4d-79.4203196!16s%2Fg%2F11trygt3ln!19sChIJh_CLcTI1K4gRYGzUbWLYsm0?authuser=0&hl=en&g_ep=EgoyMDI2MDgyNS4wIJJjKgBIAVAD&rclk=1
bars in Toronto,Everyside - Social Eatery & Taphouse,"reservations@drinkeveryside.com, gm@drinkeveryside.com, events@warm-welcome.ca",https://www.drinkeveryside.com/,,"Tock, OpenTable",https://www.google.com/maps/place/Everyside+-+Social+Eatery+%26+Taphouse/data=!4m7!3m6!1s0x882b35437673f9c1:0xfd1e6196c586fa42!8m2!3d43.6497295!4d-79.3832339!16s%2Fg%2F11w_zc7yn3!19sChIJwflzdkM1K4gRQvqGxZZhHv0?authuser=0&hl=en&g_ep=EgoyMDI2MDgyNS4wIJJjKgBIAVAD&rclk=1
bars in Toronto,Bar Raval,"nsup@thisisbarraval.com, sup@thisisbarraval.com",http://www.thisisbarraval.com/,,None,https://www.google.com/maps/place/Bar+Raval/data=!4m7!3m6!1s0x882b34ee99ca27c1:0xe4ec0fdc0f9087c6!8m2!3d43.6558235!4d-79.4099149!16s%2Fg%2F11b721nt4y!19sChIJwSfKme40K4gRxoeQD9wP7OQ?authuser=0&hl=en&g_ep=EgoyMDI2MDgyNS4wIJJjKgBIAVAD&rclk=1
resorts in Toronto,Kimpton Saint George Hotel,sales@kimptonsaintgeorge.com,https://www.kimptonsaintgeorge.com/?utm_source=googlemybusiness&utm_medium=organic&utm_campaign=gmb&utm_content=saintgeorge,+1 416-968-0010,Tock,https://www.google.com/maps/place/Kimpton+Saint+George+Hotel/data=!4m10!3m9!1s0x882b34bd086aaaab:0x1a82fe710bcf15ef!5m2!4m1!1i2!8m2!3d43.6675271!4d-79.4008133!16s%2Fg%2F11gh35pw04!19sChIJq6pqCL00K4gR7xXPC3H-gho?authuser=0&hl=en&g_ep=EgoyMDI2MDgyNS4wIJJjKgBIAVAD&rclk=1
resorts in Toronto,Holiday Inn Express & Suites Toronto Airport South by IHG,,https://www.ihg.com/redirect?path=hd&localeCode=en&brandCode=EX&regionCode=CA&hotelCode=YYZHX&cm_mmc=GoogleMaps-_-EX-_-CA-_-YYZHX,+1 416-362-7200,None,https://www.google.com/maps/place/Holiday+Inn+Express+%26+Suites+Toronto+Airport+South+by+IHG/data=!4m10!3m9!1s0x882b39bdebcdc1bb:0xc1b5e43e1b946534!5m2!4m1!1i2!8m2!3d43.67685!4d-79.58954!16s%2Fg%2F11s5tvsh5l!19sChIJu8HN6705K4gRNGWUGz7ktcE?authuser=0&hl=en&g_ep=EgoyMDI2MDgyNS4wIJJjKgBIAVAD&rclk=1
resorts in Toronto,"The Westin Harbour Castle, Toronto",,https://www.marriott.com/en-us/hotels/yyzwi-the-westin-harbour-castle-toronto/overview/?scid=f2ae0541-1279-4f24-b197-a979c79310b0,+1 416-869-1600,None,"https://www.google.com/maps/place/The+Westin+Harbour+Castle,+Toronto/data=!4m10!3m9!1s0x89d4cb2a3431ec1f:0xc9c3571760440328!5m2!4m1!1i2!8m2!3d43.6411803!4d-79.3762173!16zL20vMDhqeWpm!19sChIJH-wxNCrL1IkRKANEYBdXw8k?authuser=0&hl=en&g_ep=EgoyMDI2MDgyNS4wIJJjKgBIAVAD&rclk=1"
resorts in Toronto,"BISHA, a Luxury Collection Hotel, Toronto",,https://www.marriott.com/en-us/hotels/yyzld-bisha-a-luxury-collection-hotel-toronto/overview/?scid=f2ae0541-1279-4f24-b197-a979c79310b0,+1 416-551-2800,None,"https://www.google.com/maps/place/BISHA,+a+Luxury+Collection+Hotel,+Toronto/data=!4m10!3m9!1s0x882b34da02a23b89:0x5c8dd5192a12c372!5m2!4m1!1i2!8m2!3d43.6452961!4d-79.3924474!16s%2Fg%2F1hf0_rgwp!19sChIJiTuiAto0K4gRcsMSKhnVjVw?authuser=0&hl=en&g_ep=EgoyMDI2MDgyNS4wIJJjKgBIAVAD&rclk=1"
resorts in Toronto,Gladstone House,info@gladstonehouse.ca,https://www.gladstonehouse.ca/,+1 416-531-4635,Tock,https://www.google.com/maps/place/Gladstone+House/data=!4m10!3m9!1s0x882b35aaea2927c1:0x92e9d8d2a35ee872!5m2!4m1!1i2!8m2!3d43.642698!4d-79.426906!16zL20vMDh0Z2g3!19sChIJwScp6qo1K4gRcuheo9LY6ZI?authuser=0&hl=en&g_ep=EgoyMDI2MDgyNS4wIJJjKgBIAVAD&rclk=1
resorts in Toronto,Pantages Hotel Downtown Toronto,frontoffice@pantageshotel.com,http://www.pantageshotel.com/,+1 416-362-1777,"Tock, OpenTable",https://www.google.com/maps/place/Pantages+Hotel+Downtown+Toronto/data=!4m10!3m9!1s0x89d4cb34be3b5fcf:0x3759ae54b5c30ba!5m2!4m1!1i2!8m2!3d43.6546283!4d-79.3790873!16zL20vMDhsNGxy!19sChIJz187vjTL1IkRujBcS-WadQM?authuser=0&hl=en&g_ep=EgoyMDI2MDgyNS4wIJJjKgBIAVAD&rclk=1
resorts in Toronto,InterContinental Toronto Centre by IHG,,https://www.ihg.com/redirect?path=hd&localeCode=en&brandCode=IC&regionCode=CA&hotelCode=YYZTC&cm_mmc=GoogleMaps-_-IC-_-CA-_-YYZTC,+1 416-597-1400,None,https://www.google.com/maps/place/InterContinental+Toronto+Centre+by+IHG/data=!4m10!3m9!1s0x882b34d3f8b3a2b1:0x9b66d2dd62d37184!5m2!4m1!1i2!8m2!3d43.6443289!4d-79.385311!16s%2Fm%2F0bbxxb1!19sChIJsaKz-NM0K4gRhHHTYt3SZps?authuser=0&hl=en&g_ep=EgoyMDI2MDgyNS4wIJJjKgBIAVAD&rclk=1
resorts in Toronto,Windsor Arms Hotel,reserve@windsorarmshotel.com,http://windsorarmshotel.com/,+1 416-971-9666,"Tock, OpenTable",https://www.google.com/maps/place/Windsor+Arms+Hotel/data=!4m10!3m9!1s0x882b34b01dd7e865:0xd2c8865441bbea56!5m2!4m1!1i2!8m2!3d43.6687836!4d-79.3913129!16s%2Fm%2F027zty5!19sChIJZejXHbA0K4gRVuq7QVSGyNI?authuser=0&hl=en&g_ep=EgoyMDI2MDgyNS4wIJJjKgBIAVAD&rclk=1
resorts in Toronto,The Yorkville Royal Sonesta Hotel Toronto,"info@summitmassagestudio.ca, tmptdsalon@gmail.com, torontoyorkville@sonesta.com",https://www.sonesta.com/royal-sonesta/on/toronto/yorkville-royal-sonesta-hotel-toronto?utm_source=google&utm_medium=organic&utm_campaign=gmb,+1 416-960-5200,OpenTable,https://www.google.com/maps/place/The+Yorkville+Royal+Sonesta+Hotel+Toronto/data=!4m10!3m9!1s0x882b34bb429e9b01:0x2c441fece39fbf0f!5m2!4m1!1i2!8m2!3d43.6685008!4d-79.3963843!16s%2Fg%2F1vzn65r8!19sChIJAZueQrs0K4gRD7-f4-wfRCw?authuser=0&hl=en&g_ep=EgoyMDI2MDgyNS4wIJJjKgBIAVAD&rclk=1
resorts in Toronto,Executive Hotel Cosmopolitan Toronto,"reservations@cosmotoronto.com, sales@cosmotoronto.com",https://www.cosmotoronto.com/,+1 416-350-2000,None,https://www.google.com/maps/place/Executive+Hotel+Cosmopolitan+Toronto/data=!4m10!3m9!1s0x89d4cb32786350f5:0x84c390c9d0c6d1!5m2!4m1!1i2!8m2!3d43.6487199!4d-79.3770738!16s%2Fg%2F1xg5tnxb!19sChIJ9VBjeDLL1IkR0cbQyZDDhAA?authuser=0&hl=en&g_ep=EgoyMDI2MDgyNS4wIJJjKgBIAVAD&rclk=1
resorts in Toronto,Humber College Residence - North,cplhelp@humber.ca,http://www.humber.ca/residence/contact-us,+1 437-565-1368,None,https://www.google.com/maps/place/Humber+College+Residence+-+North/data=!4m10!3m9!1s0x882b3bb2bcaf0b11:0x90e9847553e1606d!5m2!4m1!1i2!8m2!3d43.7263091!4d-79.6063493!16s%2Fg%2F11btlw4vs_!19sChIJEQuvvLI7K4gRbWDhU3WE6ZA?authuser=0&hl=en&g_ep=EgoyMDI2MDgyNS4wIJJjKgBIAVAD&rclk=1
resorts in Toronto,The Hazelton Hotel Toronto,"peopleandculture@thehazeltonhotel.com, reservations@thehazeltonhotel.com, concierge@thehazeltonhotel.com, spa@thehazeltonhotel.com",https://www.thehazeltonhotel.com/?utm_source=google&utm_medium=organic&utm_campaign=gbp-listing&utm_content=the-hazelton-hotel-toronto,+1 855-421-4087,OpenTable,https://www.google.com/maps/place/The+Hazelton+Hotel+Toronto/data=!4m10!3m9!1s0x882b34a51a206131:0x6bdf9f40a11ab9b!5m2!4m1!1i2!8m2!3d43.6706905!4d-79.3939356!16s%2Fg%2F1tgm3h9l!19sChIJMWEgGqU0K4gRm6sRCvT5vQY?authuser=0&hl=en&g_ep=EgoyMDI2MDgyNS4wIJJjKgBIAVAD&rclk=1
resorts in Toronto,La TUMU Boutique Hotel,info@latumu.com,http://www.latumu.com/,+1 437-267-7327,None,https://www.google.com/maps/place/La+TUMU+Boutique+Hotel/data=!4m10!3m9!1s0x882b34b309012e43:0x6888bc46e9f27b6c!5m2!4m1!1i2!8m2!3d43.6649927!4d-79.3829353!16s%2Fg%2F1tm0tswv!19sChIJQy4BCbM0K4gRbHvy6Ua8iGg?authuser=0&hl=en&g_ep=EgoyMDI2MDgyNS4wIJJjKgBIAVAD&rclk=1
resorts in Toronto,W Toronto,,https://www.marriott.com/en-us/hotels/yyzwh-w-toronto/overview/?scid=f2ae0541-1279-4f24-b197-a979c79310b0,+1 416-961-8000,None,https://www.google.com/maps/place/W+Toronto/data=!4m10!3m9!1s0x882b34ac356b57e7:0x2176bac7ad8db70b!5m2!4m1!1i2!8m2!3d43.67087!4d-79.3845923!16s%2Fg%2F1tht2240!19sChIJ51drNaw0K4gRC7eNrce6diE?authuser=0&hl=en&g_ep=EgoyMDI2MDgyNS4wIJJjKgBIAVAD&rclk=1
resorts in Toronto,Staybridge Suites Toronto Airport East by IHG,,https://www.ihg.com/staybridge/hotels/us/en/toronto/ytodr/hoteldetail?cm_mmc=GoogleMaps-_-SB-_-CA-_-YTODR,+1 437-917-9200,None,https://www.google.com/maps/place/Staybridge+Suites+Toronto+Airport+East+by+IHG/data=!4m10!3m9!1s0x882b39f79d9b9017:0x5c62e9bebd88a143!5m2!4m1!1i2!8m2!3d43.69296!4d-79.572485!16s%2Fg%2F11xd0z2r5w!19sChIJF5Cbnfc5K4gRQ6GIvb7pYlw?authuser=0&hl=en&g_ep=EgoyMDI2MDgyNS4wIJJjKgBIAVAD&rclk=1
resorts in Toronto,The Omni King Edward Hotel,,https://www.omnihotels.com/hotels/toronto-king-edward?utm_source=gmblisting&utm_medium=organic,+1 416-863-9700,Tock,https://www.google.com/maps/place/The+Omni+King+Edward+Hotel/data=!4m10!3m9!1s0x882b30d90e773fe3:0xfb093bf6b3cf7f12!5m2!4m1!1i2!8m2!3d43.649245!4d-79.3760469!16zL20vMDhoeTJr!19sChIJ4z93DtkwK4gREn_Ps_Y7Cfs?authuser=0&hl=en&g_ep=EgoyMDI2MDgyNS4wIJJjKgBIAVAD&rclk=1
resorts in Toronto,The Anndore House - JDV by Hyatt,,https://www.hyatt.com/jdv-by-hyatt/en-US/torjd-the-anndore-house?src=corp_lclb_google_seo_torjd&utm_source=google&utm_medium=organic&utm_campaign=lmr,+1 416-924-1222,None,https://www.google.com/maps/place/The+Anndore+House+-+JDV+by+Hyatt/data=!4m10!3m9!1s0x882b34adf8426da5:0xa18953382af64d86!5m2!4m1!1i2!8m2!3d43.6685171!4d-79.3853826!16s%2Fg%2F11g9mfm0wf!19sChIJpW1C-K00K4gRhk32KjhTiaE?authuser=0&hl=en&g_ep=EgoyMDI2MDgyNS4wIJJjKgBIAVAD&rclk=1
resorts in Toronto,The St. Regis Toronto,,https://www.marriott.com/en-us/hotels/yyzxr-the-st-regis-toronto/overview/?scid=f2ae0541-1279-4f24-b197-a979c79310b0,+1 416-306-5800,None,https://www.google.com/maps/place/The+St.+Regis+Toronto/data=!4m10!3m9!1s0x89d4cbf42a46a639:0x4752f757c737acf1!5m2!4m1!1i2!8m2!3d43.649722!4d-79.380278!16s%2Fg%2F11c3sswftz!19sChIJOaZGKvTL1IkR8aw3x1f3Ukc?authuser=0&hl=en&g_ep=EgoyMDI2MDgyNS4wIJJjKgBIAVAD&rclk=1
resorts in Toronto,The Broadview Hotel,"events@thebroadviewhotel.ca, dinewithus@thebroadviewhotel.ca, info@thebroadviewhotel.ca",https://www.thebroadviewhotel.ca/,+1 416-362-8439,OpenTable,https://www.google.com/maps/place/The+Broadview+Hotel/data=!4m10!3m9!1s0x89d4cb6c43f9a2f7:0x3eebe4f027aa8dae!5m2!4m1!1i2!8m2!3d43.6589559!4d-79.3501888!16zL20vMDk2eW4w!19sChIJ96L5Q2zL1IkRro2qJ_Dk6z4?authuser=0&hl=en&g_ep=EgoyMDI2MDgyNS4wIJJjKgBIAVAD&rclk=1
resorts in Toronto,Madison Manor Boutique Hotel,frontdesk@madisonavenuepub.com,http://www.madisonmanorboutiquehotel.com/,+1 416-922-5579,None,https://www.google.com/maps/place/Madison+Manor+Boutique+Hotel/data=!4m10!3m9!1s0x882b3497d3883f6f:0xe56616258b5eec57!5m2!4m1!1i2!8m2!3d43.6680405!4d-79.4035016!16s%2Fg%2F1tqtyhtn!19sChIJbz-I05c0K4gRV-xeiyUWZuU?authuser=0&hl=en&g_ep=EgoyMDI2MDgyNS4wIJJjKgBIAVAD&rclk=1
resorts in Toronto,Alt Hotel Toronto Airport,"reservations.legermainquebec@germainhotels.com, reservations.altmontreal@germainhotels.com, reservations.altottawa@germainhotels.com, reservations.altdix30@germainhotels.com, reservations.altwinnipeg@germainhotels.com, reservations.legermaincalgary@germainhotels.com, reservations.altstjohns@germainhotels.com, reservations.alttorontoairport@germainhotels.com, reservations.altsaskatoon@germainhotels.com, reservations.legermaintorontomlsq@germainhotels.com, reservations.althalifax@germainhotels.com, reservations.legermainottawa@germainhotels.com, reservations.toronto@althotels.ca, reservations.altquebec@germainhotels.com, reservations.altcalgaryeastvillage@germainhotels.com, reservations.altcalgaryuniversitydistrict@germainhotels.com, sales.alttorontoairport@germainhotels.com, reservations.legermaincharlevoix@germainhotels.com, anyoung@germainhotels.com, reservations.legermaintorontomercer@germainhotels.com, reservations.escaddix30@germainhotels.com, reservations.legermainmontreal@germainhotels.com",https://www.germainhotels.com/en/alt-hotel/toronto-airport,+1 905-362-4337,OpenTable,https://www.google.com/maps/place/Alt+Hotel+Toronto+Airport/data=!4m10!3m9!1s0x882b3965a778a7af:0xc0a10690900ef5a6!5m2!4m1!1i2!8m2!3d43.6897919!4d-79.6147422!16s%2Fg%2F119vmy_vf!19sChIJr6d4p2U5K4gRpvUOkJAGocA?authuser=0&hl=en&g_ep=EgoyMDI2MDgyNS4wIJJjKgBIAVAD&rclk=1
resorts in Toronto,The Ivy At Verity,concierge@verity.ca,https://www.theivyatverity.com/,+1 416-368-6006,"Tock, OpenTable",https://www.google.com/maps/place/The+Ivy+At+Verity/data=!4m10!3m9!1s0x89d4cb36abc6bb31:0xa2e9413f034fa18e!5m2!4m1!1i2!8m2!3d43.6533121!4d-79.3742139!16s%2Fg%2F1tfwlbmy!19sChIJMbvGqzbL1IkRjqFPAz9B6aI?authuser=0&hl=en&g_ep=EgoyMDI2MDgyNS4wIJJjKgBIAVAD&rclk=1
resorts in Toronto,HOTEL OCHO,info@hotelocho.com,http://www.hotelocho.com/,+1 416-593-0885,"Tock, OpenTable",https://www.google.com/maps/place/HOTEL+OCHO/data=!4m10!3m9!1s0x882b3499111dd633:0x3329e816a4a408c7!5m2!4m1!1i2!8m2!3d43.6500042!4d-79.39639!16s%2Fg%2F1th0y_3w!19sChIJM9YdEZk0K4gRxwikpBboKTM?authuser=0&hl=en&g_ep=EgoyMDI2MDgyNS4wIJJjKgBIAVAD&rclk=1
resorts in Toronto,Shangri-La Toronto,slto@shangri-la.com,http://www.shangri-la.com/toronto/shangrila/,+1 647-788-8888,None,https://www.google.com/maps/place/Shangri-La+Toronto/data=!4m10!3m9!1s0x882b34d201963125:0x3739aa8618c4400d!5m2!4m1!1i2!8m2!3d43.6491695!4d-79.3861143!16s%2Fm%2F065ykpd!19sChIJJTGWAdI0K4gRDUDEGIaqOTc?authuser=0&hl=en&g_ep=EgoyMDI2MDgyNS4wIJJjKgBIAVAD&rclk=1
resorts in Toronto,Le Germain Hotel Toronto Mercer,"reservations@germaintoronto.com, info@punchtoronto.com, reservations.legermainquebec@germainhotels.com, reservations.altmontreal@germainhotels.com, reservations.altottawa@germainhotels.com, reservations.altdix30@germainhotels.com, sales.legermaintorontomercer@germainhotels.com, jdupre@germainhotels.com, reservations.altwinnipeg@germainhotels.com, reservations.legermaincalgary@germainhotels.com, concierge.legermaintorontomercer@germainhotels.com, reservations.altstjohns@germainhotels.com, reservations.alttorontoairport@germainhotels.com, reservations.altsaskatoon@germainhotels.com, reservations.legermaintorontomlsq@germainhotels.com, reservations.althalifax@germainhotels.com, reservations.legermainottawa@germainhotels.com, reservations.altquebec@germainhotels.com, reservations.altcalgaryeastvillage@germainhotels.com, reservations.altcalgaryuniversitydistrict@germainhotels.com, reservations.legermaincharlevoix@germainhotels.com, reservations.legermaintorontomercer@germainhotels.com, reservations.escaddix30@germainhotels.com, reservations.legermainmontreal@germainhotels.com",https://www.germainhotels.com/en/le-germain-hotel/toronto-mercer,+1 416-345-9500,OpenTable,https://www.google.com/maps/place/Le+Germain+Hotel+Toronto+Mercer/data=!4m10!3m9!1s0x882b34d0afbc18eb:0x267f4b27d57ace5d!5m2!4m1!1i2!8m2!3d43.6458047!4d-79.3911135!16s%2Fg%2F1yg57wgrf!19sChIJ6xi8r9A0K4gRXc561SdLfyY?authuser=0&hl=en&g_ep=EgoyMDI2MDgyNS4wIJJjKgBIAVAD&rclk=1
resorts in Toronto,SoHo Hotel Toronto,"concierge@sohohoteltoronto.com, reservations@sohohoteltoronto.com, conceirge@sohohoteltoronto.com, members@iprefer.com, info@sohohoteltoronto.com",https://www.sohohoteltoronto.com/,+1 416-599-8800,"Tock, OpenTable",https://www.google.com/maps/place/SoHo+Hotel+Toronto/data=!4m10!3m9!1s0x882b34d9fccb5b4f:0x77f95258a0877bbc!5m2!4m1!1i2!8m2!3d43.6447222!4d-79.3922222!16s%2Fg%2F1wt3p13_!19sChIJT1vL_Nk0K4gRvHuHoFhS-Xc?authuser=0&hl=en&g_ep=EgoyMDI2MDgyNS4wIJJjKgBIAVAD&rclk=1
resorts in Toronto,Le Germain Hotel Toronto Maple Leaf Square,"reservations.legermainquebec@germainhotels.com, reservations.altmontreal@germainhotels.com, reservations.altottawa@germainhotels.com, reservations.altdix30@germainhotels.com, sales.legermaintorontomlsq@germainhotels.com, reservations.altwinnipeg@germainhotels.com, reservations.legermaincalgary@germainhotels.com, reservations.altstjohns@germainhotels.com, reservations.alttorontoairport@germainhotels.com, reservations.altsaskatoon@germainhotels.com, reservations.legermaintorontomlsq@germainhotels.com, reservations.althalifax@germainhotels.com, reservations.legermainottawa@germainhotels.com, reservations.altquebec@germainhotels.com, concierge.legermaintorontomlsq@germainhotels.com, reservations.altcalgaryeastvillage@germainhotels.com, reservations.altcalgaryuniversitydistrict@germainhotels.com, reservations.legermaincharlevoix@germainhotels.com, nlazarou@germainhotels.com, reservations.legermaintorontomercer@germainhotels.com, reservations.escaddix30@germainhotels.com, reservations.legermainmontreal@germainhotels.com, reservations@germainmapleleafsquare.com",https://www.germainhotels.com/en/le-germain-hotel/toronto-maple-leaf-square,+1 416-649-7575,OpenTable,https://www.google.com/maps/place/Le+Germain+Hotel+Toronto+Maple+Leaf+Square/data=!4m10!3m9!1s0x882b34d4cbfef2ad:0xdd1e68dc1e75f9d7!5m2!4m1!1i2!8m2!3d43.6427925!4d-79.3808844!16s%2Fg%2F1vv2swdj!19sChIJrfL-y9Q0K4gR1_l1HtxoHt0?authuser=0&hl=en&g_ep=EgoyMDI2MDgyNS4wIJJjKgBIAVAD&rclk=1
resorts in Toronto,Four Seasons Hotel Toronto,,https://www.fourseasons.com/toronto/?utm_source=google&utm_medium=organicsearch&utm_campaign=tor-tfy-hre-mid-seo-na&utm_content=na-na&utm_term=na,+1 416-964-0411,None,https://www.google.com/maps/place/Four+Seasons+Hotel+Toronto/data=!4m10!3m9!1s0x882b34a4d8b112f5:0x4326f2e10e3c594f!5m2!4m1!1i2!8m2!3d43.671995!4d-79.3897969!16zL20vMDhsNTFn!19sChIJ9RKx2KQ0K4gRT1k8DuHyJkM?authuser=0&hl=en&g_ep=EgoyMDI2MDgyNS4wIJJjKgBIAVAD&rclk=1
resorts in Toronto,Cambridge Suites Toronto,"booktoronto@cambridgesuitestoronto.com, sales@cambridgesuitestoronto.com",https://www.cambridgesuitestoronto.com/?utm_source=google&utm_medium=organic&utm_campaign=gbp_listing,+1 416-368-1990,None,https://www.google.com/maps/place/Cambridge+Suites+Toronto/data=!4m10!3m9!1s0x89d4cb330f3700cf:0x245796bd773c703e!5m2!4m1!1i2!8m2!3d43.6516917!4d-79.3779253!16s%2Fg%2F1tgdv3gb!19sChIJzwA3DzPL1IkRPnA8d72WVyQ?authuser=0&hl=en&g_ep=EgoyMDI2MDgyNS4wIJJjKgBIAVAD&rclk=1
resorts in Toronto,Westlake Boutique Hotel,info@thewestlake.ca,http://www.thewestlake.ca/,+1 647-588-2847,None,https://www.google.com/maps/place/Westlake+Boutique+Hotel/data=!4m10!3m9!1s0x882b497aec41a2d1:0x26de5da62a5a293e!5m2!4m1!1i2!8m2!3d43.6012975!4d-79.5020099!16s%2Fg%2F11g234t466!19sChIJ0aJB7HpJK4gRPilaKqZd3iY?authuser=0&hl=en&g_ep=EgoyMDI2MDgyNS4wIJJjKgBIAVAD&rclk=1
resorts in Toronto,Avalon Suites Yorkville,info@avalontoronto.com,https://www.avalontoronto.com/,+1 416-731-1372,None,https://www.google.com/maps/place/Avalon+Suites+Yorkville/data=!4m10!3m9!1s0x882b34a4df7f72ed:0x63ef14dec79c6f50!5m2!4m1!1i2!8m2!3d43.6703308!4d-79.3943281!16s%2Fg%2F11f1mh30k8!19sChIJ7XJ_36Q0K4gRUG-cx94U72M?authuser=0&hl=en&g_ep=EgoyMDI2MDgyNS4wIJJjKgBIAVAD&rclk=1
resorts in Toronto,Hotel Victoria,frontdesk@hotelvictoriatoronto.com,http://www.hotelvictoriatoronto.com/,+1 416-363-1666,"Tock, OpenTable",https://www.google.com/maps/place/Hotel+Victoria/data=!4m10!3m9!1s0x882ad58abdd35b35:0xc5e7acd7c71da828!5m2!4m1!1i2!8m2!3d43.6481711!4d-79.3778652!16s%2Fm%2F0gjdgkz!19sChIJNVvTvYrVKogRKKgdx9es58U?authuser=0&hl=en&g_ep=EgoyMDI2MDgyNS4wIJJjKgBIAVAD&rclk=1
resorts in Toronto,"Hotel X Toronto, a Destination by Hyatt Hotel",,https://www.hyatt.com/destination-by-hyatt/en-US/tordh-hotel-x-toronto?src=corp_lclb_google_seo_tordh&utm_source=google&utm_medium=organic&utm_campaign=lmr,+1 855-943-9300,None,"https://www.google.com/maps/place/Hotel+X+Toronto,+a+Destination+by+Hyatt+Hotel/data=!4m10!3m9!1s0x882b351a92a1e0ff:0x23d029d330677da6!5m2!4m1!1i2!8m2!3d43.6331609!4d-79.4117663!16s%2Fg%2F11bz0cwp7c!19sChIJ_-Chkho1K4gRpn1nMNMp0CM?authuser=0&hl=en&g_ep=EgoyMDI2MDgyNS4wIJJjKgBIAVAD&rclk=1"
resorts in Toronto,The Annex Hotel,hello@theannex.com,http://theannex.com/,+1 647-694-9868,None,https://www.google.com/maps/place/The+Annex+Hotel/data=!4m10!3m9!1s0x882b35576b4be5c3:0xada25661e76a34d8!5m2!4m1!1i2!8m2!3d43.6654334!4d-79.4079397!16s%2Fg%2F11f75__8rz!19sChIJw-VLa1c1K4gR2DRq52FWoq0?authuser=0&hl=en&g_ep=EgoyMDI2MDgyNS4wIJJjKgBIAVAD&rclk=1
resorts in Toronto,"The Saint James Hotel, an Ascend Collection Hotel",,https://www.choicehotels.com/ontario/toronto/ascend-hotels/cna56?mc=llrscncn&pmf=canada,+1 416-645-2200,None,"https://www.google.com/maps/place/The+Saint+James+Hotel,+an+Ascend+Collection+Hotel/data=!4m10!3m9!1s0x882b34b54f7ca219:0xae8c012310d77111!5m2!4m1!1i2!8m2!3d43.6594656!4d-79.3809944!16s%2Fg%2F11b7f0wrhg!19sChIJGaJ8T7U0K4gREXHXECMBjK4?authuser=0&hl=en&g_ep=EgoyMDI2MDgyNS4wIJJjKgBIAVAD&rclk=1"
resorts in Toronto,Park Hyatt Toronto,,https://www.hyatt.com/park-hyatt/en-US/torph-park-hyatt-toronto?src=corp_lclb_google_seo_torph&utm_source=google&utm_medium=organic&utm_campaign=lmr,+1 416-925-1234,None,https://www.google.com/maps/place/Park+Hyatt+Toronto/data=!4m10!3m9!1s0x882b34bad769ded7:0x1e98ccd74b3aa32d!5m2!4m1!1i2!8m2!3d43.6692168!4d-79.3948773!16s%2Fm%2F06w3tby!19sChIJ195p17o0K4gRLaM6S9fMmB4?authuser=0&hl=en&g_ep=EgoyMDI2MDgyNS4wIJJjKgBIAVAD&rclk=1
resorts in Toronto,Old Mill Toronto Hotel,reservations@oldmilltoronto.ca,https://oldmilltorontohotel.com/,+1 416-232-3703,None,https://www.google.com/maps/place/Old+Mill+Toronto+Hotel/data=!4m10!3m9!1s0x882b36f5485e6987:0x14afb80d83f75dca!5m2!4m1!1i2!8m2!3d43.6507591!4d-79.4928476!16s%2Fm%2F043rhsm!19sChIJh2leSPU2K4gRyl33gw24rxQ?authuser=0&hl=en&g_ep=EgoyMDI2MDgyNS4wIJJjKgBIAVAD&rclk=1
resorts in Toronto,"The Ritz-Carlton, Toronto",,https://www.ritzcarlton.com/en/hotels/yyzrz-the-ritz-carlton-toronto/overview/?scid=f2ae0541-1279-4f24-b197-a979c79310b0,+1 416-585-2500,Tock,"https://www.google.com/maps/place/The+Ritz-Carlton,+Toronto/data=!4m10!3m9!1s0x882b34d147950583:0xbd204fafb5cdc0d6!5m2!4m1!1i2!8m2!3d43.6454574!4d-79.3871287!16s%2Fg%2F12v_38dm9!19sChIJgwWVR9E0K4gR1sDNta9PIL0?authuser=0&hl=en&g_ep=EgoyMDI2MDgyNS4wIJJjKgBIAVAD&rclk=1"
resorts in Toronto,The Darling Mansion,,http://www.thedarlingmansion.com/,+1 416-822-0891,None,https://www.google.com/maps/place/The+Darling+Mansion/data=!4m10!3m9!1s0x882b34ff48ff2aeb:0x57dd76c207b14eb7!5m2!4m1!1i2!8m2!3d43.6478504!4d-79.4242925!16s%2Fg%2F11b7kd9cns!19sChIJ6yr_SP80K4gRt06xB8J23Vc?authuser=0&hl=en&g_ep=EgoyMDI2MDgyNS4wIJJjKgBIAVAD&rclk=1
restaurants in Montreal,Katsuya Montréal,office.katsuya@gmail.com,https://www.katsuya.ca/,+1 438-382-1665,Tock,https://www.google.com/maps/place/Katsuya+Montr%C3%A9al/data=!4m7!3m6!1s0x4cc91b000837b4ff:0xb222c58cf7eb8f84!8m2!3d45.4949062!4d-73.5804318!16s%2Fg%2F11vxdh9jxh!19sChIJ_7Q3CAAbyUwRhI_r94zFIrI?authuser=0&hl=en&g_ep=EgoyMDI2MDgyNS4wIJJjKgBIAVAD&rclk=1
restaurants in Montreal,Jatoba,"info@jatobamontreal.com, rebecca@jatobamontreal.com",http://www.jatobamontreal.com/,+1 514-871-1184,"Tock, OpenTable",https://www.google.com/maps/place/Jatoba/data=!4m7!3m6!1s0x4cc91a450340fbbb:0x6bde13066961bc3d!8m2!3d45.5032786!4d-73.567343!16s%2Fg%2F11b6x5g89h!19sChIJu_tAA0UayUwRPbxhaQYT3ms?authuser=0&hl=en&g_ep=EgoyMDI2MDgyNS4wIJJjKgBIAVAD&rclk=1
restaurants in Montreal,Dinette Marcella,"utilisateur@domaine.com, info@dinettemarcella.com",http://dinettemarcella.com/,+1 438-533-3708,"Tock, OpenTable",https://www.google.com/maps/place/Dinette+Marcella/data=!4m7!3m6!1s0x4cc91b052e2cc8af:0x7688a472d886d475!8m2!3d45.5027953!4d-73.5551201!16s%2Fg%2F11rzyvxh17!19sChIJr8gsLgUbyUwRddSG2HKkiHY?authuser=0&hl=en&g_ep=EgoyMDI2MDgyNS4wIJJjKgBIAVAD&rclk=1
restaurants in Montreal,Monarque,info@restaurantmonarque.ca,http://www.restaurantmonarque.ca/,+1 514-875-3896,"Tock, Resy",https://www.google.com/maps/place/Monarque/data=!4m7!3m6!1s0x4cc91b70336e6c71:0x49384493de25f142!8m2!3d45.5016969!4d-73.5598177!16s%2Fg%2F11g22zrgb3!19sChIJcWxuM3AbyUwRQvEl3pNEOEk?authuser=0&hl=en&g_ep=EgoyMDI2MDgyNS4wIJJjKgBIAVAD&rclk=1
restaurants in Montreal,Le Serpent,leserpent@leserpent.ca,http://www.leserpent.ca/,+1 514-316-4666,OpenTable,https://www.google.com/maps/place/Le+Serpent/data=!4m7!3m6!1s0x4cc91a5f12aaa15b:0xe57a70acb0889983!8m2!3d45.4976507!4d-73.5571233!16s%2Fg%2F1pxwllf87!19sChIJW6GqEl8ayUwRg5mIsKxweuU?authuser=0&hl=en&g_ep=EgoyMDI2MDgyNS4wIJJjKgBIAVAD&rclk=1
restaurants in Montreal,Cadet,,http://www.restaurantcadet.com/,+1 514-903-1631,"Tock, Resy",https://www.google.com/maps/place/Cadet/data=!4m7!3m6!1s0x4cc91a4c2b6d71c3:0xec1f3f81a5275f98!8m2!3d45.5102976!4d-73.5644156!16s%2Fg%2F11byyjpr03!19sChIJw3FtK0wayUwRmF8npYE_H-w?authuser=0&hl=en&g_ep=EgoyMDI2MDgyNS4wIJJjKgBIAVAD&rclk=1
restaurants in Montreal,Kouzina Niata,info@kouzinaniata.com,http://www.kouzinaniata.com/,+1 514-446-1821,"Tock, OpenTable",https://www.google.com/maps/place/Kouzina+Niata/data=!4m7!3m6!1s0x4cc9197ebc949c1b:0x4ea23496f9a70b61!8m2!3d45.5232539!4d-73.6015397!16s%2Fg%2F11pvh7v67g!19sChIJG5yUvH4ZyUwRYQun-ZY0ok4?authuser=0&hl=en&g_ep=EgoyMDI2MDgyNS4wIJJjKgBIAVAD&rclk=1
restaurants in Montreal,Knuckles,,http://restaurantknuckles.com/,+1 438-380-3858,Resy,https://www.google.com/maps/place/Knuckles/data=!4m7!3m6!1s0x4cc919bc8de6f169:0x97086a57c402a764!8m2!3d45.5412618!4d-73.6301822!16s%2Fg%2F11hsyjcyq5!19sChIJafHmjbwZyUwRZKcCxFdqCJc?authuser=0&hl=en&g_ep=EgoyMDI2MDgyNS4wIJJjKgBIAVAD&rclk=1
restaurants in Montreal,Kazu,,http://www.kazumontreal.com/,+1 514-937-2333,"Tock, ChowNow",https://www.google.com/maps/place/Kazu/data=!4m7!3m6!1s0x4cc91a6c76601155:0xa995c5b40cf417c5!8m2!3d45.4930908!4d-73.5798531!16s%2Fg%2F1tncsh_5!19sChIJVRFgdmwayUwRxRf0DLTFlak?authuser=0&hl=en&g_ep=EgoyMDI2MDgyNS4wIJJjKgBIAVAD&rclk=1
restaurants in Montreal,BOUILLON BILK,info@bouillonbilk.com,http://www.bouillonbilk.com/,+1 514-845-1595,Resy,https://www.google.com/maps/place/BOUILLON+BILK/data=!4m7!3m6!1s0x4cc91a4c1789dc9b:0x441fe9250df1633b!8m2!3d45.5102803!4d-73.5633756!16s%2Fg%2F1tff76_b!19sChIJm9yJF0wayUwRO2PxDSXpH0Q?authuser=0&hl=en&g_ep=EgoyMDI2MDgyNS4wIJJjKgBIAVAD&rclk=1
restaurants in Montreal,Lucille's Avenue des Canadiens,"avecanadiens@lucillesoyster.com, bureauchef@lucillesoyster.com",https://restaurantslucilles.com/succursales/av-des-canadiens/,+1 438-544-1356,OpenTable,https://www.google.com/maps/place/Lucille%27s+Avenue+des+Canadiens/data=!4m7!3m6!1s0x4cc91bbfea45a6e5:0x9123858eca2e98c1!8m2!3d45.4970721!4d-73.5703988!16s%2Fg%2F11w92brvgy!19sChIJ5aZF6r8byUwRwZguyo6FI5E?authuser=0&hl=en&g_ep=EgoyMDI2MDgyNS4wIJJjKgBIAVAD&rclk=1
restaurants in Montreal,Holder,,https://restaurantholder.com/,+1 514-849-0333,None,https://www.google.com/maps/place/Holder/data=!4m7!3m6!1s0x4cc91a5923eabba3:0x45b98582bf53985c!8m2!3d45.5004842!4d-73.5574595!16s%2Fg%2F11c2j4bw89!19sChIJo7vqI1kayUwRXJhTv4KFuUU?authuser=0&hl=en&g_ep=EgoyMDI2MDgyNS4wIJJjKgBIAVAD&rclk=1
restaurants in Montreal,Ô Four,,,+1 514-499-1484,None,https://www.google.com/maps/place/%C3%94+Four/data=!4m7!3m6!1s0x4cc91b9666c8d6a9:0xcbc537cb4dfbdcff!8m2!3d45.5087886!4d-73.5727043!16s%2Fg%2F11n2h8mm3g!19sChIJqdbIZpYbyUwR_9z7Tcs3xcs?authuser=0&hl=en&g_ep=EgoyMDI2MDgyNS4wIJJjKgBIAVAD&rclk=1
restaurants in Montreal,Le P'tit Rustik,contact@leptitrustik.com,https://www.facebook.com/leptitrustik,+1 438-380-0690,"Tock, Resy",https://www.google.com/maps/place/Le+P%27tit+Rustik/data=!4m7!3m6!1s0x4cc91bcc6cbcba27:0x215d166cce0a1c1c!8m2!3d45.5202936!4d-73.5765333!16s%2Fg%2F11g9nlg9g2!19sChIJJ7q8bMwbyUwRHBwKzmwWXSE?authuser=0&hl=en&g_ep=EgoyMDI2MDgyNS4wIJJjKgBIAVAD&rclk=1
restaurants in Montreal,Modavie,info@modavie.com,http://modavie.com/?utm_source=gmb&utm_medium=organic,+1 514-287-9582,OpenTable,https://www.google.com/maps/place/Modavie/data=!4m7!3m6!1s0x4cc91a57a7ff8e17:0x8dc02f1a54b8e0d6!8m2!3d45.5054645!4d-73.553962!16s%2Fg%2F11bxf49wlz!19sChIJF47_p1cayUwR1uC4VBovwI0?authuser=0&hl=en&g_ep=EgoyMDI2MDgyNS4wIJJjKgBIAVAD&rclk=1
restaurants in Montreal,Sabrosa,"info@sabrosamontreal.com, reservation@sabrosamontreal.com",https://sabrosamontreal.com/,+1 514-326-6300,OpenTable,https://www.google.com/maps/place/Sabrosa/data=!4m7!3m6!1s0x4cc91a5661f3ffff:0x7bf136e5e12e4bec!8m2!3d45.5074761!4d-73.5526501!16s%2Fg%2F11kjf3sdn2!19sChIJ___zYVYayUwR7Esu4eU28Xs?authuser=0&hl=en&g_ep=EgoyMDI2MDgyNS4wIJJjKgBIAVAD&rclk=1
restaurants in Montreal,Jellyfish Montreal - restaurant,"info@jellyfishmontreal.com, reservation@jellyfishmontreal.com",http://www.jellyfishmontreal.com/,+1 514-303-0908,OpenTable,https://www.google.com/maps/place/Jellyfish+Montreal+-+restaurant/data=!4m7!3m6!1s0x4cc91a5f55a284b1:0xd25ce645b3895b24!8m2!3d45.4988613!4d-73.5544019!16s%2Fg%2F11bwd30cfy!19sChIJsYSiVV8ayUwRJFuJs0XmXNI?authuser=0&hl=en&g_ep=EgoyMDI2MDgyNS4wIJJjKgBIAVAD&rclk=1
restaurants in Montreal,Venice Mtl Vieux-Montreal,"venicemtl@gmail.com, resa.venicemtl@gmail.com",http://www.venicemtl.com/,+1 438-333-7653,"Tock, ChowNow",https://www.google.com/maps/place/Venice+Mtl+Vieux-Montreal/data=!4m7!3m6!1s0x4cc91a59c69e4885:0x85bc3755a5552753!8m2!3d45.5032017!4d-73.5563857!16s%2Fg%2F11cmxxsntd!19sChIJhUiexlkayUwRUydVpVU3vIU?authuser=0&hl=en&g_ep=EgoyMDI2MDgyNS4wIJJjKgBIAVAD&rclk=1
restaurants in Montreal,Restaurant Mastard,info@restaurantmastard.com,https://restaurantmastard.com/,+1 514-843-2152,None,https://www.google.com/maps/place/Restaurant+Mastard/data=!4m7!3m6!1s0x4cc91912464a42a5:0xfd59130687279f23!8m2!3d45.5471682!4d-73.6029354!16s%2Fg%2F11qp_f83q8!19sChIJpUJKRhIZyUwRI58nhwYTWf0?authuser=0&hl=en&g_ep=EgoyMDI2MDgyNS4wIJJjKgBIAVAD&rclk=1
restaurants in Montreal,Le Boulevardier Restaurant,"groupes@leboulevardierrestaurant.com, reservations.legermainquebec@germainhotels.com, reservations.altmontreal@germainhotels.com, reservations.altottawa@germainhotels.com, reservations.altdix30@germainhotels.com, info@leboulevardierrestaurant.com, reservations.altwinnipeg@germainhotels.com, reservations.legermaincalgary@germainhotels.com, traiteur@leboulevardierrestaurant.com, reservations.alttorontoairport@germainhotels.com, reservations.altstjohns@germainhotels.com, reservations.altsaskatoon@germainhotels.com, reservations.legermaintorontomlsq@germainhotels.com, reservations.althalifax@germainhotels.com, reservations.legermainottawa@germainhotels.com, reservations.altquebec@germainhotels.com, reservations.altcalgaryeastvillage@germainhotels.com, reservations.altcalgaryuniversitydistrict@germainhotels.com, reservations.legermaincharlevoix@germainhotels.com, reservations.legermaintorontomercer@germainhotels.com, reservations.escaddix30@germainhotels.com, reservations.legermainmontreal@germainhotels.com",https://leboulevardierrestaurant.com/,+1 514-985-6072,OpenTable,https://www.google.com/maps/place/Le+Boulevardier+Restaurant/data=!4m7!3m6!1s0x4cc91ba71286e089:0x9493df5aead2ac53!8m2!3d45.5024978!4d-73.5744309!16s%2Fg%2F11h4tx16ty!19sChIJieCGEqcbyUwRU6zS6lrfk5Q?authuser=0&hl=en&g_ep=EgoyMDI2MDgyNS4wIJJjKgBIAVAD&rclk=1
restaurants in Montreal,Restaurant Dorsia,reservations@restaurantdorsia.com,https://restaurantdorsia.com/,+1 514-312-6500,"Tock, OpenTable",https://www.google.com/maps/place/Restaurant+Dorsia/data=!4m7!3m6!1s0x4cc91b6edce157e3:0x3214645e66276d2d!8m2!3d45.5017098!4d-73.5588846!16s%2Fg%2F11l1xn8zrs!19sChIJ41fh3G4byUwRLW0nZl5kFDI?authuser=0&hl=en&g_ep=EgoyMDI2MDgyNS4wIJJjKgBIAVAD&rclk=1
restaurants in Montreal,Garde Manger,admin@crownsalts.com,http://gardemanger.ca/,+1 514-678-5044,"Tock, OpenTable",https://www.google.com/maps/place/Garde+Manger/data=!4m7!3m6!1s0x4cc91a58354ed7c9:0x220dea0eff66d174!8m2!3d45.5028415!4d-73.5555399!16s%2Fg%2F1th1cbf9!19sChIJyddONVgayUwRdNFm_w7qDSI?authuser=0&hl=en&g_ep=EgoyMDI2MDgyNS4wIJJjKgBIAVAD&rclk=1
restaurants in Montreal,Reuben's Deli and Steakhouse,info@reubensdeli.com,https://reubensdeli.com/,+1 514-866-1029,"Tock, OpenTable",https://www.google.com/maps/place/Reuben%27s+Deli+and+Steakhouse/data=!4m7!3m6!1s0x4cc91a43ce466bc9:0x55c05f4d966b86d2!8m2!3d45.4996722!4d-73.5730611!16s%2Fg%2F1tdl155t!19sChIJyWtGzkMayUwR0oZrlk1fwFU?authuser=0&hl=en&g_ep=EgoyMDI2MDgyNS4wIJJjKgBIAVAD&rclk=1
restaurants in Montreal,Le Majestique Montréal,info@restobarmajestique.com,http://www.restobarmajestique.com/,+1 514-439-1850,Tock,https://www.google.com/maps/place/Le+Majestique+Montr%C3%A9al/data=!4m7!3m6!1s0x4cc91bcd2a9a3d2b:0xdd93d186b41efb04!8m2!3d45.5175202!4d-73.580316!16s%2Fg%2F1q2wfgby9!19sChIJKz2aKs0byUwRBPsetIbRk90?authuser=0&hl=en&g_ep=EgoyMDI2MDgyNS4wIJJjKgBIAVAD&rclk=1
restaurants in Montreal,TESFA,,https://tesfa.ca/,+1 514-527-4444,Tock,https://www.google.com/maps/place/TESFA/data=!4m7!3m6!1s0x4cc91b86ea2845ef:0xb64d0c5dd66f530b!8m2!3d45.5330665!4d-73.57521!16s%2Fg%2F11p73zf9kv!19sChIJ70Uo6oYbyUwRC1Nv1l0MTbY?authuser=0&hl=en&g_ep=EgoyMDI2MDgyNS4wIJJjKgBIAVAD&rclk=1
restaurants in Montreal,Chez Lionel - Montréal,,https://www.chezlionel.ca/montreal-1250,+1 514-360-9590,Tock,https://www.google.com/maps/place/Chez+Lionel+-+Montr%C3%A9al/data=!4m7!3m6!1s0x4cc91bc9882a3d71:0x1672d88af9c40374!8m2!3d45.4973949!4d-73.5707577!16s%2Fg%2F11x5t5s0sb!19sChIJcT0qiMkbyUwRdAPE-YrYchY?authuser=0&hl=en&g_ep=EgoyMDI2MDgyNS4wIJJjKgBIAVAD&rclk=1
restaurants in Montreal,Pub Saint Pierre,"utilisateur@domaine.com, reservations@pubsaintpierre.ca",http://www.pubsaintpierre.ca/,+1 514-985-5204,"Tock, OpenTable",https://www.google.com/maps/place/Pub+Saint+Pierre/data=!4m7!3m6!1s0x4cc91a5903a144ef:0x27a6c5f0d0e083f1!8m2!3d45.5013086!4d-73.5566671!16s%2Fg%2F1hc47kjsp!19sChIJ70ShA1kayUwR8YPg0PDFpic?authuser=0&hl=en&g_ep=EgoyMDI2MDgyNS4wIJJjKgBIAVAD&rclk=1
restaurants in Montreal,La Belle Tonki,"true-audio-player@1.1.1.min.js, info@labelletonki.ca",https://www.labelletonki.ca/,+1 514-419-0660,None,https://www.google.com/maps/place/La+Belle+Tonki/data=!4m7!3m6!1s0x4cc91938b54ff6a1:0xc2213cf2b19945f5!8m2!3d45.5405424!4d-73.5994458!16s%2Fg%2F1tncshz5!19sChIJofZPtTgZyUwR9UWZsfI8IcI?authuser=0&hl=en&g_ep=EgoyMDI2MDgyNS4wIJJjKgBIAVAD&rclk=1
restaurants in Montreal,Restaurant Chillax,chillax3460@gmail.com,https://www.facebook.com/p/Chillax-100067332611719/,+1 514-419-1825,"Tock, Resy",https://www.google.com/maps/place/Restaurant+Chillax/data=!4m7!3m6!1s0x4cc91a49b2ccbb5f:0x1379edd4e58028ea!8m2!3d45.5089613!4d-73.5729072!16s%2Fg%2F11bxg0rj30!19sChIJX7vMskkayUwR6iiA5dTteRM?authuser=0&hl=en&g_ep=EgoyMDI2MDgyNS4wIJJjKgBIAVAD&rclk=1
restaurants in Montreal,Deville Dinerbar,info@devilledinerbar.com,https://www.devilledinerbar.com/,+1 514-281-6556,"Tock, OpenTable, SevenRooms",https://www.google.com/maps/place/Deville+Dinerbar/data=!4m7!3m6!1s0x4cc91a417e60d109:0xaa7f3622bc037b63!8m2!3d45.4997056!4d-73.5741417!16s%2Fg%2F1hc30n38h!19sChIJCdFgfkEayUwRY3sDvCI2f6o?authuser=0&hl=en&g_ep=EgoyMDI2MDgyNS4wIJJjKgBIAVAD&rclk=1
restaurants in Montreal,Restaurant Le Carré,info@restaurantlecarre.ca,http://restaurantlecarre.ca/,,"Tock, OpenTable",https://www.google.com/maps/place/Restaurant+Le+Carr%C3%A9/data=!4m7!3m6!1s0x4cc91b25a875e323:0x3c64f200a3fd8bc6!8m2!3d45.503616!4d-73.5672389!16s%2Fg%2F11gmwj8ff6!19sChIJI-N1qCUbyUwRxov9owDyZDw?authuser=0&hl=en&g_ep=EgoyMDI2MDgyNS4wIJJjKgBIAVAD&rclk=1
restaurants in Montreal,BARROCO,"utilisateur@domaine.com, groupes@barroco.ca, info@barroco.ca",http://www.barroco.ca/,+1 514-544-5800,"Tock, OpenTable",https://www.google.com/maps/place/BARROCO/data=!4m7!3m6!1s0x4cc91a58feca9715:0xa65b01270d9db79!8m2!3d45.5014041!4d-73.5559468!16s%2Fg%2F1vd3vdsr!19sChIJFZfK_lgayUwRedvZcBKwZQo?authuser=0&hl=en&g_ep=EgoyMDI2MDgyNS4wIJJjKgBIAVAD&rclk=1
restaurants in Montreal,El mida,elmida.mtl@gmail.com,http://www.elmida.ca/,+1 514-844-4442,OpenTable,https://www.google.com/maps/place/El+mida/data=!4m7!3m6!1s0x4cc91bf463745461:0xed2d12aca6c62993!8m2!3d45.5095187!4d-73.5729961!16s%2Fg%2F11w46wh807!19sChIJYVR0Y_QbyUwRkynGpqwSLe0?authuser=0&hl=en&g_ep=EgoyMDI2MDgyNS4wIJJjKgBIAVAD&rclk=1
restaurants in Montreal,Maison Boulud,tea@ritzmontreal.com,https://www.ritzcarlton.com/en/hotels/yulrm-the-ritz-carlton-montreal/dining/?scid=feed67b0-9a2f-4de1-8df6-114544116108,+1 514-842-4224,OpenTable,https://www.google.com/maps/place/Maison+Boulud/data=!4m7!3m6!1s0x4cc91a40f7f00c21:0xa794e5eccda3549d!8m2!3d45.5000232!4d-73.578042!16s%2Fg%2F11y3_cn10!19sChIJIQzw90AayUwRnVSjzezllKc?authuser=0&hl=en&g_ep=EgoyMDI2MDgyNS4wIJJjKgBIAVAD&rclk=1
restaurants in Montreal,Brasserie 701,info@brasserie701.com,http://www.brasserie701.com/?utm_source=gmb&utm_medium=organic,+1 514-904-1201,OpenTable,https://www.google.com/maps/place/Brasserie+701/data=!4m7!3m6!1s0x4cc91a50b4e1686f:0x77299f14f7298bd6!8m2!3d45.5054177!4d-73.5574952!16s%2Fg%2F1td71mbz!19sChIJb2jhtFAayUwR1osp9xSfKXc?authuser=0&hl=en&g_ep=EgoyMDI2MDgyNS4wIJJjKgBIAVAD&rclk=1
restaurants in Montreal,Restaurant Bonaparte,groupe@epikcollection.com,http://www.restaurantbonaparte.com/,+1 514-844-4368,OpenTable,https://www.google.com/maps/place/Restaurant+Bonaparte/data=!4m7!3m6!1s0x4cc91a59c4f1007b:0x61a106356cb2dd8!8m2!3d45.5033309!4d-73.5561435!16s%2Fg%2F11y6k3xsd!19sChIJewDxxFkayUwR2C3LVmMQGgY?authuser=0&hl=en&g_ep=EgoyMDI2MDgyNS4wIJJjKgBIAVAD&rclk=1
restaurants in Montreal,Terracotta Restaurant,skoinbase@gmail.com,https://terracottamtl.com/home,+1 514-840-0844,None,https://www.google.com/maps/place/Terracotta+Restaurant/data=!4m7!3m6!1s0x4cc91bd887d92e49:0x97d7eb04e8bd8d55!8m2!3d45.5177848!4d-73.5788312!16s%2Fg%2F11y3nh42n6!19sChIJSS7Zh9gbyUwRVY296ATr15c?authuser=0&hl=en&g_ep=EgoyMDI2MDgyNS4wIJJjKgBIAVAD&rclk=1
restaurants in Montreal,Foiegwa,info@foiegwa.com,http://www.foiegwa.com/,+1 438-816-8937,"Tock, OpenTable",https://www.google.com/maps/place/Foiegwa/data=!4m7!3m6!1s0x4cc91a79d7c377f5:0xc412f4537e7f9814!8m2!3d45.4812354!4d-73.5781943!16s%2Fg%2F11c45lvxlc!19sChIJ9XfD13kayUwRFJh_flP0EsQ?authuser=0&hl=en&g_ep=EgoyMDI2MDgyNS4wIJJjKgBIAVAD&rclk=1
restaurants in Montreal,Kwizinn Vieux-Montréal,,https://www.kwizinn.ca/,+1 438-807-1005,None,https://www.google.com/maps/place/Kwizinn+Vieux-Montr%C3%A9al/data=!4m7!3m6!1s0x4cc911314028862f:0x4549991a41d017d3!8m2!3d45.50881!4d-73.552021!16s%2Fg%2F11kwrj9ssg!19sChIJL4YoQDERyUwR0xfQQRqZSUU?authuser=0&hl=en&g_ep=EgoyMDI2MDgyNS4wIJJjKgBIAVAD&rclk=1
restaurants in Montreal,Jacopo,info@jacopomtl.com,http://jacopomtl.com/,+1 514-876-8844,OpenTable,https://www.google.com/maps/place/Jacopo/data=!4m7!3m6!1s0x4cc91b56bc71e413:0xf7f6e57bb083e95b!8m2!3d45.507727!4d-73.5532787!16s%2Fg%2F11fktrtzn6!19sChIJE-RxvFYbyUwRW-mDsHvl9vc?authuser=0&hl=en&g_ep=EgoyMDI2MDgyNS4wIJJjKgBIAVAD&rclk=1
restaurants in Montreal,Restaurant Canada Best,,,+1 514-495-7664,None,https://www.google.com/maps/place/Restaurant+Canada+Best/data=!4m7!3m6!1s0x4cc9191bb0b5a08d:0x1c19c058c7b0b6bd!8m2!3d45.5254933!4d-73.6275902!16s%2Fg%2F11hdwf0zwk!19sChIJjaC1sBsZyUwRvbawx1jAGRw?authuser=0&hl=en&g_ep=EgoyMDI2MDgyNS4wIJJjKgBIAVAD&rclk=1
restaurants in Montreal,Bistro CÔ ÚT - Montréal,info@co-ut.ca,http://www.co-ut.ca/,+1 514-521-1306,Tock,https://www.google.com/maps/place/Bistro+C%C3%94+%C3%9AT+-+Montr%C3%A9al/data=!4m7!3m6!1s0x4cc91392fd313dbf:0x28d0ea7399f07d42!8m2!3d45.5218748!4d-73.5702607!16s%2Fg%2F11h2m_99np!19sChIJvz0x_ZITyUwRQn3wmXPq0Cg?authuser=0&hl=en&g_ep=EgoyMDI2MDgyNS4wIJJjKgBIAVAD&rclk=1
restaurants in Montreal,Le Violon,"hello@samanthajin.ca, info@le-violon.ca",http://www.le-violon.ca/,+1 514-209-1181,Resy,https://www.google.com/maps/place/Le+Violon/data=!4m7!3m6!1s0x4cc91b000e4e80e3:0xc9cfcfcf7543d5e!8m2!3d45.5336346!4d-73.5787327!16s%2Fg%2F11v_2qbvyb!19sChIJ44BODgAbyUwRXj1U9_z8nAw?authuser=0&hl=en&g_ep=EgoyMDI2MDgyNS4wIJJjKgBIAVAD&rclk=1
restaurants in Montreal,Momo par Christian Ventura,utilisateur@domaine.com,http://www.sushimomo.ca/,+1 514-825-6363,"Tock, OpenTable",https://www.google.com/maps/place/Momo+par+Christian+Ventura/data=!4m7!3m6!1s0x4cc91bcccb2e33ff:0xe8658ffe7e1823d6!8m2!3d45.518112!4d-73.569495!16s%2Fg%2F11b6pyd64t!19sChIJ_zMuy8wbyUwR1iMYfv6PZeg?authuser=0&hl=en&g_ep=EgoyMDI2MDgyNS4wIJJjKgBIAVAD&rclk=1
restaurants in Montreal,Tiradito,,http://www.tiraditomtl.com/,+1 450-400-9500,None,https://www.google.com/maps/place/Tiradito/data=!4m7!3m6!1s0x4cc91a5abb2c0d87:0x61b36667b9b91e6e!8m2!3d45.504513!4d-73.5634272!16s%2Fg%2F11c55bxqtj!19sChIJhw0su1oayUwRbh65uWdms2E?authuser=0&hl=en&g_ep=EgoyMDI2MDgyNS4wIJJjKgBIAVAD&rclk=1
restaurants in Montreal,Bar George,,http://www.bargeorge.ca/,+1 514-669-9243,"Tock, Resy, OpenTable",https://www.google.com/maps/place/Bar+George/data=!4m7!3m6!1s0x4cc91a41975c7943:0xd36f5ad8ca917aa5!8m2!3d45.4990443!4d-73.5757779!16s%2Fg%2F11dyntst0v!19sChIJQ3lcl0EayUwRpXqRythab9M?authuser=0&hl=en&g_ep=EgoyMDI2MDgyNS4wIJJjKgBIAVAD&rclk=1
restaurants in Montreal,Le Pois Penché,prod@talium.ca,http://www.lepoispenche.com/,+1 514-667-5050,"Tock, OpenTable",https://www.google.com/maps/place/Le+Pois+Pench%C3%A9/data=!4m7!3m6!1s0x4cc91a41a2309da9:0xd23c023836e82a17!8m2!3d45.4992741!4d-73.5762317!16s%2Fg%2F1vpfj4x6!19sChIJqZ0wokEayUwRFyroNjgCPNI?authuser=0&hl=en&g_ep=EgoyMDI2MDgyNS4wIJJjKgBIAVAD&rclk=1
restaurants in Montreal,Stanley,,https://www.marriott.com/en-us/hotels/yulsi-le-centre-sheraton-montreal-hotel/dining/?scid=feed67b0-9a2f-4de1-8df6-114544116108,+1 514-829-0725,OpenTable,https://www.google.com/maps/place/Stanley/data=!4m7!3m6!1s0x4cc91b01413cdf83:0xc83adba4e23a28f8!8m2!3d45.4980929!4d-73.5715036!16s%2Fg%2F11t_z8dp32!19sChIJg988QQEbyUwR-Cg64qTbOsg?authuser=0&hl=en&g_ep=EgoyMDI2MDgyNS4wIJJjKgBIAVAD&rclk=1
restaurants in Montreal,Restaurant Ermitage : Authentic European Cuisine and Fine Dining,,https://restaurantermitage.com/,+1 514-735-3886,None,https://www.google.com/maps/place/Restaurant+Ermitage+:+Authentic+European+Cuisine+and+Fine+Dining/data=!4m7!3m6!1s0x4cc919fd5d711887:0xbf5b353ff6daf38b!8m2!3d45.4946327!4d-73.6185768!16s%2Fg%2F1thf85fw!19sChIJhxhxXf0ZyUwRi_Pa9j81W78?authuser=0&hl=en&g_ep=EgoyMDI2MDgyNS4wIJJjKgBIAVAD&rclk=1
hotels in Montreal,Hygie Hotel,info@hygiehotel.com,http://hygiehotel.com/,+1 438-521-2130,Tock,https://www.google.com/maps/place/Hygie+Hotel/data=!4m10!3m9!1s0x4cc91b8adfee2a57:0xde6038146b7a9dae!5m2!4m1!1i2!8m2!3d45.5102967!4d-73.5525876!16s%2Fg%2F11qr725xbx!19sChIJVyru34obyUwRrp16axQ4YN4?authuser=0&hl=en&g_ep=EgoyMDI2MDgyNS4wIJJjKgBIAVAD&rclk=1
hotels in Montreal,Hotel Universel Montreal,info@hoteluniverselmontreal.com,http://www.hoteluniverselmontreal.com/,+1 514-253-3365,Tock,https://www.google.com/maps/place/Hotel+Universel+Montreal/data=!4m10!3m9!1s0x4cc91c10bbec8013:0x62c0442e4a450ef1!5m2!4m1!1i2!8m2!3d45.5657649!4d-73.5535387!16s%2Fg%2F1tfchcsc!19sChIJE4DsuxAcyUwR8Q5FSi5EwGI?authuser=0&hl=en&g_ep=EgoyMDI2MDgyNS4wIJJjKgBIAVAD&rclk=1
hotels in Montreal,Days Inn by Wyndham Montreal East,accessibility@wyndham.com,https://www.wyndhamhotels.com/en-ca/days-inn/saint-leonard-quebec/days-inn-montreal/overview?CID=LC:iqv0j1dklijly45:36991&iata=00093796,+1 514-321-8840,None,https://www.google.com/maps/place/Days+Inn+by+Wyndham+Montreal+East/data=!4m10!3m9!1s0x4cc91ef2e8d01dcf:0x218d4b24b0c41681!5m2!4m1!1i2!8m2!3d45.5882263!4d-73.584792!16s%2Fg%2F1tggn84f!19sChIJzx3Q6PIeyUwRgRbEsCRLjSE?authuser=0&hl=en&g_ep=EgoyMDI2MDgyNS4wIJJjKgBIAVAD&rclk=1
hotels in Montreal,Super 8 by Wyndham Montreal,accessibility@wyndham.com,https://www.wyndhamhotels.com/super-8/montreal-quebec/super-8-montreal/overview?CID=LC:yytq4fvvehxh7se:57122&iata=00093796,+1 514-486-1167,None,https://www.google.com/maps/place/Super+8+by+Wyndham+Montreal/data=!4m10!3m9!1s0x4cc9118a7d1ede83:0xb8e20735c9738fe!5m2!4m1!1i2!8m2!3d45.4562201!4d-73.6294289!16s%2Fg%2F11lp63jtdc!19sChIJg94efYoRyUwR_jiXXHMgjgs?authuser=0&hl=en&g_ep=EgoyMDI2MDgyNS4wIJJjKgBIAVAD&rclk=1
hotels in Montreal,Hotel Newstar,"ventes@newstarhotels.com, info@hotelnewstar.com, hello@hotelnewstar.com",https://www.hotelnewstar.com/,+1 514-322-8640,None,https://www.google.com/maps/place/Hotel+Newstar/data=!4m10!3m9!1s0x4cc91eeea0973b49:0xd44df0c81f6452a1!5m2!4m1!1i2!8m2!3d45.5832178!4d-73.5918015!16s%2Fg%2F1tdp025g!19sChIJSTuXoO4eyUwRoVJkH8jwTdQ?authuser=0&hl=en&g_ep=EgoyMDI2MDgyNS4wIJJjKgBIAVAD&rclk=1
hotels in Montreal,Hôtel Le Roberval,"reservations@leroberval.com, administration@leroberval.com, info@leroberval.com, ventes@hotellabelle.com",http://www.leroberval.com/,+1 877-552-2992,Tock,https://www.google.com/maps/place/H%C3%B4tel+Le+Roberval/data=!4m10!3m9!1s0x4cc91bad50af421b:0xa60c42f41da0399a!5m2!4m1!1i2!8m2!3d45.5139407!4d-73.5574081!16s%2Fg%2F123458w93!19sChIJG0KvUK0byUwRmjmgHfRCDKY?authuser=0&hl=en&g_ep=EgoyMDI2MDgyNS4wIJJjKgBIAVAD&rclk=1
hotels in Montreal,Econo Lodge,,https://www.choicehotels.com/quebec/montreal/econo-lodge-hotels/cnb88?mc=llrscncn&pmf=canada,+1 514-521-9797,None,https://www.google.com/maps/place/Econo+Lodge/data=!4m10!3m9!1s0x4cc91b2037440a33:0x35af8d1199b054b4!5m2!4m1!1i2!8m2!3d45.5172789!4d-73.5624262!16s%2Fg%2F11rb_v97lr!19sChIJMwpENyAbyUwRtFSwmRGNrzU?authuser=0&hl=en&g_ep=EgoyMDI2MDgyNS4wIJJjKgBIAVAD&rclk=1
hotels in Montreal,Holiday Inn Montréal-Longueuil,,https://www.ihg.com/holidayinn/hotels/us/en/longueuil/yulln/hoteldetail?cm_mmc=GoogleMaps-_-HI-_-CA-_-YULLN,+1 450-646-8100,None,https://www.google.com/maps/place/Holiday+Inn+Montr%C3%A9al-Longueuil/data=!4m10!3m9!1s0x882b923ae5fabf9f:0x9d91edf1b03cff1!5m2!4m1!1i2!8m2!3d45.551298!4d-73.498192!16s%2Fg%2F11cltp9v50!19sChIJn7_65TqSK4gR8c8DG98e2Qk?authuser=0&hl=en&g_ep=EgoyMDI2MDgyNS4wIJJjKgBIAVAD&rclk=1
hotels in Montreal,Boxotel,"info@boxotel.com, reception@boxotel.com",https://www.boxotel.com/,+1 514-281-0202,None,https://www.google.com/maps/place/Boxotel/data=!4m10!3m9!1s0x4cc91a4b7cbfaee1:0x697ae80f8993bd38!5m2!4m1!1i2!8m2!3d45.513377!4d-73.566326!16s%2Fg%2F11c2kdd1zw!19sChIJ4a6_fEsayUwROL2TiQ_oemk?authuser=0&hl=en&g_ep=EgoyMDI2MDgyNS4wIJJjKgBIAVAD&rclk=1
hotels in Montreal,Ramada Plaza by Wyndham Montreal,accessibility@wyndham.com,https://www.wyndhamhotels.com/en-ca/ramada/montreal-quebec/ramada-plaza-montreal/overview?CID=LC:wmcic5n98gs1g0r:14432&iata=00093796,+1 514-739-3800,Tock,https://www.google.com/maps/place/Ramada+Plaza+by+Wyndham+Montreal/data=!4m10!3m9!1s0x4cc919dedbf56029:0x9bb21aced5897480!5m2!4m1!1i2!8m2!3d45.4910192!4d-73.6446511!16s%2Fg%2F11gghgllzb!19sChIJKWD1294ZyUwRgHSJ1c4asps?authuser=0&hl=en&g_ep=EgoyMDI2MDgyNS4wIJJjKgBIAVAD&rclk=1
hotels in Montreal,Comfort Suites Downtown,,https://www.choicehotels.com/quebec/montreal/comfort-suites-hotels/cn139?mc=llrscncn&pmf=canada,+1 514-878-2711,None,https://www.google.com/maps/place/Comfort+Suites+Downtown/data=!4m10!3m9!1s0x4cc91a69eed5f3e7:0x74477c5b8938b9d9!5m2!4m1!1i2!8m2!3d45.496437!4d-73.5747685!16s%2Fg%2F1tdc07rl!19sChIJ5_PV7mkayUwR2bk4iVt8R3Q?authuser=0&hl=en&g_ep=EgoyMDI2MDgyNS4wIJJjKgBIAVAD&rclk=1
hotels in Montreal,Le Nouvel Hotel,info@lenouvelhotel.com,http://www.lenouvelhotel.com/,+1 514-931-8841,Tock,https://www.google.com/maps/place/Le+Nouvel+Hotel/data=!4m10!3m9!1s0x4cc91a6ecdb79d25:0x5f8aaf86cf13a0b9!5m2!4m1!1i2!8m2!3d45.4922992!4d-73.576089!16s%2Fg%2F11b672zvft!19sChIJJZ23zW4ayUwRuaATz4avil8?authuser=0&hl=en&g_ep=EgoyMDI2MDgyNS4wIJJjKgBIAVAD&rclk=1
hotels in Montreal,Spark by Hilton Montreal Brossard,,https://www.hilton.com/en/hotels/ymqbdpe-spark-montreal-brossard/?SEO_id=GMB-AMER-PE-YMQBDPE,+1 450-671-7213,None,https://www.google.com/maps/place/Spark+by+Hilton+Montreal+Brossard/data=!4m10!3m9!1s0x4cc9057907aa0df5:0x7de5de9544b8282d!5m2!4m1!1i2!8m2!3d45.469238!4d-73.468733!16s%2Fg%2F11z0kp9qs7!19sChIJ9Q2qB3kFyUwRLSi4RJXe5X0?authuser=0&hl=en&g_ep=EgoyMDI2MDgyNS4wIJJjKgBIAVAD&rclk=1
hotels in Montreal,Hotel Chrome,reservation@hotelchrome.com,http://www.hotelchrome.com/,+1 800-668-3872,None,https://www.google.com/maps/place/Hotel+Chrome/data=!4m10!3m9!1s0x4cc91a52725e2467:0x348b84ac6e1b9f22!5m2!4m1!1i2!8m2!3d45.5109207!4d-73.5601566!16s%2Fg%2F1tvm2cnr!19sChIJZyReclIayUwRIp8bbqyEizQ?authuser=0&hl=en&g_ep=EgoyMDI2MDgyNS4wIJJjKgBIAVAD&rclk=1
hotels in Montreal,"Hotel Montreal Metropolitan, an Ascend Collection Hotel",,https://www.choicehotels.com/cnd16,+1 514-750-2378,None,"https://www.google.com/maps/place/Hotel+Montreal+Metropolitan,+an+Ascend+Collection+Hotel/data=!4m10!3m9!1s0x4cc91f4c0df0a67b:0xcaff3531a98d979!5m2!4m1!1i2!8m2!3d45.5645167!4d-73.6043305!16s%2Fg%2F11fhwxbbhl!19sChIJe6bwDUwfyUwRedmYGlPzrww?authuser=0&hl=en&g_ep=EgoyMDI2MDgyNS4wIJJjKgBIAVAD&rclk=1"
hotels in Montreal,Hôtel Château de l'Argoat,,http://www.hotel-chateau-argoat.com/,+1 514-842-2046,Tock,https://www.google.com/maps/place/H%C3%B4tel+Ch%C3%A2teau+de+l%27Argoat/data=!4m10!3m9!1s0x4cc91bb5b2f7e82b:0xef448bd62a8538fc!5m2!4m1!1i2!8m2!3d45.5184487!4d-73.5664837!16s%2Fg%2F1tx4nzv4!19sChIJK-j3srUbyUwR_DiFKtaLRO8?authuser=0&hl=en&g_ep=EgoyMDI2MDgyNS4wIJJjKgBIAVAD&rclk=1
hotels in Montreal,Best Western Plus Hotel Montreal,,https://www.bestwestern.com/en_US/book/hotel-rooms.67029.html?iata=00171880&ssob=BLBWI0004G&cid=BLBWI0004G:google:gmb:67029,+1 514-903-1895,None,https://www.google.com/maps/place/Best+Western+Plus+Hotel+Montreal/data=!4m10!3m9!1s0x4cc91a4dbc0380e7:0xb183f6d1bae9eeac!5m2!4m1!1i2!8m2!3d45.5115055!4d-73.5626857!16s%2Fg%2F11cs6qllqw!19sChIJ54ADvE0ayUwRrO7putH2g7E?authuser=0&hl=en&g_ep=EgoyMDI2MDgyNS4wIJJjKgBIAVAD&rclk=1
hotels in Montreal,Empire Suites,,http://www.empiresuites.com/,+1 514-849-3216,None,https://www.google.com/maps/place/Empire+Suites/data=!4m10!3m9!1s0x4cc91bb30563f563:0xadf8979b337a953!5m2!4m1!1i2!8m2!3d45.5164557!4d-73.5613724!16s%2Fg%2F11g69ggrhn!19sChIJY_VjBbMbyUwRU6k3s3mJ3wo?authuser=0&hl=en&g_ep=EgoyMDI2MDgyNS4wIJJjKgBIAVAD&rclk=1
hotels in Montreal,Hôtel Zéro1,info@zero1-mtl.com,https://www.zero1-mtl.com/,+1 514-871-9696,None,https://www.google.com/maps/place/H%C3%B4tel+Z%C3%A9ro1/data=!4m10!3m9!1s0x4cc91a51e3bea9c5:0xc6a1acdf61b58ed2!5m2!4m1!1i2!8m2!3d45.5091812!4d-73.5616443!16s%2Fg%2F1tfyd5nj!19sChIJxam-41EayUwR0o61Yd-socY?authuser=0&hl=en&g_ep=EgoyMDI2MDgyNS4wIJJjKgBIAVAD&rclk=1
hotels in Montreal,Auberge Alt Hostel,,http://althostel.com/,+1 581-982-1543,None,https://www.google.com/maps/place/Auberge+Alt+Hostel/data=!4m10!3m9!1s0x4cc91a54336a6af5:0x87e78322dffda7c8!5m2!4m1!1i2!8m2!3d45.5092643!4d-73.5518129!16s%2Fg%2F11b63fpc0t!19sChIJ9WpqM1QayUwRyKf93yKD54c?authuser=0&hl=en&g_ep=EgoyMDI2MDgyNS4wIJJjKgBIAVAD&rclk=1
hotels in Montreal,Hotel Terrasse Royale,info@terrasse-royale.com,https://terrasse-royale.com/,+1 514-739-6391,None,https://www.google.com/maps/place/Hotel+Terrasse+Royale/data=!4m10!3m9!1s0x4cc919f044ed141d:0x4a6e5bf19d8de794!5m2!4m1!1i2!8m2!3d45.4958737!4d-73.6208275!16s%2Fg%2F1twyz4mk!19sChIJHRTtRPAZyUwRlOeNnfFbbko?authuser=0&hl=en&g_ep=EgoyMDI2MDgyNS4wIJJjKgBIAVAD&rclk=1
hotels in Montreal,Ruby Foo's hotel,info@hotelrubyfoos.com,https://www.hotelrubyfoos.com/,+1 514-731-7701,Tock,https://www.google.com/maps/place/Ruby+Foo%27s+hotel/data=!4m10!3m9!1s0x4cc919d17b74234d:0x32129befd038da2!5m2!4m1!1i2!8m2!3d45.4968784!4d-73.6550817!16s%2Fg%2F1thbw89r!19sChIJTSN0e9EZyUwRoo0D_b4pIQM?authuser=0&hl=en&g_ep=EgoyMDI2MDgyNS4wIJJjKgBIAVAD&rclk=1
hotels in Montreal,Chabrol Hotel and Suites,chabrol.info@gmail.com,http://www.lechabrol.com/,+1 514-488-9561,None,https://www.google.com/maps/place/Chabrol+Hotel+and+Suites/data=!4m10!3m9!1s0x4cc910cd79daf36f:0x559e4ca55fc1872a!5m2!4m1!1i2!8m2!3d45.4575772!4d-73.6296979!16s%2Fg%2F1tczvk5n!19sChIJb_Paec0QyUwRKofBX6VMnlU?authuser=0&hl=en&g_ep=EgoyMDI2MDgyNS4wIJJjKgBIAVAD&rclk=1
hotels in Montreal,Quality Inn & Suites P.E. Trudeau Airport,,https://www.choicehotels.com/quebec/montreal/quality-inn-hotels/cn967?mc=llrscncn&pmf=canada,+1 514-631-4537,None,https://www.google.com/maps/place/Quality+Inn+%26+Suites+P.E.+Trudeau+Airport/data=!4m10!3m9!1s0x4cc93d8a5152aad7:0xca030dd5f83694c6!5m2!4m1!1i2!8m2!3d45.4474322!4d-73.7481012!16s%2Fg%2F11csb2_bld!19sChIJ16pSUYo9yUwRxpQ2-NUNA8o?authuser=0&hl=en&g_ep=EgoyMDI2MDgyNS4wIJJjKgBIAVAD&rclk=1
hotels in Montreal,Olympia Hotel By Lodgo,,,+1 514-849-7070,None,https://www.google.com/maps/place/Olympia+Hotel+By+Lodgo/data=!4m10!3m9!1s0x4cc91bad7f7ae953:0x2e726689a2e52a5e!5m2!4m1!1i2!8m2!3d45.516318!4d-73.557309!16s%2Fg%2F11yhd2z3r7!19sChIJU-l6f60byUwRXirloolmci4?authuser=0&hl=en&g_ep=EgoyMDI2MDgyNS4wIJJjKgBIAVAD&rclk=1
hotels in Montreal,Capsule Hotel,,https://capsuleshotels.com/,+1 514-373-9303,None,https://www.google.com/maps/place/Capsule+Hotel/data=!4m10!3m9!1s0x4cc91bd83f7dff8b:0x42fa4a2ff4880366!5m2!4m1!1i2!8m2!3d45.5117!4d-73.568!16s%2Fg%2F11lw7mm5g5!19sChIJi_99P9gbyUwRZgOI9C9K-kI?authuser=0&hl=en&g_ep=EgoyMDI2MDgyNS4wIJJjKgBIAVAD&rclk=1
hotels in Montreal,Le Sand & Stone Hotel,,,+1 438-375-7087,None,https://www.google.com/maps/place/Le+Sand+%26+Stone+Hotel/data=!4m10!3m9!1s0x4cc91a4dda910d9b:0x796f366c72131a5f!5m2!4m1!1i2!8m2!3d45.5104975!4d-73.5634405!16s%2Fg%2F11s886fmjr!19sChIJmw2R2k0ayUwRXxoTcmw2b3k?authuser=0&hl=en&g_ep=EgoyMDI2MDgyNS4wIJJjKgBIAVAD&rclk=1
hotels in Montreal,M Montreal,info@m-montreal.com,http://www.m-montreal.com/,+1 514-845-9803,Tock,https://www.google.com/maps/place/M+Montreal/data=!4m10!3m9!1s0x4cc91bad7a161fef:0x8f6f75503337d66f!5m2!4m1!1i2!8m2!3d45.5160194!4d-73.5571106!16s%2Fg%2F11h0yzzkk!19sChIJ7x8Weq0byUwRb9Y3M1B1b48?authuser=0&hl=en&g_ep=EgoyMDI2MDgyNS4wIJJjKgBIAVAD&rclk=1
hotels in Montreal,Sandman Hotel Montreal-Longueuil,reservations@sandman.ca,https://www.sandmanhotels.com/montreal-longueuil,+1 450-670-3030,Tock,https://www.google.com/maps/place/Sandman+Hotel+Montreal-Longueuil/data=!4m10!3m9!1s0x4cc91b12507d244f:0x109e439458a53a63!5m2!4m1!1i2!8m2!3d45.5249779!4d-73.5231722!16s%2Fg%2F1th7mhv7!19sChIJTyR9UBIbyUwRYzqlWJRDnhA?authuser=0&hl=en&g_ep=EgoyMDI2MDgyNS4wIJJjKgBIAVAD&rclk=1
hotels in Montreal,Hôtel Saint-Laurent Montréal,info@hotelstlaurent.com,http://www.hotelstlaurent.com/,+1 514-667-5002,None,https://www.google.com/maps/place/H%C3%B4tel+Saint-Laurent+Montr%C3%A9al/data=!4m10!3m9!1s0x4cc91a520dd8f509:0x150f1aede5666670!5m2!4m1!1i2!8m2!3d45.5107422!4d-73.5605219!16s%2Fg%2F1tdfbqvw!19sChIJCfXYDVIayUwRcGZm5e0aDxU?authuser=0&hl=en&g_ep=EgoyMDI2MDgyNS4wIJJjKgBIAVAD&rclk=1
hotels in Montreal,Travelodge Hotel by Wyndham Montreal Centre,accessibility@wyndham.com,https://www.wyndhamhotels.com/en-ca/travelodge/montreal-quebec/travelodge-hotel-by-wyndham-montreal-centre/overview?CID=LC:fkqqcjhla7b6gbb:9782&iata=00093796,+1 514-874-9090,Tock,https://www.google.com/maps/place/Travelodge+Hotel+by+Wyndham+Montreal+Centre/data=!4m10!3m9!1s0x4cc91a51d957ecd7:0xe3a56d3801423fd8!5m2!4m1!1i2!8m2!3d45.5081681!4d-73.5617656!16s%2Fg%2F1hc0y5l_1!19sChIJ1-xX2VEayUwR2D9CAThtpeM?authuser=0&hl=en&g_ep=EgoyMDI2MDgyNS4wIJJjKgBIAVAD&rclk=1
hotels in Montreal,LeLux Hotel,,https://www.leluxhotel.com/,+1 514-849-3214,None,https://www.google.com/maps/place/LeLux+Hotel/data=!4m10!3m9!1s0x4cc91bb305a36e1d:0xbc9d9fac55e74562!5m2!4m1!1i2!8m2!3d45.5164555!4d-73.5615858!16s%2Fg%2F11bymymwjf!19sChIJHW6jBbMbyUwRYkXnVayfnbw?authuser=0&hl=en&g_ep=EgoyMDI2MDgyNS4wIJJjKgBIAVAD&rclk=1
hotels in Montreal,Auberge Saintlo Montréal,"info@saintlo.ca, info@fondationsaintlo.org, montreal@saintlo.ca",https://saintlo.ca/en/montreal/,+1 514-843-3317,None,https://www.google.com/maps/place/Auberge+Saintlo+Montr%C3%A9al/data=!4m10!3m9!1s0x4cc91a68f064f08d:0x9dd7995c0b425093!5m2!4m1!1i2!8m2!3d45.4939767!4d-73.5728639!16s%2Fg%2F1tkc1qz4!19sChIJjfBk8GgayUwRk1BCC1yZ150?authuser=0&hl=en&g_ep=EgoyMDI2MDgyNS4wIJJjKgBIAVAD&rclk=1
hotels in Montreal,HOTEL10,reservations@hotel10montreal.com,https://www.hotel10montreal.com/,+1 855-390-6787,Tock,https://www.google.com/maps/place/HOTEL10/data=!4m10!3m9!1s0x4cc91a4bb15232f3:0xdd2a84bb5510849b!5m2!4m1!1i2!8m2!3d45.5120528!4d-73.56945!16s%2Fg%2F1q5bfd7lk!19sChIJ8zJSsUsayUwRm4QQVbuEKt0?authuser=0&hl=en&g_ep=EgoyMDI2MDgyNS4wIJJjKgBIAVAD&rclk=1
hotels in Montreal,Holiday Inn Express Montreal Airport - St-Laurent by IHG,,https://www.ihg.com/holidayinnexpress/hotels/us/en/st-laurent/ymqsl/hoteldetail?cm_mmc=GoogleMaps-_-EX-_-CA-_-YMQSL,+1 438-398-7888,None,https://www.google.com/maps/place/Holiday+Inn+Express+Montreal+Airport+-+St-Laurent+by+IHG/data=!4m10!3m9!1s0x4cc917e3206398ab:0x85e87b6dca933808!5m2!4m1!1i2!8m2!3d45.488061!4d-73.717946!16s%2Fg%2F11lnwp624h!19sChIJq5hjIOMXyUwRCDiTym176IU?authuser=0&hl=en&g_ep=EgoyMDI2MDgyNS4wIJJjKgBIAVAD&rclk=1
hotels in Montreal,Days Inn by Wyndham Montreal Airport Conference Centre,"accessibility@wyndham.com, gm@daysinn-airport.com",https://www.wyndhamhotels.com/en-ca/days-inn/montreal-quebec/days-inn-and-conference-centre-montreal-airport/overview?CID=LC:iqv0j1dklijly45:4565&iata=00093796,+1 514-332-2720,None,https://www.google.com/maps/place/Days+Inn+by+Wyndham+Montreal+Airport+Conference+Centre/data=!4m10!3m9!1s0x4cc93d602f40d28d:0xe0b9246d7ee48053!5m2!4m1!1i2!8m2!3d45.4876033!4d-73.7172921!16s%2Fg%2F1hdzjx_l5!19sChIJjdJAL2A9yUwRU4Dkfm0kueA?authuser=0&hl=en&g_ep=EgoyMDI2MDgyNS4wIJJjKgBIAVAD&rclk=1
hotels in Montreal,Holiday Inn Express Montreal Airport - St-Laurent by IHG,,https://www.ihg.com/holidayinnexpress/hotels/us/en/st-laurent/ymqsl/hoteldetail?cm_mmc=GoogleMaps-_-EX-_-CA-_-YMQSL,+1 438-398-7888,None,https://www.google.com/maps/place/Holiday+Inn+Express+Montreal+Airport+-+St-Laurent+by+IHG/data=!4m10!3m9!1s0x4cc917e3363e7691:0x85e87b6dca933808!5m2!4m1!1i2!8m2!3d45.4880611!4d-73.7179462!16s%2Fg%2F11lnwp624h!19sChIJkXY-NuMXyUwRCDiTym176IU?authuser=0&hl=en&g_ep=EgoyMDI2MDgyNS4wIJJjKgBIAVAD&rclk=1
hotels in Montreal,Comfort Inn Montreal Aeroport,,https://www.choicehotels.com/quebec/pointe-claire/comfort-inn-hotels/cn334?mc=llrscncn&pmf=canada,+1 514-697-6210,None,https://www.google.com/maps/place/Comfort+Inn+Montreal+Aeroport/data=!4m10!3m9!1s0x4cc93c695320ea55:0x56c7c6a9a9a1cf37!5m2!4m1!1i2!8m2!3d45.4612379!4d-73.8236568!16s%2Fg%2F1tgpmnbj!19sChIJVeogU2k8yUwRN8-hqanGx1Y?authuser=0&hl=en&g_ep=EgoyMDI2MDgyNS4wIJJjKgBIAVAD&rclk=1
hotels in Montreal,Hampton Inn by Hilton Montreal East Anjou,,https://www.hilton.com/en/hotels/ymqhxhx-hampton-montreal-east-anjou/?SEO_id=GMB-AMER-HX-YMQHXHX,+1 514-493-6363,None,https://www.google.com/maps/place/Hampton+Inn+by+Hilton+Montreal+East+Anjou/data=!4m10!3m9!1s0x4cc91fff772ece6d:0xa8e37402486fc6e3!5m2!4m1!1i2!8m2!3d45.598818!4d-73.572697!16s%2Fg%2F11z0l974v1!19sChIJbc4ud_8fyUwR48ZvSAJ046g?authuser=0&hl=en&g_ep=EgoyMDI2MDgyNS4wIJJjKgBIAVAD&rclk=1
hotels in Montreal,Holiday Inn Montreal Centreville Downtown by IHG,,https://www.ihg.com/holidayinn/hotels/us/en/montreal/yulca/hoteldetail?cm_mmc=GoogleMaps-_-HI-_-CA-_-YULCA,+1 514-878-9888,None,https://www.google.com/maps/place/Holiday+Inn+Montreal+Centreville+Downtown+by+IHG/data=!4m10!3m9!1s0x4cc91a50f9ca5551:0x683822bfb16aa474!5m2!4m1!1i2!8m2!3d45.5067768!4d-73.5597352!16s%2Fm%2F0134xyzr!19sChIJUVXK-VAayUwRdKRqsb8iOGg?authuser=0&hl=en&g_ep=EgoyMDI2MDgyNS4wIJJjKgBIAVAD&rclk=1
hotels in Montreal,"Hotel Europa, Best Western Signature Collection",,https://www.bestwestern.com/en_US/book/hotel-rooms.67013.html?iata=00171880&ssob=BLBWI0004G&cid=BLBWI0004G:google:gmb:67013,+1 514-866-6492,None,"https://www.google.com/maps/place/Hotel+Europa,+Best+Western+Signature+Collection/data=!4m10!3m9!1s0x4cc91a423e2d8d19:0x5057298de3d329bd!5m2!4m1!1i2!8m2!3d45.4982509!4d-73.5736824!16s%2Fg%2F1v8k_6qc!19sChIJGY0tPkIayUwRvSnT440pV1A?authuser=0&hl=en&g_ep=EgoyMDI2MDgyNS4wIJJjKgBIAVAD&rclk=1"
hotels in Montreal,Hôtel Casa Bella,aletoile@clinfo.com,http://www.hotelcasabella.com/,+1 514-849-2777,Tock,https://www.google.com/maps/place/H%C3%B4tel+Casa+Bella/data=!4m10!3m9!1s0x4cc91a491d9b2201:0x52494132612383cc!5m2!4m1!1i2!8m2!3d45.509004!4d-73.57057!16s%2Fg%2F1vy7g5w_!19sChIJASKbHUkayUwRzIMjYTJBSVI?authuser=0&hl=en&g_ep=EgoyMDI2MDgyNS4wIJJjKgBIAVAD&rclk=1
hotels in Montreal,Spark by Hilton Montreal Midtown,,https://www.hilton.com/en/hotels/yulmtpe-spark-montreal-midtown/?SEO_id=GMB-AMER-PE-YULMTPE,+1 514-657-2777,None,https://www.google.com/maps/place/Spark+by+Hilton+Montreal+Midtown/data=!4m10!3m9!1s0x4cc9175f4ce26293:0x724e3bc86a044257!5m2!4m1!1i2!8m2!3d45.486004!4d-73.635761!16s%2Fg%2F11xv3fnq_c!19sChIJk2LiTF8XyUwRV0IEasg7TnI?authuser=0&hl=en&g_ep=EgoyMDI2MDgyNS4wIJJjKgBIAVAD&rclk=1
hotels in Montreal,Chateau Versailles Hotel,info@versailleshotels.com,https://www.chateauversaillesmontreal.com/,+1 514-933-3611,"Tock, Resy",https://www.google.com/maps/place/Chateau+Versailles+Hotel/data=!4m10!3m9!1s0x4cc91a6b2bb9b027:0x45ec1150b6c86bf5!5m2!4m1!1i2!8m2!3d45.495737!4d-73.5828559!16s%2Fg%2F1w111tcn!19sChIJJ7C5K2sayUwR9WvItlAR7EU?authuser=0&hl=en&g_ep=EgoyMDI2MDgyNS4wIJJjKgBIAVAD&rclk=1
cafes in Montreal,Onna Café,info@onnacafe.ca,http://onnacafe.ca/,,"Tock, OpenTable",https://www.google.com/maps/place/Onna+Caf%C3%A9/data=!4m7!3m6!1s0x4cc91b025e1d53ab:0x79c7f5cbb1aba934!8m2!3d45.5060367!4d-73.5701947!16s%2Fg%2F11wqpdk2db!19sChIJq1MdXgIbyUwRNKmrscv1x3k?authuser=0&hl=en&g_ep=EgoyMDI2MDgyNS4wIJJjKgBIAVAD&rclk=1
cafes in Montreal,Café Olimpico - Centre-Ville,info@cafeolimpico.com,http://cafeolimpico.com/,,Tock,https://www.google.com/maps/place/Caf%C3%A9+Olimpico+-+Centre-Ville/data=!4m7!3m6!1s0x4cc91b39ed690fa7:0x9bf93fd9b30eb73a!8m2!3d45.5038213!4d-73.5707385!16s%2Fg%2F11j0r7zst5!19sChIJpw9p7TkbyUwROrcOs9k_-Zs?authuser=0&hl=en&g_ep=EgoyMDI2MDgyNS4wIJJjKgBIAVAD&rclk=1
cafes in Montreal,Café Olimpico,info@cafeolimpico.com,http://www.cafeolimpico.com/,+1 514-495-0746,Tock,https://www.google.com/maps/place/Caf%C3%A9+Olimpico/data=!4m7!3m6!1s0x4cc9197949885067:0xbaf85bce3cee2770!8m2!3d45.5241048!4d-73.6002501!16s%2Fg%2F1tfdygcp!19sChIJZ1CISXkZyUwRcCfuPM5b-Lo?authuser=0&hl=en&g_ep=EgoyMDI2MDgyNS4wIJJjKgBIAVAD&rclk=1
cafes in Montreal,FineFineFine Café,,http://finefinefinemtl.com/,,None,https://www.google.com/maps/place/FineFineFine+Caf%C3%A9/data=!4m7!3m6!1s0x4cc91b004be1cb0f:0xcf4711042f904177!8m2!3d45.518512!4d-73.583092!16s%2Fg%2F11y_46075v!19sChIJD8vhSwAbyUwRd0GQLwQRR88?authuser=0&hl=en&g_ep=EgoyMDI2MDgyNS4wIJJjKgBIAVAD&rclk=1
cafes in Montreal,Mintar,,http://mintar.ca/,+1 514-553-9555,None,https://www.google.com/maps/place/Mintar/data=!4m7!3m6!1s0x4cc91bc29e9fcca9:0x749907abbb3a0278!8m2!3d45.5084344!4d-73.5718145!16s%2Fg%2F11jz4xzqh5!19sChIJqcyfnsIbyUwReAI6u6sHmXQ?authuser=0&hl=en&g_ep=EgoyMDI2MDgyNS4wIJJjKgBIAVAD&rclk=1
cafes in Montreal,Café Éclair,admin@cafeeclair.com,http://cafeeclair.com/,+1 514-495-7880,None,https://www.google.com/maps/place/Caf%C3%A9+%C3%89clair/data=!4m7!3m6!1s0x4cc9197870d6159d:0x63b03419d8a1e3f1!8m2!3d45.5246328!4d-73.5955685!16s%2Fg%2F11hy_zfs88!19sChIJnRXWcHgZyUwR8eOh2Bk0sGM?authuser=0&hl=en&g_ep=EgoyMDI2MDgyNS4wIJJjKgBIAVAD&rclk=1
cafes in Montreal,Le Comptoir Café / COFFEE ESPRESSO,,,+1 438-455-4068,None,https://www.google.com/maps/place/Le+Comptoir+Caf%C3%A9+%2F+COFFEE+ESPRESSO/data=!4m7!3m6!1s0x4cc91be0a3a4c3b5:0x6d52838e3f84491c!8m2!3d45.517115!4d-73.5592572!16s%2Fg%2F11l5q67kpx!19sChIJtcOko-AbyUwRHEmEP46DUm0?authuser=0&hl=en&g_ep=EgoyMDI2MDgyNS4wIJJjKgBIAVAD&rclk=1
cafes in Montreal,café léo,"utilisateur@domaine.com, admin@cafeleomtl.com",http://cafeleomtl.com/,+1 514-849-7724,"Tock, OpenTable",https://www.google.com/maps/place/caf%C3%A9+l%C3%A9o/data=!4m7!3m6!1s0x4cc91b2203d53897:0xbd8ac613262a062b!8m2!3d45.5142172!4d-73.5584766!16s%2Fg%2F11nxq4b_gy!19sChIJlzjVAyIbyUwRKwYqJhPGir0?authuser=0&hl=en&g_ep=EgoyMDI2MDgyNS4wIJJjKgBIAVAD&rclk=1
cafes in Montreal,Le Grand Cormoran,,https://www.legrandcormoran.com/,,None,https://www.google.com/maps/place/Le+Grand+Cormoran/data=!4m7!3m6!1s0x4cc91bd1ed087e87:0xdeb4dbf2bfab9755!8m2!3d45.5276429!4d-73.5791944!16s%2Fg%2F11vb1qg86k!19sChIJh34I7dEbyUwRVZerv_LbtN4?authuser=0&hl=en&g_ep=EgoyMDI2MDgyNS4wIJJjKgBIAVAD&rclk=1
cafes in Montreal,Café Maison Neuf,,,+1 514-987-6107,None,https://www.google.com/maps/place/Caf%C3%A9+Maison+Neuf/data=!4m7!3m6!1s0x4cc91b00df1d5d4d:0xe1a848225e790b83!8m2!3d45.50504!4d-73.57106!16s%2Fg%2F11tj62bjbd!19sChIJTV0d3wAbyUwRgwt5XiJIqOE?authuser=0&hl=en&g_ep=EgoyMDI2MDgyNS4wIJJjKgBIAVAD&rclk=1
cafes in Montreal,café capybara,,,+1 514-419-2285,None,https://www.google.com/maps/place/caf%C3%A9+capybara/data=!4m7!3m6!1s0x4cc91b4c85c1cf9d:0xe8a5231ca0cd5fe2!8m2!3d45.4932!4d-73.5802003!16s%2Fg%2F11wh2zxhy4!19sChIJnc_BhUwbyUwR4l_NoBwjpeg?authuser=0&hl=en&g_ep=EgoyMDI2MDgyNS4wIJJjKgBIAVAD&rclk=1
cafes in Montreal,Brûlerie FARO-Roasting House Montréal,support@cafefaro.com,http://bruleriesfaro.com/,+1 514-543-0270,Tock,https://www.google.com/maps/place/Br%C3%BBlerie+FARO-Roasting+House+Montr%C3%A9al/data=!4m7!3m6!1s0x4cc91b34ca1de70f:0x10255060ba8e8255!8m2!3d45.4960323!4d-73.5766949!16s%2Fg%2F11h2hjbt54!19sChIJD-cdyjQbyUwRVYKOumBQJRA?authuser=0&hl=en&g_ep=EgoyMDI2MDgyNS4wIJJjKgBIAVAD&rclk=1
cafes in Montreal,Le Café Big Trouble,,,,None,https://www.google.com/maps/place/Le+Caf%C3%A9+Big+Trouble/data=!4m7!3m6!1s0x4cc91b8cc9a17829:0x3180596ec3f6265c!8m2!3d45.5161951!4d-73.5661942!16s%2Fg%2F11srlh_8v1!19sChIJKXihyYwbyUwRXCb2w25ZgDE?authuser=0&hl=en&g_ep=EgoyMDI2MDgyNS4wIJJjKgBIAVAD&rclk=1
cafes in Montreal,Café Cosé,,https://www.instagram.com/cafecose.mtl/,+1 438-380-7512,"Tock, Resy",https://www.google.com/maps/place/Caf%C3%A9+Cos%C3%A9/data=!4m7!3m6!1s0x4cc91bcd9a6298e3:0x2871463d8b47e294!8m2!3d45.482813!4d-73.5624987!16s%2Fg%2F11t_w4fsgg!19sChIJ45hims0byUwRlOJHiz1GcSg?authuser=0&hl=en&g_ep=EgoyMDI2MDgyNS4wIJJjKgBIAVAD&rclk=1
cafes in Montreal,St-Viateur Bagel & Café Mont-Royal,"catering@stviateurbagel.com, us-orders@stviateurbagel.com, info@stviateurbagel.com, orders@stviateurbagel.com, media@stviateurbagel.com, foodtruck@stviateurbagel.com, corpo@stviateurbagel.com",http://www.stviateurbagel.com/,+1 514-528-6361,Tock,https://www.google.com/maps/place/St-Viateur+Bagel+%26+Caf%C3%A9+Mont-Royal/data=!4m7!3m6!1s0x4cc91bdae9c8650f:0x30b5154cd8cddba2!8m2!3d45.528418!4d-73.579016!16s%2Fg%2F1tjbrsmy!19sChIJD2XI6dobyUwRotvN2EwVtTA?authuser=0&hl=en&g_ep=EgoyMDI2MDgyNS4wIJJjKgBIAVAD&rclk=1
cafes in Montreal,Pastel Rita,,https://www.pastelrita.com/,,"Tock, OpenTable",https://www.google.com/maps/place/Pastel+Rita/data=!4m7!3m6!1s0x4cc9197a5299c851:0x9d921203e1bad6b!8m2!3d45.5271518!4d-73.6015446!16s%2Fg%2F11gfj6sz2r!19sChIJUciZUnoZyUwRa60bPiAh2Qk?authuser=0&hl=en&g_ep=EgoyMDI2MDgyNS4wIJJjKgBIAVAD&rclk=1
cafes in Montreal,Café Beans,,,+1 514-283-2622,None,https://www.google.com/maps/place/Caf%C3%A9+Beans/data=!4m7!3m6!1s0x4cc91b5b912616d3:0x57d82d570525ad5!8m2!3d45.5073171!4d-73.5606568!16s%2Fg%2F11w4dl005v!19sChIJ0xYmkVsbyUwR1VpScNWCfQU?authuser=0&hl=en&g_ep=EgoyMDI2MDgyNS4wIJJjKgBIAVAD&rclk=1
cafes in Montreal,Café BRUT,,https://cafebrut.ca/,+1 438-467-3757,Tock,https://www.google.com/maps/place/Caf%C3%A9+BRUT/data=!4m7!3m6!1s0x4cc91be8ef99b7fd:0xa7c76072c83629d2!8m2!3d45.4929296!4d-73.5596437!16s%2Fg%2F11yvj3s67z!19sChIJ_beZ7-gbyUwR0ik2yHJgx6c?authuser=0&hl=en&g_ep=EgoyMDI2MDgyNS4wIJJjKgBIAVAD&rclk=1
cafes in Montreal,Baristello Outremont,,https://www.baristello.com/,+1 514-419-4005,Tock,https://www.google.com/maps/place/Baristello+Outremont/data=!4m7!3m6!1s0x4cc919bb28cac91b:0xbe43b5384e9b4050!8m2!3d45.5225202!4d-73.6176118!16s%2Fg%2F11v0nypwbc!19sChIJG8nKKLsZyUwRUECbTji1Q74?authuser=0&hl=en&g_ep=EgoyMDI2MDgyNS4wIJJjKgBIAVAD&rclk=1
cafes in Montreal,Côte Café,,,+1 514-360-4026,None,https://www.google.com/maps/place/C%C3%B4te+Caf%C3%A9/data=!4m7!3m6!1s0x4cc91bf7573181a9:0x96b7231290915a83!8m2!3d45.4965766!4d-73.5836048!16s%2Fg%2F11kpz20dtp!19sChIJqYExV_cbyUwRg1qRkBIjt5Y?authuser=0&hl=en&g_ep=EgoyMDI2MDgyNS4wIJJjKgBIAVAD&rclk=1
cafes in Montreal,ArTisane Cafe @ Impact Galerie,,https://impactgalerie.com/,+1 514-577-5524,None,https://www.google.com/maps/place/ArTisane+Cafe+@+Impact+Galerie/data=!4m7!3m6!1s0x4cc91bd2958f3bed:0xb8c97ea9a02a4358!8m2!3d45.5008807!4d-73.5559884!16s%2Fg%2F11vy4h47gl!19sChIJ7TuPldIbyUwRWEMqoKl-ybg?authuser=0&hl=en&g_ep=EgoyMDI2MDgyNS4wIJJjKgBIAVAD&rclk=1
cafes in Montreal,Café Paquebot Vieux-Montréal,paquebotcafe@gmail.com,http://www.paquebot.ca/,+1 514-543-0747,Tock,https://www.google.com/maps/place/Caf%C3%A9+Paquebot+Vieux-Montr%C3%A9al/data=!4m7!3m6!1s0x4cc91a5728a53e0d:0x2e302226e9eff692!8m2!3d45.5062756!4d-73.5561795!16s%2Fg%2F11ggvwkjwx!19sChIJDT6lKFcayUwRkvbv6SYiMC4?authuser=0&hl=en&g_ep=EgoyMDI2MDgyNS4wIJJjKgBIAVAD&rclk=1
cafes in Montreal,Café Nook,nookcoinfleuri@gmail.com,http://nookmtl.square.site/,+1 514-348-9011,"Tock, Resy",https://www.google.com/maps/place/Caf%C3%A9+Nook/data=!4m7!3m6!1s0x4cc91b0075b4950f:0x80d5fd99c515eb82!8m2!3d45.5214705!4d-73.5770756!16s%2Fg%2F11ym93nnf3!19sChIJD5W0dQAbyUwRgusVxZn91YA?authuser=0&hl=en&g_ep=EgoyMDI2MDgyNS4wIJJjKgBIAVAD&rclk=1
cafes in Montreal,Café Origine,,http://facebook.com/cafeorigine,,"Tock, Resy",https://www.google.com/maps/place/Caf%C3%A9+Origine/data=!4m7!3m6!1s0x4cc91a4bb3e49bb5:0xe9110e7c2f8a3588!8m2!3d45.5123203!4d-73.5693381!16s%2Fg%2F11fy9pm116!19sChIJtZvks0sayUwRiDWKL3wOEek?authuser=0&hl=en&g_ep=EgoyMDI2MDgyNS4wIJJjKgBIAVAD&rclk=1
cafes in Montreal,Géa Café,,https://www.geacafe.com/,+1 514-942-7261,Tock,https://www.google.com/maps/place/G%C3%A9a+Caf%C3%A9/data=!4m7!3m6!1s0x4cc91b09e8427095:0x6af0bf37f587dc9a!8m2!3d45.5065708!4d-73.5526715!16s%2Fg%2F11w20mcz6g!19sChIJlXBC6AkbyUwRmtyH9Te_8Go?authuser=0&hl=en&g_ep=EgoyMDI2MDgyNS4wIJJjKgBIAVAD&rclk=1
cafes in Montreal,Café Olimpico - Vieux-Montréal,info@cafeolimpico.com,http://cafeolimpico.com/,+1 438-386-9071,Tock,https://www.google.com/maps/place/Caf%C3%A9+Olimpico+-+Vieux-Montr%C3%A9al/data=!4m7!3m6!1s0x4cc91a56f3488399:0x93f17136e62e44be!8m2!3d45.5072027!4d-73.5532381!16s%2Fg%2F11c48sq98b!19sChIJmYNI81YayUwRvkQu5jZx8ZM?authuser=0&hl=en&g_ep=EgoyMDI2MDgyNS4wIJJjKgBIAVAD&rclk=1
cafes in Montreal,Oh My Deer Café,,https://www.instagram.com/ohmydeer.cafe?igsh=dDhmbHBncWIzMnJ0,+1 438-490-8190,"Tock, Resy",https://www.google.com/maps/place/Oh+My+Deer+Caf%C3%A9/data=!4m7!3m6!1s0x4cc91b5acc9cd0fd:0x9a9b795ab79eda21!8m2!3d45.5157995!4d-73.5743088!16s%2Fg%2F11h03n75xd!19sChIJ_dCczFobyUwRIdqet1p5m5o?authuser=0&hl=en&g_ep=EgoyMDI2MDgyNS4wIJJjKgBIAVAD&rclk=1
cafes in Montreal,Cafeterra,,http://cafeterramtl.com/,+1 438-380-8311,None,https://www.google.com/maps/place/Cafeterra/data=!4m7!3m6!1s0x4cc91b9441564a8d:0xe899cf6e5272028!8m2!3d45.5032912!4d-73.5580913!16s%2Fg%2F11vcbmz9hk!19sChIJjUpWQZQbyUwRKCAn5faciQ4?authuser=0&hl=en&g_ep=EgoyMDI2MDgyNS4wIJJjKgBIAVAD&rclk=1
cafes in Montreal,Maison Sauvage café,,https://www.instagram.com/maisonsauvage.mtl/?igshid=OGIzYTJhMTRmYQ%3D%3D,+1 438-375-6648,"Tock, Resy",https://www.google.com/maps/place/Maison+Sauvage+caf%C3%A9/data=!4m7!3m6!1s0x4cc91917831793f5:0x554b0134eec15a7!8m2!3d45.5252698!4d-73.6038275!16s%2Fg%2F11stp21_74!19sChIJ9ZMXgxcZyUwRpxXsThOwVAU?authuser=0&hl=en&g_ep=EgoyMDI2MDgyNS4wIJJjKgBIAVAD&rclk=1
cafes in Montreal,Katiza Café,,,+1 438-375-1306,None,https://www.google.com/maps/place/Katiza+Caf%C3%A9/data=!4m7!3m6!1s0x4cc91b0031796683:0x78a9488415b8e08a!8m2!3d45.5035659!4d-73.5575383!16s%2Fg%2F11y5d08j1j!19sChIJg2Z5MQAbyUwRiuC4FYRIqXg?authuser=0&hl=en&g_ep=EgoyMDI2MDgyNS4wIJJjKgBIAVAD&rclk=1
cafes in Montreal,Café Alphabet,,http://www.alphabetcafe.ca/,,Tock,https://www.google.com/maps/place/Caf%C3%A9+Alphabet/data=!4m7!3m6!1s0x4cc919c4751bc203:0x7c7f184db633ee7f!8m2!3d45.5268082!4d-73.6024596!16s%2Fg%2F11ty33nd16!19sChIJA8IbdcQZyUwRf-4ztk0Yf3w?authuser=0&hl=en&g_ep=EgoyMDI2MDgyNS4wIJJjKgBIAVAD&rclk=1
cafes in Montreal,Café Rì Yuè,riyuecafe@gmail.com,https://caferiyue.com/,,Tock,https://www.google.com/maps/place/Caf%C3%A9+R%C3%AC+Yu%C3%A8/data=!4m7!3m6!1s0x4cc91b23edb2ed47:0xde547764a9402f59!8m2!3d45.5077459!4d-73.5695266!16s%2Fg%2F11stz9_jqq!19sChIJR-2y7SMbyUwRWS9AqWR3VN4?authuser=0&hl=en&g_ep=EgoyMDI2MDgyNS4wIJJjKgBIAVAD&rclk=1
cafes in Montreal,Medinah Café,,,,None,https://www.google.com/maps/place/Medinah+Caf%C3%A9/data=!4m7!3m6!1s0x4cc91b642327e3e9:0x576a3cd3b49e6162!8m2!3d45.5177545!4d-73.5580773!16s%2Fg%2F11z8hsqbv7!19sChIJ6eMnI2QbyUwRYmGetNM8alc?authuser=0&hl=en&g_ep=EgoyMDI2MDgyNS4wIJJjKgBIAVAD&rclk=1
cafes in Montreal,Café chez Téta,info@cafechezteta.com,http://www.cafechezteta.com/,+1 514-845-5776,None,https://www.google.com/maps/place/Caf%C3%A9+chez+T%C3%A9ta/data=!4m7!3m6!1s0x4cc91b8f8f002f6d:0xf3c7817d3b89b2a1!8m2!3d45.5202377!4d-73.5799072!16s%2Fg%2F11hkrqmtv4!19sChIJbS8Aj48byUwRobKJO32Bx_M?authuser=0&hl=en&g_ep=EgoyMDI2MDgyNS4wIJJjKgBIAVAD&rclk=1
cafes in Montreal,Bah! Café | Brazilian Coffee Shop,oi@bahcafe.ca,https://www.bahcafe.ca/,+1 514-524-4410,None,https://www.google.com/maps/place/Bah!+Caf%C3%A9+%7C+Brazilian+Coffee+Shop/data=!4m7!3m6!1s0x4cc91b1d09ae6edb:0x9d7aad551387e63c!8m2!3d45.5253064!4d-73.5784723!16s%2Fg%2F11v9_mk2mm!19sChIJ226uCR0byUwRPOaHE1Wtep0?authuser=0&hl=en&g_ep=EgoyMDI2MDgyNS4wIJJjKgBIAVAD&rclk=1
cafes in Montreal,San Sebastian cafe,sansebastiancafemtl@gmail.com,https://www.sansebastiancafe.com/,+1 514-397-7222,None,https://www.google.com/maps/place/San+Sebastian+cafe/data=!4m7!3m6!1s0x4cc91b12bf16fb0b:0x205b4326544049a8!8m2!3d45.4959117!4d-73.5747341!16s%2Fg%2F11y9_qc_t0!19sChIJC_sWvxIbyUwRqElAVCZDWyA?authuser=0&hl=en&g_ep=EgoyMDI2MDgyNS4wIJJjKgBIAVAD&rclk=1
cafes in Montreal,Bar Caffettiera,info@caffettiera.ca,http://caffettiera.ca/,+1 514-507-2055,"Tock, OpenTable",https://www.google.com/maps/place/Bar+Caffettiera/data=!4m7!3m6!1s0x4cc91b8ca18e31c9:0x8b216c29de213772!8m2!3d45.5007814!4d-73.5762213!16s%2Fg%2F11fr0vytyq!19sChIJyTGOoYwbyUwRcjch3ilsIYs?authuser=0&hl=en&g_ep=EgoyMDI2MDgyNS4wIJJjKgBIAVAD&rclk=1
cafes in Montreal,Cadence Café,,http://cadencecafemtl.com/,+1 514-392-2220,None,https://www.google.com/maps/place/Cadence+Caf%C3%A9/data=!4m7!3m6!1s0x4cc91b2c40cab6f1:0x76b914b9c21dee70!8m2!3d45.5064032!4d-73.5602437!16s%2Fg%2F11z71184dx!19sChIJ8bbKQCwbyUwRcO4dwrkUuXY?authuser=0&hl=en&g_ep=EgoyMDI2MDgyNS4wIJJjKgBIAVAD&rclk=1
cafes in Montreal,Structure Roasters - Structure Torréfacteurs,info@structurecoffeeroasters.com,http://structureroasters.com/,,None,https://www.google.com/maps/place/Structure+Roasters+-+Structure+Torr%C3%A9facteurs/data=!4m7!3m6!1s0x4cc91bd3014b81e3:0xee569f70ffef6b34!8m2!3d45.5006572!4d-73.5589217!16s%2Fg%2F11gnnl899n!19sChIJ44FLAdMbyUwRNGvv_3CfVu4?authuser=0&hl=en&g_ep=EgoyMDI2MDgyNS4wIJJjKgBIAVAD&rclk=1
cafes in Montreal,Cafe Fernanda,,,+1 514-564-9809,None,https://www.google.com/maps/place/Cafe+Fernanda/data=!4m7!3m6!1s0x4cc9190058c62723:0xc6c0ee27844e59dc!8m2!3d45.525114!4d-73.6039682!16s%2Fg%2F11lzslz41_!19sChIJIyfGWAAZyUwR3FlOhCfuwMY?authuser=0&hl=en&g_ep=EgoyMDI2MDgyNS4wIJJjKgBIAVAD&rclk=1
cafes in Montreal,Café Caffeino,,,+1 514-874-7828,None,https://www.google.com/maps/place/Caf%C3%A9+Caffeino/data=!4m7!3m6!1s0x4cc91b005bc915eb:0xbc1b1dd53fd6263!8m2!3d45.5068266!4d-73.5550409!16s%2Fg%2F11y8g7m0rb!19sChIJ6xXJWwAbyUwRY2L9U92xwQs?authuser=0&hl=en&g_ep=EgoyMDI2MDgyNS4wIJJjKgBIAVAD&rclk=1
cafes in Montreal,Amea Café,"rsvp@ameacafe.com, info@ameacafe.com",http://www.ameacafe.com/,435565145551234,None,https://www.google.com/maps/place/Amea+Caf%C3%A9/data=!4m7!3m6!1s0x4cc91bc69a34536f:0x40954bc0e911e529!8m2!3d45.5007313!4d-73.5773911!16s%2Fg%2F11s34llswz!19sChIJb1M0msYbyUwRKeUR6cBLlUA?authuser=0&hl=en&g_ep=EgoyMDI2MDgyNS4wIJJjKgBIAVAD&rclk=1
cafes in Montreal,"La Finca Café | Café, Marché Local Lunch De Quartier Dans La Région De Montréal",info@lafinca.ca,http://www.lafinca.ca/,+1 514-903-8911,"Tock, OpenTable","https://www.google.com/maps/place/La+Finca+Caf%C3%A9+%7C+Caf%C3%A9,+March%C3%A9+Local+Lunch+De+Quartier+Dans+La+R%C3%A9gion+De+Montr%C3%A9al/data=!4m7!3m6!1s0x4cc91a5aa2f80cef:0xda64a2f836997087!8m2!3d45.5046201!4d-73.5629504!16s%2Fg%2F11crzv76ky!19sChIJ7wz4oloayUwRh3CZNviiZNo?authuser=0&hl=en&g_ep=EgoyMDI2MDgyNS4wIJJjKgBIAVAD&rclk=1"
cafes in Montreal,Crew Collective & Cafe,,https://crewcollectivecafe.com/,+1 514-285-7095,OpenTable,https://www.google.com/maps/place/Crew+Collective+%26+Cafe/data=!4m7!3m6!1s0x4cc91a584b01d105:0x84862d8825333968!8m2!3d45.5023198!4d-73.5593173!16s%2Fg%2F11b5qy5wg7!19sChIJBdEBS1gayUwRaDkzJYgthoQ?authuser=0&hl=en&g_ep=EgoyMDI2MDgyNS4wIJJjKgBIAVAD&rclk=1
cafes in Montreal,Café In Gamba Parc,"info@cafeingamba.com, info@caffeingamba.com",https://cafeingamba.com/,(514) 656-6852,Tock,https://www.google.com/maps/place/Caf%C3%A9+In+Gamba+Parc/data=!4m7!3m6!1s0x4cc9197f6decaa53:0x36a65bf484b0af41!8m2!3d45.5210296!4d-73.5991598!16s%2Fg%2F1tf23pw8!19sChIJU6rsbX8ZyUwRQa-whPRbpjY?authuser=0&hl=en&g_ep=EgoyMDI2MDgyNS4wIJJjKgBIAVAD&rclk=1
cafes in Montreal,Café Parvis,"info@cafeparvis.com, bureau@cafeparvis.com",http://cafeparvis.com/,+1 514-764-3589,"Tock, ChowNow, OpenTable",https://www.google.com/maps/place/Caf%C3%A9+Parvis/data=!4m7!3m6!1s0x4cc91a45f69053bb:0x9197a73a49c4c163!8m2!3d45.5057981!4d-73.5692689!16s%2Fg%2F1z3t99zkb!19sChIJu1OQ9kUayUwRY8HESTqnl5E?authuser=0&hl=en&g_ep=EgoyMDI2MDgyNS4wIJJjKgBIAVAD&rclk=1
cafes in Montreal,Chez Mère-Grand Café et Épicerie,,,+1 438-388-8828,None,https://www.google.com/maps/place/Chez+M%C3%A8re-Grand+Caf%C3%A9+et+%C3%89picerie/data=!4m7!3m6!1s0x4cc91bc4fa1766b5:0x33981b6bea5ad67a!8m2!3d45.5117846!4d-73.5532519!16s%2Fg%2F11f7gn2_1h!19sChIJtWYX-sQbyUwRetZa6msbmDM?authuser=0&hl=en&g_ep=EgoyMDI2MDgyNS4wIJJjKgBIAVAD&rclk=1
cafes in Montreal,Café Civil,info@cafecivil.ca,https://cafecivil.ca/,+1 514-652-2375,None,https://www.google.com/maps/place/Caf%C3%A9+Civil/data=!4m7!3m6!1s0x4cc91bfb87d5018f:0x9a1402db0bdec6e9!8m2!3d45.5072896!4d-73.5592479!16s%2Fg%2F11zcnpdkyp!19sChIJjwHVh_sbyUwR6cbeC9sCFJo?authuser=0&hl=en&g_ep=EgoyMDI2MDgyNS4wIJJjKgBIAVAD&rclk=1
cafes in Montreal,Café Lulu,,https://www.facebook.com/cafelulumtl/,+1 514-848-0706,"Tock, Resy",https://www.google.com/maps/place/Caf%C3%A9+Lulu/data=!4m7!3m6!1s0x4cc91bb29b20cb33:0xc7b8467b930c4dea!8m2!3d45.5159163!4d-73.5582483!16s%2Fg%2F1tz7109b!19sChIJM8sgm7IbyUwR6k0Mk3tGuMc?authuser=0&hl=en&g_ep=EgoyMDI2MDgyNS4wIJJjKgBIAVAD&rclk=1
cafes in Montreal,Micro Espresso - Vieux Port,info@microespresso.com,https://www.microespresso.com/,+1 438-375-1889,None,https://www.google.com/maps/place/Micro+Espresso+-+Vieux+Port/data=!4m7!3m6!1s0x4cc91b3d5d266cc9:0x3c1534d851e7196!8m2!3d45.5015378!4d-73.5567052!16s%2Fg%2F11fl3zgzf4!19sChIJyWwmXT0byUwRlnEehU1TwQM?authuser=0&hl=en&g_ep=EgoyMDI2MDgyNS4wIJJjKgBIAVAD&rclk=1
cafes in Montreal,Kahwa Café,,https://www.facebook.com/kahwacafemontreal/,+1 438-836-9706,"Tock, Resy",https://www.google.com/maps/place/Kahwa+Caf%C3%A9/data=!4m7!3m6!1s0x4cc91bd3d4ff7465:0x6ae6ae901bf7b9a6!8m2!3d45.5233015!4d-73.5836349!16s%2Fg%2F1tf816cd!19sChIJZXT_1NMbyUwRprn3G5Cu5mo?authuser=0&hl=en&g_ep=EgoyMDI2MDgyNS4wIJJjKgBIAVAD&rclk=1
bars in Montreal,Bar Bisou Bisou,"kevin@thecoldroommtl.com, info@barbisoubisou.com",http://barbisoubisou.com/,+1 438-946-9516,"Tock, OpenTable",https://www.google.com/maps/place/Bar+Bisou+Bisou/data=!4m7!3m6!1s0x4cc91bf70f5d944f:0x789d7cc5626000b1!8m2!3d45.5070765!4d-73.553516!16s%2Fg%2F11s_z8fb82!19sChIJT5RdD_cbyUwRsQBgYsV8nXg?authuser=0&hl=en&g_ep=EgoyMDI2MDgyNS4wIJJjKgBIAVAD&rclk=1
bars in Montreal,URBANISTA RESTO BAR,urbanistamontreal@gmail.com,http://www.urbanistamontreal.ca/,+1 514-824-4092,Tock,https://www.google.com/maps/place/URBANISTA+RESTO+BAR/data=!4m7!3m6!1s0x4cc91b280a3f9117:0x8d90ab2458bf091!8m2!3d45.5177001!4d-73.5808029!16s%2Fg%2F11qg_xc9c5!19sChIJF5E_CigbyUwRkfCLRbIK2Qg?authuser=0&hl=en&g_ep=EgoyMDI2MDgyNS4wIJJjKgBIAVAD&rclk=1
bars in Montreal,Huis Clos,info@huisclos.ca,http://www.huisclos.ca/,+1 514-419-8579,None,https://www.google.com/maps/place/Huis+Clos/data=!4m7!3m6!1s0x4cc91916f66fe819:0xff4d290fcd388e67!8m2!3d45.5407763!4d-73.622352!16s%2Fg%2F12qhfs8qx!19sChIJGehv9hYZyUwRZ444zQ8pTf8?authuser=0&hl=en&g_ep=EgoyMDI2MDgyNS4wIJJjKgBIAVAD&rclk=1
bars in Montreal,BAR ST-DENIS,info@barstdenis.com,http://www.barstdenis.com/,+1 514-276-9717,OpenTable,https://www.google.com/maps/place/BAR+ST-DENIS/data=!4m7!3m6!1s0x4cc919dbd803e715:0x9dcf171a82c23ed9!8m2!3d45.5371384!4d-73.6125733!16s%2Fg%2F11h272j78s!19sChIJFecD2NsZyUwR2T7CghoXz50?authuser=0&hl=en&g_ep=EgoyMDI2MDgyNS4wIJJjKgBIAVAD&rclk=1
bars in Montreal,Le 4ᶱ Mur,"info@piscodesign.com, info@le4emur.com",https://www.le4emur.com/,+1 438-396-8947,None,https://www.google.com/maps/place/Le+4%E1%B6%B1+Mur/data=!4m7!3m6!1s0x4cc91a4cd3322529:0x91db4637f3a87ad2!8m2!3d45.5162361!4d-73.5657119!16s%2Fg%2F11c6vzhn9l!19sChIJKSUy00wayUwR0nqo8zdG25E?authuser=0&hl=en&g_ep=EgoyMDI2MDgyNS4wIJJjKgBIAVAD&rclk=1
bars in Montreal,Milky Way Cocktail Bar,info@milkywaycocktails.com,https://www.milkywaycocktails.com/,,"Tock, OpenTable",https://www.google.com/maps/place/Milky+Way+Cocktail+Bar/data=!4m7!3m6!1s0x4cc91bc92a34ad4b:0x78ade8e46f3575a1!8m2!3d45.482589!4d-73.56232!16s%2Fg%2F11fjmfwxg5!19sChIJS600KskbyUwRoXU1b-TorXg?authuser=0&hl=en&g_ep=EgoyMDI2MDgyNS4wIJJjKgBIAVAD&rclk=1
bars in Montreal,L'infâme Tittle Tattle - Cocktail Bar,,,,None,https://www.google.com/maps/place/L%27inf%C3%A2me+Tittle+Tattle+-+Cocktail+Bar/data=!4m7!3m6!1s0x4cc91bfb891e4d41:0xffee7acd1e6cbb6f!8m2!3d45.505799!4d-73.5533264!16s%2Fg%2F11kr8wym4x!19sChIJQU0eifsbyUwRb7tsHs167v8?authuser=0&hl=en&g_ep=EgoyMDI2MDgyNS4wIJJjKgBIAVAD&rclk=1
bars in Montreal,Bar Le Record,info@barlerecord.com,http://www.barlerecord.com/,+1 438-386-9433,"Tock, OpenTable",https://www.google.com/maps/place/Bar+Le+Record/data=!4m7!3m6!1s0x4cc9193d3ffeedc9:0x4b82b4981f5e93d0!8m2!3d45.543771!4d-73.620155!16s%2Fg%2F11c52tkwt_!19sChIJye3-Pz0ZyUwR0JNeH5i0gks?authuser=0&hl=en&g_ep=EgoyMDI2MDgyNS4wIJJjKgBIAVAD&rclk=1
bars in Montreal,Yer'Mad Bistro Bar,,https://yermadbar.com/,+1 514-522-9392,None,https://www.google.com/maps/place/Yer%27Mad+Bistro+Bar/data=!4m7!3m6!1s0x4cc91bb25a47772b:0x608099c3e99d038a!8m2!3d45.5171943!4d-73.5595323!16s%2Fg%2F1x5qsdd9!19sChIJK3dHWrIbyUwRigOd6cOZgGA?authuser=0&hl=en&g_ep=EgoyMDI2MDgyNS4wIJJjKgBIAVAD&rclk=1
bars in Montreal,Bar A,,,+1 514-439-2669,None,https://www.google.com/maps/place/Bar+A/data=!4m7!3m6!1s0x4cc91bcda41f3f7b:0x78e823ddc0ede2b0!8m2!3d45.5200313!4d-73.5800662!16s%2Fg%2F1tdd08y5!19sChIJez8fpM0byUwRsOLtwN0j6Hg?authuser=0&hl=en&g_ep=EgoyMDI2MDgyNS4wIJJjKgBIAVAD&rclk=1
bars in Montreal,Else's,,https://facebook.com/elsesMontreal/,+1 514-286-6689,"Tock, Resy",https://www.google.com/maps/place/Else%27s/data=!4m7!3m6!1s0x4cc91bcb2e7cbeb7:0x2795610c61b7f054!8m2!3d45.5168567!4d-73.5745858!16s%2Fg%2F1ttdy1lz!19sChIJt758LssbyUwRVPC3YQxhlSc?authuser=0&hl=en&g_ep=EgoyMDI2MDgyNS4wIJJjKgBIAVAD&rclk=1
bars in Montreal,Sir Winston Churchill Pub,info@swcpc.com,https://www.swcpc.com/,+1 514-288-3814,None,https://www.google.com/maps/place/Sir+Winston+Churchill+Pub/data=!4m7!3m6!1s0x4cc91a41dd275acf:0x2f50c1504122fb7c!8m2!3d45.4979112!4d-73.5768909!16s%2Fg%2F1tmpdk0v!19sChIJz1on3UEayUwRfPsiQVDBUC8?authuser=0&hl=en&g_ep=EgoyMDI2MDgyNS4wIJJjKgBIAVAD&rclk=1
bars in Montreal,Bar Bello,ciao@barbellomtl.com,http://www.barbellomtl.com/,+1 438-946-7155,"Tock, OpenTable",https://www.google.com/maps/place/Bar+Bello/data=!4m7!3m6!1s0x4cc919d845c239a1:0x1f35e8591bc31b89!8m2!3d45.5320838!4d-73.6129955!16s%2Fg%2F11rvg59rly!19sChIJoTnCRdgZyUwRiRvDG1noNR8?authuser=0&hl=en&g_ep=EgoyMDI2MDgyNS4wIJJjKgBIAVAD&rclk=1
bars in Montreal,Le Système,,http://www.systememtl.com/,,None,https://www.google.com/maps/place/Le+Syst%C3%A8me/data=!4m7!3m6!1s0x4cc919c47dbff6c9:0x1ceba9cbd89a01a8!8m2!3d45.5405497!4d-73.6125375!16s%2Fg%2F11t5krgfs5!19sChIJyfa_fcQZyUwRqAGa2Mup6xw?authuser=0&hl=en&g_ep=EgoyMDI2MDgyNS4wIJJjKgBIAVAD&rclk=1
bars in Montreal,Sans Soleil Bar,"hello@readymag.com, support@readymag.com, edu@readymag.com, barsanssoleil@gmail.com",https://www.sanssoleilmtl.com/,,None,https://www.google.com/maps/place/Sans+Soleil+Bar/data=!4m7!3m6!1s0x4cc91b6a38b3642b:0x77d32a2fdcae1e51!8m2!3d45.5065579!4d-73.560513!16s%2Fg%2F11pzyl_051!19sChIJK2SzOGobyUwRUR6u3C8q03c?authuser=0&hl=en&g_ep=EgoyMDI2MDgyNS4wIJJjKgBIAVAD&rclk=1
bars in Montreal,Pub Bishop & Bagg,info@bishopandbagg.com,http://www.bishopandbagg.com/,+1 514-277-4400,"Tock, Resy, OpenTable",https://www.google.com/maps/place/Pub+Bishop+%26+Bagg/data=!4m7!3m6!1s0x4cc9197bff20a9b7:0xfcdf86010a51553e!8m2!3d45.525063!4d-73.59943!16s%2Fg%2F1pxwcc5ln!19sChIJt6kg_3sZyUwRPlVRCgGG3_w?authuser=0&hl=en&g_ep=EgoyMDI2MDgyNS4wIJJjKgBIAVAD&rclk=1
bars in Montreal,vinvinvin,antonin@vinvinvin.ca,http://www.vinvinvin.ca/,,None,https://www.google.com/maps/place/vinvinvin/data=!4m7!3m6!1s0x4cc919cef9e4515d:0x8b16e7f4bbec8be6!8m2!3d45.5396719!4d-73.5995539!16s%2Fg%2F11h42pyh4d!19sChIJXVHk-c4ZyUwR5ovsu_TnFos?authuser=0&hl=en&g_ep=EgoyMDI2MDgyNS4wIJJjKgBIAVAD&rclk=1
bars in Montreal,Bar Courcelle 🇨🇦,,,+1 438-382-4685,None,https://www.google.com/maps/place/Bar+Courcelle+%F0%9F%87%A8%F0%9F%87%A6/data=!4m7!3m6!1s0x4cc9109bcc25a975:0xc4d731ee9bce966d!8m2!3d45.4728962!4d-73.5887839!16s%2Fg%2F1tdm7yh9!19sChIJdaklzJsQyUwRbZbOm-4x18Q?authuser=0&hl=en&g_ep=EgoyMDI2MDgyNS4wIJJjKgBIAVAD&rclk=1
bars in Montreal,Bar Renard,"info@bar-renard.com, marina@bar-renard.com",https://www.bar-renard.com/,+1 514-903-0648,"Tock, ChowNow, OpenTable",https://www.google.com/maps/place/Bar+Renard/data=!4m7!3m6!1s0x4cc91bae04eba29d:0x6c1dda620c46ff95!8m2!3d45.5190087!4d-73.5554346!16s%2Fg%2F11c5hj7pxj!19sChIJnaLrBK4byUwRlf9GDGLaHWw?authuser=0&hl=en&g_ep=EgoyMDI2MDgyNS4wIJJjKgBIAVAD&rclk=1
bars in Montreal,Tiradito Lounge,,http://www.clubpelicano.com/,+1 514-861-1515,None,https://www.google.com/maps/place/Tiradito+Lounge/data=!4m7!3m6!1s0x4cc91a5abcca6617:0xceaec6166ea0187!8m2!3d45.5045129!4d-73.5634276!16s%2Fg%2F11hcs9mcc6!19sChIJF2bKvFoayUwRhwHqZmHs6gw?authuser=0&hl=en&g_ep=EgoyMDI2MDgyNS4wIJJjKgBIAVAD&rclk=1
bars in Montreal,Bar Leonor,"utilisateur@domaine.com, jobs@leonor.ca, bookings@leonor.ca",http://leonor.ca/,,"Tock, OpenTable",https://www.google.com/maps/place/Bar+Leonor/data=!4m7!3m6!1s0x4cc91ba0a06b9acf:0x31ff7e874696f7b9!8m2!3d45.5085279!4d-73.5611949!16s%2Fg%2F11y8cpwl0f!19sChIJz5proKAbyUwRufeWRod-_zE?authuser=0&hl=en&g_ep=EgoyMDI2MDgyNS4wIJJjKgBIAVAD&rclk=1
bars in Montreal,Gioia De,charles@gioiademtl.com,https://www.gioiademtl.com/,+1 514-379-3140,"Tock, OpenTable",https://www.google.com/maps/place/Gioia+De/data=!4m7!3m6!1s0x4cc91b4f45286b37:0x1c94b150819d6e1e!8m2!3d45.4990091!4d-73.5540908!16s%2Fg%2F11p5jpfr1k!19sChIJN2soRU8byUwRHm6dgVCxlBw?authuser=0&hl=en&g_ep=EgoyMDI2MDgyNS4wIJJjKgBIAVAD&rclk=1
bars in Montreal,NsurMackay,info@nsurmackay.ca,https://linktr.ee/nsurmackay,,None,https://www.google.com/maps/place/NsurMackay/data=!4m7!3m6!1s0x4cc91a6981545bad:0xcf5a687b979d132c!8m2!3d45.4953005!4d-73.5762367!16s%2Fg%2F11bw40crs4!19sChIJrVtUgWkayUwRLBOdl3toWs8?authuser=0&hl=en&g_ep=EgoyMDI2MDgyNS4wIJJjKgBIAVAD&rclk=1
bars in Montreal,Magpie Magique,"utilisateur@domaine.com, info@magpiemagique.com",http://magpiemagique.com/,+1 514-759-6247,"Tock, OpenTable",https://www.google.com/maps/place/Magpie+Magique/data=!4m7!3m6!1s0x4cc91b904ce20a25:0x6b7bae36ba0c2b06!8m2!3d45.5247668!4d-73.5854058!16s%2Fg%2F11vklff496!19sChIJJQriTJAbyUwRBisMujaue2s?authuser=0&hl=en&g_ep=EgoyMDI2MDgyNS4wIJJjKgBIAVAD&rclk=1
bars in Montreal,El Pequeño Bar,"info@elpequenobar.com, info@elpeqeunobar.com",http://www.elpequenobar.com/,+1 514-294-6911,"Tock, OpenTable",https://www.google.com/maps/place/El+Peque%C3%B1o+Bar/data=!4m7!3m6!1s0x4cc91a56f5002f9d:0xbe94a75c421adabc!8m2!3d45.5071216!4d-73.553145!16s%2Fg%2F11ggmb231_!19sChIJnS8A9VYayUwRvNoaQlynlL4?authuser=0&hl=en&g_ep=EgoyMDI2MDgyNS4wIJJjKgBIAVAD&rclk=1
bars in Montreal,One Punch Mickey’s,,http://onepunchmickeys.com/,,None,https://www.google.com/maps/place/One+Punch+Mickey%E2%80%99s/data=!4m7!3m6!1s0x4cc9190f8aaa572d:0xcf8c75d94709bb96!8m2!3d45.5383218!4d-73.6110073!16s%2Fg%2F11h3ld_fzm!19sChIJLVeqig8ZyUwRlrsJR9l1jM8?authuser=0&hl=en&g_ep=EgoyMDI2MDgyNS4wIJJjKgBIAVAD&rclk=1
bars in Montreal,Bar Henrietta,barhenrietta@gmail.com,http://www.barhenrietta.com/,+1 514-276-4282,None,https://www.google.com/maps/place/Bar+Henrietta/data=!4m7!3m6!1s0x4cc91bd57f196b45:0x63494147e9d00bc1!8m2!3d45.5216179!4d-73.5943163!16s%2Fg%2F11bxfpj2sp!19sChIJRWsZf9UbyUwRwQvQ6UdBSWM?authuser=0&hl=en&g_ep=EgoyMDI2MDgyNS4wIJJjKgBIAVAD&rclk=1
bars in Montreal,Grumpys Bar,grumpysbarmontreal@gmail.com,https://www.facebook.com/grumpysbarmontreal,,"Tock, Resy",https://www.google.com/maps/place/Grumpys+Bar/data=!4m7!3m6!1s0x4cc91a69f34a7597:0xce9fe0b7f6623391!8m2!3d45.4960667!4d-73.5757711!16s%2Fg%2F1th5zdr6!19sChIJl3VK82kayUwRkTNi9rfgn84?authuser=0&hl=en&g_ep=EgoyMDI2MDgyNS4wIJJjKgBIAVAD&rclk=1
bars in Montreal,Pub Wolf & Workman,"info@wolfandworkman.com, reservations@wolfandworkman.com",http://www.wolfandworkman.com/,+1 514-737-1787,"Tock, OpenTable",https://www.google.com/maps/place/Pub+Wolf+%26+Workman/data=!4m7!3m6!1s0x4cc91bfb6d439143:0x6eeaffb438b9a0ec!8m2!3d45.5037576!4d-73.554915!16s%2Fg%2F11fkpvvm1g!19sChIJQ5FDbfsbyUwR7KC5OLT_6m4?authuser=0&hl=en&g_ep=EgoyMDI2MDgyNS4wIJJjKgBIAVAD&rclk=1
bars in Montreal,Cloakroom Bar,info@cloakroombarmtl.com,https://www.cloakroombarmtl.com/,,"Tock, OpenTable",https://www.google.com/maps/place/Cloakroom+Bar/data=!4m7!3m6!1s0x4cc91a40528e838f:0x5dc03a321d4358f9!8m2!3d45.4994655!4d-73.5778416!16s%2Fg%2F11cn9sy6p2!19sChIJj4OOUkAayUwR-VhDHTI6wF0?authuser=0&hl=en&g_ep=EgoyMDI2MDgyNS4wIJJjKgBIAVAD&rclk=1
bars in Montreal,Bootlegger Cocktail Bar & Cuisine Montréal,information@barbootlegger.com,http://menu-bootlegger-cocktail-bar.netlify.app/,+1 438-383-2226,"Tock, Resy",https://www.google.com/maps/place/Bootlegger+Cocktail+Bar+%26+Cuisine+Montr%C3%A9al/data=!4m7!3m6!1s0x4cc91a4a5956dc65:0xadad33a87e225212!8m2!3d45.5131942!4d-73.5706793!16s%2Fg%2F11cn7td0lj!19sChIJZdxWWUoayUwRElIifqgzra0?authuser=0&hl=en&g_ep=EgoyMDI2MDgyNS4wIJJjKgBIAVAD&rclk=1
bars in Montreal,Nhậu bar,,https://nhau.ca/,+1 514-600-5870,None,https://www.google.com/maps/place/Nh%E1%BA%ADu+bar/data=!4m7!3m6!1s0x4cc91a58cf2f3673:0x3d7277e4ac1538f5!8m2!3d45.4997264!4d-73.5561681!16s%2Fg%2F11gfdx1gz_!19sChIJczYvz1gayUwR9TgVrOR3cj0?authuser=0&hl=en&g_ep=EgoyMDI2MDgyNS4wIJJjKgBIAVAD&rclk=1
bars in Montreal,Bar Le Mal Nécessaire,cv@lemalnecessaire.com,http://www.lemalnecessaire.com/,+1 514-397-1118,"Tock, Resy",https://www.google.com/maps/place/Bar+Le+Mal+N%C3%A9cessaire/data=!4m7!3m6!1s0x4cc91a51e877527f:0x359224819f8a8360!8m2!3d45.5030929!4d-73.5628351!16s%2Fg%2F11bbrhhj23!19sChIJf1J36FEayUwRYIOKn4EkkjU?authuser=0&hl=en&g_ep=EgoyMDI2MDgyNS4wIJJjKgBIAVAD&rclk=1
bars in Montreal,Taverne Midway,info@tavernemidway.com,http://www.tavernemidway.com/,+1 514-398-9669,None,https://www.google.com/maps/place/Taverne+Midway/data=!4m7!3m6!1s0x4cc91a4e74bf880d:0xc63fe97cf5553f38!8m2!3d45.5097306!4d-73.5632694!16s%2Fg%2F1tfdygd7!19sChIJDYi_dE4ayUwROD9V9XzpP8Y?authuser=0&hl=en&g_ep=EgoyMDI2MDgyNS4wIJJjKgBIAVAD&rclk=1
bars in Montreal,Brasserie Dieu du Ciel! - Brouepub Montréal,,http://dieuduciel.com/,+1 514-490-9555,Tock,https://www.google.com/maps/place/Brasserie+Dieu+du+Ciel!+-+Brouepub+Montr%C3%A9al/data=!4m7!3m6!1s0x4cc91bd58c5547d1:0x25ba64c756706300!8m2!3d45.52279!4d-73.5933601!16s%2Fg%2F1tkktg_x!19sChIJ0UdVjNUbyUwRAGNwVsdkuiU?authuser=0&hl=en&g_ep=EgoyMDI2MDgyNS4wIJJjKgBIAVAD&rclk=1
bars in Montreal,MALT,info@maltmontreal.com,https://www.maltmontreal.com/,+1 438-558-1617,None,https://www.google.com/maps/place/MALT/data=!4m7!3m6!1s0x4cc91a4b56a3648d:0x50bda8eaf4fb7bfd!8m2!3d45.514809!4d-73.565398!16s%2Fg%2F1wbf_07s!19sChIJjWSjVksayUwR_Xv79OqovVA?authuser=0&hl=en&g_ep=EgoyMDI2MDgyNS4wIJJjKgBIAVAD&rclk=1
bars in Montreal,Atwater Cocktail Club,"groupes@barroco.ca, info@atwatercocktailclub.com",http://atwatercocktailclub.com/,,"Tock, ChowNow, OpenTable",https://www.google.com/maps/place/Atwater+Cocktail+Club/data=!4m7!3m6!1s0x4cc91a776285402f:0xc820fb76c0c68a5b!8m2!3d45.4814191!4d-73.5783443!16s%2Fg%2F11c0py1w_3!19sChIJL0CFYncayUwRW4rGwHb7IMg?authuser=0&hl=en&g_ep=EgoyMDI2MDgyNS4wIJJjKgBIAVAD&rclk=1
bars in Montreal,Pub Le Sainte-Élisabeth,"info@lestudio.tv, pubsainteeli@gmail.com",https://pubsteeli.com/,+1 514-833-0866,None,https://www.google.com/maps/place/Pub+Le+Sainte-%C3%89lisabeth/data=!4m7!3m6!1s0x4cc91a4d0996d90f:0x8b7e27358570c4fd!8m2!3d45.5123179!4d-73.5622678!16s%2Fg%2F1tm8k5zw!19sChIJD9mWCU0ayUwR_cRwhTUnfos?authuser=0&hl=en&g_ep=EgoyMDI2MDgyNS4wIJJjKgBIAVAD&rclk=1
bars in Montreal,Alkademie Alambika,,,+1 514-400-9212,None,https://www.google.com/maps/place/Alkademie+Alambika/data=!4m7!3m6!1s0x4cc919eba1ef43a1:0xa30e306c092ee9b0!8m2!3d45.5303961!4d-73.6093838!16s%2Fg%2F11h800dgv5!19sChIJoUPvoesZyUwRsOkuCWwwDqM?authuser=0&hl=en&g_ep=EgoyMDI2MDgyNS4wIJJjKgBIAVAD&rclk=1
bars in Montreal,Bon Délire,groupes@barroco.ca,https://bondelire.bar/,,"Tock, OpenTable",https://www.google.com/maps/place/Bon+D%C3%A9lire/data=!4m7!3m6!1s0x4cc911650df9e9f3:0x4d520cfbe8cc1941!8m2!3d45.4713815!4d-73.5902228!16s%2Fg%2F11sf03kf_y!19sChIJ8-n5DWURyUwRQRnM6PsMUk0?authuser=0&hl=en&g_ep=EgoyMDI2MDgyNS4wIJJjKgBIAVAD&rclk=1
bars in Montreal,Bar Cicchetti,"utilisateur@domaine.com, infobarcicchetti@gmail.com",https://barcicchetti.club/,+1 514-379-4879,"Tock, OpenTable",https://www.google.com/maps/place/Bar+Cicchetti/data=!4m7!3m6!1s0x4cc9197338113c51:0x693fac196ae426a5!8m2!3d45.5287275!4d-73.6163529!16s%2Fg%2F11f3vr12_q!19sChIJUTwROHMZyUwRpSbkahmsP2k?authuser=0&hl=en&g_ep=EgoyMDI2MDgyNS4wIJJjKgBIAVAD&rclk=1
bars in Montreal,The Coldroom,"info@thecoldroommtl.com, kevin@thecoldroommtl.com",http://thecoldroommtl.com/,+1 514-294-6911,"Tock, OpenTable",https://www.google.com/maps/place/The+Coldroom/data=!4m7!3m6!1s0x4cc91a56f4e713bf:0xa8a958cc38734313!8m2!3d45.5071915!4d-73.5531102!16s%2Fg%2F11c1rsm0fz!19sChIJvxPn9FYayUwRE0NzOMxYqag?authuser=0&hl=en&g_ep=EgoyMDI2MDgyNS4wIJJjKgBIAVAD&rclk=1
bars in Montreal,Mad Hatter Pub,"reservation@madhattermtl.ca, info@madhattermtl.ca",https://www.madhattermtl.ca/,,None,https://www.google.com/maps/place/Mad+Hatter+Pub/data=!4m7!3m6!1s0x4cc91a69c2b606d1:0xd903a119c91a452c!8m2!3d45.496702!4d-73.5752619!16s%2Fg%2F1tf31030!19sChIJ0Qa2wmkayUwRLEUayRmhA9k?authuser=0&hl=en&g_ep=EgoyMDI2MDgyNS4wIJJjKgBIAVAD&rclk=1
bars in Montreal,"Nacarat Bar, Queen Elizabeth Hotel, Montreal","info@barnacarat.com, fabien.renaud@fairmont.com",https://www.barnacarat.com/,+1 514-954-2872,"Resy, BentoBox, OpenTable","https://www.google.com/maps/place/Nacarat+Bar,+Queen+Elizabeth+Hotel,+Montreal/data=!4m7!3m6!1s0x4cc91a435a22cefb:0x7b18c739c39aa551!8m2!3d45.500285!4d-73.5680273!16s%2Fg%2F11fyxbjs74!19sChIJ-84iWkMayUwRUaWawznHGHs?authuser=0&hl=en&g_ep=EgoyMDI2MDgyNS4wIJJjKgBIAVAD&rclk=1"
resorts in Montreal,Hotel Birks Montreal,"info@hotelbirksmontreal.com, k.gagne@restauranthenri.com",https://hotelbirksmontreal.com/,+1 514-370-3000,"Tock, OpenTable",https://www.google.com/maps/place/Hotel+Birks+Montreal/data=!4m10!3m9!1s0x4cc91a45a9ba0c7b:0x317212f3fce5e43b!5m2!4m1!1i2!8m2!3d45.5034487!4d-73.5689104!16s%2Fg%2F11ggbcb2_9!19sChIJewy6qUUayUwRO-Tl_PMScjE?authuser=0&hl=en&g_ep=EgoyMDI2MDgyNS4wIJJjKgBIAVAD&rclk=1
resorts in Montreal,W Montreal,,https://www.marriott.com/en-us/hotels/yulwh-w-montreal/overview/?scid=f2ae0541-1279-4f24-b197-a979c79310b0,+1 514-395-3100,None,https://www.google.com/maps/place/W+Montreal/data=!4m10!3m9!1s0x4cc91a5baf911b1b:0x9bfdec828bbbdbc!5m2!4m1!1i2!8m2!3d45.5020684!4d-73.5619479!16s%2Fg%2F1ttp9y0x!19sChIJGxuRr1sayUwRvL27KMjevwk?authuser=0&hl=en&g_ep=EgoyMDI2MDgyNS4wIJJjKgBIAVAD&rclk=1
resorts in Montreal,LHotel Montreal,info@lhotelmontreal.com,http://www.lhotelmontreal.com/,+1 514-985-0019,Tock,https://www.google.com/maps/place/LHotel+Montreal/data=!4m10!3m9!1s0x4cc91a5a210324e9:0xaf341c014d2ad52e!5m2!4m1!1i2!8m2!3d45.5030556!4d-73.5586111!16s%2Fg%2F1tmbvr3k!19sChIJ6SQDIVoayUwRLtUqTQEcNK8?authuser=0&hl=en&g_ep=EgoyMDI2MDgyNS4wIJJjKgBIAVAD&rclk=1
resorts in Montreal,SENS HØTEL,reservations@sensmtlversailles.com,https://www.senshotel.com/,+1 514-933-8111,None,https://www.google.com/maps/place/SENS+H%C3%98TEL/data=!4m10!3m9!1s0x4cc91a6b2bb9b027:0xeaa31f152128758f!5m2!4m1!1i2!8m2!3d45.4954225!4d-73.5823998!16s%2Fg%2F1hc0w17ky!19sChIJJ7C5K2sayUwRj3UoIRUfo-o?authuser=0&hl=en&g_ep=EgoyMDI2MDgyNS4wIJJjKgBIAVAD&rclk=1
resorts in Montreal,Hotel de Paris,,https://www.hoteldeparis.ca/,+1 514-522-6861,None,https://www.google.com/maps/place/Hotel+de+Paris/data=!4m10!3m9!1s0x4cc91bb5d7ccf0ff:0xf59e834233c3cf7c!5m2!4m1!1i2!8m2!3d45.5200805!4d-73.5662869!16s%2Fg%2F1tcvbhvs!19sChIJ__DM17UbyUwRfM_DM0KDnvU?authuser=0&hl=en&g_ep=EgoyMDI2MDgyNS4wIJJjKgBIAVAD&rclk=1
resorts in Montreal,Le Mount Stephen,,https://www.lemountstephen.com/,+1 514-313-1000,None,https://www.google.com/maps/place/Le+Mount+Stephen/data=!4m10!3m9!1s0x4cc91a419767f001:0xfe4753b92d200fa8!5m2!4m1!1i2!8m2!3d45.4990788!4d-73.5757987!16s%2Fg%2F12pgchyk5!19sChIJAfBnl0EayUwRqA8gLblTR_4?authuser=0&hl=en&g_ep=EgoyMDI2MDgyNS4wIJJjKgBIAVAD&rclk=1
resorts in Montreal,Warwick Le Crystal,"info.montreal@warwickhotels.com, siam.centreville@groupesatori.com, ventes.lecrystal@warwickhotels.com, reservation.lecrystal@warwickhotels.com, reception.lecrystal@warwickhotels.com, concierge.lecrystal@warwickhotels.com, info@elementsmaisondebeaute.com",https://www.warwickhotels.com/warwick-le-crystal-montreal,+1 514-657-8111,Tock,https://www.google.com/maps/place/Warwick+Le+Crystal/data=!4m10!3m9!1s0x4cc91a69d5cf714d:0x80a685271ae50121!5m2!4m1!1i2!8m2!3d45.4966979!4d-73.5729354!16s%2Fg%2F122dl2t0!19sChIJTXHP1WkayUwRIQHlGieFpoA?authuser=0&hl=en&g_ep=EgoyMDI2MDgyNS4wIJJjKgBIAVAD&rclk=1
resorts in Montreal,Hôtel William Gray,"sales@hotelwilliamgray.com, info@spawilliamgray.com, media@hotelwilliamgray.com, reservations@hotelwilliamgray.com, info@hotelwilliamgray.com, guestservices@hotelwilliamgray.com, mystay@hotelwilliamgray.com, info@maggieoakes.com, accounting@hotelwilliamgray.com, weddings@hotelwilliamgray.com, ventes@graycollection.com, talent@graycollection.com",https://hotelwilliamgray.com/?utm_source=gmb&utm_medium=organic,+1 514-656-5600,None,https://www.google.com/maps/place/H%C3%B4tel+William+Gray/data=!4m10!3m9!1s0x4cc91a56f332c441:0xc62f60004e19c33e!5m2!4m1!1i2!8m2!3d45.5073105!4d-73.553193!16s%2Fg%2F11byzdph1y!19sChIJQcQy81YayUwRPsMZTgBgL8Y?authuser=0&hl=en&g_ep=EgoyMDI2MDgyNS4wIJJjKgBIAVAD&rclk=1
resorts in Montreal,Hôtel Le Germain Montréal,"reservations.legermainquebec@germainhotels.com, reservations.altmontreal@germainhotels.com, reservations.altottawa@germainhotels.com, reservations.altdix30@germainhotels.com, info@leboulevardierrestaurant.com, reservations.altwinnipeg@germainhotels.com, reservations.legermaincalgary@germainhotels.com, reservations.altstjohns@germainhotels.com, reservations.alttorontoairport@germainhotels.com, reservations.altsaskatoon@germainhotels.com, reservations.legermaintorontomlsq@germainhotels.com, reservations.althalifax@germainhotels.com, reservations.legermainottawa@germainhotels.com, reservations.altquebec@germainhotels.com, ventes.legermainmontreal@germainhotels.com, reservations.altcalgaryeastvillage@germainhotels.com, pdeladurantaye@germainhotels.com, reservations.altcalgaryuniversitydistrict@germainhotels.com, reservations.legermaincharlevoix@germainhotels.com, reservations.legermaintorontomercer@germainhotels.com, concierge.legermainmontreal@germainhotels.com, reservations.escaddix30@germainhotels.com, reservations.legermainmontreal@germainhotels.com",https://www.germainhotels.com/fr/hotel-le-germain/montreal,+1 514-849-2050,"Tock, OpenTable",https://www.google.com/maps/place/H%C3%B4tel+Le+Germain+Montr%C3%A9al/data=!4m10!3m9!1s0x4cc91a46c61eddd5:0xb45af8dec54f1c0e!5m2!4m1!1i2!8m2!3d45.5024884!4d-73.5744095!16s%2Fg%2F113hzrc5j!19sChIJ1d0exkYayUwRDhxPxd74WrQ?authuser=0&hl=en&g_ep=EgoyMDI2MDgyNS4wIJJjKgBIAVAD&rclk=1
resorts in Montreal,InterContinental Montreal by IHG,,https://www.ihg.com/redirect?path=hd&localeCode=en&brandCode=IC&regionCode=CA&hotelCode=YULHB&cm_mmc=GoogleMaps-_-IC-_-CA-_-YULHB,+1 514-987-9900,None,https://www.google.com/maps/place/InterContinental+Montreal+by+IHG/data=!4m10!3m9!1s0x4cc91a5a487ea26b:0x15df66dbf31d48a!5m2!4m1!1i2!8m2!3d45.5028575!4d-73.5603734!16s%2Fg%2F1v3hzlt0!19sChIJa6J-SFoayUwRitQxv232XQE?authuser=0&hl=en&g_ep=EgoyMDI2MDgyNS4wIJJjKgBIAVAD&rclk=1
resorts in Montreal,Hôtel AC Montréal Centre-ville,,https://www.marriott.com/en-us/hotels/yulac-hotel-ac-montreal-centre-ville/overview/?scid=f2ae0541-1279-4f24-b197-a979c79310b0,+1 514-877-9999,None,https://www.google.com/maps/place/H%C3%B4tel+AC+Montr%C3%A9al+Centre-ville/data=!4m10!3m9!1s0x4cc91a4ffc7b535b:0xbaf6f53a901b603e!5m2!4m1!1i2!8m2!3d45.505802!4d-73.5636565!16s%2Fg%2F11c72sc3d0!19sChIJW1N7_E8ayUwRPmAbkDr19ro?authuser=0&hl=en&g_ep=EgoyMDI2MDgyNS4wIJJjKgBIAVAD&rclk=1
resorts in Montreal,Hôtel de l'ITHQ,hotel@ithq.qc.ca,https://www.luxuryres.com/bookingengines/v16/index.asp?h=8000,+1 514-282-5120,None,https://www.google.com/maps/place/H%C3%B4tel+de+l%27ITHQ/data=!4m10!3m9!1s0x4cc91bb5724cca49:0xc29be1e53fada6dd!5m2!4m1!1i2!8m2!3d45.5179098!4d-73.5685169!16s%2Fg%2F1tc_dwp_!19sChIJScpMcrUbyUwR3aatP-Xhm8I?authuser=0&hl=en&g_ep=EgoyMDI2MDgyNS4wIJJjKgBIAVAD&rclk=1
resorts in Montreal,Hôtel Gault,"accueil@hotelgault.com, reservations@hotelgault.com",http://www.hotelgault.com/,+1 514-904-1616,None,https://www.google.com/maps/place/H%C3%B4tel+Gault/data=!4m10!3m9!1s0x4cc91a597205a92b:0x96bd2d95b843b13e!5m2!4m1!1i2!8m2!3d45.5014829!4d-73.5583179!16s%2Fg%2F1tg15bq7!19sChIJK6kFclkayUwRPrFDuJUtvZY?authuser=0&hl=en&g_ep=EgoyMDI2MDgyNS4wIJJjKgBIAVAD&rclk=1
resorts in Montreal,Maison Saint-Vincent,hello@maisonsco.com,https://www.maisonsco.com/,+1 438-700-8601,"Tock, OpenTable",https://www.google.com/maps/place/Maison+Saint-Vincent/data=!4m10!3m9!1s0x4cc91a5693620e29:0x7d1f5df7fce39a17!5m2!4m1!1i2!8m2!3d45.5074859!4d-73.5539764!16s%2Fg%2F11c32l6b9q!19sChIJKQ5ik1YayUwRF5rj_PddH30?authuser=0&hl=en&g_ep=EgoyMDI2MDgyNS4wIJJjKgBIAVAD&rclk=1
resorts in Montreal,"The Ritz-Carlton, Montreal",,https://www.ritzcarlton.com/en/hotels/yulrm-the-ritz-carlton-montreal/overview/?scid=f2ae0541-1279-4f24-b197-a979c79310b0,+1 514-842-4212,OpenTable,"https://www.google.com/maps/place/The+Ritz-Carlton,+Montreal/data=!4m10!3m9!1s0x4cc91a40f7f00c21:0x4955974bc6dae998!5m2!4m1!1i2!8m2!3d45.5001857!4d-73.5778058!16s%2Fm%2F0278x9j!19sChIJIQzw90AayUwRmOnaxkuXVUk?authuser=0&hl=en&g_ep=EgoyMDI2MDgyNS4wIJJjKgBIAVAD&rclk=1"
resorts in Montreal,Parc Suites Hotel,"sales@parcsuites.com, tefa0606@hotmail.com",http://parcsuites.com/,+1 514-985-5656,None,https://www.google.com/maps/place/Parc+Suites+Hotel/data=!4m10!3m9!1s0x4cc91a49c9424035:0xf4c42c707d984c84!5m2!4m1!1i2!8m2!3d45.5092101!4d-73.5726055!16s%2Fg%2F1thq0b8z!19sChIJNUBCyUkayUwRhEyYfXAsxPQ?authuser=0&hl=en&g_ep=EgoyMDI2MDgyNS4wIJJjKgBIAVAD&rclk=1
resorts in Montreal,Sofitel Montreal Golden Mile,h3646@sofitel.com,http://sofitel.accor.com/hotels/3646?merchantid=seo-maps-CA-3646&sourceid=aw-cen&utm_source=google+Maps&utm_medium=seo+maps&utm_campaign=seo+maps&utm_term=Sofitel-Launch,+1 514-285-9000,None,https://www.google.com/maps/place/Sofitel+Montreal+Golden+Mile/data=!4m10!3m9!1s0x4cc91a40de83226d:0x5b4a128dcf849cc2!5m2!4m1!1i2!8m2!3d45.5014991!4d-73.5775264!16s%2Fg%2F1tfbmyn9!19sChIJbSKD3kAayUwRwpyEz40SSls?authuser=0&hl=en&g_ep=EgoyMDI2MDgyNS4wIJJjKgBIAVAD&rclk=1
resorts in Montreal,"Vogue Hotel Montreal Downtown, Curio Collection by Hilton",,https://www.hilton.com/en/hotels/yulmqqq-vogue-hotel-montreal-downtown/?SEO_id=GMB-AMER-QQ-YULMQQQ,+1 514-285-5555,None,"https://www.google.com/maps/place/Vogue+Hotel+Montreal+Downtown,+Curio+Collection+by+Hilton/data=!4m10!3m9!1s0x4cc91befb64b89c1:0x102baa91ce35105!5m2!4m1!1i2!8m2!3d45.4984499!4d-73.5756368!16s%2Fg%2F1th0xzgx!19sChIJwYlLtu8byUwRBVHjHKm6AgE?authuser=0&hl=en&g_ep=EgoyMDI2MDgyNS4wIJJjKgBIAVAD&rclk=1"
resorts in Montreal,Kutuma Hotel & Suites,info@kutuma.com,https://www.kutuma.com/,+1 514-844-0111,None,https://www.google.com/maps/place/Kutuma+Hotel+%26+Suites/data=!4m10!3m9!1s0x4cc91bca61b61f0d:0xa38452d357b3d6e9!5m2!4m1!1i2!8m2!3d45.5184!4d-73.5712639!16s%2Fg%2F1xb2d5hl!19sChIJDR-2YcobyUwR6dazV9NShKM?authuser=0&hl=en&g_ep=EgoyMDI2MDgyNS4wIJJjKgBIAVAD&rclk=1
resorts in Montreal,Boutique Lofts Milton Parc,booking@simplissimmo.ca,https://www.simplissimmo.ca/en/categories/the-milton-parc-hotel,+1 514-759-6110,None,https://www.google.com/maps/place/Boutique+Lofts+Milton+Parc/data=!4m10!3m9!1s0x4cc91a49b5d3619b:0x316406a9281c0ff9!5m2!4m1!1i2!8m2!3d45.5095214!4d-73.5729522!16s%2Fg%2F11f4wt4r4c!19sChIJm2HTtUkayUwR-Q8cKKkGZDE?authuser=0&hl=en&g_ep=EgoyMDI2MDgyNS4wIJJjKgBIAVAD&rclk=1
resorts in Montreal,Hôtel Alt Montréal,"ventes.altmontreal@germainhotels.com, reservations.legermainquebec@germainhotels.com, reservations.altmontreal@germainhotels.com, reservations.altottawa@germainhotels.com, reservations.altdix30@germainhotels.com, ftetu@germainhotels.com, reservations.altwinnipeg@germainhotels.com, reservations.legermaincalgary@germainhotels.com, reservations.altstjohns@germainhotels.com, reservations.alttorontoairport@germainhotels.com, reservations.altsaskatoon@germainhotels.com, reservations.legermaintorontomlsq@germainhotels.com, reservations.althalifax@germainhotels.com, reservations.legermainottawa@germainhotels.com, reservations.altquebec@germainhotels.com, reservations.montreal@althotels.ca, reservations.altcalgaryeastvillage@germainhotels.com, reservations.altcalgaryuniversitydistrict@germainhotels.com, reservations.legermaincharlevoix@germainhotels.com, reservations.legermaintorontomercer@germainhotels.com, reservations.escaddix30@germainhotels.com, reservations.legermainmontreal@germainhotels.com",https://www.germainhotels.com/fr/hotel-alt/montreal,+1 514-375-0220,"Tock, OpenTable",https://www.google.com/maps/place/H%C3%B4tel+Alt+Montr%C3%A9al/data=!4m10!3m9!1s0x4cc91a8a9f28a13b:0xca7a8633673c792f!5m2!4m1!1i2!8m2!3d45.4930735!4d-73.5572094!16s%2Fg%2F1q625wfns!19sChIJO6Eon4oayUwRL3k8ZzOGeso?authuser=0&hl=en&g_ep=EgoyMDI2MDgyNS4wIJJjKgBIAVAD&rclk=1
resorts in Montreal,St Paul hotel,"ventesgroupes@hotelstpaul.com, reception@hotelstpaul.com, reserve@hotelstpaul.com",https://www.hotelstpaul.com/,+1 514-380-2222,None,https://www.google.com/maps/place/St+Paul+hotel/data=!4m10!3m9!1s0x4cc91a58d979cc13:0x8c6cab231c4a9b95!5m2!4m1!1i2!8m2!3d45.5002814!4d-73.5567557!16s%2Fg%2F1tf9mw8m!19sChIJE8x52VgayUwRlZtKHCOrbIw?authuser=0&hl=en&g_ep=EgoyMDI2MDgyNS4wIJJjKgBIAVAD&rclk=1
resorts in Montreal,Auberge de La Fontaine,info@aubergedelafontaine.com,http://www.aubergedelafontaine.com/,+1 514-597-0166,None,https://www.google.com/maps/place/Auberge+de+La+Fontaine/data=!4m10!3m9!1s0x4cc91bc5c806a16f:0x16b4e096359591fb!5m2!4m1!1i2!8m2!3d45.527648!4d-73.5725558!16s%2Fg%2F1tczp_3l!19sChIJb6EGyMUbyUwR-5GVNZbgtBY?authuser=0&hl=en&g_ep=EgoyMDI2MDgyNS4wIJJjKgBIAVAD&rclk=1
resorts in Montreal,Château Olivier,,https://www.12425olivier.ca/,+1 514-991-7890,None,https://www.google.com/maps/place/Ch%C3%A2teau+Olivier/data=!4m10!3m9!1s0x4cc922eeeef1dbeb:0x5da3262675a905e2!5m2!4m1!1i2!8m2!3d45.527044!4d-73.73416!16s%2Fg%2F11fy4vh0n_!19sChIJ69vx7u4iyUwR4gWpdSYmo10?authuser=0&hl=en&g_ep=EgoyMDI2MDgyNS4wIJJjKgBIAVAD&rclk=1
resorts in Montreal,Hôtel Épik Montréal,,http://www.epikmontreal.com/,+1 514-842-2634,None,https://www.google.com/maps/place/H%C3%B4tel+%C3%89pik+Montr%C3%A9al/data=!4m10!3m9!1s0x4cc91a5833022df1:0x694fd5293505402c!5m2!4m1!1i2!8m2!3d45.5031158!4d-73.5551571!16s%2Fg%2F1pw3yst54!19sChIJ8S0CM1gayUwRLEAFNSnVT2k?authuser=0&hl=en&g_ep=EgoyMDI2MDgyNS4wIJJjKgBIAVAD&rclk=1
resorts in Montreal,Hotel Nelligan,info@hotelnelligan.com,https://hotelnelligan.com/fr/nelligan-reouverture/?utm_source=gmb&utm_medium=organic,+1 514-788-2040,None,https://www.google.com/maps/place/Hotel+Nelligan/data=!4m10!3m9!1s0x4cc91a5782e67adf:0xfceeba5dde88560e!5m2!4m1!1i2!8m2!3d45.5041088!4d-73.5544431!16s%2Fg%2F1ts1m7l_!19sChIJ33rmglcayUwRDlaI3l267vw?authuser=0&hl=en&g_ep=EgoyMDI2MDgyNS4wIJJjKgBIAVAD&rclk=1
resorts in Montreal,Fairmont The Queen Elizabeth,"qeh.reservations@fairmont.com, qeh.concierge@fairmont.com, queenelizabeth.hotel@fairmont.com",https://www.fairmont.com/queen-elizabeth-montreal/?goto=fiche_hotel&code_hotel=A567&merchantid=seo-maps-CA-A567&sourceid=aw-cen&utm_medium=seo%20maps&utm_source=google%20Maps&utm_campaign=seo%20maps,+1 514-861-3511,None,https://www.google.com/maps/place/Fairmont+The+Queen+Elizabeth/data=!4m10!3m9!1s0x4cc91a435b63652f:0x337d8c8a17dbddfc!5m2!4m1!1i2!8m2!3d45.5004048!4d-73.5680407!16zL20vMDRsemRq!19sChIJL2VjW0MayUwR_N3bF4qMfTM?authuser=0&hl=en&g_ep=EgoyMDI2MDgyNS4wIJJjKgBIAVAD&rclk=1
resorts in Montreal,Loft Hotel Montreal,,https://thelofthotel.guestybookings.com/,+1 514-439-1818,None,https://www.google.com/maps/place/Loft+Hotel+Montreal/data=!4m10!3m9!1s0x4cc91bb4c31e58f9:0x494698addab2516a!5m2!4m1!1i2!8m2!3d45.515997!4d-73.5667113!16s%2Fg%2F1thhk3ml!19sChIJ-Vgew7QbyUwRalGy2q2YRkk?authuser=0&hl=en&g_ep=EgoyMDI2MDgyNS4wIJJjKgBIAVAD&rclk=1
resorts in Montreal,Hôtel Chez Swann,,https://hotelchezswann.com/,+1 514-842-7070,None,https://www.google.com/maps/place/H%C3%B4tel+Chez+Swann/data=!4m10!3m9!1s0x4cc91a4198c3055f:0xcf04d9f2304351e6!5m2!4m1!1i2!8m2!3d45.4992651!4d-73.5759936!16s%2Fg%2F1v76z862!19sChIJXwXDmEEayUwR5lFDMPLZBM8?authuser=0&hl=en&g_ep=EgoyMDI2MDgyNS4wIJJjKgBIAVAD&rclk=1
resorts in Montreal,Le Petit Hotel,,https://petithotelmontreal.com/?utm_source=gmb&utm_medium=organic,+1 514-940-0360,None,https://www.google.com/maps/place/Le+Petit+Hotel/data=!4m10!3m9!1s0x4cc91a583158d129:0xe26efe076e833a11!5m2!4m1!1i2!8m2!3d45.5030811!4d-73.5550107!16s%2Fg%2F11dzw6qx9z!19sChIJKdFYMVgayUwRETqDbgf-buI?authuser=0&hl=en&g_ep=EgoyMDI2MDgyNS4wIJJjKgBIAVAD&rclk=1
resorts in Montreal,Le Saint-Sulpice Hotel Montreal,frontdesk@lesaintsulpice.com,https://hotelsaintsulpice.com/fr?utm_source=google-local&utm_medium=organic&utm_campaign=gmb&utm_content=website&utm_term=saintsulpice,+1 514-288-1000,None,https://www.google.com/maps/place/Le+Saint-Sulpice+Hotel+Montreal/data=!4m10!3m9!1s0x4cc91a577a30d4d3:0x45947dcf918ea17c!5m2!4m1!1i2!8m2!3d45.5043908!4d-73.5549874!16s%2Fg%2F11h1t93tk!19sChIJ09QwelcayUwRfKGOkc99lEU?authuser=0&hl=en&g_ep=EgoyMDI2MDgyNS4wIJJjKgBIAVAD&rclk=1
resorts in Montreal,Hôtel Monville,"reservations@hotelmonville.com, members@iprefer.com",http://www.hotelmonville.com/en/?utm_source=google-local&utm_medium=organic&utm_campaign=gmb,+1 514-379-2005,"Tock, OpenTable",https://www.google.com/maps/place/H%C3%B4tel+Monville/data=!4m10!3m9!1s0x4cc91a5a90b1a689:0x89a6ef17578ff61a!5m2!4m1!1i2!8m2!3d45.504478!4d-73.5623369!16s%2Fg%2F11c1x_86sk!19sChIJiaaxkFoayUwRGvaPVxfvpok?authuser=0&hl=en&g_ep=EgoyMDI2MDgyNS4wIJJjKgBIAVAD&rclk=1
resorts in Montreal,Four Seasons Hotel Montreal,,https://www.fourseasons.com/montreal/?utm_source=google&utm_medium=organicsearch&utm_campaign=tor-mqu-hre-mid-seo-na&utm_content=na-na&utm_term=na,+1 514-843-2500,None,https://www.google.com/maps/place/Four+Seasons+Hotel+Montreal/data=!4m10!3m9!1s0x4cc917ee5470a557:0xb0a99c016955de34!5m2!4m1!1i2!8m2!3d45.4984103!4d-73.5765665!16s%2Fg%2F11ckr88qxr!19sChIJV6VwVO4XyUwRNN5VaQGcqbA?authuser=0&hl=en&g_ep=EgoyMDI2MDgyNS4wIJJjKgBIAVAD&rclk=1
resorts in Montreal,Le St-Martin Montreal Hotel Particulier,info.mtl@metcalfehotel.com,http://www.lestmartinmontreal.com/,18778433003,None,https://www.google.com/maps/place/Le+St-Martin+Montreal+Hotel+Particulier/data=!4m10!3m9!1s0x4cc91a410d35cacb:0x78e34f3e44a0a883!5m2!4m1!1i2!8m2!3d45.5016!4d-73.5737554!16s%2Fg%2F11b67xbg6p!19sChIJy8o1DUEayUwRg6igRD5P43g?authuser=0&hl=en&g_ep=EgoyMDI2MDgyNS4wIJJjKgBIAVAD&rclk=1
resorts in Montreal,Hotel Le Relais Lyonnais,"info@uniquestaysmtl.com, admin@uniquestaysmtl.com",https://uniquestaysmtl.holidayfuture.com/all-listings,+1 514-235-4450,None,https://www.google.com/maps/place/Hotel+Le+Relais+Lyonnais/data=!4m10!3m9!1s0x4cc91bb32d7a113b:0x586e394278b748aa!5m2!4m1!1i2!8m2!3d45.5148463!4d-73.562577!16s%2Fg%2F1ty73wv7!19sChIJOxF6LbMbyUwRqki3eEI5blg?authuser=0&hl=en&g_ep=EgoyMDI2MDgyNS4wIJJjKgBIAVAD&rclk=1
resorts in Montreal,Renaissance Montreal Downtown Hotel,,https://www.marriott.com/en-us/hotels/yulmd-renaissance-montreal-downtown-hotel/overview/?scid=f2ae0541-1279-4f24-b197-a979c79310b0,+1 514-657-5000,None,https://www.google.com/maps/place/Renaissance+Montreal+Downtown+Hotel/data=!4m10!3m9!1s0x4cc91a4458ecc8c1:0x2f21e8faba533af0!5m2!4m1!1i2!8m2!3d45.5027226!4d-73.5693562!16s%2Fg%2F11clgcdh_l!19sChIJwcjsWEQayUwR8DpTuvroIS8?authuser=0&hl=en&g_ep=EgoyMDI2MDgyNS4wIJJjKgBIAVAD&rclk=1
resorts in Montreal,Hilton Garden Inn Montreal Midtown,,https://www.hilton.com/en/hotels/ymqmmgi-hilton-garden-inn-montreal-midtown/?SEO_id=GMB-AMER-GI-YMQMMGI,+1 514-370-3300,None,https://www.google.com/maps/place/Hilton+Garden+Inn+Montreal+Midtown/data=!4m10!3m9!1s0x4cc919d99cbea0a1:0xeac30568ebe81d6d!5m2!4m1!1i2!8m2!3d45.4930105!4d-73.648741!16s%2Fg%2F11ft_dh1bw!19sChIJoaC-nNkZyUwRbR3o62gFw-o?authuser=0&hl=en&g_ep=EgoyMDI2MDgyNS4wIJJjKgBIAVAD&rclk=1
resorts in Montreal,Hôtel Uville Montréal,,http://www.uvillehotelmontreal.com/,+1 514-289-4044,None,https://www.google.com/maps/place/H%C3%B4tel+Uville+Montr%C3%A9al/data=!4m10!3m9!1s0x4cc91a5843c2cfad:0x1876c4986f6a2fb!5m2!4m1!1i2!8m2!3d45.5022618!4d-73.5544062!16s%2Fg%2F11h_3t4yxs!19sChIJrc_CQ1gayUwR-6L2hklshwE?authuser=0&hl=en&g_ep=EgoyMDI2MDgyNS4wIJJjKgBIAVAD&rclk=1
resorts in Montreal,Hôtel Bonaparte,,http://www.bonaparte.com/,+1 514-844-1448,OpenTable,https://www.google.com/maps/place/H%C3%B4tel+Bonaparte/data=!4m10!3m9!1s0x4cc91a59c4f1007b:0x12fb11a2e69a14fc!5m2!4m1!1i2!8m2!3d45.5033309!4d-73.5561435!16s%2Fg%2F1hg4473df!19sChIJewDxxFkayUwR_BSa5qIR-xI?authuser=0&hl=en&g_ep=EgoyMDI2MDgyNS4wIJJjKgBIAVAD&rclk=1
resorts in Montreal,Delta Hotels Montreal,,https://www.marriott.com/en-us/hotels/yuldb-delta-hotels-montreal/overview/?scid=f2ae0541-1279-4f24-b197-a979c79310b0,+1 514-286-1986,None,https://www.google.com/maps/place/Delta+Hotels+Montreal/data=!4m10!3m9!1s0x4cc91a48a7ef7191:0x61f49a4c43699aaf!5m2!4m1!1i2!8m2!3d45.5063056!4d-73.5708878!16s%2Fg%2F11c1pf6mn0!19sChIJkXHvp0gayUwRr5ppQ0ya9GE?authuser=0&hl=en&g_ep=EgoyMDI2MDgyNS4wIJJjKgBIAVAD&rclk=1
restaurants in Vancouver,Ancora Waterfront Dining and Patio,"bookings@viaggiohospitality.com, falsecreek@ancoradining.com, ambleside@ancoradining.com, gnasst@niradia.com, media@viaggiohospitality.com",http://www.ancoradining.com/,+1 604-681-1164,Tock,https://www.google.com/maps/place/Ancora+Waterfront+Dining+and+Patio/data=!4m7!3m6!1s0x548673d1f80c54ad:0x719944d0aafd4de7!8m2!3d49.2738285!4d-123.1325499!16s%2Fg%2F11bw2_fvpm!19sChIJrVQM-NFzhlQR5039qtBEmXE?authuser=0&hl=en&g_ep=EgoyMDI2MDgyNS4wIJJjKgBIAVAD&rclk=1
restaurants in Vancouver,Manoush'eh,manoushehbc@gmail.com,https://www.manousheh.ca/,+1 604-440-4402,"Tock, OpenTable",https://www.google.com/maps/place/Manoush%27eh/data=!4m7!3m6!1s0x548673d41a083a57:0x55118a3cd49cacf0!8m2!3d49.2766748!4d-123.1256829!16s%2Fg%2F11f157wrrj!19sChIJVzoIGtRzhlQR8Kyc1DyKEVU?authuser=0&hl=en&g_ep=EgoyMDI2MDgyNS4wIJJjKgBIAVAD&rclk=1
restaurants in Vancouver,Tap & Barrel • Bridges,"southsurrey@tapandbarrel.com, shipyards@tapandbarrel.com, village@tapandbarrel.com, brentwood@tapandbarrel.com, willowbrook@tapandbarrel.com, bridges@tapandbarrel.com, convention@tapandbarrel.com",https://tapandbarrel.com/,+1 604-687-4400,OpenTable,https://www.google.com/maps/place/Tap+%26+Barrel+%E2%80%A2+Bridges/data=!4m7!3m6!1s0x548673f484f2c2f3:0x90bc7087fa67f9ed!8m2!3d49.2728058!4d-123.1363961!16s%2Fg%2F11rz5b5xm7!19sChIJ88LyhPRzhlQR7fln-odwvJA?authuser=0&hl=en&g_ep=EgoyMDI2MDgyNS4wIJJjKgBIAVAD&rclk=1
restaurants in Vancouver,JOEY Burrard,"accessibility@joeyrestaurants.com, jburrard@joeyrestaurants.com",https://joeyrestaurants.com/location/joey-burrard,+1 604-683-5639,OpenTable,https://www.google.com/maps/place/JOEY+Burrard/data=!4m7!3m6!1s0x5486718018c3ccc7:0xa4fb9aa18d85e353!8m2!3d49.282606!4d-123.1231879!16s%2Fg%2F1wn_5t6d!19sChIJx8zDGIBxhlQRU-OFjaGa-6Q?authuser=0&hl=en&g_ep=EgoyMDI2MDgyNS4wIJJjKgBIAVAD&rclk=1
restaurants in Vancouver,The Sandbar Seafood Restaurant,,https://www.vancouverdine.com/sandbar,+1 604-669-9030,OpenTable,https://www.google.com/maps/place/The+Sandbar+Seafood+Restaurant/data=!4m7!3m6!1s0x548673ce6f66a28f:0xa5cbd4e4ea341af2!8m2!3d49.2715333!4d-123.1342316!16s%2Fg%2F1tdm3d_7!19sChIJj6Jmb85zhlQR8ho06uTUy6U?authuser=0&hl=en&g_ep=EgoyMDI2MDgyNS4wIJJjKgBIAVAD&rclk=1
restaurants in Vancouver,Lavantine Restaurant & Skybar,natasha@azurhotelvancouver.com,https://lavantine.ca/,+1 604-416-2855,SevenRooms,https://www.google.com/maps/place/Lavantine+Restaurant+%26+Skybar/data=!4m7!3m6!1s0x548671826bedc933:0x4919b6ad7974f572!8m2!3d49.2857792!4d-123.1163804!16s%2Fg%2F11ldx5ft8l!19sChIJM8nta4JxhlQRcvV0ea22GUk?authuser=0&hl=en&g_ep=EgoyMDI2MDgyNS4wIJJjKgBIAVAD&rclk=1
restaurants in Vancouver,Provence Marinaside,,https://www.provencemarinaside.ca/,+1 604-681-4144,None,https://www.google.com/maps/place/Provence+Marinaside/data=!4m7!3m6!1s0x548673d76e591a77:0x446882b27d682a94!8m2!3d49.2733337!4d-123.1196165!16s%2Fm%2F04yjvnx!19sChIJdxpZbtdzhlQRlCpofbKCaEQ?authuser=0&hl=en&g_ep=EgoyMDI2MDgyNS4wIJJjKgBIAVAD&rclk=1
restaurants in Vancouver,Brunch Vancouver | Breakfast & Brunch Restaurant,contact@brunchvancouver.com,https://www.brunchvancouver.com/,+1 604-423-9132,Tock,https://www.google.com/maps/place/Brunch+Vancouver+%7C+Breakfast+%26+Brunch+Restaurant/data=!4m7!3m6!1s0x54867309fcc8a599:0x38ad1952fea0969!8m2!3d49.2778708!4d-123.1256128!16s%2Fg%2F11fvgy1lrq!19sChIJmaXI_AlzhlQRaQnqL5XRigM?authuser=0&hl=en&g_ep=EgoyMDI2MDgyNS4wIJJjKgBIAVAD&rclk=1
restaurants in Vancouver,Lupo Restaurant & Vinoteca,info@luporestaurant.ca,http://www.luporestaurant.ca/,+1 604-569-2535,OpenTable,https://www.google.com/maps/place/Lupo+Restaurant+%26+Vinoteca/data=!4m7!3m6!1s0x5486717de65ad69d:0x43f97e57034fb456!8m2!3d49.2782129!4d-123.1173233!16s%2Fg%2F1td09mz4!19sChIJndZa5n1xhlQRVrRPA1d--UM?authuser=0&hl=en&g_ep=EgoyMDI2MDgyNS4wIJJjKgBIAVAD&rclk=1
restaurants in Vancouver,Le Crocodile by Rob Feenie,"service@serenapr.com, reservations@lecrocodilerestaurant.com",http://lecrocodilerestaurant.com/,+1 604-669-4298,"Tock, OpenTable",https://www.google.com/maps/place/Le+Crocodile+by+Rob+Feenie/data=!4m7!3m6!1s0x548671773f388d17:0x364944ff287b2d1c!8m2!3d49.2825301!4d-123.1252212!16s%2Fm%2F04yjrg9!19sChIJF404P3dxhlQRHC17KP9ESTY?authuser=0&hl=en&g_ep=EgoyMDI2MDgyNS4wIJJjKgBIAVAD&rclk=1
restaurants in Vancouver,Glowbal,"info@glowbal.ca, sales@glowbalgroup.com",https://glowbalgroup.com/glowbal/,+1 604-602-0835,"Tock, OpenTable, SevenRooms",https://www.google.com/maps/place/Glowbal/data=!4m7!3m6!1s0x5486717ee11eced7:0x16340f11e1e0912!8m2!3d49.2815314!4d-123.1173984!16s%2Fg%2F11bv_dgg9_!19sChIJ184e4X5xhlQREgkeHvFAYwE?authuser=0&hl=en&g_ep=EgoyMDI2MDgyNS4wIJJjKgBIAVAD&rclk=1
restaurants in Vancouver,DD MAU Chinatown,info@ddmau.ca,http://ddmau.ca/,+1 604-559-6076,"Tock, OpenTable",https://www.google.com/maps/place/DD+MAU+Chinatown/data=!4m7!3m6!1s0x54867170659eb85b:0x913fb052f1714037!8m2!3d49.2805137!4d-123.1007844!16s%2Fg%2F11gg_tqxgn!19sChIJW7ieZXBxhlQRN0Bx8VKwP5E?authuser=0&hl=en&g_ep=EgoyMDI2MDgyNS4wIJJjKgBIAVAD&rclk=1
restaurants in Vancouver,Little Japan Restaurant,,,+1 604-687-5722,None,https://www.google.com/maps/place/Little+Japan+Restaurant/data=!4m7!3m6!1s0x5486717860aced7d:0x12abb14eebc0b851!8m2!3d49.2847563!4d-123.1121505!16s%2Fg%2F1vcl3g4w!19sChIJfe2sYHhxhlQRUbjA606xqxI?authuser=0&hl=en&g_ep=EgoyMDI2MDgyNS4wIJJjKgBIAVAD&rclk=1
restaurants in Vancouver,Nightingale,info@hawknightingale.com,http://hawknightingale.com/,+1 604-695-9500,"OpenTable, SevenRooms",https://www.google.com/maps/place/Nightingale/data=!4m7!3m6!1s0x5486718252dfd80f:0x581000e98d6c9fd9!8m2!3d49.2873977!4d-123.1174751!16s%2Fg%2F11cn6cj97z!19sChIJD9jfUoJxhlQR2Z9sjekAEFg?authuser=0&hl=en&g_ep=EgoyMDI2MDgyNS4wIJJjKgBIAVAD&rclk=1
restaurants in Vancouver,Top Of Vancouver Revolving Restaurant,info@topofvancouver.com,https://topofvancouver.com/,+1 604-669-2220,OpenTable,https://www.google.com/maps/place/Top+Of+Vancouver+Revolving+Restaurant/data=!4m7!3m6!1s0x5486717860aced7d:0xfcf67a4969fd8e61!8m2!3d49.2845838!4d-123.1121818!16s%2Fg%2F1tf818s3!19sChIJfe2sYHhxhlQRYY79aUl69vw?authuser=0&hl=en&g_ep=EgoyMDI2MDgyNS4wIJJjKgBIAVAD&rclk=1
restaurants in Vancouver,Coast,"info@coastrestaurant.ca, sales@glowbalgroup.com",https://www.glowbalgroup.com/coast/,+1 604-685-5010,"OpenTable, SevenRooms",https://www.google.com/maps/place/Coast/data=!4m7!3m6!1s0x5486718052c4c0fd:0x403b5fb55a4b8508!8m2!3d49.2847974!4d-123.1230401!16s%2Fm%2F04_j3cp!19sChIJ_cDEUoBxhlQRCIVLWrVfO0A?authuser=0&hl=en&g_ep=EgoyMDI2MDgyNS4wIJJjKgBIAVAD&rclk=1
restaurants in Vancouver,Fat Mao Noodles Downtown,"fatmaonoodles@gmail.com, chinatown@fatmaonoodles.com, downtown@fatmaonoodles.com",http://fatmaonoodles.com/,+1 604-801-5088,"Tock, OpenTable",https://www.google.com/maps/place/Fat+Mao+Noodles+Downtown/data=!4m7!3m6!1s0x548673881deb7db9:0x3b6937ffd1abe05c!8m2!3d49.2798213!4d-123.1267996!16s%2Fg%2F11s3mmzylk!19sChIJuX3rHYhzhlQRXOCr0f83aTs?authuser=0&hl=en&g_ep=EgoyMDI2MDgyNS4wIJJjKgBIAVAD&rclk=1
restaurants in Vancouver,Osteria Savio Volpe,info@saviovolpe.com,http://www.saviovolpe.com/,+1 604-428-0072,"Tock, OpenTable",https://www.google.com/maps/place/Osteria+Savio+Volpe/data=!4m7!3m6!1s0x54867157e7d252ef:0x6f2d88b2d9bad7e!8m2!3d49.2574425!4d-123.0909434!16s%2Fg%2F11bwp1p14w!19sChIJ71LS51dxhlQRfq2bLYvY8gY?authuser=0&hl=en&g_ep=EgoyMDI2MDgyNS4wIJJjKgBIAVAD&rclk=1
restaurants in Vancouver,Bacchus Restaurant & Lounge,"u003ereservations@wedgewoodhotel.com, concierge@wedgewoodhotel.com, execassistant@wedgewoodhotel.com, u003esales@wedgewoodhotel.com, u003einfo@wedgewoodhotel.com, frontofficemanager@wedgewoodhotel.com, directorofsales@wedgewoodhotel.com, sales@wedgewoodhotel.com, marketing@wedgewoodhotel.com, catering@wedgewoodhotel.com, reservations@wedgewoodhotel.com, u003espa@wedgewoodhotel.com, chefconcierge@wedgewoodhotel.com, mtaylor@wedgewoodhotel.com, u00a0spa@wedgewoodhotel.com, spa@wedgewoodhotel.com, u003ecatering@wedgewoodhotel.com, too@root.com, u003eguestservices@wedgewoodhotel.com, info@wedgewoodhotel.com, bacchus@wedgewoodhotel.com, guestservices@wedgewoodhotel.com",https://wedgewoodhotel.com/dining/bacchus-restaurant/,+1 604-608-5319,"Tock, OpenTable",https://www.google.com/maps/place/Bacchus+Restaurant+%26+Lounge/data=!4m7!3m6!1s0x5486717ff188ec0b:0xa630a9701b4ea29f!8m2!3d49.282297!4d-123.1225563!16s%2Fg%2F1tk22mmt!19sChIJC-yI8X9xhlQRn6JOG3CpMKY?authuser=0&hl=en&g_ep=EgoyMDI2MDgyNS4wIJJjKgBIAVAD&rclk=1
restaurants in Vancouver,Alley 16 (十六堂),info@alley16.com,http://www.alley16.com/,+1 604-710-5039,OpenTable,https://www.google.com/maps/place/Alley+16+%28%E5%8D%81%E5%85%AD%E5%A0%82%29/data=!4m7!3m6!1s0x548673774633e6b3:0x32588467fdff264a!8m2!3d49.2570227!4d-123.1146754!16s%2Fg%2F11t7p0xhfv!19sChIJs-YzRndzhlQRSib__WeEWDI?authuser=0&hl=en&g_ep=EgoyMDI2MDgyNS4wIJJjKgBIAVAD&rclk=1
restaurants in Vancouver,Italian Kitchen,"info@theitaliankitchen.ca, sales@glowbalgroup.com",https://www.glowbalgroup.com/italiankitchen/,+1 604-687-2858,"Tock, OpenTable, SevenRooms",https://www.google.com/maps/place/Italian+Kitchen/data=!4m7!3m6!1s0x54867181b46817c5:0x1a92d1bc7bc5b063!8m2!3d49.2825272!4d-123.123559!16s%2Fm%2F04_6qpt!19sChIJxRdotIFxhlQRY7DFe7zRkho?authuser=0&hl=en&g_ep=EgoyMDI2MDgyNS4wIJJjKgBIAVAD&rclk=1
restaurants in Vancouver,Kissa Tanto,hello@kissatanto.com,http://www.kissatanto.com/,+1 778-379-8078,"Tock, OpenTable",https://www.google.com/maps/place/Kissa+Tanto/data=!4m7!3m6!1s0x548671704a01ca0f:0x4827a9cbd6d77d69!8m2!3d49.2806222!4d-123.09812!16s%2Fg%2F11cn18db4b!19sChIJD8oBSnBxhlQRaX3X1supJ0g?authuser=0&hl=en&g_ep=EgoyMDI2MDgyNS4wIJJjKgBIAVAD&rclk=1
restaurants in Vancouver,Black+Blue Vancouver,info@blackandblue.ca,https://blackandbluesteakhouse.ca/vancouver-home/,+1 604-637-0777,SevenRooms,https://www.google.com/maps/place/Black%2BBlue+Vancouver/data=!4m7!3m6!1s0x54867181b4fd5abb:0x3b74ea8270b9fcb1!8m2!3d49.2845363!4d-123.1228402!16s%2Fg%2F1hc7xxf02!19sChIJu1r9tIFxhlQRsfy5cILqdDs?authuser=0&hl=en&g_ep=EgoyMDI2MDgyNS4wIJJjKgBIAVAD&rclk=1
restaurants in Vancouver,Ask For Luigi Restaurant,"info@askforluigi.com, pr@ktrestaurants.com",http://www.askforluigi.com/,+1 604-428-2544,"Tock, Toast, OpenTable",https://www.google.com/maps/place/Ask+For+Luigi+Restaurant/data=!4m7!3m6!1s0x5486717157cbe57b:0x3375dad20561f4a7!8m2!3d49.284201!4d-123.0977241!16s%2Fg%2F1yh9trlsw!19sChIJe-XLV3FxhlQRp_RhBdLadTM?authuser=0&hl=en&g_ep=EgoyMDI2MDgyNS4wIJJjKgBIAVAD&rclk=1
restaurants in Vancouver,Alouette Bistro,"events@alouettevancouver.com, info@alouettevancouver.com",http://alouettevancouver.com/,+1 604-689-8862,"Tock, OpenTable, SevenRooms",https://www.google.com/maps/place/Alouette+Bistro/data=!4m7!3m6!1s0x548671da4e167143:0x16b43993c69603f0!8m2!3d49.2852733!4d-123.1181664!16s%2Fg%2F11lt78jls7!19sChIJQ3EWTtpxhlQR8AOWxpM5tBY?authuser=0&hl=en&g_ep=EgoyMDI2MDgyNS4wIJJjKgBIAVAD&rclk=1
restaurants in Vancouver,Blue Water Cafe,orders@toptable.ca,https://bluewatercafe.ca/?utm_source=GoogleBusinessProfile&utm_medium=Website&utm_campaign=MapLabs,+1 604-688-8078,"Tock, Resy, OpenTable, SevenRooms",https://www.google.com/maps/place/Blue+Water+Cafe/data=!4m7!3m6!1s0x548673d6672d4e67:0x854b0ef7a759c20e!8m2!3d49.276155!4d-123.1211291!16s%2Fm%2F04xhnhq!19sChIJZ04tZ9ZzhlQRDsJZp_cOS4U?authuser=0&hl=en&g_ep=EgoyMDI2MDgyNS4wIJJjKgBIAVAD&rclk=1
restaurants in Vancouver,Homer St. Cafe and Bar,"events@wentworthhg.com, info@homerstreetcafebar.com",http://homerstreetcafebar.com/,+1 604-428-4299,"Tock, OpenTable",https://www.google.com/maps/place/Homer+St.+Cafe+and+Bar/data=!4m7!3m6!1s0x5486717e0863ff1b:0xf593f923ddd2c0b5!8m2!3d49.2784139!4d-123.1182764!16s%2Fg%2F12m94glw4!19sChIJG_9jCH5xhlQRtcDS3SP5k_U?authuser=0&hl=en&g_ep=EgoyMDI2MDgyNS4wIJJjKgBIAVAD&rclk=1
restaurants in Vancouver,PiCaDo,,https://picado-online-ordering.brygid.online/,+1 778-737-0101,None,https://www.google.com/maps/place/PiCaDo/data=!4m7!3m6!1s0x548671239fbbc173:0xcd96d8c2a9183627!8m2!3d49.284193!4d-123.1139037!16s%2Fg%2F11rnjzhw69!19sChIJc8G7nyNxhlQRJzYYqcLYls0?authuser=0&hl=en&g_ep=EgoyMDI2MDgyNS4wIJJjKgBIAVAD&rclk=1
restaurants in Vancouver,Gotham Steakhouse & Cocktail Bar,info@gothamsteakhouse.com,http://www.gothamsteakhouse.com/,+1 604-605-8282,None,https://www.google.com/maps/place/Gotham+Steakhouse+%26+Cocktail+Bar/data=!4m7!3m6!1s0x5486717f32150455:0x46fccd606887547c!8m2!3d49.282901!4d-123.1158845!16s%2Fm%2F04zv3nj!19sChIJVQQVMn9xhlQRfFSHaGDN_EY?authuser=0&hl=en&g_ep=EgoyMDI2MDgyNS4wIJJjKgBIAVAD&rclk=1
restaurants in Vancouver,Earls Kitchen + Bar,,https://www.earls.ca/locations/test-kitchen,+1 604-682-6700,None,https://www.google.com/maps/place/Earls+Kitchen+%2B+Bar/data=!4m7!3m6!1s0x5486717fe294ef0d:0x35fa0ca785fee1d!8m2!3d49.2815372!4d-123.123683!16s%2Fg%2F1tkqzz5p!19sChIJDe-U4n9xhlQRHe5feMqgXwM?authuser=0&hl=en&g_ep=EgoyMDI2MDgyNS4wIJJjKgBIAVAD&rclk=1
restaurants in Vancouver,Dynasty Seafood Restaurant,,http://dynasty-restaurant.ca/contact,+1 604-876-8388,None,https://www.google.com/maps/place/Dynasty+Seafood+Restaurant/data=!4m7!3m6!1s0x548673c325d41753:0xba8ff4045c5f88ea!8m2!3d49.2636916!4d-123.1216168!16s%2Fg%2F1tdhdpvt!19sChIJUxfUJcNzhlQR6ohfXAT0j7o?authuser=0&hl=en&g_ep=EgoyMDI2MDgyNS4wIJJjKgBIAVAD&rclk=1
restaurants in Vancouver,The Roof,info@blackandblue.ca,https://blackandbluesteakhouse.ca/the-roof-vancouver/?utm_source=GoogleBusinessProfile&utm_medium=Website&utm_campaign=MapLabs,+1 604-637-0777,SevenRooms,https://www.google.com/maps/place/The+Roof/data=!4m7!3m6!1s0x548671804daeaaab:0x270ea311df9d277a!8m2!3d49.2845026!4d-123.1228817!16s%2Fg%2F11h0ym1jth!19sChIJq6quTYBxhlQReied3xGjDic?authuser=0&hl=en&g_ep=EgoyMDI2MDgyNS4wIJJjKgBIAVAD&rclk=1
restaurants in Vancouver,Dovetail,info@dovetailrestaurant.ca,http://dovetailrestaurant.ca/,+1 604-336-1088,"Tock, OpenTable",https://www.google.com/maps/place/Dovetail/data=!4m7!3m6!1s0x548673ac74b1d06d:0xa02f07cdd9af272f!8m2!3d49.2759801!4d-123.120331!16s%2Fg%2F11l29tnsfs!19sChIJbdCxdKxzhlQRLyev2c0HL6A?authuser=0&hl=en&g_ep=EgoyMDI2MDgyNS4wIJJjKgBIAVAD&rclk=1
restaurants in Vancouver,Stock & Supply,,https://stockandsupplyvancouver.com/,+1 604-899-3049,"Tock, OpenTable",https://www.google.com/maps/place/Stock+%26+Supply/data=!4m7!3m6!1s0x5486716f5da6fab1:0xc283e5e283e83bd3!8m2!3d49.2842411!4d-123.1125785!16s%2Fg%2F11j53h4ncc!19sChIJsfqmXW9xhlQR0zvog-Llg8I?authuser=0&hl=en&g_ep=EgoyMDI2MDgyNS4wIJJjKgBIAVAD&rclk=1
restaurants in Vancouver,St. Lawrence Restaurant,"info@stlawrencerestaurant.com, danielle@stlawrencerestaurant.com",http://www.stlawrencerestaurant.com/,+1 604-620-3800,"Tock, OpenTable",https://www.google.com/maps/place/St.+Lawrence+Restaurant/data=!4m7!3m6!1s0x5486717169f0df97:0x271e28ac94ba1a6c!8m2!3d49.2833146!4d-123.0979889!16s%2Fg%2F11c6vj07gs!19sChIJl9_waXFxhlQRbBq6lKwoHic?authuser=0&hl=en&g_ep=EgoyMDI2MDgyNS4wIJJjKgBIAVAD&rclk=1
restaurants in Vancouver,Cactus Club Cafe,,https://www.cactusclubcafe.com/locations/coal-harbour/,+1 778-924-8899,SevenRooms,https://www.google.com/maps/place/Cactus+Club+Cafe/data=!4m7!3m6!1s0x548671837ce7e7f5:0x60248a028fed8b2a!8m2!3d49.2895929!4d-123.1181771!16s%2Fg%2F12cp70rzg!19sChIJ9efnfINxhlQRKovtjwKKJGA?authuser=0&hl=en&g_ep=EgoyMDI2MDgyNS4wIJJjKgBIAVAD&rclk=1
restaurants in Vancouver,Botanist,olivia.chiarastella@fairmont.com,https://www.botanistrestaurant.com/?utm_source=google+Maps&utm_medium=seo+maps&utm_campaign=seo+maps,+1 604-695-5500,"Resy, BentoBox, OpenTable",https://www.google.com/maps/place/Botanist/data=!4m7!3m6!1s0x54867183094e8525:0x8e02be43bea945ae!8m2!3d49.2882901!4d-123.116555!16s%2Fg%2F11dxrx07ql!19sChIJJYVOCYNxhlQRrkWpvkO-Ao4?authuser=0&hl=en&g_ep=EgoyMDI2MDgyNS4wIJJjKgBIAVAD&rclk=1
restaurants in Vancouver,Cardero's Restaurant,,https://www.vancouverdine.com/carderos/,+1 604-669-7666,OpenTable,https://www.google.com/maps/place/Cardero%27s+Restaurant/data=!4m7!3m6!1s0x548671860ee90539:0xecf76149e9800dc1!8m2!3d49.2916101!4d-123.1274816!16s%2Fg%2F113jd0fkk!19sChIJOQXpDoZxhlQRwQ2A6Ulh9-w?authuser=0&hl=en&g_ep=EgoyMDI2MDgyNS4wIJJjKgBIAVAD&rclk=1
restaurants in Vancouver,Riley's Vancouver,,https://rileysrestaurant.ca/,+1 604-629-8800,SevenRooms,https://www.google.com/maps/place/Riley%27s+Vancouver/data=!4m7!3m6!1s0x548671d9e0e3a993:0x52cb02477b1549cf!8m2!3d49.2879155!4d-123.115266!16s%2Fg%2F11swzltgqh!19sChIJk6nj4NlxhlQRz0kVe0cCy1I?authuser=0&hl=en&g_ep=EgoyMDI2MDgyNS4wIJJjKgBIAVAD&rclk=1
restaurants in Vancouver,Chambar Restaurant,info@chambar.com,http://www.chambar.com/,+1 604-879-7119,OpenTable,https://www.google.com/maps/place/Chambar+Restaurant/data=!4m7!3m6!1s0x5486717be8486bab:0xd14b5c9fbf94a205!8m2!3d49.2801271!4d-123.1099351!16s%2Fm%2F04xw3_q!19sChIJq2tI6HtxhlQRBaKUv59cS9E?authuser=0&hl=en&g_ep=EgoyMDI2MDgyNS4wIJJjKgBIAVAD&rclk=1
restaurants in Vancouver,Joe Fortes Seafood & Chop House,info@joefortes.ca,http://www.joefortes.ca/,+1 604-669-1940,OpenTable,https://www.google.com/maps/place/Joe+Fortes+Seafood+%26+Chop+House/data=!4m7!3m6!1s0x5486718058084c89:0x3ff942ff93b7a1cc!8m2!3d49.2849486!4d-123.1245531!16s%2Fm%2F04yjpr_!19sChIJiUwIWIBxhlQRzKG3k_9C-T8?authuser=0&hl=en&g_ep=EgoyMDI2MDgyNS4wIJJjKgBIAVAD&rclk=1
restaurants in Vancouver,The Sequel - Kitchen & Bar,"reservation@thesequel.ca, info@thesequel.ca, reservation@thestory.cafe, info@thestory.cafe",https://thesequel.ca/,+1 604-336-3036,OpenTable,https://www.google.com/maps/place/The+Sequel+-+Kitchen+%26+Bar/data=!4m7!3m6!1s0x5486718636b0069d:0xb5a3931cf5f9a22e!8m2!3d49.2905367!4d-123.1299861!16s%2Fg%2F11y9q9jbws!19sChIJnQawNoZxhlQRLqL59RyTo7U?authuser=0&hl=en&g_ep=EgoyMDI2MDgyNS4wIJJjKgBIAVAD&rclk=1
restaurants in Vancouver,Osteria Elio Volpe,"ciao@bandavolpi.com, events@bandavolpi.com, info@eliovolpe.com",https://www.eliovolpe.com/,+1 236-471-9564,"Tock, OpenTable",https://www.google.com/maps/place/Osteria+Elio+Volpe/data=!4m7!3m6!1s0x5486735ca45d90d7:0x56306e884e11ed33!8m2!3d49.255852!4d-123.1157579!16s%2Fg%2F11vbqyxx_4!19sChIJ15BdpFxzhlQRM-0RTohuMFY?authuser=0&hl=en&g_ep=EgoyMDI2MDgyNS4wIJJjKgBIAVAD&rclk=1
restaurants in Vancouver,acquafarina,"today@persehospitalitygroup.com, info@acquafarina.com",https://acquafarina.com/,+1 604-558-3099,OpenTable,https://www.google.com/maps/place/acquafarina/data=!4m7!3m6!1s0x54867152676d2cb3:0x219307815aebc656!8m2!3d49.2810282!4d-123.1151325!16s%2Fg%2F11ll2s4jkf!19sChIJsyxtZ1JxhlQRVsbrWoEHkyE?authuser=0&hl=en&g_ep=EgoyMDI2MDgyNS4wIJJjKgBIAVAD&rclk=1
restaurants in Vancouver,SOCIAL CORNER YALETOWN,"info@persesocialcorner.com, yaletowngroupbookings@socialcorner.com, today@persehospitalitygroup.com, info@socialcorner.com, today@persesocialcorner.com, infoch@socialcorner.com, chgroupbookings@socialcorner.com",http://www.persesocialcorner.com/,+1 604-428-6111,None,https://www.google.com/maps/place/SOCIAL+CORNER+YALETOWN/data=!4m7!3m6!1s0x5486717e08c9de97:0x28f9cd6e1cd9c408!8m2!3d49.2787253!4d-123.118532!16s%2Fg%2F11cjkp_vw3!19sChIJl97JCH5xhlQRCMTZHG7N-Sg?authuser=0&hl=en&g_ep=EgoyMDI2MDgyNS4wIJJjKgBIAVAD&rclk=1
restaurants in Vancouver,Sushi Okeya Kyujiro,"info@okeya26.ca, info@okeyakyujiro.jp, info@kyujiro.ca, info@okeya.ca",http://okeya.ca/,+1 778-999-1038,OpenTable,https://www.google.com/maps/place/Sushi+Okeya+Kyujiro/data=!4m7!3m6!1s0x54867346bdbf5ae7:0xeb9af5ad94e2108!8m2!3d49.275804!4d-123.1197521!16s%2Fg%2F11t9_1dypf!19sChIJ51q_vUZzhlQRCCFO2VqvuQ4?authuser=0&hl=en&g_ep=EgoyMDI2MDgyNS4wIJJjKgBIAVAD&rclk=1
restaurants in Vancouver,Five Sails Restaurant,info@fivesails.ca,https://glowbalgroup.com/five-sails/,+1 604-844-2855,SevenRooms,https://www.google.com/maps/place/Five+Sails+Restaurant/data=!4m7!3m6!1s0x54867182daa3cfd7:0xccdb39b490a7af72!8m2!3d49.2877204!4d-123.113231!16s%2Fm%2F04_h_3f!19sChIJ18-j2oJxhlQRcq-nkLQ528w?authuser=0&hl=en&g_ep=EgoyMDI2MDgyNS4wIJJjKgBIAVAD&rclk=1
hotels in Vancouver,Manor Guest House,,,,None,https://www.google.com/maps/place/Manor+Guest+House/data=!4m10!3m9!1s0x548673e639ae4d7b:0xe076e9824ce1de0!5m2!4m1!1i2!8m2!3d49.2596471!4d-123.1123442!16s%2Fg%2F1tdclng7!19sChIJe02uOeZzhlQR4B3OJJhuBw4?authuser=0&hl=en&g_ep=EgoyMDI2MDgyNS4wIJJjKgBIAVAD&rclk=1
hotels in Vancouver,Delta Hotels Vancouver Downtown Suites,,https://www.marriott.com/en-us/hotels/yvrdv-delta-hotels-vancouver-downtown-suites/overview/?scid=f2ae0541-1279-4f24-b197-a979c79310b0,+1 604-689-8188,None,https://www.google.com/maps/place/Delta+Hotels+Vancouver+Downtown+Suites/data=!4m10!3m9!1s0x54867178f4489c9f:0x5802c31b66203fb7!5m2!4m1!1i2!8m2!3d49.284185!4d-123.112659!16s%2Fg%2F1ts1ry2y!19sChIJn5xI9HhxhlQRtz8gZhvDAlg?authuser=0&hl=en&g_ep=EgoyMDI2MDgyNS4wIJJjKgBIAVAD&rclk=1
hotels in Vancouver,"Sylvia Hotel, Restaurant and Lounge",info@sylviahotel.com,https://sylviahotel.com/,+1 877-681-9321,Tock,"https://www.google.com/maps/place/Sylvia+Hotel,+Restaurant+and+Lounge/data=!4m10!3m9!1s0x548673dda04e954d:0x8aa0c92fd06ac348!5m2!4m1!1i2!8m2!3d49.2885546!4d-123.1426087!16zL20vMDlubWYy!19sChIJTZVOoN1zhlQRSMNq0C_JoIo?authuser=0&hl=en&g_ep=EgoyMDI2MDgyNS4wIJJjKgBIAVAD&rclk=1"
hotels in Vancouver,Tropicana Suite Hotel,,http://pavillonimperial.com/,+1 604-687-6631,None,https://www.google.com/maps/place/Tropicana+Suite+Hotel/data=!4m10!3m9!1s0x5486718714b8ef55:0xdac3fb3519e8af0f!5m2!4m1!1i2!8m2!3d49.2877817!4d-123.1291655!16s%2Fg%2F1td4jtg0!19sChIJVe-4FIdxhlQRD6_oGTX7w9o?authuser=0&hl=en&g_ep=EgoyMDI2MDgyNS4wIJJjKgBIAVAD&rclk=1
hotels in Vancouver,Hotel Belmont Vancouver,stay@hotelbelmont.ca,https://mgallery.accor.com/hotels/B9D9?merchantid=seo-maps-CA-B9D9&sourceid=aw-cen&utm_source=google+Maps&utm_medium=seo+maps&utm_campaign=seo+maps&utm_term=MGallery-Launch,+1 604-605-4333,None,https://www.google.com/maps/place/Hotel+Belmont+Vancouver/data=!4m10!3m9!1s0x54867309f89c3f67:0xe59812365201ab78!5m2!4m1!1i2!8m2!3d49.2789545!4d-123.1229176!16s%2Fm%2F04yk8j6!19sChIJZz-c-AlzhlQReKsBUjYSmOU?authuser=0&hl=en&g_ep=EgoyMDI2MDgyNS4wIJJjKgBIAVAD&rclk=1
hotels in Vancouver,Comfort Hotel Vancouver Airport,,https://www.choicehotels.com/british-columbia/richmond/quality-inn-hotels/cn459?mc=llrscncn&pmf=canada,+1 604-244-3051,None,https://www.google.com/maps/place/Comfort+Hotel+Vancouver+Airport/data=!4m10!3m9!1s0x54860acc48eae49f:0xb741f76f8bac8ee8!5m2!4m1!1i2!8m2!3d49.169957!4d-123.144159!16s%2Fg%2F1tggnbf5!19sChIJn-TqSMwKhlQR6I6si2_3Qbc?authuser=0&hl=en&g_ep=EgoyMDI2MDgyNS4wIJJjKgBIAVAD&rclk=1
hotels in Vancouver,Sandman Suites Vancouver-Davie Street,reservations@sandman.ca,https://www.sandmanhotels.com/vancouver-davie-street?utm_source=google&utm_medium=maps&utm_campaign=vancouver_davie_street,+1 604-681-7263,Tock,https://www.google.com/maps/place/Sandman+Suites+Vancouver-Davie+Street/data=!4m10!3m9!1s0x5486722b667e8acf:0x5a661315f59e4e0e!5m2!4m1!1i2!8m2!3d49.2810568!4d-123.1327804!16s%2Fg%2F1thf87vs!19sChIJz4p-ZityhlQRDk6e9RUTZlo?authuser=0&hl=en&g_ep=EgoyMDI2MDgyNS4wIJJjKgBIAVAD&rclk=1
hotels in Vancouver,Fairmont Vancouver Airport,vancouverairport@fairmont.com,https://www.fairmont.com/vancouver-airport-richmond/?goto=fiche_hotel&code_hotel=A586&merchantid=seo-maps-CA-A586&sourceid=aw-cen&utm_medium=seo%20maps&utm_source=google%20Maps&utm_campaign=seo%20maps,+1 604-207-5200,None,https://www.google.com/maps/place/Fairmont+Vancouver+Airport/data=!4m10!3m9!1s0x548674ccb7189d71:0xbf7039d71797c1e0!5m2!4m1!1i2!8m2!3d49.1949473!4d-123.1759664!16s%2Fg%2F1tdy8rw2!19sChIJcZ0Yt8x0hlQR4MGXF9c5cL8?authuser=0&hl=en&g_ep=EgoyMDI2MDgyNS4wIJJjKgBIAVAD&rclk=1
hotels in Vancouver,Radisson Blu Vancouver Airport Hotel & Marina,,https://www.choicehotels.com/british-columbia/vancouver/radisson-blu-hotels/cnc30?mc=llgoxxpx,+1 778-326-0938,None,https://www.google.com/maps/place/Radisson+Blu+Vancouver+Airport+Hotel+%26+Marina/data=!4m10!3m9!1s0x548675751aeea6c1:0xef60ee389e0fa36b!5m2!4m1!1i2!8m2!3d49.190918!4d-123.140465!16s%2Fg%2F11k9sctydc!19sChIJwabuGnV1hlQRa6MPnjjuYO8?authuser=0&hl=en&g_ep=EgoyMDI2MDgyNS4wIJJjKgBIAVAD&rclk=1
hotels in Vancouver,Hotel At The Waldorf,info@hotelatthewaldorf.ca,http://www.hotelatthewaldorf.ca/,+1 604-253-7141,None,https://www.google.com/maps/place/Hotel+At+The+Waldorf/data=!4m10!3m9!1s0x54867113fbcd90f7:0x98a140004b6e5cdb!5m2!4m1!1i2!8m2!3d49.281518!4d-123.0743132!16s%2Fm%2F0gfh2c5!19sChIJ95DN-xNxhlQR21xuSwBAoZg?authuser=0&hl=en&g_ep=EgoyMDI2MDgyNS4wIJJjKgBIAVAD&rclk=1
hotels in Vancouver,Best Western Premier Chateau Granville Hotel & Suites & Conf. Centre,"epenner@chateaugranville.com, pbryant@chateaugranville.com, destrada@chateaugranville.com, groups@chateaugranville.com, res@chateaugranville.com",https://www.chateaugranville.com/,+1 604-669-7070,Tock,https://www.google.com/maps/place/Best+Western+Premier+Chateau+Granville+Hotel+%26+Suites+%26+Conf.+Centre/data=!4m10!3m9!1s0x548673d44bd90c4b:0x11dfa2224e794375!5m2!4m1!1i2!8m2!3d49.2778093!4d-123.1246489!16s%2Fg%2F1tqyf5p5!19sChIJSwzZS9RzhlQRdUN5TiKi3xE?authuser=0&hl=en&g_ep=EgoyMDI2MDgyNS4wIJJjKgBIAVAD&rclk=1
hotels in Vancouver,Barclay Hotel,"reservation@barclayhotel.com, info@barclayhotel.com",https://www.barclayhotel.ca/,+1 604-688-8850,None,https://www.google.com/maps/place/Barclay+Hotel/data=!4m10!3m9!1s0x5486718740ff490b:0x76900a4e3b4d9b10!5m2!4m1!1i2!8m2!3d49.28742!4d-123.1295879!16s%2Fg%2F1v2ppxdk!19sChIJC0n_QIdxhlQREJtNO04KkHY?authuser=0&hl=en&g_ep=EgoyMDI2MDgyNS4wIJJjKgBIAVAD&rclk=1
hotels in Vancouver,English Bay Hotel,info@englishbayhotel.com,http://englishbayhotel.com/,+1 604-685-2231,None,https://www.google.com/maps/place/English+Bay+Hotel/data=!4m10!3m9!1s0x54867228af545b87:0x6256f2db5315cc36!5m2!4m1!1i2!8m2!3d49.2878045!4d-123.1407778!16s%2Fg%2F1tdd9jtz!19sChIJh1tUryhyhlQRNswVU9vyVmI?authuser=0&hl=en&g_ep=EgoyMDI2MDgyNS4wIJJjKgBIAVAD&rclk=1
hotels in Vancouver,Quality Inn & Suites,,https://www.choicehotels.com/british-columbia/vancouver/quality-inn-hotels/cnc12?mc=llgoxxpx,+1 778-907-2918,None,https://www.google.com/maps/place/Quality+Inn+%26+Suites/data=!4m10!3m9!1s0x548673d40d157edf:0xa58e6c8f22547b53!5m2!4m1!1i2!8m2!3d49.2769676!4d-123.1267592!16s%2Fg%2F11k9qtgt4q!19sChIJ334VDdRzhlQRU3tUIo9sjqU?authuser=0&hl=en&g_ep=EgoyMDI2MDgyNS4wIJJjKgBIAVAD&rclk=1
hotels in Vancouver,Atrium Hotel Vancouver,reservations@atriumhotelvancouver.com,https://www.atriumhotelvancouver.com/,+1 604-254-1000,Tock,https://www.google.com/maps/place/Atrium+Hotel+Vancouver/data=!4m10!3m9!1s0x54867120975c3103:0xbcbc12ed0d6cf14e!5m2!4m1!1i2!8m2!3d49.2814406!4d-123.045319!16s%2Fg%2F12vr05b02!19sChIJAzFclyBxhlQRTvFsDe0SvLw?authuser=0&hl=en&g_ep=EgoyMDI2MDgyNS4wIJJjKgBIAVAD&rclk=1
hotels in Vancouver,The Guesthouse Vancouver,frontdesk@theguesthousevancouver.com,https://www.theguesthousevancouver.com/,+1 604-687-8294,Tock,https://www.google.com/maps/place/The+Guesthouse+Vancouver/data=!4m10!3m9!1s0x548673d411dd54b3:0x726c1f0636032e7a!5m2!4m1!1i2!8m2!3d49.276764!4d-123.126251!16s%2Fg%2F11yp5wxz7s!19sChIJs1TdEdRzhlQRei4DNgYfbHI?authuser=0&hl=en&g_ep=EgoyMDI2MDgyNS4wIJJjKgBIAVAD&rclk=1
hotels in Vancouver,"Grand Park Hotel Vancouver Airport, Ascend Hotel Collection",info@grandparkvancouverairport.com,https://grandparkhotelvancouverairport.com/,+1 604-214-0888,None,"https://www.google.com/maps/place/Grand+Park+Hotel+Vancouver+Airport,+Ascend+Hotel+Collection/data=!4m10!3m9!1s0x5486752fc522c5d3:0x2dc7b6ba756c80f6!5m2!4m1!1i2!8m2!3d49.1777463!4d-123.1311923!16s%2Fg%2F1wcxcsnv!19sChIJ08UixS91hlQR9oBsdbq2xy0?authuser=0&hl=en&g_ep=EgoyMDI2MDgyNS4wIJJjKgBIAVAD&rclk=1"
hotels in Vancouver,River Rock Casino Resort,inquiry@lahal.ca,http://www.riverrock.com/,+1 604-273-1895,OpenTable,https://www.google.com/maps/place/River+Rock+Casino+Resort/data=!4m10!3m9!1s0x548674e72a79dfb9:0x94c9cb0edc76d721!5m2!4m1!1i2!8m2!3d49.1961935!4d-123.1275495!16zL20vMGRyMGpj!19sChIJud95Kud0hlQRIdd23A7LyZQ?authuser=0&hl=en&g_ep=EgoyMDI2MDgyNS4wIJJjKgBIAVAD&rclk=1
hotels in Vancouver,Moda Hotel,info@modahotel.ca,http://www.modahotel.ca/,+1 604-683-4251,None,https://www.google.com/maps/place/Moda+Hotel/data=!4m10!3m9!1s0x5486717e243f711b:0x105e9fc91383ade8!5m2!4m1!1i2!8m2!3d49.2795163!4d-123.1204643!16s%2Fg%2F1tdvt_x_!19sChIJG3E_JH5xhlQR6K2DE8mfXhA?authuser=0&hl=en&g_ep=EgoyMDI2MDgyNS4wIJJjKgBIAVAD&rclk=1
hotels in Vancouver,Coast Lonsdale Quay Hotel,"info@coasthotels.com, coastlonsdalequayinfo@coasthotels.com",https://www.coasthotels.com/coast-lonsdale-quay-hotel,+1 604-973-1331,Tock,https://www.google.com/maps/place/Coast+Lonsdale+Quay+Hotel/data=!4m10!3m9!1s0x5486704cd72d5cf5:0x4ea858279a2f06c!5m2!4m1!1i2!8m2!3d49.3106959!4d-123.0816706!16s%2Fg%2F1td2m56v!19sChIJ9Vwt10xwhlQRbPCieYKF6gQ?authuser=0&hl=en&g_ep=EgoyMDI2MDgyNS4wIJJjKgBIAVAD&rclk=1
hotels in Vancouver,Sutton Place Hotel Vancouver,info_vancouver@suttonplace.com,https://www.suttonplace.com/vancouver?utm_source=google&utm_medium=maps&utm_campaign=vancouver,+1 604-682-5511,Tock,https://www.google.com/maps/place/Sutton+Place+Hotel+Vancouver/data=!4m10!3m9!1s0x548673c78360f669:0x68aea63ba6d514fa!5m2!4m1!1i2!8m2!3d49.2830629!4d-123.123901!16s%2Fm%2F0tkkfxs!19sChIJafZgg8dzhlQR-hTVpjumrmg?authuser=0&hl=en&g_ep=EgoyMDI2MDgyNS4wIJJjKgBIAVAD&rclk=1
hotels in Vancouver,Cassandra Hotel,,,+1 604-430-3441,None,https://www.google.com/maps/place/Cassandra+Hotel/data=!4m10!3m9!1s0x548676972d9c27b1:0xb620e61576df1967!5m2!4m1!1i2!8m2!3d49.2358516!4d-123.0397754!16s%2Fg%2F1tfzrm30!19sChIJsSecLZd2hlQRZxnfdhXmILY?authuser=0&hl=en&g_ep=EgoyMDI2MDgyNS4wIJJjKgBIAVAD&rclk=1
hotels in Vancouver,The Hunter House Bed and Breakfast,"stay@historic-hunterhouse.ca, historical.hunter.house@gmail.com",http://historic-hunterhouse.ca/,+1 604-239-0661,None,https://www.google.com/maps/place/The+Hunter+House+Bed+and+Breakfast/data=!4m10!3m9!1s0x548673cc74e6fbd7:0x9db29c4415e6dfda!5m2!4m1!1i2!8m2!3d49.260436!4d-123.1341196!16s%2Fg%2F11w97slwsc!19sChIJ1_vmdMxzhlQR2t_mFUScsp0?authuser=0&hl=en&g_ep=EgoyMDI2MDgyNS4wIJJjKgBIAVAD&rclk=1
hotels in Vancouver,Best Western Plus Vancouver Airport Hotel,,https://www.bestwestern.com/en_US/book/hotel-rooms.62148.html?iata=00171880&ssob=BLBWI0004G&cid=BLBWI0004G:google:gmb:62148,+1 604-263-1555,None,https://www.google.com/maps/place/Best+Western+Plus+Vancouver+Airport+Hotel/data=!4m10!3m9!1s0x54867553d24683e3:0x3d91b4ac3cc04485!5m2!4m1!1i2!8m2!3d49.2048939!4d-123.1309236!16s%2Fg%2F11r_k7kvnl!19sChIJ44NG0lN1hlQRhUTAPKy0kT0?authuser=0&hl=en&g_ep=EgoyMDI2MDgyNS4wIJJjKgBIAVAD&rclk=1
hotels in Vancouver,Samesun Vancouver,"hollywood@samesun.com, vancouver@samesun.com, oceanbeach@samesun.com, toronto@samesun.com, montreal@samesun.com, sanfrancisco@samesun.com, venicebeach@samesun.com, marketing@samesun.com, banff@samesun.com, sales@samesun.com",http://samesun.com/,+1 604-682-8226,Tock,https://www.google.com/maps/place/Samesun+Vancouver/data=!4m10!3m9!1s0x548673d5a303bf5f:0xc19d1b3ca50aaa1f!5m2!4m1!1i2!8m2!3d49.2789609!4d-123.1232568!16s%2Fg%2F1tf024zn!19sChIJX78Do9VzhlQRH6oKpTwbncE?authuser=0&hl=en&g_ep=EgoyMDI2MDgyNS4wIJJjKgBIAVAD&rclk=1
hotels in Vancouver,Accent Inns Burnaby,burnaby@accentinns.com,http://www.accentinns.com/burnaby,+1 604-473-5000,None,https://www.google.com/maps/place/Accent+Inns+Burnaby/data=!4m10!3m9!1s0x548676d5decd89f5:0xdc5c0d9e362d1a2!5m2!4m1!1i2!8m2!3d49.2642511!4d-123.0221671!16s%2Fg%2F1trsxpp_!19sChIJ9YnN3tV2hlQRotFi49nAxQ0?authuser=0&hl=en&g_ep=EgoyMDI2MDgyNS4wIJJjKgBIAVAD&rclk=1
hotels in Vancouver,The Cambie Hostel - Gastown,"gastown@thecambie.com, downtown@thecambie.com",http://cambiehostels.com/,+1 604-684-6466,Tock,https://www.google.com/maps/place/The+Cambie+Hostel+-+Gastown/data=!4m10!3m9!1s0x54867179b97122b3:0x691a2f9f7d2d10df!5m2!4m1!1i2!8m2!3d49.2831306!4d-123.1091!16s%2Fg%2F12m9lnnf4!19sChIJsyJxuXlxhlQR3xAtfZ8vGmk?authuser=0&hl=en&g_ep=EgoyMDI2MDgyNS4wIJJjKgBIAVAD&rclk=1
hotels in Vancouver,St Clair Hostel Vancouver,info@stclairvancouver.com,http://www.stclairvancouver.com/,+1 604-684-3713,Tock,https://www.google.com/maps/place/St+Clair+Hostel+Vancouver/data=!4m10!3m9!1s0x54867178d82a9e9f:0x838117c2370c5083!5m2!4m1!1i2!8m2!3d49.2826597!4d-123.1142066!16s%2Fg%2F1tcw398g!19sChIJn54q2HhxhlQRg1AMN8IXgYM?authuser=0&hl=en&g_ep=EgoyMDI2MDgyNS4wIJJjKgBIAVAD&rclk=1
hotels in Vancouver,John's House in Vancouver West,,https://www.booking.com/hotel/ca/cozy-4-rooms-suite-vancouver-west-side.zh-cn.html?,+1 236-558-3171,None,https://www.google.com/maps/place/John%27s+House+in+Vancouver+West/data=!4m10!3m9!1s0x548675660d0bca1b:0xcaeb0b4aab09c0f7!5m2!4m1!1i2!8m2!3d49.2121084!4d-123.1345776!16s%2Fg%2F11y472kgzy!19sChIJG8oLDWZ1hlQR98AJq0oL68o?authuser=0&hl=en&g_ep=EgoyMDI2MDgyNS4wIJJjKgBIAVAD&rclk=1
hotels in Vancouver,Hotel Willo,info@hotelwillo.com,https://hotelwillo.com/,+1 604-895-5830,Tock,https://www.google.com/maps/place/Hotel+Willo/data=!4m10!3m9!1s0x5486717c46c1f76f:0x9804bb69de053ca8!5m2!4m1!1i2!8m2!3d49.2785194!4d-123.1131187!16s%2Fg%2F1w6r7zdv!19sChIJb_fBRnxxhlQRqDwF3mm7BJg?authuser=0&hl=en&g_ep=EgoyMDI2MDgyNS4wIJJjKgBIAVAD&rclk=1
hotels in Vancouver,"Grand Park Hotel & Suites Downtown Vancouver, Ascend Hotel Collection",info@grandparkvancouver.com,https://www.grandparkdowntownvancouver.com/,+1 604-669-9888,None,"https://www.google.com/maps/place/Grand+Park+Hotel+%26+Suites+Downtown+Vancouver,+Ascend+Hotel+Collection/data=!4m10!3m9!1s0x548673d3f18cbfff:0xc57694deb95712a2!5m2!4m1!1i2!8m2!3d49.2761302!4d-123.128323!16s%2Fg%2F11cm153dp3!19sChIJ_7-M8dNzhlQRohJXud6UdsU?authuser=0&hl=en&g_ep=EgoyMDI2MDgyNS4wIJJjKgBIAVAD&rclk=1"
hotels in Vancouver,HI Vancouver Downtown,,http://www.hihostels.ca/vancouverdowntown,+1 604-684-4565,None,https://www.google.com/maps/place/HI+Vancouver+Downtown/data=!4m10!3m9!1s0x5486722cb2387215:0x5859db4f2777c7dd!5m2!4m1!1i2!8m2!3d49.2797782!4d-123.1328657!16s%2Fg%2F1tjl5lqy!19sChIJFXI4sixyhlQR3cd3J0_bWVg?authuser=0&hl=en&g_ep=EgoyMDI2MDgyNS4wIJJjKgBIAVAD&rclk=1
hotels in Vancouver,Holiday Inn & Suites Vancouver Downtown by IHG,,https://www.ihg.com/holidayinn/hotels/us/en/vancouver/yvrdt/hoteldetail?cm_mmc=GoogleMaps-_-HI-_-CA-_-YVRDT,+1 604-684-2151,None,https://www.google.com/maps/place/Holiday+Inn+%26+Suites+Vancouver+Downtown+by+IHG/data=!4m10!3m9!1s0x548672bcf13fffff:0x8d547637a6f37d54!5m2!4m1!1i2!8m2!3d49.2784237!4d-123.1256676!16s%2Fg%2F1tgzb10x!19sChIJ__8_8bxyhlQRVH3zpjd2VI0?authuser=0&hl=en&g_ep=EgoyMDI2MDgyNS4wIJJjKgBIAVAD&rclk=1
hotels in Vancouver,Pinnacle Hotel at the Pier,"lobbyrestaurant@pinnacleatthepier.com, sales@pinnacleatthepier.com, kdiggins@pinnaclehotels.ca, webteam@pinnacleinternational.ca",https://pinnaclepierhotel.com/,+1 604-986-7437,OpenTable,https://www.google.com/maps/place/Pinnacle+Hotel+at+the+Pier/data=!4m10!3m9!1s0x5486704ce02dcc25:0xd2f53c69cbb220ac!5m2!4m1!1i2!8m2!3d49.3106074!4d-123.0791594!16s%2Fg%2F1tlbnvhv!19sChIJJcwt4ExwhlQRrCCyy2k89dI?authuser=0&hl=en&g_ep=EgoyMDI2MDgyNS4wIJJjKgBIAVAD&rclk=1
hotels in Vancouver,Hotel Opportune,info@rivieravancouver.com,https://hotelopportune.com/,+1 604-685-1301,Tock,https://www.google.com/maps/place/Hotel+Opportune/data=!4m10!3m9!1s0x5486718712b2dd93:0x82005be0d1a43cb2!5m2!4m1!1i2!8m2!3d49.2884497!4d-123.1304035!16s%2Fg%2F1tdq0v1x!19sChIJk92yEodxhlQRsjyk0eBbAII?authuser=0&hl=en&g_ep=EgoyMDI2MDgyNS4wIJJjKgBIAVAD&rclk=1
hotels in Vancouver,Hotel Modo,info@hotelmodo.ca,http://www.hotelmodo.ca/,+1 236-479-9200,None,https://www.google.com/maps/place/Hotel+Modo/data=!4m10!3m9!1s0x548673726f8a1801:0xb89758a14b269394!5m2!4m1!1i2!8m2!3d49.2780188!4d-123.1252588!16s%2Fg%2F11z5whsybx!19sChIJARiKb3JzhlQRlJMmS6FYl7g?authuser=0&hl=en&g_ep=EgoyMDI2MDgyNS4wIJJjKgBIAVAD&rclk=1
hotels in Vancouver,Century Plaza Hotel,"sales@cprime.ca, manager@cprime.ca, reserve@century-plaza.com",https://www.century-plaza.com/?utm_source=GMB&utm_medium=organic&utm_campaign=profile,+1 604-687-0575,Tock,https://www.google.com/maps/place/Century+Plaza+Hotel/data=!4m10!3m9!1s0x548673d535e24e39:0x248bb0ff77bbb448!5m2!4m1!1i2!8m2!3d49.2808927!4d-123.1270959!16s%2Fm%2F04yk8hk!19sChIJOU7iNdVzhlQRSLS7d_-wiyQ?authuser=0&hl=en&g_ep=EgoyMDI2MDgyNS4wIJJjKgBIAVAD&rclk=1
hotels in Vancouver,YWCA Hotel downtown,,,,None,https://www.google.com/maps/place/YWCA+Hotel+downtown/data=!4m10!3m9!1s0x548673000c6deaf7:0xed62e9f9bfef7358!5m2!4m1!1i2!8m2!3d49.278464!4d-123.1131756!16s%2Fg%2F11x88x9mmx!19sChIJ9-ptDABzhlQRWHPvv_npYu0?authuser=0&hl=en&g_ep=EgoyMDI2MDgyNS4wIJJjKgBIAVAD&rclk=1
hotels in Vancouver,The Parker Hotel & Rooftop Vancouver,"info@parkerrooftop.com, sandy@executivehotels.net, events@executivetablegroup.com, reservationsd@executivehotels.net, gm.vancouver@executivehotels.net",http://vancouverdowntownhotel.net/,+1 604-688-7678,"Tock, SevenRooms",https://www.google.com/maps/place/The+Parker+Hotel+%26+Rooftop+Vancouver/data=!4m10!3m9!1s0x548673d3b8d0e911:0x913c2a3a22ef1260!5m2!4m1!1i2!8m2!3d49.2761496!4d-123.1301626!16s%2Fm%2F0tkjprv!19sChIJEenQuNNzhlQRYBLvIjoqPJE?authuser=0&hl=en&g_ep=EgoyMDI2MDgyNS4wIJJjKgBIAVAD&rclk=1
hotels in Vancouver,Days Inn by Wyndham Vancouver Airport,accessibility@wyndham.com,https://www.wyndhamhotels.com/days-inn/richmond-british-columbia/days-inn-vancouver-airport/overview?CID=LC:iqv0j1dklijly45:11878&iata=00093796,+1 604-227-7746,None,https://www.google.com/maps/place/Days+Inn+by+Wyndham+Vancouver+Airport/data=!4m10!3m9!1s0x548674dfcdf67a21:0x535c33e0c1b1c35a!5m2!4m1!1i2!8m2!3d49.1926084!4d-123.1277641!16s%2Fg%2F1tgq6bbq!19sChIJIXr2zd90hlQRWsOxweAzXFM?authuser=0&hl=en&g_ep=EgoyMDI2MDgyNS4wIJJjKgBIAVAD&rclk=1
hotels in Vancouver,Hilton Vancouver Metrotown,,https://www.hilton.com/en/hotels/yvrvmhf-hilton-vancouver-metrotown/?SEO_id=GMB-AMER-HH-YVRVMHF,+1 604-438-1200,None,https://www.google.com/maps/place/Hilton+Vancouver+Metrotown/data=!4m10!3m9!1s0x54867658b4272ceb:0x4ebdc21185a63c42!5m2!4m1!1i2!8m2!3d49.2289428!4d-123.0043527!16s%2Fg%2F1tm883gg!19sChIJ6ywntFh2hlQRQjymhRHCvU4?authuser=0&hl=en&g_ep=EgoyMDI2MDgyNS4wIJJjKgBIAVAD&rclk=1
hotels in Vancouver,Days Inn by Wyndham Vancouver Downtown,"suzeth@daysinnvancouver.com, accessibility@wyndham.com",https://www.wyndhamhotels.com/en-ca/days-inn/vancouver-british-columbia/days-inn-vancouver-downtown/overview?CID=LC:iqv0j1dklijly45:4088&iata=00093796,+1 604-681-4335,None,https://www.google.com/maps/place/Days+Inn+by+Wyndham+Vancouver+Downtown/data=!4m10!3m9!1s0x5486718246b73561:0x74df97559668a163!5m2!4m1!1i2!8m2!3d49.2863447!4d-123.1169025!16s%2Fg%2F1tjmdbwq!19sChIJYTW3RoJxhlQRY6FollWX33Q?authuser=0&hl=en&g_ep=EgoyMDI2MDgyNS4wIJJjKgBIAVAD&rclk=1
hotels in Vancouver,Holiday Inn Vancouver-Centre (Broadway) by IHG,,https://www.ihg.com/holidayinn/hotels/us/en/vancouver/yvrbw/hoteldetail?cm_mmc=GoogleMaps-_-HI-_-CA-_-YVRBW,+1 604-879-0511,None,https://www.google.com/maps/place/Holiday+Inn+Vancouver-Centre+%28Broadway%29+by+IHG/data=!4m10!3m9!1s0x548673dd2ca51095:0x6ee7cf52f1c9bc30!5m2!4m1!1i2!8m2!3d49.2636489!4d-123.120439!16s%2Fg%2F1whdj0y0!19sChIJlRClLN1zhlQRMLzJ8VLP524?authuser=0&hl=en&g_ep=EgoyMDI2MDgyNS4wIJJjKgBIAVAD&rclk=1
hotels in Vancouver,Best Western Plus Sands,,https://www.bestwestern.com/en_US/book/hotel-rooms.62025.html?iata=00171880&ssob=BLBWI0004G&cid=BLBWI0004G:google:gmb:62025,+1 604-682-1831,None,https://www.google.com/maps/place/Best+Western+Plus+Sands/data=!4m10!3m9!1s0x5486722f4ab0ac8f:0x1a139184bd0082d1!5m2!4m1!1i2!8m2!3d49.2868666!4d-123.140883!16s%2Fg%2F1tffcww4!19sChIJj6ywSi9yhlQR0YIAvYSRExo?authuser=0&hl=en&g_ep=EgoyMDI2MDgyNS4wIJJjKgBIAVAD&rclk=1
hotels in Vancouver,Smith's Irish Pub & Accommodation,info@smithsofgastown.ca,http://www.smithsofgastown.ca/,+1 236-521-8381,"Tock, Toast",https://www.google.com/maps/place/Smith%27s+Irish+Pub+%26+Accommodation/data=!4m10!3m9!1s0x54867160a532937f:0x905dee8dab896491!5m2!4m1!1i2!8m2!3d49.2829399!4d-123.1040954!16s%2Fg%2F11rbshttb5!19sChIJf5MypWBxhlQRkWSJq43uXZA?authuser=0&hl=en&g_ep=EgoyMDI2MDgyNS4wIJJjKgBIAVAD&rclk=1
hotels in Vancouver,Executive Suites Hotel and Conference Centre Metro Vancouver,,http://www.executivehotelburnaby.com/,+1 604-298-2010,None,https://www.google.com/maps/place/Executive+Suites+Hotel+and+Conference+Centre+Metro+Vancouver/data=!4m10!3m9!1s0x5486772e81e22933:0xc122987954270ee8!5m2!4m1!1i2!8m2!3d49.2675628!4d-123.0107421!16s%2Fg%2F1v7tl1tq!19sChIJMynigS53hlQR6A4nVHmYIsE?authuser=0&hl=en&g_ep=EgoyMDI2MDgyNS4wIJJjKgBIAVAD&rclk=1
hotels in Vancouver,Fairmont Hotel Vancouver,"hvc.concierge@fairmont.com, hvc.centralservices@fairmont.com",https://www.fairmont.com/hotel-vancouver/?goto=fiche_hotel&code_hotel=A584&merchantid=seo-maps-CA-A584&sourceid=aw-cen&utm_medium=seo%20maps&utm_source=google%20Maps&utm_campaign=seo%20maps,+1 604-684-3131,None,https://www.google.com/maps/place/Fairmont+Hotel+Vancouver/data=!4m10!3m9!1s0x4ca8a831ddfdb11d:0x1ef4a42318d00a33!5m2!4m1!1i2!8m2!3d49.2837112!4d-123.1211176!16zL20vMDIzbnR5!19sChIJHbH93TGoqEwRMwrQGCOk9B4?authuser=0&hl=en&g_ep=EgoyMDI2MDgyNS4wIJJjKgBIAVAD&rclk=1
cafes in Vancouver,CAFE SIGNAL,"cafesignalvan@gmail.com, hi@mystore.com",https://www.cafesignal.ca/,+1 778-928-8638,"Tock, Resy",https://www.google.com/maps/place/CAFE+SIGNAL/data=!4m7!3m6!1s0x54867148f6093fdd:0x91a68f62b4472e76!8m2!3d49.2804064!4d-123.1069714!16s%2Fg%2F11s7mgv791!19sChIJ3T8J9khxhlQRdi5HtGKPppE?authuser=0&hl=en&g_ep=EgoyMDI2MDgyNS4wIJJjKgBIAVAD&rclk=1
cafes in Vancouver,Breka Bakery & Café - Bute,info@breka.ca,http://breka.ca/,+1 604-620-8200,"Tock, OpenTable",https://www.google.com/maps/place/Breka+Bakery+%26+Caf%C3%A9+-+Bute/data=!4m7!3m6!1s0x54867180c760a013:0x64869f975752f8ab!8m2!3d49.2856388!4d-123.127238!16s%2Fg%2F11b5wjjpm0!19sChIJE6Bgx4BxhlQRq_hSV5efhmQ?authuser=0&hl=en&g_ep=EgoyMDI2MDgyNS4wIJJjKgBIAVAD&rclk=1
cafes in Vancouver,Revolver,"armoury@revolvercoffee.ca, your@email.com",http://revolvercoffee.ca/,+1 604-558-4444,Tock,https://www.google.com/maps/place/Revolver/data=!4m7!3m6!1s0x54867179bb039293:0x69fe6c222b170dad!8m2!3d49.2831972!4d-123.109475!16s%2Fg%2F1tj893hy!19sChIJk5IDu3lxhlQRrQ0XKyJs_mk?authuser=0&hl=en&g_ep=EgoyMDI2MDgyNS4wIJJjKgBIAVAD&rclk=1
cafes in Vancouver,Forecast Coffee - Main Street,admin@forecastcoffee.ca,http://forecastcoffee.ca/,+1 604-559-6160,Tock,https://www.google.com/maps/place/Forecast+Coffee+-+Main+Street/data=!4m7!3m6!1s0x5486737ba903f8b1:0xfca861f5d01f863a!8m2!3d49.2584876!4d-123.1009593!16s%2Fg%2F11ny5d4j_r!19sChIJsfgDqXtzhlQROoYf0PVhqPw?authuser=0&hl=en&g_ep=EgoyMDI2MDgyNS4wIJJjKgBIAVAD&rclk=1
cafes in Vancouver,The Bee's Knees Coffee & Bakery (Vancouver DT),thebeeskneescafe.van@gmail.com,http://thebeeskneesvancouver.ca/,+1 778-689-6317,None,https://www.google.com/maps/place/The+Bee%27s+Knees+Coffee+%26+Bakery+%28Vancouver+DT%29/data=!4m7!3m6!1s0x548671831c449213:0xca7dc083603942b6!8m2!3d49.28799!4d-123.1214007!16s%2Fg%2F11yfyycpdk!19sChIJE5JEHINxhlQRtkI5YIPAfco?authuser=0&hl=en&g_ep=EgoyMDI2MDgyNS4wIJJjKgBIAVAD&rclk=1
cafes in Vancouver,Pallet Coffee Roasters - Oak Street,"jobs@palletcoffeeroasters.com, media@palletcoffeeroasters.com, info@palletcoffeeroasters.com, wholesale@palletcoffeeroasters.com, customer@palletcoffeeroasters.com",https://palletcoffeeroasters.com/?utm_source=google&utm_medium=organic&utm_campaign=local&utm_content=3820OakSt,+1 604-730-1849,Tock,https://www.google.com/maps/place/Pallet+Coffee+Roasters+-+Oak+Street/data=!4m7!3m6!1s0x54867357e9852c2f:0xb2c5aac0efa4a84e!8m2!3d49.2516052!4d-123.1272761!16s%2Fg%2F11g0vy9r8d!19sChIJLyyF6VdzhlQRTqik78CqxbI?authuser=0&hl=en&g_ep=EgoyMDI2MDgyNS4wIJJjKgBIAVAD&rclk=1
cafes in Vancouver,Tru Cafe,,https://www.tru.cafe/,+1 604-731-2508,None,https://www.google.com/maps/place/Tru+Cafe/data=!4m7!3m6!1s0x5486734c0cb4e0ed:0xa6178b4b8465f420!8m2!3d49.26949!4d-123.1386899!16s%2Fg%2F11t9j6twbn!19sChIJ7eC0DExzhlQRIPRlhEuLF6Y?authuser=0&hl=en&g_ep=EgoyMDI2MDgyNS4wIJJjKgBIAVAD&rclk=1
cafes in Vancouver,lovelarte,,http://www.lovelarte.com/,+1 604-599-7856,"Tock, Resy",https://www.google.com/maps/place/lovelarte/data=!4m7!3m6!1s0x5486717e83a0a581:0x33a0441760c9e73b!8m2!3d49.2791964!4d-123.1160681!16s%2Fg%2F11dxskxn7n!19sChIJgaWgg35xhlQRO-fJYBdEoDM?authuser=0&hl=en&g_ep=EgoyMDI2MDgyNS4wIJJjKgBIAVAD&rclk=1
cafes in Vancouver,CafeTica,cafetica2408@gmail.com,https://www.facebook.com/Caf%C3%A9-Tica-351980217764/,,"Tock, Resy",https://www.google.com/maps/place/CafeTica/data=!4m7!3m6!1s0x548673e755f1cd0d:0xe585c90b915cd151!8m2!3d49.280355!4d-123.1197582!16s%2Fg%2F1tx1swxp!19sChIJDc3xVedzhlQRUdFckQvJheU?authuser=0&hl=en&g_ep=EgoyMDI2MDgyNS4wIJJjKgBIAVAD&rclk=1
cafes in Vancouver,Cafe Duello,info@academieduello.com,http://www.cafeduello.com/,+1 604-568-9907,None,https://www.google.com/maps/place/Cafe+Duello/data=!4m7!3m6!1s0x54867174e1e3d137:0x7b2a4e9e351ca9cf!8m2!3d49.2835904!4d-123.1115798!16s%2Fg%2F11vy_2dn1d!19sChIJN9Hj4XRxhlQRz6kcNZ5OKns?authuser=0&hl=en&g_ep=EgoyMDI2MDgyNS4wIJJjKgBIAVAD&rclk=1
cafes in Vancouver,Bahar Bakery & Cafe,baharbakerycafe@gmail.com,https://www.baharbakery.ca/,,Tock,https://www.google.com/maps/place/Bahar+Bakery+%26+Cafe/data=!4m7!3m6!1s0x548671edd4e5cb9d:0x86223dd105863b4d!8m2!3d49.2807491!4d-123.1186174!16s%2Fg%2F11v0jlrrf5!19sChIJncvl1O1xhlQRTTuGBdE9IoY?authuser=0&hl=en&g_ep=EgoyMDI2MDgyNS4wIJJjKgBIAVAD&rclk=1
cafes in Vancouver,Marulilu Café,,https://marulilu.com/,+1 604-568-4211,None,https://www.google.com/maps/place/Marulilu+Caf%C3%A9/data=!4m7!3m6!1s0x54867158d9a61a51:0xf94a37a17c60a71f!8m2!3d49.2634!4d-123.1141083!16s%2Fg%2F1tf42nhb!19sChIJURqm2VhxhlQRH6dgfKE3Svk?authuser=0&hl=en&g_ep=EgoyMDI2MDgyNS4wIJJjKgBIAVAD&rclk=1
cafes in Vancouver,Cafe Medina,"reservations@medinacafe.com, info@medinacafe.com",http://www.medinacafe.com/,+1 604-879-3114,"Tock, Toast, OpenTable",https://www.google.com/maps/place/Cafe+Medina/data=!4m7!3m6!1s0x5486717be820af11:0xc55e5baac5cf96b!8m2!3d49.2804485!4d-123.1168982!16s%2Fg%2F1tgfptqj!19sChIJEa8g6HtxhlQRa_lcrLrlVQw?authuser=0&hl=en&g_ep=EgoyMDI2MDgyNS4wIJJjKgBIAVAD&rclk=1
cafes in Vancouver,Trees Organic Coffee 450 Granville,info@treescoffee.com,https://treescoffee.com/,+1 604-684-5022,"Tock, Resy",https://www.google.com/maps/place/Trees+Organic+Coffee+450+Granville/data=!4m7!3m6!1s0x5486717884655fc7:0x97310163c7b245d3!8m2!3d49.2848419!4d-123.1143321!16s%2Fg%2F1tf9sj4p!19sChIJx19lhHhxhlQR00Wyx2MBMZc?authuser=0&hl=en&g_ep=EgoyMDI2MDgyNS4wIJJjKgBIAVAD&rclk=1
cafes in Vancouver,K Cafe,,,+1 778-737-9295,None,https://www.google.com/maps/place/K+Cafe/data=!4m7!3m6!1s0x548673c2d1ff51a9:0x3266c3a20cbfe175!8m2!3d49.2629554!4d-123.1201171!16s%2Fg%2F11cnd480v1!19sChIJqVH_0cJzhlQRdeG_DKLDZjI?authuser=0&hl=en&g_ep=EgoyMDI2MDgyNS4wIJJjKgBIAVAD&rclk=1
cafes in Vancouver,Nemesis Coffee Gastown,webstore@nemesis.coffee,https://www.nemesis.coffee/,,"Tock, Resy",https://www.google.com/maps/place/Nemesis+Coffee+Gastown/data=!4m7!3m6!1s0x54867179a1eb9445:0x2b3f9d8745c9118a!8m2!3d49.2828012!4d-123.1102881!16s%2Fg%2F11c1xdsr7z!19sChIJRZTroXlxhlQRihHJRYedPys?authuser=0&hl=en&g_ep=EgoyMDI2MDgyNS4wIJJjKgBIAVAD&rclk=1
cafes in Vancouver,Caffe Mira,,http://www.caffemira.com/,+1 604-829-1113,Tock,https://www.google.com/maps/place/Caffe+Mira/data=!4m7!3m6!1s0x548673e35e3cd297:0xf9445484fbf50a01!8m2!3d49.2568449!4d-123.1010004!16s%2Fg%2F11d_28xz7r!19sChIJl9I8XuNzhlQRAQr1-4RURPk?authuser=0&hl=en&g_ep=EgoyMDI2MDgyNS4wIJJjKgBIAVAD&rclk=1
cafes in Vancouver,Aiyaohno Cafe,greguyeda@aiyaohno.com,http://www.aiyaohno.com/,+1 604-652-7555,None,https://www.google.com/maps/place/Aiyaohno+Cafe/data=!4m7!3m6!1s0x548671e7f0df3581:0xcfe6c84dd1decb49!8m2!3d49.2811762!4d-123.1046461!16s%2Fg%2F11t26t5kyn!19sChIJgTXf8OdxhlQRScve0U3I5s8?authuser=0&hl=en&g_ep=EgoyMDI2MDgyNS4wIJJjKgBIAVAD&rclk=1
cafes in Vancouver,7 Days Coffee,,https://www.ubereats.com/ca/store/7-days-coffee/rEOo1svlRguXP_dt8e9g6Q?diningMode=DELIVERY&pl=JTdCJTIyYWRkcmVzcyUyMiUzQSUyMlJvYnNvbiUyMFN0JTIwJTI2JTIwQmVhdHR5JTIwU3QlMjIlMkMlMjJyZWZlcmVuY2UlMjIlM0ElMjJjZjIxZGY3Ni01MmNkLWUyZjAtNWRhOC04YTAwZjRlOGVlYmQlMjIlMkMlMjJyZWZlcmVuY2VUeXBlJTIyJTNBJTIydWJlcl9wbGFjZXMlMjIlMkMlMjJsYXRpdHVkZSUyMiUzQTQ5LjI3NzU4OCUyQyUyMmxvbmdpdHVkZSUyMiUzQS0xMjMuMTEzOTYzJTdE,,None,https://www.google.com/maps/place/7+Days+Coffee/data=!4m7!3m6!1s0x5486717d79e754a5:0xec0a7e5e82588f42!8m2!3d49.2762569!4d-123.1157102!16s%2Fg%2F11cmdrn63k!19sChIJpVTneX1xhlQRQo9Ygl5-Cuw?authuser=0&hl=en&g_ep=EgoyMDI2MDgyNS4wIJJjKgBIAVAD&rclk=1
cafes in Vancouver,The Mighty Oak,info@themightyoak.ca,https://themightyoak.ca/,+1 604-568-1946,None,https://www.google.com/maps/place/The+Mighty+Oak/data=!4m7!3m6!1s0x548673ef8e2114ed:0x61ff804d7c269dd9!8m2!3d49.2545595!4d-123.1096174!16s%2Fg%2F12qgldd3w!19sChIJ7RQhju9zhlQR2Z0mfE2A_2E?authuser=0&hl=en&g_ep=EgoyMDI2MDgyNS4wIJJjKgBIAVAD&rclk=1
cafes in Vancouver,Nemesis Coffee GNW,webstore@nemesis.coffee,https://www.nemesis.coffee/,,"Tock, Resy",https://www.google.com/maps/place/Nemesis+Coffee+GNW/data=!4m7!3m6!1s0x5486716f1d5d3c67:0x9451d875d16c2f29!8m2!3d49.267036!4d-123.0925892!16s%2Fg%2F11qpmzmbbx!19sChIJZzxdHW9xhlQRKS9s0XXYUZQ?authuser=0&hl=en&g_ep=EgoyMDI2MDgyNS4wIJJjKgBIAVAD&rclk=1
cafes in Vancouver,Caffè Cittadella,info@caffecittadella.com,https://www.caffecittadella.com/,+1 604-568-5909,Tock,https://www.google.com/maps/place/Caff%C3%A8+Cittadella/data=!4m7!3m6!1s0x548673dcfee4d1d5:0xb3042b9b132bf310!8m2!3d49.2648038!4d-123.1172298!16s%2Fg%2F1wnbxq91!19sChIJ1dHk_txzhlQREPMrE5srBLM?authuser=0&hl=en&g_ep=EgoyMDI2MDgyNS4wIJJjKgBIAVAD&rclk=1
cafes in Vancouver,Saunter Coffee,your@email.com,http://www.sauntercoffee.com/,,None,https://www.google.com/maps/place/Saunter+Coffee/data=!4m7!3m6!1s0x5486715fc1008761:0x81ddf6609034f352!8m2!3d49.2825091!4d-123.1112565!16s%2Fg%2F11t1t6lnx0!19sChIJYYcAwV9xhlQRUvM0kGD23YE?authuser=0&hl=en&g_ep=EgoyMDI2MDgyNS4wIJJjKgBIAVAD&rclk=1
cafes in Vancouver,Harbour Cafe,,https://harbour-cafe.ca/,+1 604-603-4644,None,https://www.google.com/maps/place/Harbour+Cafe/data=!4m7!3m6!1s0x548671001a45711b:0x13eefd323a10f6a!8m2!3d49.2903074!4d-123.1289691!16s%2Fg%2F11wvkwyh70!19sChIJG3FFGgBxhlQRag-hI9PvPgE?authuser=0&hl=en&g_ep=EgoyMDI2MDgyNS4wIJJjKgBIAVAD&rclk=1
cafes in Vancouver,Yuán Coffee,yuancoffeeyvr@gmail.com,https://www.instagram.com/yuancoffeeyvr/,,"Tock, Resy",https://www.google.com/maps/place/Yu%C3%A1n+Coffee/data=!4m7!3m6!1s0x5486718adbb121e7:0xec1e5bd4c5d7fcc2!8m2!3d49.2798996!4d-123.0769444!16s%2Fg%2F11l390g2x8!19sChIJ5yGx24pxhlQRwvzXxdRbHuw?authuser=0&hl=en&g_ep=EgoyMDI2MDgyNS4wIJJjKgBIAVAD&rclk=1
cafes in Vancouver,Saan Saan Cafe and Restaurant,management@saansaan.ca,http://saansaan.ca/,,"Tock, OpenTable",https://www.google.com/maps/place/Saan+Saan+Cafe+and+Restaurant/data=!4m7!3m6!1s0x548671e834b7246d:0xd9fa2c5c78f72cd!8m2!3d49.2827013!4d-123.0998162!16s%2Fg%2F11s5n3vftx!19sChIJbSS3NOhxhlQRzXKPx8Winw0?authuser=0&hl=en&g_ep=EgoyMDI2MDgyNS4wIJJjKgBIAVAD&rclk=1
cafes in Vancouver,Café Kitsuné Vancouver,info@kitsune.fr,http://www.cafekitsune.com/,+1 236-477-4777,"Tock, Resy",https://www.google.com/maps/place/Caf%C3%A9+Kitsun%C3%A9+Vancouver/data=!4m7!3m6!1s0x548671a7c786175b:0x767208084462a371!8m2!3d49.2843065!4d-123.1081107!16s%2Fg%2F11rxwh6lqx!19sChIJWxeGx6dxhlQRcaNiRAgIcnY?authuser=0&hl=en&g_ep=EgoyMDI2MDgyNS4wIJJjKgBIAVAD&rclk=1
cafes in Vancouver,Purebread Bakery + Coffee,hello@purebread.ca,http://www.purebread.ca/,+1 604-563-8060,Tock,https://www.google.com/maps/place/Purebread+Bakery+%2B+Coffee/data=!4m7!3m6!1s0x5486717999baa017:0x63a5d7a05dcb0ad!8m2!3d49.2825121!4d-123.1090815!16s%2Fg%2F11b6ct37ls!19sChIJF6C6mXlxhlQRrbDcBXpdOgY?authuser=0&hl=en&g_ep=EgoyMDI2MDgyNS4wIJJjKgBIAVAD&rclk=1
cafes in Vancouver,ARC RESTAURANT,,https://www.arcdining.com/?utm_source=google+Maps&utm_medium=seo+maps&utm_campaign=seo+maps,+1 604-691-1818,"Resy, BentoBox, OpenTable",https://www.google.com/maps/place/ARC+RESTAURANT/data=!4m7!3m6!1s0x54867182c1f5e6b7:0x3a5010e1c9d8571d!8m2!3d49.287335!4d-123.11385!16s%2Fg%2F1pzsyxllj!19sChIJt-b1wYJxhlQRHVfYyeEQUDo?authuser=0&hl=en&g_ep=EgoyMDI2MDgyNS4wIJJjKgBIAVAD&rclk=1
cafes in Vancouver,Breka Bakery & Café - Davie,info@breka.ca,https://www.breka.ca/,+1 604-428-8080,"Tock, OpenTable",https://www.google.com/maps/place/Breka+Bakery+%26+Caf%C3%A9+-+Davie/data=!4m7!3m6!1s0x548673d48bfdef25:0xa0247f578934fdaf!8m2!3d49.2784527!4d-123.1278688!16s%2Fg%2F1tfdd4j_!19sChIJJe_9i9RzhlQRr_00iVd_JKA?authuser=0&hl=en&g_ep=EgoyMDI2MDgyNS4wIJJjKgBIAVAD&rclk=1
cafes in Vancouver,Analog Coffee,"orderdesk@analogcoffee.ca, info@analogcoffee.ca",https://www.analogcoffee.ca/,+1 604-423-4588,"Tock, OpenTable",https://www.google.com/maps/place/Analog+Coffee/data=!4m7!3m6!1s0x548673bdc31b388f:0x3debb949aabdfac!8m2!3d49.2757429!4d-123.1211382!16s%2Fg%2F11tx27crlx!19sChIJjzgbw71zhlQRrN-rmpS73gM?authuser=0&hl=en&g_ep=EgoyMDI2MDgyNS4wIJJjKgBIAVAD&rclk=1
cafes in Vancouver,Milano Coffee Roasters,"milanocalgaryorders@gmail.com, info@milanocoffee.ca",https://www.milanocoffee.ca/,+1 604-879-4468,"Tock, OpenTable",https://www.google.com/maps/place/Milano+Coffee+Roasters/data=!4m7!3m6!1s0x548673e0a4b9bb99:0xf390b967328c5001!8m2!3d49.263731!4d-123.108716!16s%2Fg%2F1tffjghz!19sChIJmbu5pOBzhlQRAVCMMme5kPM?authuser=0&hl=en&g_ep=EgoyMDI2MDgyNS4wIJJjKgBIAVAD&rclk=1
cafes in Vancouver,Nine Bar Coffee,"n@ninebar.coffee, info@ninebar.ca",http://ninebar.ca/,+1 604-781-6461,None,https://www.google.com/maps/place/Nine+Bar+Coffee/data=!4m7!3m6!1s0x548673001876eaff:0x2feea906239a3e0f!8m2!3d49.2757606!4d-123.1237364!16s%2Fg%2F11zknbg1_s!19sChIJ_-p2GABzhlQRDz6aIwap7i8?authuser=0&hl=en&g_ep=EgoyMDI2MDgyNS4wIJJjKgBIAVAD&rclk=1
cafes in Vancouver,93 Coffee - Japanese Cafe & Eatery,info@93coffee.ca,http://93coffee.ca/,+1 778-379-5926,Tock,https://www.google.com/maps/place/93+Coffee+-+Japanese+Cafe+%26+Eatery/data=!4m7!3m6!1s0x5486732d8cf23e7f:0xab04244860aa873c!8m2!3d49.2885189!4d-123.1392191!16s%2Fg%2F11k457gb4l!19sChIJfz7yjC1zhlQRPIeqYEgkBKs?authuser=0&hl=en&g_ep=EgoyMDI2MDgyNS4wIJJjKgBIAVAD&rclk=1
cafes in Vancouver,inBtwn Cafe,"inbtwn@shaw.ca, wadedwards@yahoo.ca",http://inbtwncafe.ca/,+1 604-568-0971,Tock,https://www.google.com/maps/place/inBtwn+Cafe/data=!4m7!3m6!1s0x5486734d416d14f7:0xb043e53f2c544820!8m2!3d49.2750687!4d-123.1335258!16s%2Fg%2F11kctdbrb4!19sChIJ9xRtQU1zhlQRIEhULD_lQ7A?authuser=0&hl=en&g_ep=EgoyMDI2MDgyNS4wIJJjKgBIAVAD&rclk=1
cafes in Vancouver,Guffo Café,your@email.com,https://guffocafe.shop/,+1 604-620-3660,Tock,https://www.google.com/maps/place/Guffo+Caf%C3%A9/data=!4m7!3m6!1s0x548671a778674d2d:0x5a7aed5514b248ab!8m2!3d49.2863933!4d-123.1144449!16s%2Fg%2F11l2lwntsk!19sChIJLU1neKdxhlQRq0iyFFXtelo?authuser=0&hl=en&g_ep=EgoyMDI2MDgyNS4wIJJjKgBIAVAD&rclk=1
cafes in Vancouver,comma cafe,,https://instagram.com/commacafevan?igshid=MzNlNGNkZWQ4Mg==,,"Tock, Resy",https://www.google.com/maps/place/comma+cafe/data=!4m7!3m6!1s0x548673bacaedba91:0x9569f56ef605f5b0!8m2!3d49.2568633!4d-123.1269471!16s%2Fg%2F11v0t6lmdw!19sChIJkbrtyrpzhlQRsPUF9m71aZU?authuser=0&hl=en&g_ep=EgoyMDI2MDgyNS4wIJJjKgBIAVAD&rclk=1
cafes in Vancouver,Estratto coffee,,,+1 778-668-3863,None,https://www.google.com/maps/place/Estratto+coffee/data=!4m7!3m6!1s0x5486710037115fab:0xda49a9b2f7abbe!8m2!3d49.2824565!4d-123.1117328!16s%2Fg%2F11y3xnwc4h!19sChIJq18RNwBxhlQRvqv3sqlJ2gA?authuser=0&hl=en&g_ep=EgoyMDI2MDgyNS4wIJJjKgBIAVAD&rclk=1
cafes in Vancouver,Coastal Eden Cafe,info@coastaledencafe.com,https://coastaledencafe.com/,+1 604-568-3336,None,https://www.google.com/maps/place/Coastal+Eden+Cafe/data=!4m7!3m6!1s0x548671791fdeab47:0x28a7795e1b801e03!8m2!3d49.2813087!4d-123.0905621!16s%2Fg%2F11h_z0kjm7!19sChIJR6veH3lxhlQRAx6AG155pyg?authuser=0&hl=en&g_ep=EgoyMDI2MDgyNS4wIJJjKgBIAVAD&rclk=1
cafes in Vancouver,Oidé Coffee,hello@oideoide.com,http://oideoide.com/,,Tock,https://www.google.com/maps/place/Oid%C3%A9+Coffee/data=!4m7!3m6!1s0x5486710073109c8d:0xcd12eb74a3302720!8m2!3d49.2695665!4d-123.1402212!16s%2Fg%2F11qb3wrlhz!19sChIJjZwQcwBxhlQRICcwo3TrEs0?authuser=0&hl=en&g_ep=EgoyMDI2MDgyNS4wIJJjKgBIAVAD&rclk=1
cafes in Vancouver,Caffe Mira,,http://caffemira.com/,+1 604-423-9388,Tock,https://www.google.com/maps/place/Caffe+Mira/data=!4m7!3m6!1s0x548673176db5cac5:0x6f038c3d5f4afb07!8m2!3d49.2787953!4d-123.1300209!16s%2Fg%2F11hfbwpbs9!19sChIJxcq1bRdzhlQRB_tKXz2MA28?authuser=0&hl=en&g_ep=EgoyMDI2MDgyNS4wIJJjKgBIAVAD&rclk=1
cafes in Vancouver,Rocanini Coffee Roasters,service@rocanini.com,https://www.rocanini.com/,+1 778-379-1863,Tock,https://www.google.com/maps/place/Rocanini+Coffee+Roasters/data=!4m7!3m6!1s0x5486717da2469afd:0x31d66a6594479d8c!8m2!3d49.2770718!4d-123.1152039!16s%2Fg%2F11b7h5lc60!19sChIJ_ZpGon1xhlQRjJ1HlGVq1jE?authuser=0&hl=en&g_ep=EgoyMDI2MDgyNS4wIJJjKgBIAVAD&rclk=1
cafes in Vancouver,Deja Brew Coffeehouse & Fresh Food Café,,,+1 604-558-3113,None,https://www.google.com/maps/place/Deja+Brew+Coffeehouse+%26+Fresh+Food+Caf%C3%A9/data=!4m7!3m6!1s0x548673c375a65f57:0x338bc011e1df216!8m2!3d49.2637255!4d-123.1250241!16s%2Fg%2F11r9syg3b!19sChIJV1-mdcNzhlQRFvIdHgG8OAM?authuser=0&hl=en&g_ep=EgoyMDI2MDgyNS4wIJJjKgBIAVAD&rclk=1
cafes in Vancouver,Elysian Coffee Broadway,,http://elysiancoffee.com/,+1 604-261-3381,Tock,https://www.google.com/maps/place/Elysian+Coffee+Broadway/data=!4m7!3m6!1s0x548673dd3e2b0ab9:0x13a8a41314eaad52!8m2!3d49.2630805!4d-123.1173001!16s%2Fg%2F1tg4wjnn!19sChIJuQorPt1zhlQRUq3qFBOkqBM?authuser=0&hl=en&g_ep=EgoyMDI2MDgyNS4wIJJjKgBIAVAD&rclk=1
cafes in Vancouver,Coffee Roastery Modus - Mt Pleasant shop,,http://www.moduscoffee.com/,,Tock,https://www.google.com/maps/place/Coffee+Roastery+Modus+-+Mt+Pleasant+shop/data=!4m7!3m6!1s0x548673e0c3b9ca57:0x1384332e17fc16d1!8m2!3d49.2629228!4d-123.1072618!16s%2Fg%2F11f_p3128c!19sChIJV8q5w-BzhlQR0Rb8Fy4zhBM?authuser=0&hl=en&g_ep=EgoyMDI2MDgyNS4wIJJjKgBIAVAD&rclk=1
cafes in Vancouver,Wicked Cafe,,https://www.instagram.com/wicked_cafe,+1 672-999-9493,"Tock, Resy",https://www.google.com/maps/place/Wicked+Cafe/data=!4m7!3m6!1s0x548673c6472bece7:0xeb00462890a3d54a!8m2!3d49.2654352!4d-123.135842!16s%2Fg%2F1ttywfgs!19sChIJ5-wrR8ZzhlQRStWjkChGAOs?authuser=0&hl=en&g_ep=EgoyMDI2MDgyNS4wIJJjKgBIAVAD&rclk=1
cafes in Vancouver,Willow Café Bakery,,,+1 604-568-2443,None,https://www.google.com/maps/place/Willow+Caf%C3%A9+Bakery/data=!4m7!3m6!1s0x548673e97fd5530b:0x4d6816ca78d0afbe!8m2!3d49.2571268!4d-123.1218798!16s%2Fg%2F11h178w42!19sChIJC1PVf-lzhlQRvq_QeMoWaE0?authuser=0&hl=en&g_ep=EgoyMDI2MDgyNS4wIJJjKgBIAVAD&rclk=1
cafes in Vancouver,"Perfecto Cafe, Bakery & Gelato (Davie)",info@perfectocafe.ca,https://www.perfectocafe.ca/,+1 604-428-2112,None,"https://www.google.com/maps/place/Perfecto+Cafe,+Bakery+%26+Gelato+%28Davie%29/data=!4m7!3m6!1s0x54867353ebfec64d:0xcf11567a16f148c0!8m2!3d49.2767526!4d-123.1252476!16s%2Fg%2F11nh20t9d7!19sChIJTcb-61NzhlQRwEjxFnpWEc8?authuser=0&hl=en&g_ep=EgoyMDI2MDgyNS4wIJJjKgBIAVAD&rclk=1"
cafes in Vancouver,New Amsterdam Cafe,hi@newamsterdamcafe.com,http://newamsterdamcafe.com/,+1 604-682-8955,Tock,https://www.google.com/maps/place/New+Amsterdam+Cafe/data=!4m7!3m6!1s0x54867179a6a56ed9:0xb85bbbe7a2db6bcf!8m2!3d49.2829467!4d-123.1099229!16s%2Fg%2F1tzgj9vb!19sChIJ2W6lpnlxhlQRz2vboue7W7g?authuser=0&hl=en&g_ep=EgoyMDI2MDgyNS4wIJJjKgBIAVAD&rclk=1
cafes in Vancouver,cafe & life co.,info@cafeandlifeco.com,https://www.cafeandlifeco.com/,+1 236-997-0831,None,https://www.google.com/maps/place/cafe+%26+life+co./data=!4m7!3m6!1s0x548673570b8e7f5f:0x50320fab6ae7c8d6!8m2!3d49.2650986!4d-123.1164384!16s%2Fg%2F11sg7_0s6r!19sChIJX3-OC1dzhlQR1sjnaqsPMlA?authuser=0&hl=en&g_ep=EgoyMDI2MDgyNS4wIJJjKgBIAVAD&rclk=1
cafes in Vancouver,Thierry Alberni,info@thierrychocolates.com,https://www.thierrychocolates.com/?utm_source=GoogleBusinessProfile&utm_medium=Website&utm_campaign=MapLabs,+1 604-608-6870,Tock,https://www.google.com/maps/place/Thierry+Alberni/data=!4m7!3m6!1s0x54867181b292a3a3:0x3cec6a2b95b1a728!8m2!3d49.284881!4d-123.122643!16s%2Fg%2F1hc54q4sk!19sChIJo6OSsoFxhlQRKKexlStq7Dw?authuser=0&hl=en&g_ep=EgoyMDI2MDgyNS4wIJJjKgBIAVAD&rclk=1
cafes in Vancouver,Dutch Wooden Shoe Cafe,,http://www.thedutchwoodenshoecafe.ca/,+1 604-874-0922,None,https://www.google.com/maps/place/Dutch+Wooden+Shoe+Cafe/data=!4m7!3m6!1s0x548673ef28923525:0x8df6412d5ffc40b1!8m2!3d49.256005!4d-123.1148896!16s%2Fg%2F1tx4p1b5!19sChIJJTWSKO9zhlQRsUD8Xy1B9o0?authuser=0&hl=en&g_ep=EgoyMDI2MDgyNS4wIJJjKgBIAVAD&rclk=1
bars in Vancouver,Granville Room,,,+1 604-565-3005,None,https://www.google.com/maps/place/Granville+Room/data=!4m7!3m6!1s0x548673d58324abad:0x4b91869a321053e3!8m2!3d49.2797908!4d-123.1225136!16s%2Fg%2F1tnpf3h4!19sChIJraskg9VzhlQR41MQMpqGkUs?authuser=0&hl=en&g_ep=EgoyMDI2MDgyNS4wIJJjKgBIAVAD&rclk=1
bars in Vancouver,Bar Asra,info@bar-asra.com,https://www.bar-asra.com/,+1 604-569-2230,"Tock, OpenTable",https://www.google.com/maps/place/Bar+Asra/data=!4m7!3m6!1s0x548673b8a6ce17fd:0xa890eac54074095a!8m2!3d49.2615545!4d-123.1380356!16s%2Fg%2F11mcb2m28l!19sChIJ_RfOprhzhlQRWgl0QMXqkKg?authuser=0&hl=en&g_ep=EgoyMDI2MDgyNS4wIJJjKgBIAVAD&rclk=1
bars in Vancouver,Good Co. Main Street,"kits@goodcobars.com, northwoods@goodcobars.com, you@email.com, mainst@goodcobars.com, granville@goodcobars.com, jason@goodcobars.com",https://goodcobars.com/,+1 604-565-6246,SevenRooms,https://www.google.com/maps/place/Good+Co.+Main+Street/data=!4m7!3m6!1s0x548673e3a4c973b9:0xb27d3c4c55fcddfd!8m2!3d49.2590249!4d-123.1009046!16s%2Fg%2F11bc8brtfw!19sChIJuXPJpONzhlQR_d38VUw8fbI?authuser=0&hl=en&g_ep=EgoyMDI2MDgyNS4wIJJjKgBIAVAD&rclk=1
bars in Vancouver,Speakeasy on Granville,,http://speakeasyongranville.com/,+1 604-685-5531,None,https://www.google.com/maps/place/Speakeasy+on+Granville/data=!4m7!3m6!1s0x548673d5803b703f:0x9fb3752b0dd0d2d4!8m2!3d49.2801369!4d-123.122004!16s%2Fg%2F1tf5dfhn!19sChIJP3A7gNVzhlQR1NLQDSt1s58?authuser=0&hl=en&g_ep=EgoyMDI2MDgyNS4wIJJjKgBIAVAD&rclk=1
bars in Vancouver,Shark Club Sports Bar & Grill,vancouver@sharkclub.com,https://www.sharkclub.com/location/vancouver/,+1 604-687-4275,OpenTable,https://www.google.com/maps/place/Shark+Club+Sports+Bar+%26+Grill/data=!4m7!3m6!1s0x5486714d5bd0ea73:0x36be4371909a3149!8m2!3d49.278849!4d-123.1129919!16s%2Fg%2F11pvhlgb8m!19sChIJc-rQW01xhlQRSTGakHFDvjY?authuser=0&hl=en&g_ep=EgoyMDI2MDgyNS4wIJJjKgBIAVAD&rclk=1
bars in Vancouver,Banter Room,management@banterroom.com,http://banterroom.com/,+1 604-565-1039,"Tock, Toast, OpenTable",https://www.google.com/maps/place/Banter+Room/data=!4m7!3m6!1s0x548673d64777d3cb:0x65020bd9f194cc85!8m2!3d49.2763585!4d-123.1197716!16s%2Fg%2F11g7kn30sm!19sChIJy9N3R9ZzhlQRhcyU8dkLAmU?authuser=0&hl=en&g_ep=EgoyMDI2MDgyNS4wIJJjKgBIAVAD&rclk=1
bars in Vancouver,Prive Kitchen + Bar,info@privevancouver.com,https://privevancouver.com/,+1 604-428-8223,"Tock, Squarespace Booking, OpenTable",https://www.google.com/maps/place/Prive+Kitchen+%2B+Bar/data=!4m7!3m6!1s0x548673eef89938a5:0x65fe7c0263e5e8bb!8m2!3d49.2637037!4d-123.1272154!16s%2Fg%2F11h_24x899!19sChIJpTiZ-O5zhlQRu-jlYwJ8_mU?authuser=0&hl=en&g_ep=EgoyMDI2MDgyNS4wIJJjKgBIAVAD&rclk=1
bars in Vancouver,The Cascade Room,,http://www.thecascade.ca/,+1 604-709-8650,"Tock, OpenTable",https://www.google.com/maps/place/The+Cascade+Room/data=!4m7!3m6!1s0x548673e18eaf3449:0xd5a770d792f1d45c!8m2!3d49.2617134!4d-123.1006458!16s%2Fg%2F1w3w2r03!19sChIJSTSvjuFzhlQRXNTxktdwp9U?authuser=0&hl=en&g_ep=EgoyMDI2MDgyNS4wIJJjKgBIAVAD&rclk=1
bars in Vancouver,The Narrow Lounge,"info@narrowgroup.ca, info@rerides.ca, studios@artopia.ca",https://narrowgroup.ca/project/the-narrow/,,None,https://www.google.com/maps/place/The+Narrow+Lounge/data=!4m7!3m6!1s0x548671713b9a5a35:0xb7716f61dc6f9815!8m2!3d49.268354!4d-123.1004118!16s%2Fg%2F11bbrjgmhr!19sChIJNVqaO3FxhlQRFZhv3GFvcbc?authuser=0&hl=en&g_ep=EgoyMDI2MDgyNS4wIJJjKgBIAVAD&rclk=1
bars in Vancouver,Clough Club,"hello@freehouse.co, cloughclub@freehouse.co",https://www.freehouse.co/locations/clough-club?utm_source=google&utm_medium=organic&utm_campaign=gmb,+1 604-558-1581,"Toast, OpenTable",https://www.google.com/maps/place/Clough+Club/data=!4m7!3m6!1s0x548671775fef6bd1:0x8029a2787d66e294!8m2!3d49.2835519!4d-123.1063626!16s%2Fg%2F11b_1qln6w!19sChIJ0WvvX3dxhlQRlOJmfXiiKYA?authuser=0&hl=en&g_ep=EgoyMDI2MDgyNS4wIJJjKgBIAVAD&rclk=1
bars in Vancouver,Laowai,,http://laowai.ca/,,None,https://www.google.com/maps/place/Laowai/data=!4m7!3m6!1s0x5486716fe688f139:0x16ca149537c71e11!8m2!3d49.2786841!4d-123.0980207!16s%2Fg%2F11ryln1l14!19sChIJOfGI5m9xhlQRER7HN5UUyhY?authuser=0&hl=en&g_ep=EgoyMDI2MDgyNS4wIJJjKgBIAVAD&rclk=1
bars in Vancouver,The Cobalt Cabaret,info@thecobalt.ca,https://thecobalt.ca/,+1 604-363-7947,"Tock, OpenTable",https://www.google.com/maps/place/The+Cobalt+Cabaret/data=!4m7!3m6!1s0x54867165123f641b:0x4efc344b6b9dda6d!8m2!3d49.276525!4d-123.1001362!16s%2Fg%2F11bvtlkl8z!19sChIJG2Q_EmVxhlQRbdqda0s0_E4?authuser=0&hl=en&g_ep=EgoyMDI2MDgyNS4wIJJjKgBIAVAD&rclk=1
bars in Vancouver,The Georgia Bar,"%20hotelgeorgia.reservations@rosewoodhotels.com, hotelgeorgia@rosewoodhotels.com, hotelgeorgia.reservations@rosewoodhotels.com",https://www.rosewoodhotels.com/en/hotel-georgia-vancouver/dining,+1 604-682-5566,OpenTable,https://www.google.com/maps/place/The+Georgia+Bar/data=!4m7!3m6!1s0x548671a1f22216c7:0x70f52f469c1c6bb0!8m2!3d49.2834361!4d-123.1192058!16s%2Fg%2F11y577rwvz!19sChIJxxYi8qFxhlQRsGscnEYv9XA?authuser=0&hl=en&g_ep=EgoyMDI2MDgyNS4wIJJjKgBIAVAD&rclk=1
bars in Vancouver,Mount Pleasant Vintage | Vancouver,"findus@mtpleasant.bar, findusyvr@mtpleasant.bar",https://www.mtpleasant.bar/yvr/home,+1 604-416-2830,"Tock, Toast, OpenTable",https://www.google.com/maps/place/Mount+Pleasant+Vintage+%7C+Vancouver/data=!4m7!3m6!1s0x5486736e469dfa9f:0x9e129fb8389656a!8m2!3d49.2657766!4d-123.1060929!16s%2Fg%2F11sx55djj0!19sChIJn_qdRm5zhlQRamWJg_sp4Qk?authuser=0&hl=en&g_ep=EgoyMDI2MDgyNS4wIJJjKgBIAVAD&rclk=1
bars in Vancouver,Hero's Welcome,info@heros-welcome.com,http://heros-welcome.com/,+1 604-879-1020,"Tock, Resy, OpenTable",https://www.google.com/maps/place/Hero%27s+Welcome/data=!4m7!3m6!1s0x548673129164b7d9:0x11e1dd376dc4b604!8m2!3d49.2501569!4d-123.1012526!16s%2Fg%2F11rk1pl9vz!19sChIJ2bdkkRJzhlQRBLbEbTfd4RE?authuser=0&hl=en&g_ep=EgoyMDI2MDgyNS4wIJJjKgBIAVAD&rclk=1
bars in Vancouver,Blosm Bar Lounge,,,,None,https://www.google.com/maps/place/Blosm+Bar+Lounge/data=!4m7!3m6!1s0x5486714497ae5041:0xaf2625291c53e4d5!8m2!3d49.2857582!4d-123.1271311!16s%2Fg%2F11rzd7sgg6!19sChIJQVCul0RxhlQR1eRTHCklJq8?authuser=0&hl=en&g_ep=EgoyMDI2MDgyNS4wIJJjKgBIAVAD&rclk=1
bars in Vancouver,Bekon Loft + Lounge,,,,None,https://www.google.com/maps/place/Bekon+Loft+%2B+Lounge/data=!4m7!3m6!1s0x548671211593acad:0xabead950436c94ca!8m2!3d49.2845278!4d-123.1092917!16s%2Fg%2F11h1yfyndc!19sChIJrayTFSFxhlQRypRsQ1DZ6qs?authuser=0&hl=en&g_ep=EgoyMDI2MDgyNS4wIJJjKgBIAVAD&rclk=1
bars in Vancouver,Honeybrew Bar + Bistro,info@honeybrewbar.com,https://honeybrewbar.com/,+1 604-423-5870,None,https://www.google.com/maps/place/Honeybrew+Bar+%2B+Bistro/data=!4m7!3m6!1s0x548673c3c7a03d83:0xbe2e9bd423ce0f89!8m2!3d49.2777702!4d-123.1268652!16s%2Fg%2F11hkstn2lf!19sChIJgz2gx8NzhlQRiQ_OI9SbLr4?authuser=0&hl=en&g_ep=EgoyMDI2MDgyNS4wIJJjKgBIAVAD&rclk=1
bars in Vancouver,Breeze Bar,info@breezebar.ca,https://www.instagram.com/breezebaryvr,,"Tock, Resy",https://www.google.com/maps/place/Breeze+Bar/data=!4m7!3m6!1s0x548671002095bbbf:0xce784d26b5428e99!8m2!3d49.2831834!4d-123.1044482!16s%2Fg%2F11y8_3_v2c!19sChIJv7uVIABxhlQRmY5CtSZNeM4?authuser=0&hl=en&g_ep=EgoyMDI2MDgyNS4wIJJjKgBIAVAD&rclk=1
bars in Vancouver,Pourhouse Restaurant,"careers@pourhousevancouver.com, info@pourhousevancouver.com, pr@ktrestaurants.com",https://www.pourhousevancouver.com/,+1 604-568-7022,"Tock, OpenTable",https://www.google.com/maps/place/Pourhouse+Restaurant/data=!4m7!3m6!1s0x54867179ce007007:0x35f90582cb57279e!8m2!3d49.2840775!4d-123.1083818!16s%2Fg%2F1vv2ryfl!19sChIJB3AAznlxhlQRnidXy4IF-TU?authuser=0&hl=en&g_ep=EgoyMDI2MDgyNS4wIJJjKgBIAVAD&rclk=1
bars in Vancouver,Beach Ave Bar and Grill,info@beachavebarandgrill.com,http://www.beachavebarandgrill.com/,+1 604-676-2337,"Tock, OpenTable",https://www.google.com/maps/place/Beach+Ave+Bar+and+Grill/data=!4m7!3m6!1s0x5486734e92b6b059:0xf1eb42c1260c4945!8m2!3d49.2755264!4d-123.1356512!16s%2Fg%2F11j4b4vks_!19sChIJWbC2kk5zhlQRRUkMJsFC6_E?authuser=0&hl=en&g_ep=EgoyMDI2MDgyNS4wIJJjKgBIAVAD&rclk=1
bars in Vancouver,GRETA Bar YVR,"info@gretabar.com, m.young@gretabar.com",https://gretabar.com/vancouver/,+1 604-423-3081,OpenTable,https://www.google.com/maps/place/GRETA+Bar+YVR/data=!4m7!3m6!1s0x548671e27920e9cd:0x8af02a1e5bfa7fd9!8m2!3d49.2826335!4d-123.1057661!16s%2Fg%2F11q9g9hjgg!19sChIJzekgeeJxhlQR2X_6Wx4q8Io?authuser=0&hl=en&g_ep=EgoyMDI2MDgyNS4wIJJjKgBIAVAD&rclk=1
bars in Vancouver,The Watson,,https://www.thewatson.ca/,+1 604-559-5266,"Tock, Toast, OpenTable",https://www.google.com/maps/place/The+Watson/data=!4m7!3m6!1s0x5486731b2b8eafaf:0x1de09d24e252a3a6!8m2!3d49.2577372!4d-123.1008267!16s%2Fg%2F11v3sh_lv8!19sChIJr6-OKxtzhlQRpqNS4iSd4B0?authuser=0&hl=en&g_ep=EgoyMDI2MDgyNS4wIJJjKgBIAVAD&rclk=1
bars in Vancouver,Parker Rooftop,info@parkerrooftop.com,https://parkerrooftop.com/,+1 778-200-1527,"Tock, OpenTable, SevenRooms",https://www.google.com/maps/place/Parker+Rooftop/data=!4m7!3m6!1s0x5486733b002c37a3:0xac932f85b13e95c9!8m2!3d49.276164!4d-123.1301857!16s%2Fg%2F11sskrczl6!19sChIJozcsADtzhlQRyZU-sYUvk6w?authuser=0&hl=en&g_ep=EgoyMDI2MDgyNS4wIJJjKgBIAVAD&rclk=1
bars in Vancouver,The Rec Room Granville,,https://www.therecroom.com/calgary-deerfoot?utm_source=google-my-business_CalgaryDeerfoot&utm_medium=profile&utm_campaign=owned_media,+1 778-374-1500,None,https://www.google.com/maps/place/The+Rec+Room+Granville/data=!4m7!3m6!1s0x548671ce9aeb1b11:0xf484391af6b7a323!8m2!3d49.280998!4d-123.120967!16s%2Fg%2F11wp7hjcrr!19sChIJERvrms5xhlQRI6O39ho5hPQ?authuser=0&hl=en&g_ep=EgoyMDI2MDgyNS4wIJJjKgBIAVAD&rclk=1
bars in Vancouver,The Shameful Tiki Room,shamefultikireso@gmail.com,http://shamefultikiroom.com/vancouver/,,None,https://www.google.com/maps/place/The+Shameful+Tiki+Room/data=!4m7!3m6!1s0x548673f7b06f59f9:0x943a50982bcb4a56!8m2!3d49.2461047!4d-123.1010656!16s%2Fg%2F1q5gn9zdq!19sChIJ-VlvsPdzhlQRVkrLK5hQOpQ?authuser=0&hl=en&g_ep=EgoyMDI2MDgyNS4wIJJjKgBIAVAD&rclk=1
bars in Vancouver,Guilt & Co,,http://guiltandcompany.com/,+1 604-288-1704,Tock,https://www.google.com/maps/place/Guilt+%26+Co/data=!4m7!3m6!1s0x5486717736165239:0x84208007d09d8948!8m2!3d49.2836479!4d-123.1041275!16s%2Fg%2F1wk4crqs!19sChIJOVIWNndxhlQRSImd0AeAIIQ?authuser=0&hl=en&g_ep=EgoyMDI2MDgyNS4wIJJjKgBIAVAD&rclk=1
bars in Vancouver,The 515 Bar,,http://www.the515bar.ca/,+1 604-428-8226,None,https://www.google.com/maps/place/The+515+Bar/data=!4m7!3m6!1s0x548671f246148aed:0xc51d11da71edd8cc!8m2!3d49.283842!4d-123.1144244!16s%2Fg%2F11sgs3wy4z!19sChIJ7YoURvJxhlQRzNjtcdoRHcU?authuser=0&hl=en&g_ep=EgoyMDI2MDgyNS4wIJJjKgBIAVAD&rclk=1
bars in Vancouver,Friendlies Bar,,,,None,https://www.google.com/maps/place/Friendlies+Bar/data=!4m7!3m6!1s0x548673a90a80402b:0x80e8a88f8e0ca210!8m2!3d49.2600775!4d-123.1007308!16s%2Fg%2F11t6b4nftm!19sChIJK0CACqlzhlQREKIMjo-o6IA?authuser=0&hl=en&g_ep=EgoyMDI2MDgyNS4wIJJjKgBIAVAD&rclk=1
bars in Vancouver,The Boxcar,"info@boxcarvancouver.com, info@boxcarvacnouver.com",https://www.boxcarvancouver.com/,+1 604-239-7109,Tock,https://www.google.com/maps/place/The+Boxcar/data=!4m7!3m6!1s0x548671650e6c0bc9:0xb0c07d3fe2e1b210!8m2!3d49.2765155!4d-123.100149!16s%2Fg%2F11b8t69qr8!19sChIJyQtsDmVxhlQRELLh4j99wLA?authuser=0&hl=en&g_ep=EgoyMDI2MDgyNS4wIJJjKgBIAVAD&rclk=1
bars in Vancouver,Karma Lounge,"careers@afterdarkhospitality.com, jennifer@afterdarkhospitality.com, info@karmalounge.ca",https://karmalounge.ca/,+1 778-488-8616,OpenTable,https://www.google.com/maps/place/Karma+Lounge/data=!4m7!3m6!1s0x548671879f64f0c9:0x1320b4061bf31703!8m2!3d49.2868581!4d-123.1243106!16s%2Fg%2F11swzvr8s6!19sChIJyfBkn4dxhlQRAxfzGwa0IBM?authuser=0&hl=en&g_ep=EgoyMDI2MDgyNS4wIJJjKgBIAVAD&rclk=1
bars in Vancouver,Bartholomew,info@bartholomewbar.com,https://www.bartholomewbar.com/,+1 604-423-4131,"Tock, Toast, OpenTable",https://www.google.com/maps/place/Bartholomew/data=!4m7!3m6!1s0x548673af76c89735:0x7f09dc690ef9e0c8!8m2!3d49.2760153!4d-123.1196449!16s%2Fg%2F11h4nqymx9!19sChIJNZfIdq9zhlQRyOD5DmncCX8?authuser=0&hl=en&g_ep=EgoyMDI2MDgyNS4wIJJjKgBIAVAD&rclk=1
bars in Vancouver,Uncle Abe's,"info@narrowgroup.ca, info@rerides.ca, studios@artopia.ca",http://www.uncleabes.ca/,,None,https://www.google.com/maps/place/Uncle+Abe%27s/data=!4m7!3m6!1s0x548673e37448a6b3:0x26ced104e27bbda!8m2!3d49.2581133!4d-123.1008261!16s%2Fg%2F11bx7_mn23!19sChIJs6ZIdONzhlQR2rsnThDtbAI?authuser=0&hl=en&g_ep=EgoyMDI2MDgyNS4wIJJjKgBIAVAD&rclk=1
bars in Vancouver,D/6 Bar & Lounge,"pr@parqvancouver.com, d6reservations@parqvancouver.com, bsales@parqvancouver.com",https://www.parqcasino.com/d-6-lounge,+1 778-370-8961,Tock,https://www.google.com/maps/place/D%2F6+Bar+%26+Lounge/data=!4m7!3m6!1s0x548673e9e6be4e7d:0xa5ceb3ac151f73cd!8m2!3d49.2755046!4d-123.1134347!16s%2Fg%2F11f4mclbfb!19sChIJfU6-5ulzhlQRzXMfFayzzqU?authuser=0&hl=en&g_ep=EgoyMDI2MDgyNS4wIJJjKgBIAVAD&rclk=1
bars in Vancouver,Ventura Room,events@venturaroom.com,http://venturaroom.com/,+1 604-620-5547,"Tock, OpenTable",https://www.google.com/maps/place/Ventura+Room/data=!4m7!3m6!1s0x5486710d6019d5f5:0xb204a5d9f84593b6!8m2!3d49.2796748!4d-123.1130907!16s%2Fg%2F11h5mdfk7r!19sChIJ9dUZYA1xhlQRtpNF-NmlBLI?authuser=0&hl=en&g_ep=EgoyMDI2MDgyNS4wIJJjKgBIAVAD&rclk=1
bars in Vancouver,Hello Goodbye Bar,"hello@hellogoodbyebar.com, info@hellogoodbyebar.com",https://www.hellogoodbyebar.com/,+1 604-669-6292,"Tock, SevenRooms",https://www.google.com/maps/place/Hello+Goodbye+Bar/data=!4m7!3m6!1s0x548673d6f42f7d7f:0x7704ac81a7e38866!8m2!3d49.2756003!4d-123.1214199!16s%2Fg%2F11bwn3vmts!19sChIJf30v9NZzhlQRZojjp4GsBHc?authuser=0&hl=en&g_ep=EgoyMDI2MDgyNS4wIJJjKgBIAVAD&rclk=1
bars in Vancouver,Grapes & Soda,info@grapesandsoda.ca,http://www.grapesandsoda.ca/,+1 604-336-2456,OpenTable,https://www.google.com/maps/place/Grapes+%26+Soda/data=!4m7!3m6!1s0x548673c87b741813:0x5797a1b4806a291!8m2!3d49.2663711!4d-123.1396792!16s%2Fg%2F11btsv0jff!19sChIJExh0e8hzhlQRkaIGSBt6eQU?authuser=0&hl=en&g_ep=EgoyMDI2MDgyNS4wIJJjKgBIAVAD&rclk=1
bars in Vancouver,1927 Lobby Lounge,"%20hotelgeorgia.reservations@rosewoodhotels.com, hotelgeorgia@rosewoodhotels.com, hotelgeorgia.reservations@rosewoodhotels.com",https://www.rosewoodhotels.com/en/hotel-georgia-vancouver/dining/1927-lobby-lounge,+1 604-682-5566,OpenTable,https://www.google.com/maps/place/1927+Lobby+Lounge/data=!4m7!3m6!1s0x5486717f6130002b:0x123c41442fd65bfd!8m2!3d49.283534!4d-123.1187414!16s%2Fg%2F11f4pf6pxn!19sChIJKwAwYX9xhlQR_VvWL0RBPBI?authuser=0&hl=en&g_ep=EgoyMDI2MDgyNS4wIJJjKgBIAVAD&rclk=1
bars in Vancouver,Alchemy Bar and Kitchen,contact.alchemybar@gmail.com,http://www.alchemybar-kitchen.ca/,+1 604-428-3232,OpenTable,https://www.google.com/maps/place/Alchemy+Bar+and+Kitchen/data=!4m7!3m6!1s0x548673bdea3ceebf:0x6faa9711f53b4109!8m2!3d49.2742474!4d-123.1239675!16s%2Fg%2F11kq005v5m!19sChIJv-486r1zhlQRCUE79RGXqm8?authuser=0&hl=en&g_ep=EgoyMDI2MDgyNS4wIJJjKgBIAVAD&rclk=1
bars in Vancouver,Alibi Room,alibiroomvancouver@gmail.com,https://alibi.ca/,+1 778-551-2113,OpenTable,https://www.google.com/maps/place/Alibi+Room/data=!4m7!3m6!1s0x5486717134b59557:0xe75b59253865b201!8m2!3d49.2842507!4d-123.1002689!16s%2Fg%2F1v42fh7h!19sChIJV5W1NHFxhlQRAbJlOCVZW-c?authuser=0&hl=en&g_ep=EgoyMDI2MDgyNS4wIJJjKgBIAVAD&rclk=1
bars in Vancouver,Six Acres,info@sixacres.ca,http://sixacres.ca/,+1 604-488-0110,"Tock, OpenTable",https://www.google.com/maps/place/Six+Acres/data=!4m7!3m6!1s0x548671774ee5114d:0x42a22cc596e35f36!8m2!3d49.2833649!4d-123.1044223!16s%2Fg%2F1tdn8c6x!19sChIJTRHlTndxhlQRNl_jlsUsokI?authuser=0&hl=en&g_ep=EgoyMDI2MDgyNS4wIJJjKgBIAVAD&rclk=1
bars in Vancouver,The Butcher & Bullock Public House,"butcherandbullock@freehouse.co, hello@freehouse.co",https://www.freehouse.co/locations/butcher-and-bullock?utm_source=google&utm_medium=organic&utm_campaign=gmb,+1 604-662-8866,OpenTable,https://www.google.com/maps/place/The+Butcher+%26+Bullock+Public+House/data=!4m7!3m6!1s0x548671824719aa73:0x4a26fa48763f8246!8m2!3d49.2862268!4d-123.1169446!16s%2Fg%2F1hhp3ys0v!19sChIJc6oZR4JxhlQRRoI_dkj6Jko?authuser=0&hl=en&g_ep=EgoyMDI2MDgyNS4wIJJjKgBIAVAD&rclk=1
bars in Vancouver,HYDE on Main,,http://instagram.com/hydeonmain,+1 604-709-6215,"Tock, Resy",https://www.google.com/maps/place/HYDE+on+Main/data=!4m7!3m6!1s0x548673e3a1826e8d:0x2073dac0b1626217!8m2!3d49.2586777!4d-123.1008863!16s%2Fg%2F1hc4dxfr0!19sChIJjW6CoeNzhlQRF2JiscDacyA?authuser=0&hl=en&g_ep=EgoyMDI2MDgyNS4wIJJjKgBIAVAD&rclk=1
bars in Vancouver,Prophecy Cocktail Bar,"management@prophecybar.com, marketing@prophecybar.com",https://www.prophecybar.com/,+1 604-336-3383,"Tock, OpenTable",https://www.google.com/maps/place/Prophecy+Cocktail+Bar/data=!4m7!3m6!1s0x548671fa36db0f15:0xbfc79e7fd9e03819!8m2!3d49.2834361!4d-123.1192058!16s%2Fg%2F11vqvvbnys!19sChIJFQ_bNvpxhlQRGTjg2X-ex78?authuser=0&hl=en&g_ep=EgoyMDI2MDgyNS4wIJJjKgBIAVAD&rclk=1
bars in Vancouver,The Wine Bar at Provence Marinaside,,https://www.provencemarinaside.ca/,+1 604-681-4144,None,https://www.google.com/maps/place/The+Wine+Bar+at+Provence+Marinaside/data=!4m7!3m6!1s0x548673d76e5ae0dd:0x44b53b08a1ea5b1a!8m2!3d49.2733585!4d-123.1196179!16s%2Fg%2F11bbrhhryp!19sChIJ3eBabtdzhlQRGlvqoQg7tUQ?authuser=0&hl=en&g_ep=EgoyMDI2MDgyNS4wIJJjKgBIAVAD&rclk=1
bars in Vancouver,Moose's Down Under Bar and Grill - Vancouver,info@moosesdownunder.com,http://www.moosesdownunder.com/,+1 604-683-3300,Tock,https://www.google.com/maps/place/Moose%27s+Down+Under+Bar+and+Grill+-+Vancouver/data=!4m7!3m6!1s0x548671826d259d2d:0x3eadcb83f53a5c5a!8m2!3d49.2856437!4d-123.1165881!16s%2Fg%2F1tgfw9vd!19sChIJLZ0lbYJxhlQRWlw69YPLrT4?authuser=0&hl=en&g_ep=EgoyMDI2MDgyNS4wIJJjKgBIAVAD&rclk=1
bars in Vancouver,Good Thief,nhau@goodthief.ca,http://goodthief.ca/,+1 604-428-3336,Tock,https://www.google.com/maps/place/Good+Thief/data=!4m7!3m6!1s0x548673fb4c690f69:0xede729149b649310!8m2!3d49.2552728!4d-123.1009841!16s%2Fg%2F11vxpmkfc_!19sChIJaQ9pTPtzhlQREJNkmxQp5-0?authuser=0&hl=en&g_ep=EgoyMDI2MDgyNS4wIJJjKgBIAVAD&rclk=1
bars in Vancouver,The Moose Vancouver,,https://themoosevancouver.ca/,,Tock,https://www.google.com/maps/place/The+Moose+Vancouver/data=!4m7!3m6!1s0x548673d59fe39cfd:0x134bb679b34034d8!8m2!3d49.2794394!4d-123.1236394!16s%2Fg%2F1vq74k07!19sChIJ_Zzjn9VzhlQR2DRAs3m2SxM?authuser=0&hl=en&g_ep=EgoyMDI2MDgyNS4wIJJjKgBIAVAD&rclk=1
bars in Vancouver,The Cambie Bar & Grill,,http://www.cambiepubs.com/,+1 604-688-9158,None,https://www.google.com/maps/place/The+Cambie+Bar+%26+Grill/data=!4m7!3m6!1s0x54867179b9bdd8c1:0x973cfe4bf14fa57b!8m2!3d49.2831142!4d-123.109!16s%2Fg%2F1tfmhhpz!19sChIJwdi9uXlxhlQRe6VP8Uv-PJc?authuser=0&hl=en&g_ep=EgoyMDI2MDgyNS4wIJJjKgBIAVAD&rclk=1
bars in Vancouver,The Keefer Bar,,http://www.thekeeferbar.com/,+1 604-688-1961,Resy,https://www.google.com/maps/place/The+Keefer+Bar/data=!4m7!3m6!1s0x5486717abd55daf5:0x3976ae7d29740ea7!8m2!3d49.27961!4d-123.1013292!16s%2Fg%2F113gwc3vs!19sChIJ9dpVvXpxhlQRpw50KX2udjk?authuser=0&hl=en&g_ep=EgoyMDI2MDgyNS4wIJJjKgBIAVAD&rclk=1
resorts in Vancouver,Loden Hotel,reservations@theloden.com,http://theloden.com/,+1 604-669-5060,Tock,https://www.google.com/maps/place/Loden+Hotel/data=!4m10!3m9!1s0x548671814f114973:0x4e245490b8926e95!5m2!4m1!1i2!8m2!3d49.2875667!4d-123.1232789!16s%2Fg%2F1v_0jfr5!19sChIJc0kRT4FxhlQRlW6SuJBUJE4?authuser=0&hl=en&g_ep=EgoyMDI2MDgyNS4wIJJjKgBIAVAD&rclk=1
resorts in Vancouver,Hyatt Regency Vancouver,,https://www.hyatt.com/hyatt-regency/en-US/yvrrv-hyatt-regency-vancouver?src=corp_lclb_google_seo_yvrrv&utm_source=google&utm_medium=organic&utm_campaign=lmr,+1 604-683-1234,None,https://www.google.com/maps/place/Hyatt+Regency+Vancouver/data=!4m10!3m9!1s0x54867181950118d3:0x64d3ac2e5a7db8df!5m2!4m1!1i2!8m2!3d49.2851194!4d-123.1207746!16s%2Fm%2F03d3sdx!19sChIJ0xgBlYFxhlQR37h9Wi6s02Q?authuser=0&hl=en&g_ep=EgoyMDI2MDgyNS4wIJJjKgBIAVAD&rclk=1
resorts in Vancouver,Skwachàys Lodge Indigenous Hotel and Gallery,"info@skwachayslodge.com, info@skwachays.com",http://www.skwachays.com/,+1 604-687-3589,"Tock, OpenTable",https://www.google.com/maps/place/Skwach%C3%A0ys+Lodge+Indigenous+Hotel+and+Gallery/data=!4m10!3m9!1s0x5486717a38ce531d:0x1dab9ac5b44a5bd5!5m2!4m1!1i2!8m2!3d49.2809791!4d-123.1060626!16s%2Fg%2F11_fldb_f!19sChIJHVPOOHpxhlQR1VtKtMWaqx0?authuser=0&hl=en&g_ep=EgoyMDI2MDgyNS4wIJJjKgBIAVAD&rclk=1
resorts in Vancouver,"the DOUGLAS, Autograph Collection",,https://www.marriott.com/en-us/hotels/yvrps-the-douglas-autograph-collection/overview/?scid=f2ae0541-1279-4f24-b197-a979c79310b0,+1 604-676-0889,None,"https://www.google.com/maps/place/the+DOUGLAS,+Autograph+Collection/data=!4m10!3m9!1s0x5486717d71b67311:0x19abd52f5bbe74d0!5m2!4m1!1i2!8m2!3d49.2757232!4d-123.1138588!16s%2Fg%2F11gfm8llhm!19sChIJEXO2cX1xhlQR0HS-Wy_Vqxk?authuser=0&hl=en&g_ep=EgoyMDI2MDgyNS4wIJJjKgBIAVAD&rclk=1"
resorts in Vancouver,Boutique Suites Vancouver,,,,None,https://www.google.com/maps/place/Boutique+Suites+Vancouver/data=!4m10!3m9!1s0x548671821f26d92b:0x5340fe0103b1ad5c!5m2!4m1!1i2!8m2!3d49.2852974!4d-123.1183096!16s%2Fg%2F11c1wy4v13!19sChIJK9kmH4JxhlQRXK2xAwH-QFM?authuser=0&hl=en&g_ep=EgoyMDI2MDgyNS4wIJJjKgBIAVAD&rclk=1
resorts in Vancouver,Barclay House,thebarclayhouse@yahoo.com,http://www.barclayhouse.com/,+1 604-605-1351,Tock,https://www.google.com/maps/place/Barclay+House/data=!4m10!3m9!1s0x54867229f1331fcf:0xe7d56fc42769956c!5m2!4m1!1i2!8m2!3d49.2862475!4d-123.131193!16s%2Fg%2F1tgcl_5_!19sChIJzx8z8SlyhlQRbJVpJ8Rv1ec?authuser=0&hl=en&g_ep=EgoyMDI2MDgyNS4wIJJjKgBIAVAD&rclk=1
resorts in Vancouver,St Regis Hotel,info@stregishotel.com,http://www.stregishotel.com/,+1 604-681-1135,Tock,https://www.google.com/maps/place/St+Regis+Hotel/data=!4m10!3m9!1s0x54867178cc8cc4c9:0x4818d89be151ae95!5m2!4m1!1i2!8m2!3d49.2830644!4d-123.1158935!16s%2Fm%2F04yk8jh!19sChIJycSMzHhxhlQRla5R4ZvYGEg?authuser=0&hl=en&g_ep=EgoyMDI2MDgyNS4wIJJjKgBIAVAD&rclk=1
resorts in Vancouver,Rosewood Hotel Georgia,"%20hotelgeorgia.reservations@rosewoodhotels.com, hotelgeorgia@rosewoodhotels.com, hotelgeorgia.reservations@rosewoodhotels.com",https://www.rosewoodhotels.com/en/hotel-georgia-vancouver/offers,+1 604-682-5566,OpenTable,https://www.google.com/maps/place/Rosewood+Hotel+Georgia/data=!4m10!3m9!1s0x5486717f5d8a0981:0xee3d9c6465f635e!5m2!4m1!1i2!8m2!3d49.283465!4d-123.119031!16zL20vMDhrMHZs!19sChIJgQmKXX9xhlQRXmNfRsbZ4w4?authuser=0&hl=en&g_ep=EgoyMDI2MDgyNS4wIJJjKgBIAVAD&rclk=1
resorts in Vancouver,OPUS Vancouver,info@opushotel.com,https://www.opushotel.com/,+1 866-642-6787,"Tock, OpenTable",https://www.google.com/maps/place/OPUS+Vancouver/data=!4m10!3m9!1s0x548673d6c2608391:0x140165957a8c220f!5m2!4m1!1i2!8m2!3d49.2746032!4d-123.1226018!16s%2Fm%2F04yk8fg!19sChIJkYNgwtZzhlQRDyKMepVlARQ?authuser=0&hl=en&g_ep=EgoyMDI2MDgyNS4wIJJjKgBIAVAD&rclk=1
resorts in Vancouver,Pan Pacific Vancouver,info@panpacificvancouver.com,https://www.panpacific.com/en/hotels-and-resorts/pp-vancouver.html?utm_source=google&utm_medium=business_listing&utm_campaign=googlemybusiness,+1 604-662-8111,OpenTable,https://www.google.com/maps/place/Pan+Pacific+Vancouver/data=!4m10!3m9!1s0x54867182daa3cfd7:0x511bd0c9c1bbc59e!5m2!4m1!1i2!8m2!3d49.2878274!4d-123.1134453!16s%2Fm%2F0c1pbw1!19sChIJ18-j2oJxhlQRnsW7wcnQG1E?authuser=0&hl=en&g_ep=EgoyMDI2MDgyNS4wIJJjKgBIAVAD&rclk=1
resorts in Vancouver,Wedgewood Hotel & Spa,,http://www.wedgewoodhotel.com/?utm_source=GoogleMapsWW&utm_medium=organic&utm_content=Businesslisting,+1 800-663-0666,None,https://www.google.com/maps/place/Wedgewood+Hotel+%26+Spa/data=!4m10!3m9!1s0x5486717ff188ec0b:0xe06fda95ce62f75b!5m2!4m1!1i2!8m2!3d49.282234!4d-123.1226629!16s%2Fg%2F1wl4q8ys!19sChIJC-yI8X9xhlQRW_dizpXab-A?authuser=0&hl=en&g_ep=EgoyMDI2MDgyNS4wIJJjKgBIAVAD&rclk=1
resorts in Vancouver,Hotel Le Soleil,"sandy@executivehotels.net, reservations@hotellesoleil.com",https://www.lesoleilhotels.com/vancouver/,+1 604-632-3000,None,https://www.google.com/maps/place/Hotel+Le+Soleil/data=!4m10!3m9!1s0x54867182177e22f9:0xa118def979194acb!5m2!4m1!1i2!8m2!3d49.2853077!4d-123.1182531!16s%2Fm%2F0tkkh3z!19sChIJ-SJ-F4JxhlQRy0oZefneGKE?authuser=0&hl=en&g_ep=EgoyMDI2MDgyNS4wIJJjKgBIAVAD&rclk=1
resorts in Vancouver,Rosedale Condominiums,,https://www.westgateresorts.com/hotels/canada/british-columbia/vancouver/vi-at-rosedale-on-robson/?y_source=1_MjAyMzczOTUyOS03MTUtbG9jYXRpb24ud2Vic2l0ZQ%3D%3D,+1 855-776-9891,None,https://www.google.com/maps/place/Rosedale+Condominiums/data=!4m10!3m9!1s0x548671bb0ea9651f:0xeb59088722a78ea6!5m2!4m1!1i2!8m2!3d49.278389!4d-123.1161846!16s%2Fg%2F11kbypl0v7!19sChIJH2WpDrtxhlQRpo6nIocIWes?authuser=0&hl=en&g_ep=EgoyMDI2MDgyNS4wIJJjKgBIAVAD&rclk=1
resorts in Vancouver,The Burrard,,http://theburrard.com/,+1 604-681-2331,Tock,https://www.google.com/maps/place/The+Burrard/data=!4m10!3m9!1s0x548673d4dc664495:0x35bc8c7d1a5d0052!5m2!4m1!1i2!8m2!3d49.2798561!4d-123.1275838!16s%2Fg%2F1tm0bhqb!19sChIJlURm3NRzhlQRUgBdGn2MvDU?authuser=0&hl=en&g_ep=EgoyMDI2MDgyNS4wIJJjKgBIAVAD&rclk=1
resorts in Vancouver,Rosedale on Robson Suite Hotel,reservations@rosedaleonrobson.com,http://www.rosedaleonrobson.com/,+1 604-689-8033,Resy,https://www.google.com/maps/place/Rosedale+on+Robson+Suite+Hotel/data=!4m10!3m9!1s0x5486717ddad721c7:0xe1b8e210d60e0f1!5m2!4m1!1i2!8m2!3d49.278416!4d-123.1163019!16s%2Fg%2F1vvdtxpg!19sChIJxyHX2n1xhlQR8eBgDSGOGw4?authuser=0&hl=en&g_ep=EgoyMDI2MDgyNS4wIJJjKgBIAVAD&rclk=1
resorts in Vancouver,Hyatt Vancouver Downtown Alberni,,https://www.hyatt.com/hyatt-hotels/en-US/yvrph-hyatt-vancouver-downtown-alberni?src=corp_lclb_google_seo_yvrph&utm_source=google&utm_medium=organic&utm_campaign=lmr,+1 604-317-1234,None,https://www.google.com/maps/place/Hyatt+Vancouver+Downtown+Alberni/data=!4m10!3m9!1s0x5486718104f09c87:0x5f0a09f26de08fd!5m2!4m1!1i2!8m2!3d49.2856957!4d-123.1237629!16s%2Fg%2F11xn4n3dsc!19sChIJh5zwBIFxhlQR_QjeJp-g8AU?authuser=0&hl=en&g_ep=EgoyMDI2MDgyNS4wIJJjKgBIAVAD&rclk=1
resorts in Vancouver,Fairmont Waterfront,"waterfronthotel@fairmont.com, wfc.concierge@fairmont.com",https://www.fairmont.com/waterfront-vancouver/?goto=fiche_hotel&code_hotel=A587&merchantid=seo-maps-CA-A587&sourceid=aw-cen&utm_medium=seo%20maps&utm_source=google%20Maps&utm_campaign=seo%20maps,+1 604-691-1991,None,https://www.google.com/maps/place/Fairmont+Waterfront/data=!4m10!3m9!1s0x54867182ea2a7a0d:0xabed52a7ff0e0f7b!5m2!4m1!1i2!8m2!3d49.286958!4d-123.113901!16s%2Fm%2F04yk8dv!19sChIJDXoq6oJxhlQRew8O_6dS7as?authuser=0&hl=en&g_ep=EgoyMDI2MDgyNS4wIJJjKgBIAVAD&rclk=1
resorts in Vancouver,Embarc Vancouver,hotel.reservations@hgv.com,https://www.tophotelreservations.com/embarc-vancouver?utm_source=yext&utm_medium=organic&utm_campaign=vsw-yext-listing&utm_content=yext-listing_website_url,+1 604-893-7444,None,https://www.google.com/maps/place/Embarc+Vancouver/data=!4m10!3m9!1s0x548673d526270ceb:0x6ec3a436ba629f8c!5m2!4m1!1i2!8m2!3d49.2805242!4d-123.1254311!16s%2Fg%2F1tg503dd!19sChIJ6wwnJtVzhlQRjJ9iujakw24?authuser=0&hl=en&g_ep=EgoyMDI2MDgyNS4wIJJjKgBIAVAD&rclk=1
resorts in Vancouver,Seaside Hotel North Vancouver - An Executive Hotel,info@seasidehotelvancouver.com,http://seasidehotelvancouver.com/,+1 604-973-1473,None,https://www.google.com/maps/place/Seaside+Hotel+North+Vancouver+-+An+Executive+Hotel/data=!4m10!3m9!1s0x548671fbd4de021f:0x51078e4c00ad3fae!5m2!4m1!1i2!8m2!3d49.3099225!4d-123.0783459!16s%2Fg%2F11hdslzvxd!19sChIJHwLe1PtxhlQRrj-tAEyOB1E?authuser=0&hl=en&g_ep=EgoyMDI2MDgyNS4wIJJjKgBIAVAD&rclk=1
resorts in Vancouver,"The Westin Bayshore, Vancouver",,https://www.marriott.com/en-us/hotels/yvrwi-the-westin-bayshore-vancouver/overview/?scid=f2ae0541-1279-4f24-b197-a979c79310b0,+1 604-682-3377,None,"https://www.google.com/maps/place/The+Westin+Bayshore,+Vancouver/data=!4m10!3m9!1s0x54867188a23819af:0xaf6eaf737c65b77f!5m2!4m1!1i2!8m2!3d49.2923317!4d-123.1291619!16s%2Fm%2F0tkdry8!19sChIJrxk4oohxhlQRf7dlfHOvbq8?authuser=0&hl=en&g_ep=EgoyMDI2MDgyNS4wIJJjKgBIAVAD&rclk=1"
resorts in Vancouver,WorldMark Vancouver - The Canadian,,https://www.extraholidays.com/vancouver-british-columbia/worldmark-vancouver-the-canadian?utm_medium=listing&utm_source=google-local&utm_campaign=na_gmb_na_locallisting_na_allusers&utm_content=wmvancouverthecanadian,+1 604-684-3531,None,https://www.google.com/maps/place/WorldMark+Vancouver+-+The+Canadian/data=!4m10!3m9!1s0x548673e2689ca0d7:0x9cb4d6c3b4bc2f48!5m2!4m1!1i2!8m2!3d49.2796875!4d-123.1259891!16s%2Fg%2F11ckr96xv3!19sChIJ16CcaOJzhlQRSC-8tMPWtJw?authuser=0&hl=en&g_ep=EgoyMDI2MDgyNS4wIJJjKgBIAVAD&rclk=1
resorts in Vancouver,Hotel BLU Vancouver,info@hotelbluvancouver.com,https://www.hotelbluvancouver.com/,+1 604-620-6200,Tock,https://www.google.com/maps/place/Hotel+BLU+Vancouver/data=!4m10!3m9!1s0x5486717dca342c85:0xd634e23417b4f5a2!5m2!4m1!1i2!8m2!3d49.2782657!4d-123.1144678!16s%2Fg%2F1q62kkvjz!19sChIJhSw0yn1xhlQRovW0FzTiNNY?authuser=0&hl=en&g_ep=EgoyMDI2MDgyNS4wIJJjKgBIAVAD&rclk=1
restaurants in Calgary,Ten Foot Henry,"eat@tenfoothenry.com, work@tenfoothenry.com",http://tenfoothenry.com/,+1 403-475-5537,"Tock, OpenTable",https://www.google.com/maps/place/Ten+Foot+Henry/data=!4m7!3m6!1s0x53717002d4178cb1:0x591e9f39b0fab6a9!8m2!3d51.0410718!4d-114.0659836!16s%2Fg%2F11clydx0_c!19sChIJsYwX1AJwcVMRqbb6sDmfHlk?authuser=0&hl=en&g_ep=EgoyMDI2MDgyNS4wIJJjKgBIAVAD&rclk=1
restaurants in Calgary,ONE18 EMPIRE,,http://www.one18empire.com/,+1 403-269-0299,Tock,https://www.google.com/maps/place/ONE18+EMPIRE/data=!4m7!3m6!1s0x53716ffdf359e445:0xbbec85c2a5dfbe26!8m2!3d51.0448978!4d-114.0628473!16s%2Fg%2F11b7chm8zr!19sChIJReRZ8_1vcVMRJr7fpcKF7Ls?authuser=0&hl=en&g_ep=EgoyMDI2MDgyNS4wIJJjKgBIAVAD&rclk=1
restaurants in Calgary,Major Tom Bar,"samson@pressandpost.com, info@majortombar.ca",http://majortombar.ca/,,"Tock, OpenTable",https://www.google.com/maps/place/Major+Tom+Bar/data=!4m7!3m6!1s0x53716f6badf45ecd:0x81f43f469c2f1853!8m2!3d51.046316!4d-114.0673937!16s%2Fg%2F11j8swb458!19sChIJzV70rWtvcVMRUxgvnEY_9IE?authuser=0&hl=en&g_ep=EgoyMDI2MDgyNS4wIJJjKgBIAVAD&rclk=1
restaurants in Calgary,SALTLIK Calgary,"kventer@saltlik.com, cchan@saltlik.com, infocalgary@saltlik.com, chefcalgary@saltlik.com",https://saltlik.com/location/saltlik-calgary/,+1 403-537-1160,OpenTable,https://www.google.com/maps/place/SALTLIK+Calgary/data=!4m7!3m6!1s0x53716ffde9c17a47:0x1db941143f6bb839!8m2!3d51.0452993!4d-114.0633359!16s%2Fg%2F1tp2_190!19sChIJR3rB6f1vcVMRObhrPxRBuR0?authuser=0&hl=en&g_ep=EgoyMDI2MDgyNS4wIJJjKgBIAVAD&rclk=1
restaurants in Calgary,Namo Cafe Bistro (Beltline),,https://www.namocafebistro.com/,+1 403-263-5872,"Tock, Toast, OpenTable",https://www.google.com/maps/place/Namo+Cafe+Bistro+%28Beltline%29/data=!4m7!3m6!1s0x53716f65403f2d59:0xf33cc00bffd98782!8m2!3d51.0428989!4d-114.0710603!16s%2Fg%2F11stbjc_9y!19sChIJWS0_QGVvcVMRgofZ_wvAPPM?authuser=0&hl=en&g_ep=EgoyMDI2MDgyNS4wIJJjKgBIAVAD&rclk=1
restaurants in Calgary,EIGHT,"contact@eightcdn.ca, shg@tartanbond.com",http://www.eightcdn.ca/,+1 403-457-2153,OpenTable,https://www.google.com/maps/place/EIGHT/data=!4m7!3m6!1s0x5371659a44838de1:0x48fa066d89935981!8m2!3d51.0474289!4d-114.0493771!16s%2Fg%2F11j20mmknq!19sChIJ4Y2DRJplcVMRgVmTiW0G-kg?authuser=0&hl=en&g_ep=EgoyMDI2MDgyNS4wIJJjKgBIAVAD&rclk=1
restaurants in Calgary,Minas Brazilian Steakhouse,info@minassteakhouse.com,https://www.minassteakhouse.com/,+1 403-454-2550,"OpenTable, SevenRooms",https://www.google.com/maps/place/Minas+Brazilian+Steakhouse/data=!4m7!3m6!1s0x53716ff988905eff:0xd1da6a7771d75ecb!8m2!3d51.0529203!4d-114.0672882!16s%2Fg%2F11b7csmqck!19sChIJ_16QiPlvcVMRy17XcXdq2tE?authuser=0&hl=en&g_ep=EgoyMDI2MDgyNS4wIJJjKgBIAVAD&rclk=1
restaurants in Calgary,Lulu Bar,"info@lulubartoronto.ca, samson@pressandpost.com",https://www.lulubar.ca/,+1 403-519-0444,"Tock, OpenTable",https://www.google.com/maps/place/Lulu+Bar/data=!4m7!3m6!1s0x537171cf63bfb093:0xf70d204614140a2!8m2!3d51.0380026!4d-114.0721888!16s%2Fg%2F11gy9pnntm!19sChIJk7C_Y89xcVMRokBBYQTScA8?authuser=0&hl=en&g_ep=EgoyMDI2MDgyNS4wIJJjKgBIAVAD&rclk=1
restaurants in Calgary,NOTABLE - The Steakhouse,"info@notablesteak.ca, events@notablesteak.ca",https://www.notablesteak.ca/,+1 403-288-4372,"Tock, ChowNow, Squarespace Booking, OpenTable",https://www.google.com/maps/place/NOTABLE+-+The+Steakhouse/data=!4m7!3m6!1s0x53716ef96aec78c9:0x8246e5e0c5d91bd!8m2!3d51.0718258!4d-114.1597509!16s%2Fg%2F1td2z411!19sChIJyXjsavlucVMRvZFdDF5uJAg?authuser=0&hl=en&g_ep=EgoyMDI2MDgyNS4wIJJjKgBIAVAD&rclk=1
restaurants in Calgary,CRAFT Beer Market Shepard Flats,info@craftbeermarket.ca,https://www.craftbeermarket.com/locations/calgary-shepard-flats/?utm_source=google&utm_medium=organic&utm_campaign=gbp,+1 587-391-1300,"Toast, OpenTable",https://www.google.com/maps/place/CRAFT+Beer+Market+Shepard+Flats/data=!4m7!3m6!1s0x537177789a712b1b:0x40f9334f041d45a9!8m2!3d50.930834!4d-113.961967!16s%2Fg%2F11zd2wxql9!19sChIJGytxmnh3cVMRqUUdBE8z-UA?authuser=0&hl=en&g_ep=EgoyMDI2MDgyNS4wIJJjKgBIAVAD&rclk=1
restaurants in Calgary,My Little Italia,,,+1 587-356-1408,None,https://www.google.com/maps/place/My+Little+Italia/data=!4m7!3m6!1s0x5371712212d2a569:0x99843390f8c0a410!8m2!3d51.0346362!4d-114.0717773!16s%2Fg%2F11sv3tvlkp!19sChIJaaXSEiJxcVMREKTA-JAzhJk?authuser=0&hl=en&g_ep=EgoyMDI2MDgyNS4wIJJjKgBIAVAD&rclk=1
restaurants in Calgary,Claypot Asian Food Kitchen (McMahon),claypotcalgary@gmail.com,https://claypotmcmahon.com/,+1 403-452-9855,Tock,https://www.google.com/maps/place/Claypot+Asian+Food+Kitchen+%28McMahon%29/data=!4m7!3m6!1s0x53716f6427dcf77f:0xc395b76a23b34676!8m2!3d51.070464!4d-114.1170161!16s%2Fg%2F11trvx33ct!19sChIJf_fcJ2RvcVMRdkazI2q3lcM?authuser=0&hl=en&g_ep=EgoyMDI2MDgyNS4wIJJjKgBIAVAD&rclk=1
restaurants in Calgary,LOCAL Public Eatery 8th Avenue,info@localon8thave.com,https://localpubliceatery.com/neighbourhoods/8th-ave/,+1 403-264-7808,OpenTable,https://www.google.com/maps/place/LOCAL+Public+Eatery+8th+Avenue/data=!4m7!3m6!1s0x53716ffd1f89fb99:0x1cb1712dc6a58979!8m2!3d51.0458265!4d-114.0685829!16s%2Fg%2F1pp2t_vt4!19sChIJmfuJH_1vcVMReYmlxi1xsRw?authuser=0&hl=en&g_ep=EgoyMDI2MDgyNS4wIJJjKgBIAVAD&rclk=1
restaurants in Calgary,Orchard Restaurant,hello@orchardyyc.com,https://orchardyyc.com/,+1 403-243-2392,"Tock, OpenTable",https://www.google.com/maps/place/Orchard+Restaurant/data=!4m7!3m6!1s0x53716f5ad835d16d:0x6c58b155e3c7a0dd!8m2!3d51.0438618!4d-114.0757173!16s%2Fg%2F11jl4glx28!19sChIJbdE12FpvcVMR3aDH41WxWGw?authuser=0&hl=en&g_ep=EgoyMDI2MDgyNS4wIJJjKgBIAVAD&rclk=1
restaurants in Calgary,Vintage Chophouse and Tavern,,https://vintagechophouse.com/,+1 368-210-0514,OpenTable,https://www.google.com/maps/place/Vintage+Chophouse+and+Tavern/data=!4m7!3m6!1s0x5371701d53fd8c7f:0x7f4224ecc768b7ef!8m2!3d51.042678!4d-114.068379!16s%2Fg%2F1vd94s41!19sChIJf4z9Ux1wcVMR77dox-wkQn8?authuser=0&hl=en&g_ep=EgoyMDI2MDgyNS4wIJJjKgBIAVAD&rclk=1
restaurants in Calgary,The Wednesday Room,info@wednesdayroom.com,http://wednesdayroom.com/,+1 403-452-5080,"Tock, OpenTable",https://www.google.com/maps/place/The+Wednesday+Room/data=!4m7!3m6!1s0x53716ffdbf480a2b:0x8b92f2f774d6c3f2!8m2!3d51.0456754!4d-114.0641096!16s%2Fg%2F11gcpm2y3t!19sChIJKwpIv_1vcVMR8sPWdPfykos?authuser=0&hl=en&g_ep=EgoyMDI2MDgyNS4wIJJjKgBIAVAD&rclk=1
restaurants in Calgary,The Himalayan,,http://himalayancuisine.ca/,+1 403-984-3384,None,https://www.google.com/maps/place/The+Himalayan/data=!4m7!3m6!1s0x53716e2f904d6e31:0xf3d386d59d5e8f3d!8m2!3d51.0380875!4d-114.1336312!16s%2Fg%2F1td6rxmc!19sChIJMW5NkC9ucVMRPY9endWG0_M?authuser=0&hl=en&g_ep=EgoyMDI2MDgyNS4wIJJjKgBIAVAD&rclk=1
restaurants in Calgary,Salt & Brick - Calgary,info@saltandbrick.com,http://www.saltandbrick.com/,+1 403-371-3429,"Tock, OpenTable",https://www.google.com/maps/place/Salt+%26+Brick+-+Calgary/data=!4m7!3m6!1s0x53717002a1855555:0x6c674db52e4afdef!8m2!3d51.0431854!4d-114.0663809!16s%2Fg%2F11l68f46qg!19sChIJVVWFoQJwcVMR7_1KLrVNZ2w?authuser=0&hl=en&g_ep=EgoyMDI2MDgyNS4wIJJjKgBIAVAD&rclk=1
restaurants in Calgary,"Gogi Korean BBQ - Macleod tr, Calgary",gogikitchenyyc@gmail.com,https://gogikoreanbbq.ca/macleod-qr/,+1 403-452-3272,Tock,"https://www.google.com/maps/place/Gogi+Korean+BBQ+-+Macleod+tr,+Calgary/data=!4m7!3m6!1s0x537171b957744e87:0x72d7153398528b76!8m2!3d51.0123094!4d-114.0655877!16s%2Fg%2F11v5gckqnn!19sChIJh050V7lxcVMRdotSmDMV13I?authuser=0&hl=en&g_ep=EgoyMDI2MDgyNS4wIJJjKgBIAVAD&rclk=1"
restaurants in Calgary,Pigeonhole Downtown,"hello@readymag.com, support@readymag.com, edu@readymag.com",https://www.pigeonholeyyc.ca/pigeonholedowntown/,+1 403-880-8620,None,https://www.google.com/maps/place/Pigeonhole+Downtown/data=!4m7!3m6!1s0x53716ffcff2c2e79:0x95e4da4a0b14fcaf!8m2!3d51.0458682!4d-114.0676955!16s%2Fg%2F11wmts5rzb!19sChIJeS4s__xvcVMRr_wUC0ra5JU?authuser=0&hl=en&g_ep=EgoyMDI2MDgyNS4wIJJjKgBIAVAD&rclk=1
restaurants in Calgary,Gogi Korean Kitchen,,http://www.gogikoreanbbq.ca/,+1 403-453-7691,Tock,https://www.google.com/maps/place/Gogi+Korean+Kitchen/data=!4m7!3m6!1s0x53716f8759d54df9:0x6d6d312d5b879981!8m2!3d51.0486264!4d-114.0757264!16s%2Fg%2F11pq806n23!19sChIJ-U3VWYdvcVMRgZmHWy0xbW0?authuser=0&hl=en&g_ep=EgoyMDI2MDgyNS4wIJJjKgBIAVAD&rclk=1
restaurants in Calgary,The Continental Restaurant,"events@continentalyyc.ca, dawn@continentalyyc.ca, eric@continentalyyc.ca",http://www.continentalyyc.ca/?utm_source=google&utm_medium=wix_google_business_profile&utm_campaign=4882682764254085885,+1 587-319-6776,"Tock, OpenTable",https://www.google.com/maps/place/The+Continental+Restaurant/data=!4m7!3m6!1s0x53716fae99da871f:0x45041f30db3921a6!8m2!3d51.0524013!4d-114.0878077!16s%2Fg%2F11kbtt_bbt!19sChIJH4fama5vcVMRpiE52zAfBEU?authuser=0&hl=en&g_ep=EgoyMDI2MDgyNS4wIJJjKgBIAVAD&rclk=1
restaurants in Calgary,Kama,info@kamacalgary.com,http://kamacalgary.com/,+1 403-266-7062,"Toast, OpenTable",https://www.google.com/maps/place/Kama/data=!4m7!3m6!1s0x5371711df8fa188d:0xf73c04c64cff2351!8m2!3d51.042337!4d-114.067175!16s%2Fg%2F11q9j01ywv!19sChIJjRj6-B1xcVMRUSP_TMYEPPc?authuser=0&hl=en&g_ep=EgoyMDI2MDgyNS4wIJJjKgBIAVAD&rclk=1
restaurants in Calgary,Model Milk,info@modelmilk.ca,http://www.modelmilk.ca/,+1 403-265-7343,"Tock, OpenTable",https://www.google.com/maps/place/Model+Milk/data=!4m7!3m6!1s0x5371701c7a6522b3:0xe78f9b5fecab7810!8m2!3d51.0379742!4d-114.0690666!16s%2Fg%2F1tkc6b_b!19sChIJsyJlehxwcVMREHir7F-bj-c?authuser=0&hl=en&g_ep=EgoyMDI2MDgyNS4wIJJjKgBIAVAD&rclk=1
restaurants in Calgary,Brix + Barrel,,https://brixbarrel.ca/,+1 403-262-0080,"Tock, Toast, OpenTable",https://www.google.com/maps/place/Brix+%2B+Barrel/data=!4m7!3m6!1s0x53716ffb9df36c77:0x5c2478e152a2bc24!8m2!3d51.0493041!4d-114.0694927!16s%2Fg%2F11jsj9cbky!19sChIJd2zznftvcVMRJLyiUuF4JFw?authuser=0&hl=en&g_ep=EgoyMDI2MDgyNS4wIJJjKgBIAVAD&rclk=1
restaurants in Calgary,River Café,info@river-cafe.com,http://www.river-cafe.com/,+1 431-450-0844,"Tock, OpenTable",https://www.google.com/maps/place/River+Caf%C3%A9/data=!4m7!3m6!1s0x53716ff0b8a6daed:0x5c2cf1576a10d505!8m2!3d51.0548386!4d-114.0716369!16s%2Fg%2F1tl_ld44!19sChIJ7dqmuPBvcVMRBdUQalfxLFw?authuser=0&hl=en&g_ep=EgoyMDI2MDgyNS4wIJJjKgBIAVAD&rclk=1
restaurants in Calgary,Toscana Italian Grill on 10th,"mahogany@toscanagrill.ca, info@toscanagrill.ca, info@toscanayyc.ca",https://toscanagrill.ca/,+1 403-300-1414,OpenTable,https://www.google.com/maps/place/Toscana+Italian+Grill+on+10th/data=!4m7!3m6!1s0x53716f8fd85608ef:0x28b7c0d7a4878e4b!8m2!3d51.0433478!4d-114.0691812!16s%2Fg%2F11wb07qb76!19sChIJ7whW2I9vcVMRS46HpNfAtyg?authuser=0&hl=en&g_ep=EgoyMDI2MDgyNS4wIJJjKgBIAVAD&rclk=1
restaurants in Calgary,Central Restaurants - Calgary Beltline,marketing@centralrestaurants.ca,https://centralrestaurants.ca/reserve?utm_source=google&utm_medium=organic&utm_campaign=gmb,+1 403-984-6200,"Tock, OpenTable",https://www.google.com/maps/place/Central+Restaurants+-+Calgary+Beltline/data=!4m7!3m6!1s0x537171d299e20935:0xae032e24f14cb50d!8m2!3d51.0417968!4d-114.0674313!16s%2Fg%2F11swp0hy2v!19sChIJNQnimdJxcVMRDbVM8SQuA64?authuser=0&hl=en&g_ep=EgoyMDI2MDgyNS4wIJJjKgBIAVAD&rclk=1
restaurants in Calgary,Shokunin,info@shokuninyyc.ca,http://www.shokuninyyc.ca/,+1 403-229-3444,"Tock, OpenTable",https://www.google.com/maps/place/Shokunin/data=!4m7!3m6!1s0x537170196dcede77:0x3a5692fb7071565b!8m2!3d51.0349168!4d-114.0713453!16s%2Fg%2F11cjk1gszg!19sChIJd97ObRlwcVMRW1ZxcPuSVjo?authuser=0&hl=en&g_ep=EgoyMDI2MDgyNS4wIJJjKgBIAVAD&rclk=1
restaurants in Calgary,Tonic Kitchen + Bar,info@tonickitchen.ca,http://www.tonickitchen.ca/,+1 403-930-0042,OpenTable,https://www.google.com/maps/place/Tonic+Kitchen+%2B+Bar/data=!4m7!3m6!1s0x53716420769cd25f:0x1e2dbfcc0383de31!8m2!3d51.1386862!4d-114.034604!16s%2Fg%2F11c3s95vfc!19sChIJX9KcdiBkcVMRMd6DA8y_LR4?authuser=0&hl=en&g_ep=EgoyMDI2MDgyNS4wIJJjKgBIAVAD&rclk=1
restaurants in Calgary,The Eden,info@edenbistro.ca,http://edenbistro.ca/,+1 403-266-1005,"Tock, ChowNow, Toast, OpenTable",https://www.google.com/maps/place/The+Eden/data=!4m7!3m6!1s0x53717aafaa31e97b:0xa153e2c233ce8a39!8m2!3d51.041611!4d-114.035557!16s%2Fg%2F11g9q96b_f!19sChIJe-kxqq96cVMROYrOM8LiU6E?authuser=0&hl=en&g_ep=EgoyMDI2MDgyNS4wIJJjKgBIAVAD&rclk=1
restaurants in Calgary,Luca Restaurant,,http://www.lucayyc.com/?utm_source=Google&utm_medium=GMB&utm_campaign=Calgary,+1 587-332-4926,OpenTable,https://www.google.com/maps/place/Luca+Restaurant/data=!4m7!3m6!1s0x53716f5bebc22165:0x81e4b2e0b8b85f4f!8m2!3d51.0437233!4d-114.071856!16s%2Fg%2F11rv1p1f2q!19sChIJZSHC61tvcVMRT1-4uOCy5IE?authuser=0&hl=en&g_ep=EgoyMDI2MDgyNS4wIJJjKgBIAVAD&rclk=1
restaurants in Calgary,Owens Landing,,https://www.thelandinggroup.ca/en/locations/ab/calgary/308-4th-ave.-sw,+1 587-747-7772,None,https://www.google.com/maps/place/Owens+Landing/data=!4m7!3m6!1s0x53716f1c1ea266f5:0xd2ca1b02813084e1!8m2!3d51.0495122!4d-114.0684381!16s%2Fg%2F11f6g1dck8!19sChIJ9WaiHhxvcVMR4YQwgQIbytI?authuser=0&hl=en&g_ep=EgoyMDI2MDgyNS4wIJJjKgBIAVAD&rclk=1
restaurants in Calgary,Lonely Mouth Bar,info@lonelymouthbar.com,http://lonelymouthbar.com/,+1 403-990-5094,"Tock, OpenTable",https://www.google.com/maps/place/Lonely+Mouth+Bar/data=!4m7!3m6!1s0x537171a860739e69:0x1e7cee25eb489d6d!8m2!3d51.0380181!4d-114.0731076!16s%2Fg%2F11pf8jcmb5!19sChIJaZ5zYKhxcVMRbZ1I6yXufB4?authuser=0&hl=en&g_ep=EgoyMDI2MDgyNS4wIJJjKgBIAVAD&rclk=1
restaurants in Calgary,Barrel No.612 Grill + Bar,,,+1 403-452-5790,None,https://www.google.com/maps/place/Barrel+No.612+Grill+%2B+Bar/data=!4m7!3m6!1s0x53717b0286e202f5:0xab08c1652cb70698!8m2!3d51.0468356!4d-114.0504509!16s%2Fg%2F11ww18f3xv!19sChIJ9QLihgJ7cVMRmAa3LGXBCKs?authuser=0&hl=en&g_ep=EgoyMDI2MDgyNS4wIJJjKgBIAVAD&rclk=1
restaurants in Calgary,Olivella Events and Catering,,http://www.olivella.ca/,+1 403-475-1181,None,https://www.google.com/maps/place/Olivella+Events+and+Catering/data=!4m7!3m6!1s0x53717b1bcbc25e57:0x54838876a8f89cac!8m2!3d51.089951!4d-114.031285!16s%2Fg%2F11c4bf6ln_!19sChIJV17Cyxt7cVMRrJz4qHaIg1Q?authuser=0&hl=en&g_ep=EgoyMDI2MDgyNS4wIJJjKgBIAVAD&rclk=1
restaurants in Calgary,Vero Bistro Moderne,info@verobistro.ca,http://www.verobistro.ca/,+1 403-283-8988,OpenTable,https://www.google.com/maps/place/Vero+Bistro+Moderne/data=!4m7!3m6!1s0x53716feed51bfd33:0xc3ed3af60cba1149!8m2!3d51.053106!4d-114.0861085!16s%2Fg%2F1tnmrd8x!19sChIJM_0b1e5vcVMRSRG6DPY67cM?authuser=0&hl=en&g_ep=EgoyMDI2MDgyNS4wIJJjKgBIAVAD&rclk=1
restaurants in Calgary,Our House,info@ourhouseyyc.com,http://ourhouseyyc.com/,+1 825-540-1975,"Toast, OpenTable",https://www.google.com/maps/place/Our+House/data=!4m7!3m6!1s0x537165b1a94bb7d3:0x829ab8fda3d2191d!8m2!3d51.073683!4d-114.0729423!16s%2Fg%2F11wj3zks3_!19sChIJ07dLqbFlcVMRHRnSo_24moI?authuser=0&hl=en&g_ep=EgoyMDI2MDgyNS4wIJJjKgBIAVAD&rclk=1
restaurants in Calgary,JOEY Eau Claire,"accessibility@joeyrestaurants.com, jeauclaire@joeyrestaurants.com",https://joeyrestaurants.com/location/joey-eau-claire,+1 403-263-6336,OpenTable,https://www.google.com/maps/place/JOEY+Eau+Claire/data=!4m7!3m6!1s0x53716ffa3bfac7c3:0x72af54b34bb970c6!8m2!3d51.052113!4d-114.0692817!16s%2Fg%2F1thnng10!19sChIJw8f6O_pvcVMRxnC5S7NUr3I?authuser=0&hl=en&g_ep=EgoyMDI2MDgyNS4wIJJjKgBIAVAD&rclk=1
restaurants in Calgary,Holy Grill,,https://www.holygrill.ca/,+1 403-215-2152,None,https://www.google.com/maps/place/Holy+Grill/data=!4m7!3m6!1s0x53716513de7a53bb:0x96de8f7ef23dd958!8m2!3d51.0610046!4d-114.0621534!16s%2Fg%2F11m5rp2515!19sChIJu1N63hNlcVMRWNk98n6P3pY?authuser=0&hl=en&g_ep=EgoyMDI2MDgyNS4wIJJjKgBIAVAD&rclk=1
restaurants in Calgary,Le Petit Chef - Calgary,"mail@lepetitchef.com, lepetitchef@concordhotels.com",https://lepetitchef.com/Calgary,+1 403-300-9847,Tock,https://www.google.com/maps/place/Le+Petit+Chef+-+Calgary/data=!4m7!3m6!1s0x53716f63c21fecc7:0x484e8c9e78e1f1ee!8m2!3d51.049578!4d-114.0803384!16s%2Fg%2F11y2kmlgp6!19sChIJx-wfwmNvcVMR7vHheJ6MTkg?authuser=0&hl=en&g_ep=EgoyMDI2MDgyNS4wIJJjKgBIAVAD&rclk=1
restaurants in Calgary,Pigeonhole 17th,"hello@readymag.com, support@readymag.com, edu@readymag.com",https://www.pigeonholeyyc.ca/pigeonhole17th/,+1 403-452-4694,None,https://www.google.com/maps/place/Pigeonhole+17th/data=!4m7!3m6!1s0x5371701c7b22458f:0x323dcfcffc713e06!8m2!3d51.037946!4d-114.0689206!16s%2Fg%2F11bvt45k70!19sChIJj0UiexxwcVMRBj5x_M_PPTI?authuser=0&hl=en&g_ep=EgoyMDI2MDgyNS4wIJJjKgBIAVAD&rclk=1
restaurants in Calgary,The Nash Restaurant & Off Cut Bar,"info@thenashyyc.com, events@thenashyyc.com",http://www.thenashyyc.com/,+1 403-984-3365,"Tock, OpenTable",https://www.google.com/maps/place/The+Nash+Restaurant+%26+Off+Cut+Bar/data=!4m7!3m6!1s0x53717aaefd1290bb:0x93495358387eab28!8m2!3d51.0414374!4d-114.0369754!16s%2Fg%2F11b6hnkncs!19sChIJu5AS_a56cVMRKKt-OFhTSZM?authuser=0&hl=en&g_ep=EgoyMDI2MDgyNS4wIJJjKgBIAVAD&rclk=1
restaurants in Calgary,Porch,"reservations@porchyyc.com, marketing@porchyyc.com, info@porchyyc.com",http://porchyyc.com/,+1 587-391-8500,OpenTable,https://www.google.com/maps/place/Porch/data=!4m7!3m6!1s0x53717176347b66f5:0x59c3e7fdfd049cf5!8m2!3d51.0380916!4d-114.0786516!16s%2Fg%2F11p014ql5y!19sChIJ9WZ7NHZxcVMR9ZwE_f3nw1k?authuser=0&hl=en&g_ep=EgoyMDI2MDgyNS4wIJJjKgBIAVAD&rclk=1
restaurants in Calgary,"Carino ""Japanese Italian Kitchen""","toshi@carinobistro.ca, toshi@eatcarino.com",http://www.eatcarino.com/,+1 403-454-7668,"Tock, OpenTable",https://www.google.com/maps/place/Carino+%22Japanese+Italian+Kitchen%22/data=!4m7!3m6!1s0x53717019ba7f0cdd:0x457fa6e7ac1140a3!8m2!3d51.0330023!4d-114.0713792!16s%2Fg%2F11b75hzg75!19sChIJ3Qx_uhlwcVMRo0ARrOemf0U?authuser=0&hl=en&g_ep=EgoyMDI2MDgyNS4wIJJjKgBIAVAD&rclk=1
restaurants in Calgary,bul Dining Room & Bar,bulcanada.ca@gmail.com,https://bul-canada.ca/,+1 825-413-8273,OpenTable,https://www.google.com/maps/place/bul+Dining+Room+%26+Bar/data=!4m7!3m6!1s0x53716fb5c20383d1:0x40c021fb133a819!8m2!3d51.0379755!4d-114.0911645!16s%2Fg%2F11w8qt6cnc!19sChIJ0YMDwrVvcVMRGagzsR8CDAQ?authuser=0&hl=en&g_ep=EgoyMDI2MDgyNS4wIJJjKgBIAVAD&rclk=1
restaurants in Calgary,The Street Eatery,,http://streeteatery.ca/,+1 587-997-6066,Tock,https://www.google.com/maps/place/The+Street+Eatery/data=!4m7!3m6!1s0x53716fe5bdc1b607:0xee51e8c2215fd467!8m2!3d51.0500278!4d-114.0806557!16s%2Fg%2F11clt9fzcx!19sChIJB7bBveVvcVMRZ9RfIcLoUe4?authuser=0&hl=en&g_ep=EgoyMDI2MDgyNS4wIJJjKgBIAVAD&rclk=1
hotels in Calgary,"Holiday Inn Express & Suites Airport-Calgary, an IHG Hotel",,https://www.ihg.com/holidayinnexpress/hotels/us/en/calgary/yycfe/hoteldetail?cm_mmc=GoogleMaps-_-EX-_-CA-_-YYCFE,+1 403-769-1888,None,"https://www.google.com/maps/place/Holiday+Inn+Express+%26+Suites+Airport-Calgary,+an+IHG+Hotel/data=!4m10!3m9!1s0x537164f22935fe23:0x16ef866adbd535fc!5m2!4m1!1i2!8m2!3d51.093887!4d-113.998316!16s%2Fg%2F1tdw7qt1!19sChIJI_41KfJkcVMR_DXV22qG7xY?authuser=0&hl=en&g_ep=EgoyMDI2MDgyNS4wIJJjKgBIAVAD&rclk=1"
hotels in Calgary,Hyatt Place Calgary Airport,,https://www.hyatt.com/hyatt-place/en-US/yycza-hyatt-place-calgary-airport?src=corp_lclb_google_seo_yycza&utm_source=google&utm_medium=organic&utm_campaign=lmr,+1 587-747-1234,None,https://www.google.com/maps/place/Hyatt+Place+Calgary+Airport/data=!4m10!3m9!1s0x53716420e4c66679:0x17be2c3e6e19059!5m2!4m1!1i2!8m2!3d51.1371134!4d-114.0347336!16s%2Fg%2F11f4lk_kx8!19sChIJeWbG5CBkcVMRWZDh5sPiewE?authuser=0&hl=en&g_ep=EgoyMDI2MDgyNS4wIJJjKgBIAVAD&rclk=1
hotels in Calgary,Best Western Premier Freeport Inn Calgary Airport,info@bestwesterncalgary.com,https://www.bestwesterncalgary.com/,+1 403-264-9650,None,https://www.google.com/maps/place/Best+Western+Premier+Freeport+Inn+Calgary+Airport/data=!4m10!3m9!1s0x53716154a6c4e321:0xdfa257cac582ba86!5m2!4m1!1i2!8m2!3d51.1516584!4d-114.0113393!16s%2Fg%2F1tdx3t8d!19sChIJIePEplRhcVMRhrqCxcpXot8?authuser=0&hl=en&g_ep=EgoyMDI2MDgyNS4wIJJjKgBIAVAD&rclk=1
hotels in Calgary,Emerald Hotel & Suites Calgary Airport,info@emeraldcalgary.ca,https://emeraldhotel.ca/,+1 587-997-7663,None,https://www.google.com/maps/place/Emerald+Hotel+%26+Suites+Calgary+Airport/data=!4m10!3m9!1s0x5371652f48a6b5e5:0x73c80d531804c5b3!5m2!4m1!1i2!8m2!3d51.0775698!4d-113.9976329!16s%2Fg%2F11q8x5hkss!19sChIJ5bWmSC9lcVMRs8UEGFMNyHM?authuser=0&hl=en&g_ep=EgoyMDI2MDgyNS4wIJJjKgBIAVAD&rclk=1
hotels in Calgary,Hotel Clique Calgary,info@hotelclique.ca,https://www.hotelclique.ca/,+1 855-425-4783,None,https://www.google.com/maps/place/Hotel+Clique+Calgary/data=!4m10!3m9!1s0x53716437e45eae33:0xb1bb16811aea2744!5m2!4m1!1i2!8m2!3d51.1386388!4d-114.0343541!16s%2Fg%2F11b6t7h1d3!19sChIJM65e5DdkcVMRRCfqGoEWu7E?authuser=0&hl=en&g_ep=EgoyMDI2MDgyNS4wIJJjKgBIAVAD&rclk=1
hotels in Calgary,Best Western Plus Calgary Centre Inn,,https://www.bestwestern.com/en_US/book/hotel-rooms.61049.html?iata=00171880&ssob=BLBWI0004G&cid=BLBWI0004G:google:gmb:61049,+1 403-287-3900,None,https://www.google.com/maps/place/Best+Western+Plus+Calgary+Centre+Inn/data=!4m10!3m9!1s0x5371706b47fdf28f:0x5c5d65dd6cb49989!5m2!4m1!1i2!8m2!3d51.0223971!4d-114.0592746!16s%2Fg%2F1tf9shm5!19sChIJj_L9R2twcVMRiZm0bN1lXVw?authuser=0&hl=en&g_ep=EgoyMDI2MDgyNS4wIJJjKgBIAVAD&rclk=1
hotels in Calgary,Executive Residency by Best Western Calgary City View North,,https://www.bestwestern.com/en_US/book/hotel-rooms.61103.html?iata=00171880&ssob=BLBWI0004G&cid=BLBWI0004G:googlelt:gmb:61103,+1 403-984-6999,None,https://www.google.com/maps/place/Executive+Residency+by+Best+Western+Calgary+City+View+North/data=!4m10!3m9!1s0x537167fa0e016531:0x8ea6765585a55bac!5m2!4m1!1i2!8m2!3d51.1405165!4d-114.0603497!16s%2Fg%2F11gm9fy9gl!19sChIJMWUBDvpncVMRrFulhVV2po4?authuser=0&hl=en&g_ep=EgoyMDI2MDgyNS4wIJJjKgBIAVAD&rclk=1
hotels in Calgary,Days Inn by Wyndham Calgary South,info@daysinn-calgarysouth.com,https://daysinn-calgarysouth.com/,+1 833-268-5237,None,https://www.google.com/maps/place/Days+Inn+by+Wyndham+Calgary+South/data=!4m10!3m9!1s0x5371706afb5e58db:0x17b0c92bdc20a0a9!5m2!4m1!1i2!8m2!3d51.0204379!4d-114.060576!16s%2Fg%2F1vxfzvfh!19sChIJ21he-2pwcVMRqaAg3CvJsBc?authuser=0&hl=en&g_ep=EgoyMDI2MDgyNS4wIJJjKgBIAVAD&rclk=1
hotels in Calgary,Sandman Hotel Calgary Airport,reservations@sandman.ca,https://www.sandmanhotels.com/calgary-airport?utm_source=google&utm_medium=maps&utm_campaign=calgary_airport,+1 403-219-2475,Tock,https://www.google.com/maps/place/Sandman+Hotel+Calgary+Airport/data=!4m10!3m9!1s0x537164f3c6a542ad:0xc3b2448ef845c6c4!5m2!4m1!1i2!8m2!3d51.0950871!4d-113.9996073!16s%2Fg%2F1tf7m747!19sChIJrUKlxvNkcVMRxMZF-I5EssM?authuser=0&hl=en&g_ep=EgoyMDI2MDgyNS4wIJJjKgBIAVAD&rclk=1
hotels in Calgary,Carriage House Hotel & Conference Centre,hotelinfo@carriagehouse.net,http://www.carriagehouse.net/,+1 403-253-1101,Tock,https://www.google.com/maps/place/Carriage+House+Hotel+%26+Conference+Centre/data=!4m10!3m9!1s0x537171226df3eff7:0xbbc552d0a1bb9905!5m2!4m1!1i2!8m2!3d50.972831!4d-114.070093!16s%2Fg%2F1tlbj719!19sChIJ9-_zbSJxcVMRBZm7odBSxbs?authuser=0&hl=en&g_ep=EgoyMDI2MDgyNS4wIJJjKgBIAVAD&rclk=1
hotels in Calgary,Econo Lodge Calgary Motel Village,,https://www.choicehotels.com/alberta/calgary/econo-lodge-hotels/cn610?mc=llrscncn&pmf=canada,+1 403-289-2561,None,https://www.google.com/maps/place/Econo+Lodge+Calgary+Motel+Village/data=!4m10!3m9!1s0x53716fbd33120fa7:0x80ba8198033d755e!5m2!4m1!1i2!8m2!3d51.0676497!4d-114.1168289!16s%2Fg%2F1tf4dq69!19sChIJpw8SM71vcVMRXnU9A5iBuoA?authuser=0&hl=en&g_ep=EgoyMDI2MDgyNS4wIJJjKgBIAVAD&rclk=1
hotels in Calgary,Ramada Plaza by Wyndham Calgary Downtown,accessibility@wyndham.com,https://www.wyndhamhotels.com/en-ca/ramada/calgary-alberta/ramada-hotel-downtown-calgary/overview?CID=LC:wmcic5n98gs1g0r:7836&iata=00093796,+1 403-263-7600,None,https://www.google.com/maps/place/Ramada+Plaza+by+Wyndham+Calgary+Downtown/data=!4m10!3m9!1s0x53716fe391ec2557:0x54aa755c603b0411!5m2!4m1!1i2!8m2!3d51.0461776!4d-114.0769296!16s%2Fg%2F113hhn1fz!19sChIJVyXskeNvcVMREQQ7YFx1qlQ?authuser=0&hl=en&g_ep=EgoyMDI2MDgyNS4wIJJjKgBIAVAD&rclk=1
hotels in Calgary,Divya Sutra Plaza and Conference Centre Calgary Airport,"contact@thehotel.com, info@divyasutracalgary.com",https://divyasutracalgary.com/,+1 403-250-8855,None,https://www.google.com/maps/place/Divya+Sutra+Plaza+and+Conference+Centre+Calgary+Airport/data=!4m10!3m9!1s0x537164e88276b8eb:0xff9222bd59155834!5m2!4m1!1i2!8m2!3d51.0839335!4d-113.9994905!16s%2Fg%2F1pzrvjqz7!19sChIJ67h2guhkcVMRNFgVWb0ikv8?authuser=0&hl=en&g_ep=EgoyMDI2MDgyNS4wIJJjKgBIAVAD&rclk=1
hotels in Calgary,"Country Inn & Suites by Radisson, Calgary-Northeast",,https://www.choicehotels.com/alberta/calgary/country-inn-suites-hotels/cnc13?mc=llgoxxpx,+1 403-250-1800,None,"https://www.google.com/maps/place/Country+Inn+%26+Suites+by+Radisson,+Calgary-Northeast/data=!4m10!3m9!1s0x537164ef8749d4e1:0xd029e25ffba5b91f!5m2!4m1!1i2!8m2!3d51.0876694!4d-114.0033805!16s%2Fg%2F1tdpfw48!19sChIJ4dRJh-9kcVMRH7ml-1_iKdA?authuser=0&hl=en&g_ep=EgoyMDI2MDgyNS4wIJJjKgBIAVAD&rclk=1"
hotels in Calgary,Days Inn by Wyndham Calgary Northwest,accessibility@wyndham.com,https://www.wyndhamhotels.com/en-ca/days-inn/calgary-alberta/days-inn-calgary-northwest/overview?CID=LC:iqv0j1dklijly45:46493&iata=00093796,+1 403-768-0724,None,https://www.google.com/maps/place/Days+Inn+by+Wyndham+Calgary+Northwest/data=!4m10!3m9!1s0x53716ef8870293df:0x3cbfd122b417259f!5m2!4m1!1i2!8m2!3d51.0681925!4d-114.1578875!16s%2Fg%2F11zlkfjbt!19sChIJ35MCh_hucVMRnyUXtCLRvzw?authuser=0&hl=en&g_ep=EgoyMDI2MDgyNS4wIJJjKgBIAVAD&rclk=1
hotels in Calgary,Four Points by Sheraton Hotel & Suites Calgary West,,https://www.marriott.com/en-us/hotels/yycfp-four-points-hotel-and-suites-calgary-west/overview/?scid=f2ae0541-1279-4f24-b197-a979c79310b0,+1 403-288-4441,None,https://www.google.com/maps/place/Four+Points+by+Sheraton+Hotel+%26+Suites+Calgary+West/data=!4m10!3m9!1s0x53716ebc67c0c177:0xc82ebd6d9aeb99d6!5m2!4m1!1i2!8m2!3d51.0833942!4d-114.205954!16s%2Fg%2F1td7m_4s!19sChIJd8HAZ7xucVMR1pnrmm29Lsg?authuser=0&hl=en&g_ep=EgoyMDI2MDgyNS4wIJJjKgBIAVAD&rclk=1
hotels in Calgary,Holiday Inn Calgary-Airport by IHG,,https://www.ihg.com/redirect?path=hd&localeCode=en&brandCode=HI&regionCode=CA&hotelCode=YYCAT&cm_mmc=GoogleMaps-_-HI-_-CA-_-YYCAT,+1 403-230-1999,None,https://www.google.com/maps/place/Holiday+Inn+Calgary-Airport+by+IHG/data=!4m10!3m9!1s0x5371652f5cf42f03:0xe69e53805e74d2a0!5m2!4m1!1i2!8m2!3d51.0659945!4d-114.0120927!16s%2Fg%2F1tj7w166!19sChIJAy_0XC9lcVMRoNJ0XoBTnuY?authuser=0&hl=en&g_ep=EgoyMDI2MDgyNS4wIJJjKgBIAVAD&rclk=1
hotels in Calgary,Holiday Inn Express & Suites Calgary NW - University Area by IHG,,https://www.ihg.com/holidayinnexpress/hotels/us/en/calgary/yycbt/hoteldetail?cm_mmc=GoogleMaps-_-EX-_-CA-_-YYCBT,+1 587-390-6100,None,https://www.google.com/maps/place/Holiday+Inn+Express+%26+Suites+Calgary+NW+-+University+Area+by+IHG/data=!4m10!3m9!1s0x53716fa23256e3e7:0xf85453c713b94f97!5m2!4m1!1i2!8m2!3d51.0706433!4d-114.1161505!16s%2Fg%2F1pp2tyjgz!19sChIJ5-NWMqJvcVMRl0-5E8dTVPg?authuser=0&hl=en&g_ep=EgoyMDI2MDgyNS4wIJJjKgBIAVAD&rclk=1
hotels in Calgary,Hotel Blackfoot,"sales@hotelblackfoot.com, concierge@hotelblackfoot.com",http://www.hotelblackfoot.com/,+1 403-252-2253,None,https://www.google.com/maps/place/Hotel+Blackfoot/data=!4m10!3m9!1s0x537170f49482ca41:0x12c21d90576e4b10!5m2!4m1!1i2!8m2!3d51.0004136!4d-114.0470133!16s%2Fg%2F1tjpq52t!19sChIJQcqClPRwcVMREEtuV5AdwhI?authuser=0&hl=en&g_ep=EgoyMDI2MDgyNS4wIJJjKgBIAVAD&rclk=1
hotels in Calgary,Comfort Inn & Suites University,,https://www.choicehotels.com/alberta/calgary/comfort-inn-hotels/cn387?mc=llyxcncnnbl&pmf=canada,+1 403-289-2581,None,https://www.google.com/maps/place/Comfort+Inn+%26+Suites+University/data=!4m10!3m9!1s0x53716fa235347785:0x9f7960b76066a4f3!5m2!4m1!1i2!8m2!3d51.070207!4d-114.1155602!16s%2Fg%2F1tdbwf5q!19sChIJhXc0NaJvcVMR86RmYLdgeZ8?authuser=0&hl=en&g_ep=EgoyMDI2MDgyNS4wIJJjKgBIAVAD&rclk=1
hotels in Calgary,Sandman Signature Calgary Airport Hotel,reservations@sandman.ca,https://www.sandmanhotels.com/signature-calgary-airport?utm_source=google&utm_medium=maps&utm_campaign=signature_calgary_airport,+1 403-234-7255,Tock,https://www.google.com/maps/place/Sandman+Signature+Calgary+Airport+Hotel/data=!4m10!3m9!1s0x537165a2b7aa0e1b:0x2f768e4b7b4badd7!5m2!4m1!1i2!8m2!3d51.0948066!4d-113.9995097!16s%2Fg%2F11fn50j2nc!19sChIJGw6qt6JlcVMR161Le0uOdi8?authuser=0&hl=en&g_ep=EgoyMDI2MDgyNS4wIJJjKgBIAVAD&rclk=1
hotels in Calgary,Best Western Plus Port O'Call Hotel,,https://www.bestwestern.com/en_US/book/hotel-rooms.61035.html?iata=00171880&ssob=BLBWI0004G&cid=BLBWI0004G:google:gmb:61035,+1 403-291-4600,None,https://www.google.com/maps/place/Best+Western+Plus+Port+O%27Call+Hotel/data=!4m10!3m9!1s0x537164fb758a6141:0xa5e31d1e4645c57b!5m2!4m1!1i2!8m2!3d51.0917342!4d-114.0126252!16s%2Fg%2F1tcyf3_r!19sChIJQWGKdftkcVMRe8VFRh4d46U?authuser=0&hl=en&g_ep=EgoyMDI2MDgyNS4wIJJjKgBIAVAD&rclk=1
hotels in Calgary,Amenida Residences + Hotel,"reception@amenidaresidences.com, sales@amenidaresidences.com",https://www.amenidaresidences.com/,+1 403-287-2700,None,https://www.google.com/maps/place/Amenida+Residences+%2B+Hotel/data=!4m10!3m9!1s0x537170421fbb7d0d:0x499ca1535f645fbd!5m2!4m1!1i2!8m2!3d51.0165325!4d-114.0635867!16s%2Fg%2F1tn4xvck!19sChIJDX27H0JwcVMRvV9kX1OhnEk?authuser=0&hl=en&g_ep=EgoyMDI2MDgyNS4wIJJjKgBIAVAD&rclk=1
hotels in Calgary,Premium Inn & Suites Calgary Airport,info@premiuminnsuitescalgaryairport.com,https://www.premiuminnsuitescalgaryairport.com/,+1 403-291-4681,None,https://www.google.com/maps/place/Premium+Inn+%26+Suites+Calgary+Airport/data=!4m10!3m9!1s0x53716525ced374e7:0x5a92fb40a1d304a!5m2!4m1!1i2!8m2!3d51.068484!4d-114.012976!16s%2Fg%2F11nk8mpjhc!19sChIJ53TTziVlcVMRSjAdCrQvqQU?authuser=0&hl=en&g_ep=EgoyMDI2MDgyNS4wIJJjKgBIAVAD&rclk=1
hotels in Calgary,Comfort Inn & Suites Calgary South,,https://www.choicehotels.com/alberta/calgary/comfort-inn-hotels/cn385?mc=llrscncn&pmf=canada,+1 403-287-7070,None,https://www.google.com/maps/place/Comfort+Inn+%26+Suites+Calgary+South/data=!4m10!3m9!1s0x537170437a0e4c9b:0x5f44cf4c85dbb070!5m2!4m1!1i2!8m2!3d51.0124542!4d-114.0666649!16s%2Fg%2F1tmgc2xq!19sChIJm0wOekNwcVMRcLDbhUzPRF8?authuser=0&hl=en&g_ep=EgoyMDI2MDgyNS4wIJJjKgBIAVAD&rclk=1
hotels in Calgary,"Holiday Inn Express & Suites Airport-Calgary, an IHG Hotel",,https://www.ihg.com/holidayinnexpress/hotels/us/en/calgary/yycfe/hoteldetail?cm_mmc=GoogleMaps-_-EX-_-CA-_-YYCFE,+1 403-769-1888,None,"https://www.google.com/maps/place/Holiday+Inn+Express+%26+Suites+Airport-Calgary,+an+IHG+Hotel/data=!4m10!3m9!1s0x537164f3cd7746db:0x16ef866adbd535fc!5m2!4m1!1i2!8m2!3d51.0938871!4d-113.9983161!16s%2Fg%2F1tdw7qt1!19sChIJ20Z3zfNkcVMR_DXV22qG7xY?authuser=0&hl=en&g_ep=EgoyMDI2MDgyNS4wIJJjKgBIAVAD&rclk=1"
hotels in Calgary,Chinook Value Inn,,http://www.chinookvalueinn.com/,+1 403-264-0030,None,https://www.google.com/maps/place/Chinook+Value+Inn/data=!4m10!3m9!1s0x53717b463d46650d:0x43d0a716c112faf2!5m2!4m1!1i2!8m2!3d51.0064222!4d-114.0697588!16s%2Fg%2F1thq0d2d!19sChIJDWVGPUZ7cVMR8voSwRan0EM?authuser=0&hl=en&g_ep=EgoyMDI2MDgyNS4wIJJjKgBIAVAD&rclk=1
hotels in Calgary,Best Western Airport Inn,,https://www.bestwestern.com/en_US/book/hotel-rooms.61030.html?iata=00171880&ssob=BLBWI0004G&cid=BLBWI0004G:google:gmb:61030,+1 403-250-5015,None,https://www.google.com/maps/place/Best+Western+Airport+Inn/data=!4m10!3m9!1s0x537165244b810395:0x32a20f818a59b853!5m2!4m1!1i2!8m2!3d51.0684082!4d-114.0145282!16s%2Fg%2F1tdmk4db!19sChIJlQOBSyRlcVMRU7hZioEPojI?authuser=0&hl=en&g_ep=EgoyMDI2MDgyNS4wIJJjKgBIAVAD&rclk=1
hotels in Calgary,Hampton Inn & Suites By Hilton Calgary- University Northwest,,https://www.hilton.com/en/hotels/yychshx-hampton-suites-calgary-university-northwest/?SEO_id=GMB-AMER-HX-YYCHSHX,+1 403-289-9800,None,https://www.google.com/maps/place/Hampton+Inn+%26+Suites+By+Hilton+Calgary-+University+Northwest/data=!4m10!3m9!1s0x53716fa302ab6a93:0x680422145507df77!5m2!4m1!1i2!8m2!3d51.0683593!4d-114.1143319!16s%2Fg%2F124t3l4mg!19sChIJk2qrAqNvcVMRd98HVRQiBGg?authuser=0&hl=en&g_ep=EgoyMDI2MDgyNS4wIJJjKgBIAVAD&rclk=1
hotels in Calgary,Super 8 by Wyndham Calgary/Airport,"super8calgaryairport@gmail.com, accessibility@wyndham.com",https://www.wyndhamhotels.com/super-8/calgary-alberta/super-8-calgary-airport/overview?CID=LC:yytq4fvvehxh7se:8514&iata=00093796,+1 403-291-9888,None,https://www.google.com/maps/place/Super+8+by+Wyndham+Calgary%2FAirport/data=!4m10!3m9!1s0x537164dd8f0fd98f:0x9358a53387cbcec7!5m2!4m1!1i2!8m2!3d51.0795523!4d-114.0003325!16s%2Fg%2F1tdmpqtv!19sChIJj9kPj91kcVMRx87LhzOlWJM?authuser=0&hl=en&g_ep=EgoyMDI2MDgyNS4wIJJjKgBIAVAD&rclk=1
hotels in Calgary,Sandman Hotel & Suites Calgary West,reservations@sandman.ca,https://www.sandmanhotels.com/calgary-west?utm_source=google&utm_medium=maps&utm_campaign=calgary_west,+1 403-288-6033,Tock,https://www.google.com/maps/place/Sandman+Hotel+%26+Suites+Calgary+West/data=!4m10!3m9!1s0x53716e1de1d35b17:0xab0202183717ea89!5m2!4m1!1i2!8m2!3d51.0852732!4d-114.2089817!16s%2Fg%2F1wtbtkmt!19sChIJF1vT4R1ucVMRieoXNxgCAqs?authuser=0&hl=en&g_ep=EgoyMDI2MDgyNS4wIJJjKgBIAVAD&rclk=1
hotels in Calgary,Super 8 by Wyndham Calgary Shawnessy Area,"accessibility@wyndham.com, info@super8calgary.com",https://www.wyndhamhotels.com/super-8/calgary-alberta/super-8-calgary-shawnessy-area/overview?CID=LC:yytq4fvvehxh7se:12241&iata=00093796,+1 403-770-9339,None,https://www.google.com/maps/place/Super+8+by+Wyndham+Calgary+Shawnessy+Area/data=!4m10!3m9!1s0x5371952ed4a3d7c7:0x5db5811601bbf529!5m2!4m1!1i2!8m2!3d50.9023929!4d-114.0617633!16s%2Fg%2F1hc22wzq0!19sChIJx9ej1C6VcVMRKfW7ARaBtV0?authuser=0&hl=en&g_ep=EgoyMDI2MDgyNS4wIJJjKgBIAVAD&rclk=1
hotels in Calgary,Service Plus Inns and Suites,,https://serviceplusinns.com/calgary-south-hotels/,+1 403-256-5352,None,https://www.google.com/maps/place/Service+Plus+Inns+and+Suites/data=!4m10!3m9!1s0x5371776831c9b435:0xc76784517b36afdb!5m2!4m1!1i2!8m2!3d50.9487722!4d-113.9871689!16s%2Fg%2F1tfw2q4v!19sChIJNbTJMWh3cVMR2682e1GEZ8c?authuser=0&hl=en&g_ep=EgoyMDI2MDgyNS4wIJJjKgBIAVAD&rclk=1
hotels in Calgary,Metro Inn Calgary,,,+1 403-289-5571,None,https://www.google.com/maps/place/Metro+Inn+Calgary/data=!4m10!3m9!1s0x53716fa1587c0717:0xd9edb51bac43aff!5m2!4m1!1i2!8m2!3d51.0696783!4d-114.115422!16s%2Fg%2F11y1n68w3y!19sChIJFwd8WKFvcVMR_zrEulHbng0?authuser=0&hl=en&g_ep=EgoyMDI2MDgyNS4wIJJjKgBIAVAD&rclk=1
hotels in Calgary,Wingate by Wyndham Calgary South,"gm@wingatebywyndhamcalgary.com, accessibility@wyndham.com",https://www.wyndhamhotels.com/en-ca/wingate/calgary-alberta/wingate-by-wyndham-calgary-south/overview?CID=LC:7hcm1fujuihd89e:4154&iata=00093796,+1 403-514-0099,None,https://www.google.com/maps/place/Wingate+by+Wyndham+Calgary+South/data=!4m10!3m9!1s0x5371767eadae3323:0xfbe133408b405333!5m2!4m1!1i2!8m2!3d50.9063932!4d-114.0608372!16s%2Fg%2F1tcwfnfw!19sChIJIzOurX52cVMRM1NAi0Az4fs?authuser=0&hl=en&g_ep=EgoyMDI2MDgyNS4wIJJjKgBIAVAD&rclk=1
hotels in Calgary,Holiday Inn & Suites Calgary Airport North by IHG,,https://www.ihg.com/holidayinn/hotels/us/en/calgary/yycan/hoteldetail?cm_mmc=GoogleMaps-_-HI-_-CA-_-YYCAN,+1 403-289-7800,None,https://www.google.com/maps/place/Holiday+Inn+%26+Suites+Calgary+Airport+North+by+IHG/data=!4m10!3m9!1s0x5371615371c6a25d:0x9b7362dc41881383!5m2!4m1!1i2!8m2!3d51.151911!4d-114.003804!16s%2Fg%2F11f_4sd65p!19sChIJXaLGcVNhcVMRgxOIQdxic5s?authuser=0&hl=en&g_ep=EgoyMDI2MDgyNS4wIJJjKgBIAVAD&rclk=1
hotels in Calgary,Best Western Plus Suites Downtown,,https://www.bestwestern.com/en_US/book/hotel-rooms.61037.html?iata=00171880&ssob=BLBWI0004G&cid=BLBWI0004G:google:gmb:61037,+1 403-228-6900,None,https://www.google.com/maps/place/Best+Western+Plus+Suites+Downtown/data=!4m10!3m9!1s0x53716fe022898137:0x328e14ee8d03eb1d!5m2!4m1!1i2!8m2!3d51.0402976!4d-114.0813897!16s%2Fg%2F1thmf1yg!19sChIJN4GJIuBvcVMRHesDje4UjjI?authuser=0&hl=en&g_ep=EgoyMDI2MDgyNS4wIJJjKgBIAVAD&rclk=1
hotels in Calgary,"Grand Hotel & Conference Centre Calgary Airport, an Ascend Collection Hotel",gm@grandhotelcalgary.com,https://grandhotelcalgary.com/,+1 403-291-2003,None,"https://www.google.com/maps/place/Grand+Hotel+%26+Conference+Centre+Calgary+Airport,+an+Ascend+Collection+Hotel/data=!4m10!3m9!1s0x537164de4f300b93:0xe2bd2db7c1d896c7!5m2!4m1!1i2!8m2!3d51.0773907!4d-114.0034567!16s%2Fg%2F1vfp39bl!19sChIJkwswT95kcVMRx5bYwbctveI?authuser=0&hl=en&g_ep=EgoyMDI2MDgyNS4wIJJjKgBIAVAD&rclk=1"
hotels in Calgary,The Glenmore Inn & Convention Centre,"fb@glenmoreinn.com, reservations@glenmoreinn.com",http://www.glenmoreinn.com/?utm_source=Google&utm_medium=GMB,+1 403-279-8611,Tock,https://www.google.com/maps/place/The+Glenmore+Inn+%26+Convention+Centre/data=!4m10!3m9!1s0x537170a85f77ae39:0x55abf066024bb64!5m2!4m1!1i2!8m2!3d50.9803874!4d-113.9969131!16s%2Fg%2F1tgps91h!19sChIJOa53X6hwcVMRZLskYAa_WgU?authuser=0&hl=en&g_ep=EgoyMDI2MDgyNS4wIJJjKgBIAVAD&rclk=1
hotels in Calgary,Holiday Inn Express & Suites Calgary Airport Trail NE by IHG,,https://www.ihg.com/holidayinnexpress/hotels/us/en/calgary/yyces/hoteldetail?cm_mmc=GoogleMaps-_-EX-_-CA-_-YYCES,+1 403-274-7800,None,https://www.google.com/maps/place/Holiday+Inn+Express+%26+Suites+Calgary+Airport+Trail+NE+by+IHG/data=!4m10!3m9!1s0x537166a08c0d8c45:0x852c177d673099dc!5m2!4m1!1i2!8m2!3d51.141551!4d-114.028295!16s%2Fg%2F11j2z3xn27!19sChIJRYwNjKBmcVMR3JkwZ30XLIU?authuser=0&hl=en&g_ep=EgoyMDI2MDgyNS4wIJJjKgBIAVAD&rclk=1
hotels in Calgary,Sandman Signature Calgary Downtown Hotel,reservations@sandman.ca,https://www.sandmanhotels.com/signature-calgary-downtown?utm_source=google&utm_medium=maps&utm_campaign=signature_calgary_downtown,+1 403-237-8626,Tock,https://www.google.com/maps/place/Sandman+Signature+Calgary+Downtown+Hotel/data=!4m10!3m9!1s0x53716fe4203d2839:0x3ec8240dd99c077!5m2!4m1!1i2!8m2!3d51.0472776!4d-114.0809595!16s%2Fg%2F1tdh83bp!19sChIJOSg9IORvcVMRd8CZ3UCC7AM?authuser=0&hl=en&g_ep=EgoyMDI2MDgyNS4wIJJjKgBIAVAD&rclk=1
hotels in Calgary,Econo Lodge Inn & Suites Calgary - University,,https://www.choicehotels.com/alberta/calgary/econo-lodge-hotels/cn659?mc=llrscncn&pmf=canada,+1 403-289-1921,None,https://www.google.com/maps/place/Econo+Lodge+Inn+%26+Suites+Calgary+-+University/data=!4m10!3m9!1s0x53716fa302ab6a93:0x5d211a08b289629f!5m2!4m1!1i2!8m2!3d51.0687158!4d-114.1148797!16s%2Fg%2F1tdvzkll!19sChIJk2qrAqNvcVMRn2KJsggaIV0?authuser=0&hl=en&g_ep=EgoyMDI2MDgyNS4wIJJjKgBIAVAD&rclk=1
hotels in Calgary,Holiday Inn & Suites Calgary South - Conference Ctr by IHG,,https://www.ihg.com/holidayinn/hotels/us/en/calgary/yycdm/hoteldetail?cm_mmc=GoogleMaps-_-HI-_-CA-_-YYCDM,+1 403-475-8561,None,https://www.google.com/maps/place/Holiday+Inn+%26+Suites+Calgary+South+-+Conference+Ctr+by+IHG/data=!4m10!3m9!1s0x537170dcfb61ef9b:0xa09f56f0b95da2e5!5m2!4m1!1i2!8m2!3d50.9791752!4d-114.0471747!16s%2Fg%2F11dfgqrzxs!19sChIJm-9h-9xwcVMR5aJdufBWn6A?authuser=0&hl=en&g_ep=EgoyMDI2MDgyNS4wIJJjKgBIAVAD&rclk=1
hotels in Calgary,Radisson Hotel & Conference Centre Calgary Airport,,https://www.choicehotels.com/alberta/calgary/radisson-hotels/cnc28?mc=llgoxxpx,+1 403-475-1111,None,https://www.google.com/maps/place/Radisson+Hotel+%26+Conference+Centre+Calgary+Airport/data=!4m10!3m9!1s0x5371647bf2484609:0xa119cb7a75d7a0ec!5m2!4m1!1i2!8m2!3d51.1118917!4d-113.9801341!16s%2Fg%2F12mm84kb9!19sChIJCUZI8ntkcVMR7KDXdXrLGaE?authuser=0&hl=en&g_ep=EgoyMDI2MDgyNS4wIJJjKgBIAVAD&rclk=1
hotels in Calgary,Hilton Garden Inn Calgary Downtown,,https://www.hilton.com/en/hotels/yycdtgi-hilton-garden-inn-calgary-downtown/?SEO_id=GMB-AMER-GI-YYCDTGI,+1 587-352-2020,None,https://www.google.com/maps/place/Hilton+Garden+Inn+Calgary+Downtown/data=!4m10!3m9!1s0x5371700003a2777b:0x1221ec03d40e612f!5m2!4m1!1i2!8m2!3d51.0460011!4d-114.0538038!16s%2Fg%2F11bwqmxf1l!19sChIJe3eiAwBwcVMRL2EO1APsIRI?authuser=0&hl=en&g_ep=EgoyMDI2MDgyNS4wIJJjKgBIAVAD&rclk=1
cafes in Calgary,The Vintage Cafe,,,+1 825-559-9095,None,https://www.google.com/maps/place/The+Vintage+Cafe/data=!4m7!3m6!1s0x5371651b745be885:0x998d253d5348442b!8m2!3d51.1007953!4d-113.9652025!16s%2Fg%2F11njfbm0rx!19sChIJhehbdBtlcVMRK0RIUz0ljZk?authuser=0&hl=en&g_ep=EgoyMDI2MDgyNS4wIJJjKgBIAVAD&rclk=1
cafes in Calgary,Wafflato | Cafe & Lounge,info@wafflato.ca,http://wafflato.ca/,+1 403-930-7917,"Tock, OpenTable",https://www.google.com/maps/place/Wafflato+%7C+Cafe+%26+Lounge/data=!4m7!3m6!1s0x53716fc078324d81:0x3b42e3bad327f2ff!8m2!3d51.043721!4d-114.0836927!16s%2Fg%2F11ymr8t2t3!19sChIJgU0yeMBvcVMR__In07rjQjs?authuser=0&hl=en&g_ep=EgoyMDI2MDgyNS4wIJJjKgBIAVAD&rclk=1
cafes in Calgary,Cafe du Parc,,http://www.cafeduparc.ca/,+1 587-837-0702,None,https://www.google.com/maps/place/Cafe+du+Parc/data=!4m7!3m6!1s0x5371715df9cfd143:0x3dd581a6a97c5886!8m2!3d50.9917843!4d-114.1375277!16s%2Fg%2F11krym7vss!19sChIJQ9HP-V1xcVMRhlh8qaaB1T0?authuser=0&hl=en&g_ep=EgoyMDI2MDgyNS4wIJJjKgBIAVAD&rclk=1
cafes in Calgary,Cafe Gravity,your@email.com,http://www.gravitycalgary.com/,+1 403-452-1431,None,https://www.google.com/maps/place/Cafe+Gravity/data=!4m7!3m6!1s0x53716f3c5de8989d:0xf47103882e7aaf88!8m2!3d51.0525071!4d-114.0671763!16s%2Fg%2F11sr6rd4jx!19sChIJnZjoXTxvcVMRiK96LogDcfQ?authuser=0&hl=en&g_ep=EgoyMDI2MDgyNS4wIJJjKgBIAVAD&rclk=1
cafes in Calgary,Cafe Gravity,your@email.com,https://gravitycalgary.com/,+1 403-457-0697,None,https://www.google.com/maps/place/Cafe+Gravity/data=!4m7!3m6!1s0x53717aaeee7c3a31:0x567b9420028ceded!8m2!3d51.0423573!4d-114.0381966!16s%2Fg%2F1hc3d3k4z!19sChIJMTp87q56cVMR7e2MAiCUe1Y?authuser=0&hl=en&g_ep=EgoyMDI2MDgyNS4wIJJjKgBIAVAD&rclk=1
cafes in Calgary,"Le Comptoir, by François",,http://lecomptoirbyfrancois.com/,+1 403-455-4550,"Tock, OpenTable","https://www.google.com/maps/place/Le+Comptoir,+by+Fran%C3%A7ois/data=!4m7!3m6!1s0x5371719164d1f143:0xb3ba83dbdcd48c8e!8m2!3d51.023382!4d-114.1061454!16s%2Fg%2F11plmlf62t!19sChIJQ_HRZJFxcVMRjozU3NuDurM?authuser=0&hl=en&g_ep=EgoyMDI2MDgyNS4wIJJjKgBIAVAD&rclk=1"
cafes in Calgary,Fringe Coffee,,http://www.fringecoffee.ca/,+1 403-288-6923,None,https://www.google.com/maps/place/Fringe+Coffee/data=!4m7!3m6!1s0x53716f40db689851:0x89deb2d208351e47!8m2!3d51.0724194!4d-114.1597227!16s%2Fg%2F11rkcfsjrq!19sChIJUZho20BvcVMRRx41CNKy3ok?authuser=0&hl=en&g_ep=EgoyMDI2MDgyNS4wIJJjKgBIAVAD&rclk=1
cafes in Calgary,Fenyk Coffee & Social,"yourname@email.com, contact@fenyk.ca",https://www.fenykcoffee.com/,+14039062592,Tock,https://www.google.com/maps/place/Fenyk+Coffee+%26+Social/data=!4m7!3m6!1s0x53716fee9a117e0f:0x2eac22fcb4cda7ad!8m2!3d51.0981057!4d-114.1425476!16s%2Fg%2F11y4y60l46!19sChIJD34Rmu5vcVMRrafNtPwirC4?authuser=0&hl=en&g_ep=EgoyMDI2MDgyNS4wIJJjKgBIAVAD&rclk=1
cafes in Calgary,Analog Coffee,"orderdesk@analogcoffee.ca, info@analogcoffee.ca",http://www.analogcoffee.ca/,+1 403-452-7715,"Tock, OpenTable",https://www.google.com/maps/place/Analog+Coffee/data=!4m7!3m6!1s0x53716fae88eddf39:0x56c608862cfd9fdb!8m2!3d51.0501018!4d-114.0681819!16s%2Fg%2F11q4hm31ks!19sChIJOd_tiK5vcVMR25_9LIYIxlY?authuser=0&hl=en&g_ep=EgoyMDI2MDgyNS4wIJJjKgBIAVAD&rclk=1
cafes in Calgary,Haven House Cafe,,,+1 403-590-8425,None,https://www.google.com/maps/place/Haven+House+Cafe/data=!4m7!3m6!1s0x5371650015f9f7cd:0xc2b11c95e588287a!8m2!3d51.0984594!4d-114.0872865!16s%2Fg%2F11lcsdz48f!19sChIJzff5FQBlcVMReiiI5ZUcscI?authuser=0&hl=en&g_ep=EgoyMDI2MDgyNS4wIJJjKgBIAVAD&rclk=1
cafes in Calgary,Frida's Coffee Home,,https://fridascoffeehome.ca/,+1 825-558-7296,Tock,https://www.google.com/maps/place/Frida%27s+Coffee+Home/data=!4m7!3m6!1s0x53716f8a395d6289:0xebda61dda2eb9e35!8m2!3d51.0453931!4d-114.0868654!16s%2Fg%2F11vcm040x8!19sChIJiWJdOYpvcVMRNZ7rot1h2us?authuser=0&hl=en&g_ep=EgoyMDI2MDgyNS4wIJJjKgBIAVAD&rclk=1
cafes in Calgary,Bono Coffee Roasters,bonocoffee001@gmail.com,http://bonocoffee.ca/,+1 403-200-2166,Tock,https://www.google.com/maps/place/Bono+Coffee+Roasters/data=!4m7!3m6!1s0x53719d2cef64e96b:0x15e4121a3ff628b2!8m2!3d51.011571!4d-114.0498621!16s%2Fg%2F11lltslwcb!19sChIJa-lk7yydcVMRsij2PxoS5BU?authuser=0&hl=en&g_ep=EgoyMDI2MDgyNS4wIJJjKgBIAVAD&rclk=1
cafes in Calgary,Aroma Café Bar on 33 Ave,catering@aromacafebar.ca,http://www.aromacafebar.ca/,+1 403-355-1869,Tock,https://www.google.com/maps/place/Aroma+Caf%C3%A9+Bar+on+33+Ave/data=!4m7!3m6!1s0x53717176c7d4933f:0xbfe0710e4df631b1!8m2!3d51.0238634!4d-114.1043315!16s%2Fg%2F11vk0vmr_j!19sChIJP5PUx3ZxcVMRsTH2TQ5x4L8?authuser=0&hl=en&g_ep=EgoyMDI2MDgyNS4wIJJjKgBIAVAD&rclk=1
cafes in Calgary,Cafe eight,,https://www.clover.com/online-ordering/cafe-8-calgary,+1 403-225-8285,None,https://www.google.com/maps/place/Cafe+eight/data=!4m7!3m6!1s0x53716f09cdcb62bd:0x7f11a66c4eced3!8m2!3d51.0456686!4d-114.0744632!16s%2Fg%2F11tjsf0lpz!19sChIJvWLLzQlvcVMR085ObKYRfwA?authuser=0&hl=en&g_ep=EgoyMDI2MDgyNS4wIJJjKgBIAVAD&rclk=1
cafes in Calgary,Minuet Cafe,minuet507@gmail.com,https://www.instagram.com/minuet_cafe/,+1 647-273-5159,"Tock, Resy",https://www.google.com/maps/place/Minuet+Cafe/data=!4m7!3m6!1s0x53716fa912238235:0xdc3bbefa211d2b52!8m2!3d51.0892176!4d-114.1181439!16s%2Fg%2F11txclt3m1!19sChIJNYIjEqlvcVMRUisdIfq-O9w?authuser=0&hl=en&g_ep=EgoyMDI2MDgyNS4wIJJjKgBIAVAD&rclk=1
cafes in Calgary,Element Cafe,"contact@elementcafe.ca, royaloak@elementcafe.ca",http://elementcafe.ca/,+1 587-352-7338,Tock,https://www.google.com/maps/place/Element+Cafe/data=!4m7!3m6!1s0x537171a4c60c1755:0xc79ede37f8e513f7!8m2!3d51.0377237!4d-114.0703059!16s%2Fg%2F11jbq221wz!19sChIJVRcMxqRxcVMR9xPl-Dfensc?authuser=0&hl=en&g_ep=EgoyMDI2MDgyNS4wIJJjKgBIAVAD&rclk=1
cafes in Calgary,Congress Coffee Company,info@congresscoffeeyyc.com,http://www.congresscoffeeshop.com/,+1 403-452-7320,"Tock, Resy",https://www.google.com/maps/place/Congress+Coffee+Company/data=!4m7!3m6!1s0x537165682a3dbb8b:0x75397803ebebd571!8m2!3d51.0847428!4d-114.0583901!16s%2Fg%2F11thf1qzwj!19sChIJi7s9KmhlcVMRcdXr6wN4OXU?authuser=0&hl=en&g_ep=EgoyMDI2MDgyNS4wIJJjKgBIAVAD&rclk=1
cafes in Calgary,Lil E Coffee Cafe,,http://www.lilecoffee.ca/,+1 403-300-1400,Tock,https://www.google.com/maps/place/Lil+E+Coffee+Cafe/data=!4m7!3m6!1s0x53716f80c4ced8c7:0x797cfadd6ed6f426!8m2!3d51.0498389!4d-114.0641141!16s%2Fg%2F11qt42ld4c!19sChIJx9jOxIBvcVMRJvTWbt36fHk?authuser=0&hl=en&g_ep=EgoyMDI2MDgyNS4wIJJjKgBIAVAD&rclk=1
cafes in Calgary,Calgary Heritage Roasting Company,info@canadianheritageroastingco.com,http://www.calgaryheritageroastingco.com/,+1 403-455-2472,Tock,https://www.google.com/maps/place/Calgary+Heritage+Roasting+Company/data=!4m7!3m6!1s0x53717b952d261a19:0xa563de8be40bc41a!8m2!3d51.0352995!4d-114.0364907!16s%2Fg%2F11h6q5gvy5!19sChIJGRomLZV7cVMRGsQL5IveY6U?authuser=0&hl=en&g_ep=EgoyMDI2MDgyNS4wIJJjKgBIAVAD&rclk=1
cafes in Calgary,sip cafe,dinnertime@shaw.ca,https://sip-cafe.online/,+1 403-503-0303,None,https://www.google.com/maps/place/sip+cafe/data=!4m7!3m6!1s0x53717102682cc875:0xff6482b3db9aaf4e!8m2!3d51.028723!4d-114.0948919!16s%2Fg%2F11nxcn1dt3!19sChIJdcgsaAJxcVMRTq-a27OCZP8?authuser=0&hl=en&g_ep=EgoyMDI2MDgyNS4wIJJjKgBIAVAD&rclk=1
cafes in Calgary,Pocket Coffee,hello@pocketcoffee.ca,http://pocketcoffee.ca/,+1 403-283-2497,"Tock, Toast, OpenTable",https://www.google.com/maps/place/Pocket+Coffee/data=!4m7!3m6!1s0x53716f209093b3f5:0x39ef5d4818fe1dea!8m2!3d51.0550565!4d-114.1057598!16s%2Fg%2F11t9k9k_c6!19sChIJ9bOTkCBvcVMR6h3-GEhd7zk?authuser=0&hl=en&g_ep=EgoyMDI2MDgyNS4wIJJjKgBIAVAD&rclk=1
cafes in Calgary,HOUSE 831,hello@socalityhouse.com,http://house831.com/,,"Tock, OpenTable",https://www.google.com/maps/place/HOUSE+831/data=!4m7!3m6!1s0x53717129cd11e30f:0x5a99270ce60b09e8!8m2!3d51.0376536!4d-114.0812187!16s%2Fg%2F11sfj9y9tf!19sChIJD-MRzSlxcVMR6AkL5gwnmVo?authuser=0&hl=en&g_ep=EgoyMDI2MDgyNS4wIJJjKgBIAVAD&rclk=1
cafes in Calgary,Fenyk Coffee & Social,"yourname@email.com, contact@fenyk.ca",https://www.fenykcoffee.com/,+1 587-999-5835,Tock,https://www.google.com/maps/place/Fenyk+Coffee+%26+Social/data=!4m7!3m6!1s0x53716f001158c7b3:0xce646b98d8cf3957!8m2!3d51.0824502!4d-114.2128926!16s%2Fg%2F11xdr363dj!19sChIJs8dYEQBvcVMRVznP2JhrZM4?authuser=0&hl=en&g_ep=EgoyMDI2MDgyNS4wIJJjKgBIAVAD&rclk=1
cafes in Calgary,Alforno Bakery & Cafe,"events@alforno.ca, info@alforno.ca, orders@alforno.ca, events@teatrogroup.ca",http://alforno.ca/,+1 403-454-0308,OpenTable,https://www.google.com/maps/place/Alforno+Bakery+%26+Cafe/data=!4m7!3m6!1s0x53716fe56776198b:0x1257b841cfffc80a!8m2!3d51.051421!4d-114.0781509!16s%2Fg%2F11cjk420z_!19sChIJixl2Z-VvcVMRCsj_z0G4VxI?authuser=0&hl=en&g_ep=EgoyMDI2MDgyNS4wIJJjKgBIAVAD&rclk=1
cafes in Calgary,Bell's Cafe,bellscafemardaloop@gmail.com,http://bellscafe.ca/,+1 403-474-2233,"Tock, OpenTable",https://www.google.com/maps/place/Bell%27s+Cafe/data=!4m7!3m6!1s0x53717033d27d647d:0x76ba13689e1a7ec1!8m2!3d51.0229927!4d-114.0957507!16s%2Fg%2F1tfkvzyq!19sChIJfWR90jNwcVMRwX4anmgTunY?authuser=0&hl=en&g_ep=EgoyMDI2MDgyNS4wIJJjKgBIAVAD&rclk=1
cafes in Calgary,Monogram Coffee,"orders@monogramcoffee.com, u003eorders@monogramcoffee.com",http://monogramcoffee.com/,+1 587-742-8982,Tock,https://www.google.com/maps/place/Monogram+Coffee/data=!4m7!3m6!1s0x537171b42d2f5fed:0xf7ee9897c26a7455!8m2!3d51.0109318!4d-114.0998891!16s%2Fg%2F11b7cb_h15!19sChIJ7V8vLbRxcVMRVXRqwpeY7vc?authuser=0&hl=en&g_ep=EgoyMDI2MDgyNS4wIJJjKgBIAVAD&rclk=1
cafes in Calgary,Terre Café Calgary,"sales.altcalgaryuniversitydistrict@germainhotels.com, reservations.legermainquebec@germainhotels.com, reservations.altmontreal@germainhotels.com, reservations.altottawa@germainhotels.com, reservations.altdix30@germainhotels.com, reservations.altwinnipeg@germainhotels.com, reservations.legermaincalgary@germainhotels.com, reservations.altstjohns@germainhotels.com, reservations.alttorontoairport@germainhotels.com, reservations.altsaskatoon@germainhotels.com, reservations.legermaintorontomlsq@germainhotels.com, reservations.althalifax@germainhotels.com, reservations.legermainottawa@germainhotels.com, reservations.altquebec@germainhotels.com, reservations.altcalgaryeastvillage@germainhotels.com, reservations.altcalgaryuniversitydistrict@germainhotels.com, reservations.legermaincharlevoix@germainhotels.com, reservations.legermaintorontomercer@germainhotels.com, reservations.escaddix30@germainhotels.com, reservations.legermainmontreal@germainhotels.com, ngravel@germainhotels.com",https://www.germainhotels.com/en/alt-hotel/calgary-university-district/things-to-do/terre-cafe,+1 403-648-0482,OpenTable,https://www.google.com/maps/place/Terre+Caf%C3%A9+Calgary/data=!4m7!3m6!1s0x53716f8f98a294e7:0x2709050850da1608!8m2!3d51.0779565!4d-114.147674!16s%2Fg%2F11yn37rzkx!19sChIJ55SimI9vcVMRCBbaUAgFCSc?authuser=0&hl=en&g_ep=EgoyMDI2MDgyNS4wIJJjKgBIAVAD&rclk=1
cafes in Calgary,Sierra Cafe Inc.,"mllegeorgesand@gmail.com, info@sierracafe.ca",http://www.sierracafe.ca/,+1 403-242-3884,"Tock, Toast",https://www.google.com/maps/place/Sierra+Cafe+Inc./data=!4m7!3m6!1s0x53717196df25c967:0x5e37e3b010fcc0ba!8m2!3d50.9968984!4d-114.1182665!16s%2Fg%2F11k6qrhzfz!19sChIJZ8kl35ZxcVMRusD8ELDjN14?authuser=0&hl=en&g_ep=EgoyMDI2MDgyNS4wIJJjKgBIAVAD&rclk=1
cafes in Calgary,MIK Coffee and Shop,,https://instagram.com/mik_coffee_/,,"Tock, Resy",https://www.google.com/maps/place/MIK+Coffee+and+Shop/data=!4m7!3m6!1s0x5371718773c88d3f:0x12f92fad813b3f41!8m2!3d51.0376628!4d-114.0853245!16s%2Fg%2F11vdsttf4y!19sChIJP43Ic4dxcVMRQT87ga0v-RI?authuser=0&hl=en&g_ep=EgoyMDI2MDgyNS4wIJJjKgBIAVAD&rclk=1
cafes in Calgary,EVERROAST CAFE,info@everroastcafe.ca,http://www.everroastcafe.ca/,+1 403-264-4201,None,https://www.google.com/maps/place/EVERROAST+CAFE/data=!4m7!3m6!1s0x5371716aef0669c3:0x85a707b94fbb3564!8m2!3d51.0453326!4d-114.0550514!16s%2Fg%2F11yy_11jbh!19sChIJw2kG72pxcVMRZDW7T7kHp4U?authuser=0&hl=en&g_ep=EgoyMDI2MDgyNS4wIJJjKgBIAVAD&rclk=1
cafes in Calgary,Euphoria Cafe,,http://www.euphoriacafe.ca/,+1 403-313-0503,"Tock, Resy",https://www.google.com/maps/place/Euphoria+Cafe/data=!4m7!3m6!1s0x53716f2e441bcc99:0x3a66071a15b139a!8m2!3d51.1033423!4d-114.1642117!16s%2Fg%2F1tjdq_s9!19sChIJmcwbRC5vcVMRmhNboXFgpgM?authuser=0&hl=en&g_ep=EgoyMDI2MDgyNS4wIJJjKgBIAVAD&rclk=1
cafes in Calgary,Caffe Levant,,,,None,https://www.google.com/maps/place/Caffe+Levant/data=!4m7!3m6!1s0x53716f01da14e4f3:0xdfe16a9f3f6a3530!8m2!3d51.0480333!4d-114.0732375!16s%2Fg%2F11wtl4vd_z!19sChIJ8-QU2gFvcVMRMDVqP59q4d8?authuser=0&hl=en&g_ep=EgoyMDI2MDgyNS4wIJJjKgBIAVAD&rclk=1
cafes in Calgary,Dobré Café,astigma@astigmatic.com,https://dobrecafe.com/,+1 825-521-4018,None,https://www.google.com/maps/place/Dobr%C3%A9+Caf%C3%A9/data=!4m7!3m6!1s0x53716f7cc27612ab:0x652659e4d85b2e74!8m2!3d51.0401445!4d-114.1355554!16s%2Fg%2F11yvyzrx50!19sChIJqxJ2wnxvcVMRdC5b2ORZJmU?authuser=0&hl=en&g_ep=EgoyMDI2MDgyNS4wIJJjKgBIAVAD&rclk=1
cafes in Calgary,Korner for Soul (Specialty Coffee),,,,None,https://www.google.com/maps/place/Korner+for+Soul+%28Specialty+Coffee%29/data=!4m7!3m6!1s0x53716f0cb94cf7d1:0x3f2521a18e39084e!8m2!3d51.0479671!4d-114.0710279!16s%2Fg%2F11x6n9r69l!19sChIJ0fdMuQxvcVMRTgg5jqEhJT8?authuser=0&hl=en&g_ep=EgoyMDI2MDgyNS4wIJJjKgBIAVAD&rclk=1
cafes in Calgary,Higher Ground Cafe,"info@highergroundcafe.ca, capitolhill@highergroundcafe.ca",http://highergroundcafe.ca/,+1 403-270-3780,Tock,https://www.google.com/maps/place/Higher+Ground+Cafe/data=!4m7!3m6!1s0x53716fe920eb4b9f:0xb226c11f3b5e9f7c!8m2!3d51.0526275!4d-114.0877853!16s%2Fg%2F1thvxyvg!19sChIJn0vrIOlvcVMRfJ9eOx_BJrI?authuser=0&hl=en&g_ep=EgoyMDI2MDgyNS4wIJJjKgBIAVAD&rclk=1
cafes in Calgary,I Love You Coffee Shop,dan@iloveyoucoffeeshop.com,http://iloveyoucoffeeshop.com/,+1 403-454-1901,"Tock, Resy",https://www.google.com/maps/place/I+Love+You+Coffee+Shop/data=!4m7!3m6!1s0x53717179d90d804d:0x1fe5379faa74213f!8m2!3d51.0399751!4d-114.0712772!16s%2Fg%2F11flgcbzf5!19sChIJTYAN2XlxcVMRPyF0qp835R8?authuser=0&hl=en&g_ep=EgoyMDI2MDgyNS4wIJJjKgBIAVAD&rclk=1
cafes in Calgary,Café 18g,,,,None,https://www.google.com/maps/place/Caf%C3%A9+18g/data=!4m7!3m6!1s0x537171ef382c9103:0xc22819bc4b5c9e9a!8m2!3d51.0395574!4d-114.0604979!16s%2Fg%2F11wntv4k6d!19sChIJA5EsOO9xcVMRmp5cS7wZKMI?authuser=0&hl=en&g_ep=EgoyMDI2MDgyNS4wIJJjKgBIAVAD&rclk=1
cafes in Calgary,Kawa Espresso Bar,info@kawacalgary.ca,https://www.facebook.com/KawaCalgary,+1 403-452-5233,"Tock, Resy",https://www.google.com/maps/place/Kawa+Espresso+Bar/data=!4m7!3m6!1s0x53716fe01dc484cd:0xf8c91eff15e49c63!8m2!3d51.0403572!4d-114.081875!16s%2Fg%2F1vfwcjfc!19sChIJzYTEHeBvcVMRY5zkFf8eyfg?authuser=0&hl=en&g_ep=EgoyMDI2MDgyNS4wIJJjKgBIAVAD&rclk=1
cafes in Calgary,Semantics Cafe,"info@mysite.com, hello@semanticscafe.com",https://www.semanticscafe.com/,+1 403-863-2466,Tock,https://www.google.com/maps/place/Semantics+Cafe/data=!4m7!3m6!1s0x53717149c21397f5:0x937e05c30e682f5!8m2!3d51.0429348!4d-114.0605111!16s%2Fg%2F11wbv0tzy8!19sChIJ9ZcTwklxcVMR9YLmMFzgNwk?authuser=0&hl=en&g_ep=EgoyMDI2MDgyNS4wIJJjKgBIAVAD&rclk=1
cafes in Calgary,Velet Bike Ski Cafe,hello@velet.ca,https://www.velet.ca/,+1 437-994-9362,None,https://www.google.com/maps/place/Velet+Bike+Ski+Cafe/data=!4m7!3m6!1s0x537171ef48481c0f:0x9c87dcc0ea1fa352!8m2!3d51.0427214!4d-114.0603707!16s%2Fg%2F11wjpjpl5x!19sChIJDxxISO9xcVMRUqMf6sDch5w?authuser=0&hl=en&g_ep=EgoyMDI2MDgyNS4wIJJjKgBIAVAD&rclk=1
cafes in Calgary,And Some Flower Cafe,,https://www.theandsome.com/,+1 403-452-1463,Tock,https://www.google.com/maps/place/And+Some+Flower+Cafe/data=!4m7!3m6!1s0x53716ffa195a814b:0x19bfa8d3b5243f8a!8m2!3d51.0593773!4d-114.0755722!16s%2Fg%2F11q3q5rzkw!19sChIJS4FaGfpvcVMRij8ktdOovxk?authuser=0&hl=en&g_ep=EgoyMDI2MDgyNS4wIJJjKgBIAVAD&rclk=1
cafes in Calgary,Qlab by Chronicle Coffee Roasters,letstalk@qlabcoffee.ca,https://qlabcoffee.ca/,+1 368-299-1535,Tock,https://www.google.com/maps/place/Qlab+by+Chronicle+Coffee+Roasters/data=!4m7!3m6!1s0x53716f61937b92df:0xee4f1465c2570eb7!8m2!3d51.0383217!4d-114.0834716!16s%2Fg%2F11kqxp5n09!19sChIJ35J7k2FvcVMRtw5XwmUUT-4?authuser=0&hl=en&g_ep=EgoyMDI2MDgyNS4wIJJjKgBIAVAD&rclk=1
cafes in Calgary,Loophole Coffee Bar,"eventsatloophole@gmail.com, loopholecoffeebar@gmail.com",https://www.loopholecoffeebar.ca/,+1 403-930-0051,None,https://www.google.com/maps/place/Loophole+Coffee+Bar/data=!4m7!3m6!1s0x53716f4957eeab95:0x920df21fdedf253b!8m2!3d51.0465814!4d-114.0858837!16s%2Fg%2F11fqpdgmfk!19sChIJlavuV0lvcVMROyXf3h_yDZI?authuser=0&hl=en&g_ep=EgoyMDI2MDgyNS4wIJJjKgBIAVAD&rclk=1
cafes in Calgary,Kesh Kesh Coffee Roastery,"support@keshkeshroastery.com, benson.matheka@outlook.com",https://keshkeshroastery.com/,+1 587-350-2777,Tock,https://www.google.com/maps/place/Kesh+Kesh+Coffee+Roastery/data=!4m7!3m6!1s0x5371655222657ad7:0xf75d98c52c8b23c1!8m2!3d51.0535663!4d-114.0440336!16s%2Fg%2F11b5wf1kc2!19sChIJ13plIlJlcVMRwSOLLMWYXfc?authuser=0&hl=en&g_ep=EgoyMDI2MDgyNS4wIJJjKgBIAVAD&rclk=1
cafes in Calgary,AGGÜDO COFFEE INC,hello@aggudoroasters.com,https://aggudoroasters.com/,+1 403-690-3773,"Tock, Resy",https://www.google.com/maps/place/AGG%C3%9CDO+COFFEE+INC/data=!4m7!3m6!1s0x537171b50e410a91:0x78daf53905089566!8m2!3d51.0554958!4d-114.0857277!16s%2Fg%2F11j7k9kvb2!19sChIJkQpBDrVxcVMRZpUIBTn12ng?authuser=0&hl=en&g_ep=EgoyMDI2MDgyNS4wIJJjKgBIAVAD&rclk=1
cafes in Calgary,Art Cafe,,https://artcafeyyc.ca/,+1 403-435-1155,"Tock, Resy",https://www.google.com/maps/place/Art+Cafe/data=!4m7!3m6!1s0x53716f350bfdb1df:0xe55f38f92b8fa8af!8m2!3d51.0465498!4d-114.0883823!16s%2Fg%2F11mkvz_t1_!19sChIJ37H9CzVvcVMRr6iPK_k4X-U?authuser=0&hl=en&g_ep=EgoyMDI2MDgyNS4wIJJjKgBIAVAD&rclk=1
bars in Calgary,Bar Rocca,info@dopoyyc.com,http://barroccayyc.com/,,"Tock, OpenTable",https://www.google.com/maps/place/Bar+Rocca/data=!4m7!3m6!1s0x537171007bac9771:0x530cd94524e0165e!8m2!3d51.0230902!4d-114.1051837!16s%2Fg%2F11wmvsfynb!19sChIJcZesewBxcVMRXhbgJEXZDFM?authuser=0&hl=en&g_ep=EgoyMDI2MDgyNS4wIJJjKgBIAVAD&rclk=1
bars in Calgary,Missy's This That,,http://missysthisthat.com/,,Tock,https://www.google.com/maps/place/Missy%27s+This+That/data=!4m7!3m6!1s0x537171e0cbc0735d:0xb34014f0199e1afd!8m2!3d51.0399145!4d-114.0712041!16s%2Fg%2F11q4dvdgdg!19sChIJXXPAy-BxcVMR_RqeGfAUQLM?authuser=0&hl=en&g_ep=EgoyMDI2MDgyNS4wIJJjKgBIAVAD&rclk=1
bars in Calgary,Vin Room Mission,,http://www.vinroom.com/,+1 403-457-5522,OpenTable,https://www.google.com/maps/place/Vin+Room+Mission/data=!4m7!3m6!1s0x537170182d307c43:0x68e8278de6192a04!8m2!3d51.0319307!4d-114.0711803!16s%2Fg%2F1td04qnn!19sChIJQ3wwLRhwcVMRBCoZ5o0n6Gg?authuser=0&hl=en&g_ep=EgoyMDI2MDgyNS4wIJJjKgBIAVAD&rclk=1
bars in Calgary,Standing Room Only Event Space (SRO Bar),hola@srobar.com,https://srobar.com/,+1 403-243-0069,None,https://www.google.com/maps/place/Standing+Room+Only+Event+Space+%28SRO+Bar%29/data=!4m7!3m6!1s0x537165e1ef4750d7:0xb7def5788ca11642!8m2!3d51.0494523!4d-114.0548785!16s%2Fg%2F11tfj0vsy2!19sChIJ11BH7-FlcVMRQhahjHj13rc?authuser=0&hl=en&g_ep=EgoyMDI2MDgyNS4wIJJjKgBIAVAD&rclk=1
bars in Calgary,The Ship & Anchor,,http://www.shipandanchor.com/,+1 403-245-3333,None,https://www.google.com/maps/place/The+Ship+%26+Anchor/data=!4m7!3m6!1s0x537168515d7dfca9:0xff84ff0f915d0462!8m2!3d51.0380222!4d-114.0737722!16s%2Fg%2F1q67r2597!19sChIJqfx9XVFocVMRYgRdkQ__hP8?authuser=0&hl=en&g_ep=EgoyMDI2MDgyNS4wIJJjKgBIAVAD&rclk=1
bars in Calgary,Melon Karaoke Bar and Kitchen,melonkaraokebar@gmail.com,https://melonkaraokebar.com/,+1 825-540-0306,None,https://www.google.com/maps/place/Melon+Karaoke+Bar+and+Kitchen/data=!4m7!3m6!1s0x53716fd22c41e011:0x84a2b9b30a8da488!8m2!3d51.0460611!4d-114.0752083!16s%2Fg%2F11ys6tt7d7!19sChIJEeBBLNJvcVMRiKSNCrO5ooQ?authuser=0&hl=en&g_ep=EgoyMDI2MDgyNS4wIJJjKgBIAVAD&rclk=1
bars in Calgary,UNTITLED Champagne Lounge,"info@untitledyyc.com, info@thederrickyyc.com",http://untitledyyc.com/,+1 403-475-7226,OpenTable,https://www.google.com/maps/place/UNTITLED+Champagne+Lounge/data=!4m7!3m6!1s0x53716fe3749aaaa9:0x627b36238c46bf15!8m2!3d51.0460232!4d-114.0749744!16s%2Fg%2F11dxdzbnkk!19sChIJqaqadONvcVMRFb9GjCM2e2I?authuser=0&hl=en&g_ep=EgoyMDI2MDgyNS4wIJJjKgBIAVAD&rclk=1
bars in Calgary,Side Hustle ~ Bar & Food,hello@sidehustleyyc.com,http://www.sidehustleyyc.com/,+1 403-452-6512,"Tock, OpenTable",https://www.google.com/maps/place/Side+Hustle+~+Bar+%26+Food/data=!4m7!3m6!1s0x5371715827b4c3f5:0xe014203bd3a81cca!8m2!3d51.0242173!4d-114.1141011!16s%2Fg%2F11s9x_6k7b!19sChIJ9cO0J1hxcVMRyhyo0zsgFOA?authuser=0&hl=en&g_ep=EgoyMDI2MDgyNS4wIJJjKgBIAVAD&rclk=1
bars in Calgary,Tubby’s - It’s just a bar.,,http://tubbybar.com/,+1 403-452-1896,"Tock, OpenTable",https://www.google.com/maps/place/Tubby%E2%80%99s+-+It%E2%80%99s+just+a+bar./data=!4m7!3m6!1s0x53716fa2e86fc0dd:0x91b6636d9d2bfd3d!8m2!3d51.0417592!4d-114.081292!16s%2Fg%2F11tx2pgv3l!19sChIJ3cBv6KJvcVMRPf0rnW1jtpE?authuser=0&hl=en&g_ep=EgoyMDI2MDgyNS4wIJJjKgBIAVAD&rclk=1
bars in Calgary,Paper Lantern,,http://www.paperlantern.ca/,+1 403-457-7765,"Tock, Toast, OpenTable",https://www.google.com/maps/place/Paper+Lantern/data=!4m7!3m6!1s0x53716f0469120393:0xa96cb49e2be2b071!8m2!3d51.0510711!4d-114.0616836!16s%2Fg%2F11jgwfk4gr!19sChIJkwMSaQRvcVMRcbDiK560bKk?authuser=0&hl=en&g_ep=EgoyMDI2MDgyNS4wIJJjKgBIAVAD&rclk=1
bars in Calgary,Ricardo's Hideaway,info@ricardoshideaway.ca,http://www.ricardoshideaway.ca/,+1 403-880-8924,"Tock, OpenTable",https://www.google.com/maps/place/Ricardo%27s+Hideaway/data=!4m7!3m6!1s0x5371701e91b35f5f:0xa8eab7c8cf9fa9c0!8m2!3d51.038219!4d-114.074168!16s%2Fg%2F11c0pn6qys!19sChIJX1-zkR5wcVMRwKmfz8i36qg?authuser=0&hl=en&g_ep=EgoyMDI2MDgyNS4wIJJjKgBIAVAD&rclk=1
bars in Calgary,Modern Love,"ewan@modern-love.ca, events@modern-love.ca",http://modern-love.ca/,+1 368-993-5683,"Tock, OpenTable",https://www.google.com/maps/place/Modern+Love/data=!4m7!3m6!1s0x53716fe21477a859:0xc256645dcd35a9b0!8m2!3d51.0425917!4d-114.0749418!16s%2Fg%2F1q67qxxkd!19sChIJWah3FOJvcVMRsKk1zV1kVsI?authuser=0&hl=en&g_ep=EgoyMDI2MDgyNS4wIJJjKgBIAVAD&rclk=1
bars in Calgary,Whiskey Rose,info@whiskeyrosesaloon.com,http://www.whiskeyrosesaloon.com/,+1 403-474-7673,SevenRooms,https://www.google.com/maps/place/Whiskey+Rose/data=!4m7!3m6!1s0x53717166714e7c01:0xcea3b433f07af795!8m2!3d51.0379496!4d-114.085073!16s%2Fg%2F11rsvh34cf!19sChIJAXxOcWZxcVMRlfd68DO0o84?authuser=0&hl=en&g_ep=EgoyMDI2MDgyNS4wIJJjKgBIAVAD&rclk=1
bars in Calgary,The Unicorn,,http://superpub.ca/,+1 403-265-3665,Toast,https://www.google.com/maps/place/The+Unicorn/data=!4m7!3m6!1s0x53716ffd04526d0f:0x7c853be263b9206d!8m2!3d51.045526!4d-114.0668368!16s%2Fg%2F1tf3z11h!19sChIJD21SBP1vcVMRbSC5Y-I7hXw?authuser=0&hl=en&g_ep=EgoyMDI2MDgyNS4wIJJjKgBIAVAD&rclk=1
bars in Calgary,Spanky's Saloon,info@spankyssaloon.ca,http://spankyssaloon.ca/,+1 403-453-4551,None,https://www.google.com/maps/place/Spanky%27s+Saloon/data=!4m7!3m6!1s0x5371714d7764ada5:0x641f52af63a2324b!8m2!3d51.0432264!4d-114.0671839!16s%2Fg%2F11v07ktzc4!19sChIJpa1kd01xcVMRSzKiY69SH2Q?authuser=0&hl=en&g_ep=EgoyMDI2MDgyNS4wIJJjKgBIAVAD&rclk=1
bars in Calgary,Last Best Brewing & Distilling,talktous@lastbestbrewing.com,http://lastbestbrewing.com/,+1 587-353-7387,None,https://www.google.com/maps/place/Last+Best+Brewing+%26+Distilling/data=!4m7!3m6!1s0x53716fe2131f29b7:0x11ed44baf2978c9c!8m2!3d51.0426013!4d-114.0745733!16s%2Fg%2F11byl6x7kh!19sChIJtykfE-JvcVMRnIyX8rpE7RE?authuser=0&hl=en&g_ep=EgoyMDI2MDgyNS4wIJJjKgBIAVAD&rclk=1
bars in Calgary,L'Apres,info@redadbristo.com,https://l-apres.com/,+1 587-429-7555,"Resy, OpenTable",https://www.google.com/maps/place/L%27Apres/data=!4m7!3m6!1s0x53716f2d5536428f:0x25b3f8c57ff503e7!8m2!3d51.0450822!4d-114.0656962!16s%2Fg%2F11yyyf9c8y!19sChIJj0I2VS1vcVMR5wP1f8X4syU?authuser=0&hl=en&g_ep=EgoyMDI2MDgyNS4wIJJjKgBIAVAD&rclk=1
bars in Calgary,Blue Rock Swim Club,"events@blockhospitality.ca, info@bluerockswimclub.com",https://www.bluerockswimclub.com/,+1 403-764-4227,OpenTable,https://www.google.com/maps/place/Blue+Rock+Swim+Club/data=!4m7!3m6!1s0x537171a703790163:0xb15ad3a1e963b176!8m2!3d51.0307764!4d-114.0721157!16s%2Fg%2F11wgz4fqz5!19sChIJYwF5A6dxcVMRdrFj6aHTWrE?authuser=0&hl=en&g_ep=EgoyMDI2MDgyNS4wIJJjKgBIAVAD&rclk=1
bars in Calgary,Magpie,magpieyyc@gmail.com,http://magpieyyc.com/,,Tock,https://www.google.com/maps/place/Magpie/data=!4m7!3m6!1s0x53717b9c6acda52f:0xfdc20d87b788f78c!8m2!3d51.0450499!4d-114.050953!16s%2Fg%2F11ssg6rrt0!19sChIJL6XNapx7cVMRjPeIt4cNwv0?authuser=0&hl=en&g_ep=EgoyMDI2MDgyNS4wIJJjKgBIAVAD&rclk=1
bars in Calgary,St. James Corner Restaurant & Irish Pub,,http://www.stjamescorner.ca/,+1 403-262-1157,SevenRooms,https://www.google.com/maps/place/St.+James+Corner+Restaurant+%26+Irish+Pub/data=!4m7!3m6!1s0x537170032afb868b:0xb27b5fd7b7e07bb2!8m2!3d51.040691!4d-114.0660379!16s%2Fg%2F1v6wn_k_!19sChIJi4b7KgNwcVMRsnvgt9dfe7I?authuser=0&hl=en&g_ep=EgoyMDI2MDgyNS4wIJJjKgBIAVAD&rclk=1
bars in Calgary,The Unicorn on 4,,https://superpub.ca/,+1 825-540-1725,Toast,https://www.google.com/maps/place/The+Unicorn+on+4/data=!4m7!3m6!1s0x5371719fb7fa3ae9:0x5809b9bb90128286!8m2!3d51.0353267!4d-114.071959!16s%2Fg%2F11v6wp_wcs!19sChIJ6Tr6t59xcVMRhoISkLu5CVg?authuser=0&hl=en&g_ep=EgoyMDI2MDgyNS4wIJJjKgBIAVAD&rclk=1
bars in Calgary,The Fox On 6th,rnair@ramadacalgary.com,http://foxon6th.com/,+1 403-263-7600,None,https://www.google.com/maps/place/The+Fox+On+6th/data=!4m7!3m6!1s0x53716fe38fa2694f:0x9f9e673117523d24!8m2!3d51.0463561!4d-114.0765057!16s%2Fg%2F11c2pndjyz!19sChIJT2mij-NvcVMRJD1SFzFnnp8?authuser=0&hl=en&g_ep=EgoyMDI2MDgyNS4wIJJjKgBIAVAD&rclk=1
bars in Calgary,Pig & Duke Neighbourhood Pub,reservations12th@pigandduke.ca,http://www.pigandduke.com/,+1 403-245-8487,None,https://www.google.com/maps/place/Pig+%26+Duke+Neighbourhood+Pub/data=!4m7!3m6!1s0x53716fde935fdf69:0x86dbbf66118c37a4!8m2!3d51.0425803!4d-114.091617!16s%2Fg%2F1hc1f2n7y!19sChIJad9fk95vcVMRpDeMEWa_24Y?authuser=0&hl=en&g_ep=EgoyMDI2MDgyNS4wIJJjKgBIAVAD&rclk=1
bars in Calgary,Civic Tavern,"civictavern@gmail.com, hi@mystore.com",https://civictavern.ca/,+1 403-453-4114,"Tock, Resy",https://www.google.com/maps/place/Civic+Tavern/data=!4m7!3m6!1s0x5371714ddfbd2013:0x586e16eac411bb4f!8m2!3d51.0413361!4d-114.0667222!16s%2Fg%2F1tcxjfq9!19sChIJEyC9301xcVMRT7sRxOoWblg?authuser=0&hl=en&g_ep=EgoyMDI2MDgyNS4wIJJjKgBIAVAD&rclk=1
bars in Calgary,Proof,info@proofyyc.com,https://proofyyc.com/,+1 403-246-2414,"Tock, OpenTable",https://www.google.com/maps/place/Proof/data=!4m7!3m6!1s0x537170032b579573:0xda81b02d1459d102!8m2!3d51.0403034!4d-114.0656327!16s%2Fg%2F11b7swc3l0!19sChIJc5VXKwNwcVMRAtFZFC2wgdo?authuser=0&hl=en&g_ep=EgoyMDI2MDgyNS4wIJJjKgBIAVAD&rclk=1
bars in Calgary,Prohibition Bar & Lounge,prohibitionyyc@gmail.com,https://prohibitionloungeyyc.com/,+1 825-734-1920,OpenTable,https://www.google.com/maps/place/Prohibition+Bar+%26+Lounge/data=!4m7!3m6!1s0x53717161d9505ed9:0x56ee261126752ebc!8m2!3d51.0381608!4d-114.0781156!16s%2Fg%2F11vbjwbkrl!19sChIJ2V5Q2WFxcVMRvC51JhEm7lY?authuser=0&hl=en&g_ep=EgoyMDI2MDgyNS4wIJJjKgBIAVAD&rclk=1
bars in Calgary,The Royal Pub Bankview,"info@royalyyc.ca, adam@royalyyc.ca",https://royalyyc.ca/,+1 403-452-4792,None,https://www.google.com/maps/place/The+Royal+Pub+Bankview/data=!4m7!3m6!1s0x537171d9eb870715:0xb7ae136ffa3a0a66!8m2!3d51.0284199!4d-114.0951794!16s%2Fg%2F11t9_0n6pn!19sChIJFQeH69lxcVMRZgo6-m8Trrc?authuser=0&hl=en&g_ep=EgoyMDI2MDgyNS4wIJJjKgBIAVAD&rclk=1
bars in Calgary,Business & Pleasure,seriousstuff@itsbusinessandpleasure.com,http://itsbusinessandpleasure.com/,,"Tock, OpenTable",https://www.google.com/maps/place/Business+%26+Pleasure/data=!4m7!3m6!1s0x53717b085c5e68fb:0x24691a0d06a6618e!8m2!3d51.0404398!4d-114.0325761!16s%2Fg%2F11s7kgmtpd!19sChIJ-2heXAh7cVMRjmGmBg0aaSQ?authuser=0&hl=en&g_ep=EgoyMDI2MDgyNS4wIJJjKgBIAVAD&rclk=1
bars in Calgary,Leopold’s Tavern Calgary - Beltline,,http://leopoldstavern.com/,+1 855-522-5367,Toast,https://www.google.com/maps/place/Leopold%E2%80%99s+Tavern+Calgary+-+Beltline/data=!4m7!3m6!1s0x53717002d227dd67:0x7726c883c1a09f24!8m2!3d51.0413625!4d-114.0660805!16s%2Fg%2F11fzxrwm0s!19sChIJZ90n0gJwcVMRJJ-gwYPIJnc?authuser=0&hl=en&g_ep=EgoyMDI2MDgyNS4wIJJjKgBIAVAD&rclk=1
bars in Calgary,Bottlescrew Bill's Pub,"stampede@bottlescrewbill.com, jaden@bottlescrewbill.com, info@bottlescrewbill.com, info@mysite.com",http://bottlescrewbill.com/,+1 403-263-7900,"Tock, Toast",https://www.google.com/maps/place/Bottlescrew+Bill%27s+Pub/data=!4m7!3m6!1s0x537170029d2e7b69:0x9c6d40b52d2fe00a!8m2!3d51.043604!4d-114.065449!16s%2Fg%2F1td1pk66!19sChIJaXsunQJwcVMRCuAvLbVAbZw?authuser=0&hl=en&g_ep=EgoyMDI2MDgyNS4wIJJjKgBIAVAD&rclk=1
bars in Calgary,Sweet Loretta Bar,"events@sweetlorettabar.ca, info@sweetlorettabar.ca, guestlist@sweetlorettabar.ca",https://www.sweetlorettabar.ca/,+1 587-576-4046,"Tock, OpenTable",https://www.google.com/maps/place/Sweet+Loretta+Bar/data=!4m7!3m6!1s0x53716f91e68ffb55:0xbb736eea06781f3f!8m2!3d51.0425383!4d-114.077557!16s%2Fg%2F11tfmm586m!19sChIJVfuP5pFvcVMRPx94Bupuc7s?authuser=0&hl=en&g_ep=EgoyMDI2MDgyNS4wIJJjKgBIAVAD&rclk=1
bars in Calgary,Greta YYC,"info@gretabar.com, t.yammine@gretabar.com, m.young@gretabar.com",https://gretabar.com/calgary/,+1 403-984-6405,OpenTable,https://www.google.com/maps/place/Greta+YYC/data=!4m7!3m6!1s0x537171513b23776b:0x8dc2355302f3ded4!8m2!3d51.0432069!4d-114.0666787!16s%2Fg%2F11gsb9fn7q!19sChIJa3cjO1FxcVMR1N7zAlM1wo0?authuser=0&hl=en&g_ep=EgoyMDI2MDgyNS4wIJJjKgBIAVAD&rclk=1
bars in Calgary,One Night Stan's Bar Room & Divery,info@onenightstans.ca,https://www.onenightstans.ca/,+1 403-452-4407,"Tock, OpenTable",https://www.google.com/maps/place/One+Night+Stan%27s+Bar+Room+%26+Divery/data=!4m7!3m6!1s0x53717171c1733141:0xd3ee7b3c57562a25!8m2!3d51.038022!4d-114.0726938!16s%2Fg%2F11gh_l9mw0!19sChIJQTFzwXFxcVMRJSpWVzx77tM?authuser=0&hl=en&g_ep=EgoyMDI2MDgyNS4wIJJjKgBIAVAD&rclk=1
bars in Calgary,Bridgette Bar,"info@bridgettebar.com, samson@pressandpost.com",https://www.bridgettebar.com/calgary,(403) 700-0191,"Tock, OpenTable",https://www.google.com/maps/place/Bridgette+Bar/data=!4m7!3m6!1s0x53716fe17842f8c3:0xfb577cf74956fcba!8m2!3d51.043668!4d-114.0786705!16s%2Fg%2F11ddww2c5b!19sChIJw_hCeOFvcVMRuvxWSfd8V_s?authuser=0&hl=en&g_ep=EgoyMDI2MDgyNS4wIJJjKgBIAVAD&rclk=1
bars in Calgary,Betty Lou's Library,,http://www.bettylouslibrary.com/,+1 403-454-4774,Tock,https://www.google.com/maps/place/Betty+Lou%27s+Library/data=!4m7!3m6!1s0x53717020253ad2c1:0x776f02bc3387ac8f!8m2!3d51.0380133!4d-114.0825336!16s%2Fg%2F11dxnv5v5h!19sChIJwdI6JSBwcVMRj6yHM7wCb3c?authuser=0&hl=en&g_ep=EgoyMDI2MDgyNS4wIJJjKgBIAVAD&rclk=1
bars in Calgary,PinPointe Social,,https://www.pinpointesocial.com/,+1 587-393-7779,OpenTable,https://www.google.com/maps/place/PinPointe+Social/data=!4m7!3m6!1s0x537171b2c56bf1b5:0x4ae0bdd6adc8c1f2!8m2!3d51.0413807!4d-114.0539136!16s%2Fg%2F11yp_026rg!19sChIJtfFrxbJxcVMR8sHIrda94Eo?authuser=0&hl=en&g_ep=EgoyMDI2MDgyNS4wIJJjKgBIAVAD&rclk=1
bars in Calgary,Prosperity Bar,prosperitybaryyc@gmail.com,http://prosperitybar.ca/,+1 825-540-1232,OpenTable,https://www.google.com/maps/place/Prosperity+Bar/data=!4m7!3m6!1s0x53716f5dcd6ca623:0x94da12540cb52259!8m2!3d51.051107!4d-114.0621106!16s%2Fg%2F11vjw_c8br!19sChIJI6ZszV1vcVMRWSK1DFQS2pQ?authuser=0&hl=en&g_ep=EgoyMDI2MDgyNS4wIJJjKgBIAVAD&rclk=1
bars in Calgary,PAPI Bar & Nightclub,info@papicalgary.ca,https://papicalgary.ca/,+1 587-400-3212,None,https://www.google.com/maps/place/PAPI+Bar+%26+Nightclub/data=!4m7!3m6!1s0x53716f6162d84059:0xc592b412ce6394e8!8m2!3d51.0461773!4d-114.075657!16s%2Fg%2F11x34___mk!19sChIJWUDYYmFvcVMR6JRjzhK0ksU?authuser=0&hl=en&g_ep=EgoyMDI2MDgyNS4wIJJjKgBIAVAD&rclk=1
bars in Calgary,Sound Room,community@olbeautiful.com,https://www.obsoundroom.com/,,"Tock, OpenTable",https://www.google.com/maps/place/Sound+Room/data=!4m7!3m6!1s0x5371715dc6d447b9:0xdace2fa7bd074c3b!8m2!3d51.040965!4d-114.0661607!16s%2Fg%2F11wwp3_48p!19sChIJuUfUxl1xcVMRO0wHvacvzto?authuser=0&hl=en&g_ep=EgoyMDI2MDgyNS4wIJJjKgBIAVAD&rclk=1
bars in Calgary,Social Beer Haus,"headchef@socialbeerhaus.com, colin@socialbeerhaus.com, natalie@socialbeerhaus.com",https://socialbeerhaus.com/,+1 825-462-2402,OpenTable,https://www.google.com/maps/place/Social+Beer+Haus/data=!4m7!3m6!1s0x53716ffd00b40001:0xde1ee696e68fbec2!8m2!3d51.045796!4d-114.0666541!16s%2Fg%2F11h4n0cxtr!19sChIJAQC0AP1vcVMRwr6P5pbmHt4?authuser=0&hl=en&g_ep=EgoyMDI2MDgyNS4wIJJjKgBIAVAD&rclk=1
bars in Calgary,Vern's,,http://fb.me/verns.bar/,+1 403-237-8376,"Tock, Resy",https://www.google.com/maps/place/Vern%27s/data=!4m7!3m6!1s0x53716fe37431fa7b:0xf89d801fd4e90ccc!8m2!3d51.0460659!4d-114.0751244!16s%2Fg%2F1v0lkfwv!19sChIJe_oxdONvcVMRzAzp1B-Anfg?authuser=0&hl=en&g_ep=EgoyMDI2MDgyNS4wIJJjKgBIAVAD&rclk=1
bars in Calgary,Bar Chouette,,http://www.barchouette.ca/,,"Tock, Toast, OpenTable",https://www.google.com/maps/place/Bar+Chouette/data=!4m7!3m6!1s0x537171a2e09d5ea7:0x9b2222bdf22a2e99!8m2!3d51.0418256!4d-114.0679356!16s%2Fg%2F11stz0546q!19sChIJp16d4KJxcVMRmS4q8r0iIps?authuser=0&hl=en&g_ep=EgoyMDI2MDgyNS4wIJJjKgBIAVAD&rclk=1
bars in Calgary,Hudsons Canada's Pub,,http://www.hudsonscanadaspub.com/,+1 403-457-1119,None,https://www.google.com/maps/place/Hudsons+Canada%27s+Pub/data=!4m7!3m6!1s0x5371701df639f54b:0xc07dfa56ccd9acb4!8m2!3d51.0415662!4d-114.0744271!16s%2Fg%2F12hpnpfy2!19sChIJS_U59h1wcVMRtKzZzFb6fcA?authuser=0&hl=en&g_ep=EgoyMDI2MDgyNS4wIJJjKgBIAVAD&rclk=1
bars in Calgary,Dickens,info@dickensyyc.com,http://www.dickensyyc.com/,+1 403-233-7550,Tock,https://www.google.com/maps/place/Dickens/data=!4m7!3m6!1s0x53716fe72ad13501:0x6ed98a56ada7de51!8m2!3d51.0453042!4d-114.0840056!16s%2Fg%2F11x9h7fds!19sChIJATXRKudvcVMRUd6nrVaK2W4?authuser=0&hl=en&g_ep=EgoyMDI2MDgyNS4wIJJjKgBIAVAD&rclk=1
bars in Calgary,Jamesons Pub - 17th Ave,,http://www.jamesonspubs.com/,+1 403-984-9445,None,https://www.google.com/maps/place/Jamesons+Pub+-+17th+Ave/data=!4m7!3m6!1s0x53717027542cad6b:0x8a96cb48dd52be5a!8m2!3d51.0379402!4d-114.0908052!16s%2Fg%2F124t28lpg!19sChIJa60sVCdwcVMRWr5S3UjLloo?authuser=0&hl=en&g_ep=EgoyMDI2MDgyNS4wIJJjKgBIAVAD&rclk=1
resorts in Calgary,Hotel Arts Kensington,,https://www.hotelartskensington.com/,+1 403-228-4442,None,https://www.google.com/maps/place/Hotel+Arts+Kensington/data=!4m10!3m9!1s0x53716fe8e9f1916d:0x3fb531d2909bd125!5m2!4m1!1i2!8m2!3d51.0518089!4d-114.0873529!16s%2Fg%2F1hdyxlpzp!19sChIJbZHx6ehvcVMRJdGbkNIxtT8?authuser=0&hl=en&g_ep=EgoyMDI2MDgyNS4wIJJjKgBIAVAD&rclk=1
resorts in Calgary,The Westin Calgary Airport,,https://www.marriott.com/en-us/hotels/yycwa-the-westin-calgary-airport/overview/?scid=f2ae0541-1279-4f24-b197-a979c79310b0,+1 403-452-5406,None,https://www.google.com/maps/place/The+Westin+Calgary+Airport/data=!4m10!3m9!1s0x537165c62435f7ef:0x513d64ef947074e6!5m2!4m1!1i2!8m2!3d51.1372658!4d-114.0287018!16s%2Fg%2F11g0mt6rf0!19sChIJ7_c1JMZlcVMR5nRwlO9kPVE?authuser=0&hl=en&g_ep=EgoyMDI2MDgyNS4wIJJjKgBIAVAD&rclk=1
resorts in Calgary,Aloft by Marriott Calgary University,,https://www.marriott.com/en-us/hotels/yycul-aloft-calgary-university/overview/?scid=f2ae0541-1279-4f24-b197-a979c79310b0,+1 403-289-1973,None,https://www.google.com/maps/place/Aloft+by+Marriott+Calgary+University/data=!4m10!3m9!1s0x53716fa3abaa70b1:0x4e00030fc93082b2!5m2!4m1!1i2!8m2!3d51.0690506!4d-114.1153193!16s%2Fg%2F1hm6fk6tp!19sChIJsXCqq6NvcVMRsoIwyQ8DAE4?authuser=0&hl=en&g_ep=EgoyMDI2MDgyNS4wIJJjKgBIAVAD&rclk=1
resorts in Calgary,Delta Hotels Calgary Downtown,,https://www.marriott.com/en-us/hotels/yycbv-delta-hotels-calgary-downtown/overview/?scid=f2ae0541-1279-4f24-b197-a979c79310b0,+1 403-266-1980,None,https://www.google.com/maps/place/Delta+Hotels+Calgary+Downtown/data=!4m10!3m9!1s0x53716fff3d543639:0xa41e5fa8a2f3ce81!5m2!4m1!1i2!8m2!3d51.0489002!4d-114.0596967!16s%2Fg%2F1td8yt1g!19sChIJOTZUPf9vcVMRgc7zoqhfHqQ?authuser=0&hl=en&g_ep=EgoyMDI2MDgyNS4wIJJjKgBIAVAD&rclk=1
resorts in Calgary,Hyatt Regency Calgary,,https://www.hyatt.com/hyatt-regency/en-US/calrc-hyatt-regency-calgary?src=corp_lclb_google_seo_calrc&utm_source=google&utm_medium=organic&utm_campaign=lmr,+1 403-717-1234,None,https://www.google.com/maps/place/Hyatt+Regency+Calgary/data=!4m10!3m9!1s0x53716ffdd9788e1d:0x9491bdd8e0eab91b!5m2!4m1!1i2!8m2!3d51.0460723!4d-114.0626399!16s%2Fg%2F1txfntxp!19sChIJHY542f1vcVMRG7nq4Ni9kZQ?authuser=0&hl=en&g_ep=EgoyMDI2MDgyNS4wIJJjKgBIAVAD&rclk=1
resorts in Calgary,Fairmont Palliser,"pal.concierge@fairmont.com, palliserhotel@fairmont.com",https://www.fairmont.com/palliser-calgary/?goto=fiche_hotel&code_hotel=A555&merchantid=seo-maps-CA-A555&sourceid=aw-cen&utm_medium=seo%20maps&utm_source=google%20Maps&utm_campaign=seo%20maps,+1 403-262-1234,None,https://www.google.com/maps/place/Fairmont+Palliser/data=!4m10!3m9!1s0x53716ffd78047d7b:0x49555d612c5cb685!5m2!4m1!1i2!8m2!3d51.0443336!4d-114.0649606!16zL20vMDZsaG10!19sChIJe30EeP1vcVMRhbZcLGFdVUk?authuser=0&hl=en&g_ep=EgoyMDI2MDgyNS4wIJJjKgBIAVAD&rclk=1
resorts in Calgary,Alt Hotel Calgary East Village,"reservations.legermainquebec@germainhotels.com, reservations.altmontreal@germainhotels.com, reservations.altottawa@germainhotels.com, reservations.altdix30@germainhotels.com, tdelint@germainhotels.com, reservations.altwinnipeg@germainhotels.com, reservations.legermaincalgary@germainhotels.com, reservations.altstjohns@germainhotels.com, reservations.alttorontoairport@germainhotels.com, reservations.altsaskatoon@germainhotels.com, reservations.legermaintorontomlsq@germainhotels.com, reservations.althalifax@germainhotels.com, reservations.legermainottawa@germainhotels.com, reservations.altquebec@germainhotels.com, reservations.calgaryeastvillage@althotels.ca, reservations.altcalgaryeastvillage@germainhotels.com, reservations.altcalgaryuniversitydistrict@germainhotels.com, reservations.legermaincharlevoix@germainhotels.com, reservations.legermaintorontomercer@germainhotels.com, reservations.escaddix30@germainhotels.com, reservations.legermainmontreal@germainhotels.com, sales.altcalgaryeastvillage@germainhotels.com",https://www.germainhotels.com/en/alt-hotel/calgary-east-village,+1 587-441-6635,OpenTable,https://www.google.com/maps/place/Alt+Hotel+Calgary+East+Village/data=!4m10!3m9!1s0x53716554d35e1fc9:0x8e0dabfc553c3c08!5m2!4m1!1i2!8m2!3d51.0473428!4d-114.0492986!16s%2Fg%2F11gfj425zs!19sChIJyR9e01RlcVMRCDw8VfyrDY4?authuser=0&hl=en&g_ep=EgoyMDI2MDgyNS4wIJJjKgBIAVAD&rclk=1
resorts in Calgary,Le Germain Hotel Calgary,"reservations.legermainquebec@germainhotels.com, reservations.altmontreal@germainhotels.com, concierge@germaincalgary.com, u003econcierge@germaincalgary.com, reservations.altottawa@germainhotels.com, reservations.altdix30@germainhotels.com, reservations.altwinnipeg@germainhotels.com, reservations.legermaincalgary@germainhotels.com, legermain@rnrwellness.com, reservations.altstjohns@germainhotels.com, reservations.alttorontoairport@germainhotels.com, reservations@germaincalgary.com, reservations.altsaskatoon@germainhotels.com, reservations.legermaintorontomlsq@germainhotels.com, reservations.althalifax@germainhotels.com, reservations.legermainottawa@germainhotels.com, reservations.altquebec@germainhotels.com, reservations.altcalgaryeastvillage@germainhotels.com, sales.legermaincalgary@germainhotels.com, reservations.altcalgaryuniversitydistrict@germainhotels.com, reservations.legermaincharlevoix@germainhotels.com, reservations.legermaintorontomercer@germainhotels.com, reservations.escaddix30@germainhotels.com, lhouliat@germainhotels.com, reservations.legermainmontreal@germainhotels.com, concierge.legermaincalgary@germainhotels.com",https://www.germainhotels.com/en/le-germain-hotel/calgary,+1 403-264-8990,OpenTable,https://www.google.com/maps/place/Le+Germain+Hotel+Calgary/data=!4m10!3m9!1s0x53716ffd8d6e062f:0xb6cc546497fceac1!5m2!4m1!1i2!8m2!3d51.0448961!4d-114.0633852!16s%2Fg%2F1v9tzl0c!19sChIJLwZujf1vcVMRwer8l2RUzLY?authuser=0&hl=en&g_ep=EgoyMDI2MDgyNS4wIJJjKgBIAVAD&rclk=1
resorts in Calgary,Hotel Arts,info@hotelarts.ca,https://www.hotelarts.ca/,+1 403-266-4611,None,https://www.google.com/maps/place/Hotel+Arts/data=!4m10!3m9!1s0x53717002de949b45:0x12243f87ba8c14cd!5m2!4m1!1i2!8m2!3d51.0412806!4d-114.0650429!16s%2Fg%2F1thtctby!19sChIJRZuU3gJwcVMRzRSMuoc_JBI?authuser=0&hl=en&g_ep=EgoyMDI2MDgyNS4wIJJjKgBIAVAD&rclk=1
resorts in Calgary,Canadian Rocky Mountain Resorts,info@crmr.com,https://www.crmr.com/,+1 403-410-7417,OpenTable,https://www.google.com/maps/place/Canadian+Rocky+Mountain+Resorts/data=!4m10!3m9!1s0x5371701c12ecc5d9:0x749cb374967e991d!5m2!4m1!1i2!8m2!3d51.0397551!4d-114.0661617!16s%2Fg%2F1tfd6n7x!19sChIJ2cXsEhxwcVMRHZl-lnSznHQ?authuser=0&hl=en&g_ep=EgoyMDI2MDgyNS4wIJJjKgBIAVAD&rclk=1
resorts in Calgary,Deerfoot Inn & Casino,,http://www.deerfootinn.com/,+1 403-236-7529,None,https://www.google.com/maps/place/Deerfoot+Inn+%26+Casino/data=!4m10!3m9!1s0x53717768fd659429:0x1a1955ecb48ca993!5m2!4m1!1i2!8m2!3d50.9486818!4d-113.9827491!16s%2Fm%2F0k0v89j!19sChIJKZRl_Wh3cVMRk6mMtOxVGRo?authuser=0&hl=en&g_ep=EgoyMDI2MDgyNS4wIJJjKgBIAVAD&rclk=1
resorts in Calgary,Grey Eagle Resort and Casino,,http://www.greyeagleresortandcasino.ca/,+1 403-385-3777,None,https://www.google.com/maps/place/Grey+Eagle+Resort+and+Casino/data=!4m10!3m9!1s0x537171edbde2ad0d:0x9ecba17eab6c70f2!5m2!4m1!1i2!8m2!3d51.0074946!4d-114.1472472!16s%2Fg%2F1tc_8bgd!19sChIJDa3ive1xcVMR8nBsq36hy54?authuser=0&hl=en&g_ep=EgoyMDI2MDgyNS4wIJJjKgBIAVAD&rclk=1
resorts in Calgary,Holiday Inn Calgary-Airport by IHG,,https://www.ihg.com/redirect?path=hd&localeCode=en&brandCode=HI&regionCode=CA&hotelCode=YYCAT&cm_mmc=GoogleMaps-_-HI-_-CA-_-YYCAT,+1 403-230-1999,None,https://www.google.com/maps/place/Holiday+Inn+Calgary-Airport+by+IHG/data=!4m10!3m9!1s0x5371652f6463c867:0xe69e53805e74d2a0!5m2!4m1!1i2!8m2!3d51.065994!4d-114.012093!16s%2Fg%2F1tj7w166!19sChIJZ8hjZC9lcVMRoNJ0XoBTnuY?authuser=0&hl=en&g_ep=EgoyMDI2MDgyNS4wIJJjKgBIAVAD&rclk=1
resorts in Calgary,Applause Hotel by Clique Calgary Airport,info@applausehotel.ca,http://www.applausehotel.ca/,+1 403-460-9589,None,https://www.google.com/maps/place/Applause+Hotel+by+Clique+Calgary+Airport/data=!4m10!3m9!1s0x5371642088235e57:0x5322198fec2d5503!5m2!4m1!1i2!8m2!3d51.1383865!4d-114.0349769!16s%2Fg%2F11bxh5gfz7!19sChIJV14jiCBkcVMRA1Ut7I8ZIlM?authuser=0&hl=en&g_ep=EgoyMDI2MDgyNS4wIJJjKgBIAVAD&rclk=1
resorts in Calgary,Prairie Crest Calgary Airport,,https://www.ihg.com/redirect?path=hd&localeCode=en&brandCode=SP&regionCode=CA&hotelCode=YYCAP&cm_mmc=GoogleMaps-_-SP-_-CA-_-YYCAP,+1 403-250-3297,None,https://www.google.com/maps/place/Prairie+Crest+Calgary+Airport/data=!4m10!3m9!1s0x5371652eda0e75f9:0x97a6575d072466f4!5m2!4m1!1i2!8m2!3d51.0721601!4d-114.0005578!16s%2Fg%2F11z58r68kc!19sChIJ-XUO2i5lcVMR9GYkB11Xppc?authuser=0&hl=en&g_ep=EgoyMDI2MDgyNS4wIJJjKgBIAVAD&rclk=1
resorts in Calgary,"Country Inn & Suites by Radisson, Calgary-Northeast",,https://www.choicehotels.com/alberta/calgary/country-inn-suites-hotels/cnc13?mc=llgoxxpx,+1 403-250-1800,None,"https://www.google.com/maps/place/Country+Inn+%26+Suites+by+Radisson,+Calgary-Northeast/data=!4m10!3m9!1s0x537164e59d624b2b:0xd029e25ffba5b91f!5m2!4m1!1i2!8m2!3d51.087669!4d-114.00338!16s%2Fg%2F1tdpfw48!19sChIJK0tineVkcVMRH7ml-1_iKdA?authuser=0&hl=en&g_ep=EgoyMDI2MDgyNS4wIJJjKgBIAVAD&rclk=1"
restaurants in Edmonton,May,hello@restaurantmay.ca,http://www.restaurantmay.ca/,+1 780-438-6880,"Tock, OpenTable",https://www.google.com/maps/place/May/data=!4m7!3m6!1s0x53a0236cab3c49df:0xc0a72b8b14bf7cde!8m2!3d53.548471!4d-113.5361068!16s%2Fg%2F11pd2k7wnj!19sChIJ30k8q2wjoFMR3ny_FIsrp8A?authuser=0&hl=en&g_ep=EgoyMDI2MDgyNS4wIJJjKgBIAVAD&rclk=1
restaurants in Edmonton,Tzin Wine & Tapas,info@tzin.ca,http://www.tzin.ca/,+1 780-428-8946,OpenTable,https://www.google.com/maps/place/Tzin+Wine+%26+Tapas/data=!4m7!3m6!1s0x53a02247dbae1a6b:0x12a54679d8b1ae78!8m2!3d53.5414187!4d-113.4990786!16s%2Fg%2F1x6q1fs2!19sChIJaxqu20cioFMReK6x2HlGpRI?authuser=0&hl=en&g_ep=EgoyMDI2MDgyNS4wIJJjKgBIAVAD&rclk=1
restaurants in Edmonton,JOEY Mayfield,"accessibility@joeyrestaurants.com, jmayfield@joeyrestaurants.com",https://joeyrestaurants.com/location/joey-mayfield,+1 780-487-8060,OpenTable,https://www.google.com/maps/place/JOEY+Mayfield/data=!4m7!3m6!1s0x53a0211cfd54c2ed:0x3dd23419bf39a232!8m2!3d53.5436794!4d-113.6138119!16s%2Fg%2F1tdbf345!19sChIJ7cJU_RwhoFMRMqI5vxk00j0?authuser=0&hl=en&g_ep=EgoyMDI2MDgyNS4wIJJjKgBIAVAD&rclk=1
restaurants in Edmonton,Golden Sparrow Cocktail and Tapas Bar,"marketing@goldensparrowyeg.com, reservations@goldensparrowyeg.com",https://www.goldensparrowyeg.com/,+1 780-244-3371,Tock,https://www.google.com/maps/place/Golden+Sparrow+Cocktail+and+Tapas+Bar/data=!4m7!3m6!1s0x53a0230b146f662f:0xfbc66249b1de3988!8m2!3d53.5511784!4d-113.5361428!16s%2Fg%2F11wxbvj_q8!19sChIJL2ZvFAsjoFMRiDnesUlixvs?authuser=0&hl=en&g_ep=EgoyMDI2MDgyNS4wIJJjKgBIAVAD&rclk=1
restaurants in Edmonton,The Workshop Eatery,,https://robertspencerhosp.com/workshop-eatery/,+1 780-705-2205,Toast,https://www.google.com/maps/place/The+Workshop+Eatery/data=!4m7!3m6!1s0x53a01c263ff48585:0x4b2ac40f7a3c0988!8m2!3d53.415689!4d-113.4805172!16s%2Fg%2F11bx6_z_7s!19sChIJhYX0PyYcoFMRiAk8eg_EKks?authuser=0&hl=en&g_ep=EgoyMDI2MDgyNS4wIJJjKgBIAVAD&rclk=1
restaurants in Edmonton,Culinary Unicorn Kitchen & Bar,info@culinaryunicorn.com,https://www.culinaryunicorn.com/,+1 780-249-3663,OpenTable,https://www.google.com/maps/place/Culinary+Unicorn+Kitchen+%26+Bar/data=!4m7!3m6!1s0x53a023fb7475ca51:0xdfe90ec4c56eaaed!8m2!3d53.5392274!4d-113.5044906!16s%2Fg%2F11lybm_h6s!19sChIJUcp1dPsjoFMR7apuxcQO6d8?authuser=0&hl=en&g_ep=EgoyMDI2MDgyNS4wIJJjKgBIAVAD&rclk=1
restaurants in Edmonton,The Next Act Pub,info@nextactpub.com,http://www.nextactpub.com/,+1 780-433-9345,None,https://www.google.com/maps/place/The+Next+Act+Pub/data=!4m7!3m6!1s0x53a0220fdc383f45:0x864af52f05d32f2e!8m2!3d53.5188398!4d-113.4978455!16s%2Fg%2F1vspr5c9!19sChIJRT843A8ioFMRLi_TBS_1SoY?authuser=0&hl=en&g_ep=EgoyMDI2MDgyNS4wIJJjKgBIAVAD&rclk=1
restaurants in Edmonton,Denny's Restaurant West (Edmonton),feedback@dennys.ca,https://www.dennys.ca/restaurant/alberta/edmonton-west/?utm_source=google&utm_medium=maps,+1 780-487-3663,"Tock, Resy",https://www.google.com/maps/place/Denny%27s+Restaurant+West+%28Edmonton%29/data=!4m7!3m6!1s0x53a020e4920b82ed:0x54cefb24a5a00f0e!8m2!3d53.5404356!4d-113.6268578!16s%2Fg%2F1tm8dnwf!19sChIJ7YILkuQgoFMRDg-gpST7zlQ?authuser=0&hl=en&g_ep=EgoyMDI2MDgyNS4wIJJjKgBIAVAD&rclk=1
restaurants in Edmonton,Cedar sweets restaurant and catering,cedarsweets@yahoo.ca,http://cedarsweets.ca/,+1 780-540-2292,None,https://www.google.com/maps/place/Cedar+sweets+restaurant+and+catering/data=!4m7!3m6!1s0x53a021f7a5ad195b:0x4359dd1a5bac9c07!8m2!3d53.5386128!4d-113.6141678!16s%2Fg%2F11tmkch3yp!19sChIJWxmtpfchoFMRB5ysWxrdWUM?authuser=0&hl=en&g_ep=EgoyMDI2MDgyNS4wIJJjKgBIAVAD&rclk=1
restaurants in Edmonton,Jamaican Jerk Shak,,https://www.instagram.com/jamaicanjerkshak876/,+1 780-250-5375,"Tock, Resy",https://www.google.com/maps/place/Jamaican+Jerk+Shak/data=!4m7!3m6!1s0x53a021e2195e8113:0x6feb3d55aa522c87!8m2!3d53.523!4d-113.6260841!16s%2Fg%2F11sczvmbvw!19sChIJE4FeGeIhoFMRhyxSqlU9628?authuser=0&hl=en&g_ep=EgoyMDI2MDgyNS4wIJJjKgBIAVAD&rclk=1
restaurants in Edmonton,JOEY South Common,"accessibility@joeyrestaurants.com, jsouthcommons@joeyrestaurants.com",https://joeyrestaurants.com/location/joey-south-common,+1 780-465-1880,OpenTable,https://www.google.com/maps/place/JOEY+South+Common/data=!4m7!3m6!1s0x53a01ec3df0ac91b:0x68a3a0b4aa8c7a90!8m2!3d53.4473853!4d-113.4856226!16s%2Fg%2F1tsr2www!19sChIJG8kK38MeoFMRkHqMqrSgo2g?authuser=0&hl=en&g_ep=EgoyMDI2MDgyNS4wIJJjKgBIAVAD&rclk=1
restaurants in Edmonton,Bistro Praha,,https://bistropraha.com/,+1 780-424-4218,None,https://www.google.com/maps/place/Bistro+Praha/data=!4m7!3m6!1s0x53a02246726bf749:0xbc2b1de9166d4207!8m2!3d53.54133!4d-113.4935321!16s%2Fg%2F1vfp7wyq!19sChIJSfdrckYioFMRB0JtFukdK7w?authuser=0&hl=en&g_ep=EgoyMDI2MDgyNS4wIJJjKgBIAVAD&rclk=1
restaurants in Edmonton,Cafe Amore Bistro,info@cafeamorebistro.ca,http://cafeamorebistro.ca/,+1 780-477-7896,None,https://www.google.com/maps/place/Cafe+Amore+Bistro/data=!4m7!3m6!1s0x53a0230dc59cedbb:0xce16bd04d78a0354!8m2!3d53.5496744!4d-113.5069447!16s%2Fg%2F12hm16w1q!19sChIJu-2cxQ0joFMRVAOK1wS9Fs4?authuser=0&hl=en&g_ep=EgoyMDI2MDgyNS4wIJJjKgBIAVAD&rclk=1
restaurants in Edmonton,Little Wolf Restaurant,hi@littlewolfrestaurant.com,https://littlewolfrestaurant.com/,+1 780-757-2600,"Tock, OpenTable",https://www.google.com/maps/place/Little+Wolf+Restaurant/data=!4m7!3m6!1s0x53a023effb37c63b:0x3cc4849277cbc3b7!8m2!3d53.5206063!4d-113.5125206!16s%2Fg%2F11v67pr4b_!19sChIJO8Y3--8joFMRt8PLd5KExDw?authuser=0&hl=en&g_ep=EgoyMDI2MDgyNS4wIJJjKgBIAVAD&rclk=1
restaurants in Edmonton,Partake,allo@ouipartake.com,http://ouipartake.com/,780-760-8253,"Tock, OpenTable",https://www.google.com/maps/place/Partake/data=!4m7!3m6!1s0x53a0234d9903af47:0x3b9f957ff3811d4!8m2!3d53.542742!4d-113.5373364!16s%2Fg%2F11gwmpn6vk!19sChIJR68DmU0joFMR1BE4_1f5uQM?authuser=0&hl=en&g_ep=EgoyMDI2MDgyNS4wIJJjKgBIAVAD&rclk=1
restaurants in Edmonton,Rockin' Robyn's,robyn@rockinrobyns.com,http://www.rockinrobyns.com/,+1 780-756-5656,None,https://www.google.com/maps/place/Rockin%27+Robyn%27s/data=!4m7!3m6!1s0x53a0213d07d5b67f:0x700d6256dbab8baf!8m2!3d53.5562757!4d-113.6060558!16s%2Fg%2F12hs2yqpk!19sChIJf7bVBz0hoFMRr4ur21ZiDXA?authuser=0&hl=en&g_ep=EgoyMDI2MDgyNS4wIJJjKgBIAVAD&rclk=1
restaurants in Edmonton,Pip,info@pipyeg.com,http://www.pipyeg.com/,+1 780-760-4747,OpenTable,https://www.google.com/maps/place/Pip/data=!4m7!3m6!1s0x53a0220fde998bdd:0x2043760380c56475!8m2!3d53.5189201!4d-113.4971148!16s%2Fg%2F11f_497j_7!19sChIJ3YuZ3g8ioFMRdWTFgAN2QyA?authuser=0&hl=en&g_ep=EgoyMDI2MDgyNS4wIJJjKgBIAVAD&rclk=1
restaurants in Edmonton,Jerusalem Shawarma Edmonton South,izzo@jerusalem-shawarma.ca,https://jerusalemedmonton.com/,+1 780-450-0660,None,https://www.google.com/maps/place/Jerusalem+Shawarma+Edmonton+South/data=!4m7!3m6!1s0x53a01f8598373369:0x27e9157f73ddd086!8m2!3d53.4529962!4d-113.488122!16s%2Fg%2F11pck_87kf!19sChIJaTM3mIUfoFMRhtDdc38V6Sc?authuser=0&hl=en&g_ep=EgoyMDI2MDgyNS4wIJJjKgBIAVAD&rclk=1
restaurants in Edmonton,Añejo Restaurant,,https://www.anejo.ca/en/locations/ab/edmonton/11954-104-avenue-nw,+1 587-407-2953,OpenTable,https://www.google.com/maps/place/A%C3%B1ejo+Restaurant/data=!4m7!3m6!1s0x53a023b19a54dec3:0xd75a23d28f2f1e87!8m2!3d53.5469525!4d-113.5280277!16s%2Fg%2F11ks6xgvqc!19sChIJw95UmrEjoFMRhx4vj9IjWtc?authuser=0&hl=en&g_ep=EgoyMDI2MDgyNS4wIJJjKgBIAVAD&rclk=1
restaurants in Edmonton,Evario Kitchen + Bar,evariokitchen@hiyegso.com,https://evariokitchen.ca/,+1 780-784-8515,OpenTable,https://www.google.com/maps/place/Evario+Kitchen+%2B+Bar/data=!4m7!3m6!1s0x53a01f21044b0e03:0xdf5a85a8bee6e55d!8m2!3d53.4233219!4d-113.4812049!16s%2Fg%2F11rg2myxyb!19sChIJAw5LBCEfoFMRXeXmvqiFWt8?authuser=0&hl=en&g_ep=EgoyMDI2MDgyNS4wIJJjKgBIAVAD&rclk=1
restaurants in Edmonton,Woodwork,eat@woodworkyeg.com,http://www.woodworkyeg.com/,+1 780-757-4100,"Tock, OpenTable",https://www.google.com/maps/place/Woodwork/data=!4m7!3m6!1s0x53a02245be4c9a55:0x20dc38365c8dbd64!8m2!3d53.5419563!4d-113.4907007!16s%2Fg%2F1ptyt_g2l!19sChIJVZpMvkUioFMRZL2NXDY43CA?authuser=0&hl=en&g_ep=EgoyMDI2MDgyNS4wIJJjKgBIAVAD&rclk=1
restaurants in Edmonton,Bianco,manager@biancoeats.com,http://www.biancoeats.com/,+1 780-761-8838,"Tock, OpenTable",https://www.google.com/maps/place/Bianco/data=!4m7!3m6!1s0x53a0237d055f5349:0xff9e9cbfe5f60b02!8m2!3d53.5424483!4d-113.4916461!16s%2Fg%2F11flkxnqq9!19sChIJSVNfBX0joFMRAgv25b-cnv8?authuser=0&hl=en&g_ep=EgoyMDI2MDgyNS4wIJJjKgBIAVAD&rclk=1
restaurants in Edmonton,Homefire Grill,dolson@homefiregrill.ca,https://www.homefiregrill.ca/?utm_source=google&utm_medium=organic&utm_campaign=gbp_listing,+1 780-489-8086,OpenTable,https://www.google.com/maps/place/Homefire+Grill/data=!4m7!3m6!1s0x53a020efb4ec4e0f:0xa6ec40a3d8f69361!8m2!3d53.537985!4d-113.6359317!16s%2Fg%2F1tdb8j6q!19sChIJD07stO8goFMRYZP22KNA7KY?authuser=0&hl=en&g_ep=EgoyMDI2MDgyNS4wIJJjKgBIAVAD&rclk=1
restaurants in Edmonton,The Old Spaghetti Factory (Downtown Edmonton),edmonton@osf.ca,http://www.oldspaghettifactory.ca/locations/edmonton,+1 780-422-6088,None,https://www.google.com/maps/place/The+Old+Spaghetti+Factory+%28Downtown+Edmonton%29/data=!4m7!3m6!1s0x53a0224890edca61:0x5df51b455aba6108!8m2!3d53.5435231!4d-113.4975898!16s%2Fg%2F1vd70_p3!19sChIJYcrtkEgioFMRCGG6WkUb9V0?authuser=0&hl=en&g_ep=EgoyMDI2MDgyNS4wIJJjKgBIAVAD&rclk=1
restaurants in Edmonton,DaDeO,,http://dadeo.ca/,+1 780-433-0930,"Tock, Resy",https://www.google.com/maps/place/DaDeO/data=!4m7!3m6!1s0x53a0220535001db1:0x8d7ed7be7fcedb36!8m2!3d53.5182611!4d-113.5027049!16s%2Fg%2F1v4k65w9!19sChIJsR0ANQUioFMRNtvOf77Xfo0?authuser=0&hl=en&g_ep=EgoyMDI2MDgyNS4wIJJjKgBIAVAD&rclk=1
restaurants in Edmonton,Sabor Restaurant,info@sabor.ca,http://sabor.ca/,+1 780-757-1114,"Tock, Resy, OpenTable",https://www.google.com/maps/place/Sabor+Restaurant/data=!4m7!3m6!1s0x53a0224890edca61:0xcb4267c543d4e2de!8m2!3d53.5433215!4d-113.4976589!16s%2Fg%2F1v1vcwdh!19sChIJYcrtkEgioFMR3uLUQ8VnQss?authuser=0&hl=en&g_ep=EgoyMDI2MDgyNS4wIJJjKgBIAVAD&rclk=1
restaurants in Edmonton,La Petite Iza,info@lapetiteiza.com,http://www.lapetiteiza.com/,+1 780-435-0083,"Tock, OpenTable",https://www.google.com/maps/place/La+Petite+Iza/data=!4m7!3m6!1s0x53a023d13afb036d:0x6aafbf65ebe12f4a!8m2!3d53.5240217!4d-113.5132682!16s%2Fg%2F11mvw_js6d!19sChIJbQP7OtEjoFMRSi_h62W_r2o?authuser=0&hl=en&g_ep=EgoyMDI2MDgyNS4wIJJjKgBIAVAD&rclk=1
restaurants in Edmonton,Five & Dive,"info@fiveanddive.ca, jobs@fiveanddive.ca",http://www.fiveanddive.ca/,+1 780-444-3483,"Tock, OpenTable",https://www.google.com/maps/place/Five+%26+Dive/data=!4m7!3m6!1s0x53a021979fa7364f:0xa0269bbf6010ffe9!8m2!3d53.5236105!4d-113.6241535!16s%2Fg%2F11qn5rqpvk!19sChIJTzann5choFMR6f8QYL-bJqA?authuser=0&hl=en&g_ep=EgoyMDI2MDgyNS4wIJJjKgBIAVAD&rclk=1
restaurants in Edmonton,Leopold's Tavern Edmonton - Winterburn,,https://leopoldstavern.com/,+1 855-522-5367,Toast,https://www.google.com/maps/place/Leopold%27s+Tavern+Edmonton+-+Winterburn/data=!4m7!3m6!1s0x539f8b01f56e2881:0x693267ffcbaf6c92!8m2!3d53.5282688!4d-113.6923593!16s%2Fg%2F11n3wy0hf0!19sChIJgShu9QGLn1MRkmyvy_9nMmk?authuser=0&hl=en&g_ep=EgoyMDI2MDgyNS4wIJJjKgBIAVAD&rclk=1
restaurants in Edmonton,Blowers & Grafton (Windermere),,https://blowersgrafton.com/,+1 780-758-6424,None,https://www.google.com/maps/place/Blowers+%26+Grafton+%28Windermere%29/data=!4m7!3m6!1s0x539ff5b80ef9a4cb:0x155fd5cb38471728!8m2!3d53.4365964!4d-113.6065596!16s%2Fg%2F11ny26y9vz!19sChIJy6T5Drj1n1MRKBdHOMvVXxU?authuser=0&hl=en&g_ep=EgoyMDI2MDgyNS4wIJJjKgBIAVAD&rclk=1
restaurants in Edmonton,DOSC,info@dosc.ca,https://dosc.ca/menu/,+1 780-540-0606,Tock,https://www.google.com/maps/place/DOSC/data=!4m7!3m6!1s0x53a0238cebff8963:0xe49ee9cdc9c86817!8m2!3d53.5428719!4d-113.4995222!16s%2Fg%2F11g1mg0g4n!19sChIJY4n_64wjoFMRF2jIyc3pnuQ?authuser=0&hl=en&g_ep=EgoyMDI2MDgyNS4wIJJjKgBIAVAD&rclk=1
restaurants in Edmonton,Moxies South Edmonton Common Restaurant,gmsec@moxiespcl.com,https://moxies.ca/restaurants/south-edmonton-common/?utm_source=google&utm_medium=organic&utm_campaign=gbp,+1 780-540-7620,OpenTable,https://www.google.com/maps/place/Moxies+South+Edmonton+Common+Restaurant/data=!4m7!3m6!1s0x53a01ffad17fc759:0x8110fb64bbccc057!8m2!3d53.4517146!4d-113.4854339!16s%2Fg%2F11y481v7pc!19sChIJWcd_0fofoFMRV8DMu2T7EIE?authuser=0&hl=en&g_ep=EgoyMDI2MDgyNS4wIJJjKgBIAVAD&rclk=1
restaurants in Edmonton,Atrium at Sabor,,http://www.atriumatsabor.ca/,+1 780-952-0576,"Tock, OpenTable",https://www.google.com/maps/place/Atrium+at+Sabor/data=!4m7!3m6!1s0x53a022488c4c2aad:0x4232056de6fe645b!8m2!3d53.5432896!4d-113.4983364!16s%2Fg%2F11yj639ds5!19sChIJrSpMjEgioFMRW2T-5m0FMkI?authuser=0&hl=en&g_ep=EgoyMDI2MDgyNS4wIJJjKgBIAVAD&rclk=1
restaurants in Edmonton,Sorrentino's Downtown,,https://sorrentinos.com/downtown/,+1 780-424-7500,OpenTable,https://www.google.com/maps/place/Sorrentino%27s+Downtown/data=!4m7!3m6!1s0x53a02245964684db:0x34c544e10650f8cd!8m2!3d53.5426279!4d-113.4909139!16s%2Fg%2F1tg78qwn!19sChIJ24RGlkUioFMRzfhQBuFExTQ?authuser=0&hl=en&g_ep=EgoyMDI2MDgyNS4wIJJjKgBIAVAD&rclk=1
restaurants in Edmonton,Taste Of Persia Restaurant,contact@toprestaurant.ca,http://toprestaurant.ca/,+1 780-443-2525,None,https://www.google.com/maps/place/Taste+Of+Persia+Restaurant/data=!4m7!3m6!1s0x53a021f6fd59685d:0xc6118afea758ebc7!8m2!3d53.538344!4d-113.6253079!16s%2Fg%2F11fjmf0rdt!19sChIJXWhZ_fYhoFMRx-tYp_6KEcY?authuser=0&hl=en&g_ep=EgoyMDI2MDgyNS4wIJJjKgBIAVAD&rclk=1
restaurants in Edmonton,A Food Fair Restaurant,,http://www.afoodfair.com/,+1 780-341-6655,None,https://www.google.com/maps/place/A+Food+Fair+Restaurant/data=!4m7!3m6!1s0x53a02128791a65cb:0x919ef18708d400b1!8m2!3d53.5393411!4d-113.5944624!16s%2Fg%2F11rcvknm50!19sChIJy2UaeSghoFMRsQDUCIfxnpE?authuser=0&hl=en&g_ep=EgoyMDI2MDgyNS4wIJJjKgBIAVAD&rclk=1
restaurants in Edmonton,Rge Rd,hello@rgerd.ca,http://rgerd.ca/,+1 780-447-4577,"Tock, Toast",https://www.google.com/maps/place/Rge+Rd/data=!4m7!3m6!1s0x53a023d233a60ab7:0xe543711ef12a6d3c!8m2!3d53.5506797!4d-113.5338447!16s%2Fg%2F1q62f6qqq!19sChIJtwqmM9IjoFMRPG0q8R5xQ-U?authuser=0&hl=en&g_ep=EgoyMDI2MDgyNS4wIJJjKgBIAVAD&rclk=1
restaurants in Edmonton,TiKi TiKi on Whyte,"jonpinhorn.typedesign@gmail.com, tikitikionwhyte@gmail.com, amkryukov@gmail.com",http://tikitiki.ca/,+1 780-756-8881,None,https://www.google.com/maps/place/TiKi+TiKi+on+Whyte/data=!4m7!3m6!1s0x53a02390b6759e5d:0xcea0806a37c71fa8!8m2!3d53.5178471!4d-113.4901296!16s%2Fg%2F11sds9nc5p!19sChIJXZ51tpAjoFMRqB_HN2qAoM4?authuser=0&hl=en&g_ep=EgoyMDI2MDgyNS4wIJJjKgBIAVAD&rclk=1
restaurants in Edmonton,Le Petit Chef - Edmonton,"mail@lepetitchef.com, mhrs.yegjw.concierge@marriott.com",https://lepetitchef.com/edmonton,+1 780-784-7950,Tock,https://www.google.com/maps/place/Le+Petit+Chef+-+Edmonton/data=!4m7!3m6!1s0x53a023ea2b441641:0xab17855607c8536a!8m2!3d53.54565!4d-113.49582!16s%2Fg%2F11lf2y7qs9!19sChIJQRZEK-ojoFMRalPIB1aFF6s?authuser=0&hl=en&g_ep=EgoyMDI2MDgyNS4wIJJjKgBIAVAD&rclk=1
restaurants in Edmonton,The Common,"nicole@thecommon.ca, reservations@thecommon.ca, emma@thecommon.ca, bookings@thecommon.ca, kyla@thecommon.ca",https://www.thecommon.ca/,+1 780-452-7333,"Tock, OpenTable",https://www.google.com/maps/place/The+Common/data=!4m7!3m6!1s0x53a0223a292717c3:0x1fe0866ed81ddb2f!8m2!3d53.5375828!4d-113.5087145!16s%2Fg%2F1hc0_0hyp!19sChIJwxcnKToioFMRL9sd2G6G4B8?authuser=0&hl=en&g_ep=EgoyMDI2MDgyNS4wIJJjKgBIAVAD&rclk=1
restaurants in Edmonton,JOEY Bell Tower,"accessibility@joeyrestaurants.com, jbelltower@joeyrestaurants.com",https://joeyrestaurants.com/location/joey-bell-tower,+1 780-990-5639,OpenTable,https://www.google.com/maps/place/JOEY+Bell+Tower/data=!4m7!3m6!1s0x53a0224f3d64ee89:0x5002ad5a5ff04690!8m2!3d53.5451088!4d-113.4941745!16s%2Fg%2F11c1lf23b1!19sChIJie5kPU8ioFMRkEbwX1qtAlA?authuser=0&hl=en&g_ep=EgoyMDI2MDgyNS4wIJJjKgBIAVAD&rclk=1
restaurants in Edmonton,Poulet Rouge,experience@poulet-rouge.ca,https://locations.poulet-rouge.ca/en/west-edmonton-mall,+1 780-249-6399,None,https://www.google.com/maps/place/Poulet+Rouge/data=!4m7!3m6!1s0x53a0213858f38533:0xf054b2289b24cf10!8m2!3d53.5232307!4d-113.6256045!16s%2Fg%2F11lybwz0lg!19sChIJM4XzWDghoFMREM8kmyiyVPA?authuser=0&hl=en&g_ep=EgoyMDI2MDgyNS4wIJJjKgBIAVAD&rclk=1
restaurants in Edmonton,JINYA Ramen Bar - Edmonton,,https://www.jinyaramenbar.com/locations/edmonton/,+1 780-249-6658,None,https://www.google.com/maps/place/JINYA+Ramen+Bar+-+Edmonton/data=!4m7!3m6!1s0x53a0235c90b724c7:0xa5eb6b7371ff386c!8m2!3d53.539987!4d-113.5078801!16s%2Fg%2F11w4d3mlzb!19sChIJxyS3kFwjoFMRbDj_cXNr66U?authuser=0&hl=en&g_ep=EgoyMDI2MDgyNS4wIJJjKgBIAVAD&rclk=1
restaurants in Edmonton,Normand's Restaurant,,http://normands.com/,+1 780-482-2600,None,https://www.google.com/maps/place/Normand%27s+Restaurant/data=!4m7!3m6!1s0x53a0222e3986206d:0xb240bc78adf0e2b!8m2!3d53.5407562!4d-113.5224151!16s%2Fg%2F1tfb1p1y!19sChIJbSCGOS4ioFMRKw7fiscLJAs?authuser=0&hl=en&g_ep=EgoyMDI2MDgyNS4wIJJjKgBIAVAD&rclk=1
hotels in Edmonton,Best Western Plus West Edmonton,,https://www.bestwestern.com/en_US/book/hotel-rooms.61105.html?iata=00171880&ssob=BLBWI0004G&cid=BLBWI0004G:googlelt:gmb:61105,+1 780-483-4000,None,https://www.google.com/maps/place/Best+Western+Plus+West+Edmonton/data=!4m10!3m9!1s0x53a0210c9082e5c3:0xe9b439e189ec32a9!5m2!4m1!1i2!8m2!3d53.5385141!4d-113.6301878!16s%2Fg%2F11hk15yrsl!19sChIJw-WCkAwhoFMRqTLsieE5tOk?authuser=0&hl=en&g_ep=EgoyMDI2MDgyNS4wIJJjKgBIAVAD&rclk=1
hotels in Edmonton,Travelodge by Wyndham Edmonton South,"nightaudit@tledmontonsouth.com, accessibility@wyndham.com",https://www.wyndhamhotels.com/en-ca/travelodge/edmonton-alberta/travelodge-edmonton-south/overview?CID=LC:fkqqcjhla7b6gbb:9761&iata=00093796,+1 780-436-9770,None,https://www.google.com/maps/place/Travelodge+by+Wyndham+Edmonton+South/data=!4m10!3m9!1s0x5304f6f766a42889:0x923df597d0ab7083!5m2!4m1!1i2!8m2!3d53.4835194!4d-113.4934954!16s%2Fg%2F1hm63gzb0!19sChIJiSikZvf2BFMRg3Cr0Jf1PZI?authuser=0&hl=en&g_ep=EgoyMDI2MDgyNS4wIJJjKgBIAVAD&rclk=1
hotels in Edmonton,Travelodge by Wyndham Edmonton West,accessibility@wyndham.com,https://www.wyndhamhotels.com/en-ca/travelodge/edmonton-alberta/travelodge-edmonton-west/overview?CID=LC:fkqqcjhla7b6gbb:9799&iata=00093796,+1 780-800-7183,None,https://www.google.com/maps/place/Travelodge+by+Wyndham+Edmonton+West/data=!4m10!3m9!1s0x53a020eb0f8c7187:0x37cb486892fdc53!5m2!4m1!1i2!8m2!3d53.5420107!4d-113.6389198!16s%2Fg%2F1vntjl0m!19sChIJh3GMD-sgoFMRU9wviYa0fAM?authuser=0&hl=en&g_ep=EgoyMDI2MDgyNS4wIJJjKgBIAVAD&rclk=1
hotels in Edmonton,Chateau Lacombe Hotel,"rwong@chateaulacombe.com, info@chateaulacombe.com",https://www.chateaulacombe.com/,+1 780-428-6611,None,https://www.google.com/maps/place/Chateau+Lacombe+Hotel/data=!4m10!3m9!1s0x53a02246effe8d1d:0xe5f60975a0215bf0!5m2!4m1!1i2!8m2!3d53.5391367!4d-113.4939463!16s%2Fm%2F0ds7m_3!19sChIJHY3-70YioFMR8FshoHUJ9uU?authuser=0&hl=en&g_ep=EgoyMDI2MDgyNS4wIJJjKgBIAVAD&rclk=1
hotels in Edmonton,Best Western Plus South Edmonton Inn & Suites,,https://www.bestwestern.com/en_US/book/hotel-rooms.61078.html?iata=00171880&ssob=BLBWI0004G&cid=BLBWI0004G:google:gmb:61078,+1 780-801-3580,None,https://www.google.com/maps/place/Best+Western+Plus+South+Edmonton+Inn+%26+Suites/data=!4m10!3m9!1s0x53a01e8345c80165:0x92e99de1d6f90209!5m2!4m1!1i2!8m2!3d53.4231019!4d-113.4904199!16s%2Fg%2F1td4pcpp!19sChIJZQHIRYMeoFMRCQL51uGd6ZI?authuser=0&hl=en&g_ep=EgoyMDI2MDgyNS4wIJJjKgBIAVAD&rclk=1
hotels in Edmonton,Holiday Inn Express & Suites Edmonton South by IHG,,https://www.ihg.com/holidayinnexpress/hotels/us/en/edmonton/yegkk/hoteldetail?cm_mmc=GoogleMaps-_-EX-_-CA-_-YEGKK,+1 780-440-5000,None,https://www.google.com/maps/place/Holiday+Inn+Express+%26+Suites+Edmonton+South+by+IHG/data=!4m10!3m9!1s0x53a01edc3963e0e3:0x5aa1f448ab7492fa!5m2!4m1!1i2!8m2!3d53.456084!4d-113.493784!16s%2Fg%2F1tdgjymq!19sChIJ4-BjOdweoFMR-pJ0q0j0oVo?authuser=0&hl=en&g_ep=EgoyMDI2MDgyNS4wIJJjKgBIAVAD&rclk=1
hotels in Edmonton,Radisson Hotel & Conference Centre West Edmonton,,https://www.choicehotels.com/alberta/edmonton/radisson-hotels/cnc46,+1 825-608-5009,None,https://www.google.com/maps/place/Radisson+Hotel+%26+Conference+Centre+West+Edmonton/data=!4m10!3m9!1s0x53a021d4efa2bb7d:0x977472e627e4824b!5m2!4m1!1i2!8m2!3d53.5403602!4d-113.6338007!16s%2Fg%2F11l37lpx9v!19sChIJfbui79QhoFMRS4LkJ-ZydJc?authuser=0&hl=en&g_ep=EgoyMDI2MDgyNS4wIJJjKgBIAVAD&rclk=1
hotels in Edmonton,Edmonton Hotel and Convention Centre,guestservices@edmhotel.com,https://edmhotel.com/,+1 780-468-5400,None,https://www.google.com/maps/place/Edmonton+Hotel+and+Convention+Centre/data=!4m10!3m9!1s0x53a0196e05755a7b:0xf5e795ff3c8e9ba9!5m2!4m1!1i2!8m2!3d53.5135368!4d-113.4112959!16s%2Fg%2F11lmdsm4j4!19sChIJe1p1BW4ZoFMRqZuOPP-V5_U?authuser=0&hl=en&g_ep=EgoyMDI2MDgyNS4wIJJjKgBIAVAD&rclk=1
hotels in Edmonton,Holiday Inn Express & Suites Edmonton South by IHG,,https://www.ihg.com/holidayinnexpress/hotels/us/en/edmonton/yegkk/hoteldetail?cm_mmc=GoogleMaps-_-EX-_-CA-_-YEGKK,+1 780-440-5000,None,https://www.google.com/maps/place/Holiday+Inn+Express+%26+Suites+Edmonton+South+by+IHG/data=!4m10!3m9!1s0x53a01edc3dfe241b:0x5aa1f448ab7492fa!5m2!4m1!1i2!8m2!3d53.4560845!4d-113.493784!16s%2Fg%2F1tdgjymq!19sChIJGyT-PdweoFMR-pJ0q0j0oVo?authuser=0&hl=en&g_ep=EgoyMDI2MDgyNS4wIJJjKgBIAVAD&rclk=1
hotels in Edmonton,Holiday Inn Express & Suites Edmonton North by IHG,,https://www.ihg.com/holidayinnexpress/hotels/us/en/edmonton/yegen/hoteldetail?cm_mmc=GoogleMaps-_-EX-_-CA-_-YEGEN,+1 780-476-9898,None,https://www.google.com/maps/place/Holiday+Inn+Express+%26+Suites+Edmonton+North+by+IHG/data=!4m10!3m9!1s0x53a03cb93c7fd17d:0x730ae6076bfc4a87!5m2!4m1!1i2!8m2!3d53.5985617!4d-113.4156464!16s%2Fg%2F1tx_60xz!19sChIJfdF_PLk8oFMRh0r8awfmCnM?authuser=0&hl=en&g_ep=EgoyMDI2MDgyNS4wIJJjKgBIAVAD&rclk=1
hotels in Edmonton,Holiday Inn Conference Ctr Edmonton South by IHG,,https://www.ihg.com/holidayinn/hotels/us/en/edmonton/yegem/hoteldetail?cm_mmc=GoogleMaps-_-HI-_-CA-_-YEGEM,+1 780-431-1100,None,https://www.google.com/maps/place/Holiday+Inn+Conference+Ctr+Edmonton+South+by+IHG/data=!4m10!3m9!1s0x53a01f345404c0e7:0x76a877063d239654!5m2!4m1!1i2!8m2!3d53.482179!4d-113.4911094!16s%2Fg%2F1vnnj20x!19sChIJ58AEVDQfoFMRVJYjPQZ3qHY?authuser=0&hl=en&g_ep=EgoyMDI2MDgyNS4wIJJjKgBIAVAD&rclk=1
hotels in Edmonton,Wyndham Edmonton Hotel and Conference Centre,"oksana@wyndhamedmonton.com, accessibility@wyndham.com",https://www.wyndhamhotels.com/wyndham/edmonton-alberta/wyndham-edmonton-hotel-and-conference-centre/overview?CID=LC:46q62bu8edfbx3y:57494&iata=00093796,+1 825-901-4946,Tock,https://www.google.com/maps/place/Wyndham+Edmonton+Hotel+and+Conference+Centre/data=!4m10!3m9!1s0x53a01f229a2b8659:0xda86b8778ce80e58!5m2!4m1!1i2!8m2!3d53.482442!4d-113.492952!16s%2Fg%2F11k3hnk24s!19sChIJWYYrmiIfoFMRWA7ojHe4hto?authuser=0&hl=en&g_ep=EgoyMDI2MDgyNS4wIJJjKgBIAVAD&rclk=1
hotels in Edmonton,Ramada by Wyndham Edmonton South,accessibility@wyndham.com,https://www.wyndhamhotels.com/ramada/edmonton-alberta/ramada-edmonton-south/overview?CID=LC:wmcic5n98gs1g0r:7838&iata=00093796,+1 780-628-7740,None,https://www.google.com/maps/place/Ramada+by+Wyndham+Edmonton+South/data=!4m10!3m9!1s0x53a01f343961b159:0xb35341366cbd5301!5m2!4m1!1i2!8m2!3d53.4914231!4d-113.4935478!16s%2Fg%2F1tg9h72p!19sChIJWbFhOTQfoFMRAVO9bDZBU7M?authuser=0&hl=en&g_ep=EgoyMDI2MDgyNS4wIJJjKgBIAVAD&rclk=1
hotels in Edmonton,Thriftlodge Edmonton,accessibility@wyndham.com,https://www.wyndhamhotels.com/en-ca/travelodge/edmonton-alberta/thriftlodge-edmonton/overview?CID=LC:TL::GGL:RIO:National:49630&iata=00093796,+1 780-447-4455,None,https://www.google.com/maps/place/Thriftlodge+Edmonton/data=!4m10!3m9!1s0x539f8a09f8d4cdd1:0x33b160c6f72a12a1!5m2!4m1!1i2!8m2!3d53.5418357!4d-113.6923218!16s%2Fg%2F11bw3d1zc5!19sChIJ0c3U-AmKn1MRoRIq98ZgsTM?authuser=0&hl=en&g_ep=EgoyMDI2MDgyNS4wIJJjKgBIAVAD&rclk=1
hotels in Edmonton,Sandman Signature Edmonton South Hotel,reservations@sandman.ca,https://www.sandmanhotels.com/signature-edmonton-south?utm_source=google&utm_medium=maps&utm_campaign=signature_edmonton_south,+1 780-430-7263,Tock,https://www.google.com/maps/place/Sandman+Signature+Edmonton+South+Hotel/data=!4m10!3m9!1s0x53a01e84b4e33d59:0xae625995c0d371b6!5m2!4m1!1i2!8m2!3d53.4238139!4d-113.4902543!16s%2Fg%2F1v2kx3dr!19sChIJWT3jtIQeoFMRtnHTwJVZYq4?authuser=0&hl=en&g_ep=EgoyMDI2MDgyNS4wIJJjKgBIAVAD&rclk=1
hotels in Edmonton,Super 8 by Wyndham Edmonton/West,accessibility@wyndham.com,https://www.wyndhamhotels.com/super-8/edmonton-alberta/super-8-edmonton-west/overview?CID=LC:yytq4fvvehxh7se:8755&iata=00093796,+1 780-455-1111,None,https://www.google.com/maps/place/Super+8+by+Wyndham+Edmonton%2FWest/data=!4m10!3m9!1s0x53a021340935aecd:0x42550cc3cb7d66e1!5m2!4m1!1i2!8m2!3d53.571307!4d-113.613906!16s%2Fg%2F1tf9shvn!19sChIJza41CTQhoFMR4WZ9y8MMVUI?authuser=0&hl=en&g_ep=EgoyMDI2MDgyNS4wIJJjKgBIAVAD&rclk=1
hotels in Edmonton,"Royal Hotel West Edmonton, Trademark Collection by Wyndham",info.rhe@royalhotelgroup.ca,http://www.royalhotelwestedmonton.ca/,+1 780-484-6000,OpenTable,"https://www.google.com/maps/place/Royal+Hotel+West+Edmonton,+Trademark+Collection+by+Wyndham/data=!4m10!3m9!1s0x53a020e52cead7ad:0xe843bd90597fc43a!5m2!4m1!1i2!8m2!3d53.5387544!4d-113.6289603!16s%2Fg%2F1x5fb0vw!19sChIJrdfqLOUgoFMROsR_WZC9Q-g?authuser=0&hl=en&g_ep=EgoyMDI2MDgyNS4wIJJjKgBIAVAD&rclk=1"
hotels in Edmonton,Century Casino & Hotel Edmonton,edmonton.frontdesk@cnty.com,http://cnty.com/edmonton,+1 780-643-4000,OpenTable,https://www.google.com/maps/place/Century+Casino+%26+Hotel+Edmonton/data=!4m10!3m9!1s0x53a03cb5533686f5:0x28798a9732c5ce73!5m2!4m1!1i2!8m2!3d53.5896733!4d-113.4325787!16s%2Fg%2F1thw6dr3!19sChIJ9YY2U7U8oFMRc87FMpeKeSg?authuser=0&hl=en&g_ep=EgoyMDI2MDgyNS4wIJJjKgBIAVAD&rclk=1
hotels in Edmonton,DoubleTree by Hilton Edmonton Downtown,,https://www.hilton.com/en/hotels/yearsdt-doubletree-edmonton-downtown/?SEO_id=GMB-AMER-DT-YEARSDT,+1 587-525-1234,None,https://www.google.com/maps/place/DoubleTree+by+Hilton+Edmonton+Downtown/data=!4m10!3m9!1s0x53a023e61cdf516b:0x2c92e0fa87506c1!5m2!4m1!1i2!8m2!3d53.5443183!4d-113.4818816!16s%2Fg%2F11wmzzgl3k!19sChIJa1HfHOYjoFMRwQZ1qA8uyQI?authuser=0&hl=en&g_ep=EgoyMDI2MDgyNS4wIJJjKgBIAVAD&rclk=1
hotels in Edmonton,Quality Inn West Edmonton,,https://www.choicehotels.com/alberta/edmonton/quality-inn-hotels/cn889,+1 780-484-8000,None,https://www.google.com/maps/place/Quality+Inn+West+Edmonton/data=!4m10!3m9!1s0x53a020e453139009:0xb7beb317ccfae99f!5m2!4m1!1i2!8m2!3d53.5404688!4d-113.6287883!16s%2Fg%2F1tdqnbhc!19sChIJCZATU-QgoFMRn-n6zBezvrc?authuser=0&hl=en&g_ep=EgoyMDI2MDgyNS4wIJJjKgBIAVAD&rclk=1
hotels in Edmonton,Fairfield by Marriott Inn & Suites Edmonton North,,https://www.marriott.com/en-us/hotels/yegfi-fairfield-inn-and-suites-edmonton-north/overview/?scid=f2ae0541-1279-4f24-b197-a979c79310b0,+1 780-540-5100,None,https://www.google.com/maps/place/Fairfield+by+Marriott+Inn+%26+Suites+Edmonton+North/data=!4m10!3m9!1s0x53a0249de97acdfd:0xecd5f63cf6bc27a1!5m2!4m1!1i2!8m2!3d53.6017562!4d-113.4927714!16s%2Fg%2F11c3k4_fpf!19sChIJ_c166Z0koFMRoSe89jz21ew?authuser=0&hl=en&g_ep=EgoyMDI2MDgyNS4wIJJjKgBIAVAD&rclk=1
hotels in Edmonton,"Holiday Inn Express & Suites Edmonton SW – Windermere, an IHG Hotel",,https://www.ihg.com/holidayinnexpress/hotels/us/en/edmonton/yegwm/hoteldetail?cm_mmc=GoogleMaps-_-EX-_-CA-_-YEGWM,+1 780-249-9600,None,"https://www.google.com/maps/place/Holiday+Inn+Express+%26+Suites+Edmonton+SW+%E2%80%93+Windermere,+an+IHG+Hotel/data=!4m10!3m9!1s0x53a01e27e8eac181:0xa9e960f5df186590!5m2!4m1!1i2!8m2!3d53.43093!4d-113.58836!16s%2Fg%2F11jf9vyjvp!19sChIJgcHq6CceoFMRkGUY3_Vg6ak?authuser=0&hl=en&g_ep=EgoyMDI2MDgyNS4wIJJjKgBIAVAD&rclk=1"
hotels in Edmonton,Days Inn & Suites by Wyndham West Edmonton,accessibility@wyndham.com,https://www.wyndhamhotels.com/days-inn/edmonton-alberta/days-inn-and-suites-west-edmonton/overview?CID=LC:iqv0j1dklijly45:13710&iata=00093796,+1 780-701-5390,None,https://www.google.com/maps/place/Days+Inn+%26+Suites+by+Wyndham+West+Edmonton/data=!4m10!3m9!1s0x53a0224580deff23:0x677567cb8639249c!5m2!4m1!1i2!8m2!3d53.5386075!4d-113.6316499!16s%2Fg%2F1td7m_ff!19sChIJI__egEUioFMRnCQ5hstndWc?authuser=0&hl=en&g_ep=EgoyMDI2MDgyNS4wIJJjKgBIAVAD&rclk=1
hotels in Edmonton,Comfort Inn & Suites Downtown Edmonton,info@comfortinnedmonton.com,https://www.comfortinnedmonton.com/,+1 888-384-6835,None,https://www.google.com/maps/place/Comfort+Inn+%26+Suites+Downtown+Edmonton/data=!4m10!3m9!1s0x53a0223887f33041:0x279b5e1ab4859f37!5m2!4m1!1i2!8m2!3d53.5386897!4d-113.5008163!16s%2Fg%2F1tlvp6dg!19sChIJQTDzhzgioFMRN5-FtBpemyc?authuser=0&hl=en&g_ep=EgoyMDI2MDgyNS4wIJJjKgBIAVAD&rclk=1
hotels in Edmonton,Four Points by Sheraton Edmonton West,,https://www.marriott.com/en-us/hotels/yegfw-four-points-edmonton-west/overview/?scid=f2ae0541-1279-4f24-b197-a979c79310b0,+1 780-244-8355,None,https://www.google.com/maps/place/Four+Points+by+Sheraton+Edmonton+West/data=!4m10!3m9!1s0x53a020ee79230fc9:0x48ce0c327d772cc1!5m2!4m1!1i2!8m2!3d53.5377995!4d-113.6450374!16s%2Fg%2F11f4wtcwqd!19sChIJyQ8jee4goFMRwSx3fTIMzkg?authuser=0&hl=en&g_ep=EgoyMDI2MDgyNS4wIJJjKgBIAVAD&rclk=1
hotels in Edmonton,"Holiday Inn Express & Suites Edmonton SW – Windermere, an IHG Hotel",,https://www.ihg.com/holidayinnexpress/hotels/us/en/edmonton/yegwm/hoteldetail?cm_mmc=GoogleMaps-_-EX-_-CA-_-YEGWM,+1 780-249-9600,None,"https://www.google.com/maps/place/Holiday+Inn+Express+%26+Suites+Edmonton+SW+%E2%80%93+Windermere,+an+IHG+Hotel/data=!4m10!3m9!1s0x53a01e27ef3ecc3f:0xa9e960f5df186590!5m2!4m1!1i2!8m2!3d53.43093!4d-113.5883601!16s%2Fg%2F11jf9vyjvp!19sChIJP8w-7yceoFMRkGUY3_Vg6ak?authuser=0&hl=en&g_ep=EgoyMDI2MDgyNS4wIJJjKgBIAVAD&rclk=1"
hotels in Edmonton,"Hampton Inn by Hilton Edmonton/South, Alberta, Canada",,https://www.hilton.com/en/hotels/yegsohx-hampton-edmonton-south-alberta-canada/?SEO_id=GMB-AMER-HX-YEGSOHX,+1 780-801-2600,None,"https://www.google.com/maps/place/Hampton+Inn+by+Hilton+Edmonton%2FSouth,+Alberta,+Canada/data=!4m10!3m9!1s0x53a01e9cadd900b7:0xf812b07e55da07e6!5m2!4m1!1i2!8m2!3d53.4235577!4d-113.4886157!16s%2Fg%2F1tqyf59v!19sChIJtwDZrZweoFMR5gfaVX6wEvg?authuser=0&hl=en&g_ep=EgoyMDI2MDgyNS4wIJJjKgBIAVAD&rclk=1"
hotels in Edmonton,Days Inn by Wyndham Edmonton Downtown,accessibility@wyndham.com,https://www.wyndhamhotels.com/en-ca/days-inn/edmonton-alberta/days-inn-edmonton-downtown/overview?CID=LC:iqv0j1dklijly45:5961&iata=00093796,+1 780-423-1925,None,https://www.google.com/maps/place/Days+Inn+by+Wyndham+Edmonton+Downtown/data=!4m10!3m9!1s0x53a02238140c7d7f:0x8f77bd1e6cdd74f8!5m2!4m1!1i2!8m2!3d53.5400481!4d-113.5023608!16s%2Fg%2F1tn4xvm5!19sChIJf30MFDgioFMR-HTdbB69d48?authuser=0&hl=en&g_ep=EgoyMDI2MDgyNS4wIJJjKgBIAVAD&rclk=1
hotels in Edmonton,Holiday Inn Edmonton South - Evario Events by IHG,,https://www.ihg.com/holidayinn/hotels/us/en/edmonton/yegso/hoteldetail?cm_mmc=GoogleMaps-_-HI-_-CA-_-YEGSO,+1 780-784-8500,None,https://www.google.com/maps/place/Holiday+Inn+Edmonton+South+-+Evario+Events+by+IHG/data=!4m10!3m9!1s0x53a01e9e9d621ff3:0x33204da0993d78e0!5m2!4m1!1i2!8m2!3d53.4234214!4d-113.4815335!16s%2Fg%2F11gnprbggf!19sChIJ8x9inZ4eoFMR4Hg9maBNIDM?authuser=0&hl=en&g_ep=EgoyMDI2MDgyNS4wIJJjKgBIAVAD&rclk=1
hotels in Edmonton,Comfort Inn & Suites Fort Saskatchewan,,https://www.choicehotels.com/alberta/fort-saskatchewan/comfort-inn-hotels/cn976?mc=llrscncn&pmf=canada,+1 780-998-4000,None,https://www.google.com/maps/place/Comfort+Inn+%26+Suites+Fort+Saskatchewan/data=!4m10!3m9!1s0x53a045ec68f09c61:0xca1234ed7034e91b!5m2!4m1!1i2!8m2!3d53.6824453!4d-113.2405054!16s%2Fg%2F1hc10l7r1!19sChIJYZzwaOxFoFMRG-k0cO00Eso?authuser=0&hl=en&g_ep=EgoyMDI2MDgyNS4wIJJjKgBIAVAD&rclk=1
hotels in Edmonton,Comfort Inn West Edmonton,,https://www.choicehotels.com/alberta/edmonton/comfort-inn-hotels/cn234?mc=llrscncn&pmf=canada,+1 780-484-4415,None,https://www.google.com/maps/place/Comfort+Inn+West+Edmonton/data=!4m10!3m9!1s0x53a020fb33c41e89:0x30544a3f76cfc0e5!5m2!4m1!1i2!8m2!3d53.5386085!4d-113.6248185!16s%2Fg%2F1tfb67f8!19sChIJiR7EM_sgoFMR5cDPdj9KVDA?authuser=0&hl=en&g_ep=EgoyMDI2MDgyNS4wIJJjKgBIAVAD&rclk=1
hotels in Edmonton,Tru by Hilton Edmonton Windermere,,https://www.hilton.com/en/hotels/yegwmru-tru-edmonton-windermere/?SEO_id=GMB-AMER-RU-YEGWMRU,+1 780-752-8781,None,https://www.google.com/maps/place/Tru+by+Hilton+Edmonton+Windermere/data=!4m10!3m9!1s0x539ff58812dc6ddd:0xffb4cc47a2eb94c0!5m2!4m1!1i2!8m2!3d53.4305714!4d-113.5910293!16s%2Fg%2F11gsbcg5g_!19sChIJ3W3cEoj1n1MRwJTrokfMtP8?authuser=0&hl=en&g_ep=EgoyMDI2MDgyNS4wIJJjKgBIAVAD&rclk=1
hotels in Edmonton,Sandman Signature Edmonton Downtown Hotel,reservations@sandman.ca,https://www.sandmanhotels.com/signature-edmonton-downtown?utm_source=google&utm_medium=maps&utm_campaign=signature_edmonton_downtown,+1 780-428-7111,Tock,https://www.google.com/maps/place/Sandman+Signature+Edmonton+Downtown+Hotel/data=!4m10!3m9!1s0x53a0224f15f8e66f:0x26d12ea9159e5d09!5m2!4m1!1i2!8m2!3d53.5449339!4d-113.4931031!16s%2Fg%2F1tplkd_3!19sChIJb-b4FU8ioFMRCV2eFaku0SY?authuser=0&hl=en&g_ep=EgoyMDI2MDgyNS4wIJJjKgBIAVAD&rclk=1
hotels in Edmonton,Hilton Garden Inn West Edmonton,,https://www.hilton.com/en/hotels/yegwegi-hilton-garden-inn-west-edmonton/?SEO_id=GMB-AMER-GI-YEGWEGI,+1 780-443-2233,None,https://www.google.com/maps/place/Hilton+Garden+Inn+West+Edmonton/data=!4m10!3m9!1s0x53a020e380b8d655:0x8c96220f4eca61d0!5m2!4m1!1i2!8m2!3d53.5421669!4d-113.6253118!16s%2Fg%2F1v0lkg3q!19sChIJVda4gOMgoFMR0GHKTg8ilow?authuser=0&hl=en&g_ep=EgoyMDI2MDgyNS4wIJJjKgBIAVAD&rclk=1
hotels in Edmonton,Super 8 by Wyndham Sherwood Park/Edmonton Area,accessibility@wyndham.com,https://www.wyndhamhotels.com/super-8/sherwood-park-alberta/super-8-sherwood-park-edmonton-area/overview?CID=LC:yytq4fvvehxh7se:39490&iata=00093796,+1 780-640-5387,None,https://www.google.com/maps/place/Super+8+by+Wyndham+Sherwood+Park%2FEdmonton+Area/data=!4m10!3m9!1s0x53a03d988b92051f:0x101feeb93815de7a!5m2!4m1!1i2!8m2!3d53.5668046!4d-113.3224836!16s%2Fg%2F1xb2d7l_!19sChIJHwWSi5g9oFMRet4VOLnuHxA?authuser=0&hl=en&g_ep=EgoyMDI2MDgyNS4wIJJjKgBIAVAD&rclk=1
hotels in Edmonton,Holiday Inn Express & Suites Edmonton N - St. Albert by IHG,,https://www.ihg.com/holidayinnexpress/hotels/us/en/st-albert/yegsa/hoteldetail?cm_mmc=GoogleMaps-_-EX-_-CA-_-YEGSA,+1 587-290-1837,None,https://www.google.com/maps/place/Holiday+Inn+Express+%26+Suites+Edmonton+N+-+St.+Albert+by+IHG/data=!4m10!3m9!1s0x53a02f5ab75aa1bf:0x72bff2f4a00c51ed!5m2!4m1!1i2!8m2!3d53.674661!4d-113.639073!16s%2Fg%2F11ft7h4y_3!19sChIJv6Fat1ovoFMR7VEMoPTyv3I?authuser=0&hl=en&g_ep=EgoyMDI2MDgyNS4wIJJjKgBIAVAD&rclk=1
hotels in Edmonton,Hyatt Place Edmonton-West,,https://www.hyatt.com/hyatt-place/en-US/yegzw-hyatt-place-edmonton-west?src=corp_lclb_google_seo_yegzw&utm_source=google&utm_medium=organic&utm_campaign=lmr,+1 780-244-4900,None,https://www.google.com/maps/place/Hyatt+Place+Edmonton-West/data=!4m10!3m9!1s0x53a020ef8d86c9d7:0x6327066352c3a4e9!5m2!4m1!1i2!8m2!3d53.5386342!4d-113.6331439!16s%2Fg%2F11bxd89fz6!19sChIJ18mGje8goFMR6aTDUmMGJ2M?authuser=0&hl=en&g_ep=EgoyMDI2MDgyNS4wIJJjKgBIAVAD&rclk=1
hotels in Edmonton,Sandman Signature Sherwood Park Hotel,reservations@sandman.ca,https://www.sandmanhotels.com/signature-sherwood-park?utm_source=google&utm_medium=maps&utm_campaign=signature_sherwood_park,+1 780-467-7263,Tock,https://www.google.com/maps/place/Sandman+Signature+Sherwood+Park+Hotel/data=!4m10!3m9!1s0x53a03d85a1e19dc9:0x705fb45813de56fe!5m2!4m1!1i2!8m2!3d53.5644459!4d-113.2975149!16s%2Fg%2F11g0vbnyx3!19sChIJyZ3hoYU9oFMR_lbeE1i0X3A?authuser=0&hl=en&g_ep=EgoyMDI2MDgyNS4wIJJjKgBIAVAD&rclk=1
hotels in Edmonton,Sandman Hotel Edmonton West,reservations@sandman.ca,https://www.sandmanhotels.com/edmonton-west?utm_source=google&utm_medium=maps&utm_campaign=edmonton_west,+1 780-483-1385,Tock,https://www.google.com/maps/place/Sandman+Hotel+Edmonton+West/data=!4m10!3m9!1s0x53a020e4355881eb:0xad3ee293bd70e664!5m2!4m1!1i2!8m2!3d53.5398292!4d-113.6268309!16s%2Fg%2F1tkshgr1!19sChIJ64FYNeQgoFMRZOZwvZPiPq0?authuser=0&hl=en&g_ep=EgoyMDI2MDgyNS4wIJJjKgBIAVAD&rclk=1
hotels in Edmonton,Holiday Inn Express & Suites West Edmonton-Mall Area by IHG,,https://www.ihg.com/redirect?path=hd&localeCode=en&brandCode=EX&regionCode=CA&hotelCode=YEGAH&cm_mmc=GoogleMaps-_-EX-_-CA-_-YEGAH,+1 780-756-2134,None,https://www.google.com/maps/place/Holiday+Inn+Express+%26+Suites+West+Edmonton-Mall+Area+by+IHG/data=!4m10!3m9!1s0x53a020daa9791425:0x65ec796eb056612e!5m2!4m1!1i2!8m2!3d53.5379656!4d-113.6435196!16s%2Fg%2F11c3y8gyg0!19sChIJJRR5qdogoFMRLmFWsG557GU?authuser=0&hl=en&g_ep=EgoyMDI2MDgyNS4wIJJjKgBIAVAD&rclk=1
hotels in Edmonton,Fantasyland Hotel,,https://flh.ca/?utm_source=google&utm_medium=organic&utm_campaign=gmb,+1 800-737-3783,None,https://www.google.com/maps/place/Fantasyland+Hotel/data=!4m10!3m9!1s0x53a0205ea1ec5bb3:0x42238a797eef85b5!5m2!4m1!1i2!8m2!3d53.5222107!4d-113.6276418!16s%2Fg%2F1hcbjtc0j!19sChIJs1vsoV4goFMRtYXvfnmKI0I?authuser=0&hl=en&g_ep=EgoyMDI2MDgyNS4wIJJjKgBIAVAD&rclk=1
hotels in Edmonton,Wingate by Wyndham Edmonton West,"accessibility@wyndham.com, gm@wingatebywyndhamedmonton.com",https://www.wyndhamhotels.com/en-ca/wingate/edmonton-alberta/wingate-by-wyndham-edmonton-west/overview?CID=LC:7hcm1fujuihd89e:11020&iata=00093796,+1 780-443-1000,None,https://www.google.com/maps/place/Wingate+by+Wyndham+Edmonton+West/data=!4m10!3m9!1s0x53a020efac51b5e5:0x54568d9b88e6e160!5m2!4m1!1i2!8m2!3d53.5386792!4d-113.6364342!16s%2Fg%2F1hc2ngds8!19sChIJ5bVRrO8goFMRYOHmiJuNVlQ?authuser=0&hl=en&g_ep=EgoyMDI2MDgyNS4wIJJjKgBIAVAD&rclk=1
hotels in Edmonton,Sawridge Inn and Conference Centre Edmonton South,"sales.sawridge@hotelequities.com, apoorav.bhatla@hotelequities.com, fd.sawridge@hotelequities.com",http://www.sawridgeedmonton.com/,+1 780-438-1222,None,https://www.google.com/maps/place/Sawridge+Inn+and+Conference+Centre+Edmonton+South/data=!4m10!3m9!1s0x53a01f33c4b0725d:0xe8b27530e2395436!5m2!4m1!1i2!8m2!3d53.4787667!4d-113.4912394!16s%2Fg%2F11c0rmpv2y!19sChIJXXKwxDMfoFMRNlQ54jB1sug?authuser=0&hl=en&g_ep=EgoyMDI2MDgyNS4wIJJjKgBIAVAD&rclk=1
hotels in Edmonton,Days Inn & Suites by Wyndham Sherwood Park Edmonton,accessibility@wyndham.com,https://www.wyndhamhotels.com/en-ca/days-inn/sherwood-park-alberta/days-inn-and-suites-sherwood-park/overview?CID=LC:iqv0j1dklijly45:48495&iata=00093796,+1 780-570-8080,None,https://www.google.com/maps/place/Days+Inn+%26+Suites+by+Wyndham+Sherwood+Park+Edmonton/data=!4m10!3m9!1s0x53a03d8948a4eb75:0x813dc6c61f7bc256!5m2!4m1!1i2!8m2!3d53.5541735!4d-113.2984627!16s%2Fg%2F11bwqr6w04!19sChIJdeukSIk9oFMRVsJ7H8bGPYE?authuser=0&hl=en&g_ep=EgoyMDI2MDgyNS4wIJJjKgBIAVAD&rclk=1
hotels in Edmonton,Hampton Inn & Suites by Hilton Edmonton St. Albert,,https://www.hilton.com/en/hotels/yeasthx-hampton-suites-edmonton-st-albert/?SEO_id=GMB-AMER-HX-YEASTHX,+1 780-244-9015,None,https://www.google.com/maps/place/Hampton+Inn+%26+Suites+by+Hilton+Edmonton+St.+Albert/data=!4m10!3m9!1s0x53a025f22720f097:0x9b56080036093d47!5m2!4m1!1i2!8m2!3d53.6028512!4d-113.580555!16s%2Fg%2F11j485tpx_!19sChIJl_AgJ_IloFMRRz0JNgAIVps?authuser=0&hl=en&g_ep=EgoyMDI2MDgyNS4wIJJjKgBIAVAD&rclk=1
hotels in Edmonton,"Home2 Suites by Hilton West Edmonton, Alberta, Canada",,https://www.hilton.com/en/hotels/yegomht-home2-suites-west-edmonton-alberta-canada/?SEO_id=GMB-AMER-HT-YEGOMHT,+1 780-509-1230,None,"https://www.google.com/maps/place/Home2+Suites+by+Hilton+West+Edmonton,+Alberta,+Canada/data=!4m10!3m9!1s0x53a0213d25cb5f01:0xffcce18ed7d7c692!5m2!4m1!1i2!8m2!3d53.5552143!4d-113.6091793!16s%2Fg%2F11b5plbfj0!19sChIJAV_LJT0hoFMRksbX147hzP8?authuser=0&hl=en&g_ep=EgoyMDI2MDgyNS4wIJJjKgBIAVAD&rclk=1"
cafes in Edmonton,Lui-Chi’s Espresso,,,,None,https://www.google.com/maps/place/Lui-Chi%E2%80%99s+Espresso/data=!4m7!3m6!1s0x53a023003b113ba9:0x3dac525a18e6f2bb!8m2!3d53.5422268!4d-113.4880916!16s%2Fg%2F11x6lwgkct!19sChIJqTsROwAjoFMRu_LmGFpSrD0?authuser=0&hl=en&g_ep=EgoyMDI2MDgyNS4wIJJjKgBIAVAD&rclk=1
cafes in Edmonton,Mokha Coffee House,hello@mymokhacafe.com,https://mokha-coffee-house-ltd.square.site/,+1 780-371-8000,"Tock, Resy",https://www.google.com/maps/place/Mokha+Coffee+House/data=!4m7!3m6!1s0x53a02500589053ed:0xb6a3ed3be6127fa6!8m2!3d53.6003191!4d-113.5133225!16s%2Fg%2F11vyvwy9qp!19sChIJ7VOQWAAloFMRpn8S5jvto7Y?authuser=0&hl=en&g_ep=EgoyMDI2MDgyNS4wIJJjKgBIAVAD&rclk=1
cafes in Edmonton,The Colombian - Parkallen,"info@thecolombian.ca, sales@thecolombian.ca",http://www.thecolombian.ca/,+1 587-520-4300,Tock,https://www.google.com/maps/place/The+Colombian+-+Parkallen/data=!4m7!3m6!1s0x53a01f1b21f29f93:0x80c5d5238d107f2a!8m2!3d53.5029638!4d-113.5162491!16s%2Fg%2F11t551npk5!19sChIJk5_yIRsfoFMRKn8QjSPVxYA?authuser=0&hl=en&g_ep=EgoyMDI2MDgyNS4wIJJjKgBIAVAD&rclk=1
cafes in Edmonton,Nuestra Coffee Shop,info@nuestra.ca,https://www.nuestra.ca/,+1 780-503-7899,"Tock, OpenTable",https://www.google.com/maps/place/Nuestra+Coffee+Shop/data=!4m7!3m6!1s0x53a0230015949d03:0x1deb1b67ab59e030!8m2!3d53.5606854!4d-113.4570384!16s%2Fg%2F11wftwy37j!19sChIJA52UFQAjoFMRMOBZq2cb6x0?authuser=0&hl=en&g_ep=EgoyMDI2MDgyNS4wIJJjKgBIAVAD&rclk=1
cafes in Edmonton,Liberta coffee lab,,https://www.libertacoffeelab.com/,+1 780-868-1004,"Tock, Resy",https://www.google.com/maps/place/Liberta+coffee+lab/data=!4m7!3m6!1s0x53a019497a916541:0x937af1c7430f4c1f!8m2!3d53.5024835!4d-113.4855065!16s%2Fg%2F11vkfjk5dz!19sChIJQWWRekkZoFMRH0wPQ8fxepM?authuser=0&hl=en&g_ep=EgoyMDI2MDgyNS4wIJJjKgBIAVAD&rclk=1
cafes in Edmonton,Java Cafe & Bakery,javacafe.yeg@gmail.com,http://javacafe.ca/,+1 780-757-8399,Tock,https://www.google.com/maps/place/Java+Cafe+%26+Bakery/data=!4m7!3m6!1s0x53a0230072caae53:0xb6942099b15ab98c!8m2!3d53.551725!4d-113.5078743!16s%2Fg%2F11ww7cn973!19sChIJU67KcgAjoFMRjLlasZkglLY?authuser=0&hl=en&g_ep=EgoyMDI2MDgyNS4wIJJjKgBIAVAD&rclk=1
cafes in Edmonton,Ayco Café,,https://aycobakery.order-online.ai/#/,+1 780-752-6859,None,https://www.google.com/maps/place/Ayco+Caf%C3%A9/data=!4m7!3m6!1s0x53a023b60ac7664f:0x7af50d69e4cdd2e5!8m2!3d53.5407636!4d-113.5024098!16s%2Fg%2F11smdkxzd8!19sChIJT2bHCrYjoFMR5dLN5GkN9Xo?authuser=0&hl=en&g_ep=EgoyMDI2MDgyNS4wIJJjKgBIAVAD&rclk=1
cafes in Edmonton,Felice Cafe,hello@felicecafe.ca,https://www.felicecafe.ca/,,Tock,https://www.google.com/maps/place/Felice+Cafe/data=!4m7!3m6!1s0x53a0234c0db10939:0xb61fd69dbdf1ea0b!8m2!3d53.5566129!4d-113.4716802!16s%2Fg%2F11pzdy729q!19sChIJOQmxDUwjoFMRC-rxvZ3WH7Y?authuser=0&hl=en&g_ep=EgoyMDI2MDgyNS4wIJJjKgBIAVAD&rclk=1
cafes in Edmonton,La Bosco Bakery & Cafe,laboscocafe@gmail.com,http://labosco.ca/,+1 587-460-7177,"Tock, OpenTable",https://www.google.com/maps/place/La+Bosco+Bakery+%26+Cafe/data=!4m7!3m6!1s0x53a0239f633fea55:0xedd95232516797c7!8m2!3d53.5148814!4d-113.4987298!16s%2Fg%2F11fwgjdfcg!19sChIJVeo_Y58joFMRx5dnUTJS2e0?authuser=0&hl=en&g_ep=EgoyMDI2MDgyNS4wIJJjKgBIAVAD&rclk=1
cafes in Edmonton,The Woodrack Café,thewoodrackcafe@gmail.com,http://www.thewoodrackcafe.com/,,Tock,https://www.google.com/maps/place/The+Woodrack+Caf%C3%A9/data=!4m7!3m6!1s0x53a022026c21f8c1:0xb05cbeaff8f47f8b!8m2!3d53.518268!4d-113.495927!16s%2Fg%2F11cky3rqp4!19sChIJwfghbAIioFMRi3_0-K--XLA?authuser=0&hl=en&g_ep=EgoyMDI2MDgyNS4wIJJjKgBIAVAD&rclk=1
cafes in Edmonton,BOXCAR COFFEESHOP,"boxcarcoffeeshop@gmail.com, boxcarcoffeeshop@gmail.com.com",http://boxcarcoffeeshop.ca/,+1 825-459-4688,None,https://www.google.com/maps/place/BOXCAR+COFFEESHOP/data=!4m7!3m6!1s0x53a023a5ea2b1d61:0xeb65eb8b7e35534f!8m2!3d53.5877292!4d-113.5280782!16s%2Fg%2F11jzsrfw99!19sChIJYR0r6qUjoFMRT1M1fovrZes?authuser=0&hl=en&g_ep=EgoyMDI2MDgyNS4wIJJjKgBIAVAD&rclk=1
cafes in Edmonton,Yosi's cafe,eats@uber.com,https://www.ubereats.com/ca/store/yosis-cafe/zpv4vKXdQVCjti2BRW8XDQ?srsltid=AfmBOoq55SHi0sM_NqDgu2KCD5woborZJP_zB3Wk7zDRXn_ye1wJMfmr,+1 780-616-4216,"Tock, Resy",https://www.google.com/maps/place/Yosi%27s+cafe/data=!4m7!3m6!1s0x53a023db2e96d755:0xb775021cb99c9d8f!8m2!3d53.5707486!4d-113.4730256!16s%2Fg%2F11yqrch4cg!19sChIJVdeWLtsjoFMRj52cuRwCdbc?authuser=0&hl=en&g_ep=EgoyMDI2MDgyNS4wIJJjKgBIAVAD&rclk=1
cafes in Edmonton,Naked Cafe,,https://www.naked.cafe/,,Tock,https://www.google.com/maps/place/Naked+Cafe/data=!4m7!3m6!1s0x53a02247c3e8ee47:0x720046e5875c1004!8m2!3d53.5448108!4d-113.5062289!16s%2Fg%2F1tg6psz9!19sChIJR-7ow0cioFMRBBBch-VGAHI?authuser=0&hl=en&g_ep=EgoyMDI2MDgyNS4wIJJjKgBIAVAD&rclk=1
cafes in Edmonton,Paris Baguette,,https://www.parisbaguette.ca/fr/locations/ab/edmonton/10607-82-avenue-nw/,+1 587-520-8716,None,https://www.google.com/maps/place/Paris+Baguette/data=!4m7!3m6!1s0x53a023ff49bb65b9:0x3b21f7222d3f37f!8m2!3d53.5178291!4d-113.5040472!16s%2Fg%2F11sr__jkdz!19sChIJuWW7Sf8joFMRf_PTInIfsgM?authuser=0&hl=en&g_ep=EgoyMDI2MDgyNS4wIJJjKgBIAVAD&rclk=1
cafes in Edmonton,Take Care Cafe,hi@takecarecafe.co,http://www.takecarecafe.co/,+1 825-512-5631,"Tock, OpenTable",https://www.google.com/maps/place/Take+Care+Cafe/data=!4m7!3m6!1s0x53a0235decc659fb:0xc85aa12fbf8bd2bd!8m2!3d53.5177007!4d-113.4777573!16s%2Fg%2F11j4yfr2mr!19sChIJ-1nG7F0joFMRvdKLvy-hWsg?authuser=0&hl=en&g_ep=EgoyMDI2MDgyNS4wIJJjKgBIAVAD&rclk=1
cafes in Edmonton,The Colombian - Mill Creek,"info@thecolombian.ca, sales@thecolombian.ca",http://www.thecolombian.ca/,+1 825-480-1787,Tock,https://www.google.com/maps/place/The+Colombian+-+Mill+Creek/data=!4m7!3m6!1s0x53a023df917886e5:0xf92ca722dfea513e!8m2!3d53.524644!4d-113.485819!16s%2Fg%2F11vb7btpvt!19sChIJ5YZ4kd8joFMRPlHq3yKnLPk?authuser=0&hl=en&g_ep=EgoyMDI2MDgyNS4wIJJjKgBIAVAD&rclk=1
cafes in Edmonton,Stopgap Coffee,stopgapyeg@gmail.com,http://www.stopgapcoffee.com/,,None,https://www.google.com/maps/place/Stopgap+Coffee/data=!4m7!3m6!1s0x53a023b102ec84d9:0xcaa458fa1af30519!8m2!3d53.5355097!4d-113.5118444!16s%2Fg%2F11rr2kpmw7!19sChIJ2YTsArEjoFMRGQXzGvpYpMo?authuser=0&hl=en&g_ep=EgoyMDI2MDgyNS4wIJJjKgBIAVAD&rclk=1
cafes in Edmonton,Cafe Versailles,,https://instagram.com/cafeversailles_,+1 825-523-9654,"Tock, Resy",https://www.google.com/maps/place/Cafe+Versailles/data=!4m7!3m6!1s0x53a0230e881b87a1:0xcad9e7c630af7a79!8m2!3d53.5425158!4d-113.5379359!16s%2Fg%2F11j38vm8w0!19sChIJoYcbiA4joFMReXqvMMbn2co?authuser=0&hl=en&g_ep=EgoyMDI2MDgyNS4wIJJjKgBIAVAD&rclk=1
cafes in Edmonton,Remedy Cafe,,http://remedycafe.ca/,+1 780-433-3096,Tock,https://www.google.com/maps/place/Remedy+Cafe/data=!4m7!3m6!1s0x53a022195caa127b:0xb5fbc993324e581!8m2!3d53.5228042!4d-113.5117214!16s%2Fg%2F1tycwbb5!19sChIJexKqXBkioFMRgeUkM5m8Xws?authuser=0&hl=en&g_ep=EgoyMDI2MDgyNS4wIJJjKgBIAVAD&rclk=1
cafes in Edmonton,Off The Record Cafe,"stookey@offrecordcafe.com, you@email.com",https://www.offrecordcafe.com/,+1 780-803-2180,Toast,https://www.google.com/maps/place/Off+The+Record+Cafe/data=!4m7!3m6!1s0x53a0232dd9fc3665:0xbfa41ff490cfdcf1!8m2!3d53.5431541!4d-113.4912161!16s%2Fg%2F11z8lv64sx!19sChIJZTb82S0joFMR8dzPkPQfpL8?authuser=0&hl=en&g_ep=EgoyMDI2MDgyNS4wIJJjKgBIAVAD&rclk=1
cafes in Edmonton,Roam Cafe,roamcoffeeroasters@gmail.com,http://roamcafeyeg.com/,,None,https://www.google.com/maps/place/Roam+Cafe/data=!4m7!3m6!1s0x53a0230020b7a71f:0xf240a7fe87d80686!8m2!3d53.5422173!4d-113.5142455!16s%2Fg%2F11vm8m69zx!19sChIJH6e3IAAjoFMRhgbYh_6nQPI?authuser=0&hl=en&g_ep=EgoyMDI2MDgyNS4wIJJjKgBIAVAD&rclk=1
cafes in Edmonton,Va Caffe,info@va-yeg.ca,http://va-yeg.ca/,+1 780-249-2445,"Tock, OpenTable",https://www.google.com/maps/place/Va+Caffe/data=!4m7!3m6!1s0x53a023a4cf83aee9:0xf7ad25402e39fabb!8m2!3d53.5411641!4d-113.5295975!16s%2Fg%2F11y5xd0jdk!19sChIJ6a6Dz6QjoFMRu_o5LkAlrfc?authuser=0&hl=en&g_ep=EgoyMDI2MDgyNS4wIJJjKgBIAVAD&rclk=1
cafes in Edmonton,Block 1912 Cafe,,http://www.block1912.com/,+1 780-433-6575,None,https://www.google.com/maps/place/Block+1912+Cafe/data=!4m7!3m6!1s0x53a0220fbf90afdb:0x299740a74e06ea63!8m2!3d53.5179266!4d-113.4971183!16s%2Fg%2F1tf42n4z!19sChIJ26-Qvw8ioFMRY-oGTqdAlyk?authuser=0&hl=en&g_ep=EgoyMDI2MDgyNS4wIJJjKgBIAVAD&rclk=1
cafes in Edmonton,Credo Coffee,info@credocoffee.ca,http://www.credocoffee.ca/,,Tock,https://www.google.com/maps/place/Credo+Coffee/data=!4m7!3m6!1s0x53a02247d8958ead:0x5661d5ee3587b83e!8m2!3d53.5418002!4d-113.4994547!16s%2Fg%2F1ts_68p1!19sChIJrY6V2EcioFMRPriHNe7VYVY?authuser=0&hl=en&g_ep=EgoyMDI2MDgyNS4wIJJjKgBIAVAD&rclk=1
cafes in Edmonton,Respire Coffeehouse,"info@respirecoffee.ca, %20info@respirecoffee.ca",https://respirecoffee.ca/,+1 780-462-6047,None,https://www.google.com/maps/place/Respire+Coffeehouse/data=!4m7!3m6!1s0x53a019e6c0931dbd:0xc27d09a72f3407c6!8m2!3d53.5128414!4d-113.3971716!16s%2Fg%2F11szfz05xy!19sChIJvR2TwOYZoFMRxgc0L6cJfcI?authuser=0&hl=en&g_ep=EgoyMDI2MDgyNS4wIJJjKgBIAVAD&rclk=1
cafes in Edmonton,ANVIL Coffee House,anvilcoffeehouse@gmail.com,http://anvilcoffeehouse.com/,+1 780-250-5245,"Tock, OpenTable",https://www.google.com/maps/place/ANVIL+Coffee+House/data=!4m7!3m6!1s0x53a0229cfdc3b4df:0xd0365b1f1f238bec!8m2!3d53.5254763!4d-113.4270543!16s%2Fg%2F11dxj03_pj!19sChIJ37TD_ZwioFMR7IsjHx9bNtA?authuser=0&hl=en&g_ep=EgoyMDI2MDgyNS4wIJJjKgBIAVAD&rclk=1
cafes in Edmonton,Labo Coffee,hello@labocoffee.ca,http://www.labo.coffee/,+1 866-547-2270,None,https://www.google.com/maps/place/Labo+Coffee/data=!4m7!3m6!1s0x53a023191cc779f3:0xf792e1516f4b0e78!8m2!3d53.518244!4d-113.5025601!16s%2Fg%2F11vzcp8tk5!19sChIJ83nHHBkjoFMReA5Lb1Hhkvc?authuser=0&hl=en&g_ep=EgoyMDI2MDgyNS4wIJJjKgBIAVAD&rclk=1
cafes in Edmonton,Leo's Cafe,leoscafeyeg@gmail.com,https://www.leoscafe.ca/,+1 780-249-1039,None,https://www.google.com/maps/place/Leo%27s+Cafe/data=!4m7!3m6!1s0x53a023a7571459d3:0x8516d929c63fc060!8m2!3d53.5184754!4d-113.4985375!16s%2Fg%2F11trfkhp9y!19sChIJ01kUV6cjoFMRYMA_xinZFoU?authuser=0&hl=en&g_ep=EgoyMDI2MDgyNS4wIJJjKgBIAVAD&rclk=1
cafes in Edmonton,Cafe Bel-Air,info@cafebelair.ca,https://www.cafebelair.ca/,+1 780-441-1149,Tock,https://www.google.com/maps/place/Cafe+Bel-Air/data=!4m7!3m6!1s0x53a0237de3f7cdc7:0x19947d8b088cc73!8m2!3d53.51672!4d-113.4915176!16s%2Fg%2F11sgq8l6jp!19sChIJx833430joFMRc8yIsNhHmQE?authuser=0&hl=en&g_ep=EgoyMDI2MDgyNS4wIJJjKgBIAVAD&rclk=1
cafes in Edmonton,PACT Coffee,,http://www.pactcoffee.ca/,+1 780-760-7228,"Tock, Resy",https://www.google.com/maps/place/PACT+Coffee/data=!4m7!3m6!1s0x53a02336caaa3c2f:0x773e472c754a30aa!8m2!3d53.5182545!4d-113.4972994!16s%2Fg%2F11s0w168b7!19sChIJLzyqyjYjoFMRqjBKdSxHPnc?authuser=0&hl=en&g_ep=EgoyMDI2MDgyNS4wIJJjKgBIAVAD&rclk=1
cafes in Edmonton,Café Delicia,,,+1 825-865-1108,None,https://www.google.com/maps/place/Caf%C3%A9+Delicia/data=!4m7!3m6!1s0x53a023b5281b436d:0x7bb8e916229f666a!8m2!3d53.5432649!4d-113.5126351!16s%2Fg%2F11vhxx12m7!19sChIJbUMbKLUjoFMRamafIhbpuHs?authuser=0&hl=en&g_ep=EgoyMDI2MDgyNS4wIJJjKgBIAVAD&rclk=1
cafes in Edmonton,The Hexagon Board Game Cafe,,http://thehexcafe.com/,+1 780-757-3105,None,https://www.google.com/maps/place/The+Hexagon+Board+Game+Cafe/data=!4m7!3m6!1s0x53a0220e613986dd:0x5fd66a12ee2348a2!8m2!3d53.518375!4d-113.508395!16s%2Fg%2F1q67qt69r!19sChIJ3YY5YQ4ioFMRokgj7hJq1l8?authuser=0&hl=en&g_ep=EgoyMDI2MDgyNS4wIJJjKgBIAVAD&rclk=1
cafes in Edmonton,Lui-Chi’s Coffee,cafe@luichiscoffee.com,http://www.luichiscoffee.com/,+1 780-756-2009,"Tock, OpenTable",https://www.google.com/maps/place/Lui-Chi%E2%80%99s+Coffee/data=!4m7!3m6!1s0x53a023cb615228d5:0xd2ae67c434e9f0c5!8m2!3d53.5425382!4d-113.4918916!16s%2Fg%2F11fd8gl66g!19sChIJ1ShSYcsjoFMRxfDpNMRnrtI?authuser=0&hl=en&g_ep=EgoyMDI2MDgyNS4wIJJjKgBIAVAD&rclk=1
cafes in Edmonton,Little Brick,"hello@littlebrick.ca, eventsandcatering@rivervalleyco.ca, littlebrick@rivervalleyco.ca",http://littlebrick.ca/,+1 780-705-1230,"Tock, OpenTable",https://www.google.com/maps/place/Little+Brick/data=!4m7!3m6!1s0x53a0225f2a3698f1:0x25146da93bec151c!8m2!3d53.5421187!4d-113.4696022!16s%2Fg%2F11b7hkc0c2!19sChIJ8Zg2Kl8ioFMRHBXsO6ltFCU?authuser=0&hl=en&g_ep=EgoyMDI2MDgyNS4wIJJjKgBIAVAD&rclk=1
cafes in Edmonton,Objects,your@email.address,http://www.objectsedmonton.ca/,+1 780-244-1970,None,https://www.google.com/maps/place/Objects/data=!4m7!3m6!1s0x53a0237f8a9b06e9:0x49cf8408d6795707!8m2!3d53.541092!4d-113.4988201!16s%2Fg%2F11y629h4mx!19sChIJ6Qabin8joFMRB1d51giEz0k?authuser=0&hl=en&g_ep=EgoyMDI2MDgyNS4wIJJjKgBIAVAD&rclk=1
cafes in Edmonton,Milk & Honey,,https://www.instagram.com/milkandhoney.gl?igsh=ZmI1dXdzbGQ4aGU5,+1 825-333-6455,"Tock, Resy",https://www.google.com/maps/place/Milk+%26+Honey/data=!4m7!3m6!1s0x539f8b5ebd9dda1f:0xe4504f8b7d650fd3!8m2!3d53.499441!4d-113.6629475!16s%2Fg%2F11vkkzkx8s!19sChIJH9qdvV6Ln1MR0w9lfYtPUOQ?authuser=0&hl=en&g_ep=EgoyMDI2MDgyNS4wIJJjKgBIAVAD&rclk=1
cafes in Edmonton,Café Bicyclette,"marketingsales@lacitefranco.ca, technique@lacitefranco.ca, d.cournoyer@lacitefranco.ca, accounting@lacitefranco.ca, a.jacobson@lacitefranco.ca, exemple@monsite.com, lacite@lacitefranco.ca, promotion@lacitefranco.ca",http://www.cafebicyclette.ca/,+1 587-524-8090,Tock,https://www.google.com/maps/place/Caf%C3%A9+Bicyclette/data=!4m7!3m6!1s0x53a022708681bcd5:0x9dd7095e93b9bef4!8m2!3d53.522643!4d-113.4669771!16s%2Fg%2F11b778ph5n!19sChIJ1byBhnAioFMR9L65k14J150?authuser=0&hl=en&g_ep=EgoyMDI2MDgyNS4wIJJjKgBIAVAD&rclk=1
cafes in Edmonton,Mood Cafe,info@moodcafe.com,https://moodcafebakery.com/,+1 780-760-6663,None,https://www.google.com/maps/place/Mood+Cafe/data=!4m7!3m6!1s0x53a021120ed6c7ab:0xe377d70607dfe26a!8m2!3d53.5124091!4d-113.5284411!16s%2Fg%2F11m31h7gfd!19sChIJq8fWDhIhoFMRauLfBwbXd-M?authuser=0&hl=en&g_ep=EgoyMDI2MDgyNS4wIJJjKgBIAVAD&rclk=1
cafes in Edmonton,Café Bloom at the Muttart,"emma@cafebloom.ca, cafereservations@cafebloom.ca, jobs@cafebloom.ca, s@cafebloom.ca, events@cafebloom.ca, wade@cafebloom.ca, rory@cafebloom.ca",http://cafebloom.ca/,+1 587-498-9752,"Tock, Toast",https://www.google.com/maps/place/Caf%C3%A9+Bloom+at+the+Muttart/data=!4m7!3m6!1s0x53a023b7c94dcdad:0xbc6c877d964a8b84!8m2!3d53.5352775!4d-113.4772937!16s%2Fg%2F11shs7717g!19sChIJrc1NybcjoFMRhItKln2HbLw?authuser=0&hl=en&g_ep=EgoyMDI2MDgyNS4wIJJjKgBIAVAD&rclk=1
cafes in Edmonton,The Colombian - French Quarter,"info@thecolombian.ca, sales@thecolombian.ca",https://thecolombian.ca/,+1 780-244-3268,Tock,https://www.google.com/maps/place/The+Colombian+-+French+Quarter/data=!4m7!3m6!1s0x53a02394f69c6e47:0xe0dd0f50eaf4f357!8m2!3d53.5239247!4d-113.4685837!16s%2Fg%2F11pwb4z6kq!19sChIJR26c9pQjoFMRV_P06lAP3eA?authuser=0&hl=en&g_ep=EgoyMDI2MDgyNS4wIJJjKgBIAVAD&rclk=1
cafes in Edmonton,Strom Coffee,,https://www.stromcoffee.com/,,"Tock, OpenTable",https://www.google.com/maps/place/Strom+Coffee/data=!4m7!3m6!1s0x53a023cc252cce65:0x4bc2f0a997852d74!8m2!3d53.5091706!4d-113.4974698!16s%2Fg%2F11vsrxdzt7!19sChIJZc4sJcwjoFMRdC2Fl6nwwks?authuser=0&hl=en&g_ep=EgoyMDI2MDgyNS4wIJJjKgBIAVAD&rclk=1
cafes in Edmonton,Overflow Whyte,,,,None,https://www.google.com/maps/place/Overflow+Whyte/data=!4m7!3m6!1s0x53a0233789f8d08b:0xb09c893584c48ad8!8m2!3d53.5179503!4d-113.4935716!16s%2Fg%2F11kxmwy9kq!19sChIJi9D4iTcjoFMR2IrEhDWJnLA?authuser=0&hl=en&g_ep=EgoyMDI2MDgyNS4wIJJjKgBIAVAD&rclk=1
cafes in Edmonton,Fawkes Café & Bakery,"hello@fawkescoffee.com, media@fawkescoffee.com",http://www.fawkescoffee.com/,+1 780-784-7447,Tock,https://www.google.com/maps/place/Fawkes+Caf%C3%A9+%26+Bakery/data=!4m7!3m6!1s0x53a023b84b2dc633:0xbe9dd69504307c98!8m2!3d53.5418511!4d-113.4990635!16s%2Fg%2F11tbsfpz1c!19sChIJM8YtS7gjoFMRmHwwBJXWnb4?authuser=0&hl=en&g_ep=EgoyMDI2MDgyNS4wIJJjKgBIAVAD&rclk=1
cafes in Edmonton,Nero Cafe,,https://www.instagram.com/nero_cafe?igsh=MW5tcnVrMXBiNGV3Mg%3D%3D&utm_source=qr,+1 877-847-3991,"Tock, Resy",https://www.google.com/maps/place/Nero+Cafe/data=!4m7!3m6!1s0x53a02373b332a3ad:0x951a657a77705b56!8m2!3d53.5178222!4d-113.4878013!16s%2Fg%2F11mrcr8ymv!19sChIJraMys3MjoFMRVltwd3plGpU?authuser=0&hl=en&g_ep=EgoyMDI2MDgyNS4wIJJjKgBIAVAD&rclk=1
cafes in Edmonton,Aspen Coffee Roasters - Roastery,sales@aspencoffeeroasters.com,https://www.aspencoffeeroasters.com/,+1 780-447-9964,"Tock, OpenTable",https://www.google.com/maps/place/Aspen+Coffee+Roasters+-+Roastery/data=!4m7!3m6!1s0x53a019953d9ccc6b:0x8aa2e2f36de1bffd!8m2!3d53.5120629!4d-113.4880554!16s%2Fg%2F11qt2bfktz!19sChIJa8ycPZUZoFMR_b_hbfPiooo?authuser=0&hl=en&g_ep=EgoyMDI2MDgyNS4wIJJjKgBIAVAD&rclk=1
cafes in Edmonton,The Fringe Grounds Cafe,cafe@fringetheatre.ca,https://cafe.fringetheatre.ca/,+1 780-448-9006,"Tock, Resy",https://www.google.com/maps/place/The+Fringe+Grounds+Cafe/data=!4m7!3m6!1s0x53a02350a45e33ed:0x53bafe9fb219651b!8m2!3d53.5200061!4d-113.4963296!16s%2Fg%2F11hhqr3pfh!19sChIJ7TNepFAjoFMRG2UZsp_-ulM?authuser=0&hl=en&g_ep=EgoyMDI2MDgyNS4wIJJjKgBIAVAD&rclk=1
cafes in Edmonton,Remedy Cafe - Raymond Block,,https://remedycafe.ca/,+1 780-760-1001,Tock,https://www.google.com/maps/place/Remedy+Cafe+-+Raymond+Block/data=!4m7!3m6!1s0x53a023e9701cbf55:0x30fe8225abc3565e!8m2!3d53.517917!4d-113.5002164!16s%2Fg%2F11h0mfdj4r!19sChIJVb8ccOkjoFMRXlbDqyWC_jA?authuser=0&hl=en&g_ep=EgoyMDI2MDgyNS4wIJJjKgBIAVAD&rclk=1
cafes in Edmonton,Square 1 Coffee - Windsor,info@square1coffee.ca,https://www.square1coffee.ca/,+1 587-686-7531,None,https://www.google.com/maps/place/Square+1+Coffee+-+Windsor/data=!4m7!3m6!1s0x53a021a23561a79f:0xac79d89c5a668f6b!8m2!3d53.5230833!4d-113.5341449!16s%2Fg%2F11wv3bybby!19sChIJn6dhNaIhoFMRa49mWpzYeaw?authuser=0&hl=en&g_ep=EgoyMDI2MDgyNS4wIJJjKgBIAVAD&rclk=1
cafes in Edmonton,Malina Cafe & Bar,,,+1 780-708-0011,None,https://www.google.com/maps/place/Malina+Cafe+%26+Bar/data=!4m7!3m6!1s0x53a023a5d9ee0955:0x5a9bb01f5586d93d!8m2!3d53.54584!4d-113.5361301!16s%2Fg%2F11yls25b4q!19sChIJVQnu2aUjoFMRPdmGVR-wm1o?authuser=0&hl=en&g_ep=EgoyMDI2MDgyNS4wIJJjKgBIAVAD&rclk=1
cafes in Edmonton,Coffee Bureau - Mercury Block,,http://coffeebureau.square.site/,,"Tock, Resy",https://www.google.com/maps/place/Coffee+Bureau+-+Mercury+Block/data=!4m7!3m6!1s0x53a0230019fa2319:0xd5eeabe92c912b29!8m2!3d53.5432048!4d-113.5348301!16s%2Fg%2F11w42qbw7f!19sChIJGSP6GQAjoFMRKSuRLOmr7tU?authuser=0&hl=en&g_ep=EgoyMDI2MDgyNS4wIJJjKgBIAVAD&rclk=1
cafes in Edmonton,Africano cafe,,,+1 825-480-1933,None,https://www.google.com/maps/place/Africano+cafe/data=!4m7!3m6!1s0x53a023ad6ecfc1a7:0x78f5a50858dd8a07!8m2!3d53.5698533!4d-113.4867716!16s%2Fg%2F11vjjcnntr!19sChIJp8HPbq0joFMRB4rdWAil9Xg?authuser=0&hl=en&g_ep=EgoyMDI2MDgyNS4wIJJjKgBIAVAD&rclk=1
cafes in Edmonton,District Café & Bakery,info@districtcafe.ca,https://districtcafe.ca/,+1 780-705-7788,Tock,https://www.google.com/maps/place/District+Caf%C3%A9+%26+Bakery/data=!4m7!3m6!1s0x53a02239eaf2ba93:0xe6cd02483a1f0f70!8m2!3d53.5391645!4d-113.5080613!16s%2Fg%2F1q6jyr197!19sChIJk7ry6jkioFMRcA8fOkgCzeY?authuser=0&hl=en&g_ep=EgoyMDI2MDgyNS4wIJJjKgBIAVAD&rclk=1
cafes in Edmonton,Kaffa Roaster and Studio,"events@kaffaroasterystudio.com, info@kaffaroasterystudio.com",https://www.kaffaroasterystudio.com/,+1 587-456-2597,"Tock, OpenTable",https://www.google.com/maps/place/Kaffa+Roaster+and+Studio/data=!4m7!3m6!1s0x53a023851690da6d:0x8a89e2922f7e6616!8m2!3d53.5239729!4d-113.5130087!16s%2Fg%2F11r6kwl0j8!19sChIJbdqQFoUjoFMRFmZ-L5LiiYo?authuser=0&hl=en&g_ep=EgoyMDI2MDgyNS4wIJJjKgBIAVAD&rclk=1
cafes in Edmonton,Frapsino cafe,,"https://maps.apple.com/?ll=53.556744,-113.538748&q=&spn=0.003703,0.006523&t=m",+1 825-461-2772,None,https://www.google.com/maps/place/Frapsino+cafe/data=!4m7!3m6!1s0x53a023c16ec5e1cf:0x15a21d6229389868!8m2!3d53.5571739!4d-113.5362487!16s%2Fg%2F11l2v5p4m1!19sChIJz-HFbsEjoFMRaJg4KWIdohU?authuser=0&hl=en&g_ep=EgoyMDI2MDgyNS4wIJJjKgBIAVAD&rclk=1
cafes in Edmonton,Coffee Bureau,,http://coffeebureau.square.site/,,"Tock, Resy",https://www.google.com/maps/place/Coffee+Bureau/data=!4m7!3m6!1s0x53a02247f815c585:0xbcbf2f7b0f4b7945!8m2!3d53.54079!4d-113.5015!16s%2Fg%2F11bc8cj977!19sChIJhcUV-EcioFMRRXlLD3svv7w?authuser=0&hl=en&g_ep=EgoyMDI2MDgyNS4wIJJjKgBIAVAD&rclk=1
bars in Edmonton,Dockside Pub & Grill,,,+1 780-421-8920,None,https://www.google.com/maps/place/Dockside+Pub+%26+Grill/data=!4m7!3m6!1s0x53a0223887f30d29:0x87a4a7efa6fd660f!8m2!3d53.5386897!4d-113.5008163!16s%2Fg%2F1vlzb0zm!19sChIJKQ3zhzgioFMRD2b9pu-npIc?authuser=0&hl=en&g_ep=EgoyMDI2MDgyNS4wIJJjKgBIAVAD&rclk=1
bars in Edmonton,River City Revival House,"lola@revival-edmonton.com, andrea@starliteroom.ca, felicia@revival-edmonton.com, info@revival-edmonton.com, info@starliteroom.ca",https://www.revival-edmonton.com/,+1 780-425-1852,"Tock, OpenTable",https://www.google.com/maps/place/River+City+Revival+House/data=!4m7!3m6!1s0x53a02364c80ca7f7:0x4a24f3d40f8699a1!8m2!3d53.5398506!4d-113.4957895!16s%2Fg%2F11f60yxpfz!19sChIJ96cMyGQjoFMRoZmGD9TzJEo?authuser=0&hl=en&g_ep=EgoyMDI2MDgyNS4wIJJjKgBIAVAD&rclk=1
bars in Edmonton,Frank's Community Pub,info@frankspub.ca,https://www.frankspub.ca/,,None,https://www.google.com/maps/place/Frank%27s+Community+Pub/data=!4m7!3m6!1s0x53a023005d97bf69:0x837a2f3ed738ba19!8m2!3d53.5241995!4d-113.4858214!16s%2Fg%2F11vk8t1w1w!19sChIJab-XXQAjoFMRGbo41z4veoM?authuser=0&hl=en&g_ep=EgoyMDI2MDgyNS4wIJJjKgBIAVAD&rclk=1
bars in Edmonton,Pals Sandwiches,hey@palsyeg.com,https://www.palsyeg.com/,+1 825-480-5300,None,https://www.google.com/maps/place/Pals+Sandwiches/data=!4m7!3m6!1s0x53a02332884b2667:0xb19d88b1de2a6ad3!8m2!3d53.5189834!4d-113.4971178!16s%2Fg%2F11t9cft2nk!19sChIJZyZLiDIjoFMR02oq3rGInbE?authuser=0&hl=en&g_ep=EgoyMDI2MDgyNS4wIJJjKgBIAVAD&rclk=1
bars in Edmonton,Plume Bar,info@plumebar.ca,https://plumebar.ca/,+1 780-888-8003,None,https://www.google.com/maps/place/Plume+Bar/data=!4m7!3m6!1s0x53a0224878a3cd8b:0x9415f0869ed83aca!8m2!3d53.541952!4d-113.498753!16s%2Fg%2F11yrf16c2k!19sChIJi82jeEgioFMRyjrYnobwFZQ?authuser=0&hl=en&g_ep=EgoyMDI2MDgyNS4wIJJjKgBIAVAD&rclk=1
bars in Edmonton,On The Rocks,,http://www.ontherocksyeg.com/,+1 780-482-4767,Tock,https://www.google.com/maps/place/On+The+Rocks/data=!4m7!3m6!1s0x53a0222e67b8e2d1:0xb89b8ff3ce58d78a!8m2!3d53.5414957!4d-113.5243891!16s%2Fm%2F0lrb1ml!19sChIJ0eK4Zy4ioFMRitdYzvOPm7g?authuser=0&hl=en&g_ep=EgoyMDI2MDgyNS4wIJJjKgBIAVAD&rclk=1
bars in Edmonton,Tavern on Whyte,,,+1 587-521-4404,None,https://www.google.com/maps/place/Tavern+on+Whyte/data=!4m7!3m6!1s0x53a02205504f9d79:0x6c4f18d482d157a1!8m2!3d53.5178831!4d-113.5011428!16s%2Fg%2F11b6qfggzj!19sChIJeZ1PUAUioFMRoVfRgtQYT2w?authuser=0&hl=en&g_ep=EgoyMDI2MDgyNS4wIJJjKgBIAVAD&rclk=1
bars in Edmonton,The Mash | Whyte,"kensington@masheats.ca, stalbert@masheats.ca, support@riiwards.com, whyte@masheats.ca, mahogany@masheats.ca, greenwich@masheats.ca, chestermere@masheats.ca, legacy@masheats.ca",http://www.masheats.ca/,+1 587-520-1448,Tock,https://www.google.com/maps/place/The+Mash+%7C+Whyte/data=!4m7!3m6!1s0x53a02369b66df295:0xe22b0ecc16988b7b!8m2!3d53.5182479!4d-113.4979018!16s%2Fg%2F11sxx6lsp8!19sChIJlfJttmkjoFMRe4uYFswOK-I?authuser=0&hl=en&g_ep=EgoyMDI2MDgyNS4wIJJjKgBIAVAD&rclk=1
bars in Edmonton,Pedal Pub Edmonton,edmonton@pedalpub.com,https://www.pedalpub.com/edmonton-ab/,+1 825-963-4966,None,https://www.google.com/maps/place/Pedal+Pub+Edmonton/data=!4m7!3m6!1s0xa94c28bdbd14398b:0x27faa59e1e594718!8m2!3d53.5164135!4d-113.4911721!16s%2Fg%2F11vys2jbjl!19sChIJizkUvb0oTKkRGEdZHp6l-ic?authuser=0&hl=en&g_ep=EgoyMDI2MDgyNS4wIJJjKgBIAVAD&rclk=1
bars in Edmonton,The Rec Room South Edmonton Common,,https://www.therecroom.com/south-edmonton?utm_source=google-my-business_SouthEdmonton&utm_medium=profile&utm_campaign=owned_media,+1 780-702-1332,None,https://www.google.com/maps/place/The+Rec+Room+South+Edmonton+Common/data=!4m7!3m6!1s0x53a01ec16ab50e83:0xb0f1446a86cbeca8!8m2!3d53.446057!4d-113.484175!16s%2Fg%2F11c1q992cb!19sChIJgw61asEeoFMRqOzLhmpE8bA?authuser=0&hl=en&g_ep=EgoyMDI2MDgyNS4wIJJjKgBIAVAD&rclk=1
bars in Edmonton,THE WHYTE OWL,,http://thewhyteowl.ca/,+1 780-249-3940,Tock,https://www.google.com/maps/place/THE+WHYTE+OWL/data=!4m7!3m6!1s0x53a023f79ec023f9:0x66a56d89f15d9e!8m2!3d53.5178298!4d-113.4968185!16s%2Fg%2F11fwb04770!19sChIJ-SPAnvcjoFMRnl3xiW2lZgA?authuser=0&hl=en&g_ep=EgoyMDI2MDgyNS4wIJJjKgBIAVAD&rclk=1
bars in Edmonton,The Druid Irish Pub,,http://www.thedruidyeg.com/,+1 587-521-7780,OpenTable,https://www.google.com/maps/place/The+Druid+Irish+Pub/data=!4m7!3m6!1s0x53a023005864a151:0xb184b8fd0d07fb0e!8m2!3d53.545941!4d-113.4990344!16s%2Fg%2F11ynxwwgw8!19sChIJUaFkWAAjoFMRDvsHDf24hLE?authuser=0&hl=en&g_ep=EgoyMDI2MDgyNS4wIJJjKgBIAVAD&rclk=1
bars in Edmonton,Bar Bricco,info@barbricco.com,https://www.barbricco.com/,+1 780-424-5588,"Tock, OpenTable",https://www.google.com/maps/place/Bar+Bricco/data=!4m7!3m6!1s0x53a02247c0d9d2cd:0x8c89adf5d544a238!8m2!3d53.54074!4d-113.4987283!16s%2Fg%2F11cjpc_tvv!19sChIJzdLZwEcioFMROKJE1fWtiYw?authuser=0&hl=en&g_ep=EgoyMDI2MDgyNS4wIJJjKgBIAVAD&rclk=1
bars in Edmonton,Bar Trove,"info@bartrove.ca, events@bartrove.ca",https://www.bartrove.ca/contact,+1 780-616-4163,"Tock, Toast, OpenTable",https://www.google.com/maps/place/Bar+Trove/data=!4m7!3m6!1s0x53a023db43ee9c79:0x845f2f38285dcaa6!8m2!3d53.5417912!4d-113.4908494!16s%2Fg%2F11ycbtph09!19sChIJeZzuQ9sjoFMRpspdKDgvX4Q?authuser=0&hl=en&g_ep=EgoyMDI2MDgyNS4wIJJjKgBIAVAD&rclk=1
bars in Edmonton,MIMI,info@mimibar.ca,http://mimibar.ca/,+1 780-244-4476,"Tock, OpenTable",https://www.google.com/maps/place/MIMI/data=!4m7!3m6!1s0x53a0222ea88e0405:0xf3d1ed9e353e9873!8m2!3d53.54117!4d-113.52925!16s%2Fg%2F11ltb30_cj!19sChIJBQSOqC4ioFMRc5g-NZ7t0fM?authuser=0&hl=en&g_ep=EgoyMDI2MDgyNS4wIJJjKgBIAVAD&rclk=1
bars in Edmonton,Cask & Barrel,,http://www.thecaskandbarrel.ca/,+1 780-498-1224,None,https://www.google.com/maps/place/Cask+%26+Barrel/data=!4m7!3m6!1s0x53a02247eacc921b:0xb54ae4909b00c1f2!8m2!3d53.540488!4d-113.499066!16s%2Fg%2F1hc5g48g6!19sChIJG5LM6kcioFMR8sEAm5DkSrU?authuser=0&hl=en&g_ep=EgoyMDI2MDgyNS4wIJJjKgBIAVAD&rclk=1
bars in Edmonton,Y AfterHours,,http://www.facebook.com/yafterhours/,+1 780-244-3058,"Tock, Resy",https://www.google.com/maps/place/Y+AfterHours/data=!4m7!3m6!1s0x53a02246fff2dd8d:0x95de1a148202bf06!8m2!3d53.5397304!4d-113.4957871!16s%2Fg%2F1tf75617!19sChIJjd3y_0YioFMRBr8CghQa3pU?authuser=0&hl=en&g_ep=EgoyMDI2MDgyNS4wIJJjKgBIAVAD&rclk=1
bars in Edmonton,The Gardens YEG,,http://www.thegardensyeg.ca/,,None,https://www.google.com/maps/place/The+Gardens+YEG/data=!4m7!3m6!1s0x53a02246517f092d:0xd376fb58f5984c0d!8m2!3d53.5402722!4d-113.4957777!16s%2Fg%2F1tfzgfsy!19sChIJLQl_UUYioFMRDUyY9Vj7dtM?authuser=0&hl=en&g_ep=EgoyMDI2MDgyNS4wIJJjKgBIAVAD&rclk=1
bars in Edmonton,Coterie Restaurant and Bar,info@coterieyeg.com,https://www.coterieyeg.com/,+1 825-480-1817,OpenTable,https://www.google.com/maps/place/Coterie+Restaurant+and+Bar/data=!4m7!3m6!1s0x53a02385e0c47989:0x8104c174febf89c8!8m2!3d53.516247!4d-113.4962428!16s%2Fg%2F11vb9lz7s8!19sChIJiXnE4IUjoFMRyIm__nTBBIE?authuser=0&hl=en&g_ep=EgoyMDI2MDgyNS4wIJJjKgBIAVAD&rclk=1
bars in Edmonton,H2O Lounge,,,+1 780-433-5794,None,https://www.google.com/maps/place/H2O+Lounge/data=!4m7!3m6!1s0x53a0220dd5776e0f:0xa1b6083a14c8194c!8m2!3d53.5183044!4d-113.4901311!16s%2Fg%2F1tngpzmh!19sChIJD2531Q0ioFMRTBnIFDoItqE?authuser=0&hl=en&g_ep=EgoyMDI2MDgyNS4wIJJjKgBIAVAD&rclk=1
bars in Edmonton,The Black Dog Freehouse,admin@blackdog.ca,http://www.blackdog.ca/,,Tock,https://www.google.com/maps/place/The+Black+Dog+Freehouse/data=!4m7!3m6!1s0x53a0220ff21b6399:0x5f0ad63c1a105c7e!8m2!3d53.5178953!4d-113.4987329!16s%2Fg%2F1tk67c9s!19sChIJmWMb8g8ioFMRflwQGjzWCl8?authuser=0&hl=en&g_ep=EgoyMDI2MDgyNS4wIJJjKgBIAVAD&rclk=1
bars in Edmonton,Enigma Bar & Kitchen,info@enigmabarkitchen.com,https://www.enigmabarkitchen.com/,+1 780-250-0202,OpenTable,https://www.google.com/maps/place/Enigma+Bar+%26+Kitchen/data=!4m7!3m6!1s0x53a023db959baa91:0xdd891077eefac22a!8m2!3d53.5172246!4d-113.4950704!16s%2Fg%2F11x5wy_br8!19sChIJkaqbldsjoFMRKsL67ncQid0?authuser=0&hl=en&g_ep=EgoyMDI2MDgyNS4wIJJjKgBIAVAD&rclk=1
bars in Edmonton,The Starlite Room,info@starliteroom.ca,http://www.starliteroom.ca/,+1 780-428-1099,"Tock, Resy",https://www.google.com/maps/place/The+Starlite+Room/data=!4m7!3m6!1s0x53a0224655ecbe61:0x2443b97a872e3761!8m2!3d53.5398723!4d-113.4958344!16s%2Fm%2F09k63dj!19sChIJYb7sVUYioFMRYTcuh3q5QyQ?authuser=0&hl=en&g_ep=EgoyMDI2MDgyNS4wIJJjKgBIAVAD&rclk=1
bars in Edmonton,Sodo on Jasper,"contact@sodosocial.com, sodoonjasper@gmail.com",http://sodoyeg.com/,+1 780-705-1101,Tock,https://www.google.com/maps/place/Sodo+on+Jasper/data=!4m7!3m6!1s0x53a0237cebdf7e11:0xe488fdc32a2e646e!8m2!3d53.5407042!4d-113.5109845!16s%2Fg%2F11rrr9ctzb!19sChIJEX7f63wjoFMRbmQuKsP9iOQ?authuser=0&hl=en&g_ep=EgoyMDI2MDgyNS4wIJJjKgBIAVAD&rclk=1
bars in Edmonton,Nowhere Wine bar,barry@nowherewinebar.com,http://www.nowherewinebar.com/,,Tock,https://www.google.com/maps/place/Nowhere+Wine+bar/data=!4m7!3m6!1s0x53a0239cda65a957:0xb836f874ebc0bea1!8m2!3d53.54286!4d-113.53519!16s%2Fg%2F11kpz4_7z_!19sChIJV6ll2pwjoFMRob7A63T4Nrg?authuser=0&hl=en&g_ep=EgoyMDI2MDgyNS4wIJJjKgBIAVAD&rclk=1
bars in Edmonton,Bar Henry,info@barhenry.ca,https://www.barhenry.ca/,+1 587-873-4728,"Tock, OpenTable",https://www.google.com/maps/place/Bar+Henry/data=!4m7!3m6!1s0x53a0230055efdb49:0x647224e35f94f895!8m2!3d53.5449702!4d-113.4971751!16s%2Fg%2F11vqtd6f0_!19sChIJSdvvVQAjoFMRlfiUX-MkcmQ?authuser=0&hl=en&g_ep=EgoyMDI2MDgyNS4wIJJjKgBIAVAD&rclk=1
bars in Edmonton,Red Star Bar,info@redstarpub.ca,http://redstarpub.ca/,+1 780-428-0825,None,https://www.google.com/maps/place/Red+Star+Bar/data=!4m7!3m6!1s0x53a0223801310943:0x1ee715475339769f!8m2!3d53.5411323!4d-113.5021013!16s%2Fg%2F1wf21jtn!19sChIJQwkxATgioFMRn3Y5U0cV5x4?authuser=0&hl=en&g_ep=EgoyMDI2MDgyNS4wIJJjKgBIAVAD&rclk=1
bars in Edmonton,Cook County Saloon,,https://cookcountysaloon.com/,,None,https://www.google.com/maps/place/Cook+County+Saloon/data=!4m7!3m6!1s0x53a0220f05f57c6f:0x709cb7eccc65bbb4!8m2!3d53.5165!4d-113.4951!16s%2Fg%2F1tkp4nnf!19sChIJb3z1BQ8ioFMRtLtlzOy3nHA?authuser=0&hl=en&g_ep=EgoyMDI2MDgyNS4wIJJjKgBIAVAD&rclk=1
bars in Edmonton,Beercade,info@beercade.ca,http://beercade.ca/,+1 780-699-2383,None,https://www.google.com/maps/place/Beercade/data=!4m7!3m6!1s0x53a0221ab537b247:0x385bce37cf6deec3!8m2!3d53.5183715!4d-113.5023488!16s%2Fg%2F11c1ntftww!19sChIJR7I3tRoioFMRw-5tzzfOWzg?authuser=0&hl=en&g_ep=EgoyMDI2MDgyNS4wIJJjKgBIAVAD&rclk=1
bars in Edmonton,The Bower,info@thebower.ca,http://www.thebower.ca/#/contact,+1 780-423-4256,None,https://www.google.com/maps/place/The+Bower/data=!4m7!3m6!1s0x53a0223803e4f759:0xa3bbca7717d2a9c0!8m2!3d53.541361!4d-113.502114!16s%2Fg%2F1pyqppxy5!19sChIJWffkAzgioFMRwKnSF3fKu6M?authuser=0&hl=en&g_ep=EgoyMDI2MDgyNS4wIJJjKgBIAVAD&rclk=1
bars in Edmonton,BLAKBAR Tavern,"blakbarbookings@gmail.com, matt@blakbar.com",http://www.blakbar.com/,,Tock,https://www.google.com/maps/place/BLAKBAR+Tavern/data=!4m7!3m6!1s0x53a0221b5debfa43:0x8161691bf74e2852!8m2!3d53.5183619!4d-113.5088513!16s%2Fg%2F11f2k1fttf!19sChIJQ_rrXRsioFMRUihO9xtpYYE?authuser=0&hl=en&g_ep=EgoyMDI2MDgyNS4wIJJjKgBIAVAD&rclk=1
bars in Edmonton,The Pint Whyte,edmontonwhyte@thepint.ca,http://whyte.thepint.ca/,+1 780-758-7400,None,https://www.google.com/maps/place/The+Pint+Whyte/data=!4m7!3m6!1s0x53a0220f848637b5:0x9e4a93098a68b8ae!8m2!3d53.5169558!4d-113.4979027!16s%2Fg%2F1hc3pw41g!19sChIJtTeGhA8ioFMRrrhoigmTSp4?authuser=0&hl=en&g_ep=EgoyMDI2MDgyNS4wIJJjKgBIAVAD&rclk=1
bars in Edmonton,Arbour on Whyte,hello@arbouryeg.ca,http://www.arbouryeg.ca/,+1 825-401-3646,"Tock, Toast, OpenTable",https://www.google.com/maps/place/Arbour+on+Whyte/data=!4m7!3m6!1s0x53a0231d6b605e1f:0xca6d78f7df74e64c!8m2!3d53.5178205!4d-113.4985543!16s%2Fg%2F11sw218z3x!19sChIJH15gax0joFMRTOZ03_d4bco?authuser=0&hl=en&g_ep=EgoyMDI2MDgyNS4wIJJjKgBIAVAD&rclk=1
bars in Edmonton,The Old Fashioned Mobile Bar Edmonton,theoldfashionedmobile@gmail.com,https://www.theoldfashionedmobilebar.ca/,+1 780-554-7737,"Tock, OpenTable",https://www.google.com/maps/place/The+Old+Fashioned+Mobile+Bar+Edmonton/data=!4m7!3m6!1s0x53a01f761f91d6c7:0x62d331d1567e3467!8m2!3d53.536837!4d-113.476027!16s%2Fg%2F11pkf9y9dr!19sChIJx9aRH3YfoFMRZzR-VtEx02I?authuser=0&hl=en&g_ep=EgoyMDI2MDgyNS4wIJJjKgBIAVAD&rclk=1
bars in Edmonton,Spilt Zero Proof,spiltzeroproof@gmail.com,https://www.spilt.ca/,,"Tock, OpenTable",https://www.google.com/maps/place/Spilt+Zero+Proof/data=!4m7!3m6!1s0x53a02300098fe3f5:0x648dd635258916bd!8m2!3d53.5407316!4d-113.5275107!16s%2Fg%2F11vzgp5tbx!19sChIJ9eOPCQAjoFMRvRaJJTXWjWQ?authuser=0&hl=en&g_ep=EgoyMDI2MDgyNS4wIJJjKgBIAVAD&rclk=1
bars in Edmonton,Yardbird Suite,,https://www.yardbirdsuite.com/,+1 780-432-0428,None,https://www.google.com/maps/place/Yardbird+Suite/data=!4m7!3m6!1s0x53a022122a83c811:0xe432bb369024b71b!8m2!3d53.521499!4d-113.4947763!16s%2Fg%2F1tdyw105!19sChIJEciDKhIioFMRG7ckkDa7MuQ?authuser=0&hl=en&g_ep=EgoyMDI2MDgyNS4wIJJjKgBIAVAD&rclk=1
bars in Edmonton,The Dive Bar,,http://www.divebaryeg.com/,+17807603483,None,https://www.google.com/maps/place/The+Dive+Bar/data=!4m7!3m6!1s0x53a022452ec5b29b:0x4a7ac1a5eff1b5c8!8m2!3d53.5427122!4d-113.4849637!16s%2Fg%2F1tfhg2sv!19sChIJm7LFLkUioFMRyLXx76XBeko?authuser=0&hl=en&g_ep=EgoyMDI2MDgyNS4wIJJjKgBIAVAD&rclk=1
bars in Edmonton,Clementine,hello@barclementine.ca,http://www.barclementine.ca/,+1 780-756-4570,"Tock, OpenTable",https://www.google.com/maps/place/Clementine/data=!4m7!3m6!1s0x53a0222ebad7c73f:0x96a3f044302df775!8m2!3d53.5407921!4d-113.528709!16s%2Fg%2F11cs2hjzhp!19sChIJP8fXui4ioFMRdfctMETwo5Y?authuser=0&hl=en&g_ep=EgoyMDI2MDgyNS4wIJJjKgBIAVAD&rclk=1
bars in Edmonton,The Canadian Icehouse,,https://thecanadianicehouse.com/,+1 587-686-7221,"Tock, OpenTable",https://www.google.com/maps/place/The+Canadian+Icehouse/data=!4m7!3m6!1s0x53a0238c4e8ea9d1:0xff67453017d050f1!8m2!3d53.54575!4d-113.49768!16s%2Fg%2F11td342hxn!19sChIJ0amOTowjoFMR8VDQFzBFZ_8?authuser=0&hl=en&g_ep=EgoyMDI2MDgyNS4wIJJjKgBIAVAD&rclk=1
bars in Edmonton,Kelly's Pub,,https://kellyspubedmonton.com/,+1 780-451-8825,None,https://www.google.com/maps/place/Kelly%27s+Pub/data=!4m7!3m6!1s0x53a02231d8211827:0x3b1c744db478d8d4!8m2!3d53.5422448!4d-113.4994573!16s%2Fg%2F1tg78qv_!19sChIJJxgh2DEioFMR1Nh4tE10HDs?authuser=0&hl=en&g_ep=EgoyMDI2MDgyNS4wIJJjKgBIAVAD&rclk=1
bars in Edmonton,The Buckingham,info@thebuckingham.ca,https://thebuckingham.ca/,+1 780-761-1002,None,https://www.google.com/maps/place/The+Buckingham/data=!4m7!3m6!1s0x53a0220e4373373f:0x624b3a369cd78077!8m2!3d53.5179422!4d-113.4991242!16s%2Fg%2F11b5_1tvd2!19sChIJPzdzQw4ioFMRd4DXnDY6S2I?authuser=0&hl=en&g_ep=EgoyMDI2MDgyNS4wIJJjKgBIAVAD&rclk=1
bars in Edmonton,Hudsons Canada's Pub,,http://www.hudsonscanadaspub.com/,+1 780-433-4526,None,https://www.google.com/maps/place/Hudsons+Canada%27s+Pub/data=!4m7!3m6!1s0x53a0220fb30aaa37:0x767fd6794539fe30!8m2!3d53.5178782!4d-113.4952107!16s%2Fg%2F1tffz5dy!19sChIJN6oKsw8ioFMRMP45RXnWf3Y?authuser=0&hl=en&g_ep=EgoyMDI2MDgyNS4wIJJjKgBIAVAD&rclk=1
bars in Edmonton,The Whiskey Barn - Honky Tonk and Smoke BBQ,bookings@thewhiskeybarnyeg.com,http://thewhiskeybarnyeg.com/,+1 780-701-8666,OpenTable,https://www.google.com/maps/place/The+Whiskey+Barn+-+Honky+Tonk+and+Smoke+BBQ/data=!4m7!3m6!1s0x53a0231d5ab2e82b:0xcb09442b8fa1a7cf!8m2!3d53.544408!4d-113.497639!16s%2Fg%2F11ncl8zgjq!19sChIJK-iyWh0joFMRz6ehjytECcs?authuser=0&hl=en&g_ep=EgoyMDI2MDgyNS4wIJJjKgBIAVAD&rclk=1
bars in Edmonton,Shiddy's Distilling and Rumpus Room,,http://www.getshiddy.com/,+1 780-613-1614,Tock,https://www.google.com/maps/place/Shiddy%27s+Distilling+and+Rumpus+Room/data=!4m7!3m6!1s0x53a023094ed8ce51:0xe296cd056de9c41c!8m2!3d53.5143418!4d-113.4867601!16s%2Fg%2F11v011tzt6!19sChIJUc7YTgkjoFMRHMTpbQXNluI?authuser=0&hl=en&g_ep=EgoyMDI2MDgyNS4wIJJjKgBIAVAD&rclk=1
bars in Edmonton,Rocky Mountain Icehouse,info@rockymountainicehouse.ca,http://www.rockymountainicehouse.ca/,+1 780-424-3836,None,https://www.google.com/maps/place/Rocky+Mountain+Icehouse/data=!4m7!3m6!1s0x53a02247ff43d2bf:0xfc3bc4ff0e1509a5!8m2!3d53.5411111!4d-113.5016667!16s%2Fg%2F11b8thgshy!19sChIJv9JD_0cioFMRpQkVDv_EO_w?authuser=0&hl=en&g_ep=EgoyMDI2MDgyNS4wIJJjKgBIAVAD&rclk=1
bars in Edmonton,Meat The Bun Bar & Bistro,,https://meatthebun.ca/meat-the-bun-whyte-ave,+1 587-855-1700,Toast,https://www.google.com/maps/place/Meat+The+Bun+Bar+%26+Bistro/data=!4m7!3m6!1s0x53a0230202922b97:0x15c7e07ffd0fa496!8m2!3d53.5183501!4d-113.5021022!16s%2Fg%2F11wqyhdpmc!19sChIJlyuSAgIjoFMRlqQP_X_gxxU?authuser=0&hl=en&g_ep=EgoyMDI2MDgyNS4wIJJjKgBIAVAD&rclk=1
bars in Edmonton,Slow Pour Beer Bar,,http://slowpouryeg.com/,,"Tock, OpenTable",https://www.google.com/maps/place/Slow+Pour+Beer+Bar/data=!4m7!3m6!1s0x53a023fda9b0164b:0x5a505df1bcf462b0!8m2!3d53.54708!4d-113.53261!16s%2Fg%2F11sbp_zfk2!19sChIJSxawqf0joFMRsGL0vPFdUFo?authuser=0&hl=en&g_ep=EgoyMDI2MDgyNS4wIJJjKgBIAVAD&rclk=1
bars in Edmonton,Dolly's Cocktail Bar,,https://www.dollyscocktails.ca/,,"Tock, OpenTable",https://www.google.com/maps/place/Dolly%27s+Cocktail+Bar/data=!4m7!3m6!1s0x53a0223a2c2192cd:0xaafb2663b32b9880!8m2!3d53.5374041!4d-113.5087456!16s%2Fg%2F11v5_37xyy!19sChIJzZIhLDoioFMRgJgrs2Mm-6o?authuser=0&hl=en&g_ep=EgoyMDI2MDgyNS4wIJJjKgBIAVAD&rclk=1
resorts in Edmonton,Varscona Hotel on Whyte,info@varscona.com,http://www.varscona.com/,+1 780-434-6111,OpenTable,https://www.google.com/maps/place/Varscona+Hotel+on+Whyte/data=!4m10!3m9!1s0x53a022f03c069b6b:0x9da29af853e1dbb4!5m2!4m1!1i2!8m2!3d53.5183897!4d-113.5036821!16s%2Fg%2F1tdb8j7x!19sChIJa5sGPPAioFMRtNvhU_iaop0?authuser=0&hl=en&g_ep=EgoyMDI2MDgyNS4wIJJjKgBIAVAD&rclk=1
resorts in Edmonton,Holiday Inn Edmonton South - Evario Events by IHG,,https://www.ihg.com/holidayinn/hotels/us/en/edmonton/yegso/hoteldetail?cm_mmc=GoogleMaps-_-HI-_-CA-_-YEGSO,+1 780-784-8500,None,https://www.google.com/maps/place/Holiday+Inn+Edmonton+South+-+Evario+Events+by+IHG/data=!4m10!3m9!1s0x53a01e9c3a2c3517:0x33204da0993d78e0!5m2!4m1!1i2!8m2!3d53.423421!4d-113.481534!16s%2Fg%2F11gnprbggf!19sChIJFzUsOpweoFMR4Hg9maBNIDM?authuser=0&hl=en&g_ep=EgoyMDI2MDgyNS4wIJJjKgBIAVAD&rclk=1
resorts in Edmonton,JW Marriott Edmonton ICE District,,https://www.marriott.com/en-us/hotels/yegjw-jw-marriott-edmonton-ice-district/overview/?scid=f2ae0541-1279-4f24-b197-a979c79310b0,+1 780-784-7950,None,https://www.google.com/maps/place/JW+Marriott+Edmonton+ICE+District/data=!4m10!3m9!1s0x53a0233956f98715:0x8e4a13536ee9f84a!5m2!4m1!1i2!8m2!3d53.54565!4d-113.49582!16s%2Fg%2F11f658mbm8!19sChIJFYf5VjkjoFMRSvjpblMTSo4?authuser=0&hl=en&g_ep=EgoyMDI2MDgyNS4wIJJjKgBIAVAD&rclk=1
resorts in Edmonton,Metterra Hotel on Whyte,info@metterra.com,http://www.metterra.com/,+1 780-465-8150,None,https://www.google.com/maps/place/Metterra+Hotel+on+Whyte/data=!4m10!3m9!1s0x53a0220ff7a1d43d:0x88658b2538d25c0d!5m2!4m1!1i2!8m2!3d53.5182933!4d-113.4997771!16s%2Fg%2F1tdvpfdj!19sChIJPdSh9w8ioFMRDVzSOCWLZYg?authuser=0&hl=en&g_ep=EgoyMDI2MDgyNS4wIJJjKgBIAVAD&rclk=1
resorts in Edmonton,Matrix Hotel,info@matrixedmonton.com,http://www.matrixedmonton.com/,+1 780-429-2861,None,https://www.google.com/maps/place/Matrix+Hotel/data=!4m10!3m9!1s0x53a022384b83d2f3:0xcf082ff6f71ed391!5m2!4m1!1i2!8m2!3d53.5390323!4d-113.5043978!16s%2Fg%2F1tdkgb37!19sChIJ89KDSzgioFMRkdMe9_YvCM8?authuser=0&hl=en&g_ep=EgoyMDI2MDgyNS4wIJJjKgBIAVAD&rclk=1
resorts in Edmonton,Devon Lions Campground,info@devonlionscampground.com,https://devonlionscampground.com/,+1 780-987-4777,Tock,https://www.google.com/maps/place/Devon+Lions+Campground/data=!4m10!3m9!1s0x539ff15cca70e4f5:0x7cc7e8a8f6cc22fd!5m2!4m1!1i2!8m2!3d53.3615728!4d-113.706875!16s%2Fg%2F1tcwqtq8!19sChIJ9eRwylzxn1MR_SLM9qjox3w?authuser=0&hl=en&g_ep=EgoyMDI2MDgyNS4wIJJjKgBIAVAD&rclk=1
resorts in Edmonton,Renaissance Edmonton Airport Hotel,,https://www.marriott.com/en-us/hotels/yegbr-renaissance-edmonton-airport-hotel/overview/?scid=f2ae0541-1279-4f24-b197-a979c79310b0,+1 780-488-7159,None,https://www.google.com/maps/place/Renaissance+Edmonton+Airport+Hotel/data=!4m10!3m9!1s0x539ff763d52e4833:0xfd9b846f224a932d!5m2!4m1!1i2!8m2!3d53.3099021!4d-113.5841236!16s%2Fg%2F11bbrhv50r!19sChIJM0gu1WP3n1MRLZNKIm-Em_0?authuser=0&hl=en&g_ep=EgoyMDI2MDgyNS4wIJJjKgBIAVAD&rclk=1
resorts in Edmonton,River Cree Resort and Casino,,https://www.rivercreeresort.com/,+1 780-484-2121,Tock,https://www.google.com/maps/place/River+Cree+Resort+and+Casino/data=!4m10!3m9!1s0x539f8a8a5abee61f:0xcaf4403c049257f1!5m2!4m1!1i2!8m2!3d53.5103877!4d-113.6971708!16s%2Fg%2F1tgfptc9!19sChIJH-a-WoqKn1MR8VeSBDxA9Mo?authuser=0&hl=en&g_ep=EgoyMDI2MDgyNS4wIJJjKgBIAVAD&rclk=1
resorts in Edmonton,University of Alberta - Hotel,,https://conference.ualberta.ca/meetings-events/lister-centre,+1 780-492-6056,Tock,https://www.google.com/maps/place/University+of+Alberta+-+Hotel/data=!4m10!3m9!1s0x53a021f4bd8f8b9b:0x821b0d2b2ec32627!5m2!4m1!1i2!8m2!3d53.5224253!4d-113.530851!16s%2Fg%2F1pp2x8v6w!19sChIJm4uPvfQhoFMRJybDLisNG4I?authuser=0&hl=en&g_ep=EgoyMDI2MDgyNS4wIJJjKgBIAVAD&rclk=1
resorts in Edmonton,Fairmont Hotel Macdonald,hotelmacdonald@fairmont.com,https://www.fairmont.com/macdonald-edmonton/?goto=fiche_hotel&code_hotel=A559&merchantid=seo-maps-CA-A559&sourceid=aw-cen&utm_medium=seo%20maps&utm_source=google%20Maps&utm_campaign=seo%20maps,+1 780-424-5181,None,https://www.google.com/maps/place/Fairmont+Hotel+Macdonald/data=!4m10!3m9!1s0x53a02244379696db:0xd6ea79f64a1b5361!5m2!4m1!1i2!8m2!3d53.5402471!4d-113.4895554!16zL20vMDVzal8w!19sChIJ25aWN0QioFMRYVMbSvZ56tY?authuser=0&hl=en&g_ep=EgoyMDI2MDgyNS4wIJJjKgBIAVAD&rclk=1
restaurants in Ottawa,ParLê Vietnameese restaurant,,https://vietfresh.ca/,+1 289-806-4875,None,https://www.google.com/maps/place/ParL%C3%AA+Vietnameese+restaurant/data=!4m7!3m6!1s0x4cce051063cbad25:0xc3cabb71127425bc!8m2!3d45.4292828!4d-75.6913001!16s%2Fg%2F11rkjchv87!19sChIJJa3LYxAFzkwRvCV0EnG7ysM?authuser=0&hl=en&g_ep=EgoyMDI2MDgyNS4wIJJjKgBIAVAD&rclk=1
restaurants in Ottawa,LOCAL Public Eatery Lansdowne,info@locallansdowne.com,https://localpubliceatery.com/neighbourhoods/lansdowne/,+1 613-233-3772,OpenTable,https://www.google.com/maps/place/LOCAL+Public+Eatery+Lansdowne/data=!4m7!3m6!1s0x4cce05c0452fefdf:0x734ff01ced4db053!8m2!3d45.3998734!4d-75.6840333!16s%2Fg%2F11b75gtznb!19sChIJ3-8vRcAFzkwRU7BN7RzwT3M?authuser=0&hl=en&g_ep=EgoyMDI2MDgyNS4wIJJjKgBIAVAD&rclk=1
restaurants in Ottawa,Aiana Restaurant,reservations@aiana.ca,https://aiana.ca/,+1 613-680-8100,OpenTable,https://www.google.com/maps/place/Aiana+Restaurant/data=!4m7!3m6!1s0x4cce05de55e3527f:0x9227e770e52eb947!8m2!3d45.4211429!4d-75.6988665!16s%2Fg%2F11j_q18r01!19sChIJf1LjVd4FzkwRR7ku5XDnJ5I?authuser=0&hl=en&g_ep=EgoyMDI2MDgyNS4wIJJjKgBIAVAD&rclk=1
restaurants in Ottawa,The Whalesbone Bank Street,"info@thewhalesbone.com, wholesale@thewhalesbone.com, info@thewhalesbone.comfor",https://thewhalesbone.com/pages/bank-street,+1 613-231-8569,None,https://www.google.com/maps/place/The+Whalesbone+Bank+Street/data=!4m7!3m6!1s0x4cce05b1fccc0299:0xa7732e026d7289b4!8m2!3d45.4123053!4d-75.6938566!16s%2Fm%2F05bqx2k!19sChIJmQLM_LEFzkwRtIlybQIuc6c?authuser=0&hl=en&g_ep=EgoyMDI2MDgyNS4wIJJjKgBIAVAD&rclk=1
restaurants in Ottawa,Ruby's,reservations@rubysottawa.com,http://www.rubysottawa.com/,+1 613-860-7829,"Tock, OpenTable",https://www.google.com/maps/place/Ruby%27s/data=!4m7!3m6!1s0x4cce0509aacb6d3f:0x8169ad81bd319c89!8m2!3d45.426978!4d-75.6939539!16s%2Fg%2F11z5x4t4fz!19sChIJP23LqgkFzkwRiZwxvYGtaYE?authuser=0&hl=en&g_ep=EgoyMDI2MDgyNS4wIJJjKgBIAVAD&rclk=1
restaurants in Ottawa,ALORA Ottawa & ALORA Rooftop,,http://aloraottawa.com/,+1 613-562-4955,OpenTable,https://www.google.com/maps/place/ALORA+Ottawa+%26+ALORA+Rooftop/data=!4m7!3m6!1s0x4cce05cfa0b9328f:0x7ea10a359b3197d3!8m2!3d45.4283208!4d-75.6943277!16s%2Fg%2F11v06n26ss!19sChIJjzK5oM8FzkwR05cxmzUKoX4?authuser=0&hl=en&g_ep=EgoyMDI2MDgyNS4wIJJjKgBIAVAD&rclk=1
restaurants in Ottawa,Table SODAM,,http://www.table85.com/,+1 613-421-1229,None,https://www.google.com/maps/place/Table+SODAM/data=!4m7!3m6!1s0x4cce05e6208b2351:0xa9383560e964cc2!8m2!3d45.3916353!4d-75.6813274!16s%2Fg%2F11hd6_8hyg!19sChIJUSOLIOYFzkwRwkyWDlaDkwo?authuser=0&hl=en&g_ep=EgoyMDI2MDgyNS4wIJJjKgBIAVAD&rclk=1
restaurants in Ottawa,La Nhau Viet Kitchen & Bar,,https://lanhau.com/,+1 613-230-5921,None,https://www.google.com/maps/place/La+Nhau+Viet+Kitchen+%26+Bar/data=!4m7!3m6!1s0x4cce05ec606726e7:0x79e2afb595269482!8m2!3d45.4297799!4d-75.6928305!16s%2Fg%2F11yw0jyd5b!19sChIJ5yZnYOwFzkwRgpQmlbWv4nk?authuser=0&hl=en&g_ep=EgoyMDI2MDgyNS4wIJJjKgBIAVAD&rclk=1
restaurants in Ottawa,Gyubee Japanese Grill (Ottawa),info@gyubeejapanesegrill.com,http://www.gyubeejapanesegrill.com/,+1 613-367-5065,Tock,https://www.google.com/maps/place/Gyubee+Japanese+Grill+%28Ottawa%29/data=!4m7!3m6!1s0x4cce05755e82e10b:0xf9b7eeba2d746c10!8m2!3d45.428987!4d-75.6915847!16s%2Fg%2F11fshv2vll!19sChIJC-GCXnUFzkwREGx0Lbrut_k?authuser=0&hl=en&g_ep=EgoyMDI2MDgyNS4wIJJjKgBIAVAD&rclk=1
restaurants in Ottawa,Luxe Bistro,"noah@luxebistro.com, events@luxebistro.com, info@luxebistro.com",http://www.luxebistro.com/,+1 613-241-8805,OpenTable,https://www.google.com/maps/place/Luxe+Bistro/data=!4m7!3m6!1s0x4cce04fd8ba68fc3:0x8843441465b3ee9e!8m2!3d45.4282053!4d-75.6934116!16s%2Fg%2F1tq6d3g6!19sChIJw4-mi_0EzkwRnu6zZRREQ4g?authuser=0&hl=en&g_ep=EgoyMDI2MDgyNS4wIJJjKgBIAVAD&rclk=1
restaurants in Ottawa,Arlo Wine & Restaurant,info@restaurantarlo.com,http://www.restaurantarlo.com/,+1 613-421-1424,OpenTable,https://www.google.com/maps/place/Arlo+Wine+%26+Restaurant/data=!4m7!3m6!1s0x4cce0579067d5d07:0x849c8ed5c61e8a0c!8m2!3d45.4155508!4d-75.6953362!16s%2Fg%2F11jdnd7x9v!19sChIJB119BnkFzkwRDIoextWOnIQ?authuser=0&hl=en&g_ep=EgoyMDI2MDgyNS4wIJJjKgBIAVAD&rclk=1
restaurants in Ottawa,Aroma Meze,info@aromameze.com,http://www.aromameze.com/,+1 613-421-0504,None,https://www.google.com/maps/place/Aroma+Meze/data=!4m7!3m6!1s0x4cce0453382635b9:0x7faecb80c4648385!8m2!3d45.416838!4d-75.6996692!16s%2Fm%2F05b7mr1!19sChIJuTUmOFMEzkwRhYNkxIDLrn8?authuser=0&hl=en&g_ep=EgoyMDI2MDgyNS4wIJJjKgBIAVAD&rclk=1
restaurants in Ottawa,Bistro Ristoro,,http://www.bistroristoro.ca/,+1 343-988-7997,None,https://www.google.com/maps/place/Bistro+Ristoro/data=!4m7!3m6!1s0x4cce05a54ffaacdb:0x2dd900c94f6943b8!8m2!3d45.4284212!4d-75.6950111!16s%2Fg%2F11gjxv49hd!19sChIJ26z6T6UFzkwRuENpT8kA2S0?authuser=0&hl=en&g_ep=EgoyMDI2MDgyNS4wIJJjKgBIAVAD&rclk=1
restaurants in Ottawa,Fauna,"max@chenevis.com, info@faunaottawa.ca",http://www.faunaottawa.ca/,+1 613-563-2862,"Tock, OpenTable",https://www.google.com/maps/place/Fauna/data=!4m7!3m6!1s0x4cce05ae028dcb8b:0x692b818b532ae1a7!8m2!3d45.4125349!4d-75.6937159!16s%2Fg%2F11bbx0sx58!19sChIJi8uNAq4FzkwRp-EqU4uBK2k?authuser=0&hl=en&g_ep=EgoyMDI2MDgyNS4wIJJjKgBIAVAD&rclk=1
restaurants in Ottawa,JOEY Rideau,"accessibility@joeyrestaurants.com, jrideau@joeyrestaurants.com",https://joeyrestaurants.com/location/joey-rideau,+1 613-680-5639,OpenTable,https://www.google.com/maps/place/JOEY+Rideau/data=!4m7!3m6!1s0x4cce05010a0c8569:0x5c8a2546527aa653!8m2!3d45.4264317!4d-75.6907832!16s%2Fg%2F11dztqqtn7!19sChIJaYUMCgEFzkwRU6Z6UkYlilw?authuser=0&hl=en&g_ep=EgoyMDI2MDgyNS4wIJJjKgBIAVAD&rclk=1
restaurants in Ottawa,Riviera Ottawa,"events@dineriviera.com, info@dineriviera.com",https://dineriviera.com/,+1 613-233-6262,OpenTable,https://www.google.com/maps/place/Riviera+Ottawa/data=!4m7!3m6!1s0x4cce04ffe8c6e7a9:0x282461f11c29d027!8m2!3d45.4231733!4d-75.6963932!16s%2Fg%2F11c0xsc0gj!19sChIJqefG6P8EzkwRJ9ApHPFhJCg?authuser=0&hl=en&g_ep=EgoyMDI2MDgyNS4wIJJjKgBIAVAD&rclk=1
restaurants in Ottawa,Elgin Street Diner,,http://www.elginstreetdiner.com/,+1 613-237-9700,None,https://www.google.com/maps/place/Elgin+Street+Diner/data=!4m7!3m6!1s0x4cce05af6e9261e9:0x411076ce3fe338c3!8m2!3d45.4149016!4d-75.6880648!16s%2Fg%2F1vnrq71s!19sChIJ6WGSbq8FzkwRwzjjP852EEE?authuser=0&hl=en&g_ep=EgoyMDI2MDgyNS4wIJJjKgBIAVAD&rclk=1
restaurants in Ottawa,The Whalesbone Elgin Street,"info@thewhalesbone.com, wholesale@thewhalesbone.com, info@thewhalesbone.comfor",https://thewhalesbone.com/pages/elgin-street-menu,+1 613-505-4300,None,https://www.google.com/maps/place/The+Whalesbone+Elgin+Street/data=!4m7!3m6!1s0x4cce05a97c556203:0xd02f5192018ff70b!8m2!3d45.4188883!4d-75.691076!16s%2Fg%2F11c4b3532x!19sChIJA2JVfKkFzkwRC_ePAZJRL9A?authuser=0&hl=en&g_ep=EgoyMDI2MDgyNS4wIJJjKgBIAVAD&rclk=1
restaurants in Ottawa,Cocotte Bistro,info@cocottebistro.com,https://cocottebistro.com/,+1 613-216-2912,OpenTable,https://www.google.com/maps/place/Cocotte+Bistro/data=!4m7!3m6!1s0x4cce05aae8eaaaab:0x3719dc9d802f26a!8m2!3d45.4204604!4d-75.6951537!16s%2Fg%2F11s7jsgz1z!19sChIJq6rq6KoFzkwRavIC2MmdcQM?authuser=0&hl=en&g_ep=EgoyMDI2MDgyNS4wIJJjKgBIAVAD&rclk=1
restaurants in Ottawa,Speakeasy Ottawa,filler@godaddy.com,https://speakeasyottawa.com/,+1 613-241-6221,Tock,https://www.google.com/maps/place/Speakeasy+Ottawa/data=!4m7!3m6!1s0x4cce05c55d43e317:0x70e6c960ae7b2141!8m2!3d45.4282774!4d-75.6928415!16s%2Fg%2F11tmk900s0!19sChIJF-NDXcUFzkwRQSF7rmDJ5nA?authuser=0&hl=en&g_ep=EgoyMDI2MDgyNS4wIJJjKgBIAVAD&rclk=1
restaurants in Ottawa,Meet Noodle,,https://vioo.vip/meetnoodle1,+1 613-565-5555,None,https://www.google.com/maps/place/Meet+Noodle/data=!4m7!3m6!1s0x4cce05ab06840079:0xcb22706e72f56586!8m2!3d45.4193515!4d-75.6946308!16s%2Fg%2F11rylmt8sl!19sChIJeQCEBqsFzkwRhmX1cm5wIss?authuser=0&hl=en&g_ep=EgoyMDI2MDgyNS4wIJJjKgBIAVAD&rclk=1
restaurants in Ottawa,La Strada Restaurant,,http://www.lastradarestaurant.ca/,+1 613-567-2066,None,https://www.google.com/maps/place/La+Strada+Restaurant/data=!4m7!3m6!1s0x4cce05b9b051bea9:0xebeffb0621a5aca0!8m2!3d45.4053373!4d-75.6895404!16s%2Fg%2F1tj32rlk!19sChIJqb5RsLkFzkwRoKylIQb77-s?authuser=0&hl=en&g_ep=EgoyMDI2MDgyNS4wIJJjKgBIAVAD&rclk=1
restaurants in Ottawa,In's Kitchen,"mhjo00@outlook.com, suyeon@inskitchen.ca",https://www.inskitchen.ca/,+1 613-233-1001,"Tock, OpenTable",https://www.google.com/maps/place/In%27s+Kitchen/data=!4m7!3m6!1s0x4cce058fd2e8f7ab:0xa09dd8183be6893d!8m2!3d45.4210624!4d-75.6779353!16s%2Fg%2F11rqzjbcqx!19sChIJq_fo0o8FzkwRPYnmOxjYnaA?authuser=0&hl=en&g_ep=EgoyMDI2MDgyNS4wIJJjKgBIAVAD&rclk=1
restaurants in Ottawa,Chez Lucien,,,+1 613-241-3533,None,https://www.google.com/maps/place/Chez+Lucien/data=!4m7!3m6!1s0x4cce04fd5ee7e299:0xa3876bc5300f0c27!8m2!3d45.4304922!4d-75.6920272!16s%2Fg%2F1tmpk42_!19sChIJmeLnXv0EzkwRJwwPMMVrh6M?authuser=0&hl=en&g_ep=EgoyMDI2MDgyNS4wIJJjKgBIAVAD&rclk=1
restaurants in Ottawa,Union Local 613,info@union613.ca,http://union613.ca/,+1 613-231-1010,None,https://www.google.com/maps/place/Union+Local+613/data=!4m7!3m6!1s0x4cce05ac42840111:0xd9d59301cf180919!8m2!3d45.4161618!4d-75.6949367!16s%2Fg%2F1ptykz5jb!19sChIJEQGEQqwFzkwRGQkYzwGT1dk?authuser=0&hl=en&g_ep=EgoyMDI2MDgyNS4wIJJjKgBIAVAD&rclk=1
restaurants in Ottawa,Restaurant e18hteen,events@restaurant18.com,http://www.restaurant18.com/,+1 613-244-1188,"Tock, OpenTable",https://www.google.com/maps/place/Restaurant+e18hteen/data=!4m7!3m6!1s0x4cce04fdfacece6f:0x3b85c97e62d5974d!8m2!3d45.4274398!4d-75.6941164!16s%2Fm%2F05bplp8!19sChIJb87O-v0EzkwRTZfVYn7JhTs?authuser=0&hl=en&g_ep=EgoyMDI2MDgyNS4wIJJjKgBIAVAD&rclk=1
restaurants in Ottawa,Petit Bill's Bistro,petitbillsbistro@gmail.com,https://petitbillsbistro.com/,+1 613-729-2500,None,https://www.google.com/maps/place/Petit+Bill%27s+Bistro/data=!4m7!3m6!1s0x4cce04178e7c40f3:0x3de0c80294a6d722!8m2!3d45.3990736!4d-75.7354811!16s%2Fm%2F05bpkl8!19sChIJ80B8jhcEzkwRItemlALI4D0?authuser=0&hl=en&g_ep=EgoyMDI2MDgyNS4wIJJjKgBIAVAD&rclk=1
restaurants in Ottawa,Stofa Restaurant,info@stofarestaurant.com,http://www.stofarestaurant.com/,+1 613-722-6555,OpenTable,https://www.google.com/maps/place/Stofa+Restaurant/data=!4m7!3m6!1s0x4cce0419eb595451:0xfbe5ade0d2fd3fbd!8m2!3d45.3979972!4d-75.7392611!16s%2Fg%2F11fy7c86_c!19sChIJUVRZ6xkEzkwRvT_90uCt5fs?authuser=0&hl=en&g_ep=EgoyMDI2MDgyNS4wIJJjKgBIAVAD&rclk=1
restaurants in Ottawa,Prohibition Public House,info@prohibitionhouse.com,http://www.prohibitionhouse.com/,+1 613-565-2704,"Tock, OpenTable",https://www.google.com/maps/place/Prohibition+Public+House/data=!4m7!3m6!1s0x4cce05ac5ba503ad:0xe1f0f21c2338a953!8m2!3d45.415915!4d-75.69549!16s%2Fg%2F11bzs341tf!19sChIJrQOlW6wFzkwRU6k4Ixzy8OE?authuser=0&hl=en&g_ep=EgoyMDI2MDgyNS4wIJJjKgBIAVAD&rclk=1
restaurants in Ottawa,JOEY Lansdowne,"accessibility@joeyrestaurants.com, jlansdowne@joeyrestaurants.com",https://joeyrestaurants.com/location/joey-lansdowne,+1 613-695-5639,OpenTable,https://www.google.com/maps/place/JOEY+Lansdowne/data=!4m7!3m6!1s0x4cce05c051d01b51:0x28eb0acba9f8f93d!8m2!3d45.3998186!4d-75.6843649!16s%2Fg%2F11bc70_hr8!19sChIJURvQUcAFzkwRPfn4qcsK6yg?authuser=0&hl=en&g_ep=EgoyMDI2MDgyNS4wIJJjKgBIAVAD&rclk=1
restaurants in Ottawa,Gezellig,"info@gezelligdining.ca, jobs@beckta.com",http://www.gezelligdining.ca/,+1 613-680-9086,OpenTable,https://www.google.com/maps/place/Gezellig/data=!4m7!3m6!1s0x4cce04026f664649:0xd440248271697d62!8m2!3d45.392257!4d-75.7540996!16s%2Fg%2F1hhhwj157!19sChIJSUZmbwIEzkwRYn1pcYIkQNQ?authuser=0&hl=en&g_ep=EgoyMDI2MDgyNS4wIJJjKgBIAVAD&rclk=1
restaurants in Ottawa,Beckta Dining & Wine,"info@beckta.com, events@beckta.com",http://www.beckta.com/,+1 613-238-7063,None,https://www.google.com/maps/place/Beckta+Dining+%26+Wine/data=!4m7!3m6!1s0x4cce05aa4360960b:0x27af5d58ccbc4759!8m2!3d45.4204352!4d-75.6928596!16s%2Fg%2F11b6p39nk2!19sChIJC5ZgQ6oFzkwRWUe8zFhdryc?authuser=0&hl=en&g_ep=EgoyMDI2MDgyNS4wIJJjKgBIAVAD&rclk=1
restaurants in Ottawa,Town,"citizen@townlovesyou.ca, info@townlovesyou.ca",http://www.townlovesyou.ca/,+1 613-695-8696,Resy,https://www.google.com/maps/place/Town/data=!4m7!3m6!1s0x4cce05aed4e5a1e3:0xa2bc6d2c324bd357!8m2!3d45.4166293!4d-75.6894813!16s%2Fg%2F1tcvth0s!19sChIJ46Hl1K4FzkwRV9NLMixtvKI?authuser=0&hl=en&g_ep=EgoyMDI2MDgyNS4wIJJjKgBIAVAD&rclk=1
restaurants in Ottawa,Euro Bistro,feedback@eurobistro.ca,https://www.eurobistro.ca/,+1 613-565-6518,None,https://www.google.com/maps/place/Euro+Bistro/data=!4m7!3m6!1s0x4cce045360f66763:0x4eeb4cab2fbb7e78!8m2!3d45.4175261!4d-75.6902538!16s%2Fg%2F11c0vqc1wr!19sChIJY2f2YFMEzkwReH67L6tM604?authuser=0&hl=en&g_ep=EgoyMDI2MDgyNS4wIJJjKgBIAVAD&rclk=1
restaurants in Ottawa,Sula Wok,,http://www.sulawok.com/,+1 613-890-7852,Tock,https://www.google.com/maps/place/Sula+Wok/data=!4m7!3m6!1s0x4cce05bd6945d3b9:0xa00f7be7432e2936!8m2!3d45.4089759!4d-75.678102!16s%2Fg%2F11hbr6k_hg!19sChIJudNFab0FzkwRNikuQ-d7D6A?authuser=0&hl=en&g_ep=EgoyMDI2MDgyNS4wIJJjKgBIAVAD&rclk=1
restaurants in Ottawa,The Green Door Restaurant & Bakery,info@thegreendoor.ca,http://www.thegreendoor.ca/,+1 613-234-9597,Tock,https://www.google.com/maps/place/The+Green+Door+Restaurant+%26+Bakery/data=!4m7!3m6!1s0x4cce05bd7c1ee01d:0xeac5460ce1759c42!8m2!3d45.408348!4d-75.6777499!16s%2Fg%2F11g8wj1wkp!19sChIJHeAefL0FzkwRQpx14QxGxeo?authuser=0&hl=en&g_ep=EgoyMDI2MDgyNS4wIJJjKgBIAVAD&rclk=1
restaurants in Ottawa,Le Poisson Bleu,info@lepoissonbleu.net,http://www.lepoissonbleu.net/,+1 613-656-1638,"Tock, Toast, OpenTable",https://www.google.com/maps/place/Le+Poisson+Bleu/data=!4m7!3m6!1s0x4cce05ff83adc041:0x371334dd22f71125!8m2!3d45.4120955!4d-75.703913!16s%2Fg%2F11sh6h1b77!19sChIJQcCtg_8FzkwRJRH3It00Ezc?authuser=0&hl=en&g_ep=EgoyMDI2MDgyNS4wIJJjKgBIAVAD&rclk=1
restaurants in Ottawa,Ratatouille Bistro,info@ratatouillebistro.ca,http://www.ratatouillebistro.ca/,+1 613-695-5785,None,https://www.google.com/maps/place/Ratatouille+Bistro/data=!4m7!3m6!1s0x4cce05283fd162f9:0x1d37c1daf3e35916!8m2!3d45.4299834!4d-75.6922257!16s%2Fg%2F11k9s_q0vh!19sChIJ-WLRPygFzkwRFlnj89rBNx0?authuser=0&hl=en&g_ep=EgoyMDI2MDgyNS4wIJJjKgBIAVAD&rclk=1
restaurants in Ottawa,Paper Tiger Noodle Bar,"info@papertiger.ca, team@latofonts.com, lemonad@jovanny.ru",http://papertiger.ca/,+1 613-521-2125,OpenTable,https://www.google.com/maps/place/Paper+Tiger+Noodle+Bar/data=!4m7!3m6!1s0x4cce05534103cc27:0xdf92cf3fc7adb315!8m2!3d45.3942139!4d-75.6832024!16s%2Fg%2F11rhvyx7jv!19sChIJJ8wDQVMFzkwRFbOtxz_Pkt8?authuser=0&hl=en&g_ep=EgoyMDI2MDgyNS4wIJJjKgBIAVAD&rclk=1
restaurants in Ottawa,Bar Lupulus,info@barlupulus.ca,https://barlupulus.ca/,+1 613-759-4677,"Tock, OpenTable",https://www.google.com/maps/place/Bar+Lupulus/data=!4m7!3m6!1s0x4cce043d69adbab9:0xac458179e3382c3c!8m2!3d45.3994511!4d-75.73228!16s%2Fg%2F11f0wyf7dh!19sChIJubqtaT0EzkwRPCw443mBRaw?authuser=0&hl=en&g_ep=EgoyMDI2MDgyNS4wIJJjKgBIAVAD&rclk=1
restaurants in Ottawa,The Manx Pub,info@manxpub.com,http://manxpub.com/,+1 613-231-2070,"Tock, OpenTable",https://www.google.com/maps/place/The+Manx+Pub/data=!4m7!3m6!1s0x4cce05af6c0e2631:0xe4fc08a4d12272e9!8m2!3d45.415017!4d-75.6881124!16s%2Fg%2F1tdnwjdz!19sChIJMSYObK8FzkwR6XIi0aQI_OQ?authuser=0&hl=en&g_ep=EgoyMDI2MDgyNS4wIJJjKgBIAVAD&rclk=1
restaurants in Ottawa,Supply and Demand,info@supplyanddemandfoods.ca,http://www.supplyanddemandfoods.ca/,+1 613-680-2949,Resy,https://www.google.com/maps/place/Supply+and+Demand/data=!4m7!3m6!1s0x4cce0419d5dafc1f:0xa82d22fc3f6d42c8!8m2!3d45.3987134!4d-75.7372702!16s%2Fg%2F1hm67xkbp!19sChIJH_za1RkEzkwRyEJtP_wiLag?authuser=0&hl=en&g_ep=EgoyMDI2MDgyNS4wIJJjKgBIAVAD&rclk=1
restaurants in Ottawa,LOLA'S KITCHEN Filipino Restaurant,info@lolaskitchen613.com,http://www.lolaskitchen613.com/,+1 613-276-7708,Tock,https://www.google.com/maps/place/LOLA%27S+KITCHEN+Filipino+Restaurant/data=!4m7!3m6!1s0x4cce09f495498d21:0xabff19bf66b9966c!8m2!3d45.4090776!4d-75.7114331!16s%2Fg%2F11qnb93mwk!19sChIJIY1JlfQJzkwRbJa5Zr8Z_6s?authuser=0&hl=en&g_ep=EgoyMDI2MDgyNS4wIJJjKgBIAVAD&rclk=1
restaurants in Ottawa,Egg Club Ottawa,franchise@eggclub.ca,https://eggclub.ca/,+1 613-230-0843,None,https://www.google.com/maps/place/Egg+Club+Ottawa/data=!4m7!3m6!1s0x4cce0503201c85d9:0x4104c31b9e481f7!8m2!3d45.4175682!4d-75.6899486!16s%2Fg%2F11v_4tkqft!19sChIJ2YUcIAMFzkwR94HkuTFMEAQ?authuser=0&hl=en&g_ep=EgoyMDI2MDgyNS4wIJJjKgBIAVAD&rclk=1
hotels in Ottawa,Holiday Inn & Suites Ottawa Kanata by IHG,,https://www.ihg.com/holidayinn/hotels/us/en/kanata/yowow/hoteldetail?cm_mmc=GoogleMaps-_-HI-_-CA-_-YOWOW,+1 613-271-3057,None,https://www.google.com/maps/place/Holiday+Inn+%26+Suites+Ottawa+Kanata+by+IHG/data=!4m10!3m9!1s0x4ccdff8a657db8fb:0x9348925ce7c834e0!5m2!4m1!1i2!8m2!3d45.311589!4d-75.904662!16s%2Fg%2F1tnbkrxf!19sChIJ-7h9ZYr_zUwR4DTI51ySSJM?authuser=0&hl=en&g_ep=EgoyMDI2MDgyNS4wIJJjKgBIAVAD&rclk=1
hotels in Ottawa,Ottawa Backpackers Inn,,https://www.ottawahostel.com/,+1 613-241-3402,None,https://www.google.com/maps/place/Ottawa+Backpackers+Inn/data=!4m10!3m9!1s0x4cce05032616c643:0xa4419a4884b40029!5m2!4m1!1i2!8m2!3d45.4304173!4d-75.6882694!16s%2Fg%2F1tf7xbg9!19sChIJQ8YWJgMFzkwRKQC0hEiaQaQ?authuser=0&hl=en&g_ep=EgoyMDI2MDgyNS4wIJJjKgBIAVAD&rclk=1
hotels in Ottawa,Comfort Inn Ottawa East,,https://www.choicehotels.com/ontario/ottawa/comfort-inn-hotels/cn302?mc=llrscncn&pmf=canada,+1 613-744-2900,None,https://www.google.com/maps/place/Comfort+Inn+Ottawa+East/data=!4m10!3m9!1s0x4cce0f9b2b440dbf:0x2b3c59a6ef51e4e6!5m2!4m1!1i2!8m2!3d45.4213193!4d-75.6322381!16s%2Fg%2F1tm1271c!19sChIJvw1EK5sPzkwR5uRR76ZZPCs?authuser=0&hl=en&g_ep=EgoyMDI2MDgyNS4wIJJjKgBIAVAD&rclk=1
hotels in Ottawa,Four Points by Sheraton Hotel & Conference Centre Gatineau-Ottawa,,https://www.marriott.com/en-us/hotels/yowfp-four-points-hotel-and-conference-centre-gatineau-ottawa/overview/?scid=f2ae0541-1279-4f24-b197-a979c79310b0,+1 819-778-6111,None,https://www.google.com/maps/place/Four+Points+by+Sheraton+Hotel+%26+Conference+Centre+Gatineau-Ottawa/data=!4m10!3m9!1s0x4cce04f14600d261:0x93e15e93258fddcd!5m2!4m1!1i2!8m2!3d45.4287227!4d-75.7109392!16s%2Fg%2F1tf57hym!19sChIJYdIARvEEzkwRzd2PJZNe4ZM?authuser=0&hl=en&g_ep=EgoyMDI2MDgyNS4wIJJjKgBIAVAD&rclk=1
hotels in Ottawa,Fairmont Château Laurier,chateaulaurier@fairmont.com,https://www.fairmont.com/laurier-ottawa/?goto=fiche_hotel&code_hotel=A570&merchantid=seo-maps-CA-A570&sourceid=aw-cen&utm_medium=seo%20maps&utm_source=google%20Maps&utm_campaign=seo%20maps,+1 613-241-1414,None,https://www.google.com/maps/place/Fairmont+Ch%C3%A2teau+Laurier/data=!4m10!3m9!1s0x4cce04fe28df9045:0x7ae2bbca70b41205!5m2!4m1!1i2!8m2!3d45.4250783!4d-75.6947675!16zL20vMDJnbHlu!19sChIJRZDfKP4EzkwRBRK0cMq74no?authuser=0&hl=en&g_ep=EgoyMDI2MDgyNS4wIJJjKgBIAVAD&rclk=1
hotels in Ottawa,Les Suites Hotel Ottawa,"u003ejoinus@les-suites.com, u003ereachout@les-suites.com, joinus@les-suites.com, sales@les-suites.com, reservations@les-suites.com, u003esales@les-suites.com, u003ereservations@les-suites.com, reachout@les-suites.com",https://www.les-suites.com/,+1 613-232-2000,None,https://www.google.com/maps/place/Les+Suites+Hotel+Ottawa/data=!4m10!3m9!1s0x4cce0503dfe671a5:0x8845df4b08b62d2c!5m2!4m1!1i2!8m2!3d45.4263325!4d-75.6889428!16s%2Fg%2F1v1kph5v!19sChIJpXHm3wMFzkwRLC22CEvfRYg?authuser=0&hl=en&g_ep=EgoyMDI2MDgyNS4wIJJjKgBIAVAD&rclk=1
hotels in Ottawa,Best Western Plus Gatineau-Ottawa Downtown,,https://www.bestwestern.com/en_US/book/hotel-rooms.67015.html?iata=00171880&ssob=BLBWI0004G&cid=BLBWI0004G:google:gmb:67015,+1 819-770-8550,None,https://www.google.com/maps/place/Best+Western+Plus+Gatineau-Ottawa+Downtown/data=!4m10!3m9!1s0x4cce04f1f62b3bcd:0x285546f83ae778df!5m2!4m1!1i2!8m2!3d45.4332158!4d-75.7103062!16s%2Fg%2F1tjdwjns!19sChIJzTsr9vEEzkwR33jnOvhGVSg?authuser=0&hl=en&g_ep=EgoyMDI2MDgyNS4wIJJjKgBIAVAD&rclk=1
hotels in Ottawa,Fairfield by Marriott Inn & Suites Ottawa Kanata,,https://www.marriott.com/en-us/hotels/yowfi-fairfield-inn-and-suites-ottawa-kanata/overview/?scid=f2ae0541-1279-4f24-b197-a979c79310b0,+1 613-599-7767,None,https://www.google.com/maps/place/Fairfield+by+Marriott+Inn+%26+Suites+Ottawa+Kanata/data=!4m10!3m9!1s0x4ccdff873e551341:0x2ed5bfcdd2c7b475!5m2!4m1!1i2!8m2!3d45.3017921!4d-75.9086958!16s%2Fg%2F11bw4w9ycg!19sChIJQRNVPof_zUwRdbTH0s2_1S4?authuser=0&hl=en&g_ep=EgoyMDI2MDgyNS4wIJJjKgBIAVAD&rclk=1
hotels in Ottawa,Hyatt Place Ottawa - West,,https://www.hyatt.com/hyatt-place/en-US/yowzo-hyatt-place-ottawa-west?src=corp_lclb_google_seo_yowzo&utm_source=google&utm_medium=organic&utm_campaign=lmr,+1 613-702-9800,None,https://www.google.com/maps/place/Hyatt+Place+Ottawa+-+West/data=!4m10!3m9!1s0x4cce0082bd4570eb:0x1b5f76da314d0921!5m2!4m1!1i2!8m2!3d45.3254087!4d-75.8358396!16s%2Fg%2F11llb5xdy8!19sChIJ63BFvYIAzkwRIQlNMdp2Xxs?authuser=0&hl=en&g_ep=EgoyMDI2MDgyNS4wIJJjKgBIAVAD&rclk=1
hotels in Ottawa,Delta Hotels Ottawa City Centre,,https://www.marriott.com/en-us/hotels/yowdm-delta-hotels-ottawa-city-centre/overview/?scid=f2ae0541-1279-4f24-b197-a979c79310b0,+1 613-237-3600,None,https://www.google.com/maps/place/Delta+Hotels+Ottawa+City+Centre/data=!4m10!3m9!1s0x4cce0453fe0927e1:0x74f95f439b0f07b8!5m2!4m1!1i2!8m2!3d45.4185991!4d-75.704378!16s%2Fg%2F1td5874n!19sChIJ4ScJ_lMEzkwRuAcPm0Nf-XQ?authuser=0&hl=en&g_ep=EgoyMDI2MDgyNS4wIJJjKgBIAVAD&rclk=1
hotels in Ottawa,Courtyard by Marriott Ottawa East,,https://www.marriott.com/en-us/hotels/yowoe-courtyard-ottawa-east/overview/?scid=f2ae0541-1279-4f24-b197-a979c79310b0,+1 613-741-9862,None,https://www.google.com/maps/place/Courtyard+by+Marriott+Ottawa+East/data=!4m10!3m9!1s0x4cce0579931996cf:0xba77c8b2f8da062!5m2!4m1!1i2!8m2!3d45.4207425!4d-75.6562281!16s%2Fg%2F1tdjwmyb!19sChIJz5YZk3kFzkwRYqCNL4t8pws?authuser=0&hl=en&g_ep=EgoyMDI2MDgyNS4wIJJjKgBIAVAD&rclk=1
hotels in Ottawa,Best Western Plus Ottawa City Centre,,https://www.bestwestern.com/en_US/book/hotel-rooms.66023.html?iata=00171880&ssob=BLBWI0004G&cid=BLBWI0004G:google:gmb:66023,+1 613-728-1951,None,https://www.google.com/maps/place/Best+Western+Plus+Ottawa+City+Centre/data=!4m10!3m9!1s0x4cce069c2b3c0d21:0x33d79be89f6004c8!5m2!4m1!1i2!8m2!3d45.3858111!4d-75.7330138!16s%2Fg%2F1tl4cnht!19sChIJIQ08K5wGzkwRyARgn-ib1zM?authuser=0&hl=en&g_ep=EgoyMDI2MDgyNS4wIJJjKgBIAVAD&rclk=1
hotels in Ottawa,Wyndham Gatineau Ottawa Conference Centre,accessibility@wyndham.com,https://www.wyndhamhotels.com/wyndham/quebec-quebec/wyndham-gatineau-ottawa-and-conference-centre/overview?CID=LC:46q62bu8edfbx3y:60549&iata=00093796,+1 819-303-0143,None,https://www.google.com/maps/place/Wyndham+Gatineau+Ottawa+Conference+Centre/data=!4m10!3m9!1s0x4cce04602fdf0483:0x6a385fc786f7b03f!5m2!4m1!1i2!8m2!3d45.425176!4d-75.722716!16s%2Fg%2F11ytq4qj6t!19sChIJgwTfL2AEzkwRP7D3hsdfOGo?authuser=0&hl=en&g_ep=EgoyMDI2MDgyNS4wIJJjKgBIAVAD&rclk=1
hotels in Ottawa,Fairfield by Marriott Inn & Suites Ottawa Airport,,https://www.marriott.com/en-us/hotels/yowfa-fairfield-inn-and-suites-ottawa-airport/overview/?scid=f2ae0541-1279-4f24-b197-a979c79310b0,+1 613-691-2161,None,https://www.google.com/maps/place/Fairfield+by+Marriott+Inn+%26+Suites+Ottawa+Airport/data=!4m10!3m9!1s0x4cce084ee279e171:0xabf3b3165f35d989!5m2!4m1!1i2!8m2!3d45.327539!4d-75.6535469!16s%2Fg%2F11fd420dnj!19sChIJceF54k4IzkwRidk1Xxaz86s?authuser=0&hl=en&g_ep=EgoyMDI2MDgyNS4wIJJjKgBIAVAD&rclk=1
hotels in Ottawa,Holiday Inn Express & Suites Downtown Ottawa East by IHG,,https://www.ihg.com/holidayinnexpress/hotels/us/en/ottawa/yowke/hoteldetail?cm_mmc=GoogleMaps-_-EX-_-CA-_-YOWKE,+1 613-680-8006,None,https://www.google.com/maps/place/Holiday+Inn+Express+%26+Suites+Downtown+Ottawa+East+by+IHG/data=!4m10!3m9!1s0x4cce053a01ef1d8b:0x7b0283505b3a9f5b!5m2!4m1!1i2!8m2!3d45.4322426!4d-75.6883426!16s%2Fg%2F11h5vfyyzm!19sChIJix3vAToFzkwRW586W1CDAns?authuser=0&hl=en&g_ep=EgoyMDI2MDgyNS4wIJJjKgBIAVAD&rclk=1
hotels in Ottawa,Duvernay Studios & Suites,,http://www.studioduvernay.com/,+1 819-317-1179,None,https://www.google.com/maps/place/Duvernay+Studios+%26+Suites/data=!4m10!3m9!1s0x4cce04f456b7f955:0x22d101cca0122c6b!5m2!4m1!1i2!8m2!3d45.4275265!4d-75.7152827!16s%2Fg%2F1ptxgfdkn!19sChIJVfm3VvQEzkwRaywSoMwB0SI?authuser=0&hl=en&g_ep=EgoyMDI2MDgyNS4wIJJjKgBIAVAD&rclk=1
hotels in Ottawa,Holiday Inn Express & Suites Ottawa Airport by IHG,,https://www.ihg.com/redirect?path=hd&localeCode=en&brandCode=EX&regionCode=CA&hotelCode=YOWUH&cm_mmc=GoogleMaps-_-EX-_-CA-_-YOWUH,+1 613-247-9500,None,https://www.google.com/maps/place/Holiday+Inn+Express+%26+Suites+Ottawa+Airport+by+IHG/data=!4m10!3m9!1s0x4cce0889b6574aa9:0xa7c2043a91b01847!5m2!4m1!1i2!8m2!3d45.3433107!4d-75.6672482!16s%2Fg%2F1tg4wgjt!19sChIJqUpXtokIzkwRRxiwkToEwqc?authuser=0&hl=en&g_ep=EgoyMDI2MDgyNS4wIJJjKgBIAVAD&rclk=1
hotels in Ottawa,Homewood Suites by Hilton Ottawa Airport,,https://www.hilton.com/en/hotels/yowhwhw-homewood-suites-ottawa-airport/?SEO_id=GMB-AMER-HG-YOWHWHW,+1 613-422-3678,None,https://www.google.com/maps/place/Homewood+Suites+by+Hilton+Ottawa+Airport/data=!4m10!3m9!1s0x4cce08882a392fe5:0x8d472ec46385fb99!5m2!4m1!1i2!8m2!3d45.3424073!4d-75.6694024!16s%2Fg%2F11gfp9660l!19sChIJ5S85KogIzkwRmfuFY8QuR40?authuser=0&hl=en&g_ep=EgoyMDI2MDgyNS4wIJJjKgBIAVAD&rclk=1
hotels in Ottawa,Comfort Inn & Suites,,https://www.choicehotels.com/ontario/carleton-place/comfort-inn-hotels/cnb32?mc=llrscncn&pmf=canada,+1 613-216-0079,None,https://www.google.com/maps/place/Comfort+Inn+%26+Suites/data=!4m10!3m9!1s0x4cd20fdf616c0075:0x184d6f7f8ac9842!5m2!4m1!1i2!8m2!3d45.1425558!4d-76.1288921!16s%2Fg%2F11rc2bb1q_!19sChIJdQBsYd8P0kwRQpis-PfWhAE?authuser=0&hl=en&g_ep=EgoyMDI2MDgyNS4wIJJjKgBIAVAD&rclk=1
hotels in Ottawa,Travelodge by Wyndham Ottawa East,accessibility@wyndham.com,https://www.wyndhamhotels.com/en-ca/travelodge/ottawa-ontario/travelodge-ottawa-east/overview?CID=LC:fkqqcjhla7b6gbb:9797&iata=00093796,+1 613-745-1133,None,https://www.google.com/maps/place/Travelodge+by+Wyndham+Ottawa+East/data=!4m10!3m9!1s0x4cce0fa918f173cd:0x64d0e5f6d680663e!5m2!4m1!1i2!8m2!3d45.4144214!4d-75.605486!16s%2Fg%2F1tcvbj3m!19sChIJzXPxGKkPzkwRPmaA1vbl0GQ?authuser=0&hl=en&g_ep=EgoyMDI2MDgyNS4wIJJjKgBIAVAD&rclk=1
hotels in Ottawa,Hotel Chateauneuf Plaza,,,,None,https://www.google.com/maps/place/Hotel+Chateauneuf+Plaza/data=!4m10!3m9!1s0x4cce04603802c923:0x6eefa0c661c619fe!5m2!4m1!1i2!8m2!3d45.4252334!4d-75.7227411!16s%2Fg%2F1tgx1n6l!19sChIJI8kCOGAEzkwR_hnGYcag724?authuser=0&hl=en&g_ep=EgoyMDI2MDgyNS4wIJJjKgBIAVAD&rclk=1
hotels in Ottawa,Days Inn by Wyndham Ottawa,accessibility@wyndham.com,https://www.wyndhamhotels.com/days-inn/ottawa-ontario/days-inn-ottawa-on/overview?CID=LC:iqv0j1dklijly45:12423&iata=00093796,+1 613-789-5555,None,https://www.google.com/maps/place/Days+Inn+by+Wyndham+Ottawa/data=!4m10!3m9!1s0x4cce050495ffd49f:0x605cb39f595646c1!5m2!4m1!1i2!8m2!3d45.429383!4d-75.6848093!16s%2Fg%2F1tgdsrxq!19sChIJn9T_lQQFzkwRwUZWWZ-zXGA?authuser=0&hl=en&g_ep=EgoyMDI2MDgyNS4wIJJjKgBIAVAD&rclk=1
hotels in Ottawa,Holiday Inn Ottawa East by IHG,,https://www.ihg.com/holidayinn/hotels/us/en/ottawa/yowoe/hoteldetail?cm_mmc=GoogleMaps-_-HI-_-CA-_-YOWOE,+1 613-744-1060,None,https://www.google.com/maps/place/Holiday+Inn+Ottawa+East+by+IHG/data=!4m10!3m9!1s0x4cce0f8574b66e9f:0x90510f866024557!5m2!4m1!1i2!8m2!3d45.4229042!4d-75.6342929!16s%2Fg%2F11bw61fssv!19sChIJn262dIUPzkwRV0UCZvgQBQk?authuser=0&hl=en&g_ep=EgoyMDI2MDgyNS4wIJJjKgBIAVAD&rclk=1
hotels in Ottawa,Ramada by Wyndham Ottawa On The Rideau,accessibility@wyndham.com,https://www.wyndhamhotels.com/en-ca/ramada/ottawa-ontario/ramada-ottawa-on-the-rideau/overview?CID=LC:wmcic5n98gs1g0r:47203&iata=00093796,+1 613-288-3500,None,https://www.google.com/maps/place/Ramada+by+Wyndham+Ottawa+On+The+Rideau/data=!4m10!3m9!1s0x4cce07dd9c2c0473:0xa5763ce44ceea949!5m2!4m1!1i2!8m2!3d45.3279121!4d-75.7013949!16s%2Fg%2F1vwlnrw7!19sChIJcwQsnN0HzkwRSanuTOQ8dqU?authuser=0&hl=en&g_ep=EgoyMDI2MDgyNS4wIJJjKgBIAVAD&rclk=1
hotels in Ottawa,Hotel V,info@hotelv.ca,https://www.hotelv.ca/,+1 819-243-8586,Tock,https://www.google.com/maps/place/Hotel+V/data=!4m10!3m9!1s0x4cce1b6abc2cf773:0xec3e2fb49049f93f!5m2!4m1!1i2!8m2!3d45.4807078!4d-75.693945!16s%2Fg%2F1trsxmlj!19sChIJc_csvGobzkwRP_lJkLQvPuw?authuser=0&hl=en&g_ep=EgoyMDI2MDgyNS4wIJJjKgBIAVAD&rclk=1
hotels in Ottawa,Homewood Suites by Hilton Ottawa Kanata,,https://www.hilton.com/en/hotels/yowkahw-homewood-suites-ottawa-kanata/?SEO_id=GMB-AMER-HG-YOWKAHW,+1 613-270-2050,None,https://www.google.com/maps/place/Homewood+Suites+by+Hilton+Ottawa+Kanata/data=!4m10!3m9!1s0x4ccdffb8f4e7bc97:0xcb22bc7cef9988a!5m2!4m1!1i2!8m2!3d45.3151487!4d-75.9032202!16s%2Fg%2F11f1mh2mgv!19sChIJl7zn9Lj_zUwRipj5zscrsgw?authuser=0&hl=en&g_ep=EgoyMDI2MDgyNS4wIJJjKgBIAVAD&rclk=1
hotels in Ottawa,Ramada Plaza by Wyndham Gatineau/Manoir du Casino,accessibility@wyndham.com,https://www.wyndhamhotels.com/en-ca/ramada/gatineau-quebec/ramada-plaza-manoir-du-casino/overview?CID=LC:wmcic5n98gs1g0r:12998&iata=00093796,+1 819-777-7538,None,https://www.google.com/maps/place/Ramada+Plaza+by+Wyndham+Gatineau%2FManoir+du+Casino/data=!4m10!3m9!1s0x4cce0359a826ddcf:0x8526102d8246e6eb!5m2!4m1!1i2!8m2!3d45.4492267!4d-75.7295969!16s%2Fg%2F11b5wpw1ps!19sChIJz90mqFkDzkwR6-ZGgi0QJoU?authuser=0&hl=en&g_ep=EgoyMDI2MDgyNS4wIJJjKgBIAVAD&rclk=1
hotels in Ottawa,Ramada by Wyndham Arnprior,"accessibility@wyndham.com, info@ramadainnarnprior.com",https://www.wyndhamhotels.com/en-ca/ramada/arnprior-ontario/ramada-arnprior/overview?CID=LC:wmcic5n98gs1g0r:59525&iata=00093796,+1 613-927-2185,Tock,https://www.google.com/maps/place/Ramada+by+Wyndham+Arnprior/data=!4m10!3m9!1s0x4cd18b6e86aa6a41:0x94556556805aa500!5m2!4m1!1i2!8m2!3d45.4348018!4d-76.3468195!16s%2Fg%2F11ych_w1bn!19sChIJQWqqhm6L0UwRAKVagFZlVZQ?authuser=0&hl=en&g_ep=EgoyMDI2MDgyNS4wIJJjKgBIAVAD&rclk=1
hotels in Ottawa,Hampton Inn by Hilton Ottawa Airport,,https://www.hilton.com/en/hotels/yowathx-hampton-ottawa-airport/?SEO_id=GMB-AMER-HX-YOWATHX,+1 613-248-1113,None,https://www.google.com/maps/place/Hampton+Inn+by+Hilton+Ottawa+Airport/data=!4m10!3m9!1s0x4cce0889bc23acd1:0xe9e5c823abdb60d2!5m2!4m1!1i2!8m2!3d45.3438359!4d-75.6677073!16s%2Fg%2F11bc70_mlv!19sChIJ0awjvIkIzkwR0mDbqyPI5ek?authuser=0&hl=en&g_ep=EgoyMDI2MDgyNS4wIJJjKgBIAVAD&rclk=1
hotels in Ottawa,Hampton Inn by Hilton Ottawa,,https://www.hilton.com/en/hotels/yowcnhx-hampton-ottawa/?SEO_id=GMB-AMER-HX-YOWCNHX,+1 613-741-2300,None,https://www.google.com/maps/place/Hampton+Inn+by+Hilton+Ottawa/data=!4m10!3m9!1s0x4cce0579e1aa0fed:0x5a56c978c1b426aa!5m2!4m1!1i2!8m2!3d45.421366!4d-75.6569624!16s%2Fg%2F1hhw51c2w!19sChIJ7Q-q4XkFzkwRqia0wXjJVlo?authuser=0&hl=en&g_ep=EgoyMDI2MDgyNS4wIJJjKgBIAVAD&rclk=1
hotels in Ottawa,Holiday Inn Express & Suites Ottawa West - Nepean by IHG,,https://www.ihg.com/holidayinnexpress/hotels/us/en/ottawa/yownp/hoteldetail?cm_mmc=GoogleMaps-_-EX-_-CA-_-YOWNP,+1 613-690-0100,None,https://www.google.com/maps/place/Holiday+Inn+Express+%26+Suites+Ottawa+West+-+Nepean+by+IHG/data=!4m10!3m9!1s0x4ccdfe27428a7d73:0x99e8cec3a96919f4!5m2!4m1!1i2!8m2!3d45.323678!4d-75.83082!16s%2Fg%2F1wl4q6ty!19sChIJc32KQif-zUwR9BlpqcPO6Jk?authuser=0&hl=en&g_ep=EgoyMDI2MDgyNS4wIJJjKgBIAVAD&rclk=1
hotels in Ottawa,Château Cartier Hotel Gatineau & Resort - Ottawa,"info@chateaucartier.com, reservations@chateaucartier.com",https://chateaucartierhotelresort.com/,+1 819-778-0000,"Tock, OpenTable",https://www.google.com/maps/place/Ch%C3%A2teau+Cartier+Hotel+Gatineau+%26+Resort+-+Ottawa/data=!4m10!3m9!1s0x4cc91a45a4d1ba6d:0xb4dc00785a5e614e!5m2!4m1!1i2!8m2!3d45.4095564!4d-75.7771097!16s%2Fg%2F119w5bfts!19sChIJbbrRpEUayUwRTmFeWngA3LQ?authuser=0&hl=en&g_ep=EgoyMDI2MDgyNS4wIJJjKgBIAVAD&rclk=1
hotels in Ottawa,The Grand Hotel,thegrandhotelcp@hotmail.com,http://www.thegrandhotelcp.ca/,+1 613-492-1566,None,https://www.google.com/maps/place/The+Grand+Hotel/data=!4m10!3m9!1s0x4cd20e80e5df8555:0x36a7740b423ac4b3!5m2!4m1!1i2!8m2!3d45.1371!4d-76.1423586!16s%2Fg%2F11f3y39tfg!19sChIJVYXf5YAO0kwRs8Q6Qgt0pzY?authuser=0&hl=en&g_ep=EgoyMDI2MDgyNS4wIJJjKgBIAVAD&rclk=1
hotels in Ottawa,Courtyard by Marriott Ottawa Downtown,,https://www.marriott.com/en-us/hotels/yowcy-courtyard-ottawa-downtown/overview/?scid=f2ae0541-1279-4f24-b197-a979c79310b0,+1 613-241-1000,None,https://www.google.com/maps/place/Courtyard+by+Marriott+Ottawa+Downtown/data=!4m10!3m9!1s0x4cce0502606eb8f5:0xd37a61155c09a929!5m2!4m1!1i2!8m2!3d45.4284179!4d-75.6911163!16s%2Fg%2F1tfjqb1n!19sChIJ9bhuYAIFzkwRKakJXBVhetM?authuser=0&hl=en&g_ep=EgoyMDI2MDgyNS4wIJJjKgBIAVAD&rclk=1
hotels in Ottawa,Holiday Inn Express & Suites Ottawa East - Orleans by IHG,,https://www.ihg.com/holidayinnexpress/hotels/us/en/ottawa/yowor/hoteldetail?cm_mmc=GoogleMaps-_-EX-_-CA-_-YOWOR,+1 613-824-8444,None,https://www.google.com/maps/place/Holiday+Inn+Express+%26+Suites+Ottawa+East+-+Orleans+by+IHG/data=!4m10!3m9!1s0x4cce117e250a38d1:0xed270598f3f65335!5m2!4m1!1i2!8m2!3d45.4810524!4d-75.5121238!16s%2Fg%2F11b5vx9dtx!19sChIJ0TgKJX4RzkwRNVP285gFJ-0?authuser=0&hl=en&g_ep=EgoyMDI2MDgyNS4wIJJjKgBIAVAD&rclk=1
hotels in Ottawa,A Voyageur's Guest House,,https://www.avoyageursguesthouse.online/,+1 613-238-6445,None,https://www.google.com/maps/place/A+Voyageur%27s+Guest+House/data=!4m10!3m9!1s0x4cce05b1429bfb31:0xa50a58013a4c069f!5m2!4m1!1i2!8m2!3d45.4090691!4d-75.6954186!16s%2Fg%2F1tdkrf5n!19sChIJMfubQrEFzkwRnwZMOgFYCqU?authuser=0&hl=en&g_ep=EgoyMDI2MDgyNS4wIJJjKgBIAVAD&rclk=1
hotels in Ottawa,Saintlo Ottawa Jail Hostel,"info@saintlo.ca, info@fondationsaintlo.org, ottawa@saintlo.ca",https://saintlo.ca/en/ottawa-jail/,+1 613-235-2595,None,https://www.google.com/maps/place/Saintlo+Ottawa+Jail+Hostel/data=!4m10!3m9!1s0x4cce050136b28143:0x80d88b44f81ce976!5m2!4m1!1i2!8m2!3d45.425066!4d-75.6885473!16s%2Fm%2F047pds5!19sChIJQ4GyNgEFzkwRdukc-ESL2IA?authuser=0&hl=en&g_ep=EgoyMDI2MDgyNS4wIJJjKgBIAVAD&rclk=1
hotels in Ottawa,"Le Parc Gatineau, Tapestry Collection by Hilton",,https://www.hilton.com/en/hotels/yowtcup-le-parc-gatineau/?SEO_id=GMB-AMER-UP-YOWTCUP,+1 819-777-7538,None,"https://www.google.com/maps/place/Le+Parc+Gatineau,+Tapestry+Collection+by+Hilton/data=!4m10!3m9!1s0x4cce05d3d8df6853:0x2368a45bbdd6eb5b!5m2!4m1!1i2!8m2!3d45.4494857!4d-75.7306331!16s%2Fg%2F11z2jgwvln!19sChIJU2jf2NMFzkwRW-vWvVukaCM?authuser=0&hl=en&g_ep=EgoyMDI2MDgyNS4wIJJjKgBIAVAD&rclk=1"
hotels in Ottawa,Days Inn by Wyndham Ottawa Airport,accessibility@wyndham.com,https://www.wyndhamhotels.com/days-inn/ottawa-ontario/days-inn-ottawa-airport/overview?CID=LC:iqv0j1dklijly45:12660&iata=00093796,+1 613-739-7555,None,https://www.google.com/maps/place/Days+Inn+by+Wyndham+Ottawa+Airport/data=!4m10!3m9!1s0x4cce08793c7502cb:0xcbddefe47a5c6845!5m2!4m1!1i2!8m2!3d45.3373747!4d-75.6832437!16s%2Fg%2F1td60bxv!19sChIJywJ1PHkIzkwRRWhceuTv3cs?authuser=0&hl=en&g_ep=EgoyMDI2MDgyNS4wIJJjKgBIAVAD&rclk=1
hotels in Ottawa,Adam Motel,,http://www.moteladam.com/,+1 819-561-3600,None,https://www.google.com/maps/place/Adam+Motel/data=!4m10!3m9!1s0x4cce1b4a1d97b297:0x9b679f62ceea5d1a!5m2!4m1!1i2!8m2!3d45.4651595!4d-75.7013863!16s%2Fg%2F1tfsbghh!19sChIJl7KXHUobzkwRGl3qzmKfZ5s?authuser=0&hl=en&g_ep=EgoyMDI2MDgyNS4wIJJjKgBIAVAD&rclk=1
hotels in Ottawa,Econo Lodge Downtown,,https://www.choicehotels.com/ontario/ottawa/econo-lodge-hotels/cn630?mc=llrscncn&pmf=canada,+1 613-789-3781,None,https://www.google.com/maps/place/Econo+Lodge+Downtown/data=!4m10!3m9!1s0x4cce051a94efd627:0x4131094e2e752999!5m2!4m1!1i2!8m2!3d45.4315516!4d-75.6803329!16s%2Fg%2F1x5f9z_n!19sChIJJ9bvlBoFzkwRmSl1Lk4JMUE?authuser=0&hl=en&g_ep=EgoyMDI2MDgyNS4wIJJjKgBIAVAD&rclk=1
hotels in Ottawa,The Business Inn & Suites,,https://thebusinessinn.com/,+1 844-997-1777,"Tock, OpenTable",https://www.google.com/maps/place/The+Business+Inn+%26+Suites/data=!4m10!3m9!1s0x4cce0f16cc975839:0xb9d06fb8b9200cc2!5m2!4m1!1i2!8m2!3d45.4172616!4d-75.6893511!16s%2Fg%2F1tf1ng84!19sChIJOViXzBYPzkwRwgwgubhv0Lk?authuser=0&hl=en&g_ep=EgoyMDI2MDgyNS4wIJJjKgBIAVAD&rclk=1
hotels in Ottawa,Holiday Inn Express & Suites Gatineau - Ottawa by IHG,,https://www.ihg.com/redirect?path=hd&localeCode=en&brandCode=EX&regionCode=CA&hotelCode=YOWGQ&cm_mmc=GoogleMaps-_-EX-_-CA-_-YOWGQ,+1 819-503-8800,None,https://www.google.com/maps/place/Holiday+Inn+Express+%26+Suites+Gatineau+-+Ottawa+by+IHG/data=!4m10!3m9!1s0x4cce1b15227433a1:0x4b90e5050a1e335b!5m2!4m1!1i2!8m2!3d45.480393!4d-75.6900617!16s%2Fg%2F11g7zvdnkq!19sChIJoTN0IhUbzkwRWzMeCgXlkEs?authuser=0&hl=en&g_ep=EgoyMDI2MDgyNS4wIJJjKgBIAVAD&rclk=1
hotels in Ottawa,Comfort Inn Gatineau Centre,,https://www.choicehotels.com/quebec/gatineau/comfort-inn-hotels/cn325?mc=llrscncn&pmf=canada,+1 819-243-6010,None,https://www.google.com/maps/place/Comfort+Inn+Gatineau+Centre/data=!4m10!3m9!1s0x4cce1b15468cc74d:0xf101ef8a54140e2f!5m2!4m1!1i2!8m2!3d45.4799414!4d-75.6911164!16s%2Fg%2F11btm0htw4!19sChIJTceMRhUbzkwRLw4UVIrvAfE?authuser=0&hl=en&g_ep=EgoyMDI2MDgyNS4wIJJjKgBIAVAD&rclk=1
hotels in Ottawa,Ottawa Marriott Hotel,,https://www.marriott.com/en-us/hotels/yowmc-ottawa-marriott-hotel/overview/?scid=f2ae0541-1279-4f24-b197-a979c79310b0,+1 613-238-1122,None,https://www.google.com/maps/place/Ottawa+Marriott+Hotel/data=!4m10!3m9!1s0x4cce045427901021:0x15d1695cacf9a50c!5m2!4m1!1i2!8m2!3d45.4198177!4d-75.7034666!16zL20vMDZ0amti!19sChIJIRCQJ1QEzkwRDKX5rFxp0RU?authuser=0&hl=en&g_ep=EgoyMDI2MDgyNS4wIJJjKgBIAVAD&rclk=1
hotels in Ottawa,Hard Rock Hotel & Casino Ottawa,,https://casino.hardrock.com/ottawa,+1 613-822-8668,None,https://www.google.com/maps/place/Hard+Rock+Hotel+%26+Casino+Ottawa/data=!4m10!3m9!1s0x4cce0fc180269509:0x62821414c5c1cbd0!5m2!4m1!1i2!8m2!3d45.2951174!4d-75.605758!16s%2Fm%2F047fml0!19sChIJCZUmgMEPzkwR0MvBxRQUgmI?authuser=0&hl=en&g_ep=EgoyMDI2MDgyNS4wIJJjKgBIAVAD&rclk=1
hotels in Ottawa,Hilton Garden Inn Ottawa Airport,,https://www.hilton.com/en/hotels/yowapgi-hilton-garden-inn-ottawa-airport/?SEO_id=GMB-AMER-GI-YOWAPGI,+1 613-288-9001,None,https://www.google.com/maps/place/Hilton+Garden+Inn+Ottawa+Airport/data=!4m10!3m9!1s0x4cce084fa751052f:0x86432ed227a396f2!5m2!4m1!1i2!8m2!3d45.327973!4d-75.6521764!16s%2Fg%2F1tf_my6k!19sChIJLwVRp08IzkwR8pajJ9IuQ4Y?authuser=0&hl=en&g_ep=EgoyMDI2MDgyNS4wIJJjKgBIAVAD&rclk=1
cafes in Ottawa,Café des Tours,,,,None,https://www.google.com/maps/place/Caf%C3%A9+des+Tours/data=!4m7!3m6!1s0x4cce054bfa4ed57f:0xdc8bcacb366c91f0!8m2!3d45.4298103!4d-75.6962718!16s%2Fg%2F11vb60_c19!19sChIJf9VO-ksFzkwR8JFsNsvKi9w?authuser=0&hl=en&g_ep=EgoyMDI2MDgyNS4wIJJjKgBIAVAD&rclk=1
cafes in Ottawa,Parliament Café,,,+1 613-255-2706,None,https://www.google.com/maps/place/Parliament+Caf%C3%A9/data=!4m7!3m6!1s0x4cce051803089c6d:0x9bf520838a915ea5!8m2!3d45.4216121!4d-75.7005215!16s%2Fg%2F11n4p8mtn6!19sChIJbZwIAxgFzkwRpV6RioMg9Zs?authuser=0&hl=en&g_ep=EgoyMDI2MDgyNS4wIJJjKgBIAVAD&rclk=1
cafes in Ottawa,Casa Bonita Coffee & Bakery,,,+1 613-225-4159,None,https://www.google.com/maps/place/Casa+Bonita+Coffee+%26+Bakery/data=!4m7!3m6!1s0x4cce0767bd283091:0x9749cad3ed54132a!8m2!3d45.3705416!4d-75.7165004!16s%2Fg%2F11wxt44mrr!19sChIJkTAovWcHzkwRKhNU7dPKSZc?authuser=0&hl=en&g_ep=EgoyMDI2MDgyNS4wIJJjKgBIAVAD&rclk=1
cafes in Ottawa,Oat Couture Cafe (Bank),manager@oatcouturecafe.com,https://oatcouturecafe.com/,+1 613-737-6654,"Tock, Resy",https://www.google.com/maps/place/Oat+Couture+Cafe+%28Bank%29/data=!4m7!3m6!1s0x4cce05e867c60fef:0xa140987c6ca552e3!8m2!3d45.392965!4d-75.6827932!16s%2Fg%2F11hd0dpzf6!19sChIJ7w_GZ-gFzkwR41KlbHyYQKE?authuser=0&hl=en&g_ep=EgoyMDI2MDgyNS4wIJJjKgBIAVAD&rclk=1
cafes in Ottawa,Drip House,info@driphouseottawa.com,https://driphousecoffee.ca/,+1 613-680-2468,Tock,https://www.google.com/maps/place/Drip+House/data=!4m7!3m6!1s0x4cce05604e437d75:0x8171e5c7c327ddbb!8m2!3d45.4110151!4d-75.7064602!16s%2Fg%2F11px6s2735!19sChIJdX1DTmAFzkwRu90nw8flcYE?authuser=0&hl=en&g_ep=EgoyMDI2MDgyNS4wIJJjKgBIAVAD&rclk=1
cafes in Ottawa,Red Door Provisions,"cafe@reddoorprovisions.com, iris@reddoorprovisions.com, reddoorprovisions@gmail.com",http://www.reddoorprovisions.com/,613-983-6804,"Tock, OpenTable",https://www.google.com/maps/place/Red+Door+Provisions/data=!4m7!3m6!1s0x4cce053cd1fbda7b:0x106ceacbd46d309e!8m2!3d45.4404379!4d-75.6747184!16s%2Fg%2F11btmbv2x8!19sChIJe9r70TwFzkwRnjBt1MvqbBA?authuser=0&hl=en&g_ep=EgoyMDI2MDgyNS4wIJJjKgBIAVAD&rclk=1
cafes in Ottawa,Anina's Cafe,"aninascafe@gmail.com, contact@aninascafe.ca, hi@mystore.com",http://aninascafe.ca/,+1 613-742-6800,"Tock, Resy",https://www.google.com/maps/place/Anina%27s+Cafe/data=!4m7!3m6!1s0x4cce05e13fc12dd3:0x262001605de3f59!8m2!3d45.4399504!4d-75.661209!16s%2Fg%2F11vt8ddn7j!19sChIJ0y3BP-EFzkwRWT_eBRYAYgI?authuser=0&hl=en&g_ep=EgoyMDI2MDgyNS4wIJJjKgBIAVAD&rclk=1
cafes in Ottawa,Café Qui Pense,,,,None,https://www.google.com/maps/place/Caf%C3%A9+Qui+Pense/data=!4m7!3m6!1s0x4cce05bd7e6b37e7:0xc77b811ce58ce7ba!8m2!3d45.4081983!4d-75.6776771!16s%2Fg%2F1yj2mklrg!19sChIJ5zdrfr0FzkwRuueM5RyBe8c?authuser=0&hl=en&g_ep=EgoyMDI2MDgyNS4wIJJjKgBIAVAD&rclk=1
cafes in Ottawa,Ugly Monday Coffee,,https://www.uglymonday.ca/,+1 613-234-9998,None,https://www.google.com/maps/place/Ugly+Monday+Coffee/data=!4m7!3m6!1s0x4cce05523954c481:0x6d4059f3d5ed539c!8m2!3d45.4198213!4d-75.7011495!16s%2Fg%2F11yftf_hd6!19sChIJgcRUOVIFzkwRnFPt1fNZQG0?authuser=0&hl=en&g_ep=EgoyMDI2MDgyNS4wIJJjKgBIAVAD&rclk=1
cafes in Ottawa,Black Squirrel Books & Espresso Bar,blacksquirrelbooks@gmail.com,http://www.blacksquirrelbooks.ca/,+1 613-422-9050,None,https://www.google.com/maps/place/Black+Squirrel+Books+%26+Espresso+Bar/data=!4m7!3m6!1s0x40552f883aba9d69:0xb9ca0ea7f008f39b!8m2!3d45.3946694!4d-75.6834861!16s%2Fg%2F11b708lchw!19sChIJaZ26OogvVUARm_MI8KcOyrk?authuser=0&hl=en&g_ep=EgoyMDI2MDgyNS4wIJJjKgBIAVAD&rclk=1
cafes in Ottawa,Drip House,info@driphouseottawa.com,http://driphousecoffee.ca/,+1 613-422-4377,Tock,https://www.google.com/maps/place/Drip+House/data=!4m7!3m6!1s0x4cce056cdb625a29:0xa867074a8ae5cfd3!8m2!3d45.4023214!4d-75.7307914!16s%2Fg%2F11h_7m26sx!19sChIJKVpi22wFzkwR08_likoHZ6g?authuser=0&hl=en&g_ep=EgoyMDI2MDgyNS4wIJJjKgBIAVAD&rclk=1
cafes in Ottawa,Jackson Cafe,"jpaquet@germainhotels.com, reservations.legermainquebec@germainhotels.com, reservations.altmontreal@germainhotels.com, reservations.altottawa@germainhotels.com, reservations.altdix30@germainhotels.com, concierge.legermainottawa@germainhotels.com, reservations.altwinnipeg@germainhotels.com, reservations.legermaincalgary@germainhotels.com, reservations.gottawa@legermainhotels.com, reservations.altstjohns@germainhotels.com, reservations.alttorontoairport@germainhotels.com, reservations.altsaskatoon@germainhotels.com, sales.legermainottawa@germainhotels.com, reservations.legermaintorontomlsq@germainhotels.com, reservations.althalifax@germainhotels.com, reservation@norcarestaurant.ca, reservations.legermainottawa@germainhotels.com, reservations.altquebec@germainhotels.com, reservations.altcalgaryeastvillage@germainhotels.com, reservations.altcalgaryuniversitydistrict@germainhotels.com, reservations.legermaincharlevoix@germainhotels.com, info@cafejackson.com, reservations.legermaintorontomercer@germainhotels.com, reservations.escaddix30@germainhotels.com, reservations.legermainmontreal@germainhotels.com",https://www.germainhotels.com/en/le-germain-hotel/ottawa/things-to-do/jackson-caf%C3%A9,+1 613-691-3230,OpenTable,https://www.google.com/maps/place/Jackson+Cafe/data=!4m7!3m6!1s0x4cce0558774cf881:0xa21e9e8ff352af58!8m2!3d45.4256546!4d-75.6883!16s%2Fg%2F11kqdcy8kg!19sChIJgfhMd1gFzkwRWK9S84-eHqI?authuser=0&hl=en&g_ep=EgoyMDI2MDgyNS4wIJJjKgBIAVAD&rclk=1
cafes in Ottawa,Ten Toes Coffee House,info@tentoescoffeeco.com,https://tentoescoffeeco.com/,,None,https://www.google.com/maps/place/Ten+Toes+Coffee+House/data=!4m7!3m6!1s0x4cce0598a4fb254f:0xc44e42df17b30cfb!8m2!3d45.4076908!4d-75.6909032!16s%2Fg%2F11rjdw6l_j!19sChIJTyX7pJgFzkwR-wyzF99CTsQ?authuser=0&hl=en&g_ep=EgoyMDI2MDgyNS4wIJJjKgBIAVAD&rclk=1
cafes in Ottawa,Beandigen Cafe,,https://www.beandigen.ca/,+1 613-805-8607,None,https://www.google.com/maps/place/Beandigen+Cafe/data=!4m7!3m6!1s0x4cce052352fdd691:0xb1c7bc7f842b7879!8m2!3d45.3992624!4d-75.6844094!16s%2Fg%2F11ry0kv16m!19sChIJkdb9UiMFzkwReXgrhH-8x7E?authuser=0&hl=en&g_ep=EgoyMDI2MDgyNS4wIJJjKgBIAVAD&rclk=1
cafes in Ottawa,Arlington Five,"jessie@arlingtonfive.ca, info@arlingtonfive.ca, hi@mystore.com",https://www.arlingtonfive.ca/,+1 613-233-7959,"Tock, Resy",https://www.google.com/maps/place/Arlington+Five/data=!4m7!3m6!1s0x4cce05b1aa2ca325:0x4cc0a9dcad9451a1!8m2!3d45.4101217!4d-75.6929188!16s%2Fg%2F11bwpz29zj!19sChIJJaMsqrEFzkwRoVGUrdypwEw?authuser=0&hl=en&g_ep=EgoyMDI2MDgyNS4wIJJjKgBIAVAD&rclk=1
cafes in Ottawa,Undergrounds,,https://undergrounds-ca.square.site/,,"Tock, Resy",https://www.google.com/maps/place/Undergrounds/data=!4m7!3m6!1s0x4cce0510e19445a1:0x2630e3a0192da775!8m2!3d45.4070408!4d-75.7060082!16s%2Fg%2F11y8vkczvj!19sChIJoUWU4RAFzkwRdactGaDjMCY?authuser=0&hl=en&g_ep=EgoyMDI2MDgyNS4wIJJjKgBIAVAD&rclk=1
cafes in Ottawa,Tartelette Bakery & Cafe- Ottawa,"events@tartelette.ca, sanaz@tartelette.ca",https://tartelette.ca/,+1 613-233-0404,Tock,https://www.google.com/maps/place/Tartelette+Bakery+%26+Cafe-+Ottawa/data=!4m7!3m6!1s0x4cce054edeb45677:0xa254456f1f2c8740!8m2!3d45.4096001!4d-75.6774392!16s%2Fg%2F11kpp32y_9!19sChIJd1a03k4FzkwRQIcsH29FVKI?authuser=0&hl=en&g_ep=EgoyMDI2MDgyNS4wIJJjKgBIAVAD&rclk=1
cafes in Ottawa,Café Cloudforest,"emran.bd.08@gmail.com, francisbueckert@gmail.com",https://cloudforestcoffee.ca/,+1 819-770-9340,Tock,https://www.google.com/maps/place/Caf%C3%A9+Cloudforest/data=!4m7!3m6!1s0x4cce051b1c3d64a5:0xc1f16ddb6f17378a!8m2!3d45.4270293!4d-75.7201048!16s%2Fg%2F11n2zrtb50!19sChIJpWQ9HBsFzkwRijcXb9tt8cE?authuser=0&hl=en&g_ep=EgoyMDI2MDgyNS4wIJJjKgBIAVAD&rclk=1
cafes in Ottawa,Little Victories Coffee Roasters - Elgin,info@lvcoffee.ca,http://www.lvcoffee.ca/,+1 613-805-7489,None,https://www.google.com/maps/place/Little+Victories+Coffee+Roasters+-+Elgin/data=!4m7!3m6!1s0x4cce05001e1826db:0x6610cbf50439658c!8m2!3d45.4232453!4d-75.6954342!16s%2Fg%2F11rc77yrqd!19sChIJ2yYYHgAFzkwRjGU5BPXLEGY?authuser=0&hl=en&g_ep=EgoyMDI2MDgyNS4wIJJjKgBIAVAD&rclk=1
cafes in Ottawa,Ceasar Rosa's U-Rock Cafe,,https://instagram.com/urockcafe1?igshid=MzRlODBiNWFlZA==,,"Tock, Resy",https://www.google.com/maps/place/Ceasar+Rosa%27s+U-Rock+Cafe/data=!4m7!3m6!1s0x4cce0583fedc48f5:0x1f891de2c8a5aa99!8m2!3d45.4056402!4d-75.7226897!16s%2Fg%2F11v13vp0wv!19sChIJ9Ujc_oMFzkwRmaqlyOIdiR8?authuser=0&hl=en&g_ep=EgoyMDI2MDgyNS4wIJJjKgBIAVAD&rclk=1
cafes in Ottawa,Cosenza Bar and Cafe,,http://cosenza.ca/,+1 613-227-6767,None,https://www.google.com/maps/place/Cosenza+Bar+and+Cafe/data=!4m7!3m6!1s0x4cce0449c5c2c19d:0x1c2916a5a320e453!8m2!3d45.4060867!4d-75.713033!16s%2Fg%2F1v3_29cc!19sChIJncHCxUkEzkwRU-Qgo6UWKRw?authuser=0&hl=en&g_ep=EgoyMDI2MDgyNS4wIJJjKgBIAVAD&rclk=1
cafes in Ottawa,Melaku Ethiopian Coffee Shop,info@melakuethiopiancoffee.ca,https://melakuethiopiancoffee.ca/,+1 613-857-3316,Tock,https://www.google.com/maps/place/Melaku+Ethiopian+Coffee+Shop/data=!4m7!3m6!1s0x4cce05c235c2e235:0x9913adc95efe21e8!8m2!3d45.4317914!4d-75.6787763!16s%2Fg%2F11v_4wdqpz!19sChIJNeLCNcIFzkwR6CH-XsmtE5k?authuser=0&hl=en&g_ep=EgoyMDI2MDgyNS4wIJJjKgBIAVAD&rclk=1
cafes in Ottawa,Art House,"events@thearthousecafe.ca, orders@thearthousecafe.ca, renovationsjpg@gmail.com, submissions@thearthousecafe.ca, info@thearthousecafe.ca, marketing@thearthousecafe.ca",http://thearthousecafe.ca/,+1 613-230-9555,None,https://www.google.com/maps/place/Art+House/data=!4m7!3m6!1s0x4cce044d67e1377b:0x43efb56e20eba5bd!8m2!3d45.4130621!4d-75.7024061!16s%2Fg%2F11g68_yjfs!19sChIJezfhZ00EzkwRvaXrIG6170M?authuser=0&hl=en&g_ep=EgoyMDI2MDgyNS4wIJJjKgBIAVAD&rclk=1
cafes in Ottawa,Mocha Mirage Café,,https://mochamirage.com/,,None,https://www.google.com/maps/place/Mocha+Mirage+Caf%C3%A9/data=!4m7!3m6!1s0x4cce05120f81812b:0x19eca9297f4bc693!8m2!3d45.4169043!4d-75.6978507!16s%2Fg%2F11mywljxs0!19sChIJK4GBDxIFzkwRk8ZLfymp7Bk?authuser=0&hl=en&g_ep=EgoyMDI2MDgyNS4wIJJjKgBIAVAD&rclk=1
cafes in Ottawa,Filo Cafe,,http://www.filo-cafe.com/,+1 613-233-0871,None,https://www.google.com/maps/place/Filo+Cafe/data=!4m7!3m6!1s0x4cce0546f0313a0d:0x1ce3859849918e20!8m2!3d45.4162657!4d-75.7002198!16s%2Fg%2F11nk8frb1q!19sChIJDTox8EYFzkwRII6RSZiF4xw?authuser=0&hl=en&g_ep=EgoyMDI2MDgyNS4wIJJjKgBIAVAD&rclk=1
cafes in Ottawa,Little Victories Coffee Roasters - Glebe,info@lvcoffee.ca,http://lvcoffee.ca/,+1 613-286-8647,None,https://www.google.com/maps/place/Little+Victories+Coffee+Roasters+-+Glebe/data=!4m7!3m6!1s0x4cce043ea5e5d66f:0x8e64be4bad8e7ca8!8m2!3d45.402784!4d-75.688067!16s%2Fg%2F11c6f4zf6v!19sChIJb9blpT4EzkwRqHyOrUu-ZI4?authuser=0&hl=en&g_ep=EgoyMDI2MDgyNS4wIJJjKgBIAVAD&rclk=1
cafes in Ottawa,Wise Town Cafe,seeyou@wisetown.cafe,http://wisetown.cafe/,+1 613-422-6999,None,https://www.google.com/maps/place/Wise+Town+Cafe/data=!4m7!3m6!1s0x4cce05a224a84695:0x27e289c0b4e6ff78!8m2!3d45.4159584!4d-75.6885986!16s%2Fg%2F11nntyswd6!19sChIJlUaoJKIFzkwReP_mtMCJ4ic?authuser=0&hl=en&g_ep=EgoyMDI2MDgyNS4wIJJjKgBIAVAD&rclk=1
cafes in Ottawa,DeliKat Café,,,+1 613-235-7232,None,https://www.google.com/maps/place/DeliKat+Caf%C3%A9/data=!4m7!3m6!1s0x4cce0456b950e3a1:0x48a1c646aa5cea16!8m2!3d45.4201958!4d-75.7038677!16s%2Fg%2F1w0h73yk!19sChIJoeNQuVYEzkwRFupcqkbGoUg?authuser=0&hl=en&g_ep=EgoyMDI2MDgyNS4wIJJjKgBIAVAD&rclk=1
cafes in Ottawa,Hugo Café,,https://www.instagram.com/hugoonbankstreet/,+1 613-230-0084,"Tock, Resy",https://www.google.com/maps/place/Hugo+Caf%C3%A9/data=!4m7!3m6!1s0x4cce05d9bb92094b:0x85c32cd8ffcba979!8m2!3d45.4133182!4d-75.6943405!16s%2Fg%2F11shw50_69!19sChIJSwmSu9kFzkwReanL_9gsw4U?authuser=0&hl=en&g_ep=EgoyMDI2MDgyNS4wIJJjKgBIAVAD&rclk=1
cafes in Ottawa,Ideal Coffee,inquire@idealcafe.ca,http://www.idealcoffees.com/,+1 613-562-1775,None,https://www.google.com/maps/place/Ideal+Coffee/data=!4m7!3m6!1s0x4cce04e32442fea7:0xaedb183a567603ce!8m2!3d45.4326014!4d-75.6944778!16s%2Fg%2F1tdk4tb9!19sChIJp_5CJOMEzkwRzgN2VjoY264?authuser=0&hl=en&g_ep=EgoyMDI2MDgyNS4wIJJjKgBIAVAD&rclk=1
cafes in Ottawa,"Wild Oat Bakery, Cafe & Farm",wildoatlove@gmail.com,http://www.wildoat.ca/,+1 613-232-6232,None,"https://www.google.com/maps/place/Wild+Oat+Bakery,+Cafe+%26+Farm/data=!4m7!3m6!1s0x4cce05b8a6a591a3:0x2e63e9f91ace4b63!8m2!3d45.4025626!4d-75.6878869!16s%2Fg%2F1wk6zd24!19sChIJo5GlprgFzkwRY0vOGvnpYy4?authuser=0&hl=en&g_ep=EgoyMDI2MDgyNS4wIJJjKgBIAVAD&rclk=1"
cafes in Ottawa,Ten Toes Coffee House & Laundry,info@tentoescoffeeco.com,https://tentoescoffeeco.com/,+1 613-237-0593,None,https://www.google.com/maps/place/Ten+Toes+Coffee+House+%26+Laundry/data=!4m7!3m6!1s0x4cce05243ecac27d:0xd7453affdf02fac5!8m2!3d45.4091047!4d-75.7122043!16s%2Fg%2F11tmjqny6x!19sChIJfcLKPiQFzkwRxfoC3_86Rdc?authuser=0&hl=en&g_ep=EgoyMDI2MDgyNS4wIJJjKgBIAVAD&rclk=1
cafes in Ottawa,Union Street Kitchen Café,,http://onunionstreet.ca/,,Tock,https://www.google.com/maps/place/Union+Street+Kitchen+Caf%C3%A9/data=!4m7!3m6!1s0x4cce04de3700cd6b:0xa8665984a210ed03!8m2!3d45.4418728!4d-75.689873!16s%2Fg%2F11c1pk9xlg!19sChIJa80AN94EzkwRA-0QooRZZqg?authuser=0&hl=en&g_ep=EgoyMDI2MDgyNS4wIJJjKgBIAVAD&rclk=1
cafes in Ottawa,Café Délice,,http://www.cafedelice.ca/,+1 613-237-0606,None,https://www.google.com/maps/place/Caf%C3%A9+D%C3%A9lice/data=!4m7!3m6!1s0x4cce04536fd471c9:0x2d177567f55dde18!8m2!3d45.4174502!4d-75.7007801!16s%2Fg%2F1wtbtj17!19sChIJyXHUb1MEzkwRGN5d9Wd1Fy0?authuser=0&hl=en&g_ep=EgoyMDI2MDgyNS4wIJJjKgBIAVAD&rclk=1
cafes in Ottawa,MCC,ccchottawa@gmail.com,https://www.manhattanscoffeeco.com/,+1 613-421-8700,Tock,https://www.google.com/maps/place/MCC/data=!4m7!3m6!1s0x4cce05f61ae50d65:0xc2af00bf0bc6f374!8m2!3d45.4197557!4d-75.6955437!16s%2Fg%2F1vh_7_sn!19sChIJZQ3lGvYFzkwRdPPGC78Ar8I?authuser=0&hl=en&g_ep=EgoyMDI2MDgyNS4wIJJjKgBIAVAD&rclk=1
cafes in Ottawa,Cloudforest Coffee,"emran.bd.08@gmail.com, francisbueckert@gmail.com",http://www.cloudforestcoffee.ca/,+1 613-691-8094,Tock,https://www.google.com/maps/place/Cloudforest+Coffee/data=!4m7!3m6!1s0x4cce05772305d625:0x3333ee9558788b58!8m2!3d45.3921926!4d-75.7541824!16s%2Fg%2F11qncgh3xm!19sChIJJdYFI3cFzkwRWIt4WJXuMzM?authuser=0&hl=en&g_ep=EgoyMDI2MDgyNS4wIJJjKgBIAVAD&rclk=1
cafes in Ottawa,Café Raphaël,filler@godaddy.com,https://www.caferaphael.com/,,None,https://www.google.com/maps/place/Caf%C3%A9+Rapha%C3%ABl/data=!4m7!3m6!1s0x4cce050989fbe929:0x488fba20c621d3a8!8m2!3d45.3991911!4d-75.7112111!16s%2Fg%2F11t5w7v4vz!19sChIJKen7iQkFzkwRqNMhxiC6j0g?authuser=0&hl=en&g_ep=EgoyMDI2MDgyNS4wIJJjKgBIAVAD&rclk=1
cafes in Ottawa,Happy Goat Coffee Co. (Laurel),events@happygoatcoffee.com,https://www.happygoatcoffee.com/,+1 613-822-3383,Tock,https://www.google.com/maps/place/Happy+Goat+Coffee+Co.+%28Laurel%29/data=!4m7!3m6!1s0x4cce0437f778eb9d:0x9550a8f67fc93feb!8m2!3d45.40538!4d-75.717221!16s%2Fg%2F1260cn29l!19sChIJnet49zcEzkwR6z_Jf_aoUJU?authuser=0&hl=en&g_ep=EgoyMDI2MDgyNS4wIJJjKgBIAVAD&rclk=1
cafes in Ottawa,The Ministry of Coffee,theministryofcoffee@gmail.com,https://theministryofcoffee.com/,,"Tock, OpenTable",https://www.google.com/maps/place/The+Ministry+of+Coffee/data=!4m7!3m6!1s0x4cce05001599c843:0xde2d6a7715217ee5!8m2!3d45.4208797!4d-75.6937203!16s%2Fg%2F11wnw1n464!19sChIJQ8iZFQAFzkwR5X4hFXdqLd4?authuser=0&hl=en&g_ep=EgoyMDI2MDgyNS4wIJJjKgBIAVAD&rclk=1
cafes in Ottawa,"Planet Coffee, ByWard Market, Ottawa",,http://www.planetcoffeeottawa.ca/,+1 613-789-6261,Tock,"https://www.google.com/maps/place/Planet+Coffee,+ByWard+Market,+Ottawa/data=!4m7!3m6!1s0x4cce04fdf74acd4b:0x8fc295dfa4b5133d!8m2!3d45.4271957!4d-75.693481!16s%2Fg%2F1thd1f5m!19sChIJS81K9_0EzkwRPRO1pN-Vwo8?authuser=0&hl=en&g_ep=EgoyMDI2MDgyNS4wIJJjKgBIAVAD&rclk=1"
cafes in Ottawa,Ottawa Bike Cafe,ottawabikecafe@gmail.com,http://ottawabikecafe.com/,+1 613-697-5465,"Tock, ChowNow, OpenTable",https://www.google.com/maps/place/Ottawa+Bike+Cafe/data=!4m7!3m6!1s0x4cce05a48dd6accd:0x448c63e70caef22c!8m2!3d45.4231401!4d-75.6969912!16s%2Fg%2F11nmt3zx_j!19sChIJzazWjaQFzkwRLPKuDOdjjEQ?authuser=0&hl=en&g_ep=EgoyMDI2MDgyNS4wIJJjKgBIAVAD&rclk=1
cafes in Ottawa,Green Bean Cafe and Smoothie Bar,,http://greenbeancafe.ca/,+1 613-422-2326,None,https://www.google.com/maps/place/Green+Bean+Cafe+and+Smoothie+Bar/data=!4m7!3m6!1s0x4cce0fee96a2f9e1:0x602c0de3fc186a8f!8m2!3d45.3880007!4d-75.6454396!16s%2Fg%2F11fpfr2drn!19sChIJ4fmilu4PzkwRj2oY_OMNLGA?authuser=0&hl=en&g_ep=EgoyMDI2MDgyNS4wIJJjKgBIAVAD&rclk=1
cafes in Ottawa,The Woodward,"order@thewoodward.ca, geoff@thewoodward.ca",https://thewoodward.ca/,+1 613-728-7928,None,https://www.google.com/maps/place/The+Woodward/data=!4m7!3m6!1s0x4cce077fecc26bdf:0xa9e52a4559c9d617!8m2!3d45.3748427!4d-75.7479754!16s%2Fg%2F11hzms2g0r!19sChIJ32vC7H8HzkwRF9bJWUUq5ak?authuser=0&hl=en&g_ep=EgoyMDI2MDgyNS4wIJJjKgBIAVAD&rclk=1
cafes in Ottawa,eXpresso Cafe,,,+1 438-454-7792,None,https://www.google.com/maps/place/eXpresso+Cafe/data=!4m7!3m6!1s0x4cce05cc0fdf3a39:0x139726803641d9ce!8m2!3d45.3992511!4d-75.7084171!16s%2Fg%2F11lzbjbxzj!19sChIJOTrfD8wFzkwRztlBNoAmlxM?authuser=0&hl=en&g_ep=EgoyMDI2MDgyNS4wIJJjKgBIAVAD&rclk=1
cafes in Ottawa,Café Urban,"registrar@ustpaul.ca, admission@ustpaul.ca, reservations@ustpaul.ca, info@ustpaul.ca, aidefinanciere@ustpaul.ca, recrutement-recruitment@ustpaul.ca, communications@ustpaul.ca, appointmentspurecruitment@uottawa.onmicrosoft.com",https://ustpaul.ca/en/events-and-reservations-office/cafe-urban/,+1 613-236-1393,None,https://www.google.com/maps/place/Caf%C3%A9+Urban/data=!4m7!3m6!1s0x4cce0597cc664e5b:0x37cc8ebdee8bc410!8m2!3d45.4080525!4d-75.676426!16s%2Fg%2F11hb5jzvzc!19sChIJW05mzJcFzkwREMSL7r2OzDc?authuser=0&hl=en&g_ep=EgoyMDI2MDgyNS4wIJJjKgBIAVAD&rclk=1
cafes in Ottawa,Bridgehead Roastery and Coffeehouse,,http://www.bridgehead.ca/,+1 613-233-1221,None,https://www.google.com/maps/place/Bridgehead+Roastery+and+Coffeehouse/data=!4m7!3m6!1s0x4cce0449adc1733b:0x1cd7805302c2b62c!8m2!3d45.4072175!4d-75.7131636!16s%2Fg%2F11xbn0hm5!19sChIJO3PBrUkEzkwRLLbCAlOA1xw?authuser=0&hl=en&g_ep=EgoyMDI2MDgyNS4wIJJjKgBIAVAD&rclk=1
cafes in Ottawa,The Bower Coffee Co,,https://www.instagram.com/thebowercoffee/?hl=en,,"Tock, Resy",https://www.google.com/maps/place/The+Bower+Coffee+Co/data=!4m7!3m6!1s0x4cce0700385e264d:0x5f8fc5e898759f63!8m2!3d45.3901293!4d-75.7582344!16s%2Fg%2F11vxlpthrl!19sChIJTSZeOAAHzkwRY591mOjFj18?authuser=0&hl=en&g_ep=EgoyMDI2MDgyNS4wIJJjKgBIAVAD&rclk=1
bars in Ottawa,Starling Restaurant and Bar,"info@starlingottawa.ca, hello@starlingottawa.ca",https://www.starlingottawa.ca/,+1 613-421-0820,"Tock, OpenTable",https://www.google.com/maps/place/Starling+Restaurant+and+Bar/data=!4m7!3m6!1s0x4cce0565da7044c9:0x72fee6d9eea917c2!8m2!3d45.4281708!4d-75.6923884!16s%2Fg%2F11q9d92tnx!19sChIJyURw2mUFzkwRwhep7tnm_nI?authuser=0&hl=en&g_ep=EgoyMDI2MDgyNS4wIJJjKgBIAVAD&rclk=1
bars in Ottawa,Afterlight,cityafterlight@gmail.com,http://www.cityafterlight.ca/,,Tock,https://www.google.com/maps/place/Afterlight/data=!4m7!3m6!1s0x4cce05eecd090e65:0x1599d8daf25a27f2!8m2!3d45.4193197!4d-75.6995509!16s%2Fg%2F11sfs4c_mj!19sChIJZQ4Jze4FzkwR8ida8trYmRU?authuser=0&hl=en&g_ep=EgoyMDI2MDgyNS4wIJJjKgBIAVAD&rclk=1
bars in Ottawa,Charlotte,"jobs@charlotteottawa.com, info@charlotteottawa.com",https://www.charlotteottawa.com/,+1 613-421-0669,"Tock, OpenTable",https://www.google.com/maps/place/Charlotte/data=!4m7!3m6!1s0x4cce05af24f3d0a5:0xa32cda51a8f48f08!8m2!3d45.4158638!4d-75.6889791!16s%2Fg%2F11f15m65tp!19sChIJpdDzJK8FzkwRCI_0qFHaLKM?authuser=0&hl=en&g_ep=EgoyMDI2MDgyNS4wIJJjKgBIAVAD&rclk=1
bars in Ottawa,The Standard Luxury Tavern,info@thestandardtavern.com,http://www.thestandardtavern.com/,+1 613-232-6274,Resy,https://www.google.com/maps/place/The+Standard+Luxury+Tavern/data=!4m7!3m6!1s0x4cce05af3ff88541:0xdee8177036469764!8m2!3d45.4152984!4d-75.6884646!16s%2Fg%2F1pyqvf1bj!19sChIJQYX4P68FzkwRZJdGNnAX6N4?authuser=0&hl=en&g_ep=EgoyMDI2MDgyNS4wIJJjKgBIAVAD&rclk=1
bars in Ottawa,Perch Restaurant,amanda@perchottawa.ca,http://www.perchottawa.ca/,+1 613-515-0535,"Tock, OpenTable",https://www.google.com/maps/place/Perch+Restaurant/data=!4m7!3m6!1s0x4cce051f571e9fc1:0x75af798621a193ae!8m2!3d45.4035393!4d-75.7114645!16s%2Fg%2F11rd2dc3j2!19sChIJwZ8eVx8FzkwRrpOhIYZ5r3U?authuser=0&hl=en&g_ep=EgoyMDI2MDgyNS4wIJJjKgBIAVAD&rclk=1
bars in Ottawa,The Laff,orders@thelaff.ca,http://www.thelaff.ca/,+1 613-241-4747,"Tock, OpenTable",https://www.google.com/maps/place/The+Laff/data=!4m7!3m6!1s0x4cce04fdf5c03b35:0xb97aaa276cf72729!8m2!3d45.427806!4d-75.6932311!16s%2Fg%2F1tffnzkw!19sChIJNTvA9f0EzkwRKSf3bCeqerk?authuser=0&hl=en&g_ep=EgoyMDI2MDgyNS4wIJJjKgBIAVAD&rclk=1
bars in Ottawa,Deacon Brodies Pub,deaconbrodiespub@gmail.com,https://www.deaconbrodies.ca/,+1 613-236-6464,"Tock, OpenTable",https://www.google.com/maps/place/Deacon+Brodies+Pub/data=!4m7!3m6!1s0x4cce05a96f71af61:0x7777be0f48438fc8!8m2!3d45.4184997!4d-75.6906141!16s%2Fg%2F11bbr9hty0!19sChIJYa9xb6kFzkwRyI9DSA--d3c?authuser=0&hl=en&g_ep=EgoyMDI2MDgyNS4wIJJjKgBIAVAD&rclk=1
bars in Ottawa,The Lookout Bar,"info@thelookoutbar.com, lookoutkb@yahoo.com",http://www.thelookoutbar.com/,+1 613-789-1624,None,https://www.google.com/maps/place/The+Lookout+Bar/data=!4m7!3m6!1s0x4cce05020b49bdd7:0x42fdcc4a8effc596!8m2!3d45.4282237!4d-75.6937311!16s%2Fg%2F1tgxt4wx!19sChIJ171JCwIFzkwRlsX_jkrM_UI?authuser=0&hl=en&g_ep=EgoyMDI2MDgyNS4wIJJjKgBIAVAD&rclk=1
bars in Ottawa,Manor Lounge,,http://manorlounge.ca/,+1 613-695-1655,None,https://www.google.com/maps/place/Manor+Lounge/data=!4m7!3m6!1s0x4cce051603f6d93b:0x6a847a3b89ca2ed5!8m2!3d45.4167824!4d-75.6895728!16s%2Fg%2F11k3wkx02k!19sChIJO9n2AxYFzkwR1S7KiTt6hGo?authuser=0&hl=en&g_ep=EgoyMDI2MDgyNS4wIJJjKgBIAVAD&rclk=1
bars in Ottawa,The Lieutenant's Pump,partyatthepump@gmail.com,http://www.lieutenantspump.ca/,+1 613-238-2949,Tock,https://www.google.com/maps/place/The+Lieutenant%27s+Pump/data=!4m7!3m6!1s0x4cce05af401295bf:0x76e00e906e112eb3!8m2!3d45.4156027!4d-75.6882588!16s%2Fg%2F1vfp7v3z!19sChIJv5USQK8FzkwRsy4RbpAO4HY?authuser=0&hl=en&g_ep=EgoyMDI2MDgyNS4wIJJjKgBIAVAD&rclk=1
bars in Ottawa,Nan's Parlour,,http://nansparlour.com/,,None,https://www.google.com/maps/place/Nan%27s+Parlour/data=!4m7!3m6!1s0x4cce056510dab6c3:0xbbe4c932d0692434!8m2!3d45.4290532!4d-75.6933433!16s%2Fg%2F11sh1f69lq!19sChIJw7baEGUFzkwRNCRp0DLJ5Ls?authuser=0&hl=en&g_ep=EgoyMDI2MDgyNS4wIJJjKgBIAVAD&rclk=1
bars in Ottawa,Urban Barrel & Bar,info@urbanbarrel.ca,https://urbanbarrelcompany.com/,+1 613-680-6100,Tock,https://www.google.com/maps/place/Urban+Barrel+%26+Bar/data=!4m7!3m6!1s0x4cce0538a5a5d26f:0x642f8f9fa511b4e8!8m2!3d45.419613!4d-75.6765841!16s%2Fg%2F11wnftvw5b!19sChIJb9KlpTgFzkwR6LQRpZ-PL2Q?authuser=0&hl=en&g_ep=EgoyMDI2MDgyNS4wIJJjKgBIAVAD&rclk=1
bars in Ottawa,Bar Robo Queen St Fare,"barrobo@queenstfare.ca, events@queenstfare.ca",http://www.barrobo.com/,+1 613-299-1117,None,https://www.google.com/maps/place/Bar+Robo+Queen+St+Fare/data=!4m7!3m6!1s0x4cce044c4792b0bd:0x11f8f980030ba5f2!8m2!3d45.4209936!4d-75.6992781!16s%2Fg%2F11cn92_x7x!19sChIJvbCSR0wEzkwR8qULA4D5-BE?authuser=0&hl=en&g_ep=EgoyMDI2MDgyNS4wIJJjKgBIAVAD&rclk=1
bars in Ottawa,The Senate Tavern on Clarence,"clarence@thesenate.ca, wellington@thesenate.ca, bank@thesenate.ca",http://www.thesenate.ca/,+1 343-882-1657,"Tock, OpenTable",https://www.google.com/maps/place/The+Senate+Tavern+on+Clarence/data=!4m7!3m6!1s0x4cce04fdbdb8c2ad:0x5c3ef8cd6aadba39!8m2!3d45.4286579!4d-75.6945159!16s%2Fg%2F1hhjc6p00!19sChIJrcK4vf0EzkwRObqtas34Plw?authuser=0&hl=en&g_ep=EgoyMDI2MDgyNS4wIJJjKgBIAVAD&rclk=1
bars in Ottawa,BABA BAR,,https://www.instagram.com/bababar.ot/,+1 613-233-1083,"Tock, Resy",https://www.google.com/maps/place/BABA+BAR/data=!4m7!3m6!1s0x4cce05fdf6c54e05:0x59fc33c1b0e07a9!8m2!3d45.4033271!4d-75.7119529!16s%2Fg%2F11t0tts_h9!19sChIJBU7F9v0FzkwRqQcOGzzDnwU?authuser=0&hl=en&g_ep=EgoyMDI2MDgyNS4wIJJjKgBIAVAD&rclk=1
bars in Ottawa,Pōā Tiki Bar,poatikibar@gmail.com,http://www.poatikibar.ca/,+1 343-262-9202,None,https://www.google.com/maps/place/P%C5%8D%C4%81+Tiki+Bar/data=!4m7!3m6!1s0x4cce05bb5dfbb055:0x47711443abc77a01!8m2!3d45.4300557!4d-75.691978!16s%2Fg%2F11k4lrk40f!19sChIJVbD7XbsFzkwRAXrHq0MUcUc?authuser=0&hl=en&g_ep=EgoyMDI2MDgyNS4wIJJjKgBIAVAD&rclk=1
bars in Ottawa,The Loft Lounge,"noah@luxebistro.com, events@luxebistro.com, info@luxebistro.com",http://www.luxebistro.com/,+1 613-241-8805,OpenTable,https://www.google.com/maps/place/The+Loft+Lounge/data=!4m7!3m6!1s0x4cce05a378adee3b:0xb476a058c6b6d29f!8m2!3d45.4282925!4d-75.6936018!16s%2Fg%2F11k_57r1yc!19sChIJO-6teKMFzkwRn9K2xligdrQ?authuser=0&hl=en&g_ep=EgoyMDI2MDgyNS4wIJJjKgBIAVAD&rclk=1
bars in Ottawa,The Gilmour,,https://www.instagram.com/thegilmourbar/?hl=en,+1 613-787-7778,"Tock, Resy",https://www.google.com/maps/place/The+Gilmour/data=!4m7!3m6!1s0x4cce059460f74725:0xd7ca920bbd95d0a6!8m2!3d45.4146195!4d-75.6955737!16s%2Fg%2F11nnq78k2l!19sChIJJUf3YJQFzkwRptCVvQuSytc?authuser=0&hl=en&g_ep=EgoyMDI2MDgyNS4wIJJjKgBIAVAD&rclk=1
bars in Ottawa,SandBar Ottawa,,https://www.instagram.com/sandbarottawa?igsh=MWpvcnU0NjlkbHAydg==,+1 613-454-7700,"Tock, Resy",https://www.google.com/maps/place/SandBar+Ottawa/data=!4m7!3m6!1s0x4cce05a72e9c5f85:0xb38213429e304a45!8m2!3d45.4257858!4d-75.6932152!16s%2Fg%2F11z6zhd6jd!19sChIJhV-cLqcFzkwRRUownkITgrM?authuser=0&hl=en&g_ep=EgoyMDI2MDgyNS4wIJJjKgBIAVAD&rclk=1
bars in Ottawa,The Moonroom,,https://www.instagram.com/themoonroom/,,"Tock, Resy",https://www.google.com/maps/place/The+Moonroom/data=!4m7!3m6!1s0x4cce04334676546d:0x49431013c9f2be21!8m2!3d45.3990812!4d-75.7087348!16s%2Fg%2F1tgpmnhk!19sChIJbVR2RjMEzkwRIb7yyRMQQ0k?authuser=0&hl=en&g_ep=EgoyMDI2MDgyNS4wIJJjKgBIAVAD&rclk=1
bars in Ottawa,The Belmont,"adrian@belmontottawa.com, info@belmontottawa.com",http://www.belmontottawa.com/,+1 613-979-3663,"Tock, OpenTable",https://www.google.com/maps/place/The+Belmont/data=!4m7!3m6!1s0x4cce05e885f6fc01:0xb1e6850420f9ded7!8m2!3d45.3925653!4d-75.6818903!16s%2Fg%2F11b6sr2k8q!19sChIJAfz2hegFzkwR1975IASF5rE?authuser=0&hl=en&g_ep=EgoyMDI2MDgyNS4wIJJjKgBIAVAD&rclk=1
bars in Ottawa,WARD 14,,https://www.wardfourteen.com/,,Tock,https://www.google.com/maps/place/WARD+14/data=!4m7!3m6!1s0x4cce044856985c7d:0xb5c21b499d3739ee!8m2!3d45.4075836!4d-75.7135395!16s%2Fg%2F11c61r7320!19sChIJfVyYVkgEzkwR7jk3nUkbwrU?authuser=0&hl=en&g_ep=EgoyMDI2MDgyNS4wIJJjKgBIAVAD&rclk=1
bars in Ottawa,Dominion Tavern,editorial@tavern.ca,http://www.tavern.ca/,+1 613-241-7706,None,https://www.google.com/maps/place/Dominion+Tavern/data=!4m7!3m6!1s0x4cce04fdf28f7335:0x7033660c510bff44!8m2!3d45.428005!4d-75.69384!16s%2Fg%2F1tdcwqpm!19sChIJNXOP8v0EzkwRRP8LUQxmM3A?authuser=0&hl=en&g_ep=EgoyMDI2MDgyNS4wIJJjKgBIAVAD&rclk=1
bars in Ottawa,"Aulde Dubliner & Pour House - ByWard Market, Ottawa ON",,https://heartandcrown.pub/location/the-aulde-dubliner-pour-house/,+1 613-241-0066,OpenTable,"https://www.google.com/maps/place/Aulde+Dubliner+%26+Pour+House+-+ByWard+Market,+Ottawa+ON/data=!4m7!3m6!1s0x4cce05022301904d:0x6937d4c159853df9!8m2!3d45.4269444!4d-75.6916667!16s%2Fm%2F05bbzrz!19sChIJTZABIwIFzkwR-T2FWcHUN2k?authuser=0&hl=en&g_ep=EgoyMDI2MDgyNS4wIJJjKgBIAVAD&rclk=1"
bars in Ottawa,Pub Italia,your@email.com,https://pubitalia.ca/,+1 613-232-2326,None,https://www.google.com/maps/place/Pub+Italia/data=!4m7!3m6!1s0x4cce04335d1a7221:0x15522f9df511e9d7!8m2!3d45.3994227!4d-75.7090491!16s%2Fm%2F05bpl15!19sChIJIXIaXTMEzkwR1-kR9Z0vUhU?authuser=0&hl=en&g_ep=EgoyMDI2MDgyNS4wIJJjKgBIAVAD&rclk=1
bars in Ottawa,Heart & Crown - ByWard Market,"dublinergm@auldedubliner.ca, carly@heartandcrown.ca, deedee@heartandcrown.ca, jessm@heartandcrown.ca",http://www.heartandcrown.pub/,+1 613-562-0674,None,https://www.google.com/maps/place/Heart+%26+Crown+-+ByWard+Market/data=!4m7!3m6!1s0x4cce04fd9cd2e255:0xd408f3e9437c493d!8m2!3d45.4290498!4d-75.6934994!16s%2Fm%2F05bhql6!19sChIJVeLSnP0EzkwRPUl8Q-nzCNQ?authuser=0&hl=en&g_ep=EgoyMDI2MDgyNS4wIJJjKgBIAVAD&rclk=1
bars in Ottawa,Atomic Rooster,"shaan@atomicrooster.ca, info@atomicrooster.ca",http://www.atomicrooster.ca/,+1 613-569-1000,None,https://www.google.com/maps/place/Atomic+Rooster/data=!4m7!3m6!1s0x4cce05adac484133:0xe4f05e08b12fe928!8m2!3d45.4149864!4d-75.6958945!16s%2Fm%2F05bby9y!19sChIJM0FIrK0FzkwRKOkvsQhe8OQ?authuser=0&hl=en&g_ep=EgoyMDI2MDgyNS4wIJJjKgBIAVAD&rclk=1
bars in Ottawa,THE ALBION ROOMS RESTAURANT,"albionrooms@thealbionrooms.com, yara.abdallah@hilton.com",https://www.thealbionrooms.com/?utm_source=google+Maps&utm_medium=seo+maps&utm_campaign=seo+maps,+1 613-760-4771,OpenTable,https://www.google.com/maps/place/THE+ALBION+ROOMS+RESTAURANT/data=!4m7!3m6!1s0x4cce050167cb4bc5:0x939ffbaa4ff33c3d!8m2!3d45.425855!4d-75.689265!16s%2Fg%2F12mkvng2n!19sChIJxUvLZwEFzkwRPTzzT6r7n5M?authuser=0&hl=en&g_ep=EgoyMDI2MDgyNS4wIJJjKgBIAVAD&rclk=1
bars in Ottawa,Lavender Grill,"%20hanodin@lavendergrill.com, hanodin@lavendergrill.com",http://www.lavendergrill.com/,+1 613-569-6605,OpenTable,https://www.google.com/maps/place/Lavender+Grill/data=!4m7!3m6!1s0x4cce053b18d1a35d:0x7238d74d9a3ed226!8m2!3d45.4287336!4d-75.694227!16s%2Fg%2F11q8bql4t1!19sChIJXaPRGDsFzkwRJtI-mk3XOHI?authuser=0&hl=en&g_ep=EgoyMDI2MDgyNS4wIJJjKgBIAVAD&rclk=1
bars in Ottawa,The Hintonburg Public House,"thehph@live.ca, info@hintonburgpublichouse.ca",http://www.hintonburgpublichouse.ca/,+1 613-421-5087,"Tock, ChowNow, OpenTable",https://www.google.com/maps/place/The+Hintonburg+Public+House/data=!4m7!3m6!1s0x4cce0438d1077e39:0x352e658937336d01!8m2!3d45.4046946!4d-75.7235977!16s%2Fg%2F1hc36xy6q!19sChIJOX4H0TgEzkwRAW0zN4llLjU?authuser=0&hl=en&g_ep=EgoyMDI2MDgyNS4wIJJjKgBIAVAD&rclk=1
bars in Ottawa,s o m e w h e r e dine bar,info@somewhereottawa.com,http://www.somewhereottawa.com/,+1 613-562-7244,OpenTable,https://www.google.com/maps/place/s+o+m+e+w+h+e+r+e+dine+bar/data=!4m7!3m6!1s0x4cce04fd65768145:0xd1e689355831557f!8m2!3d45.429934!4d-75.6927654!16s%2Fg%2F11g6nbx2b6!19sChIJRYF2Zf0EzkwRf1UxWDWJ5tE?authuser=0&hl=en&g_ep=EgoyMDI2MDgyNS4wIJJjKgBIAVAD&rclk=1
bars in Ottawa,Patty's Pub,,http://pattys.pub/,+1 613-730-2434,None,https://www.google.com/maps/place/Patty%27s+Pub/data=!4m7!3m6!1s0x4cce05e89cdfb33b:0x40d294be7e1d3ee2!8m2!3d45.3918634!4d-75.6818223!16s%2Fg%2F1tfhz6dy!19sChIJO7PfnOgFzkwR4j4dfr6U0kA?authuser=0&hl=en&g_ep=EgoyMDI2MDgyNS4wIJJjKgBIAVAD&rclk=1
bars in Ottawa,Bar Ocelli,barocelli@ottawavenues.com,http://www.barocelli.com/,+1 613-722-7108,"Tock, OpenTable",https://www.google.com/maps/place/Bar+Ocelli/data=!4m7!3m6!1s0x4cce0596cc0dfeb7:0x30b17471e5cfcd1e!8m2!3d45.4287035!4d-75.6926256!16s%2Fg%2F11vj8sw8yh!19sChIJt_4NzJYFzkwRHs3P5XF0sTA?authuser=0&hl=en&g_ep=EgoyMDI2MDgyNS4wIJJjKgBIAVAD&rclk=1
bars in Ottawa,Sir John A Pub,,https://www.sirjohna.ca/,+1 613-567-2746,None,https://www.google.com/maps/place/Sir+John+A+Pub/data=!4m7!3m6!1s0x4cce05a92da3c67d:0xd77b325d59c17e0!8m2!3d45.416905!4d-75.689766!16s%2Fg%2F1tl8kbcj!19sChIJfcajLakFzkwR4Bec1SWzdw0?authuser=0&hl=en&g_ep=EgoyMDI2MDgyNS4wIJJjKgBIAVAD&rclk=1
bars in Ottawa,10Fourteen,,http://www.10fourteenbar.com/,+1 613-422-8610,None,https://www.google.com/maps/place/10Fourteen/data=!4m7!3m6!1s0x4cce043eb1949aa1:0xef2763ab27bf863!8m2!3d45.404717!4d-75.723556!16s%2Fg%2F1hc5d5348!19sChIJoZqUsT4EzkwRY_h7sjp28g4?authuser=0&hl=en&g_ep=EgoyMDI2MDgyNS4wIJJjKgBIAVAD&rclk=1
bars in Ottawa,Apothecary Lounge,"info@apothecarylounge.ca, hello@starlingottawa.ca",http://www.apothecarylounge.ca/,+1 613-421-0820,"Tock, OpenTable",https://www.google.com/maps/place/Apothecary+Lounge/data=!4m7!3m6!1s0x4cce05a419649285:0xad31e827590d6f20!8m2!3d45.4281708!4d-75.6923884!16s%2Fg%2F11nml_f_jq!19sChIJhZJkGaQFzkwRIG8NWSfoMa0?authuser=0&hl=en&g_ep=EgoyMDI2MDgyNS4wIJJjKgBIAVAD&rclk=1
bars in Ottawa,The Brig Pub,reservations@thebrigpub.com,https://thebrigpub.com/,+1 613-562-6666,OpenTable,https://www.google.com/maps/place/The+Brig+Pub/data=!4m7!3m6!1s0x4cce04fdee7a3cff:0xac568d4a791fa587!8m2!3d45.427882!4d-75.694204!16s%2Fg%2F1tjynbmy!19sChIJ_zx67v0EzkwRh6UfeUqNVqw?authuser=0&hl=en&g_ep=EgoyMDI2MDgyNS4wIJJjKgBIAVAD&rclk=1
bars in Ottawa,Irene's Pub Restaurant,info@irenespub.ca,http://irenespub.ca/,+1 613-230-4474,"Tock, OpenTable",https://www.google.com/maps/place/Irene%27s+Pub+Restaurant/data=!4m7!3m6!1s0x4cce05c0c8143255:0x69a0b9175184ee99!8m2!3d45.400758!4d-75.686872!16s%2Fm%2F0lgdd7z!19sChIJVTIUyMAFzkwRme6EURe5oGk?authuser=0&hl=en&g_ep=EgoyMDI2MDgyNS4wIJJjKgBIAVAD&rclk=1
bars in Ottawa,Pour Boy - Somerset,,http://www.pourboypub.com/,+1 613-695-7687,None,https://www.google.com/maps/place/Pour+Boy+-+Somerset/data=!4m7!3m6!1s0x4cce0452ad122d73:0x33c87659aafdebd5!8m2!3d45.4138297!4d-75.7004441!16s%2Fg%2F11bc8bqk_0!19sChIJcy0SrVIEzkwR1ev9qll2yDM?authuser=0&hl=en&g_ep=EgoyMDI2MDgyNS4wIJJjKgBIAVAD&rclk=1
bars in Ottawa,Tavern On The Hill,,https://www.thetavern.ca/tavern-on-the-hill,,Tock,https://www.google.com/maps/place/Tavern+On+The+Hill/data=!4m7!3m6!1s0x4cce04fc0998d73f:0xd9c1de25036fd4f5!8m2!3d45.4284112!4d-75.6989722!16s%2Fg%2F11d_1m9qk8!19sChIJP9eYCfwEzkwR9dRvAyXewdk?authuser=0&hl=en&g_ep=EgoyMDI2MDgyNS4wIJJjKgBIAVAD&rclk=1
bars in Ottawa,Quinn's Ale House,,http://www.quinns.pub/,+1 613-523-4400,None,https://www.google.com/maps/place/Quinn%27s+Ale+House/data=!4m7!3m6!1s0x4cce05e9d0ddcad1:0xcde7f7e6b75e3581!8m2!3d45.3947006!4d-75.683816!16s%2Fg%2F1vh_7_st!19sChIJ0crd0OkFzkwRgTVet-b3580?authuser=0&hl=en&g_ep=EgoyMDI2MDgyNS4wIJJjKgBIAVAD&rclk=1
bars in Ottawa,Rabbit Hole,info@rabbitholeott.ca,https://www.rabbitholeott.ca/,+1 613-695-0500,None,https://www.google.com/maps/place/Rabbit+Hole/data=!4m7!3m6!1s0x4cce05636c31c8d7:0x8a68fbfe994b5782!8m2!3d45.4212152!4d-75.7010175!16s%2Fg%2F11h24nl3j4!19sChIJ18gxbGMFzkwRgldLmf77aIo?authuser=0&hl=en&g_ep=EgoyMDI2MDgyNS4wIJJjKgBIAVAD&rclk=1
bars in Ottawa,Swizzles,feedback@swizzles.ca,http://www.swizzles.ca/,+1 613-232-4200,"Tock, OpenTable",https://www.google.com/maps/place/Swizzles/data=!4m7!3m6!1s0x4cce045448dff427:0x6415974085cebf0a!8m2!3d45.4199202!4d-75.7016727!16s%2Fg%2F1tcvth08!19sChIJJ_TfSFQEzkwRCr_OhUCXFWQ?authuser=0&hl=en&g_ep=EgoyMDI2MDgyNS4wIJJjKgBIAVAD&rclk=1
resorts in Ottawa,Le Germain Hotel Ottawa,"jpaquet@germainhotels.com, reservations.legermainquebec@germainhotels.com, reservations.altmontreal@germainhotels.com, reservations.altottawa@germainhotels.com, reservations.altdix30@germainhotels.com, concierge.legermainottawa@germainhotels.com, reservations.altwinnipeg@germainhotels.com, reservations.legermaincalgary@germainhotels.com, reservations.gottawa@legermainhotels.com, reservations.altstjohns@germainhotels.com, reservations.alttorontoairport@germainhotels.com, reservations.altsaskatoon@germainhotels.com, sales.legermainottawa@germainhotels.com, reservations.legermaintorontomlsq@germainhotels.com, reservations.althalifax@germainhotels.com, reservation@norcarestaurant.ca, reservations.legermainottawa@germainhotels.com, reservations.altquebec@germainhotels.com, reservations.altcalgaryeastvillage@germainhotels.com, reservations.altcalgaryuniversitydistrict@germainhotels.com, reservations.legermaincharlevoix@germainhotels.com, info@cafejackson.com, reservations.legermaintorontomercer@germainhotels.com, reservations.escaddix30@germainhotels.com, reservations.legermainmontreal@germainhotels.com",https://www.germainhotels.com/en/le-germain-hotel/ottawa,+1 613-691-3230,OpenTable,https://www.google.com/maps/place/Le+Germain+Hotel+Ottawa/data=!4m10!3m9!1s0x4cce050155f830d5:0x5aa078cd0a6c341d!5m2!4m1!1i2!8m2!3d45.4259015!4d-75.6881913!16s%2Fg%2F11f3zlvss0!19sChIJ1TD4VQEFzkwRHTRsCs14oFo?authuser=0&hl=en&g_ep=EgoyMDI2MDgyNS4wIJJjKgBIAVAD&rclk=1
resorts in Ottawa,Breezy Hill Camping,camp@breezyhillcamping.com,https://breezyhillcamping.com/,+1 613-839-5202,None,https://www.google.com/maps/place/Breezy+Hill+Camping/data=!4m10!3m9!1s0x4cd21e701a5bfd1f:0x7a02e8432845d1d3!5m2!4m1!1i2!8m2!3d45.3445702!4d-76.2051538!16s%2Fg%2F11_pyl99x!19sChIJH_1bGnAe0kwR09FFKEPoAno?authuser=0&hl=en&g_ep=EgoyMDI2MDgyNS4wIJJjKgBIAVAD&rclk=1
resorts in Ottawa,The Monte,"innkeeper@themonte.ca, filler@godaddy.com",http://themonte.ca/,+1 613-461-2745,None,https://www.google.com/maps/place/The+Monte/data=!4m10!3m9!1s0x4cd21ba3b1e64511:0x921db1389b96b5a7!5m2!4m1!1i2!8m2!3d45.2273892!4d-76.1931269!16s%2Fg%2F12hvkcs_c!19sChIJEUXmsaMb0kwRp7WWmzixHZI?authuser=0&hl=en&g_ep=EgoyMDI2MDgyNS4wIJJjKgBIAVAD&rclk=1
resorts in Ottawa,ARC THE.HOTEL,guestservices@arcthehotel.com,http://www.arcthehotel.com/,+1 613-238-2888,None,https://www.google.com/maps/place/ARC+THE.HOTEL/data=!4m10!3m9!1s0x4cce04552ca5d1c7:0xf5d6a4700f49e970!5m2!4m1!1i2!8m2!3d45.420419!4d-75.6968791!16s%2Fg%2F1tnpf1bg!19sChIJx9GlLFUEzkwRcOlJD3Ck1vU?authuser=0&hl=en&g_ep=EgoyMDI2MDgyNS4wIJJjKgBIAVAD&rclk=1
resorts in Ottawa,Auberge de la Gare,"info@aubergedelagare.ca, admin@aubergedelagare.ca",http://www.aubergedelagare.ca/,+1 866-778-8085,None,https://www.google.com/maps/place/Auberge+de+la+Gare/data=!4m10!3m9!1s0x4cce04849203fe3d:0x9d1deab2ed0a40c4!5m2!4m1!1i2!8m2!3d45.4345682!4d-75.733392!16s%2Fg%2F1tdbkm6n!19sChIJPf4DkoQEzkwRxEAK7bLqHZ0?authuser=0&hl=en&g_ep=EgoyMDI2MDgyNS4wIJJjKgBIAVAD&rclk=1
resorts in Ottawa,Alt Hotel Ottawa Downtown,"reservations.legermainquebec@germainhotels.com, sales.altottawa@germainhotels.com, reservations.altmontreal@germainhotels.com, reservations.altottawa@germainhotels.com, reservations.altdix30@germainhotels.com, reservations.ottawa@althotels.ca, reservations.altwinnipeg@germainhotels.com, reservations.legermaincalgary@germainhotels.com, reservations.altstjohns@germainhotels.com, reservations.alttorontoairport@germainhotels.com, reservations.altsaskatoon@germainhotels.com, reservations.legermaintorontomlsq@germainhotels.com, reservations.althalifax@germainhotels.com, reservations.legermainottawa@germainhotels.com, reservations.altquebec@germainhotels.com, mboissonnault@germainhotels.com, reservations.altcalgaryeastvillage@germainhotels.com, reservations.altcalgaryuniversitydistrict@germainhotels.com, reservations.legermaincharlevoix@germainhotels.com, reservations.legermaintorontomercer@germainhotels.com, reservations.escaddix30@germainhotels.com, reservations.legermainmontreal@germainhotels.com",https://www.germainhotels.com/en/alt-hotel/ottawa,+1 613-691-6882,OpenTable,https://www.google.com/maps/place/Alt+Hotel+Ottawa+Downtown/data=!4m10!3m9!1s0x4cce0454e703f7af:0xa16f341b9e174320!5m2!4m1!1i2!8m2!3d45.4199505!4d-75.6990338!16s%2Fg%2F11c3tpj4j5!19sChIJr_cD51QEzkwRIEMXnhs0b6E?authuser=0&hl=en&g_ep=EgoyMDI2MDgyNS4wIJJjKgBIAVAD&rclk=1
resorts in Ottawa,"Andaz Ottawa ByWard Market, by Hyatt",,https://www.hyatt.com/andaz/en-US/yowaz-andaz-ottawa-byward-market?src=corp_lclb_google_seo_yowaz&utm_source=google&utm_medium=organic&utm_campaign=lmr,+1 613-321-1234,None,"https://www.google.com/maps/place/Andaz+Ottawa+ByWard+Market,+by+Hyatt/data=!4m10!3m9!1s0x4cce05025fb011c3:0xbc3d57e80ef9d997!5m2!4m1!1i2!8m2!3d45.4288038!4d-75.690899!16s%2Fg%2F11b_2n3k36!19sChIJwxGwXwIFzkwRl9n5DuhXPbw?authuser=0&hl=en&g_ep=EgoyMDI2MDgyNS4wIJJjKgBIAVAD&rclk=1"
resorts in Ottawa,Swiss Hotel,info@swisshotel.ca,https://www.swisshotel.ca/,+1 613-237-0335,None,https://www.google.com/maps/place/Swiss+Hotel/data=!4m10!3m9!1s0x4cce05040e0358ad:0x9109f28b3431058d!5m2!4m1!1i2!8m2!3d45.4269112!4d-75.6863936!16s%2Fg%2F1td5qx30!19sChIJrVgDDgQFzkwRjQUxNIvyCZE?authuser=0&hl=en&g_ep=EgoyMDI2MDgyNS4wIJJjKgBIAVAD&rclk=1
resorts in Ottawa,"Les Suites Victoria, an Ascend Collection Hotel",,https://www.choicehotels.com/quebec/gatineau/ascend-hotels/cna29?mc=llrscncn&pmf=canada,+1 819-777-8899,None,"https://www.google.com/maps/place/Les+Suites+Victoria,+an+Ascend+Collection+Hotel/data=!4m10!3m9!1s0x4cce04f491d72b3f:0xc6d28c59297e68ea!5m2!4m1!1i2!8m2!3d45.4289823!4d-75.7156787!16s%2Fg%2F1tf69p2h!19sChIJPyvXkfQEzkwR6mh-KVmM0sY?authuser=0&hl=en&g_ep=EgoyMDI2MDgyNS4wIJJjKgBIAVAD&rclk=1"
resorts in Ottawa,Strathmere Country Estate,"strathmere@strathmere.com, weddings@strathmere.com",https://www.strathmere.com/?utm_campaign=gmb,+1 613-489-2409,"Tock, OpenTable",https://www.google.com/maps/place/Strathmere+Country+Estate/data=!4m10!3m9!1s0x4ccde58937b3e11b:0xb4f571e16273cca4!5m2!4m1!1i2!8m2!3d45.1576222!4d-75.7045009!16s%2Fg%2F11c1tc1h8m!19sChIJG-GzN4nlzUwRpMxzYuFx9bQ?authuser=0&hl=en&g_ep=EgoyMDI2MDgyNS4wIJJjKgBIAVAD&rclk=1
resorts in Ottawa,Metcalfe Hotel Ottawa by Gray Collection,info.ott@metcalfehotel.com,http://www.metcalfehotel.com/ottawa,+1 613-231-6555,"Tock, OpenTable",https://www.google.com/maps/place/Metcalfe+Hotel+Ottawa+by+Gray+Collection/data=!4m10!3m9!1s0x4cce05aae87c3f9d:0xb87a4a181545e2b3!5m2!4m1!1i2!8m2!3d45.4204604!4d-75.6951537!16s%2Fg%2F11c38f2h_h!19sChIJnT986KoFzkwRs-JFFRhKerg?authuser=0&hl=en&g_ep=EgoyMDI2MDgyNS4wIJJjKgBIAVAD&rclk=1
resorts in Ottawa,Kemptville Suites,"info@aphroditiescapespa.com, booking@haven.com, info@kemptvillesuites.ca",https://kemptvillesuites.com/,+1 613-215-0707,None,https://www.google.com/maps/place/Kemptville+Suites/data=!4m10!3m9!1s0x4ccdc0209b31473f:0x6ed8e8799e8b54f9!5m2!4m1!1i2!8m2!3d45.0176392!4d-75.6465322!16s%2Fg%2F11b5pjhmnm!19sChIJP0cxmyDAzUwR-VSLnnno2G4?authuser=0&hl=en&g_ep=EgoyMDI2MDgyNS4wIJJjKgBIAVAD&rclk=1
resorts in Ottawa,Hilton Lac-Leamy,,https://www.hilton.com/en/hotels/yowovhf-hilton-lac-leamy/?SEO_id=GMB-AMER-HH-YOWOVHF,+1 819-790-6444,None,https://www.google.com/maps/place/Hilton+Lac-Leamy/data=!4m10!3m9!1s0x4cce04a16fce0b65:0xd85a84508894de80!5m2!4m1!1i2!8m2!3d45.4472925!4d-75.7240538!16s%2Fg%2F1v2ppvc5!19sChIJZQvOb6EEzkwRgN6UiFCEWtg?authuser=0&hl=en&g_ep=EgoyMDI2MDgyNS4wIJJjKgBIAVAD&rclk=1
restaurants in Winnipeg,House of MA,,,+1 204-594-1434,None,https://www.google.com/maps/place/House+of+MA/data=!4m7!3m6!1s0x52ea71948d33145f:0xda7991ab5e0a18ed!8m2!3d49.8975367!4d-97.1358473!16s%2Fg%2F11zh4w0tyy!19sChIJXxQzjZRx6lIR7RgKXquRedo?authuser=0&hl=en&g_ep=EgoyMDI2MDgyNS4wIJJjKgBIAVAD&rclk=1
restaurants in Winnipeg,BabyBaby,babybabywinnipeg@gmail.com,http://www.babybabyrestaurant.com/,+1 204-452-2229,"Tock, Toast, OpenTable",https://www.google.com/maps/place/BabyBaby/data=!4m7!3m6!1s0x52ea7500371bc17b:0xfeff02b81545aef0!8m2!3d49.8778803!4d-97.1454867!16s%2Fg%2F11w9dcn3lm!19sChIJe8EbNwB16lIR8K5FFbgC__4?authuser=0&hl=en&g_ep=EgoyMDI2MDgyNS4wIJJjKgBIAVAD&rclk=1
restaurants in Winnipeg,Tabula Rasa,chefmayi@tabularasaosborne.com,http://tabularasaosborne.com/,+1 204-219-2276,"Tock, TableAgent, OpenTable",https://www.google.com/maps/place/Tabula+Rasa/data=!4m7!3m6!1s0x52ea7734f46fed6d:0x94d1674fbc6b1b56!8m2!3d49.8615116!4d-97.1317103!16s%2Fg%2F11qg5kqw4l!19sChIJbe1v9DR36lIRVhtrvE9n0ZQ?authuser=0&hl=en&g_ep=EgoyMDI2MDgyNS4wIJJjKgBIAVAD&rclk=1
restaurants in Winnipeg,Gather Craft Kitchen & Bar,gather.restaurant@parkhospitality.ca,https://www.gatherattheleaf.ca/,+1 204-927-7222,OpenTable,https://www.google.com/maps/place/Gather+Craft+Kitchen+%26+Bar/data=!4m7!3m6!1s0x52ea75e2f37be2fb:0xcca5f7104fae2c9a!8m2!3d49.8691554!4d-97.2247625!16s%2Fg%2F11scrxl99c!19sChIJ--J78-J16lIRmiyuTxD3pcw?authuser=0&hl=en&g_ep=EgoyMDI2MDgyNS4wIJJjKgBIAVAD&rclk=1
restaurants in Winnipeg,Beaurivage Bistro,,https://www.facebook.com/BeaurivageBistro/,+1 204-691-6999,"Tock, Resy",https://www.google.com/maps/place/Beaurivage+Bistro/data=!4m7!3m6!1s0x52ea7147fb4fb6b5:0xc9c93d1d27ed2ad2!8m2!3d49.8723794!4d-97.1495188!16s%2Fg%2F11ddwyzcr3!19sChIJtbZP-0dx6lIR0irtJx09yck?authuser=0&hl=en&g_ep=EgoyMDI2MDgyNS4wIJJjKgBIAVAD&rclk=1
restaurants in Winnipeg,Harth Mozza & Wine Bar,info@harthwpg.com,https://www.harthwpg.com/,+1 204-255-0003,Tock,https://www.google.com/maps/place/Harth+Mozza+%26+Wine+Bar/data=!4m7!3m6!1s0x52ea76c1a2b9fb67:0x92674f5a394fad48!8m2!3d49.8186323!4d-97.0811042!16s%2Fg%2F11g9mg8s9l!19sChIJZ_u5osF26lIRSK1POVpPZ5I?authuser=0&hl=en&g_ep=EgoyMDI2MDgyNS4wIJJjKgBIAVAD&rclk=1
restaurants in Winnipeg,Modern Electric Lunch,manager@melunch.ca,https://melunch.ca/,+1 204-306-6404,None,https://www.google.com/maps/place/Modern+Electric+Lunch/data=!4m7!3m6!1s0x52ea71ebff756837:0x1a5d5f4d0e7e45e8!8m2!3d49.8916335!4d-97.1367114!16s%2Fg%2F11lgy1fw22!19sChIJN2h1_-tx6lIR6EV-Dk1fXRo?authuser=0&hl=en&g_ep=EgoyMDI2MDgyNS4wIJJjKgBIAVAD&rclk=1
restaurants in Winnipeg,Bellissimo,,http://www.bellissimo-restaurant.com/,+1 204-489-0588,"Tock, OpenTable",https://www.google.com/maps/place/Bellissimo/data=!4m7!3m6!1s0x52ea7456d5cc5883:0xcde6a402c398a173!8m2!3d49.8446979!4d-97.1805198!16s%2Fg%2F1tcxzgys!19sChIJg1jM1VZ06lIRc6GYwwKk5s0?authuser=0&hl=en&g_ep=EgoyMDI2MDgyNS4wIJJjKgBIAVAD&rclk=1
restaurants in Winnipeg,Né de Loup,"nedeloup@gmail.com, info@ndiscovered.com",http://www.nedeloup.com/,+1 204-487-1529,None,https://www.google.com/maps/place/N%C3%A9+de+Loup/data=!4m7!3m6!1s0x52ea748939951baf:0x2f33306a2b14abff!8m2!3d49.8634682!4d-97.1959808!16s%2Fg%2F11bbwmdtfq!19sChIJrxuVOYl06lIR_6sUK2owMy8?authuser=0&hl=en&g_ep=EgoyMDI2MDgyNS4wIJJjKgBIAVAD&rclk=1
restaurants in Winnipeg,Bar Accanto,mgmt@baraccanto.com,https://www.baraccanto.com/,+1 204-505-0761,"Tock, OpenTable",https://www.google.com/maps/place/Bar+Accanto/data=!4m7!3m6!1s0x52ea778dd05fe09f:0xbbadffff043a1a14!8m2!3d49.8811575!4d-97.1231996!16s%2Fg%2F11sszh5nhg!19sChIJn-Bf0I136lIRFBo6BP__rbs?authuser=0&hl=en&g_ep=EgoyMDI2MDgyNS4wIJJjKgBIAVAD&rclk=1
restaurants in Winnipeg,Roasted Nomad,,https://theroastednomad.com/,+1 204-691-4820,"Tock, OpenTable",https://www.google.com/maps/place/Roasted+Nomad/data=!4m7!3m6!1s0x52ea775fc6d9286d:0xecb5f25432f35e10!8m2!3d49.8821986!4d-97.1091569!16s%2Fg%2F11lnq06917!19sChIJbSjZxl936lIREF7zMlTytew?authuser=0&hl=en&g_ep=EgoyMDI2MDgyNS4wIJJjKgBIAVAD&rclk=1
restaurants in Winnipeg,Next Door,hello@nextdoorwpg.com,https://www.nextdoorwpg.com/,+1 431-887-2337,Tock,https://www.google.com/maps/place/Next+Door/data=!4m7!3m6!1s0x52ea732bb58a9fa7:0xac8f33a1a2cb53ce!8m2!3d49.8822095!4d-97.1599406!16s%2Fg%2F11rk2d87c1!19sChIJp5-KtStz6lIRzlPLoqEzj6w?authuser=0&hl=en&g_ep=EgoyMDI2MDgyNS4wIJJjKgBIAVAD&rclk=1
restaurants in Winnipeg,Passero,info@passerowinnipeg.com,https://www.passerowinnipeg.com/,+1 204-219-7300,Tock,https://www.google.com/maps/place/Passero/data=!4m7!3m6!1s0x52ea714e7622cd8b:0xd0fa66e077e8db16!8m2!3d49.8702382!4d-97.1542329!16s%2Fg%2F11h9z3j_l6!19sChIJi80idk5x6lIRFtvod-Bm-tA?authuser=0&hl=en&g_ep=EgoyMDI2MDgyNS4wIJJjKgBIAVAD&rclk=1
restaurants in Winnipeg,Deer + Almond,resos.dna@gmail.com,http://www.deerandalmond.com/,+1 204-504-8562,"Tock, OpenTable",https://www.google.com/maps/place/Deer+%2B+Almond/data=!4m7!3m6!1s0x52ea715c1f3f6a89:0xa9b3b87fc196a99d!8m2!3d49.8978397!4d-97.1424705!16s%2Fg%2F1hc1sc1d1!19sChIJiWo_H1xx6lIRnamWwX-4s6k?authuser=0&hl=en&g_ep=EgoyMDI2MDgyNS4wIJJjKgBIAVAD&rclk=1
restaurants in Winnipeg,Damecca Lounge,,,+1 204-306-1130,None,https://www.google.com/maps/place/Damecca+Lounge/data=!4m7!3m6!1s0x52ea73768f3c31d5:0x9e259cdb870acb03!8m2!3d49.8836896!4d-97.203839!16s%2Fg%2F11nh4d991j!19sChIJ1TE8j3Zz6lIRA8sKh9ucJZ4?authuser=0&hl=en&g_ep=EgoyMDI2MDgyNS4wIJJjKgBIAVAD&rclk=1
restaurants in Winnipeg,Borgo Antico,info@borgoanticowpg.com,https://borgoanticowpg.com/,+1 204-942-3663,Tock,https://www.google.com/maps/place/Borgo+Antico/data=!4m7!3m6!1s0x52ea712bd92a429f:0x73b59e7e42dcc30!8m2!3d49.8973576!4d-97.1373598!16s%2Fg%2F11vd9x7zhx!19sChIJn0Iq2Stx6lIRMMwt5OdZOwc?authuser=0&hl=en&g_ep=EgoyMDI2MDgyNS4wIJJjKgBIAVAD&rclk=1
restaurants in Winnipeg,Le Petit Chef - Winnipeg,"bluemarble@lakeviewgrand.com, mail@lepetitchef.com",https://lepetitchef.com/en/winnipeg,+1 204-594-1967,Tock,https://www.google.com/maps/place/Le+Petit+Chef+-+Winnipeg/data=!4m7!3m6!1s0x52ea71ddb90a6dbd:0x27a2f8333df4fdf!8m2!3d49.9047923!4d-97.2251073!16s%2Fg%2F11vbl8dp1h!19sChIJvW0Kud1x6lIR30_fM4MvegI?authuser=0&hl=en&g_ep=EgoyMDI2MDgyNS4wIJJjKgBIAVAD&rclk=1
restaurants in Winnipeg,Feast Cafe Bistro,"catering@feastcafebistro.com, feastcafebistro@gmail.com, reservations@feastcafebistro.com",http://www.feastcafebistro.com/,+1 204-691-5979,None,https://www.google.com/maps/place/Feast+Cafe+Bistro/data=!4m7!3m6!1s0x52ea73e5a86e4e95:0xc1eda642f4a703a9!8m2!3d49.8931653!4d-97.1584979!16s%2Fg%2F11bxdsntqs!19sChIJlU5uqOVz6lIRqQOn9EKm7cE?authuser=0&hl=en&g_ep=EgoyMDI2MDgyNS4wIJJjKgBIAVAD&rclk=1
restaurants in Winnipeg,Copper Chimney,info@copperchimney.restaurant,https://copperchimney.co/menu-regent,+1 204-691-5777,None,https://www.google.com/maps/place/Copper+Chimney/data=!4m7!3m6!1s0x52ea71978b5f02dd:0xc3535ad63a58d377!8m2!3d49.8999613!4d-97.0691429!16s%2Fg%2F11k7my0sht!19sChIJ3QJfi5dx6lIRd9NYOtZaU8M?authuser=0&hl=en&g_ep=EgoyMDI2MDgyNS4wIJJjKgBIAVAD&rclk=1
restaurants in Winnipeg,Ashur restaurant,ashurwinnipeg@gmail.com,https://www.ashur.restaurant/,+1 204-275-3939,None,https://www.google.com/maps/place/Ashur+restaurant/data=!4m7!3m6!1s0x52ea75ea7e805547:0x1941d1b5a0a4754c!8m2!3d49.8651327!4d-97.1461018!16s%2Fg%2F11rgm1j9yc!19sChIJR1WAfup16lIRTHWkoLXRQRk?authuser=0&hl=en&g_ep=EgoyMDI2MDgyNS4wIJJjKgBIAVAD&rclk=1
restaurants in Winnipeg,Bistro on Notre Dame,admin@tobacentric.co,http://bistroonnotredame.com/,+1 204-691-1515,"Tock, ChowNow, OpenTable",https://www.google.com/maps/place/Bistro+on+Notre+Dame/data=!4m7!3m6!1s0x52ea73ee08b8089d:0xb95a29fb6ac97871!8m2!3d49.9024982!4d-97.1633388!16s%2Fg%2F11fqp8gxmd!19sChIJnQi4CO5z6lIRcXjJavspWrk?authuser=0&hl=en&g_ep=EgoyMDI2MDgyNS4wIJJjKgBIAVAD&rclk=1
restaurants in Winnipeg,Vida Cucina Italia,"privatedining@fortgarryhotel.com, vidacucinaitalia@fortgarryhotel.com",https://vidacucinaitalia.com/,+1 204-899-5721,"Tock, OpenTable",https://www.google.com/maps/place/Vida+Cucina+Italia/data=!4m7!3m6!1s0x52ea7151a21ac927:0x425ab2c2b6f5100c!8m2!3d49.8879884!4d-97.1367387!16s%2Fg%2F11l1y4pqr7!19sChIJJ8kaolFx6lIRDBD1tsKyWkI?authuser=0&hl=en&g_ep=EgoyMDI2MDgyNS4wIJJjKgBIAVAD&rclk=1
restaurants in Winnipeg,Block & Blade Restaurant and Bar,"info@blockandblade.ca, info@theblockandblade.net",https://www.blockandblade.ca/,+1 204-256-7625,"Tock, OpenTable",https://www.google.com/maps/place/Block+%26+Blade+Restaurant+and+Bar/data=!4m7!3m6!1s0x52ea7798dc01f199:0x1d2d7b246e10fb6f!8m2!3d49.8333991!4d-97.0458674!16s%2Fg%2F11jfj7ps3_!19sChIJmfEB3Jh36lIRb_sQbiR7LR0?authuser=0&hl=en&g_ep=EgoyMDI2MDgyNS4wIJJjKgBIAVAD&rclk=1
restaurants in Winnipeg,Kosmos Space Cowboy Food Cantina,,https://www.instagram.com/kosmosfoodcantina/?hl=en,,"Tock, Resy",https://www.google.com/maps/place/Kosmos+Space+Cowboy+Food+Cantina/data=!4m7!3m6!1s0x52ea718a2c55baed:0x51647bd820e87c6e!8m2!3d49.8824626!4d-97.1501065!16s%2Fg%2F11m_mymftf!19sChIJ7bpVLIpx6lIRbnzoINh7ZFE?authuser=0&hl=en&g_ep=EgoyMDI2MDgyNS4wIJJjKgBIAVAD&rclk=1
restaurants in Winnipeg,Earls Kitchen + Bar,,https://www.earls.ca/locations/polo-park,+1 204-975-1845,None,https://www.google.com/maps/place/Earls+Kitchen+%2B+Bar/data=!4m7!3m6!1s0x52ea7381f2aa91fb:0x637a835bbf82084c!8m2!3d49.88159!4d-97.197026!16s%2Fg%2F1tdd0b7k!19sChIJ-5Gq8oFz6lIRTAiCv1uDemM?authuser=0&hl=en&g_ep=EgoyMDI2MDgyNS4wIJJjKgBIAVAD&rclk=1
restaurants in Winnipeg,Petit Socco,,https://petitsoccowpg.ca/,,Tock,https://www.google.com/maps/place/Petit+Socco/data=!4m7!3m6!1s0x52ea7520ee537355:0xbf489fb147033d82!8m2!3d49.8702507!4d-97.1629246!16s%2Fg%2F11t59mqncq!19sChIJVXNT7iB16lIRgj0DR7GfSL8?authuser=0&hl=en&g_ep=EgoyMDI2MDgyNS4wIJJjKgBIAVAD&rclk=1
restaurants in Winnipeg,Bistro Dansk | Danish & European,bistrodansk63@gmail.com,http://www.bistrodansk.ca/,+1 204-775-5662,"Tock, OpenTable",https://www.google.com/maps/place/Bistro+Dansk+%7C+Danish+%26+European/data=!4m7!3m6!1s0x52ea73f7dda9bb0d:0xf67ac9475b5c1156!8m2!3d49.8806361!4d-97.1593389!16s%2Fg%2F1tjxf9pq!19sChIJDbup3fdz6lIRVhFcW0fJevY?authuser=0&hl=en&g_ep=EgoyMDI2MDgyNS4wIJJjKgBIAVAD&rclk=1
restaurants in Winnipeg,Stonework's Bistro,stoneworksbistro@shaw.ca,https://m.facebook.com/StoneworksBistro/,+1 204-504-2214,"Tock, Resy",https://www.google.com/maps/place/Stonework%27s+Bistro/data=!4m7!3m6!1s0x52ea71d6bef2fd3f:0x296e748bffc432bc!8m2!3d49.8946089!4d-97.1385818!16s%2Fg%2F11qbb42zwg!19sChIJP_3yvtZx6lIRvDLE_4t0bik?authuser=0&hl=en&g_ep=EgoyMDI2MDgyNS4wIJJjKgBIAVAD&rclk=1
restaurants in Winnipeg,Bonnie Day,hello@bonniedayisagoodidea.ca,http://www.bonniedayisagoodidea.ca/,+1 204-786-8411,"Tock, OpenTable",https://www.google.com/maps/place/Bonnie+Day/data=!4m7!3m6!1s0x52ea732f980997a3:0x6cd3aaa528a9a66b!8m2!3d49.8815865!4d-97.172559!16s%2Fg%2F11hzxmn2rz!19sChIJo5cJmC9z6lIRa6apKKWq02w?authuser=0&hl=en&g_ep=EgoyMDI2MDgyNS4wIJJjKgBIAVAD&rclk=1
restaurants in Winnipeg,JOEY Polo Park,"accessibility@joeyrestaurants.com, jpolopark@joeyrestaurants.com",https://joeyrestaurants.com/location/joey-polo-park,+1 204-339-5639,OpenTable,https://www.google.com/maps/place/JOEY+Polo+Park/data=!4m7!3m6!1s0x52ea737ebee9ecc1:0x77830477ecd79951!8m2!3d49.8816013!4d-97.2011837!16s%2Fg%2F1tjcp2sv!19sChIJwezpvn5z6lIRUZnX7HcEg3c?authuser=0&hl=en&g_ep=EgoyMDI2MDgyNS4wIJJjKgBIAVAD&rclk=1
restaurants in Winnipeg,Food Culture,foodculture645@gmail.com,https://food-culture-winnipeg.netlify.app/,+1 204-221-2985,None,https://www.google.com/maps/place/Food+Culture/data=!4m7!3m6!1s0x52ea75001224950f:0x38d68841c816dfdc!8m2!3d49.8423035!4d-97.2171995!16s%2Fg%2F11vz9txxn3!19sChIJD5UkEgB16lIR3N8WyEGI1jg?authuser=0&hl=en&g_ep=EgoyMDI2MDgyNS4wIJJjKgBIAVAD&rclk=1
restaurants in Winnipeg,Shirley's | Restaurant & Gourmet Grocery,hello@welcometoshirleys.com,https://welcometoshirleys.com/,+1 204-284-0931,"Tock, OpenTable",https://www.google.com/maps/place/Shirley%27s+%7C+Restaurant+%26+Gourmet+Grocery/data=!4m7!3m6!1s0x52ea75985cb024b1:0x73eac85eef8f428f!8m2!3d49.8778604!4d-97.145739!16s%2Fg%2F11w_w8xk42!19sChIJsSSwXJh16lIRj0KP717I6nM?authuser=0&hl=en&g_ep=EgoyMDI2MDgyNS4wIJJjKgBIAVAD&rclk=1
restaurants in Winnipeg,Miss Christine's Kitchen,"misschristineskitchen@gmail.com, you@email.com",http://misschristineskitchen.ca/,+1 204-698-1546,Tock,https://www.google.com/maps/place/Miss+Christine%27s+Kitchen/data=!4m7!3m6!1s0x52ea77177f0042d7:0x70f44957ea7e792!8m2!3d49.8932255!4d-97.1721783!16s%2Fg%2F11j8pdtfw5!19sChIJ10IAfxd36lIRkuenfpVEDwc?authuser=0&hl=en&g_ep=EgoyMDI2MDgyNS4wIJJjKgBIAVAD&rclk=1
restaurants in Winnipeg,Juneberry,info@juneberrywpg.ca,http://www.juneberrywpg.ca/,+1 204-306-8838,"Tock, Toast, OpenTable",https://www.google.com/maps/place/Juneberry/data=!4m7!3m6!1s0x52ea77877c35a7b5:0xc241d87c07fc607b!8m2!3d49.8669357!4d-97.1104965!16s%2Fg%2F11j5jxhc6r!19sChIJtac1fId36lIRe2D8B3zYQcI?authuser=0&hl=en&g_ep=EgoyMDI2MDgyNS4wIJJjKgBIAVAD&rclk=1
restaurants in Winnipeg,Buvette,,https://www.buvette.today/,,None,https://www.google.com/maps/place/Buvette/data=!4m7!3m6!1s0x52ea779eebc12b39:0x9a47f4b1490db536!8m2!3d49.8794776!4d-97.1409361!16s%2Fg%2F11sx28crh2!19sChIJOSvB65536lIRNrUNSbH0R5o?authuser=0&hl=en&g_ep=EgoyMDI2MDgyNS4wIJJjKgBIAVAD&rclk=1
restaurants in Winnipeg,The Getaway Cafe,info@getawaycafe.ca,https://getawaycafe.ca/,+1 204-228-9798,None,https://www.google.com/maps/place/The+Getaway+Cafe/data=!4m7!3m6!1s0x52ea776d0a724d59:0xd3372ab456bb46ea!8m2!3d49.8105862!4d-97.0954027!16s%2Fg%2F11sx04jw6v!19sChIJWU1yCm136lIR6ka7VrQqN9M?authuser=0&hl=en&g_ep=EgoyMDI2MDgyNS4wIJJjKgBIAVAD&rclk=1
restaurants in Winnipeg,Sous Sol,"heymonsieurdeejay@soussolosborne.com, monsieur@soussolosborne.com",http://www.soussolosborne.com/,+1 431-570-2480,TableAgent,https://www.google.com/maps/place/Sous+Sol/data=!4m7!3m6!1s0x52ea76a9f3ea4b59:0x9751f5779d8ac4d6!8m2!3d49.875739!4d-97.1423497!16s%2Fg%2F11cjp8wlty!19sChIJWUvq86l26lIR1sSKnXf1UZc?authuser=0&hl=en&g_ep=EgoyMDI2MDgyNS4wIJJjKgBIAVAD&rclk=1
restaurants in Winnipeg,Nola,mgmt@nolawpg.com,http://www.nolawpg.com/,+1 204-505-0760,"Tock, OpenTable",https://www.google.com/maps/place/Nola/data=!4m7!3m6!1s0x52ea771b3437051f:0xc2fd88f3bff47c8b!8m2!3d49.8812417!4d-97.1231998!16s%2Fg%2F11p18jstm0!19sChIJHwU3NBt36lIRi3z0v_OI_cI?authuser=0&hl=en&g_ep=EgoyMDI2MDgyNS4wIJJjKgBIAVAD&rclk=1
restaurants in Winnipeg,Aroma Bistro,,https://aromabistro741.com/,+1 204-691-6364,None,https://www.google.com/maps/place/Aroma+Bistro/data=!4m7!3m6!1s0x52ea77c3d692222d:0xe55b08fda66b8c1d!8m2!3d49.8548589!4d-97.1115218!16s%2Fg%2F11h8_72kmj!19sChIJLSKS1sN36lIRHYxrpv0IW-U?authuser=0&hl=en&g_ep=EgoyMDI2MDgyNS4wIJJjKgBIAVAD&rclk=1
restaurants in Winnipeg,JOEY Kenaston,"accessibility@joeyrestaurants.com, jkenaston@joeyrestaurants.com",https://joeyrestaurants.com/location/joey-kenaston,+1 204-477-5639,OpenTable,https://www.google.com/maps/place/JOEY+Kenaston/data=!4m7!3m6!1s0x52ea7518272a6a63:0xd6151fdf39092ea6!8m2!3d49.8253061!4d-97.2062711!16s%2Fg%2F1tfgjgrb!19sChIJY2oqJxh16lIRpi4JOd8fFdY?authuser=0&hl=en&g_ep=EgoyMDI2MDgyNS4wIJJjKgBIAVAD&rclk=1
restaurants in Winnipeg,TuckOut,,https://www.tuckout.ca/,+1 431-275-5765,None,https://www.google.com/maps/place/TuckOut/data=!4m7!3m6!1s0x52ea75ccc0b34133:0x2d7aead818e6108d!8m2!3d49.8361915!4d-97.2067575!16s%2Fg%2F11wpq1zlf2!19sChIJM0GzwMx16lIRjRDmGNjqei0?authuser=0&hl=en&g_ep=EgoyMDI2MDgyNS4wIJJjKgBIAVAD&rclk=1
restaurants in Winnipeg,Hello Asian Fusion,,https://852hello.wixsite.com/hello-asian-fusion,+1 204-221-8001,None,https://www.google.com/maps/place/Hello+Asian+Fusion/data=!4m7!3m6!1s0x52ea757e164faf91:0x2bd8bec35d5aacf7!8m2!3d49.8708421!4d-97.1535657!16s%2Fg%2F11kp_qmqgt!19sChIJka9PFn516lIR96xaXcO-2Cs?authuser=0&hl=en&g_ep=EgoyMDI2MDgyNS4wIJJjKgBIAVAD&rclk=1
restaurants in Winnipeg,Cibo Waterfront Cafe,kfredrickson@cibocafe.ca,http://www.cibowaterfrontcafe.com/,+1 204-594-0339,Tock,https://www.google.com/maps/place/Cibo+Waterfront+Cafe/data=!4m7!3m6!1s0x52ea7145a39e16b1:0x4b5e6b844508b352!8m2!3d49.8988076!4d-97.1319615!16s%2Fg%2F1ptwvw5q8!19sChIJsRaeo0Vx6lIRUrMIRYRrXks?authuser=0&hl=en&g_ep=EgoyMDI2MDgyNS4wIJJjKgBIAVAD&rclk=1
restaurants in Winnipeg,529 Wellington Steakhouse,529ops@wowhospitality.com,http://529wellington.ca/,+1 204-487-8325,OpenTable,https://www.google.com/maps/place/529+Wellington+Steakhouse/data=!4m7!3m6!1s0x52ea740948576d1d:0xe441a6a218c044ae!8m2!3d49.876567!4d-97.1613251!16s%2Fg%2F1tf6lw4_!19sChIJHW1XSAl06lIRrkTAGKKmQeQ?authuser=0&hl=en&g_ep=EgoyMDI2MDgyNS4wIJJjKgBIAVAD&rclk=1
restaurants in Winnipeg,La Brasserie Nonsuch Brewing Co,"reece@nonsuch.beer, sales@nonsuch.beer, hello@nonsuch.beer, shop@nonsuch.beer, taproom@nonsuch.beer, events@nonsuch.beer",http://www.nonsuch.beer/,+1 204-666-7824,"Tock, OpenTable",https://www.google.com/maps/place/La+Brasserie+Nonsuch+Brewing+Co/data=!4m7!3m6!1s0x52ea71b4c9525e77:0x5acd4a79f41cd2ae!8m2!3d49.9004109!4d-97.1340129!16s%2Fg%2F11g0lc9lfy!19sChIJd15SybRx6lIRrtIc9HlKzVo?authuser=0&hl=en&g_ep=EgoyMDI2MDgyNS4wIJJjKgBIAVAD&rclk=1
restaurants in Winnipeg,Tavern on King Edward,winnipeg@thetaverncollective.com,https://www.thetaverncollective.com/locations/winnipeg/,+1 204-594-5852,OpenTable,https://www.google.com/maps/place/Tavern+on+King+Edward/data=!4m7!3m6!1s0x52ea73f4229d1009:0x9cbdc69f6a8de3ff!8m2!3d49.8975656!4d-97.2059955!16s%2Fg%2F11ycy_1xcv!19sChIJCRCdIvRz6lIR_-ONap_GvZw?authuser=0&hl=en&g_ep=EgoyMDI2MDgyNS4wIJJjKgBIAVAD&rclk=1
restaurants in Winnipeg,Inferno's Bistro | French,info@infernosbistro.com,http://www.infernosbistro.com/,+1 204-262-7400,None,https://www.google.com/maps/place/Inferno%27s+Bistro+%7C+French/data=!4m7!3m6!1s0x52ea76ccc2d32087:0x7d6d278f0e412722!8m2!3d49.8821232!4d-97.1106973!16s%2Fg%2F1vcjlxk2!19sChIJhyDTwsx26lIRIidBDo8nbX0?authuser=0&hl=en&g_ep=EgoyMDI2MDgyNS4wIJJjKgBIAVAD&rclk=1
restaurants in Winnipeg,Peasant Cookery,peasant@wowhospitality.com,http://www.peasantcookery.ca/,+1 204-989-7700,"Tock, OpenTable",https://www.google.com/maps/place/Peasant+Cookery/data=!4m7!3m6!1s0x52ea715c46b755e1:0x6279f1486deca5bb!8m2!3d49.8984483!4d-97.1412749!16s%2Fg%2F1tg7rp4w!19sChIJ4VW3Rlxx6lIRu6XsbUjxeWI?authuser=0&hl=en&g_ep=EgoyMDI2MDgyNS4wIJJjKgBIAVAD&rclk=1
hotels in Winnipeg,Holiday Inn Express Winnipeg Airport - Polo Park,,https://www.ihg.com/holidayinnexpress/hotels/us/en/winnipeg/ywgwi/hoteldetail?cm_mmc=GoogleMaps-_-EX-_-CA-_-YWGWI,+1 204-775-5055,None,https://www.google.com/maps/place/Holiday+Inn+Express+Winnipeg+Airport+-+Polo+Park/data=!4m10!3m9!1s0x52ea73746a2551a3:0x33a76b6ee8721d6e!5m2!4m1!1i2!8m2!3d49.893953!4d-97.2053483!16s%2Fg%2F1wk7qj6b!19sChIJo1ElanRz6lIRbh1y6G5rpzM?authuser=0&hl=en&g_ep=EgoyMDI2MDgyNS4wIJJjKgBIAVAD&rclk=1
hotels in Winnipeg,Hyatt House Winnipeg-South/Outlet Collection,,https://www.hyatt.com/hyatt-house/en-US/ywgxw-hyatt-house-winnipeg-south-outlet-collection?src=corp_lclb_google_seo_ywgxw&utm_source=google&utm_medium=organic&utm_campaign=lmr,+1 204-888-8893,None,https://www.google.com/maps/place/Hyatt+House+Winnipeg-South%2FOutlet+Collection/data=!4m10!3m9!1s0x52ea750f2a54c7f7:0xebde9c01e2e20893!5m2!4m1!1i2!8m2!3d49.8423975!4d-97.2217652!16s%2Fg%2F11j0s1rmh3!19sChIJ98dUKg916lIRkwji4gGc3us?authuser=0&hl=en&g_ep=EgoyMDI2MDgyNS4wIJJjKgBIAVAD&rclk=1
hotels in Winnipeg,Best Western Plus Pembina Inn & Suites,,https://www.bestwestern.com/en_US/book/hotel-rooms.63012.html?iata=00171880&ssob=BLBWI0004G&cid=BLBWI0004G:google:gmb:63012,+1 204-269-8888,None,https://www.google.com/maps/place/Best+Western+Plus+Pembina+Inn+%26+Suites/data=!4m10!3m9!1s0x52ea75c61461834f:0x4729a96b368e2fcb!5m2!4m1!1i2!8m2!3d49.8279505!4d-97.1513291!16s%2Fg%2F1v5k2nzn!19sChIJT4NhFMZ16lIRyy-ONmupKUc?authuser=0&hl=en&g_ep=EgoyMDI2MDgyNS4wIJJjKgBIAVAD&rclk=1
hotels in Winnipeg,"Humphry Inn & Suites, Downtown Winnipeg",reservations@humphryinn.com,http://www.humphryinn.com/,+1 204-942-4222,Tock,"https://www.google.com/maps/place/Humphry+Inn+%26+Suites,+Downtown+Winnipeg/data=!4m10!3m9!1s0x52ea715a99431139:0xecf6bfdd43c6f107!5m2!4m1!1i2!8m2!3d49.8922253!4d-97.1369345!16s%2Fg%2F1vg6td53!19sChIJORFDmVpx6lIRB_HGQ92_9uw?authuser=0&hl=en&g_ep=EgoyMDI2MDgyNS4wIJJjKgBIAVAD&rclk=1"
hotels in Winnipeg,Super 8 by Wyndham Winnipeg East MB,accessibility@wyndham.com,https://www.wyndhamhotels.com/super-8/winnipeg-manitoba/super-8-winnipeg-east-mb/overview?CID=LC:yytq4fvvehxh7se:3393&iata=00093796,+1 204-818-3087,None,https://www.google.com/maps/place/Super+8+by+Wyndham+Winnipeg+East+MB/data=!4m10!3m9!1s0x52ea777d330eecff:0x20ccd2b4a7640c96!5m2!4m1!1i2!8m2!3d49.8569066!4d-97.0412094!16s%2Fg%2F1vn_ym9w!19sChIJ_-wOM3136lIRlgxkp7TSzCA?authuser=0&hl=en&g_ep=EgoyMDI2MDgyNS4wIJJjKgBIAVAD&rclk=1
hotels in Winnipeg,Holiday Inn & Suites Winnipeg-Downtown by IHG,,https://www.ihg.com/redirect?path=hd&localeCode=en&brandCode=HI&regionCode=CA&hotelCode=YWGCS&cm_mmc=GoogleMaps-_-HI-_-CA-_-YWGCS,+1 204-786-7011,None,https://www.google.com/maps/place/Holiday+Inn+%26+Suites+Winnipeg-Downtown+by+IHG/data=!4m10!3m9!1s0x52ea73e32e95bd35:0x9da1b43d7634b190!5m2!4m1!1i2!8m2!3d49.8912124!4d-97.1513822!16s%2Fg%2F1vyk24_d!19sChIJNb2VLuNz6lIRkLE0dj20oZ0?authuser=0&hl=en&g_ep=EgoyMDI2MDgyNS4wIJJjKgBIAVAD&rclk=1
hotels in Winnipeg,"Lakeview Signature, Trademark Collection by Wyndham",accessibility@wyndham.com,http://lakeviewtrademark.com/winnipeg?CID=LC:4d7auublw4ufaga:54324&iata=00093796,+1 204-977-8463,None,"https://www.google.com/maps/place/Lakeview+Signature,+Trademark+Collection+by+Wyndham/data=!4m10!3m9!1s0x52ea73164c07ec93:0x7188bad0fdbdd05d!5m2!4m1!1i2!8m2!3d49.9040236!4d-97.2255917!16s%2Fg%2F11jfdbyj00!19sChIJk-wHTBZz6lIRXdC9_dC6iHE?authuser=0&hl=en&g_ep=EgoyMDI2MDgyNS4wIJJjKgBIAVAD&rclk=1"
hotels in Winnipeg,Travelodge by Wyndham Winnipeg East,"accessibility@wyndham.com, suzannec@wpghotel.ca",https://www.wyndhamhotels.com/en-ca/travelodge/winnipeg-manitoba/travelodge-winnipeg-east/overview?CID=LC:TL::GGL:RIO:National:09683&iata=00093796,+1 204-255-6000,None,https://www.google.com/maps/place/Travelodge+by+Wyndham+Winnipeg+East/data=!4m10!3m9!1s0x52ea77342e2dfa6d:0xa7579e3f7f7f9ea7!5m2!4m1!1i2!8m2!3d49.8560878!4d-97.100722!16s%2Fg%2F1vxdxynn!19sChIJbfotLjR36lIRp55_fz-eV6c?authuser=0&hl=en&g_ep=EgoyMDI2MDgyNS4wIJJjKgBIAVAD&rclk=1
hotels in Winnipeg,Wyndham Garden Winnipeg Airport,accessibility@wyndham.com,https://www.wyndhamhotels.com/wyndham-garden/winnipeg-manitoba/wyndham-garden-winnipeg-airport/overview?CID=LC:46q62bu8edfbx3y:54307&iata=00093796,+1 431-441-7021,None,https://www.google.com/maps/place/Wyndham+Garden+Winnipeg+Airport/data=!4m10!3m9!1s0x52ea73e489c509ef:0x4e25d97fc724073b!5m2!4m1!1i2!8m2!3d49.8889575!4d-97.2043701!16s%2Fg%2F11s3xry608!19sChIJ7wnFieRz6lIROwckx3_ZJU4?authuser=0&hl=en&g_ep=EgoyMDI2MDgyNS4wIJJjKgBIAVAD&rclk=1
hotels in Winnipeg,Days Inn & Suites by Wyndham Winnipeg Airport Manitoba,accessibility@wyndham.com,https://www.wyndhamhotels.com/en-ca/days-inn/winnipeg-manitoba/days-inn-winnipeg-airport-manitoba/overview?CID=LC:iqv0j1dklijly45:45997&iata=00093796,+1 204-809-4180,None,https://www.google.com/maps/place/Days+Inn+%26+Suites+by+Wyndham+Winnipeg+Airport+Manitoba/data=!4m10!3m9!1s0x52ea73732c879d21:0xc3a096c72305bb7!5m2!4m1!1i2!8m2!3d49.8976188!4d-97.2091577!16s%2Fg%2F12hs1ksmn!19sChIJIZ2HLHNz6lIRt1swcmwJOgw?authuser=0&hl=en&g_ep=EgoyMDI2MDgyNS4wIJJjKgBIAVAD&rclk=1
hotels in Winnipeg,"The Fort Garry Hotel, Spa and Conference Centre",reservations@fortgarryhotel.com,http://www.fortgarryhotel.com/,+1 800-665-8088,OpenTable,"https://www.google.com/maps/place/The+Fort+Garry+Hotel,+Spa+and+Conference+Centre/data=!4m10!3m9!1s0x52ea7151390c6647:0x4813194b5955744!5m2!4m1!1i2!8m2!3d49.8879446!4d-97.1367691!16zL20vMDhteXJi!19sChIJR2YMOVFx6lIRRFeVtZQxgQQ?authuser=0&hl=en&g_ep=EgoyMDI2MDgyNS4wIJJjKgBIAVAD&rclk=1"
hotels in Winnipeg,Best Western Plus Winnipeg Airport Hotel,,https://www.bestwestern.com/en_US/book/hotel-rooms.63017.html?iata=00171880&ssob=BLBWI0004G&cid=BLBWI0004G:google:gmb:63017,+1 204-775-9889,None,https://www.google.com/maps/place/Best+Western+Plus+Winnipeg+Airport+Hotel/data=!4m10!3m9!1s0x52ea730a3ebffbf3:0x235683fdca065409!5m2!4m1!1i2!8m2!3d49.902137!4d-97.203487!16s%2Fg%2F1yh9tpwky!19sChIJ8_u_Pgpz6lIRCVQGyv2DViM?authuser=0&hl=en&g_ep=EgoyMDI2MDgyNS4wIJJjKgBIAVAD&rclk=1
hotels in Winnipeg,St. Norbert Hotel,luciano@latinotype.com,http://www.stnorberthotel.com/,+1 204-269-1290,None,https://www.google.com/maps/place/St.+Norbert+Hotel/data=!4m10!3m9!1s0x52c1df1ace457f53:0x21ed99079fe3bcd1!5m2!4m1!1i2!8m2!3d49.7655556!4d-97.1533333!16s%2Fg%2F1tk9qf0b!19sChIJU39FzhrfwVIR0bzjnweZ7SE?authuser=0&hl=en&g_ep=EgoyMDI2MDgyNS4wIJJjKgBIAVAD&rclk=1
hotels in Winnipeg,Inn at the Forks,info@innforks.com,https://www.innforks.com/?utm_source=google&utm_medium=googlesearch,+1 204-942-6555,"Tock, TheFork",https://www.google.com/maps/place/Inn+at+the+Forks/data=!4m10!3m9!1s0x52ea714e9bd5d781:0x9c8b7ed979d7824f!5m2!4m1!1i2!8m2!3d49.8878859!4d-97.1295706!16s%2Fg%2F1td003_w!19sChIJgdfVm05x6lIRT4LXedl-i5w?authuser=0&hl=en&g_ep=EgoyMDI2MDgyNS4wIJJjKgBIAVAD&rclk=1
hotels in Winnipeg,Canad Inns Destination Centre Club Regent Casino Hotel,,https://www.canadinns.com/stay/club-regent-casino-hotel/,+1 204-667-5560,None,https://www.google.com/maps/place/Canad+Inns+Destination+Centre+Club+Regent+Casino+Hotel/data=!4m10!3m9!1s0x52ea7a062d759ea7:0x4f378e38e01dc5c9!5m2!4m1!1i2!8m2!3d49.8969926!4d-97.0433482!16s%2Fg%2F1hhvp0mv3!19sChIJp551LQZ66lIRycUd4DiON08?authuser=0&hl=en&g_ep=EgoyMDI2MDgyNS4wIJJjKgBIAVAD&rclk=1
hotels in Winnipeg,Canad Inns Destination Centre Garden City,,https://www.canadinns.com/stay/garden-city/,+1 204-633-0024,Tock,https://www.google.com/maps/place/Canad+Inns+Destination+Centre+Garden+City/data=!4m10!3m9!1s0x52ea71f3ec8955b1:0x63001d1b7c9da192!5m2!4m1!1i2!8m2!3d49.9465177!4d-97.1550593!16s%2Fg%2F1tqt9b0c!19sChIJsVWJ7PNx6lIRkqGdfBsdAGM?authuser=0&hl=en&g_ep=EgoyMDI2MDgyNS4wIJJjKgBIAVAD&rclk=1
hotels in Winnipeg,Grand Royal Legacy Hotel,"%20customer.service@grandroyallegacy.com, customer.service@grandroyallegacy.com",https://grandroyallegacy.ca/,+1 204-415-5899,None,https://www.google.com/maps/place/Grand+Royal+Legacy+Hotel/data=!4m10!3m9!1s0x52ea73c19cf8d4db:0x7d2922fe44c9e28e!5m2!4m1!1i2!8m2!3d49.9068091!4d-97.1718417!16s%2Fg%2F11f61tdrtl!19sChIJ29T4nMFz6lIRjuLJRP4iKX0?authuser=0&hl=en&g_ep=EgoyMDI2MDgyNS4wIJJjKgBIAVAD&rclk=1
hotels in Winnipeg,Queen Bee Hotel,reservation@queenbeehotel.com,http://www.queenbeehotel.com/,+1 204-269-4666,Tock,https://www.google.com/maps/place/Queen+Bee+Hotel/data=!4m10!3m9!1s0x52c1df62715bbb9f:0xf1e703b78e2cdc26!5m2!4m1!1i2!8m2!3d49.797676!4d-97.1580505!16s%2Fg%2F1tfqfftw!19sChIJn7tbcWLfwVIRJtwsjrcD5_E?authuser=0&hl=en&g_ep=EgoyMDI2MDgyNS4wIJJjKgBIAVAD&rclk=1
hotels in Winnipeg,Canad Inns Destination Centre Windsor Park,,https://www.canadinns.com/stay/windsor-park/,+1 204-253-2641,Tock,https://www.google.com/maps/place/Canad+Inns+Destination+Centre+Windsor+Park/data=!4m10!3m9!1s0x52ea773be4100603:0x7e951730b871187e!5m2!4m1!1i2!8m2!3d49.8704607!4d-97.0730699!16s%2Fg%2F1tflxk5k!19sChIJAwYQ5Dt36lIRfhhxuDAXlX4?authuser=0&hl=en&g_ep=EgoyMDI2MDgyNS4wIJJjKgBIAVAD&rclk=1
hotels in Winnipeg,Holiday Inn Express Winnipeg Airport - Polo Park,,https://www.ihg.com/holidayinnexpress/hotels/us/en/winnipeg/ywgwi/hoteldetail?cm_mmc=GoogleMaps-_-EX-_-CA-_-YWGWI,+1 204-775-5055,None,https://www.google.com/maps/place/Holiday+Inn+Express+Winnipeg+Airport+-+Polo+Park/data=!4m10!3m9!1s0x52ea73740ccf94a9:0x33a76b6ee8721d6e!5m2!4m1!1i2!8m2!3d49.893953!4d-97.205348!16s%2Fg%2F1wk7qj6b!19sChIJqZTPDHRz6lIRbh1y6G5rpzM?authuser=0&hl=en&g_ep=EgoyMDI2MDgyNS4wIJJjKgBIAVAD&rclk=1
hotels in Winnipeg,Canad Inns Destination Centre Polo Park,,https://www.canadinns.com/stay/polo-park/,+1 204-775-8791,Tock,https://www.google.com/maps/place/Canad+Inns+Destination+Centre+Polo+Park/data=!4m10!3m9!1s0x52ea739c5ff9826d:0x399c928436ac7483!5m2!4m1!1i2!8m2!3d49.8917541!4d-97.1946334!16s%2Fg%2F1tfd218l!19sChIJbYL5X5xz6lIRg3SsNoSSnDk?authuser=0&hl=en&g_ep=EgoyMDI2MDgyNS4wIJJjKgBIAVAD&rclk=1
hotels in Winnipeg,Travelodge by Wyndham Winnipeg Airport West,accessibility@wyndham.com,https://www.wyndhamhotels.com/travelodge/winnipeg-manitoba/travelodge-winnipeg-airport-west/overview?CID=LC:fkqqcjhla7b6gbb:60474&iata=00093796,+1 204-888-4806,None,https://www.google.com/maps/place/Travelodge+by+Wyndham+Winnipeg+Airport+West/data=!4m10!3m9!1s0x52ea73a55138e139:0x2f06cf6898082848!5m2!4m1!1i2!8m2!3d49.8788321!4d-97.2261054!16s%2Fg%2F11yyctk_7j!19sChIJOeE4UaVz6lIRSCgImGjPBi8?authuser=0&hl=en&g_ep=EgoyMDI2MDgyNS4wIJJjKgBIAVAD&rclk=1
hotels in Winnipeg,"Birchwood Inn, BW Premier Collection",,https://www.bestwestern.com/en_US/book/hotel-rooms.63023.html?iata=00171880&ssob=BLBWI0004G&cid=BLBWI0004G:google:gmb:63023,+1 204-885-4478,None,"https://www.google.com/maps/place/Birchwood+Inn,+BW+Premier+Collection/data=!4m10!3m9!1s0x52ea0ca7e188a5a5:0x5206d43f9869dcf8!5m2!4m1!1i2!8m2!3d49.8745304!4d-97.2593602!16s%2Fg%2F1tf9y20v!19sChIJpaWI4acM6lIR-NxpmD_UBlI?authuser=0&hl=en&g_ep=EgoyMDI2MDgyNS4wIJJjKgBIAVAD&rclk=1"
hotels in Winnipeg,Assiniboine Gordon Inn on the Park,"emailinfo@assiniboineinn.mb.ca, info@assiniboineinn.mb.ca",https://assiniboinegordonhotel.ca/,+1 204-888-4806,None,https://www.google.com/maps/place/Assiniboine+Gordon+Inn+on+the+Park/data=!4m10!3m9!1s0x52ea735edfe021f1:0x48c0864e28c16fe2!5m2!4m1!1i2!8m2!3d49.8788604!4d-97.2261199!16s%2Fg%2F1th1tq3w!19sChIJ8SHg315z6lIR4m_BKE6GwEg?authuser=0&hl=en&g_ep=EgoyMDI2MDgyNS4wIJJjKgBIAVAD&rclk=1
hotels in Winnipeg,Comfort Inn Winnipeg South,,https://www.choicehotels.com/manitoba/winnipeg/comfort-inn-hotels/cn354?mc=llrscncn&pmf=canada,+1 204-269-7390,None,https://www.google.com/maps/place/Comfort+Inn+Winnipeg+South/data=!4m10!3m9!1s0x52ea7316dceb6efd:0x229701d3f9467db1!5m2!4m1!1i2!8m2!3d49.7790588!4d-97.1578723!16s%2Fg%2F1tczvlcn!19sChIJ_W7r3BZz6lIRsX1G-dMBlyI?authuser=0&hl=en&g_ep=EgoyMDI2MDgyNS4wIJJjKgBIAVAD&rclk=1
hotels in Winnipeg,Alt Hotel Winnipeg,"reservations.legermainquebec@germainhotels.com, sales.altwinnipeg@germainhotels.com, reservations.altmontreal@germainhotels.com, reservations.altottawa@germainhotels.com, reservations.altdix30@germainhotels.com, reservations.winnipeg@althotels.ca, reservations.altwinnipeg@germainhotels.com, reservations.legermaincalgary@germainhotels.com, dsurtees@germainhotels.com, reservations.altstjohns@germainhotels.com, reservations.alttorontoairport@germainhotels.com, reservations.altsaskatoon@germainhotels.com, reservations.legermaintorontomlsq@germainhotels.com, reservations.althalifax@germainhotels.com, reservations.legermainottawa@germainhotels.com, reservations.altquebec@germainhotels.com, reservations.altcalgaryeastvillage@germainhotels.com, reservations.altcalgaryuniversitydistrict@germainhotels.com, reservations.legermaincharlevoix@germainhotels.com, reservations.legermaintorontomercer@germainhotels.com, reservations.escaddix30@germainhotels.com, reservations.legermainmontreal@germainhotels.com",https://www.germainhotels.com/en/alt-hotel/winnipeg,+1 431-800-4279,"TheFork, OpenTable",https://www.google.com/maps/place/Alt+Hotel+Winnipeg/data=!4m10!3m9!1s0x52ea71590967dc4f:0x21f23a7095f9fe99!5m2!4m1!1i2!8m2!3d49.8941292!4d-97.1439171!16s%2Fg%2F11bcclrx2g!19sChIJT9xnCVlx6lIRmf75lXA68iE?authuser=0&hl=en&g_ep=EgoyMDI2MDgyNS4wIJJjKgBIAVAD&rclk=1
hotels in Winnipeg,Holiday Inn & Suites Winnipeg-Downtown by IHG,,https://www.ihg.com/redirect?path=hd&localeCode=en&brandCode=HI&regionCode=CA&hotelCode=YWGCS&cm_mmc=GoogleMaps-_-HI-_-CA-_-YWGCS,+1 204-786-7011,None,https://www.google.com/maps/place/Holiday+Inn+%26+Suites+Winnipeg-Downtown+by+IHG/data=!4m10!3m9!1s0x52ea73e32c2b1075:0x9da1b43d7634b190!5m2!4m1!1i2!8m2!3d49.891212!4d-97.151382!16s%2Fg%2F1vyk24_d!19sChIJdRArLONz6lIRkLE0dj20oZ0?authuser=0&hl=en&g_ep=EgoyMDI2MDgyNS4wIJJjKgBIAVAD&rclk=1
hotels in Winnipeg,Best Western Premier Winnipeg East,reservations@bwpremierwinnipeg.com,https://www.bestwesternpremierwinnipeg.com/,+1 204-416-1920,"Tock, Toast",https://www.google.com/maps/place/Best+Western+Premier+Winnipeg+East/data=!4m10!3m9!1s0x52ea7bc314e561c9:0x5fd0f4681023f6b5!5m2!4m1!1i2!8m2!3d49.89437!4d-97.0323901!16s%2Fg%2F11fm3v8826!19sChIJyWHlFMN76lIRtfYjEGj00F8?authuser=0&hl=en&g_ep=EgoyMDI2MDgyNS4wIJJjKgBIAVAD&rclk=1
hotels in Winnipeg,Winnipeg Holiday,,,+1 204-960-6516,None,https://www.google.com/maps/place/Winnipeg+Holiday/data=!4m10!3m9!1s0x52ea73be016ab123:0x29ae929b1119604a!5m2!4m1!1i2!8m2!3d49.8830602!4d-97.1611867!16s%2Fg%2F11fkn4m319!19sChIJI7FqAb5z6lIRSmAZEZuSrik?authuser=0&hl=en&g_ep=EgoyMDI2MDgyNS4wIJJjKgBIAVAD&rclk=1
hotels in Winnipeg,Holiday Inn Winnipeg-South by IHG,,https://www.ihg.com/holidayinn/hotels/us/en/winnipeg/ywgso/hoteldetail?cm_mmc=GoogleMaps-_-HI-_-CA-_-YWGSO,+1 204-452-4747,None,https://www.google.com/maps/place/Holiday+Inn+Winnipeg-South+by+IHG/data=!4m10!3m9!1s0x52ea743369ec7559:0x4c17886511974f6!5m2!4m1!1i2!8m2!3d49.8407091!4d-97.1520966!16s%2Fg%2F1tjmd9s6!19sChIJWXXsaTN06lIR9nQZUYZ4wQQ?authuser=0&hl=en&g_ep=EgoyMDI2MDgyNS4wIJJjKgBIAVAD&rclk=1
hotels in Winnipeg,Hotel Royal Plaza,,http://www.hotelroyalplaza.ca/,+1 204-783-3000,None,https://www.google.com/maps/place/Hotel+Royal+Plaza/data=!4m10!3m9!1s0x52ea73e28a08b4f7:0x5e677dcfb84b58e6!5m2!4m1!1i2!8m2!3d49.8937334!4d-97.1495963!16s%2Fg%2F12qgf8vgb!19sChIJ97QIiuJz6lIR5lhLuM99Z14?authuser=0&hl=en&g_ep=EgoyMDI2MDgyNS4wIJJjKgBIAVAD&rclk=1
hotels in Winnipeg,Four Points by Sheraton Winnipeg South,,https://www.marriott.com/en-us/hotels/ywgwf-four-points-winnipeg-south/overview/?scid=f2ae0541-1279-4f24-b197-a979c79310b0,+1 204-275-7711,None,https://www.google.com/maps/place/Four+Points+by+Sheraton+Winnipeg+South/data=!4m10!3m9!1s0x52c1df6f925b7509:0xb2df7c1e837634ff!5m2!4m1!1i2!8m2!3d49.7866734!4d-97.158209!16s%2Fg%2F1tlc7qn8!19sChIJCXVbkm_fwVIR_zR2gx5837I?authuser=0&hl=en&g_ep=EgoyMDI2MDgyNS4wIJJjKgBIAVAD&rclk=1
hotels in Winnipeg,"Country Inn & Suites by Radisson, Winnipeg, MB",,https://www.choicehotels.com/manitoba/winnipeg/country-inn-suites-hotels/cnb47?mc=llgoxxpx,+1 204-783-6900,None,"https://www.google.com/maps/place/Country+Inn+%26+Suites+by+Radisson,+Winnipeg,+MB/data=!4m10!3m9!1s0x52ea730ca1c403c9:0x473707af53316f6a!5m2!4m1!1i2!8m2!3d49.8998842!4d-97.2078277!16s%2Fg%2F1tk_jc8_!19sChIJyQPEoQxz6lIRam8xU68HN0c?authuser=0&hl=en&g_ep=EgoyMDI2MDgyNS4wIJJjKgBIAVAD&rclk=1"
hotels in Winnipeg,Viscount Gort Hotel,info@viscount-gort.com,http://www.viscount-gort.com/,+1 204-775-0451,Tock,https://www.google.com/maps/place/Viscount+Gort+Hotel/data=!4m10!3m9!1s0x52ea737dcbb6efd7:0x120428a69af2cdab!5m2!4m1!1i2!8m2!3d49.879239!4d-97.203714!16s%2Fg%2F1tfl99jx!19sChIJ1--2y31z6lIRq83ymqYoBBI?authuser=0&hl=en&g_ep=EgoyMDI2MDgyNS4wIJJjKgBIAVAD&rclk=1
hotels in Winnipeg,Hampton Inn by Hilton Winnipeg Downtown,,https://www.hilton.com/en/hotels/ywgwghx-hampton-inn-winnipeg-downtown/?SEO_id=GMB-AMER-HX-YWGWGHX,+1 204-942-0101,None,https://www.google.com/maps/place/Hampton+Inn+by+Hilton+Winnipeg+Downtown/data=!4m10!3m9!1s0x52ea7156d92cfe6d:0x27922db0d8c2f1f2!5m2!4m1!1i2!8m2!3d49.8887703!4d-97.1416216!16s%2Fg%2F11vbwdnhh3!19sChIJbf4s2VZx6lIR8vHC2LAtkic?authuser=0&hl=en&g_ep=EgoyMDI2MDgyNS4wIJJjKgBIAVAD&rclk=1
hotels in Winnipeg,Quality Inn & Suites,,https://www.choicehotels.com/manitoba/winnipeg/quality-inn-hotels/cn715?mc=llrscncn&pmf=canada,+1 204-453-8247,None,https://www.google.com/maps/place/Quality+Inn+%26+Suites/data=!4m10!3m9!1s0x52ea741910116bf3:0x83905a9b03cb3425!5m2!4m1!1i2!8m2!3d49.8632302!4d-97.1488739!16s%2Fg%2F1tjpq4l2!19sChIJ82sREBl06lIRJTTLA5takIM?authuser=0&hl=en&g_ep=EgoyMDI2MDgyNS4wIJJjKgBIAVAD&rclk=1
hotels in Winnipeg,Mere Hotel,info@merehotel.com,http://www.merehotel.com/?utm_source=google&utm_medium=googlesearch,+1 204-594-0333,TheFork,https://www.google.com/maps/place/Mere+Hotel/data=!4m10!3m9!1s0x52ea7143bb96bfc7:0x4268b678d6ef942e!5m2!4m1!1i2!8m2!3d49.8988924!4d-97.1324164!16s%2Fg%2F12cnz9ky9!19sChIJx7-Wu0Nx6lIRLpTv1ni2aEI?authuser=0&hl=en&g_ep=EgoyMDI2MDgyNS4wIJJjKgBIAVAD&rclk=1
hotels in Winnipeg,Radisson Hotel Winnipeg Downtown,,https://www.choicehotels.com/manitoba/winnepeg/radisson-hotels/cnc33?mc=llgoxxpx,+1 431-441-5292,None,https://www.google.com/maps/place/Radisson+Hotel+Winnipeg+Downtown/data=!4m10!3m9!1s0x52ea71597f4d866b:0xb7304ddb2c9892d4!5m2!4m1!1i2!8m2!3d49.8937235!4d-97.1424471!16s%2Fg%2F1jkwgvhbx!19sChIJa4ZNf1lx6lIR1JKYLNtNMLc?authuser=0&hl=en&g_ep=EgoyMDI2MDgyNS4wIJJjKgBIAVAD&rclk=1
hotels in Winnipeg,The New Cavalier Inn,thenewcavalierinn@gmail.com,http://thecavalier.ca/,+1 204-669-0255,None,https://www.google.com/maps/place/The+New+Cavalier+Inn/data=!4m10!3m9!1s0x52ea70b88f17dbdb:0xc4212a71b704bf3!5m2!4m1!1i2!8m2!3d49.8979618!4d-97.0722724!16s%2Fg%2F1vhq3c8j!19sChIJ29sXj7hw6lIR80twG6cSQgw?authuser=0&hl=en&g_ep=EgoyMDI2MDgyNS4wIJJjKgBIAVAD&rclk=1
hotels in Winnipeg,Clarion Pointe,,https://www.choicehotels.com/manitoba/winnipeg/econo-lodge-hotels/cn959?mc=llrscncn&pmf=canada,+1 204-256-4315,None,https://www.google.com/maps/place/Clarion+Pointe/data=!4m10!3m9!1s0x52ea766697945ef3:0x5a6193657976f72f!5m2!4m1!1i2!8m2!3d49.835085!4d-97.1125796!16s%2Fg%2F1hg4wb0ys!19sChIJ816Ul2Z26lIRL_d2eWWTYVo?authuser=0&hl=en&g_ep=EgoyMDI2MDgyNS4wIJJjKgBIAVAD&rclk=1
hotels in Winnipeg,Canad Inns Destination Centre Transcona,,https://www.canadinns.com/stay/transcona/home/,+1 204-224-1681,None,https://www.google.com/maps/place/Canad+Inns+Destination+Centre+Transcona/data=!4m10!3m9!1s0x52ea7a06ee16cc23:0x2015c94c4dab07e3!5m2!4m1!1i2!8m2!3d49.8947046!4d-97.0283132!16s%2Fg%2F12xq1y6x0!19sChIJI8wW7gZ66lIR4werTUzJFSA?authuser=0&hl=en&g_ep=EgoyMDI2MDgyNS4wIJJjKgBIAVAD&rclk=1
hotels in Winnipeg,Hilton Garden Inn Winnipeg South,,https://www.hilton.com/en/hotels/ywgmngi-hilton-garden-inn-winnipeg-south/?SEO_id=GMB-AMER-GI-YWGMNGI,+1 204-594-7436,None,https://www.google.com/maps/place/Hilton+Garden+Inn+Winnipeg+South/data=!4m10!3m9!1s0x52ea74dc3326c53f:0x7b18dba72a38a565!5m2!4m1!1i2!8m2!3d49.8456656!4d-97.2095363!16s%2Fg%2F11fy4j64yb!19sChIJP8UmM9x06lIRZaU4KqfbGHs?authuser=0&hl=en&g_ep=EgoyMDI2MDgyNS4wIJJjKgBIAVAD&rclk=1
hotels in Winnipeg,Stay549,contact@stay549.com,https://www.stay549.com/,+1 431-478-0418,None,https://www.google.com/maps/place/Stay549/data=!4m10!3m9!1s0x52ea0bc13fc3abeb:0x6240071897e77c89!5m2!4m1!1i2!8m2!3d49.8567474!4d-97.2767458!16s%2Fg%2F11fwxx4tv0!19sChIJ66vDP8EL6lIRiXznlxgHQGI?authuser=0&hl=en&g_ep=EgoyMDI2MDgyNS4wIJJjKgBIAVAD&rclk=1
hotels in Winnipeg,Victoria Inn Hotel & Convention Centre,"u003edecorating-rick@hotmail.com, u003einfo@dreamdaydecoratorsonline.com, u003emerastys@mts.net, info@vicinn.com, info@dreamdaydecoratorsonline.com, u003esimplyperfectdecoration@gmail.com, info@crystalsound.mb.ca, u003echris@chrisjensenstudios.com, decorating-rick@hotmail.com, u003einfo@vicinn.com, merastys@mts.net, chris@chrisjensenstudios.com, u003einfo@crystalsound.mb.ca, simplyperfectdecoration@gmail.com",https://winnipeg.vicinn.com/,+1 204-786-4801,TheFork,https://www.google.com/maps/place/Victoria+Inn+Hotel+%26+Convention+Centre/data=!4m10!3m9!1s0x52ea730c4f5e4c5b:0x3ccb75336f3d504f!5m2!4m1!1i2!8m2!3d49.9012217!4d-97.2113157!16s%2Fg%2F11g8ckw37m!19sChIJW0xeTwxz6lIRT1A9bzN1yzw?authuser=0&hl=en&g_ep=EgoyMDI2MDgyNS4wIJJjKgBIAVAD&rclk=1
hotels in Winnipeg,Norwood Hotel,info@norwood-hotel.com,https://www.norwood-hotel.com/?utm_source=google&utm_medium=googlebusinesslisting,+1 204-233-4475,"Tock, TheFork",https://www.google.com/maps/place/Norwood+Hotel/data=!4m10!3m9!1s0x52ea76b4c1268bb5:0x78343a0d70cab108!5m2!4m1!1i2!8m2!3d49.8807334!4d-97.1248966!16s%2Fg%2F1tfm69n_!19sChIJtYsmwbR26lIRCLHKcA06NHg?authuser=0&hl=en&g_ep=EgoyMDI2MDgyNS4wIJJjKgBIAVAD&rclk=1
hotels in Winnipeg,Canad Inns Destination Centre Fort Garry,,https://www.canadinns.com/stay/fort-garry/,+1 204-261-7450,Tock,https://www.google.com/maps/place/Canad+Inns+Destination+Centre+Fort+Garry/data=!4m10!3m9!1s0x52ea75c6d15a500d:0x5d7ee73887c9bd50!5m2!4m1!1i2!8m2!3d49.8241667!4d-97.1519444!16s%2Fg%2F1vfwchwg!19sChIJDVBa0cZ16lIRUL3Jhzjnfl0?authuser=0&hl=en&g_ep=EgoyMDI2MDgyNS4wIJJjKgBIAVAD&rclk=1
cafes in Winnipeg,Sips & Nibbles Cafe,,,+1 204-284-6304,None,https://www.google.com/maps/place/Sips+%26+Nibbles+Cafe/data=!4m7!3m6!1s0x52ea76aca2aebffd:0x909e25a1ca655bfb!8m2!3d49.8807596!4d-97.137087!16s%2Fg%2F1tkbxwt5!19sChIJ_b-uoqx26lIR-1tlyqElnpA?authuser=0&hl=en&g_ep=EgoyMDI2MDgyNS4wIJJjKgBIAVAD&rclk=1
cafes in Winnipeg,The forks,"lostandfound@theforks.com, events@theforks.com, info@theforks.com",https://www.theforks.com/,,TheFork,https://www.google.com/maps/place/The+forks/data=!4m7!3m6!1s0x52ea71a06770c4b3:0x39cffc1227da3499!8m2!3d49.8872896!4d-97.1309363!16s%2Fg%2F11qn0ks2h2!19sChIJs8RwZ6Bx6lIRmTTaJxL8zzk?authuser=0&hl=en&g_ep=EgoyMDI2MDgyNS4wIJJjKgBIAVAD&rclk=1
cafes in Winnipeg,Modern Coffee,,,,None,https://www.google.com/maps/place/Modern+Coffee/data=!4m7!3m6!1s0x52ea71885dbb0499:0x14c039744ae8fb7c!8m2!3d49.9273644!4d-97.1234637!16s%2Fg%2F11f91lwc9z!19sChIJmQS7XYhx6lIRfPvoSnQ5wBQ?authuser=0&hl=en&g_ep=EgoyMDI2MDgyNS4wIJJjKgBIAVAD&rclk=1
cafes in Winnipeg,Saints Cafe,,https://www.instagram.com/saints.cafe.wpg?igsh=MTNtazhlZ3N2dWN2ZQ==,,"Tock, Resy",https://www.google.com/maps/place/Saints+Cafe/data=!4m7!3m6!1s0x52ea750046dc716f:0xbf7969c7648f64f6!8m2!3d49.8784304!4d-97.145996!16s%2Fg%2F11yfr3z40x!19sChIJb3HcRgB16lIR9mSPZMdpeb8?authuser=0&hl=en&g_ep=EgoyMDI2MDgyNS4wIJJjKgBIAVAD&rclk=1
cafes in Winnipeg,Fat Goose Coffee,fatgoosecoffee@gmail.com,http://fatgoosecoffee.com/,+1 204-560-8288,None,https://www.google.com/maps/place/Fat+Goose+Coffee/data=!4m7!3m6!1s0x52c1dfd04a519349:0x1b17e711bc76fad4!8m2!3d49.7949595!4d-97.1984277!16s%2Fg%2F11ykvf4n87!19sChIJSZNRStDfwVIR1Pp2vBHnFxs?authuser=0&hl=en&g_ep=EgoyMDI2MDgyNS4wIJJjKgBIAVAD&rclk=1
cafes in Winnipeg,Mondays Cafe,,https://www.instagram.com/mondayscafewpg/,,"Tock, Resy",https://www.google.com/maps/place/Mondays+Cafe/data=!4m7!3m6!1s0x52ea7151c396c417:0x40045e80936aa030!8m2!3d49.8880017!4d-97.1401644!16s%2Fg%2F11w5119ryq!19sChIJF8SWw1Fx6lIRMKBqk4BeBEA?authuser=0&hl=en&g_ep=EgoyMDI2MDgyNS4wIJJjKgBIAVAD&rclk=1
cafes in Winnipeg,Next Stop Cafe,info@nextstopcafe.ca,http://www.nextstopcafe.ca/,+1 204-477-5439,None,https://www.google.com/maps/place/Next+Stop+Cafe/data=!4m7!3m6!1s0x52ea758b4c805933:0xae982aac0eb25231!8m2!3d49.8704406!4d-97.1448338!16s%2Fg%2F11h8qyzlbn!19sChIJM1mATIt16lIRMVKyDqwqmK4?authuser=0&hl=en&g_ep=EgoyMDI2MDgyNS4wIJJjKgBIAVAD&rclk=1
cafes in Winnipeg,folio café,folio@cmu.ca,https://www.foliocafe.ca/,+1 204-487-3300 ext. 698,None,https://www.google.com/maps/place/folio+caf%C3%A9/data=!4m7!3m6!1s0x52ea74b6e3f01b99:0xa0ca973a45293e64!8m2!3d49.8584139!4d-97.2323917!16s%2Fg%2F11b7d_gzns!19sChIJmRvw47Z06lIRZD4pRTqXyqA?authuser=0&hl=en&g_ep=EgoyMDI2MDgyNS4wIJJjKgBIAVAD&rclk=1
cafes in Winnipeg,Café Postal,"cafe.postal.wpg@gmail.com, dean@cidstreet.com",http://www.cafepostal.ca/,+1 204-414-3654,"Tock, OpenTable",https://www.google.com/maps/place/Caf%C3%A9+Postal/data=!4m7!3m6!1s0x52ea7137f3ce2cfb:0xbe394c14f95f846f!8m2!3d49.892094!4d-97.12099!16s%2Fg%2F1hhvxv2wy!19sChIJ-yzO8zdx6lIRb4Rf-RRMOb4?authuser=0&hl=en&g_ep=EgoyMDI2MDgyNS4wIJJjKgBIAVAD&rclk=1
cafes in Winnipeg,Small Mercies Shop,info@smallmercies.co,http://www.smallmercies.co/,+1 204-615-6290,Tock,https://www.google.com/maps/place/Small+Mercies+Shop/data=!4m7!3m6!1s0x52ea75dfe7b86ca5:0x7cb44b93c57c0cae!8m2!3d49.878415!4d-97.1460877!16s%2Fg%2F11h1ywx9kl!19sChIJpWy459916lIRrgx8xZNLtHw?authuser=0&hl=en&g_ep=EgoyMDI2MDgyNS4wIJJjKgBIAVAD&rclk=1
cafes in Winnipeg,O Station Cafe,ostationcafe@shaw.ca,http://ostationcafe.ca/,+1 204-221-2709,None,https://www.google.com/maps/place/O+Station+Cafe/data=!4m7!3m6!1s0x52ea77fd474c3b03:0x6766759be2f0319b!8m2!3d49.8741954!4d-97.1419236!16s%2Fg%2F11j03vc07x!19sChIJAztMR_136lIRmzHw4pt1Zmc?authuser=0&hl=en&g_ep=EgoyMDI2MDgyNS4wIJJjKgBIAVAD&rclk=1
cafes in Winnipeg,"Cafeaze International - Coffees, Cookies & More",,,+1 204-774-3817,None,"https://www.google.com/maps/place/Cafeaze+International+-+Coffees,+Cookies+%26+More/data=!4m7!3m6!1s0x52ea737b014c2c33:0x7e10a2e871309d88!8m2!3d49.8903623!4d-97.1518899!16s%2Fg%2F11j3xgnsqt!19sChIJMyxMAXtz6lIRiJ0wceiiEH4?authuser=0&hl=en&g_ep=EgoyMDI2MDgyNS4wIJJjKgBIAVAD&rclk=1"
cafes in Winnipeg,Saintuary Bar & Cafe,n@saintuary.ca,https://menu.saintuary.com/,,None,https://www.google.com/maps/place/Saintuary+Bar+%26+Cafe/data=!4m7!3m6!1s0x52ea71d25f5b3aff:0x907b195d5352ceb5!8m2!3d49.8989351!4d-97.1339703!16s%2Fg%2F11wtxfqmpg!19sChIJ_zpbX9Jx6lIRtc5SU10Ze5A?authuser=0&hl=en&g_ep=EgoyMDI2MDgyNS4wIJJjKgBIAVAD&rclk=1
cafes in Winnipeg,Sho coffee & bar,info@shocoffeebar.ca,http://www.shocoffeebar.ca/,+1 431-588-3231,None,https://www.google.com/maps/place/Sho+coffee+%26+bar/data=!4m7!3m6!1s0x52ea717a0e0d24d5:0x1c0a921721de853b!8m2!3d49.8993419!4d-97.140843!16s%2Fg%2F11vl49blv3!19sChIJ1SQNDnpx6lIRO4XeIReSChw?authuser=0&hl=en&g_ep=EgoyMDI2MDgyNS4wIJJjKgBIAVAD&rclk=1
cafes in Winnipeg,Joe Black Coffee & Bar,"info@joeblackcoffee.ca, info@mysite.com",https://joeblackcoffeebar.wixsite.com/main,+1 204-415-1660,Tock,https://www.google.com/maps/place/Joe+Black+Coffee+%26+Bar/data=!4m7!3m6!1s0x52ea735858450907:0x694642035bd757e9!8m2!3d49.877534!4d-97.230551!16s%2Fg%2F1vhlxvk0!19sChIJBwlFWFhz6lIR6VfXWwNCRmk?authuser=0&hl=en&g_ep=EgoyMDI2MDgyNS4wIJJjKgBIAVAD&rclk=1
cafes in Winnipeg,Black Pearl Coffee - Beans,info@blackpearlcoffee.ca,http://www.blackpearlcoffee.ca/,+1 204-586-3989,None,https://www.google.com/maps/place/Black+Pearl+Coffee+-+Beans/data=!4m7!3m6!1s0x52ea717b4f3d2e6d:0x661ae1c55a13022!8m2!3d49.9123545!4d-97.1453994!16s%2Fg%2F1vf9c038!19sChIJbS49T3tx6lIRIjChVRyuYQY?authuser=0&hl=en&g_ep=EgoyMDI2MDgyNS4wIJJjKgBIAVAD&rclk=1
cafes in Winnipeg,Seven Café,seven.cafe745@gmail.com,http://sevencafe.ca/,+1 431-668-7717,Tock,https://www.google.com/maps/place/Seven+Caf%C3%A9/data=!4m7!3m6!1s0x52ea735247e9cf81:0x1999a935f99cc3a7!8m2!3d49.8887075!4d-97.1823775!16s%2Fg%2F11n7v9hyr9!19sChIJgc_pR1Jz6lIRp8Oc-TWpmRk?authuser=0&hl=en&g_ep=EgoyMDI2MDgyNS4wIJJjKgBIAVAD&rclk=1
cafes in Winnipeg,Cafe Nul Bakery & Cafe,,https://cafe-nul.com/pages/pre-order,+1 204-306-0666,None,https://www.google.com/maps/place/Cafe+Nul+Bakery+%26+Cafe/data=!4m7!3m6!1s0x52ea73e96165fb57:0x3e113bd72d10efc4!8m2!3d49.8967214!4d-97.167716!16s%2Fg%2F11lygb0bhx!19sChIJV_tlYelz6lIRxO8QLdc7ET4?authuser=0&hl=en&g_ep=EgoyMDI2MDgyNS4wIJJjKgBIAVAD&rclk=1
cafes in Winnipeg,Colosimo Coffee Roasters Cafe,colosimocoffee@gmail.com,http://www.colosimocoffee.com/,+1 204-956-0692,Tock,https://www.google.com/maps/place/Colosimo+Coffee+Roasters+Cafe/data=!4m7!3m6!1s0x52ea71f6646f41b9:0x115e19814834d808!8m2!3d49.9005247!4d-97.1345176!16s%2Fg%2F11jnxbj99y!19sChIJuUFvZPZx6lIRCNg0SIEZXhE?authuser=0&hl=en&g_ep=EgoyMDI2MDgyNS4wIJJjKgBIAVAD&rclk=1
cafes in Winnipeg,Good Earth Coffeehouse - Seasons,,http://goodearthcoffeehouse.com/,+1 204-560-1227,None,https://www.google.com/maps/place/Good+Earth+Coffeehouse+-+Seasons/data=!4m7!3m6!1s0x52ea74dd85fec5d3:0x7226f410e4660d9d!8m2!3d49.8428256!4d-97.2124378!16s%2Fg%2F11gbwk8rtv!19sChIJ08X-hd106lIRnQ1m5BD0JnI?authuser=0&hl=en&g_ep=EgoyMDI2MDgyNS4wIJJjKgBIAVAD&rclk=1
cafes in Winnipeg,The Nook,,,+1 204-774-0818,None,https://www.google.com/maps/place/The+Nook/data=!4m7!3m6!1s0x52ea73826e782585:0x7ccbeacfa2b9c2ff!8m2!3d49.8801753!4d-97.1594905!16s%2Fg%2F11kk5gb3km!19sChIJhSV4boJz6lIR_8K5os_qy3w?authuser=0&hl=en&g_ep=EgoyMDI2MDgyNS4wIJJjKgBIAVAD&rclk=1
cafes in Winnipeg,The 9th Cloud,,,+1 204-698-9120,None,https://www.google.com/maps/place/The+9th+Cloud/data=!4m7!3m6!1s0x52ea7700773c7a3b:0xaef4e6a9884eb763!8m2!3d49.8815034!4d-97.1168678!16s%2Fg%2F11z5_6khcg!19sChIJO3o8dwB36lIRY7dOiKnm9K4?authuser=0&hl=en&g_ep=EgoyMDI2MDgyNS4wIJJjKgBIAVAD&rclk=1
cafes in Winnipeg,Rosé Coffee & Wine,info@rosecoffeeandwine.ca,http://rosecoffeeandwine.ca/,+1 204-505-4567,"Tock, OpenTable",https://www.google.com/maps/place/Ros%C3%A9+Coffee+%26+Wine/data=!4m7!3m6!1s0x52ea71a73cfb5b2b:0x88be15906c4252cb!8m2!3d49.8978229!4d-97.1396464!16s%2Fg%2F11k3z4gnhf!19sChIJK1v7PKdx6lIRy1JCbJAVvog?authuser=0&hl=en&g_ep=EgoyMDI2MDgyNS4wIJJjKgBIAVAD&rclk=1
cafes in Winnipeg,Thom Bargen Coffee Roasters,"orders@thombargen.com, %20orders@thombargen.com",https://www.thombargen.com/,+1 204-284-0031,None,https://www.google.com/maps/place/Thom+Bargen+Coffee+Roasters/data=!4m7!3m6!1s0x52ea75b04c593201:0x1bcf527d82caf0c3!8m2!3d49.87116!4d-97.15326!16s%2Fg%2F11tfwblj6_!19sChIJATJZTLB16lIRw_DKgn1Szxs?authuser=0&hl=en&g_ep=EgoyMDI2MDgyNS4wIJJjKgBIAVAD&rclk=1
cafes in Winnipeg,Clementine Cafe,info@clementinewinnipeg.com,http://clementinewinnipeg.com/,+1 204-942-9497,None,https://www.google.com/maps/place/Clementine+Cafe/data=!4m7!3m6!1s0x52ea715c35847e35:0x2cfb2781ad7c9dde!8m2!3d49.8989672!4d-97.1416337!16s%2Fg%2F11byn11qg7!19sChIJNX6ENVxx6lIR3p18rYEn-yw?authuser=0&hl=en&g_ep=EgoyMDI2MDgyNS4wIJJjKgBIAVAD&rclk=1
cafes in Winnipeg,Little Sister Coffee Maker Roasterie + Cafe,info@littlesistercoffeemaker.ca,https://littlesistercoffeemaker.ca/,,None,https://www.google.com/maps/place/Little+Sister+Coffee+Maker+Roasterie+%2B+Cafe/data=!4m7!3m6!1s0x52ea71578a8ca283:0x620d07ae5acc1a24!8m2!3d49.89724!4d-97.1372484!16s%2Fg%2F11zh2htgm3!19sChIJg6KMildx6lIRJBrMWq4HDWI?authuser=0&hl=en&g_ep=EgoyMDI2MDgyNS4wIJJjKgBIAVAD&rclk=1
cafes in Winnipeg,Kopi,,,+1 431-996-8094,None,https://www.google.com/maps/place/Kopi/data=!4m7!3m6!1s0x52ea71e76be695a1:0x7cf1452a2b0ae609!8m2!3d49.8975686!4d-97.1406351!16s%2Fg%2F11z8r804n3!19sChIJoZXma-dx6lIRCeYKKypF8Xw?authuser=0&hl=en&g_ep=EgoyMDI2MDgyNS4wIJJjKgBIAVAD&rclk=1
cafes in Winnipeg,Passage Cafe,,,,None,https://www.google.com/maps/place/Passage+Cafe/data=!4m7!3m6!1s0x52ea710060a601b9:0x74f09b743b5e2db3!8m2!3d49.8977873!4d-97.1395296!16s%2Fg%2F11zgm6ft71!19sChIJuQGmYABx6lIRsy1eO3Sb8HQ?authuser=0&hl=en&g_ep=EgoyMDI2MDgyNS4wIJJjKgBIAVAD&rclk=1
cafes in Winnipeg,Saucers Cafe,,http://saucerscafe.com/,+1 204-489-9204,None,https://www.google.com/maps/place/Saucers+Cafe/data=!4m7!3m6!1s0x52ea74811a35ae5b:0x42b87598ee64132!8m2!3d49.874177!4d-97.198272!16s%2Fg%2F1v42fg4b!19sChIJW641GoF06lIRMkHmjlmHKwQ?authuser=0&hl=en&g_ep=EgoyMDI2MDgyNS4wIJJjKgBIAVAD&rclk=1
cafes in Winnipeg,Blaurock Café,blaurock@student.cmu.ca,https://www.facebook.com/Blaurock-Cafe-542277952541843/,+1 204-487-3300,"Tock, Resy",https://www.google.com/maps/place/Blaurock+Caf%C3%A9/data=!4m7!3m6!1s0x52ea74b6d2125241:0xf390fe1b21048889!8m2!3d49.860004!4d-97.23316!16s%2Fg%2F1hdznm32w!19sChIJQVIS0rZ06lIRiYgEIRv-kPM?authuser=0&hl=en&g_ep=EgoyMDI2MDgyNS4wIJJjKgBIAVAD&rclk=1
cafes in Winnipeg,Katita Cafe,,,+1 204-789-0515,None,https://www.google.com/maps/place/Katita+Cafe/data=!4m7!3m6!1s0x52ea7311bb644f91:0x626b7e24a7a24fc!8m2!3d49.8894208!4d-97.150635!16s%2Fg%2F11m4306q8b!19sChIJkU9kuxFz6lIR_CR6SuK3JgY?authuser=0&hl=en&g_ep=EgoyMDI2MDgyNS4wIJJjKgBIAVAD&rclk=1
cafes in Winnipeg,Muse Cafe,,,+1 204-588-7748,None,https://www.google.com/maps/place/Muse+Cafe/data=!4m7!3m6!1s0x52ea71ffc58ffc5f:0xa180004f1eabd78!8m2!3d49.8896278!4d-97.1440715!16s%2Fg%2F11w4dhhdkr!19sChIJX_yPxf9x6lIReL3q8QQAGAo?authuser=0&hl=en&g_ep=EgoyMDI2MDgyNS4wIJJjKgBIAVAD&rclk=1
cafes in Winnipeg,Espresso Vibe Coffee,"info@espressovibe.ca, support@espressovibe.ca",https://www.espressovibe.ca/,+1 204-421-3333,Tock,https://www.google.com/maps/place/Espresso+Vibe+Coffee/data=!4m7!3m6!1s0x52ea777582de4df9:0xadcf6290611cd630!8m2!3d49.8605195!4d-97.1075168!16s%2Fg%2F11yfdl9sx1!19sChIJ-U3egnV36lIRMNYcYZBiz60?authuser=0&hl=en&g_ep=EgoyMDI2MDgyNS4wIJJjKgBIAVAD&rclk=1
cafes in Winnipeg,Stella’s Cafe @ EQ3,,,+1 204-200-7882,None,https://www.google.com/maps/place/Stella%E2%80%99s+Cafe+@+EQ3/data=!4m7!3m6!1s0x52ea730073da5703:0x3feab6d0c09abad8!8m2!3d49.8821675!4d-97.1997477!16s%2Fg%2F11n3xzlnzq!19sChIJA1facwBz6lIR2LqawNC26j8?authuser=0&hl=en&g_ep=EgoyMDI2MDgyNS4wIJJjKgBIAVAD&rclk=1
cafes in Winnipeg,Birks Coffee,,,,None,https://www.google.com/maps/place/Birks+Coffee/data=!4m7!3m6!1s0x52ea71a436f6f60d:0x5cf825070b97b1da!8m2!3d49.8938879!4d-97.141781!16s%2Fg%2F11wnn25pbs!19sChIJDfb2NqRx6lIR2rGXCwcl-Fw?authuser=0&hl=en&g_ep=EgoyMDI2MDgyNS4wIJJjKgBIAVAD&rclk=1
cafes in Winnipeg,Colosimo Coffee Roasters Cafe,colosimocoffee@gmail.com,http://www.colosimocoffee.com/,+1 204-954-7444,Tock,https://www.google.com/maps/place/Colosimo+Coffee+Roasters+Cafe/data=!4m7!3m6!1s0x52ea71b9a05885af:0x4e300c3e55c02e05!8m2!3d49.8913275!4d-97.1239674!16s%2Fg%2F11j__3_04z!19sChIJr4VYoLlx6lIRBS7AVT4MME4?authuser=0&hl=en&g_ep=EgoyMDI2MDgyNS4wIJJjKgBIAVAD&rclk=1
cafes in Winnipeg,MAGPIES INTERNATIONAL CAFE,,,+1 204-782-4064,None,https://www.google.com/maps/place/MAGPIES+INTERNATIONAL+CAFE/data=!4m7!3m6!1s0x52ea76a21504f62f:0x1b30098a5466a0a9!8m2!3d49.8623455!4d-97.132427!16s%2Fg%2F11g8w8wmbm!19sChIJL_YEFaJ26lIRqaBmVIoJMBs?authuser=0&hl=en&g_ep=EgoyMDI2MDgyNS4wIJJjKgBIAVAD&rclk=1
cafes in Winnipeg,Thom Bargen Coffee Roasters,"orders@thombargen.com, %20orders@thombargen.com",http://www.thombargen.com/,+1 204-284-0031,None,https://www.google.com/maps/place/Thom+Bargen+Coffee+Roasters/data=!4m7!3m6!1s0x52ea73fd54053eeb:0xa09dc824cdf5f415!8m2!3d49.8909911!4d-97.1481514!16s%2Fg%2F11clytsz88!19sChIJ6z4FVP1z6lIRFfT1zSTInaA?authuser=0&hl=en&g_ep=EgoyMDI2MDgyNS4wIJJjKgBIAVAD&rclk=1
cafes in Winnipeg,Osborne Place At The Station,ostationcafe@shaw.ca,https://www.ostationcafe.ca/,+1 204-221-2709,None,https://www.google.com/maps/place/Osborne+Place+At+The+Station/data=!4m7!3m6!1s0x52ea77c7f25b81a3:0x726a9e7c1fe9470a!8m2!3d49.8741848!4d-97.1419559!16s%2Fg%2F11hym2qnlm!19sChIJo4Fb8sd36lIRCkfpH3yeanI?authuser=0&hl=en&g_ep=EgoyMDI2MDgyNS4wIJJjKgBIAVAD&rclk=1
cafes in Winnipeg,Stella's Cafe @ 1100,,,+1 204-200-7891,None,https://www.google.com/maps/place/Stella%27s+Cafe+@+1100/data=!4m7!3m6!1s0x52ea75001d605875:0xf037934c9873a349!8m2!3d49.8660063!4d-97.1672764!16s%2Fg%2F11z2hpfwtm!19sChIJdVhgHQB16lIRSaNzmEyTN_A?authuser=0&hl=en&g_ep=EgoyMDI2MDgyNS4wIJJjKgBIAVAD&rclk=1
cafes in Winnipeg,Saigon Grind,,,+1 204-816-0057,None,https://www.google.com/maps/place/Saigon+Grind/data=!4m7!3m6!1s0x52ea71a2a66e9769:0xb246a8cec5ab7bd5!8m2!3d49.900325!4d-97.142732!16s%2Fg%2F11l5jk__qt!19sChIJaZdupqJx6lIR1Xurxc6oRrI?authuser=0&hl=en&g_ep=EgoyMDI2MDgyNS4wIJJjKgBIAVAD&rclk=1
cafes in Winnipeg,Cleocatra Café - Cat Cafe,,https://www.cleocatracafe.ca/,+1 204-284-8168,"Tock, Squarespace Booking",https://www.google.com/maps/place/Cleocatra+Caf%C3%A9+-+Cat+Cafe/data=!4m7!3m6!1s0x52ea73f866195439:0x49ae4b6888b4fe74!8m2!3d49.8861851!4d-97.1684735!16s%2Fg%2F11t_y5sfr4!19sChIJOVQZZvhz6lIRdP60iGhLrkk?authuser=0&hl=en&g_ep=EgoyMDI2MDgyNS4wIJJjKgBIAVAD&rclk=1
cafes in Winnipeg,Yellow Derny Café,"info@woodcockcycle.com, rideclub@woodcockcycle.com, fittingservices@woodcockcycle.com, service@woodcockcycle.com, onlineorders@woodcockcycle.com",http://yellowdernycafe.ca/,+1 204-594-0568,Tock,https://www.google.com/maps/place/Yellow+Derny+Caf%C3%A9/data=!4m7!3m6!1s0x52ea76c642d8f32d:0xfb76031f9959f566!8m2!3d49.8709284!4d-97.1122614!16s%2Fg%2F11cs3q47vp!19sChIJLfPYQsZ26lIRZvVZmR8Ddvs?authuser=0&hl=en&g_ep=EgoyMDI2MDgyNS4wIJJjKgBIAVAD&rclk=1
cafes in Winnipeg,Lavanda,lavandawpg@gmail.com,http://www.lavandawpg.com/,+1 204-219-8587,"Tock, OpenTable",https://www.google.com/maps/place/Lavanda/data=!4m7!3m6!1s0x52ea71f6b3adc2fb:0x623d243fa505be56!8m2!3d49.8906433!4d-97.1400005!16s%2Fg%2F11v0lgtj41!19sChIJ-8Kts_Zx6lIRVr4FpT8kPWI?authuser=0&hl=en&g_ep=EgoyMDI2MDgyNS4wIJJjKgBIAVAD&rclk=1
cafes in Winnipeg,Seine River Cafe,,http://seinerivercafe.com/,+1 204-237-4864,None,https://www.google.com/maps/place/Seine+River+Cafe/data=!4m7!3m6!1s0x52ea713ac010acb7:0xa6d274fa0290baeb!8m2!3d49.8940711!4d-97.1114587!16s%2Fg%2F1tgw4phg!19sChIJt6wQwDpx6lIR67qQAvp00qY?authuser=0&hl=en&g_ep=EgoyMDI2MDgyNS4wIJJjKgBIAVAD&rclk=1
cafes in Winnipeg,Más Coffee Co,,https://www.mascoffee.ca/,,"Tock, Resy",https://www.google.com/maps/place/M%C3%A1s+Coffee+Co/data=!4m7!3m6!1s0x52ea71d224b3dc27:0x16d7ba20428f4092!8m2!3d49.8970415!4d-97.1414582!16s%2Fg%2F11t8bjkfzd!19sChIJJ9yzJNJx6lIRkkCPQiC61xY?authuser=0&hl=en&g_ep=EgoyMDI2MDgyNS4wIJJjKgBIAVAD&rclk=1
cafes in Winnipeg,Indulge Café and Bakery,"impallari@gmail.com, hello@rfuenzalida.com",http://indulgecafeandbakery.ca/,+1 204-942-5237,None,https://www.google.com/maps/place/Indulge+Caf%C3%A9+and+Bakery/data=!4m7!3m6!1s0x52ea71ef55e1d451:0x6c64c117e707321a!8m2!3d49.8928764!4d-97.1373553!16s%2Fg%2F11vbw5gl9s!19sChIJUdThVe9x6lIRGjIH5xfBZGw?authuser=0&hl=en&g_ep=EgoyMDI2MDgyNS4wIJJjKgBIAVAD&rclk=1
cafes in Winnipeg,Thom Bargen Coffee Roasters,"orders@thombargen.com, %20orders@thombargen.com",http://www.thombargen.com/,+1 204-284-0031,None,https://www.google.com/maps/place/Thom+Bargen+Coffee+Roasters/data=!4m7!3m6!1s0x52ea73f7db8a9ebf:0x66d51241ac7536a9!8m2!3d49.8807924!4d-97.1597922!16s%2Fg%2F12q4s8q22!19sChIJv56K2_dz6lIRqTZ1rEES1WY?authuser=0&hl=en&g_ep=EgoyMDI2MDgyNS4wIJJjKgBIAVAD&rclk=1
cafes in Winnipeg,Little Sister Coffee Maker,info@littlesistercoffeemaker.ca,http://www.littlesistercoffeemaker.ca/,,None,https://www.google.com/maps/place/Little+Sister+Coffee+Maker/data=!4m7!3m6!1s0x52ea74004fbac7f1:0xa2c19babdd6deed!8m2!3d49.8788393!4d-97.1466839!16s%2Fg%2F1pp2x045f!19sChIJ8ce6TwB06lIR7d7WvboZLAo?authuser=0&hl=en&g_ep=EgoyMDI2MDgyNS4wIJJjKgBIAVAD&rclk=1
cafes in Winnipeg,Aroma Alchemy Coffee,,https://www.instagram.com/aromaalchemycoffee/,+1 204-999-8446,"Tock, Resy",https://www.google.com/maps/place/Aroma+Alchemy+Coffee/data=!4m7!3m6!1s0x52ea77452beb463d:0x7ca64a350ac41e4b!8m2!3d49.8582891!4d-97.1059034!16s%2Fg%2F11m5xyvr64!19sChIJPUbrK0V36lIRSx7ECjVKpnw?authuser=0&hl=en&g_ep=EgoyMDI2MDgyNS4wIJJjKgBIAVAD&rclk=1
bars in Winnipeg,1928 Eatery & Pub,info@1928eateryandpub.com,https://www.1928eateryandpub.com/,+1 204-888-2341,Tock,https://www.google.com/maps/place/1928+Eatery+%26+Pub/data=!4m7!3m6!1s0x52ea738b9ee04df7:0x855631a67787ce9d!8m2!3d49.8796367!4d-97.2075231!16s%2Fg%2F11fmqkr2zs!19sChIJ903gnotz6lIRnc6Hd6YxVoU?authuser=0&hl=en&g_ep=EgoyMDI2MDgyNS4wIJJjKgBIAVAD&rclk=1
bars in Winnipeg,Pregame Sports Bar & Lounge,pregamesportsbarwinnipeg@gmail.com,http://www.pregamesportsbar.ca/,+1 204-221-4263,"Tock, OpenTable",https://www.google.com/maps/place/Pregame+Sports+Bar+%26+Lounge/data=!4m7!3m6!1s0x52ea7125a63d238d:0x895da169f731d5d0!8m2!3d49.891727!4d-97.1228414!16s%2Fg%2F11td3s3s28!19sChIJjSM9piVx6lIR0NUx92mhXYk?authuser=0&hl=en&g_ep=EgoyMDI2MDgyNS4wIJJjKgBIAVAD&rclk=1
bars in Winnipeg,King Cob Market Pub,,https://www.facebook.com/kingcobpub,+1 204-415-2615,"Tock, Resy",https://www.google.com/maps/place/King+Cob+Market+Pub/data=!4m7!3m6!1s0x52ea73cd7085446d:0xbc7e3d91fb56fe83!8m2!3d49.8927732!4d-97.1582671!16s%2Fg%2F11rvd2m6hy!19sChIJbUSFcM1z6lIRg_5W-5E9frw?authuser=0&hl=en&g_ep=EgoyMDI2MDgyNS4wIJJjKgBIAVAD&rclk=1
bars in Winnipeg,Club 200,,,+1 204-943-6045,None,https://www.google.com/maps/place/Club+200/data=!4m7!3m6!1s0x52ea7150edce5c19:0x5cbcb61bf0c6061f!8m2!3d49.8907826!4d-97.1392017!16s%2Fg%2F1wj_5pp7!19sChIJGVzO7VBx6lIRHwbG8Bu2vFw?authuser=0&hl=en&g_ep=EgoyMDI2MDgyNS4wIJJjKgBIAVAD&rclk=1
bars in Winnipeg,The Grove Pub & Restaurant,eat@the-grove.ca,http://www.the-grove.ca/,+1 204-415-3262,None,https://www.google.com/maps/place/The+Grove+Pub+%26+Restaurant/data=!4m7!3m6!1s0x52ea740d937977bd:0x37ae4bb8c9d5a343!8m2!3d49.870748!4d-97.163255!16s%2Fg%2F1tkf0mpz!19sChIJvXd5kw106lIRQ6PVybhLrjc?authuser=0&hl=en&g_ep=EgoyMDI2MDgyNS4wIJJjKgBIAVAD&rclk=1
bars in Winnipeg,Shark Club Sports Bar & Grill,winnipeg@sharkclub.com,https://www.sharkclub.com/location/winnipeg/,+1 204-942-7400,OpenTable,https://www.google.com/maps/place/Shark+Club+Sports+Bar+%26+Grill/data=!4m7!3m6!1s0x52ea711b6602d701:0x38a9d197f9046a17!8m2!3d49.8913749!4d-97.1433221!16s%2Fg%2F11ryt3w3n6!19sChIJAdcCZhtx6lIRF2oE-ZfRqTg?authuser=0&hl=en&g_ep=EgoyMDI2MDgyNS4wIJJjKgBIAVAD&rclk=1
bars in Winnipeg,Leopold's Tavern Winnipeg - Osborne South,,https://leopoldstavern.com/,+1 855-522-5367,Toast,https://www.google.com/maps/place/Leopold%27s+Tavern+Winnipeg+-+Osborne+South/data=!4m7!3m6!1s0x52ea76a26bbef909:0x8d47442c1da651e9!8m2!3d49.8622771!4d-97.1319431!16s%2Fg%2F11hcf70vvn!19sChIJCfm-a6J26lIR6VGmHSxER40?authuser=0&hl=en&g_ep=EgoyMDI2MDgyNS4wIJJjKgBIAVAD&rclk=1
bars in Winnipeg,C9 Grill & Bar,,,+1 204-478-7277,None,https://www.google.com/maps/place/C9+Grill+%26+Bar/data=!4m7!3m6!1s0x52ea75f7fe804803:0xb66181d7f975f0fe!8m2!3d49.8722455!4d-97.1497344!16s%2Fg%2F11lp2tqwdv!19sChIJA0iA_vd16lIR_vB1-deBYbY?authuser=0&hl=en&g_ep=EgoyMDI2MDgyNS4wIJJjKgBIAVAD&rclk=1
bars in Winnipeg,Fionns Grant Park,,https://www.fionnmaccools.com/,+1 431-441-8210,None,https://www.google.com/maps/place/Fionns+Grant+Park/data=!4m7!3m6!1s0x52ea7441cdd40bd7:0x4ef8970046461452!8m2!3d49.8580224!4d-97.1674583!16s%2Fg%2F11d_yhx8cz!19sChIJ1wvUzUF06lIRUhRGRgCX-E4?authuser=0&hl=en&g_ep=EgoyMDI2MDgyNS4wIJJjKgBIAVAD&rclk=1
bars in Winnipeg,Yen's Kitchen + Bar,,,,None,https://www.google.com/maps/place/Yen%27s+Kitchen+%2B+Bar/data=!4m7!3m6!1s0x52ea738431e0187d:0x77cee755e62be944!8m2!3d49.8804057!4d-97.1594762!16s%2Fg%2F11s7ny87hz!19sChIJfRjgMYRz6lIRROkr5lXnznc?authuser=0&hl=en&g_ep=EgoyMDI2MDgyNS4wIJJjKgBIAVAD&rclk=1
bars in Winnipeg,The Handsome Daughter / Hoagie Boyz West Broadway,,https://www.instagram.com/thehandsomedaughter/?hl=en,+1 204-505-2580,"Tock, Resy",https://www.google.com/maps/place/The+Handsome+Daughter+%2F+Hoagie+Boyz+West+Broadway/data=!4m7!3m6!1s0x52ea73f7dc71b887:0xbeed1deb972c0147!8m2!3d49.8805588!4d-97.1592638!16s%2Fg%2F11b6byrg4b!19sChIJh7hx3Pdz6lIRRwEsl-sd7b4?authuser=0&hl=en&g_ep=EgoyMDI2MDgyNS4wIJJjKgBIAVAD&rclk=1
bars in Winnipeg,Leopold's Tavern Winnipeg - Osborne Village,,https://leopoldstavern.com/,+1 855-522-5367,Toast,https://www.google.com/maps/place/Leopold%27s+Tavern+Winnipeg+-+Osborne+Village/data=!4m7!3m6!1s0x52ea758385cd33e5:0x58b9a3928b2c5f54!8m2!3d49.8789516!4d-97.1465354!16s%2Fg%2F11s1w78z64!19sChIJ5TPNhYN16lIRVF8si5KjuVg?authuser=0&hl=en&g_ep=EgoyMDI2MDgyNS4wIJJjKgBIAVAD&rclk=1
bars in Winnipeg,The Edge Tap & Grill,,,+1 204-231-1463,None,https://www.google.com/maps/place/The+Edge+Tap+%26+Grill/data=!4m7!3m6!1s0x52ea76c7d465dedb:0x181d0c2eda6b6f4a!8m2!3d49.8666945!4d-97.1105644!16s%2Fg%2F11b6qnpck3!19sChIJ295l1Md26lIRSm9r2i4MHRg?authuser=0&hl=en&g_ep=EgoyMDI2MDgyNS4wIJJjKgBIAVAD&rclk=1
bars in Winnipeg,Shannon's Irish Pub and Eatery,shannonsmusicbookings@gmail.com,http://www.shannonsirishpub.ca/,+1 204-943-2302,None,https://www.google.com/maps/place/Shannon%27s+Irish+Pub+and+Eatery/data=!4m7!3m6!1s0x52ea7157a8516d73:0x7e42cffcf428b6be!8m2!3d49.8894633!4d-97.1439289!16s%2Fg%2F1tf9sh17!19sChIJc21RqFdx6lIRvrYo9PzPQn4?authuser=0&hl=en&g_ep=EgoyMDI2MDgyNS4wIJJjKgBIAVAD&rclk=1
bars in Winnipeg,Pedal Pub Winnipeg,winnipeg@pedalpub.com,https://www.pedalpub.com/winnipeg-mb/,+1 204-995-5777,None,https://www.google.com/maps/place/Pedal+Pub+Winnipeg/data=!4m7!3m6!1s0x52ea7161acb037c7:0x31ded1187c43ef3!8m2!3d49.8939!4d-97.134112!16s%2Fg%2F11rvfqg1ms!19sChIJxzewrGFx6lIR8z7EhxHtHQM?authuser=0&hl=en&g_ep=EgoyMDI2MDgyNS4wIJJjKgBIAVAD&rclk=1
bars in Winnipeg,Langside Grocery,info@langsidegrocery.com,https://www.langsidegrocery.com/,+1 204-477-8514,"Tock, OpenTable",https://www.google.com/maps/place/Langside+Grocery/data=!4m7!3m6!1s0x52ea73f9b8748477:0xac028e1bf70d3b61!8m2!3d49.8835789!4d-97.1567931!16s%2Fg%2F11f1gbnt6r!19sChIJd4R0uPlz6lIRYTsN9xuOAqw?authuser=0&hl=en&g_ep=EgoyMDI2MDgyNS4wIJJjKgBIAVAD&rclk=1
bars in Winnipeg,King's Head Pub,kingshead@kingshead.ca,http://www.kingshead.ca/,+1 204-957-7710,"Tock, ChowNow, OpenTable",https://www.google.com/maps/place/King%27s+Head+Pub/data=!4m7!3m6!1s0x52ea715c4fb610e5:0x2eac4b70253f1274!8m2!3d49.8988022!4d-97.1410024!16s%2Fg%2F1td4zhy4!19sChIJ5RC2T1xx6lIRdBI_JXBLrC4?authuser=0&hl=en&g_ep=EgoyMDI2MDgyNS4wIJJjKgBIAVAD&rclk=1
bars in Winnipeg,The Osborne Taphouse,"theosbornetaphouse@gmail..com, theosbornetaphouse@gmail.com",http://www.osbornetaphouse.ca/,+1 204-219-0477,"Tock, OpenTable",https://www.google.com/maps/place/The+Osborne+Taphouse/data=!4m7!3m6!1s0x52ea75316a8d11ef:0x625763b37d7c6f3a!8m2!3d49.8786142!4d-97.1458011!16s%2Fg%2F11mb0f78p1!19sChIJ7xGNajF16lIROm98fbNjV2I?authuser=0&hl=en&g_ep=EgoyMDI2MDgyNS4wIJJjKgBIAVAD&rclk=1
bars in Winnipeg,Public Domain,"jonpinhorn.typedesign@gmail.com, booking@publicdomain204.ca",http://www.publicdomain204.ca/,,None,https://www.google.com/maps/place/Public+Domain/data=!4m7!3m6!1s0x52ea73006ecea957:0xe3d36e93d7a4c168!8m2!3d49.8889298!4d-97.158293!16s%2Fg%2F11wg4m8506!19sChIJV6nObgBz6lIRaMGk15Nu0-M?authuser=0&hl=en&g_ep=EgoyMDI2MDgyNS4wIJJjKgBIAVAD&rclk=1
bars in Winnipeg,Cargo Bar,,,,None,https://www.google.com/maps/place/Cargo+Bar/data=!4m7!3m6!1s0x52ea75007e77ce6b:0xc45257206b94ef98!8m2!3d49.8133866!4d-97.1429257!16s%2Fg%2F11zcrsfx2d!19sChIJa853fgB16lIRmO-UayBXUsQ?authuser=0&hl=en&g_ep=EgoyMDI2MDgyNS4wIJJjKgBIAVAD&rclk=1
bars in Winnipeg,Brazen Hall Kitchen & Brewery,"sales@brazenhall.ca, info@brazenhall.ca",http://www.brazenhall.ca/,+1 204-453-7980,Toast,https://www.google.com/maps/place/Brazen+Hall+Kitchen+%26+Brewery/data=!4m7!3m6!1s0x52ea7423285ed7c3:0x77964a2bf8313c!8m2!3d49.8573857!4d-97.1511932!16s%2Fg%2F11cs1ss6qj!19sChIJw9deKCN06lIRPDH4K0qWdwA?authuser=0&hl=en&g_ep=EgoyMDI2MDgyNS4wIJJjKgBIAVAD&rclk=1
bars in Winnipeg,The Toad in the Hole,thetoadpubwinnipeg@gmail.com,http://thetoadpubwinnipeg.com/,+1 204-284-7201,Tock,https://www.google.com/maps/place/The+Toad+in+the+Hole/data=!4m7!3m6!1s0x52ea740034fecf71:0x2b9025bfac20b85c!8m2!3d49.8773376!4d-97.1445672!16s%2Fg%2F1tcw385w!19sChIJcc_-NAB06lIRXLggrL8lkCs?authuser=0&hl=en&g_ep=EgoyMDI2MDgyNS4wIJJjKgBIAVAD&rclk=1
bars in Winnipeg,Leopold's Tavern Winnipeg - Bridgwater,,http://www.leopoldstavern.com/,+1 855-522-5367,Toast,https://www.google.com/maps/place/Leopold%27s+Tavern+Winnipeg+-+Bridgwater/data=!4m7!3m6!1s0x52ea754a97c5a08d:0xf24c296f9b7600f0!8m2!3d49.7973921!4d-97.196117!16s%2Fg%2F11j2zhtzcn!19sChIJjaDFl0p16lIR8AB2m28pTPI?authuser=0&hl=en&g_ep=EgoyMDI2MDgyNS4wIJJjKgBIAVAD&rclk=1
bars in Winnipeg,ANAF Club 60,,,+1 204-942-8851,None,https://www.google.com/maps/place/ANAF+Club+60/data=!4m7!3m6!1s0x52ea74001861259f:0x38ed01375b044100!8m2!3d49.8799113!4d-97.1450844!16s%2Fg%2F11b6hl5r1p!19sChIJnyVhGAB06lIRAEEEWzcB7Tg?authuser=0&hl=en&g_ep=EgoyMDI2MDgyNS4wIJJjKgBIAVAD&rclk=1
bars in Winnipeg,Yellow Dog Tavern,,https://yellowdogtavern.ca/,+1 204-775-6676,None,https://www.google.com/maps/place/Yellow+Dog+Tavern/data=!4m7!3m6!1s0x52ea715935fbf1e3:0x9ca8a8c7a9167a5b!8m2!3d49.8962685!4d-97.1441631!16s%2Fg%2F1vc81gfc!19sChIJ4_H7NVlx6lIRW3oWqceoqJw?authuser=0&hl=en&g_ep=EgoyMDI2MDgyNS4wIJJjKgBIAVAD&rclk=1
bars in Winnipeg,Tapp's Neighbourhood Pub,tappsneighbourhoodpub.shop@gmail.com,https://tappsneighbourhoodpub.shop/,+1 204-256-4315,None,https://www.google.com/maps/place/Tapp%27s+Neighbourhood+Pub/data=!4m7!3m6!1s0x52ea766697096f5d:0x9243c1727db2a71c!8m2!3d49.8349814!4d-97.1127889!16s%2Fg%2F113j2w5_r!19sChIJXW8Jl2Z26lIRHKeyfXLBQ5I?authuser=0&hl=en&g_ep=EgoyMDI2MDgyNS4wIJJjKgBIAVAD&rclk=1
bars in Winnipeg,The Beer Can,,https://thebeercanwpg.com/,,"Tock, OpenTable",https://www.google.com/maps/place/The+Beer+Can/data=!4m7!3m6!1s0x52ea71507365cbc1:0x5f64836e64bfee02!8m2!3d49.8824626!4d-97.1501065!16s%2Fg%2F11q2yknh84!19sChIJwctlc1Bx6lIRAu6_ZG6DZF8?authuser=0&hl=en&g_ep=EgoyMDI2MDgyNS4wIJJjKgBIAVAD&rclk=1
bars in Winnipeg,Sonix Bar & Grill,,,+1 204-505-5669,None,https://www.google.com/maps/place/Sonix+Bar+%26+Grill/data=!4m7!3m6!1s0x52ea76a98b758c35:0xcba1ed74372565c5!8m2!3d49.875842!4d-97.1418389!16s%2Fg%2F11c6psbfz6!19sChIJNYx1i6l26lIRxWUlN3Ttocs?authuser=0&hl=en&g_ep=EgoyMDI2MDgyNS4wIJJjKgBIAVAD&rclk=1
bars in Winnipeg,Azmarino bar & lounge,,,,None,https://www.google.com/maps/place/Azmarino+bar+%26+lounge/data=!4m7!3m6!1s0x52ea730025213297:0xc3683c48bc688b1c!8m2!3d49.9069751!4d-97.1538665!16s%2Fg%2F11z0pd8ng5!19sChIJlzIhJQBz6lIRHItovEg8aMM?authuser=0&hl=en&g_ep=EgoyMDI2MDgyNS4wIJJjKgBIAVAD&rclk=1
bars in Winnipeg,Bar Italia,,,+1 204-452-1929,None,https://www.google.com/maps/place/Bar+Italia/data=!4m7!3m6!1s0x52ea740524870d07:0x59753f3256542d4a!8m2!3d49.871243!4d-97.152774!16s%2Fg%2F1tfzrkz4!19sChIJBw2HJAV06lIRSi1UVjI_dVk?authuser=0&hl=en&g_ep=EgoyMDI2MDgyNS4wIJJjKgBIAVAD&rclk=1
bars in Winnipeg,Erena bar and restaurant,,,+1 204-306-9724,None,https://www.google.com/maps/place/Erena+bar+and+restaurant/data=!4m7!3m6!1s0x52ea739deebeee41:0xf223a8a58d572c20!8m2!3d49.8959879!4d-97.1543564!16s%2Fg%2F11w8wrcsn_!19sChIJQe6-7p1z6lIRICxXjaWoI_I?authuser=0&hl=en&g_ep=EgoyMDI2MDgyNS4wIJJjKgBIAVAD&rclk=1
bars in Winnipeg,Amsterdam Tea Room and Bar,info@amsterdamtearoom.com,http://www.amsterdamtearoom.com/,+1 204-946-1777,None,https://www.google.com/maps/place/Amsterdam+Tea+Room+and+Bar/data=!4m7!3m6!1s0x52ea715c60b36067:0xb1a419d0d86fac3!8m2!3d49.8979688!4d-97.1401763!16s%2Fg%2F11bzvzcml0!19sChIJZ2CzYFxx6lIRw_qGDZ1BGgs?authuser=0&hl=en&g_ep=EgoyMDI2MDgyNS4wIJJjKgBIAVAD&rclk=1
bars in Winnipeg,Leopold's Tavern Winnipeg - Academy,,http://www.leopoldstavern.com/,+1 855-522-5367,Toast,https://www.google.com/maps/place/Leopold%27s+Tavern+Winnipeg+-+Academy/data=!4m7!3m6!1s0x52ea75984f420d27:0x4a47c30ffac2e29d!8m2!3d49.8736878!4d-97.1843126!16s%2Fg%2F11j0qhrnr1!19sChIJJw1CT5h16lIRneLC-g_DR0o?authuser=0&hl=en&g_ep=EgoyMDI2MDgyNS4wIJJjKgBIAVAD&rclk=1
bars in Winnipeg,Times Change(d) High And Lonesome Club,info@highandlonesomeclub.ca,http://www.highandlonesomeclub.ca/,+1 204-957-0982,Tock,https://www.google.com/maps/place/Times+Change%28d%29+High+And+Lonesome+Club/data=!4m7!3m6!1s0x52ea71507557ab25:0xfbd3d5f5e216a74f!8m2!3d49.8916866!4d-97.1367544!16s%2Fg%2F1tgcxqg7!19sChIJJatXdVBx6lIRT6cW4vXV0_s?authuser=0&hl=en&g_ep=EgoyMDI2MDgyNS4wIJJjKgBIAVAD&rclk=1
bars in Winnipeg,Devil May Care Brewing Company,"info@devilmaycarebrewing.com, taproom@devilmaycarebrewing.com",http://devilmaycarebrewing.com/,+1 431-816-1362,None,https://www.google.com/maps/place/Devil+May+Care+Brewing+Company/data=!4m7!3m6!1s0x52ea75130bd845a9:0x1fcfc2f6332fff85!8m2!3d49.8902754!4d-97.1370423!16s%2Fg%2F11h2jgcff6!19sChIJqUXYCxN16lIRhf8vM_bCzx8?authuser=0&hl=en&g_ep=EgoyMDI2MDgyNS4wIJJjKgBIAVAD&rclk=1
bars in Winnipeg,Thomas Hinds Sampling Room,events@thsamplingroom.com,https://www.thsamplingroom.com/,+1 204-942-0203,"Tock, OpenTable",https://www.google.com/maps/place/Thomas+Hinds+Sampling+Room/data=!4m7!3m6!1s0x52ea71f18f5a0eb3:0x92a4943af54c518c!8m2!3d49.8896278!4d-97.1440715!16s%2Fg%2F11s7dscddq!19sChIJsw5aj_Fx6lIRjFFM9TqUpJI?authuser=0&hl=en&g_ep=EgoyMDI2MDgyNS4wIJJjKgBIAVAD&rclk=1
bars in Winnipeg,Solera,"thebar@tabularasaosborne.com, chefmayi@tabularasaosborne.com",https://www.tabularasaosborne.com/solera,+1 204-219-2276,"Tock, TableAgent, OpenTable",https://www.google.com/maps/place/Solera/data=!4m7!3m6!1s0x52ea772cf33489e9:0x6c0ad862fd3bcb0c!8m2!3d49.8615116!4d-97.1317103!16s%2Fg%2F11sjyjnz2d!19sChIJ6Yk08yx36lIRDMs7_WLYCmw?authuser=0&hl=en&g_ep=EgoyMDI2MDgyNS4wIJJjKgBIAVAD&rclk=1
bars in Winnipeg,The Oxbow | Natural Wine Bar & Restaurant,oxbowwpg@gmail.com,http://www.oxbowwpg.ca/,+1 204-691-5373,"Tock, Resy, OpenTable",https://www.google.com/maps/place/The+Oxbow+%7C+Natural+Wine+Bar+%26+Restaurant/data=!4m7!3m6!1s0x52ea76a3dfe2b395:0x18a197cce8da4f98!8m2!3d49.864869!4d-97.1344371!16s%2Fg%2F11gf8hhpyt!19sChIJlbPi36N26lIRmE_a6MyXoRg?authuser=0&hl=en&g_ep=EgoyMDI2MDgyNS4wIJJjKgBIAVAD&rclk=1
bars in Winnipeg,Encore Lounge & Patio,,,+1 204-504-7500,None,https://www.google.com/maps/place/Encore+Lounge+%26+Patio/data=!4m7!3m6!1s0x52ea770012cef07b:0xd279732c3a1c5785!8m2!3d49.8760266!4d-97.1428688!16s%2Fg%2F11ms392rsg!19sChIJe_DOEgB36lIRhVccOixzedI?authuser=0&hl=en&g_ep=EgoyMDI2MDgyNS4wIJJjKgBIAVAD&rclk=1
bars in Winnipeg,Confusion Corner Drinks + Food,hello@ccdrinksandfood.com,http://www.ccdrinksandfood.com/,+1 204-284-6666,"Tock, OpenTable",https://www.google.com/maps/place/Confusion+Corner+Drinks+%2B+Food/data=!4m7!3m6!1s0x52ea740279b6da9d:0x97cf5534f313bd6!8m2!3d49.8739191!4d-97.143445!16s%2Fg%2F1tsjd9lf!19sChIJndq2eQJ06lIR1jsxT1P1fAk?authuser=0&hl=en&g_ep=EgoyMDI2MDgyNS4wIJJjKgBIAVAD&rclk=1
bars in Winnipeg,AGIT Karaoke Bar & Restaurant,,,+1 204-227-4794,None,https://www.google.com/maps/place/AGIT+Karaoke+Bar+%26+Restaurant/data=!4m7!3m6!1s0x52ea740036bb1a0b:0x74c514bc2562710e!8m2!3d49.8785095!4d-97.1457061!16s%2Fg%2F11c6lvtzsr!19sChIJCxq7NgB06lIRDnFiJbwUxXQ?authuser=0&hl=en&g_ep=EgoyMDI2MDgyNS4wIJJjKgBIAVAD&rclk=1
bars in Winnipeg,The Wood Tavern,info@thewoodtavern.com,https://www.thewoodtavern.com/?utm_source=google&utm_medium=organic&utm_campaign=GMB,+1 204-235-6003,"OpenTable, SevenRooms",https://www.google.com/maps/place/The+Wood+Tavern/data=!4m7!3m6!1s0x52ea76b4c0da8eab:0x1974544a851e31a3!8m2!3d49.881277!4d-97.1241113!16s%2Fg%2F1tg8jd12!19sChIJq47awLR26lIRozEehUpUdBk?authuser=0&hl=en&g_ep=EgoyMDI2MDgyNS4wIJJjKgBIAVAD&rclk=1
bars in Winnipeg,The Riverside: Tap & Table,"info@theriversidewinnipeg.com, theriversidewinnipeg@gmail.com, j.doe@inbox.com",https://theriversidewinnipeg.com/tap-table-sports-bar-lounge/,+1 204-231-1463,None,https://www.google.com/maps/place/The+Riverside:+Tap+%26+Table/data=!4m7!3m6!1s0x52ea76c16d0773ef:0x3464c07ecadf1ac7!8m2!3d49.8669283!4d-97.1104235!16s%2Fg%2F1tfcsws8!19sChIJ73MHbcF26lIRxxrfyn7AZDQ?authuser=0&hl=en&g_ep=EgoyMDI2MDgyNS4wIJJjKgBIAVAD&rclk=1
bars in Winnipeg,Must Be The Place,,https://instagram.com/mustbetheplacewpg?igshid=OGQ5ZDc2ODk2ZA==,,"Tock, Resy",https://www.google.com/maps/place/Must+Be+The+Place/data=!4m7!3m6!1s0x52ea759fd2096b05:0xae1605ee7c5cfa72!8m2!3d49.8772538!4d-97.1454652!16s%2Fg%2F11l6bsvc45!19sChIJBWsJ0p916lIRcvpcfO4FFq4?authuser=0&hl=en&g_ep=EgoyMDI2MDgyNS4wIJJjKgBIAVAD&rclk=1
bars in Winnipeg,Blue Note Park,info@highandlonesomeclub.ca,http://www.highandlonesomeclub.ca/,+1 204-957-0982,Tock,https://www.google.com/maps/place/Blue+Note+Park/data=!4m7!3m6!1s0x52ea71b273e8d043:0xeb28694465d3ebf5!8m2!3d49.8913852!4d-97.1365816!16s%2Fg%2F11mxwtq7pq!19sChIJQ9Doc7Jx6lIR9evTZURpKOs?authuser=0&hl=en&g_ep=EgoyMDI2MDgyNS4wIJJjKgBIAVAD&rclk=1
resorts in Winnipeg,Fairmont Winnipeg,winnipeg@fairmont.com,https://www.fairmont.com/winnipeg/?goto=fiche_hotel&code_hotel=A592&merchantid=seo-maps-CA-A592&sourceid=aw-cen&utm_medium=seo%20maps&utm_source=google%20Maps&utm_campaign=seo%20maps,+1 204-957-1350,None,https://www.google.com/maps/place/Fairmont+Winnipeg/data=!4m10!3m9!1s0x52ea715b3f436f63:0xc21197da2ad3a0a!5m2!4m1!1i2!8m2!3d49.8958415!4d-97.1369873!16s%2Fg%2F1hc8xs9vl!19sChIJY29DP1tx6lIRCjqton0ZIQw?authuser=0&hl=en&g_ep=EgoyMDI2MDgyNS4wIJJjKgBIAVAD&rclk=1
resorts in Winnipeg,Mariaggi's Theme Suite Hotel and Spa,info@mariaggis.com,http://mariaggis.com/,+1 204-947-9447,None,https://www.google.com/maps/place/Mariaggi%27s+Theme+Suite+Hotel+and+Spa/data=!4m10!3m9!1s0x52ea715c71c22a71:0xa52c1631101f6490!5m2!4m1!1i2!8m2!3d49.8973077!4d-97.1405993!16s%2Fg%2F1tk22lhc!19sChIJcSrCcVxx6lIRkGQfEDEWLKU?authuser=0&hl=en&g_ep=EgoyMDI2MDgyNS4wIJJjKgBIAVAD&rclk=1
restaurants in Quebec City,Beclub,,http://www.beclub.ca/,+1 418-692-5488,None,https://www.google.com/maps/place/Beclub/data=!4m7!3m6!1s0x4cb895df05c79967:0x396df5195a210985!8m2!3d46.8138982!4d-71.2115054!16s%2Fg%2F11c5224ypt!19sChIJZ5nHBd-VuEwRhQkhWhn1bTk?authuser=0&hl=en&g_ep=EgoyMDI2MDgyNS4wIJJjKgBIAVAD&rclk=1
restaurants in Quebec City,Au Petit Chalet,,http://aupetitchalet.com/,+1 418-527-9009,OpenTable,https://www.google.com/maps/place/Au+Petit+Chalet/data=!4m7!3m6!1s0x4cb895c97e3de8a9:0x7e319d0f642b62b7!8m2!3d46.8068357!4d-71.2160507!16s%2Fg%2F11kq6sf61d!19sChIJqeg9fsmVuEwRt2IrZA-dMX4?authuser=0&hl=en&g_ep=EgoyMDI2MDgyNS4wIJJjKgBIAVAD&rclk=1
restaurants in Quebec City,Q de Sac • Resto de quartier,info@qdesac.ca,https://qdesac.ca/,+1 418-692-4862,Tock,https://www.google.com/maps/place/Q+de+Sac+%E2%80%A2+Resto+de+quartier/data=!4m7!3m6!1s0x4cb895dce435fb9f:0x2f0608409d2e2c7d!8m2!3d46.81241!4d-71.2033904!16s%2Fg%2F11b6b9qbnt!19sChIJn_s15NyVuEwRfSwunUAIBi8?authuser=0&hl=en&g_ep=EgoyMDI2MDgyNS4wIJJjKgBIAVAD&rclk=1
restaurants in Quebec City,La Buchette,,https://www.labuchette.ca/?utm_source=google&utm_medium=organic+&utm_campaign=gbp,+1 581-504-9550,None,https://www.google.com/maps/place/La+Buchette/data=!4m7!3m6!1s0x4cb8954863139327:0x179506d4db99da4!8m2!3d46.8131322!4d-71.2064395!16s%2Fg%2F11vjq1pntr!19sChIJJ5MTY0iVuEwRpJ25TW1QeQE?authuser=0&hl=en&g_ep=EgoyMDI2MDgyNS4wIJJjKgBIAVAD&rclk=1
restaurants in Quebec City,Le Don Restaurant,,https://donresto.com/?utm_source=google&utm_medium=organic+&utm_campaign=gbp,+1 581-812-0326,None,https://www.google.com/maps/place/Le+Don+Restaurant/data=!4m7!3m6!1s0x4cb89530636cfff3:0x3a2e3a1a6e3b0ee4!8m2!3d46.8161592!4d-71.2037947!16s%2Fg%2F11fljg1xv_!19sChIJ8_9sYzCVuEwR5A47bho6Ljo?authuser=0&hl=en&g_ep=EgoyMDI2MDgyNS4wIJJjKgBIAVAD&rclk=1
restaurants in Quebec City,Coteau,info@restaurantcoteau.com,https://restaurantcoteau.com/,+1 418-692-1022,None,https://www.google.com/maps/place/Coteau/data=!4m7!3m6!1s0x4cb895853a3e0fdf:0xd95ef79fc37e6771!8m2!3d46.8145636!4d-71.201953!16s%2Fg%2F11yjhkbz1b!19sChIJ3w8-OoWVuEwRcWd-w5_3Xtk?authuser=0&hl=en&g_ep=EgoyMDI2MDgyNS4wIJJjKgBIAVAD&rclk=1
restaurants in Quebec City,La Planque,info@laplanquerestaurant.com,http://laplanquerestaurant.com/,+1 418-914-8780,Tock,https://www.google.com/maps/place/La+Planque/data=!4m7!3m6!1s0x4cb89616f1d1ef47:0x45b6a32a2eefd0b1!8m2!3d46.8266573!4d-71.2301795!16s%2Fg%2F11xk8fcjw!19sChIJR-_R8RaWuEwRsdDvLiqjtkU?authuser=0&hl=en&g_ep=EgoyMDI2MDgyNS4wIJJjKgBIAVAD&rclk=1
restaurants in Quebec City,Restaurant Le Renversant,,https://lerenversant.base44.app/Home,+1 418-692-0069,None,https://www.google.com/maps/place/Restaurant+Le+Renversant/data=!4m7!3m6!1s0x4cb89500457e7481:0xbfeec7cfe5db53b4!8m2!3d46.8166994!4d-71.2116057!16s%2Fg%2F11yfnrttl1!19sChIJgXR-RQCVuEwRtFPb5c_H7r8?authuser=0&hl=en&g_ep=EgoyMDI2MDgyNS4wIJJjKgBIAVAD&rclk=1
restaurants in Quebec City,Chez Yên Vietnamese restaurant,,,+1 367-382-8787,None,https://www.google.com/maps/place/Chez+Y%C3%AAn+Vietnamese+restaurant/data=!4m7!3m6!1s0x4cb897940d8bde95:0x91e4f96642d0e4c0!8m2!3d46.809501!4d-71.2210356!16s%2Fg%2F11xkn3m70b!19sChIJld6LDZSXuEwRwOTQQmb55JE?authuser=0&hl=en&g_ep=EgoyMDI2MDgyNS4wIJJjKgBIAVAD&rclk=1
restaurants in Quebec City,La Cuisine,barlacuisine@hotmail.com,http://www.barlacuisine.com/,+1 418-523-3387,"Tock, OpenTable",https://www.google.com/maps/place/La+Cuisine/data=!4m7!3m6!1s0x4cb89670572c0481:0xbe0c31b86041f2e8!8m2!3d46.8114329!4d-71.2274065!16s%2Fg%2F1tfd6l1h!19sChIJgQQsV3CWuEwR6PJBYLgxDL4?authuser=0&hl=en&g_ep=EgoyMDI2MDgyNS4wIJJjKgBIAVAD&rclk=1
restaurants in Quebec City,Restaurant Ouroboros,,https://booking.libroreserve.com/2547780f17221b8/QC016789048186/seat,+1 418-614-2325,None,https://www.google.com/maps/place/Restaurant+Ouroboros/data=!4m7!3m6!1s0x4cb897622f1e096f:0xe523f44ced5bdcb9!8m2!3d46.8126129!4d-71.2293282!16s%2Fg%2F11khbtsr0j!19sChIJbwkeL2KXuEwRudxb7Uz0I-U?authuser=0&hl=en&g_ep=EgoyMDI2MDgyNS4wIJJjKgBIAVAD&rclk=1
restaurants in Quebec City,Les Trois Garçons,,http://bistro3garcons.com/,+1 418-692-3900,None,https://www.google.com/maps/place/Les+Trois+Gar%C3%A7ons/data=!4m7!3m6!1s0x4cb895df0307f6d7:0x9b3e31f45c89855b!8m2!3d46.8138001!4d-71.2111505!16s%2Fg%2F1tplpy2q!19sChIJ1_YHA9-VuEwRW4WJXPQxPps?authuser=0&hl=en&g_ep=EgoyMDI2MDgyNS4wIJJjKgBIAVAD&rclk=1
restaurants in Quebec City,Restaurant Tanière³,info@restaurantlataniere.com,https://taniere3.com/,+1 418-872-4386,Tock,https://www.google.com/maps/place/Restaurant+Tani%C3%A8re%C2%B3/data=!4m7!3m6!1s0x4cb89bbb72347bfd:0x8ec1933e0a31389a!8m2!3d46.8135708!4d-71.2022761!16s%2Fm%2F0b_lsmf!19sChIJ_Xs0crubuEwRmjgxCj6TwY4?authuser=0&hl=en&g_ep=EgoyMDI2MDgyNS4wIJJjKgBIAVAD&rclk=1
restaurants in Quebec City,LE CONTINENTAL - Cuisine Française - Fruits de Mer / Homard / Steak - Flambé,continental@webnet.qc.ca,http://www.restaurantlecontinental.com/,+1 418-694-9995,None,https://www.google.com/maps/place/LE+CONTINENTAL+-+Cuisine+Fran%C3%A7aise+-+Fruits+de+Mer+%2F+Homard+%2F+Steak+-+Flamb%C3%A9/data=!4m7!3m6!1s0x4cb895dc13b98153:0x6092b249d8701e42!8m2!3d46.8119025!4d-71.2069721!16s%2Fm%2F0b_80vm!19sChIJU4G5E9yVuEwRQh5w2EmykmA?authuser=0&hl=en&g_ep=EgoyMDI2MDgyNS4wIJJjKgBIAVAD&rclk=1
restaurants in Quebec City,Savini - Vieux-Québec (Rue St-Anne),info@lesavini.com,https://lesavini.ca/,+1 418-692-4447,OpenTable,https://www.google.com/maps/place/Savini+-+Vieux-Qu%C3%A9bec+%28Rue+St-Anne%29/data=!4m7!3m6!1s0x4cb895bb1ad6c907:0x3917e395008204aa!8m2!3d46.8131448!4d-71.2066291!16s%2Fg%2F11xckd_r81!19sChIJB8nWGruVuEwRqgSCAJXjFzk?authuser=0&hl=en&g_ep=EgoyMDI2MDgyNS4wIJJjKgBIAVAD&rclk=1
restaurants in Quebec City,Restaurant Le Fin Gourmet,"resto@lefingourmet.ca, elsa.lefingourmet@gmail.com",http://www.lefingourmet.ca/,+1 418-682-5849,None,https://www.google.com/maps/place/Restaurant+Le+Fin+Gourmet/data=!4m7!3m6!1s0x4cb89660c462f3a7:0xe01f6bcae8915d93!8m2!3d46.8067989!4d-71.2458054!16s%2Fg%2F1thgb1ks!19sChIJp_NixGCWuEwRk12R6MprH-A?authuser=0&hl=en&g_ep=EgoyMDI2MDgyNS4wIJJjKgBIAVAD&rclk=1
restaurants in Quebec City,Louise Taverne & Bar à Vin & Déjeuner,,http://www.louisetaverne.ca/,+1 418-780-7255,None,https://www.google.com/maps/place/Louise+Taverne+%26+Bar+%C3%A0+Vin+%26+D%C3%A9jeuner/data=!4m7!3m6!1s0x4cb895e714c21df5:0xdf19ef5961781fff!8m2!3d46.8163799!4d-71.2030837!16s%2Fg%2F11gbf7q5wd!19sChIJ9R3CFOeVuEwR_x94YVnvGd8?authuser=0&hl=en&g_ep=EgoyMDI2MDgyNS4wIJJjKgBIAVAD&rclk=1
restaurants in Quebec City,Restaurant Shiraz رستوران شیراز,info@restaurantshiraz.com,http://restaurantshiraz.com/,+1 418-522-3434,None,https://www.google.com/maps/place/Restaurant+Shiraz+%D8%B1%D8%B3%D8%AA%D9%88%D8%B1%D8%A7%D9%86+%D8%B4%DB%8C%D8%B1%D8%A7%D8%B2%E2%80%AD/data=!4m7!3m6!1s0x4cb8979aa8d220bd:0x3ddb1c8e503fe241!8m2!3d46.8059588!4d-71.2168017!16s%2Fg%2F11p615h7b3!19sChIJvSDSqJqXuEwRQeI_UI4c2z0?authuser=0&hl=en&g_ep=EgoyMDI2MDgyNS4wIJJjKgBIAVAD&rclk=1
restaurants in Quebec City,Légende,,https://www.restaurantlegende.com/,+1 418-614-2555,Tock,https://www.google.com/maps/place/L%C3%A9gende/data=!4m7!3m6!1s0x4cb895e073b76ff3:0x20d03f5984ba2f39!8m2!3d46.8168778!4d-71.2100722!16s%2Fg%2F1q5bq7gsy!19sChIJ82-3c-CVuEwROS-6hFk_0CA?authuser=0&hl=en&g_ep=EgoyMDI2MDgyNS4wIJJjKgBIAVAD&rclk=1
restaurants in Quebec City,Bistro L'Orygine,"info@lorygine.com, info@restaurantlataniere.com",https://lorygine.com/,+1 418-872-4386,Tock,https://www.google.com/maps/place/Bistro+L%27Orygine/data=!4m7!3m6!1s0x4cb895bb2edb3091:0xcb054fd139e60875!8m2!3d46.8133619!4d-71.2023447!16s%2Fg%2F11hdl369h1!19sChIJkTDbLruVuEwRdQjmOdFPBcs?authuser=0&hl=en&g_ep=EgoyMDI2MDgyNS4wIJJjKgBIAVAD&rclk=1
restaurants in Quebec City,Chez Boulay-bistro boréal,"info@chezboulay.com, vincent@chezboulay.com, claquerre@manoir-victoria.com, groupe@chezboulay.com",http://chezboulay.com/,+1 418-380-8166,None,https://www.google.com/maps/place/Chez+Boulay-bistro+bor%C3%A9al/data=!4m7!3m6!1s0x4cb895df01dcf5a3:0xff6efc3c05b30477!8m2!3d46.8140149!4d-71.2108079!16s%2Fg%2F113k9m5bd!19sChIJo_XcAd-VuEwRdwSzBTz8bv8?authuser=0&hl=en&g_ep=EgoyMDI2MDgyNS4wIJJjKgBIAVAD&rclk=1
restaurants in Quebec City,Steak Avenue - Vieux-Québec,"info@steakavenue.ca, info@steakavenue.com",http://steakavenue.com/,+1 418-948-5333,"Tock, OpenTable",https://www.google.com/maps/place/Steak+Avenue+-+Vieux-Qu%C3%A9bec/data=!4m7!3m6!1s0x4cb895001c70b7a9:0x9eb500ebfdf41789!8m2!3d46.8144022!4d-71.2033087!16s%2Fg%2F11x1v1wyg0!19sChIJqbdwHACVuEwRiRf0_esAtZ4?authuser=0&hl=en&g_ep=EgoyMDI2MDgyNS4wIJJjKgBIAVAD&rclk=1
restaurants in Quebec City,Buvette Scott,,http://buvettescott.com/,+1 581-741-4464,None,https://www.google.com/maps/place/Buvette+Scott/data=!4m7!3m6!1s0x4cb896777410978d:0x45da9b060af6e8ed!8m2!3d46.8092443!4d-71.2211573!16s%2Fg%2F11b6p2xx4r!19sChIJjZcQdHeWuEwR7ej2Cgab2kU?authuser=0&hl=en&g_ep=EgoyMDI2MDgyNS4wIJJjKgBIAVAD&rclk=1
restaurants in Quebec City,L'Antiquaire Buffet,,https://lebuffetdelantiquaire.com/,+1 418-692-2661,None,https://www.google.com/maps/place/L%27Antiquaire+Buffet/data=!4m7!3m6!1s0x4cb895e74542b919:0xc6918dc14b61ff7a!8m2!3d46.8162826!4d-71.2045509!16s%2Fg%2F1tgh7521!19sChIJGblCReeVuEwRev9hS8GNkcY?authuser=0&hl=en&g_ep=EgoyMDI2MDgyNS4wIJJjKgBIAVAD&rclk=1
restaurants in Quebec City,L'Atelier,info@bistrolatelier.com,http://www.bistrolatelier.com/,4185222225,OpenTable,https://www.google.com/maps/place/L%27Atelier/data=!4m7!3m6!1s0x4cb895d7a2f427e7:0xcec7433dc776e136!8m2!3d46.8063913!4d-71.2167826!16s%2Fg%2F11cp7qs9cq!19sChIJ5yf0oteVuEwRNuF2xz1Dx84?authuser=0&hl=en&g_ep=EgoyMDI2MDgyNS4wIJJjKgBIAVAD&rclk=1
restaurants in Quebec City,Le Clocher Penché,"groupe@clocherpenche.ca, info@clocherpenche.ca",https://clocherpenche.ca/,+1 418-640-0597,None,https://www.google.com/maps/place/Le+Clocher+Pench%C3%A9/data=!4m7!3m6!1s0x4cb89671c45f1349:0x885475b7f8122702!8m2!3d46.8129424!4d-71.2283053!16s%2Fm%2F0b_wcb0!19sChIJSRNfxHGWuEwRAicS-Ld1VIg?authuser=0&hl=en&g_ep=EgoyMDI2MDgyNS4wIJJjKgBIAVAD&rclk=1
restaurants in Quebec City,Cochon Dingue,,https://www.cochondingue.com/,+1 418-523-2013,Tock,https://www.google.com/maps/place/Cochon+Dingue/data=!4m7!3m6!1s0x4cb895dceacc2729:0xa106b6e72d9ea230!8m2!3d46.8131151!4d-71.2126578!16s%2Fg%2F1tj1m3bk!19sChIJKSfM6tyVuEwRMKKeLee2BqE?authuser=0&hl=en&g_ep=EgoyMDI2MDgyNS4wIJJjKgBIAVAD&rclk=1
restaurants in Quebec City,Cochon Dingue Champlain,,https://www.cochondingue.com/,+1 418-692-2013,Tock,https://www.google.com/maps/place/Cochon+Dingue+Champlain/data=!4m7!3m6!1s0x4cb895dc95338587:0x922e5896b7804693!8m2!3d46.8115192!4d-71.2034036!16s%2Fg%2F11bwn88rv8!19sChIJh4UzldyVuEwRk0aAt5ZYLpI?authuser=0&hl=en&g_ep=EgoyMDI2MDgyNS4wIJJjKgBIAVAD&rclk=1
restaurants in Quebec City,Aux Anciens Canadiens,,http://www.auxancienscanadiens.qc.ca/,+1 418-692-1627,None,https://www.google.com/maps/place/Aux+Anciens+Canadiens/data=!4m7!3m6!1s0x4cb895dc0e1b2183:0xa3cc75689e496a33!8m2!3d46.811747!4d-71.207389!16s%2Fg%2F1tlkbzwn!19sChIJgyEbDtyVuEwRM2pJnmh1zKM?authuser=0&hl=en&g_ep=EgoyMDI2MDgyNS4wIJJjKgBIAVAD&rclk=1
restaurants in Quebec City,lueur,lueur@laurieraphael.com,http://laurieraphael.com/lueur,+1 418-692-4555,None,https://www.google.com/maps/place/lueur/data=!4m7!3m6!1s0x4cb895003a21f78d:0x70a046e04f3ae545!8m2!3d46.816934!4d-71.2028549!16s%2Fg%2F11w4tr5gzb!19sChIJjfchOgCVuEwRReU6T-BGoHA?authuser=0&hl=en&g_ep=EgoyMDI2MDgyNS4wIJJjKgBIAVAD&rclk=1
restaurants in Quebec City,Le Chic Shack,info@lechicshack.ca,https://www.lechicshack.ca/menu,+1 418-692-1485,None,https://www.google.com/maps/place/Le+Chic+Shack/data=!4m7!3m6!1s0x4cb895dc4cf0cd7d:0x1c8910daa1cb8dc8!8m2!3d46.8130894!4d-71.2052621!16s%2Fg%2F1262zt6hx!19sChIJfc3wTNyVuEwRyI3LodoQiRw?authuser=0&hl=en&g_ep=EgoyMDI2MDgyNS4wIJJjKgBIAVAD&rclk=1
restaurants in Quebec City,"Croisières AML · Vieux-Québec | Croisières, tours guidés, restaurant et observation des baleines",,https://www.croisieresaml.com/,+1 866-856-6668,Tock,"https://www.google.com/maps/place/Croisi%C3%A8res+AML+%C2%B7+Vieux-Qu%C3%A9bec+%7C+Croisi%C3%A8res,+tours+guid%C3%A9s,+restaurant+et+observation+des+baleines/data=!4m7!3m6!1s0x4cb895dd2899da6d:0x26c866f953061a52!8m2!3d46.813227!4d-71.201171!16s%2Fg%2F11b6gh7xfj!19sChIJbdqZKN2VuEwRUhoGU_lmyCY?authuser=0&hl=en&g_ep=EgoyMDI2MDgyNS4wIJJjKgBIAVAD&rclk=1"
restaurants in Quebec City,L'Affaire est ketchup,laffaireestketchup@gmail.com,https://www.facebook.com/laffaireest.ketchup/,+1 418-529-9020,"Tock, Resy",https://www.google.com/maps/place/L%27Affaire+est+ketchup/data=!4m7!3m6!1s0x4cb8966fd364dddb:0x913f33a7b9d5857a!8m2!3d46.8124389!4d-71.2305139!16s%2Fg%2F1th0b0xs!19sChIJ291k02-WuEwReoXVuaczP5E?authuser=0&hl=en&g_ep=EgoyMDI2MDgyNS4wIJJjKgBIAVAD&rclk=1
restaurants in Quebec City,Honō Izakaya,info@honorestos.com,https://izakaya.honorestos.com/,,OpenTable,https://www.google.com/maps/place/Hon%C5%8D+Izakaya/data=!4m7!3m6!1s0x4cb8967385834adb:0x28c0c4d9d903357d!8m2!3d46.8154139!4d-71.2213!16s%2Fg%2F11f4prctf_!19sChIJ20qDhXOWuEwRfTUD2dnEwCg?authuser=0&hl=en&g_ep=EgoyMDI2MDgyNS4wIJJjKgBIAVAD&rclk=1
restaurants in Quebec City,Le Lapin Sauté,,http://www.lapinsaute.com/,+1 418-692-5325,None,https://www.google.com/maps/place/Le+Lapin+Saut%C3%A9/data=!4m7!3m6!1s0x4cb895dcec75e2a3:0xd99808aaf89e3e0a!8m2!3d46.811835!4d-71.2036443!16s%2Fg%2F1v_w1zlt!19sChIJo-J17NyVuEwRCj6e-KoImNk?authuser=0&hl=en&g_ep=EgoyMDI2MDgyNS4wIJJjKgBIAVAD&rclk=1
restaurants in Quebec City,Chez Temporel,,http://cheztemporel.com/,+1 418-694-1813,None,https://www.google.com/maps/place/Chez+Temporel/data=!4m7!3m6!1s0x4cb895de3e5b3ee1:0xa37956a8aa78260f!8m2!3d46.8151518!4d-71.2082509!16s%2Fg%2F1tf5dbr5!19sChIJ4T5bPt6VuEwRDyZ4qqhWeaM?authuser=0&hl=en&g_ep=EgoyMDI2MDgyNS4wIJJjKgBIAVAD&rclk=1
restaurants in Quebec City,Le Café du Monde,,http://www.lecafedumonde.com/,+1 418-692-4455,None,https://www.google.com/maps/place/Le+Caf%C3%A9+du+Monde/data=!4m7!3m6!1s0x4cb895e7e959ef93:0xfa933ebfaf6f1e06!8m2!3d46.81694!4d-71.200502!16s%2Fg%2F1tf2rv6d!19sChIJk-9Z6eeVuEwRBh5vr78-k_o?authuser=0&hl=en&g_ep=EgoyMDI2MDgyNS4wIJJjKgBIAVAD&rclk=1
restaurants in Quebec City,Le Bedeau,"info@lebedeau.com, vincent@chezboulay.com",http://lebedeau.com/,+1 418-641-1236,None,https://www.google.com/maps/place/Le+Bedeau/data=!4m7!3m6!1s0x4cb8958a778e9b65:0x3ad81ee156620b49!8m2!3d46.8140268!4d-71.2109192!16s%2Fg%2F11t4f1c0b4!19sChIJZZuOd4qVuEwRSQtiVuEe2Do?authuser=0&hl=en&g_ep=EgoyMDI2MDgyNS4wIJJjKgBIAVAD&rclk=1
restaurants in Quebec City,Restaurant La Buche,evenementsbuche@gmail.com,https://www.restolabuche.com/?utm_source=google&utm_medium=organic+&utm_campaign=gbp,+1 581-504-6894,None,https://www.google.com/maps/place/Restaurant+La+Buche/data=!4m7!3m6!1s0x4cb895dc07da2ebf:0x8f68bcf3eb8c9fe8!8m2!3d46.8112571!4d-71.2080071!16s%2Fg%2F11bw46l_q5!19sChIJvy7aB9yVuEwR6J-M6_O8aI8?authuser=0&hl=en&g_ep=EgoyMDI2MDgyNS4wIJJjKgBIAVAD&rclk=1
restaurants in Quebec City,1640 Bistro,info@bistro1640.com,http://www.bistro1640.com/,+1 418-694-9063,None,https://www.google.com/maps/place/1640+Bistro/data=!4m7!3m6!1s0x4cb895dc35db8369:0x12301dc5ce8df6ea!8m2!3d46.8130729!4d-71.2058346!16s%2Fg%2F1tfkf5sh!19sChIJaYPbNdyVuEwR6vaNzsUdMBI?authuser=0&hl=en&g_ep=EgoyMDI2MDgyNS4wIJJjKgBIAVAD&rclk=1
restaurants in Quebec City,Le Cendrillon,info@lecendrillonrestaurant.com,http://lecendrillonrestaurant.com/,+1 418-914-9838,None,https://www.google.com/maps/place/Le+Cendrillon/data=!4m7!3m6!1s0x4cb89616f023919b:0xfa00c2e098e8092d!8m2!3d46.8266785!4d-71.2302826!16s%2Fg%2F11bxdztrpq!19sChIJm5Ej8BaWuEwRLQnomODCAPo?authuser=0&hl=en&g_ep=EgoyMDI2MDgyNS4wIJJjKgBIAVAD&rclk=1
restaurants in Quebec City,"Laurie Raphaël, Quebec City",,http://www.laurieraphael.com/,+1 418-692-4555,None,"https://www.google.com/maps/place/Laurie+Rapha%C3%ABl,+Quebec+City/data=!4m7!3m6!1s0x4cb895e710d1fd83:0x8320d51452405a76!8m2!3d46.8170546!4d-71.2026179!16s%2Fm%2F0vxz9vr!19sChIJg_3REOeVuEwRdlpAUhTVIIM?authuser=0&hl=en&g_ep=EgoyMDI2MDgyNS4wIJJjKgBIAVAD&rclk=1"
restaurants in Quebec City,Archibald Microbrasserie,"infolb@archibaldrestaurants.ca, at@dresto.com, infosf@archibaldrestaurants.ca, commandite@archibaldrestaurants.ca, infoqc@archibaldrestaurants.ca, commentaires@archibaldrestaurants.ca, infoadm@archibaldrestaurants.ca, emploi@archibaldmicrobrasserie.ca, info@archibaldmicrobrasserie.ca, blainville@archibaldrestaurants.ca",https://www.archibaldmicrobrasserie.ca/,+1 418-694-9144,OpenTable,https://www.google.com/maps/place/Archibald+Microbrasserie/data=!4m7!3m6!1s0x4cb895b1ceea983f:0xa6b2b6562a6f49d1!8m2!3d46.8124707!4d-71.2027752!16s%2Fg%2F1tfkqccb!19sChIJP5jqzrGVuEwR0UlvKla2sqY?authuser=0&hl=en&g_ep=EgoyMDI2MDgyNS4wIJJjKgBIAVAD&rclk=1
restaurants in Quebec City,Restaurant Le Clan,"info@restaurantleclan.com, pbourgeois@yankeemedia.ca",https://restaurantleclan.com/,+1 418-692-0333,None,https://www.google.com/maps/place/Restaurant+Le+Clan/data=!4m7!3m6!1s0x4cb8958f2eee4003:0x928ea878a9c22f38!8m2!3d46.811858!4d-71.2074429!16s%2Fg%2F11rffbl44c!19sChIJA0DuLo-VuEwROC_CqXiojpI?authuser=0&hl=en&g_ep=EgoyMDI2MDgyNS4wIJJjKgBIAVAD&rclk=1
restaurants in Quebec City,Ciel! Bistro-bar,,http://www.cielbistrobar.com/,+1 418-640-5802,None,https://www.google.com/maps/place/Ciel!+Bistro-bar/data=!4m7!3m6!1s0x4cb895d652d29015:0xbe2acdd0f25a91d2!8m2!3d46.8053146!4d-71.2172325!16s%2Fg%2F11btlmn2b0!19sChIJFZDSUtaVuEwR0pFa8tDNKr4?authuser=0&hl=en&g_ep=EgoyMDI2MDgyNS4wIJJjKgBIAVAD&rclk=1
restaurants in Quebec City,Va Bene bar antipasto,info@bistrovabene.com,http://www.bistrovabene.com/,+1 418-694-0852,None,https://www.google.com/maps/place/Va+Bene+bar+antipasto/data=!4m7!3m6!1s0x4cb895af595dd441:0x115ddb8074ad55d2!8m2!3d46.8127048!4d-71.2032492!16s%2Fg%2F11v0s4xhrc!19sChIJQdRdWa-VuEwR0lWtdIDbXRE?authuser=0&hl=en&g_ep=EgoyMDI2MDgyNS4wIJJjKgBIAVAD&rclk=1
restaurants in Quebec City,Chez Rioux & Pettigrew,info@chezrioux.com,http://www.chezriouxetpettigrew.com/,+1 418-694-4448,None,https://www.google.com/maps/place/Chez+Rioux+%26+Pettigrew/data=!4m7!3m6!1s0x4cb895e76c115c39:0xba1c41f370b5028a!8m2!3d46.8166986!4d-71.2067761!16s%2Fg%2F12hl80wvc!19sChIJOVwRbOeVuEwRigK1cPNBHLo?authuser=0&hl=en&g_ep=EgoyMDI2MDgyNS4wIJJjKgBIAVAD&rclk=1
hotels in Quebec City,Holiday Inn Express Quebec Sainte-Foy by IHG,,https://www.ihg.com/holidayinnexpress/hotels/us/en/quebec/yqbsf/hoteldetail?cm_mmc=GoogleMaps-_-EX-_-CA-_-YQBSF,+1 418-653-9321,None,https://www.google.com/maps/place/Holiday+Inn+Express+Quebec+Sainte-Foy+by+IHG/data=!4m10!3m9!1s0x4cb8913acc5420b1:0x15403981d39eebe8!5m2!4m1!1i2!8m2!3d46.759065!4d-71.294835!16s%2Fg%2F1hc6k_r4q!19sChIJsSBUzDqRuEwR6Oue04E5QBU?authuser=0&hl=en&g_ep=EgoyMDI2MDgyNS4wIJJjKgBIAVAD&rclk=1
hotels in Quebec City,Clarendon Hotel,"reservations@hotelclarendon.com, vforget@hotelclarendon.com, abeaulieut@hotelclarendon.com, coordo@hotelclarendon.com",http://www.hotelclarendon.com/,+1 418-692-2480,Tock,https://www.google.com/maps/place/Clarendon+Hotel/data=!4m10!3m9!1s0x4cb895de82ca6e13:0x343c3a8b4737ce0e!5m2!4m1!1i2!8m2!3d46.8130531!4d-71.2078171!16s%2Fm%2F02v_pck!19sChIJE27Kgt6VuEwRDs43R4s6PDQ?authuser=0&hl=en&g_ep=EgoyMDI2MDgyNS4wIJJjKgBIAVAD&rclk=1
hotels in Quebec City,Hôtel Québec Inn,,https://www.hotelsjaro.com/quebec-inn,+1 418-872-9831,None,https://www.google.com/maps/place/H%C3%B4tel+Qu%C3%A9bec+Inn/data=!4m10!3m9!1s0x4cb899f84fb634ad:0x17c5972d341b4fe8!5m2!4m1!1i2!8m2!3d46.7837064!4d-71.3616098!16s%2Fg%2F1tfkksnd!19sChIJrTS2T_iZuEwR6E8bNC2XxRc?authuser=0&hl=en&g_ep=EgoyMDI2MDgyNS4wIJJjKgBIAVAD&rclk=1
hotels in Quebec City,Hotel L'Oie des neiges,info@oiedesneiges.com,https://hoteloiedesneiges.com/,+1 418-830-0878,None,https://www.google.com/maps/place/Hotel+L%27Oie+des+neiges/data=!4m10!3m9!1s0x4cb894fcd0bf9c1b:0x17ac65d1d43a4c66!5m2!4m1!1i2!8m2!3d46.7854389!4d-71.1606494!16s%2Fg%2F1tdplpjb!19sChIJG5y_0PyUuEwRZkw61NFlrBc?authuser=0&hl=en&g_ep=EgoyMDI2MDgyNS4wIJJjKgBIAVAD&rclk=1
hotels in Quebec City,Auberge Québec,,https://www.hotelsjaro.com/auberge-quebec/,+1 418-651-2440,None,https://www.google.com/maps/place/Auberge+Qu%C3%A9bec/data=!4m10!3m9!1s0x4cb8912e3f6126ad:0x4c6f58fe956edf80!5m2!4m1!1i2!8m2!3d46.7638527!4d-71.2935665!16s%2Fg%2F1tdmv6t8!19sChIJrSZhPy6RuEwRgN9ulf5Yb0w?authuser=0&hl=en&g_ep=EgoyMDI2MDgyNS4wIJJjKgBIAVAD&rclk=1
hotels in Quebec City,Hotel Citadelle,,,+1 418-871-3938,None,https://www.google.com/maps/place/Hotel+Citadelle/data=!4m10!3m9!1s0x4cb89764c25d64d9:0xda3c85469ee134b1!5m2!4m1!1i2!8m2!3d46.8050225!4d-71.3265154!16s%2Fg%2F1tczvjz8!19sChIJ2WRdwmSXuEwRsTThnkaFPNo?authuser=0&hl=en&g_ep=EgoyMDI2MDgyNS4wIJJjKgBIAVAD&rclk=1
hotels in Quebec City,Auberge de la Visitation,rsvp@aubergedelavisitation.com,https://www.aubergedelavisitation.com/,+1 418-805-3059,Tock,https://www.google.com/maps/place/Auberge+de+la+Visitation/data=!4m10!3m9!1s0x4cb895bc8c1c8c8f:0xb707e0eb19040e29!5m2!4m1!1i2!8m2!3d46.8071085!4d-71.1784954!16s%2Fg%2F1tg6k4mc!19sChIJj4wcjLyVuEwRKQ4EGevgB7c?authuser=0&hl=en&g_ep=EgoyMDI2MDgyNS4wIJJjKgBIAVAD&rclk=1
hotels in Quebec City,Littoral - Hôtel & Spa,,http://littoralhotelspa.com/,+1 418-681-2260,Tock,https://www.google.com/maps/place/Littoral+-+H%C3%B4tel+%26+Spa/data=!4m10!3m9!1s0x4cb8bddf7dbc5221:0xce27288801a62848!5m2!4m1!1i2!8m2!3d46.855634!4d-71.1860169!16s%2Fg%2F1vhlxsyq!19sChIJIVK8fd-9uEwRSCimAYgoJ84?authuser=0&hl=en&g_ep=EgoyMDI2MDgyNS4wIJJjKgBIAVAD&rclk=1
hotels in Quebec City,Travelodge by Wyndham Hotel & Convention Centre Quebec City,accessibility@wyndham.com,https://www.wyndhamhotels.com/en-ca/travelodge/quebec-city-quebec/travelodge-by-wyndham-hotel-and-convention-centre-quebec-city/overview?CID=LC:fkqqcjhla7b6gbb:49939&iata=00093796,+1 800-463-5241,None,https://www.google.com/maps/place/Travelodge+by+Wyndham+Hotel+%26+Convention+Centre+Quebec+City/data=!4m10!3m9!1s0x4cc7e08db0d08501:0x416fe8b05e96afb4!5m2!4m1!1i2!8m2!3d46.7625297!4d-71.3006399!16s%2Fg%2F1hc11y8mf!19sChIJAYXQsI3gx0wRtK-WXrDob0E?authuser=0&hl=en&g_ep=EgoyMDI2MDgyNS4wIJJjKgBIAVAD&rclk=1
hotels in Quebec City,Hôtel Motel Le Châteauguay,"info@hotelchateauguay.com, alex@hotelchateauguay.com",http://www.hotelchateauguay.com/,+1 418-661-0037,None,https://www.google.com/maps/place/H%C3%B4tel+Motel+Le+Ch%C3%A2teauguay/data=!4m10!3m9!1s0x4cb8be7136b3332b:0x1983b7d91e615930!5m2!4m1!1i2!8m2!3d46.8574256!4d-71.1769901!16s%2Fg%2F12hkgg2q2!19sChIJKzOzNnG-uEwRMFlhHtm3gxk?authuser=0&hl=en&g_ep=EgoyMDI2MDgyNS4wIJJjKgBIAVAD&rclk=1
hotels in Quebec City,AUBERGE INTERNATIONALE DE QUEBEC,info@aubergeqc.ca,https://aubergeinternationalequebec.ca/,+1 418-694-0755,Tock,https://www.google.com/maps/place/AUBERGE+INTERNATIONALE+DE+QUEBEC/data=!4m10!3m9!1s0x4cb895ded0a927e9:0xadc5699bb850d82d!5m2!4m1!1i2!8m2!3d46.8123721!4d-71.2112887!16s%2Fg%2F1td3l60d!19sChIJ6Sep0N6VuEwRLdhQuJtpxa0?authuser=0&hl=en&g_ep=EgoyMDI2MDgyNS4wIJJjKgBIAVAD&rclk=1
hotels in Quebec City,"Hotel Quartier, an Ascend Collection Hotel",,https://www.choicehotels.com/quebec/quebec/ascend-hotels/cnb10?mc=llrscncn&pmf=canada,+1 418-650-1616,None,"https://www.google.com/maps/place/Hotel+Quartier,+an+Ascend+Collection+Hotel/data=!4m10!3m9!1s0x4cb8912dfca4a463:0xe8155eeb889dd071!5m2!4m1!1i2!8m2!3d46.7654114!4d-71.2908786!16s%2Fg%2F1tcyf1yf!19sChIJY6Sk_C2RuEwRcdCdiOteFeg?authuser=0&hl=en&g_ep=EgoyMDI2MDgyNS4wIJJjKgBIAVAD&rclk=1"
hotels in Quebec City,Fairmont Le Château Frontenac,"chateaufrontenac@fairmont.com, lcf.concierge@fairmont.com",https://www.fairmont.com/frontenac-quebec/?goto=fiche_hotel&code_hotel=A572&merchantid=seo-maps-FR-A572&sourceid=aw-cen&utm_medium=seo+maps&utm_source=google+Maps&utm_campaign=seo+maps?goto=fiche_hotel&code_hotel=A572&merchantid=seo-maps-CA-A572&sourceid=aw-cen&utm_medium=seo+maps&utm_source=google+Maps&utm_campaign=seo+maps&y_source=1_MTIzNjE0MDAtNzE1LWxvY2F0aW9uLndlYnNpdGU=,+1 418-692-3861,None,https://www.google.com/maps/place/Fairmont+Le+Ch%C3%A2teau+Frontenac/data=!4m10!3m9!1s0x4cb895dc6bfd5ced:0xe1f8bb36daa428d!5m2!4m1!1i2!8m2!3d46.8120085!4d-71.2052184!16zL20vMDI3ZGxy!19sChIJ7Vz9a9yVuEwRjUKqbbOLHw4?authuser=0&hl=en&g_ep=EgoyMDI2MDgyNS4wIJJjKgBIAVAD&rclk=1
hotels in Quebec City,Hotel & Suites Monte-Cristo,,,+1 418-872-6498,None,https://www.google.com/maps/place/Hotel+%26+Suites+Monte-Cristo/data=!4m10!3m9!1s0x4cb89760319f5635:0xd5193c488fa4c98b!5m2!4m1!1i2!8m2!3d46.8003933!4d-71.3385094!16s%2Fg%2F1tftqpx8!19sChIJNVafMWCXuEwRi8mkj0g8GdU?authuser=0&hl=en&g_ep=EgoyMDI2MDgyNS4wIJJjKgBIAVAD&rclk=1
hotels in Quebec City,Econo Lodge Airport,,https://www.choicehotels.com/quebec/quebec/econo-lodge-hotels/cn339?mc=llrscncn&pmf=canada,+1 418-872-5038,None,https://www.google.com/maps/place/Econo+Lodge+Airport/data=!4m10!3m9!1s0x4cb89a1d2ce371f5:0x2f8862e924a61b0b!5m2!4m1!1i2!8m2!3d46.781255!4d-71.3675888!16s%2Fg%2F1tl_l9zx!19sChIJ9XHjLB2auEwRCxumJOliiC8?authuser=0&hl=en&g_ep=EgoyMDI2MDgyNS4wIJJjKgBIAVAD&rclk=1
hotels in Quebec City,Hotel Quebec,,https://www.hotelsjaro.com/hotel-quebec/,+1 418-658-5120,None,https://www.google.com/maps/place/Hotel+Quebec/data=!4m10!3m9!1s0x4cb8912fa6e6c3c7:0xa45e33aead2aeb85!5m2!4m1!1i2!8m2!3d46.7624696!4d-71.2954235!16s%2Fg%2F1ts_6682!19sChIJx8Pmpi-RuEwRhesqra4zXqQ?authuser=0&hl=en&g_ep=EgoyMDI2MDgyNS4wIJJjKgBIAVAD&rclk=1
hotels in Quebec City,Hôtel Plaza Québec,,https://www.hotelsjaro.com/plaza-quebec/,+1 418-658-2727,None,https://www.google.com/maps/place/H%C3%B4tel+Plaza+Qu%C3%A9bec/data=!4m10!3m9!1s0x4cb8912e12e480bd:0xb2e838875999a71b!5m2!4m1!1i2!8m2!3d46.7643064!4d-71.2928377!16s%2Fg%2F1wc30vmm!19sChIJvYDkEi6RuEwRG6eZWYc46LI?authuser=0&hl=en&g_ep=EgoyMDI2MDgyNS4wIJJjKgBIAVAD&rclk=1
hotels in Quebec City,Hôtel Sépia,info@hotelsepia.ca,http://www.hotelsepia.ca/,+1 418-653-4941,Tock,https://www.google.com/maps/place/H%C3%B4tel+S%C3%A9pia/data=!4m10!3m9!1s0x4cb89136e3fe723b:0x9307b56c5c139594!5m2!4m1!1i2!8m2!3d46.7564931!4d-71.2936751!16s%2Fg%2F1tdgpfhj!19sChIJO3L-4zaRuEwRlJUTXGy1B5M?authuser=0&hl=en&g_ep=EgoyMDI2MDgyNS4wIJJjKgBIAVAD&rclk=1
hotels in Quebec City,Hotel Classique,"lneveu@hotelclassique.com, info@kejja.com, info@hotelclassique.com, adminlevis@chateaurepotel.com",https://www.hotelclassique.com/,+1 800-463-1885,Tock,https://www.google.com/maps/place/Hotel+Classique/data=!4m10!3m9!1s0x4cb89132ebe33aa9:0x2481d1614e21d015!5m2!4m1!1i2!8m2!3d46.767431!4d-71.2868257!16s%2Fg%2F1thbw7_x!19sChIJqTrj6zKRuEwRFdAhTmHRgSQ?authuser=0&hl=en&g_ep=EgoyMDI2MDgyNS4wIJJjKgBIAVAD&rclk=1
hotels in Quebec City,Destination Stays Quebec,,https://750.gdp.quebec/,+1 581-889-2000,None,https://www.google.com/maps/place/Destination+Stays+Quebec/data=!4m10!3m9!1s0x4cb8967480ccac51:0xa4b91d4d42276480!5m2!4m1!1i2!8m2!3d46.815806!4d-71.219874!16s%2Fg%2F11dzdgr09s!19sChIJUazMgHSWuEwRgGQnQk0duaQ?authuser=0&hl=en&g_ep=EgoyMDI2MDgyNS4wIJJjKgBIAVAD&rclk=1
hotels in Quebec City,Hotel-Motel Le Régent,"abuse@haisoft.net, nom@domaine.extension",http://www.hotelmotelleregent.com/,+1 418-663-1608,Tock,https://www.google.com/maps/place/Hotel-Motel+Le+R%C3%A9gent/data=!4m10!3m9!1s0x4cb8be76998137b5:0xa8ce6a8567b657c5!5m2!4m1!1i2!8m2!3d46.8562798!4d-71.1802069!16s%2Fg%2F1tff2n2d!19sChIJtTeBmXa-uEwRxVe2Z4Vqzqg?authuser=0&hl=en&g_ep=EgoyMDI2MDgyNS4wIJJjKgBIAVAD&rclk=1
hotels in Quebec City,Hotel Motel Le Gite,owner@fredericbergeron.com,https://www.hotellegite.com/,+1 800-363-4906,None,https://www.google.com/maps/place/Hotel+Motel+Le+Gite/data=!4m10!3m9!1s0x4cb89763df4a688b:0x693633509b325f37!5m2!4m1!1i2!8m2!3d46.8025618!4d-71.3333237!16s%2Fg%2F1tcx13z7!19sChIJi2hK32OXuEwRN18ym1AzNmk?authuser=0&hl=en&g_ep=EgoyMDI2MDgyNS4wIJJjKgBIAVAD&rclk=1
hotels in Quebec City,Best Western Premier Hotel Aristocrate,hotel@hotelaristocrate.com,http://www.hotelaristocrate.com/,+1 418-653-2841,Tock,https://www.google.com/maps/place/Best+Western+Premier+Hotel+Aristocrate/data=!4m10!3m9!1s0x4cb89136e3fe723b:0xccfd44a63b126551!5m2!4m1!1i2!8m2!3d46.7576632!4d-71.2931031!16s%2Fg%2F1tfp21k1!19sChIJO3L-4zaRuEwRUWUSO6ZE_cw?authuser=0&hl=en&g_ep=EgoyMDI2MDgyNS4wIJJjKgBIAVAD&rclk=1
hotels in Quebec City,Hôtel Cofortel,reception@cofortel.com,http://www.cofortel.com/,+1 800-363-7440,None,https://www.google.com/maps/place/H%C3%B4tel+Cofortel/data=!4m10!3m9!1s0x4cb899fb59efebaf:0x8a61dd15c60c9626!5m2!4m1!1i2!8m2!3d46.7900754!4d-71.35373!16s%2Fg%2F1tp26wwf!19sChIJr-vvWfuZuEwRJpYMxhXdYYo?authuser=0&hl=en&g_ep=EgoyMDI2MDgyNS4wIJJjKgBIAVAD&rclk=1
hotels in Quebec City,Camping Chalets Lac St-Augustin,campinglacsa@gmail.com,http://www.campingjuneau.com/,+1 418-871-9090,Tock,https://www.google.com/maps/place/Camping+Chalets+Lac+St-Augustin/data=!4m10!3m9!1s0x4cb89a6046f05097:0xddc92e251d877085!5m2!4m1!1i2!8m2!3d46.7495565!4d-71.3997053!16s%2Fg%2F1vpq6h9p!19sChIJl1DwRmCauEwRhXCHHSUuyd0?authuser=0&hl=en&g_ep=EgoyMDI2MDgyNS4wIJJjKgBIAVAD&rclk=1
hotels in Quebec City,Unilofts Grande Allée,reception@uniloftsga.com,https://www.uniloftsga.com/,+1 418-647-4433,None,https://www.google.com/maps/place/Unilofts+Grande+All%C3%A9e/data=!4m10!3m9!1s0x4cb895d7a4f1325d:0x5aaaea7f4fa29e1!5m2!4m1!1i2!8m2!3d46.8059121!4d-71.2167864!16s%2Fg%2F1thz188y!19sChIJXTLxpNeVuEwR4Sn69KeuqgU?authuser=0&hl=en&g_ep=EgoyMDI2MDgyNS4wIJJjKgBIAVAD&rclk=1
hotels in Quebec City,Hôtel Le Concorde Québec,info@hotelleconcorde.com,https://hotelleconcordequebec.com/,+1 418-647-2222,Tock,https://www.google.com/maps/place/H%C3%B4tel+Le+Concorde+Qu%C3%A9bec/data=!4m10!3m9!1s0x4cb8999261c582d3:0x23ae11f5580ad78a!5m2!4m1!1i2!8m2!3d46.8053025!4d-71.217183!16s%2Fm%2F0qfpbmh!19sChIJ04LFYZKZuEwRitcKWPURriM?authuser=0&hl=en&g_ep=EgoyMDI2MDgyNS4wIJJjKgBIAVAD&rclk=1
hotels in Quebec City,Hôtel du Nord,info@hoteldunord.qc.ca,http://www.hoteldunord.qc.ca/,+1 877-474-4464,None,https://www.google.com/maps/place/H%C3%B4tel+du+Nord/data=!4m10!3m9!1s0x4cb8966784f6d641:0x6e65d882172cbde5!5m2!4m1!1i2!8m2!3d46.810384!4d-71.2450891!16s%2Fg%2F1wg5xm4b!19sChIJQdb2hGeWuEwR5b0sF4LYZW4?authuser=0&hl=en&g_ep=EgoyMDI2MDgyNS4wIJJjKgBIAVAD&rclk=1
hotels in Quebec City,Super 8 by Wyndham Quebec City,"accessibility@wyndham.com, hotelsuper8stefoy@gmail.com",https://www.wyndhamhotels.com/super-8/quebec-city-quebec/super-8-quebec-city/overview?CID=LC:yytq4fvvehxh7se:15537&iata=00093796,+1 418-431-2689,Resy,https://www.google.com/maps/place/Super+8+by+Wyndham+Quebec+City/data=!4m10!3m9!1s0x4cb89a02b5c08101:0x952a7421eb6efe2d!5m2!4m1!1i2!8m2!3d46.7819696!4d-71.3663946!16s%2Fg%2F1trcg0rk!19sChIJAYHAtQKauEwRLf5u6yF0KpU?authuser=0&hl=en&g_ep=EgoyMDI2MDgyNS4wIJJjKgBIAVAD&rclk=1
hotels in Quebec City,Hotel Le Voyageur,info@hotelvoyageurquebec.com,https://www.hotelvoyageurquebec.com/,+1 418-661-7703,None,https://www.google.com/maps/place/Hotel+Le+Voyageur/data=!4m10!3m9!1s0x4cb8bdf43d651d4d:0x471348e65eff1c05!5m2!4m1!1i2!8m2!3d46.8417877!4d-71.2183503!16s%2Fg%2F1wrtcggc!19sChIJTR1lPfS9uEwRBRz_XuZIE0c?authuser=0&hl=en&g_ep=EgoyMDI2MDgyNS4wIJJjKgBIAVAD&rclk=1
hotels in Quebec City,Auberge Jeunesse QBEDS Hostel,info@qbeds.ca,https://www.qbeds.ca/,+1 877-837-2337,None,https://www.google.com/maps/place/Auberge+Jeunesse+QBEDS+Hostel/data=!4m10!3m9!1s0x4cb895c27913e743:0xa3700b98ef921113!5m2!4m1!1i2!8m2!3d46.8060449!4d-71.2163658!16s%2Fg%2F11fs_xb0yg!19sChIJQ-cTecKVuEwRExGS75gLcKM?authuser=0&hl=en&g_ep=EgoyMDI2MDgyNS4wIJJjKgBIAVAD&rclk=1
hotels in Quebec City,Gîte le 812,,https://www.gitele812.com/,+1 418-682-2439,None,https://www.google.com/maps/place/G%C3%AEte+le+812/data=!4m10!3m9!1s0x4cb89692a5cda0ef:0xb327f2d8b4ad6267!5m2!4m1!1i2!8m2!3d46.7936744!4d-71.255698!16s%2Fg%2F1tg867ws!19sChIJ76DNpZKWuEwRZ2KttNjyJ7M?authuser=0&hl=en&g_ep=EgoyMDI2MDgyNS4wIJJjKgBIAVAD&rclk=1
hotels in Quebec City,Residences Université Laval,sres@sres.ulaval.ca,https://www.residences.ulaval.ca/,+1 418-656-5632,None,https://www.google.com/maps/place/Residences+Universit%C3%A9+Laval/data=!4m10!3m9!1s0x4cb896c7361f5c13:0xfeb9c70c49be3768!5m2!4m1!1i2!8m2!3d46.7805601!4d-71.2672097!16s%2Fg%2F1tf6rdbp!19sChIJE1wfNseWuEwRaDe-SQzHuf4?authuser=0&hl=en&g_ep=EgoyMDI2MDgyNS4wIJJjKgBIAVAD&rclk=1
hotels in Quebec City,Sleep Inn & Suites Quebec City East,,https://www.choicehotels.com/quebec/boischatel/sleep-inn-hotels/cn787?mc=llrscncn&pmf=canada,+1 418-822-4777,None,https://www.google.com/maps/place/Sleep+Inn+%26+Suites+Quebec+City+East/data=!4m10!3m9!1s0x4cb8bec9cb202ae5:0x237ebd2cce5957a1!5m2!4m1!1i2!8m2!3d46.8964615!4d-71.1255715!16s%2Fg%2F1thq9gc4!19sChIJ5Sogy8m-uEwRoVdZziy9fiM?authuser=0&hl=en&g_ep=EgoyMDI2MDgyNS4wIJJjKgBIAVAD&rclk=1
hotels in Quebec City,Chateau des Tourelles,info@aneyrohotels.com,https://hotelchateaudestourelles.com/,+1 418-476-6375,None,https://www.google.com/maps/place/Chateau+des+Tourelles/data=!4m10!3m9!1s0x4cb89679f403a5f7:0x7e94a4f5f55afd33!5m2!4m1!1i2!8m2!3d46.8082815!4d-71.2250138!16s%2Fg%2F1tflfvg9!19sChIJ96UD9HmWuEwRM_1a9fWklH4?authuser=0&hl=en&g_ep=EgoyMDI2MDgyNS4wIJJjKgBIAVAD&rclk=1
hotels in Quebec City,Hotel Classique,"lneveu@hotelclassique.com, info@kejja.com, info@hotelclassique.com, adminlevis@chateaurepotel.com",https://www.hotelclassique.com/,+1 800-463-1885,Tock,https://www.google.com/maps/place/Hotel+Classique/data=!4m10!3m9!1s0x4cb89132f05ccb83:0x2481d1614e21d015!5m2!4m1!1i2!8m2!3d46.767431!4d-71.286826!16s%2Fg%2F1thbw7_x!19sChIJg8tc8DKRuEwRFdAhTmHRgSQ?authuser=0&hl=en&g_ep=EgoyMDI2MDgyNS4wIJJjKgBIAVAD&rclk=1
hotels in Quebec City,Hôtel Universel Québec Sainte-Foy,info@hoteluniversel.qc.ca,https://www.hoteluniversel.qc.ca/fr,+1 418-653-5250,None,https://www.google.com/maps/place/H%C3%B4tel+Universel+Qu%C3%A9bec+Sainte-Foy/data=!4m10!3m9!1s0x4cb896dd445fb8fd:0x23eb82b302f3ba30!5m2!4m1!1i2!8m2!3d46.7870606!4d-71.2780282!16s%2Fg%2F1td_b8v5!19sChIJ_bhfRN2WuEwRMLrzArOC6yM?authuser=0&hl=en&g_ep=EgoyMDI2MDgyNS4wIJJjKgBIAVAD&rclk=1
hotels in Quebec City,Hôtel Ambassadeur Québec,info@hotelambassadeur.ca,https://www.hotelambassadeur.ca/,+1 418-666-2828,None,https://www.google.com/maps/place/H%C3%B4tel+Ambassadeur+Qu%C3%A9bec/data=!4m10!3m9!1s0x4cb8bde71b9d9d45:0x8a066ce338c5f846!5m2!4m1!1i2!8m2!3d46.853203!4d-71.197567!16s%2Fg%2F11h04vnwz!19sChIJRZ2dG-e9uEwRRvjFOONsBoo?authuser=0&hl=en&g_ep=EgoyMDI2MDgyNS4wIJJjKgBIAVAD&rclk=1
hotels in Quebec City,Hôtel Repotel Henri IV,,https://app.mews.com/distributor/434b4929-622c-46f6-882d-b1570089deca,+1 418-872-1112,None,https://www.google.com/maps/place/H%C3%B4tel+Repotel+Henri+IV/data=!4m10!3m9!1s0x4cb8976308014f07:0x2dbafe613c03c99c!5m2!4m1!1i2!8m2!3d46.8047134!4d-71.3318169!16s%2Fg%2F1v3drr4m!19sChIJB08BCGOXuEwRnMkDPGH-ui0?authuser=0&hl=en&g_ep=EgoyMDI2MDgyNS4wIJJjKgBIAVAD&rclk=1
hotels in Quebec City,Auberge de la Paix,info@aubergedelapaix.com,http://www.aubergedelapaix.com/,+1 418-694-0735,None,https://www.google.com/maps/place/Auberge+de+la+Paix/data=!4m10!3m9!1s0x4cb895de3f3508f5:0x175d31f9940c2a7c!5m2!4m1!1i2!8m2!3d46.8150398!4d-71.2086756!16s%2Fg%2F1tj7_l0k!19sChIJ9Qg1P96VuEwRfCoMlPkxXRc?authuser=0&hl=en&g_ep=EgoyMDI2MDgyNS4wIJJjKgBIAVAD&rclk=1
hotels in Quebec City,Hôtel Repotel Aéroport,,https://app.mews.com/distributor/e2e84d68-8526-4c26-b719-b157008d9e32,+1 418-872-1111,None,https://www.google.com/maps/place/H%C3%B4tel+Repotel+A%C3%A9roport/data=!4m10!3m9!1s0x4cb899fca0fa382b:0xb32e634490aba357!5m2!4m1!1i2!8m2!3d46.789141!4d-71.35359!16s%2Fg%2F1td9dcbv!19sChIJKzj6oPyZuEwRV6OrkERjLrM?authuser=0&hl=en&g_ep=EgoyMDI2MDgyNS4wIJJjKgBIAVAD&rclk=1
hotels in Quebec City,Le Saint-Édouard,,https://www.bestwestern.com/en_US/book/hotel-rooms.67020.html?iata=00171880&ssob=BLBWI0004G&cid=BLBWI0004G:google:gmb:67020,+1 418-649-1919,None,https://www.google.com/maps/place/Le+Saint-%C3%89douard/data=!4m10!3m9!1s0x4cb8967230793067:0x9726315cf88fe109!5m2!4m1!1i2!8m2!3d46.8149088!4d-71.2256845!16s%2Fg%2F1tglylgr!19sChIJZzB5MHKWuEwRCeGP-FwxJpc?authuser=0&hl=en&g_ep=EgoyMDI2MDgyNS4wIJJjKgBIAVAD&rclk=1
hotels in Quebec City,Hôtel Louisbourg,,https://sagamite.com/hotels/,+1 833-491-6999,None,https://www.google.com/maps/place/H%C3%B4tel+Louisbourg/data=!4m10!3m9!1s0x4cb895283fcaa491:0x1a9ad5af11fbffb3!5m2!4m1!1i2!8m2!3d46.8109232!4d-71.2089712!16s%2Fg%2F11ff0qy_yx!19sChIJkaTKPyiVuEwRs__7Ea_Vmho?authuser=0&hl=en&g_ep=EgoyMDI2MDgyNS4wIJJjKgBIAVAD&rclk=1
hotels in Quebec City,Comfort Inn,,https://www.choicehotels.com/quebec/levis/comfort-inn-hotels/cn338?mc=llrscncn&pmf=canada,+1 418-835-5605,None,https://www.google.com/maps/place/Comfort+Inn/data=!4m10!3m9!1s0x4cb894e6c465d891:0xc8c77225ceb3fe43!5m2!4m1!1i2!8m2!3d46.7814726!4d-71.1541539!16s%2Fg%2F1tfbmy8s!19sChIJkdhlxOaUuEwRQ_6zziVyx8g?authuser=0&hl=en&g_ep=EgoyMDI2MDgyNS4wIJJjKgBIAVAD&rclk=1
hotels in Quebec City,Service des congrès et hébergement Campus Notre-Dame-de-Foy,reception.congres@cndf.qc.ca,http://www.hebergementcndf.com/,+1 418-872-8424,None,https://www.google.com/maps/place/Service+des+congr%C3%A8s+et+h%C3%A9bergement+Campus+Notre-Dame-de-Foy/data=!4m10!3m9!1s0x4cb89a9197d82307:0xca2cef159a50d0f!5m2!4m1!1i2!8m2!3d46.7385635!4d-71.4009017!16s%2Fg%2F11b7rtsvk5!19sChIJByPYl5GauEwRDw2lWfHOogw?authuser=0&hl=en&g_ep=EgoyMDI2MDgyNS4wIJJjKgBIAVAD&rclk=1
hotels in Quebec City,Hampton Inn & Suites by Hilton Quebec City Beauport,,https://www.hilton.com/en/hotels/yqbbphx-hampton-suites-quebec-city-beauport/?SEO_id=GMB-AMER-HX-YQBBPHX,+1 418-663-9555,None,https://www.google.com/maps/place/Hampton+Inn+%26+Suites+by+Hilton+Quebec+City+Beauport/data=!4m10!3m9!1s0x4cb8bdee1cf80929:0xc16fa2c604976191!5m2!4m1!1i2!8m2!3d46.8739509!4d-71.2019997!16s%2Fg%2F11h38hg85z!19sChIJKQn4HO69uEwRkWGXBMaib8E?authuser=0&hl=en&g_ep=EgoyMDI2MDgyNS4wIJJjKgBIAVAD&rclk=1
cafes in Quebec City,Nili Alimentation,,,+1 418-692-0909,None,https://www.google.com/maps/place/Nili+Alimentation/data=!4m7!3m6!1s0x4cb895dbe29dd96f:0x463d0124b2f165e8!8m2!3d46.8106927!4d-71.2093174!16s%2Fg%2F11cls9dszv!19sChIJb9md4tuVuEwR6GXxsiQBPUY?authuser=0&hl=en&g_ep=EgoyMDI2MDgyNS4wIJJjKgBIAVAD&rclk=1
cafes in Quebec City,Le Petit Dep｜Café-Épicerie Fine｜Québec,"utilisateur@domaine.com, marketing@lepetitdep.com, info@lepetitdep.com",https://www.lepetitdep.com/quebec,+1 367-776-3043,"Tock, ChowNow, OpenTable",https://www.google.com/maps/place/Le+Petit+Dep%EF%BD%9CCaf%C3%A9-%C3%89picerie+Fine%EF%BD%9CQu%C3%A9bec/data=!4m7!3m6!1s0x4cb89500724fecf7:0x1daa7ecf52712d63!8m2!3d46.8126788!4d-71.2033359!16s%2Fg%2F11y59bfnq4!19sChIJ9-xPcgCVuEwRYy1xUs9-qh0?authuser=0&hl=en&g_ep=EgoyMDI2MDgyNS4wIJJjKgBIAVAD&rclk=1
cafes in Quebec City,Café La Maison Smith Belvédère,info@smithcafe.com,http://www.smithcafe.com/,+1 418-914-1668,Tock,https://www.google.com/maps/place/Caf%C3%A9+La+Maison+Smith+Belv%C3%A9d%C3%A8re/data=!4m7!3m6!1s0x4cb8970cbaaaa607:0xce1b707d5a7af08!8m2!3d46.7967854!4d-71.2387623!16s%2Fg%2F11flfv48tb!19sChIJB6aqugyXuEwRCK-n1Qe34Qw?authuser=0&hl=en&g_ep=EgoyMDI2MDgyNS4wIJJjKgBIAVAD&rclk=1
cafes in Quebec City,Café Saint-Henri (Saint-Roch),cafe@sainthenri.ca,http://www.sainthenri.ca/,+1 581-300-7211,Tock,https://www.google.com/maps/place/Caf%C3%A9+Saint-Henri+%28Saint-Roch%29/data=!4m7!3m6!1s0x4cb89674ed3d8c99:0x1434b3a3b1f4655c!8m2!3d46.8161111!4d-71.2183333!16s%2Fg%2F11cltfjy1c!19sChIJmYw97XSWuEwRXGX0saOzNBQ?authuser=0&hl=en&g_ep=EgoyMDI2MDgyNS4wIJJjKgBIAVAD&rclk=1
cafes in Quebec City,Pékoe,info@cafepekoe.com,http://www.cafepekoe.com/,+1 418-522-4888,None,https://www.google.com/maps/place/P%C3%A9koe/data=!4m7!3m6!1s0x4cb89673d0e5a34b:0x92eb80e685d43ab7!8m2!3d46.8142447!4d-71.2241525!16s%2Fg%2F11bwwxjp2t!19sChIJS6Pl0HOWuEwRtzrUheaA65I?authuser=0&hl=en&g_ep=EgoyMDI2MDgyNS4wIJJjKgBIAVAD&rclk=1
cafes in Quebec City,Brûlerie Saint-Roch,,http://lesbruleries.com/nousjoindre.html,,Resy,https://www.google.com/maps/place/Br%C3%BBlerie+Saint-Roch/data=!4m7!3m6!1s0x4cb8967181f1ca1d:0x1c6607f8b5f9b097!8m2!3d46.8138786!4d-71.2253501!16s%2Fg%2F1tfmhd_g!19sChIJHcrxgXGWuEwRl7D5tfgHZhw?authuser=0&hl=en&g_ep=EgoyMDI2MDgyNS4wIJJjKgBIAVAD&rclk=1
cafes in Quebec City,Brûlerie Vieux-Limoilou,,http://lesbruleries.com/,,None,https://www.google.com/maps/place/Br%C3%BBlerie+Vieux-Limoilou/data=!4m7!3m6!1s0x4cb896120f4d15ed:0x2c948795170f6582!8m2!3d46.8232726!4d-71.227103!16s%2Fg%2F1hc0_0hsp!19sChIJ7RVNDxKWuEwRgmUPF5WHlCw?authuser=0&hl=en&g_ep=EgoyMDI2MDgyNS4wIJJjKgBIAVAD&rclk=1
cafes in Quebec City,Bügel Fabrique de Bagels,,http://www.bugel-fabrique.ca/,+1 418-523-7666,None,https://www.google.com/maps/place/B%C3%BCgel+Fabrique+de+Bagels/data=!4m7!3m6!1s0x4cb8967c03f7d8d3:0xfd501f210b6d9dc9!8m2!3d46.80425!4d-71.2286418!16s%2Fg%2F1tnl0_r0!19sChIJ09j3A3yWuEwRyZ1tCyEfUP0?authuser=0&hl=en&g_ep=EgoyMDI2MDgyNS4wIJJjKgBIAVAD&rclk=1
cafes in Quebec City,Nektar Caféologue,"info@nektar.ca, allo@nektar.ca",http://nektar.ca/,+1 581-741-4154,None,https://www.google.com/maps/place/Nektar+Caf%C3%A9ologue/data=!4m7!3m6!1s0x4cb89616ee0ac6fd:0x8ffd57602417974e!8m2!3d46.8265394!4d-71.2300954!16s%2Fg%2F11bwcn74lg!19sChIJ_cYK7haWuEwRTpcXJGBX_Y8?authuser=0&hl=en&g_ep=EgoyMDI2MDgyNS4wIJJjKgBIAVAD&rclk=1
cafes in Quebec City,Café La Maison Smith Limoilou,info@smithcafe.com,http://smithcafe.com/,+1 418-529-0096,Tock,https://www.google.com/maps/place/Caf%C3%A9+La+Maison+Smith+Limoilou/data=!4m7!3m6!1s0x4cb8972ade89b42b:0x8a52611b046a2af5!8m2!3d46.8211566!4d-71.2253855!16s%2Fg%2F11fj_0drdx!19sChIJK7SJ3iqXuEwR9SpqBBthUoo?authuser=0&hl=en&g_ep=EgoyMDI2MDgyNS4wIJJjKgBIAVAD&rclk=1
cafes in Quebec City,Café La Maison Smith - Plaines d'Abraham,info@smithcafe.com,https://smithcafe.com/pages/plaines-dabraham,+1 418-622-6846,Tock,https://www.google.com/maps/place/Caf%C3%A9+La+Maison+Smith+-+Plaines+d%27Abraham/data=!4m7!3m6!1s0x4cb895007d6a597d:0xe365f196c72fb99f!8m2!3d46.8002116!4d-71.2206822!16s%2Fg%2F11w1d_tw81!19sChIJfVlqfQCVuEwRn7kvx5bxZeM?authuser=0&hl=en&g_ep=EgoyMDI2MDgyNS4wIJJjKgBIAVAD&rclk=1
cafes in Quebec City,Tambour Café,tambour.cafe@outlook.com,https://www.tambour.cafe/,+1 581-980-9720,Tock,https://www.google.com/maps/place/Tambour+Caf%C3%A9/data=!4m7!3m6!1s0x65c2c92b1347909:0xfe990faf41a6ecd2!8m2!3d46.8065946!4d-71.1833127!16s%2Fg%2F11tb61l2kv!19sChIJCXk0sZIsXAYR0uymQa8Pmf4?authuser=0&hl=en&g_ep=EgoyMDI2MDgyNS4wIJJjKgBIAVAD&rclk=1
cafes in Quebec City,Café Sobab,info@cafesobab.com,http://cafesobab.com/,+1 418-649-7858,None,https://www.google.com/maps/place/Caf%C3%A9+Sobab/data=!4m7!3m6!1s0x4cb89613c4f271b5:0xef0da6b6c397bb5a!8m2!3d46.823715!4d-71.2271041!16s%2Fg%2F11fy4g_pl3!19sChIJtXHyxBOWuEwRWruXw7amDe8?authuser=0&hl=en&g_ep=EgoyMDI2MDgyNS4wIJJjKgBIAVAD&rclk=1
cafes in Quebec City,Le Sultan Crêperie,,https://www.lesultanqc.com/?utm_source=google&utm_medium=wix_google_business_profile&utm_campaign=9222418183113935768,+1 418-521-5255,None,https://www.google.com/maps/place/Le+Sultan+Cr%C3%AAperie/data=!4m7!3m6!1s0x4cb897145bd09a23:0x923ae178f3f12214!8m2!3d46.8113929!4d-71.2167782!16s%2Fg%2F11r_cbnhlb!19sChIJI5rQWxSXuEwRFCLx83jhOpI?authuser=0&hl=en&g_ep=EgoyMDI2MDgyNS4wIJJjKgBIAVAD&rclk=1
cafes in Quebec City,Café La Maison Smith Des Jardins,info@smithcafe.com,http://smithcafe.com/,+1 581-981-7778,Tock,https://www.google.com/maps/place/Caf%C3%A9+La+Maison+Smith+Des+Jardins/data=!4m7!3m6!1s0x4cb895dc2a51c695:0xd6faf28bdb8cdd78!8m2!3d46.81338!4d-71.2072989!16s%2Fg%2F11byyk238f!19sChIJlcZRKtyVuEwReN2M24vy-tY?authuser=0&hl=en&g_ep=EgoyMDI2MDgyNS4wIJJjKgBIAVAD&rclk=1
cafes in Quebec City,La Molette,lamoletteable@gmail.com,https://www.lamolette.net/,+1 418-524-1767,Tock,https://www.google.com/maps/place/La+Molette/data=!4m7!3m6!1s0x4cb8975b8294069b:0x762ac9d4e7249b59!8m2!3d46.8081821!4d-71.224411!16s%2Fg%2F11qmbsghnv!19sChIJmwaUgluXuEwRWZsk59TJKnY?authuser=0&hl=en&g_ep=EgoyMDI2MDgyNS4wIJJjKgBIAVAD&rclk=1
cafes in Quebec City,Les Délices de l'Amérique Française,,https://www.facebook.com/Les-D%C3%A9lices-de-lAm%C3%A9rique-Fran%C3%A7aise-484288515063742/,+1 418-648-0288,"Tock, Resy",https://www.google.com/maps/place/Les+D%C3%A9lices+de+l%27Am%C3%A9rique+Fran%C3%A7aise/data=!4m7!3m6!1s0x4cb895d7d8869707:0xb57a5409e1318531!8m2!3d46.8064003!4d-71.2194291!16s%2Fg%2F1x6q1c99!19sChIJB5eG2NeVuEwRMYUx4QlUerU?authuser=0&hl=en&g_ep=EgoyMDI2MDgyNS4wIJJjKgBIAVAD&rclk=1
cafes in Quebec City,Café Les Cousins,,,+1 418-522-8889,None,https://www.google.com/maps/place/Caf%C3%A9+Les+Cousins/data=!4m7!3m6!1s0x4cb8967ecbc4a355:0xdd485bad948253f6!8m2!3d46.8040375!4d-71.2260725!16s%2Fg%2F1tsypcxh!19sChIJVaPEy36WuEwR9lOClK1bSN0?authuser=0&hl=en&g_ep=EgoyMDI2MDgyNS4wIJJjKgBIAVAD&rclk=1
cafes in Quebec City,musette_cc,"atelier@musettecc.ca, info@musettecc.ca",https://musettecc.ca/,+1 418-204-8356,Tock,https://www.google.com/maps/place/musette_cc/data=!4m7!3m6!1s0x4cb897d8f8e47c9b:0x9061854e373fe9d3!8m2!3d46.8029923!4d-71.221962!16s%2Fg%2F11v9ysnzlr!19sChIJm3zk-NiXuEwR0-k_N06FYZA?authuser=0&hl=en&g_ep=EgoyMDI2MDgyNS4wIJJjKgBIAVAD&rclk=1
cafes in Quebec City,Le Philtre Cafe,,,,None,https://www.google.com/maps/place/Le+Philtre+Cafe/data=!4m7!3m6!1s0x4cb89729413a5c07:0xf58e4c064c14d89b!8m2!3d46.8111749!4d-71.2414915!16s%2Fg%2F11fx0fv2l9!19sChIJB1w6QSmXuEwRm9gUTAZMjvU?authuser=0&hl=en&g_ep=EgoyMDI2MDgyNS4wIJJjKgBIAVAD&rclk=1
cafes in Quebec City,Luniv café,info@lunivcafe.com,https://lunivcafe.com/,+1 418-529-6666,None,https://www.google.com/maps/place/Luniv+caf%C3%A9/data=!4m7!3m6!1s0x4cb895e4ac5e5a5b:0xd06362e85324ccd4!8m2!3d46.8062148!4d-71.2162163!16s%2Fg%2F11nbl5pwm0!19sChIJW1perOSVuEwR1MwkU-hiY9A?authuser=0&hl=en&g_ep=EgoyMDI2MDgyNS4wIJJjKgBIAVAD&rclk=1
cafes in Quebec City,deTerroir café,pierpaul@deterroir.cafe,https://www.deterroir.cafe/,+1 418-523-2233,Tock,https://www.google.com/maps/place/deTerroir+caf%C3%A9/data=!4m7!3m6!1s0x4cb89706a68ed309:0x9bf7decc2506fd3b!8m2!3d46.811064!4d-71.2179598!16s%2Fg%2F11k4jmqm_9!19sChIJCdOOpgaXuEwRO_0GJcze95s?authuser=0&hl=en&g_ep=EgoyMDI2MDgyNS4wIJJjKgBIAVAD&rclk=1
cafes in Quebec City,Babeurre Délicatesses,babeurre.delicatesses@gmail.com,http://babeurre.ca/,+1 418-977-2223,"Tock, Resy",https://www.google.com/maps/place/Babeurre+D%C3%A9licatesses/data=!4m7!3m6!1s0x4cb897715df0c551:0xa7a9450175f7a259!8m2!3d46.8279518!4d-71.230908!16s%2Fg%2F11t29rtkw0!19sChIJUcXwXXGXuEwRWaL3dQFFqac?authuser=0&hl=en&g_ep=EgoyMDI2MDgyNS4wIJJjKgBIAVAD&rclk=1
cafes in Quebec City,café Apotek,,https://www.instagram.com/apotek.bakery?igsh=NGlkZGFwanlsazA2,,"Tock, Resy",https://www.google.com/maps/place/caf%C3%A9+Apotek/data=!4m7!3m6!1s0x4cb895e54cfb1c2b:0xb91321d4e72c8d04!8m2!3d46.8167411!4d-71.2084516!16s%2Fg%2F11wqn_nt0r!19sChIJKxz7TOWVuEwRBI0s59QhE7k?authuser=0&hl=en&g_ep=EgoyMDI2MDgyNS4wIJJjKgBIAVAD&rclk=1
cafes in Quebec City,L'Orangerie Cafe,votre@email.com,https://lorangerie-cafe.base44.app/,+1 581-459-1619,None,https://www.google.com/maps/place/L%27Orangerie+Cafe/data=!4m7!3m6!1s0x4cb8971f98db5a9b:0xed0f38c0bb6a147d!8m2!3d46.8100551!4d-71.2197271!16s%2Fg%2F11xcl95gqx!19sChIJm1rbmB-XuEwRfRRqu8A4D-0?authuser=0&hl=en&g_ep=EgoyMDI2MDgyNS4wIJJjKgBIAVAD&rclk=1
cafes in Quebec City,Café Félin Chats-Nous,cafefelinchatsnous@gmail.com,http://chatsnous.ca/,+1 418-647-2428,None,https://www.google.com/maps/place/Caf%C3%A9+F%C3%A9lin+Chats-Nous/data=!4m7!3m6!1s0x4cb897dad83e0153:0x68d8d3dd62dd60ec!8m2!3d46.8124587!4d-71.2181454!16s%2Fg%2F11ft08g3rk!19sChIJUwE-2NqXuEwR7GDdYt3T2Gg?authuser=0&hl=en&g_ep=EgoyMDI2MDgyNS4wIJJjKgBIAVAD&rclk=1
cafes in Quebec City,OUI OUI - CAFÉ,,https://www.ouiouicafebuvette.com/,+1 418-866-0561,None,https://www.google.com/maps/place/OUI+OUI+-+CAF%C3%89/data=!4m7!3m6!1s0x4cb8978a27f22c91:0xfceb7db4a89a828a!8m2!3d46.8377763!4d-71.2217321!16s%2Fg%2F11tk2hk8fg!19sChIJkSzyJ4qXuEwRioKaqLR96_w?authuser=0&hl=en&g_ep=EgoyMDI2MDgyNS4wIJJjKgBIAVAD&rclk=1
cafes in Quebec City,Ma Station café,,https://www.facebook.com/mastationcafe/,,"Tock, Resy",https://www.google.com/maps/place/Ma+Station+caf%C3%A9/data=!4m7!3m6!1s0x4cb89665e92c8271:0xf767da60bc80034f!8m2!3d46.8116466!4d-71.2342829!16s%2Fg%2F11b7k20m2z!19sChIJcYIs6WWWuEwRTwOAvGDaZ_c?authuser=0&hl=en&g_ep=EgoyMDI2MDgyNS4wIJJjKgBIAVAD&rclk=1
cafes in Quebec City,Chez Boulay - comptoir boréal,"vincent@chezboulay.com, claquerre@manoir-victoria.com, groupe@chezboulay.com, info@chezboulay.com",https://chezboulay.com/epicerie-quebecoise/,+1 418-380-8237,None,https://www.google.com/maps/place/Chez+Boulay+-+comptoir+bor%C3%A9al/data=!4m7!3m6!1s0x4cb895dfadcbe893:0x70ec03f5b6d62ea3!8m2!3d46.8145583!4d-71.210778!16s%2Fg%2F11d_7x87cv!19sChIJk-jLrd-VuEwRoy7WtvUD7HA?authuser=0&hl=en&g_ep=EgoyMDI2MDgyNS4wIJJjKgBIAVAD&rclk=1
cafes in Quebec City,Café La Maison Smith Notre-Dame,info@smithcafe.com,http://www.smithcafe.com/,+1 581-742-6777,Tock,https://www.google.com/maps/place/Caf%C3%A9+La+Maison+Smith+Notre-Dame/data=!4m7!3m6!1s0x4cb895dd1c4aef79:0xb673977392decd6!8m2!3d46.8130985!4d-71.2029776!16s%2Fg%2F1ptz2cpxz!19sChIJee9KHN2VuEwR1uwtOXc5Zws?authuser=0&hl=en&g_ep=EgoyMDI2MDgyNS4wIJJjKgBIAVAD&rclk=1
cafes in Quebec City,Café Quoi?,"maximepaquet.z@gmail.com, ncafequoi.mp@gmail.com",https://cafequoi.square.site/,,"Tock, Resy",https://www.google.com/maps/place/Caf%C3%A9+Quoi%3F/data=!4m7!3m6!1s0x4cb8975cfb487011:0x8b26f25b2074c55d!8m2!3d46.8067194!4d-71.2275235!16s%2Fg%2F11s5yvrtjm!19sChIJEXBI-1yXuEwRXcV0IFvyJos?authuser=0&hl=en&g_ep=EgoyMDI2MDgyNS4wIJJjKgBIAVAD&rclk=1
cafes in Quebec City,"CREMA. Boulangerie, pâtisserie & café",microboulangeriebc@gmail.com,http://www.cremaboulangerie.com/?utm_medium=referral&utm_source=gmb&utm_campaign=lnk-gmb,+1 418-527-1118,Tock,"https://www.google.com/maps/place/CREMA.+Boulangerie,+p%C3%A2tisserie+%26+caf%C3%A9/data=!4m7!3m6!1s0x4cb8964f6813d93f:0x12941e29eca9b689!8m2!3d46.8179866!4d-71.2560238!16s%2Fg%2F1tyywqkp!19sChIJP9kTaE-WuEwRibap7CkelBI?authuser=0&hl=en&g_ep=EgoyMDI2MDgyNS4wIJJjKgBIAVAD&rclk=1"
cafes in Quebec City,Café La Maison Smith St-Jean,info@smithcafe.com,http://smithcafe.com/,+1 581-741-3484,Tock,https://www.google.com/maps/place/Caf%C3%A9+La+Maison+Smith+St-Jean/data=!4m7!3m6!1s0x4cb895de5623468d:0xc9b88004a996371c!8m2!3d46.8140747!4d-71.2100485!16s%2Fg%2F11g8gcp5hv!19sChIJjUYjVt6VuEwRHDeWqQSAuMk?authuser=0&hl=en&g_ep=EgoyMDI2MDgyNS4wIJJjKgBIAVAD&rclk=1
cafes in Quebec City,Café Cantook Limoilou,cantook@cantookcafe.com,https://www.cantookcafe.com/,,Tock,https://www.google.com/maps/place/Caf%C3%A9+Cantook+Limoilou/data=!4m7!3m6!1s0x4cb897d043c54465:0x3e8e8d5cb30f5c1a!8m2!3d46.827163!4d-71.23076!16s%2Fg%2F11w4gy296v!19sChIJZUTFQ9CXuEwRGlwPs1yNjj4?authuser=0&hl=en&g_ep=EgoyMDI2MDgyNS4wIJJjKgBIAVAD&rclk=1
cafes in Quebec City,Cantook Micro Torréfaction,cantook@cantookcafe.com,https://www.cantookcafe.com/,,Tock,https://www.google.com/maps/place/Cantook+Micro+Torr%C3%A9faction/data=!4m7!3m6!1s0x4cb89677a5d57b7b:0x68b72bc551b5a1f7!8m2!3d46.8099444!4d-71.2201025!16s%2Fg%2F1tq6d2vd!19sChIJe3vVpXeWuEwR96G1UcUrt2g?authuser=0&hl=en&g_ep=EgoyMDI2MDgyNS4wIJJjKgBIAVAD&rclk=1
cafes in Quebec City,Café Félin Ma Langue Aux Chats,,http://cafemalangueauxchats.ca/,+1 581-742-2428,None,https://www.google.com/maps/place/Caf%C3%A9+F%C3%A9lin+Ma+Langue+Aux+Chats/data=!4m7!3m6!1s0x4cb895dffcfb1b65:0x3681b6e429f24ed4!8m2!3d46.816654!4d-71.211776!16s%2Fg%2F11bx8sskqj!19sChIJZRv7_N-VuEwR1E7yKeS2gTY?authuser=0&hl=en&g_ep=EgoyMDI2MDgyNS4wIJJjKgBIAVAD&rclk=1
cafes in Quebec City,Concept Bala - Espace Bien-Être,"hi@mystore.com, conceptbala@gmail.com",http://www.conceptbala.com/,,"Tock, Resy",https://www.google.com/maps/place/Concept+Bala+-+Espace+Bien-%C3%8Atre/data=!4m7!3m6!1s0x6433572501504003:0x3ba1008d91f8965f!8m2!3d46.8165491!4d-71.2124517!16s%2Fg%2F11s9hj7nmd!19sChIJA0BQASVXM2QRX5b4kY0AoTs?authuser=0&hl=en&g_ep=EgoyMDI2MDgyNS4wIJJjKgBIAVAD&rclk=1
cafes in Quebec City,Café et Buvette Mila,"lecafemila.boutique@gmail.com, lecafemila@gmail.com",https://lecafemila.com/,,Tock,https://www.google.com/maps/place/Caf%C3%A9+et+Buvette+Mila/data=!4m7!3m6!1s0x4cb897333773bc95:0x1b8193d814103800!8m2!3d46.8264385!4d-71.2295557!16s%2Fg%2F11y499z6r8!19sChIJlbxzNzOXuEwRADgQFNiTgRs?authuser=0&hl=en&g_ep=EgoyMDI2MDgyNS4wIJJjKgBIAVAD&rclk=1
cafes in Quebec City,Faux Mouvement,info@fauxmouvement.cc,http://fauxmouvement.cc/,+1 581-978-3289,None,https://www.google.com/maps/place/Faux+Mouvement/data=!4m7!3m6!1s0x4cb8952633229793:0x7eca8e59fb702c6f!8m2!3d46.8110765!4d-71.2033086!16s%2Fg%2F11nxr3nlpg!19sChIJk5ciMyaVuEwRbyxw-1mOyn4?authuser=0&hl=en&g_ep=EgoyMDI2MDgyNS4wIJJjKgBIAVAD&rclk=1
cafes in Quebec City,Les Caprices d'Alice - Café Castelo 1av.,info@lescapricesdalice.com,http://www.lescapricesdalice.com/,+1 418-622-9785,None,https://www.google.com/maps/place/Les+Caprices+d%27Alice+-+Caf%C3%A9+Castelo+1av./data=!4m7!3m6!1s0x4cb89628d374557b:0xb7c922eaae726d39!8m2!3d46.8376319!4d-71.2449666!16s%2Fg%2F1trc4kkm!19sChIJe1V00yiWuEwROW1yruoiybc?authuser=0&hl=en&g_ep=EgoyMDI2MDgyNS4wIJJjKgBIAVAD&rclk=1
cafes in Quebec City,Le Kogi,,http://lekogi.com/,,Tock,https://www.google.com/maps/place/Le+Kogi/data=!4m7!3m6!1s0x4cb89768885211d3:0x624233153eb899f6!8m2!3d46.8344789!4d-71.2283351!16s%2Fg%2F11spr2q8mt!19sChIJ0xFSiGiXuEwR9pm4PhUzQmI?authuser=0&hl=en&g_ep=EgoyMDI2MDgyNS4wIJJjKgBIAVAD&rclk=1
cafes in Quebec City,café Olive,,,+1 418-261-0922,None,https://www.google.com/maps/place/caf%C3%A9+Olive/data=!4m7!3m6!1s0x4cb8973a6d5a0bd9:0xf9a5f3c38ab60d36!8m2!3d46.8026616!4d-71.2250022!16s%2Fg%2F11fvt01zln!19sChIJ2QtabTqXuEwRNg22isPzpfk?authuser=0&hl=en&g_ep=EgoyMDI2MDgyNS4wIJJjKgBIAVAD&rclk=1
cafes in Quebec City,Café Cantook St-Vallier,cantook@cantookcafe.com,https://www.cantookcafe.com/,,Tock,https://www.google.com/maps/place/Caf%C3%A9+Cantook+St-Vallier/data=!4m7!3m6!1s0x4cb89774140268b7:0x9ab6dc7d63a4f097!8m2!3d46.8120135!4d-71.2351616!16s%2Fg%2F11mwgs4xgk!19sChIJt2gCFHSXuEwRl_CkY33ctpo?authuser=0&hl=en&g_ep=EgoyMDI2MDgyNS4wIJJjKgBIAVAD&rclk=1
cafes in Quebec City,Paillard,"gerantcaprouge@paillard.ca, info@paillard.ca, gerantchamplain@paillard.ca, gerantauvergne@paillard.ca, gerantmtl@paillard.ca, admin@paillard.ca",http://www.paillard.ca/,+1 418-692-1221,Tock,https://www.google.com/maps/place/Paillard/data=!4m7!3m6!1s0x4cb895defdf21f25:0xe4f2de47fecff9f7!8m2!3d46.8138104!4d-71.2108007!16s%2Fg%2F1tyzylr7!19sChIJJR_y_d6VuEwR9_nP_kfe8uQ?authuser=0&hl=en&g_ep=EgoyMDI2MDgyNS4wIJJjKgBIAVAD&rclk=1
cafes in Quebec City,Jina Café,"jonpinhorn.typedesign@gmail.com, eben@eyebytes.com, amkryukov@gmail.com",http://www.jinacafe.ca/,+1 418-914-9773,None,https://www.google.com/maps/place/Jina+Caf%C3%A9/data=!4m7!3m6!1s0x4cb89674866603c5:0xaf9e73c9b428dd8a!8m2!3d46.8159157!4d-71.219524!16s%2Fg%2F1tk678vq!19sChIJxQNmhnSWuEwRit0otMlznq8?authuser=0&hl=en&g_ep=EgoyMDI2MDgyNS4wIJJjKgBIAVAD&rclk=1
cafes in Quebec City,Café Castelo,"u003einfo@cafecastelo.com, info@cafecastelo.com",http://www.cafecastelo.com/,+1 418-523-9785,Tock,https://www.google.com/maps/place/Caf%C3%A9+Castelo/data=!4m7!3m6!1s0x4cb8967be8e8e1f3:0xb65a3d1b4beaf0a6!8m2!3d46.8056806!4d-71.2282278!16s%2Fg%2F1tdrdzqj!19sChIJ8-Ho6HuWuEwRpvDqSxs9WrY?authuser=0&hl=en&g_ep=EgoyMDI2MDgyNS4wIJJjKgBIAVAD&rclk=1
cafes in Quebec City,Baguette & Chocolat,baguette_chocolat@outlook.com,https://www.facebook.com/Baguette-Chocolat-431344020356354/,+1 418-694-7007,"Tock, Resy",https://www.google.com/maps/place/Baguette+%26+Chocolat/data=!4m7!3m6!1s0x4cb895de6f9a7035:0x46aa427d3be79f30!8m2!3d46.8144716!4d-71.2078184!16s%2Fg%2F11bvv4wgyv!19sChIJNXCab96VuEwRMJ_nO31CqkY?authuser=0&hl=en&g_ep=EgoyMDI2MDgyNS4wIJJjKgBIAVAD&rclk=1
cafes in Quebec City,Nektar Caféologue,"info@nektar.ca, allo@nektar.ca",http://nektar.ca/,+1 418-977-9236,Tock,https://www.google.com/maps/place/Nektar+Caf%C3%A9ologue/data=!4m7!3m6!1s0x4cb89671c0f5cced:0xec7fd67780e928a0!8m2!3d46.813125!4d-71.227525!16s%2Fg%2F1vp6zsr5!19sChIJ7cz1wHGWuEwRoCjpgHfWf-w?authuser=0&hl=en&g_ep=EgoyMDI2MDgyNS4wIJJjKgBIAVAD&rclk=1
cafes in Quebec City,Le Packwood café et boutique,packwoodstephanie@gmail.com,https://www.facebook.com/lepackwood/?locale=fr_CA,+1 418-694-3066,"Tock, Resy",https://www.google.com/maps/place/Le+Packwood+caf%C3%A9+et+boutique/data=!4m7!3m6!1s0x4cb895e0bb1fcb1b:0x2899c06f18d0ed9a!8m2!3d46.8166667!4d-71.2063889!16s%2Fg%2F11d_26y2hf!19sChIJG8sfu-CVuEwRmu3QGG_AmSg?authuser=0&hl=en&g_ep=EgoyMDI2MDgyNS4wIJJjKgBIAVAD&rclk=1
cafes in Quebec City,L'Art du café colombien Tintico,info@tintico.cafe,https://www.facebook.com/share/1FhiSGbzBg/,+1 418-948-0736,"Tock, Resy",https://www.google.com/maps/place/L%27Art+du+caf%C3%A9+colombien+Tintico/data=!4m7!3m6!1s0x4cb897a3ff12f359:0x795a70ddf7210a21!8m2!3d46.8102391!4d-71.2329249!16s%2Fg%2F11pk_ld0b2!19sChIJWfMS_6OXuEwRIQoh991wWnk?authuser=0&hl=en&g_ep=EgoyMDI2MDgyNS4wIJJjKgBIAVAD&rclk=1
cafes in Quebec City,Maelstrøm Saint-Roch,info@maelstrom.cafe,http://www.maelstrom.cafe/,+1 418-523-0700,None,https://www.google.com/maps/place/Maelstr%C3%B8m+Saint-Roch/data=!4m7!3m6!1s0x4cb896705a773c65:0x617205032af07a68!8m2!3d46.8113727!4d-71.2276091!16s%2Fg%2F11byyd3jhv!19sChIJZTx3WnCWuEwRaHrwKgMFcmE?authuser=0&hl=en&g_ep=EgoyMDI2MDgyNS4wIJJjKgBIAVAD&rclk=1
cafes in Quebec City,Les Cafés du Soleil,,https://www.lescafesdusoleil.com/,+1 418-692-1147,None,https://www.google.com/maps/place/Les+Caf%C3%A9s+du+Soleil/data=!4m7!3m6!1s0x4cb895e0ad89fe05:0xa041f6e753b3d83b!8m2!3d46.8164477!4d-71.2057183!16s%2Fg%2F1tgwm92m!19sChIJBf6JreCVuEwRO9izU-f2QaA?authuser=0&hl=en&g_ep=EgoyMDI2MDgyNS4wIJJjKgBIAVAD&rclk=1
bars in Quebec City,DORSAY Pub Britannique,,http://dorsaypubbritannique.com/,+1 418-694-1582,None,https://www.google.com/maps/place/DORSAY+Pub+Britannique/data=!4m7!3m6!1s0x4cb895de7f9712b7:0xdb114138b44517e6!8m2!3d46.8136316!4d-71.2072724!16s%2Fg%2F1w_vmwnj!19sChIJtxKXf96VuEwR5hdFtDhBEds?authuser=0&hl=en&g_ep=EgoyMDI2MDgyNS4wIJJjKgBIAVAD&rclk=1
bars in Quebec City,Pub Nelligan's,,http://www.pubnelligans.com/,+1 418-704-7817,"Tock, Resy",https://www.google.com/maps/place/Pub+Nelligan%27s/data=!4m7!3m6!1s0x4cb896764c122f7b:0xb005bc4d154a581f!8m2!3d46.810775!4d-71.21885!16s%2Fg%2F1tdw3272!19sChIJey8STHaWuEwRH1hKFU28BbA?authuser=0&hl=en&g_ep=EgoyMDI2MDgyNS4wIJJjKgBIAVAD&rclk=1
bars in Quebec City,Bar Ste-Angèle,,https://facebook.com/BarSainteAngele/?locale2=fr_CA,+1 418-473-9044,"Tock, Resy",https://www.google.com/maps/place/Bar+Ste-Ang%C3%A8le/data=!4m7!3m6!1s0x4cb895df1f6282ff:0xf6a27207f98abc66!8m2!3d46.813075!4d-71.211701!16s%2Fg%2F1td5fqp7!19sChIJ_4JiH9-VuEwRZryK-QdyovY?authuser=0&hl=en&g_ep=EgoyMDI2MDgyNS4wIJJjKgBIAVAD&rclk=1
bars in Quebec City,Chez Tao!,gestion@cheztao.ca,https://cheztao.ca/,+1 418-204-1850,OpenTable,https://www.google.com/maps/place/Chez+Tao!/data=!4m7!3m6!1s0x4cb8966fa1daaaab:0x3bd8fd7bef2a7d51!8m2!3d46.8117384!4d-71.2336424!16s%2Fg%2F11gdjpry2l!19sChIJq6raoW-WuEwRUX0q73v92Ds?authuser=0&hl=en&g_ep=EgoyMDI2MDgyNS4wIJJjKgBIAVAD&rclk=1
bars in Quebec City,Taverne Grande Allée,,http://www.tavernegrandeallee.com/,+1 418-522-8226,None,https://www.google.com/maps/place/Taverne+Grande+All%C3%A9e/data=!4m7!3m6!1s0x4cb895d7a578a959:0xb9120832548bf4b2!8m2!3d46.8058587!4d-71.2169682!16s%2Fg%2F12hklcjkh!19sChIJWal4pdeVuEwRsvSLVDIIErk?authuser=0&hl=en&g_ep=EgoyMDI2MDgyNS4wIJJjKgBIAVAD&rclk=1
bars in Quebec City,Bar Artefact,"marketing@saint-antoine.com, concierge@saint-antoine.com",https://www.saint-antoine.com/fr/restaurants/bar-artefact,+1 418-692-2211,None,https://www.google.com/maps/place/Bar+Artefact/data=!4m7!3m6!1s0x4cb895dd71d2c273:0x32452c37c80f18e!8m2!3d46.8145636!4d-71.201953!16s%2Fg%2F11g659sgls!19sChIJc8LScd2VuEwRjvGAfMNSJAM?authuser=0&hl=en&g_ep=EgoyMDI2MDgyNS4wIJJjKgBIAVAD&rclk=1
bars in Quebec City,Honō Ramen,info@honorestos.com,https://ramen.honorestos.com/,,OpenTable,https://www.google.com/maps/place/Hon%C5%8D+Ramen/data=!4m7!3m6!1s0x4cb8970c5c54b693:0x8c552d7ef2698794!8m2!3d46.815375!4d-71.221207!16s%2Fg%2F11rf796cks!19sChIJk7ZUXAyXuEwRlIdp8n4tVYw?authuser=0&hl=en&g_ep=EgoyMDI2MDgyNS4wIJJjKgBIAVAD&rclk=1
bars in Quebec City,La Faucheuse,,http://www.brasserielafaucheuse.com/,+1 581-981-1333,None,https://www.google.com/maps/place/La+Faucheuse/data=!4m7!3m6!1s0x4cb89679e60fd9af:0xdeb3931bd5a3dacc!8m2!3d46.8083098!4d-71.2240195!16s%2Fg%2F11cmsnlc19!19sChIJr9kP5nmWuEwRzNqj1RuTs94?authuser=0&hl=en&g_ep=EgoyMDI2MDgyNS4wIJJjKgBIAVAD&rclk=1
bars in Quebec City,Clubby Bar,"reception@lecapitole.com, concierge@lecapitole.com",https://lecapitole.com/lexperience,+1 418-694-4040,Tock,https://www.google.com/maps/place/Clubby+Bar/data=!4m7!3m6!1s0x4cb8956bb25528e3:0x7a6d2af6536214d4!8m2!3d46.8128311!4d-71.2139264!16s%2Fg%2F11j01v47pk!19sChIJ4yhVsmuVuEwR1BRiU_YqbXo?authuser=0&hl=en&g_ep=EgoyMDI2MDgyNS4wIJJjKgBIAVAD&rclk=1
bars in Quebec City,La Korrigane - Brasserie artisanale,info@korrigane.ca,https://korrigane.ca/,+1 418-614-0932,Tock,https://www.google.com/maps/place/La+Korrigane+-+Brasserie+artisanale/data=!4m7!3m6!1s0x4cb896718d991d87:0x1d74579e8ef9596b!8m2!3d46.8138803!4d-71.2269135!16s%2Fg%2F1vfwcg7h!19sChIJhx2ZjXGWuEwRa1n5jp5XdB0?authuser=0&hl=en&g_ep=EgoyMDI2MDgyNS4wIJJjKgBIAVAD&rclk=1
bars in Quebec City,Pub St-Patrick,,https://pubsaintpatrick.com/,+1 418-694-0618,Tock,https://www.google.com/maps/place/Pub+St-Patrick/data=!4m7!3m6!1s0x4cb895de45cfd5f9:0x402a29d44cca7075!8m2!3d46.8147983!4d-71.2090548!16s%2Fg%2F1tc_w61j!19sChIJ-dXPRd6VuEwRdXDKTNQpKkA?authuser=0&hl=en&g_ep=EgoyMDI2MDgyNS4wIJJjKgBIAVAD&rclk=1
bars in Quebec City,Bateau De Nuit,bateaudenuit@gmail.com,https://m.facebook.com/bateaudenuit/,+1 418-977-2626,"Tock, Resy",https://www.google.com/maps/place/Bateau+De+Nuit/data=!4m7!3m6!1s0x4cb89679e6139f47:0xaad729ba0c038e58!8m2!3d46.8083285!4d-71.2239665!16s%2Fg%2F1tfsmlkj!19sChIJR58T5nmWuEwRWI4DDLop16o?authuser=0&hl=en&g_ep=EgoyMDI2MDgyNS4wIJJjKgBIAVAD&rclk=1
bars in Quebec City,TAVERNE BELLEY - Bar Sportif - Pizza / Wings - Cocktails,anthony.tavernebelley@gmail.com,https://www.tavernebelley.com/,+1 418-614-1521,Tock,https://www.google.com/maps/place/TAVERNE+BELLEY+-+Bar+Sportif+-+Pizza+%2F+Wings+-+Cocktails/data=!4m7!3m6!1s0x4cb895e070856553:0xa08d37328823e974!8m2!3d46.8168802!4d-71.2098284!16s%2Fg%2F1xgzbcwf!19sChIJU2WFcOCVuEwRdOkjiDI3jaA?authuser=0&hl=en&g_ep=EgoyMDI2MDgyNS4wIJJjKgBIAVAD&rclk=1
bars in Quebec City,Pub L'Oncle Antoine,,https://www.facebook.com/oncleantoine/,+1 418-694-9176,"Tock, Resy",https://www.google.com/maps/place/Pub+L%27Oncle+Antoine/data=!4m7!3m6!1s0x4cb895dd10e1a1c9:0xf13b337da2b883ec!8m2!3d46.8132307!4d-71.2024855!16s%2Fg%2F1tcyf1yz!19sChIJyaHhEN2VuEwR7IO4on0zO_E?authuser=0&hl=en&g_ep=EgoyMDI2MDgyNS4wIJJjKgBIAVAD&rclk=1
bars in Quebec City,Le Patio,,https://groupelacourarriere.ca/le-patio/,,None,https://www.google.com/maps/place/Le+Patio/data=!4m7!3m6!1s0x4cb8957e0f126c21:0xa0de8ad34a77f651!8m2!3d46.8060449!4d-71.2163658!16s%2Fg%2F11v0r7nlg8!19sChIJIWwSD36VuEwRUfZ3StOK3qA?authuser=0&hl=en&g_ep=EgoyMDI2MDgyNS4wIJJjKgBIAVAD&rclk=1
bars in Quebec City,Bar Les Yeux Bleus,baryeuxbleusqc@gmail.com,http://baryeuxbleus.com/?utm_source=google&utm_medium=wix_google_business_profile&utm_campaign=11657742056394948353,+1 418-204-0501,Tock,https://www.google.com/maps/place/Bar+Les+Yeux+Bleus/data=!4m7!3m6!1s0x4cb895defe4cee65:0xcd406c8664af1f5!8m2!3d46.8138608!4d-71.2105073!16s%2Fg%2F1thl50qf!19sChIJZe5M_t6VuEwR9fFKZsgG1Aw?authuser=0&hl=en&g_ep=EgoyMDI2MDgyNS4wIJJjKgBIAVAD&rclk=1
bars in Quebec City,Les Salons d’Edgar,infosedgar@gmail.com,http://lessalonsdedgar.com/,+1 418-523-7811,Tock,https://www.google.com/maps/place/Les+Salons+d%E2%80%99Edgar/data=!4m7!3m6!1s0x4cb8967102e0035f:0xc373f59529fbe2e9!8m2!3d46.8118468!4d-71.2257846!16s%2Fg%2F1tgj8f55!19sChIJXwPgAnGWuEwR6eL7KZX1c8M?authuser=0&hl=en&g_ep=EgoyMDI2MDgyNS4wIJJjKgBIAVAD&rclk=1
bars in Quebec City,La Barberie - Microbrasserie & Restaurant,"nom@courriel.com, dirventes@labarberie.com",http://www.labarberie.com/,+1 418-522-4373,Tock,https://www.google.com/maps/place/La+Barberie+-+Microbrasserie+%26+Restaurant/data=!4m7!3m6!1s0x4cb8960b52e81077:0x564a5f29fb5c3e8c!8m2!3d46.8178912!4d-71.2180951!16s%2Fg%2F1ths8z98!19sChIJdxDoUguWuEwRjD5c-ylfSlY?authuser=0&hl=en&g_ep=EgoyMDI2MDgyNS4wIJJjKgBIAVAD&rclk=1
bars in Quebec City,Le Bal du Lézard,,http://www.lebaldulezard.com/,+1 418-529-3829,None,https://www.google.com/maps/place/Le+Bal+du+L%C3%A9zard/data=!4m7!3m6!1s0x4cb89616f0f58dd9:0x68714c54882d7e7e!8m2!3d46.8267805!4d-71.2303184!16s%2Fg%2F1tfjq9dy!19sChIJ2Y318BaWuEwRfn4tiFRMcWg?authuser=0&hl=en&g_ep=EgoyMDI2MDgyNS4wIJJjKgBIAVAD&rclk=1
bars in Quebec City,Pub St-Alexandre,"pubstalexandre@videotron.ca, bookingstalex@gmail.com",http://www.pubstalexandre.com/,+1 418-694-0015,Tock,https://www.google.com/maps/place/Pub+St-Alexandre/data=!4m7!3m6!1s0x4cb895df02c06073:0x91efbdc3becbc7fe!8m2!3d46.8136224!4d-71.2109957!16s%2Fg%2F1232z2lk4!19sChIJc2DAAt-VuEwR_sfLvsO975E?authuser=0&hl=en&g_ep=EgoyMDI2MDgyNS4wIJJjKgBIAVAD&rclk=1
bars in Quebec City,Taverne Jos Dion,,http://www.facebook.com/tavernejosdion,+1 418-525-0710,"Tock, Resy",https://www.google.com/maps/place/Taverne+Jos+Dion/data=!4m7!3m6!1s0x4cb8966fbdd76e53:0x43bf19fe84900728!8m2!3d46.8115437!4d-71.2327374!16s%2Fg%2F1tg_fnj8!19sChIJU27XvW-WuEwRKAeQhP4Zv0M?authuser=0&hl=en&g_ep=EgoyMDI2MDgyNS4wIJJjKgBIAVAD&rclk=1
bars in Quebec City,Griendel - Brasserie Artisanale (quartier Montcalm),,https://griendel.com/,+1 418-522-2552,Tock,https://www.google.com/maps/place/Griendel+-+Brasserie+Artisanale+%28quartier+Montcalm%29/data=!4m7!3m6!1s0x4cb8966f72696d91:0x3537085fc1b288ac!8m2!3d46.8047556!4d-71.2261922!16s%2Fg%2F11bwfkwszx!19sChIJkW1pcm-WuEwRrIiywV8INzU?authuser=0&hl=en&g_ep=EgoyMDI2MDgyNS4wIJJjKgBIAVAD&rclk=1
bars in Quebec City,Bar Le Sacrilège,admin@barlesacrilege.com,https://barlesacrilege.com/,+1 418-649-1985,None,https://www.google.com/maps/place/Bar+Le+Sacril%C3%A8ge/data=!4m7!3m6!1s0x4cb8967770588a23:0x33e5b42bf7c687ad!8m2!3d46.8091647!4d-71.2217808!16s%2Fg%2F1tfvyrr6!19sChIJI4pYcHeWuEwRrYfG9yu05TM?authuser=0&hl=en&g_ep=EgoyMDI2MDgyNS4wIJJjKgBIAVAD&rclk=1
bars in Quebec City,Sapristi...bistro bar,,http://www.sapristi.ca/,+1 418-692-2030,None,https://www.google.com/maps/place/Sapristi...bistro+bar/data=!4m7!3m6!1s0x4cb895df3b633679:0x9c0c437e88e964ab!8m2!3d46.8128395!4d-71.2125806!16s%2Fg%2F12hnkx50c!19sChIJeTZjO9-VuEwRq2TpiH5DDJw?authuser=0&hl=en&g_ep=EgoyMDI2MDgyNS4wIJJjKgBIAVAD&rclk=1
bars in Quebec City,The Backyard of the Beerfest,,https://groupelacourarriere.ca/la-cour-arriere-de-quebec/,+1 418-914-2104,None,https://www.google.com/maps/place/The+Backyard+of+the+Beerfest/data=!4m7!3m6!1s0x4cb895e7b6d97f01:0x8c9ed55faf74e025!8m2!3d46.8287722!4d-71.2463202!16s%2Fg%2F11b8v89qt0!19sChIJAX_ZtueVuEwRJeB0r1_Vnow?authuser=0&hl=en&g_ep=EgoyMDI2MDgyNS4wIJJjKgBIAVAD&rclk=1
bars in Quebec City,London Jack,,https://londonjack.ca/,+1 418-694-0688,Tock,https://www.google.com/maps/place/London+Jack/data=!4m7!3m6!1s0x4cb897223e62e64f:0x217bec5ce22d5a50!8m2!3d46.8145303!4d-71.2234268!16s%2Fg%2F11g0cp3bmp!19sChIJT-ZiPiKXuEwRUFot4lzseyE?authuser=0&hl=en&g_ep=EgoyMDI2MDgyNS4wIJJjKgBIAVAD&rclk=1
bars in Quebec City,La Cale of the Port of Québec,,https://lacale.portquebec.ca/,,None,https://www.google.com/maps/place/La+Cale+of+the+Port+of+Qu%C3%A9bec/data=!4m7!3m6!1s0x4cb895e108011865:0x2db32be7b94ea656!8m2!3d46.8168989!4d-71.2000426!16s%2Fg%2F11kpl21vvq!19sChIJZRgBCOGVuEwRVqZOuecrsy0?authuser=0&hl=en&g_ep=EgoyMDI2MDgyNS4wIJJjKgBIAVAD&rclk=1
bars in Quebec City,Vieux Carré,info@restaurantlataniere.com,https://www.vieux-carre.ca/,+1 418-872-4386,Tock,https://www.google.com/maps/place/Vieux+Carr%C3%A9/data=!4m7!3m6!1s0x4cb8950019138033:0xa4172bbbe4f8b37!8m2!3d46.8133619!4d-71.2023447!16s%2Fg%2F11y50m749r!19sChIJM4ATGQCVuEwRN4tPvrtyQQo?authuser=0&hl=en&g_ep=EgoyMDI2MDgyNS4wIJJjKgBIAVAD&rclk=1
bars in Quebec City,Le Bureau de Poste,info@warehousegroup.ca,https://warehousegroup.ca/location/le-bureau-de-poste-quebec-city/,+1 418-914-6161,SevenRooms,https://www.google.com/maps/place/Le+Bureau+de+Poste/data=!4m7!3m6!1s0x4cb89671901f3c83:0xd3e77c5024b63f0e!8m2!3d46.8136584!4d-71.2267942!16s%2Fg%2F12q4sjbbs!19sChIJgzwfkHGWuEwRDj-2JFB859M?authuser=0&hl=en&g_ep=EgoyMDI2MDgyNS4wIJJjKgBIAVAD&rclk=1
bars in Quebec City,Bar 1608,"chateaufrontenac@fairmont.com, lcf.concierge@fairmont.com",https://www.fairmont.com/frontenac-quebec/dining/1608-bar/,+1 418-692-3861,None,https://www.google.com/maps/place/Bar+1608/data=!4m7!3m6!1s0x4cb895dc5c6ff269:0x9fd2d616fba6b8f9!8m2!3d46.8119806!4d-71.2052169!16s%2Fg%2F1q64kw53d!19sChIJafJvXNyVuEwR-bim-xbW0p8?authuser=0&hl=en&g_ep=EgoyMDI2MDgyNS4wIJJjKgBIAVAD&rclk=1
bars in Quebec City,Tiger Bar,"info@bistromiyagi.com, hello@bilcomarketing.com",http://tigerbar.ca/,+1 418-614-4040,None,https://www.google.com/maps/place/Tiger+Bar/data=!4m7!3m6!1s0x4cb8976fe9502489:0x38a7d6e2495dbc31!8m2!3d46.8229437!4d-71.2263436!16s%2Fg%2F11yb3hq7pn!19sChIJiSRQ6W-XuEwRMbxdSeLWpzg?authuser=0&hl=en&g_ep=EgoyMDI2MDgyNS4wIJJjKgBIAVAD&rclk=1
bars in Quebec City,Le Bijou • Salon à cocktails,info@lebijou.ca,https://lebijou.ca/,+1 418-977-7777,None,https://www.google.com/maps/place/Le+Bijou+%E2%80%A2+Salon+%C3%A0+cocktails/data=!4m7!3m6!1s0x4cb895fc55c54bc1:0x8b10c77b4050b6d6!8m2!3d46.8143051!4d-71.2090751!16s%2Fg%2F11l1mppy7y!19sChIJwUvFVfyVuEwR1rZQQHvHEIs?authuser=0&hl=en&g_ep=EgoyMDI2MDgyNS4wIJJjKgBIAVAD&rclk=1
bars in Quebec City,Justine,justine@corsairemicro.com,https://www.facebook.com/JustineVieuxQuebec/?locale=fr_CA,+1 418-914-5637,"Tock, Resy",https://www.google.com/maps/place/Justine/data=!4m7!3m6!1s0x4cb895c9e4d44255:0xd5547594317d7ff0!8m2!3d46.8166725!4d-71.2116864!16s%2Fg%2F11rshbtm6g!19sChIJVULU5MmVuEwR8H99MZR1VNU?authuser=0&hl=en&g_ep=EgoyMDI2MDgyNS4wIJJjKgBIAVAD&rclk=1
bars in Quebec City,Fou-Bar,,https://www.foubar.ca/,+1 418-522-1987,Tock,https://www.google.com/maps/place/Fou-Bar/data=!4m7!3m6!1s0x4cb89677a0040f41:0xc56644654febead5!8m2!3d46.8095472!4d-71.2207944!16s%2Fg%2F1thw_0xy!19sChIJQQ8EoHeWuEwR1errT2VEZsU?authuser=0&hl=en&g_ep=EgoyMDI2MDgyNS4wIJJjKgBIAVAD&rclk=1
resorts in Quebec City,Le C3 Hôtel,,http://www.lec3hotel.com/,+1 418-525-9726,None,https://www.google.com/maps/place/Le+C3+H%C3%B4tel/data=!4m10!3m9!1s0x4cb8967fa09aba7d:0xef147a711641e0f6!5m2!4m1!1i2!8m2!3d46.8015322!4d-71.2253045!16s%2Fg%2F1vfp374r!19sChIJfbqaoH-WuEwR9uBBFnF6FO8?authuser=0&hl=en&g_ep=EgoyMDI2MDgyNS4wIJJjKgBIAVAD&rclk=1
resorts in Quebec City,Hotel Manoir Morgan,info@manoirmorgan.com,https://manoirmorgan.com/,+1 418-694-1877,None,https://www.google.com/maps/place/Hotel+Manoir+Morgan/data=!4m10!3m9!1s0x4cb895dc4b009c5f:0x9457383d184bfeee!5m2!4m1!1i2!8m2!3d46.8131281!4d-71.2056028!16s%2Fg%2F11d_yz4wlt!19sChIJX5wAS9yVuEwR7v5LGD04V5Q?authuser=0&hl=en&g_ep=EgoyMDI2MDgyNS4wIJJjKgBIAVAD&rclk=1
resorts in Quebec City,Hôtel Le Clos Saint-Louis - Par Aneyro,info@aneyrohotels.com,http://www.clossaintlouis.com/,+1 418-694-1311,Tock,https://www.google.com/maps/place/H%C3%B4tel+Le+Clos+Saint-Louis+-+Par+Aneyro/data=!4m10!3m9!1s0x4cb895dbfca406a3:0xcc61c1954d788b4b!5m2!4m1!1i2!8m2!3d46.8106631!4d-71.2089289!16s%2Fg%2F1tjv3362!19sChIJowak_NuVuEwRS4t4TZXBYcw?authuser=0&hl=en&g_ep=EgoyMDI2MDgyNS4wIJJjKgBIAVAD&rclk=1
resorts in Quebec City,Hôtel Château Laurier Québec,"laurier@oldquebec.com, laurier@vieuxquebec.com",http://hotelchateaulaurier.com/,+1 418-522-8108,None,https://www.google.com/maps/place/H%C3%B4tel+Ch%C3%A2teau+Laurier+Qu%C3%A9bec/data=!4m10!3m9!1s0x4cb895d771b0b6ff:0xaff433e8f888cc10!5m2!4m1!1i2!8m2!3d46.8064922!4d-71.2151008!16s%2Fg%2F1tpc7kxt!19sChIJ_7awcdeVuEwREMyI-Ogz9K8?authuser=0&hl=en&g_ep=EgoyMDI2MDgyNS4wIJJjKgBIAVAD&rclk=1
resorts in Quebec City,Hôtel Le Priori,info@hotellepriori.com,http://www.hotellepriori.com/,+1 418-692-3992,None,https://www.google.com/maps/place/H%C3%B4tel+Le+Priori/data=!4m10!3m9!1s0x4cb895dd9e23c0ed:0x27de682c03b5065!5m2!4m1!1i2!8m2!3d46.814345!4d-71.203295!16s%2Fg%2F1vd75jbh!19sChIJ7cAjnt2VuEwRZVA7wILmfQI?authuser=0&hl=en&g_ep=EgoyMDI2MDgyNS4wIJJjKgBIAVAD&rclk=1
resorts in Quebec City,Hôtel-Musée Premières Nations,info@hotelpremieresnations.ca,http://www.hotelpremieresnations.ca/,+1 418-847-2222,None,https://www.google.com/maps/place/H%C3%B4tel-Mus%C3%A9e+Premi%C3%A8res+Nations/data=!4m10!3m9!1s0x4cb8987e04469733:0xc927e54751ba3ad5!5m2!4m1!1i2!8m2!3d46.8570898!4d-71.3583602!16s%2Fg%2F1224nhq2!19sChIJM5dGBH6YuEwR1Tq6UUflJ8k?authuser=0&hl=en&g_ep=EgoyMDI2MDgyNS4wIJJjKgBIAVAD&rclk=1
resorts in Quebec City,HOTEL MANOIR D'AUTEUIL,"u003ehubert@aneyrohotels.com, u003ereservations@manoirdauteuil.com, u003ejonathan@aneyrohotels.com, reservations@manoirdauteuil.com",http://www.manoirdauteuil.com/,+1 418-694-1173,Tock,https://www.google.com/maps/place/HOTEL+MANOIR+D%27AUTEUIL/data=!4m10!3m9!1s0x4cb895d92e1ffef7:0xc8d293755ecccaac!5m2!4m1!1i2!8m2!3d46.811429!4d-71.2114557!16s%2Fg%2F12hplw4nh!19sChIJ9_4fLtmVuEwRrMrMXnWT0sg?authuser=0&hl=en&g_ep=EgoyMDI2MDgyNS4wIJJjKgBIAVAD&rclk=1
resorts in Quebec City,Hôtel 71 Preferred Hotels & Resorts LIFESTYLE.,info@hotel71.ca,http://www.hotel71.ca/,+1 888-692-1171,None,https://www.google.com/maps/place/H%C3%B4tel+71+Preferred+Hotels+%26+Resorts+LIFESTYLE./data=!4m10!3m9!1s0x4cb895dd77ba16b3:0xb995c6c8a55ae1bc!5m2!4m1!1i2!8m2!3d46.8146673!4d-71.2030083!16s%2Fg%2F1td_y60q!19sChIJsxa6d92VuEwRvOFapcjGlbk?authuser=0&hl=en&g_ep=EgoyMDI2MDgyNS4wIJJjKgBIAVAD&rclk=1
resorts in Quebec City,"Hotel Royal William, an Ascend Hotel Collection Member","ventes@royalwilliam.com, info@royalwilliam.com",https://royalwilliam.com/,+1 418-521-4488,Tock,"https://www.google.com/maps/place/Hotel+Royal+William,+an+Ascend+Hotel+Collection+Member/data=!4m10!3m9!1s0x4cb896717bac19ab:0xd8d415925ffc8aca!5m2!4m1!1i2!8m2!3d46.8134581!4d-71.2251099!16s%2Fg%2F1tjdwh_q!19sChIJqxmse3GWuEwRyor8X5IV1Ng?authuser=0&hl=en&g_ep=EgoyMDI2MDgyNS4wIJJjKgBIAVAD&rclk=1"
resorts in Quebec City,Auberge Place d'Armes,info@aubergeplacedarmes.com,https://aubergeplacedarmes.com/?utm_source=google&utm_medium=organic+&utm_campaign=gbp,+1 418-694-9485,Tock,https://www.google.com/maps/place/Auberge+Place+d%27Armes/data=!4m10!3m9!1s0x4cb895dc33d95833:0xe7da9a89b573c2ef!5m2!4m1!1i2!8m2!3d46.8131036!4d-71.2065029!16s%2Fm%2F0bz2q_l!19sChIJM1jZM9yVuEwR78JztYma2uc?authuser=0&hl=en&g_ep=EgoyMDI2MDgyNS4wIJJjKgBIAVAD&rclk=1
resorts in Quebec City,Hôtel Maison du Fort,info@hotelmaisondufort.com,http://hotelmaisondufort.com/,+1 855-232-0505,None,https://www.google.com/maps/place/H%C3%B4tel+Maison+du+Fort/data=!4m10!3m9!1s0x4cb895db9c834237:0xcd7f1e89ad476ebc!5m2!4m1!1i2!8m2!3d46.810174!4d-71.2064471!16s%2Fg%2F1tlqplk4!19sChIJN0KDnNuVuEwRvG5HrYkef80?authuser=0&hl=en&g_ep=EgoyMDI2MDgyNS4wIJJjKgBIAVAD&rclk=1
resorts in Quebec City,Hôtel du Vieux-Québec,reserv@hvq.com,http://www.hvq.com/,+1 418-692-1850,None,https://www.google.com/maps/place/H%C3%B4tel+du+Vieux-Qu%C3%A9bec/data=!4m10!3m9!1s0x4cb895de4fd59be1:0xfd30dcab29d851ad!5m2!4m1!1i2!8m2!3d46.8146053!4d-71.2095542!16s%2Fg%2F1vp6zsq_!19sChIJ4ZvVT96VuEwRrVHYKavcMP0?authuser=0&hl=en&g_ep=EgoyMDI2MDgyNS4wIJJjKgBIAVAD&rclk=1
resorts in Quebec City,Hôtel Cap Diamant,info@hotelcapdiamant.com,http://www.hotelcapdiamant.com/,+1 418-694-0313,Tock,https://www.google.com/maps/place/H%C3%B4tel+Cap+Diamant/data=!4m10!3m9!1s0x4cb895db97c5ad0f:0x5d424b6b460f5db5!5m2!4m1!1i2!8m2!3d46.8098686!4d-71.2073763!16s%2Fg%2F1v_nc3g0!19sChIJD63Fl9uVuEwRtV0PRmtLQl0?authuser=0&hl=en&g_ep=EgoyMDI2MDgyNS4wIJJjKgBIAVAD&rclk=1
resorts in Quebec City,Hôtel Champlain Vieux Québec,,http://www.hotelchamplain.ca/,+1 418-694-0106,None,https://www.google.com/maps/place/H%C3%B4tel+Champlain+Vieux+Qu%C3%A9bec/data=!4m10!3m9!1s0x4cb895dec67da527:0x9be6d5f055314531!5m2!4m1!1i2!8m2!3d46.8122497!4d-71.2103531!16s%2Fg%2F1tgz05v7!19sChIJJ6V9xt6VuEwRMUUxVfDV5ps?authuser=0&hl=en&g_ep=EgoyMDI2MDgyNS4wIJJjKgBIAVAD&rclk=1
resorts in Quebec City,Palace Royal,,https://www.hotelsjaro.com/palace-royal/,+1 418-694-2000,None,https://www.google.com/maps/place/Palace+Royal/data=!4m10!3m9!1s0x4cb8967600339f1d:0xfafc8e0544b88609!5m2!4m1!1i2!8m2!3d46.8124465!4d-71.2152252!16s%2Fg%2F1v9gv1rj!19sChIJHZ8zAHaWuEwRCYa4RAWO_Po?authuser=0&hl=en&g_ep=EgoyMDI2MDgyNS4wIJJjKgBIAVAD&rclk=1
resorts in Quebec City,Hôtel Manoir Victoria,"admin@manoir-victoria.com, ilemm@manoir-victoria.com, emartel@manoir-victoria.com, cbedard@manoir-victoria.com, mlamothe@manoir-victoria.com, lvanony@manoir-victoria.com, mhdrolet@manoir-victoria.com, ylb@manoir-victoria.com, dboulette@manoir-victoria.com",http://www.manoir-victoria.com/,+1 418-692-1030,None,https://www.google.com/maps/place/H%C3%B4tel+Manoir+Victoria/data=!4m10!3m9!1s0x4cb895dfac3ed013:0xe99c1c873dd85deb!5m2!4m1!1i2!8m2!3d46.8144979!4d-71.2108!16s%2Fg%2F1tdgzx9z!19sChIJE9A-rN-VuEwR613YPYccnOk?authuser=0&hl=en&g_ep=EgoyMDI2MDgyNS4wIJJjKgBIAVAD&rclk=1
resorts in Quebec City,Hôtel Nomad - Vieux Québec,info@lhotel.ca,https://hotelnomad.ca/,+1 418-694-1884,Tock,https://www.google.com/maps/place/H%C3%B4tel+Nomad+-+Vieux+Qu%C3%A9bec/data=!4m10!3m9!1s0x4cb895db82996ce9:0xded480de28b47702!5m2!4m1!1i2!8m2!3d46.8103083!4d-71.2059551!16s%2Fg%2F1tdnwhv5!19sChIJ6WyZgtuVuEwRAne0KN6A1N4?authuser=0&hl=en&g_ep=EgoyMDI2MDgyNS4wIJJjKgBIAVAD&rclk=1
resorts in Quebec City,Hôtel Sainte-Anne,info@hotelste-anne.com,https://www.hotelste-anne.com/,+1 877-222-9422,None,https://www.google.com/maps/place/H%C3%B4tel+Sainte-Anne/data=!4m10!3m9!1s0x4cb895dc28631ffb:0x2825b529a4fb80a0!5m2!4m1!1i2!8m2!3d46.8131448!4d-71.2066291!16s%2Fg%2F1tgz52dv!19sChIJ-x9jKNyVuEwRoID7pCm1JSg?authuser=0&hl=en&g_ep=EgoyMDI2MDgyNS4wIJJjKgBIAVAD&rclk=1
resorts in Quebec City,Auberge Saint-Pierre,"info@auberge.qc.ca, msavard@auberge.qc.ca, pblanco@auberge.qc.ca",http://www.auberge.qc.ca/,+1 418-694-7981,Tock,https://www.google.com/maps/place/Auberge+Saint-Pierre/data=!4m10!3m9!1s0x4cb896703e838131:0xb98193b8ab474bbb!5m2!4m1!1i2!8m2!3d46.8148658!4d-71.2031093!16s%2Fg%2F11gztqs7y!19sChIJMYGDPnCWuEwRu0tHq7iTgbk?authuser=0&hl=en&g_ep=EgoyMDI2MDgyNS4wIJJjKgBIAVAD&rclk=1
resorts in Quebec City,Le Capitole Hôtel,reception@lecapitole.com,https://www.lecapitole.com/,+1 800-363-4040,Tock,https://www.google.com/maps/place/Le+Capitole+H%C3%B4tel/data=!4m10!3m9!1s0x4cb895df4f31a9cd:0xbbde52d3fa2c31d6!5m2!4m1!1i2!8m2!3d46.81286!4d-71.2138669!16s%2Fg%2F11xsrd50h!19sChIJzakxT9-VuEwR1jEs-tNS3rs?authuser=0&hl=en&g_ep=EgoyMDI2MDgyNS4wIJJjKgBIAVAD&rclk=1
resorts in Quebec City,Grand Hôtel TIMES - Québec (Boul. des Galeries),"reservationquebec@timeshotel.ca, directeurquebec@timeshotel.ca, coordinationquebec@timeshotel.ca",http://www.grandtimeshotel.com/grand-times-galeries/fr/,+1 418-353-3333,Tock,https://www.google.com/maps/place/Grand+H%C3%B4tel+TIMES+-+Qu%C3%A9bec+%28Boul.+des+Galeries%29/data=!4m10!3m9!1s0x4cb897eb32b9d341:0xbf88c21e904d1a5c!5m2!4m1!1i2!8m2!3d46.8309358!4d-71.2937605!16s%2Fg%2F1tfcydwt!19sChIJQdO5MuuXuEwRXBpNkB7CiL8?authuser=0&hl=en&g_ep=EgoyMDI2MDgyNS4wIJJjKgBIAVAD&rclk=1
resorts in Quebec City,Appart/Hôtel Le Vincent,,http://www.hotellevincent.com/,+1 581-398-0653,None,https://www.google.com/maps/place/Appart%2FH%C3%B4tel+Le+Vincent/data=!4m10!3m9!1s0x4cb89671241aa0ed:0x30c2f97e0fb2c5a0!5m2!4m1!1i2!8m2!3d46.8117809!4d-71.2243014!16s%2Fg%2F1tcxzf9h!19sChIJ7aAaJHGWuEwRoMWyD375wjA?authuser=0&hl=en&g_ep=EgoyMDI2MDgyNS4wIJJjKgBIAVAD&rclk=1
resorts in Quebec City,Manoir du Lac Delage,"ventes@lacdelage.com, info@lacdelage.com, jean.martin@exemple.com",https://lacdelage.com/,+1 418-848-2551,None,https://www.google.com/maps/place/Manoir+du+Lac+Delage/data=!4m10!3m9!1s0x4cb8a308c0042e69:0x4e7b9f352bb5fbd5!5m2!4m1!1i2!8m2!3d46.9698761!4d-71.4024934!16s%2Fg%2F1tdyqdb5!19sChIJaS4EwAijuEwR1fu1KzWfe04?authuser=0&hl=en&g_ep=EgoyMDI2MDgyNS4wIJJjKgBIAVAD&rclk=1
resorts in Quebec City,DoubleTree by Hilton Quebec Resort,,https://www.hilton.com/en/hotels/yqbqcdt-doubletree-quebec-resort/?SEO_id=GMB-AMER-DT-YQBQCDT,+1 418-627-8008,None,https://www.google.com/maps/place/DoubleTree+by+Hilton+Quebec+Resort/data=!4m10!3m9!1s0x4cb8a2dcb4468bb7:0x2d9688447d200ff1!5m2!4m1!1i2!8m2!3d46.8832341!4d-71.3065035!16s%2Fg%2F11hy_z4phv!19sChIJt4tGtNyiuEwR8Q8gfUSIli0?authuser=0&hl=en&g_ep=EgoyMDI2MDgyNS4wIJJjKgBIAVAD&rclk=1
resorts in Quebec City,La Maison Kent - Par Aneyro,,http://www.maisonkent.com/,+1 418-476-6379,None,https://www.google.com/maps/place/La+Maison+Kent+-+Par+Aneyro/data=!4m10!3m9!1s0x4cb895dc6d3aeab9:0x6c7c20e0cdf65db4!5m2!4m1!1i2!8m2!3d46.8116527!4d-71.2066227!16s%2Fm%2F0cn_t2m!19sChIJueo6bdyVuEwRtF32zeAgfGw?authuser=0&hl=en&g_ep=EgoyMDI2MDgyNS4wIJJjKgBIAVAD&rclk=1
resorts in Quebec City,Entourage sur-le-Lac,info@entourageresort.com,https://entourageresort.com/,+1 833-463-8998,Tock,https://www.google.com/maps/place/Entourage+sur-le-Lac/data=!4m10!3m9!1s0x4cb8a492442fffff:0x8c45c88844cfd3d8!5m2!4m1!1i2!8m2!3d46.9455588!4d-71.2818622!16s%2Fg%2F11g8d8_vsn!19sChIJ__8vRJKkuEwR2NPPRIjIRYw?authuser=0&hl=en&g_ep=EgoyMDI2MDgyNS4wIJJjKgBIAVAD&rclk=1
resorts in Quebec City,Hôtel Le Germain Québec,"reservations.legermainquebec@germainhotels.com, reservations.altmontreal@germainhotels.com, reservations.altottawa@germainhotels.com, scote@germainhotels.com, reservations.altdix30@germainhotels.com, reservations.altwinnipeg@germainhotels.com, reservations.legermaincalgary@germainhotels.com, reservations.altstjohns@germainhotels.com, reservations.alttorontoairport@germainhotels.com, reservations.altsaskatoon@germainhotels.com, reservations.legermaintorontomlsq@germainhotels.com, reservations.althalifax@germainhotels.com, reservations.legermainottawa@germainhotels.com, reservations.altquebec@germainhotels.com, reservations.altcalgaryeastvillage@germainhotels.com, ventes.legermainquebec@germainhotels.com, reservations.altcalgaryuniversitydistrict@germainhotels.com, reservations.legermaincharlevoix@germainhotels.com, reservations.legermaintorontomercer@germainhotels.com, reservations.escaddix30@germainhotels.com, concierge.legermainquebec@germainhotels.com, reservations.gquebec@legermainhotels.com, reservations.legermainmontreal@germainhotels.com",https://www.germainhotels.com/fr/hotel-le-germain/quebec,+1 418-692-2224,OpenTable,https://www.google.com/maps/place/H%C3%B4tel+Le+Germain+Qu%C3%A9bec/data=!4m10!3m9!1s0x4cb895e7659c9ead:0x69537f24ab859486!5m2!4m1!1i2!8m2!3d46.8160489!4d-71.2032393!16s%2Fg%2F1thf852_!19sChIJrZ6cZeeVuEwRhpSFqyR_U2k?authuser=0&hl=en&g_ep=EgoyMDI2MDgyNS4wIJJjKgBIAVAD&rclk=1
resorts in Quebec City,Hôtel des Coutellier,,https://hoteldescoutellier.com/,+1 418-692-9696,None,https://www.google.com/maps/place/H%C3%B4tel+des+Coutellier/data=!4m10!3m9!1s0x4cb895e00c92d22b:0xe34156f25cba336!5m2!4m1!1i2!8m2!3d46.816918!4d-71.209962!16s%2Fg%2F1tr9n0k9!19sChIJK9KSDOCVuEwRNqPLJW8VNA4?authuser=0&hl=en&g_ep=EgoyMDI2MDgyNS4wIJJjKgBIAVAD&rclk=1
resorts in Quebec City,Hôtel de Glace,"media@valcartier.com, vente@valcartier.com, rh@valcartier.com, loi25@valcartier.com, marketing@valcartier.com, info@valcartier.com",https://www.valcartier.com/fr/hebergement/hotel-de-glace/,+1 418-844-2200,None,https://www.google.com/maps/place/H%C3%B4tel+de+Glace/data=!4m10!3m9!1s0x4cb8a32099988eef:0xa1f8e4954df7b051!5m2!4m1!1i2!8m2!3d46.9426968!4d-71.4747035!16s%2Fm%2F064n839!19sChIJ746YmSCjuEwRUbD3TZXk-KE?authuser=0&hl=en&g_ep=EgoyMDI2MDgyNS4wIJJjKgBIAVAD&rclk=1
resorts in Quebec City,North House - Maison Ste-Ursule,info@north-house.ca,https://www.north-house.ca/,+1 581-481-0401,None,https://www.google.com/maps/place/North+House+-+Maison+Ste-Ursule/data=!4m10!3m9!1s0x4cb895d94afb6515:0x6c728f9231a11fe1!5m2!4m1!1i2!8m2!3d46.8114821!4d-71.2105208!16s%2Fg%2F1tj7dnmx!19sChIJFWX7StmVuEwR4R-hMZKPcmw?authuser=0&hl=en&g_ep=EgoyMDI2MDgyNS4wIJJjKgBIAVAD&rclk=1
resorts in Quebec City,Hôtel Alt Québec,"reservations.legermainquebec@germainhotels.com, reservations.altmontreal@germainhotels.com, reservations.altottawa@germainhotels.com, reservations.altdix30@germainhotels.com, reservations.quebec@althotels.ca, reservations.altwinnipeg@germainhotels.com, reservations.legermaincalgary@germainhotels.com, reservations.altstjohns@germainhotels.com, reservations.alttorontoairport@germainhotels.com, reservations.altsaskatoon@germainhotels.com, rgaron@germainhotels.com, reservations.legermaintorontomlsq@germainhotels.com, reservations.althalifax@germainhotels.com, reservations.legermainottawa@germainhotels.com, reservations.altquebec@germainhotels.com, reservations.altcalgaryeastvillage@germainhotels.com, reservations.altcalgaryuniversitydistrict@germainhotels.com, reservations.legermaincharlevoix@germainhotels.com, ventes.altquebec@germainhotels.com, reservations.legermaintorontomercer@germainhotels.com, reservations.escaddix30@germainhotels.com, reservations.legermainmontreal@germainhotels.com",https://www.germainhotels.com/fr/hotel-alt/quebec,+1 418-658-1224,OpenTable,https://www.google.com/maps/place/H%C3%B4tel+Alt+Qu%C3%A9bec/data=!4m10!3m9!1s0x4cb89132b98f606b:0x39da43bb1c3ac74!5m2!4m1!1i2!8m2!3d46.7686403!4d-71.2874293!16s%2Fg%2F11xdh1vhv!19sChIJa2CPuTKRuEwRdKzDsTuknQM?authuser=0&hl=en&g_ep=EgoyMDI2MDgyNS4wIJJjKgBIAVAD&rclk=1
resorts in Quebec City,Auberge Saint-Antoine Relais & Châteaux,concierge@saint-antoine.com,https://www.saint-antoine.com/?utm_source=google-gbp&utm_medium=organic&utm_campaign=gbp,+1 418-692-2211,OpenTable,https://www.google.com/maps/place/Auberge+Saint-Antoine+Relais+%26+Ch%C3%A2teaux/data=!4m10!3m9!1s0x4cb895dd6571c645:0x326630115d2f7295!5m2!4m1!1i2!8m2!3d46.8144095!4d-71.2021927!16s%2Fg%2F1ym82jy5s!19sChIJRcZxZd2VuEwRlXIvXREwZjI?authuser=0&hl=en&g_ep=EgoyMDI2MDgyNS4wIJJjKgBIAVAD&rclk=1
resorts in Quebec City,"Monsieur Jean Hotel Particulier, an SLH Hotel",info@monsieurjean.ca,https://monsieurjean.ca/,+1 418-977-7777,Tock,"https://www.google.com/maps/place/Monsieur+Jean+Hotel+Particulier,+an+SLH+Hotel/data=!4m10!3m9!1s0x4cb895de5cfaf56f:0xa3b916392cce26d2!5m2!4m1!1i2!8m2!3d46.8143051!4d-71.2090751!16s%2Fg%2F11gs4kmfnh!19sChIJb_X6XN6VuEwR0ibOLDkWuaM?authuser=0&hl=en&g_ep=EgoyMDI2MDgyNS4wIJJjKgBIAVAD&rclk=1"
resorts in Quebec City,Hôtel Le Château de Pierre,info@chateaudepierre.ca,http://www.chateaudepierre.com/,+1 581-203-3669,Tock,https://www.google.com/maps/place/H%C3%B4tel+Le+Ch%C3%A2teau+de+Pierre/data=!4m10!3m9!1s0x4cb895db82ddbf5d:0x9d339a8d8b9be3a2!5m2!4m1!1i2!8m2!3d46.810247!4d-71.206047!16s%2Fg%2F1v_z3yjw!19sChIJXb_dgtuVuEwRouObi42aM50?authuser=0&hl=en&g_ep=EgoyMDI2MDgyNS4wIJJjKgBIAVAD&rclk=1
