Business Name,Category / Query,City,Phone,Website,Email,Google Reviews,Google Maps URL
Michelene Maguire,B2B consultant,Toronto ON,+1 647-622-7504,http://michelenemaguire.com/,hello@maguiremarketinggroup.com,26,https://www.google.com/maps/place/Michelene+Maguire/data=!4m7!3m6!1s0x882b34dbb9c4c7b7:0x3be14ed6d371d081!8m2!3d43.6429328!4d-79.3921472!16s%2Fg%2F11cn9kybj2!19sChIJt8fEuds0K4gRgdBx09ZO4Ts?authuser=0&hl=en&g_ep=EgoyMDI2MDgyNS4wIJJjKgBIAVAD&rclk=1
B2B Consulting Group Ltd.,B2B consultant,Toronto ON,+1 905-420-4370,http://b2bconsultinggroup.ca/,debbie@b2bconsultinggroup.ca,,https://www.google.com/maps/place/B2B+Consulting+Group+Ltd./data=!4m7!3m6!1s0x89d4d8d6e48bffff:0xecc3584469f3b6dc!8m2!3d43.8449734!4d-79.1177444!16s%2Fg%2F11nnv89fnx!19sChIJ__-L5NbY1IkR3LbzaURYw-w?authuser=0&hl=en&g_ep=EgoyMDI2MDgyNS4wIJJjKgBIAVAD&rclk=1
Satori Consulting Inc,B2B consultant,Toronto ON,+1 905-627-0555,https://www.satoriconsultinginc.ca/business-consulting-toronto/,sandiv@satoriconsultinginc.ca,17,https://www.google.com/maps/place/Satori+Consulting+Inc/data=!4m7!3m6!1s0x89d4cb295c98f24f:0xabe76f2bf74e5d1b!8m2!3d43.6427432!4d-79.3741046!16s%2Fg%2F11gfp8xnc8!19sChIJT_KYXCnL1IkRG11O9ytv56s?authuser=0&hl=en&g_ep=EgoyMDI2MDgyNS4wIJJjKgBIAVAD&rclk=1
Unizportal Private limited,B2B consultant,Toronto ON,+1 647-255-8857,https://unizportal.com/home,info@unizportal.com,49,https://www.google.com/maps/place/Unizportal+Private+limited/data=!4m7!3m6!1s0x882b338223dbb005:0xe3126701c33acca8!8m2!3d43.7255889!4d-79.4027128!16s%2Fg%2F11q8y3zbym!19sChIJBbDbI4IzK4gRqMw6wwFnEuM?authuser=0&hl=en&g_ep=EgoyMDI2MDgyNS4wIJJjKgBIAVAD&rclk=1
Shore Consulting Group Inc.,B2B consultant,Toronto ON,+1 416-506-9998,http://shore.ca/,info@shorecg.com,,https://www.google.com/maps/place/Shore+Consulting+Group+Inc./data=!4m7!3m6!1s0x89d4cb07e1ffc09f:0x9810f88a899b688d!8m2!3d43.6444776!4d-79.3687467!16s%2Fg%2F1wbg00v4!19sChIJn8D_4QfL1IkRjWibiYr4EJg?authuser=0&hl=en&g_ep=EgoyMDI2MDgyNS4wIJJjKgBIAVAD&rclk=1
ALC21 Inc.,B2B consultant,Toronto ON,+1 647-505-0104,http://www.alc21.com/,info@alc21.com,83,https://www.google.com/maps/place/ALC21+Inc./data=!4m7!3m6!1s0x882b2d63631859f7:0xb889af179e4768a1!8m2!3d43.7608112!4d-79.4121067!16s%2Fg%2F11f1239lrc!19sChIJ91kYY2MtK4gRoWhHnhevibg?authuser=0&hl=en&g_ep=EgoyMDI2MDgyNS4wIJJjKgBIAVAD&rclk=1
Electric Mind,B2B consultant,Toronto ON,+1 416-762-0032,http://www.electricmind.com/,recruiting@electricmind.com,27,https://www.google.com/maps/place/Electric+Mind/data=!4m7!3m6!1s0x882b343025754f81:0x91c9893036e41e73!8m2!3d43.6449461!4d-79.3887746!16s%2Fg%2F1tlz_tnt!19sChIJgU91JTA0K4gRcx7kNjCJyZE?authuser=0&hl=en&g_ep=EgoyMDI2MDgyNS4wIJJjKgBIAVAD&rclk=1
HGM Consulting (HG Management Consulting Canada Corp.),B2B consultant,Toronto ON,+1 844-450-0979,https://hgmconsulting.ca/,info@hgmconsulting.ca,,https://www.google.com/maps/place/HGM+Consulting+%28HG+Management+Consulting+Canada+Corp.%29/data=!4m7!3m6!1s0x89d4cb2ff2962fc9:0x4b6599be64c89fb5!8m2!3d43.6496485!4d-79.3770896!16s%2Fg%2F11fllt88zq!19sChIJyS-W8i_L1IkRtZ_IZL6ZZUs?authuser=0&hl=en&g_ep=EgoyMDI2MDgyNS4wIJJjKgBIAVAD&rclk=1
Sidharth Iyer: B2B SaaS SEO Consultant,B2B consultant,Toronto ON,+1 647-214-0991,https://www.sidiyer.ca/,iyer.sidharth@gmail.com,,https://www.google.com/maps/place/Sidharth+Iyer:+B2B+SaaS+SEO+Consultant/data=!4m7!3m6!1s0x882b31a185b92743:0xaeca47bfb00eb996!8m2!3d43.7081994!4d-79.5341446!16s%2Fg%2F11sqndjq64!19sChIJQye5haExK4gRlrkOsL9Hyq4?authuser=0&hl=en&g_ep=EgoyMDI2MDgyNS4wIJJjKgBIAVAD&rclk=1
Mans International,B2B consultant,Toronto ON,,https://mansinternational.net/,info@mansinternational.net,,https://www.google.com/maps/place/Mans+International/data=!4m7!3m6!1s0x882b350e4e16a4b5:0x49e79e57d8cd4dc5!8m2!3d43.6541632!4d-79.3809606!16s%2Fg%2F11j6t81dl5!19sChIJtaQWTg41K4gRxU3N2Fee50k?authuser=0&hl=en&g_ep=EgoyMDI2MDgyNS4wIJJjKgBIAVAD&rclk=1
Podcast Your Brand: Premier Podcast Growth Agency For B2B & Financial Brands,B2B consultant,Toronto ON,+1 864-408-8305,https://podcastyourbrand.co/,hello@podcastyourbrand.com,,https://www.google.com/maps/place/Podcast+Your+Brand:+Premier+Podcast+Growth+Agency+For+B2B+%26+Financial+Brands/data=!4m7!3m6!1s0x882b37e42da38701:0xab1b6c04e48107be!8m2!3d43.6657424!4d-79.475453!16s%2Fg%2F11sjthf_x7!19sChIJAYejLeQ3K4gRvgeB5ARsG6s?authuser=0&hl=en&g_ep=EgoyMDI2MDgyNS4wIJJjKgBIAVAD&rclk=1
Pemeco Consulting,B2B consultant,Toronto ON,+1 647-499-8161,https://www.pemeco.com/,pemecoconsulting@pemeco.onmicrosoft.com,,https://www.google.com/maps/place/Pemeco+Consulting/data=!4m7!3m6!1s0x89d4ccd2a8da43ad:0xb86ecbb10ed9f587!8m2!3d43.6700064!4d-79.3898261!16s%2Fg%2F1v2yzvpq!19sChIJrUPaqNLM1IkRh_XZDrHLbrg?authuser=0&hl=en&g_ep=EgoyMDI2MDgyNS4wIJJjKgBIAVAD&rclk=1
BEST Consultants Martin Gerskup Architect Inc.,B2B consultant,Toronto ON,+1 416-428-2378,https://bestconsultants.ca/,info@bestconsultants.ca,,https://www.google.com/maps/place/BEST+Consultants+Martin+Gerskup+Architect+Inc./data=!4m7!3m6!1s0x882b298e756ab13f:0x5d4bf27b6e504f2b!8m2!3d43.6901768!4d-79.5863451!16s%2Fg%2F1w0r0jvr!19sChIJP7FqdY4pK4gRK09QbnvyS10?authuser=0&hl=en&g_ep=EgoyMDI2MDgyNS4wIJJjKgBIAVAD&rclk=1
Advantage Group International,B2B consultant,Toronto ON,+1 416-863-0685,https://www.advantagegroup.com/,info@advantagegroup.com,10,https://www.google.com/maps/place/Advantage+Group+International/data=!4m7!3m6!1s0x89d4cb2df8b2c89f:0x9b7a9d290fa8a2ea!8m2!3d43.6460376!4d-79.3844007!16s%2Fg%2F1tgh3zf3!19sChIJn8iy-C3L1IkR6qKoDymdeps?authuser=0&hl=en&g_ep=EgoyMDI2MDgyNS4wIJJjKgBIAVAD&rclk=1
Optimus SBR,business consulting firm,Toronto ON,+1 416-649-6000,http://www.optimussbr.com/,info@optimussbr.com,15,https://www.google.com/maps/place/Optimus+SBR/data=!4m7!3m6!1s0x89d4cb324c7bbe5f:0x57abc0db884a3671!8m2!3d43.6471208!4d-79.3766524!16s%2Fg%2F1v8gd08y!19sChIJX757TDLL1IkRcTZKiNvAq1c?authuser=0&hl=en&g_ep=EgoyMDI2MDgyNS4wIJJjKgBIAVAD&rclk=1
BLC Group,business consulting firm,Toronto ON,+1 833-252-4787,http://blcgroup.ca/,info@blcgroup.ca,35,https://www.google.com/maps/place/BLC+Group/data=!4m7!3m6!1s0x882b34d211ad9343:0xe9ec6e3b6ca51be5!8m2!3d43.648725!4d-79.3850791!16s%2Fg%2F11k5qlnb6p!19sChIJQ5OtEdI0K4gR5RulbDtu7Ok?authuser=0&hl=en&g_ep=EgoyMDI2MDgyNS4wIJJjKgBIAVAD&rclk=1
Trindent Consulting,business consulting firm,Toronto ON,+1 416-839-7000,http://www.trindent.com/,media@trindent.com,,https://www.google.com/maps/place/Trindent+Consulting/data=!4m7!3m6!1s0x882ad58aa1f89c8b:0xbf5e42d0b042dfc5!8m2!3d43.653675!4d-79.3717275!16s%2Fg%2F12ls2vx58!19sChIJi5z4oYrVKogRxd9CsNBCXr8?authuser=0&hl=en&g_ep=EgoyMDI2MDgyNS4wIJJjKgBIAVAD&rclk=1
Black Sheep Business Consulting (BSBCON),business consulting firm,Toronto ON,+1 888-880-1898,https://bsbcon.com/,info@bsbcon.com,,https://www.google.com/maps/place/Black+Sheep+Business+Consulting+%28BSBCON%29/data=!4m7!3m6!1s0x882b355ffbdfc1f5:0x569ed1ee9de6da92!8m2!3d43.6686677!4d-79.3923087!16s%2Fg%2F11llpsfyl2!19sChIJ9cHf-181K4gRktrmne7RnlY?authuser=0&hl=en&g_ep=EgoyMDI2MDgyNS4wIJJjKgBIAVAD&rclk=1
Level5 Strategy,business consulting firm,Toronto ON,+1 416-361-3468,http://www.level5strategy.com/,info@level5strategy.com,,https://www.google.com/maps/place/Level5+Strategy/data=!4m7!3m6!1s0x89d4cb3264a60171:0xfb2bfc292e6792b6!8m2!3d43.6496251!4d-79.377163!16s%2Fg%2F1tnmsqb8!19sChIJcQGmZDLL1IkRtpJnLin8K_s?authuser=0&hl=en&g_ep=EgoyMDI2MDgyNS4wIJJjKgBIAVAD&rclk=1
Jarvis Consulting Group,business consulting firm,Toronto ON,+1 416-613-1111,https://jrvs.ca/,info@jrvs.ca,12,https://www.google.com/maps/place/Jarvis+Consulting+Group/data=!4m7!3m6!1s0x882b3505817f4f9f:0x88ee0e08690db2a6!8m2!3d43.6491187!4d-79.3816762!16s%2Fg%2F11pz86gnnr!19sChIJn09_gQU1K4gRprINaQgO7og?authuser=0&hl=en&g_ep=EgoyMDI2MDgyNS4wIJJjKgBIAVAD&rclk=1
Nuages Consulting Inc,business consulting firm,Toronto ON,+1 416-477-1324,http://www.nuages.ca/,info@nuages.ca,87,https://www.google.com/maps/place/Nuages+Consulting+Inc/data=!4m7!3m6!1s0x882b357b79411ab7:0x3827f47caa6d5eb8!8m2!3d43.6486362!4d-79.3817439!16s%2Fg%2F11n043kb9k!19sChIJtxpBeXs1K4gRuF5tqnz0Jzg?authuser=0&hl=en&g_ep=EgoyMDI2MDgyNS4wIJJjKgBIAVAD&rclk=1
Revenue Management Labs,business consulting firm,Toronto ON,+1 647-933-7417,https://revenueml.com/?utm_source=google&utm_medium=organic&utm_campaign=gmb,contact@revenueml.com,17,https://www.google.com/maps/place/Revenue+Management+Labs/data=!4m7!3m6!1s0x882b368705c65b35:0xbf40491b0e5890b3!8m2!3d43.6448715!4d-79.383021!16s%2Fg%2F11d_pspmvk!19sChIJNVvGBYc2K4gRs5BYDhtJQL8?authuser=0&hl=en&g_ep=EgoyMDI2MDgyNS4wIJJjKgBIAVAD&rclk=1
Burnie Group,business consulting firm,Toronto ON,+1 416-306-8349,https://burniegroup.com/,contact@burniegroup.com,,https://www.google.com/maps/place/Burnie+Group/data=!4m7!3m6!1s0x89d4cb3264674131:0x1e3ceeeb6d0bbce5!8m2!3d43.6504105!4d-79.381347!16s%2Fg%2F11b6ckhg_z!19sChIJMUFnZDLL1IkR5bwLbevuPB4?authuser=0&hl=en&g_ep=EgoyMDI2MDgyNS4wIJJjKgBIAVAD&rclk=1
ADDO CPA Professional Corporation,business consulting firm,Toronto ON,+1 416-568-4022,https://www.addocpa.com/,info@addocpa.com,23,https://www.google.com/maps/place/ADDO+CPA+Professional+Corporation/data=!4m7!3m6!1s0x89d4dfe3584fffff:0xaf38d3f445f0773d!8m2!3d43.763934!4d-79.487527!16s%2Fg%2F11my403m49!19sChIJ__9PWOPf1IkRPXfwRfTTOK8?authuser=0&hl=en&g_ep=EgoyMDI2MDgyNS4wIJJjKgBIAVAD&rclk=1
Carly Rian Group,business consulting firm,Toronto ON,+1 416-623-8118,http://www.carlyriangroup.com/,info@carlyriangroup.com,11,https://www.google.com/maps/place/Carly+Rian+Group/data=!4m7!3m6!1s0x89d4cb32627a94e3:0x8701ee523dc166f8!8m2!3d43.6481326!4d-79.3795089!16s%2Fg%2F11gdhj4c4v!19sChIJ45R6YjLL1IkR-GbBPVLuAYc?authuser=0&hl=en&g_ep=EgoyMDI2MDgyNS4wIJJjKgBIAVAD&rclk=1
San Gabriel Consulting,business consulting firm,Toronto ON,+1 437-889-8726,https://www.sangabrielconsulting.com/,contact@sangabrielconsulting.com,,https://www.google.com/maps/place/San+Gabriel+Consulting/data=!4m7!3m6!1s0xa65cd87792148e1d:0xf9ad3266e3c9fb35!8m2!3d43.6652713!4d-79.4680813!16s%2Fg%2F11ylt3h68m!19sChIJHY4UknfYXKYRNfvJ42Yyrfk?authuser=0&hl=en&g_ep=EgoyMDI2MDgyNS4wIJJjKgBIAVAD&rclk=1
SFIR Consulting Ltd.,business consulting firm,Toronto ON,+1 647-560-1517,https://www.sfirconsulting.com/,sales@sfirconsulting.com,104,https://www.google.com/maps/place/SFIR+Consulting+Ltd./data=!4m7!3m6!1s0x882b35a60bd62735:0x2e8b8b0bc88e6bb6!8m2!3d43.648528!4d-79.3833359!16s%2Fg%2F11j3jxxnmr!19sChIJNSfWC6Y1K4gRtmuOyAuLiy4?authuser=0&hl=en&g_ep=EgoyMDI2MDgyNS4wIJJjKgBIAVAD&rclk=1
Daisy Consulting Group,business consulting firm,Toronto ON,+1 416-642-3100,https://daisygroup.ca/,info@daisygroup.ca,,https://www.google.com/maps/place/Daisy+Consulting+Group/data=!4m7!3m6!1s0x882b34afe66364cd:0xf9fb7ca7809d2c62!8m2!3d43.6692493!4d-79.3904637!16s%2Fg%2F11btmrsx07!19sChIJzWRj5q80K4gRYiydgKd8-_k?authuser=0&hl=en&g_ep=EgoyMDI2MDgyNS4wIJJjKgBIAVAD&rclk=1
G&EM Emergency Management Consulting and Training,management consulting,Toronto ON,+1 647-352-2882,http://www.gemconsultant.ca/,office@gemcanada.ca,,https://www.google.com/maps/place/G%26EM+Emergency+Management+Consulting+and+Training/data=!4m7!3m6!1s0x882b33262fc457d3:0x2a7e2a48a04de3a7!8m2!3d43.7089489!4d-79.3903315!16s%2Fg%2F1tf48sl_!19sChIJ01fELyYzK4gRp-NNoEgqfio?authuser=0&hl=en&g_ep=EgoyMDI2MDgyNS4wIJJjKgBIAVAD&rclk=1
HM Canada,management consulting,Toronto ON,+1 437-983-7472,http://www.hmcanada.ca/,info@hmcanada.ca,,https://www.google.com/maps/place/HM+Canada/data=!4m7!3m6!1s0x882b32c2a6f2ffff:0x4ff67e4daba672f1!8m2!3d43.7616802!4d-79.4080723!16s%2Fg%2F11q2vz_y0q!19sChIJ___ypsIyK4gR8XKmq01-9k8?authuser=0&hl=en&g_ep=EgoyMDI2MDgyNS4wIJJjKgBIAVAD&rclk=1
TCI Management Consultants,management consulting,Toronto ON,+1 416-515-0815,http://www.consulttci.com/,gyoung@consulttci.com,,https://www.google.com/maps/place/TCI+Management+Consultants/data=!4m7!3m6!1s0x882b3357876fffff:0x99cfd81dffa7ef1b!8m2!3d43.6910188!4d-79.3955878!16s%2Fg%2F1td013d1!19sChIJ__9vh1czK4gRG--n_x3Yz5k?authuser=0&hl=en&g_ep=EgoyMDI2MDgyNS4wIJJjKgBIAVAD&rclk=1
Reid Management Consultants,management consulting,Toronto ON,+1 416-440-2728,http://reidca.com/,bill@reidca.com,,https://www.google.com/maps/place/Reid+Management+Consultants/data=!4m7!3m6!1s0x882b3315bb6593cb:0x9947ffa66917f37d!8m2!3d43.7017488!4d-79.404426!16s%2Fg%2F11b5wqf9w0!19sChIJy5NluxUzK4gRffMXaab_R5k?authuser=0&hl=en&g_ep=EgoyMDI2MDgyNS4wIJJjKgBIAVAD&rclk=1
G6 Consulting Inc,management consulting,Toronto ON,+1 416-704-3879,https://www.g6consulting.ca/sred-toronto/?src=gmb,info@g6consulting.ca,,https://www.google.com/maps/place/G6+Consulting+Inc/data=!4m7!3m6!1s0x89d4cb229e4aa165:0x8c39710c04dc71b0!8m2!3d43.6480375!4d-79.3740691!16s%2Fg%2F11w1hlflr3!19sChIJZaFKniLL1IkRsHHcBAxxOYw?authuser=0&hl=en&g_ep=EgoyMDI2MDgyNS4wIJJjKgBIAVAD&rclk=1
Shift Health,management consulting,Toronto ON,+1 416-236-1054,http://www.shifthealth.com/,info@shifthealth.com,,https://www.google.com/maps/place/Shift+Health/data=!4m7!3m6!1s0x882b34a53a91e737:0x556dd408dc36e1cd!8m2!3d43.6699967!4d-79.3936512!16s%2Fg%2F1tgns8zv!19sChIJN-eROqU0K4gRzeE23AjUbVU?authuser=0&hl=en&g_ep=EgoyMDI2MDgyNS4wIJJjKgBIAVAD&rclk=1
CSI CONSULTING INC.,management consulting,Toronto ON,+1 416-364-6376,http://www.csican.com/,info@csican.com,,https://www.google.com/maps/place/CSI+CONSULTING+INC./data=!4m7!3m6!1s0x882b34d20a9094a7:0xba29ecb45de7d7d9!8m2!3d43.6443607!4d-79.3683169!16s%2Fg%2F1pzyl21nc!19sChIJp5SQCtI0K4gR2dfnXbTsKbo?authuser=0&hl=en&g_ep=EgoyMDI2MDgyNS4wIJJjKgBIAVAD&rclk=1
CG Consulting Inc.,management consulting,Toronto ON,+1 416-977-2727,https://www.cgconsultinggroup.com/,info@cgconsultinggroup.com,,https://www.google.com/maps/place/CG+Consulting+Inc./data=!4m7!3m6!1s0x89d4cb45715fd24d:0x77caa6b4ebe3f94a!8m2!3d43.6648119!4d-79.3680373!16s%2Fg%2F11c1nd3q8n!19sChIJTdJfcUXL1IkRSvnj67Smync?authuser=0&hl=en&g_ep=EgoyMDI2MDgyNS4wIJJjKgBIAVAD&rclk=1
SalesGamma,B2B sales consultant,Toronto ON,+1 647-405-8138,http://salesgamma.com/,info@salesgamma.com,42,https://www.google.com/maps/place/SalesGamma/data=!4m7!3m6!1s0x882b39712a52b4b3:0x8ee335c978aac30d!8m2!3d43.7566564!4d-79.3521053!16s%2Fg%2F11bzwsb9ql!19sChIJs7RSKnE5K4gRDcOqeMk1444?authuser=0&hl=en&g_ep=EgoyMDI2MDgyNS4wIJJjKgBIAVAD&rclk=1
Debra Stuart,B2B sales consultant,Toronto ON,+1 416-720-0271,http://www.debrastuart.com/,debra@debrastuart.com,16,https://www.google.com/maps/place/Debra+Stuart/data=!4m7!3m6!1s0x882b32e8204bace9:0x3499bcbc26d6861!8m2!3d43.7645193!4d-79.4122439!16s%2Fg%2F1tdqc626!19sChIJ6axLIOgyK4gRYWhtwsubSQM?authuser=0&hl=en&g_ep=EgoyMDI2MDgyNS4wIJJjKgBIAVAD&rclk=1
S2 Consulting多伦多一站式咨询集团｜工作移民福利创业规划｜多咨处,B2B sales consultant,Toronto ON,+1 905-477-6466,http://www.s2consulting.ca/,%20info@s2consulting.ca,311,https://www.google.com/maps/place/S2+Consulting%E5%A4%9A%E4%BC%A6%E5%A4%9A%E4%B8%80%E7%AB%99%E5%BC%8F%E5%92%A8%E8%AF%A2%E9%9B%86%E5%9B%A2%EF%BD%9C%E5%B7%A5%E4%BD%9C%E7%A7%BB%E6%B0%91%E7%A6%8F%E5%88%A9%E5%88%9B%E4%B8%9A%E8%A7%84%E5%88%92%EF%BD%9C%E5%A4%9A%E5%92%A8%E5%A4%84/data=!4m7!3m6!1s0x89d4d386cf70015f:0xfd09e0c684d27d0f!8m2!3d43.8017239!4d-79.3424285!16s%2Fg%2F1ygbcdq_9!19sChIJXwFwz4bT1IkRD33ShMbgCf0?authuser=0&hl=en&g_ep=EgoyMDI2MDgyNS4wIJJjKgBIAVAD&rclk=1
B2 Payment Solutions Inc.,B2B sales consultant,Toronto ON,+1 416-730-9827,https://www.b2ps.com/,info@b2ps.com,,https://www.google.com/maps/place/B2+Payment+Solutions+Inc./data=!4m7!3m6!1s0x89d4d25e88bfe12b:0xc805a8a44e680153!8m2!3d43.7700559!4d-79.3303645!16s%2Fg%2F11b5wqflnw!19sChIJK-G_iF7S1IkRUwFoTqSoBcg?authuser=0&hl=en&g_ep=EgoyMDI2MDgyNS4wIJJjKgBIAVAD&rclk=1
BTmarketing,B2B marketing consultant,Toronto ON,+1 416-207-1071,https://btmarketing.ca/,info@btmarketing.ca,25,https://www.google.com/maps/place/BTmarketing/data=!4m7!3m6!1s0x882b2dcc5a2442a1:0x599c3d7785f24041!8m2!3d43.6707534!4d-79.3917658!16s%2Fg%2F11h3vcxmfp!19sChIJoUIkWswtK4gRQUDyhXc9nFk?authuser=0&hl=en&g_ep=EgoyMDI2MDgyNS4wIJJjKgBIAVAD&rclk=1
Jives Media,B2B marketing consultant,Toronto ON,+1 650-420-7455,https://www.jivesmedia.com/digital-marketing-agency-in-toronto/,brian@brianwhitney.com,95,https://www.google.com/maps/place/Jives+Media/data=!4m7!3m6!1s0x882b3532de39f08d:0x7ed71e64d3b784cc!8m2!3d43.6497141!4d-79.388878!16s%2Fg%2F11rfdjfqpl!19sChIJjfA53jI1K4gRzIS302Qe134?authuser=0&hl=en&g_ep=EgoyMDI2MDgyNS4wIJJjKgBIAVAD&rclk=1
Canada Create AI Marketing Agency,B2B marketing consultant,Toronto ON,+1 416-273-9030,https://canadacreate.com/,info@canadacreate.com,98,https://www.google.com/maps/place/Canada+Create+AI+Marketing+Agency/data=!4m7!3m6!1s0x882b2d42d773b6d9:0xbadba6ee6f2390d4!8m2!3d43.7650899!4d-79.4004637!16s%2Fg%2F1tgdts62!19sChIJ2bZz10ItK4gR1JAjb-6m27o?authuser=0&hl=en&g_ep=EgoyMDI2MDgyNS4wIJJjKgBIAVAD&rclk=1
Findable Digital Marketing – Construction & Design,B2B marketing consultant,Toronto ON,+1 289-269-3236,https://www.findabledigitalmarketing.com/,hello@findabledigitalmarketing.com,49,https://www.google.com/maps/place/Findable+Digital+Marketing+%E2%80%93+Construction+%26+Design/data=!4m7!3m6!1s0x882b37da6d4aa033:0x828526790286ad62!8m2!3d43.6779087!4d-79.4420301!16s%2Fg%2F11hkxjvl_7!19sChIJM6BKbdo3K4gRYq2GAnkmhYI?authuser=0&hl=en&g_ep=EgoyMDI2MDgyNS4wIJJjKgBIAVAD&rclk=1
InterTeam Marketing,B2B marketing consultant,Toronto ON,+1 647-732-2082,https://www.interteammarketing.com/?utm_source=google&utm_medium=organic&utm_campaign=gmb&utm_content=profile,info@interteammarketing.com,25,https://www.google.com/maps/place/InterTeam+Marketing/data=!4m7!3m6!1s0x6a158c255d7dc3c3:0x3fc746c375baf1ef!8m2!3d43.6400045!4d-79.4275417!16s%2Fg%2F11jyg45859!19sChIJw8N9XSWMFWoR7_G6dcNGxz8?authuser=0&hl=en&g_ep=EgoyMDI2MDgyNS4wIJJjKgBIAVAD&rclk=1
Brand Vision Marketing - Web Design & Branding,B2B marketing consultant,Toronto ON,+1 416-360-3434,https://www.brandvm.com/?utm_source=gmb&utm_medium=organic&utm_campaign=map_pack,info@brandvm.com,111,https://www.google.com/maps/place/Brand+Vision+Marketing+-+Web+Design+%26+Branding/data=!4m7!3m6!1s0x89d4cd34609b37bb:0x79b97aa01c6a6754!8m2!3d43.6700829!4d-79.3891872!16s%2Fg%2F11mv1_4029!19sChIJuzebYDTN1IkRVGdqHKB6uXk?authuser=0&hl=en&g_ep=EgoyMDI2MDgyNS4wIJJjKgBIAVAD&rclk=1
Let's Get Optimized - SEO Company Toronto,B2B marketing consultant,Toronto ON,+1 416-840-4411,https://letsgetoptimized.com/seo/toronto/?utm_source=google&utm_medium=organic&utm_campaign=local&utm_content=toronto,info@letsgetoptimized.com,37,https://www.google.com/maps/place/Let%27s+Get+Optimized+-+SEO+Company+Toronto/data=!4m7!3m6!1s0x882b3590d3b87451:0x901ca3d25343b34f!8m2!3d43.6699721!4d-79.3901457!16s%2Fg%2F11f60y5m3c!19sChIJUXS405A1K4gRT7NDU9KjHJA?authuser=0&hl=en&g_ep=EgoyMDI2MDgyNS4wIJJjKgBIAVAD&rclk=1
Whissel Strategies - Toronto Marketing Agency,B2B marketing consultant,Toronto ON,+1 437-218-5959,https://whisselstrategies.com/,info@whisselstrategies.com,102,https://www.google.com/maps/place/Whissel+Strategies+-+Toronto+Marketing+Agency/data=!4m7!3m6!1s0x882b4976745d90cd:0x3b9b881eed8dcd94!8m2!3d43.6707846!4d-79.3920228!16s%2Fg%2F11h0x4x4th!19sChIJzZBddHZJK4gRlM2N7R6Imzs?authuser=0&hl=en&g_ep=EgoyMDI2MDgyNS4wIJJjKgBIAVAD&rclk=1
Unlimited Exposure Online,B2B marketing consultant,Toronto ON,+1 416-477-0594,https://unlimitedexposure.com/?utm_source=google&utm_medium=organic&utm_campaign=gbp-listing,info@unlimitedexposure.com,45,https://www.google.com/maps/place/Unlimited+Exposure+Online/data=!4m7!3m6!1s0x882b3231d1163231:0x27e8f37a638b4440!8m2!3d43.729405!4d-79.458695!16s%2Fg%2F11bvctvmnj!19sChIJMTIW0TEyK4gRQESLY3rz6Cc?authuser=0&hl=en&g_ep=EgoyMDI2MDgyNS4wIJJjKgBIAVAD&rclk=1
Brand & Mortar,B2B marketing consultant,Toronto ON,+1 416-729-1154,https://www.brandandmortar.com/,info@brandandmortar.com,73,https://www.google.com/maps/place/Brand+%26+Mortar/data=!4m7!3m6!1s0x882b35014f147cf9:0x6f36860be0ebd19a!8m2!3d43.6702075!4d-79.4488657!16s%2Fg%2F11b621199b!19sChIJ-XwUTwE1K4gRmtHr4AuGNm8?authuser=0&hl=en&g_ep=EgoyMDI2MDgyNS4wIJJjKgBIAVAD&rclk=1
CBM toronto,B2B marketing consultant,Toronto ON,+1 647-865-5958,https://cbm-toronto.ca/,marketing@cbmpress.com,,https://www.google.com/maps/place/CBM+toronto/data=!4m7!3m6!1s0x882b3344d529f637:0x83e2a58ab624a63c!8m2!3d43.6883105!4d-79.3946408!16s%2Fg%2F11bwpzt44q!19sChIJN_Yp1UQzK4gRPKYktoql4oM?authuser=0&hl=en&g_ep=EgoyMDI2MDgyNS4wIJJjKgBIAVAD&rclk=1
Marketing For You,B2B marketing consultant,Toronto ON,+1 647-812-4972,https://marketingforyou.ca/,info@marketingforyou.ca,,https://www.google.com/maps/place/Marketing+For+You/data=!4m7!3m6!1s0x882b33a0a288f177:0x7f0399065e6dddfb!8m2!3d43.7253708!4d-79.402817!16s%2Fg%2F11b6j48jkq!19sChIJd_GIoqAzK4gR-91tXgaZA38?authuser=0&hl=en&g_ep=EgoyMDI2MDgyNS4wIJJjKgBIAVAD&rclk=1
LB Marketing Consulting,B2B marketing consultant,Toronto ON,+1 416-389-9631,https://lbmarketingconsulting.ca/,benzion@lbmarketingconsulting.ca,,https://www.google.com/maps/place/LB+Marketing+Consulting/data=!4m7!3m6!1s0x882b3762d9963d29:0x69ba18930e7ccc7d!8m2!3d43.6363057!4d-79.4660892!16s%2Fg%2F11gnpp2qcs!19sChIJKT2W2WI3K4gRfcx8DpMYumk?authuser=0&hl=en&g_ep=EgoyMDI2MDgyNS4wIJJjKgBIAVAD&rclk=1
BOWO CREATIVE INC,B2B marketing consultant,Toronto ON,+1 416-990-0126,https://www.bowocreative.com/,hello@bowocreative.com,41,https://www.google.com/maps/place/BOWO+CREATIVE+INC/data=!4m7!3m6!1s0x882b35547cad7c77:0x3264784b1e60da20!8m2!3d43.7594667!4d-79.4098833!16s%2Fg%2F11fn95_yxd!19sChIJd3ytfFQ1K4gRINpgHkt4ZDI?authuser=0&hl=en&g_ep=EgoyMDI2MDgyNS4wIJJjKgBIAVAD&rclk=1
Big Bang - ERP Consultants,B2B consultant,Montreal QC,+1 866-520-4269,https://bigbang360.com/?utm_source=gbpmontreal&utm_medium=organic&utm_campaign=traffic,info@bigbang360.com,23,https://www.google.com/maps/place/Big+Bang+-+ERP+Consultants/data=!4m7!3m6!1s0x4cc918ebfac05d59:0x716bb891057067c7!8m2!3d45.5443917!4d-73.6518089!16s%2Fg%2F11b6hsynrw!19sChIJWV3A-usYyUwRx2dwBZG4a3E?authuser=0&hl=en&g_ep=EgoyMDI2MDgyNS4wIJJjKgBIAVAD&rclk=1
helloDarwin,B2B consultant,Montreal QC,+1 438-544-1246,https://hellodarwin.com/,info@hellodarwin.com,326,https://www.google.com/maps/place/helloDarwin/data=!4m7!3m6!1s0x4cc91973295e6745:0x16d1cced21a12732!8m2!3d45.5370662!4d-73.62448!16s%2Fg%2F11dfjz2jns!19sChIJRWdeKXMZyUwRMiehIe3M0RY?authuser=0&hl=en&g_ep=EgoyMDI2MDgyNS4wIJJjKgBIAVAD&rclk=1
ExoB2B - Agence marketing B2B : élevez le pouvoir de votre marque,B2B consultant,Montreal QC,+1 514-765-9888,https://exob2b.com/,info@exob2b.com,14,https://www.google.com/maps/place/ExoB2B+-+Agence+marketing+B2B+:+%C3%A9levez+le+pouvoir+de+votre+marque/data=!4m7!3m6!1s0x4cc91c764dace2bd:0x14c3e09262f6afd6!8m2!3d45.745884!4d-73.3947166!16s%2Fg%2F1wn338rl!19sChIJveKsTXYcyUwR1q_2YpLgwxQ?authuser=0&hl=en&g_ep=EgoyMDI2MDgyNS4wIJJjKgBIAVAD&rclk=1
JB consulting,B2B consultant,Montreal QC,+1 514-979-6086,http://www.jbconsulting.ca/,jason@jbconsulting.ca,,https://www.google.com/maps/place/JB+consulting/data=!4m7!3m6!1s0x4cc919d34b768ee1:0x7dc897270f28f5d6!8m2!3d45.4952666!4d-73.6573562!16s%2Fg%2F11c1vndb39!19sChIJ4Y52S9MZyUwR1vUoDyeXyH0?authuser=0&hl=en&g_ep=EgoyMDI2MDgyNS4wIJJjKgBIAVAD&rclk=1
berso,B2B consultant,Montreal QC,+1 438-738-3616,https://bersomarketing.com/?utm_source=google&utm_medium=organic&utm_campaign=gbp,sonia@bersomarketing.com,28,https://www.google.com/maps/place/berso/data=!4m7!3m6!1s0x4cc919f2ddfbd90f:0x5ed8c758b64132a5!8m2!3d45.5361697!4d-73.5918687!16s%2Fg%2F11sr_0ql5z!19sChIJD9n73fIZyUwRpTJBtljH2F4?authuser=0&hl=en&g_ep=EgoyMDI2MDgyNS4wIJJjKgBIAVAD&rclk=1
Immigration Business Network,B2B consultant,Montreal QC,+1 514-606-2171,http://ib2ib.net/,info@ib2ib.com,,https://www.google.com/maps/place/Immigration+Business+Network/data=!4m7!3m6!1s0x4cc91822dfe54551:0xebe00e56f8a62d2!8m2!3d45.5022675!4d-73.6831764!16s%2Fg%2F11h4nb2b89!19sChIJUUXl3yIYyUwR0mKKb-UAvg4?authuser=0&hl=en&g_ep=EgoyMDI2MDgyNS4wIJJjKgBIAVAD&rclk=1
MOMENTUMM,B2B consultant,Montreal QC,+1 514-647-9961,https://momentumm.co/,bonjour@momentumm.co,79,https://www.google.com/maps/place/MOMENTUMM/data=!4m7!3m6!1s0x4cc9239527e25ca1:0x6406aadeb844d5f9!8m2!3d45.4759538!4d-73.5808361!16s%2Fg%2F11f9v9k07_!19sChIJoVziJ5UjyUwR-dVEuN6qBmQ?authuser=0&hl=en&g_ep=EgoyMDI2MDgyNS4wIJJjKgBIAVAD&rclk=1
Courimo,B2B consultant,Montreal QC,+1 438-900-4008,https://courimo.com/,info@courimo.com,112,https://www.google.com/maps/place/Courimo/data=!4m7!3m6!1s0x4cc918ef0103ea75:0xe528e49b31038ee1!8m2!3d45.4956271!4d-73.6814854!16s%2Fg%2F11ggz98gwm!19sChIJdeoDAe8YyUwR4Y4DMZvkKOU?authuser=0&hl=en&g_ep=EgoyMDI2MDgyNS4wIJJjKgBIAVAD&rclk=1
bNurture,B2B consultant,Montreal QC,+1 514-739-9385,http://www.bnurture.com/,info@bnurture.com,,https://www.google.com/maps/place/bNurture/data=!4m7!3m6!1s0x4cc917572e7d6fcb:0x8cd3d089a8933b9e!8m2!3d45.4814274!4d-73.6289317!16s%2Fg%2F1tj2n21m!19sChIJy299LlcXyUwRnjuTqInQ04w?authuser=0&hl=en&g_ep=EgoyMDI2MDgyNS4wIJJjKgBIAVAD&rclk=1
Omnivision Design,B2B consultant,Montreal QC,+1 514-655-6276,https://www.omnivisiondesign.com/,info@omnivisiondesign.com,49,https://www.google.com/maps/place/Omnivision+Design/data=!4m7!3m6!1s0x4cc917253f8909d9:0x9e22e9016d861a4e!8m2!3d45.4541211!4d-73.6417827!16s%2Fg%2F1tfgjfbl!19sChIJ2QmJPyUXyUwRThqGbQHpIp4?authuser=0&hl=en&g_ep=EgoyMDI2MDgyNS4wIJJjKgBIAVAD&rclk=1
Let's Get Optimized,B2B consultant,Montreal QC,+1 514-291-5022,https://letsgetoptimized.com/seo/montreal/,info@letsgetoptimized.com,33,https://www.google.com/maps/place/Let%27s+Get+Optimized/data=!4m7!3m6!1s0x4cc91bdefd5a7263:0xe54e5fc93c18fd79!8m2!3d45.534224!4d-73.584089!16s%2Fg%2F1yh9sqn4m!19sChIJY3Ja_d4byUwRef0YPMlfTuU?authuser=0&hl=en&g_ep=EgoyMDI2MDgyNS4wIJJjKgBIAVAD&rclk=1
LABY,B2B consultant,Montreal QC,,http://www.laby.ca/,info@laby.ca,,https://www.google.com/maps/place/LABY/data=!4m7!3m6!1s0x4cc91ba87406b51b:0x2a45fbebb19d631b!8m2!3d62.6573279!4d-95.989235!16s%2Fg%2F11fgm7wzwt!19sChIJG7UGdKgbyUwRG2Odsev7RSo?authuser=0&hl=en&g_ep=EgoyMDI2MDgyNS4wIJJjKgBIAVAD&rclk=1
ACM Canada,business consulting firm,Montreal QC,+1 514-448-2184,https://acm-canada.com/,info@acm-canada.com,218,https://www.google.com/maps/place/ACM+Canada/data=!4m7!3m6!1s0x4cc91a5d1e6f2af7:0xa06d5384a9b84e65!8m2!3d45.5026306!4d-73.5735681!16s%2Fg%2F11bccgrhzp!19sChIJ9ypvHl0ayUwRZU64qYRTbaA?authuser=0&hl=en&g_ep=EgoyMDI2MDgyNS4wIJJjKgBIAVAD&rclk=1
HR Path Montreal,business consulting firm,Montreal QC,,https://hr-path.com/,sebastien.dupuis@hr-path.com,20,https://www.google.com/maps/place/HR+Path+Montreal/data=!4m7!3m6!1s0x4cc91a5943289055:0xc4854c6ce231ca5e!8m2!3d45.5023192!4d-73.5561163!16s%2Fg%2F1tgfprc9!19sChIJVZAoQ1kayUwRXsox4mxMhcQ?authuser=0&hl=en&g_ep=EgoyMDI2MDgyNS4wIJJjKgBIAVAD&rclk=1
Aviseo Consulting,business consulting firm,Montreal QC,+1 514-667-0023,http://www.aviseo.ca/,info@aviseo.ca,,https://www.google.com/maps/place/Aviseo+Consulting/data=!4m7!3m6!1s0x4cc91a5969e804a3:0x1488ce291235078!8m2!3d45.5054115!4d-73.5681294!16s%2Fg%2F11cn6m1r46!19sChIJowToaVkayUwReFAjkeKMSAE?authuser=0&hl=en&g_ep=EgoyMDI2MDgyNS4wIJJjKgBIAVAD&rclk=1
McGill Business Consulting Group,business consulting firm,Montreal QC,+1 438-738-1574,https://www.mbcg.com/,branco.monzongutierrez@mail.mcgill.ca,,https://www.google.com/maps/place/McGill+Business+Consulting+Group/data=!4m7!3m6!1s0x4cc91a472c385765:0x1bb62f7a03699aff!8m2!3d45.5029451!4d-73.5767564!16s%2Fg%2F1v9gv21w!19sChIJZVc4LEcayUwR_5ppA3ovths?authuser=0&hl=en&g_ep=EgoyMDI2MDgyNS4wIJJjKgBIAVAD&rclk=1
Groupe d'analyse,business consulting firm,Montreal QC,+1 514-394-4460,https://www.groupedanalyse.ca/,agweb@analysisgroup.com,,https://www.google.com/maps/place/Groupe+d%27analyse/data=!4m7!3m6!1s0x4cc91a5d277685d7:0x94acfa5ae057ea43!8m2!3d45.496373!4d-73.5679718!16s%2Fg%2F1tc_dwpb!19sChIJ14V2J10ayUwRQ-pX4Fr6rJQ?authuser=0&hl=en&g_ep=EgoyMDI2MDgyNS4wIJJjKgBIAVAD&rclk=1
Wrize Horizon,business consulting firm,Montreal QC,,https://www.wrizehorizon.com/,coaching@wrizehorizon.com,11,https://www.google.com/maps/place/Wrize+Horizon/data=!4m7!3m6!1s0x4cc91bf32331b603:0x29db8b08cd14a7f7!8m2!3d45.5229148!4d-73.5814264!16s%2Fg%2F11yw2xgfjl!19sChIJA7YxI_MbyUwR96cUzQiL2yk?authuser=0&hl=en&g_ep=EgoyMDI2MDgyNS4wIJJjKgBIAVAD&rclk=1
CSBCB,business consulting firm,Montreal QC,+1 514-848-2424 ext. 7593,http://www.concordiaconsultingbureau.com/,team@concordiaconsultingbureau.com,,https://www.google.com/maps/place/CSBCB/data=!4m7!3m6!1s0x4cc91a6bb2e9b48f:0xc0efc9ab715f7eaa!8m2!3d45.4953406!4d-73.5788682!16s%2Fg%2F11bw42tc5m!19sChIJj7TpsmsayUwRqn5fcavJ78A?authuser=0&hl=en&g_ep=EgoyMDI2MDgyNS4wIJJjKgBIAVAD&rclk=1
coboom / RÉVOLUTION D'AFFAIRES,business consulting firm,Montreal QC,+1 438-940-3837 ext. 1,https://coboom.co/,info@coboom.co,,https://www.google.com/maps/place/coboom+%2F+R%C3%89VOLUTION+D%27AFFAIRES/data=!4m7!3m6!1s0x4cc924099dba35bd:0x2981a0745e12593d!8m2!3d45.539935!4d-73.6549069!16s%2Fg%2F1tgd643l!19sChIJvTW6nQkkyUwRPVkSXnSggSk?authuser=0&hl=en&g_ep=EgoyMDI2MDgyNS4wIJJjKgBIAVAD&rclk=1
M GROUPE CONSEIL,business consulting firm,Montreal QC,+1 514-548-3554,http://mgroupeconseil.ca/,utilisateur@domaine.com,,https://www.google.com/maps/place/M+GROUPE+CONSEIL/data=!4m7!3m6!1s0x4cc9195c85ff4e45:0xfdbea5ce329e5a72!8m2!3d45.5336731!4d-73.6165233!16s%2Fg%2F11hzc9h469!19sChIJRU7_hVwZyUwRclqeMs6lvv0?authuser=0&hl=en&g_ep=EgoyMDI2MDgyNS4wIJJjKgBIAVAD&rclk=1
WAMA Consulting Inc.,business consulting firm,Montreal QC,+1 438-609-2939,https://www.wamaconsulting.com/,info@wamaconsulting.com,,https://www.google.com/maps/place/WAMA+Consulting+Inc./data=!4m7!3m6!1s0x4cc91b1e83e7378f:0x3a58fab1431bc006!8m2!3d45.5018009!4d-73.5679099!16s%2Fg%2F11yqc0_rq2!19sChIJjzfngx4byUwRBsAbQ7H6WDo?authuser=0&hl=en&g_ep=EgoyMDI2MDgyNS4wIJJjKgBIAVAD&rclk=1
OnPoint Business Plans,business consulting firm,Montreal QC,+1 438-788-3651,http://www.onpointbusinessplans.com/,info@onpointbusinessplans.com,12,https://www.google.com/maps/place/OnPoint+Business+Plans/data=!4m7!3m6!1s0x4cc91a4484000007:0x7b29adff7e8fc13b!8m2!3d45.5013378!4d-73.5697271!16s%2Fg%2F11fhz212s7!19sChIJBwAAhEQayUwRO8GPfv-tKXs?authuser=0&hl=en&g_ep=EgoyMDI2MDgyNS4wIJJjKgBIAVAD&rclk=1
DC Services Conseils,business consulting firm,Montreal QC,+1 514-583-8985,http://www.dcservicesconseils.com/,info@dcservicesconseils.com,31,https://www.google.com/maps/place/DC+Services+Conseils/data=!4m7!3m6!1s0x4cc916591b482a4b:0xe5c7fb246ec420c6!8m2!3d45.4444158!4d-73.6975802!16s%2Fg%2F11c71pxlmn!19sChIJSypIG1kWyUwRxiDEbiT7x-U?authuser=0&hl=en&g_ep=EgoyMDI2MDgyNS4wIJJjKgBIAVAD&rclk=1
Era Consulting Group,business consulting firm,Montreal QC,+1 514-316-4949,https://www.groupeconseilera.com/fr/,info@group-era.com,11,https://www.google.com/maps/place/Era+Consulting+Group/data=!4m7!3m6!1s0x4cc9100b73b8d003:0xec2b821b75548b5c!8m2!3d45.4690423!4d-73.5422222!16s%2Fg%2F11bbrk_r6l!19sChIJA9C4cwsQyUwRXItUdRuCK-w?authuser=0&hl=en&g_ep=EgoyMDI2MDgyNS4wIJJjKgBIAVAD&rclk=1
Kosmos Business Consulting Inc,business consulting firm,Montreal QC,+1 514-577-2838,https://www.kosmosconsulting.ca/,contact@kosmosconculting.ca,,https://www.google.com/maps/place/Kosmos+Business+Consulting+Inc/data=!4m7!3m6!1s0x663dbaf24c69dc19:0xc3b836fdcb761417!8m2!3d45.4862258!4d-73.4873097!16s%2Fg%2F11yqr0pb2t!19sChIJGdxpTPK6PWYRFxR2y_02uMM?authuser=0&hl=en&g_ep=EgoyMDI2MDgyNS4wIJJjKgBIAVAD&rclk=1
LIDD Consultants,business consulting firm,Montreal QC,+1 514-933-8777,https://lidd.com/,contact@lidd.com,13,https://www.google.com/maps/place/LIDD+Consultants/data=!4m7!3m6!1s0x4cc91a6b5216de8d:0x2d2b454be8e8051b!8m2!3d45.5022553!4d-73.5590026!16s%2Fg%2F1td4p9n_!19sChIJjd4WUmsayUwRGwXo6EtFKy0?authuser=0&hl=en&g_ep=EgoyMDI2MDgyNS4wIJJjKgBIAVAD&rclk=1
Conseil KAD-KAD Consultancy,business consulting firm,Montreal QC,+1 514-638-7965,http://www.kadsconsultancy.com/,info@kadsconsultancy.com,32,https://www.google.com/maps/place/Conseil+KAD-KAD+Consultancy/data=!4m7!3m6!1s0x4cc91a6bbf8ea3f9:0x2ccf74a0487d59d8!8m2!3d45.5382059!4d-73.655153!16s%2Fg%2F11hbbdq4w1!19sChIJ-aOOv2sayUwR2Fl9SKB0zyw?authuser=0&hl=en&g_ep=EgoyMDI2MDgyNS4wIJJjKgBIAVAD&rclk=1
HGC TECHNOLOGIES,business consulting firm,Montreal QC,+1 514-906-8696,https://wearehgc.com/,hello@ateko.com,13,https://www.google.com/maps/place/HGC+TECHNOLOGIES/data=!4m7!3m6!1s0x4cc91be2887d6905:0x8e625c7935cb623a!8m2!3d45.50268!4d-73.57363!16s%2Fg%2F11g0r9wtb_!19sChIJBWl9iOIbyUwROmLLNXlcYo4?authuser=0&hl=en&g_ep=EgoyMDI2MDgyNS4wIJJjKgBIAVAD&rclk=1
Hatch Ltd.,business consulting firm,Montreal QC,+1 514-861-0583,https://www.hatch.com/,webmaster@hatch.com,41,https://www.google.com/maps/place/Hatch+Ltd./data=!4m7!3m6!1s0x4cc91a447ed5ebf3:0xc0c4594328be2e97!8m2!3d45.5007985!4d-73.5695487!16s%2Fg%2F1vjdpp5q!19sChIJ8-vVfkQayUwRly6-KENZxMA?authuser=0&hl=en&g_ep=EgoyMDI2MDgyNS4wIJJjKgBIAVAD&rclk=1
Consultants Dynamique,business consulting firm,Montreal QC,+1 514-323-1137,http://www.consultantsdynamique.com/,admin@consultantsdynamique.com,24,https://www.google.com/maps/place/Consultants+Dynamique/data=!4m7!3m6!1s0x4cc91eaf1ac668e1:0x626e11cb31c6672d!8m2!3d45.5636626!4d-73.5790638!16s%2Fg%2F11cn5nvjf9!19sChIJ4WjGGq8eyUwRLWfGMcsRbmI?authuser=0&hl=en&g_ep=EgoyMDI2MDgyNS4wIJJjKgBIAVAD&rclk=1
Gestion Francine Michaud,management consulting,Montreal QC,+1 514-433-3343,http://gestionfrancinemichaud.com/,filler@godaddy.com,,https://www.google.com/maps/place/Gestion+Francine+Michaud/data=!4m7!3m6!1s0x4cc918eedec00003:0xa865ac161ad005be!8m2!3d45.5416212!4d-73.6535319!16s%2Fg%2F11fkkzldb6!19sChIJAwDA3u4YyUwRvgXQGhasZag?authuser=0&hl=en&g_ep=EgoyMDI2MDgyNS4wIJJjKgBIAVAD&rclk=1
Prométhée Consultants,management consulting,Montreal QC,,https://www.prometheeconsultants.ca/,info@www.prometheeconsultants.ca,,https://www.google.com/maps/place/Prom%C3%A9th%C3%A9e+Consultants/data=!4m7!3m6!1s0x4cc919de2d65380b:0xeb34746f1e029cd!8m2!3d45.5493029!4d-73.6646562!16s%2Fg%2F11jk43y8_z!19sChIJCzhlLd4ZyUwRzSng8UZHsw4?authuser=0&hl=en&g_ep=EgoyMDI2MDgyNS4wIJJjKgBIAVAD&rclk=1
DBC - Gestion de Projets - Project Management,management consulting,Montreal QC,+1 514-705-4476,https://www.dbcsap.com/,info@dbcsap.com,,https://www.google.com/maps/place/DBC+-+Gestion+de+Projets+-+Project+Management/data=!4m7!3m6!1s0x477a54c4fa8a7d87:0xde495f4752194483!8m2!3d45.532967!4d-73.6202723!16s%2Fg%2F11sszg65j6!19sChIJh32K-sRUekcRg0QZUkdfSd4?authuser=0&hl=en&g_ep=EgoyMDI2MDgyNS4wIJJjKgBIAVAD&rclk=1
Elite Consultation,management consulting,Montreal QC,+1 514-427-2711,https://www.eliteconsultation.ca/,info@eliteconsultation.ca,,https://www.google.com/maps/place/Elite+Consultation/data=!4m7!3m6!1s0xad26cd953ec3fe3d:0x75f50513ee94981d!8m2!3d45.4862136!4d-73.7454291!16s%2Fg%2F11q2tv7kts!19sChIJPf7DPpXNJq0RHZiU7hMF9XU?authuser=0&hl=en&g_ep=EgoyMDI2MDgyNS4wIJJjKgBIAVAD&rclk=1
Horwath HTL Consultants,management consulting,Montreal QC,+1 514-284-7720,http://www.horwathhtl.ca/,pgaudet@horwathhtl.com,,https://www.google.com/maps/place/Horwath+HTL+Consultants/data=!4m7!3m6!1s0x4cc91a59a404ed59:0x1299a87e6b0d5447!8m2!3d45.5028464!4d-73.5586862!16s%2Fg%2F1tdkx8y7!19sChIJWe0EpFkayUwRR1QNa36omRI?authuser=0&hl=en&g_ep=EgoyMDI2MDgyNS4wIJJjKgBIAVAD&rclk=1
Groupe Accès Direct Marketing,B2B sales consultant,Montreal QC,+1 514-990-9670,http://www.directb2b.ca/,telemarketing@directb2b.ca,14,https://www.google.com/maps/place/Groupe+Acc%C3%A8s+Direct+Marketing/data=!4m7!3m6!1s0x4cc93dd8f42539b9:0xf5cac1d82999e9a6!8m2!3d45.543489!4d-73.548402!16s%2Fg%2F11h26c2773!19sChIJuTkl9Ng9yUwRpumZKdjByvU?authuser=0&hl=en&g_ep=EgoyMDI2MDgyNS4wIJJjKgBIAVAD&rclk=1
B2B/2GO,B2B sales consultant,Montreal QC,+1 438-383-2677,http://www.b2b-2go.com/,info@b2b-2go.com,19,https://www.google.com/maps/place/B2B%2F2GO/data=!4m7!3m6!1s0x4cc91a58c9926387:0x3c977cd02eb578bc!8m2!3d45.499541!4d-73.555858!16s%2Fg%2F11gxxhqb4y!19sChIJh2OSyVgayUwRvHi1LtB8lzw?authuser=0&hl=en&g_ep=EgoyMDI2MDgyNS4wIJJjKgBIAVAD&rclk=1
Omnium Concept Inc,B2B sales consultant,Montreal QC,+1 514-289-2525,https://omniumconcept.com/en/,hello@omniumconcept.com,22,https://www.google.com/maps/place/Omnium+Concept+Inc/data=!4m7!3m6!1s0x4cc91bb57ef20623:0x47a316983b49d031!8m2!3d45.5180924!4d-73.5696138!16s%2Fg%2F1hc0v93_n!19sChIJIwbyfrUbyUwRMdBJO5gWo0c?authuser=0&hl=en&g_ep=EgoyMDI2MDgyNS4wIJJjKgBIAVAD&rclk=1
Webistry,B2B sales consultant,Montreal QC,+1 514-461-3631,https://www.webistry.com/,hello@webistry.com,105,https://www.google.com/maps/place/Webistry/data=!4m7!3m6!1s0x4cc918f6c2df4ce1:0x4ed3cc1269be73d0!8m2!3d45.5324002!4d-73.6592548!16s%2Fg%2F11b66k1bxj!19sChIJ4UzfwvYYyUwR0HO-aRLM004?authuser=0&hl=en&g_ep=EgoyMDI2MDgyNS4wIJJjKgBIAVAD&rclk=1
Abundance Bureau | Marketing and sales workshops,B2B sales consultant,Montreal QC,+1 438-371-4750,https://abundancebureau.co/,hello@abundancebureau.co,14,https://www.google.com/maps/place/Abundance+Bureau+%7C+Marketing+and+sales+workshops/data=!4m7!3m6!1s0xab44c45d710e8b83:0x1f5450992adf100f!8m2!3d45.5591827!4d-73.7118733!16s%2Fg%2F11y4n89gh3!19sChIJg4sOcV3ERKsRDxDfKplQVB8?authuser=0&hl=en&g_ep=EgoyMDI2MDgyNS4wIJJjKgBIAVAD&rclk=1
Brand Digital Inc,B2B marketing consultant,Montreal QC,+1 514-269-2148,https://branddigital.agency/?utm_source=GBP&utm_medium=organic&utm_campaign=Traffic,info@branddigital.agency,18,https://www.google.com/maps/place/Brand+Digital+Inc/data=!4m7!3m6!1s0x4cc91b2a0c3bf5e5:0xb936e909810b9839!8m2!3d45.4973003!4d-73.5537855!16s%2Fg%2F11tj3sqt07!19sChIJ5fU7DCobyUwROZgLgQnpNrk?authuser=0&hl=en&g_ep=EgoyMDI2MDgyNS4wIJJjKgBIAVAD&rclk=1
Rablab,B2B marketing consultant,Montreal QC,+1 514-317-6764,https://rablab.ca/,info@rablab.ca,49,https://www.google.com/maps/place/Rablab/data=!4m7!3m6!1s0x4cc8d677685025cb:0x99187ea6471d0a3!8m2!3d45.52865!4d-73.6130272!16s%2Fg%2F11c75wr2s2!19sChIJyyVQaHfWyEwRo9BxZOqHkQk?authuser=0&hl=en&g_ep=EgoyMDI2MDgyNS4wIJJjKgBIAVAD&rclk=1
inBeat Agency,B2B marketing consultant,Montreal QC,+1 833-800-1506,https://inbeat.agency/influencer-marketing-agency-montreal/,hello@inbeat.agency,143,https://www.google.com/maps/place/inBeat+Agency/data=!4m7!3m6!1s0x4cc91bbbe3c2e217:0x88a205d92b5e3!8m2!3d45.5119132!4d-73.5700358!16s%2Fg%2F11j8rygwvx!19sChIJF-LC47sbyUwR47WSXSCKCAA?authuser=0&hl=en&g_ep=EgoyMDI2MDgyNS4wIJJjKgBIAVAD&rclk=1
Marketing Websites,B2B marketing consultant,Montreal QC,+1 514-360-2187,https://marketingwebsites.ca/fr/,info@marketingwebsites.ca,38,https://www.google.com/maps/place/Marketing+Websites/data=!4m7!3m6!1s0x4cc920451b1da915:0xde6ccbd14ae4e639!8m2!3d45.5670973!4d-73.6033803!16s%2Fg%2F11b7xk15yf!19sChIJFakdG0UgyUwROebkStHLbN4?authuser=0&hl=en&g_ep=EgoyMDI2MDgyNS4wIJJjKgBIAVAD&rclk=1
La Boite B2p,B2B marketing consultant,Montreal QC,+1 514-692-6160,https://laboiteb2p.com/,info@laboiteb2p.com,75,https://www.google.com/maps/place/La+Boite+B2p/data=!4m7!3m6!1s0x4cc91bf20e9285d9:0x3a82ce25ee5b0596!8m2!3d45.5433477!4d-73.56004!16s%2Fg%2F11c0qfvl8b!19sChIJ2YWSDvIbyUwRlgVb7iXOgjo?authuser=0&hl=en&g_ep=EgoyMDI2MDgyNS4wIJJjKgBIAVAD&rclk=1
Social Media 55,B2B marketing consultant,Montreal QC,+1 438-500-2321,https://socialmedia55.com/,info@socialmedia55.com,156,https://www.google.com/maps/place/Social+Media+55/data=!4m7!3m6!1s0x4cc91a44778fb59b:0xbdcf900bbce26748!8m2!3d45.5012955!4d-73.5707489!16s%2Fg%2F11b6s8f_h4!19sChIJm7WPd0QayUwRSGfivAuQz70?authuser=0&hl=en&g_ep=EgoyMDI2MDgyNS4wIJJjKgBIAVAD&rclk=1
Webtmize,B2B marketing consultant,Montreal QC,+1 514-665-7537,https://www.webtmize.com/?utm_source=gmb&utm_medium=organic&utm_campaign=gmb-listing,info@webtmize.com,17,https://www.google.com/maps/place/Webtmize/data=!4m7!3m6!1s0x4cc91977cc06d9a9:0x92dfbd9e95901d8c!8m2!3d45.5287074!4d-73.6159697!16s%2Fg%2F11fd45lcbd!19sChIJqdkGzHcZyUwRjB2QlZ6935I?authuser=0&hl=en&g_ep=EgoyMDI2MDgyNS4wIJJjKgBIAVAD&rclk=1
KeyLime,B2B marketing consultant,Montreal QC,+1 438-771-5409,http://keylime-marketing.com/,keylimeagency@gmail.com,27,https://www.google.com/maps/place/KeyLime/data=!4m7!3m6!1s0x4cc91bf72e2db6f5:0x6e098d801d4a724f!8m2!3d45.5167746!4d-73.579814!16s%2Fg%2F11g1fsqm4b!19sChIJ9bYtLvcbyUwRT3JKHYCNCW4?authuser=0&hl=en&g_ep=EgoyMDI2MDgyNS4wIJJjKgBIAVAD&rclk=1
Bloom Search Marketing,B2B marketing consultant,Montreal QC,+1 514-667-7181,https://www.makeitbloom.com/,grow@makeitbloom.com,14,https://www.google.com/maps/place/Bloom+Search+Marketing/data=!4m7!3m6!1s0x4cc9108339239443:0x50dcac24557d8c33!8m2!3d45.484051!4d-73.562141!16s%2Fg%2F1tdzl59n!19sChIJQ5QjOYMQyUwRM4x9VSSs3FA?authuser=0&hl=en&g_ep=EgoyMDI2MDgyNS4wIJJjKgBIAVAD&rclk=1
Becom Agency,B2B marketing consultant,Montreal QC,+1 514-917-3603,https://www.becomagency.ca/,info@becomagency.ca,,https://www.google.com/maps/place/Becom+Agency/data=!4m7!3m6!1s0x4cc919e100b695a5:0xd2ffb29aa8143d68!8m2!3d45.5327168!4d-73.6593653!16s%2Fg%2F11w3b2t997!19sChIJpZW2AOEZyUwRaD0UqJqy_9I?authuser=0&hl=en&g_ep=EgoyMDI2MDgyNS4wIJJjKgBIAVAD&rclk=1
eau³ // Branding + Marketing,B2B marketing consultant,Montreal QC,+1 514-272-0303,https://www.eaucube.com/?utm_source=GBP&utm_medium=organic&utm_campaign=office,eau3@mastodon.social,,https://www.google.com/maps/place/eau%C2%B3+%2F%2F+Branding+%2B+Marketing/data=!4m7!3m6!1s0x4cc91083224fc6db:0xebf3aff2e315539d!8m2!3d45.4762497!4d-73.5790655!16s%2Fg%2F1wl4q6hc!19sChIJ28ZPIoMQyUwRnVMV4_Kv8-s?authuser=0&hl=en&g_ep=EgoyMDI2MDgyNS4wIJJjKgBIAVAD&rclk=1
Bellrock Benchmarking Inc.,B2B consultant,Vancouver BC,+1 604-283-9656,http://www.bellrock.ca/,answers@bellrock.ca,27,https://www.google.com/maps/place/Bellrock+Benchmarking+Inc./data=!4m7!3m6!1s0x5486740ea00cc1db:0x718e1675966f89e1!8m2!3d49.2507397!4d-123.0859553!16s%2Fg%2F11g_w9zl5!19sChIJ28EMoA50hlQR4YlvlnUWjnE?authuser=0&hl=en&g_ep=EgoyMDI2MDgyNS4wIJJjKgBIAVAD&rclk=1
Riverbed Marketing,B2B consultant,Vancouver BC,+1 604-259-6079,https://www.riverbedmarketing.com/,info@riverbedmarketing.com,12,https://www.google.com/maps/place/Riverbed+Marketing/data=!4m7!3m6!1s0x548673d666a05cb1:0xf1944c0ed5cf67b4!8m2!3d49.2763!4d-123.1211795!16s%2Fg%2F11b7w1lxwr!19sChIJsVygZtZzhlQRtGfP1Q5MlPE?authuser=0&hl=en&g_ep=EgoyMDI2MDgyNS4wIJJjKgBIAVAD&rclk=1
B2B Tax and Accounting,B2B consultant,Vancouver BC,+1 604-283-1249,https://b2btax.ca/,info@b2btax.ca,21,https://www.google.com/maps/place/B2B+Tax+and+Accounting/data=!4m7!3m6!1s0x548673a9ae3a3f1d:0x983cbaddb85dfdc2!8m2!3d49.2680031!4d-123.1161034!16s%2Fg%2F11v03wrdn3!19sChIJHT86rqlzhlQRwv1duN26PJg?authuser=0&hl=en&g_ep=EgoyMDI2MDgyNS4wIJJjKgBIAVAD&rclk=1
Starfish Coaching,B2B consultant,Vancouver BC,+1 604-720-6836,http://starfishcoaching.net/,eric@starfishcoaching.net,68,https://www.google.com/maps/place/Starfish+Coaching/data=!4m7!3m6!1s0x548671697de3ab4f:0x9291da867dc4b761!8m2!3d49.2840718!4d-123.0647589!16s%2Fg%2F11kmcjdnpl!19sChIJT6vjfWlxhlQRYbfEfYbakZI?authuser=0&hl=en&g_ep=EgoyMDI2MDgyNS4wIJJjKgBIAVAD&rclk=1
Optimized Webmedia,B2B consultant,Vancouver BC,+1 778-272-8213,https://www.optimizedwebmedia.com/?utm_source=gmb&utm_medium=gmb-vancouver&utm_campaign=gmb-vancouver-website&utm_term=vancouver&utm_content=website-button,info@optimizedwebmedia.com,51,https://www.google.com/maps/place/Optimized+Webmedia/data=!4m7!3m6!1s0x548671b9a31ead63:0x6a376e4b5e0101e9!8m2!3d49.2849081!4d-123.1212099!16s%2Fg%2F11fd75gdzf!19sChIJY60eo7lxhlQR6QEBXktuN2o?authuser=0&hl=en&g_ep=EgoyMDI2MDgyNS4wIJJjKgBIAVAD&rclk=1
Curve Communications,B2B consultant,Vancouver BC,+1 604-684-3170,https://curvecommunications.com/?utm_source=google&utm_medium=organic&utm_campaign=gbp,info@curvecommunications.com,26,https://www.google.com/maps/place/Curve+Communications/data=!4m7!3m6!1s0x548673d647348c41:0xa60f4bbc97f0a459!8m2!3d49.2631702!4d-123.1051022!16s%2Fg%2F1tgjkzwn!19sChIJQYw0R9ZzhlQRWaTwl7xLD6Y?authuser=0&hl=en&g_ep=EgoyMDI2MDgyNS4wIJJjKgBIAVAD&rclk=1
StartCan Business Consulting,B2B consultant,Vancouver BC,+1 604-725-7915,https://startcanbc.com/,info@startcanbc.com,23,https://www.google.com/maps/place/StartCan+Business+Consulting/data=!4m7!3m6!1s0x5486716df31886dd:0x2ac516ddadc9a25b!8m2!3d49.291445!4d-123.0856926!16s%2Fg%2F11tp5y6m6x!19sChIJ3YYY821xhlQRW6LJrd0WxSo?authuser=0&hl=en&g_ep=EgoyMDI2MDgyNS4wIJJjKgBIAVAD&rclk=1
"Sea to Sky Network Solutions | Managed IT Services & IT Company in Vancouver, BC",B2B consultant,Vancouver BC,+1 877-662-2759,https://www.seatosky.com/?utm_source=gbp&utm_medium=gbp&utm_campaign=gbp_organic&utm_location=vancouver,support@seatosky.com,56,"https://www.google.com/maps/place/Sea+to+Sky+Network+Solutions+%7C+Managed+IT+Services+%26+IT+Company+in+Vancouver,+BC/data=!4m7!3m6!1s0x548673b1b66cc6f7:0xde1a7b4b1d0689bf!8m2!3d49.2633264!4d-123.157389!16s%2Fg%2F11bwd7__jz!19sChIJ98ZstrFzhlQRv4kGHUt7Gt4?authuser=0&hl=en&g_ep=EgoyMDI2MDgyNS4wIJJjKgBIAVAD&rclk=1"
BragDeal Web Design Vancouver - Web Development Agency,B2B consultant,Vancouver BC,+1 844-604-2724,https://www.bragdeal.com/,info@bragdeal.com,195,https://www.google.com/maps/place/BragDeal+Web+Design+Vancouver+-+Web+Development+Agency/data=!4m7!3m6!1s0x5486717e0a2a5c63:0x2b59352773388bff!8m2!3d49.2788939!4d-123.1073552!16s%2Fg%2F11c55vk2ff!19sChIJY1wqCn5xhlQR_4s4cyc1WSs?authuser=0&hl=en&g_ep=EgoyMDI2MDgyNS4wIJJjKgBIAVAD&rclk=1
Keynote Sales Speaker Shane Gibson Inc.,B2B consultant,Vancouver BC,+1 604-351-2328,http://closingbigger.net/,shane@shanegibson.com,,https://www.google.com/maps/place/Keynote+Sales+Speaker+Shane+Gibson+Inc./data=!4m7!3m6!1s0x548673d57b4ca2b1:0x82bfa58777794e91!8m2!3d49.2803797!4d-123.1227709!16s%2Fg%2F124t59gkl!19sChIJsaJMe9VzhlQRkU55d4elv4I?authuser=0&hl=en&g_ep=EgoyMDI2MDgyNS4wIJJjKgBIAVAD&rclk=1
Ollo Metrics,B2B consultant,Vancouver BC,+1 604-398-8844,https://www.ollometrics.com/?utm_campaign=gmb&utm_source=local&utm_medium=organic,info@ollometrics.com,59,https://www.google.com/maps/place/Ollo+Metrics/data=!4m7!3m6!1s0x548673c478dec02d:0x3622a95348d07621!8m2!3d49.2767617!4d-123.1284111!16s%2Fg%2F11f9w6x2r8!19sChIJLcDeeMRzhlQRIXbQSFOpIjY?authuser=0&hl=en&g_ep=EgoyMDI2MDgyNS4wIJJjKgBIAVAD&rclk=1
Konnectme Consulting Services,B2B consultant,Vancouver BC,+1 604-446-7467,https://konnectme.ca/,info@konnectme.ca,,https://www.google.com/maps/place/Konnectme+Consulting+Services/data=!4m7!3m6!1s0x548675b1cdd569b5:0x2330b341a0158e71!8m2!3d49.236469!4d-123.0656682!16s%2Fg%2F11vb9w1l73!19sChIJtWnVzbF1hlQRcY4VoEGzMCM?authuser=0&hl=en&g_ep=EgoyMDI2MDgyNS4wIJJjKgBIAVAD&rclk=1
TE Financial Group Inc.,B2B consultant,Vancouver BC,+1 604-565-9353,https://tefinancialgroup.ca/,accounts@tefinancialgroup.ca,47,https://www.google.com/maps/place/TE+Financial+Group+Inc./data=!4m7!3m6!1s0x5486775f50b9c7ad:0x734967a5b4ca7e8b!8m2!3d49.218508!4d-122.951111!16s%2Fg%2F11wqvf01pk!19sChIJrce5UF93hlQRi37KtKVnSXM?authuser=0&hl=en&g_ep=EgoyMDI2MDgyNS4wIJJjKgBIAVAD&rclk=1
Astra Pacifica Incorporated,B2B consultant,Vancouver BC,+1 604-404-1886,http://astrapacifica.ca/,office@astrapacifica.ca,,https://www.google.com/maps/place/Astra+Pacifica+Incorporated/data=!4m7!3m6!1s0x5486704c718c0845:0x33c23d4891ec8e83!8m2!3d49.3132407!4d-123.0786527!16s%2Fg%2F11y295ll5v!19sChIJRQiMcUxwhlQRg47skUg9wjM?authuser=0&hl=en&g_ep=EgoyMDI2MDgyNS4wIJJjKgBIAVAD&rclk=1
Next Horizon Strategy,B2B consultant,Vancouver BC,+1 778-805-4613,https://www.nexthorizonstrategy.ca/,luke@nexthorizonstrategy.ca,,https://www.google.com/maps/place/Next+Horizon+Strategy/data=!4m7!3m6!1s0x548671bec05d3d75:0x3a9dc0fae73b5a6c!8m2!3d49.2838869!4d-123.1194974!16s%2Fg%2F11qgz2s8bz!19sChIJdT1dwL5xhlQRbFo75_rAnTo?authuser=0&hl=en&g_ep=EgoyMDI2MDgyNS4wIJJjKgBIAVAD&rclk=1
"MNP LLP - Accounting, Business Consulting and Tax Services",B2B consultant,Vancouver BC,+1 604-688-2355,https://www.mnp.ca/en/offices/vancouver?utm_source=G&utm_medium=lpm&utm_campaign=mnp_llp_lpm,cary.frank@mnp.ca,,"https://www.google.com/maps/place/MNP+LLP+-+Accounting,+Business+Consulting+and+Tax+Services/data=!4m7!3m6!1s0x548671810a125963:0x5f585cbf2c67b6c7!8m2!3d49.283468!4d-123.116927!16s%2Fg%2F1wc30ycn!19sChIJY1kSCoFxhlQRx7ZnLL9cWF8?authuser=0&hl=en&g_ep=EgoyMDI2MDgyNS4wIJJjKgBIAVAD&rclk=1"
BOOM Strategies,B2B consultant,Vancouver BC,+1 778-998-7828,https://www.boomleads.ca/,marketing@boomleads.ca,,https://www.google.com/maps/place/BOOM+Strategies/data=!4m7!3m6!1s0x252a5fce5943d9ab:0xd31b171e111c6c2c!8m2!3d49.2049054!4d-122.9746345!16s%2Fg%2F11z1t7c1q2!19sChIJq9lDWc5fKiURLGwcER4XG9M?authuser=0&hl=en&g_ep=EgoyMDI2MDgyNS4wIJJjKgBIAVAD&rclk=1
Cansoft Technologies,B2B consultant,Vancouver BC,+1 778-251-6525,http://cansoft.ca/,contact@cansoft.ca,10,https://www.google.com/maps/place/Cansoft+Technologies/data=!4m7!3m6!1s0x5486722ac3855bcb:0x2b35378357414af8!8m2!3d49.2820515!4d-123.1278966!16s%2Fg%2F11ldb23l7g!19sChIJy1uFwypyhlQR-EpBV4M3NSs?authuser=0&hl=en&g_ep=EgoyMDI2MDgyNS4wIJJjKgBIAVAD&rclk=1
Good To Grow,B2B consultant,Vancouver BC,+1 604-923-8177,http://goodtogrowproducts.com/,info@goodtogrowproducts.com,,https://www.google.com/maps/place/Good+To+Grow/data=!4m7!3m6!1s0x548671ca11d00001:0x9d2211b914d27a75!8m2!3d49.3149101!4d-123.0953307!16s%2Fg%2F11mpd1v4mv!19sChIJAQDQEcpxhlQRdXrSFLkRIp0?authuser=0&hl=en&g_ep=EgoyMDI2MDgyNS4wIJJjKgBIAVAD&rclk=1
Pace Creative Group,B2B consultant,Vancouver BC,+1 604-620-3040,http://www.creativepace.com/,contact@creativepace.com,22,https://www.google.com/maps/place/Pace+Creative+Group/data=!4m7!3m6!1s0x54867170b07d9a93:0x76f2aa8fa4ce6d1e!8m2!3d49.2824998!4d-123.1032503!16s%2Fg%2F11byd3s2zc!19sChIJk5p9sHBxhlQRHm3OpI-q8nY?authuser=0&hl=en&g_ep=EgoyMDI2MDgyNS4wIJJjKgBIAVAD&rclk=1
Pragilis Solutions Inc.,B2B consultant,Vancouver BC,+1 778-707-5527,https://www.pragilis.com/,info@pragilis.com,,https://www.google.com/maps/place/Pragilis+Solutions+Inc./data=!4m7!3m6!1s0x5486712b327132b5:0xe10a074f08063047!8m2!3d49.287114!4d-123.121464!16s%2Fg%2F11h7tg22sw!19sChIJtTJxMitxhlQRRzAGCE8HCuE?authuser=0&hl=en&g_ep=EgoyMDI2MDgyNS4wIJJjKgBIAVAD&rclk=1
Outback Team Building & Training,B2B consultant,Vancouver BC,+1 800-565-8735,https://www.outbackteambuilding.com/,info@outbackteambuilding.com,128,https://www.google.com/maps/place/Outback+Team+Building+%26+Training/data=!4m7!3m6!1s0x548670524fc99fe5:0x164e37fbfb97cc6b!8m2!3d49.2652592!4d-123.0213896!16s%2Fg%2F1td9vtj9!19sChIJ5Z_JT1JwhlQRa8yX-_s3ThY?authuser=0&hl=en&g_ep=EgoyMDI2MDgyNS4wIJJjKgBIAVAD&rclk=1
CAYK Marketing Inc.,B2B consultant,Vancouver BC,+1 403-456-0072,https://www.cayk.ca/?utm_source=google&utm_medium=gmb,sales@cayk.ca,,https://www.google.com/maps/place/CAYK+Marketing+Inc./data=!4m7!3m6!1s0x5486718286e13e75:0x1583dfdce4556729!8m2!3d49.2858265!4d-123.1141039!16s%2Fg%2F11c4qw3f10!19sChIJdT7hhoJxhlQRKWdV5NzfgxU?authuser=0&hl=en&g_ep=EgoyMDI2MDgyNS4wIJJjKgBIAVAD&rclk=1
Aqomi,B2B consultant,Vancouver BC,+1 778-383-6485,http://aqomi.com/,careers@aqomi.com,22,https://www.google.com/maps/place/Aqomi/data=!4m7!3m6!1s0x548671fa5fbf4b4d:0x772693cbe23c24d0!8m2!3d49.2853911!4d-123.1215501!16s%2Fg%2F11j7k5y0fy!19sChIJTUu_X_pxhlQR0CQ84suTJnc?authuser=0&hl=en&g_ep=EgoyMDI2MDgyNS4wIJJjKgBIAVAD&rclk=1
deltAlyz Canada,B2B consultant,Vancouver BC,+1 604-724-5891,https://deltalyz.com/,contact@deltalyz.com,,https://www.google.com/maps/place/deltAlyz+Canada/data=!4m7!3m6!1s0x54866ff7a0b87391:0x1c7b0e8220d3a651!8m2!3d49.2846597!4d-123.1133766!16s%2Fg%2F11fn8hwm0v!19sChIJkXO4oPdvhlQRUabTIIIOexw?authuser=0&hl=en&g_ep=EgoyMDI2MDgyNS4wIJJjKgBIAVAD&rclk=1
Mikel Consulting,business consulting firm,Vancouver BC,+1 604-817-2773,https://www.mikelconsulting.com/,info@mikelconsulting.com,19,https://www.google.com/maps/place/Mikel+Consulting/data=!4m7!3m6!1s0x548673de03afffff:0x4c9148bf49ee8b6f!8m2!3d49.2631485!4d-123.0987425!16s%2Fg%2F11lr7qp1lz!19sChIJ__-vA95zhlQRb4vuSb9IkUw?authuser=0&hl=en&g_ep=EgoyMDI2MDgyNS4wIJJjKgBIAVAD&rclk=1
Truspect Consulting,business consulting firm,Vancouver BC,+1 604-618-8280,https://www.truspectconsulting.com/,info@truspect.ca,96,https://www.google.com/maps/place/Truspect+Consulting/data=!4m7!3m6!1s0x54867331a869bab3:0xcf38d0070e3d1cd5!8m2!3d49.2637502!4d-123.1261031!16s%2Fg%2F11p06z2hhg!19sChIJs7ppqDFzhlQR1Rw9DgfQOM8?authuser=0&hl=en&g_ep=EgoyMDI2MDgyNS4wIJJjKgBIAVAD&rclk=1
Spurrell & Associates CPA | Business Consultant | CFO Services,business consulting firm,Vancouver BC,+1 604-867-0057,https://spurrell.ca/locations/british-columbia-cpa/vancouver-cpa/,info@spurrell.ca,169,https://www.google.com/maps/place/Spurrell+%26+Associates+CPA+%7C+Business+Consultant+%7C+CFO+Services/data=!4m7!3m6!1s0x5486719a1ae9f085:0xaf7e8a3da2fcd2db!8m2!3d49.2900194!4d-123.1282265!16s%2Fg%2F11hr274ryt!19sChIJhfDpGppxhlQR29L8oj2Kfq8?authuser=0&hl=en&g_ep=EgoyMDI2MDgyNS4wIJJjKgBIAVAD&rclk=1
DruckerPro International,business consulting firm,Vancouver BC,+1 778-655-6451,http://www.druckerpro.com/?utm_source=google&utm_medium=wix_google_business_profile&utm_campaign=3756432952182914374,info@druckerpro.com,35,https://www.google.com/maps/place/DruckerPro+International/data=!4m7!3m6!1s0x548671590af2cd27:0x6a5288256c742e09!8m2!3d49.2902985!4d-123.130683!16s%2Fg%2F11lm36xdw9!19sChIJJ83yCllxhlQRCS50bCWIUmo?authuser=0&hl=en&g_ep=EgoyMDI2MDgyNS4wIJJjKgBIAVAD&rclk=1
Blitz Technology Consulting,business consulting firm,Vancouver BC,,https://www.blitzconsulting.com/,info@blitzconsulting.com,18,https://www.google.com/maps/place/Blitz+Technology+Consulting/data=!4m7!3m6!1s0x548671cea758a61f:0x82d5b7985a93babf!8m2!3d49.2839592!4d-123.1054599!16s%2Fg%2F11gtz8pjyq!19sChIJH6ZYp85xhlQRv7qTWpi31YI?authuser=0&hl=en&g_ep=EgoyMDI2MDgyNS4wIJJjKgBIAVAD&rclk=1
Clear HR Consulting Inc.,business consulting firm,Vancouver BC,+1 604-688-3879,https://clearhrconsulting.com/,info@clearhrconsulting.com,26,https://www.google.com/maps/place/Clear+HR+Consulting+Inc./data=!4m7!3m6!1s0x548673dd3c94db83:0x4fec47d78cbf2292!8m2!3d49.2635298!4d-123.1178137!16s%2Fg%2F1tcv13n0!19sChIJg9uUPN1zhlQRkiK_jNdH7E8?authuser=0&hl=en&g_ep=EgoyMDI2MDgyNS4wIJJjKgBIAVAD&rclk=1
Cascadia Strategy Consulting Partners,business consulting firm,Vancouver BC,,http://cascadiapartners.ca/,hello@cascadiapartners.ca,,https://www.google.com/maps/place/Cascadia+Strategy+Consulting+Partners/data=!4m7!3m6!1s0x548673d66a0ffc13:0x8c74089bc70f0550!8m2!3d49.2749069!4d-123.1211323!16s%2Fg%2F11d_bjs14f!19sChIJE_wPatZzhlQRUAUPx5sIdIw?authuser=0&hl=en&g_ep=EgoyMDI2MDgyNS4wIJJjKgBIAVAD&rclk=1
Change Champions Consulting,business consulting firm,Vancouver BC,+1 778-836-0144,http://www.changechampionsconsulting.com/,info@changechampionsconsulting.com,,https://www.google.com/maps/place/Change+Champions+Consulting/data=!4m7!3m6!1s0x5486715b207bf9db:0x8b4369279e0fa58b!8m2!3d49.2840462!4d-123.1068097!16s%2Fg%2F11c51s1sd2!19sChIJ2_l7IFtxhlQRi6UPnidpQ4s?authuser=0&hl=en&g_ep=EgoyMDI2MDgyNS4wIJJjKgBIAVAD&rclk=1
"Incrementa (un)consulting, Inc.",business consulting firm,Vancouver BC,+1 604-219-1918,http://www.incrementa.ca/,info@incrementa.ca,35,"https://www.google.com/maps/place/Incrementa+%28un%29consulting,+Inc./data=!4m7!3m6!1s0x5486718286e13e07:0xd455853fef43bf25!8m2!3d54.1386854!4d-126.5578556!16s%2Fg%2F11c0q_5wh6!19sChIJBz7hhoJxhlQRJb9D7z-FVdQ?authuser=0&hl=en&g_ep=EgoyMDI2MDgyNS4wIJJjKgBIAVAD&rclk=1"
Entreflow CFO and Accounting Services,business consulting firm,Vancouver BC,+1 604-359-5593,https://entreflow.com/,hello@entreflow.com,14,https://www.google.com/maps/place/Entreflow+CFO+and+Accounting+Services/data=!4m7!3m6!1s0x548673e78aa9147d:0x16e5535b34381ee1!8m2!3d49.283008!4d-123.1216536!16s%2Fg%2F11cs1wz17f!19sChIJfRSpiudzhlQR4R44NFtT5RY?authuser=0&hl=en&g_ep=EgoyMDI2MDgyNS4wIJJjKgBIAVAD&rclk=1
Pinnacle Hospitality Consulting & Recruiting Agency,business consulting firm,Vancouver BC,+1 604-329-5996,http://hospitalityconsulting.co/,info@hospitalityconsulting.co,39,https://www.google.com/maps/place/Pinnacle+Hospitality+Consulting+%26+Recruiting+Agency/data=!4m7!3m6!1s0x5486718f128ad69f:0x84cf34840c4babc0!8m2!3d49.2860102!4d-123.1194133!16s%2Fg%2F11fs7zvbkm!19sChIJn9aKEo9xhlQRwKtLDIQ0z4Q?authuser=0&hl=en&g_ep=EgoyMDI2MDgyNi4wIJJjKgBIAVAD&rclk=1
Pivot Advantage Accounting and Advisory Inc.,business consulting firm,Vancouver BC,+1 778-807-7497,https://www.pivotadvantage.com/,info@pivotadvantage.com,138,https://www.google.com/maps/place/Pivot+Advantage+Accounting+and+Advisory+Inc./data=!4m7!3m6!1s0x548671efbaca7183:0x1b73d57aa44a2067!8m2!3d49.2853911!4d-123.1215501!16s%2Fg%2F11j6c3337m!19sChIJg3HKuu9xhlQRZyBKpHrVcxs?authuser=0&hl=en&g_ep=EgoyMDI2MDgyNi4wIJJjKgBIAVAD&rclk=1
OPUS Consulting Group Ltd,business consulting firm,Vancouver BC,+1 604-684-6787,http://www.ocgl.net/,sales@ocgl.net,,https://www.google.com/maps/place/OPUS+Consulting+Group+Ltd/data=!4m7!3m6!1s0x410b7dceeb042601:0x2d39cea0a579d01b!8m2!3d49.2831572!4d-123.1223528!16s%2Fg%2F1pyd29nd1!19sChIJASYE6859C0ERG9B5paDOOS0?authuser=0&hl=en&g_ep=EgoyMDI2MDgyNi4wIJJjKgBIAVAD&rclk=1
Imagine Better Solutions,business consulting firm,Vancouver BC,,https://www.imaginebettersolutions.com/,hello@imaginebettersolutions.com,14,https://www.google.com/maps/place/Imagine+Better+Solutions/data=!4m7!3m6!1s0x5486718160272365:0xbf272eccc84864f0!8m2!3d49.2858265!4d-123.1141039!16s%2Fg%2F11f9wms003!19sChIJZSMnYIFxhlQR8GRIyMwuJ78?authuser=0&hl=en&g_ep=EgoyMDI2MDgyNi4wIJJjKgBIAVAD&rclk=1
MatchBox Consulting Group,business consulting firm,Vancouver BC,+1 604-565-1500,https://matchboxhr.com/,wade@thewestharbour.com,109,https://www.google.com/maps/place/MatchBox+Consulting+Group/data=!4m7!3m6!1s0x54867183e0ad91db:0x71ab0d9b10e4274d!8m2!3d49.2870866!4d-123.1214698!16s%2Fg%2F11cnq0xvw9!19sChIJ25Gt4INxhlQRTSfkEJsNq3E?authuser=0&hl=en&g_ep=EgoyMDI2MDgyNi4wIJJjKgBIAVAD&rclk=1
Kane Consulting Inc.,business consulting firm,Vancouver BC,+1 604-924-0094,http://www.kane-consulting.ca/,info@kane-consulting.ca,,https://www.google.com/maps/place/Kane+Consulting+Inc./data=!4m7!3m6!1s0x548671ce3c4556f9:0xf10eab36b5b88f53!8m2!3d49.2885724!4d-123.1227031!16s%2Fg%2F1vl9r5d8!19sChIJ-VZFPM5xhlQRU4-4tTarDvE?authuser=0&hl=en&g_ep=EgoyMDI2MDgyNi4wIJJjKgBIAVAD&rclk=1
SFPM Consulting Inc.,business consulting firm,Vancouver BC,,https://www.sfpmfoodconsulting.com/,success@sfpmfoodconsulting.com,19,https://www.google.com/maps/place/SFPM+Consulting+Inc./data=!4m7!3m6!1s0x548673aa5cc08ec9:0xcade851968642643!8m2!3d49.2813375!4d-123.1254744!16s%2Fg%2F11h6mdbc08!19sChIJyY7AXKpzhlQRQyZkaBmF3so?authuser=0&hl=en&g_ep=EgoyMDI2MDgyNi4wIJJjKgBIAVAD&rclk=1
TEKG Solutions Inc.,business consulting firm,Vancouver BC,+1 604-999-7029,https://www.tekgsolutions.com/,contact@tekgsolutions.net,,https://www.google.com/maps/place/TEKG+Solutions+Inc./data=!4m7!3m6!1s0x548673fbc21cfec1:0x3a15b5eee4febd3!8m2!3d49.2789504!4d-123.1219297!16s%2Fg%2F11xt8qx0yb!19sChIJwf4cwvtzhlQR0-tP7l5boQM?authuser=0&hl=en&g_ep=EgoyMDI2MDgyNi4wIJJjKgBIAVAD&rclk=1
BGC Engineering Inc,business consulting firm,Vancouver BC,+1 604-684-5900,https://bgcengineering.ca/,info@bgcengineering.ca,21,https://www.google.com/maps/place/BGC+Engineering+Inc/data=!4m7!3m6!1s0x548673d5058dc2c5:0x6a5016cbce5eb7bc!8m2!3d49.2800615!4d-123.1233791!16s%2Fg%2F11bcf2htxx!19sChIJxcKNBdVzhlQRvLdezssWUGo?authuser=0&hl=en&g_ep=EgoyMDI2MDgyNi4wIJJjKgBIAVAD&rclk=1
VancoBiz Consulting Agency,business consulting firm,Vancouver BC,+1 604-900-0060,https://vancobiz.com/,info@vancobiz.com,113,https://www.google.com/maps/place/VancoBiz+Consulting+Agency/data=!4m7!3m6!1s0x5486710006abc7f9:0x92bc0f00cd4ff911!8m2!3d49.3265746!4d-123.0724761!16s%2Fg%2F11x0fzc3r9!19sChIJ-cerBgBxhlQREflPzQAPvJI?authuser=0&hl=en&g_ep=EgoyMDI2MDgyNi4wIJJjKgBIAVAD&rclk=1
Jouta Performance Group,business consulting firm,Vancouver BC,+1 604-488-8885,http://jouta.com/,daina.mccloskey@mnp.ca,24,https://www.google.com/maps/place/Jouta+Performance+Group/data=!4m7!3m6!1s0x548673d66b0f2923:0x7c30fdc435c7b24a!8m2!3d49.2877332!4d-123.1182008!16s%2Fg%2F1tglmlj0!19sChIJIykPa9ZzhlQRSrLHNcT9MHw?authuser=0&hl=en&g_ep=EgoyMDI2MDgyNi4wIJJjKgBIAVAD&rclk=1
Umbrella Consulting,business consulting firm,Vancouver BC,,https://www.umbrellaconsulting.ca/,hello@umbrellaconsulting.ca,,https://www.google.com/maps/place/Umbrella+Consulting/data=!4m7!3m6!1s0x548677be19e60595:0x4c98fb34213ac9bd!8m2!3d49.2655102!4d-123.0148648!16s%2Fg%2F11qp46x6yw!19sChIJlQXmGb53hlQRvck6ITT7mEw?authuser=0&hl=en&g_ep=EgoyMDI2MDgyNi4wIJJjKgBIAVAD&rclk=1
TKS Business Consulting,business consulting firm,Vancouver BC,+1 604-368-9516,https://www.tksbusinessconsulting.com/,accounting@website.com,10,https://www.google.com/maps/place/TKS+Business+Consulting/data=!4m7!3m6!1s0x548677ec338f6e2d:0x62de692c2a1ac72a!8m2!3d49.1994105!4d-123.0060836!16s%2Fg%2F11wvnb9r1g!19sChIJLW6PM-x3hlQRKscaKixp3mI?authuser=0&hl=en&g_ep=EgoyMDI2MDgyNi4wIJJjKgBIAVAD&rclk=1
Feast Culinary Consulting,business consulting firm,Vancouver BC,+1 604-603-6424,https://www.feastconsulting.ca/,info@feastconsulting.ca,,https://www.google.com/maps/place/Feast+Culinary+Consulting/data=!4m7!3m6!1s0x548673a3d9d0cf03:0xbd88f23a730e3333!8m2!3d49.2639621!4d-123.170693!16s%2Fg%2F11qh5612_b!19sChIJA8_Q2aNzhlQRMzMOczryiL0?authuser=0&hl=en&g_ep=EgoyMDI2MDgyNi4wIJJjKgBIAVAD&rclk=1
iota consultants,business consulting firm,Vancouver BC,+1 604-376-3488,http://iotaconsultants.ca/,jt@iotaconsultants.ca,,https://www.google.com/maps/place/iota+consultants/data=!4m7!3m6!1s0x548671aafee4fa4f:0x17959e70a8be5961!8m2!3d49.2901633!4d-123.1268918!16s%2Fg%2F11hfgkx1m4!19sChIJT_rk_qpxhlQRYVm-qHCelRc?authuser=0&hl=en&g_ep=EgoyMDI2MDgyNi4wIJJjKgBIAVAD&rclk=1
Walsh Business Growth Institute,business consulting firm,Vancouver BC,+1 604-263-5670,http://walshbusinessgrowth.com/,info@walshbusinessgrowth.com,,https://www.google.com/maps/place/Walsh+Business+Growth+Institute/data=!4m7!3m6!1s0x5486735e87f782a7:0x40541b2b39d66226!8m2!3d49.2750232!4d-123.121994!16s%2Fg%2F11fjs74_9w!19sChIJp4L3h15zhlQRJmLWOSsbVEA?authuser=0&hl=en&g_ep=EgoyMDI2MDgyNi4wIJJjKgBIAVAD&rclk=1
Northern Sky Strategies,management consulting,Vancouver BC,+1 604-715-7684,https://www.northernskystrategies.ca/,sales@northernskystrategies.ca,,https://www.google.com/maps/place/Northern+Sky+Strategies/data=!4m7!3m6!1s0x4e5fd473d987c81d:0x1b275008bce48d84!8m2!3d49.2584834!4d-123.125996!16s%2Fg%2F11xds3nv_q!19sChIJHciH2XPUX04RhI3kvAhQJxs?authuser=0&hl=en&g_ep=EgoyMDI2MDgyNi4wIJJjKgBIAVAD&rclk=1
RAM,management consulting,Vancouver BC,+1 604-620-0226,http://www.ramconsulting.com/,info@ramconsulting.com,18,https://www.google.com/maps/place/RAM/data=!4m7!3m6!1s0x548673d60c851c19:0x41ac7e007a2f7d45!8m2!3d49.285317!4d-123.1142265!16s%2Fg%2F1pt_zpmvw!19sChIJGRyFDNZzhlQRRX0vegB-rEE?authuser=0&hl=en&g_ep=EgoyMDI2MDgyNi4wIJJjKgBIAVAD&rclk=1
Edge Consultants,management consulting,Vancouver BC,+1 888-939-3343,http://edgesustainability.com/,info@edgec.ca,,https://www.google.com/maps/place/Edge+Consultants/data=!4m7!3m6!1s0x54867161c02d1b81:0xaec527874d0c7507!8m2!3d49.2788292!4d-123.0993229!16s%2Fg%2F11c5btnm3c!19sChIJgRstwGFxhlQRB3UMTYcnxa4?authuser=0&hl=en&g_ep=EgoyMDI2MDgyNi4wIJJjKgBIAVAD&rclk=1
Urbanics Consultants Ltd,management consulting,Vancouver BC,+1 604-722-9144,http://www.urbanics.com/,info@urbanics.com,,https://www.google.com/maps/place/Urbanics+Consultants+Ltd/data=!4m7!3m6!1s0x5486718300838075:0xba2fad39222b0f1b!8m2!3d49.2850457!4d-123.1192174!16s%2Fg%2F1vpfj786!19sChIJdYCDAINxhlQRGw8rIjmtL7o?authuser=0&hl=en&g_ep=EgoyMDI2MDgyNi4wIJJjKgBIAVAD&rclk=1
CSA Global Consultants Canada Ltd (Vancouver),management consulting,Vancouver BC,+1 604-681-8000,https://www.csaglobal.com/,australiamarketing@erm.com,,https://www.google.com/maps/place/CSA+Global+Consultants+Canada+Ltd+%28Vancouver%29/data=!4m7!3m6!1s0x54867183fb8e2ff9:0x42494018d7eb03d2!8m2!3d49.2866863!4d-123.123003!16s%2Fg%2F11b5wjyq8x!19sChIJ-S-O-4NxhlQR0gPr1xhASUI?authuser=0&hl=en&g_ep=EgoyMDI2MDgyNi4wIJJjKgBIAVAD&rclk=1
"Revotech Networks | Managed IT Services & Cybersecurity in Vancouver, BC",management consulting,Vancouver BC,+1 604-990-2799,https://revotech-networks.com/?utm_source=gbp&utm_medium=gbp&utm_campaign=gbp_organic&utm_location=vancouver,sales@revotech.me,62,"https://www.google.com/maps/place/Revotech+Networks+%7C+Managed+IT+Services+%26+Cybersecurity+in+Vancouver,+BC/data=!4m7!3m6!1s0x548672e954a6715b:0x3661cc22905d694a!8m2!3d49.2811878!4d-123.1148884!16s%2Fg%2F11c2mk693d!19sChIJW3GmVOlyhlQRSmldkCLMYTY?authuser=0&hl=en&g_ep=EgoyMDI2MDgyNi4wIJJjKgBIAVAD&rclk=1"
CICS Immigration Consulting Inc.,management consulting,Vancouver BC,+1 604-436-9525,http://www.cicsimmigration.com/,info@cicsimmigration.com,275,https://www.google.com/maps/place/CICS+Immigration+Consulting+Inc./data=!4m7!3m6!1s0x548671788103e9e3:0x60b61bf0f45e9539!8m2!3d49.2789504!4d-123.1219297!16s%2Fg%2F11g_fl43d!19sChIJ4-kDgXhxhlQROZVe9PAbtmA?authuser=0&hl=en&g_ep=EgoyMDI2MDgyNi4wIJJjKgBIAVAD&rclk=1
SP Consulting (성공한사람들 캐나다 사업.이민 컨설팅),management consulting,Vancouver BC,+1 604-569-1269,http://www.spconsulting.ca/,info@spconsulting.ca,383,https://www.google.com/maps/place/SP+Consulting+%28%EC%84%B1%EA%B3%B5%ED%95%9C%EC%82%AC%EB%9E%8C%EB%93%A4+%EC%BA%90%EB%82%98%EB%8B%A4+%EC%82%AC%EC%97%85.%EC%9D%B4%EB%AF%BC+%EC%BB%A8%EC%84%A4%ED%8C%85%29/data=!4m7!3m6!1s0x5486717fd78bd9ab:0x7a65123be416440e!8m2!3d49.288772!4d-123.121716!16s%2Fg%2F11c3sqsqsl!19sChIJq9mL139xhlQRDkQW5DsSZXo?authuser=0&hl=en&g_ep=EgoyMDI2MDgyNi4wIJJjKgBIAVAD&rclk=1
trident sales lab,B2B sales consultant,Vancouver BC,+1 778-653-1003,https://www.tridentsaleslab.com/?utm_source=google&utm_medium=wix_google_business_profile&utm_campaign=10639359449100434653,info@tridentsaleslab.com,,https://www.google.com/maps/place/trident+sales+lab/data=!4m7!3m6!1s0x548677b13e953385:0x6594c52e741e0ba3!8m2!3d49.2415597!4d-122.9775562!16s%2Fg%2F11yggyvy9c!19sChIJhTOVPrF3hlQRowsedC7FlGU?authuser=0&hl=en&g_ep=EgoyMDI2MDgyNi4wIJJjKgBIAVAD&rclk=1
"Rob Malec, Sales Consultant",B2B sales consultant,Vancouver BC,+1 604-512-8480,https://robmalec.com/,rob@robmalec.com,,"https://www.google.com/maps/place/Rob+Malec,+Sales+Consultant/data=!4m7!3m6!1s0x2d53282ca4da59fd:0x59d8c04c5115ddac!8m2!3d49.2577354!4d-123.123904!16s%2Fg%2F11s1zqscz_!19sChIJ_VnapCwoUy0RrN0VUUzA2Fk?authuser=0&hl=en&g_ep=EgoyMDI2MDgyNi4wIJJjKgBIAVAD&rclk=1"
Predictable Revenue,B2B sales consultant,Vancouver BC,,http://predictablerevenue.com/,careers@predictablerevenue.com,,https://www.google.com/maps/place/Predictable+Revenue/data=!4m7!3m6!1s0x548671774cba89a1:0xff6d7801608d8e8b!8m2!3d49.2846566!4d-123.1093607!16s%2Fg%2F11g7zdhlbq!19sChIJoYm6THdxhlQRi46NYAF4bf8?authuser=0&hl=en&g_ep=EgoyMDI2MDgyNi4wIJJjKgBIAVAD&rclk=1
Dan Lok Marketing Inc.,B2B sales consultant,Vancouver BC,+1 833-832-6565,http://www.danlok.com/,support@danlok.com,340,https://www.google.com/maps/place/Dan+Lok+Marketing+Inc./data=!4m7!3m6!1s0x5485d937d62d59cd:0x5b56891411b571d0!8m2!3d49.283687!4d-123.112201!16s%2Fg%2F11f6y38vrz!19sChIJzVkt1jfZhVQR0HG1ERSJVls?authuser=0&hl=en&g_ep=EgoyMDI2MDgyNi4wIJJjKgBIAVAD&rclk=1
ElementIQ,B2B sales consultant,Vancouver BC,+1 604-909-3750,https://www.elementiq.com/?utm_campaign=gmb_updates&utm_medium=gmb&utm_source=google,search@elementiq.com,23,https://www.google.com/maps/place/ElementIQ/data=!4m7!3m6!1s0x5485da51c4b02375:0xc68183eabfd2dde5!8m2!3d49.2636099!4d-123.1179998!16s%2Fg%2F1hm476k94!19sChIJdSOwxFHahVQR5d3Sv-qDgcY?authuser=0&hl=en&g_ep=EgoyMDI2MDgyNi4wIJJjKgBIAVAD&rclk=1
Marvel Marketing,B2B sales consultant,Vancouver BC,+1 778-656-0723,https://marvelmarketing.ca/digital-marketing-vancouver/,ryan@marvelmarketing.ca,15,https://www.google.com/maps/place/Marvel+Marketing/data=!4m7!3m6!1s0x548673231fae7ecf:0xfd9d2e19ebbfeb70!8m2!3d49.2636291!4d-123.12938!16s%2Fg%2F11tjh8w1df!19sChIJz36uHyNzhlQRcOu_6xkunf0?authuser=0&hl=en&g_ep=EgoyMDI2MDgyNi4wIJJjKgBIAVAD&rclk=1
Your Business Broker,B2B sales consultant,Vancouver BC,+1 604-762-6429,http://www.yourbusinessbroker.ca/,michael@yourbusinessbroker.ca,,https://www.google.com/maps/place/Your+Business+Broker/data=!4m7!3m6!1s0x5486714e13c9f457:0xbfe107c492431e15!8m2!3d49.2706514!4d-123.0662448!16s%2Fg%2F11flvz22w6!19sChIJV_TJE05xhlQRFR5DksQH4b8?authuser=0&hl=en&g_ep=EgoyMDI2MDgyNi4wIJJjKgBIAVAD&rclk=1
Total Product Marketing,B2B sales consultant,Vancouver BC,+1 855-646-8662,https://totalproductmarketing.com/?utm_source=googlemybusiness&utm_medium=organic,info@totalproductmarketing.com,,https://www.google.com/maps/place/Total+Product+Marketing/data=!4m7!3m6!1s0x548673d664fbf313:0x200100613d30d9eb!8m2!3d49.2789724!4d-123.1219844!16s%2Fg%2F1pp2tgn2m!19sChIJE_P7ZNZzhlQR69kwPWEAASA?authuser=0&hl=en&g_ep=EgoyMDI2MDgyNi4wIJJjKgBIAVAD&rclk=1
Stigan Media Web Design & Digital SEO Agency,B2B sales consultant,Vancouver BC,+1 778-379-0088,https://stiganmedia.com/,info@stiganmedia.com,62,https://www.google.com/maps/place/Stigan+Media+Web+Design+%26+Digital+SEO+Agency/data=!4m7!3m6!1s0x548677bc568d4919:0xdb8b63743612593f!8m2!3d49.2839592!4d-123.1054599!16s%2Fg%2F12hkljqjv!19sChIJGUmNVrx3hlQRP1kSNnRji9s?authuser=0&hl=en&g_ep=EgoyMDI2MDgyNi4wIJJjKgBIAVAD&rclk=1
Major Tom,B2B marketing consultant,Vancouver BC,+1 604-642-6765,https://www.majortom.com/,hello@majortom.com,54,https://www.google.com/maps/place/Major+Tom/data=!4m7!3m6!1s0x548673d6f41f2ff7:0x8fdd1de2c47a86c7!8m2!3d49.276281!4d-123.1211414!16s%2Fg%2F1tj9bprk!19sChIJ9y8f9NZzhlQRx4Z6xOId3Y8?authuser=0&hl=en&g_ep=EgoyMDI2MDgyNi4wIJJjKgBIAVAD&rclk=1
Evolve,B2B marketing consultant,Vancouver BC,+1 604-396-4166,https://evolvebranding.ca/,hello@evolvebranding.ca,334,https://www.google.com/maps/place/Evolve/data=!4m7!3m6!1s0x548673d664fbf313:0xbddeec3a59c9baf9!8m2!3d49.2900785!4d-123.1307334!16s%2Fg%2F11b5_1ympj!19sChIJE_P7ZNZzhlQR-brJWTrs3r0?authuser=0&hl=en&g_ep=EgoyMDI2MDgyNi4wIJJjKgBIAVAD&rclk=1
Tiny Planet Digital,B2B marketing consultant,Vancouver BC,+1 778-807-3786,http://tinyplanet.digital/,marketing@tinyplanet.digital,34,https://www.google.com/maps/place/Tiny+Planet+Digital/data=!4m7!3m6!1s0x5486733273f7350b:0x60bbd87fbfdc396!8m2!3d49.280277!4d-123.1192089!16s%2Fg%2F11frqtr1vs!19sChIJCzX3czJzhlQRlsP9-4e9CwY?authuser=0&hl=en&g_ep=EgoyMDI2MDgyNi4wIJJjKgBIAVAD&rclk=1
ThinkProfits.com Inc.,B2B marketing consultant,Vancouver BC,+1 604-638-1188,https://www.thinkprofits.com/?utm_campaign=gmb&utm_medium=organic&utm_source=gmb_listing,clientcare@thinkprofits.com,47,https://www.google.com/maps/place/ThinkProfits.com+Inc./data=!4m7!3m6!1s0x548673d663871d27:0xdacec3b1d7137fdf!8m2!3d49.2735335!4d-123.1254422!16s%2Fg%2F1tfg2skn!19sChIJJx2HY9ZzhlQR338T17HDzto?authuser=0&hl=en&g_ep=EgoyMDI2MDgyNi4wIJJjKgBIAVAD&rclk=1
Marketing Planet Agency,B2B marketing consultant,Vancouver BC,+1 236-301-0104,http://marketingplanet.global/?utm_source=google&utm_id=Googlemybusiness,caninfo@marketingplanet.global,22,https://www.google.com/maps/place/Marketing+Planet+Agency/data=!4m7!3m6!1s0x5486739bc82b6679:0x6e244c4ce02b4875!8m2!3d49.2744543!4d-123.1334458!16s%2Fg%2F11l75bfzp8!19sChIJeWYryJtzhlQRdUgr4ExMJG4?authuser=0&hl=en&g_ep=EgoyMDI2MDgyNi4wIJJjKgBIAVAD&rclk=1
𝐒𝐄𝐎 𝐓𝐞𝐜𝐡 𝐄𝐱𝐩𝐞𝐫𝐭𝐬 𝐏𝐯𝐭. 𝐋𝐭𝐝.,B2B marketing consultant,Vancouver BC,+1 778-743-9305,https://www.seotechexperts.com/canada.html,info@seotechexperts.com,66,https://www.google.com/maps/place/%F0%9D%90%92%F0%9D%90%84%F0%9D%90%8E+%F0%9D%90%93%F0%9D%90%9E%F0%9D%90%9C%F0%9D%90%A1+%F0%9D%90%84%F0%9D%90%B1%F0%9D%90%A9%F0%9D%90%9E%F0%9D%90%AB%F0%9D%90%AD%F0%9D%90%AC+%F0%9D%90%8F%F0%9D%90%AF%F0%9D%90%AD.+%F0%9D%90%8B%F0%9D%90%AD%F0%9D%90%9D./data=!4m7!3m6!1s0x5486777831806691:0x5d58a2f3bf36b302!8m2!3d49.2462088!4d-123.0240561!16s%2Fg%2F11ptt03cxm!19sChIJkWaAMXh3hlQRArM2v_OiWF0?authuser=0&hl=en&g_ep=EgoyMDI2MDgyNi4wIJJjKgBIAVAD&rclk=1
Hui Creative Services Inc,B2B marketing consultant,Vancouver BC,+1 778-320-9615,https://leadspro.ai/,info@leadspro.ai,49,https://www.google.com/maps/place/Hui+Creative+Services+Inc/data=!4m7!3m6!1s0x2e90234333228d5:0xadbc1610d060f353!8m2!3d49.2789724!4d-123.1219844!16s%2Fg%2F11smxmpd0n!19sChIJ1SgyMzQC6QIRU_Ng0BAWvK0?authuser=0&hl=en&g_ep=EgoyMDI2MDgyNi4wIJJjKgBIAVAD&rclk=1
Out-Smarts Marketing Inc.,B2B marketing consultant,Vancouver BC,+1 604-909-3532,http://www.out-smarts.com/,info@out-smarts.com,26,https://www.google.com/maps/place/Out-Smarts+Marketing+Inc./data=!4m7!3m6!1s0x5486737a3b63b9e1:0xbcf59fd980cc3251!8m2!3d49.2361296!4d-123.1557889!16s%2Fg%2F1tg78r5m!19sChIJ4bljO3pzhlQRUTLMgNmf9bw?authuser=0&hl=en&g_ep=EgoyMDI2MDgyNi4wIJJjKgBIAVAD&rclk=1
Kikstart Ecom - Shopify Partner Agency,B2B marketing consultant,Vancouver BC,+1 250-884-9410,https://kikstartecom.co/,cheryl@kikstartecom.co,29,https://www.google.com/maps/place/Kikstart+Ecom+-+Shopify+Partner+Agency/data=!4m7!3m6!1s0x6d989bbafaef06b3:0x52109690915a99ac!8m2!3d49.285964!4d-123.1194063!16s%2Fg%2F11sn_4lgt1!19sChIJswbv-rqbmG0RrJlakZCWEFI?authuser=0&hl=en&g_ep=EgoyMDI2MDgyNi4wIJJjKgBIAVAD&rclk=1
Clixeen Marketing Agency,B2B marketing consultant,Vancouver BC,+1 604-773-8000,https://www.clixeen.com/,info@clixeen.com,48,https://www.google.com/maps/place/Clixeen+Marketing+Agency/data=!4m7!3m6!1s0x54866e2220bb84c5:0x29d68619eba5c89!8m2!3d49.2827092!4d-123.1188238!16s%2Fg%2F11c1n9x0rj!19sChIJxYS7ICJuhlQRiVy6nmFonQI?authuser=0&hl=en&g_ep=EgoyMDI2MDgyNi4wIJJjKgBIAVAD&rclk=1
The Orange Bear,B2B marketing consultant,Vancouver BC,+1 604-409-8588,https://www.theorangebear.com/,contact@theorangebear.com,26,https://www.google.com/maps/place/The+Orange+Bear/data=!4m7!3m6!1s0x6d9e47efb04c1667:0xf569c9c2e813a92f!8m2!3d49.2829351!4d-123.1216324!16s%2Fg%2F11rwq9fcq4!19sChIJZxZMsO9Hnm0RL6kT6MLJafU?authuser=0&hl=en&g_ep=EgoyMDI2MDgyNi4wIJJjKgBIAVAD&rclk=1
Y5 Creative,B2B marketing consultant,Vancouver BC,+1 778-379-2177,https://www.y5creative.com/,info@y5creative.com,15,https://www.google.com/maps/place/Y5+Creative/data=!4m7!3m6!1s0x5486740f6ff812c5:0x4e1a8f2165e2b8fc!8m2!3d49.2749555!4d-123.1242173!16s%2Fg%2F11byl3rnrb!19sChIJxRL4bw90hlQR_LjiZSGPGk4?authuser=0&hl=en&g_ep=EgoyMDI2MDgyNi4wIJJjKgBIAVAD&rclk=1
Bright Wire Leadership,B2B consultant,Calgary AB,+1 587-814-0800,https://www.brightwireleadership.com/,info@brightwireleadership.com,10,https://www.google.com/maps/place/Bright+Wire+Leadership/data=!4m7!3m6!1s0x537176dbcbacdb9b:0xe88b8f97f4b45b03!8m2!3d51.0501285!4d-114.0641565!16s%2Fg%2F11dxhgr7vj!19sChIJm9usy9t2cVMRA1u09JePi-g?authuser=0&hl=en&g_ep=EgoyMDI2MDgyNi4wIJJjKgBIAVAD&rclk=1
The B2B Alliance,B2B consultant,Calgary AB,+1 587-326-5487,https://www.b2ballianceyyc.com/,info@b2ballianceyyc.com,,https://www.google.com/maps/place/The+B2B+Alliance/data=!4m7!3m6!1s0x53716f22392f3c15:0x70521845136aade9!8m2!3d51.0484648!4d-114.0688323!16s%2Fg%2F11yfycpg_t!19sChIJFTwvOSJvcVMR6a1qE0UYUnA?authuser=0&hl=en&g_ep=EgoyMDI2MDgyNi4wIJJjKgBIAVAD&rclk=1
Syntri Labs Inc. | Marketing & Automation Agency,B2B consultant,Calgary AB,+1 825-438-4418,https://syntrilabs.com/?utm_source=google&utm_medium=organic&utm_campaign=gbp,hello@syntrilabs.com,15,https://www.google.com/maps/place/Syntri+Labs+Inc.+%7C+Marketing+%26+Automation+Agency/data=!4m7!3m6!1s0x6b5eaacc42abc5b5:0x613dd47d7879c697!8m2!3d51.0125833!4d-114.1485956!16s%2Fg%2F11mm6szwrz!19sChIJtcWrQsyqXmsRl8Z5eH3UPWE?authuser=0&hl=en&g_ep=EgoyMDI2MDgyNi4wIJJjKgBIAVAD&rclk=1
According To Plan Sales & AI Consulting,B2B consultant,Calgary AB,+1 587-330-3813,http://www.atpsalesandmarketing.com/,tyler@atpsalesandmarketing.com,19,https://www.google.com/maps/place/According+To+Plan+Sales+%26+AI+Consulting/data=!4m7!3m6!1s0x5371710a7cebd853:0xed29de8b60222bd3!8m2!3d51.0418633!4d-114.0723707!16s%2Fg%2F11sck0ycc9!19sChIJU9jrfApxcVMR0ysiYIveKe0?authuser=0&hl=en&g_ep=EgoyMDI2MDgyNi4wIJJjKgBIAVAD&rclk=1
Business Coaching Calgary,B2B consultant,Calgary AB,+1 403-690-8363,https://businesscoachingcalgary.com/,kent@businesscoachingcalgary.com,23,https://www.google.com/maps/place/Business+Coaching+Calgary/data=!4m7!3m6!1s0x53716520395fa20d:0xec5ad9800bc3d533!8m2!3d51.0825625!4d-114.058871!16s%2Fg%2F11cm1bpnwt!19sChIJDaJfOSBlcVMRM9XDC4DZWuw?authuser=0&hl=en&g_ep=EgoyMDI2MDgyNi4wIJJjKgBIAVAD&rclk=1
Results.,B2B consultant,Calgary AB,+1 403-234-0999,http://unleashresults.com/,info@unleashresults.com,,https://www.google.com/maps/place/Results./data=!4m7!3m6!1s0x53716fe70226767d:0x28c29c3956d70867!8m2!3d51.0475631!4d-114.0854831!16s%2Fg%2F11btrs22gl!19sChIJfXYmAudvcVMRZwjXVjmcwig?authuser=0&hl=en&g_ep=EgoyMDI2MDgyNi4wIJJjKgBIAVAD&rclk=1
Hoopdesk,B2B consultant,Calgary AB,+1 867-796-3238,https://hoopdesk.com/ca/franchise-marketing/,hello@hoopdesk.com,20,https://www.google.com/maps/place/Hoopdesk/data=!4m7!3m6!1s0x537177ee68530f8f:0xd030222db8cc260d!8m2!3d50.912072!4d-114.0636481!16s%2Fg%2F11tjk8fp8d!19sChIJjw9TaO53cVMRDSbMuC0iMNA?authuser=0&hl=en&g_ep=EgoyMDI2MDgyNi4wIJJjKgBIAVAD&rclk=1
Connect 2U | Software Development & Marketing Agency,B2B consultant,Calgary AB,+1 587-870-0079,https://connect2u.ca/,info@connect2u.ca,78,https://www.google.com/maps/place/Connect+2U+%7C+Software+Development+%26+Marketing+Agency/data=!4m7!3m6!1s0x2563c5e3737ca2a3:0xda15656343cbbd66!8m2!3d51.0125833!4d-114.1485956!16s%2Fg%2F11y5gs1y23!19sChIJo6J8c-PFYyURZr3LQ2NlFdo?authuser=0&hl=en&g_ep=EgoyMDI2MDgyNi4wIJJjKgBIAVAD&rclk=1
Hubtec Digital,B2B consultant,Calgary AB,+1 587-816-4385,http://hubtecdigital.com/,hello@hubtecdigital.com,,https://www.google.com/maps/place/Hubtec+Digital/data=!4m7!3m6!1s0x53716ffcbf300001:0x5ba24dbae70547bd!8m2!3d51.0449386!4d-114.0647078!16s%2Fg%2F12hkbf9r6!19sChIJAQAwv_xvcVMRvUcF57pNols?authuser=0&hl=en&g_ep=EgoyMDI2MDgyNi4wIJJjKgBIAVAD&rclk=1
Visibility Drip,B2B consultant,Calgary AB,+1 403-874-4259,https://visibilitydrip.ca/,contact@visibilitydrip.ca,24,https://www.google.com/maps/place/Visibility+Drip/data=!4m7!3m6!1s0x53717b3c8a4dc2c5:0x54868b97885822fa!8m2!3d51.0276233!4d-114.087835!16s%2Fg%2F11n14dd275!19sChIJxcJNijx7cVMR-iJYiJeLhlQ?authuser=0&hl=en&g_ep=EgoyMDI2MDgyNi4wIJJjKgBIAVAD&rclk=1
Devante Group,B2B consultant,Calgary AB,,https://devantegroup.com/,hello@devantegroup.com,13,https://www.google.com/maps/place/Devante+Group/data=!4m7!3m6!1s0x53717123f20341eb:0xc9970726de880f64!8m2!3d51.2072!4d-121.9883!16s%2Fg%2F11gsgnbrdr!19sChIJ60ED8iNxcVMRZA-I3iYHl8k?authuser=0&hl=en&g_ep=EgoyMDI2MDgyNi4wIJJjKgBIAVAD&rclk=1
MeDM,B2B consultant,Calgary AB,+1 403-775-0506,https://www.medm.ca/,info@medm.ca,53,https://www.google.com/maps/place/MeDM/data=!4m7!3m6!1s0x5371701d522c8703:0x7028e3796e495fa5!8m2!3d51.052627!4d-114.091244!16s%2Fg%2F1hdz48cws!19sChIJA4csUh1wcVMRpV9JbnnjKHA?authuser=0&hl=en&g_ep=EgoyMDI2MDgyNi4wIJJjKgBIAVAD&rclk=1
Vovia,B2B consultant,Calgary AB,+1 403-265-2036,https://www.vovia.com/,info@vovia.com,13,https://www.google.com/maps/place/Vovia/data=!4m7!3m6!1s0x53716fdaf1714a99:0x81acd6667c0c82b1!8m2!3d51.0385755!4d-114.081594!16s%2Fg%2F1td0sk77!19sChIJmUpx8dpvcVMRsYIMfGbWrIE?authuser=0&hl=en&g_ep=EgoyMDI2MDgyNi4wIJJjKgBIAVAD&rclk=1
Akif Project Labs,B2B consultant,Calgary AB,,https://www.akifprojectlabs.ca/,hello@akifprojectlabs.ca,,https://www.google.com/maps/place/Akif+Project+Labs/data=!4m7!3m6!1s0x25e4d0283fb026cd:0x486c78095c594bbe!8m2!3d51.340923!4d-114.3383628!16s%2Fg%2F11zg_3ccp6!19sChIJzSawPyjQ5CURvktZXAl4bEg?authuser=0&hl=en&g_ep=EgoyMDI2MDgyNi4wIJJjKgBIAVAD&rclk=1
Stach Consulting,B2B consultant,Calgary AB,+1 403-969-8887,https://stachconsulting.com/,matt@neodigital.ca,11,https://www.google.com/maps/place/Stach+Consulting/data=!4m7!3m6!1s0xaa08e167ecbb3ca7:0x7059ee26d910512e!8m2!3d51.0276233!4d-114.087835!16s%2Fg%2F11v9yr_7y0!19sChIJpzy77GfhCKoRLlEQ2SbuWXA?authuser=0&hl=en&g_ep=EgoyMDI2MDgyNi4wIJJjKgBIAVAD&rclk=1
Dart Bryant LLP,B2B consultant,Calgary AB,+1 403-230-3764,http://www.dartbryant.com/,reception@dartbryant.com,10,https://www.google.com/maps/place/Dart+Bryant+LLP/data=!4m7!3m6!1s0x5371655cf12f9dd9:0xc9a54a68461edba4!8m2!3d51.0639747!4d-114.0566045!16s%2Fg%2F1vq9lzfg!19sChIJ2Z0v8VxlcVMRpNseRmhKpck?authuser=0&hl=en&g_ep=EgoyMDI2MDgyNi4wIJJjKgBIAVAD&rclk=1
Lock Search Group,B2B consultant,Calgary AB,+1 403-234-8500,https://www.locksearchgroup.com/offices/calgary-recruiters/,info@locksearchgroup.com,20,https://www.google.com/maps/place/Lock+Search+Group/data=!4m7!3m6!1s0x53716ff952c9305f:0xf5a606025775f34a!8m2!3d51.0495708!4d-114.0647107!16s%2Fg%2F1tm68l_0!19sChIJXzDJUvlvcVMRSvN1VwIGpvU?authuser=0&hl=en&g_ep=EgoyMDI2MDgyNi4wIJJjKgBIAVAD&rclk=1
Z3 Network Solutions,B2B consultant,Calgary AB,+1 403-570-0241,https://www.z3networks.ca/,info@z3networks.ca,,https://www.google.com/maps/place/Z3+Network+Solutions/data=!4m7!3m6!1s0x53716083df1065a1:0x1bc96275c21bea0!8m2!3d50.9522648!4d-113.9705104!16s%2Fg%2F11f3h7ljk3!19sChIJoWUQ34NgcVMRoL4hXCeWvAE?authuser=0&hl=en&g_ep=EgoyMDI2MDgyNi4wIJJjKgBIAVAD&rclk=1
Full Blast Creative,B2B consultant,Calgary AB,+1 403-608-2661,https://fullblastcreative.ca/,info@fullblastcreative.ca,77,https://www.google.com/maps/place/Full+Blast+Creative/data=!4m7!3m6!1s0x53717aa67d3fffff:0xa6e6a005b6194dc4!8m2!3d51.0352469!4d-114.0362879!16s%2Fg%2F11cmr5fbfh!19sChIJ__8_faZ6cVMRxE0ZtgWg5qY?authuser=0&hl=en&g_ep=EgoyMDI2MDgyNi4wIJJjKgBIAVAD&rclk=1
MapleLeafDigital,B2B consultant,Calgary AB,+1 403-618-1641,https://mapleleafdigital.ca/,hello@mapleleafdigital.ca,11,https://www.google.com/maps/place/MapleLeafDigital/data=!4m7!3m6!1s0x537163b00322b0c3:0xe5b59a6642999a70!8m2!3d51.132802!4d-113.9587964!16s%2Fg%2F11vszc5vd9!19sChIJw7AiA7BjcVMRcJqZQmaateU?authuser=0&hl=en&g_ep=EgoyMDI2MDgyNi4wIJJjKgBIAVAD&rclk=1
Luniko,business consulting firm,Calgary AB,+1 403-404-7372,https://www.lunikoconsulting.com/,hello@lunikoconsulting.com,10,https://www.google.com/maps/place/Luniko/data=!4m7!3m6!1s0x537171460010d1a7:0x1bbbc8cf9b33c311!8m2!3d51.0449963!4d-114.0646249!16s%2Fg%2F11q251wm5d!19sChIJp9EQAEZxcVMREcMzm8_Iuxs?authuser=0&hl=en&g_ep=EgoyMDI2MDgyNi4wIJJjKgBIAVAD&rclk=1
KAD Consulting Services,business consulting firm,Calgary AB,+1 403-453-4595,http://kadconsultingservices.com/,admin@kadconsultingservices.com,30,https://www.google.com/maps/place/KAD+Consulting+Services/data=!4m7!3m6!1s0x53719d9ed53b32a9:0x18208a7b8e2028e7!8m2!3d50.9537279!4d-113.9964248!16s%2Fg%2F11hz6tp53x!19sChIJqTI71Z6dcVMR5yggjnuKIBg?authuser=0&hl=en&g_ep=EgoyMDI2MDgyNi4wIJJjKgBIAVAD&rclk=1
Rainmaker Consulting,business consulting firm,Calgary AB,+1 403-264-9215,http://www.consultingrainmaker.com/,info@rainmaker-gbd.com,,https://www.google.com/maps/place/Rainmaker+Consulting/data=!4m7!3m6!1s0x53716ffc9d6ce73f:0x6b2d017e564046bf!8m2!3d51.0489109!4d-114.0706279!16s%2Fg%2F1tx4p0rg!19sChIJP-dsnfxvcVMRv0ZAVn4BLWs?authuser=0&hl=en&g_ep=EgoyMDI2MDgyNi4wIJJjKgBIAVAD&rclk=1
CBI Business Solutions Inc. (CBI),business consulting firm,Calgary AB,+1 403-861-2001,http://cbibusiness.ca/,catherine@cbibusiness.ca,53,https://www.google.com/maps/place/CBI+Business+Solutions+Inc.+%28CBI%29/data=!4m7!3m6!1s0x53716ffc11a98f75:0x7512cbdd78098f7e!8m2!3d51.052028!4d-114.0654035!16s%2Fg%2F1xfsnf15!19sChIJdY-pEfxvcVMRfo8JeN3LEnU?authuser=0&hl=en&g_ep=EgoyMDI2MDgyNi4wIJJjKgBIAVAD&rclk=1
Asgard Consulting,business consulting firm,Calgary AB,+1 403-902-1462,https://asgardconsulting.ca/grants/,info@asgardconsulting.ca,,https://www.google.com/maps/place/Asgard+Consulting/data=!4m7!3m6!1s0x53716f4b67534ff5:0xff3d4f153e1e924b!8m2!3d51.0424929!4d-114.0388057!16s%2Fg%2F11smb6b_nk!19sChIJ9U9TZ0tvcVMRS5IePhVPPf8?authuser=0&hl=en&g_ep=EgoyMDI2MDgyNi4wIJJjKgBIAVAD&rclk=1
Joyce Group Inc The,business consulting firm,Calgary AB,+1 403-818-1289,https://www.joycegrp.com/,info@joycegrp.com,,https://www.google.com/maps/place/Joyce+Group+Inc+The/data=!4m7!3m6!1s0x53717ad1b9d398d5:0x5fef1c36b641c361!8m2!3d51.0500717!4d-114.0003952!16s%2Fg%2F1thz1bj6!19sChIJ1ZjTudF6cVMRYcNBtjYc718?authuser=0&hl=en&g_ep=EgoyMDI2MDgyNi4wIJJjKgBIAVAD&rclk=1
Lumina Management Consulting,business consulting firm,Calgary AB,+1 403-571-1799,http://lumina.ca/,info@lumina.ca,,https://www.google.com/maps/place/Lumina+Management+Consulting/data=!4m7!3m6!1s0x53716fe4eaef89df:0x51a6b1c7419f2dd3!8m2!3d51.0484989!4d-114.0756903!16s%2Fg%2F11h2qth9f_!19sChIJ34nv6uRvcVMR0y2fQcexplE?authuser=0&hl=en&g_ep=EgoyMDI2MDgyNi4wIJJjKgBIAVAD&rclk=1
BASE Management Consulting,business consulting firm,Calgary AB,+1 403-561-8257,http://www.basemanagementconsulting.com/,ruben@basemanagementconsulting.com,,https://www.google.com/maps/place/BASE+Management+Consulting/data=!4m7!3m6!1s0x53716e2c652e50d1:0x1d0b8070fb66cb2!8m2!3d51.0321247!4d-114.0618446!16s%2Fg%2F11cssxw3q8!19sChIJ0VAuZSxucVMRsmy2Dwe40AE?authuser=0&hl=en&g_ep=EgoyMDI2MDgyNi4wIJJjKgBIAVAD&rclk=1
SAU Consulting & Business Advisory Services LTD,business consulting firm,Calgary AB,+1 587-284-3266,http://www.sauconsulting.ca/,info@sauconsulting.ca,,https://www.google.com/maps/place/SAU+Consulting+%26+Business+Advisory+Services+LTD/data=!4m7!3m6!1s0x53716fe3efc58205:0x4591f8157597689c!8m2!3d51.0456937!4d-114.0780689!16s%2Fg%2F11g9qkd1qn!19sChIJBYLF7-NvcVMRnGiXdRX4kUU?authuser=0&hl=en&g_ep=EgoyMDI2MDgyNi4wIJJjKgBIAVAD&rclk=1
KRD Consulting Group,business consulting firm,Calgary AB,+1 403-918-0001,http://www.hellokrd.net/,rupert@hellokrd.net,,https://www.google.com/maps/place/KRD+Consulting+Group/data=!4m7!3m6!1s0x53717b4a7918ab67:0x6740c1a3667aab4b!8m2!3d51.0415769!4d-114.0812642!16s%2Fg%2F11f66wv1y7!19sChIJZ6sYeUp7cVMRS6t6ZqPBQGc?authuser=0&hl=en&g_ep=EgoyMDI2MDgyNi4wIJJjKgBIAVAD&rclk=1
Paxora Consulting Inc (PCI),business consulting firm,Calgary AB,+1 825-982-1024,https://paxoraconsultinginc.com/,info@paxoraconsultinginc.com,,https://www.google.com/maps/place/Paxora+Consulting+Inc+%28PCI%29/data=!4m7!3m6!1s0x82efc98ca06c8909:0x6ab672b4ca06c26c!8m2!3d51.0689265!4d-114.116498!16s%2Fg%2F11wg2lwbz5!19sChIJCYlsoIzJ74IRbMIGyrRytmo?authuser=0&hl=en&g_ep=EgoyMDI2MDgyNi4wIJJjKgBIAVAD&rclk=1
YYC Tech Consulting,business consulting firm,Calgary AB,+1 587-318-3355,http://yyc-tech.com/,careers@yyc-tech.com,,https://www.google.com/maps/place/YYC+Tech+Consulting/data=!4m7!3m6!1s0x537170564eaf0db3:0x305a5015cc040623!8m2!3d51.0002242!4d-114.0698251!16s%2Fg%2F11g0qq1dlz!19sChIJsw2vTlZwcVMRIwYEzBVQWjA?authuser=0&hl=en&g_ep=EgoyMDI2MDgyNi4wIJJjKgBIAVAD&rclk=1
More Success Consulting Inc.,business consulting firm,Calgary AB,+1 855-305-6512,http://www.moresuccess.com/,info@moresuccess.com,,https://www.google.com/maps/place/More+Success+Consulting+Inc./data=!4m7!3m6!1s0x53716f2703ad96fd:0x9cc93fd3e9e03a6f!8m2!3d51.0488324!4d-114.0692171!16s%2Fg%2F11w8jscw_b!19sChIJ_ZatAydvcVMRbzrg6dM_yZw?authuser=0&hl=en&g_ep=EgoyMDI2MDgyNi4wIJJjKgBIAVAD&rclk=1
NEXTVIA,business consulting firm,Calgary AB,+1 825-982-1199,https://www.nextvia.ca/,operations.team@nextvia.ca,26,https://www.google.com/maps/place/NEXTVIA/data=!4m7!3m6!1s0x53716ff6a029bd7b:0xcde68831e08df0d6!8m2!3d51.0468089!4d-114.0782228!16s%2Fg%2F11kj101vps!19sChIJe70poPZvcVMR1vCN4DGI5s0?authuser=0&hl=en&g_ep=EgoyMDI2MDgyNi4wIJJjKgBIAVAD&rclk=1
Moledina Consulting,business consulting firm,Calgary AB,+1 587-700-7200,http://moledinaconsulting.com/,naurin@moledinaconsulting.com,12,https://www.google.com/maps/place/Moledina+Consulting/data=!4m7!3m6!1s0x537164e01a155555:0x27c3da63a76a207c!8m2!3d51.078719!4d-114.0107657!16s%2Fg%2F11h3nfs7ys!19sChIJVVUVGuBkcVMRfCBqp2Pawyc?authuser=0&hl=en&g_ep=EgoyMDI2MDgyNi4wIJJjKgBIAVAD&rclk=1
GBCS Group,business consulting firm,Calgary AB,+1 587-393-6407,http://www.gbcsgroup.com/,admin@gbcsgroup.com,13,https://www.google.com/maps/place/GBCS+Group/data=!4m7!3m6!1s0x53716ffccb326ee9:0xe22db5ef9caa374c!8m2!3d51.0488327!4d-114.0692432!16s%2Fg%2F11fxd_cspw!19sChIJ6W4yy_xvcVMRTDeqnO-1LeI?authuser=0&hl=en&g_ep=EgoyMDI2MDgyNi4wIJJjKgBIAVAD&rclk=1
WATT Consulting Group,business consulting firm,Calgary AB,+1 403-273-9001,http://www.wattconsultinggroup.com/,info@wattconsultinggroup.com,17,https://www.google.com/maps/place/WATT+Consulting+Group/data=!4m7!3m6!1s0x53717b2a5c4cc69b:0x51b37a8a02592ada!8m2!3d51.0480668!4d-114.0782904!16s%2Fg%2F1tfwpmzl!19sChIJm8ZMXCp7cVMR2ipZAop6s1E?authuser=0&hl=en&g_ep=EgoyMDI2MDgyNi4wIJJjKgBIAVAD&rclk=1
Wendy Ellen Inc.,business consulting firm,Calgary AB,+1 403-815-4336,https://www.wendyelleninc.ca/,wendy@wendyelleninc.ca,24,https://www.google.com/maps/place/Wendy+Ellen+Inc./data=!4m7!3m6!1s0x5371701d5174b1ed:0x17cf978a2ef5f6b8!8m2!3d51.0398044!4d-114.0814177!16s%2Fg%2F12q4yjx4f!19sChIJ7bF0UR1wcVMRuPb1LoqXzxc?authuser=0&hl=en&g_ep=EgoyMDI2MDgyNi4wIJJjKgBIAVAD&rclk=1
Olsen Consulting,business consulting firm,Calgary AB,+1 587-323-9862,http://www.olsenconsulting.ca/,info@olsenconsulting.ca,,https://www.google.com/maps/place/Olsen+Consulting/data=!4m7!3m6!1s0x537171b5a2cf6c55:0x5ea740a17baf95f7!8m2!3d51.0480117!4d-114.0706838!16s%2Fg%2F11g_z3dy6r!19sChIJVWzPorVxcVMR95Wve6FAp14?authuser=0&hl=en&g_ep=EgoyMDI2MDgyNi4wIJJjKgBIAVAD&rclk=1
Dillon Consulting Limited,business consulting firm,Calgary AB,+1 403-215-8880,https://www.dillon.ca/about/offices/calgary,cmoore@dillon.ca,,https://www.google.com/maps/place/Dillon+Consulting+Limited/data=!4m7!3m6!1s0x537170010e90b983:0x8ce51e9a445e278c!8m2!3d51.0423121!4d-114.0564559!16s%2Fg%2F1tj3krm8!19sChIJg7mQDgFwcVMRjCdeRJoe5Yw?authuser=0&hl=en&g_ep=EgoyMDI2MDgyNi4wIJJjKgBIAVAD&rclk=1
Full Gain Management Group Ltd.,management consulting,Calgary AB,+1 403-903-5303,http://www.fgmg.ca/,info@fgmg.ca,,https://www.google.com/maps/place/Full+Gain+Management+Group+Ltd./data=!4m7!3m6!1s0x53717451cf324a0b:0x581b78a19d58bda5!8m2!3d50.886257!4d-114.0257316!16s%2Fg%2F11f_bz36pt!19sChIJC0oyz1F0cVMRpb1YnaF4G1g?authuser=0&hl=en&g_ep=EgoyMDI2MDgyNi4wIJJjKgBIAVAD&rclk=1
MACINK Consulting - Coaching,management consulting,Calgary AB,+1 403-670-5437,http://www.mymacink.com/,r.mac@mymacink.com,,https://www.google.com/maps/place/MACINK+Consulting+-+Coaching/data=!4m7!3m6!1s0x53716fe6aa630ec7:0x80f0b31244b6b39e!8m2!3d51.0364067!4d-114.0717737!16s%2Fg%2F11bccmr798!19sChIJxw5jquZvcVMRnrO2RBKz8IA?authuser=0&hl=en&g_ep=EgoyMDI2MDgyNi4wIJJjKgBIAVAD&rclk=1
Blue Monarch Management,management consulting,Calgary AB,+1 403-805-9308,https://bluemonarch.ca/,webadmin@bluemonarch.ca,,https://www.google.com/maps/place/Blue+Monarch+Management/data=!4m7!3m6!1s0x53716c0c81cc0001:0xf075e58c81154526!8m2!3d51.0498249!4d-114.0720292!16s%2Fg%2F11rkmr3p15!19sChIJAQDMgQxscVMRJkUVgYzldfA?authuser=0&hl=en&g_ep=EgoyMDI2MDgyNi4wIJJjKgBIAVAD&rclk=1
Vande Consulting Services Ltd,management consulting,Calgary AB,+1 587-707-2090,http://vandeconsulting.ca/,angelaengineer@hotmail.com,10,https://www.google.com/maps/place/Vande+Consulting+Services+Ltd/data=!4m7!3m6!1s0x53716ffb6f055581:0x5c8a5c6325099f30!8m2!3d51.0489167!4d-114.0706414!16s%2Fg%2F11fl9p3p08!19sChIJgVUFb_tvcVMRMJ8JJWNcilw?authuser=0&hl=en&g_ep=EgoyMDI2MDgyNi4wIJJjKgBIAVAD&rclk=1
Tristar Resource Management Ltd,management consulting,Calgary AB,+1 403-262-8595,http://tstar.ca/,info@tstar.ca,,https://www.google.com/maps/place/Tristar+Resource+Management+Ltd/data=!4m7!3m6!1s0x53716fe3ffd87489:0x6b9d6575755cca4!8m2!3d51.045261!4d-114.076841!16s%2Fg%2F1tdfstkm!19sChIJiXTY_-NvcVMRpMxVV1fWuQY?authuser=0&hl=en&g_ep=EgoyMDI2MDgyNi4wIJJjKgBIAVAD&rclk=1
GAM Tech,management consulting,Calgary AB,+1 403-768-0900,https://www.gamtech.ca/calgary?utm_source=gmb&utm_medium=organic&utm_campaign=calgary,contact@gamtech.ca,68,https://www.google.com/maps/place/GAM+Tech/data=!4m7!3m6!1s0x537165201a3648a1:0x693560328c0ac1ed!8m2!3d50.9883861!4d-114.0659081!16s%2Fg%2F1pzv_z9ty!19sChIJoUg2GiBlcVMR7cEKjDJgNWk?authuser=0&hl=en&g_ep=EgoyMDI2MDgyNi4wIJJjKgBIAVAD&rclk=1
Cogitact Management Consulting Ltd.,management consulting,Calgary AB,+1 250-262-7120,http://cogitact.ca/,info@cogitact.ca,,https://www.google.com/maps/place/Cogitact+Management+Consulting+Ltd./data=!4m7!3m6!1s0x53719d9dad1b23db:0x3987d5cb9066ae26!8m2!3d50.8894517!4d-113.9546879!16s%2Fg%2F11qrlx93qj!19sChIJ2yMbrZ2dcVMRJq5mkMvVhzk?authuser=0&hl=en&g_ep=EgoyMDI2MDgyNi4wIJJjKgBIAVAD&rclk=1
ICONA Inc,B2B sales consultant,Calgary AB,+1 403-255-9767,https://icona.ca/,info@icona.ca,21,https://www.google.com/maps/place/ICONA+Inc/data=!4m7!3m6!1s0x53717aaa999a9ad5:0x4a5a828536d21f3a!8m2!3d62.6573279!4d-95.989235!16s%2Fg%2F1tcvbkr3!19sChIJ1Zqamap6cVMROh_SNoWCWko?authuser=0&hl=en&g_ep=EgoyMDI2MDgyNi4wIJJjKgBIAVAD&rclk=1
SIGNALMINDS,B2B sales consultant,Calgary AB,,https://www.signalminds.com/,hello@signalminds.com,,https://www.google.com/maps/place/SIGNALMINDS/data=!4m7!3m6!1s0x499c5eea4c91f625:0x7e99aa93cf489e22!8m2!3d51.0276233!4d-114.087835!16s%2Fg%2F11z1ls9c1m!19sChIJJfaRTOpenEkRIp5Iz5OqmX4?authuser=0&hl=en&g_ep=EgoyMDI2MDgyNi4wIJJjKgBIAVAD&rclk=1
Hook + Ladder,B2B sales consultant,Calgary AB,+1 587-333-6497,https://hldigital.ca/,analytics@hldigital.ca,19,https://www.google.com/maps/place/Hook+%2B+Ladder/data=!4m7!3m6!1s0x53716528a76969e3:0x351435b5705fe2c!8m2!3d51.0382114!4d-114.0340235!16s%2Fg%2F11h0mw1cjx!19sChIJ42lppyhlcVMRLP4FV1tDUQM?authuser=0&hl=en&g_ep=EgoyMDI2MDgyNi4wIJJjKgBIAVAD&rclk=1
Sunbelt Business Brokers,B2B sales consultant,Calgary AB,+1 403-991-8326,http://www.sunbeltcanada.com/calgary/,contact@sunbeltcanada.com,,https://www.google.com/maps/place/Sunbelt+Business+Brokers/data=!4m7!3m6!1s0x53716fd072a90981:0x91a929da382428e7!8m2!3d51.0444301!4d-114.1062775!16s%2Fg%2F11b73v3m_5!19sChIJgQmpctBvcVMR5ygkONopqZE?authuser=0&hl=en&g_ep=EgoyMDI2MDgyNi4wIJJjKgBIAVAD&rclk=1
Growth Lab,B2B sales consultant,Calgary AB,,https://www.wegrowcompanies.com/,hello@wegrowcompanies.com,,https://www.google.com/maps/place/Growth+Lab/data=!4m7!3m6!1s0x6792269cf3d72ad:0x90026e379a95c43c!8m2!3d36.0477324!4d-111.8910232!16s%2Fg%2F11xkph5fbf!19sChIJrXI9z2kieQYRPMSVmjduApA?authuser=0&hl=en&g_ep=EgoyMDI2MDgyNi4wIJJjKgBIAVAD&rclk=1
seoplus+,B2B sales consultant,Calgary AB,+1 866-980-7587,https://seoplus.com/,info@seoplus.com,,https://www.google.com/maps/place/seoplus%2B/data=!4m7!3m6!1s0x53717019547d2719:0x48f0488a85273572!8m2!3d51.0364086!4d-114.0717761!16s%2Fg%2F11b5vs08pn!19sChIJGSd9VBlwcVMRcjUnhYpI8Eg?authuser=0&hl=en&g_ep=EgoyMDI2MDgyNi4wIJJjKgBIAVAD&rclk=1
Kayak Websites,B2B sales consultant,Calgary AB,+1 403-228-2525,https://www.kayakwebsites.com/,online@kayakcreative.ca,32,https://www.google.com/maps/place/Kayak+Websites/data=!4m7!3m6!1s0x5371706a0ae5f49d:0x61b3b2d2d6384ca1!8m2!3d14.1576412!4d-153.6913!16s%2Fg%2F1vl9r4vs!19sChIJnfTlCmpwcVMRoUw41tKys2E?authuser=0&hl=en&g_ep=EgoyMDI2MDgyNi4wIJJjKgBIAVAD&rclk=1
Symbol Syndication,B2B sales consultant,Calgary AB,+1 844-577-5457,https://www.symbolsyndication.com/,info@symbolsyn.com,31,https://www.google.com/maps/place/Symbol+Syndication/data=!4m7!3m6!1s0x53717b29f12dc3b9:0xb621e71de884435e!8m2!3d51.0330929!4d-114.0618942!16s%2Fg%2F11b7fg3t11!19sChIJucMt8Sl7cVMRXkOE6B3nIbY?authuser=0&hl=en&g_ep=EgoyMDI2MDgyNi4wIJJjKgBIAVAD&rclk=1
Kobzza Marketing Agency Inc.,B2B marketing consultant,Calgary AB,+1 877-781-0472,http://kobzza.com/,info@kobzza.com,144,https://www.google.com/maps/place/Kobzza+Marketing+Agency+Inc./data=!4m7!3m6!1s0x53717187cd81b2e9:0xff75a0ad6262a3a6!8m2!3d51.0402928!4d-114.0645737!16s%2Fg%2F11jzwq9kvm!19sChIJ6bKBzYdxcVMRpqNiYq2gdf8?authuser=0&hl=en&g_ep=EgoyMDI2MDgyNi4wIJJjKgBIAVAD&rclk=1
Basar Optimization - SEO and Digital Marketing Agency,B2B marketing consultant,Calgary AB,+1 587-436-9752,https://www.basaropt.com/?utm_source=GMB&utm_medium=organic&utm_campaign=gbp-listing,clientcare@basaropt.com,60,https://www.google.com/maps/place/Basar+Optimization+-+SEO+and+Digital+Marketing+Agency/data=!4m7!3m6!1s0x53716714c80e9173:0x550f59cb77a42f0d!8m2!3d51.1679525!4d-114.0554299!16s%2Fg%2F11h6qhbtl2!19sChIJc5EOyBRncVMRDS-kd8tZD1U?authuser=0&hl=en&g_ep=EgoyMDI2MDgyNi4wIJJjKgBIAVAD&rclk=1
Social More Marketing,B2B marketing consultant,Calgary AB,+1 403-536-9216,https://socialmoremarketing.com/,609-5441chat@socialmoremarketing.com,22,https://www.google.com/maps/place/Social+More+Marketing/data=!4m7!3m6!1s0x47fcaa6264e4a303:0xc32ed0cecdc1c212!8m2!3d51.1101795!4d-113.9810387!16s%2Fg%2F11sgkw1nw_!19sChIJA6PkZGKq_EcREsLBzc7QLsM?authuser=0&hl=en&g_ep=EgoyMDI2MDgyNi4wIJJjKgBIAVAD&rclk=1
In Front Marketing Inc,B2B marketing consultant,Calgary AB,+1 403-891-9295,https://infrontmarketing.ca/,info@infrontmarketing.ca,26,https://www.google.com/maps/place/In+Front+Marketing+Inc/data=!4m7!3m6!1s0x53717ba96aee06b3:0xbf831f6871426193!8m2!3d51.0413274!4d-114.0376965!16s%2Fg%2F11f6mq3wgg!19sChIJswbuaql7cVMRk2FCcWgfg78?authuser=0&hl=en&g_ep=EgoyMDI2MDgyNi4wIJJjKgBIAVAD&rclk=1
Effortless Marketing,B2B marketing consultant,Calgary AB,+1 403-902-1488,https://effortless.marketing/,info@effortless.marketing,52,https://www.google.com/maps/place/Effortless+Marketing/data=!4m7!3m6!1s0x537170f358f45d2f:0xac5317a490d3c61c!8m2!3d50.9087842!4d-114.0633182!16s%2Fg%2F1tf7gbg_!19sChIJL130WPNwcVMRHMbTkKQXU6w?authuser=0&hl=en&g_ep=EgoyMDI2MDgyNi4wIJJjKgBIAVAD&rclk=1
Bulldog Marketing Agency,B2B marketing consultant,Calgary AB,+1 289-237-3990,https://bulldogmarketingagency.com/,terence@bulldogmarketingagency.com,31,https://www.google.com/maps/place/Bulldog+Marketing+Agency/data=!4m7!3m6!1s0x53717127e570a4cf:0x84cea20b5834d81d!8m2!3d51.0241368!4d-114.0977839!16s%2Fg%2F11j8rm95z8!19sChIJz6Rw5SdxcVMRHdg0WAuizoQ?authuser=0&hl=en&g_ep=EgoyMDI2MDgyNi4wIJJjKgBIAVAD&rclk=1
The Three Marketers Inc.,B2B marketing consultant,Calgary AB,+1 403-230-3993,https://www.the3marketers.com/?utm_source=google&utm_medium=organic&utm_campaign=gbp-listing,info@the3marketers.com,49,https://www.google.com/maps/place/The+Three+Marketers+Inc./data=!4m7!3m6!1s0x53716fe9a5785ac5:0xbee6faa47adff5c2!8m2!3d51.0527548!4d-114.0914179!16s%2Fg%2F11b6nqpjgy!19sChIJxVp4pelvcVMRwvXfeqT65r4?authuser=0&hl=en&g_ep=EgoyMDI2MDgyNi4wIJJjKgBIAVAD&rclk=1
Everbrave Branding Group Ltd.,B2B marketing consultant,Calgary AB,+1 888-407-9010,http://www.everbrave.ca/,hello@everbrave.ca,22,https://www.google.com/maps/place/Everbrave+Branding+Group+Ltd./data=!4m7!3m6!1s0x537170f754240743:0xaee99c2760a4e158!8m2!3d51.0441762!4d-114.0818131!16s%2Fg%2F1v96lgm3!19sChIJQwckVPdwcVMRWOGkYCec6a4?authuser=0&hl=en&g_ep=EgoyMDI2MDgyNi4wIJJjKgBIAVAD&rclk=1
Creative Elements - Marketing and Web Design,B2B marketing consultant,Calgary AB,+1 587-673-1553,https://www.creative-elements.ca/,hello@creative-elements.ca,51,https://www.google.com/maps/place/Creative+Elements+-+Marketing+and+Web+Design/data=!4m7!3m6!1s0x5371685492571f3f:0xa0fe0c3fec695f5c!8m2!3d51.0526414!4d-114.0439082!16s%2Fg%2F1pv21gsgl!19sChIJPx9XklRocVMRXF9p7D8M_qA?authuser=0&hl=en&g_ep=EgoyMDI2MDgyNi4wIJJjKgBIAVAD&rclk=1
Panel Marketing - Health and Wellness Marketing Agency,B2B marketing consultant,Calgary AB,+1 403-669-3253,https://panelmarketing.ca/,team@panelmarketing.ca,40,https://www.google.com/maps/place/Panel+Marketing+-+Health+and+Wellness+Marketing+Agency/data=!4m7!3m6!1s0x53716f38b4d7769f:0xc0764fb17511303c!8m2!3d51.0431082!4d-114.0953093!16s%2Fg%2F11ll6vqcrf!19sChIJn3bXtDhvcVMRPDARdbFPdsA?authuser=0&hl=en&g_ep=EgoyMDI2MDgyNi4wIJJjKgBIAVAD&rclk=1
Lift Interactive,B2B consultant,Edmonton AB,+1 780-426-1176,https://liftinteractive.com/,hello@liftinteractive.com,27,https://www.google.com/maps/place/Lift+Interactive/data=!4m7!3m6!1s0x53a0220fb647bc83:0xacab77358bbf6fab!8m2!3d53.5158205!4d-113.4903359!16s%2Fg%2F1tg9h73f!19sChIJg7xHtg8ioFMRq2-_izV3q6w?authuser=0&hl=en&g_ep=EgoyMDI2MDgyNi4wIJJjKgBIAVAD&rclk=1
BBE,B2B consultant,Edmonton AB,+1 780-890-8611,https://www.bbe.ca/,info@bbe.ca,98,https://www.google.com/maps/place/BBE/data=!4m7!3m6!1s0x416382414fe6228f:0xa7daa189c1b3f861!8m2!3d53.292137!4d-113.5625781!16s%2Fg%2F11b6x4jkbc!19sChIJjyLmT0GCY0ERYfizwYmh2qc?authuser=0&hl=en&g_ep=EgoyMDI2MDgyNi4wIJJjKgBIAVAD&rclk=1
YEG Digital,B2B consultant,Edmonton AB,+1 780-884-0591,https://yegdigital.com/,hello@yegdigital.com,76,https://www.google.com/maps/place/YEG+Digital/data=!4m7!3m6!1s0x53a020830bbee861:0x1ca869290c3aef51!8m2!3d53.6289335!4d-113.4460462!16s%2Fg%2F11gb3tbs1n!19sChIJYei-C4MgoFMRUe86DClpqBw?authuser=0&hl=en&g_ep=EgoyMDI2MDgyNi4wIJJjKgBIAVAD&rclk=1
Performance Business Advisory - Selling Businesses,B2B consultant,Edmonton AB,+1 780-756-2990,http://www.performancebusinessadvisory.ca/,info@performancebb.ca,,https://www.google.com/maps/place/Performance+Business+Advisory+-+Selling+Businesses/data=!4m7!3m6!1s0x53a03d2a29f76b1b:0x51887a831ab9a81e!8m2!3d53.5240583!4d-113.4145198!16s%2Fg%2F1tgn9973!19sChIJG2v3KSo9oFMRHqi5GoN6iFE?authuser=0&hl=en&g_ep=EgoyMDI2MDgyNi4wIJJjKgBIAVAD&rclk=1
Adster Creative,B2B consultant,Edmonton AB,+1 780-800-2328,https://www.adster.ca/?utm_source=google&utm_medium=gmb&utm_campaign=profile,info@adster.ca,92,https://www.google.com/maps/place/Adster+Creative/data=!4m7!3m6!1s0x53a0224635a55041:0xcc7ff4b458c7d8d5!8m2!3d53.4820224!4d-113.4836518!16s%2Fg%2F1tfpzjb1!19sChIJQVClNUYioFMR1djHWLT0f8w?authuser=0&hl=en&g_ep=EgoyMDI2MDgyNi4wIJJjKgBIAVAD&rclk=1
Microserve,B2B consultant,Edmonton AB,+1 780-496-9585,https://www.microserve.ca/,info@microserve.ca,22,https://www.google.com/maps/place/Microserve/data=!4m7!3m6!1s0x53a018cc0709d199:0x99c7c1907d2d76f!8m2!3d53.500792!4d-113.4223161!16s%2Fg%2F1v1skxp7!19sChIJmdEJB8wYoFMRb9fSBxl8nAk?authuser=0&hl=en&g_ep=EgoyMDI2MDgyNi4wIJJjKgBIAVAD&rclk=1
M CONSULTING GROUP,B2B consultant,Edmonton AB,+1 780-221-8218,http://mconsultinggroup.ca/,consulting@wildeag.ca,,https://www.google.com/maps/place/M+CONSULTING+GROUP/data=!4m7!3m6!1s0x53a0224603958839:0xde801d89b7d30f26!8m2!3d53.5426007!4d-113.4945978!16s%2Fg%2F11hy9hp_6c!19sChIJOYiVA0YioFMRJg_Tt4kdgN4?authuser=0&hl=en&g_ep=EgoyMDI2MDgyNi4wIJJjKgBIAVAD&rclk=1
12 Creative,B2B consultant,Edmonton AB,+1 780-244-0882,http://www.12creative.co/,contact@12creative.co,59,https://www.google.com/maps/place/12+Creative/data=!4m7!3m6!1s0x53a0224865cd1a3d:0x8c87779125015f11!8m2!3d53.5495868!4d-113.5327607!16s%2Fg%2F11bv6pw904!19sChIJPRrNZUgioFMREV8BJZF3h4w?authuser=0&hl=en&g_ep=EgoyMDI2MDgyNi4wIJJjKgBIAVAD&rclk=1
Alphait ltd.,B2B consultant,Edmonton AB,+1 780-318-0149,https://alphait.ca/?utm_source=google&utm_content=gbp,vsharma@alphait.ca,,https://www.google.com/maps/place/Alphait+ltd./data=!4m7!3m6!1s0x8269ccc63e3db123:0x73790615c53e886d!8m2!3d53.477227!4d-113.4803813!16s%2Fg%2F11trk3xdgs!19sChIJI7E9PsbMaYIRbYg-xRUGeXM?authuser=0&hl=en&g_ep=EgoyMDI2MDgyNi4wIJJjKgBIAVAD&rclk=1
Adept Marketing Solutions Inc.,B2B consultant,Edmonton AB,+1 780-691-2380,http://www.adeptmarketingsolutions.com/?utm_source=Google&utm_medium=GMB&utm_campaign=site,contact@adeptmarketingsolutions.com,10,https://www.google.com/maps/place/Adept+Marketing+Solutions+Inc./data=!4m7!3m6!1s0x53a0212fb7314685:0x3b3a9f874fdf1e39!8m2!3d51.2072!4d-121.9883!16s%2Fg%2F11mpf9f1py!19sChIJhUYxty8hoFMROR7fT4efOjs?authuser=0&hl=en&g_ep=EgoyMDI2MDgyNi4wIJJjKgBIAVAD&rclk=1
Andy Kuiper Internet Marketing,B2B consultant,Edmonton AB,+1 780-800-1857,https://www.andykuiper.com/?utm_campaign=gbp&utm_medium=organic&utm_source=gmblisting,contact@andykuiper.com,144,https://www.google.com/maps/place/Andy+Kuiper+Internet+Marketing/data=!4m7!3m6!1s0x54867178fbd4acc3:0xb6d49432f384978!8m2!3d53.5266401!4d-113.4926628!16s%2Fg%2F12hw6x8h2!19sChIJw6zU-3hxhlQReEk4L0NJbQs?authuser=0&hl=en&g_ep=EgoyMDI2MDgyNi4wIJJjKgBIAVAD&rclk=1
BilMedia,B2B consultant,Edmonton AB,,https://bilmedia.com/,info@bilmedia.com,,https://www.google.com/maps/place/BilMedia/data=!4m7!3m6!1s0x25c0b8f43c3b491:0x7ec104989b581b63!8m2!3d51.2072!4d-121.9883!16s%2Fg%2F11w_s4fn2c!19sChIJkbTDQ48LXAIRYxtYm5gEwX4?authuser=0&hl=en&g_ep=EgoyMDI2MDgyNi4wIJJjKgBIAVAD&rclk=1
Dream Engine,B2B consultant,Edmonton AB,+1 780-318-0589,https://mydreamengine.com/,matt@mydreamengine.com,43,https://www.google.com/maps/place/Dream+Engine/data=!4m7!3m6!1s0x53a0231467dd7be3:0x6b93136267530a5c!8m2!3d51.2072!4d-121.9883!16s%2Fg%2F11hmkl76yy!19sChIJ43vdZxQjoFMRXApTZ2ITk2s?authuser=0&hl=en&g_ep=EgoyMDI2MDgyNi4wIJJjKgBIAVAD&rclk=1
Mediashaker Edmonton Website Design Experts,B2B consultant,Edmonton AB,+1 780-702-7545,https://www.mediashaker.ca/,info@mediashaker.com,47,https://www.google.com/maps/place/Mediashaker+Edmonton+Website+Design+Experts/data=!4m7!3m6!1s0x53a023cae075555f:0xb1768b9871465b78!8m2!3d53.5512428!4d-113.5162033!16s%2Fg%2F1tpc7ndj!19sChIJX1V14MojoFMReFtGcZiLdrE?authuser=0&hl=en&g_ep=EgoyMDI2MDgyNi4wIJJjKgBIAVAD&rclk=1
GiantByte Software,B2B consultant,Edmonton AB,+1 780-554-4401,https://giantbyte.com/,info@giantbyte.com,,https://www.google.com/maps/place/GiantByte+Software/data=!4m7!3m6!1s0x53a02231245ab499:0xa1db562f388a8a7a!8m2!3d53.8168927!4d-113.6390052!16s%2Fg%2F1tfvsmv6!19sChIJmbRaJDEioFMReoqKOC9W26E?authuser=0&hl=en&g_ep=EgoyMDI2MDgyNi4wIJJjKgBIAVAD&rclk=1
Elite Promotional Marketing,B2B consultant,Edmonton AB,+1 780-454-9775,http://www.elitepromomarketing.com/,info@elitepromomarketing.com,297,https://www.google.com/maps/place/Elite+Promotional+Marketing/data=!4m7!3m6!1s0x53a0215993c8de01:0xa3d706f0094147b4!8m2!3d53.5700877!4d-113.5752471!16s%2Fg%2F1vzqrynm!19sChIJAd7Ik1khoFMRtEdBCfAG16M?authuser=0&hl=en&g_ep=EgoyMDI2MDgyNi4wIJJjKgBIAVAD&rclk=1
SelexWeb – Website Design & SEO,B2B consultant,Edmonton AB,+1 780-716-8453,https://selexweb.ca/?utm_campaign=gbp,hello@selexweb.ca,49,https://www.google.com/maps/place/SelexWeb+%E2%80%93+Website+Design+%26+SEO/data=!4m7!3m6!1s0x4730bd2b44d3b235:0x175fd4b5d5a6c4bf!8m2!3d53.5425921!4d-113.4944966!16s%2Fg%2F11q2y2lkb_!19sChIJNbLTRCu9MEcRv8Sm1bXUXxc?authuser=0&hl=en&g_ep=EgoyMDI2MDgyNi4wIJJjKgBIAVAD&rclk=1
Focal Point Edmonton Leadership Development,B2B consultant,Edmonton AB,+1 780-974-4973,https://focalpointedmonton.com/,learnmore@focalpointedmonton.com,10,https://www.google.com/maps/place/Focal+Point+Edmonton+Leadership+Development/data=!4m7!3m6!1s0x28e98cfcd471588d:0x3735981e0d25fa2!8m2!3d54.4983702!4d-115.0011694!16s%2Fg%2F11lvfc_jgl!19sChIJjVhx1PyM6SgRol_S4IFZcwM?authuser=0&hl=en&g_ep=EgoyMDI2MDgyNi4wIJJjKgBIAVAD&rclk=1
The Business Builders by Workplaces,business consulting firm,Edmonton AB,+1 780-850-6957,https://www.4workplaces.com/,info@4workplaces.com,51,https://www.google.com/maps/place/The+Business+Builders+by+Workplaces/data=!4m7!3m6!1s0x53a021208be9d58b:0xff70cc83db545aea!8m2!3d53.5235338!4d-113.4943152!16s%2Fg%2F11cp5r77sn!19sChIJi9XpiyAhoFMR6lpU24PMcP8?authuser=0&hl=en&g_ep=EgoyMDI2MDgyNi4wIJJjKgBIAVAD&rclk=1
Sage & Summit Consulting Ltd.,business consulting firm,Edmonton AB,+1 866-774-0390,http://www.sage-summit.com/,info@sage-summit.ca,14,https://www.google.com/maps/place/Sage+%26+Summit+Consulting+Ltd./data=!4m7!3m6!1s0x53a0224675ecbd41:0x63f2e9020a967f26!8m2!3d53.518268!4d-113.495927!16s%2Fg%2F11f4qh2yv0!19sChIJQb3sdUYioFMRJn-WCgLp8mM?authuser=0&hl=en&g_ep=EgoyMDI2MDgyNi4wIJJjKgBIAVAD&rclk=1
The Business Clinic,business consulting firm,Edmonton AB,+1 780-982-3102,https://business-clinic.ca/,hello@business-clinic.ca,12,https://www.google.com/maps/place/The+Business+Clinic/data=!4m7!3m6!1s0x53a022386b955555:0xe9b81f1258c9e35a!8m2!3d53.5406818!4d-113.5108434!16s%2Fg%2F11f3xfn577!19sChIJVVWVazgioFMRWuPJWBIfuOk?authuser=0&hl=en&g_ep=EgoyMDI2MDgyNi4wIJJjKgBIAVAD&rclk=1
Omni Consulting,business consulting firm,Edmonton AB,+1 780-777-6777,http://www.omniconsulting.ca/,info@omniconsulting.ca,,https://www.google.com/maps/place/Omni+Consulting/data=!4m7!3m6!1s0x53a02231313ba7b9:0x5092138b0ebb0f98!8m2!3d53.4316347!4d-113.4691857!16s%2Fg%2F11c1wkyddh!19sChIJuac7MTEioFMRmA-7DosTklA?authuser=0&hl=en&g_ep=EgoyMDI2MDgyNi4wIJJjKgBIAVAD&rclk=1
PSW Consulting Group,business consulting firm,Edmonton AB,+1 780-668-8183,https://www.pswconsulting.ca/,peter@pswconsulting.ca,,https://www.google.com/maps/place/PSW+Consulting+Group/data=!4m7!3m6!1s0x53a021cb25f6814b:0x5a565514521d9f1!8m2!3d53.5055617!4d-113.6124992!16s%2Fg%2F11jftl9bzt!19sChIJS4H2JcshoFMR8dkhRVFlpQU?authuser=0&hl=en&g_ep=EgoyMDI2MDgyNi4wIJJjKgBIAVAD&rclk=1
Smiths Consulting,business consulting firm,Edmonton AB,+1 888-212-9002,http://www.smithsconsulting.ca/,admin@smithsconsulting.ca,11,https://www.google.com/maps/place/Smiths+Consulting/data=!4m7!3m6!1s0x53a0236c990802b5:0xdfaf0d154ba33179!8m2!3d53.5301068!4d-113.4104682!16s%2Fg%2F11j0srt4cn!19sChIJtQIImWwjoFMReTGjSxUNr98?authuser=0&hl=en&g_ep=EgoyMDI2MDgyNi4wIJJjKgBIAVAD&rclk=1
Matrix Consulting Group Inc.,business consulting firm,Edmonton AB,+1 780-465-1444,http://www.matrixconsulting.ca/,info@matrixconsulting.ca,13,https://www.google.com/maps/place/Matrix+Consulting+Group+Inc./data=!4m7!3m6!1s0x53a018c6c2c4a40d:0xb084d007b9e02884!8m2!3d53.491274!4d-113.4165976!16s%2Fg%2F1tdp0456!19sChIJDaTEwsYYoFMRhCjguQfQhLA?authuser=0&hl=en&g_ep=EgoyMDI2MDgyNi4wIJJjKgBIAVAD&rclk=1
Ballad Group: Edmonton Corporate Office,business consulting firm,Edmonton AB,+1 855-295-7180,http://www.balladgroup.ca/,info@balladgroup.ca,74,https://www.google.com/maps/place/Ballad+Group:+Edmonton+Corporate+Office/data=!4m7!3m6!1s0x53a02247db160515:0x27f2f0c5506dcfba!8m2!3d53.545218!4d-113.4968373!16s%2Fg%2F11g9q68f3h!19sChIJFQUW20cioFMRus9tUMXw8ic?authuser=0&hl=en&g_ep=EgoyMDI2MDgyNi4wIJJjKgBIAVAD&rclk=1
Anderson Business Consulting Inc,business consulting firm,Edmonton AB,+1 780-566-1895,http://andersonconsult.com/,info@andersonconsult.com,,https://www.google.com/maps/place/Anderson+Business+Consulting+Inc/data=!4m7!3m6!1s0x53a0224508ca0093:0xa15454fe3ac76866!8m2!3d53.5421508!4d-113.4881501!16s%2Fg%2F11lp7wzcnw!19sChIJkwDKCEUioFMRZmjHOv5UVKE?authuser=0&hl=en&g_ep=EgoyMDI2MDgyNi4wIJJjKgBIAVAD&rclk=1
SynergyLoft,business consulting firm,Edmonton AB,+1 780-800-9960,http://synergyloft.com/,inquiry@synergyloft.com,,https://www.google.com/maps/place/SynergyLoft/data=!4m7!3m6!1s0x53a022450f700001:0xdeffc7e2bb289ccc!8m2!3d53.5421578!4d-113.4878996!16s%2Fg%2F11pwhsp4f1!19sChIJAQBwD0UioFMRzJwou-LH_94?authuser=0&hl=en&g_ep=EgoyMDI2MDgyNi4wIJJjKgBIAVAD&rclk=1
Stratan Consulting,business consulting firm,Edmonton AB,+1 780-885-6365,https://www.stratanconsulting.com/,info@stratanconsulting.com,,https://www.google.com/maps/place/Stratan+Consulting/data=!4m7!3m6!1s0x53a0233178766641:0x3409bedd7fca49f6!8m2!3d53.4019274!4d-113.4694576!16s%2Fg%2F11j379_4fr!19sChIJQWZ2eDEjoFMR9knKf92-CTQ?authuser=0&hl=en&g_ep=EgoyMDI2MDgyNi4wIJJjKgBIAVAD&rclk=1
Perspect Management Consulting & Executive Coaching,business consulting firm,Edmonton AB,+1 888-302-6676,https://www.perspect.ca/,info@perspect.ca,,https://www.google.com/maps/place/Perspect+Management+Consulting+%26+Executive+Coaching/data=!4m7!3m6!1s0x53a0232822910b6f:0xc008d46dec99d9cc!8m2!3d53.5421578!4d-113.4878996!16s%2Fg%2F11h4vstkm3!19sChIJbwuRIigjoFMRzNmZ7G3UCMA?authuser=0&hl=en&g_ep=EgoyMDI2MDgyNi4wIJJjKgBIAVAD&rclk=1
Matrix Consulting Group Inc,business consulting firm,Edmonton AB,+1 780-465-1444,http://www.matrixconsulting.ca/,info@matrixconsulting.ca,,https://www.google.com/maps/place/Matrix+Consulting+Group+Inc/data=!4m7!3m6!1s0x53a018c6c2c4b711:0x696402c911e6458f!8m2!3d53.4877775!4d-113.4658479!16s%2Fg%2F11b5wk6h3j!19sChIJEbfEwsYYoFMRj0XmEckCZGk?authuser=0&hl=en&g_ep=EgoyMDI2MDgyNi4wIJJjKgBIAVAD&rclk=1
SAT Consulting & Construction Inc,business consulting firm,Edmonton AB,+1 780-993-5300,http://www.satcc.ca/,info@satcc.ca,38,https://www.google.com/maps/place/SAT+Consulting+%26+Construction+Inc/data=!4m7!3m6!1s0x53a022002796ab45:0xb136ee7f6d733ea2!8m2!3d53.5039412!4d-113.4884102!16s%2Fg%2F1tpn27dy!19sChIJRauWJwAioFMRoj5zbX_uNrE?authuser=0&hl=en&g_ep=EgoyMDI2MDgyNi4wIJJjKgBIAVAD&rclk=1
Consulting Engineers Of Alberta,business consulting firm,Edmonton AB,+1 780-421-1852,https://www.cea.ca/,info@cea.ca,,https://www.google.com/maps/place/Consulting+Engineers+Of+Alberta/data=!4m7!3m6!1s0x53a02245ebd03853:0x184b24edef82c02b!8m2!3d53.5421578!4d-113.4878996!16s%2Fg%2F1vpfj6_n!19sChIJUzjQ60UioFMRK8CC7-0kSxg?authuser=0&hl=en&g_ep=EgoyMDI2MDgyNi4wIJJjKgBIAVAD&rclk=1
Invistec Consulting Ltd.,business consulting firm,Edmonton AB,+1 780-293-7373,http://www.invistec.ca/,yegplanning@invistec.ca,,https://www.google.com/maps/place/Invistec+Consulting+Ltd./data=!4m7!3m6!1s0x53a0224f102c620b:0x1a45c0e22d40fe83!8m2!3d53.541883!4d-113.4980533!16s%2Fg%2F11f0wn0mpk!19sChIJC2IsEE8ioFMRg_5ALeLARRo?authuser=0&hl=en&g_ep=EgoyMDI2MDgyNi4wIJJjKgBIAVAD&rclk=1
Incite,business consulting firm,Edmonton AB,+1 780-423-5552,https://incitestrategy.ca/,info@incitestrategy.ca,,https://www.google.com/maps/place/Incite/data=!4m7!3m6!1s0x53a02210dcef2613:0x12dd517977bc7f7d!8m2!3d53.4902167!4d-113.4935416!16s%2Fg%2F1td4zjps!19sChIJEybv3BAioFMRfX-8d3lR3RI?authuser=0&hl=en&g_ep=EgoyMDI2MDgyNi4wIJJjKgBIAVAD&rclk=1
Padgett Business Services N.W.,business consulting firm,Edmonton AB,+1 780-482-7297,http://www.padgettnw.com/,cheryl@padgettnw.com,107,https://www.google.com/maps/place/Padgett+Business+Services+N.W./data=!4m7!3m6!1s0x53a023d238d4c3bf:0xbc5e56cf214b148!8m2!3d53.5508113!4d-113.5327301!16s%2Fg%2F1tdbkp23!19sChIJv8PUONIjoFMRSLEU8mzlxQs?authuser=0&hl=en&g_ep=EgoyMDI2MDgyNi4wIJJjKgBIAVAD&rclk=1
X5 Management,management consulting,Edmonton AB,+1 587-982-9595,http://www.x5management.com/,info@x5management.com,43,https://www.google.com/maps/place/X5+Management/data=!4m7!3m6!1s0x539ff584118691c3:0xb581e8b665eb8534!8m2!3d53.5426277!4d-113.494684!16s%2Fg%2F12354m1v_!19sChIJw5GGEYT1n1MRNIXrZbbogbU?authuser=0&hl=en&g_ep=EgoyMDI2MDgyNi4wIJJjKgBIAVAD&rclk=1
Western Management Consultants,management consulting,Edmonton AB,+1 780-428-1501,http://www.wmc.ca/,info@wmc.ca,,https://www.google.com/maps/place/Western+Management+Consultants/data=!4m7!3m6!1s0x53a023d396126b1d:0xb9817e9889772162!8m2!3d53.54648!4d-113.53619!16s%2Fg%2F1tmkknm0!19sChIJHWsSltMjoFMRYiF3iZh-gbk?authuser=0&hl=en&g_ep=EgoyMDI2MDgyNi4wIJJjKgBIAVAD&rclk=1
KRATOS Management Consulting,management consulting,Edmonton AB,+1 416-475-1666,http://www.kratos.ca/,kratosmanagementconsulting@gmail.com,,https://www.google.com/maps/place/KRATOS+Management+Consulting/data=!4m7!3m6!1s0x53a0224594545d01:0x3e236eba64d50a23!8m2!3d53.5424573!4d-113.4909775!16s%2Fg%2F1pzq_nzgl!19sChIJAV1UlEUioFMRIwrVZLpuIz4?authuser=0&hl=en&g_ep=EgoyMDI2MDgyNi4wIJJjKgBIAVAD&rclk=1
RDMD Consulting and Services Ltd,management consulting,Edmonton AB,+1 587-773-7054,http://www.rdmd.ca/,contact@sansoxygen.com,,https://www.google.com/maps/place/RDMD+Consulting+and+Services+Ltd/data=!4m7!3m6!1s0x53a02318d8f4da65:0x8948f88130c17108!8m2!3d53.5413879!4d-113.4928318!16s%2Fg%2F11jn536x8d!19sChIJZdr02BgjoFMRCHHBMIH4SIk?authuser=0&hl=en&g_ep=EgoyMDI2MDgyNi4wIJJjKgBIAVAD&rclk=1
Apex Consulting Services - Edmonton,management consulting,Edmonton AB,+1 647-321-4800,https://apexedu.ca/,ruban@apex-grp.ca,28,https://www.google.com/maps/place/Apex+Consulting+Services+-+Edmonton/data=!4m7!3m6!1s0x53a03d7f5d2607df:0x8b9493e9f06579f4!8m2!3d53.5700508!4d-113.405776!16s%2Fg%2F11vsyhy47h!19sChIJ3wcmXX89oFMR9Hll8OmTlIs?authuser=0&hl=en&g_ep=EgoyMDI2MDgyNi4wIJJjKgBIAVAD&rclk=1
Halford Consulting Inc.,management consulting,Edmonton AB,+1 780-428-5815,https://www.halford.co/,halfordconsultinginc@halford.co,,https://www.google.com/maps/place/Halford+Consulting+Inc./data=!4m7!3m6!1s0x53a02359ac0ecc27:0xcfd558ddda5b2f57!8m2!3d53.5421508!4d-113.4881501!16s%2Fg%2F11hdw9fxs9!19sChIJJ8wOrFkjoFMRVy9b2t1Y1c8?authuser=0&hl=en&g_ep=EgoyMDI2MDgyNi4wIJJjKgBIAVAD&rclk=1
Devebyte,B2B sales consultant,Edmonton AB,+1 780-445-4359,https://devebyte.com/,info@devebyte.com,33,https://www.google.com/maps/place/Devebyte/data=!4m7!3m6!1s0x53a01bf84b84e147:0x3995c9fe7764e56a!8m2!3d53.429432!4d-113.398547!16s%2Fg%2F11cn9m32k6!19sChIJR-GES_gboFMRauVkd_7JlTk?authuser=0&hl=en&g_ep=EgoyMDI2MDgyNi4wIJJjKgBIAVAD&rclk=1
Netrocket HVAC Marketing Agency,B2B sales consultant,Edmonton AB,+1 929-389-0344,https://netrocket.pro/edmonton-digital-marketing-agency/?utm_source=google&utm_medium=gmb&utm_campaign=edmonton,contact@netrocket.pro,,https://www.google.com/maps/place/Netrocket+HVAC+Marketing+Agency/data=!4m7!3m6!1s0x53a01d14e22270ff:0x8766aa53bb96a1b5!8m2!3d53.4133311!4d-113.4791419!16s%2Fg%2F11vrw_5t9k!19sChIJ_3Ai4hQdoFMRtaGWu1OqZoc?authuser=0&hl=en&g_ep=EgoyMDI2MDgyNi4wIJJjKgBIAVAD&rclk=1
REP Media,B2B sales consultant,Edmonton AB,+1 780-910-6266,https://www.repmedia.ca/,info@repmedia.ca,,https://www.google.com/maps/place/REP+Media/data=!4m7!3m6!1s0x53a0233eed677a9d:0xd55963833b026718!8m2!3d53.5672243!4d-113.5196667!16s%2Fg%2F11fr178fbn!19sChIJnXpn7T4joFMRGGcCO4NjWdU?authuser=0&hl=en&g_ep=EgoyMDI2MDgyNi4wIJJjKgBIAVAD&rclk=1
Zeal Media Inc,B2B sales consultant,Edmonton AB,+1 888-454-0620,https://zealmedia.ca/city/edmonton-web-design/,sales@zealmedia.ca,,https://www.google.com/maps/place/Zeal+Media+Inc/data=!4m7!3m6!1s0xbdde49a36936c37:0x11b6e5c0a8906e1e!8m2!3d53.5947987!4d-114.1307346!16s%2Fg%2F11q3dp2pzc!19sChIJN2yTNprk3QsRHm6QqMDlthE?authuser=0&hl=en&g_ep=EgoyMDI2MDgyNi4wIJJjKgBIAVAD&rclk=1
D301,B2B sales consultant,Edmonton AB,+1 587-741-2629,https://d301.com/,sales@d301.com,,https://www.google.com/maps/place/D301/data=!4m7!3m6!1s0x2c117dc7cf9101cf:0x6e0f73bda8b34c33!8m2!3d51.2072!4d-121.9883!16s%2Fg%2F11v19gw7sf!19sChIJzwGRz8d9ESwRM0yzqL1zD24?authuser=0&hl=en&g_ep=EgoyMDI2MDgyNi4wIJJjKgBIAVAD&rclk=1
Touchdown Copywriting,B2B sales consultant,Edmonton AB,+1 780-695-4644,http://touchdowncopywriting.com/,info@tdcopy.com,,https://www.google.com/maps/place/Touchdown+Copywriting/data=!4m7!3m6!1s0x53a0267c3b3f2093:0xadce079e2edcfd0f!8m2!3d14.1576412!4d-106.6918595!16s%2Fg%2F11cr__ln18!19sChIJkyA_O3wmoFMRD_3cLp4Hzq0?authuser=0&hl=en&g_ep=EgoyMDI2MDgyNi4wIJJjKgBIAVAD&rclk=1
Evolv Digital Marketing,B2B marketing consultant,Edmonton AB,+1 587-413-5916,http://www.evolvdigitalmarketing.com/,info@evolvdigitalmarketing.com,13,https://www.google.com/maps/place/Evolv+Digital+Marketing/data=!4m7!3m6!1s0x53a023bce6e777d3:0x25f218069001134e!8m2!3d53.5234306!4d-113.4944271!16s%2Fg%2F11jt0qs7my!19sChIJ03fn5rwjoFMRThMBkAYY8iU?authuser=0&hl=en&g_ep=EgoyMDI2MDgyNi4wIJJjKgBIAVAD&rclk=1
BubbleUP Marketing,B2B marketing consultant,Edmonton AB,+1 780-800-0052,https://bubbleup.ca/,info@bubbleup.ca,49,https://www.google.com/maps/place/BubbleUP+Marketing/data=!4m7!3m6!1s0x53a020576cb7d867:0xb1ea2b0190bf1572!8m2!3d53.562585!4d-113.5274953!16s%2Fg%2F12hlpsyv3!19sChIJZ9i3bFcgoFMRchW_kAEr6rE?authuser=0&hl=en&g_ep=EgoyMDI2MDgyNi4wIJJjKgBIAVAD&rclk=1
Top Draw,B2B marketing consultant,Edmonton AB,+1 780-429-9993,https://www.topdraw.com/,hello@topdraw.com,87,https://www.google.com/maps/place/Top+Draw/data=!4m7!3m6!1s0x53a02236c7fdd6a3:0xfe9cbb70d170dff!8m2!3d50.8383146!4d-99.3615594!16s%2Fg%2F1tdlbd6j!19sChIJo9b9xzYioFMR_w0XDbfL6Q8?authuser=0&hl=en&g_ep=EgoyMDI2MDgyNi4wIJJjKgBIAVAD&rclk=1
Town Media Labs,B2B marketing consultant,Edmonton AB,+1 403-604-8692,https://townmedialabs.ca/,info@townmedialabs.ca,96,https://www.google.com/maps/place/Town+Media+Labs/data=!4m7!3m6!1s0x53a023edaf8631a3:0xecfd3176e6962531!8m2!3d53.572893!4d-113.4996918!16s%2Fg%2F11lcr51ktj!19sChIJozGGr-0joFMRMSWW5nYx_ew?authuser=0&hl=en&g_ep=EgoyMDI2MDgyNi4wIJJjKgBIAVAD&rclk=1
Belle Biz Marketing,B2B marketing consultant,Edmonton AB,+1 587-887-1900,https://bellebiz.com/,contact@bellebiz.com,54,https://www.google.com/maps/place/Belle+Biz+Marketing/data=!4m7!3m6!1s0x53a02380668a267d:0x6058e3c4753ab851!8m2!3d53.5405774!4d-113.5041602!16s%2Fg%2F11rsr76z33!19sChIJfSaKZoAjoFMRUbg6dcTjWGA?authuser=0&hl=en&g_ep=EgoyMDI2MDgyNi4wIJJjKgBIAVAD&rclk=1
Inspired Method,B2B marketing consultant,Edmonton AB,+1 587-489-3743,https://inspiredmethod.com/,info@inspiredmethod.com,97,https://www.google.com/maps/place/Inspired+Method/data=!4m7!3m6!1s0x53a01e7b08dd2505:0x4a03eb6716796210!8m2!3d53.5432429!4d-113.5118728!16s%2Fg%2F11gg9gz98j!19sChIJBSXdCHseoFMREGJ5FmfrA0o?authuser=0&hl=en&g_ep=EgoyMDI2MDgyNi4wIJJjKgBIAVAD&rclk=1
Wellspring Therapist Marketing,B2B marketing consultant,Edmonton AB,+1 780-289-6711,https://thewellspring.io/,patrick@thewellspring.io,39,https://www.google.com/maps/place/Wellspring+Therapist+Marketing/data=!4m7!3m6!1s0x53a0223198353c2f:0xe95382422321776a!8m2!3d53.5266401!4d-113.4926628!16s%2Fg%2F11c1xp176r!19sChIJLzw1mDEioFMRanchI0KCU-k?authuser=0&hl=en&g_ep=EgoyMDI2MDgyNi4wIJJjKgBIAVAD&rclk=1
zag,B2B marketing consultant,Edmonton AB,+1 780-758-2924,https://atozag.ca/,info@atozag.ca,33,https://www.google.com/maps/place/zag/data=!4m7!3m6!1s0x53a02249e632600d:0xc53b8ba7cd8f1315!8m2!3d53.5422372!4d-113.4994583!16s%2Fg%2F1tx8sx4g!19sChIJDWAy5kkioFMRFROPzaeLO8U?authuser=0&hl=en&g_ep=EgoyMDI2MDgyNi4wIJJjKgBIAVAD&rclk=1
Brandx Digital Marketing & SEO,B2B marketing consultant,Edmonton AB,+1 780-504-5588,https://brandx.ca/,bill@grabbmedia.com,11,https://www.google.com/maps/place/Brandx+Digital+Marketing+%26+SEO/data=!4m7!3m6!1s0x539ff312f6e915db:0xdee97b934ac46d55!8m2!3d53.5158823!4d-113.4904699!16s%2Fg%2F11j6g1615f!19sChIJ2xXp9hLzn1MRVW3ESpN76d4?authuser=0&hl=en&g_ep=EgoyMDI2MDgyNi4wIJJjKgBIAVAD&rclk=1
Reach First,B2B marketing consultant,Edmonton AB,+1 844-777-3224,https://www.reachfirst.com/,info@reachfirst.com,28,https://www.google.com/maps/place/Reach+First/data=!4m7!3m6!1s0x53a022467663255f:0xfd03efe40091bf0d!8m2!3d53.5407184!4d-113.4905754!16s%2Fg%2F11b6zsq3f1!19sChIJXyVjdkYioFMRDb-RAOTvA_0?authuser=0&hl=en&g_ep=EgoyMDI2MDgyNi4wIJJjKgBIAVAD&rclk=1
Brand Digital Marketing inc,B2B marketing consultant,Edmonton AB,+1 780-236-4855,https://www.branddigitalmarketing.ca/,info@branddigitalmarketing.ca,11,https://www.google.com/maps/place/Brand+Digital+Marketing+inc/data=!4m7!3m6!1s0xaa42ff05ba6eafc5:0xf1a67736f910b19d!8m2!3d53.5528555!4d-113.4734385!16s%2Fg%2F11vb81z361!19sChIJxa9uugX_QqoRnbEQ-TZ3pvE?authuser=0&hl=en&g_ep=EgoyMDI2MDgyNi4wIJJjKgBIAVAD&rclk=1
"Impact IQ Marketing, Inc.",B2B marketing consultant,Edmonton AB,+1 437-826-8387,https://impactiqmarketing.ca/,admin@impactiqmarketing.ca,122,"https://www.google.com/maps/place/Impact+IQ+Marketing,+Inc./data=!4m7!3m6!1s0x4c460add86e88e49:0x3fd553e80d589177!8m2!3d53.5480592!4d-113.6247498!16s%2Fg%2F11wvjxxdft!19sChIJSY7oht0KRkwRd5FYDehT1T8?authuser=0&hl=en&g_ep=EgoyMDI2MDgyNi4wIJJjKgBIAVAD&rclk=1"
CBN Marketing,B2B marketing consultant,Edmonton AB,+1 780-893-7660,https://cbnmarketing.ca/,connor@cbnmarketing.ca,22,https://www.google.com/maps/place/CBN+Marketing/data=!4m7!3m6!1s0x8436cf6d40e7c1cf:0x24d1ae5c117766e1!8m2!3d53.4402068!4d-113.5313894!16s%2Fg%2F11k3mkr62y!19sChIJz8HnQG3PNoQR4WZ3EVyu0SQ?authuser=0&hl=en&g_ep=EgoyMDI2MDgyNi4wIJJjKgBIAVAD&rclk=1
High Level Marketing Inc.,B2B marketing consultant,Edmonton AB,+1 780-667-7035,https://www.highlevelyeg.ca/,hello@highlevelyeg.ca,44,https://www.google.com/maps/place/High+Level+Marketing+Inc./data=!4m7!3m6!1s0x53a021ff134c52fd:0xab4e16d89e62b9c!8m2!3d53.1451198!4d-113.240978!16s%2Fg%2F11gfknmmv7!19sChIJ_VJME_8hoFMRnCvmiW3htAo?authuser=0&hl=en&g_ep=EgoyMDI2MDgyNi4wIJJjKgBIAVAD&rclk=1
Digitize Media Corp,B2B marketing consultant,Edmonton AB,+1 780-446-4543,https://www.digitizemedia.ca/,info@digitizemedia.ca,178,https://www.google.com/maps/place/Digitize+Media+Corp/data=!4m7!3m6!1s0x53a023af8aa57161:0xd3a18f0b1c79e73!8m2!3d53.5496434!4d-113.5334487!16s%2Fg%2F11j2sm4rvd!19sChIJYXGliq8joFMRc57HsfAYOg0?authuser=0&hl=en&g_ep=EgoyMDI2MDgyNi4wIJJjKgBIAVAD&rclk=1
Ottawa Consultants,B2B consultant,Ottawa ON,+1 613-704-2866,https://www.ottawaconsultants.com/,info@ottawaconsultants.com,,https://www.google.com/maps/place/Ottawa+Consultants/data=!4m7!3m6!1s0x6b024df2461d7a71:0x599ceb6ab294672!8m2!3d45.4407754!4d-75.6740232!16s%2Fg%2F11pzw47x6n!19sChIJcXodRvJNAmsRckYpq7bOmQU?authuser=0&hl=en&g_ep=EgoyMDI2MDgyNi4wIJJjKgBIAVAD&rclk=1
Vectors Group,B2B consultant,Ottawa ON,+1 613-890-1581,http://vectorsgroup.com/,info@vectorsgroup.com,17,https://www.google.com/maps/place/Vectors+Group/data=!4m7!3m6!1s0x4cce12fd690a1ce3:0xaa396792d3eeb734!8m2!3d45.4066653!4d-75.7237802!16s%2Fg%2F11g6nl7f3f!19sChIJ4xwKaf0SzkwRNLfu05JnOao?authuser=0&hl=en&g_ep=EgoyMDI2MDgyNi4wIJJjKgBIAVAD&rclk=1
Horizon Consultancy,B2B consultant,Ottawa ON,+1 438-526-2627,https://www.horizon-consultancy.com/,horizon@horizon-consultancy.com,,https://www.google.com/maps/place/Horizon+Consultancy/data=!4m7!3m6!1s0x4cce05a12951b73f:0x86514756f1fe5e0c!8m2!3d45.4188228!4d-75.7012759!16s%2Fg%2F11yf6_zqpt!19sChIJP7dRKaEFzkwRDF7-8VZHUYY?authuser=0&hl=en&g_ep=EgoyMDI2MDgyNi4wIJJjKgBIAVAD&rclk=1
Pekan Designs,B2B consultant,Ottawa ON,+1 613-212-0066,https://pekandesigns.com/,info@pekandesigns.com,71,https://www.google.com/maps/place/Pekan+Designs/data=!4m7!3m6!1s0x4cce062243bb7f9b:0xff714957bb57d0df!8m2!3d45.3539658!4d-75.6498741!16s%2Fg%2F11f7l6q_9q!19sChIJm3-7QyIGzkwR39BXu1dJcf8?authuser=0&hl=en&g_ep=EgoyMDI2MDgyNi4wIJJjKgBIAVAD&rclk=1
Bronson Consulting,B2B consultant,Ottawa ON,+1 844-391-0019,http://www.bronson.ca/,info@bronson.ca,,https://www.google.com/maps/place/Bronson+Consulting/data=!4m7!3m6!1s0x4cce05bc9a61857b:0xf902f189e2e0c158!8m2!3d45.3857325!4d-75.7358284!16s%2Fg%2F11b6gpcvxf!19sChIJe4VhmrwFzkwRWMHg4onxAvk?authuser=0&hl=en&g_ep=EgoyMDI2MDgyNi4wIJJjKgBIAVAD&rclk=1
Real Strategy Advisors Ltd.,B2B consultant,Ottawa ON,+1 613-216-0130,http://realstrategy.com/,lovework@realstrategy.com,,https://www.google.com/maps/place/Real+Strategy+Advisors+Ltd./data=!4m7!3m6!1s0x4cce05890a096e0d:0xfaa363f2e0b72983!8m2!3d45.3640774!4d-75.7326968!16s%2Fg%2F11gk5v0vvx!19sChIJDW4JCokFzkwRgym34PJjo_o?authuser=0&hl=en&g_ep=EgoyMDI2MDgyNi4wIJJjKgBIAVAD&rclk=1
Oomple,B2B consultant,Ottawa ON,+1 833-466-6675,https://www.oomple.com/,partners@oomple.com,11,https://www.google.com/maps/place/Oomple/data=!4m7!3m6!1s0x4cce043cf3d5bfdf:0x1c57a5a544acd03c!8m2!3d45.3996988!4d-75.7287347!16s%2Fg%2F11df27s7g2!19sChIJ37_V8zwEzkwRPNCsRKWlVxw?authuser=0&hl=en&g_ep=EgoyMDI2MDgyNi4wIJJjKgBIAVAD&rclk=1
Group NB,B2B consultant,Ottawa ON,+1 855-868-8416,http://groupnb.ca/,info@groupnb.ca,106,https://www.google.com/maps/place/Group+NB/data=!4m7!3m6!1s0x4cc918e113c4ce71:0x1341c3f80599f9d9!8m2!3d43.932!4d-147.41455!16s%2Fg%2F11cr_7qbdw!19sChIJcc7EE-EYyUwR2fmZBfjDQRM?authuser=0&hl=en&g_ep=EgoyMDI2MDgyNi4wIJJjKgBIAVAD&rclk=1
Growth Media Agency Inc.,B2B consultant,Ottawa ON,+1 613-668-3291,https://growthmedia.ca/,tomas@growthmedia.ca,,https://www.google.com/maps/place/Growth+Media+Agency+Inc./data=!4m7!3m6!1s0x4cce044d34d36f49:0x44948367b6d6263e!8m2!3d45.4065177!4d-75.7007645!16s%2Fg%2F11c1wkfjcc!19sChIJSW_TNE0EzkwRPibWtmeDlEQ?authuser=0&hl=en&g_ep=EgoyMDI2MDgyNi4wIJJjKgBIAVAD&rclk=1
The Right Door Consulting & Solutions,B2B consultant,Ottawa ON,+1 613-447-5505,http://therightdoor.ca/,schan@therightdoor.ca,,https://www.google.com/maps/place/The+Right+Door+Consulting+%26+Solutions/data=!4m7!3m6!1s0x4cce05ab14f2f065:0xf5c2cec4f634103!8m2!3d45.420453!4d-75.692777!16s%2Fg%2F11n93jwv1r!19sChIJZfDyFKsFzkwRA0FjT-wsXA8?authuser=0&hl=en&g_ep=EgoyMDI2MDgyNi4wIJJjKgBIAVAD&rclk=1
Sidi.io,B2B consultant,Ottawa ON,+1 844-777-7434,https://sidi.io/,demand@sidi.io,44,https://www.google.com/maps/place/Sidi.io/data=!4m7!3m6!1s0x4cce128eb18ec4b9:0x8a60f247fb7c3db9!8m2!3d45.4094601!4d-75.6887513!16s%2Fg%2F11dx8y_q0l!19sChIJucSOsY4SzkwRuT18-0fyYIo?authuser=0&hl=en&g_ep=EgoyMDI2MDgyNi4wIJJjKgBIAVAD&rclk=1
AFTIA Solutions,B2B consultant,Ottawa ON,+1 613-209-2840,http://www.aftia.com/,sales@aftia.com,,https://www.google.com/maps/place/AFTIA+Solutions/data=!4m7!3m6!1s0x4cce01334b86945b:0x2f3dbde475b79e81!8m2!3d45.3368338!4d-75.706508!16s%2Fg%2F11bwny3j1q!19sChIJW5SGSzMBzkwRgZ63deS9PS8?authuser=0&hl=en&g_ep=EgoyMDI2MDgyNi4wIJJjKgBIAVAD&rclk=1
Aragona Agency,B2B consultant,Ottawa ON,+1 613-836-1892,http://aragonaagency.com/,sayhello@aragonaagency.com,,https://www.google.com/maps/place/Aragona+Agency/data=!4m7!3m6!1s0x4ccdff81351e68b3:0xf4357ab11c0cedb!8m2!3d45.344066!4d-75.9245213!16s%2Fg%2F11cktgsrx7!19sChIJs2geNYH_zUwR287AEatXQw8?authuser=0&hl=en&g_ep=EgoyMDI2MDgyNi4wIJJjKgBIAVAD&rclk=1
McCay Duff LLP,B2B consultant,Ottawa ON,+1 613-236-2367,http://www.mccayduff.com/,marketing@mccayduff.com,85,https://www.google.com/maps/place/McCay+Duff+LLP/data=!4m7!3m6!1s0x4cce05aa8ace8741:0xd3572d3cff3caf18!8m2!3d45.3983305!4d-75.6853377!16s%2Fg%2F1tctx5hv!19sChIJQYfOiqoFzkwRGK88_zwtV9M?authuser=0&hl=en&g_ep=EgoyMDI2MDgyNi4wIJJjKgBIAVAD&rclk=1
Impact Hub Ottawa,B2B consultant,Ottawa ON,+1 613-680-3506,https://ottawa.impacthub.net/,hello@hubottawa.org,122,https://www.google.com/maps/place/Impact+Hub+Ottawa/data=!4m7!3m6!1s0x4cce0455b3ea5a91:0x5365b9eceb24f2dc!8m2!3d45.4208946!4d-75.6967865!16s%2Fg%2F1q5bt2xj1!19sChIJkVrqs1UEzkwR3PIk6-y5ZVM?authuser=0&hl=en&g_ep=EgoyMDI2MDgyNi4wIJJjKgBIAVAD&rclk=1
Seed Your Business,B2B consultant,Ottawa ON,+1 613-800-9021,https://www.seedyourbusiness.com/,info@seedyourbusiness.com,,https://www.google.com/maps/place/Seed+Your+Business/data=!4m7!3m6!1s0x4cce07f453962819:0xa30772e128db7079!8m2!3d45.3914604!4d-75.7554767!16s%2Fg%2F11fx0gdq0v!19sChIJGSiWU_QHzkwReXDbKOFyB6M?authuser=0&hl=en&g_ep=EgoyMDI2MDgyNi4wIJJjKgBIAVAD&rclk=1
Nioma,B2B consultant,Ottawa ON,,https://www.nioma.ca/?utm_source=gmb&utm_medium=localmap,hello@nioma.ca,,https://www.google.com/maps/place/Nioma/data=!4m7!3m6!1s0x60093b182f9c6045:0x746f4977d4ea39b7!8m2!3d45.4188501!4d-75.7014849!16s%2Fg%2F11s16549jv!19sChIJRWCcLxg7CWARtznq1HdJb3Q?authuser=0&hl=en&g_ep=EgoyMDI2MDgyNi4wIJJjKgBIAVAD&rclk=1
LUXI MGMT,business consulting firm,Ottawa ON,+1 647-616-5894,http://www.luximgmt.com/,info@mysite.com,,https://www.google.com/maps/place/LUXI+MGMT/data=!4m7!3m6!1s0x4cce05fa981fe4a3:0x91292bf419950517!8m2!3d45.4255814!4d-75.6953144!16s%2Fg%2F11ypkzf6ln!19sChIJo-QfmPoFzkwRFwWVGfQrKZE?authuser=0&hl=en&g_ep=EgoyMDI2MDgyNi4wIJJjKgBIAVAD&rclk=1
Rhapsody Strategies,business consulting firm,Ottawa ON,+1 613-762-7975,http://www.rhapsodystrategies.com/,info@rhapsodystrategies.com,63,https://www.google.com/maps/place/Rhapsody+Strategies/data=!4m7!3m6!1s0x4cce12341f601e9b:0x3b017a1bfeccdee7!8m2!3d45.4271487!4d-75.6913114!16s%2Fg%2F12ml2yn9s!19sChIJmx5gHzQSzkwR597M_ht6ATs?authuser=0&hl=en&g_ep=EgoyMDI2MDgyNi4wIJJjKgBIAVAD&rclk=1
Seasons Consultancy,business consulting firm,Ottawa ON,+1 613-795-8331,https://www.seasonsconsultancy.com/,info@seasonsconsultancy.com,49,https://www.google.com/maps/place/Seasons+Consultancy/data=!4m7!3m6!1s0xff77dea70da436d:0xbbf553ff063a8c33!8m2!3d45.3821756!4d-75.6709461!16s%2Fg%2F11td8q42rq!19sChIJbUPacOp99w8RM4w6Bv9T9bs?authuser=0&hl=en&g_ep=EgoyMDI2MDgyNi4wIJJjKgBIAVAD&rclk=1
Goss Gilroy Inc.,business consulting firm,Ottawa ON,+1 613-230-5577,http://www.ggi.ca/,ggi@ggi.ca,,https://www.google.com/maps/place/Goss+Gilroy+Inc./data=!4m7!3m6!1s0x4cce05aae6c5bd71:0xf27e290cdb23e362!8m2!3d45.4198634!4d-75.6949947!16s%2Fg%2F1th7xzxt!19sChIJcb3F5qoFzkwRYuMj2wwpfvI?authuser=0&hl=en&g_ep=EgoyMDI2MDgyNi4wIJJjKgBIAVAD&rclk=1
Genesislink Consulting Services,business consulting firm,Ottawa ON,+1 343-809-8804,https://genesislink.ca/,info@genesislink.ca,40,https://www.google.com/maps/place/Genesislink+Consulting+Services/data=!4m7!3m6!1s0x4cce0f21eea5d9f9:0x4a358682071b7b2b!8m2!3d45.3439874!4d-75.9245074!16s%2Fg%2F11m9rsvjqj!19sChIJ-dml7iEPzkwRK3sbB4KGNUo?authuser=0&hl=en&g_ep=EgoyMDI2MDgyNi4wIJJjKgBIAVAD&rclk=1
Mante Molepo Consulting,business consulting firm,Ottawa ON,,http://mantemolepo.com/,hello@mantemolepo.com,,https://www.google.com/maps/place/Mante+Molepo+Consulting/data=!4m7!3m6!1s0x4cce050224d40007:0x9ba3f6fb64a58d4d!8m2!3d45.4271488!4d-75.6913114!16s%2Fg%2F11vqty5qm6!19sChIJBwDUJAIFzkwRTY2lZPv2o5s?authuser=0&hl=en&g_ep=EgoyMDI2MDgyNi4wIJJjKgBIAVAD&rclk=1
Kingsford Consulting,business consulting firm,Ottawa ON,+1 613-592-0544,http://www.kingsfordconsulting.ca/,info@kingsfordconsulting.ca,,https://www.google.com/maps/place/Kingsford+Consulting/data=!4m7!3m6!1s0x4cd1fff7bf4ef513:0xe1e9603a2b30be43!8m2!3d45.3273867!4d-75.8952605!16s%2Fg%2F1tdz4g9v!19sChIJE_VOv_f_0UwRQ74wKzpg6eE?authuser=0&hl=en&g_ep=EgoyMDI2MDgyNi4wIJJjKgBIAVAD&rclk=1
Orangutech Inc.,business consulting firm,Ottawa ON,+1 613-288-2840,http://www.orangutech.com/,john.smithg@xyz.com,,https://www.google.com/maps/place/Orangutech+Inc./data=!4m7!3m6!1s0x4cce04554bb39639:0x739a1799167ffb43!8m2!3d45.4212993!4d-75.6956194!16s%2Fg%2F11bv1ck4lg!19sChIJOZazS1UEzkwRQ_t_FpkXmnM?authuser=0&hl=en&g_ep=EgoyMDI2MDgyNi4wIJJjKgBIAVAD&rclk=1
The Halifax Group,business consulting firm,Ottawa ON,+1 613-230-3337,https://www.halifaxgroup.com/,info@halifaxgroup.com,,https://www.google.com/maps/place/The+Halifax+Group/data=!4m7!3m6!1s0x4cce05ab64833b75:0xca9ed9da8a1227f6!8m2!3d45.4179247!4d-75.6961377!16s%2Fg%2F1tlzzt7w!19sChIJdTuDZKsFzkwR9icSitrZnso?authuser=0&hl=en&g_ep=EgoyMDI2MDgyNi4wIJJjKgBIAVAD&rclk=1
Momentum Consulting,business consulting firm,Ottawa ON,+1 613-297-9677,https://www.realestatemomentum.ca/,prarthana@realestatemomentum.ca,,https://www.google.com/maps/place/Momentum+Consulting/data=!4m7!3m6!1s0x89670e1b9f0d5e87:0x96281bf8968918ad!8m2!3d45.3694167!4d-75.7687714!16s%2Fg%2F11y0n08s1g!19sChIJh14NnxsOZ4kRrRiJlvgbKJY?authuser=0&hl=en&g_ep=EgoyMDI2MDgyNi4wIJJjKgBIAVAD&rclk=1
ALT Consulting | Premium IT Support Services Ottawa,business consulting firm,Ottawa ON,+1 613-454-5511,https://www.altconsulting.ca/?utm_source=google&utm_medium=organic&utm_campaign=gmb,contact@altconsulting.ca,,https://www.google.com/maps/place/ALT+Consulting+%7C+Premium+IT+Support+Services+Ottawa/data=!4m7!3m6!1s0x4cce00d3fc89f50d:0x249644b81dbbc980!8m2!3d45.353337!4d-75.7847735!16s%2Fg%2F12hxwd7_8!19sChIJDfWJ_NMAzkwRgMm7HbhEliQ?authuser=0&hl=en&g_ep=EgoyMDI2MDgyNi4wIJJjKgBIAVAD&rclk=1
Versatil,business consulting firm,Ottawa ON,+1 613-703-0006,http://versatil.ca/,info@versatil.ca,,https://www.google.com/maps/place/Versatil/data=!4m7!3m6!1s0x4cce05ab2e7de81d:0x13c866f44371a516!8m2!3d45.4196263!4d-75.6969017!16s%2Fg%2F11gy1v1dqp!19sChIJHeh9LqsFzkwRFqVxQ_RmyBM?authuser=0&hl=en&g_ep=EgoyMDI2MDgyNi4wIJJjKgBIAVAD&rclk=1
3R Canada Group,business consulting firm,Ottawa ON,+1 613-303-8000,http://3rcanadagroup.ca/,info@3rcanadagroup.ca,12,https://www.google.com/maps/place/3R+Canada+Group/data=!4m7!3m6!1s0x4cce0f3577eaaaab:0x6b75f0ffaac60039!8m2!3d45.3791725!4d-75.6400256!16s%2Fg%2F11cmnz7bbj!19sChIJq6rqdzUPzkwROQDGqv_wdWs?authuser=0&hl=en&g_ep=EgoyMDI2MDgyNi4wIJJjKgBIAVAD&rclk=1
Sheffe Consulting Inc.,business consulting firm,Ottawa ON,+1 613-884-1290,https://sheffeconsulting.com/,info@sheffeconsulting.com,22,https://www.google.com/maps/place/Sheffe+Consulting+Inc./data=!4m7!3m6!1s0x2c060bebd66a2fad:0x21064166278e3fae!8m2!3d45.399239!4d-75.7302631!16s%2Fg%2F11lcsv9jzz!19sChIJrS9q1usLBiwRrj-OJ2ZBBiE?authuser=0&hl=en&g_ep=EgoyMDI2MDgyNi4wIJJjKgBIAVAD&rclk=1
Money Counts Business Strategies Inc,business consulting firm,Ottawa ON,+1 613-699-1133,https://moneycounts.ca/,info@moneycounts.ca,,https://www.google.com/maps/place/Money+Counts+Business+Strategies+Inc/data=!4m7!3m6!1s0x8268f033f15ae9b3:0x31457258e016e7b2!8m2!3d45.4271488!4d-75.6913114!16s%2Fg%2F11z3zs42h_!19sChIJs-la8TPwaIIRsucW4FhyRTE?authuser=0&hl=en&g_ep=EgoyMDI2MDgyNi4wIJJjKgBIAVAD&rclk=1
PMC Training,management consulting,Ottawa ON,+1 613-234-2020,https://pmctraining.com/,advisors@pmctraining.com,27,https://www.google.com/maps/place/PMC+Training/data=!4m7!3m6!1s0x4cce05c74cbd14a3:0x9818b7d31d1ee62c!8m2!3d45.4012369!4d-75.68754!16s%2Fg%2F11c3v68ymq!19sChIJoxS9TMcFzkwRLOYeHdO3GJg?authuser=0&hl=en&g_ep=EgoyMDI2MDgyNi4wIJJjKgBIAVAD&rclk=1
Dave Jones Consultants,management consulting,Ottawa ON,+1 613-820-4812,https://davejonesconsultants.com/,info@davejonesconsultants.com,13,https://www.google.com/maps/place/Dave+Jones+Consultants/data=!4m7!3m6!1s0x4cce079b8eeabb93:0x255b4fccb0615a3c!8m2!3d45.3480778!4d-75.781617!16s%2Fg%2F11jnpq683s!19sChIJk7vqjpsHzkwRPFphsMxPWyU?authuser=0&hl=en&g_ep=EgoyMDI2MDgyNi4wIJJjKgBIAVAD&rclk=1
Canadian Independent Consulting,management consulting,Ottawa ON,+1 613-890-5559,https://sites.google.com/view/canadianindependentconsulting/home,canadacanuck1@gmail.com,,https://www.google.com/maps/place/Canadian+Independent+Consulting/data=!4m7!3m6!1s0x4cce0ff30996da79:0xf93ad9428416cafb!8m2!3d45.4467755!4d-75.626103!16s%2Fg%2F11h_btz8p7!19sChIJedqWCfMPzkwR-8oWhELZOvk?authuser=0&hl=en&g_ep=EgoyMDI2MDgyNi4wIJJjKgBIAVAD&rclk=1
Can Am Workplace Consulting Corporation,management consulting,Ottawa ON,+1 613-614-5718,https://cawconsultancy.com/,andre@cawtc.ca,,https://www.google.com/maps/place/Can+Am+Workplace+Consulting+Corporation/data=!4m7!3m6!1s0x4cce056b73de7ef3:0x649678967fe84cbf!8m2!3d45.421863!4d-75.6515054!16s%2Fg%2F11nbw86z11!19sChIJ837ec2sFzkwRv0zof5Z4lmQ?authuser=0&hl=en&g_ep=EgoyMDI2MDgyNi4wIJJjKgBIAVAD&rclk=1
Advanced Consulting & Training Ltd.,management consulting,Ottawa ON,+1 613-225-5169,https://advancedct.com/?utm_source=GMB,sales@advancedct.com,98,https://www.google.com/maps/place/Advanced+Consulting+%26+Training+Ltd./data=!4m7!3m6!1s0x4cce07c15ffb23a1:0x78a5c5ddc2ee7565!8m2!3d45.3229984!4d-75.7201507!16s%2Fg%2F1tfdd2bh!19sChIJoSP7X8EHzkwRZXXuwt3FpXg?authuser=0&hl=en&g_ep=EgoyMDI2MDgyNi4wIJJjKgBIAVAD&rclk=1
TerraHR Consulting,management consulting,Ottawa ON,+1 613-850-7856,https://www.terrahrconsulting.com/,info@terrahrconsulting.com,10,https://www.google.com/maps/place/TerraHR+Consulting/data=!4m7!3m6!1s0x4cce054881acf651:0xe55cb39f5df79082!8m2!3d45.420453!4d-75.692777!16s%2Fg%2F11w7lmwths!19sChIJUfasgUgFzkwRgpD3XZ-zXOU?authuser=0&hl=en&g_ep=EgoyMDI2MDgyNi4wIJJjKgBIAVAD&rclk=1
49 Solutions,B2B sales consultant,Ottawa ON,+1 613-695-9800,https://www.49solutions.com/,info@49solutions.com,,https://www.google.com/maps/place/49+Solutions/data=!4m7!3m6!1s0x4cce043c54a22a83:0x4145cf8f9e3a8eb7!8m2!3d45.4068968!4d-75.7197853!16s%2Fg%2F11rylmwz1s!19sChIJgyqiVDwEzkwRt446no_PRUE?authuser=0&hl=en&g_ep=EgoyMDI2MDgyNi4wIJJjKgBIAVAD&rclk=1
BMB Data Consulting Inc.,B2B sales consultant,Ottawa ON,+1 613-720-4724,http://www.bmbdata.com/,info@bmbdata.com,,https://www.google.com/maps/place/BMB+Data+Consulting+Inc./data=!4m7!3m6!1s0x4cce06a2e213d117:0xcef252180a686f4f!8m2!3d45.3821703!4d-75.7449693!16s%2Fg%2F1tpc7lkv!19sChIJF9ET4qIGzkwRT29oChhS8s4?authuser=0&hl=en&g_ep=EgoyMDI2MDgyNi4wIJJjKgBIAVAD&rclk=1
Blocons - Blockchain Consulting,B2B sales consultant,Ottawa ON,+1 613-867-7767,https://blocons.com/,info@blocons.com,,https://www.google.com/maps/place/Blocons+-+Blockchain+Consulting/data=!4m7!3m6!1s0x4cce05aa542229b7:0x5c79ecdb490bfacf!8m2!3d45.4119014!4d-75.7121778!16s%2Fg%2F11vhd_nb2j!19sChIJtykiVKoFzkwRz_oLSdvseVw?authuser=0&hl=en&g_ep=EgoyMDI2MDgyNi4wIJJjKgBIAVAD&rclk=1
The Sponsorship Collective,B2B sales consultant,Ottawa ON,+1 343-501-3021,http://www.sponsorshipcollective.com/,hello@sponsorshipcollective.com,179,https://www.google.com/maps/place/The+Sponsorship+Collective/data=!4m7!3m6!1s0x4cce0697c835c2f9:0xda2a01d2acb724c1!8m2!3d45.3009275!4d-75.8822862!16s%2Fg%2F11f0895j1l!19sChIJ-cI1yJcGzkwRwSS3rNIBKto?authuser=0&hl=en&g_ep=EgoyMDI2MDgyNi4wIJJjKgBIAVAD&rclk=1
BackOffice Canada,B2B sales consultant,Ottawa ON,+1 613-234-1215,http://www.boaweb.com/,media@syniti.com,,https://www.google.com/maps/place/BackOffice+Canada/data=!4m7!3m6!1s0x4cd1ffed970ca783:0xfcdb39dc7bbf5d82!8m2!3d45.3453079!4d-75.9105016!16s%2Fg%2F1hm6869xz!19sChIJg6cMl-3_0UwRgl2_e9w52_w?authuser=0&hl=en&g_ep=EgoyMDI2MDgyNi4wIJJjKgBIAVAD&rclk=1
Excentric Agency,B2B marketing consultant,Ottawa ON,+1 613-435-8552,https://excentric.ca/,info@excentric.ca,38,https://www.google.com/maps/place/Excentric+Agency/data=!4m7!3m6!1s0x4cd200723188b2eb:0x6b9d4061734b9798!8m2!3d45.3109768!4d-75.9160522!16s%2Fg%2F1vn_yld9!19sChIJ67KIMXIA0kwRmJdLc2FAnWs?authuser=0&hl=en&g_ep=EgoyMDI2MDgyNi4wIJJjKgBIAVAD&rclk=1
LGG Media,B2B marketing consultant,Ottawa ON,+1 613-703-8739,https://www.lgg.media/?utm_source=GBP,hello@lgg.media,54,https://www.google.com/maps/place/LGG+Media/data=!4m7!3m6!1s0x4cce05d8e95960ad:0x5e8981215577cc14!8m2!3d45.3767608!4d-75.638851!16s%2Fg%2F11h08tzkw!19sChIJrWBZ6dgFzkwRFMx3VSGBiV4?authuser=0&hl=en&g_ep=EgoyMDI2MDgyNi4wIJJjKgBIAVAD&rclk=1
Marketing Blendz,B2B marketing consultant,Ottawa ON,+1 613-412-8495,https://www.marketingblendz.com/,info@marketingblendz.com,19,https://www.google.com/maps/place/Marketing+Blendz/data=!4m7!3m6!1s0x4ccde2edae630ae3:0x8c492ce52181611!8m2!3d45.2832606!4d-75.6799087!16s%2Fg%2F11f40lzs_8!19sChIJ4wpjru3izUwRERYYUs6SxAg?authuser=0&hl=en&g_ep=EgoyMDI2MDgyNi4wIJJjKgBIAVAD&rclk=1
Twenty Seven + Five,B2B marketing consultant,Ottawa ON,+1 866-527-2705,https://27five.com/,hello@27five.com,10,https://www.google.com/maps/place/Twenty+Seven+%2B+Five/data=!4m7!3m6!1s0x4cce0f91818d311b:0xaba6438d50c1616b!8m2!3d45.4283621!4d-75.6148217!16s%2Fg%2F11rvc7kwnk!19sChIJGzGNgZEPzkwRa2HBUI1Dpqs?authuser=0&hl=en&g_ep=EgoyMDI2MDgyNi4wIJJjKgBIAVAD&rclk=1
Mounib Networking Business Inc.,B2B marketing consultant,Ottawa ON,,http://mnb-inc.ca/,inc.mnb@outlook.com,10,https://www.google.com/maps/place/Mounib+Networking+Business+Inc./data=!4m7!3m6!1s0x4cce05ee5f4dd573:0xc07443b21e185991!8m2!3d45.4068048!4d-75.7209764!16s%2Fg%2F11yvssy9bc!19sChIJc9VNX-4FzkwRkVkYHrJDdMA?authuser=0&hl=en&g_ep=EgoyMDI2MDgyNi4wIJJjKgBIAVAD&rclk=1
Third Door Marketing - Bilingual Ottawa Marketing & Communications Agency,B2B marketing consultant,Ottawa ON,+1 613-297-9960,https://www.thirddoormarketing.com/,josee@thirdoormarketing.com,,https://www.google.com/maps/place/Third+Door+Marketing+-+Bilingual+Ottawa+Marketing+%26+Communications+Agency/data=!4m7!3m6!1s0x4ccdfdbbab5af6bf:0x19e4dd993952320c!8m2!3d45.4192092!4d-75.6931107!16s%2Fg%2F11jh2x_2pr!19sChIJv_Zaq7v9zUwRDDJSOZnd5Bk?authuser=0&hl=en&g_ep=EgoyMDI2MDgyNi4wIJJjKgBIAVAD&rclk=1
Duco Media,B2B marketing consultant,Ottawa ON,+1 613-614-6853,https://www.ducomedia.ca/,info@ducomedia.ca,17,https://www.google.com/maps/place/Duco+Media/data=!4m7!3m6!1s0x4cce054d2700e719:0xecbdd60e7b89ab80!8m2!3d45.3981606!4d-75.7078449!16s%2Fg%2F11h_5vcqgc!19sChIJGecAJ00FzkwRgKuJew7Wvew?authuser=0&hl=en&g_ep=EgoyMDI2MDgyNi4wIJJjKgBIAVAD&rclk=1
Marketing MIX,B2B marketing consultant,Ottawa ON,+1 613-867-7767,https://mmix.biz/,info@mmix.biz,,https://www.google.com/maps/place/Marketing+MIX/data=!4m7!3m6!1s0x4cce05ec6e690345:0xbea84b9d57e8a84e!8m2!3d45.4117985!4d-75.7121432!16s%2Fg%2F11v651mz40!19sChIJRQNpbuwFzkwRTqjoV51LqL4?authuser=0&hl=en&g_ep=EgoyMDI2MDgyNi4wIJJjKgBIAVAD&rclk=1
A Wise Media Digital Marketing Agency,B2B marketing consultant,Ottawa ON,+1 613-416-3380,https://awisemedia.com/,hello@awisemedia.com,18,https://www.google.com/maps/place/A+Wise+Media+Digital+Marketing+Agency/data=!4m7!3m6!1s0x450f6daabb6728d5:0xa676fccdd40642c8!8m2!3d45.289313!4d-75.7942071!16s%2Fg%2F11vsswyr74!19sChIJ1Shnu6ptD0URyEIG1M38dqY?authuser=0&hl=en&g_ep=EgoyMDI2MDgyNi4wIJJjKgBIAVAD&rclk=1
SOAP Media Inc.,B2B marketing consultant,Ottawa ON,+1 613-818-3499,https://www.soapmedia.ca/?utm_source=GMBlisting&utm_medium=organic,dave.hunter@soapmedia.ca,72,https://www.google.com/maps/place/SOAP+Media+Inc./data=!4m7!3m6!1s0x4cd18bd217277741:0x3706ab9b668cf9cd!8m2!3d45.3008268!4d-75.8821301!16s%2Fg%2F11bxd_1w2m!19sChIJQXcnF9KL0UwRzfmMZpurBjc?authuser=0&hl=en&g_ep=EgoyMDI2MDgyNi4wIJJjKgBIAVAD&rclk=1
ITsPaul,B2B marketing consultant,Ottawa ON,+1 613-454-8119,https://www.itspaul.ca/ottawa-web-design/,info@itspaul.ca,31,https://www.google.com/maps/place/ITsPaul/data=!4m7!3m6!1s0x4cce09a7d82337ef:0xb1993298639f1371!8m2!3d44.7116797!4d-76.6825234!16s%2Fg%2F11j058tc18!19sChIJ7zcj2KcJzkwRcROfY5gymbE?authuser=0&hl=en&g_ep=EgoyMDI2MDgyNi4wIJJjKgBIAVAD&rclk=1
Meerkat Marketing,B2B marketing consultant,Ottawa ON,+1 613-617-4208,https://meerkatmarketing.ca/,info@meerkatmarketing.ca,,https://www.google.com/maps/place/Meerkat+Marketing/data=!4m7!3m6!1s0x4cce05b1c3eb46ab:0x410893d931108072!8m2!3d45.2888285!4d-75.8717215!16s%2Fg%2F11byp6321h!19sChIJq0brw7EFzkwRcoAQMdmTCEE?authuser=0&hl=en&g_ep=EgoyMDI2MDgyNi4wIJJjKgBIAVAD&rclk=1
Digitalise,B2B marketing consultant,Ottawa ON,+1 613-884-3229,https://www.digitalise.ca/,hello@digitalise.ca,,https://www.google.com/maps/place/Digitalise/data=!4m7!3m6!1s0x831cc02a53fab699:0xcb54fd9721c152a3!8m2!3d45.420453!4d-75.692777!16s%2Fg%2F11vr5z973h!19sChIJmbb6UyrAHIMRo1LBIZf9VMs?authuser=0&hl=en&g_ep=EgoyMDI2MDgyNi4wIJJjKgBIAVAD&rclk=1
Ottawa Marketing Guys Inc,B2B marketing consultant,Ottawa ON,+1 613-709-5287,http://www.ottawamarketingguys.com/,info@ottawamarketingguys.com,13,https://www.google.com/maps/place/Ottawa+Marketing+Guys+Inc/data=!4m7!3m6!1s0x4cce0697c84aedaf:0xbd8dc5e7234b1908!8m2!3d45.4098923!4d-75.7148461!16s%2Fg%2F11g8wxp9g4!19sChIJr-1KyJcGzkwRCBlLI-fFjb0?authuser=0&hl=en&g_ep=EgoyMDI2MDgyNi4wIJJjKgBIAVAD&rclk=1
McGill Buckley,B2B marketing consultant,Ottawa ON,+1 613-728-4199,http://www.mcgillbuckley.com/,ideasmatter@mcgillbuckley.com,,https://www.google.com/maps/place/McGill+Buckley/data=!4m7!3m6!1s0x4cce014a7b251023:0xdedc96fd747a3e40!8m2!3d45.3751956!4d-75.7749703!16s%2Fg%2F1vg_ch1y!19sChIJIxAle0oBzkwRQD56dP2W3N4?authuser=0&hl=en&g_ep=EgoyMDI2MDgyNi4wIJJjKgBIAVAD&rclk=1
Sunrise Education & Immigration (Sunrise Immigration),B2B consultant,Winnipeg MB,+1 204-219-9907,https://sunriseinfinite.com/,education@sunriseinfinite.com,85,https://www.google.com/maps/place/Sunrise+Education+%26+Immigration+%28Sunrise+Immigration%29/data=!4m7!3m6!1s0x52ea71c44cff505d:0x6da511927903110!8m2!3d49.9522628!4d-97.1494533!16s%2Fg%2F11r3dszmfs!19sChIJXVD_TMRx6lIREDGQJxlR2gY?authuser=0&hl=en&g_ep=EgoyMDI2MDgyNi4wIJJjKgBIAVAD&rclk=1
"Canada Immigration Consultant Business Lawyer Winnipeg Manitoba. Spousal sponsorship, work study permit, appeals, refugee",B2B consultant,Winnipeg MB,+1 204-415-1021,https://www.gotocanada.com/,info@gotocanada.com,182,"https://www.google.com/maps/place/Canada+Immigration+Consultant+Business+Lawyer+Winnipeg+Manitoba.+Spousal+sponsorship,+work+study+permit,+appeals,+refugee/data=!4m7!3m6!1s0x52ea750d5d59e019:0xbedd0af012ed63d4!8m2!3d49.8578421!4d-97.2060299!16s%2Fg%2F11c5rvqyl3!19sChIJGeBZXQ116lIR1GPtEvAK3b4?authuser=0&hl=en&g_ep=EgoyMDI2MDgyNi4wIJJjKgBIAVAD&rclk=1"
growth by liam.,B2B consultant,Winnipeg MB,,https://growthbyliam.com/,liam@growthbyliam.com,,https://www.google.com/maps/place/growth+by+liam./data=!4m7!3m6!1s0x52ea77b02766defd:0x57fe284de84afdd!8m2!3d49.9489633!4d-97.0712011!16s%2Fg%2F11frrxg8bf!19sChIJ_d5mJ7B36lIR3a-E3oTifwU?authuser=0&hl=en&g_ep=EgoyMDI2MDgyNi4wIJJjKgBIAVAD&rclk=1
UW Winnipeg,B2B consultant,Winnipeg MB,+1 204-975-7448,https://www.uwwinnipeg.ca/,hr@uwwinnipeg.ca,27,https://www.google.com/maps/place/UW+Winnipeg/data=!4m7!3m6!1s0x52ea73b620b3af59:0xb904e04f07835d0!8m2!3d49.8900846!4d-97.1461779!16s%2Fg%2F11vptfq7s6!19sChIJWa-zILZz6lIR0DV48AROkAs?authuser=0&hl=en&g_ep=EgoyMDI2MDgyNi4wIJJjKgBIAVAD&rclk=1
Harris Leadership Strategies,B2B consultant,Winnipeg MB,+1 204-942-8735,http://www.harrisleadership.com/,info@harrisleadership.com,,https://www.google.com/maps/place/Harris+Leadership+Strategies/data=!4m7!3m6!1s0x52ea73fd7002e58d:0x7b6237d0d786e9d0!8m2!3d49.857804!4d-97.2059702!16s%2Fg%2F1tgb6_vb!19sChIJjeUCcP1z6lIR0OmG19A3Yns?authuser=0&hl=en&g_ep=EgoyMDI2MDgyNi4wIJJjKgBIAVAD&rclk=1
GMK Management Consultants,B2B consultant,Winnipeg MB,+1 204-771-1267,http://www.gmkconsultants.ca/,greg@gmkconsultants.ca,,https://www.google.com/maps/place/GMK+Management+Consultants/data=!4m7!3m6!1s0x52ea70526f5a2ba7:0x411e83284cefa9c!8m2!3d49.9341501!4d-97.1032577!16s%2Fg%2F11ckvlswtj!19sChIJpytab1Jw6lIRnPrOhDLoEQQ?authuser=0&hl=en&g_ep=EgoyMDI2MDgyNi4wIJJjKgBIAVAD&rclk=1
Encore Business Solutions,B2B consultant,Winnipeg MB,+1 204-989-4330,https://www.encorebusiness.com/locations/winnipeg-mb/,encore@encorebusiness.com,,https://www.google.com/maps/place/Encore+Business+Solutions/data=!4m7!3m6!1s0x52ea7125035fb62b:0xe7f50d06a8ac72b!8m2!3d49.9021573!4d-97.097738!16s%2Fg%2F1tlbj6hp!19sChIJK7ZfAyVx6lIRK8eKatBQfw4?authuser=0&hl=en&g_ep=EgoyMDI2MDgyNi4wIJJjKgBIAVAD&rclk=1
Convergence Networks,B2B consultant,Winnipeg MB,+1 204-943-4777,https://convergencenetworks.com/winnipeg/,gofurther@convergencenetworks.com,86,https://www.google.com/maps/place/Convergence+Networks/data=!4m7!3m6!1s0x52ea71cb8861b95f:0xcd50b4de450287e4!8m2!3d49.8900242!4d-97.1469798!16s%2Fg%2F11qpw160y9!19sChIJX7lhiMtx6lIR5IcCRd60UM0?authuser=0&hl=en&g_ep=EgoyMDI2MDgyNi4wIJJjKgBIAVAD&rclk=1
TAG Business Solutions,B2B consultant,Winnipeg MB,+1 204-809-8261,https://www.tagbizsolutions.com/,hello@tagbizsolutions.com,,https://www.google.com/maps/place/TAG+Business+Solutions/data=!4m7!3m6!1s0x2feb76dc00961263:0x4f579d9234db463d!8m2!3d49.5783895!4d-97.4029066!16s%2Fg%2F11y8vgc_n6!19sChIJYxKWANx26y8RPUbbNJKdV08?authuser=0&hl=en&g_ep=EgoyMDI2MDgyNi4wIJJjKgBIAVAD&rclk=1
Avintra Labs,B2B consultant,Winnipeg MB,+1 888-814-3831,https://avintralabs.com/,hello@avintralabs.com,,https://www.google.com/maps/place/Avintra+Labs/data=!4m7!3m6!1s0x80aac9b6563f945b:0xa517971998ace588!8m2!3d51.2072!4d-121.9883!16s%2Fg%2F11zcn6r638!19sChIJW5Q_VrbJqoARiOWsmBmXF6U?authuser=0&hl=en&g_ep=EgoyMDI2MDgyNi4wIJJjKgBIAVAD&rclk=1
"Wiltshire Business Services, Inc.",B2B consultant,Winnipeg MB,+1 204-226-8272,https://www.wiltshirebusiness.ca/,info@wiltshirebusiness.ca,,"https://www.google.com/maps/place/Wiltshire+Business+Services,+Inc./data=!4m7!3m6!1s0xab76f274f61e640b:0x94582523ac35a99!8m2!3d52.4788631!4d-98.8748094!16s%2Fg%2F11zfp8b33k!19sChIJC2Qe9nTydqsRmVrDOlKCRQk?authuser=0&hl=en&g_ep=EgoyMDI2MDgyNi4wIJJjKgBIAVAD&rclk=1"
Living is Selling - Sales and Marketing Services,B2B consultant,Winnipeg MB,+1 204-955-5745,http://www.livingisselling.com/,murray@livingisselling.com,,https://www.google.com/maps/place/Living+is+Selling+-+Sales+and+Marketing+Services/data=!4m7!3m6!1s0x6b383c253a4ef0c7:0x8f033b43808f9562!8m2!3d49.8431618!4d-97.1959501!16s%2Fg%2F11rggs9hbw!19sChIJx_BOOiU8OGsRYpWPgEM7A48?authuser=0&hl=en&g_ep=EgoyMDI2MDgyNi4wIJJjKgBIAVAD&rclk=1
Catchfire Group,B2B consultant,Winnipeg MB,+1 204-918-4747,https://catchfiregroup.ca/,gary@catchfiregroup.ca,,https://www.google.com/maps/place/Catchfire+Group/data=!4m7!3m6!1s0x52ea75aab94c0001:0xd88c2ff89e733d38!8m2!3d62.6573279!4d-95.989235!16s%2Fg%2F11rwwfdwfw!19sChIJAQBMuap16lIROD1znvgvjNg?authuser=0&hl=en&g_ep=EgoyMDI2MDgyNi4wIJJjKgBIAVAD&rclk=1
Platinum Business Services,B2B consultant,Winnipeg MB,+1 204-779-4674,http://www.platinumbusiness.ca/,accounting@platinumbusiness.ca,,https://www.google.com/maps/place/Platinum+Business+Services/data=!4m7!3m6!1s0x52ea0b1bfceb2edd:0xd4dd2fd4385bae7b!8m2!3d49.8326848!4d-97.1754053!16s%2Fg%2F11htc1_h9s!19sChIJ3S7r_BsL6lIRe65bONQv3dQ?authuser=0&hl=en&g_ep=EgoyMDI2MDgyNi4wIJJjKgBIAVAD&rclk=1
Gustin Quon,B2B consultant,Winnipeg MB,+1 204-808-9726,https://gustinquon.com/,sales@gustinquon.com,70,https://www.google.com/maps/place/Gustin+Quon/data=!4m7!3m6!1s0x52ea0cec20b3ede7:0xd3bc1f4b39589b66!8m2!3d49.8252653!4d-97.1688326!16s%2Fg%2F12hm7yd7p!19sChIJ5-2zIOwM6lIRZptYOUsfvNM?authuser=0&hl=en&g_ep=EgoyMDI2MDgyNi4wIJJjKgBIAVAD&rclk=1
Tech Manitoba,B2B consultant,Winnipeg MB,+1 431-668-9799,https://techmanitoba.ca/,431-668-9799admin@techmanitoba.ca,,https://www.google.com/maps/place/Tech+Manitoba/data=!4m7!3m6!1s0x52e4d25ccc5a6723:0xf217a59c524d71c8!8m2!3d49.8975819!4d-97.1383199!16s%2Fg%2F11rfmf2v2l!19sChIJI2dazFzS5FIRyHFNUpylF_I?authuser=0&hl=en&g_ep=EgoyMDI2MDgyNi4wIJJjKgBIAVAD&rclk=1
Cornerstone International,B2B consultant,Winnipeg MB,+1 204-800-3485,http://www.cfgcanada.com/,payments@cfgcanada.com,,https://www.google.com/maps/place/Cornerstone+International/data=!4m7!3m6!1s0xfa3648371fd70e5:0xc41bfe49760c7460!8m2!3d62.6573279!4d-95.989235!16s%2Fg%2F11kpxsc9vl!19sChIJ5XD9cYNkow8RYHQMdkn-G8Q?authuser=0&hl=en&g_ep=EgoyMDI2MDgyNi4wIJJjKgBIAVAD&rclk=1
MKL Business Consulting,B2B consultant,Winnipeg MB,+1 204-218-0936,http://www.mklbusinessconsulting.com/,info@mklbusinessconsulting.com,,https://www.google.com/maps/place/MKL+Business+Consulting/data=!4m7!3m6!1s0x6a0b82da039936b9:0x9b2a9af93897888a!8m2!3d41.6161004!4d-101.17042!16s%2Fg%2F11vyq8ff5p!19sChIJuTaZA9qCC2oRioiXOPmaKps?authuser=0&hl=en&g_ep=EgoyMDI2MDgyNi4wIJJjKgBIAVAD&rclk=1
WINSUN GROUP INC.,business consulting firm,Winnipeg MB,+1 431-777-5668,http://www.winsungroup.ca/,info@winsungroup.ca,,https://www.google.com/maps/place/WINSUN+GROUP+INC./data=!4m7!3m6!1s0x52ea0be7eaba91b3:0x3f1be5023af15dce!8m2!3d49.8896278!4d-97.1440715!16s%2Fg%2F11j33ls64_!19sChIJs5G66ucL6lIRzl3xOgLlGz8?authuser=0&hl=en&g_ep=EgoyMDI2MDgyNi4wIJJjKgBIAVAD&rclk=1
Praxis Consulting,business consulting firm,Winnipeg MB,+1 204-477-5985,https://praxisconsulting.ca/,pritisha@mts.net,17,https://www.google.com/maps/place/Praxis+Consulting/data=!4m7!3m6!1s0x52ea7463b4f2afb1:0x98c46902a3dcc465!8m2!3d49.8644259!4d-97.1888147!16s%2Fg%2F1tnsrl6l!19sChIJsa_ytGN06lIRZcTcowJpxJg?authuser=0&hl=en&g_ep=EgoyMDI2MDgyNi4wIJJjKgBIAVAD&rclk=1
THE WOA CONSULTING GROUP LTD,business consulting firm,Winnipeg MB,+1 204-453-2111,http://www.woaconsultinggroup.com/,info@woaconsultinggroup.com,,https://www.google.com/maps/place/THE+WOA+CONSULTING+GROUP+LTD/data=!4m7!3m6!1s0x52ea75f03f985029:0x727f7469b25d9d55!8m2!3d49.8398787!4d-97.1528505!16s%2Fg%2F11qr4wqdzz!19sChIJKVCYP_B16lIRVZ1dsml0f3I?authuser=0&hl=en&g_ep=EgoyMDI2MDgyNi4wIJJjKgBIAVAD&rclk=1
Alignex Consulting - Operations Consulting for Small Business,business consulting firm,Winnipeg MB,+1 431-337-5185,http://www.alignex.ca/,letschat@alignex.ca,,https://www.google.com/maps/place/Alignex+Consulting+-+Operations+Consulting+for+Small+Business/data=!4m7!3m6!1s0xbbb34aae1c57639:0xbbbd2289ebc613ab!8m2!3d49.8714678!4d-97.1595596!16s%2Fg%2F11sjmhbk5d!19sChIJOXbF4ao0uwsRqxPG64kivbs?authuser=0&hl=en&g_ep=EgoyMDI2MDgyNi4wIJJjKgBIAVAD&rclk=1
Masaryk & Company Inc.,business consulting firm,Winnipeg MB,,http://www.masaryk.co/,info@masarykco.com,,https://www.google.com/maps/place/Masaryk+%26+Company+Inc./data=!4m7!3m6!1s0x52ea715cb175d0af:0xdf1d42815e64ba66!8m2!3d49.8902374!4d-97.142649!16s%2Fg%2F11c37nw714!19sChIJr9B1sVxx6lIRZrpkXoFCHd8?authuser=0&hl=en&g_ep=EgoyMDI2MDgyNi4wIJJjKgBIAVAD&rclk=1
Norima Consulting,business consulting firm,Winnipeg MB,+1 204-272-7170,http://www.norimaconsulting.com/,david.kuik@norimaconsulting.com,16,https://www.google.com/maps/place/Norima+Consulting/data=!4m7!3m6!1s0x52ea715ba8b6c331:0x4a57adaeb0b2726b!8m2!3d49.8948036!4d-97.1392784!16s%2Fg%2F11btrrdvdk!19sChIJMcO2qFtx6lIRa3KysK6tV0o?authuser=0&hl=en&g_ep=EgoyMDI2MDgyNi4wIJJjKgBIAVAD&rclk=1
StratHR Solutions Inc.,business consulting firm,Winnipeg MB,+1 866-340-3790,http://www.strathrsolutions.com/,info@strathrsolutions.ca,73,https://www.google.com/maps/place/StratHR+Solutions+Inc./data=!4m7!3m6!1s0x52ea715b5d9bbf53:0x6eed415f8343c06!8m2!3d49.8860216!4d-97.1411174!16s%2Fg%2F11qgsg4546!19sChIJU7-bXVtx6lIRBjw0-BXU7gY?authuser=0&hl=en&g_ep=EgoyMDI2MDgyNi4wIJJjKgBIAVAD&rclk=1
NH Consultants,business consulting firm,Winnipeg MB,+1 431-688-4063,http://www.nhconsultants.ca/,info@nhconsultants.ie,30,https://www.google.com/maps/place/NH+Consultants/data=!4m7!3m6!1s0x52ea7735bc44245f:0x31086a1cc478ca86!8m2!3d49.8783349!4d-97.1421767!16s%2Fg%2F11r2bxgg4l!19sChIJXyREvDV36lIRhsp4xBxqCDE?authuser=0&hl=en&g_ep=EgoyMDI2MDgyNi4wIJJjKgBIAVAD&rclk=1
Persevia Consulting,business consulting firm,Winnipeg MB,+1 431-699-0061,https://perseviaconsulting.ca/,hr@perseviaconsulting.ca,11,https://www.google.com/maps/place/Persevia+Consulting/data=!4m7!3m6!1s0x52ea7183d8c47dc1:0x12e1deb6236fe5a6!8m2!3d49.891238!4d-97.149139!16s%2Fg%2F11mlx6pmdg!19sChIJwX3E2INx6lIRpuVvI7be4RI?authuser=0&hl=en&g_ep=EgoyMDI2MDgyNi4wIJJjKgBIAVAD&rclk=1
CGI,business consulting firm,Winnipeg MB,+1 800-668-7722,https://www.cgi.com/en,info@cgi.com,35,https://www.google.com/maps/place/CGI/data=!4m7!3m6!1s0x52ea71435e3b5831:0xc72af215d9455fbe!8m2!3d49.897359!4d-97.134664!16s%2Fg%2F1tq4qrc_!19sChIJMVg7XkNx6lIRvl9F2RXyKsc?authuser=0&hl=en&g_ep=EgoyMDI2MDgyNi4wIJJjKgBIAVAD&rclk=1
CM Indigenous Consulting Ltd.,business consulting firm,Winnipeg MB,+1 204-560-5246,http://www.cminiconsulting.ca/,info@cminiconsulting.ca,,https://www.google.com/maps/place/CM+Indigenous+Consulting+Ltd./data=!4m7!3m6!1s0x52ea718fc7f9acab:0xf421ca56eebe7e6b!8m2!3d49.8897098!4d-97.1423565!16s%2Fg%2F11p_7nygyd!19sChIJq6z5x49x6lIRa36-7lbKIfQ?authuser=0&hl=en&g_ep=EgoyMDI2MDgyNi4wIJJjKgBIAVAD&rclk=1
TLS Enterprises Ltd,business consulting firm,Winnipeg MB,+1 204-962-3305,https://www.tlsenterprises.ca/,info@tlsenterprises.ca,,https://www.google.com/maps/place/TLS+Enterprises+Ltd/data=!4m7!3m6!1s0x52ea76bcf2640001:0x93935a4262ed99f3!8m2!3d49.8651929!4d-97.1240507!16s%2Fg%2F11qbcvl7hj!19sChIJAQBk8rx26lIR85ntYkJak5M?authuser=0&hl=en&g_ep=EgoyMDI2MDgyNi4wIJJjKgBIAVAD&rclk=1
Jericho Consulting,business consulting firm,Winnipeg MB,+1 431-244-0270,https://jerichoconsulting.ca/,impallari@gmail.com,,https://www.google.com/maps/place/Jericho+Consulting/data=!4m7!3m6!1s0x52ea76c43b400001:0xac881afecefbf113!8m2!3d49.8741306!4d-97.1421225!16s%2Fg%2F11pkk6rvpq!19sChIJAQBAO8R26lIRE_H7zv4aiKw?authuser=0&hl=en&g_ep=EgoyMDI2MDgyNi4wIJJjKgBIAVAD&rclk=1
Ellement Consulting Group,business consulting firm,Winnipeg MB,+1 204-954-7300,http://www.ellement.ca/,contact.us@ellement.ca,15,https://www.google.com/maps/place/Ellement+Consulting+Group/data=!4m7!3m6!1s0x52ea730b8b0a03c7:0xb721ced27fc4918a!8m2!3d49.8516645!4d-97.1773143!16s%2Fg%2F1tnmrcsf!19sChIJxwMKiwtz6lIRipHEf9LOIbc?authuser=0&hl=en&g_ep=EgoyMDI2MDgyNi4wIJJjKgBIAVAD&rclk=1
Harack Consulting,business consulting firm,Winnipeg MB,+1 204-488-4163,http://harack.ca/,careers@harack.ca,,https://www.google.com/maps/place/Harack+Consulting/data=!4m7!3m6!1s0x52ea741c24a55555:0xc27b8b8ce1bcdb0b!8m2!3d49.8285467!4d-97.1806377!16s%2Fg%2F11fkcnnkj0!19sChIJVVWlJBx06lIRC9u84YyLe8I?authuser=0&hl=en&g_ep=EgoyMDI2MDgyNi4wIJJjKgBIAVAD&rclk=1
Consultica Software Services,business consulting firm,Winnipeg MB,+1 825-449-6939,http://www.consulti.ca/,apps@consulti.ca,,https://www.google.com/maps/place/Consultica+Software+Services/data=!4m7!3m6!1s0x52ea715e91b8511d:0xa0a4cafd8b2332dc!8m2!3d49.8984346!4d-97.1440716!16s%2Fg%2F11b7rnc9_s!19sChIJHVG4kV5x6lIR3DIji_3KpKA?authuser=0&hl=en&g_ep=EgoyMDI2MDgyNi4wIJJjKgBIAVAD&rclk=1
KWB Chartered Professional Accountants Inc.,business consulting firm,Winnipeg MB,+1 204-982-3878,http://www.kwb.ca/,contact@sansoxygen.com,,https://www.google.com/maps/place/KWB+Chartered+Professional+Accountants+Inc./data=!4m7!3m6!1s0x52ea7150fb0a86d5:0x14396d58f55e2137!8m2!3d49.8462985!4d-97.1526566!16s%2Fg%2F1wn339zk!19sChIJ1YYK-1Bx6lIRNyFe9VhtORQ?authuser=0&hl=en&g_ep=EgoyMDI2MDgyNi4wIJJjKgBIAVAD&rclk=1
JMT Consultants Inc.,business consulting firm,Winnipeg MB,+1 888-781-8952,https://jmtconsultants.com/,mail@jmtconsultants.com,,https://www.google.com/maps/place/JMT+Consultants+Inc./data=!4m7!3m6!1s0x4ca7b4d837e9c253:0xd69449a5b9efce83!8m2!3d49.8815895!4d-97.116028!16s%2Fg%2F11cn2mkrk5!19sChIJU8LpN9i0p0wRg87vuaVJlNY?authuser=0&hl=en&g_ep=EgoyMDI2MDgyNi4wIJJjKgBIAVAD&rclk=1
Resolve Group Inc.,management consulting,Winnipeg MB,+1 204-594-1430,https://www.resolvegroup.ca/,info@resolvegroup.com,,https://www.google.com/maps/place/Resolve+Group+Inc./data=!4m7!3m6!1s0x52ea76acae62aa5b:0xfff77946df8ee09e!8m2!3d49.8692192!4d-97.159186!16s%2Fg%2F1pyqrp880!19sChIJW6pirqx26lIRnuCO30Z59_8?authuser=0&hl=en&g_ep=EgoyMDI2MDgyNi4wIJJjKgBIAVAD&rclk=1
Trans Canada Wealth Management,management consulting,Winnipeg MB,+1 204-256-5555,https://transcanadawealthmanagement.com/,kanseeuw@harbourfrontwealth.com,83,https://www.google.com/maps/place/Trans+Canada+Wealth+Management/data=!4m7!3m6!1s0x52ea770d49b8c303:0xa4aac98db3252b91!8m2!3d49.8559121!4d-97.1535816!16s%2Fg%2F11jkpgk4l2!19sChIJA8O4SQ136lIRkSsls43JqqQ?authuser=0&hl=en&g_ep=EgoyMDI2MDgyNi4wIJJjKgBIAVAD&rclk=1
Hyde Management,management consulting,Winnipeg MB,+1 204-987-7703,http://hydemanagement.ca/,robert.hyde@manulifesecurities.ca,,https://www.google.com/maps/place/Hyde+Management/data=!4m7!3m6!1s0x52ea741ea3f00001:0xaa36c924936f3706!8m2!3d49.8651327!4d-97.1461018!16s%2Fg%2F11n7d1fy7j!19sChIJAQDwox506lIRBjdvkyTJNqo?authuser=0&hl=en&g_ep=EgoyMDI2MDgyNi4wIJJjKgBIAVAD&rclk=1
Business Valuations Winnipeg - Business Plans - Acadia Hill Capital Advisors,management consulting,Winnipeg MB,+1 204-951-4751,https://acadiahill.com/,info@acadiahill.com,,https://www.google.com/maps/place/Business+Valuations+Winnipeg+-+Business+Plans+-+Acadia+Hill+Capital+Advisors/data=!4m7!3m6!1s0x81f6b6a0b1d99e1:0xce4de83af0fe7b34!8m2!3d49.8252385!4d-97.1690497!16s%2Fg%2F11t_zrspw7!19sChIJ4ZkdC2prHwgRNHv-8DroTc4?authuser=0&hl=en&g_ep=EgoyMDI2MDgyNi4wIJJjKgBIAVAD&rclk=1
HLC Consulting Ltd.,management consulting,Winnipeg MB,+1 204-793-9762,https://www.hlcconsultingltd.ca/,info@hlcconsultingltd.ca,,https://www.google.com/maps/place/HLC+Consulting+Ltd./data=!4m7!3m6!1s0x52ea75cb002b46a9:0x5a44edf547501717!8m2!3d49.8717206!4d-97.113935!16s%2Fg%2F11nmd7bhdx!19sChIJqUYrAMt16lIRFxdQR_XtRFo?authuser=0&hl=en&g_ep=EgoyMDI2MDgyNi4wIJJjKgBIAVAD&rclk=1
Best Job Marketing and Sales,B2B sales consultant,Winnipeg MB,+1 204-914-2309,https://bestjobmarketing.com/,terry@bestjobmarketing.com,10,https://www.google.com/maps/place/Best+Job+Marketing+and+Sales/data=!4m7!3m6!1s0x820ef426fc731631:0x3a49a0a7c4637a65!8m2!3d49.8537806!4d-97.1528398!16s%2Fg%2F11vsp_6l8d!19sChIJMRZz_Cb0DoIRZXpjxKegSTo?authuser=0&hl=en&g_ep=EgoyMDI2MDgyNi4wIJJjKgBIAVAD&rclk=1
chbusinessbrokers,B2B sales consultant,Winnipeg MB,+1 204-230-2990,http://chbusinessbrokers.ca/,ruby@chbusinessbrokers.ca,,https://www.google.com/maps/place/chbusinessbrokers/data=!4m7!3m6!1s0x52ea76a9c638760f:0xc985532f770a5562!8m2!3d49.8741306!4d-97.1421225!16s%2Fg%2F11w98zt521!19sChIJD3Y4xql26lIRYlUKdy9Thck?authuser=0&hl=en&g_ep=EgoyMDI2MDgyNi4wIJJjKgBIAVAD&rclk=1
BRD | Winnipeg Social Media + Marketing Agency | Brand Revival & Design Inc.,B2B sales consultant,Winnipeg MB,,http://www.brdagency.ca/,hello@brdagency.ca,17,https://www.google.com/maps/place/BRD+%7C+Winnipeg+Social+Media+%2B+Marketing+Agency+%7C+Brand+Revival+%26+Design+Inc./data=!4m7!3m6!1s0x52ea7251f9e9d8b9:0xe6d0ea2523873a9e!8m2!3d49.8598987!4d-97.2325122!16s%2Fg%2F11g9dgkp66!19sChIJudjp-VFy6lIRnjqHIyXq0OY?authuser=0&hl=en&g_ep=EgoyMDI2MDgyNi4wIJJjKgBIAVAD&rclk=1
WSI Digital Marketing Winnipeg,B2B sales consultant,Winnipeg MB,+1 204-294-9974,https://www.whywsi.com/,rklenke@whywsi.com,,https://www.google.com/maps/place/WSI+Digital+Marketing+Winnipeg/data=!4m7!3m6!1s0x52ea75cc3e52c79b:0xc607c011b0c9fa6d!8m2!3d49.8322442!4d-97.2009181!16s%2Fg%2F1tq8j665!19sChIJm8dSPsx16lIRbfrJsBHAB8Y?authuser=0&hl=en&g_ep=EgoyMDI2MDgyNi4wIJJjKgBIAVAD&rclk=1
B9 Solution,B2B sales consultant,Winnipeg MB,+1 431-388-9989,https://b9solution.com/,sales@b9solution.com,12,https://www.google.com/maps/place/B9+Solution/data=!4m7!3m6!1s0x82bd8ba8dc6f8e9b:0x2ba87bb2046a861d!8m2!3d48.3855628!4d-96.3897042!16s%2Fg%2F11vjgc1dms!19sChIJm45v3KiLvYIRHYZqBLJ7qCs?authuser=0&hl=en&g_ep=EgoyMDI2MDgyNi4wIJJjKgBIAVAD&rclk=1
BeaverNetwork,B2B sales consultant,Winnipeg MB,+1 204-588-8781,http://finance.beavernetwork.com/,yukarimartinez@crius.ca,,https://www.google.com/maps/place/BeaverNetwork/data=!4m7!3m6!1s0x28c15f28525c6c55:0x939f6ae4c0c2814b!8m2!3d62.6573279!4d-95.989235!16s%2Fg%2F11p5n7zryw!19sChIJVWxcUihfwSgRS4HCwORqn5M?authuser=0&hl=en&g_ep=EgoyMDI2MDgyNi4wIJJjKgBIAVAD&rclk=1
UpHouse,B2B marketing consultant,Winnipeg MB,+1 431-478-1473,https://uphouseinc.com/,info@uphouseinc.com,32,https://www.google.com/maps/place/UpHouse/data=!4m7!3m6!1s0x52ea715c0ed58ce1:0x577f2a06adeaa770!8m2!3d49.8970415!4d-97.1414582!16s%2Fg%2F11f08ynrpx!19sChIJ4YzVDlxx6lIRcKfqrQYqf1c?authuser=0&hl=en&g_ep=EgoyMDI2MDgyNi4wIJJjKgBIAVAD&rclk=1
Starling Social Inc.,B2B marketing consultant,Winnipeg MB,+1 204-355-8765,https://www.starling.social/,info@starling.social,20,https://www.google.com/maps/place/Starling+Social+Inc./data=!4m7!3m6!1s0x52ea73a25e69d41f:0x7a4b656868412e0a!8m2!3d49.8811861!4d-97.1715274!16s%2Fg%2F11gm8bn1kh!19sChIJH9RpXqJz6lIRCi5BaGhlS3o?authuser=0&hl=en&g_ep=EgoyMDI2MDgyNi4wIJJjKgBIAVAD&rclk=1
MAD Social Agency,B2B marketing consultant,Winnipeg MB,+1 204-770-4453,http://www.madsocialagency.com/,hello@madsocialagency.com,120,https://www.google.com/maps/place/MAD+Social+Agency/data=!4m7!3m6!1s0x52c1c56bf0e93445:0xc1c92a259883f9e6!8m2!3d49.8972153!4d-97.1412627!16s%2Fg%2F11jyfhh3tm!19sChIJRTTp8GvFwVIR5vmDmCUqycE?authuser=0&hl=en&g_ep=EgoyMDI2MDgyNi4wIJJjKgBIAVAD&rclk=1
Dubyts Communications,B2B marketing consultant,Winnipeg MB,+1 204-475-3307,http://www.dubytscom.com/,info@dubytscom.com,16,https://www.google.com/maps/place/Dubyts+Communications/data=!4m7!3m6!1s0x52ea7402c6e8960b:0x6e1bed6403a45c33!8m2!3d49.8715578!4d-97.1444872!16s%2Fg%2F1tlzzv8c!19sChIJC5boxgJ06lIRM1ykA2TtG24?authuser=0&hl=en&g_ep=EgoyMDI2MDgyNi4wIJJjKgBIAVAD&rclk=1
First Rank SEO,B2B marketing consultant,Winnipeg MB,+1 204-272-7265,http://firstrank.ca/?utm_source=google&utm_medium=organic&utm_term=gbp-listing,sales@firstrank.ca,80,https://www.google.com/maps/place/First+Rank+SEO/data=!4m7!3m6!1s0x52ea0b50f5d6d0eb:0x56f908f4539ac022!8m2!3d49.8980177!4d-97.1429024!16s%2Fg%2F11b6gncf1_!19sChIJ69DW9VAL6lIRIsCaU_QI-VY?authuser=0&hl=en&g_ep=EgoyMDI2MDgyNi4wIJJjKgBIAVAD&rclk=1
亿度传媒 IDO Media and Print LTD.,B2B marketing consultant,Winnipeg MB,+1 204-221-5703,http://www.idomedia.ca/,info@idomedia.ca,51,https://www.google.com/maps/place/%E4%BA%BF%E5%BA%A6%E4%BC%A0%E5%AA%92+IDO+Media+and+Print+LTD./data=!4m7!3m6!1s0x52ea75cc40be510d:0x1966e5e5815e8c57!8m2!3d49.8245114!4d-97.1800928!16s%2Fg%2F12hlnx82s!19sChIJDVG-QMx16lIRV4xegeXlZhk?authuser=0&hl=en&g_ep=EgoyMDI2MDgyNi4wIJJjKgBIAVAD&rclk=1
Bestjobmarketing and Sales,B2B marketing consultant,Winnipeg MB,+1 204-914-2309,https://bestjobmarketing.com/,terry@bestjobmarketing.com,,https://www.google.com/maps/place/Bestjobmarketing+and+Sales/data=!4m7!3m6!1s0x52ea77d442365f5b:0x7c4e5511844e5a85!8m2!3d49.8615015!4d-97.1046425!16s%2Fg%2F11qn0sjrc3!19sChIJW182QtR36lIRhVpOhBFVTnw?authuser=0&hl=en&g_ep=EgoyMDI2MDgyNi4wIJJjKgBIAVAD&rclk=1
Metric Marketing,B2B marketing consultant,Winnipeg MB,+1 204-889-1906,https://metricmarketing.ca/,info@metricmarketing.ca,12,https://www.google.com/maps/place/Metric+Marketing/data=!4m7!3m6!1s0x52ea715a35d2d6e5:0x521746b88939d072!8m2!3d49.8938603!4d-97.1404696!16s%2Fg%2F1q6jyvrdk!19sChIJ5dbSNVpx6lIRctA5ibhGF1I?authuser=0&hl=en&g_ep=EgoyMDI2MDgyNi4wIJJjKgBIAVAD&rclk=1
MidasClick Digital Marketing Agency Winnipeg,B2B marketing consultant,Winnipeg MB,+1 431-688-6220,https://www.midasclick.ca/,gireesh.socialmedia@gmail.com,,https://www.google.com/maps/place/MidasClick+Digital+Marketing+Agency+Winnipeg/data=!4m7!3m6!1s0x52ea710ee1e7ec41:0xb7763bfdc335db65!8m2!3d49.8964974!4d-97.1376445!16s%2Fg%2F11rl9yb9_r!19sChIJQezn4Q5x6lIRZds1w_07drc?authuser=0&hl=en&g_ep=EgoyMDI2MDgyNi4wIJJjKgBIAVAD&rclk=1
5-starreputation,B2B marketing consultant,Winnipeg MB,+1 204-914-2309,https://5-starreputation.com/,terry@5-starreputation.com,12,https://www.google.com/maps/place/5-starreputation/data=!4m7!3m6!1s0x52ea77e298186b4b:0x4fb8cf794b450213!8m2!3d49.8615015!4d-97.1046437!16s%2Fg%2F11vqj86_hf!19sChIJS2sYmOJ36lIREwJFS3nPuE8?authuser=0&hl=en&g_ep=EgoyMDI2MDgyNi4wIJJjKgBIAVAD&rclk=1
Unite Interactive | Web Design and Digital Marketing,B2B marketing consultant,Winnipeg MB,+1 204-255-5062,https://www.uniteinteractive.com/,info@uniteinteractive.com,28,https://www.google.com/maps/place/Unite+Interactive+%7C+Web+Design+and+Digital+Marketing/data=!4m7!3m6!1s0x52ea715c74c6c9fb:0xe1d90bfbedfd513c!8m2!3d49.8969203!4d-97.1409767!16s%2Fg%2F1thp7nbj!19sChIJ-8nGdFxx6lIRPFH97fsL2eE?authuser=0&hl=en&g_ep=EgoyMDI2MDgyNi4wIJJjKgBIAVAD&rclk=1
Sabourin Web & Media,B2B marketing consultant,Winnipeg MB,+1 204-295-8352,https://webandmedia.ca/,info@webandmedia.ca,,https://www.google.com/maps/place/Sabourin+Web+%26+Media/data=!4m7!3m6!1s0x52ea716c8df5a4c1:0x4d5c74380cfc012c!8m2!3d49.8761283!4d-97.1429297!16s%2Fg%2F11fm6f_lg7!19sChIJwaT1jWxx6lIRLAH8DDh0XE0?authuser=0&hl=en&g_ep=EgoyMDI2MDgyNi4wIJJjKgBIAVAD&rclk=1
Mondo Marketing,B2B marketing consultant,Winnipeg MB,+1 204-955-6778,https://mondomarketing.ca/,info@mondomarketing.ca,,https://www.google.com/maps/place/Mondo+Marketing/data=!4m7!3m6!1s0x52ea741ca4a28293:0x9c41bcf68e67d894!8m2!3d49.8965529!4d-97.136573!16s%2Fg%2F11cmn5nq4d!19sChIJk4KipBx06lIRlNhnjva8QZw?authuser=0&hl=en&g_ep=EgoyMDI2MDgyNi4wIJJjKgBIAVAD&rclk=1
TRIBBUTE,B2B marketing consultant,Winnipeg MB,+1 888-692-7101,https://www.tribbute.com/,info@tribbute.com,,https://www.google.com/maps/place/TRIBBUTE/data=!4m7!3m6!1s0x52ea740523e8ba2d:0xc8bfde01518770be!8m2!3d49.8965529!4d-97.136573!16s%2Fg%2F11bwh59g_z!19sChIJLbroIwV06lIRvnCHUQHev8g?authuser=0&hl=en&g_ep=EgoyMDI2MDgyNi4wIJJjKgBIAVAD&rclk=1
Hello Digital Marketing,B2B marketing consultant,Winnipeg MB,+1 204-505-0380,https://www.hellodigital.marketing/,hey@hellodigital.marketing,13,https://www.google.com/maps/place/Hello+Digital+Marketing/data=!4m7!3m6!1s0x52ea737c2c4c4b5d:0xeaa005941318395e!8m2!3d49.810381!4d-97.233585!16s%2Fg%2F1pp2vcvsw!19sChIJXUtMLHxz6lIRXjkYE5QFoOo?authuser=0&hl=en&g_ep=EgoyMDI2MDgyNi4wIJJjKgBIAVAD&rclk=1
OfficeSmarts Web Design & Online Marketing,B2B marketing consultant,Winnipeg MB,+1 204-254-5136,https://officesmarts.ca/,info@officesmarts.ca,26,https://www.google.com/maps/place/OfficeSmarts+Web+Design+%26+Online+Marketing/data=!4m7!3m6!1s0x52ea743165b5a7d1:0xce0dd15fd35638cf!8m2!3d49.8433439!4d-97.1528952!16s%2Fg%2F1pp2tjlg6!19sChIJ0ae1ZTF06lIRzzhW01_RDc4?authuser=0&hl=en&g_ep=EgoyMDI2MDgyNi4wIJJjKgBIAVAD&rclk=1
BMB Consultants,B2B consultant,Quebec City QC,+1 418-572-8744,http://www.bmbconsultants.ca/,maxime.boulay-grenier@bmbconsultants.ca,,https://www.google.com/maps/place/BMB+Consultants/data=!4m7!3m6!1s0x4cb897c2b01cd815:0x5ba9f02a159cccaf!8m2!3d46.8013232!4d-71.3361044!16s%2Fg%2F11gmf7gx6m!19sChIJFdgcsMKXuEwRr8ycFSrwqVs?authuser=0&hl=en&g_ep=EgoyMDI2MDgyNi4wIJJjKgBIAVAD&rclk=1
Vignola | Consultant en stratégies d'affaires,B2B consultant,Quebec City QC,+1 418-380-5255,https://vignolastrategies.com/,eric@vignolastrategies.com,,https://www.google.com/maps/place/Vignola+%7C+Consultant+en+strat%C3%A9gies+d%27affaires/data=!4m7!3m6!1s0x4cb896755ea17c3f:0x52ccddc5c261ec6!8m2!3d46.8160922!4d-71.2133108!16s%2Fg%2F1q5bv0qfp!19sChIJP3yhXnWWuEwRxh4mXNzNLAU?authuser=0&hl=en&g_ep=EgoyMDI2MDgyNi4wIJJjKgBIAVAD&rclk=1
Idexia,B2B consultant,Quebec City QC,+1 877-880-8771,https://www.idexia.com/,info@idexia.com,,https://www.google.com/maps/place/Idexia/data=!4m7!3m6!1s0x4cb8975e49a79669:0xcf0c9983b8cccab6!8m2!3d46.8344743!4d-71.2977661!16s%2Fg%2F11x6gt5j79!19sChIJaZanSV6XuEwRtsrMuIOZDM8?authuser=0&hl=en&g_ep=EgoyMDI2MDgyNi4wIJJjKgBIAVAD&rclk=1
freelance.ca,B2B consultant,Quebec City QC,+1 418-580-3338,https://freelance.ca/en-ca/,info@freelance.ca,12,https://www.google.com/maps/place/freelance.ca/data=!4m7!3m6!1s0x4cb897b269b71d37:0x5c335fd98f4fa561!8m2!3d46.8117363!4d-71.2288667!16s%2Fg%2F11sv5b7rnb!19sChIJNx23abKXuEwRYaVPj9lfM1w?authuser=0&hl=en&g_ep=EgoyMDI2MDgyNi4wIJJjKgBIAVAD&rclk=1
GB2C,B2B consultant,Quebec City QC,+1 418-576-2472,https://www.gb2c.ca/,info@gb2c.ca,11,https://www.google.com/maps/place/GB2C/data=!4m7!3m6!1s0x4cb89728449138ad:0xd15dbb8a8fc5158c!8m2!3d46.8132811!4d-71.2048943!16s%2Fg%2F11m_tvq3fy!19sChIJrTiRRCiXuEwRjBXFj4q7XdE?authuser=0&hl=en&g_ep=EgoyMDI2MDgyNi4wIJJjKgBIAVAD&rclk=1
Québec International,B2B consultant,Quebec City QC,+1 418-681-9700,https://www.quebecinternational.ca/,info@quebecinternational.ca,,https://www.google.com/maps/place/Qu%C3%A9bec+International/data=!4m7!3m6!1s0x4cb8912e82ad067f:0xf1064f620c039d2c!8m2!3d46.7691829!4d-71.3028965!16s%2Fg%2F1q5bn9v3w!19sChIJfwatgi6RuEwRLJ0DDGJPBvE?authuser=0&hl=en&g_ep=EgoyMDI2MDgyNi4wIJJjKgBIAVAD&rclk=1
BOOST Groupe conseil inc.,B2B consultant,Quebec City QC,+1 877-652-1757,http://www.boost.ca/,info@boost.ca,22,https://www.google.com/maps/place/BOOST+Groupe+conseil+inc./data=!4m7!3m6!1s0x4cb8bdc9a1ea0437:0x9b375bec32a1a333!8m2!3d46.7731265!4d-71.29695!16s%2Fg%2F11xkmg4pr!19sChIJNwTqocm9uEwRM6OhMuxbN5s?authuser=0&hl=en&g_ep=EgoyMDI2MDgyNi4wIJJjKgBIAVAD&rclk=1
"Prospecto - Agence de prospection téléphonique & Outsourcing BPO, Victoriaville",B2B consultant,Quebec City QC,+1 866-885-5750,https://www.prospecto.ca/,info@prospecto.ca,34,"https://www.google.com/maps/place/Prospecto+-+Agence+de+prospection+t%C3%A9l%C3%A9phonique+%26+Outsourcing+BPO,+Victoriaville/data=!4m7!3m6!1s0x4cb80196aa55a92f:0x15dd5ae9aeaa4447!8m2!3d46.0713073!4d-71.9645273!16s%2Fg%2F11fkmkmxff!19sChIJL6lVqpYBuEwRR0Sqrula3RU?authuser=0&hl=en&g_ep=EgoyMDI2MDgyNi4wIJJjKgBIAVAD&rclk=1"
LaVitrine | Achat et Vente d'entreprises,B2B consultant,Quebec City QC,+1 581-705-3578,https://lavitrine.biz/,info@lavitrine.biz,,https://www.google.com/maps/place/LaVitrine+%7C+Achat+et+Vente+d%27entreprises/data=!4m7!3m6!1s0x4cb8977a2253cb89:0xf0e18b2738af3f9b!8m2!3d46.830802!4d-71.2831664!16s%2Fg%2F11fmy12v9_!19sChIJictTInqXuEwRmz-vOCeL4fA?authuser=0&hl=en&g_ep=EgoyMDI2MDgyNi4wIJJjKgBIAVAD&rclk=1
Tibbi Telemed,B2B consultant,Quebec City QC,,https://tibbitelemed.com/,customerservice@tibbitelemed.com,,https://www.google.com/maps/place/Tibbi+Telemed/data=!4m7!3m6!1s0xa3a8c369b4f5addf:0xc85165a59556a81a!8m2!3d53.894933!4d-42.4645551!16s%2Fg%2F11mcm9vlly!19sChIJ3631tGnDqKMRGqhWlaVlUcg?authuser=0&hl=en&g_ep=EgoyMDI2MDgyNi4wIJJjKgBIAVAD&rclk=1
Lostra,B2B consultant,Quebec City QC,+1 819-277-1808,https://www.lostra.ca/,info@lostra.ca,,https://www.google.com/maps/place/Lostra/data=!4m7!3m6!1s0x898d3e110223bb15:0xbe9241b2a1de5cf6!8m2!3d46.857142!4d-71.3449154!16s%2Fg%2F11yd7bvt44!19sChIJFbsjAhE-jYkR9lzeobJBkr4?authuser=0&hl=en&g_ep=EgoyMDI2MDgyNi4wIJJjKgBIAVAD&rclk=1
Halifax Consulting North America (Celsius Solutions),business consulting firm,Quebec City QC,+1 855-501-3579,https://quebec.halifax-consulting.com/,northam@halifax-consulting.com,,https://www.google.com/maps/place/Halifax+Consulting+North+America+%28Celsius+Solutions%29/data=!4m7!3m6!1s0x4cb891ab6aba6297:0xe81a4bd81ddf8c3!8m2!3d46.8017189!4d-71.2448403!16s%2Fg%2F11gjgthsl9!19sChIJl2K6aquRuEwRw_jdgb2kgQ4?authuser=0&hl=en&g_ep=EgoyMDI2MDgyNi4wIJJjKgBIAVAD&rclk=1
we+ consultants – Québec,business consulting firm,Quebec City QC,+1 418-647-0006,https://we-plus.ca/,info@we-plus.ca,19,https://www.google.com/maps/place/we%2B+consultants+%E2%80%93+Qu%C3%A9bec/data=!4m7!3m6!1s0x4cb89671303fff93:0xa7f42232ec1fd809!8m2!3d46.812042!4d-71.2239907!16s%2Fg%2F1tfgjf0h!19sChIJk_8_MHGWuEwRCdgf7DIi9Kc?authuser=0&hl=en&g_ep=EgoyMDI2MDgyNi4wIJJjKgBIAVAD&rclk=1
Les Services Conseils Abna Inc,business consulting firm,Quebec City QC,+1 418-977-2262,https://abnaconseils.com/,info@abnaconseils.com,,https://www.google.com/maps/place/Les+Services+Conseils+Abna+Inc/data=!4m7!3m6!1s0x4cb8913268bc7351:0xfa0972b77450dc03!8m2!3d46.7661999!4d-71.2893083!16s%2Fg%2F11b7cq2mnc!19sChIJUXO8aDKRuEwRA9xQdLdyCfo?authuser=0&hl=en&g_ep=EgoyMDI2MDgyNi4wIJJjKgBIAVAD&rclk=1
Incorp-Québec,business consulting firm,Quebec City QC,,https://incorp-quebec.org/,info@incorp-quebec.org,,https://www.google.com/maps/place/Incorp-Qu%C3%A9bec/data=!4m7!3m6!1s0x4cb89114aa25dac7:0xcecdd1f496981f79!8m2!3d46.7695456!4d-71.291924!16s%2Fg%2F11yw2pqfwc!19sChIJx9olqhSRuEwReR-YlvTRzc4?authuser=0&hl=en&g_ep=EgoyMDI2MDgyNi4wIJJjKgBIAVAD&rclk=1
Econoler Inc,business consulting firm,Quebec City QC,+1 418-692-2592,https://econoler.com/en/,info@econoler.com,,https://www.google.com/maps/place/Econoler+Inc/data=!4m7!3m6!1s0x4cb895e0bcc891f1:0x1780adb4388a547f!8m2!3d46.7739246!4d-71.2742105!16s%2Fg%2F1td2z1wk!19sChIJ8ZHIvOCVuEwRf1SKOLStgBc?authuser=0&hl=en&g_ep=EgoyMDI2MDgyNi4wIJJjKgBIAVAD&rclk=1
T2inc.ca Québec | Comptables Fiscalistes | Impôts des Sociétés,business consulting firm,Quebec City QC,+1 418-210-0192,https://t2inc.ca/?utm_source=gmb&utm_medium=organic&utm_campaign=quebec,support@t2inc.ca,39,https://www.google.com/maps/place/T2inc.ca+Qu%C3%A9bec+%7C+Comptables+Fiscalistes+%7C+Imp%C3%B4ts+des+Soci%C3%A9t%C3%A9s/data=!4m7!3m6!1s0x4cb895d58820d0ed:0x3336535c54591d04!8m2!3d46.801874!4d-71.2226078!16s%2Fg%2F11c20t12_h!19sChIJ7dAgiNWVuEwRBB1ZVFxTNjM?authuser=0&hl=en&g_ep=EgoyMDI2MDgyNi4wIJJjKgBIAVAD&rclk=1
Tetra Tech,business consulting firm,Quebec City QC,+1 418-871-8151,http://www.tetratech.com/,info@tetratech.com,19,https://www.google.com/maps/place/Tetra+Tech/data=!4m7!3m6!1s0x4cb8976526484b5b:0x47d504857565d43f!8m2!3d46.8063873!4d-71.2864746!16s%2Fg%2F1vtzgtpn!19sChIJW0tIJmWXuEwRP9RldYUE1Uc?authuser=0&hl=en&g_ep=EgoyMDI2MDgyNi4wIJJjKgBIAVAD&rclk=1
FOP Consultants (Québec City),business consulting firm,Quebec City QC,+1 450-667-8402,https://fopconsultants.com/,infos@fopconsultants.com,,https://www.google.com/maps/place/FOP+Consultants+%28Qu%C3%A9bec+City%29/data=!4m7!3m6!1s0x4cb89797e46122c7:0x52dc8426feff79a!8m2!3d46.8364595!4d-71.2948737!16s%2Fg%2F11z7qc6znt!19sChIJxyJh5JeXuEwRmvfvb0LILQU?authuser=0&hl=en&g_ep=EgoyMDI2MDgyNi4wIJJjKgBIAVAD&rclk=1
GLM Conseil,business consulting firm,Quebec City QC,+1 418-575-3230,http://www.glmconseil.com/,info@glmconseil.com,,https://www.google.com/maps/place/GLM+Conseil/data=!4m7!3m6!1s0x4cb895001400b3f9:0x9b2b4a105addfc2f!8m2!3d46.8169302!4d-71.2104669!16s%2Fg%2F11wxpy6pj5!19sChIJ-bMAFACVuEwRL_zdWhBKK5s?authuser=0&hl=en&g_ep=EgoyMDI2MDgyNi4wIJJjKgBIAVAD&rclk=1
"Gestion Conseils CFI - Comptabilité, Fiscalité, Impôts",business consulting firm,Quebec City QC,+1 581-994-3596,https://www.reseaucomptable.com/cpa/chaudiere-appalaches/levis-8/gestion-conseils-cfi.htm,nathalie@gestioncfi.com,34,"https://www.google.com/maps/place/Gestion+Conseils+CFI+-+Comptabilit%C3%A9,+Fiscalit%C3%A9,+Imp%C3%B4ts/data=!4m7!3m6!1s0x4cb89544c2dd8edd:0xe22b7fb91428e27a!8m2!3d46.7909972!4d-71.1646909!16s%2Fg%2F11mslwlpxf!19sChIJ3Y7dwkSVuEwReuIoFLl_K-I?authuser=0&hl=en&g_ep=EgoyMDI2MDgyNi4wIJJjKgBIAVAD&rclk=1"
DENALI Services comptables inc.,business consulting firm,Quebec City QC,+1 581-748-1809,http://denalicpa.com/,utilisateur@domaine.com,14,https://www.google.com/maps/place/DENALI+Services+comptables+inc./data=!4m7!3m6!1s0x4cb8bbfb616b4f03:0xa4570ab65cae4c30!8m2!3d46.8447683!4d-71.2524552!16s%2Fg%2F11gf973sf_!19sChIJA09rYfu7uEwRMEyuXLYKV6Q?authuser=0&hl=en&g_ep=EgoyMDI2MDgyNi4wIJJjKgBIAVAD&rclk=1
Frederic Gonzalo,business consulting firm,Quebec City QC,+1 418-951-5488,https://www.fredericgonzalo.com/,info@fredericgonzalo.com,14,https://www.google.com/maps/place/Frederic+Gonzalo/data=!4m7!3m6!1s0x4cb8968605e271e3:0x692df74dc2cafbbb!8m2!3d46.7621064!4d-71.293158!16s%2Fg%2F11fxw5w5_x!19sChIJ43HiBYaWuEwRu_vKwk33LWk?authuser=0&hl=en&g_ep=EgoyMDI2MDgyNi4wIJJjKgBIAVAD&rclk=1
Lotus Services Comtables Inc.,business consulting firm,Quebec City QC,+1 418-476-1682,https://lotuscl.ca/,equipe@lotuscl.ca,,https://www.google.com/maps/place/Lotus+Services+Comtables+Inc./data=!4m7!3m6!1s0x4cb897b5070628e3:0xeccb776465809a09!8m2!3d46.7951257!4d-71.2698261!16s%2Fg%2F11ys992xqx!19sChIJ4ygGB7WXuEwRCZqAZWR3y-w?authuser=0&hl=en&g_ep=EgoyMDI2MDgyNi4wIJJjKgBIAVAD&rclk=1
Gestion et Comptabilité Nathalie Chicoine inc | Comptable à Québec,business consulting firm,Quebec City QC,+1 581-997-8966,https://gestioncomptabilitenathaliechicoine.com/,nchicoine@gc-nc.ca,15,https://www.google.com/maps/place/Gestion+et+Comptabilit%C3%A9+Nathalie+Chicoine+inc+%7C+Comptable+%C3%A0+Qu%C3%A9bec/data=!4m7!3m6!1s0x4cb8bd2fb9048719:0xb280d8c3b37369ef!8m2!3d46.8841525!4d-71.2746451!16s%2Fg%2F11srkmn4t_!19sChIJGYcEuS-9uEwR72lzs8PYgLI?authuser=0&hl=en&g_ep=EgoyMDI2MDgyNi4wIJJjKgBIAVAD&rclk=1
Groupe financier Millénium | Planificateur financier à Québec,business consulting firm,Quebec City QC,+1 418-627-1717,http://milleniumgf.com/,info@milleniumgf.com,323,https://www.google.com/maps/place/Groupe+financier+Mill%C3%A9nium+%7C+Planificateur+financier+%C3%A0+Qu%C3%A9bec/data=!4m7!3m6!1s0x4cb897ee9c7b732f:0xbcb2eb20d33e3bc7!8m2!3d46.8353583!4d-71.3569576!16s%2Fg%2F11b634c1d9!19sChIJL3N7nO6XuEwRxzs-0yDrsrw?authuser=0&hl=en&g_ep=EgoyMDI2MDgyNi4wIJJjKgBIAVAD&rclk=1
BLSF Services financiers | Courtier en assurance vie | Investissement | Assurance collective | Région de Québec,business consulting firm,Quebec City QC,+1 418-624-6680,http://www.blsf.ca/,info@blsf.ca,164,https://www.google.com/maps/place/BLSF+Services+financiers+%7C+Courtier+en+assurance+vie+%7C+Investissement+%7C+Assurance+collective+%7C+R%C3%A9gion+de+Qu%C3%A9bec/data=!4m7!3m6!1s0x4cb897e95d289057:0x41c55a11630ca6f6!8m2!3d46.834497!4d-71.2978439!16s%2Fg%2F12ml2y34n!19sChIJV5AoXemXuEwR9qYMYxFaxUE?authuser=0&hl=en&g_ep=EgoyMDI2MDgyNi4wIJJjKgBIAVAD&rclk=1
PCA Services Corporatifs Inc,business consulting firm,Quebec City QC,+1 418-861-8899,https://www.pcaservices.ca/,quebec@pcaservices.com,10,https://www.google.com/maps/place/PCA+Services+Corporatifs+Inc/data=!4m7!3m6!1s0x4cb8982ac834103f:0x201be5d97790234d!8m2!3d46.8169177!4d-71.3299629!16s%2Fg%2F11b6pybfd3!19sChIJPxA0yCqYuEwRTSOQd9nlGyA?authuser=0&hl=en&g_ep=EgoyMDI2MDgyNi4wIJJjKgBIAVAD&rclk=1
Unima Consulting,business consulting firm,Quebec City QC,,http://unimaconsulting.com/,info@unimaconsulting.com,,https://www.google.com/maps/place/Unima+Consulting/data=!4m7!3m6!1s0x4cb897c0d1bff81d:0xf0845f59c4e26a49!8m2!3d46.8308753!4d-71.2830711!16s%2Fg%2F11wq4p6kh3!19sChIJHfi_0cCXuEwRSWrixFlfhPA?authuser=0&hl=en&g_ep=EgoyMDI2MDgyNi4wIJJjKgBIAVAD&rclk=1
Avizia RH,business consulting firm,Quebec City QC,+1 438-601-5387,http://avizia.ca/,info@avizia.ca,34,https://www.google.com/maps/place/Avizia+RH/data=!4m7!3m6!1s0x4cb895cf108176e3:0x1e5ea8b99a2f13e7!8m2!3d46.7737866!4d-71.3011155!16s%2Fg%2F11t0szlj39!19sChIJ43aBEM-VuEwR5xMvmrmoXh4?authuser=0&hl=en&g_ep=EgoyMDI2MDgyNi4wIJJjKgBIAVAD&rclk=1
PIVOT Consultants Inc. - Ingénieur structure et civil,management consulting,Quebec City QC,+1 418-221-7973,https://pivot-ing.ca/,ctremblay@pivot-ing.ca,53,https://www.google.com/maps/place/PIVOT+Consultants+Inc.+-+Ing%C3%A9nieur+structure+et+civil/data=!4m7!3m6!1s0x4cb8970abfad22cb:0xa17975a61ed8a8c8!8m2!3d46.8019097!4d-71.2468499!16s%2Fg%2F11x01bhtjj!19sChIJyyKtvwqXuEwRyKjYHqZ1eaE?authuser=0&hl=en&g_ep=EgoyMDI2MDgyNi4wIJJjKgBIAVAD&rclk=1
DMG services-conseils inc.,management consulting,Quebec City QC,+1 581-741-0506,http://dmgconseils.com/,fessiambre@dmgconseils.com,,https://www.google.com/maps/place/DMG+services-conseils+inc./data=!4m7!3m6!1s0x4cb89771af455555:0x4dbd8539b066c58f!8m2!3d46.8065961!4d-71.3162127!16s%2Fg%2F11h6xm4v0j!19sChIJVVVFr3GXuEwRj8VmsDmFvU0?authuser=0&hl=en&g_ep=EgoyMDI2MDgyNi4wIJJjKgBIAVAD&rclk=1
MDI Consultant inc.,management consulting,Quebec City QC,+1 581-741-9444,https://www.mdiconsultant.com/,info@mdiconsultant.com,,https://www.google.com/maps/place/MDI+Consultant+inc./data=!4m7!3m6!1s0x4cb8973cce97f2f5:0x6996be5ac90f50e5!8m2!3d46.7952365!4d-71.2344568!16s%2Fg%2F11kjgwqxq9!19sChIJ9fKXzjyXuEwR5VAPyVq-lmk?authuser=0&hl=en&g_ep=EgoyMDI2MDgyNi4wIJJjKgBIAVAD&rclk=1
Actioncoach Québec,management consulting,Quebec City QC,+1 581-316-2020,http://www.actioncoach-quebec.com/,actionquebec@actioncoach.com,40,https://www.google.com/maps/place/Actioncoach+Qu%C3%A9bec/data=!4m7!3m6!1s0x4cb8979aaeb336d5:0x35872e7165c426e6!8m2!3d46.8115042!4d-71.2313494!16s%2Fg%2F11h_7b9v8y!19sChIJ1TazrpqXuEwR5ibEZXEuhzU?authuser=0&hl=en&g_ep=EgoyMDI2MDgyNi4wIJJjKgBIAVAD&rclk=1
TRÉMA,management consulting,Quebec City QC,+1 418-780-1338,http://tremaconseils.com/,karinelheureux@tremaconseils.com,,https://www.google.com/maps/place/TR%C3%89MA/data=!4m7!3m6!1s0x4cb897fd304bdf45:0xf248109b555e125c!8m2!3d46.8488142!4d-71.2927388!16s%2Fg%2F11nz3rm8rz!19sChIJRd9LMP2XuEwRXBJeVZsQSPI?authuser=0&hl=en&g_ep=EgoyMDI2MDgyNi4wIJJjKgBIAVAD&rclk=1
Help Consulting International,management consulting,Quebec City QC,+1 581-246-4812,https://helpconsultinginternational.ca/,ml@bironleblanc.ca,,https://www.google.com/maps/place/Help+Consulting+International/data=!4m7!3m6!1s0x4cb899990e420037:0xfacbb38e7f2ae898!8m2!3d46.8072287!4d-71.3355723!16s%2Fg%2F11q3r59w00!19sChIJNwBCDpmZuEwRmOgqf46zy_o?authuser=0&hl=en&g_ep=EgoyMDI2MDgyNi4wIJJjKgBIAVAD&rclk=1
Multiforce,management consulting,Quebec City QC,+1 418-780-8020,http://www.esitechnologies.com/,info@esitechnologies.com,,https://www.google.com/maps/place/Multiforce/data=!4m7!3m6!1s0x4cb896c90f7345b1:0x7906da857ac9158c!8m2!3d46.7666927!4d-71.2931391!16s%2Fg%2F1v6qh6wk!19sChIJsUVzD8mWuEwRjBXJeoXaBnk?authuser=0&hl=en&g_ep=EgoyMDI2MDgyNi4wIJJjKgBIAVAD&rclk=1
Consulting ADMIN LA CARTE,B2B sales consultant,Quebec City QC,+1 514-779-3830,https://b2hconseils.com/,info@b2hconseils.com,,https://www.google.com/maps/place/Consulting+ADMIN+LA+CARTE/data=!4m7!3m6!1s0x4cc93eac9eb809e7:0xead0e56f32fde4e4!8m2!3d46.0062735!4d-74.1170286!16s%2Fg%2F11bz0nvnq0!19sChIJ5wm4nqw-yUwR5OT9Mm_l0Oo?authuser=0&hl=en&g_ep=EgoyMDI2MDgyNi4wIJJjKgBIAVAD&rclk=1
Linkeo Quebec,B2B sales consultant,Quebec City QC,+1 855-254-6536,https://www.linkeo-quebec.ca/,service@linkeo.ca,63,https://www.google.com/maps/place/Linkeo+Quebec/data=!4m7!3m6!1s0x4cb89758bf8401cd:0xbd01e2c7356b4526!8m2!3d46.806024!4d-71.3062576!16s%2Fg%2F11q3yb0ylj!19sChIJzQGEv1iXuEwRJkVrNcfiAb0?authuser=0&hl=en&g_ep=EgoyMDI2MDgyNi4wIJJjKgBIAVAD&rclk=1
ID Impact,B2B sales consultant,Quebec City QC,+1 877-395-4575,https://idimpact.ca/,information@idimpact.ca,,https://www.google.com/maps/place/ID+Impact/data=!4m7!3m6!1s0x4cc91083224fc6db:0xdef73d4a61c0d109!8m2!3d45.5018869!4d-73.5673919!16s%2Fg%2F1tgk07jf!19sChIJ28ZPIoMQyUwRCdHAYUo9994?authuser=0&hl=en&g_ep=EgoyMDI2MDgyNi4wIJJjKgBIAVAD&rclk=1
Pacific Quebec Inc.,B2B sales consultant,Quebec City QC,+1 604-424-8696,http://pacificquebec.ca/,info@pacificquebec.ca,,https://www.google.com/maps/place/Pacific+Quebec+Inc./data=!4m7!3m6!1s0x2810f71058337f41:0xa2712546fb790f1a!8m2!3d49.2810955!4d-123.1256339!16s%2Fg%2F11shy5kt52!19sChIJQX8zWBD3ECgRGg95-0YlcaI?authuser=0&hl=en&g_ep=EgoyMDI2MDgyNi4wIJJjKgBIAVAD&rclk=1
B2B Solution,B2B sales consultant,Quebec City QC,,http://www.b2bsolution.ca/,info@b2bsolution.ca,,https://www.google.com/maps/place/B2B+Solution/data=!4m7!3m6!1s0x4cc90451b7c24615:0xc12d229da8236d0c!8m2!3d62.6573279!4d-95.989235!16s%2Fg%2F11f5d34gmr!19sChIJFUbCt1EEyUwRDG0jqJ0iLcE?authuser=0&hl=en&g_ep=EgoyMDI2MDgyNi4wIJJjKgBIAVAD&rclk=1
JB Impact,B2B marketing consultant,Quebec City QC,+1 418-446-9538,https://www.jbimpact.com/,info@jbimpact.com,77,https://www.google.com/maps/place/JB+Impact/data=!4m7!3m6!1s0x4cb8bd864e699373:0xff1041e72f76afee!8m2!3d46.909092!4d-71.2006621!16s%2Fg%2F11fv17yknb!19sChIJc5NpToa9uEwR7q92L-dBEP8?authuser=0&hl=en&g_ep=EgoyMDI2MDgyNi4wIJJjKgBIAVAD&rclk=1
Agence ONE,B2B marketing consultant,Quebec City QC,+1 431-244-0179,https://agenceone.ca/,info@agenceone.ca,35,https://www.google.com/maps/place/Agence+ONE/data=!4m7!3m6!1s0x4cb8bdf3d2b2457d:0x51740de86d4ec4f6!8m2!3d46.8683547!4d-71.2753882!16s%2Fg%2F11wkbkvgxh!19sChIJfUWy0vO9uEwR9sRObegNdFE?authuser=0&hl=en&g_ep=EgoyMDI2MDgyNi4wIJJjKgBIAVAD&rclk=1
"Prospecto - Agence de prospection téléphonique & Outsourcing BPO, Québec",B2B marketing consultant,Quebec City QC,+1 866-885-5750,http://www.prospecto.ca/,info@prospecto.ca,,"https://www.google.com/maps/place/Prospecto+-+Agence+de+prospection+t%C3%A9l%C3%A9phonique+%26+Outsourcing+BPO,+Qu%C3%A9bec/data=!4m7!3m6!1s0x4cb891b6ee1a8ddd:0xc474833af9d9d6d8!8m2!3d46.7628223!4d-71.2947326!16s%2Fg%2F11h6mvmlkx!19sChIJ3Y0a7raRuEwR2NbZ-TqDdMQ?authuser=0&hl=en&g_ep=EgoyMDI2MDgyNi4wIJJjKgBIAVAD&rclk=1"
BoucheB - Agence créative,B2B marketing consultant,Quebec City QC,+1 581-983-9932,https://www.boucheb.ca/,utilisateur@domaine.com,14,https://www.google.com/maps/place/BoucheB+-+Agence+cr%C3%A9ative/data=!4m7!3m6!1s0xac94118ba9549f31:0x290d0b71485ce8e2!8m2!3d47.3669712!4d-70.6966954!16s%2Fg%2F11yj52g2yz!19sChIJMZ9UqYsRlKwR4uhcSHELDSk?authuser=0&hl=en&g_ep=EgoyMDI2MDgyNi4wIJJjKgBIAVAD&rclk=1
MB Marketing | Maxim Bergeron,B2B marketing consultant,Quebec City QC,+1 450-750-6299,http://www.mbmarketing.ca/,maxim@mbmarketing.ca,37,https://www.google.com/maps/place/MB+Marketing+%7C+Maxim+Bergeron/data=!4m7!3m6!1s0x4cc8be00e930fd29:0xc12ee26880b99687!8m2!3d53.8011982!4d-68.4348824!16s%2Fg%2F11b7xhcskz!19sChIJKf0w6QC-yEwRh5a5gGjiLsE?authuser=0&hl=en&g_ep=EgoyMDI2MDgyNi4wIJJjKgBIAVAD&rclk=1
Solutions M | Votre agence marketing,B2B marketing consultant,Quebec City QC,+1 450-510-1818,https://solutionsm.ca/,info@solutionsm.ca,70,https://www.google.com/maps/place/Solutions+M+%7C+Votre+agence+marketing/data=!4m7!3m6!1s0x4cc95279083d2497:0xb4c6226f4ebc616c!8m2!3d45.4051427!4d-74.0327889!16s%2Fg%2F1pxwklv1r!19sChIJlyQ9CHlSyUwRbGG8Tm8ixrQ?authuser=0&hl=en&g_ep=EgoyMDI2MDgyNi4wIJJjKgBIAVAD&rclk=1
WikiDigital Marketing Agency. Votre Partenaire de la transformation digitale et Communication Canada,B2B marketing consultant,Quebec City QC,+34 602 70 81 25,https://www.wikidigital.net/,contact@wikidigital.net,,https://www.google.com/maps/place/WikiDigital+Marketing+Agency.+Votre+Partenaire+de+la+transformation+digitale+et+Communication+Canada/data=!4m7!3m6!1s0x4cb895d876543de9:0xdabc75fa0162dbcb!8m2!3d46.8123119!4d-71.1572393!16s%2Fg%2F11whxtcmtv!19sChIJ6T1UdtiVuEwRy9tiAfp1vNo?authuser=0&hl=en&g_ep=EgoyMDI2MDgyNi4wIJJjKgBIAVAD&rclk=1
TELUP : L'agence de Télémarketing et Prospection B2B #1 au Québec !,B2B marketing consultant,Quebec City QC,+1 866-828-3716,http://www.telup.com/,info@telup.com,28,https://www.google.com/maps/place/TELUP+:+L%27agence+de+T%C3%A9l%C3%A9marketing+et+Prospection+B2B+%231+au+Qu%C3%A9bec+!/data=!4m7!3m6!1s0x4cc9116c47165a85:0x8a043858f9a791db!8m2!3d45.4644302!4d-73.5502034!16s%2Fg%2F11gxpxvk3p!19sChIJhVoWR2wRyUwR25Gn-Vg4BIo?authuser=0&hl=en&g_ep=EgoyMDI2MDgyNi4wIJJjKgBIAVAD&rclk=1
MonezSoft Marketing,B2B marketing consultant,Quebec City QC,+1 888-501-1073,https://www.monezsoft.ca/,support@monezsoft.com,20,https://www.google.com/maps/place/MonezSoft+Marketing/data=!4m7!3m6!1s0x4cc92502d5e6035b:0xf6d5d36142593d2!8m2!3d45.5606831!4d-73.7926345!16s%2Fg%2F11j1r0l17y!19sChIJWwPm1QIlyUwR0pMlFDZdbQ8?authuser=0&hl=en&g_ep=EgoyMDI2MDgyNi4wIJJjKgBIAVAD&rclk=1
BG Propulsion,B2B marketing consultant,Quebec City QC,+1 438-834-1434,http://www.bgpropulsion.com/,info@bgmarketing.ca,19,https://www.google.com/maps/place/BG+Propulsion/data=!4m7!3m6!1s0x4cc903370e2d5b31:0x6b257702645c880c!8m2!3d45.5725035!4d-73.4366431!16s%2Fg%2F11llbj3mlj!19sChIJMVstDjcDyUwRDIhcZAJ3JWs?authuser=0&hl=en&g_ep=EgoyMDI2MDgyNi4wIJJjKgBIAVAD&rclk=1
BMA Management Consulting Inc,B2B consultant,Hamilton ON,+1 905-528-3206,http://www.bmaconsult.com/,bma@on.aibn.com,,https://www.google.com/maps/place/BMA+Management+Consulting+Inc/data=!4m7!3m6!1s0x882c9b746ffcee8b:0xe878a44e19a481bb!8m2!3d43.2492503!4d-79.8794438!16s%2Fg%2F1tdlhyj9!19sChIJi-78b3SbLIgRu4GkGU6keOg?authuser=0&hl=en&g_ep=EgoyMDI2MDgyNi4wIJJjKgBIAVAD&rclk=1
Greenlight Content,B2B consultant,Hamilton ON,+1 647-702-2463,https://www.greenlightcontent.ca/,hello@greenlightcontent.ca,55,https://www.google.com/maps/place/Greenlight+Content/data=!4m7!3m6!1s0x882c9b8b53a5324f:0x4f5583175c5d8206!8m2!3d43.4530109!4d-79.6822914!16s%2Fg%2F11j6xl_drw!19sChIJTzKlU4ubLIgRBoJdXBeDVU8?authuser=0&hl=en&g_ep=EgoyMDI2MDgyNi4wIJJjKgBIAVAD&rclk=1
Cubicle Fugitive,B2B consultant,Hamilton ON,+1 905-635-8067,https://www.cubiclefugitive.com/?utm_source=google&utm_medium=gbp,info@cubiclefugitive.com,12,https://www.google.com/maps/place/Cubicle+Fugitive/data=!4m7!3m6!1s0x882b620e638ee8ed:0x1b3827f90e204c5f!8m2!3d43.2602369!4d-79.8689127!16s%2Fg%2F1thx4pq8!19sChIJ7eiOYw5iK4gRX0wgDvknOBs?authuser=0&hl=en&g_ep=EgoyMDI2MDgyNi4wIJJjKgBIAVAD&rclk=1
Impactful Consulting Solutions Inc.,B2B consultant,Hamilton ON,+1 416-900-4370,https://impactfulconsulting.com/contact-us,contact@sansoxygen.com,,https://www.google.com/maps/place/Impactful+Consulting+Solutions+Inc./data=!4m7!3m6!1s0x882c9b8263db3745:0x69f8d2db752c78b6!8m2!3d43.2581042!4d-79.8734749!16s%2Fg%2F11s30jsxrl!19sChIJRTfbY4KbLIgRtngsddvS-Gk?authuser=0&hl=en&g_ep=EgoyMDI2MDgyNi4wIJJjKgBIAVAD&rclk=1
BBF Consultants,B2B consultant,Hamilton ON,+1 416-875-3604,http://bbfconsultants.com/,sebastian@aldusleaf.org,,https://www.google.com/maps/place/BBF+Consultants/data=!4m7!3m6!1s0x882c9acf47540f5b:0x5d9bab83a7daae8c!8m2!3d43.2164858!4d-79.9094574!16s%2Fg%2F11q2618cd4!19sChIJWw9UR8-aLIgRjK7ap4Orm10?authuser=0&hl=en&g_ep=EgoyMDI2MDgyNi4wIJJjKgBIAVAD&rclk=1
Convex Studio Ltd - Digital Marketing Agency,B2B consultant,Hamilton ON,+1 905-521-2660,https://www.convexstudio.ca/location/hamilton.html,info@convexstudio.ca,,https://www.google.com/maps/place/Convex+Studio+Ltd+-+Digital+Marketing+Agency/data=!4m7!3m6!1s0x882c99e3603f59af:0x4daef3aeedb1a41c!8m2!3d43.236173!4d-79.7421782!16s%2Fg%2F11spwkpqdw!19sChIJr1k_YOOZLIgRHKSx7a7zrk0?authuser=0&hl=en&g_ep=EgoyMDI2MDgyNi4wIJJjKgBIAVAD&rclk=1
Advize Agenci,B2B consultant,Hamilton ON,+1 905-512-1369,https://advizeagenci.com/,info@advizeagenci.com,27,https://www.google.com/maps/place/Advize+Agenci/data=!4m7!3m6!1s0x882c9b9d2758bd75:0x5b8e89e1702adc29!8m2!3d43.2603382!4d-79.8498282!16s%2Fg%2F11h6t65vpd!19sChIJdb1YJ52bLIgRKdwqcOGJjls?authuser=0&hl=en&g_ep=EgoyMDI2MDgyNi4wIJJjKgBIAVAD&rclk=1
Elegant Consulting LTD,B2B consultant,Hamilton ON,+1 437-660-0659,http://elegantconsulting.ca/,eben@eyebytes.com,,https://www.google.com/maps/place/Elegant+Consulting+LTD/data=!4m7!3m6!1s0x882c84bd6f84a21f:0x1555f4772f91fc9f!8m2!3d43.2598355!4d-79.9409169!16s%2Fg%2F11lnqngn_f!19sChIJH6KEb72ELIgRn_yRL3f0VRU?authuser=0&hl=en&g_ep=EgoyMDI2MDgyNi4wIJJjKgBIAVAD&rclk=1
Lura Consulting,B2B consultant,Hamilton ON,+1 905-527-0754,http://www.lura.ca/,info@lura.ca,,https://www.google.com/maps/place/Lura+Consulting/data=!4m7!3m6!1s0x882c9b9c9cdf02b7:0xf2314bb4a40e0499!8m2!3d43.2402477!4d-79.8493795!16s%2Fg%2F1hc3lbkx2!19sChIJtwLfnJybLIgRmQQOpLRLMfI?authuser=0&hl=en&g_ep=EgoyMDI2MDgyNi4wIJJjKgBIAVAD&rclk=1
Dynamic Strategic Management Corp.,B2B consultant,Hamilton ON,+1 647-938-7301,https://www.dynamicstrategic.com/,info@dynamicstrategic.com,,https://www.google.com/maps/place/Dynamic+Strategic+Management+Corp./data=!4m7!3m6!1s0x882ca30764c078df:0x17bb4af5cb5e1151!8m2!3d43.2217849!4d-79.6601711!16s%2Fg%2F11ncklqq_m!19sChIJ33jAZAejLIgRURFey_VKuxc?authuser=0&hl=en&g_ep=EgoyMDI2MDgyNi4wIJJjKgBIAVAD&rclk=1
The Tyrone Matheson Group,B2B consultant,Hamilton ON,+1 519-804-4313,http://www.tyronematheson.com/,cso@tyronematheson.com,,https://www.google.com/maps/place/The+Tyrone+Matheson+Group/data=!4m7!3m6!1s0x882b89dd9ec45e9b:0xb30aff3323150818!8m2!3d43.3341013!4d-79.8942992!16s%2Fg%2F1tfs1q7l!19sChIJm17Ent2JK4gRGAgVIzP_CrM?authuser=0&hl=en&g_ep=EgoyMDI2MDgyNi4wIJJjKgBIAVAD&rclk=1
Shade's Mills Group B2B Business Consulting,B2B consultant,Hamilton ON,+1 226-989-9188,http://www.shadesmillsgroup.ca/,fournier@shadesmillsgroup.ca,,https://www.google.com/maps/place/Shade%27s+Mills+Group+B2B+Business+Consulting/data=!4m7!3m6!1s0x882b89f222fd1bed:0x9f440cbe96830b6c!8m2!3d43.3962633!4d-80.3229811!16s%2Fg%2F11fd7013gj!19sChIJ7Rv9IvKJK4gRbAuDlr4MRJ8?authuser=0&hl=en&g_ep=EgoyMDI2MDgyNi4wIJJjKgBIAVAD&rclk=1
MAWAZO Marketing,B2B consultant,Hamilton ON,+1 289-807-2750,http://www.mawazo.ca/?utm_campaign=gmb,ideas@mawazo.ca,36,https://www.google.com/maps/place/MAWAZO+Marketing/data=!4m7!3m6!1s0x882c9e255fd76627:0x416ac3af36fcb322!8m2!3d43.4530109!4d-79.6822914!16s%2Fg%2F11b6q24jmj!19sChIJJ2bXXyWeLIgRIrP8Nq_DakE?authuser=0&hl=en&g_ep=EgoyMDI2MDgyNi4wIJJjKgBIAVAD&rclk=1
Wentworth Strategy Group,business consulting firm,Hamilton ON,,http://wentworthstrategy.com/,info@mysite.com,19,https://www.google.com/maps/place/Wentworth+Strategy+Group/data=!4m7!3m6!1s0x882c9b13a64d328d:0xf0deb46e580b0526!8m2!3d43.253111!4d-79.8579016!16s%2Fg%2F11jmbw88pb!19sChIJjTJNphObLIgRJgULWG603vA?authuser=0&hl=en&g_ep=EgoyMDI2MDgyNi4wIJJjKgBIAVAD&rclk=1
MagnaPro Consulting,business consulting firm,Hamilton ON,+1 647-525-8567,https://www.magnapro.ca/,hello@magnapro.ca,11,https://www.google.com/maps/place/MagnaPro+Consulting/data=!4m7!3m6!1s0x882c9bb0d7637a71:0x75e68eff9d89aaf2!8m2!3d43.2124984!4d-79.8922576!16s%2Fg%2F11kqxl_hvb!19sChIJcXpj17CbLIgR8qqJnf-O5nU?authuser=0&hl=en&g_ep=EgoyMDI2MDgyNi4wIJJjKgBIAVAD&rclk=1
ThisRock Inc.,business consulting firm,Hamilton ON,+1 905-630-9102,https://www.thisrockesg.com/,lindsay@thisrockesg.com,29,https://www.google.com/maps/place/ThisRock+Inc./data=!4m7!3m6!1s0xfe5c3c0ecfbbd4f:0xa84137be1209f289!8m2!3d43.2602178!4d-79.8340512!16s%2Fg%2F11k9kl89_9!19sChIJT7377MDD5Q8RifIJEr43Qag?authuser=0&hl=en&g_ep=EgoyMDI2MDgyNi4wIJJjKgBIAVAD&rclk=1
Impactful Business Consulting,business consulting firm,Hamilton ON,+1 905-320-3203,http://www.impactfulbusiness.ca/,impactfulbusiness@gmail.com,,https://www.google.com/maps/place/Impactful+Business+Consulting/data=!4m7!3m6!1s0x882c9b93c7b8bd37:0x948f874331b8915d!8m2!3d43.2358711!4d-79.8335151!16s%2Fg%2F11f9y4x_x9!19sChIJN724x5ObLIgRXZG4MUOHj5Q?authuser=0&hl=en&g_ep=EgoyMDI2MDgyNi4wIJJjKgBIAVAD&rclk=1
JNE Consulting,business consulting firm,Hamilton ON,+1 905-529-5122,https://www.jnegroup.com/consulting,info@jnegroup.com,,https://www.google.com/maps/place/JNE+Consulting/data=!4m7!3m6!1s0x882c9bf61e4c0b37:0x98ba420bc121425a!8m2!3d43.262381!4d-79.8456927!16s%2Fg%2F12q4tz0v1!19sChIJNwtMHvabLIgRWkIhwQtCupg?authuser=0&hl=en&g_ep=EgoyMDI2MDgyNi4wIJJjKgBIAVAD&rclk=1
Pro Act Consulting Inc,business consulting firm,Hamilton ON,+1 905-527-1991,http://proactconsultinginc.com/,askus@proactconsultinginc.com,,https://www.google.com/maps/place/Pro+Act+Consulting+Inc/data=!4m7!3m6!1s0x882c9b6641a0121b:0xd88f5dee8cdc7d2a!8m2!3d43.2239898!4d-79.8985417!16s%2Fg%2F1wj_6ny6!19sChIJGxKgQWabLIgRKn3cjO5dj9g?authuser=0&hl=en&g_ep=EgoyMDI2MDgyNi4wIJJjKgBIAVAD&rclk=1
Binatech System Solutions,business consulting firm,Hamilton ON,+1 888-431-6440,https://www.binatech.com/,sales@binatech.com,82,https://www.google.com/maps/place/Binatech+System+Solutions/data=!4m7!3m6!1s0x882c9b84f4c166e1:0xdc2b4f7eb4eb8749!8m2!3d43.2589545!4d-79.892386!16s%2Fg%2F1v9gkn5w!19sChIJ4WbB9ISbLIgRSYfrtH5PK9w?authuser=0&hl=en&g_ep=EgoyMDI2MDgyNi4wIJJjKgBIAVAD&rclk=1
LandSmith Engineering & Consulting Ltd.,business consulting firm,Hamilton ON,+1 289-309-3632,https://www.landsmithec.com/,landsmithec@gmail.com,,https://www.google.com/maps/place/LandSmith+Engineering+%26+Consulting+Ltd./data=!4m7!3m6!1s0x54874cf2a2ea0b9:0x1201392a0af03d34!8m2!3d43.2204211!4d-79.8845812!16s%2Fg%2F11vc55xs99!19sChIJuaAuKs90SAURND3wCio5ARI?authuser=0&hl=en&g_ep=EgoyMDI2MDgyNi4wIJJjKgBIAVAD&rclk=1
FlyPrint,business consulting firm,Hamilton ON,+1 289-201-8290,http://flyprint.ca/,devin@flyprint.ca,58,https://www.google.com/maps/place/FlyPrint/data=!4m7!3m6!1s0x882c9bdd6279813f:0x6d7b7999ed0d943f!8m2!3d43.253111!4d-79.8579016!16s%2Fg%2F1yg4d0vr6!19sChIJP4F5Yt2bLIgRP5QN7Zl5e20?authuser=0&hl=en&g_ep=EgoyMDI2MDgyNi4wIJJjKgBIAVAD&rclk=1
CND Engineering Limited,business consulting firm,Hamilton ON,+1 905-528-2980,http://cndeng.ca/,info@cndeng.ca,33,https://www.google.com/maps/place/CND+Engineering+Limited/data=!4m7!3m6!1s0x882c9b852478aee9:0xeb0554f273ed5c77!8m2!3d43.2558212!4d-79.8656627!16s%2Fg%2F11c53sdtyj!19sChIJ6a54JIWbLIgRd1ztc_JUBes?authuser=0&hl=en&g_ep=EgoyMDI2MDgyNi4wIJJjKgBIAVAD&rclk=1
DependableIT Group Inc,business consulting firm,Hamilton ON,+1 365-677-0101,https://www.dependableit.com/,get-help@dependableit.com,14,https://www.google.com/maps/place/DependableIT+Group+Inc/data=!4m7!3m6!1s0x882c9b345d3c3755:0xd5c253acfe85c417!8m2!3d43.2582661!4d-79.8729574!16s%2Fg%2F11rgg649bc!19sChIJVTc8XTSbLIgRF8SF_qxTwtU?authuser=0&hl=en&g_ep=EgoyMDI2MDgyNi4wIJJjKgBIAVAD&rclk=1
Forward Path Immigration - Best immigration consultants in Canada,business consulting firm,Hamilton ON,+1 905-906-1486,https://www.forwardpathimmigration.ca/,info@forwardpathimmigration.ca,32,https://www.google.com/maps/place/Forward+Path+Immigration+-+Best+immigration+consultants+in+Canada/data=!4m7!3m6!1s0x882c9b973d335433:0x4756e8d6d8457e8b!8m2!3d43.2331167!4d-79.9041159!16s%2Fg%2F11z4m_8772!19sChIJM1QzPZebLIgRi35F2NboVkc?authuser=0&hl=en&g_ep=EgoyMDI2MDgyNi4wIJJjKgBIAVAD&rclk=1
Serve U Accounting,business consulting firm,Hamilton ON,+1 905-667-2555,https://serveuaccounting.ca/,taxes@serveuaccounting.ca,38,https://www.google.com/maps/place/Serve+U+Accounting/data=!4m7!3m6!1s0x882c9a55f7f2940b:0xdb0530d4094b0081!8m2!3d43.222698!4d-79.874403!16s%2Fg%2F1hc1p08qy!19sChIJC5Ty91WaLIgRgQBLCdQwBds?authuser=0&hl=en&g_ep=EgoyMDI2MDgyNi4wIJJjKgBIAVAD&rclk=1
National Tax & Business Services - Personal Corporate Tax Filing Accounting Payroll,business consulting firm,Hamilton ON,+1 905-545-0100,https://nationaltax.ca/,nationaltax4u@gmail.com,159,https://www.google.com/maps/place/National+Tax+%26+Business+Services+-+Personal+Corporate+Tax+Filing+Accounting+Payroll/data=!4m7!3m6!1s0x882c9950207d6c13:0x677a617e7959f6e4!8m2!3d43.2519471!4d-79.818576!16s%2Fg%2F1tmpfkx8!19sChIJE2x9IFCZLIgR5PZZeX5hemc?authuser=0&hl=en&g_ep=EgoyMDI2MDgyNi4wIJJjKgBIAVAD&rclk=1
Fusion Computing Limited,business consulting firm,Hamilton ON,+1 888-541-1611,https://fusioncomputing.ca/managed-it-services-hamilton/?utm_source=gbp&utm_medium=organic&utm_campaign=gbp_hamilton,info@fusioncomputing.ca,,https://www.google.com/maps/place/Fusion+Computing+Limited/data=!4m7!3m6!1s0x882c856f5bee70e1:0x8e626db99b0da7e4!8m2!3d43.2652647!4d-79.9579599!16s%2Fg%2F11mvv55hp1!19sChIJ4XDuW2-FLIgR5KcNm7ltYo4?authuser=0&hl=en&g_ep=EgoyMDI2MDgyNi4wIJJjKgBIAVAD&rclk=1
RZ-Organisation Development Consultants,management consulting,Hamilton ON,+1 647-676-5348,http://ranizahed.com/,info@indiantypefoundry.com,,https://www.google.com/maps/place/RZ-Organisation+Development+Consultants/data=!4m7!3m6!1s0x882c997f75a8182b:0xd75bec4f5240e255!8m2!3d43.1957706!4d-79.8069231!16s%2Fg%2F11j36rvbxj!19sChIJKxiodX-ZLIgRVeJAUk_sW9c?authuser=0&hl=en&g_ep=EgoyMDI2MDgyNi4wIJJjKgBIAVAD&rclk=1
Paramount Safety Consulting Inc.,management consulting,Hamilton ON,+1 905-661-7233,https://paramountsafetyconsulting.com/,info@paramountsafetyconsulting.com,57,https://www.google.com/maps/place/Paramount+Safety+Consulting+Inc./data=!4m7!3m6!1s0x882c969623b64b25:0xb4f6f9b16744a71f!8m2!3d43.1925674!4d-79.8365941!16s%2Fg%2F11b5qzrcbn!19sChIJJUu2I5aWLIgRH6dEZ7H59rQ?authuser=0&hl=en&g_ep=EgoyMDI2MDgyNi4wIJJjKgBIAVAD&rclk=1
DECC INC.,management consulting,Hamilton ON,+1 866-332-2462,http://www.decc-inc.com/,info@decc-inc.com,41,https://www.google.com/maps/place/DECC+INC./data=!4m7!3m6!1s0x41ef498d8a46b0ef:0x9e9531e1e3e4c95a!8m2!3d43.2546953!4d-79.9317413!16s%2Fg%2F11rklf5rbb!19sChIJ77BGio1J70ERWsnk4-ExlZ4?authuser=0&hl=en&g_ep=EgoyMDI2MDgyNi4wIJJjKgBIAVAD&rclk=1
Pinchin Ltd. | Hamilton,management consulting,Hamilton ON,+1 905-577-6206,https://www.pinchin.com/,info@pinchin.com,,https://www.google.com/maps/place/Pinchin+Ltd.+%7C+Hamilton/data=!4m7!3m6!1s0x882c9b5cc1ac8b0d:0x61a23b97a4acc435!8m2!3d43.2604237!4d-79.8740461!16s%2Fg%2F1tj58dmc!19sChIJDYuswVybLIgRNcSspJc7omE?authuser=0&hl=en&g_ep=EgoyMDI2MDgyNi4wIJJjKgBIAVAD&rclk=1
Progressive Consulting Group Ltd.,management consulting,Hamilton ON,+1 705-956-0947,https://progressivetaxes.ca/,makeanappointment@netorg16559372.onmicrosoft.com,,https://www.google.com/maps/place/Progressive+Consulting+Group+Ltd./data=!4m7!3m6!1s0x8f7d80c52b760903:0xbebd77f6cc21e871!8m2!3d43.2172359!4d-79.7945634!16s%2Fg%2F11y55md2gy!19sChIJAwl2K8WAfY8RceghzPZ3vb4?authuser=0&hl=en&g_ep=EgoyMDI2MDgyNi4wIJJjKgBIAVAD&rclk=1
HeyTony,B2B sales consultant,Hamilton ON,+1 647-598-8606,https://heytony.ca/,hello@heytony.ca,110,https://www.google.com/maps/place/HeyTony/data=!4m7!3m6!1s0x882b35a476037bfd:0xa6a7153e055b8ca2!8m2!3d43.2606502!4d-79.935344!16s%2Fg%2F11h_xf53rq!19sChIJ_XsDdqQ1K4gRooxbBT4Vp6Y?authuser=0&hl=en&g_ep=EgoyMDI2MDgyNi4wIJJjKgBIAVAD&rclk=1
Balla Media,B2B sales consultant,Hamilton ON,+1 905-572-7474,http://www.ballamedia.ca/,amazingservice@ballamedia.ca,35,https://www.google.com/maps/place/Balla+Media/data=!4m7!3m6!1s0x882c9b837dd57951:0xfaa0d8a116f8f8be!8m2!3d43.2502775!4d-79.8163444!16s%2Fg%2F1ydpvbvfm!19sChIJUXnVfYObLIgRvvj4FqHYoPo?authuser=0&hl=en&g_ep=EgoyMDI2MDgyNi4wIJJjKgBIAVAD&rclk=1
Beyond Limits Marketing,B2B marketing consultant,Hamilton ON,+1 289-700-2062,http://www.beyond-limits.ca/,jobs@zeniq.co,38,https://www.google.com/maps/place/Beyond+Limits+Marketing/data=!4m7!3m6!1s0x9c83c112a389259:0x1d064f0d8b5b4a16!8m2!3d43.2407746!4d-79.8762321!16s%2Fg%2F11rxq33fvh!19sChIJWZI4KhE8yAkRFkpbiw1PBh0?authuser=0&hl=en&g_ep=EgoyMDI2MDgyNi4wIJJjKgBIAVAD&rclk=1
Muse Marketing Group,B2B marketing consultant,Hamilton ON,+1 905-962-2207,https://www.musemarketinggroup.ca/,info@musemarketinggroup.ca,28,https://www.google.com/maps/place/Muse+Marketing+Group/data=!4m7!3m6!1s0x882c9be93fd223cb:0x3b98202c0a1e3467!8m2!3d43.2600551!4d-79.8343562!16s%2Fg%2F11b778q486!19sChIJyyPSP-mbLIgRZzQeCiwgmDs?authuser=0&hl=en&g_ep=EgoyMDI2MDgyNi4wIJJjKgBIAVAD&rclk=1
Agenda Marketing,B2B marketing consultant,Hamilton ON,+1 905-538-4555,http://www.agendamarketing.ca/,studio@pixelpier.com,14,https://www.google.com/maps/place/Agenda+Marketing/data=!4m7!3m6!1s0x882b6195ba9dcecf:0x25a03f012c897bf6!8m2!3d43.2589291!4d-79.863125!16s%2Fg%2F1hm51xrjc!19sChIJz86dupVhK4gR9nuJLAE_oCU?authuser=0&hl=en&g_ep=EgoyMDI2MDgyNi4wIJJjKgBIAVAD&rclk=1
Asterisk Marketing,B2B marketing consultant,Hamilton ON,+1 866-950-3908,https://asteriskmarketing.co/,info@asteriskmarketing.co,105,https://www.google.com/maps/place/Asterisk+Marketing/data=!4m7!3m6!1s0x882c9dc9e84623df:0x5608b1da53435ca3!8m2!3d43.2512422!4d-79.8717143!16s%2Fg%2F11g6wxqr7x!19sChIJ3yNG6MmdLIgRo1xDU9qxCFY?authuser=0&hl=en&g_ep=EgoyMDI2MDgyNi4wIJJjKgBIAVAD&rclk=1
Digital Envy,B2B marketing consultant,Hamilton ON,+1 905-531-8130,https://digitalenvy.ca/,mike@digitalenvy.ca,23,https://www.google.com/maps/place/Digital+Envy/data=!4m7!3m6!1s0x882c85fa71849fc1:0xecc71a36171b283a!8m2!3d43.2058668!4d-79.9981299!16s%2Fg%2F11gfkd90m9!19sChIJwZ-EcfqFLIgROigbFzYax-w?authuser=0&hl=en&g_ep=EgoyMDI2MDgyNi4wIJJjKgBIAVAD&rclk=1
Marketing & Technology,B2B marketing consultant,Hamilton ON,+1 647-405-6109,https://marketingtech.ca/,mat@marketingtech.ca,20,https://www.google.com/maps/place/Marketing+%26+Technology/data=!4m7!3m6!1s0x882c9b2deaec3e77:0xa9daa2dc1605651c!8m2!3d43.487388!4d-79.916953!16s%2Fg%2F11jm12f4y9!19sChIJdz7s6i2bLIgRHGUFFtyi2qk?authuser=0&hl=en&g_ep=EgoyMDI2MDgyNi4wIJJjKgBIAVAD&rclk=1
Standard Marketing,B2B marketing consultant,Hamilton ON,+1 289-769-8880,https://standard-marketing.ca/?utm_source=gmb&utm_medium=organic&utm_campaign=gmb_track&utm_term=local+marketing&utm_content=gmblink,hello@standard-marketing.ca,13,https://www.google.com/maps/place/Standard+Marketing/data=!4m7!3m6!1s0x882ca3d5f1d00bf3:0x9e0d4b8215d5c82b!8m2!3d43.2263347!4d-79.6719818!16s%2Fg%2F11s5qd0zsh!19sChIJ8wvQ8dWjLIgRK8jVFYJLDZ4?authuser=0&hl=en&g_ep=EgoyMDI2MDgyNi4wIJJjKgBIAVAD&rclk=1
Visual Branding,B2B marketing consultant,Hamilton ON,+1 289-389-3200,https://visualbranding.ca/,info@visualbranding.ca,18,https://www.google.com/maps/place/Visual+Branding/data=!4m7!3m6!1s0x882c9987f74f1013:0x8e249ea451e965ed!8m2!3d43.2361735!4d-79.8641914!16s%2Fg%2F11dzt3q0dj!19sChIJExBP94eZLIgR7WXpUaSeJI4?authuser=0&hl=en&g_ep=EgoyMDI2MDgyNi4wIJJjKgBIAVAD&rclk=1
Ripple Design & Marketing,B2B marketing consultant,Hamilton ON,+1 905-291-4773,http://weareripple.ca/,office@weareripple.ca,23,https://www.google.com/maps/place/Ripple+Design+%26+Marketing/data=!4m7!3m6!1s0x627f741d696fd29f:0x2b8e91146d448b69!8m2!3d43.1878831!4d-80.0273807!16s%2Fg%2F11sysqfh73!19sChIJn9JvaR10f2IRaYtEbRSRjis?authuser=0&hl=en&g_ep=EgoyMDI2MDgyNi4wIJJjKgBIAVAD&rclk=1
Simply Optimise - Digital Marketing Services For Small Businesses,B2B marketing consultant,Hamilton ON,+1 437-261-4451,http://www.simplyoptimise.com/,info@simplyoptimise.com,21,https://www.google.com/maps/place/Simply+Optimise+-+Digital+Marketing+Services+For+Small+Businesses/data=!4m7!3m6!1s0x688fc8f758760d:0xa06023af5632b450!8m2!3d43.2197225!4d-79.6334224!16s%2Fg%2F11vdbh0c28!19sChIJDXZY98iPaAARULQyVq8jYKA?authuser=0&hl=en&g_ep=EgoyMDI2MDgyNi4wIJJjKgBIAVAD&rclk=1
Farm 6 Media,B2B marketing consultant,Hamilton ON,+1 647-746-8650,https://farm6media.com/,info@farm6media.com,,https://www.google.com/maps/place/Farm+6+Media/data=!4m7!3m6!1s0x882c992544837ecb:0x5561031c1e3609c!8m2!3d43.1929847!4d-79.8199946!16s%2Fg%2F11kh65ctgn!19sChIJy36DRCWZLIgRnGDjwTEQVgU?authuser=0&hl=en&g_ep=EgoyMDI2MDgyNi4wIJJjKgBIAVAD&rclk=1
True Marketing,B2B marketing consultant,Hamilton ON,+1 289-689-1594,https://truemarketing.ca/about-us/,contact@truemarketing.ca,10,https://www.google.com/maps/place/True+Marketing/data=!4m7!3m6!1s0x882c9965b3dc0001:0x996bdfad2516423f!8m2!3d43.234859!4d-79.8209417!16s%2Fg%2F11n93g0t3b!19sChIJAQDcs2WZLIgRP0IWJa3fa5k?authuser=0&hl=en&g_ep=EgoyMDI2MDgyNi4wIJJjKgBIAVAD&rclk=1
Sarah Nicole Branding & Marketing,B2B marketing consultant,Hamilton ON,+1 289-799-3442,https://sarahnicolevm.com/,sarah@sarahnicolevm.com,,https://www.google.com/maps/place/Sarah+Nicole+Branding+%26+Marketing/data=!4m7!3m6!1s0x882c99a3609ad0cf:0xc574174ace98f921!8m2!3d43.2391744!4d-79.8239793!16s%2Fg%2F11ld45fddh!19sChIJz9CaYKOZLIgRIfmYzkoXdMU?authuser=0&hl=en&g_ep=EgoyMDI2MDgyNi4wIJJjKgBIAVAD&rclk=1
Internet Marketing Geeks,B2B marketing consultant,Hamilton ON,+1 844-844-3154,https://internetmarketinggeeks.com/,sales@mdr.atn.mybluehost.me,,https://www.google.com/maps/place/Internet+Marketing+Geeks/data=!4m7!3m6!1s0x882c9b27b4d42ac1:0x8e15a94855464275!8m2!3d46.423669!4d-129.9427086!16s%2Fg%2F11qp4jvqhd!19sChIJwSrUtCebLIgRdUJGVUipFY4?authuser=0&hl=en&g_ep=EgoyMDI2MDgyNi4wIJJjKgBIAVAD&rclk=1
Goose Digital,B2B marketing consultant,Hamilton ON,+1 866-644-6673,https://www.goosedigital.com/,hello@goosedigital.com,49,https://www.google.com/maps/place/Goose+Digital/data=!4m7!3m6!1s0x89d4d4cd6d8ded33:0xb3423de98020f416!8m2!3d43.3844358!4d-79.7369867!16s%2Fg%2F11b63crxh3!19sChIJM-2Nbc3U1IkRFvQggOk9QrM?authuser=0&hl=en&g_ep=EgoyMDI2MDgyNi4wIJJjKgBIAVAD&rclk=1
Doctor Profit Inc,B2B consultant,Kitchener ON,+1 519-729-7214,http://www.doctorprofitinc.com/,sales@doctorprofitinc.com,,https://www.google.com/maps/place/Doctor+Profit+Inc/data=!4m7!3m6!1s0x882bf4f87e72f3e9:0x68b5b0b6fa13fb59!8m2!3d43.421068!4d-80.447074!16s%2Fg%2F11b6hxcvdl!19sChIJ6fNyfvj0K4gRWfsT-rawtWg?authuser=0&hl=en&g_ep=EgoyMDI2MDgyNi4wIJJjKgBIAVAD&rclk=1
Token Creative Services,B2B consultant,Kitchener ON,+1 519-498-5405,https://tokencs.ca/,imagine@tokencs.ca,44,https://www.google.com/maps/place/Token+Creative+Services/data=!4m7!3m6!1s0x882b8b6a0d248f71:0x56a331dd90857782!8m2!3d43.4435982!4d-80.4047591!16s%2Fg%2F11c3zxcbxh!19sChIJcY8kDWqLK4gRgneFkN0xo1Y?authuser=0&hl=en&g_ep=EgoyMDI2MDgyNi4wIJJjKgBIAVAD&rclk=1
Zazen Consulting Services,B2B consultant,Kitchener ON,+1 416-846-7132,https://www.zazenconsulting.ca/?utm_source=google&utm_medium=wix_google_business_profile&utm_campaign=6007288951595746749,info@zazenconsulting.ca,,https://www.google.com/maps/place/Zazen+Consulting+Services/data=!4m7!3m6!1s0x882bf56ce574bc5d:0xc2914e5f59dadf4e!8m2!3d43.454128!4d-80.4805594!16s%2Fg%2F11t_ld959y!19sChIJXbx05Wz1K4gRTt_aWV9OkcI?authuser=0&hl=en&g_ep=EgoyMDI2MDgyNi4wIJJjKgBIAVAD&rclk=1
Blue Leo Technologies Inc,B2B consultant,Kitchener ON,+1 647-879-0944,http://blueleotech.com/,info@blueleotech.com,,https://www.google.com/maps/place/Blue+Leo+Technologies+Inc/data=!4m7!3m6!1s0x882bf48a98ab65ed:0x3e78a6e5f7eebd0b!8m2!3d43.4541778!4d-80.4990312!16s%2Fg%2F11j7k_xt86!19sChIJ7WWrmIr0K4gRC73u9-WmeD4?authuser=0&hl=en&g_ep=EgoyMDI2MDgyNi4wIJJjKgBIAVAD&rclk=1
Parkyd Digital,B2B consultant,Kitchener ON,+1 905-226-2715,https://parkyddigital.com/b2b-digital-marketing-agency-kitchener-waterloo/,info@parkyddigital.com,38,https://www.google.com/maps/place/Parkyd+Digital/data=!4m7!3m6!1s0x882b3cb9be091db9:0xcf4a9abfbf48fed9!8m2!3d43.42537!4d-80.41681!16s%2Fg%2F11mw0q39b6!19sChIJuR0Jvrk8K4gR2f5Iv7-aSs8?authuser=0&hl=en&g_ep=EgoyMDI2MDgyNi4wIJJjKgBIAVAD&rclk=1
Stryve Digital Marketing,B2B consultant,Kitchener ON,+1 855-747-0044,https://www.stryvemarketing.com/,knockknock@stryvemarketing.com,42,https://www.google.com/maps/place/Stryve+Digital+Marketing/data=!4m7!3m6!1s0x882b8b28b860dd99:0x983a875892549632!8m2!3d43.4509118!4d-80.5135779!16s%2Fg%2F1hc9cf37m!19sChIJmd1guCiLK4gRMpZUkliHOpg?authuser=0&hl=en&g_ep=EgoyMDI2MDgyNi4wIJJjKgBIAVAD&rclk=1
Waterloo Region Small Business Centre,B2B consultant,Kitchener ON,+1 519-741-2604,https://www.waterlooregionsmallbusiness.com/,info@waterlooregionsmallbusiness.ca,28,https://www.google.com/maps/place/Waterloo+Region+Small+Business+Centre/data=!4m7!3m6!1s0x882bf4f34212bd1d:0x4db07a3221cea1f2!8m2!3d43.4501669!4d-80.4891793!16s%2Fg%2F1tt8cxkm!19sChIJHb0SQvP0K4gR8qHOITJ6sE0?authuser=0&hl=en&g_ep=EgoyMDI2MDgyNi4wIJJjKgBIAVAD&rclk=1
Virtual Causeway Inc,B2B consultant,Kitchener ON,+1 866-211-6549,http://www.virtualcauseway.com/,info@v-causeway.com,,https://www.google.com/maps/place/Virtual+Causeway+Inc/data=!4m7!3m6!1s0x882bf40d56935223:0x9d0764f7f6cf9165!8m2!3d43.4540007!4d-80.4935356!16s%2Fg%2F1th4b0n7!19sChIJI1KTVg30K4gRZZHP9vdkB50?authuser=0&hl=en&g_ep=EgoyMDI2MDgyNi4wIJJjKgBIAVAD&rclk=1
AspireCo,B2B consultant,Kitchener ON,+1 226-620-1200,https://www.aspireco.ca/,info@aspireco.ca,,https://www.google.com/maps/place/AspireCo/data=!4m7!3m6!1s0x882bf39dd847167b:0x5a69bb858d3d5a8b!8m2!3d43.4810974!4d-80.5162193!16s%2Fg%2F11q2t28mqg!19sChIJexZH2J3zK4gRi1o9jYW7aVo?authuser=0&hl=en&g_ep=EgoyMDI2MDgyNi4wIJJjKgBIAVAD&rclk=1
SDG Idea Factory,B2B consultant,Kitchener ON,+1 519-584-5599,https://www.sdgideafactory.ca/en/index.aspx,info@kitchener.ca,14,https://www.google.com/maps/place/SDG+Idea+Factory/data=!4m7!3m6!1s0x882bf579b917ded9:0x24b41e184b0d90ae!8m2!3d43.4499936!4d-80.4892303!16s%2Fg%2F11ty2bdj68!19sChIJ2d4XuXn1K4gRrpANSxgetCQ?authuser=0&hl=en&g_ep=EgoyMDI2MDgyNi4wIJJjKgBIAVAD&rclk=1
Introbox Media,B2B consultant,Kitchener ON,,https://introboxmedia.ca/,info@introboxmedia.ca,11,https://www.google.com/maps/place/Introbox+Media/data=!4m7!3m6!1s0x882b892f08229949:0x33230a836c5994f6!8m2!3d43.402829!4d-80.3443717!16s%2Fg%2F11ngj8bwd0!19sChIJSZkiCC-JK4gR9pRZbIMKIzM?authuser=0&hl=en&g_ep=EgoyMDI2MDgyNi4wIJJjKgBIAVAD&rclk=1
JONY STUDIOS,B2B consultant,Kitchener ON,+1 226-640-8077,http://www.jonystudios.com/,contact@jonystudios.com,63,https://www.google.com/maps/place/JONY+STUDIOS/data=!4m7!3m6!1s0x882bf4faca9c1775:0x1b0a3450c98103a2!8m2!3d43.4412849!4d-80.4887015!16s%2Fg%2F11f12159gv!19sChIJdRecyvr0K4gRogOByVA0Chs?authuser=0&hl=en&g_ep=EgoyMDI2MDgyNi4wIJJjKgBIAVAD&rclk=1
MarketsConnection,B2B consultant,Kitchener ON,+1 226-318-0616,https://marketsconnection.com/index.php,do-not-reply@em1598.marketsconnection.com,,https://www.google.com/maps/place/MarketsConnection/data=!4m7!3m6!1s0x8ed373e6dabd78fd:0x5f80a4d00532446b!8m2!3d43.3962227!4d-80.3231146!16s%2Fg%2F11vrvhg4jq!19sChIJ_Xi92uZz044Ra0QyBdCkgF8?authuser=0&hl=en&g_ep=EgoyMDI2MDgyNi4wIJJjKgBIAVAD&rclk=1
Quantum IT Innovation,B2B consultant,Kitchener ON,+1 587-603-6054,https://quantumitinnovation.com/,sales@quantumitinnovation.com,,https://www.google.com/maps/place/Quantum+IT+Innovation/data=!4m7!3m6!1s0x882b8907adc511df:0x4d24907c12306dc5!8m2!3d43.3957853!4d-80.3226157!16s%2Fg%2F11whrn44gt!19sChIJ3xHFrQeJK4gRxW0wEnyQJE0?authuser=0&hl=en&g_ep=EgoyMDI2MDgyNi4wIJJjKgBIAVAD&rclk=1
Martal Group,B2B consultant,Kitchener ON,+1 888-557-7769,https://martal.ca/,info@martal.ca,24,https://www.google.com/maps/place/Martal+Group/data=!4m7!3m6!1s0x882b5d30b45f3429:0xf5c55e38832aa9d5!8m2!3d43.5044233!4d-79.6718717!16s%2Fg%2F1tsyktzg!19sChIJKTRftDBdK4gR1akqgzhexfU?authuser=0&hl=en&g_ep=EgoyMDI2MDgyNi4wIJJjKgBIAVAD&rclk=1
AKB² Small Business Marketing,B2B consultant,Kitchener ON,+1 647-449-3960,http://www.akbsmallbusinessmarketing.com/,hello@akbsmallbusinessmarketing.com,11,https://www.google.com/maps/place/AKB%C2%B2+Small+Business+Marketing/data=!4m7!3m6!1s0x882b4730dd207aaf:0xef45aecca25ebd27!8m2!3d43.6008277!4d-79.6411669!16s%2Fg%2F11f01vhw5z!19sChIJr3og3TBHK4gRJ71eosyuRe8?authuser=0&hl=en&g_ep=EgoyMDI2MDgyNi4wIJJjKgBIAVAD&rclk=1
SIGMOS Consulting Corporation,business consulting firm,Kitchener ON,+1 548-398-7408,https://www.sigmos.ca/,info@sigmos.ca,,https://www.google.com/maps/place/SIGMOS+Consulting+Corporation/data=!4m7!3m6!1s0x2152c2b8341fc0f3:0xfba0f11d0c98ee2f!8m2!3d43.4297698!4d-80.4665785!16s%2Fg%2F11mrbtjlr5!19sChIJ88AfNLjCUiERL-6YDB3xoPs?authuser=0&hl=en&g_ep=EgoyMDI2MDgyNi4wIJJjKgBIAVAD&rclk=1
The Community Company,business consulting firm,Kitchener ON,,http://www.communitycompany.org/,info@communitycompany.org,11,https://www.google.com/maps/place/The+Community+Company/data=!4m7!3m6!1s0x882b9ba4d5123297:0xf9f88ab8f39538ef!8m2!3d43.4501669!4d-80.4891793!16s%2Fg%2F11h6dz_p2q!19sChIJlzIS1aSbK4gR7ziV87iK-Pk?authuser=0&hl=en&g_ep=EgoyMDI2MDgyNi4wIJJjKgBIAVAD&rclk=1
PAMT Consulting,business consulting firm,Kitchener ON,+1 548-883-7268,https://pamtconsulting.ca/,hello@ateko.com,,https://www.google.com/maps/place/PAMT+Consulting/data=!4m7!3m6!1s0x882b466cbc1fc5c1:0x39019a9649db3ab!8m2!3d43.4510934!4d-80.4925804!16s%2Fg%2F11h2jtp_hn!19sChIJwcUfvGxGK4gRq7OdZKkZkAM?authuser=0&hl=en&g_ep=EgoyMDI2MDgyNi4wIJJjKgBIAVAD&rclk=1
PEER Group Kitchener,business consulting firm,Kitchener ON,+1 519-749-9554,https://www.peergroup.com/,hr@peergroup.com,27,https://www.google.com/maps/place/PEER+Group+Kitchener/data=!4m7!3m6!1s0x882bf45f84eb98d1:0x48cc4ae9ed27c9d8!8m2!3d43.4510459!4d-80.500276!16s%2Fg%2F1thw2sn4!19sChIJ0ZjrhF_0K4gR2Mkn7elKzEg?authuser=0&hl=en&g_ep=EgoyMDI2MDgyNi4wIJJjKgBIAVAD&rclk=1
MTE Consultants Inc.,business consulting firm,Kitchener ON,+1 519-743-6500,http://www.mte85.com/,trowe@mte85.com,24,https://www.google.com/maps/place/MTE+Consultants+Inc./data=!4m7!3m6!1s0x882b8ca8d25afe01:0x90154b903193e14d!8m2!3d43.4725709!4d-80.4457308!16s%2Fg%2F1tcts9k5!19sChIJAf5a0qiMK4gRTeGTMZBLFZA?authuser=0&hl=en&g_ep=EgoyMDI2MDgyNi4wIJJjKgBIAVAD&rclk=1
NDS Consulting,business consulting firm,Kitchener ON,+1 226-749-3621,https://www.ndsconsulting.ca/about.php,service@ndsconsulting.ca,,https://www.google.com/maps/place/NDS+Consulting/data=!4m7!3m6!1s0x882bf5100d302d9b:0xf1536ec970c5568e!8m2!3d43.4508643!4d-80.488693!16s%2Fg%2F11vqh0jw0_!19sChIJmy0wDRD1K4gRjlbFcMluU_E?authuser=0&hl=en&g_ep=EgoyMDI2MDgyNi4wIJJjKgBIAVAD&rclk=1
HelpMasters Consulting,business consulting firm,Kitchener ON,+1 519-807-5061,https://helpmastersconsulting.org/about-us-2/,support@helpmastersconsulting.org,,https://www.google.com/maps/place/HelpMasters+Consulting/data=!4m7!3m6!1s0x882bf59525ad93ff:0x17aae3085b4e4ad!8m2!3d43.414593!4d-80.520765!16s%2Fg%2F11qgsg7zvn!19sChIJ_5OtJZX1K4gRreS0hTCuegE?authuser=0&hl=en&g_ep=EgoyMDI2MDgyNi4wIJJjKgBIAVAD&rclk=1
Canus Tech Inc,business consulting firm,Kitchener ON,+1 866-840-3192,http://canustech.com/,info@canustech.com,,https://www.google.com/maps/place/Canus+Tech+Inc/data=!4m7!3m6!1s0x882b34ae67922e23:0x4a86de4b173f3c83!8m2!3d43.4423074!4d-80.4964993!16s%2Fg%2F11b7hwhwl2!19sChIJIy6SZ640K4gRgzw_F0vehko?authuser=0&hl=en&g_ep=EgoyMDI2MDgyNi4wIJJjKgBIAVAD&rclk=1
GROWS - ( Tax & Accountant ),business consulting firm,Kitchener ON,+1 437-299-3419,https://www.growsfinancial.ca/,info@growsfinancial.ca,11,https://www.google.com/maps/place/GROWS+-+%28+Tax+%26+Accountant+%29/data=!4m7!3m6!1s0x882c0b7c8aaa40c5:0xe037b39696d3e5!8m2!3d43.3864027!4d-80.4802318!16s%2Fg%2F11z73jq8jz!19sChIJxUCqinwLLIgR5dOWlrM34AA?authuser=0&hl=en&g_ep=EgoyMDI2MDgyNi4wIJJjKgBIAVAD&rclk=1
TDK Consulting,business consulting firm,Kitchener ON,+1 519-781-0081,http://www.tdkcs.com/,tim.kuehn@tdkcs.com,,https://www.google.com/maps/place/TDK+Consulting/data=!4m7!3m6!1s0x882bf57a990aea93:0xa5a1d492453edaa7!8m2!3d43.4039739!4d-80.4900211!16s%2Fg%2F11b5wjwplk!19sChIJk-oKmXr1K4gRp9o-RZLUoaU?authuser=0&hl=en&g_ep=EgoyMDI2MDgyNi4wIJJjKgBIAVAD&rclk=1
LSP Canada,business consulting firm,Kitchener ON,+1 519-900-1280,http://www.lspcanada.com/,info@lspcanada.com,28,https://www.google.com/maps/place/LSP+Canada/data=!4m7!3m6!1s0x882bf51bed32268b:0xc1bf291aa4e6d8aa!8m2!3d43.4379599!4d-80.45916!16s%2Fg%2F11kc7z63qp!19sChIJiyYy7Rv1K4gRqtjmpBopv8E?authuser=0&hl=en&g_ep=EgoyMDI2MDgyNi4wIJJjKgBIAVAD&rclk=1
KAN CONSULTANCY INC.,business consulting firm,Kitchener ON,+1 519-954-1526,http://www.easycanadavisa.com/,support@easycanadavisa.com,54,https://www.google.com/maps/place/KAN+CONSULTANCY+INC./data=!4m7!3m6!1s0x882bf50186deaeaf:0x3a0926494acee0f4!8m2!3d43.4496166!4d-80.4827693!16s%2Fg%2F11lpql6np6!19sChIJr67ehgH1K4gR9ODOSkkmCTo?authuser=0&hl=en&g_ep=EgoyMDI2MDgyNi4wIJJjKgBIAVAD&rclk=1
Kitchener Executive Consultants Inc.,business consulting firm,Kitchener ON,+1 519-894-3030,http://kitchenerexecutive.com/,info@kitchenerexecutive.com,,https://www.google.com/maps/place/Kitchener+Executive+Consultants+Inc./data=!4m7!3m6!1s0x882b8b1d32c1bc5f:0x18d2eea2c5e629fb!8m2!3d43.4280189!4d-80.421444!16s%2Fg%2F1wv_svvd!19sChIJX7zBMh2LK4gR-ynmxaLu0hg?authuser=0&hl=en&g_ep=EgoyMDI2MDgyNi4wIJJjKgBIAVAD&rclk=1
MichelleNicoleMartin - Leadership Coach and Consultant,business consulting firm,Kitchener ON,,http://www.michellenicolemartin.com/,info@mcco.ca,10,https://www.google.com/maps/place/MichelleNicoleMartin+-+Leadership+Coach+and+Consultant/data=!4m7!3m6!1s0x2a6c2fcb2f8eb045:0xab2796b6e91e4ca6!8m2!3d43.3847219!4d-80.4949204!16s%2Fg%2F11s7vrsn50!19sChIJRbCOL8svbCoRpkwe6baWJ6s?authuser=0&hl=en&g_ep=EgoyMDI2MDgyNi4wIJJjKgBIAVAD&rclk=1
IHCPA Chartered Professional Accountant Kitchener Waterloo,business consulting firm,Kitchener ON,+1 647-564-9666,https://ihcpa.ca/,corporateaffairs@ihcpa.ca,32,https://www.google.com/maps/place/IHCPA+Chartered+Professional+Accountant+Kitchener+Waterloo/data=!4m7!3m6!1s0x882bf50cd4a83e29:0x3614f9b964495f9d!8m2!3d43.4049554!4d-80.5044665!16s%2Fg%2F11y8h7g_7r!19sChIJKT6o1Az1K4gRnV9JZLn5FDY?authuser=0&hl=en&g_ep=EgoyMDI2MDgyNi4wIJJjKgBIAVAD&rclk=1
Zeit Consulting Inc.,business consulting firm,Kitchener ON,,https://www.zeitconsultinginc.com/,seun@zeitconsultinginc.com,,https://www.google.com/maps/place/Zeit+Consulting+Inc./data=!4m7!3m6!1s0x882bf55c2f01844b:0x1b232347538210cc!8m2!3d43.4564334!4d-80.4606815!16s%2Fg%2F11y3ctf59p!19sChIJS4QBL1z1K4gRzBCCU0cjIxs?authuser=0&hl=en&g_ep=EgoyMDI2MDgyNi4wIJJjKgBIAVAD&rclk=1
GEI Consultants Canada Ltd,business consulting firm,Kitchener ON,+1 519-748-1440,https://www.gmblueplan.ca/?utm_source=gmb&utm_medium=organic&utm_campaign=kitchener,info@geiconsultants.com,,https://www.google.com/maps/place/GEI+Consultants+Canada+Ltd/data=!4m7!3m6!1s0x882bf54e2bb91095:0xe137695065e5bcdc!8m2!3d43.4024477!4d-80.4648526!16s%2Fg%2F1tfjrbh_!19sChIJlRC5K071K4gR3LzlZVBpN-E?authuser=0&hl=en&g_ep=EgoyMDI2MDgyNi4wIJJjKgBIAVAD&rclk=1
Thunder Immigration Consultancy Services,business consulting firm,Kitchener ON,+1 647-575-3020,http://www.thunderimmigration.ca/,info@thunderimmigration.ca,154,https://www.google.com/maps/place/Thunder+Immigration+Consultancy+Services/data=!4m7!3m6!1s0x46d3c6c6fe26a985:0x5ed7c210c663e54a!8m2!3d43.4525289!4d-80.4835312!16s%2Fg%2F11y3clz33g!19sChIJhakm_sbG00YRSuVjxhDC114?authuser=0&hl=en&g_ep=EgoyMDI2MDgyNi4wIJJjKgBIAVAD&rclk=1
Iris HR,management consulting,Kitchener ON,+1 226-236-5309,https://www.iris-hr.com/,hello@iris-hr.com,17,https://www.google.com/maps/place/Iris+HR/data=!4m7!3m6!1s0xa36bbe1d07c6c151:0x70780664ac22944e!8m2!3d43.4228605!4d-80.4493739!16s%2Fg%2F11srz__p66!19sChIJUcHGBx2-a6MRTpQirGQGeHA?authuser=0&hl=en&g_ep=EgoyMDI2MDgyNi4wIJJjKgBIAVAD&rclk=1
Waverton Management Inc.,management consulting,Kitchener ON,+1 647-782-9800,https://wavertonmanagement.com/,eben@eyebytes.com,,https://www.google.com/maps/place/Waverton+Management+Inc./data=!4m7!3m6!1s0x882bf5525982db9f:0xef83937c2c8842a3!8m2!3d43.4525008!4d-80.4979091!16s%2Fg%2F11gpnfdqp4!19sChIJn9uCWVL1K4gRo0KILHyTg-8?authuser=0&hl=en&g_ep=EgoyMDI2MDgyNi4wIJJjKgBIAVAD&rclk=1
CatalystHR Partners,management consulting,Kitchener ON,+1 548-398-4114,https://catalysthrpartners.ca/,info@catalysthrpartners.ca,,https://www.google.com/maps/place/CatalystHR+Partners/data=!4m7!3m6!1s0x882bf3c58f5a1ef5:0xfa25e928dac8e180!8m2!3d43.4509118!4d-80.5135779!16s%2Fg%2F11ytp7kzyn!19sChIJ9R5aj8XzK4gRgOHI2ijpJfo?authuser=0&hl=en&g_ep=EgoyMDI2MDgyNi4wIJJjKgBIAVAD&rclk=1
KGraph Education & Immigration Consultancy,management consulting,Kitchener ON,+1 416-989-7788,http://www.kgraph.ca/,ninfo@kgraph.ca,18,https://www.google.com/maps/place/KGraph+Education+%26+Immigration+Consultancy/data=!4m7!3m6!1s0x882bf50bd9292227:0x29b77b5c9911367c!8m2!3d43.441459!4d-80.4738456!16s%2Fg%2F11mxjshrv6!19sChIJJyIp2Qv1K4gRfDYRmVx7tyk?authuser=0&hl=en&g_ep=EgoyMDI2MDgyNi4wIJJjKgBIAVAD&rclk=1
Hussey Philanthropic Consulting Inc.,management consulting,Kitchener ON,+1 226-747-7878,https://www.husseyphilanthropic.com/,jeremy.schuurman@gmail.com,19,https://www.google.com/maps/place/Hussey+Philanthropic+Consulting+Inc./data=!4m7!3m6!1s0x882b7ea12de50cad:0x5b7d6ad0f239640a!8m2!3d43.4509118!4d-80.5135779!16s%2Fg%2F11b5wphykt!19sChIJrQzlLaF-K4gRCmQ58tBqfVs?authuser=0&hl=en&g_ep=EgoyMDI2MDgyNi4wIJJjKgBIAVAD&rclk=1
AET Group Inc.,management consulting,Kitchener ON,+1 519-576-9723,http://www.aet98.com/,info@aet98.com,,https://www.google.com/maps/place/AET+Group+Inc./data=!4m7!3m6!1s0x882b89c4eb7df723:0x48cfc593c2517387!8m2!3d43.4620539!4d-80.479756!16s%2Fg%2F1tg3br6l!19sChIJI_d968SJK4gRh3NRwpPFz0g?authuser=0&hl=en&g_ep=EgoyMDI2MDgyNi4wIJJjKgBIAVAD&rclk=1
Royal York Property Management - Kitchener,management consulting,Kitchener ON,+1 226-499-5629,https://royalyorkpropertymanagement.ca/kitchener-owners/,europe@royalyorkpm.com,255,https://www.google.com/maps/place/Royal+York+Property+Management+-+Kitchener/data=!4m7!3m6!1s0x882bf53233e50dfb:0x334f379ccbe87d76!8m2!3d43.4478784!4d-80.4841427!16s%2Fg%2F11qn7fp_b_!19sChIJ-w3lMzL1K4gRdn3oy5w3TzM?authuser=0&hl=en&g_ep=EgoyMDI2MDgyNi4wIJJjKgBIAVAD&rclk=1
The College Partner,management consulting,Kitchener ON,+1 226-899-5323,https://thecollegepartner.com/,info@thecollegepartner.com,28,https://www.google.com/maps/place/The+College+Partner/data=!4m7!3m6!1s0x882b8ba1cee260bb:0x270cdd59268320f1!8m2!3d43.4209793!4d-80.4476892!16s%2Fg%2F11j1m2ybtg!19sChIJu2DizqGLK4gR8SCDJlndDCc?authuser=0&hl=en&g_ep=EgoyMDI2MDgyNi4wIJJjKgBIAVAD&rclk=1
Crescendo Sales,B2B sales consultant,Kitchener ON,+1 226-600-9579,https://crescendosales.ca/,info@crescendosales.ca,11,https://www.google.com/maps/place/Crescendo+Sales/data=!4m7!3m6!1s0x882bf55ff5551425:0xba297a214b58d64!8m2!3d43.4111807!4d-80.4497538!16s%2Fg%2F11svxmmhcb!19sChIJJRRV9V_1K4gRZI21FKKXogs?authuser=0&hl=en&g_ep=EgoyMDI2MDgyNi4wIJJjKgBIAVAD&rclk=1
Look Now Deals,B2B sales consultant,Kitchener ON,+1 855-421-3325,https://www.looknowdeals.ca/,info@looknowdeals.ca,,https://www.google.com/maps/place/Look+Now+Deals/data=!4m7!3m6!1s0x882b8bfbe5b43f07:0xa86a338e65b49a9c!8m2!3d43.4209793!4d-80.4476892!16s%2Fg%2F11lgzs5yp4!19sChIJBz-05fuLK4gRnJq0ZY4zaqg?authuser=0&hl=en&g_ep=EgoyMDI2MDgyNi4wIJJjKgBIAVAD&rclk=1
Convex Studio Ltd,B2B sales consultant,Kitchener ON,+1 226-444-3606,https://www.convexstudio.ca/,info@convexstudio.ca,32,https://www.google.com/maps/place/Convex+Studio+Ltd/data=!4m7!3m6!1s0x882c77b7714523dd:0x77a8eccf77dc589c!8m2!3d43.3546944!4d-80.2889386!16s%2Fg%2F1tggp8b0!19sChIJ3SNFcbd3LIgRnFjcd8_sqHc?authuser=0&hl=en&g_ep=EgoyMDI2MDgyNi4wIJJjKgBIAVAD&rclk=1
Ontario Business Brokers,B2B sales consultant,Kitchener ON,+1 519-590-8305,https://ontariobusinessbrokers.ca/,inquiry@ontariobusinessbrokers.ca,,https://www.google.com/maps/place/Ontario+Business+Brokers/data=!4m7!3m6!1s0x882bf140250756ff:0xad8f73c1ade8887d!8m2!3d43.4976421!4d-80.5473278!16s%2Fg%2F11lp80pk89!19sChIJ_1YHJUDxK4gRfYjorcFzj60?authuser=0&hl=en&g_ep=EgoyMDI2MDgyNi4wIJJjKgBIAVAD&rclk=1
Retailr AI - AI Powered In-Store Customer Engagement Digital Signage Solutions,B2B sales consultant,Kitchener ON,+1 647-232-9742,https://www.retailr.ai/,hello@retailr.ai,10,https://www.google.com/maps/place/Retailr+AI+-+AI+Powered+In-Store+Customer+Engagement+Digital+Signage+Solutions/data=!4m7!3m6!1s0x882bf53bdbac30eb:0xaacb78d1d0f1d50b!8m2!3d43.4509118!4d-80.5135779!16s%2Fg%2F11w_mxbtp6!19sChIJ6zCs2zv1K4gRC9Xx0NF4y6o?authuser=0&hl=en&g_ep=EgoyMDI2MDgyNi4wIJJjKgBIAVAD&rclk=1
Evergreen Digital Marketing,B2B marketing consultant,Kitchener ON,+1 844-383-2337,https://evergreendm.com/,info@evergreendm.com,39,https://www.google.com/maps/place/Evergreen+Digital+Marketing/data=!4m7!3m6!1s0x882b8b6e8de1a6cd:0x7ff60cd1c683809!8m2!3d43.4401099!4d-80.4736313!16s%2Fg%2F1pv1hb4bb!19sChIJzabhjW6LK4gRCThoHM1g_wc?authuser=0&hl=en&g_ep=EgoyMDI2MDgyNi4wIJJjKgBIAVAD&rclk=1
TKA,B2B marketing consultant,Kitchener ON,+1 519-732-7491,https://tkamarketing.agency/,micah@micahrich.com,,https://www.google.com/maps/place/TKA/data=!4m7!3m6!1s0x882bf5d1e8dcf805:0x525515278d25776f!8m2!3d43.4499365!4d-80.4904389!16s%2Fg%2F11vz94d81h!19sChIJBfjc6NH1K4gRb3cljScVVVI?authuser=0&hl=en&g_ep=EgoyMDI2MDgyNi4wIJJjKgBIAVAD&rclk=1
SETMedia Digital Marketing Agency | Kitchener,B2B marketing consultant,Kitchener ON,+1 226-400-9262,http://setmedia.ca/,info@setmedia.ca,,https://www.google.com/maps/place/SETMedia+Digital+Marketing+Agency+%7C+Kitchener/data=!4m7!3m6!1s0x882bf4f2f83fffff:0x5d56e9e13bf778ef!8m2!3d43.4499365!4d-80.4904389!16s%2Fg%2F11fj6x90m_!19sChIJ__8_-PL0K4gR73j3O-HpVl0?authuser=0&hl=en&g_ep=EgoyMDI2MDgyNi4wIJJjKgBIAVAD&rclk=1
TDM Agency (Tactical Digital Marketing Agency) Kitchener - Waterloo,B2B marketing consultant,Kitchener ON,+1 519-807-8095,https://www.tdmagency.com/,info@tdmagency.com,13,https://www.google.com/maps/place/TDM+Agency+%28Tactical+Digital+Marketing+Agency%29+Kitchener+-+Waterloo/data=!4m7!3m6!1s0x882bf5cc66f22e6d:0x3fa4f19da076b7e0!8m2!3d43.4539909!4d-80.4994711!16s%2Fg%2F11c2kjsddf!19sChIJbS7yZsz1K4gR4Ld2oJ3xpD8?authuser=0&hl=en&g_ep=EgoyMDI2MDgyNi4wIJJjKgBIAVAD&rclk=1
The Marketing Factory,B2B marketing consultant,Kitchener ON,+1 226-338-2401,https://www.themarketingfactory.ca/,grow@themarketingfactory.ca,10,https://www.google.com/maps/place/The+Marketing+Factory/data=!4m7!3m6!1s0x882bf47672236e57:0x145762b54173a96!8m2!3d43.471975!4d-80.5154758!16s%2Fg%2F11d_x3_h1m!19sChIJV24jcnb0K4gRljoXVCt2RQE?authuser=0&hl=en&g_ep=EgoyMDI2MDgyNi4wIJJjKgBIAVAD&rclk=1
Creative Muse Marketing Inc.,B2B marketing consultant,Kitchener ON,+1 647-619-7047,https://www.creativemuse.ca/,info@creativemuse.ca,,https://www.google.com/maps/place/Creative+Muse+Marketing+Inc./data=!4m7!3m6!1s0x882b3fe50f04648b:0x86e1c97f45cdbd3a!8m2!3d43.4250035!4d-80.4473835!16s%2Fg%2F11jnp14g_9!19sChIJi2QED-U_K4gROr3NRX_J4YY?authuser=0&hl=en&g_ep=EgoyMDI2MDgyNi4wIJJjKgBIAVAD&rclk=1
Brand Buzzar,B2B marketing consultant,Kitchener ON,+1 226-966-4112,https://brandbuzzar.com/digital-marketing-agency-in-canada/,info@brandbuzzar.com,,https://www.google.com/maps/place/Brand+Buzzar/data=!4m7!3m6!1s0x850d8a0add6fefe5:0x8e96f98b990cfeff!8m2!3d46.0709416!4d-99.235669!16s%2Fg%2F11wfhqtbtj!19sChIJ5e9v3QqKDYUR__4MmYv5lo4?authuser=0&hl=en&g_ep=EgoyMDI2MDgyNi4wIJJjKgBIAVAD&rclk=1
Barefoot Creative,B2B marketing consultant,Kitchener ON,+1 519-571-5058,https://www.barefootcreative.com/,info@barefootcreative.com,,https://www.google.com/maps/place/Barefoot+Creative/data=!4m7!3m6!1s0x882bf48dffe322c1:0x1aa06018a70b7997!8m2!3d43.4429345!4d-80.4781088!16s%2Fg%2F1tfk9nlq!19sChIJwSLj_430K4gRl3kLpxhgoBo?authuser=0&hl=en&g_ep=EgoyMDI2MDgyNi4wIJJjKgBIAVAD&rclk=1
Him & Her Inc,B2B marketing consultant,Kitchener ON,+1 226-750-7102,http://himandher.ca/,info@himandher.ca,13,https://www.google.com/maps/place/Him+%26+Her+Inc/data=!4m7!3m6!1s0x882c073177a8e6c3:0x75ae6b91bf92500b!8m2!3d43.4515477!4d-80.4950016!16s%2Fg%2F1pp2wz5yb!19sChIJw-aodzEHLIgRC1CSv5FrrnU?authuser=0&hl=en&g_ep=EgoyMDI2MDgyNi4wIJJjKgBIAVAD&rclk=1
Tweaked SEO,B2B marketing consultant,Kitchener ON,+1 519-496-7378,https://www.tweakedseo.com/,info@tweakedseo.com,10,https://www.google.com/maps/place/Tweaked+SEO/data=!4m7!3m6!1s0x882c7535e10965fb:0x3f4d467597df54bc!8m2!3d43.3816579!4d-80.4412174!16s%2Fg%2F11rn8bt4z1!19sChIJ-2UJ4TV1LIgRvFTfl3VGTT8?authuser=0&hl=en&g_ep=EgoyMDI2MDgyNi4wIJJjKgBIAVAD&rclk=1
Studio Locale,B2B marketing consultant,Kitchener ON,+1 226-444-2076,https://www.studiolocale.com/,business@studiolocale.com,,https://www.google.com/maps/place/Studio+Locale/data=!4m7!3m6!1s0x882bf4f4bc133f3f:0x45de630ac0f2a388!8m2!3d43.456015!4d-80.491676!16s%2Fg%2F1hm62wfd7!19sChIJPz8TvPT0K4gRiKPywApj3kU?authuser=0&hl=en&g_ep=EgoyMDI2MDgyNi4wIJJjKgBIAVAD&rclk=1
"DotConnex - Website Design, Digital Marketing & SEO Specialists Ontario",B2B marketing consultant,Kitchener ON,+1 226-808-3848,https://dotconnex.com/,steve@dotconnex.com,,"https://www.google.com/maps/place/DotConnex+-+Website+Design,+Digital+Marketing+%26+SEO+Specialists+Ontario/data=!4m7!3m6!1s0x4a59c8f83dd390af:0xb0b9ab488c3857c!8m2!3d43.3865346!4d-80.4555664!16s%2Fg%2F11sw_r163y!19sChIJr5DTPfjIWUoRfIXDiLSaCws?authuser=0&hl=en&g_ep=EgoyMDI2MDgyNi4wIJJjKgBIAVAD&rclk=1"
KW Digital Solutions,B2B marketing consultant,Kitchener ON,+1 519-741-7641,https://www.kwdigitalsolutions.com/,nola.young@kwdigitalsolutions.com,12,https://www.google.com/maps/place/KW+Digital+Solutions/data=!4m7!3m6!1s0x882b8c8f8cef613f:0x67d70f2bb6f727a3!8m2!3d43.4338225!4d-80.4628277!16s%2Fg%2F11cmp5k4zd!19sChIJP2HvjI-MK4gRoyf3tisP12c?authuser=0&hl=en&g_ep=EgoyMDI2MDgyNi4wIJJjKgBIAVAD&rclk=1
Globalmark,B2B marketing consultant,Kitchener ON,+1 800-510-9214,https://globalmarkmarketingagency.godaddysites.com/,contact@sansoxygen.com,12,https://www.google.com/maps/place/Globalmark/data=!4m7!3m6!1s0x882bf5c3db72ee13:0xe190abd72a0ec898!8m2!3d43.4075122!4d-79.8149905!16s%2Fg%2F11h12twv02!19sChIJE-5y28P1K4gRmMgOKterkOE?authuser=0&hl=en&g_ep=EgoyMDI2MDgyNi4wIJJjKgBIAVAD&rclk=1
TrafficSoda,B2B marketing consultant,Kitchener ON,+1 519-584-2116,https://www.trafficsoda.com/,hello@trafficsoda.com,,https://www.google.com/maps/place/TrafficSoda/data=!4m7!3m6!1s0x882b9aea25a55555:0xdb3e33c422f875b9!8m2!3d43.4590694!4d-80.4864152!16s%2Fg%2F11c2l25h5c!19sChIJVVWlJeqaK4gRuXX4IsQzPts?authuser=0&hl=en&g_ep=EgoyMDI2MDgyNi4wIJJjKgBIAVAD&rclk=1
Profitworks Marketing Services,B2B marketing consultant,Kitchener ON,+1 226-241-7827,http://www.profitworks.ca/,info@profitworks.ca,10,https://www.google.com/maps/place/Profitworks+Marketing+Services/data=!4m7!3m6!1s0x882bf3aa3fbb93ff:0x5b3a33f26893b8de!8m2!3d43.5951465!4d-80.3558524!16s%2Fg%2F1tjjp_vn!19sChIJ_5O7P6rzK4gR3riTaPIzOls?authuser=0&hl=en&g_ep=EgoyMDI2MDgyNi4wIJJjKgBIAVAD&rclk=1
Cardinal Media,B2B marketing consultant,Kitchener ON,+1 519-804-4977,http://cardinalmedia.ca/,info@cardinalpromo.ca,16,https://www.google.com/maps/place/Cardinal+Media/data=!4m7!3m6!1s0x882bf4f9b5fc7a2f:0x3afe17fd0fc04806!8m2!3d43.4421438!4d-80.4961329!16s%2Fg%2F1tf4fp33!19sChIJL3r8tfn0K4gRBkjAD_0X_jo?authuser=0&hl=en&g_ep=EgoyMDI2MDgyNi4wIJJjKgBIAVAD&rclk=1
Tactycs Digital Marketing,B2B marketing consultant,Kitchener ON,+1 519-998-6654,http://tactycs.io/,sales@tactycs.io,23,https://www.google.com/maps/place/Tactycs+Digital+Marketing/data=!4m7!3m6!1s0x882bf7a7dc5c6e11:0xec0314bd83788527!8m2!3d43.4634326!4d-80.3898235!16s%2Fg%2F11j2gsbnwy!19sChIJEW5c3Kf3K4gRJ4V4g70UA-w?authuser=0&hl=en&g_ep=EgoyMDI2MDgyNi4wIJJjKgBIAVAD&rclk=1
Ezdoe Digital Marketing,B2B marketing consultant,Kitchener ON,+1 519-697-6166,https://ezdoe.com/,info@ezdoe.com,,https://www.google.com/maps/place/Ezdoe+Digital+Marketing/data=!4m7!3m6!1s0x882c0b0b6c52fa9b:0xa9494c72c2b76553!8m2!3d43.4071656!4d-80.5024407!16s%2Fg%2F11ppl6mfdc!19sChIJm_pSbAsLLIgRU2W3wnJMSak?authuser=0&hl=en&g_ep=EgoyMDI2MDgyNi4wIJJjKgBIAVAD&rclk=1
Blue Zebra Marketing,B2B marketing consultant,Kitchener ON,+1 519-577-6042,https://bluezebramarketing.com/,contact@bluezebramarketing.com,,https://www.google.com/maps/place/Blue+Zebra+Marketing/data=!4m7!3m6!1s0x882bf5a103834395:0x6449763166329892!8m2!3d43.4627905!4d-80.498669!16s%2Fg%2F11f7klr5hl!19sChIJlUODA6H1K4gRkpgyZjF2SWQ?authuser=0&hl=en&g_ep=EgoyMDI2MDgyNi4wIJJjKgBIAVAD&rclk=1
Acumen Business Consulting Inc.,business consulting firm,London ON,+1 519-701-6161,https://www.acumenconsulting.ca/,info@acumenconsulting.ca,23,https://www.google.com/maps/place/Acumen+Business+Consulting+Inc./data=!4m7!3m6!1s0x882ef333db11de97:0x42b7d621024783ad!8m2!3d42.9827394!4d-81.2474692!16s%2Fg%2F11q25sx9qc!19sChIJl94R2zPzLogRrYNHAiHWt0I?authuser=0&hl=en&g_ep=EgoyMDI2MDgyNi4wIJJjKgBIAVAD&rclk=1
Thrive Trusted Business Advisors,business consulting firm,London ON,+1 519-641-3880,http://www.thriveservices.ca/,contact@thriveservices.ca,,https://www.google.com/maps/place/Thrive+Trusted+Business+Advisors/data=!4m7!3m6!1s0x882ef3a0452295d1:0x3c636577140a419c!8m2!3d42.9871956!4d-81.2443958!16s%2Fg%2F11ghq07f4q!19sChIJ0ZUiRaDzLogRnEEKFHdlYzw?authuser=0&hl=en&g_ep=EgoyMDI2MDgyNi4wIJJjKgBIAVAD&rclk=1
Kadmar Inc,business consulting firm,London ON,+1 519-362-7468,https://kadmarinc.com/,info@kadmarinc.com,24,https://www.google.com/maps/place/Kadmar+Inc/data=!4m7!3m6!1s0xdf4c6a52e97e06b:0xba7c4fc06f8a88b2!8m2!3d42.936564!4d-81.2701017!16s%2Fg%2F11ml18chkr!19sChIJa-CXLqXG9A0RsoiKb8BPfLo?authuser=0&hl=en&g_ep=EgoyMDI2MDgyNi4wIJJjKgBIAVAD&rclk=1
SagePath Consulting Ltd.,business consulting firm,London ON,+1 226-242-1238,https://sagepathconsulting.com/,info@sagepathconsulting.com,,https://www.google.com/maps/place/SagePath+Consulting+Ltd./data=!4m7!3m6!1s0x882ef348dfc3f4e9:0x749c89700a26eaec!8m2!3d42.9826315!4d-81.2473659!16s%2Fg%2F11vsdf90j7!19sChIJ6fTD30jzLogR7OomCnCJnHQ?authuser=0&hl=en&g_ep=EgoyMDI2MDgyNi4wIJJjKgBIAVAD&rclk=1
Mediums Hub,business consulting firm,London ON,+1 226-503-1072,https://mediumshub.ca/,office@mediumshub.ca,,https://www.google.com/maps/place/Mediums+Hub/data=!4m7!3m6!1s0x882ef3ff28830059:0x7e2411a52a21194d!8m2!3d42.9860513!4d-81.2452577!16s%2Fg%2F11z4sqs55d!19sChIJWQCDKP_zLogRTRkhKqURJH4?authuser=0&hl=en&g_ep=EgoyMDI2MDgyNi4wIJJjKgBIAVAD&rclk=1
Boost Business Solutions,business consulting firm,London ON,+1 647-250-1767,https://www.boostbiz.ca/,careers@boostbiz.ca,12,https://www.google.com/maps/place/Boost+Business+Solutions/data=!4m7!3m6!1s0x89d4d30d8156b9a5:0xc374f770d6cf465e!8m2!3d42.9838239!4d-81.2471446!16s%2Fg%2F11jsjl8h12!19sChIJpblWgQ3T1IkRXkbP1nD3dMM?authuser=0&hl=en&g_ep=EgoyMDI2MDgyNi4wIJJjKgBIAVAD&rclk=1
FBC Farm and Small Business Tax Consultants,business consulting firm,London ON,+1 519-453-5040,https://fbc.ca/,fbc@fbc.ca,170,https://www.google.com/maps/place/FBC+Farm+and+Small+Business+Tax+Consultants/data=!4m7!3m6!1s0x882eed2cb9624f23:0xbe497896acde799e!8m2!3d43.0176265!4d-81.1799858!16s%2Fg%2F1tf0895v!19sChIJI09iuSztLogRnnnerJZ4Sb4?authuser=0&hl=en&g_ep=EgoyMDI2MDgyNi4wIJJjKgBIAVAD&rclk=1
Meridian Edge Consulting,business consulting firm,London ON,+1 519-439-7503,http://www.meridianedgeconsulting.com/,contact@meridianedgeconsulting.com,,https://www.google.com/maps/place/Meridian+Edge+Consulting/data=!4m7!3m6!1s0x882ef18a06ad021b:0xa1796a2a208b5194!8m2!3d42.9875822!4d-81.243911!16s%2Fg%2F1wl4r7fg!19sChIJGwKtBorxLogRlFGLICpqeaE?authuser=0&hl=en&g_ep=EgoyMDI2MDgyNi4wIJJjKgBIAVAD&rclk=1
London Small Business Centre,business consulting firm,London ON,+1 519-659-2882,https://www.sbcentre.ca/,info@sbcentre.ca,125,https://www.google.com/maps/place/London+Small+Business+Centre/data=!4m7!3m6!1s0x882ef2713f265b9b:0x736ba123a8848965!8m2!3d42.9903063!4d-81.22039!16s%2Fg%2F1tdk5tw_!19sChIJm1smP3HyLogRZYmEqCOha3M?authuser=0&hl=en&g_ep=EgoyMDI2MDgyNi4wIJJjKgBIAVAD&rclk=1
Money matrix accounting inc.,business consulting firm,London ON,+1 416-619-0299,http://moneymatrixaccounting.ca/,%20info@moneymatrixaccounting.ca,81,https://www.google.com/maps/place/Money+matrix+accounting+inc./data=!4m7!3m6!1s0x882ef198f27155bb:0x9bbb7e7a0d5fe7b5!8m2!3d42.9339692!4d-81.2592334!16s%2Fg%2F11x_bjk301!19sChIJu1Vx8pjxLogRtedfDXp-u5s?authuser=0&hl=en&g_ep=EgoyMDI2MDgyNi4wIJJjKgBIAVAD&rclk=1
Lexcor Business Lawyers LLP,business consulting firm,London ON,+1 519-858-2222,https://www.lexcor.ca/,info@lexcor.ca,13,https://www.google.com/maps/place/Lexcor+Business+Lawyers+LLP/data=!4m7!3m6!1s0x882ef20054ced885:0x8e0f4e630d774c3c!8m2!3d42.9886032!4d-81.2403649!16s%2Fg%2F1vl5hf31!19sChIJhdjOVADyLogRPEx3DWNOD44?authuser=0&hl=en&g_ep=EgoyMDI2MDgyNi4wIJJjKgBIAVAD&rclk=1
McLean & Company,business consulting firm,London ON,+1 877-281-0480,https://hr.mcleanco.com/,servicedesk@infotech.com,,https://www.google.com/maps/place/McLean+%26+Company/data=!4m7!3m6!1s0x882ef1f5e076aaab:0x540a43d23953ae0a!8m2!3d42.9804619!4d-81.2532385!16s%2Fg%2F11jwlzggzq!19sChIJq6p24PXxLogRCq5TOdJDClQ?authuser=0&hl=en&g_ep=EgoyMDI2MDgyNi4wIJJjKgBIAVAD&rclk=1
Locke Consulting Inc.,business consulting firm,London ON,+1 519-646-2222,http://www.fixmydebt.ca/,info@fixmydebt.ca,36,https://www.google.com/maps/place/Locke+Consulting+Inc./data=!4m7!3m6!1s0x882ef2029b955555:0xa4dabc4d35dad2f8!8m2!3d42.9769569!4d-81.23835!16s%2Fg%2F11b5wf5wfp!19sChIJVVWVmwLyLogR-NLaNU282qQ?authuser=0&hl=en&g_ep=EgoyMDI2MDgyNi4wIJJjKgBIAVAD&rclk=1
Canadian Accounting & Financial Services,business consulting firm,London ON,+1 519-452-1325,https://www.canadianaccountingfirm.ca/,info@canadianaccountingfirm.ca,112,https://www.google.com/maps/place/Canadian+Accounting+%26+Financial+Services/data=!4m7!3m6!1s0x882ef1dd708fe979:0xfc30dc4bf1fd5285!8m2!3d42.9889168!4d-81.274531!16s%2Fg%2F1tgh863p!19sChIJeemPcN3xLogRhVL98UvcMPw?authuser=0&hl=en&g_ep=EgoyMDI2MDgyNi4wIJJjKgBIAVAD&rclk=1
True Leaves Consulting,business consulting firm,London ON,,http://www.trueleavesconsulting.com/,info@trueleavesconsulting.com,,https://www.google.com/maps/place/True+Leaves+Consulting/data=!4m7!3m6!1s0xafd6366f8227db9f:0xee82d24af973bad3!8m2!3d42.9900117!4d-81.2203722!16s%2Fg%2F11nbl32k02!19sChIJn9sngm821q8R07pz-UrSgu4?authuser=0&hl=en&g_ep=EgoyMDI2MDgyNi4wIJJjKgBIAVAD&rclk=1
Ford Keast LLP,business consulting firm,London ON,+1 519-679-9330,http://www.fordkeast.com/,info@fordkeast.com,14,https://www.google.com/maps/place/Ford+Keast+LLP/data=!4m7!3m6!1s0x882ef20802cc04f5:0x9f0dec8246e45174!8m2!3d42.9939987!4d-81.2400502!16s%2Fg%2F1tfb2m_t!19sChIJ9QTMAgjyLogRdFHkRoLsDZ8?authuser=0&hl=en&g_ep=EgoyMDI2MDgyNi4wIJJjKgBIAVAD&rclk=1
Outsourced Management for Health and Safety,management consulting,London ON,+1 226-781-7154,https://omhas.ca/,omhas@omhas.ca,42,https://www.google.com/maps/place/Outsourced+Management+for+Health+and+Safety/data=!4m7!3m6!1s0x882ef10a2b5f87cb:0xe93d03a1860e3ce7!8m2!3d42.9391574!4d-81.2766855!16s%2Fg%2F11fhsjxwkk!19sChIJy4dfKwrxLogR5zwOhqEDPek?authuser=0&hl=en&g_ep=EgoyMDI2MDgyNi4wIJJjKgBIAVAD&rclk=1
Enerth Consulting Ltd.,management consulting,London ON,+1 519-707-2653,https://enerthconsulting.com/,enerth@enerthconsulting.com,,https://www.google.com/maps/place/Enerth+Consulting+Ltd./data=!4m7!3m6!1s0x2e16ea8d344005a5:0xe7d3d9910f2429e0!8m2!3d42.9768981!4d-81.2385024!16s%2Fg%2F11z475bg5t!19sChIJpQVANI3qFi4R4CkkD5HZ0-c?authuser=0&hl=en&g_ep=EgoyMDI2MDgyNi4wIJJjKgBIAVAD&rclk=1
Goodyear Emergency Management Consulting,management consulting,London ON,+1 226-236-6443,http://gemconsult.ca/,perron@gemconsult.ca,,https://www.google.com/maps/place/Goodyear+Emergency+Management+Consulting/data=!4m7!3m6!1s0xad10a2f4736fec29:0x4578a35d92b07b44!8m2!3d42.9635!4d-81.2856293!16s%2Fg%2F11sjd6m1l9!19sChIJKexvc_SiEK0RRHuwkl2jeEU?authuser=0&hl=en&g_ep=EgoyMDI2MDgyNi4wIJJjKgBIAVAD&rclk=1
Hadary Consulting Services Ltd.,management consulting,London ON,+1 519-639-9642,http://hcs-epc.ca/,mh@hcs-epc.ca,,https://www.google.com/maps/place/Hadary+Consulting+Services+Ltd./data=!4m7!3m6!1s0x882ef3c6dc1aaaab:0x7fa7e078683dbdb7!8m2!3d42.9412996!4d-81.232988!16s%2Fg%2F11r4sqg0_c!19sChIJq6oa3MbzLogRt709aHjgp38?authuser=0&hl=en&g_ep=EgoyMDI2MDgyNi4wIJJjKgBIAVAD&rclk=1
Unique Training & Development Inc.,management consulting,London ON,+1 226-777-0147,http://www.uniquedevelopment.com/,info@uniquedevelopment.com,11,https://www.google.com/maps/place/Unique+Training+%26+Development+Inc./data=!4m7!3m6!1s0x882ef21dcb38263d:0xb43f12c5979ec52c!8m2!3d42.98095!4d-81.24924!16s%2Fg%2F1tkc2rjp!19sChIJPSY4yx3yLogRLMWel8USP7Q?authuser=0&hl=en&g_ep=EgoyMDI2MDgyNi4wIJJjKgBIAVAD&rclk=1
ManagePoint Technologies,management consulting,London ON,+1 844-914-1706,http://managepoint.ca/,info@managepoint.ca,68,https://www.google.com/maps/place/ManagePoint+Technologies/data=!4m7!3m6!1s0x882e95387daece2b:0x37106d54584533a3!8m2!3d42.9870604!4d-81.2221065!16s%2Fg%2F11j7h6gxkv!19sChIJK86ufTiVLogRozNFWFRtEDc?authuser=0&hl=en&g_ep=EgoyMDI2MDgyNi4wIJJjKgBIAVAD&rclk=1
StudyRep Management Services,management consulting,London ON,+1 902-918-3151,http://www.studyrep.ca/,info@studyrep.ca,,https://www.google.com/maps/place/StudyRep+Management+Services/data=!4m7!3m6!1s0x882ef163a66ecee5:0xd968793858346e22!8m2!3d42.9517034!4d-81.2584337!16s%2Fg%2F11y45xxms8!19sChIJ5c5upmPxLogRIm40WDh5aNk?authuser=0&hl=en&g_ep=EgoyMDI2MDgyNi4wIJJjKgBIAVAD&rclk=1
MY Immigration,management consulting,London ON,+1 226-961-3008,https://myimmigrationservices.ca/,info@myimmigrationservices.ca,216,https://www.google.com/maps/place/MY+Immigration/data=!4m7!3m6!1s0x882ef1e3b5f15933:0x7b5f353642632a29!8m2!3d42.9507264!4d-81.2522137!16s%2Fg%2F11t30jg4xn!19sChIJM1nxtePxLogRKSpjQjY1X3s?authuser=0&hl=en&g_ep=EgoyMDI2MDgyNi4wIJJjKgBIAVAD&rclk=1
Hello West Immigration Consultancy Services Inc.,management consulting,London ON,+1 647-463-5151,http://www.hellowestimmigration.com/,info@hellowestimmigration.com,62,https://www.google.com/maps/place/Hello+West+Immigration+Consultancy+Services+Inc./data=!4m7!3m6!1s0x882ef11d5b6f95ab:0x2d23a6db437d3e6e!8m2!3d42.9811124!4d-81.2511519!16s%2Fg%2F11rxw4n801!19sChIJq5VvWx3xLogRbj59Q9umIy0?authuser=0&hl=en&g_ep=EgoyMDI2MDgyNi4wIJJjKgBIAVAD&rclk=1
Multi Level Services Consulting,management consulting,London ON,+1 647-388-6269,http://multilevelconsulting.ca/,msc.clientservices@gmail.com,,https://www.google.com/maps/place/Multi+Level+Services+Consulting/data=!4m7!3m6!1s0x882ef1f5fd354163:0xcb03ae52f28888c5!8m2!3d42.9804257!4d-81.2525671!16s%2Fg%2F11vyfg8f_h!19sChIJY0E1_fXxLogRxYiI8lKuA8s?authuser=0&hl=en&g_ep=EgoyMDI2MDgyNi4wIJJjKgBIAVAD&rclk=1
MTE Consultants,management consulting,London ON,+1 519-204-6510,http://www.mte85.com/,trowe@mte85.com,16,https://www.google.com/maps/place/MTE+Consultants/data=!4m7!3m6!1s0x882ef2015d90fc45:0xfb1aa51ec91d041b!8m2!3d42.9294897!4d-81.2150934!16s%2Fg%2F11dxsmxzlt!19sChIJRfyQXQHyLogRGwQdyR6lGvs?authuser=0&hl=en&g_ep=EgoyMDI2MDgyNi4wIJJjKgBIAVAD&rclk=1
Digital Clicks Marketing Inc.,B2B sales consultant,London ON,+1 877-926-2021,https://www.digitalclicks.ca/,grow@digitalclicks.ca,18,https://www.google.com/maps/place/Digital+Clicks+Marketing+Inc./data=!4m7!3m6!1s0x882ef10ffe9c7d1d:0x88ec51e200de5364!8m2!3d42.95865!4d-81.2621495!16s%2Fg%2F1hjhbf6wr!19sChIJHX2c_g_xLogRZFPeAOJR7Ig?authuser=0&hl=en&g_ep=EgoyMDI2MDgyNi4wIJJjKgBIAVAD&rclk=1
Customer Attraction Industrial Marketing,B2B sales consultant,London ON,,http://www.customerattraction.com/,info@customerattraction.com,25,https://www.google.com/maps/place/Customer+Attraction+Industrial+Marketing/data=!4m7!3m6!1s0x882c764a886023e5:0x766952445c0387bc!8m2!3d42.9676142!4d-81.2428626!16s%2Fg%2F11c5r_cl3w!19sChIJ5SNgiEp2LIgRvIcDXERSaXY?authuser=0&hl=en&g_ep=EgoyMDI2MDgyNi4wIJJjKgBIAVAD&rclk=1
Liquid Sunset Business Brokers,B2B sales consultant,London ON,+1 226-289-0444,https://www.liquidsunset.ca/,info@mikesadlab.com,15,https://www.google.com/maps/place/Liquid+Sunset+Business+Brokers/data=!4m7!3m6!1s0x882ef3c379534fa9:0x1ae84d06a94312a9!8m2!3d42.9934073!4d-81.2490317!16s%2Fg%2F11xkxxk84m!19sChIJqU9TecPzLogRqRJDqQZN6Bo?authuser=0&hl=en&g_ep=EgoyMDI2MDgyNi4wIJJjKgBIAVAD&rclk=1
sagecomm,B2B marketing consultant,London ON,+1 226-289-2610,http://www.sagecomm.com/,info@sagecomm.com,42,https://www.google.com/maps/place/sagecomm/data=!4m7!3m6!1s0x882ef21dd749c471:0x72198e20c729ba67!8m2!3d42.9806892!4d-81.2498863!16s%2Fg%2F11clv60flc!19sChIJccRJ1x3yLogRZ7opxyCOGXI?authuser=0&hl=en&g_ep=EgoyMDI2MDgyNi4wIJJjKgBIAVAD&rclk=1
Red Bird Digital Marketing,B2B marketing consultant,London ON,+1 226-826-0947,http://www.redbirddigital.co/,info@redbirddigital.co,31,https://www.google.com/maps/place/Red+Bird+Digital+Marketing/data=!4m7!3m6!1s0x883b2d216abb01df:0xbdc953e971bf3b91!8m2!3d42.9845434!4d-81.2200191!16s%2Fg%2F11scgdqbhw!19sChIJ3wG7aiEtO4gRkTu_celTyb0?authuser=0&hl=en&g_ep=EgoyMDI2MDgyNi4wIJJjKgBIAVAD&rclk=1
Tim D. Hodges Digital Marketing Consulting,B2B marketing consultant,London ON,+1 519-657-3995,https://www.timdhodges.ca/,tim@timdhodges.ca,16,https://www.google.com/maps/place/Tim+D.+Hodges+Digital+Marketing+Consulting/data=!4m7!3m6!1s0x882ef1b88ba6d1c3:0x1b44c81435cf8de5!8m2!3d42.9425646!4d-81.2972833!16s%2Fg%2F11g4f3vncv!19sChIJw9Gmi7jxLogR5Y3PNRTIRBs?authuser=0&hl=en&g_ep=EgoyMDI2MDgyNi4wIJJjKgBIAVAD&rclk=1
To Do Marketing,B2B marketing consultant,London ON,+1 226-236-4911,http://www.todomarketing.ca/,hello@todomarketing.ca,,https://www.google.com/maps/place/To+Do+Marketing/data=!4m7!3m6!1s0x882ef19d1a7245bf:0xc23b42649fd083cf!8m2!3d42.9572297!4d-81.2679174!16s%2Fg%2F11c7ss55mj!19sChIJv0VyGp3xLogRz4PQn2RCO8I?authuser=0&hl=en&g_ep=EgoyMDI2MDgyNi4wIJJjKgBIAVAD&rclk=1
Matrix Four,B2B marketing consultant,London ON,+1 519-434-6761,https://matrixfour.com/,m4sales@matrixfour.com,17,https://www.google.com/maps/place/Matrix+Four/data=!4m7!3m6!1s0x882ef3a079998a51:0x6a9447dc8c8a06d0!8m2!3d42.9355588!4d-81.2080957!16s%2Fg%2F11b5yyrs8z!19sChIJUYqZeaDzLogR0AaKjNxHlGo?authuser=0&hl=en&g_ep=EgoyMDI2MDgyNi4wIJJjKgBIAVAD&rclk=1
Human Brand Communications Group,B2B marketing consultant,London ON,+1 519-672-2713,https://behuman.ca/?utm_source=google&utm_medium=organic&utm_campaign=GMB,info@behuman.ca,,https://www.google.com/maps/place/Human+Brand+Communications+Group/data=!4m7!3m6!1s0x882ef2067caf557d:0xc2b3ce78cdfefd05!8m2!3d43.0295995!4d-81.2562862!16s%2Fg%2F1tfmjg4q!19sChIJfVWvfAbyLogRBf3-zXjOs8I?authuser=0&hl=en&g_ep=EgoyMDI2MDgyNi4wIJJjKgBIAVAD&rclk=1
Leela Technologies,B2B marketing consultant,London ON,+91 98202 03292,http://leelatechnologies.com/,office@tecnologia.com,22,https://www.google.com/maps/place/Leela+Technologies/data=!4m7!3m6!1s0x882ef3c0b73be93f:0x7617cc39033209c0!8m2!3d42.9868998!4d-81.1946809!16s%2Fg%2F11jtdyx_rr!19sChIJP-k7t8DzLogRwAkyAznMF3Y?authuser=0&hl=en&g_ep=EgoyMDI2MDgyNi4wIJJjKgBIAVAD&rclk=1
Giant Creative Inc.,B2B marketing consultant,London ON,+1 226-457-3593,https://giantcreative.ca/?utm_source=google&utm_medium=organic&utm_campaign=gbp,hello@giantcreative.ca,22,https://www.google.com/maps/place/Giant+Creative+Inc./data=!4m7!3m6!1s0x882ef21cf0400001:0x2663942eeefe8de4!8m2!3d42.9986542!4d-81.1874384!16s%2Fg%2F11hcht410r!19sChIJAQBA8BzyLogR5I3-7i6UYyY?authuser=0&hl=en&g_ep=EgoyMDI2MDgyNi4wIJJjKgBIAVAD&rclk=1
IGV Website Design & Marketing,B2B marketing consultant,London ON,+1 226-546-0015,https://www.igvinc.com/locations/website-design-and-digital-marketing-agency-london-on-ca/?utm_campaign=Canada_GMB_Listing,sales@igvinc.com,37,https://www.google.com/maps/place/IGV+Website+Design+%26+Marketing/data=!4m7!3m6!1s0x882b4781d29bde67:0x7210cc2a35b43108!8m2!3d42.9811124!4d-81.2511519!16s%2Fg%2F11j121h0lz!19sChIJZ96b0oFHK4gRCDG0NSrMEHI?authuser=0&hl=en&g_ep=EgoyMDI2MDgyNi4wIJJjKgBIAVAD&rclk=1
The Branding Firm Inc.,B2B marketing consultant,London ON,+1 519-914-2810,https://thebrandingfirminc.com/?utm_source=SEO&utm_medium=Local&utm_campaign=LocalSEO,info@thebrandingfirminc.com,,https://www.google.com/maps/place/The+Branding+Firm+Inc./data=!4m7!3m6!1s0x882ef21c898178db:0x1fc401a2ebea09eb!8m2!3d42.9946546!4d-81.2136595!16s%2Fg%2F11c31rt3z7!19sChIJ23iBiRzyLogR6wnq66IBxB8?authuser=0&hl=en&g_ep=EgoyMDI2MDgyNi4wIJJjKgBIAVAD&rclk=1
Disruptive Digital Marketing Services,B2B marketing consultant,London ON,+1 519-854-5747,http://disruptivedigitalmarketingservices.com/,kris@disruptivedigitalmarketingservices.com,,https://www.google.com/maps/place/Disruptive+Digital+Marketing+Services/data=!4m7!3m6!1s0x2d61c52fe5b2c6a9:0xaadb0ad6311f6123!8m2!3d42.99301!4d-81.32761!16s%2Fg%2F11sspjhxyh!19sChIJqcay5S_FYS0RI2EfMdYK26o?authuser=0&hl=en&g_ep=EgoyMDI2MDgyNi4wIJJjKgBIAVAD&rclk=1
Canadian Development Technology,B2B marketing consultant,London ON,+1 519-697-7700,https://cdtechnology.ca/,info@cdtechnology.ca,46,https://www.google.com/maps/place/Canadian+Development+Technology/data=!4m7!3m6!1s0x882eed3ccb6ee6eb:0xb622e9eb6066662!8m2!3d42.997366!4d-81.2488347!16s%2Fg%2F11n09sl8kg!19sChIJ6-ZuyzztLogRYmYGtp4uYgs?authuser=0&hl=en&g_ep=EgoyMDI2MDgyNi4wIJJjKgBIAVAD&rclk=1
Social Dragon Marketing,B2B marketing consultant,London ON,+1 519-630-6663,https://socialdragonmarketing.com/,info@socialdragonmarketing.com,,https://www.google.com/maps/place/Social+Dragon+Marketing/data=!4m7!3m6!1s0x882ef08016a67fdb:0x14212f02fb03a642!8m2!3d42.9616402!4d-81.3375877!16s%2Fg%2F1ptz4cxmc!19sChIJ23-mFoDwLogRQqYD-wIvIRQ?authuser=0&hl=en&g_ep=EgoyMDI2MDgyNi4wIJJjKgBIAVAD&rclk=1
Barrington Consulting Group,business consulting firm,Halifax NS,+1 902-491-4462,https://www.barringtongrp.ca/,info@barringtongrp.ca,,https://www.google.com/maps/place/Barrington+Consulting+Group/data=!4m7!3m6!1s0x4b5a23d1f3881523:0x2c96027d78233268!8m2!3d44.6421864!4d-63.5716691!16s%2Fg%2F1hc8l7dc9!19sChIJIxWI89EjWksRaDIjeH0Cliw?authuser=0&hl=en&g_ep=EgoyMDI2MDgyNi4wIJJjKgBIAVAD&rclk=1
Cosgrove & Co. Strategy Consulting Ltd.,business consulting firm,Halifax NS,+1 416-220-9541,http://www.cosgroveandco.ca/,info@cosgroveandco.ca,,https://www.google.com/maps/place/Cosgrove+%26+Co.+Strategy+Consulting+Ltd./data=!4m7!3m6!1s0x89d4cb33df58152f:0xe4145433d25b860b!8m2!3d44.6544332!4d-63.5924595!16s%2Fg%2F11ggt3mpqd!19sChIJLxVY3zPL1IkRC4Zb0jNUFOQ?authuser=0&hl=en&g_ep=EgoyMDI2MDgyNi4wIJJjKgBIAVAD&rclk=1
"Fortunestart Consulting Halifax, NS",business consulting firm,Halifax NS,+1 902-809-6650,https://www.fortunestart.ca/,info@fortunestart.ca,10,"https://www.google.com/maps/place/Fortunestart+Consulting+Halifax,+NS/data=!4m7!3m6!1s0x4b5a230f166bac49:0x210e4d87eef5d92d!8m2!3d44.6427866!4d-63.5772646!16s%2Fg%2F11vf2sf89j!19sChIJSaxrFg8jWksRLdn17odNDiE?authuser=0&hl=en&g_ep=EgoyMDI2MDgyNi4wIJJjKgBIAVAD&rclk=1"
JO Business Consulting,business consulting firm,Halifax NS,,https://jobusinessconsulting.ca/,connectjobc@gmail.com,,https://www.google.com/maps/place/JO+Business+Consulting/data=!4m7!3m6!1s0x4b5a23bcdbad54f3:0xc15a6e7955afa47!8m2!3d44.64273!4d-63.57519!16s%2Fg%2F11vpx703hw!19sChIJ81St27wjWksRR_paleemFQw?authuser=0&hl=en&g_ep=EgoyMDI2MDgyNi4wIJJjKgBIAVAD&rclk=1
CBCL Limited,business consulting firm,Halifax NS,+1 902-421-7241,https://www.cbcl.ca/,info@cbcl.ca,17,https://www.google.com/maps/place/CBCL+Limited/data=!4m7!3m6!1s0x4b5a2234c13449f1:0xfae0033e49deeeda!8m2!3d44.6444097!4d-63.5719234!16s%2Fg%2F1tvq3qbq!19sChIJ8Uk0wTQiWksR2u7eST4D4Po?authuser=0&hl=en&g_ep=EgoyMDI2MDgyNi4wIJJjKgBIAVAD&rclk=1
Huda Business Solutions Inc.,business consulting firm,Halifax NS,+1 902-989-5242,https://daneshnamah.com/huda,huda.bizsolutions@gmail.com,,https://www.google.com/maps/place/Huda+Business+Solutions+Inc./data=!4m7!3m6!1s0x4b5a2104a51289c1:0xed64ef9c4b848bf3!8m2!3d44.7019558!4d-63.6685343!16s%2Fg%2F11vyzhls4f!19sChIJwYkSpQQhWksR84uES5zvZO0?authuser=0&hl=en&g_ep=EgoyMDI2MDgyNi4wIJJjKgBIAVAD&rclk=1
Shane Paris Business Consulting,business consulting firm,Halifax NS,+1 902-225-0265,http://shaneparis.com/,shaneparis@gmail.com,,https://www.google.com/maps/place/Shane+Paris+Business+Consulting/data=!4m7!3m6!1s0x4b5a223497974311:0x3824069de72156a2!8m2!3d44.6501028!4d-63.5757604!16s%2Fg%2F11b80hbcpp!19sChIJEUOXlzQiWksRolYh550GJDg?authuser=0&hl=en&g_ep=EgoyMDI2MDgyNi4wIJJjKgBIAVAD&rclk=1
Mara Consulting Inc,business consulting firm,Halifax NS,,http://www.maraconsulting.ca/,info@maraconsulting.ca,,https://www.google.com/maps/place/Mara+Consulting+Inc/data=!4m7!3m6!1s0x4b5a23d20e6fde7b:0xe61717765dfde530!8m2!3d44.6510339!4d-63.5770379!16s%2Fg%2F1thxq6_8!19sChIJe95vDtIjWksRMOX9XXYXF-Y?authuser=0&hl=en&g_ep=EgoyMDI2MDgyNi4wIJJjKgBIAVAD&rclk=1
Endeavor4 - Endeavour Solutions Inc.,business consulting firm,Halifax NS,+1 902-444-7753,https://www.endeavoursolutions.ca/halifax,sewing@endeavor4solutions.com,40,https://www.google.com/maps/place/Endeavor4+-+Endeavour+Solutions+Inc./data=!4m7!3m6!1s0x4b5a26d0bfccabc3:0x1e7c69cd6db23704!8m2!3d44.72358!4d-63.69298!16s%2Fg%2F1vqtgcqm!19sChIJw6vMv9AmWksRBDeybc1pfB4?authuser=0&hl=en&g_ep=EgoyMDI2MDgyNi4wIJJjKgBIAVAD&rclk=1
EastPoint Engineering Ltd,business consulting firm,Halifax NS,+1 902-422-2000,http://eastpoint.ca/,hello@eastpoint.ca,,https://www.google.com/maps/place/EastPoint+Engineering+Ltd/data=!4m7!3m6!1s0x4b5a23cdb9f7c1d9:0x1272a07e6131552a!8m2!3d44.6493423!4d-63.573381!16s%2Fg%2F1tkmm43m!19sChIJ2cH3uc0jWksRKlUxYX6gchI?authuser=0&hl=en&g_ep=EgoyMDI2MDgyNi4wIJJjKgBIAVAD&rclk=1
Barrington Edge,business consulting firm,Halifax NS,,http://barringtonedge.com/,info@barringtonedge.com,,https://www.google.com/maps/place/Barrington+Edge/data=!4m7!3m6!1s0x4b5a22344cea7539:0x6b5627ac837022f5!8m2!3d44.6421864!4d-63.5716691!16s%2Fg%2F11vryz8l1p!19sChIJOXXqTDQiWksR9SJwg6wnVms?authuser=0&hl=en&g_ep=EgoyMDI2MDgyNi4wIJJjKgBIAVAD&rclk=1
Black Business Initiative Society,business consulting firm,Halifax NS,+1 902-426-8683,http://www.bbi.ca/,bbi@bbi.ns.ca,10,https://www.google.com/maps/place/Black+Business+Initiative+Society/data=!4m7!3m6!1s0x4b5a23ccbe555cdf:0x7e0a8d09a26dfa0e!8m2!3d44.652578!4d-63.5831782!16s%2Fg%2F1tf815hs!19sChIJ31xVvswjWksRDvptogmNCn4?authuser=0&hl=en&g_ep=EgoyMDI2MDgyNi4wIJJjKgBIAVAD&rclk=1
Davis Pier Consulting,business consulting firm,Halifax NS,+1 902-406-1266,https://www.davispier.ca/,solutions@davispier.ca,,https://www.google.com/maps/place/Davis+Pier+Consulting/data=!4m7!3m6!1s0x4b5a2234db73021b:0xe25035a8456ebfc1!8m2!3d44.6444341!4d-63.5700398!16s%2Fg%2F11bw4vrq9k!19sChIJGwJz2zQiWksRwb9uRag1UOI?authuser=0&hl=en&g_ep=EgoyMDI2MDgyNi4wIJJjKgBIAVAD&rclk=1
LCK Immigration Consulting,business consulting firm,Halifax NS,+1 902-938-1905,https://www.lckimmigration.com/,lckimmigration@gmail.com,14,https://www.google.com/maps/place/LCK+Immigration+Consulting/data=!4m7!3m6!1s0x4b5a235cacade2df:0xd6a43787b92cd6a0!8m2!3d44.6517896!4d-63.5741994!16s%2Fg%2F11sqm255jb!19sChIJ3-KtrFwjWksRoNYsuYc3pNY?authuser=0&hl=en&g_ep=EgoyMDI2MDgyNi4wIJJjKgBIAVAD&rclk=1
BFD Retail Consulting,business consulting firm,Halifax NS,+1 902-441-7358,http://bfdconsulting.ca/,info@bfdconsulting.ca,,https://www.google.com/maps/place/BFD+Retail+Consulting/data=!4m7!3m6!1s0x4b5a210628602aaf:0xe80af97bea308fca!8m2!3d44.6549008!4d-63.6435062!16s%2Fg%2F11mvy3h0_h!19sChIJrypgKAYhWksRyo8w6nv5Cug?authuser=0&hl=en&g_ep=EgoyMDI2MDgyNi4wIJJjKgBIAVAD&rclk=1
Blue Door Group,business consulting firm,Halifax NS,+1 902-488-9277,http://bluedoorgroup.ca/,jmontgomery@bluedoorgroup.ca,,https://www.google.com/maps/place/Blue+Door+Group/data=!4m7!3m6!1s0x46497aecfc07447f:0x90e3f8239bf7069d!8m2!3d44.6428519!4d-63.56859!16s%2Fg%2F11nn2z9lcn!19sChIJf0QH_Ox6SUYRnQb3myP445A?authuser=0&hl=en&g_ep=EgoyMDI2MDgyNi4wIJJjKgBIAVAD&rclk=1
Atlantic Summit Immigration Consulting Inc.,business consulting firm,Halifax NS,+1 902-420-9229,https://atlanticsummit.ca/,info@atlanticsummit.ca,91,https://www.google.com/maps/place/Atlantic+Summit+Immigration+Consulting+Inc./data=!4m7!3m6!1s0x4b5a23a3c7bf59cd:0xe5b6e8336387311b!8m2!3d44.6432432!4d-63.5783192!16s%2Fg%2F11h88tdmry!19sChIJzVm_x6MjWksRGzGHYzPotuU?authuser=0&hl=en&g_ep=EgoyMDI2MDgyNi4wIJJjKgBIAVAD&rclk=1
Pivot Consulting Inc.,business consulting firm,Halifax NS,+1 902-429-4768,https://pivotconsulting.ca/,careers@pivotconsulting.ca,,https://www.google.com/maps/place/Pivot+Consulting+Inc./data=!4m7!3m6!1s0x4b5a23d279baf94f:0x4b7e891da8c213d!8m2!3d44.6496428!4d-63.576285!16s%2Fg%2F11j1c2npf5!19sChIJT_m6edIjWksRPSGM2pHotwQ?authuser=0&hl=en&g_ep=EgoyMDI2MDgyNi4wIJJjKgBIAVAD&rclk=1
DMB Consulting Inc.,business consulting firm,Halifax NS,+1 902-880-3163,http://dmbconsulting.ca/,info@dmbconsulting.ca,,https://www.google.com/maps/place/DMB+Consulting+Inc./data=!4m7!3m6!1s0x4b5a205fbd5e7fa7:0xed55573cc7f5caf7!8m2!3d44.667565!4d-63.66569!16s%2Fg%2F11fdxnk070!19sChIJp39evV8gWksR98r1xzxXVe0?authuser=0&hl=en&g_ep=EgoyMDI2MDgyNi4wIJJjKgBIAVAD&rclk=1
C-Level Executive Solutions LP,business consulting firm,Halifax NS,+1 902-708-1344,http://www.c-levelexecs.com/,info@c-levelexecs.com,,https://www.google.com/maps/place/C-Level+Executive+Solutions+LP/data=!4m7!3m6!1s0x4b5a23ccece98743:0x3c89b0236589fadb!8m2!3d44.6472975!4d-63.5723931!16s%2Fg%2F11dx92c_59!19sChIJQ4fp7MwjWksR2_qJZSOwiTw?authuser=0&hl=en&g_ep=EgoyMDI2MDgyNi4wIJJjKgBIAVAD&rclk=1
dlP Business Consulting Inc.,business consulting firm,Halifax NS,+1 902-497-4202,http://www.dlpconsult.ca/,info@dlpconsult.ca,,https://www.google.com/maps/place/dlP+Business+Consulting+Inc./data=!4m7!3m6!1s0x4b5a236a2c49bd41:0xea95d9b5ec185142!8m2!3d44.6439216!4d-63.5694477!16s%2Fg%2F11pbsx1n9p!19sChIJQb1JLGojWksRQlEY7LXZleo?authuser=0&hl=en&g_ep=EgoyMDI2MDgyNi4wIJJjKgBIAVAD&rclk=1
ONE Management Consulting Services,management consulting,Halifax NS,+1 902-464-4685,http://onemcs.com/,info@onemcs.com,,https://www.google.com/maps/place/ONE+Management+Consulting+Services/data=!4m7!3m6!1s0x4b5a241ebd0bffff:0x76a8517163bd1f0!8m2!3d44.6934855!4d-63.5420823!16s%2Fg%2F11j2xys03s!19sChIJ__8LvR4kWksR8NE7FheFagc?authuser=0&hl=en&g_ep=EgoyMDI2MDgyNi4wIJJjKgBIAVAD&rclk=1
Royer Thompson Management and Human Resources Consulting,management consulting,Halifax NS,+1 902-422-2099,http://royerthompson.com/,hello@royerthompson.com,,https://www.google.com/maps/place/Royer+Thompson+Management+and+Human+Resources+Consulting/data=!4m7!3m6!1s0x4b5a222fea34349f:0xb2665e1393920df4!8m2!3d44.6474046!4d-63.5751536!16s%2Fg%2F1vp6zs72!19sChIJnzQ06i8iWksR9A2SkxNeZrI?authuser=0&hl=en&g_ep=EgoyMDI2MDgyNi4wIJJjKgBIAVAD&rclk=1
PowerUp Leadership,management consulting,Halifax NS,+1 902-719-6662,http://www.powerupleadership.ca/,info@powerupleadership.ca,52,https://www.google.com/maps/place/PowerUp+Leadership/data=!4m7!3m6!1s0x4b5a21329b7864b3:0x7ad8c2f3bf8c107a!8m2!3d44.6778904!4d-63.6598618!16s%2Fg%2F11gv11mw6k!19sChIJs2R4mzIhWksRehCMv_PC2Ho?authuser=0&hl=en&g_ep=EgoyMDI2MDgyNi4wIJJjKgBIAVAD&rclk=1
Neer Immigration Consultancy Inc.,management consulting,Halifax NS,+1 782-882-7273,http://www.neerimmigration.com/,info@neerimmigration.com,153,https://www.google.com/maps/place/Neer+Immigration+Consultancy+Inc./data=!4m7!3m6!1s0x4b5a2340bd043167:0x4ea75906df592ff6!8m2!3d44.6517896!4d-63.5741994!16s%2Fg%2F11t4f9k1nw!19sChIJZzEEvUAjWksR9i9Z3wZZp04?authuser=0&hl=en&g_ep=EgoyMDI2MDgyNi4wIJJjKgBIAVAD&rclk=1
Colliers Project Leaders,management consulting,Halifax NS,+1 902-468-9663,https://www.colliersprojectleaders.com/,info@colliersprojectleaders.com,,https://www.google.com/maps/place/Colliers+Project+Leaders/data=!4m7!3m6!1s0x4b5a2233118e2dc7:0x4c5b1e799c4fbbe1!8m2!3d44.644703!4d-63.5753884!16s%2Fg%2F1vbl755v!19sChIJxy2OETMiWksR4btPnHkeW0w?authuser=0&hl=en&g_ep=EgoyMDI2MDgyNi4wIJJjKgBIAVAD&rclk=1
Atlantic Connect Marketing Inc,B2B sales consultant,Halifax NS,+1 902-200-7111,https://www.atlanticconnectmarketing.ca/,admin@atlanticconnectmarketing.ca,,https://www.google.com/maps/place/Atlantic+Connect+Marketing+Inc/data=!4m7!3m6!1s0x253b03e191c5e1e1:0x518191d03909a14!8m2!3d44.6452455!4d-63.57404!16s%2Fg%2F11nqlt90n6!19sChIJ4eHFkeEDOyURFJqQAx0ZGAU?authuser=0&hl=en&g_ep=EgoyMDI2MDgyNi4wIJJjKgBIAVAD&rclk=1
Verge Immigration Services Inc.,B2B sales consultant,Halifax NS,+1 431-279-3915,https://www.vergeimmigration.ca/immigration-consultant-in-halifax/,rcic@vergeimmigration.ca,119,https://www.google.com/maps/place/Verge+Immigration+Services+Inc./data=!4m7!3m6!1s0x4b5a23e1f062b961:0x5aa1177a911b7a0e!8m2!3d44.6473369!4d-63.5724195!16s%2Fg%2F11vl3p8pqv!19sChIJYbli8OEjWksRDnobkXoXoVo?authuser=0&hl=en&g_ep=EgoyMDI2MDgyNi4wIJJjKgBIAVAD&rclk=1
MacDonnell Group,B2B sales consultant,Halifax NS,+1 902-456-0494,https://www.macdonnell.com/,registartion@macdonnell.com,,https://www.google.com/maps/place/MacDonnell+Group/data=!4m7!3m6!1s0x4b5a223499e37839:0x753a0eaf84dfb8b1!8m2!3d44.6521219!4d-63.575225!16s%2Fg%2F1tj735jk!19sChIJOXjjmTQiWksRsbjfhK8OOnU?authuser=0&hl=en&g_ep=EgoyMDI2MDgyNi4wIJJjKgBIAVAD&rclk=1
Social Signals Marketing,B2B marketing consultant,Halifax NS,+1 902-412-1466,https://socialsignalsmarketing.com/,hello@socialsignalsmarketing.com,114,https://www.google.com/maps/place/Social+Signals+Marketing/data=!4m7!3m6!1s0x4b5a239c76fdd5ed:0x94ae4fab616e09a3!8m2!3d44.6450887!4d-63.5731135!16s%2Fg%2F11vlrx78xt!19sChIJ7dX9dpwjWksRowluYatPrpQ?authuser=0&hl=en&g_ep=EgoyMDI2MDgyNi4wIJJjKgBIAVAD&rclk=1
Social Spike Marketing Group,B2B marketing consultant,Halifax NS,+1 902-710-8063,https://socialspike.ca/,info@socialspike.ca,35,https://www.google.com/maps/place/Social+Spike+Marketing+Group/data=!4m7!3m6!1s0x4b5a204b35566129:0x5d82ce632086189c!8m2!3d44.6705815!4d-63.5833866!16s%2Fg%2F11bw3djwp4!19sChIJKWFWNUsgWksRnBiGIGPOgl0?authuser=0&hl=en&g_ep=EgoyMDI2MDgyNi4wIJJjKgBIAVAD&rclk=1
Vandy Digital Marketing,B2B marketing consultant,Halifax NS,+1 902-707-0475,https://www.vandymarketing.com/,info@vandymarketing.com,31,https://www.google.com/maps/place/Vandy+Digital+Marketing/data=!4m7!3m6!1s0x4b595b00c9c5f8af:0xc79dc40d61ca6ad0!8m2!3d44.6426566!4d-63.5789381!16s%2Fg%2F11shjlhlnm!19sChIJr_jFyQBbWUsR0GrKYQ3Encc?authuser=0&hl=en&g_ep=EgoyMDI2MDgyNi4wIJJjKgBIAVAD&rclk=1
Stay Social Marketing,B2B marketing consultant,Halifax NS,+1 902-403-0250,http://www.staysocial.ca/,hello@staysocial.ca,16,https://www.google.com/maps/place/Stay+Social+Marketing/data=!4m7!3m6!1s0x4b5a26ec7867e0f9:0x51afcf15888b49dd!8m2!3d44.6400089!4d-63.6614075!16s%2Fg%2F11by_dsp89!19sChIJ-eBneOwmWksR3UmLiBXPr1E?authuser=0&hl=en&g_ep=EgoyMDI2MDgyNi4wIJJjKgBIAVAD&rclk=1
Grandway Marketing: Halifax Web Design & SEO,B2B marketing consultant,Halifax NS,+1 902-982-1442,https://www.grandwaymarketing.com/,hello@grandwaymarketing.com,67,https://www.google.com/maps/place/Grandway+Marketing:+Halifax+Web+Design+%26+SEO/data=!4m7!3m6!1s0x4b5a23d3da796271:0xfb0da1396fb60108!8m2!3d44.6516952!4d-63.5788357!16s%2Fg%2F11f15ds9vw!19sChIJcWJ52tMjWksRCAG2bzmhDfs?authuser=0&hl=en&g_ep=EgoyMDI2MDgyNi4wIJJjKgBIAVAD&rclk=1
"Charcoal Marketing - Small Business Marketing in Halifax, Nova Scotia",B2B marketing consultant,Halifax NS,+1 902-454-8893,https://charcoal.marketing/,info@charcoal.marketing,18,"https://www.google.com/maps/place/Charcoal+Marketing+-+Small+Business+Marketing+in+Halifax,+Nova+Scotia/data=!4m7!3m6!1s0x4b5a2154ff5443a5:0x48b91542d614c697!8m2!3d44.645741!4d-63.597062!16s%2Fg%2F11b5wjy311!19sChIJpUNU_1QhWksRl8YU1kIVuUg?authuser=0&hl=en&g_ep=EgoyMDI2MDgyNi4wIJJjKgBIAVAD&rclk=1"
Top SEO Company in Halifax & Nova Scotia - iQlance Solutions,B2B marketing consultant,Halifax NS,+1 902-399-4978,https://www.iqlance.com/seo-company-halifax/,info@iqlance.com,,https://www.google.com/maps/place/Top+SEO+Company+in+Halifax+%26+Nova+Scotia+-+iQlance+Solutions/data=!4m7!3m6!1s0x8640db8cfceedbb1:0xd596a4d4ab963d7!8m2!3d44.6132715!4d-63.6138425!16s%2Fg%2F11sbdp3xtq!19sChIJsdvu_IzbQIYR12O5Sk1qWQ0?authuser=0&hl=en&g_ep=EgoyMDI2MDgyNi4wIJJjKgBIAVAD&rclk=1
Verge Marketing (VM),B2B marketing consultant,Halifax NS,+1 902-229-0833,https://www.vergemarketing.ca/,info@vergemarketing.ca,14,https://www.google.com/maps/place/Verge+Marketing+%28VM%29/data=!4m7!3m6!1s0x4b5a2178b164126b:0xe2fc8896afc5792d!8m2!3d44.6560636!4d-63.5994047!16s%2Fg%2F11mwzs3fgf!19sChIJaxJksXghWksRLXnFr5aI_OI?authuser=0&hl=en&g_ep=EgoyMDI2MDgyNi4wIJJjKgBIAVAD&rclk=1
Boom12 Communications,B2B marketing consultant,Halifax NS,+1 902-402-2962,https://www.boom12.ca/?utm_source=boom12&utm_medium=gbp&utm_campaign=organic,hello@boom12.ca,14,https://www.google.com/maps/place/Boom12+Communications/data=!4m7!3m6!1s0x4b5a20504ed6613f:0xd57aca071c6f8f1e!8m2!3d44.6649813!4d-63.6129367!16s%2Fg%2F11ggvygql7!19sChIJP2HWTlAgWksRHo9vHAfKetU?authuser=0&hl=en&g_ep=EgoyMDI2MDgyNi4wIJJjKgBIAVAD&rclk=1
VERB Interactive,B2B marketing consultant,Halifax NS,+1 902-444-7656,https://www.verbinteractive.com/?utm_source=google-gmb&utm_medium=organic&utm_campaign=gmb,hello@verbinteractive.com,14,https://www.google.com/maps/place/VERB+Interactive/data=!4m7!3m6!1s0x4b5a23ccd13605e5:0xf53682edb6dcf2b8!8m2!3d44.6465254!4d-63.5738799!16s%2Fg%2F11bw6cm623!19sChIJ5QU20cwjWksRuPLctu2CNvU?authuser=0&hl=en&g_ep=EgoyMDI2MDgyNi4wIJJjKgBIAVAD&rclk=1
BeResponsive Media,B2B marketing consultant,Halifax NS,+1 902-832-6178,https://beresponsive.com/?utm_source=GMB,werespond@beresponsive.com,22,https://www.google.com/maps/place/BeResponsive+Media/data=!4m7!3m6!1s0x4b5a23ccbe5f7f9f:0xf75b0b599fe505f6!8m2!3d44.7070395!4d-63.7090135!16s%2Fg%2F11c6lj6q81!19sChIJn39fvswjWksR9gXln1kLW_c?authuser=0&hl=en&g_ep=EgoyMDI2MDgyNi4wIJJjKgBIAVAD&rclk=1
Burke & Burke Design,B2B marketing consultant,Halifax NS,+1 902-422-4662,https://burkedesign.ca/?utm_source=google&utm_medium=organic&utm_campaign=gbp,creative@burkedesign.ca,,https://www.google.com/maps/place/Burke+%26+Burke+Design/data=!4m7!3m6!1s0x4b5a21864a8b133d:0x111f1b5bc436c4bd!8m2!3d44.6441124!4d-63.6012412!16s%2Fg%2F1tftkt4_!19sChIJPROLSoYhWksRvcQ2xFsbHxE?authuser=0&hl=en&g_ep=EgoyMDI2MDgyNi4wIJJjKgBIAVAD&rclk=1
BizEBee Marketing & Support Services,B2B marketing consultant,Halifax NS,+1 902-430-9606,http://www.bizebee.ca/,info@bizebee.ca,,https://www.google.com/maps/place/BizEBee+Marketing+%26+Support+Services/data=!4m7!3m6!1s0x4b598cef23d22555:0x78b076d02f04ad96!8m2!3d62.6573279!4d-95.989235!16s%2Fg%2F11fzrsgw2k!19sChIJVSXSI--MWUsRlq0EL9B2sHg?authuser=0&hl=en&g_ep=EgoyMDI2MDgyNi4wIJJjKgBIAVAD&rclk=1
Wunder,B2B marketing consultant,Halifax NS,+1 902-700-4711,https://wunder.ca/,hello@wunder.ca,,https://www.google.com/maps/place/Wunder/data=!4m7!3m6!1s0x4b5a2178f157a02f:0x92683ccf383f79be!8m2!3d44.6512028!4d-63.5859852!16s%2Fg%2F11h4ydvhdq!19sChIJL6BX8XghWksRvnk_OM88aJI?authuser=0&hl=en&g_ep=EgoyMDI2MDgyNi4wIJJjKgBIAVAD&rclk=1
Dashboard Marketing Inc.,B2B marketing consultant,Halifax NS,+1 902-483-4332,http://www.dashboardmarketing.ca/,sarah@dashboardmarketing.ca,,https://www.google.com/maps/place/Dashboard+Marketing+Inc./data=!4m7!3m6!1s0x4b5a218f311cf2c9:0xc2090fcea5634112!8m2!3d44.6427435!4d-63.607174!16s%2Fg%2F11hd4v91my!19sChIJyfIcMY8hWksREkFjpc4PCcI?authuser=0&hl=en&g_ep=EgoyMDI2MDgyNi4wIJJjKgBIAVAD&rclk=1
RevenueWings - Online Marketing Solutions Inc.,B2B marketing consultant,Halifax NS,+1 902-800-6095,https://revenuewings.com/seo-halifax/,solutions@revenuewings.com,11,https://www.google.com/maps/place/RevenueWings+-+Online+Marketing+Solutions+Inc./data=!4m7!3m6!1s0x4b5a23a18b19d49f:0x15493627f507205f!8m2!3d44.6474509!4d-63.5725659!16s%2Fg%2F11rqlfy85z!19sChIJn9QZi6EjWksRXyAH9Sc2SRU?authuser=0&hl=en&g_ep=EgoyMDI2MDgyNi4wIJJjKgBIAVAD&rclk=1
Every Day I'm Branding Inc.,B2B marketing consultant,Halifax NS,+1 782-414-6160,https://www.everydayimbranding.com/,alix.robinson@everydayimbranding.com,19,https://www.google.com/maps/place/Every+Day+I%27m+Branding+Inc./data=!4m7!3m6!1s0x4b5a1940e6ff71e5:0x216ba43239f32804!8m2!3d62.6573279!4d-95.989235!16s%2Fg%2F11g_qprcrx!19sChIJ5XH_5kAZWksRBCjzOTKkayE?authuser=0&hl=en&g_ep=EgoyMDI2MDgyNi4wIJJjKgBIAVAD&rclk=1
This Is Marketing,B2B marketing consultant,Halifax NS,+1 902-410-9160,http://thisismarketing.ca/,john@doe.com,32,https://www.google.com/maps/place/This+Is+Marketing/data=!4m7!3m6!1s0x4b5a2312bf831a5b:0x17d62a4069dc79ae!8m2!3d44.6662007!4d-63.5661287!16s%2Fg%2F11h7jq73dh!19sChIJWxqDvxIjWksRrnncaUAq1hc?authuser=0&hl=en&g_ep=EgoyMDI2MDgyNi4wIJJjKgBIAVAD&rclk=1
Daley Progress Inc,B2B marketing consultant,Halifax NS,,https://daleyprogress.com/,linda@daleyprogress.com,11,https://www.google.com/maps/place/Daley+Progress+Inc/data=!4m7!3m6!1s0x4b5a26858e5056cf:0xe4e4734f48839362!8m2!3d44.6874335!4d-63.5892664!16s%2Fg%2F1tg_l6nb!19sChIJz1ZQjoUmWksRYpODSE9z5OQ?authuser=0&hl=en&g_ep=EgoyMDI2MDgyNi4wIJJjKgBIAVAD&rclk=1
Victoria Professional Business Consulting (VPBC),B2B consultant,Victoria BC,+1 250-606-2001,https://vpbc.ca/,info@vpbc.ca,,https://www.google.com/maps/place/Victoria+Professional+Business+Consulting+%28VPBC%29/data=!4m7!3m6!1s0x548f75fd5e9e29d5:0x69fe7110ee6c8d27!8m2!3d48.4265677!4d-123.3691583!16s%2Fg%2F11vzbrv4pk!19sChIJ1SmeXv11j1QRJ41s7hBx_mk?authuser=0&hl=en&g_ep=EgoyMDI2MDgyNi4wIJJjKgBIAVAD&rclk=1
Chinook Business Advisory Ltd.,B2B consultant,Victoria BC,+1 250-812-0089,http://www.chinookmabb.com/,info@chinookmabb.com,56,https://www.google.com/maps/place/Chinook+Business+Advisory+Ltd./data=!4m7!3m6!1s0x548f751e4bf221d1:0xcc6d1e8477e83d37!8m2!3d48.4308614!4d-123.3698169!16s%2Fg%2F11h051xq1!19sChIJ0SHySx51j1QRNz3od4Qebcw?authuser=0&hl=en&g_ep=EgoyMDI2MDgyNi4wIJJjKgBIAVAD&rclk=1
Metamend,B2B consultant,Victoria BC,+1 250-381-6382,https://www.metamend.com/,inquire@metamend.com,20,https://www.google.com/maps/place/Metamend/data=!4m7!3m6!1s0x548f739961428395:0xcc6b13dcf47588c5!8m2!3d48.4230795!4d-123.3531035!16s%2Fg%2F1tlwfbjc!19sChIJlYNCYZlzj1QRxYh19NwTa8w?authuser=0&hl=en&g_ep=EgoyMDI2MDgyNi4wIJJjKgBIAVAD&rclk=1
Niricson,B2B consultant,Victoria BC,+1 719-238-4368,https://www.niricson.com/,info@niricson.com,,https://www.google.com/maps/place/Niricson/data=!4m7!3m6!1s0x548f7156d09a63c9:0x3c7f454db26eaf56!8m2!3d49.2847563!4d-123.1121505!16s%2Fg%2F11nnv_8dg3!19sChIJyWOa0FZxj1QRVq9usk1Ffzw?authuser=0&hl=en&g_ep=EgoyMDI2MDgyNi4wIJJjKgBIAVAD&rclk=1
Enable Business Consulting,B2B consultant,Victoria BC,+1 250-816-7366,http://www.enablebusiness.ca/,info@enablebusiness.ca,,https://www.google.com/maps/place/Enable+Business+Consulting/data=!4m7!3m6!1s0x5488a1ed803260ad:0xe427f72323bf333a!8m2!3d49.2098578!4d-123.9787429!16s%2Fg%2F1vlqpx8z!19sChIJrWAygO2hiFQROjO_IyP3J-Q?authuser=0&hl=en&g_ep=EgoyMDI2MDgyNi4wIJJjKgBIAVAD&rclk=1
Stikky Media Inc.,B2B consultant,Victoria BC,+1 866-819-3756,https://www.stikkymedia.com/,support@stikkymedia.com,36,https://www.google.com/maps/place/Stikky+Media+Inc./data=!4m7!3m6!1s0x548f73a3c1f4f973:0x4288d0e35e61faaf!8m2!3d48.4581616!4d-123.3774491!16s%2Fg%2F11yg3412l!19sChIJc_n0waNzj1QRr_phXuPQiEI?authuser=0&hl=en&g_ep=EgoyMDI2MDgyNi4wIJJjKgBIAVAD&rclk=1
tartanbond - Victoria,B2B consultant,Victoria BC,+1 800-400-3831,http://tartanbond.com/,hello@tigerbond.com,,https://www.google.com/maps/place/tartanbond+-+Victoria/data=!4m7!3m6!1s0x548f749a8e856d81:0xa7c7dfcb7628afe8!8m2!3d48.424391!4d-123.360897!16s%2Fg%2F1tgjk_10!19sChIJgW2Fjpp0j1QR6K8odsvfx6c?authuser=0&hl=en&g_ep=EgoyMDI2MDgyNi4wIJJjKgBIAVAD&rclk=1
Greater Victoria Chamber of Commerce,B2B consultant,Victoria BC,+1 250-383-7191,https://www.victoriachamber.ca/,chamber@victoriachamber.ca,10,https://www.google.com/maps/place/Greater+Victoria+Chamber+of+Commerce/data=!4m7!3m6!1s0x548f748fbc8880a7:0x83825c296563266b!8m2!3d48.4232112!4d-123.3664104!16s%2Fg%2F1tgz55br!19sChIJp4CIvI90j1QRayZjZSlcgoM?authuser=0&hl=en&g_ep=EgoyMDI2MDgyNi4wIJJjKgBIAVAD&rclk=1
Macropus Global,B2B consultant,Victoria BC,+1 250-884-9274,https://www.macropusglobal.com/it-staffing-services/contact-to-full-time-staffing/,info@macropusglobal.com,,https://www.google.com/maps/place/Macropus+Global/data=!4m7!3m6!1s0x548f739f45e05b57:0x1b9ba8fd239f572d!8m2!3d48.4537158!4d-123.3751278!16s%2Fg%2F11st_s1dhn!19sChIJV1vgRZ9zj1QRLVefI_2omxs?authuser=0&hl=en&g_ep=EgoyMDI2MDgyNi4wIJJjKgBIAVAD&rclk=1
Chan Choi & Company,B2B consultant,Victoria BC,+1 250-385-6718,http://chancompany.ca/,main@chancompany.ca,,https://www.google.com/maps/place/Chan+Choi+%26+Company/data=!4m7!3m6!1s0x41096cfeef130f59:0xb6bd35090715fcb5!8m2!3d48.4233895!4d-123.3550211!16s%2Fg%2F1q69xgwf1!19sChIJWQ8T7_5sCUERtfwVBwk1vbY?authuser=0&hl=en&g_ep=EgoyMDI2MDgyNi4wIJJjKgBIAVAD&rclk=1
King Business Services Corporation (KingCorp POS),B2B consultant,Victoria BC,+1 604-214-2700,http://www.kingcorp.ca/,hello@kingcorp.ca,,https://www.google.com/maps/place/King+Business+Services+Corporation+%28KingCorp+POS%29/data=!4m7!3m6!1s0x5485df35fd451e33:0x179506ecf7c8475d!8m2!3d49.1990261!4d-123.0018828!16s%2Fg%2F1tnsrm6_!19sChIJMx5F_TXfhVQRXUfI9-wGlRc?authuser=0&hl=en&g_ep=EgoyMDI2MDgyNi4wIJJjKgBIAVAD&rclk=1
Blandford Creative,B2B consultant,Victoria BC,,https://www.blandfordcreative.ca/,hello@blandfordcreative.ca,,https://www.google.com/maps/place/Blandford+Creative/data=!4m7!3m6!1s0x2a69722fce7a876f:0xc2ef0c7fb88aead2!8m2!3d62.6573279!4d-95.989235!16s%2Fg%2F11zgr6lrb6!19sChIJb4d6zi9yaSoR0uqKuH8M78I?authuser=0&hl=en&g_ep=EgoyMDI2MDgyNi4wIJJjKgBIAVAD&rclk=1
CYBERNOX AI,B2B consultant,Victoria BC,+1 604-307-9494,https://cybernox.ai/,maxmann@cybernox.ai,,https://www.google.com/maps/place/CYBERNOX+AI/data=!4m7!3m6!1s0x40f10c967c32a40b:0xa8a9d3ed7a971c56!8m2!3d48.270254!4d-93.469649!16s%2Fg%2F11yq3m36t5!19sChIJC6QyfJYM8UARVhyXeu3Tqag?authuser=0&hl=en&g_ep=EgoyMDI2MDgyNi4wIJJjKgBIAVAD&rclk=1
Method and Metric Digital Agency Inc.,B2B consultant,Victoria BC,+1 778-751-7909,https://methodandmetric.com/?utm_source=google&utm_medium=organic&utm_term=snippet&utm_campaign=search,info@methodandmetric.com,13,https://www.google.com/maps/place/Method+and+Metric+Digital+Agency+Inc./data=!4m7!3m6!1s0x5486717986455555:0x87bbbf612ff40593!8m2!3d49.2855968!4d-123.1150907!16s%2Fg%2F1pztp0hp3!19sChIJVVVFhnlxhlQRkwX0L2G_u4c?authuser=0&hl=en&g_ep=EgoyMDI2MDgyNi4wIJJjKgBIAVAD&rclk=1
Elevate Consulting Inc,business consulting firm,Victoria BC,+1 250-483-6660,http://www.elevateconsulting.ca/,info@elevateconsulting.ca,,https://www.google.com/maps/place/Elevate+Consulting+Inc/data=!4m7!3m6!1s0x548f7485766b52f1:0x9e07c779e9ee2d4!8m2!3d48.4226711!4d-123.3629252!16s%2Fg%2F1tdy8r_b!19sChIJ8VJrdoV0j1QR1OKennd84Ak?authuser=0&hl=en&g_ep=EgoyMDI2MDgyNi4wIJJjKgBIAVAD&rclk=1
Parametric Pro Consulting,business consulting firm,Victoria BC,+1 604-789-4009,https://www.parametricpro.com/,nic@parametricpro.com,16,https://www.google.com/maps/place/Parametric+Pro+Consulting/data=!4m7!3m6!1s0x548673e68a48f23d:0xb2df24501e230aba!8m2!3d48.4537158!4d-123.3751278!16s%2Fg%2F11gnqpv39r!19sChIJPfJIiuZzhlQRugojHlAk37I?authuser=0&hl=en&g_ep=EgoyMDI2MDgyNi4wIJJjKgBIAVAD&rclk=1
Two Worlds Consulting,business consulting firm,Victoria BC,+1 778-400-3499,https://www.twoworldsconsulting.com/,info@twoworldsconsulting.com,,https://www.google.com/maps/place/Two+Worlds+Consulting/data=!4m7!3m6!1s0x548f7517c0908aad:0xfa6f1e5b90d8c27c!8m2!3d48.4264549!4d-123.3623156!16s%2Fg%2F11h27wv8tb!19sChIJrYqQwBd1j1QRfMLYkFseb_o?authuser=0&hl=en&g_ep=EgoyMDI2MDgyNi4wIJJjKgBIAVAD&rclk=1
Vic Berry Consulting Ltd.,business consulting firm,Victoria BC,+1 250-213-9828,http://www.vicberry.ca/,info@vicberry.ca,,https://www.google.com/maps/place/Vic+Berry+Consulting+Ltd./data=!4m7!3m6!1s0x548f7544ec32f043:0x7289ca4d7558cd0!8m2!3d48.4265312!4d-123.3599739!16s%2Fg%2F11q1p3fhw0!19sChIJQ_Ay7ER1j1QR0IxV16ScKAc?authuser=0&hl=en&g_ep=EgoyMDI2MDgyNi4wIJJjKgBIAVAD&rclk=1
TallSky Consulting Group,business consulting firm,Victoria BC,+1 250-634-4704,http://www.tallsky.ca/,info@tallsky.ca,15,https://www.google.com/maps/place/TallSky+Consulting+Group/data=!4m7!3m6!1s0x548f7316495fc793:0x194441aeaf944de5!8m2!3d48.422693!4d-123.3617034!16s%2Fg%2F11g8cxz9wb!19sChIJk8dfSRZzj1QR5U2Ur65BRBk?authuser=0&hl=en&g_ep=EgoyMDI2MDgyNi4wIJJjKgBIAVAD&rclk=1
The AME Consulting Group Ltd,business consulting firm,Victoria BC,+1 250-382-5999,https://amegroup.ca/,contacts@amegroup.ca,,https://www.google.com/maps/place/The+AME+Consulting+Group+Ltd/data=!4m7!3m6!1s0x548f749ae36f04bd:0xa148068d1c1508ac!8m2!3d48.42513!4d-123.36463!16s%2Fg%2F1tfrrm16!19sChIJvQRv45p0j1QRrAgVHI0GSKE?authuser=0&hl=en&g_ep=EgoyMDI2MDgyNi4wIJJjKgBIAVAD&rclk=1
Hutcheson & Co,business consulting firm,Victoria BC,+1 250-381-2400,http://www.hutcheson.ca/,admin@hutcheson.ca,57,https://www.google.com/maps/place/Hutcheson+%26+Co/data=!4m7!3m6!1s0x548f7489166e39df:0xc5e5c2e9502fb62f!8m2!3d48.4247563!4d-123.3523944!16s%2Fg%2F1tr9n3f1!19sChIJ3zluFol0j1QRL7YvUOnC5cU?authuser=0&hl=en&g_ep=EgoyMDI2MDgyNi4wIJJjKgBIAVAD&rclk=1
Hone Training,business consulting firm,Victoria BC,+1 855-438-9565,https://honeconsulting.com/,clientcare@honeconsulting.com,,https://www.google.com/maps/place/Hone+Training/data=!4m7!3m6!1s0x548f748893e2b277:0x1c1b065299cd9ab8!8m2!3d48.422693!4d-123.3617034!16s%2Fg%2F1vxz99m7!19sChIJd7Lik4h0j1QRuJrNmVIGGxw?authuser=0&hl=en&g_ep=EgoyMDI2MDgyNi4wIJJjKgBIAVAD&rclk=1
Wave Point Consulting,business consulting firm,Victoria BC,+1 778-403-6330,http://wavepointconsulting.ca/,wavepoint@shaw.ca,,https://www.google.com/maps/place/Wave+Point+Consulting/data=!4m7!3m6!1s0x548f7485997c476d:0x409883fc0c94ddf5!8m2!3d48.426428!4d-123.3613924!16s%2Fg%2F11b6hydz4b!19sChIJbUd8mYV0j1QR9d2UDPyDmEA?authuser=0&hl=en&g_ep=EgoyMDI2MDgyNi4wIJJjKgBIAVAD&rclk=1
ERM Consultants Canada Ltd.,business consulting firm,Victoria BC,+1 250-382-8830,http://www.erm.com/,meryl.hanlon@erm.com,,https://www.google.com/maps/place/ERM+Consultants+Canada+Ltd./data=!4m7!3m6!1s0x548f74845c041f37:0x2f4fda61e48e6124!8m2!3d48.426335!4d-123.3615535!16s%2Fg%2F1tdjwq4k!19sChIJNx8EXIR0j1QRJGGO5GHaTy8?authuser=0&hl=en&g_ep=EgoyMDI2MDgyNi4wIJJjKgBIAVAD&rclk=1
OutsourceHR,business consulting firm,Victoria BC,+1 250-800-5656,http://www.outsourcehr.ca/,outsourcehr@outlook.com,29,https://www.google.com/maps/place/OutsourceHR/data=!4m7!3m6!1s0x548f75bdc7868e9d:0xc84a550be55d6666!8m2!3d48.4263457!4d-123.3612066!16s%2Fg%2F11fmg8mk6y!19sChIJnY6Gx711j1QRZmZd5QtVSsg?authuser=0&hl=en&g_ep=EgoyMDI2MDgyNi4wIJJjKgBIAVAD&rclk=1
Aphid Consulting,business consulting firm,Victoria BC,+1 778-503-1260,https://aphidconsulting.ca/contact/,shane@aphidconsulting.ca,,https://www.google.com/maps/place/Aphid+Consulting/data=!4m7!3m6!1s0x548f748f3d955555:0x2e5d4f6cbe53fb6e!8m2!3d48.4250162!4d-123.3576681!16s%2Fg%2F11p0ps0263!19sChIJVVWVPY90j1QRbvtTvmxPXS4?authuser=0&hl=en&g_ep=EgoyMDI2MDgyNi4wIJJjKgBIAVAD&rclk=1
AOT Technologies,business consulting firm,Victoria BC,+1 778-433-1268,http://www.aot-technologies.com/,info@aot-technologies.com,,https://www.google.com/maps/place/AOT+Technologies/data=!4m7!3m6!1s0x548f739d830a0b71:0x52137d8cdcdeabeb!8m2!3d48.42564!4d-123.36471!16s%2Fg%2F124t5xcy_!19sChIJcQsKg51zj1QR66ve3Ix9E1I?authuser=0&hl=en&g_ep=EgoyMDI2MDgyNi4wIJJjKgBIAVAD&rclk=1
deFrias Management Group,business consulting firm,Victoria BC,+1 778-676-4183,https://www.defriasconsulting.com/,mark@defriasconsulting.com,,https://www.google.com/maps/place/deFrias+Management+Group/data=!4m7!3m6!1s0x548f73a5f5090e8d:0x670be03605f81c0e!8m2!3d48.4455612!4d-123.3762002!16s%2Fg%2F11gm7n_n2h!19sChIJjQ4J9aVzj1QRDhz4BTbgC2c?authuser=0&hl=en&g_ep=EgoyMDI2MDgyNi4wIJJjKgBIAVAD&rclk=1
Oxbridge Content Canada,business consulting firm,Victoria BC,+1 289-408-9569,https://www.oxbridgecontent.ca/,info@oxbridgecontent.ca,,https://www.google.com/maps/place/Oxbridge+Content+Canada/data=!4m7!3m6!1s0x548f75626549a3f9:0x4bcef1fd1ed0b806!8m2!3d48.4284893!4d-123.3446024!16s%2Fg%2F11pbsn9bv0!19sChIJ-aNJZWJ1j1QRBrjQHv3xzks?authuser=0&hl=en&g_ep=EgoyMDI2MDgyNi4wIJJjKgBIAVAD&rclk=1
Navi Consulting - Independent Financial Planners,business consulting firm,Victoria BC,+1 250-370-0662,http://www.naviconsulting.ca/,info@naviconsulting.ca,,https://www.google.com/maps/place/Navi+Consulting+-+Independent+Financial+Planners/data=!4m7!3m6!1s0x548f754c6150ecf3:0xf470530088940a41!8m2!3d48.422693!4d-123.3617034!16s%2Fg%2F11fb15f6v7!19sChIJ8-xQYUx1j1QRQQqUiABTcPQ?authuser=0&hl=en&g_ep=EgoyMDI2MDgyNi4wIJJjKgBIAVAD&rclk=1
m3 | Mechanical Consultants,business consulting firm,Victoria BC,+1 250-940-2256,http://www.m3mech.ca/,info@m3mech.ca,,https://www.google.com/maps/place/m3+%7C+Mechanical+Consultants/data=!4m7!3m6!1s0x548f749b154db7bf:0x60c7f78dc807b4ab!8m2!3d48.4304778!4d-123.3641216!16s%2Fg%2F11c585bh4q!19sChIJv7dNFZt0j1QRq7QHyI33x2A?authuser=0&hl=en&g_ep=EgoyMDI2MDgyNi4wIJJjKgBIAVAD&rclk=1
Vancouver Island Works Project,business consulting firm,Victoria BC,+1 250-508-5774,http://www.viwproject.com/,info@viwproject.com,63,https://www.google.com/maps/place/Vancouver+Island+Works+Project/data=!4m7!3m6!1s0x548f738be17e74e5:0xd17dc18949059dd6!8m2!3d48.4537158!4d-123.3751278!16s%2Fg%2F11ckkwwkr4!19sChIJ5XR-4Ytzj1QR1p0FSYnBfdE?authuser=0&hl=en&g_ep=EgoyMDI2MDgyNi4wIJJjKgBIAVAD&rclk=1
Cube Management Consulting Ltd.,management consulting,Victoria BC,+1 250-818-2398,http://www.cubeconsulting.ca/,general@cubeconsulting.ca,,https://www.google.com/maps/place/Cube+Management+Consulting+Ltd./data=!4m7!3m6!1s0x548f711efcd3af53:0x781bb2a20f8971fc!8m2!3d48.4284242!4d-123.3656282!16s%2Fg%2F11h4h3lkb5!19sChIJU6_T_B5xj1QR_HGJD6KyG3g?authuser=0&hl=en&g_ep=EgoyMDI2MDgyNi4wIJJjKgBIAVAD&rclk=1
Associa British Columbia- Victoria,management consulting,Victoria BC,+1 250-475-2005,https://www.associabc.ca/?utm_source=gmb&utm_medium=Yext&y_source=1_MTA1MjExNzQ5NS03MTUtbG9jYXRpb24ud2Vic2l0ZQ%3D%3D,craig.rumsby@associabc.ca,84,https://www.google.com/maps/place/Associa+British+Columbia-+Victoria/data=!4m7!3m6!1s0x548f73c6f78276f3:0x66817cd0ae6bfbc5!8m2!3d48.4545621!4d-123.3612674!16s%2Fg%2F11vxpcvptt!19sChIJ83aC98Zzj1QRxftrrtB8gWY?authuser=0&hl=en&g_ep=EgoyMDI2MDgyNi4wIJJjKgBIAVAD&rclk=1
PGL Environmental Consultants,management consulting,Victoria BC,+1 250-940-0769,http://www.pggroup.com/,information@pggroup.com,,https://www.google.com/maps/place/PGL+Environmental+Consultants/data=!4m7!3m6!1s0x548f74859b476413:0x20551a7d38bed0a!8m2!3d48.4291064!4d-123.362943!16s%2Fg%2F11bw67kdvq!19sChIJE2RHm4V0j1QRCu2L06dRBQI?authuser=0&hl=en&g_ep=EgoyMDI2MDgyNi4wIJJjKgBIAVAD&rclk=1
RJC Engineers,management consulting,Victoria BC,+1 250-386-7794,https://www.rjc.ca/location-details/victoria.html,info@rjc.ca,15,https://www.google.com/maps/place/RJC+Engineers/data=!4m7!3m6!1s0x548f749c4a7a86e9:0x1a7df225ce73f053!8m2!3d48.4282339!4d-123.3635243!16s%2Fg%2F1v9gv4ny!19sChIJ6YZ6Spx0j1QRU_BzziXyfRo?authuser=0&hl=en&g_ep=EgoyMDI2MDgyNi4wIJJjKgBIAVAD&rclk=1
Next Level Sales Consulting,B2B sales consultant,Victoria BC,+1 250-661-2001,http://www.nlsalesconsulting.ca/,gavin@nlsalesconsulting.ca,,https://www.google.com/maps/place/Next+Level+Sales+Consulting/data=!4m7!3m6!1s0x548f724ef210c637:0x3446ece4683d2e58!8m2!3d48.4393802!4d-123.3609408!16s%2Fg%2F1tkc1tft!19sChIJN8YQ8k5yj1QRWC49aOTsRjQ?authuser=0&hl=en&g_ep=EgoyMDI2MDgyNi4wIJJjKgBIAVAD&rclk=1
Loomo Marketing,B2B marketing consultant,Victoria BC,+1 604-210-5592,https://loomo.ca/,info@loomo.ca,17,https://www.google.com/maps/place/Loomo+Marketing/data=!4m7!3m6!1s0x548f737c4866938d:0xc2649578806652d4!8m2!3d48.42653!4d-123.36912!16s%2Fg%2F11b7l7w2dw!19sChIJjZNmSHxzj1QR1FJmgHiVZMI?authuser=0&hl=en&g_ep=EgoyMDI2MDgyNi4wIJJjKgBIAVAD&rclk=1
Meaningful Marketing,B2B marketing consultant,Victoria BC,+1 250-217-4176,https://outcareyourcompetition.com/?utm_source=GMB%20Page,you@yourbusiness.com,59,https://www.google.com/maps/place/Meaningful+Marketing/data=!4m7!3m6!1s0x548f738ef0cc4b8b:0x57d50f41ddfd8b7c!8m2!3d62.6573279!4d-95.989235!16s%2Fg%2F1hm4rcv0_!19sChIJi0vM8I5zj1QRfIv93UEP1Vc?authuser=0&hl=en&g_ep=EgoyMDI2MDgyNi4wIJJjKgBIAVAD&rclk=1
Swank Creative Inc.,B2B marketing consultant,Victoria BC,+1 778-676-7354,http://swankcreative.com/,hello@swankcreative.com,,https://www.google.com/maps/place/Swank+Creative+Inc./data=!4m7!3m6!1s0x548f75f499624591:0xdb37e7c5caebbcd2!8m2!3d48.4246127!4d-123.3641272!16s%2Fg%2F11rmnhrnft!19sChIJkUVimfR1j1QR0rzrysXnN9s?authuser=0&hl=en&g_ep=EgoyMDI2MDgyNi4wIJJjKgBIAVAD&rclk=1
Coastal Creative Victoria,B2B marketing consultant,Victoria BC,+1 778-997-3398,http://www.coastalcreativevictoria.com/,contact@coastalcreativevictoria.com,33,https://www.google.com/maps/place/Coastal+Creative+Victoria/data=!4m7!3m6!1s0x548f75d643902c15:0x274a48ed669a8633!8m2!3d62.6573279!4d-95.989235!16s%2Fg%2F11g1ry8jdv!19sChIJFSyQQ9Z1j1QRM4aaZu1ISic?authuser=0&hl=en&g_ep=EgoyMDI2MDgyNi4wIJJjKgBIAVAD&rclk=1
Bluedot Marketing,B2B marketing consultant,Victoria BC,+1 250-483-4020,https://bluedotmarketing.ca/,info@bluedotmarketing.ca,11,https://www.google.com/maps/place/Bluedot+Marketing/data=!4m7!3m6!1s0x548f0d7505b1a62b:0xa056c34505cf9e10!8m2!3d48.4478904!4d-123.5018718!16s%2Fg%2F11tpbn9ck6!19sChIJK6axBXUNj1QREJ7PBUXDVqA?authuser=0&hl=en&g_ep=EgoyMDI2MDgyNi4wIJJjKgBIAVAD&rclk=1
Victoria Marketing Agency,B2B marketing consultant,Victoria BC,,http://victoriamarketingagency.com/,info@wigsbygeorge.com,,https://www.google.com/maps/place/Victoria+Marketing+Agency/data=!4m7!3m6!1s0x548f7364b940aa35:0x228b680209d70f17!8m2!3d48.4367108!4d-123.3824839!16s%2Fg%2F11wqbt6dwb!19sChIJNapAuWRzj1QRFw_XCQJoiyI?authuser=0&hl=en&g_ep=EgoyMDI2MDgyNi4wIJJjKgBIAVAD&rclk=1
Trapeze Communications Inc.,B2B marketing consultant,Victoria BC,+1 250-380-0501,http://www.trapeze.ca/,hello@trapeze.ca,,https://www.google.com/maps/place/Trapeze+Communications+Inc./data=!4m7!3m6!1s0x548f749aa1a861a9:0x1e73399309b4655b!8m2!3d48.4322094!4d-123.3695184!16s%2Fg%2F1td1jplr!19sChIJqWGooZp0j1QRW2W0CZM5cx4?authuser=0&hl=en&g_ep=EgoyMDI2MDgyNi4wIJJjKgBIAVAD&rclk=1
Coast Outdoor Advertising Ltd.,B2B marketing consultant,Victoria BC,+1 250-388-3733,https://www.coastoutdoor.com/,jackie@coastoutdoor.com,19,https://www.google.com/maps/place/Coast+Outdoor+Advertising+Ltd./data=!4m7!3m6!1s0x548f72388ae71e57:0x968fb6dd924e29ef!8m2!3d48.42464!4d-123.3667423!16s%2Fg%2F1tjg_1dh!19sChIJVx7nijhyj1QR7ylOkt22j5Y?authuser=0&hl=en&g_ep=EgoyMDI2MDgyNi4wIJJjKgBIAVAD&rclk=1
bWEST Interactive,B2B marketing consultant,Victoria BC,+1 250-508-7761,https://bwest.ca/?utm_source=google&utm_medium=GBP&utm_campaign=website,bwest@bwest.ca,23,https://www.google.com/maps/place/bWEST+Interactive/data=!4m7!3m6!1s0x548f0d232e2e8335:0x760a9ae475bbefe2!8m2!3d43.7097854!4d-101.2560995!16s%2Fg%2F1tzgnxpz!19sChIJNYMuLiMNj1QR4u-7deSaCnY?authuser=0&hl=en&g_ep=EgoyMDI2MDgyNi4wIJJjKgBIAVAD&rclk=1
SaaSquatch,B2B marketing consultant,Victoria BC,,https://www.saasquatch.com/,hello@saasquatch.com,,https://www.google.com/maps/place/SaaSquatch/data=!4m7!3m6!1s0x548f748eebbc0001:0xcb39c2462afcb0f7!8m2!3d48.4234017!4d-123.3561059!16s%2Fg%2F11q2ykb60t!19sChIJAQC86450j1QR97D8KkbCOcs?authuser=0&hl=en&g_ep=EgoyMDI2MDgyNi4wIJJjKgBIAVAD&rclk=1
Shift Technologies,B2B marketing consultant,Victoria BC,+1 250-590-1800,https://shift.com/,hello@shift.com,,https://www.google.com/maps/place/Shift+Technologies/data=!4m7!3m6!1s0x548f75688fe3e353:0x2b3f79b1cbd8cf06!8m2!3d48.4281805!4d-123.3639441!16s%2Fg%2F11fnwzc06r!19sChIJU-Pjj2h1j1QRBs_Yy7F5Pys?authuser=0&hl=en&g_ep=EgoyMDI2MDgyNi4wIJJjKgBIAVAD&rclk=1
Lead Guerrilla,B2B marketing consultant,Victoria BC,+1 778-432-2761,https://leadguerrilla.com/,info@leadguerrilla.com,,https://www.google.com/maps/place/Lead+Guerrilla/data=!4m7!3m6!1s0x548f745082b15555:0x85c55ce8eec9e48d!8m2!3d48.4164811!4d-123.3205582!16s%2Fg%2F11f62zqnrh!19sChIJVVWxglB0j1QRjeTJ7uhcxYU?authuser=0&hl=en&g_ep=EgoyMDI2MDgyNi4wIJJjKgBIAVAD&rclk=1
Ecoway Movers,B2B marketing consultant,Victoria BC,+1 888-969-2003,https://ecowaymovers.com/moving-company-victoria-bc/,move@getmovers.ca,124,https://www.google.com/maps/place/Ecoway+Movers/data=!4m7!3m6!1s0x548f753dacc4fd69:0x51754191a602d575!8m2!3d48.4277644!4d-123.3632402!16s%2Fg%2F11mv50lr3l!19sChIJaf3ErD11j1QRddUCppFBdVE?authuser=0&hl=en&g_ep=EgoyMDI2MDgyNi4wIJJjKgBIAVAD&rclk=1
Get Movers Victoria BC,B2B marketing consultant,Victoria BC,+1 250-999-0463,https://getmovers.ca/victoria-local-moving-company,move@getmovers.ca,155,https://www.google.com/maps/place/Get+Movers+Victoria+BC/data=!4m7!3m6!1s0x548f73c42b515007:0x2beaadd9007fe173!8m2!3d48.4693686!4d-123.3614199!16s%2Fg%2F11tt36ry4h!19sChIJB1BRK8Rzj1QRc-F_ANmt6is?authuser=0&hl=en&g_ep=EgoyMDI2MDgyNi4wIJJjKgBIAVAD&rclk=1
Butterfly Networking,B2B marketing consultant,Victoria BC,+1 778-835-4032,https://butterflynetworking.ca/,nnewwestspotlight@gmail.com,,https://www.google.com/maps/place/Butterfly+Networking/data=!4m7!3m6!1s0x5485d8bf09f3fa05:0xe58e1aa9d86cf5f0!8m2!3d49.1776435!4d-122.648626!16s%2Fg%2F1tdyw17_!19sChIJBfrzCb_YhVQR8PVs2KkajuU?authuser=0&hl=en&g_ep=EgoyMDI2MDgyNi4wIJJjKgBIAVAD&rclk=1
China SEO Online Marketing,B2B marketing consultant,Victoria BC,+1 778-858-2876,https://chinaseo.ca/,ran@chinaseo.ca,13,https://www.google.com/maps/place/China+SEO+Online+Marketing/data=!4m7!3m6!1s0x5485e1454db3a6ad:0xc3de9726e63ed80e!8m2!3d49.1215323!4d-123.1596508!16s%2Fg%2F11jc9s4s0h!19sChIJraazTUXhhVQRDtg-5iaX3sM?authuser=0&hl=en&g_ep=EgoyMDI2MDgyNi4wIJJjKgBIAVAD&rclk=1
B2B Connection,B2B consultant,Windsor ON,,https://btobconnection.com/,info@btobconnection.com,,https://www.google.com/maps/place/B2B+Connection/data=!4m7!3m6!1s0x883b2dce0d911255:0x1dcfd2d23a6aa16c!8m2!3d42.3070266!4d-83.0584771!16s%2Fg%2F11smg08w8r!19sChIJVRKRDc4tO4gRbKFqOtLSzx0?authuser=0&hl=en&g_ep=EgoyMDI2MDgyNi4wIJJjKgBIAVAD&rclk=1
ESC - Exponential Solutions Consulting,B2B consultant,Windsor ON,+1 519-419-3133,https://esconsulting.ca/,aly@esconsulting.ca,24,https://www.google.com/maps/place/ESC+-+Exponential+Solutions+Consulting/data=!4m7!3m6!1s0x883ad56c67f61ef5:0x3b0c637613cb3bb0!8m2!3d42.2839435!4d-82.9654697!16s%2Fg%2F11qnm0c10d!19sChIJ9R72Z2zVOogRsDvLE3ZjDDs?authuser=0&hl=en&g_ep=EgoyMDI2MDgyNi4wIJJjKgBIAVAD&rclk=1
W.E.S. Consulting Inc. Labour Relations & Business Services,B2B consultant,Windsor ON,+1 519-252-5224,http://www.wescanada.com/,jhd82707381@126.com,,https://www.google.com/maps/place/W.E.S.+Consulting+Inc.+Labour+Relations+%26+Business+Services/data=!4m7!3m6!1s0x883b2b4932b3ff93:0x49a639e1deda29f2!8m2!3d42.3292266!4d-82.9770089!16s%2Fg%2F11btvb72j0!19sChIJk_-zMkkrO4gR8ina3uE5pkk?authuser=0&hl=en&g_ep=EgoyMDI2MDgyNi4wIJJjKgBIAVAD&rclk=1
Small Business & Entrepreneurship Centre,B2B consultant,Windsor ON,+1 519-253-6900,https://www.webusinesscentre.com/,info@webusinesscentre.com,12,https://www.google.com/maps/place/Small+Business+%26+Entrepreneurship+Centre/data=!4m7!3m6!1s0x883b2d75d6584445:0x92e10d7b3e009b94!8m2!3d42.3178841!4d-83.0405617!16s%2Fg%2F11b75db2pw!19sChIJRURY1nUtO4gRlJsAPnsN4ZI?authuser=0&hl=en&g_ep=EgoyMDI2MDgyNi4wIJJjKgBIAVAD&rclk=1
BDO Debt Solutions,B2B consultant,Windsor ON,+1 519-944-6900,https://debtsolutions.bdo.ca/offices/windsor/,mmoran@bdo.ca,234,https://www.google.com/maps/place/BDO+Debt+Solutions/data=!4m7!3m6!1s0x883b2bbb936b334f:0x43a85b097a13e17f!8m2!3d42.2827284!4d-82.9658029!16s%2Fg%2F1thnpfpm!19sChIJTzNrk7srO4gRf-ETeglbqEM?authuser=0&hl=en&g_ep=EgoyMDI2MDgyNi4wIJJjKgBIAVAD&rclk=1
Crescenza Consulting Group,business consulting firm,Windsor ON,+1 647-230-8524,http://crescenzaconsulting.com/,sales@crescenzaconsulting.ca,11,https://www.google.com/maps/place/Crescenza+Consulting+Group/data=!4m7!3m6!1s0x883b2b0d07319d15:0xf406514d00497eef!8m2!3d42.3056739!4d-83.0297938!16s%2Fg%2F11h4vgmzsp!19sChIJFZ0xBw0rO4gR735JAE1RBvQ?authuser=0&hl=en&g_ep=EgoyMDI2MDgyNi4wIJJjKgBIAVAD&rclk=1
GrowthWise,business consulting firm,Windsor ON,+1 647-695-7838,https://growthwise.ca/,aliarif@growthwise.ca,,https://www.google.com/maps/place/GrowthWise/data=!4m7!3m6!1s0x883b2dd6ba028e4f:0x1d880ea6c26e6489!8m2!3d42.3054242!4d-83.0335577!16s%2Fg%2F11y3s3fg2v!19sChIJT44CutYtO4gRiWRuwqYOiB0?authuser=0&hl=en&g_ep=EgoyMDI2MDgyNi4wIJJjKgBIAVAD&rclk=1
Partner Engineers MEP DESIGN,business consulting firm,Windsor ON,+1 226-280-2077,http://www.partnerengineers.ca/,mike@partnerengineers.ca,29,https://www.google.com/maps/place/Partner+Engineers+MEP+DESIGN/data=!4m7!3m6!1s0x883b315eb7d4a099:0x72d3abd03874b42c!8m2!3d42.3105361!4d-82.9536254!16s%2Fg%2F11q41594ch!19sChIJmaDUt14xO4gRLLR0ONCr03I?authuser=0&hl=en&g_ep=EgoyMDI2MDgyNi4wIJJjKgBIAVAD&rclk=1
RMS Accounting & Bookkeeping - Ontario,business consulting firm,Windsor ON,+1 902-394-0314,http://rmscanada.com/,hello@rmscanada.com,13,https://www.google.com/maps/place/RMS+Accounting+%26+Bookkeeping+-+Ontario/data=!4m7!3m6!1s0x883b2d2f14d99757:0xcb667984b58f6276!8m2!3d42.3120966!4d-83.0351135!16s%2Fg%2F11q4g2zq7_!19sChIJV5fZFC8tO4gRdmKPtYR5Zss?authuser=0&hl=en&g_ep=EgoyMDI2MDgyNi4wIJJjKgBIAVAD&rclk=1
DevMark Consulting Inc.,business consulting firm,Windsor ON,+1 519-991-7751,http://www.devmark.ca/,contact@devmark.ca,,https://www.google.com/maps/place/DevMark+Consulting+Inc./data=!4m7!3m6!1s0x883b2bbd36bd8cb9:0xd9158573eedc9024!8m2!3d42.3244422!4d-82.8898187!16s%2Fg%2F11bccj8ns7!19sChIJuYy9Nr0rO4gRJJDc7nOFFdk?authuser=0&hl=en&g_ep=EgoyMDI2MDgyNi4wIJJjKgBIAVAD&rclk=1
AVR IT Consulting,business consulting firm,Windsor ON,+1 833-644-8324,https://avritconsulting.com/,info@avritconsulting.com,,https://www.google.com/maps/place/AVR+IT+Consulting/data=!4m7!3m6!1s0x883b2dc9d3bac2fb:0xfa067c7104aa44b2!8m2!3d42.3228902!4d-83.0141215!16s%2Fg%2F11pchk0h2_!19sChIJ-8K608ktO4gRskSqBHF8Bvo?authuser=0&hl=en&g_ep=EgoyMDI2MDgyNi4wIJJjKgBIAVAD&rclk=1
Canadian Visa Immigration Consultancy,business consulting firm,Windsor ON,+1 647-239-0277,https://canadianvisasimmigration.com/,info@canadianvisasimmigration.com,266,https://www.google.com/maps/place/Canadian+Visa+Immigration+Consultancy/data=!4m7!3m6!1s0x882b0544940043a3:0x5e487a3da3b8d352!8m2!3d42.3028853!4d-83.0292025!16s%2Fg%2F11fmf4261f!19sChIJo0MAlEQFK4gRUtO4oz16SF4?authuser=0&hl=en&g_ep=EgoyMDI2MDgyNi4wIJJjKgBIAVAD&rclk=1
"Earnest Immigration and Citizenship Services Inc. - Immigration Law Firm in Windsor, Ontario",business consulting firm,Windsor ON,+1 519-991-4419,https://www.earnestimmigration.com/,aman@earnestimmigration.com,287,"https://www.google.com/maps/place/Earnest+Immigration+and+Citizenship+Services+Inc.+-+Immigration+Law+Firm+in+Windsor,+Ontario/data=!4m7!3m6!1s0x883b2d05583b3fcb:0x627248549b9f74e2!8m2!3d42.3127966!4d-83.0223684!16s%2Fg%2F11p4mtnjvh!19sChIJyz87WAUtO4gR4nSfm1RIcmI?authuser=0&hl=en&g_ep=EgoyMDI2MDgyNi4wIJJjKgBIAVAD&rclk=1"
Pioneer Professional Accountants Inc.,business consulting firm,Windsor ON,+1 519-946-2921,http://www.ppatax.com/,knarang@ppatax.com,88,https://www.google.com/maps/place/Pioneer+Professional+Accountants+Inc./data=!4m7!3m6!1s0x883b2d0d24f5b7d5:0xede9f47088fed88d!8m2!3d42.2687057!4d-83.024944!16s%2Fg%2F11jd_1y_y9!19sChIJ1bf1JA0tO4gRjdj-iHD06e0?authuser=0&hl=en&g_ep=EgoyMDI2MDgyNi4wIJJjKgBIAVAD&rclk=1
Tandem Engineering Group (formerly SNP Technical Services Inc.),business consulting firm,Windsor ON,+1 519-800-0873,http://www.tandemeng.com/,accounting@tandemeng.com,,https://www.google.com/maps/place/Tandem+Engineering+Group+%28formerly+SNP+Technical+Services+Inc.%29/data=!4m7!3m6!1s0x883b2cb8afd1a3dd:0x9579e97238979425!8m2!3d42.3241973!4d-83.0143296!16s%2Fg%2F11bbrkx_qp!19sChIJ3aPRr7gsO4gRJZSXOHLpeZU?authuser=0&hl=en&g_ep=EgoyMDI2MDgyNi4wIJJjKgBIAVAD&rclk=1
BD Consulting,business consulting firm,Windsor ON,+1 519-987-3846,https://bdconsultings.com/about-us/,info@bdconsultings.com,,https://www.google.com/maps/place/BD+Consulting/data=!4m7!3m6!1s0x883b2e8a8ae162db:0x880582fdcda3d616!8m2!3d42.2437254!4d-83.0349553!16s%2Fg%2F11sy_kjp91!19sChIJ22LhioouO4gRFtajzf2CBYg?authuser=0&hl=en&g_ep=EgoyMDI2MDgyNi4wIJJjKgBIAVAD&rclk=1
SafestWork Consulting Inc.,business consulting firm,Windsor ON,+1 519-250-4401,https://www.safestwork.com/,support@safestwork.com,,https://www.google.com/maps/place/SafestWork+Consulting+Inc./data=!4m7!3m6!1s0x883b2df2af61de93:0x1a17fb61e36da6b!8m2!3d42.3056718!4d-82.9346165!16s%2Fg%2F11j8ghdgsg!19sChIJk95hr_ItO4gRa9o2HrZ_oQE?authuser=0&hl=en&g_ep=EgoyMDI2MDgyNi4wIJJjKgBIAVAD&rclk=1
HGS Limited,business consulting firm,Windsor ON,+1 519-944-3090,http://www.hgslimited.com/,info@hgslimited.com,,https://www.google.com/maps/place/HGS+Limited/data=!4m7!3m6!1s0x883b2b980ffb0273:0x44a72d5d4fb287e5!8m2!3d42.27424!4d-82.9938589!16s%2Fg%2F1tfwqm_5!19sChIJcwL7D5grO4gR5YeyT10tp0Q?authuser=0&hl=en&g_ep=EgoyMDI2MDgyNi4wIJJjKgBIAVAD&rclk=1
Lea Consulting,business consulting firm,Windsor ON,+1 416-879-9201,https://www.lea.ca/,lasa@lasaindia.com,,https://www.google.com/maps/place/Lea+Consulting/data=!4m7!3m6!1s0x883b2d007586a80b:0x94ad5d0368272b62!8m2!3d42.283245!4d-83.0210874!16s%2Fg%2F11z692sym2!19sChIJC6iGdQAtO4gRYisnaANdrZQ?authuser=0&hl=en&g_ep=EgoyMDI2MDgyNi4wIJJjKgBIAVAD&rclk=1
Gondaliya CPA,business consulting firm,Windsor ON,+1 647-212-9559,https://gondaliyacpa.ca/,sharad@gondaliyacpa.ca,45,https://www.google.com/maps/place/Gondaliya+CPA/data=!4m7!3m6!1s0x883b2ffb53d8c877:0xd597e77c80dd4723!8m2!3d42.2442153!4d-83.0058296!16s%2Fg%2F11ygw_j569!19sChIJd8jYU_svO4gRI0fdgHznl9U?authuser=0&hl=en&g_ep=EgoyMDI2MDgyNi4wIJJjKgBIAVAD&rclk=1
The Growth Arena,management consulting,Windsor ON,+1 226-774-5570,http://www.thegrowtharena.com/,micah@micahrich.com,,https://www.google.com/maps/place/The+Growth+Arena/data=!4m7!3m6!1s0x883b2dba06a07dc3:0x916040efd3d31d9e!8m2!3d42.3143892!4d-83.0512275!16s%2Fg%2F11xlhcvwrq!19sChIJw32gBrotO4gRnh3T0-9AYJE?authuser=0&hl=en&g_ep=EgoyMDI2MDgyNi4wIJJjKgBIAVAD&rclk=1
YOM TRADING AND BUSINESS CONSULTANTS CORP.,management consulting,Windsor ON,+1 647-913-5130,https://yom-trading-and-consultants.ca/,info@yom-trading-and-consultants.ca,,https://www.google.com/maps/place/YOM+TRADING+AND+BUSINESS+CONSULTANTS+CORP./data=!4m7!3m6!1s0x883b2d8f19955875:0x68ab863642642c8e!8m2!3d42.2868766!4d-82.993446!16s%2Fg%2F11y97xyjm4!19sChIJdViVGY8tO4gRjixkQjaGq2g?authuser=0&hl=en&g_ep=EgoyMDI2MDgyNi4wIJJjKgBIAVAD&rclk=1
Rishi Immigration - A Regulated Canadian Immigration Consultant,management consulting,Windsor ON,+1 416-879-7028,http://www.rishiimmigration.ca/,contact@rishiimmigration.ca,60,https://www.google.com/maps/place/Rishi+Immigration+-+A+Regulated+Canadian+Immigration+Consultant/data=!4m7!3m6!1s0x883b2d93f17226b7:0x4e93615e260f00a6!8m2!3d42.2833357!4d-83.0211734!16s%2Fg%2F11rcpszs7v!19sChIJtyZy8ZMtO4gRpgAPJl5hk04?authuser=0&hl=en&g_ep=EgoyMDI2MDgyNi4wIJJjKgBIAVAD&rclk=1
OLH Property Management & Eviction Help,management consulting,Windsor ON,+1 519-258-3966,https://ontariolandlordhelp.ca/,info@olhgroup.ca,118,https://www.google.com/maps/place/OLH+Property+Management+%26+Eviction+Help/data=!4m7!3m6!1s0x883b2d41e9f98e1f:0x3b67bfd6cbacd211!8m2!3d42.3119913!4d-83.0352065!16s%2Fg%2F11vb50z1mv!19sChIJH4756UEtO4gREdKsy9a_Zzs?authuser=0&hl=en&g_ep=EgoyMDI2MDgyNi4wIJJjKgBIAVAD&rclk=1
Idea Technovation,management consulting,Windsor ON,+1 647-997-9954,http://ideatechnovation.com/,idea.technovation@gmail.com,,https://www.google.com/maps/place/Idea+Technovation/data=!4m7!3m6!1s0x883b2d87a7872b3b:0xadb509d3458dbbc!8m2!3d42.2955956!4d-83.0772205!16s%2Fg%2F11y2nsxm0h!19sChIJOyuHp4ctO4gRvNtYNJ1Q2wo?authuser=0&hl=en&g_ep=EgoyMDI2MDgyNi4wIJJjKgBIAVAD&rclk=1
Mediaduo,B2B marketing consultant,Windsor ON,+1 519-252-1607,https://www.mediaduo.com/,tcatalano@mediaduo.com,12,https://www.google.com/maps/place/Mediaduo/data=!4m7!3m6!1s0x883b2b93342b4fa7:0xc957a83213d5504b!8m2!3d42.2774366!4d-82.978949!16s%2Fg%2F1tf6sgf3!19sChIJp08rNJMrO4gRS1DVEzKoV8k?authuser=0&hl=en&g_ep=EgoyMDI2MDgyNi4wIJJjKgBIAVAD&rclk=1
YQG Digital Inc.,B2B marketing consultant,Windsor ON,+1 226-344-3685,https://yqgdigital.ca/?utm_source=GBP&utm_medium=Click&utm_campaign=track,tim@yqgdigital.ca,71,https://www.google.com/maps/place/YQG+Digital+Inc./data=!4m7!3m6!1s0x883b2d0a4bce3a5f:0x543e1ce4342ab07c!8m2!3d42.2833497!4d-83.0211227!16s%2Fg%2F11sv6293kg!19sChIJXzrOSwotO4gRfLAqNOQcPlQ?authuser=0&hl=en&g_ep=EgoyMDI2MDgyNi4wIJJjKgBIAVAD&rclk=1
SEOBANK Digital Marketing Agency,B2B marketing consultant,Windsor ON,+1 519-890-3979,https://seobank.ca/,info@seobank.ca,16,https://www.google.com/maps/place/SEOBANK+Digital+Marketing+Agency/data=!4m7!3m6!1s0x883ac0dfc87b3455:0xb87aa06f55003b4c!8m2!3d42.0355658!4d-82.7265379!16s%2Fg%2F11z6ft1c7!19sChIJVTR7yN_AOogRTDsAVW-gerg?authuser=0&hl=en&g_ep=EgoyMDI2MDgyNi4wIJJjKgBIAVAD&rclk=1
All In Content Inc.,B2B marketing consultant,Windsor ON,+1 226-234-9308,https://allincontent.ca/,info@allincontent.ca,21,https://www.google.com/maps/place/All+In+Content+Inc./data=!4m7!3m6!1s0x883b2b9fc9200ad1:0x8190c549b17a6b4b!8m2!3d42.3024428!4d-82.9368069!16s%2Fg%2F11l5f199f_!19sChIJ0QogyZ8rO4gRS2t6sUnFkIE?authuser=0&hl=en&g_ep=EgoyMDI2MDgyNi4wIJJjKgBIAVAD&rclk=1
Badger Marketing,B2B marketing consultant,Windsor ON,+1 519-962-0028,https://badgermarketing.ca/,hello@badgermarketing.ca,,https://www.google.com/maps/place/Badger+Marketing/data=!4m7!3m6!1s0x883b2d93ffd23bdf:0x4a32e5c366d9d169!8m2!3d42.3149612!4d-83.0383691!16s%2Fg%2F11jsbt82_d!19sChIJ3zvS_5MtO4gRadHZZsPlMko?authuser=0&hl=en&g_ep=EgoyMDI2MDgyNi4wIJJjKgBIAVAD&rclk=1
Click N Cuts - Digital Marketing Agency in Windsor,B2B marketing consultant,Windsor ON,+1 226-946-8312,https://clickncuts.com/,info@clickncuts.com,,https://www.google.com/maps/place/Click+N+Cuts+-+Digital+Marketing+Agency+in+Windsor/data=!4m7!3m6!1s0x6c92e35629713363:0x501465b661f5a0fb!8m2!3d42.015168!4d-82.8847546!16s%2Fg%2F11n9f20py1!19sChIJYzNxKVbjkmwR-6D1YbZlFFA?authuser=0&hl=en&g_ep=EgoyMDI2MDgyNi4wIJJjKgBIAVAD&rclk=1
Mainstream Marketing,B2B marketing consultant,Windsor ON,+1 519-969-4430,http://www.mainstreammarketing.ca/,info@mainstreammarketing.ca,,https://www.google.com/maps/place/Mainstream+Marketing/data=!4m7!3m6!1s0x883b2cfc138e3f71:0x517d03a957392ff9!8m2!3d42.3060196!4d-83.0321124!16s%2Fg%2F1tdfcs6p!19sChIJcT-OE_wsO4gR-S85V6kDfVE?authuser=0&hl=en&g_ep=EgoyMDI2MDgyNi4wIJJjKgBIAVAD&rclk=1
JMarketing,B2B marketing consultant,Windsor ON,+1 226-757-3989,https://www.jmarketing.ae/,hello@thejmarketing.com,,https://www.google.com/maps/place/JMarketing/data=!4m7!3m6!1s0x883b31be246fbae1:0x8684c89fc415573f!8m2!3d62.6573279!4d-95.989235!16s%2Fg%2F11lkh0n7z1!19sChIJ4bpvJL4xO4gRP1cVxJ_IhIY?authuser=0&hl=en&g_ep=EgoyMDI2MDgyNi4wIJJjKgBIAVAD&rclk=1
Digital Media,B2B marketing consultant,Windsor ON,+1 519-817-1176,https://digitalmedia.ca/,ypd-lo@2bjtu1q.np,,https://www.google.com/maps/place/Digital+Media/data=!4m7!3m6!1s0x883b2b5ab0f440d7:0x9b1d233a33f8f527!8m2!3d42.3260414!4d-82.9829789!16s%2Fg%2F1td33qh2!19sChIJ10D0sForO4gRJ_X4MzojHZs?authuser=0&hl=en&g_ep=EgoyMDI2MDgyNi4wIJJjKgBIAVAD&rclk=1
A&A Associates,B2B marketing consultant,Windsor ON,+1 519-254-5894,https://www.aaassociates.ca/,mirza@aaassociates.ca,,https://www.google.com/maps/place/A%26A+Associates/data=!4m7!3m6!1s0x883b2c887f557819:0xb8b2091dc32de7a1!8m2!3d42.3007569!4d-83.0039337!16s%2Fg%2F11c5954kl_!19sChIJGXhVf4gsO4gRoectwx0Jsrg?authuser=0&hl=en&g_ep=EgoyMDI2MDgyNi4wIJJjKgBIAVAD&rclk=1
The Buzzster - Wix Website Designer,B2B marketing consultant,Windsor ON,+1 647-992-4217,https://www.thebuzzster.com/,info.buzzster@gmail.com,,https://www.google.com/maps/place/The+Buzzster+-+Wix+Website+Designer/data=!4m7!3m6!1s0x883b3199880cfcd3:0xbf94422c9336bebe!8m2!3d51.2072!4d-121.9883!16s%2Fg%2F11jt70zggf!19sChIJ0_wMiJkxO4gRvr42kyxClL8?authuser=0&hl=en&g_ep=EgoyMDI2MDgyNi4wIJJjKgBIAVAD&rclk=1
OnePoint Solutions Marketing Agency,B2B marketing consultant,Windsor ON,+1 780-229-8464,https://onepointsolution.ca/,info@onepointsolutionsca.com,24,https://www.google.com/maps/place/OnePoint+Solutions+Marketing+Agency/data=!4m7!3m6!1s0x53a0218841161359:0xd6e104adf921e5e1!8m2!3d53.5680823!4d-113.5806139!16s%2Fg%2F11z5r2ww32!19sChIJWRMWQYghoFMR4eUh-a0E4dY?authuser=0&hl=en&g_ep=EgoyMDI2MDgyNi4wIJJjKgBIAVAD&rclk=1
CB Marketing,B2B marketing consultant,Windsor ON,,https://www.cbmarketing.solutions/contact/,cbmarketingwindsor@gmail.com,,https://www.google.com/maps/place/CB+Marketing/data=!4m7!3m6!1s0x883b2b1a36ceaaab:0x2a649ed061d1c1c9!8m2!3d42.3095007!4d-82.9586767!16s%2Fg%2F11s490l2g6!19sChIJq6rONhorO4gRycHRYdCeZCo?authuser=0&hl=en&g_ep=EgoyMDI2MDgyNi4wIJJjKgBIAVAD&rclk=1
BG Marketing Co.,B2B marketing consultant,Windsor ON,+1 226-261-3539,https://bgmarketing.co/,brianne@bgmarketing.co,11,https://www.google.com/maps/place/BG+Marketing+Co./data=!4m7!3m6!1s0xae055e7562c21713:0x1df2f6e6e6a4d543!8m2!3d62.6573279!4d-95.989235!16s%2Fg%2F11wv5tf_wn!19sChIJExfCYnVeBa4RQ9Wk5ub28h0?authuser=0&hl=en&g_ep=EgoyMDI2MDgyNi4wIJJjKgBIAVAD&rclk=1
Get Found Madison,B2B marketing consultant,Windsor ON,+1 608-620-0282,https://getfoundmadison.com/,michaeljjacobson1@gmail.com,29,https://www.google.com/maps/place/Get+Found+Madison/data=!4m7!3m6!1s0x8807acc32d126153:0x759221ebecda4925!8m2!3d43.020375!4d-89.4036559!16s%2Fg%2F11c53c_s3k!19sChIJU2ESLcOsB4gRJUna7OshknU?authuser=0&hl=en&g_ep=EgoyMDI2MDgyNi4wIJJjKgBIAVAD&rclk=1
KAL Digital,B2B marketing consultant,Windsor ON,+1 647-797-7741,https://kaldigital.ca/,support@kaldigital.ca,,https://www.google.com/maps/place/KAL+Digital/data=!4m7!3m6!1s0x2d225b880b0e1f1b:0x15193ee9c756b474!8m2!3d43.8775414!4d-79.4381259!16s%2Fg%2F11vybv0d39!19sChIJGx8OC4hbIi0RdLRWx-k-GRU?authuser=0&hl=en&g_ep=EgoyMDI2MDgyNi4wIJJjKgBIAVAD&rclk=1
Firebird Business Consulting Ltd.,B2B consultant,Saskatoon SK,+1 306-241-6215,http://firebirdbusinessconsulting.ca/,impallari@gmail.com,48,https://www.google.com/maps/place/Firebird+Business+Consulting+Ltd./data=!4m7!3m6!1s0x5304676068addbd3:0x248920e93b105928!8m2!3d52.1571742!4d-106.6820994!16s%2Fg%2F1pv0fs3kc!19sChIJ09utaGBnBFMRKFkQO-kgiSQ?authuser=0&hl=en&g_ep=EgoyMDI2MDgyNi4wIJJjKgBIAVAD&rclk=1
IIBC - International Immigration & Business Consulting,B2B consultant,Saskatoon SK,+1 306-805-0113,http://iibc.ca/,dirk@iibc.ca,46,https://www.google.com/maps/place/IIBC+-+International+Immigration+%26+Business+Consulting/data=!4m7!3m6!1s0x5304f6d6f9784021:0xcb4de8c7205bec4c!8m2!3d52.1419015!4d-106.628553!16s%2Fg%2F1tglmkh_!19sChIJIUB4-db2BFMRTOxbIMfoTcs?authuser=0&hl=en&g_ep=EgoyMDI2MDgyNi4wIJJjKgBIAVAD&rclk=1
MIB Business and Immigration Services Inc.,B2B consultant,Saskatoon SK,+1 306-249-1444,https://www.mibbusiness.ca/,info@mibbusiness.ca,17,https://www.google.com/maps/place/MIB+Business+and+Immigration+Services+Inc./data=!4m7!3m6!1s0x5304f394058806a1:0x10a5a82082679204!8m2!3d52.1151997!4d-106.5952085!16s%2Fg%2F11yq035cdg!19sChIJoQaIBZTzBFMRBJJngiCopRA?authuser=0&hl=en&g_ep=EgoyMDI2MDgyNi4wIJJjKgBIAVAD&rclk=1
Magnaltus Consulting,B2B consultant,Saskatoon SK,+1 306-700-6898,http://www.magnaltus.com/,team@latofonts.com,32,https://www.google.com/maps/place/Magnaltus+Consulting/data=!4m7!3m6!1s0x5304f1fdee947ffd:0x70bca1c62b343409!8m2!3d52.1145151!4d-106.6434122!16s%2Fg%2F11tfngc7v9!19sChIJ_X-U7v3xBFMRCTQ0K8ahvHA?authuser=0&hl=en&g_ep=EgoyMDI2MDgyNi4wIJJjKgBIAVAD&rclk=1
Comfortech Consultancy Services,B2B consultant,Saskatoon SK,+1 639-384-6385,https://www.comfortechconsultancyservices.com/,info@comfortechconsultancyservices.ca,,https://www.google.com/maps/place/Comfortech+Consultancy+Services/data=!4m7!3m6!1s0x24391baa48a58871:0xae753a69d02a3c0b!8m2!3d52.1635451!4d-106.5636642!16s%2Fg%2F11zjkhcjtv!19sChIJcYilSKobOSQRCzwq0Gk6da4?authuser=0&hl=en&g_ep=EgoyMDI2MDgyNi4wIJJjKgBIAVAD&rclk=1
Morris Interactive,B2B consultant,Saskatoon SK,+1 306-955-3006,https://www.morrisinteractive.ca/,info@morrisinteractive.ca,25,https://www.google.com/maps/place/Morris+Interactive/data=!4m7!3m6!1s0x5304f6d42100f15f:0xd7b353593f59d259!8m2!3d52.201125!4d-106.6302804!16s%2Fg%2F1tgs0ljt!19sChIJX_EAIdT2BFMRWdJZP1lTs9c?authuser=0&hl=en&g_ep=EgoyMDI2MDgyNi4wIJJjKgBIAVAD&rclk=1
Business Automation Solutions Inc.,B2B consultant,Saskatoon SK,+1 306-667-3849,http://www.businessautosolutions.com/,info@businessautosolutions.com,,https://www.google.com/maps/place/Business+Automation+Solutions+Inc./data=!4m7!3m6!1s0x5304f131b4cc01b3:0x8bf791f3fdece146!8m2!3d52.1144662!4d-106.6425487!16s%2Fg%2F11fjzxtkd3!19sChIJswHMtDHxBFMRRuHs_fOR94s?authuser=0&hl=en&g_ep=EgoyMDI2MDgyNi4wIJJjKgBIAVAD&rclk=1
Board Dynamics Consulting,B2B consultant,Saskatoon SK,+1 306-229-4249,http://www.boarddynamics.ca/,info@boarddynamics.ca,,https://www.google.com/maps/place/Board+Dynamics+Consulting/data=!4m7!3m6!1s0x5304f6d12799f43d:0x5878b534fe60efd1!8m2!3d52.1326508!4d-106.6656109!16s%2Fg%2F1tdkrg93!19sChIJPfSZJ9H2BFMR0e9g_jS1eFg?authuser=0&hl=en&g_ep=EgoyMDI2MDgyNi4wIJJjKgBIAVAD&rclk=1
RenewBiz Consulting Ltd,B2B consultant,Saskatoon SK,+1 306-220-7003,https://renewbizconsult.com/about-us/,info@renewbizconsult.com,,https://www.google.com/maps/place/RenewBiz+Consulting+Ltd/data=!4m7!3m6!1s0x5304f9c5cd5c0001:0xd0ac140b95df4b07!8m2!3d52.1332559!4d-106.7268666!16s%2Fg%2F11vm3t5wzj!19sChIJAQBczcX5BFMRB0vflQsUrNA?authuser=0&hl=en&g_ep=EgoyMDI2MDgyNi4wIJJjKgBIAVAD&rclk=1
Boost Consulting,B2B consultant,Saskatoon SK,+1 306-227-4734,https://www.boostconsulting.ca/,amandadahl@boostconsulting.ca,,https://www.google.com/maps/place/Boost+Consulting/data=!4m7!3m6!1s0x5304f73196aa278d:0x92f02bccdc2d88b!8m2!3d52.1625343!4d-106.6429013!16s%2Fg%2F11v03_48t3!19sChIJjSeqljH3BFMRi9jCzbwCLwk?authuser=0&hl=en&g_ep=EgoyMDI2MDgyNi4wIJJjKgBIAVAD&rclk=1
Canadian Business Resource Group,B2B consultant,Saskatoon SK,+1 306-244-4920,http://cbrg.ca/,info@cbrg.ca,,https://www.google.com/maps/place/Canadian+Business+Resource+Group/data=!4m7!3m6!1s0x5304f656227b1d0b:0x3b003849ee889c86!8m2!3d52.1613367!4d-106.6798921!16s%2Fg%2F11gl10z935!19sChIJCx17Ilb2BFMRhpyI7kk4ADs?authuser=0&hl=en&g_ep=EgoyMDI2MDgyNi4wIJJjKgBIAVAD&rclk=1
Abonar Business Consultants Ltd.,B2B consultant,Saskatoon SK,+1 306-290-2174,http://www.abonarconsultants.com/,info@abonarconsultants.com,,https://www.google.com/maps/place/Abonar+Business+Consultants+Ltd./data=!4m7!3m6!1s0x5304f15b1dbbdfeb:0xd5d363d3b104700d!8m2!3d52.114481!4d-106.6094957!16s%2Fg%2F1tdjqt6r!19sChIJ69-7HVvxBFMRDXAEsdNj09U?authuser=0&hl=en&g_ep=EgoyMDI2MDgyNi4wIJJjKgBIAVAD&rclk=1
Next Move Immigration Consultancy Ltd.,B2B consultant,Saskatoon SK,+1 306-350-7000,http://www.nextmoveimmigration.com/,contact@nextmoveimmigration.com,67,https://www.google.com/maps/place/Next+Move+Immigration+Consultancy+Ltd./data=!4m7!3m6!1s0x5304f717fae2eebd:0x7a7ed09f8881c0a3!8m2!3d52.156818!4d-106.6629464!16s%2Fg%2F11jwgxhvzr!19sChIJve7i-hf3BFMRo8CBiJ_Qfno?authuser=0&hl=en&g_ep=EgoyMDI2MDgyNi4wIJJjKgBIAVAD&rclk=1
Agri Biz Communications Corporation,B2B consultant,Saskatoon SK,+1 306-222-7601,https://agribiz.ca/,adele@agribiz.ca,,https://www.google.com/maps/place/Agri+Biz+Communications+Corporation/data=!4m7!3m6!1s0x5304f65837385029:0xbef0d2b98ee1ce97!8m2!3d52.1056514!4d-106.5801675!16s%2Fg%2F1vcjlxld!19sChIJKVA4N1j2BFMRl87hjrnS8L4?authuser=0&hl=en&g_ep=EgoyMDI2MDgyNi4wIJJjKgBIAVAD&rclk=1
The People Group Inc.,B2B consultant,Saskatoon SK,+1 306-521-2694,http://www.workingwithothers.net/,cudmore@sasktel.net,,https://www.google.com/maps/place/The+People+Group+Inc./data=!4m7!3m6!1s0x5304f748d83cd8b1:0xe5dd897b24446a74!8m2!3d52.1316799!4d-106.6574201!16s%2Fg%2F11f79yx824!19sChIJsdg82Ej3BFMRdGpEJHuJ3eU?authuser=0&hl=en&g_ep=EgoyMDI2MDgyNi4wIJJjKgBIAVAD&rclk=1
Prosperity Business Solutions Inc.,B2B consultant,Saskatoon SK,+1 306-934-6980,http://www.prosperitybusiness.ca/,info@prosperitybusiness.ca,15,https://www.google.com/maps/place/Prosperity+Business+Solutions+Inc./data=!4m7!3m6!1s0x5304f51db54fba65:0x332a47aee019fd84!8m2!3d52.1371782!4d-106.59938!16s%2Fg%2F11j0rpd5xh!19sChIJZbpPtR31BFMRhP0Z4K5HKjM?authuser=0&hl=en&g_ep=EgoyMDI2MDgyNi4wIJJjKgBIAVAD&rclk=1
Vista by Virtus,B2B consultant,Saskatoon SK,+1 888-258-7677,https://www.vistabyvirtus.ca/,vista@virtusgroup.ca,,https://www.google.com/maps/place/Vista+by+Virtus/data=!4m7!3m6!1s0x5304f74516aa2621:0x4d257d115a00dcb0!8m2!3d52.1349291!4d-106.6602926!16s%2Fg%2F11zcgjjq87!19sChIJISaqFkX3BFMRsNwAWhF9JU0?authuser=0&hl=en&g_ep=EgoyMDI2MDgyNi4wIJJjKgBIAVAD&rclk=1
Spartan Business Transition Specialists,B2B consultant,Saskatoon SK,+1 306-221-5576,https://spartanbts.ca/,spartan@spartanbts.ca,,https://www.google.com/maps/place/Spartan+Business+Transition+Specialists/data=!4m7!3m6!1s0x5304f5e367162c3d:0xe181a6f72c2c5ff2!8m2!3d52.1583426!4d-106.6549563!16s%2Fg%2F11pc7czlqv!19sChIJPSwWZ-P1BFMR8l8sLPemgeE?authuser=0&hl=en&g_ep=EgoyMDI2MDgyNi4wIJJjKgBIAVAD&rclk=1
PINTER & Associates Ltd. (Saskatoon),business consulting firm,Saskatoon SK,+1 306-244-1710,http://www.pinter.ca/,pinter.associates@pinter.ca,17,https://www.google.com/maps/place/PINTER+%26+Associates+Ltd.+%28Saskatoon%29/data=!4m7!3m6!1s0x5304f4078e8fdf25:0x545d633c59e99ab!8m2!3d52.1686373!4d-106.6574566!16s%2Fg%2F1v_z3_7v!19sChIJJd-Pjgf0BFMRq5mexTPWRQU?authuser=0&hl=en&g_ep=EgoyMDI2MDgyNi4wIJJjKgBIAVAD&rclk=1
Vanguard Business Consulting Inc,business consulting firm,Saskatoon SK,+1 306-373-3222,https://vg800.com/,admin@vg800.com,,https://www.google.com/maps/place/Vanguard+Business+Consulting+Inc/data=!4m7!3m6!1s0x5304f169d4300001:0xe04fd5608f7e6efa!8m2!3d52.1051166!4d-106.6113803!16s%2Fg%2F11t5_92jtf!19sChIJAQAw1GnxBFMR-m5-j2DVT-A?authuser=0&hl=en&g_ep=EgoyMDI2MDgyNi4wIJJjKgBIAVAD&rclk=1
Prairie Wild Consulting Co.,business consulting firm,Saskatoon SK,+1 306-371-7719,http://prairiewildconsulting.ca/,admin@prairiewildconsulting.ca,,https://www.google.com/maps/place/Prairie+Wild+Consulting+Co./data=!4m7!3m6!1s0x5304f65cf9dfb781:0xdaaf6510d2fa59b2!8m2!3d52.1329063!4d-106.6683649!16s%2Fg%2F11gfjrrqj1!19sChIJgbff-Vz2BFMRsln60hBlr9o?authuser=0&hl=en&g_ep=EgoyMDI2MDgyNi4wIJJjKgBIAVAD&rclk=1
EXP Consulting Limited,business consulting firm,Saskatoon SK,+1 306-668-0001,https://www.expconsult.com/,brenda.comfort@expconsult.com,,https://www.google.com/maps/place/EXP+Consulting+Limited/data=!4m7!3m6!1s0x5304f75765c1074b:0x6da4d030c6f56ee!8m2!3d52.1596884!4d-106.6369653!16s%2Fg%2F11gvwt37x1!19sChIJSwfBZVf3BFMR7lZvDANN2gY?authuser=0&hl=en&g_ep=EgoyMDI2MDgyNi4wIJJjKgBIAVAD&rclk=1
SMT Business Strategies,business consulting firm,Saskatoon SK,+1 306-230-9042,http://eosworldwide.com/david-robinson,david.robinson@eosworldwide.com,17,https://www.google.com/maps/place/SMT+Business+Strategies/data=!4m7!3m6!1s0x5304f7d5e030d459:0xaeabfb9a179e8dca!8m2!3d52.1474337!4d-106.6664568!16s%2Fg%2F11mtr46r2m!19sChIJWdQw4NX3BFMRyo2eF5r7q64?authuser=0&hl=en&g_ep=EgoyMDI2MDgyNi4wIJJjKgBIAVAD&rclk=1
JTM Business Solutions,business consulting firm,Saskatoon SK,+1 306-249-6555,http://jtmbusinesssolutions.ca/,admin@jtmbusinesssolutions.ca,24,https://www.google.com/maps/place/JTM+Business+Solutions/data=!4m7!3m6!1s0x5304f6f0e0055555:0xd7cdffc52eaa87bd!8m2!3d52.1137023!4d-106.7097387!16s%2Fg%2F11h3vghhq3!19sChIJVVUF4PD2BFMRvYeqLsX_zdc?authuser=0&hl=en&g_ep=EgoyMDI2MDgyNi4wIJJjKgBIAVAD&rclk=1
"365 Technologies | IT MSP & IT Company in Saskatoon, SK",business consulting firm,Saskatoon SK,+1 639-478-0387,https://www.365tech.ca/,support@365tech.ca,14,"https://www.google.com/maps/place/365+Technologies+%7C+IT+MSP+%26+IT+Company+in+Saskatoon,+SK/data=!4m7!3m6!1s0x5304f7a64eecf4f5:0x349fd9c3ba6469c9!8m2!3d52.1268215!4d-106.6644794!16s%2Fg%2F11nn2hg646!19sChIJ9fTsTqb3BFMRyWlkusPZnzQ?authuser=0&hl=en&g_ep=EgoyMDI2MDgyNi4wIJJjKgBIAVAD&rclk=1"
Prairie Bookkeeper and Tax Consultants,business consulting firm,Saskatoon SK,+1 306-690-3943,http://www.prairietaxes.com/,prairietaxes@gmail.com,25,https://www.google.com/maps/place/Prairie+Bookkeeper+and+Tax+Consultants/data=!4m7!3m6!1s0xa2dec847f0cbd8f7:0xc4d8c41c44c15564!8m2!3d52.1511955!4d-106.7067729!16s%2Fg%2F11wtls55f5!19sChIJ99jL8EfI3qIRZFXBRBzE2MQ?authuser=0&hl=en&g_ep=EgoyMDI2MDgyNi4wIJJjKgBIAVAD&rclk=1
March Consulting LP,business consulting firm,Saskatoon SK,+1 306-651-6330,https://www.marchconsulting.com/,info@marchconsulting.com,,https://www.google.com/maps/place/March+Consulting+LP/data=!4m7!3m6!1s0x5304f6d6f9113c6f:0x998c74d83d949ec3!8m2!3d52.1343227!4d-106.6605787!16s%2Fg%2F1txc6psr!19sChIJbzwR-db2BFMRw56UPdh0jJk?authuser=0&hl=en&g_ep=EgoyMDI2MDgyNi4wIJJjKgBIAVAD&rclk=1
Hughes Recruitment & Strategy Collective,business consulting firm,Saskatoon SK,+1 306-370-4573,https://www.hughescollective.ca/,hello@hughesrecruitment.ca,,https://www.google.com/maps/place/Hughes+Recruitment+%26+Strategy+Collective/data=!4m7!3m6!1s0x5304f729007fa8c5:0x98253a0f6c080f1f!8m2!3d52.1583426!4d-106.6549563!16s%2Fg%2F11fhtz0h1d!19sChIJxah_ACn3BFMRHw8IbA86JZg?authuser=0&hl=en&g_ep=EgoyMDI2MDgyNi4wIJJjKgBIAVAD&rclk=1
Inesium Immigration Consulting Corp,business consulting firm,Saskatoon SK,+1 306-280-9968,https://www.inesiumimmigration.ca/,info@inesiumimmigration.ca,14,https://www.google.com/maps/place/Inesium+Immigration+Consulting+Corp/data=!4m7!3m6!1s0x5304f38c57942c23:0xb9a71881e27debf7!8m2!3d52.1154131!4d-106.5848374!16s%2Fg%2F11nqxn_j0c!19sChIJIyyUV4zzBFMR9-t94oEYp7k?authuser=0&hl=en&g_ep=EgoyMDI2MDgyNi4wIJJjKgBIAVAD&rclk=1
Layer3 IT Business Solutions Inc.,business consulting firm,Saskatoon SK,+1 306-808-0202,https://layerthree.ca/,info@layer3.com,55,https://www.google.com/maps/place/Layer3+IT+Business+Solutions+Inc./data=!4m7!3m6!1s0x5304f41e93a58ae9:0x1642b34224f97a11!8m2!3d52.1240094!4d-106.671278!16s%2Fg%2F11bxc65xml!19sChIJ6Yqlkx70BFMREXr5JEKzQhY?authuser=0&hl=en&g_ep=EgoyMDI2MDgyNi4wIJJjKgBIAVAD&rclk=1
ASAP Business Services Inc,business consulting firm,Saskatoon SK,+1 306-292-2128,http://asap.tax/,info@asapbizservices.com,39,https://www.google.com/maps/place/ASAP+Business+Services+Inc/data=!4m7!3m6!1s0x5304f7bf08ea42cf:0xdc81208971901df8!8m2!3d52.1437117!4d-106.6732957!16s%2Fg%2F11fq_crwcc!19sChIJz0LqCL_3BFMR-B2QcYkggdw?authuser=0&hl=en&g_ep=EgoyMDI2MDgyNi4wIJJjKgBIAVAD&rclk=1
Peter Lucas Project Management,management consulting,Saskatoon SK,+1 306-954-8550,https://www.peterlucas.ca/,info@peterlucas.ca,,https://www.google.com/maps/place/Peter+Lucas+Project+Management/data=!4m7!3m6!1s0x5304f6c52e71c681:0xf32cbd867fd247ab!8m2!3d52.1268215!4d-106.6644794!16s%2Fg%2F11bccglrn7!19sChIJgcZxLsX2BFMRq0fSf4a9LPM?authuser=0&hl=en&g_ep=EgoyMDI2MDgyNi4wIJJjKgBIAVAD&rclk=1
Grandview Management Corp,management consulting,Saskatoon SK,+1 306-802-5538,https://www.gvmgm.ca/,admin@gvmgm.ca,,https://www.google.com/maps/place/Grandview+Management+Corp/data=!4m7!3m6!1s0xabb06947307b23:0xa826fffdbca90b0d!8m2!3d52.1268215!4d-106.6644794!16s%2Fg%2F11ln3shq0t!19sChIJI3swR2mwqwARDQupvP3_Jqg?authuser=0&hl=en&g_ep=EgoyMDI2MDgyNi4wIJJjKgBIAVAD&rclk=1
RCH Consulting Ltd.,management consulting,Saskatoon SK,+1 306-370-2611,http://rchconsulting.ca/,inquiries@rchconsulting.ca,,https://www.google.com/maps/place/RCH+Consulting+Ltd./data=!4m7!3m6!1s0x5304f5e1a0b426b7:0xcd1d33df8ddbeae5!8m2!3d52.1994548!4d-106.630532!16s%2Fg%2F11f4qzj3tt!19sChIJtya0oOH1BFMR5erbjd8zHc0?authuser=0&hl=en&g_ep=EgoyMDI2MDgyNi4wIJJjKgBIAVAD&rclk=1
Vichelag Services Consultancy Ltd.,management consulting,Saskatoon SK,+1 306-450-1249,https://vichelagconsults.com/,contact@vichelagconsults.com,,https://www.google.com/maps/place/Vichelag+Services+Consultancy+Ltd./data=!4m7!3m6!1s0x5304f549956b69c3:0x2401ef80b2945236!8m2!3d52.1759409!4d-106.5367755!16s%2Fg%2F11mksr05gs!19sChIJw2lrlUn1BFMRNlKUsoDvASQ?authuser=0&hl=en&g_ep=EgoyMDI2MDgyNi4wIJJjKgBIAVAD&rclk=1
Bridgepoint Business Brokers,B2B sales consultant,Saskatoon SK,+1 306-979-8750,http://www.yourbridgepoint.ca/,info@yourbridgepoint.ca,,https://www.google.com/maps/place/Bridgepoint+Business+Brokers/data=!4m7!3m6!1s0x5304f6d12799f43d:0xc2448a323fbf38b6!8m2!3d62.6573279!4d-95.989235!16s%2Fg%2F1vpfj688!19sChIJPfSZJ9H2BFMRtji_PzKKRMI?authuser=0&hl=en&g_ep=EgoyMDI2MDgyNi4wIJJjKgBIAVAD&rclk=1
2Web Design Inc.,B2B sales consultant,Saskatoon SK,+1 306-664-2932,http://www.2web.ca/,info@2web.ca,65,https://www.google.com/maps/place/2Web+Design+Inc./data=!4m7!3m6!1s0x5304f6a3458acdbd:0x1dd5ca28aab90c85!8m2!3d52.1267597!4d-106.6606525!16s%2Fg%2F1tkshg0y!19sChIJvc2KRaP2BFMRhQy5qijK1R0?authuser=0&hl=en&g_ep=EgoyMDI2MDgyNi4wIJJjKgBIAVAD&rclk=1
Go Beyond Collection Agency Inc,B2B sales consultant,Saskatoon SK,+1 877-300-6006,http://www.gobeyondcollect.com/,projects@shapestudio.co.uk,11,https://www.google.com/maps/place/Go+Beyond+Collection+Agency+Inc/data=!4m7!3m6!1s0x5304f6d6f71f405d:0x92b9605c0ec45f3f!8m2!3d52.1268218!4d-106.6642974!16s%2Fg%2F11gf99777_!19sChIJXUAf99b2BFMRP1_EDlxguZI?authuser=0&hl=en&g_ep=EgoyMDI2MDgyNi4wIJJjKgBIAVAD&rclk=1
BizHub Developments Ltd.,B2B sales consultant,Saskatoon SK,+1 306-668-3004,http://www.biz-hub.ca/,inquiries@biz-hub.ca,,https://www.google.com/maps/place/BizHub+Developments+Ltd./data=!4m7!3m6!1s0x5304f62e0d463c05:0x2f893c1be21c84e!8m2!3d52.1152749!4d-106.63409!16s%2Fg%2F11fy_r35rg!19sChIJBTxGDS72BFMRTsghvsGT-AI?authuser=0&hl=en&g_ep=EgoyMDI2MDgyNi4wIJJjKgBIAVAD&rclk=1
OpenSail Digital Agency,B2B marketing consultant,Saskatoon SK,+1 306-500-3300,https://www.opensail.com/,info@opensail.com,15,https://www.google.com/maps/place/OpenSail+Digital+Agency/data=!4m7!3m6!1s0x5304f12b6e723c53:0x4f9178e20a6cb09d!8m2!3d52.1328927!4d-106.6597462!16s%2Fg%2F11b7fnfdgv!19sChIJUzxybivxBFMRnbBsCuJ4kU8?authuser=0&hl=en&g_ep=EgoyMDI2MDgyNi4wIJJjKgBIAVAD&rclk=1
Blue Moose Media,B2B marketing consultant,Saskatoon SK,+1 306-518-2632,https://bluemoosemedia.com/,contact@bluemoosemedia.com,155,https://www.google.com/maps/place/Blue+Moose+Media/data=!4m7!3m6!1s0x5304f6a30b3564bb:0xc2dcafe01ac70cc2!8m2!3d52.1095728!4d-106.6571464!16s%2Fg%2F11c1wzgbc3!19sChIJu2Q1C6P2BFMRwgzHGuCv3MI?authuser=0&hl=en&g_ep=EgoyMDI2MDgyNi4wIJJjKgBIAVAD&rclk=1
Sojourn Digital Inc.,B2B marketing consultant,Saskatoon SK,+1 306-900-6776,https://sojourn.digital/,jason@sojourn.digital,12,https://www.google.com/maps/place/Sojourn+Digital+Inc./data=!4m7!3m6!1s0xa4083aa240071813:0xc8610bb581cd4c5f!8m2!3d52.1633898!4d-106.6739342!16s%2Fg%2F11v004bwqk!19sChIJExgHQKI6CKQRX0zNgbULYcg?authuser=0&hl=en&g_ep=EgoyMDI2MDgyNi4wIJJjKgBIAVAD&rclk=1
Adaired,B2B marketing consultant,Saskatoon SK,+1 306-400-2331,https://adaired.com/,contact@adaired.com,,https://www.google.com/maps/place/Adaired/data=!4m7!3m6!1s0x5304f785afffb719:0x775aa6d1e4911d8d!8m2!3d52.1493627!4d-106.6749678!16s%2Fg%2F11t7h0wqp8!19sChIJGbf_r4X3BFMRjR2R5NGmWnc?authuser=0&hl=en&g_ep=EgoyMDI2MDgyNi4wIJJjKgBIAVAD&rclk=1
Proof Digital,B2B marketing consultant,Saskatoon SK,+1 306-700-5105,https://www.proofdigital.app/,hello@proofdigital.app,20,https://www.google.com/maps/place/Proof+Digital/data=!4m7!3m6!1s0x5304f72900e99c21:0xb1cfadea47841bcb!8m2!3d52.1262807!4d-106.6726272!16s%2Fg%2F11bbrk2myd!19sChIJIZzpACn3BFMRyxuER-qtz7E?authuser=0&hl=en&g_ep=EgoyMDI2MDgyNi4wIJJjKgBIAVAD&rclk=1
DangerDynamite,B2B marketing consultant,Saskatoon SK,+1 639-397-5162,https://dangerdynamite.com/,dev@dangerdynamite.com,28,https://www.google.com/maps/place/DangerDynamite/data=!4m7!3m6!1s0x5304f12b084c875b:0xab7e77ad3d09f6c!8m2!3d52.1180395!4d-106.6562777!16s%2Fg%2F1w15z2m4!19sChIJW4dMCCvxBFMRbJ_Q03rntwo?authuser=0&hl=en&g_ep=EgoyMDI2MDgyNi4wIJJjKgBIAVAD&rclk=1
Guide Brand Consultancy,B2B marketing consultant,Saskatoon SK,+1 639-638-2350,https://guidebranding.com/,hello@guidebranding.com,18,https://www.google.com/maps/place/Guide+Brand+Consultancy/data=!4m7!3m6!1s0x5304f1f6a9d0bba5:0x9258fc04376cd770!8m2!3d52.1409232!4d-106.6267614!16s%2Fg%2F11g3z5hw9d!19sChIJpbvQqfbxBFMRcNdsNwT8WJI?authuser=0&hl=en&g_ep=EgoyMDI2MDgyNi4wIJJjKgBIAVAD&rclk=1
Mango Madness Digital Agency Ltd.,B2B marketing consultant,Saskatoon SK,+1 306-222-4674,https://mangomadness.ca/,info@mangomadness.ca,57,https://www.google.com/maps/place/Mango+Madness+Digital+Agency+Ltd./data=!4m7!3m6!1s0xe72f386c87ff181:0xec43f4c661dd2df6!8m2!3d51.8304684!4d-105.8175899!16s%2Fg%2F11y85ym011!19sChIJgfF_yIbzcg4R9i3dYcb0Q-w?authuser=0&hl=en&g_ep=EgoyMDI2MDgyNi4wIJJjKgBIAVAD&rclk=1
Digital Marketing Saskatoon,B2B marketing consultant,Saskatoon SK,+1 639-710-0400,https://digitalmarketingsaskatoon.com/,info@digitalmarketingsaskatoon.com,,https://www.google.com/maps/place/Digital+Marketing+Saskatoon/data=!4m7!3m6!1s0x5304f14956ab5d91:0xfda61c96e7d19f00!8m2!3d52.1165418!4d-106.6638117!16s%2Fg%2F11trsm1mzr!19sChIJkV2rVknxBFMRAJ_R55Ycpv0?authuser=0&hl=en&g_ep=EgoyMDI2MDgyNi4wIJJjKgBIAVAD&rclk=1
Trusted Marketing Services,B2B marketing consultant,Saskatoon SK,+1 306-291-5303,https://www.trustedmarketingservices.com/,marketing@trustedcanada.com,24,https://www.google.com/maps/place/Trusted+Marketing+Services/data=!4m7!3m6!1s0x5304f728d49c5701:0x48a43d5694690e9f!8m2!3d52.0992755!4d-106.5588911!16s%2Fg%2F11b6bw_yfl!19sChIJAVec1Cj3BFMRnw5plFY9pEg?authuser=0&hl=en&g_ep=EgoyMDI2MDgyNi4wIJJjKgBIAVAD&rclk=1
Attract Media Inc. - Letsattract | Digital Marketing | SEO Agency | Web Designer,B2B marketing consultant,Saskatoon SK,+1 306-251-1005,https://attractmedia.ai/,hello@attractmedia.ai,43,https://www.google.com/maps/place/Attract+Media+Inc.+-+Letsattract+%7C+Digital+Marketing+%7C+SEO+Agency+%7C+Web+Designer/data=!4m7!3m6!1s0x5304f51204c4668b:0x7e714feda81939d3!8m2!3d52.161941!4d-106.5704906!16s%2Fg%2F11qrl4z6h_!19sChIJi2bEBBL1BFMR0zkZqO1PcX4?authuser=0&hl=en&g_ep=EgoyMDI2MDgyNi4wIJJjKgBIAVAD&rclk=1
Wow Factor Media,B2B marketing consultant,Saskatoon SK,+1 866-999-9182,https://wowfactormedia.ca/,info@wowfactormedia.ca,13,https://www.google.com/maps/place/Wow+Factor+Media/data=!4m7!3m6!1s0x5304f72900564857:0x549fca69512b0a95!8m2!3d52.128113!4d-106.661229!16s%2Fg%2F1q69t4270!19sChIJV0hWACn3BFMRlQorUWnKn1Q?authuser=0&hl=en&g_ep=EgoyMDI2MDgyNi4wIJJjKgBIAVAD&rclk=1
Hypelocal,B2B marketing consultant,Saskatoon SK,+1 587-316-8122,https://www.hypelocal.com/,info@hypelocal.com,26,https://www.google.com/maps/place/Hypelocal/data=!4m7!3m6!1s0x5304f33deea10337:0xac9a8c1798b723a7!8m2!3d51.2072!4d-121.9883!16s%2Fg%2F11hqdnk0v0!19sChIJNwOh7j3zBFMRpyO3mBeMmqw?authuser=0&hl=en&g_ep=EgoyMDI2MDgyNi4wIJJjKgBIAVAD&rclk=1
Websites.ca Web Design,B2B marketing consultant,Saskatoon SK,+1 306-986-2663,https://websites.ca/saskatoon-web-design/?utm_source=GBP,info@websites.ca,38,https://www.google.com/maps/place/Websites.ca+Web+Design/data=!4m7!3m6!1s0x5304f7c1933536cb:0x4b70e4cd1429a304!8m2!3d52.1329063!4d-106.6683649!16s%2Fg%2F11jz155hcm!19sChIJyzY1k8H3BFMRBKMpFM3kcEs?authuser=0&hl=en&g_ep=EgoyMDI2MDgyNi4wIJJjKgBIAVAD&rclk=1
Anderson Marketing Group,B2B marketing consultant,Saskatoon SK,+1 639-471-7922,http://amgbranding.ca/,ask@makeitlocal.com,,https://www.google.com/maps/place/Anderson+Marketing+Group/data=!4m7!3m6!1s0x5304f17238ccfc57:0xb06a67362b3b2898!8m2!3d52.146956!4d-106.5527406!16s%2Fg%2F11g6hzhhsc!19sChIJV_zMOHLxBFMRmCg7KzZnarA?authuser=0&hl=en&g_ep=EgoyMDI2MDgyNi4wIJJjKgBIAVAD&rclk=1
O2 CONSULTING,B2B consultant,Regina SK,+1 306-910-9000,http://www.o2consulting.ca/,info@o2consulting.ca,,https://www.google.com/maps/place/O2+CONSULTING/data=!4m7!3m6!1s0x531c1fea6cf53945:0x7ac353457580e787!8m2!3d50.419097!4d-104.5272348!16s%2Fg%2F11pcq26mhj!19sChIJRTn1bOofHFMRh-eAdUVTw3o?authuser=0&hl=en&g_ep=EgoyMDI2MDgyNi4wIJJjKgBIAVAD&rclk=1
INTHERA Consulting Group Ltd.,B2B consultant,Regina SK,+1 866-928-8323,https://intheraconsultinggroup.com/,info@intheraconsultinggroup.com,32,https://www.google.com/maps/place/INTHERA+Consulting+Group+Ltd./data=!4m7!3m6!1s0x531ea1162650d73f:0xdd58966e5b0abccb!8m2!3d50.4239232!4d-104.5424834!16s%2Fg%2F11rcx_mrk_!19sChIJP9dQJhahHlMRy7wKW26WWN0?authuser=0&hl=en&g_ep=EgoyMDI2MDgyNi4wIJJjKgBIAVAD&rclk=1
A to B Development Consultants,B2B consultant,Regina SK,+1 306-522-1063,http://www.atob.ca/,j.aston@atob.ca,,https://www.google.com/maps/place/A+to+B+Development+Consultants/data=!4m7!3m6!1s0x531c1e43ce9a9c29:0xf8646a125debadd5!8m2!3d50.4528963!4d-104.6168353!16s%2Fg%2F11b6hwl6w3!19sChIJKZyazkMeHFMR1a3rXRJqZPg?authuser=0&hl=en&g_ep=EgoyMDI2MDgyNi4wIJJjKgBIAVAD&rclk=1
Praxis Consulting Inc.,B2B consultant,Regina SK,+1 306-545-3755,http://www.praxis-consulting.ca/,info@praxis-consulting.ca,,https://www.google.com/maps/place/Praxis+Consulting+Inc./data=!4m7!3m6!1s0x531ea0904643570f:0x331a013553f571aa!8m2!3d50.4144022!4d-104.5904097!16s%2Fg%2F11g8vs24ht!19sChIJD1dDRpCgHlMRqnH1UzUBGjM?authuser=0&hl=en&g_ep=EgoyMDI2MDgyNi4wIJJjKgBIAVAD&rclk=1
Mind My Business Consulting Inc.,B2B consultant,Regina SK,+1 306-539-5003,https://mindmybiz.ca/,hello@mindmybiz.ca,,https://www.google.com/maps/place/Mind+My+Business+Consulting+Inc./data=!4m7!3m6!1s0x455552d043331469:0x73bff9b713f7fbbb!8m2!3d50.4876897!4d-104.6843717!16s%2Fg%2F11vsw3bxn8!19sChIJaRQzQ9BSVUURu_v3E7f5v3M?authuser=0&hl=en&g_ep=EgoyMDI2MDgyNi4wIJJjKgBIAVAD&rclk=1
McNair Business Development Inc.,B2B consultant,Regina SK,+1 306-537-6223,https://mcnair.ca/,doug@mcnair.ca,,https://www.google.com/maps/place/McNair+Business+Development+Inc./data=!4m7!3m6!1s0x531c1dff0c983f99:0x8326a8183384ffa8!8m2!3d50.4553781!4d-104.6083818!16s%2Fg%2F1tf9y254!19sChIJmT-YDP8dHFMRqP-EMxioJoM?authuser=0&hl=en&g_ep=EgoyMDI2MDgyNi4wIJJjKgBIAVAD&rclk=1
Visacube Immigration Consultancy Ltd,B2B consultant,Regina SK,+1 306-807-0475,http://www.visacube.ca/,info@visacube.ca,55,https://www.google.com/maps/place/Visacube+Immigration+Consultancy+Ltd/data=!4m7!3m6!1s0x531c1f6ba7c96ced:0xc5c4bff0b613d4bc!8m2!3d50.456338!4d-104.5779237!16s%2Fg%2F11txf0pww9!19sChIJ7WzJp2sfHFMRvNQTtvC_xMU?authuser=0&hl=en&g_ep=EgoyMDI2MDgyNi4wIJJjKgBIAVAD&rclk=1
GTR Immigration Inc.,B2B consultant,Regina SK,+1 855-477-9797,http://www.gtrimmigration.com/,info@gtrworldwide.com,202,https://www.google.com/maps/place/GTR+Immigration+Inc./data=!4m7!3m6!1s0x531c1fdf46087c47:0x2dfeb588aa03ff09!8m2!3d50.444967!4d-104.6067715!16s%2Fg%2F11f61sxjp4!19sChIJR3wIRt8fHFMRCf8Dqoi1_i0?authuser=0&hl=en&g_ep=EgoyMDI2MDgyNi4wIJJjKgBIAVAD&rclk=1
Knibbs HR Consulting,B2B consultant,Regina SK,+1 306-520-3236,http://knibbs.ca/,info@knahr.ca,,https://www.google.com/maps/place/Knibbs+HR+Consulting/data=!4m7!3m6!1s0x531ea0c117e3ffff:0xec83644db4623bbd!8m2!3d50.401861!4d-104.6014283!16s%2Fg%2F11vt079tfs!19sChIJ___jF8GgHlMRvTtitE1kg-w?authuser=0&hl=en&g_ep=EgoyMDI2MDgyNi4wIJJjKgBIAVAD&rclk=1
Strategy Lab,B2B consultant,Regina SK,+1 306-535-9697,https://strategylab.ca/,info@strategylab.ca,93,https://www.google.com/maps/place/Strategy+Lab/data=!4m7!3m6!1s0x531c1e15908b5625:0xaec4e89da6d00c46!8m2!3d50.4476166!4d-104.6062458!16s%2Fg%2F11bbrkpk05!19sChIJJVaLkBUeHFMRRgzQpp3oxK4?authuser=0&hl=en&g_ep=EgoyMDI2MDgyNi4wIJJjKgBIAVAD&rclk=1
Aces Immigration and Travel,B2B consultant,Regina SK,+1 306-988-0088,http://www.immigrationcoach.ca/,headoffice@immigrationcoach.ca,37,https://www.google.com/maps/place/Aces+Immigration+and+Travel/data=!4m7!3m6!1s0x532022c1cf3100f5:0x69f67f159763aea1!8m2!3d50.4460421!4d-104.6185918!16s%2Fg%2F11bvt4cyrd!19sChIJ9QAxz8EiIFMRoa5jlxV_9mk?authuser=0&hl=en&g_ep=EgoyMDI2MDgyNi4wIJJjKgBIAVAD&rclk=1
Cloud 7 IT Services Inc. | IT Consultancy | CCTV,B2B consultant,Regina SK,+1 306-880-5043,http://www.cloud7itservices.ca/,info@cloud7itservices.ca,66,https://www.google.com/maps/place/Cloud+7+IT+Services+Inc.+%7C+IT+Consultancy+%7C+CCTV/data=!4m7!3m6!1s0x531ea715488d81c9:0xf08bc23880d366a7!8m2!3d50.4506043!4d-104.6099278!16s%2Fg%2F11hf72gd38!19sChIJyYGNSBWnHlMRp2bTgDjCi_A?authuser=0&hl=en&g_ep=EgoyMDI2MDgyNi4wIJJjKgBIAVAD&rclk=1
Sunbelt Business Brokerage - Regina,B2B consultant,Regina SK,+1 306-519-4283,http://www.sunbeltcanada.com/regina/,contact@sunbeltcanada.com,,https://www.google.com/maps/place/Sunbelt+Business+Brokerage+-+Regina/data=!4m7!3m6!1s0x531c1e542c73d03f:0x86b1264613259e16!8m2!3d50.4501282!4d-104.6154125!16s%2Fg%2F11b75h99ng!19sChIJP9BzLFQeHFMRFp4lE0YmsYY?authuser=0&hl=en&g_ep=EgoyMDI2MDgyNi4wIJJjKgBIAVAD&rclk=1
Virtus Group LLP,B2B consultant,Regina SK,+1 306-522-6500,https://virtusgroup.ca/?utm_medium=organic&utm_source=gmb&utm_campaign=gmb_website_link&utm_content=regina_link,virtus.saskatoon@virtusgroup.ca,13,https://www.google.com/maps/place/Virtus+Group+LLP/data=!4m7!3m6!1s0x531c1e3f2a1252a7:0x7e8ccfa01044a7ed!8m2!3d50.4435336!4d-104.6112465!16s%2Fg%2F1v3_2bgt!19sChIJp1ISKj8eHFMR7adEEKDPjH4?authuser=0&hl=en&g_ep=EgoyMDI2MDgyNi4wIJJjKgBIAVAD&rclk=1
Drew Consulting,B2B consultant,Regina SK,+1 306-526-6450,https://drewconsulting.ca/,info@drewconsulting.ca,,https://www.google.com/maps/place/Drew+Consulting/data=!4m7!3m6!1s0x531c1e156154cfbb:0x6fe9a3868dd7135a!8m2!3d50.4436251!4d-104.6185116!16s%2Fg%2F11n5h4sfkw!19sChIJu89UYRUeHFMRWhPXjYaj6W8?authuser=0&hl=en&g_ep=EgoyMDI2MDgyNi4wIJJjKgBIAVAD&rclk=1
Purpose to Prosperity Consulting,B2B consultant,Regina SK,+1 306-535-0250,http://www.purposetoprosperity.com/,peggy@purposetoprosperity.com,,https://www.google.com/maps/place/Purpose+to+Prosperity+Consulting/data=!4m7!3m6!1s0x531c1fd55744191d:0x8549f14e71ce6ede!8m2!3d50.4469415!4d-104.6250709!16s%2Fg%2F11j21l76k1!19sChIJHRlEV9UfHFMR3m7OcU7xSYU?authuser=0&hl=en&g_ep=EgoyMDI2MDgyNi4wIJJjKgBIAVAD&rclk=1
Ascent Strategy,business consulting firm,Regina SK,+1 306-522-5777,https://www.ascentstrategy.com/,hello@ascentstrategy.com,,https://www.google.com/maps/place/Ascent+Strategy/data=!4m7!3m6!1s0x531c1e4694872fe1:0xa48bc580d04fcce7!8m2!3d50.4458868!4d-104.6228835!16s%2Fg%2F11b6zqh70h!19sChIJ4S-HlEYeHFMR58xP0IDFi6Q?authuser=0&hl=en&g_ep=EgoyMDI2MDgyNi4wIJJjKgBIAVAD&rclk=1
Be Wise Academy,business consulting firm,Regina SK,+1 306-530-7966,https://bewiseacademy.ca/,jenna@bwise.ca,13,https://www.google.com/maps/place/Be+Wise+Academy/data=!4m7!3m6!1s0x86bb0623fdbf3f63:0x7d5cdf670942f7ed!8m2!3d50.4609711!4d-104.6068703!16s%2Fg%2F11qh3f4f46!19sChIJYz-__SMGu4YR7fdCCWffXH0?authuser=0&hl=en&g_ep=EgoyMDI2MDgyNi4wIJJjKgBIAVAD&rclk=1
Kemat Consulting,business consulting firm,Regina SK,+1 306-700-3595,http://www.kematconsulting.com/,info@kematconsulting.com,,https://www.google.com/maps/place/Kemat+Consulting/data=!4m7!3m6!1s0x531c1e417b88b217:0xd3c41510335e47b1!8m2!3d50.4506043!4d-104.6099278!16s%2Fg%2F1pzpw9dlf!19sChIJF7KIe0EeHFMRsUdeMxAVxNM?authuser=0&hl=en&g_ep=EgoyMDI2MDgyNi4wIJJjKgBIAVAD&rclk=1
Mawandonan Consulting,business consulting firm,Regina SK,+1 306-543-6823,http://mawandonanconsulting.com/,cdesjarlais@sasktel.net,,https://www.google.com/maps/place/Mawandonan+Consulting/data=!4m7!3m6!1s0x531c1eabdda900fd:0x9bd7e25fe7aa5a00!8m2!3d50.4971564!4d-104.6708872!16s%2Fg%2F1tg5z900!19sChIJ_QCp3aseHFMRAFqq51_i15s?authuser=0&hl=en&g_ep=EgoyMDI2MDgyNi4wIJJjKgBIAVAD&rclk=1
ASI Engineering,business consulting firm,Regina SK,+1 306-565-0789,https://assetstrategyinc.com/,info@assetstrategyinc.com,13,https://www.google.com/maps/place/ASI+Engineering/data=!4m7!3m6!1s0x531e9f29c71b0c7f:0xb1d7c8048842129e!8m2!3d50.4502131!4d-104.5817893!16s%2Fg%2F11y3wb6bk4!19sChIJfwwbxymfHlMRnhJCiATI17E?authuser=0&hl=en&g_ep=EgoyMDI2MDgyNi4wIJJjKgBIAVAD&rclk=1
Sands Management,business consulting firm,Regina SK,+1 306-529-4559,https://www.sandsmanagement.ca/,hello@sandsmanagement.ca,,https://www.google.com/maps/place/Sands+Management/data=!4m7!3m6!1s0x531c1f725bd5b653:0x90a702e4353d0082!8m2!3d50.4617521!4d-104.5716615!16s%2Fg%2F11thd4_q6w!19sChIJU7bVW3IfHFMRggA9NeQCp5A?authuser=0&hl=en&g_ep=EgoyMDI2MDgyNi4wIJJjKgBIAVAD&rclk=1
Allstar Tech,business consulting firm,Regina SK,+1 306-522-7827,https://www.allstartech.com/,info@allstartech.com,,https://www.google.com/maps/place/Allstar+Tech/data=!4m7!3m6!1s0x531c1e41ec421f27:0x119d069ed00a7658!8m2!3d50.44965!4d-104.6197794!16s%2Fg%2F1tfyd6_q!19sChIJJx9C7EEeHFMRWHYK0J4GnRE?authuser=0&hl=en&g_ep=EgoyMDI2MDgyNi4wIJJjKgBIAVAD&rclk=1
Acuity Coalition Consulting Limited (ACCL),business consulting firm,Regina SK,+1 306-552-4374,https://acuitycoalition.ca/,info@acuitycoalition.ca,,https://www.google.com/maps/place/Acuity+Coalition+Consulting+Limited+%28ACCL%29/data=!4m7!3m6!1s0x531e9f81a23885a7:0x5d30827c22648fa8!8m2!3d50.4199951!4d-104.5099855!16s%2Fg%2F11kj_zc2s8!19sChIJp4U4ooGfHlMRqI9kInyCMF0?authuser=0&hl=en&g_ep=EgoyMDI2MDgyNi4wIJJjKgBIAVAD&rclk=1
Association Of Consulting Engineering Companies - Saskatchewan,business consulting firm,Regina SK,+1 306-359-3338,https://www.acec-sk.ca/,info@acec-sk.ca,,https://www.google.com/maps/place/Association+Of+Consulting+Engineering+Companies+-+Saskatchewan/data=!4m7!3m6!1s0x531c1ee28a0fc103:0x546549fb65afccbb!8m2!3d50.473118!4d-104.5821765!16s%2Fg%2F1vyn3jcl!19sChIJA8EPiuIeHFMRu8yvZftJZVQ?authuser=0&hl=en&g_ep=EgoyMDI2MDgyNi4wIJJjKgBIAVAD&rclk=1
LabourLink Consulting Group Inc.,business consulting firm,Regina SK,+1 306-535-9245,https://labourlinkconsulting.ca/,eben@eyebytes.com,,https://www.google.com/maps/place/LabourLink+Consulting+Group+Inc./data=!4m7!3m6!1s0xde717517bb13b37:0xe4a462e2ffb7a5ab!8m2!3d50.4750621!4d-104.6322813!16s%2Fg%2F11myff3fvt!19sChIJNzuxe1EX5w0Rq6W3_-JipOQ?authuser=0&hl=en&g_ep=EgoyMDI2MDgyNi4wIJJjKgBIAVAD&rclk=1
WaterMark Consulting Ltd,business consulting firm,Regina SK,+1 306-565-0091,http://www.watermarkconsulting.net/,dtratch@watermarkconsulting.net,,https://www.google.com/maps/place/WaterMark+Consulting+Ltd/data=!4m7!3m6!1s0x531c1fb702de3cb1:0x9b8990faf8f0989d!8m2!3d50.4532498!4d-104.581946!16s%2Fg%2F1tftkwcm!19sChIJsTzeArcfHFMRnZjw-PqQiZs?authuser=0&hl=en&g_ep=EgoyMDI2MDgyNi4wIJJjKgBIAVAD&rclk=1
Driftstone Consulting Inc.,business consulting firm,Regina SK,+1 306-559-2147,https://www.driftstoneconsulting.ca/,hello@driftstoneconsulting.ca,,https://www.google.com/maps/place/Driftstone+Consulting+Inc./data=!4m7!3m6!1s0x531c1f938cf888cb:0x5b7763d604a46ed4!8m2!3d50.4542929!4d-104.6183593!16s%2Fg%2F11fmc0yg3t!19sChIJy4j4jJMfHFMR1G6kBNZjd1s?authuser=0&hl=en&g_ep=EgoyMDI2MDgyNi4wIJJjKgBIAVAD&rclk=1
Ground Engineering Consultants Ltd,business consulting firm,Regina SK,+1 306-569-9075,https://www.groundeng.ca/,admin@groundeng.ca,18,https://www.google.com/maps/place/Ground+Engineering+Consultants+Ltd/data=!4m7!3m6!1s0x531c1fb18d02f8ab:0x5c7707abf909f88a!8m2!3d50.4580241!4d-104.5869436!16s%2Fg%2F1tfsh1mw!19sChIJq_gCjbEfHFMRivgJ-asHd1w?authuser=0&hl=en&g_ep=EgoyMDI2MDgyNi4wIJJjKgBIAVAD&rclk=1
OneHoop,business consulting firm,Regina SK,+1 306-526-6998,http://onehoop.ca/,info@onehoop.ca,,https://www.google.com/maps/place/OneHoop/data=!4m7!3m6!1s0x531c1f09c713d605:0x7f462cb833f6e877!8m2!3d50.4720719!4d-104.5835588!16s%2Fg%2F11y294wck8!19sChIJBdYTxwkfHFMRd-j2M7gsRn8?authuser=0&hl=en&g_ep=EgoyMDI2MDgyNi4wIJJjKgBIAVAD&rclk=1
Upfront Consulting,business consulting firm,Regina SK,+1 306-596-2084,https://www.upfront-consulting.net/,info@upfront-consulting.net,,https://www.google.com/maps/place/Upfront+Consulting/data=!4m7!3m6!1s0x531ea140884fd813:0x2191dc0b2f2d8acf!8m2!3d50.4421601!4d-104.6155015!16s%2Fg%2F11lr798wnc!19sChIJE9hPiEChHlMRz4otLwvckSE?authuser=0&hl=en&g_ep=EgoyMDI2MDgyNi4wIJJjKgBIAVAD&rclk=1
Supreme Consulting,management consulting,Regina SK,+1 306-570-7164,https://propertymanagement.supremegroupofcompanies.com/,info@supremego.com,,https://www.google.com/maps/place/Supreme+Consulting/data=!4m7!3m6!1s0x531c1de1ac6d4abb:0xf61c5b55783dc306!8m2!3d50.438554!4d-104.6483005!16s%2Fg%2F11y2956rgg!19sChIJu0ptrOEdHFMRBsM9eFVbHPY?authuser=0&hl=en&g_ep=EgoyMDI2MDgyNi4wIJJjKgBIAVAD&rclk=1
CPG Immigration Consulting,management consulting,Regina SK,+1 306-530-3440,https://www.cpgimmigration.ca/,info@cpgimmigration.ca,204,https://www.google.com/maps/place/CPG+Immigration+Consulting/data=!4m7!3m6!1s0x470bbd163ff662f7:0x2b48837a56d12b1e!8m2!3d50.4508409!4d-104.6033196!16s%2Fg%2F11q35p09r6!19sChIJ92L2Pxa9C0cRHivRVnqDSCs?authuser=0&hl=en&g_ep=EgoyMDI2MDgyNi4wIJJjKgBIAVAD&rclk=1
W Management,management consulting,Regina SK,+1 306-949-8080,https://www.wregroup.ca/w-management,reception@wregroup.ca,14,https://www.google.com/maps/place/W+Management/data=!4m7!3m6!1s0x531c1fd196514437:0x612311237390184f!8m2!3d50.4457766!4d-104.6089825!16s%2Fg%2F11wbdrbjyy!19sChIJN0RRltEfHFMRTxiQcyMRI2E?authuser=0&hl=en&g_ep=EgoyMDI2MDgyNi4wIJJjKgBIAVAD&rclk=1
Steffan's Accounting Services,management consulting,Regina SK,+1 306-949-9194,https://www.steffansaccounting.ca/,info@steffansaccounting.ca,99,https://www.google.com/maps/place/Steffan%27s+Accounting+Services/data=!4m7!3m6!1s0x531c1e62dcd30897:0xfabc5fc9101bc613!8m2!3d50.4615257!4d-104.6407332!16s%2Fg%2F1tdxdypp!19sChIJlwjT3GIeHFMRE8YbEMlfvPo?authuser=0&hl=en&g_ep=EgoyMDI2MDgyNi4wIJJjKgBIAVAD&rclk=1
Dasro consulting Inc.,management consulting,Regina SK,+1 306-206-2872,http://www.dasro.ca/,info@dasro.ca,,https://www.google.com/maps/place/Dasro+consulting+Inc./data=!4m7!3m6!1s0x531c1f535896d037:0xaf3ac11da7a44435!8m2!3d50.4507086!4d-104.6098556!16s%2Fg%2F11n61djc2g!19sChIJN9CWWFMfHFMRNUSkpx3BOq8?authuser=0&hl=en&g_ep=EgoyMDI2MDgyNi4wIJJjKgBIAVAD&rclk=1
Pharos Business & Taxation Advisors,management consulting,Regina SK,+1 306-790-8366,http://www.pharosinc.com/,generalinquiries@doane.gt.ca,17,https://www.google.com/maps/place/Pharos+Business+%26+Taxation+Advisors/data=!4m7!3m6!1s0x531c1e5224bf268d:0x9048b7c4eaf2fe45!8m2!3d50.4556572!4d-104.617677!16s%2Fg%2F1tkc6bjh!19sChIJjSa_JFIeHFMRRf7y6sS3SJA?authuser=0&hl=en&g_ep=EgoyMDI2MDgyNi4wIJJjKgBIAVAD&rclk=1
D2C Solutions,B2B sales consultant,Regina SK,+1 639-915-0193,http://d2csolutionsinc.com/,d2csolutionsinc@gmail.com,,https://www.google.com/maps/place/D2C+Solutions/data=!4m7!3m6!1s0x531c1fb9e61949c1:0xbbca87739721fd3b!8m2!3d50.4546166!4d-104.57852!16s%2Fg%2F11vtb9x2vq!19sChIJwUkZ5rkfHFMRO_0hl3OHyrs?authuser=0&hl=en&g_ep=EgoyMDI2MDgyNi4wIJJjKgBIAVAD&rclk=1
", b-creative Group",B2B sales consultant,Regina SK,+1 306-539-6311,https://www.b-creative.ca/contact.html,info@b-creative.ca,,"https://www.google.com/maps/place/,+b-creative+Group/data=!4m7!3m6!1s0x531ea0ca55b40001:0x53af84d405ac92ec!8m2!3d50.4003141!4d-104.620863!16s%2Fg%2F11r_dmhsp3!19sChIJAQC0VcqgHlMR7JKsBdSEr1M?authuser=0&hl=en&g_ep=EgoyMDI2MDgyNi4wIJJjKgBIAVAD&rclk=1"
Jebco Agencies Inc,B2B sales consultant,Regina SK,+1 306-757-0707,http://www.jebcoagencies.com/,andrew@jebcoagencies.com,,https://www.google.com/maps/place/Jebco+Agencies+Inc/data=!4m7!3m6!1s0x531c1f21883b8b05:0xfa56d2fb20a38b1d!8m2!3d50.4495422!4d-104.581191!16s%2Fg%2F1tfk42nr!19sChIJBYs7iCEfHFMRHYujIPvSVvo?authuser=0&hl=en&g_ep=EgoyMDI2MDgyNi4wIJJjKgBIAVAD&rclk=1
Metrics Online Marketing Ltd,B2B sales consultant,Regina SK,+1 306-551-3463,http://metricsonlinemarketing.com/,braeden@compassonline.ca,,https://www.google.com/maps/place/Metrics+Online+Marketing+Ltd/data=!4m7!3m6!1s0x531ea1407fe45bfd:0xfd0b315ac541bbb!8m2!3d50.4247672!4d-104.5291408!16s%2Fg%2F11g07_1bgg!19sChIJ_Vvkf0ChHlMRuxtUrBWz0A8?authuser=0&hl=en&g_ep=EgoyMDI2MDgyNi4wIJJjKgBIAVAD&rclk=1
Benson Badger Advisory Group | Business Valuation | CBV's,B2B sales consultant,Regina SK,+1 306-591-5881,https://bensonbadger.ca/,scott@adspark.ca,,https://www.google.com/maps/place/Benson+Badger+Advisory+Group+%7C+Business+Valuation+%7C+CBV%27s/data=!4m7!3m6!1s0x531c1dcacb1c02e7:0xc0be3dcca128e19f!8m2!3d50.4381237!4d-104.649042!16s%2Fg%2F11h0cll965!19sChIJ5wIcy8odHFMRn-Eoocw9vsA?authuser=0&hl=en&g_ep=EgoyMDI2MDgyNi4wIJJjKgBIAVAD&rclk=1
WBS Western Business Services Ltd,B2B sales consultant,Regina SK,+1 306-522-1493,http://www.wbsc.ca/,wbs@myaccess.ca,,https://www.google.com/maps/place/WBS+Western+Business+Services+Ltd/data=!4m7!3m6!1s0x531c1fb1b4ae0cb3:0xe4e53f313cae839b!8m2!3d50.4584853!4d-104.5850647!16s%2Fg%2F1tgfw8w7!19sChIJswyutLEfHFMRm4OuPDE_5eQ?authuser=0&hl=en&g_ep=EgoyMDI2MDgyNi4wIJJjKgBIAVAD&rclk=1
CBRE Limited,B2B sales consultant,Regina SK,+1 306-525-2273,https://www.cbre.ca/offices/regina?utm_medium=organic&utm_source=google&utm_campaign=GoogleMyBusiness_yext_local_listings,michael.bratvold@cbre.com,,https://www.google.com/maps/place/CBRE+Limited/data=!4m7!3m6!1s0x531c1f45727e702f:0xac699e8cf79173ec!8m2!3d50.4474554!4d-104.6097431!16s%2Fg%2F11jh92kbbr!19sChIJL3B-ckUfHFMR7HOR94yeaaw?authuser=0&hl=en&g_ep=EgoyMDI2MDgyNi4wIJJjKgBIAVAD&rclk=1
CAYK Marketing,B2B sales consultant,Regina SK,+1 306-985-0707,https://www.cayk.ca/,sales@cayk.ca,,https://www.google.com/maps/place/CAYK+Marketing/data=!4m7!3m6!1s0x531c1f144761d09d:0xa0475f6c6bd4f114!8m2!3d50.4115912!4d-104.6191288!16s%2Fg%2F11q46rlf0p!19sChIJndBhRxQfHFMRFPHUa2xfR6A?authuser=0&hl=en&g_ep=EgoyMDI2MDgyNi4wIJJjKgBIAVAD&rclk=1
Saskatchewan Chamber Of Commerce,B2B sales consultant,Regina SK,+1 306-781-3121,http://www.saskchamber.com/,communications@saskchamber.com,,https://www.google.com/maps/place/Saskatchewan+Chamber+Of+Commerce/data=!4m7!3m6!1s0x531c1e47db0d488f:0x60560ecd0d872780!8m2!3d50.4473799!4d-104.6097961!16s%2Fg%2F1tx8swfm!19sChIJj0gN20ceHFMRgCeHDc0OVmA?authuser=0&hl=en&g_ep=EgoyMDI2MDgyNi4wIJJjKgBIAVAD&rclk=1
B-Creative Group,B2B sales consultant,Regina SK,+1 306-585-3948,http://www.b-creative.ca/,bruce.anderson@b-creative.ca,,https://www.google.com/maps/place/B-Creative+Group/data=!4m7!3m6!1s0x531c1efd96f54941:0x819e35367b43f250!8m2!3d50.4584984!4d-104.6062118!16s%2Fg%2F1tjyncs7!19sChIJQUn1lv0eHFMRUPJDezY1noE?authuser=0&hl=en&g_ep=EgoyMDI2MDgyNi4wIJJjKgBIAVAD&rclk=1
Bark Marketing Agency,B2B marketing consultant,Regina SK,+1 306-529-3545,https://barkmarketingagency.ca/,hello@barkagency.ca,10,https://www.google.com/maps/place/Bark+Marketing+Agency/data=!4m7!3m6!1s0x531c1fad422f7ee7:0x84551c8f3106e046!8m2!3d50.4597285!4d-104.5950401!16s%2Fg%2F11b6hrz0tt!19sChIJ534vQq0fHFMRRuAGMY8cVYQ?authuser=0&hl=en&g_ep=EgoyMDI2MDgyNi4wIJJjKgBIAVAD&rclk=1
"Above the Fold Websites, SEO & Social",B2B marketing consultant,Regina SK,+1 306-526-5660,https://abovethefold.live/?utm_source=gmb&utm_medium=website&utm_campaign=organic,hello@abovethefold.live,36,"https://www.google.com/maps/place/Above+the+Fold+Websites,+SEO+%26+Social/data=!4m7!3m6!1s0x531c1e06894f46ff:0x597ed4976ce182ba!8m2!3d50.4297305!4d-104.634286!16s%2Fg%2F11g8_h940_!19sChIJ_0ZPiQYeHFMRuoLhbJfUflk?authuser=0&hl=en&g_ep=EgoyMDI2MDgyNi4wIJJjKgBIAVAD&rclk=1"
Adeptus Marketing,B2B marketing consultant,Regina SK,+1 306-802-4060,https://adeptus.marketing/,hello@adeptusmarketing.com,16,https://www.google.com/maps/place/Adeptus+Marketing/data=!4m7!3m6!1s0x531c1f7592f46b4f:0xeb15cd9492c1126a!8m2!3d50.4479556!4d-104.6058065!16s%2Fg%2F1trpqg3y!19sChIJT2v0knUfHFMRahLBkpTNFes?authuser=0&hl=en&g_ep=EgoyMDI2MDgyNi4wIJJjKgBIAVAD&rclk=1
Compass Online Marketing Ltd.,B2B marketing consultant,Regina SK,+1 888-344-4232,https://compassonline.ca/,braeden@compassonline.ca,41,https://www.google.com/maps/place/Compass+Online+Marketing+Ltd./data=!4m7!3m6!1s0x531ea1855424c11b:0xee24719110e21051!8m2!3d50.460999!4d-104.6068859!16s%2Fg%2F11pz4_22vw!19sChIJG8EkVIWhHlMRURDiEJFxJO4?authuser=0&hl=en&g_ep=EgoyMDI2MDgyNi4wIJJjKgBIAVAD&rclk=1
OH! Media,B2B marketing consultant,Regina SK,+1 306-546-2118,http://www.ohmedia.ca/,hello@ohmedia.ca,11,https://www.google.com/maps/place/OH!+Media/data=!4m7!3m6!1s0x531c1e4fe78a5e39:0xe13cc1941fd6638e!8m2!3d50.4531834!4d-104.6171398!16s%2Fg%2F1tgfpsrk!19sChIJOV6K508eHFMRjmPWH5TBPOE?authuser=0&hl=en&g_ep=EgoyMDI2MDgyNi4wIJJjKgBIAVAD&rclk=1
Marsh Digital,B2B marketing consultant,Regina SK,+1 306-530-7758,https://www.marshdigital.ca/,shaye@marshdigital.ca,,https://www.google.com/maps/place/Marsh+Digital/data=!4m7!3m6!1s0x531c1e0893452497:0x6eb12533ed4ba7b8!8m2!3d50.4335572!4d-104.6374867!16s%2Fg%2F11dzswbbl0!19sChIJlyRFkwgeHFMRuKdL7TMlsW4?authuser=0&hl=en&g_ep=EgoyMDI2MDgyNi4wIJJjKgBIAVAD&rclk=1
Brown Communications Group Inc.,B2B marketing consultant,Regina SK,+1 306-352-6625,http://brown.ca/,ideas@brown.ca,,https://www.google.com/maps/place/Brown+Communications+Group+Inc./data=!4m7!3m6!1s0x531c1e157ffc5cf7:0x2d3415794126d80a!8m2!3d50.4490483!4d-104.6126912!16s%2Fg%2F11c52k0_nv!19sChIJ91z8fxUeHFMRCtgmQXkVNC0?authuser=0&hl=en&g_ep=EgoyMDI2MDgyNi4wIJJjKgBIAVAD&rclk=1
Big Sky Marketing,B2B marketing consultant,Regina SK,,https://bigskymarketing.ca/,info@bigskymarketing.ca,,https://www.google.com/maps/place/Big+Sky+Marketing/data=!4m7!3m6!1s0x531ea79da3cb4639:0x10a721107a5e7c11!8m2!3d50.4163502!4d-104.6458456!16s%2Fg%2F11z3w3dvw_!19sChIJOUbLo52nHlMREXxeehAhpxA?authuser=0&hl=en&g_ep=EgoyMDI2MDgyNi4wIJJjKgBIAVAD&rclk=1
Found First Marketing,B2B marketing consultant,Regina SK,+1 639-391-6594,https://found-first.com/,hello@found-first.com,,https://www.google.com/maps/place/Found+First+Marketing/data=!4m7!3m6!1s0x531c28386e681601:0x2a2c2c6da856f579!8m2!3d50.4597338!4d-104.5949477!16s%2Fg%2F11b6p2kv0f!19sChIJARZobjgoHFMRefVWqG0sLCo?authuser=0&hl=en&g_ep=EgoyMDI2MDgyNi4wIJJjKgBIAVAD&rclk=1
Think Big Studios,B2B marketing consultant,Regina SK,+1 306-591-6600,http://www.thinkbigstudios.ca/,gobig@thinkbigstudios.ca,,https://www.google.com/maps/place/Think+Big+Studios/data=!4m7!3m6!1s0x531c1e3406d17e69:0xc21f5a1ee87782f0!8m2!3d50.4510007!4d-104.606314!16s%2Fg%2F1tjdfw0z!19sChIJaX7RBjQeHFMR8IJ36B5aH8I?authuser=0&hl=en&g_ep=EgoyMDI2MDgyNi4wIJJjKgBIAVAD&rclk=1
YQRDESIGN INC.,B2B marketing consultant,Regina SK,+1 306-515-1541,http://www.yqrdesign.com/,graph@yqrdesign.com,,https://www.google.com/maps/place/YQRDESIGN+INC./data=!4m7!3m6!1s0x531c1dadfade0c31:0x65b6dbb03177b4d8!8m2!3d50.4916788!4d-104.6861809!16s%2Fg%2F11j48h329w!19sChIJMQze-q0dHFMR2LR3MbDbtmU?authuser=0&hl=en&g_ep=EgoyMDI2MDgyNi4wIJJjKgBIAVAD&rclk=1
Humanly Branding & Marketing,B2B marketing consultant,Regina SK,+1 306-535-2858,http://www.behumanly.com/,angie@behumanly.com,,https://www.google.com/maps/place/Humanly+Branding+%26+Marketing/data=!4m7!3m6!1s0x531c1e915616ed49:0xba06c2854633bb1f!8m2!3d54.4994338!4d-105.686134!16s%2Fg%2F11c544dvdq!19sChIJSe0WVpEeHFMRH7szRoXCBro?authuser=0&hl=en&g_ep=EgoyMDI2MDgyNi4wIJJjKgBIAVAD&rclk=1
Phoenix Group,B2B marketing consultant,Regina SK,+1 306-585-9500,https://thephoenixgroup.ca/,powersthatbe@thephoenixgroup.ca,,https://www.google.com/maps/place/Phoenix+Group/data=!4m7!3m6!1s0x531c1e43ce906d79:0x19f7e8a4ca29c801!8m2!3d50.4531674!4d-104.617454!16s%2Fg%2F1tgf7f_z!19sChIJeW2QzkMeHFMRAcgpyqTo9xk?authuser=0&hl=en&g_ep=EgoyMDI2MDgyNi4wIJJjKgBIAVAD&rclk=1
Business Value NL,B2B consultant,St. John's NL,+1 709-727-8676,http://bvnl.ca/,boyd@businessvaluenl.com,,https://www.google.com/maps/place/Business+Value+NL/data=!4m7!3m6!1s0x4b0ca38536ffeac5:0x5ea1ac28fef17e79!8m2!3d47.5726391!4d-52.7226996!16s%2Fg%2F11k6k6fyq3!19sChIJxer_NoWjDEsReX7x_iisoV4?authuser=0&hl=en&g_ep=EgoyMDI2MDgyNi4wIJJjKgBIAVAD&rclk=1
Metro Business Opportunities,B2B consultant,St. John's NL,+1 709-738-1626,http://www.mbobusiness.ca/,contact@mboc.ca,,https://www.google.com/maps/place/Metro+Business+Opportunities/data=!4m7!3m6!1s0x4b0cbcbb4801d945:0xa6a6dd379369f332!8m2!3d47.5611547!4d-52.7450728!16s%2Fg%2F11xmsjv_8!19sChIJRdkBSLu8DEsRMvNpkzfdpqY?authuser=0&hl=en&g_ep=EgoyMDI2MDgyNi4wIJJjKgBIAVAD&rclk=1
White Rock International Business Consulting,B2B consultant,St. John's NL,+1 709-685-5563,http://wandacuffyoung.ca/,wanda@whiterocknl.com,,https://www.google.com/maps/place/White+Rock+International+Business+Consulting/data=!4m7!3m6!1s0x4b0ca3efb944cc35:0xa10fbd051b1ec140!8m2!3d47.5820055!4d-52.7120267!16s%2Fg%2F11ltsy9bkj!19sChIJNcxEue-jDEsRQMEeGwW9D6E?authuser=0&hl=en&g_ep=EgoyMDI2MDgyNi4wIJJjKgBIAVAD&rclk=1
Joyet Consulting Services,B2B consultant,St. John's NL,+1 709-808-0294,https://joyetconsulting.ca/,info@joyetconsulting.ca,44,https://www.google.com/maps/place/Joyet+Consulting+Services/data=!4m7!3m6!1s0x4b0ca36d5c51caad:0x118d03996f70a985!8m2!3d47.5593159!4d-52.7610628!16s%2Fg%2F11vt8dzzch!19sChIJrcpRXG2jDEsRhalwb5kDjRE?authuser=0&hl=en&g_ep=EgoyMDI2MDgyNi4wIJJjKgBIAVAD&rclk=1
Launch Media,B2B consultant,St. John's NL,+1 709-765-7857,http://launchconsulting.ca/,hello@launchmediaco.ca,,https://www.google.com/maps/place/Launch+Media/data=!4m7!3m6!1s0x4b0ca49d5bf00001:0x531d08e24be8b120!8m2!3d47.5596234!4d-52.7710389!16s%2Fg%2F11y3v60wvq!19sChIJAQDwW52kDEsRILHoS-IIHVM?authuser=0&hl=en&g_ep=EgoyMDI2MDgyNi4wIJJjKgBIAVAD&rclk=1
Doane Grant Thornton LLP,B2B consultant,St. John's NL,+1 709-778-8800,https://www.grantthornton.ca/location/nl/st.-johns/,generalinquiries@doane.gt.ca,,https://www.google.com/maps/place/Doane+Grant+Thornton+LLP/data=!4m7!3m6!1s0x4b0ca6a0aecd1ccf:0xb7141adbb92c2cb9!8m2!3d47.6039822!4d-52.7343745!16s%2Fg%2F11cnn10bv9!19sChIJzxzNrqCmDEsRuSwsudsaFLc?authuser=0&hl=en&g_ep=EgoyMDI2MDgyNi4wIJJjKgBIAVAD&rclk=1
Strategic Concepts Inc,B2B consultant,St. John's NL,+1 709-739-5035,https://www.strategicconcepts.ca/,info@strategicconcepts.ca,,https://www.google.com/maps/place/Strategic+Concepts+Inc/data=!4m7!3m6!1s0x4b0ca3c14b4850db:0xb02c84d47133b70c!8m2!3d47.5720773!4d-52.6999324!16s%2Fg%2F1tg78mws!19sChIJ21BIS8GjDEsRDLczcdSELLA?authuser=0&hl=en&g_ep=EgoyMDI2MDgyNi4wIJJjKgBIAVAD&rclk=1
Prima Information Solutions Inc,B2B consultant,St. John's NL,+1 709-739-0765,https://www.primaharmony.com/,info@primaharmony.com,,https://www.google.com/maps/place/Prima+Information+Solutions+Inc/data=!4m7!3m6!1s0x4b0ca37d5f86c82f:0x9e42a9f56a8a3817!8m2!3d47.5603241!4d-52.7688587!16s%2Fg%2F1tm125rm!19sChIJL8iGX32jDEsRFziKavWpQp4?authuser=0&hl=en&g_ep=EgoyMDI2MDgyNi4wIJJjKgBIAVAD&rclk=1
Principal Planning,B2B consultant,St. John's NL,+1 709-219-2301,http://www.principalplanning.ca/,gerard.nash@canadalife.com,,https://www.google.com/maps/place/Principal+Planning/data=!4m7!3m6!1s0x4b0ca3f8d27db67d:0xbe2748f344ccc8c4!8m2!3d47.5604915!4d-52.7806584!16s%2Fg%2F11j11czqr1!19sChIJfbZ90vijDEsRxMjMRPNIJ74?authuser=0&hl=en&g_ep=EgoyMDI2MDgyNi4wIJJjKgBIAVAD&rclk=1
Dockridge Digital Inc.,B2B consultant,St. John's NL,+1 709-699-9127,http://dockridge.ca/,info@dockridge.ca,,https://www.google.com/maps/place/Dockridge+Digital+Inc./data=!4m7!3m6!1s0x4b0ca3a8bde3ffff:0x8207ce96159b1a7f!8m2!3d47.5545479!4d-52.7134393!16s%2Fg%2F11y3s68hp5!19sChIJ___jvaijDEsRfxqbFZbOB4I?authuser=0&hl=en&g_ep=EgoyMDI2MDgyNi4wIJJjKgBIAVAD&rclk=1
Dba Consulting Engineers Ltd.,B2B consultant,St. John's NL,,http://www.dbaconsulting.ca/,info@dbaconsulting.ca,,https://www.google.com/maps/place/Dba+Consulting+Engineers+Ltd./data=!4m7!3m6!1s0x4b0ca362a2078b43:0x5cb22ac31ac303f!8m2!3d47.5590675!4d-52.7707448!16s%2Fg%2F11rylmpw2l!19sChIJQ4sHomKjDEsRPzCsMawiywU?authuser=0&hl=en&g_ep=EgoyMDI2MDgyNi4wIJJjKgBIAVAD&rclk=1
Thrive,B2B consultant,St. John's NL,+1 709-754-0536,https://www.thrivecyn.ca/,info@thrivecyn.ca,42,https://www.google.com/maps/place/Thrive/data=!4m7!3m6!1s0x4b0ca3a38fb18e9b:0xaabd66e0469c1f8e!8m2!3d47.547757!4d-52.719954!16s%2Fg%2F11b5wfmkzj!19sChIJm46xj6OjDEsRjh-cRuBmvao?authuser=0&hl=en&g_ep=EgoyMDI2MDgyNi4wIJJjKgBIAVAD&rclk=1
techNL,B2B consultant,St. John's NL,+1 709-772-8324,http://www.technl.ca/,info@technl.ca,,https://www.google.com/maps/place/techNL/data=!4m7!3m6!1s0x4b0ca37479fafccd:0x3857c49d9222ddcc!8m2!3d47.6199654!4d-52.7216674!16s%2Fg%2F1tgdhkz5!19sChIJzfz6eXSjDEsRzN0ikp3EVzg?authuser=0&hl=en&g_ep=EgoyMDI2MDgyNi4wIJJjKgBIAVAD&rclk=1
KBRS,B2B consultant,St. John's NL,+1 709-722-6890,http://www.kbrs.ca/,info@kbrs.ca,,https://www.google.com/maps/place/KBRS/data=!4m7!3m6!1s0x4b0ca3c14b48607d:0x5e7ce7dbe09bd3c7!8m2!3d47.5720696!4d-52.6997705!16s%2Fg%2F1q62m78p0!19sChIJfWBIS8GjDEsRx9Ob4NvnfF4?authuser=0&hl=en&g_ep=EgoyMDI2MDgyNi4wIJJjKgBIAVAD&rclk=1
Zoe Immigration Consulting Inc,business consulting firm,St. John's NL,+1 709-853-0302,https://zoeimmigration.ca/,enquires@zoeimmigration.ca,10,https://www.google.com/maps/place/Zoe+Immigration+Consulting+Inc/data=!4m7!3m6!1s0x1d429dadf345717:0xdbaae493f632f78!8m2!3d47.5568062!4d-52.8045131!16s%2Fg%2F11z0k5972m!19sChIJF1c039op1AEReC9jP0muug0?authuser=0&hl=en&g_ep=EgoyMDI2MDgyNi4wIJJjKgBIAVAD&rclk=1
DBA Consulting Engineers Ltd,business consulting firm,St. John's NL,+1 709-739-5500,http://www.dbaconsulting.ca/,info@dbaconsulting.ca,,https://www.google.com/maps/place/DBA+Consulting+Engineers+Ltd/data=!4m7!3m6!1s0x4b0cbb76428b480f:0x70969bcf37f8880b!8m2!3d47.5175902!4d-52.8628849!16s%2Fg%2F11b5wk3l4m!19sChIJD0iLQna7DEsRC4j4N8-blnA?authuser=0&hl=en&g_ep=EgoyMDI2MDgyNi4wIJJjKgBIAVAD&rclk=1
Sheldon Payne - Digital Marketing Consultant,business consulting firm,St. John's NL,+1 709-769-2725,https://sheldonpayne.com/,sheldon@paynesbrain.com,,https://www.google.com/maps/place/Sheldon+Payne+-+Digital+Marketing+Consultant/data=!4m7!3m6!1s0x4b0ca49d5b9aaaab:0x79ce233f2b941833!8m2!3d47.5596626!4d-52.7711423!16s%2Fg%2F11gn1w5d_z!19sChIJq6qaW52kDEsRMxiUKz8jznk?authuser=0&hl=en&g_ep=EgoyMDI2MDgyNi4wIJJjKgBIAVAD&rclk=1
Narrows Consulting Inc.,business consulting firm,St. John's NL,+1 709-682-8028,http://www.narrowsconsulting.com/,info@narrowsconsulting.com,,https://www.google.com/maps/place/Narrows+Consulting+Inc./data=!4m7!3m6!1s0x4b0cbbd3b47b9743:0xe10a7b1bb3a14c77!8m2!3d47.526301!4d-52.826357!16s%2Fg%2F11m8zd68m2!19sChIJQ5d7tNO7DEsRd0yhsxt7CuE?authuser=0&hl=en&g_ep=EgoyMDI2MDgyNi4wIJJjKgBIAVAD&rclk=1
Newfound Marketing,business consulting firm,St. John's NL,+1 709-600-9444,https://www.newfoundmarketing.ca/?utm_campaign=gmb,hello@newfoundmarketing.ca,26,https://www.google.com/maps/place/Newfound+Marketing/data=!4m7!3m6!1s0x4b0ca1569d0cfef9:0x51013c20b43ad370!8m2!3d47.5596732!4d-52.7711039!16s%2Fg%2F1q62fj2gz!19sChIJ-f4MnVahDEsRcNM6tCA8AVE?authuser=0&hl=en&g_ep=EgoyMDI2MDgyNi4wIJJjKgBIAVAD&rclk=1
SEM Ltd.,business consulting firm,St. John's NL,+1 709-754-0499,http://www.semltd.ca/,info@semltd.ca,,https://www.google.com/maps/place/SEM+Ltd./data=!4m7!3m6!1s0x4b0ca33f7e21a219:0x7e799c8a78dbaa52!8m2!3d47.556411!4d-52.7704578!16s%2Fg%2F1tkp4kpv!19sChIJGaIhfj-jDEsRUqrbeIqceX4?authuser=0&hl=en&g_ep=EgoyMDI2MDgyNi4wIJJjKgBIAVAD&rclk=1
Ryco Financial Inc,business consulting firm,St. John's NL,+1 709-722-4100,http://www.ryco.ca/,fryan@ryco.ca,20,https://www.google.com/maps/place/Ryco+Financial+Inc/data=!4m7!3m6!1s0x4b0ca377a212279f:0x1f4e820c6e7e6f88!8m2!3d47.5584818!4d-52.782134!16s%2Fg%2F1tnhxxzn!19sChIJnycSonejDEsRiG9-bgyCTh8?authuser=0&hl=en&g_ep=EgoyMDI2MDgyNi4wIJJjKgBIAVAD&rclk=1
Labrador Consulting Services,business consulting firm,St. John's NL,+1 709-897-7719,http://www.labradorconsultingservices.ca/,info@labradorconsultingservices.cal.com,,https://www.google.com/maps/place/Labrador+Consulting+Services/data=!4m7!3m6!1s0x4c7b7bcb0988dceb:0xb5d01ccd1002484c!8m2!3d47.4941936!4d-52.8224999!16s%2Fg%2F11s_w1j04g!19sChIJ69yICct7e0wRTEgCEM0c0LU?authuser=0&hl=en&g_ep=EgoyMDI2MDgyNi4wIJJjKgBIAVAD&rclk=1
Conflict RESOLUTION Consulting PLC Inc,business consulting firm,St. John's NL,+1 709-726-9511,http://conflictresolutionplc.com/,crc@bellaliant.net,,https://www.google.com/maps/place/Conflict+RESOLUTION+Consulting+PLC+Inc/data=!4m7!3m6!1s0x4b0ca6a53a76314b:0x49f79d70328ed9b1!8m2!3d47.6088319!4d-52.7196534!16s%2Fg%2F11fm04q107!19sChIJSzF2OqWmDEsRsdmOMnCd90k?authuser=0&hl=en&g_ep=EgoyMDI2MDgyNi4wIJJjKgBIAVAD&rclk=1
Istanbul Consulting Group,business consulting firm,St. John's NL,+90 312 906 07 66,http://icg.istanbul/,webmaster@icg.istanbul,,https://www.google.com/maps/place/Istanbul+Consulting+Group/data=!4m7!3m6!1s0x89c228f1bdebffff:0xae6ff0156a382f2a!8m2!3d47.588633!4d-52.7054042!16s%2Fg%2F11t14319bd!19sChIJ___rvfEowokRKi84ahXwb64?authuser=0&hl=en&g_ep=EgoyMDI2MDgyNi4wIJJjKgBIAVAD&rclk=1
Lorne Pike & Associates,business consulting firm,St. John's NL,+1 709-747-7453,https://lornepike.com/,info@lornepike.com,,https://www.google.com/maps/place/Lorne+Pike+%26+Associates/data=!4m7!3m6!1s0x4b0ca3bf79eaaaab:0xb4783e33f92b12ba!8m2!3d47.5545394!4d-52.7134188!16s%2Fg%2F1hm2nk4jc!19sChIJq6rqeb-jDEsRuhIr-TM-eLQ?authuser=0&hl=en&g_ep=EgoyMDI2MDgyNi4wIJJjKgBIAVAD&rclk=1
Nova Consultants Inc,business consulting firm,St. John's NL,+1 709-753-2260,https://www.ncinl.ca/,admin@ncinl.ca,,https://www.google.com/maps/place/Nova+Consultants+Inc/data=!4m7!3m6!1s0x4b0ca4820b561165:0x1bd2ff36e219a8db!8m2!3d47.5631591!4d-52.7658915!16s%2Fg%2F1thq4wp8!19sChIJZRFWC4KkDEsR26gZ4jb_0hs?authuser=0&hl=en&g_ep=EgoyMDI2MDgyNi4wIJJjKgBIAVAD&rclk=1
HR Project Partners,business consulting firm,St. John's NL,+1 709-221-8800,https://www.hrproject.ca/,info@hrproject.ca,,https://www.google.com/maps/place/HR+Project+Partners/data=!4m7!3m6!1s0x4b0ca482a23087ab:0x586a743e244fc56a!8m2!3d47.6207475!4d-52.7197566!16s%2Fg%2F11h9w1sv7h!19sChIJq4cwooKkDEsRasVPJD50alg?authuser=0&hl=en&g_ep=EgoyMDI2MDgyNi4wIJJjKgBIAVAD&rclk=1
Emergency Management Advisors Inc.,management consulting,St. John's NL,+1 709-687-4319,http://www.emadvisors.ca/,contactus@emadvisors.ca,,https://www.google.com/maps/place/Emergency+Management+Advisors+Inc./data=!4m7!3m6!1s0x4b0ca392e13d6649:0xb705f16447b18af8!8m2!3d47.5749137!4d-52.7218045!16s%2Fg%2F11cn6m_092!19sChIJSWY94ZKjDEsR-IqxR2TxBbc?authuser=0&hl=en&g_ep=EgoyMDI2MDgyNi4wIJJjKgBIAVAD&rclk=1
Stantec,management consulting,St. John's NL,+1 709-576-1458,https://www.stantec.com/en/offices/canada-locations/newfoundland-andlabradoroffices/st-johns-kelsey-drive-newfoundland-and-labrador-office/?utm_source=google-business-profile&utm_medium=organic&utm_campaign=website-gbp_listing_canada&utm_content=newfoundland-and-labrador_st-johns,kim.oakley@stantec.com,,https://www.google.com/maps/place/Stantec/data=!4m7!3m6!1s0x4b0ca6bc530a459b:0xe96d393c77a80f3c!8m2!3d47.5594826!4d-52.7832216!16s%2Fg%2F1q62mn4_d!19sChIJm0UKU7ymDEsRPA-odzw5bek?authuser=0&hl=en&g_ep=EgoyMDI2MDgyNi4wIJJjKgBIAVAD&rclk=1
Rising Hope Immigration Consulting Inc,management consulting,St. John's NL,+1 709-215-6222,http://www.risinghopeimmigration.com/,info@risinghopeimmigration.com,,https://www.google.com/maps/place/Rising+Hope+Immigration+Consulting+Inc/data=!4m7!3m6!1s0x4b0ca3002ff7b437:0xc2f0461e54331314!8m2!3d47.5592508!4d-52.760876!16s%2Fg%2F11y0xywj5c!19sChIJN7T3LwCjDEsRFBMzVB5G8MI?authuser=0&hl=en&g_ep=EgoyMDI2MDgyNi4wIJJjKgBIAVAD&rclk=1
ARMS,management consulting,St. John's NL,+1 800-289-1407,http://www.armsonline.ca/,support@armsonline.ca,,https://www.google.com/maps/place/ARMS/data=!4m7!3m6!1s0x4b0ca3740a5b7bcb:0x915c49940771722e!8m2!3d47.5556057!4d-52.7422814!16s%2Fg%2F1hm5fp09y!19sChIJy3tbCnSjDEsRLnJxB5RJXJE?authuser=0&hl=en&g_ep=EgoyMDI2MDgyNi4wIJJjKgBIAVAD&rclk=1
Powered by B,B2B sales consultant,St. John's NL,+1 709-738-2583,http://www.poweredbyb.com/,info@poweredbyb.com,,https://www.google.com/maps/place/Powered+by+B/data=!4m7!3m6!1s0x4b0ca37b1b91b38b:0xd42dc791189e3abc!8m2!3d47.5814421!4d-52.7199153!16s%2Fg%2F1tzvw44q!19sChIJi7ORG3ujDEsRvDqeGJHHLdQ?authuser=0&hl=en&g_ep=EgoyMDI2MDgyNi4wIJJjKgBIAVAD&rclk=1
Sunbelt,B2B sales consultant,St. John's NL,+1 866-766-1566,http://sunbeltcanada.com/st-johns,contact@sunbeltcanada.com,,https://www.google.com/maps/place/Sunbelt/data=!4m7!3m6!1s0x4b0ca3a3361e6e0f:0x77ad017eb67e1ddc!8m2!3d47.5640593!4d-52.7162627!16s%2Fg%2F11b73_6yp9!19sChIJD24eNqOjDEsR3B1-tn4BrXc?authuser=0&hl=en&g_ep=EgoyMDI2MDgyNi4wIJJjKgBIAVAD&rclk=1
NATIONAL Public Relations,B2B sales consultant,St. John's NL,+1 709-754-9614,http://www.national.ca/,info-van@national.ca,,https://www.google.com/maps/place/NATIONAL+Public+Relations/data=!4m7!3m6!1s0x4b0ca3c1361d130b:0xaf1b8ec2d9c73dda!8m2!3d47.5594277!4d-52.7136978!16s%2Fg%2F11cnph5scl!19sChIJCxMdNsGjDEsR2j3H2cKOG68?authuser=0&hl=en&g_ep=EgoyMDI2MDgyNi4wIJJjKgBIAVAD&rclk=1
Koncep,B2B marketing consultant,St. John's NL,+1 709-743-1424,http://www.koncep.ca/,adam@koncep.ca,19,https://www.google.com/maps/place/Koncep/data=!4m7!3m6!1s0x4b0cbb2d05bcc355:0xf56d6be58e1ea7a1!8m2!3d49.1211647!4d-56.0163164!16s%2Fg%2F11qpxs402s!19sChIJVcO8BS27DEsRoacejuVrbfU?authuser=0&hl=en&g_ep=EgoyMDI2MDgyNi4wIJJjKgBIAVAD&rclk=1
The Idea Factory,B2B marketing consultant,St. John's NL,+1 709-726-1449,http://ifactory.ca/,gatekeeper@ifactory.ca,19,https://www.google.com/maps/place/The+Idea+Factory/data=!4m7!3m6!1s0x4b0ca3b8df180fbd:0x3002426ce4af9efa!8m2!3d47.5545954!4d-52.7153821!16s%2Fg%2F1v5_904p!19sChIJvQ8Y37ijDEsR-p6v5GxCAjA?authuser=0&hl=en&g_ep=EgoyMDI2MDgyNi4wIJJjKgBIAVAD&rclk=1
Mobile Guest Ltd,B2B marketing consultant,St. John's NL,+1 709-330-9638,http://mobileguests.ca/,emailgrow@mobileguests.ca,,https://www.google.com/maps/place/Mobile+Guest+Ltd/data=!4m7!3m6!1s0x4b0ca482bfbaaaab:0xdcf1f01e4aa72e8!8m2!3d47.5614807!4d-52.7698369!16s%2Fg%2F11fmgz4z63!19sChIJq6q6v4KkDEsR6HKq5AEfzw0?authuser=0&hl=en&g_ep=EgoyMDI2MDgyNi4wIJJjKgBIAVAD&rclk=1
Dc - Brand Better!,B2B marketing consultant,St. John's NL,+1 709-237-7321,http://dcpresents.ca/,dc@dcpresents.ca,31,https://www.google.com/maps/place/Dc+-+Brand+Better!/data=!4m7!3m6!1s0x4b0ca3bb0ef7c73d:0x74d8091eaa51da70!8m2!3d52.4727039!4d-60.8364191!16s%2Fg%2F11bbydbt7g!19sChIJPcf3DrujDEsRcNpRqh4J2HQ?authuser=0&hl=en&g_ep=EgoyMDI2MDgyNi4wIJJjKgBIAVAD&rclk=1
Lead Marketing Inc.,B2B marketing consultant,St. John's NL,+1 709-219-5878,http://www.leadmarketingglobal.com/,office@leadmarketingglobal.com,,https://www.google.com/maps/place/Lead+Marketing+Inc./data=!4m7!3m6!1s0x89244fe917f74c53:0x3a10e8fd7565dcb3!8m2!3d47.5745112!4d-52.7262598!16s%2Fg%2F11v9c03w36!19sChIJU0z3F-lPJIkRs9xldf3oEDo?authuser=0&hl=en&g_ep=EgoyMDI2MDgyNi4wIJJjKgBIAVAD&rclk=1
JAC,B2B marketing consultant,St. John's NL,+1 709-754-0555,http://jac.co/,mtpearl@jac.co,46,https://www.google.com/maps/place/JAC/data=!4m7!3m6!1s0x4b0cbcb0b05907dd:0x68cf0b8f9c8c0d6d!8m2!3d47.5236469!4d-52.8060928!16s%2Fg%2F1tf2rtm6!19sChIJ3QdZsLC8DEsRbQ2MnI8Lz2g?authuser=0&hl=en&g_ep=EgoyMDI2MDgyNi4wIJJjKgBIAVAD&rclk=1
Prime Creative,B2B marketing consultant,St. John's NL,+1 709-753-1121,http://www.primecreative.ca/,angela@primecreative.ca,,https://www.google.com/maps/place/Prime+Creative/data=!4m7!3m6!1s0x4b0ca3a899502c15:0xd8419818f21a7a6b!8m2!3d47.5596626!4d-52.7711423!16s%2Fg%2F1tfvsjw2!19sChIJFSxQmaijDEsRa3oa8hiYQdg?authuser=0&hl=en&g_ep=EgoyMDI2MDgyNi4wIJJjKgBIAVAD&rclk=1
Bluecore Media,B2B marketing consultant,St. John's NL,+1 709-200-2565,https://bluecoredesign.com/,info@bluecoredesign.com,10,https://www.google.com/maps/place/Bluecore+Media/data=!4m7!3m6!1s0x4b0ca38d3d3f7a97:0xd6bdc2eb9a3d24b6!8m2!3d47.5669064!4d-52.7213362!16s%2Fg%2F11gzb1n14!19sChIJl3o_PY2jDEsRtiQ9muvCvdY?authuser=0&hl=en&g_ep=EgoyMDI2MDgyNi4wIJJjKgBIAVAD&rclk=1
Digitex Crew Limited,B2B marketing consultant,St. John's NL,+1 249-503-4478,https://digitexcrew.com/,contact.digitexcrew@gmail.com,,https://www.google.com/maps/place/Digitex+Crew+Limited/data=!4m7!3m6!1s0x4b0ca36fe9067639:0x53613c88fa831c69!8m2!3d47.5682176!4d-52.7342571!16s%2Fg%2F11wfjvyyp0!19sChIJOXYG6W-jDEsRaRyD-og8YVM?authuser=0&hl=en&g_ep=EgoyMDI2MDgyNi4wIJJjKgBIAVAD&rclk=1
Target Marketing & Communications Inc,B2B marketing consultant,St. John's NL,+1 709-739-8400,https://targetmarketing.ca/,careers@targetmarketing.ca,,https://www.google.com/maps/place/Target+Marketing+%26+Communications+Inc/data=!4m7!3m6!1s0x4b0ca3b8c02279dd:0xec613778fb47d2b8!8m2!3d47.567665!4d-52.703293!16s%2Fg%2F1tzgj6lj!19sChIJ3XkiwLijDEsRuNJH-3g3Yew?authuser=0&hl=en&g_ep=EgoyMDI2MDgyNi4wIJJjKgBIAVAD&rclk=1
Digital Collateral,B2B marketing consultant,St. John's NL,+1 709-770-0677,http://digitalcollateral.ca/,contact@digitalcollateral.ca,,https://www.google.com/maps/place/Digital+Collateral/data=!4m7!3m6!1s0x4b0ca36d79f53a6d:0x820fd799ff024f97!8m2!3d47.5925587!4d-52.7103564!16s%2Fg%2F11kvrwkw5z!19sChIJbTr1eW2jDEsRl08C_5nXD4I?authuser=0&hl=en&g_ep=EgoyMDI2MDgyNi4wIJJjKgBIAVAD&rclk=1
Perfect Day Ltd,B2B marketing consultant,St. John's NL,+1 709-753-6253,http://www.perfectdaycanada.com/,contact@perfectdaycanada.com,,https://www.google.com/maps/place/Perfect+Day+Ltd/data=!4m7!3m6!1s0x4b0ca3bf39918c5d:0x4775617a03fae8eb!8m2!3d47.56846!4d-52.706058!16s%2Fg%2F11bzy8f3b2!19sChIJXYyROb-jDEsR6-j6A3phdUc?authuser=0&hl=en&g_ep=EgoyMDI2MDgyNi4wIJJjKgBIAVAD&rclk=1
Ray Agency,B2B marketing consultant,St. John's NL,+1 709-699-4175,https://rayagency.ca/,wellhello@rayagency.ca,,https://www.google.com/maps/place/Ray+Agency/data=!4m7!3m6!1s0x4b0ca3bb284fa9af:0xa951509b2de221dd!8m2!3d47.5817054!4d-52.7116663!16s%2Fg%2F11cn0_0x8f!19sChIJr6lPKLujDEsR3SHiLZtQUak?authuser=0&hl=en&g_ep=EgoyMDI2MDgyNi4wIJJjKgBIAVAD&rclk=1
DigitalWrk,B2B marketing consultant,St. John's NL,+1 306-580-7810,https://www.digitalwrk.com/,hello@digitalwrk.com,,https://www.google.com/maps/place/DigitalWrk/data=!4m7!3m6!1s0xab1b702fb6f565e9:0x2925df369fb941ab!8m2!3d47.6070752!4d-52.7454335!16s%2Fg%2F11rl9mys17!19sChIJ6WX1ti9wG6sRq0G5nzbfJSk?authuser=0&hl=en&g_ep=EgoyMDI2MDgyNi4wIJJjKgBIAVAD&rclk=1
Focus A Bold Company,B2B marketing consultant,St. John's NL,+1 709-726-4600,https://www.facebook.com/focusbold?ref=aymt_homepage_panel,focus@nl.rogers.com,,https://www.google.com/maps/place/Focus+A+Bold+Company/data=!4m7!3m6!1s0x4b0ca3a722e17b0d:0xdd11248eb989176a!8m2!3d47.5556386!4d-52.7218344!16s%2Fg%2F11c3sqp7q1!19sChIJDXvhIqejDEsRaheJuY4kEd0?authuser=0&hl=en&g_ep=EgoyMDI2MDgyNi4wIJJjKgBIAVAD&rclk=1
Digital Advertising Solutions,B2B marketing consultant,St. John's NL,+1 709-640-6495,https://www.digitaladvertisingsolutions.ca/,rbrake@digitaladvertisingsolutions.ca,,https://www.google.com/maps/place/Digital+Advertising+Solutions/data=!4m7!3m6!1s0x4b7bb21f4e641773:0xf1d2d06ca26f215c!8m2!3d48.9567172!4d-57.9206924!16s%2Fg%2F11bzv7k4f9!19sChIJcxdkTh-ye0sRXCFvomzQ0vE?authuser=0&hl=en&g_ep=EgoyMDI2MDgyNi4wIJJjKgBIAVAD&rclk=1
ICS Creative Agency,B2B marketing consultant,St. John's NL,+1 506-672-9427,https://www.icscreativeagency.com/,info@icscreativeagency.com,53,https://www.google.com/maps/place/ICS+Creative+Agency/data=!4m7!3m6!1s0x4ca7b37dab6424e1:0x31ba73e619f51493!8m2!3d45.2721264!4d-66.0604881!16s%2Fg%2F1tdp01hr!19sChIJ4SRkq32zp0wRkxT1GeZzujE?authuser=0&hl=en&g_ep=EgoyMDI2MDgyNi4wIJJjKgBIAVAD&rclk=1
Upstream Marketing Inc.,B2B marketing consultant,St. John's NL,+1 709-738-2600,https://www.upstreammarketing.ca/,hi@upstreammarketing.ca,,https://www.google.com/maps/place/Upstream+Marketing+Inc./data=!4m7!3m6!1s0x4b0ca38facc5e20d:0xb17522d9de0ffb3c!8m2!3d51.2072!4d-79.5417226!16s%2Fg%2F1tvdjcng!19sChIJDeLFrI-jDEsRPPsP3tkidbE?authuser=0&hl=en&g_ep=EgoyMDI2MDgyNi4wIJJjKgBIAVAD&rclk=1
Global SD Immigration Services Ltd.,B2B consultant,Kelowna BC,+1 778-325-0065,https://iglobalsd.com/,micah@micahrich.com,160,https://www.google.com/maps/place/Global+SD+Immigration+Services+Ltd./data=!4m7!3m6!1s0x537d8d6a07fb4ab9:0x8f7ddf093af1e7e!8m2!3d49.8802815!4d-119.4612693!16s%2Fg%2F11sr6rx9xm!19sChIJuUr7B2qNfVMRfh6vk_Dd9wg?authuser=0&hl=en&g_ep=EgoyMDI2MDgyNi4wIJJjKgBIAVAD&rclk=1
"BoostBC | Kelowna Web Design, App Development & Digital Marketing for BC Businesses",B2B consultant,Kelowna BC,+1 250-681-3109,https://www.boostbc.ca/,help@boostbc.ca,36,"https://www.google.com/maps/place/BoostBC+%7C+Kelowna+Web+Design,+App+Development+%26+Digital+Marketing+for+BC+Businesses/data=!4m7!3m6!1s0xa12df2531de43ad5:0xc96f6472cff74325!8m2!3d54.1386854!4d-126.5578556!16s%2Fg%2F11lzrnrqkp!19sChIJ1TrkHVPyLaERJUP3z3Jkb8k?authuser=0&hl=en&g_ep=EgoyMDI2MDgyNi4wIJJjKgBIAVAD&rclk=1"
TWA Studio,B2B consultant,Kelowna BC,+1 236-599-6930,https://twa.studio/,design@twa.studio,,https://www.google.com/maps/place/TWA+Studio/data=!4m7!3m6!1s0x537d8d02e2183c8b:0xe5c2555f3bf72c4b!8m2!3d49.8824517!4d-119.4302475!16s%2Fg%2F11ywqq4nq5!19sChIJizwY4gKNfVMRSyz3O19VwuU?authuser=0&hl=en&g_ep=EgoyMDI2MDgyNi4wIJJjKgBIAVAD&rclk=1
BlackBean x SitePartners,B2B consultant,Kelowna BC,+1 236-420-0400,https://blackbeanmarketing.com/,hello@blackbeanmarketing.com,14,https://www.google.com/maps/place/BlackBean+x+SitePartners/data=!4m7!3m6!1s0x537d8bf0eb6735b1:0x7480b20fb9b3b00a!8m2!3d49.863094!4d-119.4918938!16s%2Fg%2F11cspwrl19!19sChIJsTVn6_CLfVMRCrCzuQ-ygHQ?authuser=0&hl=en&g_ep=EgoyMDI2MDgyNi4wIJJjKgBIAVAD&rclk=1
Kindret Business Solutions,B2B consultant,Kelowna BC,+1 250-454-6796,http://kindret.com/,cindy@kindret.com,10,https://www.google.com/maps/place/Kindret+Business+Solutions/data=!4m7!3m6!1s0x54820aaba9ad0feb:0xcff8c286ae66ee22!8m2!3d49.8478899!4d-119.6038091!16s%2Fg%2F11b62pv1nj!19sChIJ6w-tqasKglQRIu5mrobC-M8?authuser=0&hl=en&g_ep=EgoyMDI2MDgyNi4wIJJjKgBIAVAD&rclk=1
GD Bookkeeping,B2B consultant,Kelowna BC,+1 250-860-2555,https://www.gdbookkeeping.com/,info@gdbookkeeping.com,25,https://www.google.com/maps/place/GD+Bookkeeping/data=!4m7!3m6!1s0x537df3058256e8ab:0x81afe13ce99f0e56!8m2!3d49.8767996!4d-119.4549068!16s%2Fg%2F11b8t5sn69!19sChIJq-hWggXzfVMRVg6f6Tzhr4E?authuser=0&hl=en&g_ep=EgoyMDI2MDgyNi4wIJJjKgBIAVAD&rclk=1
Coastal Business Advisors,B2B consultant,Kelowna BC,+1 250-864-2587,https://coastaladvisors.ca/,info@coastaladvisors.ca,,https://www.google.com/maps/place/Coastal+Business+Advisors/data=!4m7!3m6!1s0x537df366e41f5139:0xcf48434508356a15!8m2!3d49.8937943!4d-119.4848793!16s%2Fg%2F11vwq3bqwq!19sChIJOVEf5GbzfVMRFWo1CEVDSM8?authuser=0&hl=en&g_ep=EgoyMDI2MDgyNi4wIJJjKgBIAVAD&rclk=1
Carpathia IT,B2B consultant,Kelowna BC,+1 236-361-9074,https://carpathiait.ca/,sales@carpathia.it,11,https://www.google.com/maps/place/Carpathia+IT/data=!4m7!3m6!1s0xa164c25046ec6c99:0x7cb6fe22860da6ce!8m2!3d49.9358285!4d-118.908557!16s%2Fg%2F11yrt6nc2_!19sChIJmWzsRlDCZKERzqYNhiL-tnw?authuser=0&hl=en&g_ep=EgoyMDI2MDgyNi4wIJJjKgBIAVAD&rclk=1
Purpose Driven Promotion - Kelowna SEO,B2B consultant,Kelowna BC,,http://www.purposedrivenpromotion.com/,info@purposedrivenpromotion.com,,https://www.google.com/maps/place/Purpose+Driven+Promotion+-+Kelowna+SEO/data=!4m7!3m6!1s0x537d8b4749cf9ca5:0x936fbd598afd9ffd!8m2!3d49.8996925!4d-119.5124475!16s%2Fg%2F1tpprmzg!19sChIJpZzPSUeLfVMR_Z_9ilm9b5M?authuser=0&hl=en&g_ep=EgoyMDI2MDgyNi4wIJJjKgBIAVAD&rclk=1
Kelowna Chamber of Commerce,B2B consultant,Kelowna BC,+1 250-861-3627,https://www.kelownachamber.org/,hello@kelownachamber.org,12,https://www.google.com/maps/place/Kelowna+Chamber+of+Commerce/data=!4m7!3m6!1s0x537df4a9248b7b5b:0xe52af9d8cc1a814e!8m2!3d49.8839055!4d-119.4919429!16s%2Fg%2F1tfsskky!19sChIJW3uLJKn0fVMRToEazNj5KuU?authuser=0&hl=en&g_ep=EgoyMDI2MDgyNi4wIJJjKgBIAVAD&rclk=1
MNP Debt - Licensed Insolvency Trustees Bankruptcy & Consumer Proposals,B2B consultant,Kelowna BC,+1 250-979-2580,https://mnpdebt.ca/en/offices/kelowna?utm_source=google&utm_medium=organic_lpm&utm_campaign=Kelowna_Insolvency&sc_camp=6E4BBDFD22C64A84B500D9FF6C0F1916,dean.prentice@mnp.ca,80,https://www.google.com/maps/place/MNP+Debt+-+Licensed+Insolvency+Trustees+Bankruptcy+%26+Consumer+Proposals/data=!4m7!3m6!1s0x537d8cb2663a447b:0x9a8dc82a446af5a4!8m2!3d49.8807868!4d-119.4602862!16s%2Fg%2F1tfwpn0k!19sChIJe0Q6ZrKMfVMRpPVqRCrIjZo?authuser=0&hl=en&g_ep=EgoyMDI2MDgyNi4wIJJjKgBIAVAD&rclk=1
POV Creative Services,B2B consultant,Kelowna BC,+1 250-212-0928,http://www.povcreative.com/,contact@sansoxygen.com,,https://www.google.com/maps/place/POV+Creative+Services/data=!4m7!3m6!1s0x537def38becd1a5f:0xdae690435832ea83!8m2!3d50.0442919!4d-119.4347874!16s%2Fg%2F11f7l_qkd6!19sChIJXxrNvjjvfVMRg-oyWEOQ5to?authuser=0&hl=en&g_ep=EgoyMDI2MDgyNi4wIJJjKgBIAVAD&rclk=1
Central Okanagan Economic Development Commission,B2B consultant,Kelowna BC,+1 250-469-6280,http://www.investkelowna.com/,info@investkelowna.com,,https://www.google.com/maps/place/Central+Okanagan+Economic+Development+Commission/data=!4m7!3m6!1s0x537d8b5e1b9bd587:0x1854ca4070b5dc07!8m2!3d49.8617826!4d-119.4676054!16s%2Fg%2F1tfmhh8g!19sChIJh9WbG16LfVMRB9y1cEDKVBg?authuser=0&hl=en&g_ep=EgoyMDI2MDgyNi4wIJJjKgBIAVAD&rclk=1
Kerr & Company (now known as MNP LLP),B2B consultant,Kelowna BC,+1 250-448-6299,https://www.mnp.ca/en/offices/kelowna,jennifer.hollis@mnp.ca,,https://www.google.com/maps/place/Kerr+%26+Company+%28now+known+as+MNP+LLP%29/data=!4m7!3m6!1s0x537dd970f174c6c5:0xf3ac28ef42bb8bf6!8m2!3d50.2694018!4d-119.2741324!16s%2Fg%2F11smvpryx5!19sChIJxcZ08XDZfVMR9ou7Qu8orPM?authuser=0&hl=en&g_ep=EgoyMDI2MDgyNi4wIJJjKgBIAVAD&rclk=1
ROV Consulting Inc,business consulting firm,Kelowna BC,+1 250-860-0412,https://rovconsulting.ca/,admin@rovconsulting.ca,12,https://www.google.com/maps/place/ROV+Consulting+Inc/data=!4m7!3m6!1s0x537d8cb9e03b05f3:0x61e128316a5dacc2!8m2!3d49.88117!4d-119.45028!16s%2Fg%2F1tdd9jcs!19sChIJ8wU74LmMfVMRwqxdajEo4WE?authuser=0&hl=en&g_ep=EgoyMDI2MDgyNi4wIJJjKgBIAVAD&rclk=1
AMS CPA ( Chartered Professional Accountants),business consulting firm,Kelowna BC,+1 604-229-4424,https://amsconsultant.ca/,info@amsconsultant.ca,124,https://www.google.com/maps/place/AMS+CPA+%28+Chartered+Professional+Accountants%29/data=!4m7!3m6!1s0x537d8df62c71a605:0x494faa2f1529a6aa!8m2!3d49.8837624!4d-119.4526819!16s%2Fg%2F11smlpflls!19sChIJBaZxLPaNfVMRqqYpFS-qT0k?authuser=0&hl=en&g_ep=EgoyMDI2MDgyNi4wIJJjKgBIAVAD&rclk=1
Ascend Development Partners Ltd. - Land Consulting,business consulting firm,Kelowna BC,+1 250-864-1605,https://ascenddevelopmentpartners.com/,erika@ascenddp.com,,https://www.google.com/maps/place/Ascend+Development+Partners+Ltd.+-+Land+Consulting/data=!4m7!3m6!1s0xa6cedb614475c791:0x736faded1d20c2d4!8m2!3d49.8439838!4d-119.4905018!16s%2Fg%2F11ysp_twpf!19sChIJkcd1RGHbzqYR1MIgHe2tb3M?authuser=0&hl=en&g_ep=EgoyMDI2MDgyNi4wIJJjKgBIAVAD&rclk=1
A7 Technology Services,business consulting firm,Kelowna BC,+1 825-425-0102,http://www.a7agents.com/,team@a7agents.com,24,https://www.google.com/maps/place/A7+Technology+Services/data=!4m7!3m6!1s0x537d8b88e9c1d3f9:0xacd87472430a1174!8m2!3d49.8937641!4d-119.4842688!16s%2Fg%2F11vylnqd4k!19sChIJ-dPB6YiLfVMRdBEKQ3J02Kw?authuser=0&hl=en&g_ep=EgoyMDI2MDgyNi4wIJJjKgBIAVAD&rclk=1
Delta-T Consultants Ltd.,business consulting firm,Kelowna BC,+1 250-860-5550,http://www.deltatconsultants.com/,info@delta-t.ca,,https://www.google.com/maps/place/Delta-T+Consultants+Ltd./data=!4m7!3m6!1s0x537d8cafd3685a1b:0x223b4ae1075aceaa!8m2!3d49.8875745!4d-119.491677!16s%2Fg%2F1ptx9w6zg!19sChIJG1po06-MfVMRqs5aB-FKOyI?authuser=0&hl=en&g_ep=EgoyMDI2MDgyNi4wIJJjKgBIAVAD&rclk=1
PRI Engineering Corp.,business consulting firm,Kelowna BC,+1 250-469-9757,https://priengineering.com/,info@priengineering.com,22,https://www.google.com/maps/place/PRI+Engineering+Corp./data=!4m7!3m6!1s0x537df4a84c11902b:0xcee6f092c5ca2dd2!8m2!3d49.8827818!4d-119.4469525!16s%2Fg%2F1pxw1mlhb!19sChIJK5ARTKj0fVMR0i3KxZLw5s4?authuser=0&hl=en&g_ep=EgoyMDI2MDgyNi4wIJJjKgBIAVAD&rclk=1
Amano Financial Advisory Services Ltd.,business consulting firm,Kelowna BC,+1 250-300-8202,http://amano-fas.ca/,scott@amano-fas.ca,27,https://www.google.com/maps/place/Amano+Financial+Advisory+Services+Ltd./data=!4m7!3m6!1s0x47b0444ada4f5bf3:0x81b3c76a631b8b33!8m2!3d49.8879931!4d-119.4931714!16s%2Fg%2F11swzhl2p2!19sChIJ81tP2kpEsEcRM4sbY2rHs4E?authuser=0&hl=en&g_ep=EgoyMDI2MDgyNi4wIJJjKgBIAVAD&rclk=1
Sanderson Business Services,business consulting firm,Kelowna BC,+1 250-870-2729,https://www.sanderson-services.com/,tsandersonca@gmail.com,,https://www.google.com/maps/place/Sanderson+Business+Services/data=!4m7!3m6!1s0x537df30ca9b3b653:0x4e0c87ab7d337905!8m2!3d49.8864895!4d-119.4752379!16s%2Fg%2F11l1kr8syd!19sChIJU7azqQzzfVMRBXkzfauHDE4?authuser=0&hl=en&g_ep=EgoyMDI2MDgyNi4wIJJjKgBIAVAD&rclk=1
CTQ Consultants Kelowna,business consulting firm,Kelowna BC,+1 250-979-1221,https://www.ctqconsultants.ca/,info@hereismylifestory.com,10,https://www.google.com/maps/place/CTQ+Consultants+Kelowna/data=!4m7!3m6!1s0x537d8cb1f80404cf:0x344c5b613056c74!8m2!3d49.8796017!4d-119.4586237!16s%2Fg%2F1tdx3tf4!19sChIJzwQE-LGMfVMRdGwFE7bFRAM?authuser=0&hl=en&g_ep=EgoyMDI2MDgyNi4wIJJjKgBIAVAD&rclk=1
Potentia HR,business consulting firm,Kelowna BC,+1 250-469-3824,http://www.potentiahr.ca/,webmaster@elementiq.com,28,https://www.google.com/maps/place/Potentia+HR/data=!4m7!3m6!1s0x537d8bd8c2754e4d:0x9ad8ddc064b91c01!8m2!3d49.8458116!4d-119.5693627!16s%2Fg%2F11h0bcl4cf!19sChIJTU51wtiLfVMRARy5ZMDd2Jo?authuser=0&hl=en&g_ep=EgoyMDI2MDgyNi4wIJJjKgBIAVAD&rclk=1
TRUE Consulting,business consulting firm,Kelowna BC,+1 250-828-0881,http://www.true.ca/,info@true.ca,,https://www.google.com/maps/place/TRUE+Consulting/data=!4m7!3m6!1s0x537df4a83f216171:0xa66b4e9822f2e461!8m2!3d49.8655688!4d-119.4900135!16s%2Fg%2F1vn18664!19sChIJcWEhP6j0fVMRYeTyIphOa6Y?authuser=0&hl=en&g_ep=EgoyMDI2MDgyNi4wIJJjKgBIAVAD&rclk=1
Integris Consulting Ltd.,business consulting firm,Kelowna BC,+1 250-575-6474,https://www.integrisco.ca/,ask@integrisco.ca,,https://www.google.com/maps/place/Integris+Consulting+Ltd./data=!4m7!3m6!1s0x537d8df2d455451d:0x4d3b12a892a2cf0e!8m2!3d49.8784795!4d-119.4575528!16s%2Fg%2F11wy2kbwn9!19sChIJHUVV1PKNfVMRDs-ikqgSO00?authuser=0&hl=en&g_ep=EgoyMDI2MDgyNi4wIJJjKgBIAVAD&rclk=1
Apex Business Solutions Inc.,business consulting firm,Kelowna BC,+1 250-980-8805,http://apexbusiness.ca/,matt@pixelspread.com,,https://www.google.com/maps/place/Apex+Business+Solutions+Inc./data=!4m7!3m6!1s0x537df4a77ed38a8f:0xad56bbbaf076d57a!8m2!3d49.8899939!4d-119.4930727!16s%2Fg%2F11bxgb9fv2!19sChIJj4rTfqf0fVMRetV28Lq7Vq0?authuser=0&hl=en&g_ep=EgoyMDI2MDgyNi4wIJJjKgBIAVAD&rclk=1
Mercury Consulting Inc.,business consulting firm,Kelowna BC,+1 250-215-4731,http://www.mercurystructural.com/,info@mercurystructural.com,,https://www.google.com/maps/place/Mercury+Consulting+Inc./data=!4m7!3m6!1s0x537df32252dbed13:0x2b661c5640ec9bf0!8m2!3d49.9165446!4d-119.4450837!16s%2Fg%2F11ty7gwf8n!19sChIJE-3bUiLzfVMR8JvsQFYcZis?authuser=0&hl=en&g_ep=EgoyMDI2MDgyNi4wIJJjKgBIAVAD&rclk=1
Protech Consulting,business consulting firm,Kelowna BC,+1 250-860-1771,https://protech-consulting.com/,info@protech-consulting.com,,https://www.google.com/maps/place/Protech+Consulting/data=!4m7!3m6!1s0x537df5e77df6a591:0x6e12c3291ef5f969!8m2!3d49.8582638!4d-119.4905287!16s%2Fg%2F11q54d944z!19sChIJkaX2fef1fVMRafn1HinDEm4?authuser=0&hl=en&g_ep=EgoyMDI2MDgyNi4wIJJjKgBIAVAD&rclk=1
"Karen Erickson CFP, RRC & Kayla Caruana BBA, CFP, RRC- IG Private Wealth Management",management consulting,Kelowna BC,+1 250-980-0045,https://www.karenandkayla.ca/,ericksoncaruana@igmfinancial.net,95,"https://www.google.com/maps/place/Karen+Erickson+CFP,+RRC+%26+Kayla+Caruana+BBA,+CFP,+RRC-+IG+Private+Wealth+Management/data=!4m7!3m6!1s0x537d8da8b9973c15:0x605f49ad99ec276!8m2!3d49.8799265!4d-119.4621112!16s%2Fg%2F11nx0v74l4!19sChIJFTyXuaiNfVMRdsKe2Zr0BQY?authuser=0&hl=en&g_ep=EgoyMDI2MDgyNi4wIJJjKgBIAVAD&rclk=1"
Kelowna Human Resources,management consulting,Kelowna BC,+1 250-826-6964,http://kelownahr.com/,elizabeth@kelownahr.com,10,https://www.google.com/maps/place/Kelowna+Human+Resources/data=!4m7!3m6!1s0x537d8cb211937ded:0x1ddc233554d86b38!8m2!3d49.8863235!4d-119.4965917!16s%2Fg%2F11bzvzrtrv!19sChIJ7X2TEbKMfVMROGvYVDUj3B0?authuser=0&hl=en&g_ep=EgoyMDI2MDgyNi4wIJJjKgBIAVAD&rclk=1
S&J Management Ltd.,management consulting,Kelowna BC,+1 250-762-5040,https://sjmanagement.ca/,frontdesk@sjmanagement.ca,,https://www.google.com/maps/place/S%26J+Management+Ltd./data=!4m7!3m6!1s0x537df5fdc19ba4c7:0x6c6656fdfd05ec1b!8m2!3d49.8847037!4d-119.4917771!16s%2Fg%2F11gjhfn558!19sChIJx6Sbwf31fVMRG-wF_f1WZmw?authuser=0&hl=en&g_ep=EgoyMDI2MDgyNi4wIJJjKgBIAVAD&rclk=1
MG Immigration & Refugee Consultants of Canada Ltd.,management consulting,Kelowna BC,+1 250-878-7602,http://www.mgimmigrationconsultants.ca/,info@mgimmigrationconsultants.ca,48,https://www.google.com/maps/place/MG+Immigration+%26+Refugee+Consultants+of+Canada+Ltd./data=!4m7!3m6!1s0x537df4af2d4352d7:0x744508161713f666!8m2!3d49.8842602!4d-119.4958819!16s%2Fg%2F11g6blwd8h!19sChIJ11JDLa_0fVMRZvYTFxYIRXQ?authuser=0&hl=en&g_ep=EgoyMDI2MDgyNi4wIJJjKgBIAVAD&rclk=1
Absolute Safety Consulting,management consulting,Kelowna BC,+1 250-878-7906,http://absolutesafetybc.com/,allysha@absolutesafetybc.com,46,https://www.google.com/maps/place/Absolute+Safety+Consulting/data=!4m7!3m6!1s0x537df5a2e9e21159:0xa744a84eec590580!8m2!3d49.8811212!4d-119.4611102!16s%2Fg%2F11tngf_s_z!19sChIJWRHi6aL1fVMRgAVZ7E6oRKc?authuser=0&hl=en&g_ep=EgoyMDI2MDgyNi4wIJJjKgBIAVAD&rclk=1
Epoch Environmental Consulting Thompson-Okanagan,management consulting,Kelowna BC,+1 250-980-6925,http://www.epochenvironmental.ca/,info@epochenvironmental.ca,153,https://www.google.com/maps/place/Epoch+Environmental+Consulting+Thompson-Okanagan/data=!4m7!3m6!1s0x537df57362c83c7f:0x2ba576e8aa3e9cbc!8m2!3d49.8871266!4d-119.4350258!16s%2Fg%2F11s07m8ncx!19sChIJfzzIYnP1fVMRvJw-quh2pSs?authuser=0&hl=en&g_ep=EgoyMDI2MDgyNi4wIJJjKgBIAVAD&rclk=1
Kelowna Short Term Rental Management | Nomadics,management consulting,Kelowna BC,+1 888-913-9314,https://nomadics.ca/property-management/kelowna,invest@nomadics.ca,,https://www.google.com/maps/place/Kelowna+Short+Term+Rental+Management+%7C+Nomadics/data=!4m7!3m6!1s0x537d8b004b998a47:0xed3eb70f2ca01d12!8m2!3d49.8583856!4d-119.4908383!16s%2Fg%2F11z7z_w5bl!19sChIJR4qZSwCLfVMREh2gLA-3Pu0?authuser=0&hl=en&g_ep=EgoyMDI2MDgyNi4wIJJjKgBIAVAD&rclk=1
CWMM Consulting Engineers Ltd,management consulting,Kelowna BC,+1 250-868-2308,http://www.cwmm.com/,engineer@cwmm.com,,https://www.google.com/maps/place/CWMM+Consulting+Engineers+Ltd/data=!4m7!3m6!1s0x537d8cb191b2b269:0x3c1ded3ab1d098e5!8m2!3d49.8799944!4d-119.4589443!16s%2Fg%2F1tfql1p5!19sChIJabKykbGMfVMR5ZjQsTrtHTw?authuser=0&hl=en&g_ep=EgoyMDI2MDgyNi4wIJJjKgBIAVAD&rclk=1
Better Good Agency,B2B marketing consultant,Kelowna BC,,https://bettergood.agency/,hello@nakula.com,26,https://www.google.com/maps/place/Better+Good+Agency/data=!4m7!3m6!1s0x537d8d3fc6b0cd75:0x7c6a13cae8182e43!8m2!3d49.8789748!4d-119.4568592!16s%2Fg%2F11qp33dh_7!19sChIJdc2wxj-NfVMRQy4Y6MoTanw?authuser=0&hl=en&g_ep=EgoyMDI2MDgyNi4wIJJjKgBIAVAD&rclk=1
Brandzl™,B2B marketing consultant,Kelowna BC,+1 604-265-9878,https://www.brandzl.com/,info@brandzl.com,,https://www.google.com/maps/place/Brandzl%E2%84%A2/data=!4m7!3m6!1s0x537df5df4b76a8ab:0xfc1165e30cb370a0!8m2!3d49.8890675!4d-119.4945507!16s%2Fg%2F11mz87s3l1!19sChIJq6h2S9_1fVMRoHCzDONlEfw?authuser=0&hl=en&g_ep=EgoyMDI2MDgyNi4wIJJjKgBIAVAD&rclk=1
BUZZ Marketing,B2B marketing consultant,Kelowna BC,+1 778-760-3929,https://buzzmarketing.ca/,info@buzzmarketing.ca,159,https://www.google.com/maps/place/BUZZ+Marketing/data=!4m7!3m6!1s0x537d8cab28603413:0xab9f91f3e7dcf0d9!8m2!3d49.8879931!4d-119.4931712!16s%2Fg%2F11bwd4hw54!19sChIJEzRgKKuMfVMR2fDc5_ORn6s?authuser=0&hl=en&g_ep=EgoyMDI2MDgyNi4wIJJjKgBIAVAD&rclk=1
MG Digital Marketing Kelowna,B2B marketing consultant,Kelowna BC,+1 780-669-7376,https://www.marketablegrowth.com/kelowna,support@marketablegrowth.com,10,https://www.google.com/maps/place/MG+Digital+Marketing+Kelowna/data=!4m7!3m6!1s0xa52a7d3cb318233d:0x25de4aa0113844da!8m2!3d49.8719805!4d-119.4557369!16s%2Fg%2F11rn31p1k0!19sChIJPSMYszx9KqUR2kQ4EaBK3iU?authuser=0&hl=en&g_ep=EgoyMDI2MDgyNi4wIJJjKgBIAVAD&rclk=1
Kontakt Digital,B2B marketing consultant,Kelowna BC,,https://kontaktdigital.com/,inbox@kontaktdigital.com,17,https://www.google.com/maps/place/Kontakt+Digital/data=!4m7!3m6!1s0x54867186259476cb:0xc0573fe270120553!8m2!3d49.8842602!4d-119.4958819!16s%2Fg%2F11fxb9ydbj!19sChIJy3aUJYZxhlQRUwUScOI_V8A?authuser=0&hl=en&g_ep=EgoyMDI2MDgyNi4wIJJjKgBIAVAD&rclk=1
Sōvyn,B2B marketing consultant,Kelowna BC,+1 203-504-8230,https://www.sovyn.com/,hello@sovyn.com,27,https://www.google.com/maps/place/S%C5%8Dvyn/data=!4m7!3m6!1s0x537df4a606baa7bd:0x3769ed7ae7dacb8c!8m2!3d49.8830897!4d-119.4305782!16s%2Fg%2F11b6_dddwj!19sChIJvae6Bqb0fVMRjMva53rtaTc?authuser=0&hl=en&g_ep=EgoyMDI2MDgyNi4wIJJjKgBIAVAD&rclk=1
Csek Creative,B2B marketing consultant,Kelowna BC,+1 250-862-8010,http://www.csekcreative.com/,info@csekcreative.com,71,https://www.google.com/maps/place/Csek+Creative/data=!4m7!3m6!1s0x537df4a7c486ddcd:0x93c21387e1a90e29!8m2!3d49.8802815!4d-119.4612693!16s%2Fg%2F1thtp87h!19sChIJzd2GxKf0fVMRKQ6p4YcTwpM?authuser=0&hl=en&g_ep=EgoyMDI2MDgyNi4wIJJjKgBIAVAD&rclk=1
Twin Creek Media Inc.,B2B marketing consultant,Kelowna BC,+1 250-762-4001,https://www.twincreekmedia.com/?utm_source=google&utm_medium=organic&utm_campaign=gmb,sales@twincreekmedia.com,54,https://www.google.com/maps/place/Twin+Creek+Media+Inc./data=!4m7!3m6!1s0x537d8cd0787a6599:0xa83b81beef3fe139!8m2!3d49.883796!4d-119.4242622!16s%2Fg%2F1thpwj1r!19sChIJmWV6eNCMfVMROeE_776BO6g?authuser=0&hl=en&g_ep=EgoyMDI2MDgyNi4wIJJjKgBIAVAD&rclk=1
Navigator Multimedia,B2B marketing consultant,Kelowna BC,+1 250-862-9868,https://www.navigator.ca/,hello@navigator.ca,43,https://www.google.com/maps/place/Navigator+Multimedia/data=!4m7!3m6!1s0x537d8cb2663a447b:0x110ceae268694351!8m2!3d49.8891261!4d-119.4940455!16s%2Fg%2F12mkw0dsh!19sChIJe0Q6ZrKMfVMRUUNpaOLqDBE?authuser=0&hl=en&g_ep=EgoyMDI2MDgyNi4wIJJjKgBIAVAD&rclk=1
Lexabi Communications Inc.,B2B marketing consultant,Kelowna BC,+1 250-215-1122,https://www.lexabi.com/,info@lexabi.com,25,https://www.google.com/maps/place/Lexabi+Communications+Inc./data=!4m7!3m6!1s0x537df4af2d5cad0b:0xc62a9d037a1bad35!8m2!3d49.8838621!4d-119.4954249!16s%2Fg%2F11c54c3mhs!19sChIJC61cLa_0fVMRNa0begOdKsY?authuser=0&hl=en&g_ep=EgoyMDI2MDgyNi4wIJJjKgBIAVAD&rclk=1
Untold Branding & Web Design,B2B marketing consultant,Kelowna BC,+1 250-212-8556,https://untoldbranding.com/,hello@untoldbranding.com,22,https://www.google.com/maps/place/Untold+Branding+%26+Web+Design/data=!4m7!3m6!1s0x537df56404d2a033:0x846772f5a3c0dc6e!8m2!3d49.8838362!4d-119.4763475!16s%2Fg%2F11gl2km5qp!19sChIJM6DSBGT1fVMRbtzAo_VyZ4Q?authuser=0&hl=en&g_ep=EgoyMDI2MDgyNi4wIJJjKgBIAVAD&rclk=1
Ecentric Media Inc,B2B marketing consultant,Kelowna BC,+1 250-575-9110,http://www.ecentric.ca/,hello@untoldbranding.com,31,https://www.google.com/maps/place/Ecentric+Media+Inc/data=!4m7!3m6!1s0x537df4a77d44c8d3:0x527fd89d6bc00187!8m2!3d49.8838362!4d-119.4763475!16s%2Fg%2F1vm7b3zb!19sChIJ08hEfaf0fVMRhwHAa53Yf1I?authuser=0&hl=en&g_ep=EgoyMDI2MDgyNi4wIJJjKgBIAVAD&rclk=1
Sayvee,B2B marketing consultant,Kelowna BC,+1 236-361-3609,https://vigilante.marketing/,studio@vigilante.marketing,,https://www.google.com/maps/place/Sayvee/data=!4m7!3m6!1s0x537df354cb0f9f3b:0xc686f210e368c1ca!8m2!3d49.9094612!4d-119.4526648!16s%2Fg%2F1hjh6ynzw!19sChIJO58Py1TzfVMRysFo4xDyhsY?authuser=0&hl=en&g_ep=EgoyMDI2MDgyNi4wIJJjKgBIAVAD&rclk=1
GREEN MARKETING AGENCY,B2B marketing consultant,Kelowna BC,+1 778-716-7775,https://www.greenmarketing.ca/,nate@greenmarketing.ca,20,https://www.google.com/maps/place/GREEN+MARKETING+AGENCY/data=!4m7!3m6!1s0x548673d2e8882007:0x5dbdf65f85a8c221!8m2!3d49.8891387!4d-119.4945039!16s%2Fg%2F11b5pjvf9b!19sChIJByCI6NJzhlQRIcKohV_2vV0?authuser=0&hl=en&g_ep=EgoyMDI2MDgyNi4wIJJjKgBIAVAD&rclk=1
Blimco Marketing Inc,B2B marketing consultant,Kelowna BC,+1 778-821-2384,https://blimco.ca/,kaitlyn@blimco.ca,,https://www.google.com/maps/place/Blimco+Marketing+Inc/data=!4m7!3m6!1s0x537d8c427a9569e9:0xb284d71cd1c6891d!8m2!3d49.8846968!4d-119.484375!16s%2Fg%2F11ddx8kttc!19sChIJ6WmVekKMfVMRHYnG0RzXhLI?authuser=0&hl=en&g_ep=EgoyMDI2MDgyNi4wIJJjKgBIAVAD&rclk=1
42 Works,B2B marketing consultant,Kelowna BC,+1 778-900-5007,https://42works.co/,h@42works.co,,https://www.google.com/maps/place/42+Works/data=!4m7!3m6!1s0x537d8d718e69ed5d:0xe9e2cc43acfd5732!8m2!3d49.8796867!4d-119.4440757!16s%2Fg%2F11khk3w9xt!19sChIJXe1pjnGNfVMRMlf9rEPM4uk?authuser=0&hl=en&g_ep=EgoyMDI2MDgyNi4wIJJjKgBIAVAD&rclk=1
Fetch & Ripple Marketing,B2B marketing consultant,Kelowna BC,+1 250-808-9410,http://www.fetchandripple.com/,info@fetchandripple.com,,https://www.google.com/maps/place/Fetch+%26+Ripple+Marketing/data=!4m7!3m6!1s0x537ded84dfe1eb47:0x2d1e5eb459e64dd!8m2!3d49.8996925!4d-119.4547796!16s%2Fg%2F11c20bnwjq!19sChIJR-vh34TtfVMR3WSeRevl0QI?authuser=0&hl=en&g_ep=EgoyMDI2MDgyNi4wIJJjKgBIAVAD&rclk=1
OmniMetrics,B2B marketing consultant,Kelowna BC,+1 250-317-4920,https://omnimetrics.ca/,letstalk@omnimetrics.ca,,https://www.google.com/maps/place/OmniMetrics/data=!4m7!3m6!1s0x537df305655f0d77:0xc9f7c26b4474faca!8m2!3d49.9187969!4d-119.4674821!16s%2Fg%2F11bvt3w_5h!19sChIJdw1fZQXzfVMRyvp0RGvC98k?authuser=0&hl=en&g_ep=EgoyMDI2MDgyNi4wIJJjKgBIAVAD&rclk=1
New vision concept,B2B marketing consultant,Kelowna BC,+1 250-800-1714,https://www.newvisionconcept.com/,info@newvisionconcept.com,,https://www.google.com/maps/place/New+vision+concept/data=!4m7!3m6!1s0x4cc9059cc0f50847:0xa11c66605ca45f5a!8m2!3d49.884315!4d-119.4959044!16s%2Fg%2F11j7bznctj!19sChIJRwj1wJwFyUwRWl-kXGBmHKE?authuser=0&hl=en&g_ep=EgoyMDI2MDgyNi4wIJJjKgBIAVAD&rclk=1
Hot Marketing Inc.,B2B marketing consultant,Kelowna BC,+1 800-930-9714,https://hotmarketinginc.com/,help@hotmarketinginc.comaddress,,https://www.google.com/maps/place/Hot+Marketing+Inc./data=!4m7!3m6!1s0x537df377f2eaa51b:0xa08dea66721937a!8m2!3d49.8875344!4d-119.4336707!16s%2Fg%2F11f713wg2p!19sChIJG6Xq8nfzfVMRepMhZ6beCAo?authuser=0&hl=en&g_ep=EgoyMDI2MDgyNi4wIJJjKgBIAVAD&rclk=1
Aw8ken Media - Kelowna Website Design & SEO,B2B marketing consultant,Kelowna BC,+1 250-470-7385,https://aw8kenmedia.com/?utm_source=google&utm_medium=organic&utm_campaign=gbp,matt@aw8kenmedia.com,25,https://www.google.com/maps/place/Aw8ken+Media+-+Kelowna+Website+Design+%26+SEO/data=!4m7!3m6!1s0x21839baab5c07301:0x2d6514559d3a0460!8m2!3d49.9014079!4d-119.488166!16s%2Fg%2F11tx24qb7x!19sChIJAXPAtaqbgyERYAQ6nVUUZS0?authuser=0&hl=en&g_ep=EgoyMDI2MDgyNi4wIJJjKgBIAVAD&rclk=1
Journey Better Business Group Inc,B2B consultant,Barrie ON,+1 646-631-5432,https://www.jbbgi.com/,info@jbbgi.com,,https://www.google.com/maps/place/Journey+Better+Business+Group+Inc/data=!4m7!3m6!1s0x882aa33e74eefb01:0xc03dc28b517d924f!8m2!3d44.3707324!4d-79.6692416!16s%2Fg%2F11syc5hmz0!19sChIJAfvudD6jKogRT5J9UYvCPcA?authuser=0&hl=en&g_ep=EgoyMDI2MDgyNi4wIJJjKgBIAVAD&rclk=1
Social Elevate,B2B consultant,Barrie ON,+1 647-267-8775,https://www.socialelevate.ca/,socialelevatestudio@gmail.com,,https://www.google.com/maps/place/Social+Elevate/data=!4m7!3m6!1s0x882aa3e0c6d47ffd:0xa94ec2b86977d87f!8m2!3d44.3905361!4d-79.6890212!16s%2Fg%2F11wn3ys4nf!19sChIJ_X_UxuCjKogRf9h3abjCTqk?authuser=0&hl=en&g_ep=EgoyMDI2MDgyNi4wIJJjKgBIAVAD&rclk=1
"Small Business Centre of Barrie, Simcoe County and Orillia",B2B consultant,Barrie ON,+1 705-720-2445,https://barriebusinesscentre.ca/,smallbusiness@barrie.ca,,"https://www.google.com/maps/place/Small+Business+Centre+of+Barrie,+Simcoe+County+and+Orillia/data=!4m7!3m6!1s0x882aa31b339cf9a5:0x7cd40aaaf83e7155!8m2!3d44.3878799!4d-79.6907007!16s%2Fg%2F11h6lr8gcf!19sChIJpfmcMxujKogRVXE--KoK1Hw?authuser=0&hl=en&g_ep=EgoyMDI2MDgyNi4wIJJjKgBIAVAD&rclk=1"
Powell Jones LLP,B2B consultant,Barrie ON,+1 705-728-7461,https://www.powelljones.ca/,info@powelljones.ca,,https://www.google.com/maps/place/Powell+Jones+LLP/data=!4m7!3m6!1s0x882abd2636f2a091:0x134e655a85e0166!8m2!3d44.3748752!4d-79.698112!16s%2Fg%2F1tcwxbsb!19sChIJkaDyNia9KogRZgFeqFXmNAE?authuser=0&hl=en&g_ep=EgoyMDI2MDgyNi4wIJJjKgBIAVAD&rclk=1
Dynamic Enterprises Ltd.,B2B consultant,Barrie ON,+1 877-235-8490,http://www.dynamicenterprises.ca/,info@dynamicenterprises.ca,,https://www.google.com/maps/place/Dynamic+Enterprises+Ltd./data=!4m7!3m6!1s0x882aa16ceaa2231f:0xc78dab4786a3eb44!8m2!3d44.4814995!4d-79.6602434!16s%2Fg%2F1tffdty5!19sChIJHyOi6myhKogRROujhkerjcc?authuser=0&hl=en&g_ep=EgoyMDI2MDgyNi4wIJJjKgBIAVAD&rclk=1
SocialSquared,B2B consultant,Barrie ON,+1 705-716-0937,https://www.socialsquared.ca/,info@socialsquared.ca,35,https://www.google.com/maps/place/SocialSquared/data=!4m7!3m6!1s0x882abb905666dfe3:0x8194679238fa6a89!8m2!3d62.6573279!4d-95.989235!16s%2Fg%2F11fl7q6_94!19sChIJ499mVpC7KogRiWr6OJJnlIE?authuser=0&hl=en&g_ep=EgoyMDI2MDgyNi4wIJJjKgBIAVAD&rclk=1
Pavliks Cyber Security & IT Services,B2B consultant,Barrie ON,+1 705-726-2966,http://www.pavliks.com/,sales@pavliks.com,16,https://www.google.com/maps/place/Pavliks+Cyber+Security+%26+IT+Services/data=!4m7!3m6!1s0x882aa31a201d9f87:0xee8c1aab4c706fc4!8m2!3d44.4095277!4d-79.6776752!16s%2Fg%2F1tyzzm8q!19sChIJh58dIBqjKogRxG9wTKsajO4?authuser=0&hl=en&g_ep=EgoyMDI2MDgyNi4wIJJjKgBIAVAD&rclk=1
The Brit Agency,B2B consultant,Barrie ON,+1 705-797-2121,https://www.thebritagency.com/,david@thebritagency.com,,https://www.google.com/maps/place/The+Brit+Agency/data=!4m7!3m6!1s0x21b6b9f108af11b5:0xa87d26150a547ebd!8m2!3d51.2072!4d-121.9883!16s%2Fg%2F11t86nswxs!19sChIJtRGvCPG5tiERvX5UChUmfag?authuser=0&hl=en&g_ep=EgoyMDI2MDgyNi4wIJJjKgBIAVAD&rclk=1
Altis Consulting Group,business consulting firm,Barrie ON,+1 705-881-4104,https://www.altisconsultinggroup.ca/,info@altisconsultinggroup.ca,,https://www.google.com/maps/place/Altis+Consulting+Group/data=!4m7!3m6!1s0x882aa30a75ceca17:0x2b843625e7191a06!8m2!3d44.3930648!4d-79.693001!16s%2Fg%2F11z95dngyv!19sChIJF8rOdQqjKogRBhoZ5yU2hCs?authuser=0&hl=en&g_ep=EgoyMDI2MDgyNi4wIJJjKgBIAVAD&rclk=1
Tradewinds Group Inc.,business consulting firm,Barrie ON,+1 705-881-9095 ext. 203,https://tradewindsgroup.ca/,cher@tradewindsgroup.ca,,https://www.google.com/maps/place/Tradewinds+Group+Inc./data=!4m7!3m6!1s0x882abd0e55204781:0x3e04df9747cd49f9!8m2!3d44.3817778!4d-79.714188!16s%2Fg%2F11w9gshvj_!19sChIJgUcgVQ69KogR-UnNR5ffBD4?authuser=0&hl=en&g_ep=EgoyMDI2MDgyNi4wIJJjKgBIAVAD&rclk=1
Mansard Consulting Labs,business consulting firm,Barrie ON,+1 416-841-9525,https://www.mansardlabs.ca/,info@mansardlabs.ca,,https://www.google.com/maps/place/Mansard+Consulting+Labs/data=!4m7!3m6!1s0x23dce6e467bd99a1:0xfb09dc984f56a0b8!8m2!3d43.9101!4d-79.5417226!16s%2Fg%2F11xghd1_4w!19sChIJoZm9Z-Tm3CMRuKBWT5jcCfs?authuser=0&hl=en&g_ep=EgoyMDI2MDgyNi4wIJJjKgBIAVAD&rclk=1
Ainley Group,business consulting firm,Barrie ON,+1 705-726-3371,https://www.ainleygroup.com/,barrie@ainleygroup.com,,https://www.google.com/maps/place/Ainley+Group/data=!4m7!3m6!1s0x882abc60d470e3c9:0x53a17c90bc670aab!8m2!3d44.3413739!4d-79.670811!16s%2Fg%2F1tf7bqqy!19sChIJyeNw1GC8KogRqwpnvJB8oVM?authuser=0&hl=en&g_ep=EgoyMDI2MDgyNi4wIJJjKgBIAVAD&rclk=1
Resource Management Consulting Group,business consulting firm,Barrie ON,+1 705-737-3910,https://rmcg.ca/contact.php,contact@rmcg.ca,,https://www.google.com/maps/place/Resource+Management+Consulting+Group/data=!4m7!3m6!1s0x882aa2c7004c0001:0x8c895de16ed20834!8m2!3d44.3983434!4d-79.7148564!16s%2Fg%2F11pc7d4rds!19sChIJAQBMAMeiKogRNAjSbuFdiYw?authuser=0&hl=en&g_ep=EgoyMDI2MDgyNi4wIJJjKgBIAVAD&rclk=1
Elyse Berendson & Co.,business consulting firm,Barrie ON,+1 705-309-1222,https://stan.store/elyseberendson,thesoulfulcollectiveco@gmail.com,22,https://www.google.com/maps/place/Elyse+Berendson+%26+Co./data=!4m7!3m6!1s0x4d2aa9753cef36b3:0xe9ac8f3eb4d76cd7!8m2!3d44.3861916!4d-79.6962895!16s%2Fg%2F11ldqy_4sf!19sChIJszbvPHWpKk0R12zXtD6PrOk?authuser=0&hl=en&g_ep=EgoyMDI2MDgyNi4wIJJjKgBIAVAD&rclk=1
Business Solutions,business consulting firm,Barrie ON,+1 705-725-0336,http://www.businesssolutionsbarrie.com/,debra@businesssolutionsbarrie.com,155,https://www.google.com/maps/place/Business+Solutions/data=!4m7!3m6!1s0x882abc469b56bc61:0xaf9c44f31230bad7!8m2!3d44.3624523!4d-79.6470168!16s%2Fg%2F124ssr6fx!19sChIJYbxWm0a8KogR17owEvNEnK8?authuser=0&hl=en&g_ep=EgoyMDI2MDgyNi4wIJJjKgBIAVAD&rclk=1
GLG Immigration Consulting Services,business consulting firm,Barrie ON,+1 514-947-3026,https://www.glgimmigration.com/,info@glgimmigration.com,49,https://www.google.com/maps/place/GLG+Immigration+Consulting+Services/data=!4m7!3m6!1s0x882abdab9476101f:0x4733dd92758ebc3d!8m2!3d44.3384887!4d-79.6971267!16s%2Fg%2F11jfkf69sg!19sChIJHxB2lKu9KogRPbyOdZLdM0c?authuser=0&hl=en&g_ep=EgoyMDI2MDgyNi4wIJJjKgBIAVAD&rclk=1
Padgett Business Services of Barrie,business consulting firm,Barrie ON,+1 705-739-7115,https://barrie.smallbizpros.ca/,henry@padgettbarrie.ca,,https://www.google.com/maps/place/Padgett+Business+Services+of+Barrie/data=!4m7!3m6!1s0x882aa32e304c62ed:0xb8338a3e9d5f350b!8m2!3d44.3902458!4d-79.6846327!16s%2Fg%2F1td7cs9c!19sChIJ7WJMMC6jKogRCzVfnT6KM7g?authuser=0&hl=en&g_ep=EgoyMDI2MDgyNi4wIJJjKgBIAVAD&rclk=1
Greater Barrie Business Enterprise Centre,business consulting firm,Barrie ON,+1 705-720-2445,http://www.barriebusinesscentre.ca/,smallbusiness@barrie.ca,,https://www.google.com/maps/place/Greater+Barrie+Business+Enterprise+Centre/data=!4m7!3m6!1s0x882aa32beb23a143:0xc8d9dee85d073ed6!8m2!3d44.390996!4d-79.686395!16s%2Fg%2F1tvw5kcx!19sChIJQ6Ej6yujKogR1j4HXeje2cg?authuser=0&hl=en&g_ep=EgoyMDI2MDgyNi4wIJJjKgBIAVAD&rclk=1
Cambium Inc.,business consulting firm,Barrie ON,+1 705-719-0700,https://cambium-inc.com/,john.desbiens@cambium-inc.com,,https://www.google.com/maps/place/Cambium+Inc./data=!4m7!3m6!1s0x882abd338a14883d:0xd1731cfdbbd51a9!8m2!3d44.385465!4d-79.6931385!16s%2Fg%2F11b6g7nd_5!19sChIJPYgUijO9KogRqVG9288xFw0?authuser=0&hl=en&g_ep=EgoyMDI2MDgyNi4wIJJjKgBIAVAD&rclk=1
AVA Accounting and Bookkeeping Services,business consulting firm,Barrie ON,+1 647-927-0278,https://www.facebook.com/profile.php?id=100078813850100,info.avaservices@gmail.com,22,https://www.google.com/maps/place/AVA+Accounting+and+Bookkeeping+Services/data=!4m7!3m6!1s0x882aa3eff7dd30b9:0xf048599e65f71bc9!8m2!3d44.3946415!4d-79.6981522!16s%2Fg%2F11m5j0673m!19sChIJuTDd9--jKogRyRv3ZZ5ZSPA?authuser=0&hl=en&g_ep=EgoyMDI2MDgyNi4wIJJjKgBIAVAD&rclk=1
Business Services Unlimited,business consulting firm,Barrie ON,+1 705-726-7261,http://www.bsu.ca/,admin@bsu.ca,,https://www.google.com/maps/place/Business+Services+Unlimited/data=!4m7!3m6!1s0x882aa31222e61401:0x1d66f91db552fbb5!8m2!3d44.4096573!4d-79.6775089!16s%2Fg%2F1tk_pxck!19sChIJARTmIhKjKogRtftStR35Zh0?authuser=0&hl=en&g_ep=EgoyMDI2MDgyNi4wIJJjKgBIAVAD&rclk=1
Podium Prosperity Group,business consulting firm,Barrie ON,+1 705-915-0200,http://podiumprosperity.com/,wealth@podiumprosperity.com,22,https://www.google.com/maps/place/Podium+Prosperity+Group/data=!4m7!3m6!1s0x882aa32ea34cbbd1:0x82dea711e6833bf8!8m2!3d44.3817778!4d-79.714188!16s%2Fg%2F11gf9fwpjy!19sChIJ0btMoy6jKogR-DuD5hGn3oI?authuser=0&hl=en&g_ep=EgoyMDI2MDgyNi4wIJJjKgBIAVAD&rclk=1
Wallwin Business Applications,business consulting firm,Barrie ON,+1 888-217-1049,https://wallwinbusinessapplications.com/,info@wallwinba.com,,https://www.google.com/maps/place/Wallwin+Business+Applications/data=!4m7!3m6!1s0x246dfe9772700593:0x2f8028173badcc74!8m2!3d44.3817815!4d-79.6978934!16s%2Fg%2F11y3yq1j85!19sChIJkwVwcpf-bSQRdMytOxcogC8?authuser=0&hl=en&g_ep=EgoyMDI2MDgyNi4wIJJjKgBIAVAD&rclk=1
GRANT MATTHEWS,business consulting firm,Barrie ON,+1 705-795-2222,http://gmatthews.ca/,grant@matthews.pro,,https://www.google.com/maps/place/GRANT+MATTHEWS/data=!4m7!3m6!1s0x882abd1242cd68df:0x25d52a53fb319fe0!8m2!3d44.3597031!4d-79.714023!16s%2Fg%2F11h1zqqjk8!19sChIJ32jNQhK9KogR4J8x-1Mq1SU?authuser=0&hl=en&g_ep=EgoyMDI2MDgyNi4wIJJjKgBIAVAD&rclk=1
HR Performance & Results,business consulting firm,Barrie ON,+1 705-719-7962,http://www.hrpar.ca/,janice@hrpar.ca,22,https://www.google.com/maps/place/HR+Performance+%26+Results/data=!4m7!3m6!1s0x882abc5f23d0e23f:0x65e6ba999d3ceb0b!8m2!3d44.4078815!4d-79.6901268!16s%2Fg%2F1tdyrdy1!19sChIJP-LQI1-8KogRC-s8nZm65mU?authuser=0&hl=en&g_ep=EgoyMDI2MDgyNi4wIJJjKgBIAVAD&rclk=1
NewNest Solutions Inc,management consulting,Barrie ON,+1 647-907-0424,https://www.newnests.ca/,newnestsolutionsinc@gmail.com,11,https://www.google.com/maps/place/NewNest+Solutions+Inc/data=!4m7!3m6!1s0x5c90907689e6e75:0xe50e0f05fadcd6e7!8m2!3d44.4102471!4d-79.6545257!16s%2Fg%2F11nq33bfdv!19sChIJdW6eaAcJyQUR59bc-gUPDuU?authuser=0&hl=en&g_ep=EgoyMDI2MDgyNi4wIJJjKgBIAVAD&rclk=1
"Birks Natural Heritage Consultants, Inc.",management consulting,Barrie ON,+1 705-790-1285,http://birksnhc.ca/,info@birksnhc.ca,,"https://www.google.com/maps/place/Birks+Natural+Heritage+Consultants,+Inc./data=!4m7!3m6!1s0x882abcbdf1d00007:0x6698ad2f97e49837!8m2!3d44.3638822!4d-79.6661955!16s%2Fg%2F11h0msy_x7!19sChIJBwDQ8b28KogRN5jkly-tmGY?authuser=0&hl=en&g_ep=EgoyMDI2MDgyNi4wIJJjKgBIAVAD&rclk=1"
ECC VISA Immigration services Inc. (Barrie),management consulting,Barrie ON,+1 647-978-8605,http://www.eccvisa.com/,info@eccvisa.com,121,https://www.google.com/maps/place/ECC+VISA+Immigration+services+Inc.+%28Barrie%29/data=!4m7!3m6!1s0x882aa3129c751c83:0x880e452d516d8fc8!8m2!3d44.3706032!4d-79.6692924!16s%2Fg%2F11rsq89946!19sChIJgxx1nBKjKogRyI9tUS1FDog?authuser=0&hl=en&g_ep=EgoyMDI2MDgyNi4wIJJjKgBIAVAD&rclk=1
LKP IMMIGRATION SERVICES,management consulting,Barrie ON,+1 647-677-5606,https://www.lkpimmigration.com/,lkpankaj@lkpimmigration.com,22,https://www.google.com/maps/place/LKP+IMMIGRATION+SERVICES/data=!4m7!3m6!1s0x882abd6c7ee36023:0xea84031ee45d1c64!8m2!3d44.3709636!4d-79.6697034!16s%2Fg%2F11y4n80g50!19sChIJI2Djfmy9KogRZBxd5B4DhOo?authuser=0&hl=en&g_ep=EgoyMDI2MDgyNi4wIJJjKgBIAVAD&rclk=1
Thinking Cap Consulting,management consulting,Barrie ON,+1 705-792-9981,http://thinkingcapconsulting.com/,spotthedog@rogers.com,,https://www.google.com/maps/place/Thinking+Cap+Consulting/data=!4m7!3m6!1s0x882aa2cc29b3ffff:0xbea451be15ca4000!8m2!3d44.3906256!4d-79.7096859!16s%2Fg%2F11h5sx2xjg!19sChIJ__-zKcyiKogRAEDKFb5RpL4?authuser=0&hl=en&g_ep=EgoyMDI2MDgyNi4wIJJjKgBIAVAD&rclk=1
Josan Immigration Consultancy,management consulting,Barrie ON,+1 705-970-4874,https://josanimmigration.com/,info@josanimmigration.com,192,https://www.google.com/maps/place/Josan+Immigration+Consultancy/data=!4m7!3m6!1s0x882aa33c547581ef:0x6bb6acd9d22004f0!8m2!3d44.4024996!4d-79.70082!16s%2Fg%2F11schl8w6v!19sChIJ74F1VDyjKogR8AQg0tmstms?authuser=0&hl=en&g_ep=EgoyMDI2MDgyNi4wIJJjKgBIAVAD&rclk=1
Canadian Institute of Management,management consulting,Barrie ON,+1 705-725-8926,http://www.cim.ca/,office@cim.ca,,https://www.google.com/maps/place/Canadian+Institute+of+Management/data=!4m7!3m6!1s0x882abd2abd52cd83:0x29b7ec0a7aace66!8m2!3d44.3836561!4d-79.6958124!16s%2Fg%2F11b5wl0y05!19sChIJg81SvSq9KogRZs6qp8B-mwI?authuser=0&hl=en&g_ep=EgoyMDI2MDgyNi4wIJJjKgBIAVAD&rclk=1
Nexim Healthcare Consultants Inc.,management consulting,Barrie ON,+1 705-792-6996,http://neximcare.ca/,orders@neximcare.ca,,https://www.google.com/maps/place/Nexim+Healthcare+Consultants+Inc./data=!4m7!3m6!1s0x882abd3f7ed74adb:0x53cb220a4d200f50!8m2!3d44.3898663!4d-79.6932888!16s%2Fg%2F11fd6h3zz8!19sChIJ20rXfj-9KogRUA8gTQoiy1M?authuser=0&hl=en&g_ep=EgoyMDI2MDgyNi4wIJJjKgBIAVAD&rclk=1
Canadore Immigration,management consulting,Barrie ON,+1 705-881-7110,https://www.canadoreimmigration.com/,info@canadoreimmigration.com,77,https://www.google.com/maps/place/Canadore+Immigration/data=!4m7!3m6!1s0x882abdaaa6581b95:0xc12b1764407e2940!8m2!3d44.377053!4d-79.6969914!16s%2Fg%2F11x6p9tsjh!19sChIJlRtYpqq9KogRQCl-QGQXK8E?authuser=0&hl=en&g_ep=EgoyMDI2MDgyNi4wIJJjKgBIAVAD&rclk=1
BLITZ Business Success,B2B sales consultant,Barrie ON,+1 705-719-5661,http://www.blitzbusinesssuccess.com/,barb@blitzbusinesssuccess.com,,https://www.google.com/maps/place/BLITZ+Business+Success/data=!4m7!3m6!1s0x882abdad6482492b:0xa3ae9f5834835420!8m2!3d44.3680579!4d-79.7175517!16s%2Fg%2F113k0y11j!19sChIJK0mCZK29KogRIFSDNFifrqM?authuser=0&hl=en&g_ep=EgoyMDI2MDgyNi4wIJJjKgBIAVAD&rclk=1
3SIXTY Marketing Solutions,B2B sales consultant,Barrie ON,+1 705-710-2204,http://www.3sixtymarketingsolutions.com/,info@3sixtymarketingsolutions.com,15,https://www.google.com/maps/place/3SIXTY+Marketing+Solutions/data=!4m7!3m6!1s0x882abcb90e0ef175:0xfacfca819f5418d4!8m2!3d44.3235706!4d-79.690669!16s%2Fg%2F11b6h_f4rg!19sChIJdfEODrm8KogR1BhUn4HKz_o?authuser=0&hl=en&g_ep=EgoyMDI2MDgyNi4wIJJjKgBIAVAD&rclk=1
Barrie,B2B sales consultant,Barrie ON,+1 647-807-7039,http://becomevisible.ca/,info@becomevisible.ca,,https://www.google.com/maps/place/Barrie/data=!4m7!3m6!1s0x882abdad64955555:0xb483bdc92d3908f6!8m2!3d44.3384887!4d-79.6971267!16s%2Fg%2F11y4vp2mf4!19sChIJVVWVZK29KogR9gg5Lcm9g7Q?authuser=0&hl=en&g_ep=EgoyMDI2MDgyNi4wIJJjKgBIAVAD&rclk=1
B4 Networks Inc. - Simcoe County IT Services,B2B sales consultant,Barrie ON,+1 705-885-0993,https://www.b4networks.ca/barrie/,help@b4networks.ca,,https://www.google.com/maps/place/B4+Networks+Inc.+-+Simcoe+County+IT+Services/data=!4m7!3m6!1s0x882aa3792c04ebc3:0xd994998d530d015b!8m2!3d44.415924!4d-79.6561465!16s%2Fg%2F11kprj7p45!19sChIJw-sELHmjKogRWwENU42ZlNk?authuser=0&hl=en&g_ep=EgoyMDI2MDgyNi4wIJJjKgBIAVAD&rclk=1
Bolder Future Marketing,B2B sales consultant,Barrie ON,+1 647-524-4521,https://www.bolderfuture.com/,shane@shane.marketing,,https://www.google.com/maps/place/Bolder+Future+Marketing/data=!4m7!3m6!1s0xa93c6e4ea2e3153f:0xe222754b24d48478!8m2!3d44.641786!4d-79.5277024!16s%2Fg%2F11v18yc3z3!19sChIJPxXjok5uPKkReITUJEt1IuI?authuser=0&hl=en&g_ep=EgoyMDI2MDgyNi4wIJJjKgBIAVAD&rclk=1
3B Solutions - Video and Media Production,B2B sales consultant,Barrie ON,+1 416-996-2786,http://www.3bsolutions.ca/,john@3bsolutions.ca,,https://www.google.com/maps/place/3B+Solutions+-+Video+and+Media+Production/data=!4m7!3m6!1s0x882abcdf331dc0bd:0x5a3794982d009673!8m2!3d44.3706015!4d-79.6934129!16s%2Fg%2F1hc45rm05!19sChIJvcAdM9-8KogRc5YALZiUN1o?authuser=0&hl=en&g_ep=EgoyMDI2MDgyNi4wIJJjKgBIAVAD&rclk=1
"Certtech Web Solutions - Web Design, SEO & Digital Marketing Services",B2B marketing consultant,Barrie ON,+1 888-218-9088,https://certtechweb.com/,info@certtechweb.com,26,"https://www.google.com/maps/place/Certtech+Web+Solutions+-+Web+Design,+SEO+%26+Digital+Marketing+Services/data=!4m7!3m6!1s0x882abdc1f8f5aa31:0x6308370f8a2c03c3!8m2!3d44.3649407!4d-79.6778151!16s%2Fg%2F11pwqktc58!19sChIJMar1-MG9KogRwwMsig83CGM?authuser=0&hl=en&g_ep=EgoyMDI2MDgyNi4wIJJjKgBIAVAD&rclk=1"
QAFree Digital Marketing,B2B marketing consultant,Barrie ON,+1 647-978-1351,https://qafree.com/,info@qafree.com,10,https://www.google.com/maps/place/QAFree+Digital+Marketing/data=!4m7!3m6!1s0x882abd5b92a8a85d:0x168f8782603f1d3f!8m2!3d44.3572761!4d-79.7231176!16s%2Fg%2F11rs2kypg3!19sChIJXaioklu9KogRPx0_YIKHjxY?authuser=0&hl=en&g_ep=EgoyMDI2MDgyNi4wIJJjKgBIAVAD&rclk=1
Adapt Branding and Business Solutions,B2B marketing consultant,Barrie ON,+1 705-315-1007,https://adaptbranding.ca/,admin@adaptbranding.ca,11,https://www.google.com/maps/place/Adapt+Branding+and+Business+Solutions/data=!4m7!3m6!1s0xa9061f695a73ac0f:0x5f5bf3fe49d3dbeb!8m2!3d44.352742!4d-79.7175066!16s%2Fg%2F11xctprgm0!19sChIJD6xzWmkfBqkR69vTSf7zW18?authuser=0&hl=en&g_ep=EgoyMDI2MDgyNi4wIJJjKgBIAVAD&rclk=1
Heavy Ads Agency,B2B marketing consultant,Barrie ON,+1 705-300-5468,https://www.heavyadsagency.com/,curt@heavyads.ca,53,https://www.google.com/maps/place/Heavy+Ads+Agency/data=!4m7!3m6!1s0xa834edee153df67:0xfc80ef44c39a3862!8m2!3d44.4161061!4d-79.6856014!16s%2Fg%2F11rwlf_tvq!19sChIJZ99T4d5OgwoRYjiaw0TvgPw?authuser=0&hl=en&g_ep=EgoyMDI2MDgyNi4wIJJjKgBIAVAD&rclk=1
Firestoak Strategies,B2B marketing consultant,Barrie ON,+1 705-727-5726,https://firestoaks.ca/,admin@firestoaks.ca,30,https://www.google.com/maps/place/Firestoak+Strategies/data=!4m7!3m6!1s0x845db2bc2c26a9d9:0xb69cb85b7f59afa5!8m2!3d44.3849368!4d-79.7006626!16s%2Fg%2F11wv0pg932!19sChIJ2akmLLyyXYQRpa9Zf1u4nLY?authuser=0&hl=en&g_ep=EgoyMDI2MDgyNi4wIJJjKgBIAVAD&rclk=1
Think Forward Media,B2B marketing consultant,Barrie ON,+1 705-302-5156,https://www.thinkforwardmedia.com/,info@madhub.com,16,https://www.google.com/maps/place/Think+Forward+Media/data=!4m7!3m6!1s0x882abb5d466c045d:0x38f43c6e51afdcb!8m2!3d44.3811005!4d-79.6913402!16s%2Fg%2F124ss932c!19sChIJXQRsRl27KogRy_0a5cZDjwM?authuser=0&hl=en&g_ep=EgoyMDI2MDgyNi4wIJJjKgBIAVAD&rclk=1
Setlist Marketing,B2B marketing consultant,Barrie ON,+1 613-552-7379,http://www.setlistmarketing.ca/?utm_source=google&utm_medium=local&utm_campaign=gmb,inquire@setlistmarketing.ca,,https://www.google.com/maps/place/Setlist+Marketing/data=!4m7!3m6!1s0x882abdb9e333e3e3:0x355460c569fe3e88!8m2!3d44.3793013!4d-79.6973172!16s%2Fg%2F11h8fb50t5!19sChIJ4-Mz47m9KogRiD7-acVgVDU?authuser=0&hl=en&g_ep=EgoyMDI2MDgyNi4wIJJjKgBIAVAD&rclk=1
Gooder Marketing Inc.,B2B marketing consultant,Barrie ON,+1 705-229-2571,http://goodermarketing.com/,info@goodermarketing.com,15,https://www.google.com/maps/place/Gooder+Marketing+Inc./data=!4m7!3m6!1s0x882aa296f558c2d1:0xf465a30873f58bd1!8m2!3d44.4079016!4d-79.7310323!16s%2Fg%2F11cjhml86k!19sChIJ0cJY9ZaiKogR0Yv1cwijZfQ?authuser=0&hl=en&g_ep=EgoyMDI2MDgyNi4wIJJjKgBIAVAD&rclk=1
Assisting You Social (Barrie),B2B marketing consultant,Barrie ON,+1 705-300-5565,http://www.assistingyou.ca/,jim@assistingyou.ca,26,https://www.google.com/maps/place/Assisting+You+Social+%28Barrie%29/data=!4m7!3m6!1s0x882aa2d8083dcd1f:0xde21210ca11c02b8!8m2!3d44.3959521!4d-79.6960637!16s%2Fg%2F11f3jc_30d!19sChIJH809CNiiKogRuAIcoQwhId4?authuser=0&hl=en&g_ep=EgoyMDI2MDgyNi4wIJJjKgBIAVAD&rclk=1
SEO Link Firm,B2B marketing consultant,Barrie ON,,http://seolinkfirm.com/,contact@seolinkfirm.com,,https://www.google.com/maps/place/SEO+Link+Firm/data=!4m7!3m6!1s0x882abdf672977af7:0x53a9f475eaa1cef9!8m2!3d44.3735858!4d-79.6937376!16s%2Fg%2F11wwz9_1px!19sChIJ93qXcva9KogR-c6h6nX0qVM?authuser=0&hl=en&g_ep=EgoyMDI2MDgyNi4wIJJjKgBIAVAD&rclk=1
Admiral Creative,B2B marketing consultant,Barrie ON,+1 866-312-9692,https://admiralcreative.ca/,info@admiralcreative.ca,,https://www.google.com/maps/place/Admiral+Creative/data=!4m7!3m6!1s0x882abdaffd40af01:0x5c65cd3ccccf783!8m2!3d44.3237232!4d-79.6920883!16s%2Fg%2F11ngl33gdb!19sChIJAa9A_a-9KogRg_fMzNNcxgU?authuser=0&hl=en&g_ep=EgoyMDI2MDgyNi4wIJJjKgBIAVAD&rclk=1
Sprites Media Digital Marketing,B2B marketing consultant,Barrie ON,+1 705-770-0033,https://spritesmedia.com/,spritesmedia@gmail.com,,https://www.google.com/maps/place/Sprites+Media+Digital+Marketing/data=!4m7!3m6!1s0x2eeecf716eca4a1d:0x4ec9a3dcbbbcc51b!8m2!3d43.952974!4d-79.4622035!16s%2Fg%2F11v67njb6p!19sChIJHUrKbnHP7i4RG8W8u9yjyU4?authuser=0&hl=en&g_ep=EgoyMDI2MDgyNi4wIJJjKgBIAVAD&rclk=1
MAKE Digital Inc,B2B marketing consultant,Barrie ON,+1 647-699-5211,https://makedigital.ca/,info@makedigital.ca,,https://www.google.com/maps/place/MAKE+Digital+Inc/data=!4m7!3m6!1s0x882aa32eea4f90ef:0xb02d7fd5ba6aabc5!8m2!3d44.3901934!4d-79.6897128!16s%2Fg%2F11s8b6kk8d!19sChIJ75BP6i6jKogRxatqutV_LbA?authuser=0&hl=en&g_ep=EgoyMDI2MDgyNi4wIJJjKgBIAVAD&rclk=1
Synergie360,B2B consultant,Sherbrooke QC,+1 514-943-0016,https://www.synergie360.ca/,hello@relume.io,,https://www.google.com/maps/place/Synergie360/data=!4m7!3m6!1s0xa0705cf3b8efd4b7:0x6cda6d8c810eb6ac!8m2!3d45.9922623!4d-72.1656896!16s%2Fg%2F11mdblgghz!19sChIJt9TvuPNccKARrLYOgYxt2mw?authuser=0&hl=en&g_ep=EgoyMDI2MDgyNi4wIJJjKgBIAVAD&rclk=1
Boost Affaires,B2B consultant,Sherbrooke QC,+1 819-340-0004,https://www.boostaffaires.com/,ventes@boostaffaires.com,22,https://www.google.com/maps/place/Boost+Affaires/data=!4m7!3m6!1s0x4cb7b4bd8bd512ef:0x7e7465c2b81c033d!8m2!3d45.3999788!4d-71.9496966!16s%2Fg%2F11fxcd5sl4!19sChIJ7xLVi720t0wRPQMcuMJldH4?authuser=0&hl=en&g_ep=EgoyMDI2MDgyNi4wIJJjKgBIAVAD&rclk=1
Tiguidou Création Web,B2B consultant,Sherbrooke QC,+1 819-452-4163,http://tiguidoucreationweb.com/,nom@entreprise.ca,,https://www.google.com/maps/place/Tiguidou+Cr%C3%A9ation+Web/data=!4m7!3m6!1s0x4cb7b3379b22d11f:0x840c7cc45dd3d234!8m2!3d45.4185042!4d-71.8724375!16s%2Fg%2F11ychrsgbq!19sChIJH9Eimzezt0wRNNLTXcR8DIQ?authuser=0&hl=en&g_ep=EgoyMDI2MDgyNi4wIJJjKgBIAVAD&rclk=1
Cojt Management,business consulting firm,Sherbrooke QC,+1 819-791-1678,https://cojt.ca/,info@cojt.ca,,https://www.google.com/maps/place/Cojt+Management/data=!4m7!3m6!1s0x4cb7b36926f9fd59:0x372a4698d96780fa!8m2!3d45.3984824!4d-71.9146548!16s%2Fg%2F1tftwkkg!19sChIJWf35Jmmzt0wR-oBn2ZhGKjc?authuser=0&hl=en&g_ep=EgoyMDI2MDgyNi4wIJJjKgBIAVAD&rclk=1
Le Groupe GCRH,business consulting firm,Sherbrooke QC,+1 819-821-3988,https://www.gcrh.ca/,votre@courriel.com,51,https://www.google.com/maps/place/Le+Groupe+GCRH/data=!4m7!3m6!1s0x4cb7b30ee999a98b:0xf786b00ab99aba6f!8m2!3d45.4001371!4d-71.9299971!16s%2Fg%2F1tq8j4hk!19sChIJi6mZ6Q6zt0wRb7qauQqwhvc?authuser=0&hl=en&g_ep=EgoyMDI2MDgyNi4wIJJjKgBIAVAD&rclk=1
Agence Continuum Inc,business consulting firm,Sherbrooke QC,+1 877-663-5505,http://agencecontinuum.com/,info@agencecontinuum.com,56,https://www.google.com/maps/place/Agence+Continuum+Inc/data=!4m7!3m6!1s0x4cb7b30b84827fd1:0xa76486f94d26595e!8m2!3d45.3643878!4d-71.9345596!16s%2Fg%2F1tv3n8xb!19sChIJ0X-ChAuzt0wRXlkmTfmGZKc?authuser=0&hl=en&g_ep=EgoyMDI2MDgyNi4wIJJjKgBIAVAD&rclk=1
Consumaj Inc - Sherbrooke,business consulting firm,Sherbrooke QC,+1 450-773-6155,https://www.consumaj.com/,consumaj@consumaj.com,,https://www.google.com/maps/place/Consumaj+Inc+-+Sherbrooke/data=!4m7!3m6!1s0x4cb7b5f3b931febd:0x5981469b3c7f8862!8m2!3d45.3985258!4d-71.9372395!16s%2Fg%2F11ywp3hxg8!19sChIJvf4xufO1t0wRYoh_PJtGgVk?authuser=0&hl=en&g_ep=EgoyMDI2MDgyNi4wIJJjKgBIAVAD&rclk=1
Ex&Co Cabinet comptable CPA Inc.,business consulting firm,Sherbrooke QC,+1 819-820-6086,https://exetco.ca/,jraymond@exetco.ca,92,https://www.google.com/maps/place/Ex%26Co+Cabinet+comptable+CPA+Inc./data=!4m7!3m6!1s0x4cb7b531e2587f35:0xbe5787568831b0cc!8m2!3d45.391736!4d-71.9027836!16s%2Fg%2F1v1tmpp9!19sChIJNX9Y4jG1t0wRzLAxiFaHV74?authuser=0&hl=en&g_ep=EgoyMDI2MDgyNi4wIJJjKgBIAVAD&rclk=1
"MNP - Services de comptabilité, consultation et fiscalité",business consulting firm,Sherbrooke QC,+1 819-823-1616,https://www.mnp.ca/fr/bureaux/sherbrooke?utm_source=G&utm_medium=lpm&utm_campaign=mnp_llp_lpm,eric.grondin@mnp.ca,,"https://www.google.com/maps/place/MNP+-+Services+de+comptabilit%C3%A9,+consultation+et+fiscalit%C3%A9/data=!4m7!3m6!1s0x4cb7b3672438fbdb:0x5645d8be496882fc!8m2!3d45.398244!4d-71.919182!16s%2Fg%2F1jglz6tvj!19sChIJ2_s4JGezt0wR_IJoSb7YRVY?authuser=0&hl=en&g_ep=EgoyMDI2MDgyNi4wIJJjKgBIAVAD&rclk=1"
PIVOT Consultants Inc. - Ingénieur structure civil,business consulting firm,Sherbrooke QC,+1 819-636-0338,http://www.pivot-ing.ca/,ctremblay@pivot-ing.ca,13,https://www.google.com/maps/place/PIVOT+Consultants+Inc.+-+Ing%C3%A9nieur+structure+civil/data=!4m7!3m6!1s0x4cb7b75b386a81eb:0xeefb4d6b5b8b31d3!8m2!3d45.4823136!4d-71.9467514!16s%2Fg%2F11gmtlrwmt!19sChIJ64FqOFu3t0wR0zGLW2tN--4?authuser=0&hl=en&g_ep=EgoyMDI2MDgyNi4wIJJjKgBIAVAD&rclk=1
Entreprendre Sherbrooke,business consulting firm,Sherbrooke QC,+1 819-563-1144,https://www.sherbrookeinnovante.ca/fr,info@sherbrookeinnovante.ca,,https://www.google.com/maps/place/Entreprendre+Sherbrooke/data=!4m7!3m6!1s0x4cb7b31c838b1a99:0x9044071ddb215f33!8m2!3d45.4000979!4d-71.8892417!16s%2Fg%2F11rq3gffds!19sChIJmRqLgxyzt0wRM18h2x0HRJA?authuser=0&hl=en&g_ep=EgoyMDI2MDgyNi4wIJJjKgBIAVAD&rclk=1
Avizo Experts Conseils,business consulting firm,Sherbrooke QC,+1 800-563-2005,https://www.avizo.ca/services/,info@avizo.ca,,https://www.google.com/maps/place/Avizo+Experts+Conseils/data=!4m7!3m6!1s0x4cb7b31ac0ed070b:0x11366385be840c9b!8m2!3d45.3890817!4d-71.9254977!16s%2Fg%2F1hc8w2l_n!19sChIJCwftwBqzt0wRmwyEvoVjNhE?authuser=0&hl=en&g_ep=EgoyMDI2MDgyNi4wIJJjKgBIAVAD&rclk=1
Akonovia,business consulting firm,Sherbrooke QC,+1 438-320-6500,https://www.akonovia.com/,info@akonovia.ca,,https://www.google.com/maps/place/Akonovia/data=!4m7!3m6!1s0x4cb7b3132a655b9f:0x8fa9645ae57633b!8m2!3d45.3959708!4d-71.8978182!16s%2Fg%2F11sjqh5n9j!19sChIJn1tlKhOzt0wRO2NXrkWW-gg?authuser=0&hl=en&g_ep=EgoyMDI2MDgyNi4wIJJjKgBIAVAD&rclk=1
"Thibault, Services-conseils",business consulting firm,Sherbrooke QC,+1 819-578-7383,https://www.thibaultservicesconseils.com/,utilisateur@domaine.com,14,"https://www.google.com/maps/place/Thibault,+Services-conseils/data=!4m7!3m6!1s0x4cb7b4bb17955555:0x894e24d0b85b38c8!8m2!3d45.4040132!4d-71.8937206!16s%2Fg%2F11c2pyg4df!19sChIJVVWVF7u0t0wRyDhbuNAkTok?authuser=0&hl=en&g_ep=EgoyMDI2MDgyNi4wIJJjKgBIAVAD&rclk=1"
Services DSM Inc.,business consulting firm,Sherbrooke QC,+1 819-843-4545,http://servicesdsm.com/,info@servicesdsm.ca,,https://www.google.com/maps/place/Services+DSM+Inc./data=!4m7!3m6!1s0x4cb6377676b4e6b7:0xc93eb39f60b5a4d9!8m2!3d45.3410971!4d-72.0423081!16s%2Fg%2F11fwgmvsdg!19sChIJt-a0dnY3tkwR2aS1YJ-zPsk?authuser=0&hl=en&g_ep=EgoyMDI2MDgyNi4wIJJjKgBIAVAD&rclk=1
Standish,business consulting firm,Sherbrooke QC,+1 819-822-0515,https://www.standish.ca/?utm_source=google+my+business&utm_medium=organic,info@standish.ca,59,https://www.google.com/maps/place/Standish/data=!4m7!3m6!1s0x4cb7b37b9d3d0233:0x95192033dd4dde51!8m2!3d45.4020189!4d-71.9624795!16s%2Fg%2F1th5j1gn!19sChIJMwI9nXuzt0wRUd5N3TMgGZU?authuser=0&hl=en&g_ep=EgoyMDI2MDgyNi4wIJJjKgBIAVAD&rclk=1
Impot Plus Sherbrooke,business consulting firm,Sherbrooke QC,+1 819-542-0485,http://impotplus.ca/,info@impotplus.ca,38,https://www.google.com/maps/place/Impot+Plus+Sherbrooke/data=!4m7!3m6!1s0x4cb7b30f81839ded:0xf6bd94695282cc6e!8m2!3d45.402609!4d-71.888962!16s%2Fg%2F11dxdn3_yy!19sChIJ7Z2DgQ-zt0wRbsyCUmmUvfY?authuser=0&hl=en&g_ep=EgoyMDI2MDgyNi4wIJJjKgBIAVAD&rclk=1
Automatisation TECKING,business consulting firm,Sherbrooke QC,+1 800-311-3161,http://www.tecking.co/,info@tecking.co,29,https://www.google.com/maps/place/Automatisation+TECKING/data=!4m7!3m6!1s0x4cb6356fe1e16af3:0x298bde4da7300631!8m2!3d45.46905!4d-71.9470326!16s%2Fg%2F11c0rn5csg!19sChIJ82rh4W81tkwRMQYwp03eiyk?authuser=0&hl=en&g_ep=EgoyMDI2MDgyNi4wIJJjKgBIAVAD&rclk=1
Conseil Ventes Lavoie,management consulting,Sherbrooke QC,+1 819-993-6202,https://conseilventeslavoie.net/,contact@sansoxygen.com,12,https://www.google.com/maps/place/Conseil+Ventes+Lavoie/data=!4m7!3m6!1s0xaac53113ec032f67:0x48aa463c5fb25a8d!8m2!3d45.3858855!4d-71.9192783!16s%2Fg%2F11wmw0pgjj!19sChIJZy8D7BMxxaoRjVqyXzxGqkg?authuser=0&hl=en&g_ep=EgoyMDI2MDgyNi4wIJJjKgBIAVAD&rclk=1
Joly Groupe Financier Conseil,management consulting,Sherbrooke QC,+1 819-201-5432,https://www.jolygfc.com/,vincent.joly@iagestionprivee.ca,,https://www.google.com/maps/place/Joly+Groupe+Financier+Conseil/data=!4m7!3m6!1s0x4cb7b34bf1624cb1:0xad78fb1ac9d7a57b!8m2!3d45.3990393!4d-71.9191629!16s%2Fg%2F11zh9s3ct8!19sChIJsUxi8Uuzt0wRe6XXyRr7eK0?authuser=0&hl=en&g_ep=EgoyMDI2MDgyNi4wIJJjKgBIAVAD&rclk=1
Emergex RS&DE Subventions,management consulting,Sherbrooke QC,+1 866-873-7858,https://www.emergex.com/,info@emergex.com,,https://www.google.com/maps/place/Emergex+RS%26DE+Subventions/data=!4m7!3m6!1s0x4cb7b33a4ca9b691:0x1aba22147370b506!8m2!3d45.4029712!4d-71.8911609!16s%2Fg%2F11h4f6xk5s!19sChIJkbapTDqzt0wRBrVwcxQiuho?authuser=0&hl=en&g_ep=EgoyMDI2MDgyNi4wIJJjKgBIAVAD&rclk=1
Emplois Compétences,management consulting,Sherbrooke QC,+1 819-566-4070,http://www.emploiscompetences.com/,info@emploiscompetences.com,47,https://www.google.com/maps/place/Emplois+Comp%C3%A9tences/data=!4m7!3m6!1s0x40552509a9ca81bb:0x76da029e49a3ade!8m2!3d45.3982391!4d-71.9136089!16s%2Fg%2F1tdfyb2_!19sChIJu4HKqQklVUAR3jqa5CmgbQc?authuser=0&hl=en&g_ep=EgoyMDI2MDgyNi4wIJJjKgBIAVAD&rclk=1
Économie Estrie,management consulting,Sherbrooke QC,,https://economiestrie.com/,info@economiestrie.com,,https://www.google.com/maps/place/%C3%89conomie+Estrie/data=!4m7!3m6!1s0x4cb7b3ddb49522f7:0x38d3cb6da7b6ddeb!8m2!3d45.4000979!4d-71.8892417!16s%2Fg%2F11x8q6t4xl!19sChIJ9yKVtN2zt0wR6922p23L0zg?authuser=0&hl=en&g_ep=EgoyMDI2MDgyNi4wIJJjKgBIAVAD&rclk=1
Chênevert et associés,management consulting,Sherbrooke QC,+1 819-300-0571,https://chenevertcpa.ca/,reception@chenevertcpa.ca,,https://www.google.com/maps/place/Ch%C3%AAnevert+et+associ%C3%A9s/data=!4m7!3m6!1s0x4cb7b3131e58240f:0x16238697b4199ab3!8m2!3d45.4020189!4d-71.9624795!16s%2Fg%2F11c0x8hv0q!19sChIJDyRYHhOzt0wRs5oZtJeGIxY?authuser=0&hl=en&g_ep=EgoyMDI2MDgyNi4wIJJjKgBIAVAD&rclk=1
MD Financial Management,management consulting,Sherbrooke QC,+1 819-566-8240,https://mdm.ca/?utm_source=google&utm_medium=local&utm_campaign=google-local,mdmediainquiries@md.ca,,https://www.google.com/maps/place/MD+Financial+Management/data=!4m7!3m6!1s0x4cb7b312285b1a3d:0xfe328ee0619741a0!8m2!3d45.3992398!4d-71.9379518!16s%2Fg%2F11b6zv9k8l!19sChIJPRpbKBKzt0wRoEGXYeCOMv4?authuser=0&hl=en&g_ep=EgoyMDI2MDgyNi4wIJJjKgBIAVAD&rclk=1
Basta Communication,B2B sales consultant,Sherbrooke QC,+1 819-563-8039,https://bastacommunication.ca/,info@bastacommunication.ca,21,https://www.google.com/maps/place/Basta+Communication/data=!4m7!3m6!1s0x4cb7b30fa9007ec7:0x6f5654e70365fc59!8m2!3d45.4021166!4d-71.8913788!16s%2Fg%2F1tdfbqg2!19sChIJx34AqQ-zt0wRWfxlA-dUVm8?authuser=0&hl=en&g_ep=EgoyMDI2MDgyNi4wIJJjKgBIAVAD&rclk=1
Marketing Media,B2B sales consultant,Sherbrooke QC,+1 855-430-7491,https://marketingmedia.ca/,info@marketingmedia.ca,,https://www.google.com/maps/place/Marketing+Media/data=!4m7!3m6!1s0x4cb7b35a9ef4bb23:0x19436aa110bbe9b8!8m2!3d45.3873114!4d-71.9279369!16s%2Fg%2F1tdd9g1z!19sChIJI7v0nlqzt0wRuOm7EKFqQxk?authuser=0&hl=en&g_ep=EgoyMDI2MDgyNi4wIJJjKgBIAVAD&rclk=1
Solutions Budget Plus,B2B sales consultant,Sherbrooke QC,+1 819-563-0535,https://www.solutionsbudgetplus.com/,sbp@solutionsbudgetplus.com,33,https://www.google.com/maps/place/Solutions+Budget+Plus/data=!4m7!3m6!1s0x4cb7b30faa7a8f3f:0xa7d71407c4c2de1e!8m2!3d45.4026882!4d-71.8912588!16s%2Fg%2F1v8gbmst!19sChIJP496qg-zt0wRHt7CxAcU16c?authuser=0&hl=en&g_ep=EgoyMDI2MDgyNi4wIJJjKgBIAVAD&rclk=1
BDO Solutions à l'endettement,B2B sales consultant,Sherbrooke QC,+1 855-236-3328,https://debtsolutions.bdo.ca/fr/bureaux/sherbrooke/,rgagnon@bdo.ca,14,https://www.google.com/maps/place/BDO+Solutions+%C3%A0+l%27endettement/data=!4m7!3m6!1s0x4cb7b3e6549e354d:0x3dd649e556d16259!8m2!3d45.3981495!4d-71.932228!16s%2Fg%2F11j6t7vbfg!19sChIJTTWeVOazt0wRWWLRVuVJ1j0?authuser=0&hl=en&g_ep=EgoyMDI2MDgyNi4wIJJjKgBIAVAD&rclk=1
Nove3,B2B sales consultant,Sherbrooke QC,+1 819-542-5606,http://nove3.com/,info@nove3.com,,https://www.google.com/maps/place/Nove3/data=!4m7!3m6!1s0x4cb7b31a43c799b1:0xccf4d81f3ea4e770!8m2!3d45.4039962!4d-71.892224!16s%2Fg%2F11gk414m70!19sChIJsZnHQxqzt0wRcOekPh_Y9Mw?authuser=0&hl=en&g_ep=EgoyMDI2MDgyNi4wIJJjKgBIAVAD&rclk=1
T.B. Services Financiers,B2B sales consultant,Sherbrooke QC,+1 819-566-6776,https://tbservicesfinanciers.com/,service@gfsymbiose.com,15,https://www.google.com/maps/place/T.B.+Services+Financiers/data=!4m7!3m6!1s0x4cb7b3f4f0f990df:0x8a003db44c89081a!8m2!3d45.4079059!4d-71.8689149!16s%2Fg%2F11sf3vvbd2!19sChIJ35D58PSzt0wRGgiJTLQ9AIo?authuser=0&hl=en&g_ep=EgoyMDI2MDgyNi4wIJJjKgBIAVAD&rclk=1
Vecterr,B2B sales consultant,Sherbrooke QC,+1 819-347-9775,http://vecterr.com/,info@vecterr.com,,https://www.google.com/maps/place/Vecterr/data=!4m7!3m6!1s0x4cb7b251bf740389:0xd62d575420773e9f!8m2!3d45.4131095!4d-71.8585753!16s%2Fg%2F11hf4vhxzj!19sChIJiQN0v1Gyt0wRnz53IFRXLdY?authuser=0&hl=en&g_ep=EgoyMDI2MDgyNi4wIJJjKgBIAVAD&rclk=1
Multi Financement,B2B sales consultant,Sherbrooke QC,+1 877-566-7022,http://multi-financement.com/,info@multifinancement.com,,https://www.google.com/maps/place/Multi+Financement/data=!4m7!3m6!1s0x4cb7b3122f0d5583:0x1af957b497398abf!8m2!3d45.3994628!4d-71.897669!16s%2Fg%2F11ggrnc46t!19sChIJg1UNLxKzt0wRv4o5l7RX-Ro?authuser=0&hl=en&g_ep=EgoyMDI2MDgyNi4wIJJjKgBIAVAD&rclk=1
DistributionJB,B2B sales consultant,Sherbrooke QC,+1 819-200-3838,http://distributionjb.com/,patisserie@distributionjb.com,,https://www.google.com/maps/place/DistributionJB/data=!4m7!3m6!1s0x4cb7b4c99950f635:0x68058bcaae22ba7!8m2!3d45.3895703!4d-71.9684705!16s%2Fg%2F11v_0qwgtn!19sChIJNfZQmcm0t0wRpyviqrxYgAY?authuser=0&hl=en&g_ep=EgoyMDI2MDgyNi4wIJJjKgBIAVAD&rclk=1
F2 Ventes Conseils,B2B sales consultant,Sherbrooke QC,+1 819-742-0838,https://sites.google.com/view/f2-ventes-conseils/index,f2.ventes.conseils@gmail.com,,https://www.google.com/maps/place/F2+Ventes+Conseils/data=!4m7!3m6!1s0x145cbb8511def3:0x870bd522877e4481!8m2!3d47.0267169!4d-71.9310407!16s%2Fg%2F11x2xt5wjv!19sChIJ894RhbtcFAARgUR-hyLVC4c?authuser=0&hl=en&g_ep=EgoyMDI2MDgyNi4wIJJjKgBIAVAD&rclk=1
Agence e-nov,B2B marketing consultant,Sherbrooke QC,+1 873-552-1027,https://e-nov.ca/,info@e-nov.ca,13,https://www.google.com/maps/place/Agence+e-nov/data=!4m7!3m6!1s0x8a1c217541ff5e0d:0x5bf6b03ca671203f!8m2!3d45.3858425!4d-71.9818299!16s%2Fg%2F11wn88ncps!19sChIJDV7_QXUhHIoRPyBxpjyw9ls?authuser=0&hl=en&g_ep=EgoyMDI2MDgyNi4wIJJjKgBIAVAD&rclk=1
Guarana Marketing,B2B marketing consultant,Sherbrooke QC,+1 819-791-1140,https://guaranamarketing.com/,ventes@guaranamarketing.com,25,https://www.google.com/maps/place/Guarana+Marketing/data=!4m7!3m6!1s0x4cb7b2e9e6ca9c8b:0x4ec3795ef528f93e!8m2!3d45.3939397!4d-71.8984483!16s%2Fg%2F1tj525_r!19sChIJi5zK5umyt0wRPvko9V55w04?authuser=0&hl=en&g_ep=EgoyMDI2MDgyNi4wIJJjKgBIAVAD&rclk=1
Agence 361 - Marketing,B2B marketing consultant,Sherbrooke QC,+1 819-817-9117,http://agence361.com/,info@agence361.com,21,https://www.google.com/maps/place/Agence+361+-+Marketing/data=!4m7!3m6!1s0x9ba112c00fc036b:0xde196123a940fa7e!8m2!3d45.3826035!4d-71.9235181!16s%2Fg%2F11t2c7b37f!19sChIJawP8ACwRugkRfvpAqSNhGd4?authuser=0&hl=en&g_ep=EgoyMDI2MDgyNi4wIJJjKgBIAVAD&rclk=1
DuplexWeb,B2B marketing consultant,Sherbrooke QC,+1 819-570-4112,https://www.duplexweb.ca/,info@duplexweb.ca,31,https://www.google.com/maps/place/DuplexWeb/data=!4m7!3m6!1s0x4cb7b39d58dfa8e9:0x452f3d4084bfdb72!8m2!3d45.4203318!4d-71.8287223!16s%2Fg%2F11m6c52t76!19sChIJ6ajfWJ2zt0wRctu_hEA9L0U?authuser=0&hl=en&g_ep=EgoyMDI2MDgyNi4wIJJjKgBIAVAD&rclk=1
Diffusio,B2B marketing consultant,Sherbrooke QC,+1 819-340-8740,https://diffusio.ca/,info@diffusio.ca,,https://www.google.com/maps/place/Diffusio/data=!4m7!3m6!1s0x4cb7b36593582b8d:0x8cc04b59845b573c!8m2!3d45.4010702!4d-71.9179749!16s%2Fg%2F11b6rzcry0!19sChIJjStYk2Wzt0wRPFdbhFlLwIw?authuser=0&hl=en&g_ep=EgoyMDI2MDgyNi4wIJJjKgBIAVAD&rclk=1
Beauvoir Agence Créative,B2B marketing consultant,Sherbrooke QC,+1 819-791-0895,https://beauvoir.ca/,info@beauvoir.ca,,https://www.google.com/maps/place/Beauvoir+Agence+Cr%C3%A9ative/data=!4m7!3m6!1s0x4cb7b30f08055549:0xf87ca5d733ed1954!8m2!3d45.4039962!4d-71.892224!16s%2Fg%2F1tgk075n!19sChIJSVUFCA-zt0wRVBntM9elfPg?authuser=0&hl=en&g_ep=EgoyMDI2MDgyNi4wIJJjKgBIAVAD&rclk=1
CAKE Communication,B2B marketing consultant,Sherbrooke QC,+1 819-791-4401,http://cakecommunication.com/,info@thinkcake.ca,12,https://www.google.com/maps/place/CAKE+Communication/data=!4m7!3m6!1s0x4cb7b30496fb3e15:0x84b42809880a07aa!8m2!3d45.404686!4d-71.892832!16s%2Fg%2F1hc33dxwh!19sChIJFT77lgSzt0wRqgcKiAkotIQ?authuser=0&hl=en&g_ep=EgoyMDI2MDgyNi4wIJJjKgBIAVAD&rclk=1
Nuaweb,B2B marketing consultant,Sherbrooke QC,+1 438-518-2853,https://www.nuaweb.com/,info@nuaweb.com,,https://www.google.com/maps/place/Nuaweb/data=!4m7!3m6!1s0x4cb7b338d805acfb:0x4c7c9d1bc67f8e39!8m2!3d45.4023584!4d-71.8886366!16s%2Fg%2F11lf4g3bfl!19sChIJ-6wF2Dizt0wROY5_xhudfEw?authuser=0&hl=en&g_ep=EgoyMDI2MDgyNi4wIJJjKgBIAVAD&rclk=1
sept24,B2B marketing consultant,Sherbrooke QC,+1 819-562-9173,http://www.sept24.com/,info@sept24.com,16,https://www.google.com/maps/place/sept24/data=!4m7!3m6!1s0x4cb7b3aa8dd96b8b:0xd21060c1c5ed88a1!8m2!3d45.4089203!4d-71.9080135!16s%2Fg%2F1tjjnzt1!19sChIJi2vZjaqzt0wRoYjtxcFgENI?authuser=0&hl=en&g_ep=EgoyMDI2MDgyNi4wIJJjKgBIAVAD&rclk=1
Agence marketing sherbrooke,B2B marketing consultant,Sherbrooke QC,+1 819-817-9117,https://cherryupmarketing.com/,n.breton@cherryupmarketing.com,,https://www.google.com/maps/place/Agence+marketing+sherbrooke/data=!4m7!3m6!1s0x4cb7b366e0a50adb:0xdc22c5a93b8ef116!8m2!3d45.382413!4d-71.8964702!16s%2Fg%2F11jznsttls!19sChIJ2wql4Gazt0wRFvGOO6nFItw?authuser=0&hl=en&g_ep=EgoyMDI2MDgyNi4wIJJjKgBIAVAD&rclk=1
Pixel Nord,B2B marketing consultant,Sherbrooke QC,+1 819-347-3303,https://pixelnord.com/?utm_source=google&utm_medium=organic&utm_campaign=gmb_profile&utm_content=profile_link,utilisateur@domaine.com,47,https://www.google.com/maps/place/Pixel+Nord/data=!4m7!3m6!1s0x4cb7b4ae9c7a92b5:0x4d3b9f1e2890c409!8m2!3d45.3999095!4d-71.894124!16s%2Fg%2F11c6_jnhz8!19sChIJtZJ6nK60t0wRCcSQKB6fO00?authuser=0&hl=en&g_ep=EgoyMDI2MDgyNi4wIJJjKgBIAVAD&rclk=1
Bogus Création,B2B marketing consultant,Sherbrooke QC,+1 819-416-0668,http://www.boguscreation.com/,info@boguscreation.com,16,https://www.google.com/maps/place/Bogus+Cr%C3%A9ation/data=!4m7!3m6!1s0x4cb7b36953b2eb03:0x83ec1db420aa4c8c!8m2!3d45.3693483!4d-71.9616434!16s%2Fg%2F12xq15gy1!19sChIJA-uyU2mzt0wRjEyqILQd7IM?authuser=0&hl=en&g_ep=EgoyMDI2MDgyNi4wIJJjKgBIAVAD&rclk=1
Agence Zenith,B2B marketing consultant,Sherbrooke QC,+1 438-338-9630,https://agenceseozenith.ca/,raphael@agenceseozenith.ca,14,https://www.google.com/maps/place/Agence+Zenith/data=!4m7!3m6!1s0x4cb7b5ad4f3190b7:0x872ca80d0071335a!8m2!3d45.4119432!4d-71.9556372!16s%2Fg%2F11l29j1hyj!19sChIJt5AxT621t0wRWjNxAA2oLIc?authuser=0&hl=en&g_ep=EgoyMDI2MDgyNi4wIJJjKgBIAVAD&rclk=1
Multi-Visuel Le Nouvel Affichage,B2B marketing consultant,Sherbrooke QC,+1 819-562-0363,http://multi-visuel.com/,info@multi-visuel.com,42,https://www.google.com/maps/place/Multi-Visuel+Le+Nouvel+Affichage/data=!4m7!3m6!1s0x4cb7b2fbb1cb050f:0x73e2abf3c83dc0e2!8m2!3d45.3995864!4d-71.8665905!16s%2Fg%2F1tfzrj7f!19sChIJDwXLsfuyt0wR4sA9yPOr4nM?authuser=0&hl=en&g_ep=EgoyMDI2MDgyNi4wIJJjKgBIAVAD&rclk=1
Brilliant consultant Ltd,management consulting,Edmonton AB,+17802434110,http://www.brilliantconsultant.ca/,%20info@brilliantconsultant.ca,0,https://www.google.com/maps/place/Brilliant+consultant+Ltd/data=!4m7!3m6!1s0x53a01f352da3c77b:0x7943d670ca42e85!8m2!3d53.450372!4d-113.4738778!16s%2Fg%2F11py_hr2d3!19sChIJe8ejLTUfoFMRhS6kDGc9lAc?authuser=0&hl=en&g_ep=EgoyMDI2MDgyNi4wIJJjKgBIAVAD&rclk=1
Shift Management Inc.,management consulting,Edmonton AB,+17809931062,https://shiftworkplace.com/,marie@shiftworkplace.com,0,https://www.google.com/maps/place/Shift+Management+Inc./data=!4m7!3m6!1s0x53a020d13f5bfb0f:0xe2d74324de983730!8m2!3d53.5573899!4d-113.6480002!16s%2Fg%2F11b807cvqt!19sChIJD_tbP9EgoFMRMDeY3iRD1-I?authuser=0&hl=en&g_ep=EgoyMDI2MDgyNi4wIJJjKgBIAVAD&rclk=1
ESquare Consultancy,management consulting,Edmonton AB,+17805098867,https://esquare.ca/,info@esquare.ca,0,https://www.google.com/maps/place/ESquare+Consultancy/data=!4m7!3m6!1s0x53a01bdaa148ef5f:0x48cce078296a9e2!8m2!3d53.4631327!4d-113.4868088!16s%2Fg%2F11vxx99xb1!19sChIJX-9IodoboFMR4qmWggfOjAQ?authuser=0&hl=en&g_ep=EgoyMDI2MDgyNi4wIJJjKgBIAVAD&rclk=1
Quality Management Industrial Consultants,management consulting,Edmonton AB,+17808801613,http://qmic.ca/,info@qmic.ca,0,https://www.google.com/maps/place/Quality+Management+Industrial+Consultants/data=!4m7!3m6!1s0x53a021000e1aaaab:0x8fde5f99892abc87!8m2!3d53.5319386!4d-113.6052928!16s%2Fg%2F11fl7dj9h1!19sChIJq6oaDgAhoFMRh7wqiZlf3o8?authuser=0&hl=en&g_ep=EgoyMDI2MDgyNi4wIJJjKgBIAVAD&rclk=1
Daeco HR Consulting Ltd.,management consulting,Edmonton AB,+17805661776,http://daecohrconsulting.com/,edisman@daeco.ca,0,https://www.google.com/maps/place/Daeco+HR+Consulting+Ltd./data=!4m7!3m6!1s0x53a0222b3e6dace5:0x3ad35753d58ffa83!8m2!3d53.5412292!4d-113.5357321!16s%2Fg%2F11f2s2jdlm!19sChIJ5axtPisioFMRg_qP1VNX0zo?authuser=0&hl=en&g_ep=EgoyMDI2MDgyNi4wIJJjKgBIAVAD&rclk=1
Limitless Immigration Consulting,management consulting,Edmonton AB,+17804572333,https://limitlessconsulting.ca/,contact@mysite.com,0,https://www.google.com/maps/place/Limitless+Immigration+Consulting/data=!4m7!3m6!1s0x53a02366056a7779:0xbb5c817fe447192b!8m2!3d53.5419625!4d-113.5360862!16s%2Fg%2F1hc0sm3n5!19sChIJeXdqBWYjoFMRKxlH5H-BXLs?authuser=0&hl=en&g_ep=EgoyMDI2MDgyNi4wIJJjKgBIAVAD&rclk=1
CanMaple Consultant Inc.,management consulting,Edmonton AB,+17808687461,https://canmapleconsultant.ca/,info@canmapleconsultant.ca,0,https://www.google.com/maps/place/CanMaple+Consultant+Inc./data=!4m7!3m6!1s0xae0a91b714e39b5b:0x820a7f5c34287947!8m2!3d62.6573279!4d-95.989235!16s%2Fg%2F11zbt23y5f!19sChIJW5vjFLeRCq4RR3koNFx_CoI?authuser=0&hl=en&g_ep=EgoyMDI2MDgyNi4wIJJjKgBIAVAD&rclk=1
The AME Consulting Group Ltd.,management consulting,Edmonton AB,+17809623573,http://www.amegroup.ca/,contacts@amegroup.ca,0,https://www.google.com/maps/place/The+AME+Consulting+Group+Ltd./data=!4m7!3m6!1s0x53a021f39d42d841:0xefdca5db8ce58c17!8m2!3d53.5607469!4d-113.5663552!16s%2Fg%2F11qb8vgcp8!19sChIJQdhCnfMhoFMRF4zljNul3O8?authuser=0&hl=en&g_ep=EgoyMDI2MDgyNi4wIJJjKgBIAVAD&rclk=1
VB Education Consulting,management consulting,Edmonton AB,+18886691279,http://www.vbeducation.ca/,filler@godaddy.com,0,https://www.google.com/maps/place/VB+Education+Consulting/data=!4m7!3m6!1s0x53a019e8ea7c6725:0x86d1efae057ce630!8m2!3d53.5478233!4d-113.6130067!16s%2Fg%2F11rb3zhcky!19sChIJJWd86ugZoFMRMOZ8Ba7v0YY?authuser=0&hl=en&g_ep=EgoyMDI2MDgyNi4wIJJjKgBIAVAD&rclk=1
The Acquisition Group,B2B sales consultant,Edmonton AB,+18668786567,https://theacquisitiongroup.com/,apply@theacquisitiongroup.com,0,https://www.google.com/maps/place/The+Acquisition+Group/data=!4m7!3m6!1s0x53a023f5ae4080f7:0x6ba49e4dc9e2c1d!8m2!3d53.5343463!4d-113.5095852!16s%2Fg%2F11tsk79qmk!19sChIJ94BArvUjoFMRHSye3ORJugY?authuser=0&hl=en&g_ep=EgoyMDI2MDgyNi4wIJJjKgBIAVAD&rclk=1
Express Employment Professionals and Specialized Recruiting Group,B2B sales consultant,Edmonton AB,+17804845454,https://www.expresspros.com/EdmontonAB,jobs.edmontonabeast@expresspros.com,0,https://www.google.com/maps/place/Express+Employment+Professionals+and+Specialized+Recruiting+Group/data=!4m7!3m6!1s0x53a021403d03f3d7:0xc8361494c89fd11a!8m2!3d53.5420304!4d-113.4988514!16s%2Fg%2F1td2z48y!19sChIJ1_MDPUAhoFMRGtGfyJQUNsg?authuser=0&hl=en&g_ep=EgoyMDI2MDgyNi4wIJJjKgBIAVAD&rclk=1
Martial Technology Inc,B2B sales consultant,Edmonton AB,+15875571043,http://www.martialtech.ca/,support@martialtech.ca,0,https://www.google.com/maps/place/Martial+Technology+Inc/data=!4m7!3m6!1s0x53a02364cf2674d5:0x77678a19161cfa21!8m2!3d53.223969!4d-113.2656218!16s%2Fg%2F11jc9trpyn!19sChIJ1XQmz2QjoFMRIfocFhmKZ3c?authuser=0&hl=en&g_ep=EgoyMDI2MDgyNi4wIJJjKgBIAVAD&rclk=1
We Love Data,B2B sales consultant,Edmonton AB,,http://welovedata.ca/,hello@welovedata.ca,0,https://www.google.com/maps/place/We+Love+Data/data=!4m7!3m6!1s0x53a01dca8611e137:0xae1482b42fa24e9f!8m2!3d53.5266401!4d-113.4926628!16s%2Fg%2F11ngtmnfx4!19sChIJN-ERhsodoFMRn06iL7SCFK4?authuser=0&hl=en&g_ep=EgoyMDI2MDgyNi4wIJJjKgBIAVAD&rclk=1
Beks Marketing Inc.,B2B sales consultant,Edmonton AB,+15877352333,http://www.beks.ca/,info@beks.ca,0,https://www.google.com/maps/place/Beks+Marketing+Inc./data=!4m7!3m6!1s0x53a03d9a32ede37d:0xf4889e25eafe4660!8m2!3d62.6573279!4d-95.989235!16s%2Fg%2F11c1s2fwbc!19sChIJfePtMpo9oFMRYEb-6iWeiPQ?authuser=0&hl=en&g_ep=EgoyMDI2MDgyNi4wIJJjKgBIAVAD&rclk=1
