Business Name,Industry,Country,City,Phone,Website,Email,Google Reviews,Google Maps URL
USPS Morgan Processing and Distribution Center,Distribution Centers,US,New York NY,,,,70,https://www.google.com/maps/place/USPS+Morgan+Processing+and+Distribution+Center/data=!4m7!3m6!1s0x89c2593bd4cd8059:0x44c0026aa9a482c1!8m2!3d40.7508824!4d-73.9991963!16s%2Fg%2F11rc7qm1ct!19sChIJWYDN1DtZwokRwYKkqWoCwEQ?authuser=0&hl=en&rclk=1
Terminal Warehouse,Distribution Centers,US,New York NY,+1 212-417-9180,http://www.terminalwarehouse.nyc/,info@terminalwarehouse.nyc,90,https://www.google.com/maps/place/Terminal+Warehouse/data=!4m7!3m6!1s0x89c2599104f1ca27:0xfebc54d4ed5c0338!8m2!3d40.7518342!4d-74.0052065!16s%2Fg%2F1tj1nfjg!19sChIJJ8rxBJFZwokROANc7dRUvP4?authuser=0&hl=en&rclk=1
Warehousing NYC By Best,Distribution Centers,US,New York NY,+1 917-540-5465,https://warehousing-nyc.com/,,18,https://www.google.com/maps/place/Warehousing+NYC+By+Best/data=!4m7!3m6!1s0x89c259ae93a8da95:0x842c819bf0740f47!8m2!3d40.7179589!4d-73.9953807!16s%2Fg%2F11mdb16_n2!19sChIJldqok65ZwokRRw908JuBLIQ?authuser=0&hl=en&rclk=1
3PL Warehouse By Best,Distribution Centers,US,New York NY,+1 917-994-9793,https://3pl-warehouse-nyc.com/,,17,https://www.google.com/maps/place/3PL+Warehouse+By+Best/data=!4m7!3m6!1s0x89c25920a1d168c9:0xfd35fc7793afcda!8m2!3d40.7524693!4d-73.9868324!16s%2Fg%2F11x8tf9lnr!19sChIJyWjRoSBZwokR2vw6ecdf0w8?authuser=0&hl=en&rclk=1
USPS: NY Metro Area Sales Office,Distribution Centers,US,New York NY,,https://www.usps.com/,sfsdelivery.confirmation@usps.gov,77,https://www.google.com/maps/place/USPS:+NY+Metro+Area+Sales+Office/data=!4m7!3m6!1s0x89c28aa51c4e2405:0xfab536b4f3ab6d94!8m2!3d40.7805725!4d-73.8274388!16s%2Fg%2F1vhklgq9!19sChIJBSROHKWKwokRlG2r87Q2tfo?authuser=0&hl=en&rclk=1
USPS Mid-Island Processing and Distribution Center,Distribution Centers,US,New York NY,+1 631-755-2575,http://www.usps.com/,sfsdelivery.confirmation@usps.gov,236,https://www.google.com/maps/place/USPS+Mid-Island+Processing+and+Distribution+Center/data=!4m7!3m6!1s0x89e82a4cfe0829bd:0xd2f5141608773ec3!8m2!3d40.76491!4d-73.4202981!16s%2Fg%2F1261sz_lq!19sChIJvSkI_kwq6IkRwz53CBYU9dI?authuser=0&hl=en&rclk=1
Food Distribution Center,Distribution Centers,US,New York NY,,,,2,https://www.google.com/maps/place/Food+Distribution+Center/data=!4m7!3m6!1s0x89c25976f94447dd:0x74e54f3882530f84!8m2!3d40.7278207!4d-73.9797599!16s%2Fg%2F11k6hgljh2!19sChIJ3UdE-XZZwokRhA9TgjhP5XQ?authuser=0&hl=en&rclk=1
Warehouse Logistics By Best,Distribution Centers,US,New York NY,+1 917-982-2623,https://warehouse-logistics-nyc.com/,,18,https://www.google.com/maps/place/Warehouse+Logistics+By+Best/data=!4m7!3m6!1s0x89c2596c817085e9:0x18647036bdc9cbe2!8m2!3d40.773442!4d-73.9638271!16s%2Fg%2F11x910x0b9!19sChIJ6YVwgWxZwokR4svJvTZwZBg?authuser=0&hl=en&rclk=1
"Grand Street Settlement, Inc. - Food Distribution Center",Distribution Centers,US,New York NY,+1 212-674-1740,http://www.grandstreet.org/,,1,"https://www.google.com/maps/place/Grand+Street+Settlement,+Inc.+-+Food+Distribution+Center/data=!4m7!3m6!1s0x89c2597f7a35f389:0x40f1cd2034297acf!8m2!3d40.7182152!4d-73.9820001!16s%2Fg%2F11jppw2tll!19sChIJifM1en9ZwokRz3opNCDN8UA?authuser=0&hl=en&rclk=1"
Barrett Distribution Centers,Distribution Centers,US,New York NY,+1 607-304-4801,https://www.barrettdistribution.com/,sales@barrettdistribution.com,3,https://www.google.com/maps/place/Barrett+Distribution+Centers/data=!4m7!3m6!1s0x89c329a588db9d7d:0xc298ced1f0887540!8m2!3d41.3507721!4d-74.2885369!16s%2Fg%2F11fmxk58zq!19sChIJfZ3biKUpw4kRQHWI8NHOmMI?authuser=0&hl=en&rclk=1
Hunter College Center - Food Distribution Center,Distribution Centers,US,New York NY,+1 212-772-4450,,,1,https://www.google.com/maps/place/Hunter+College+Center+-+Food+Distribution+Center/data=!4m7!3m6!1s0x89c258eb8c8ab7af:0x2cfcb22fc20aff31!8m2!3d40.7687307!4d-73.9649146!16s%2Fg%2F11k6hflvvv!19sChIJr7eKjOtYwokRMf8Kwi-y_Cw?authuser=0&hl=en&rclk=1
Bowery Mission - Food Distribution Center,Distribution Centers,US,New York NY,+1 212-674-3456,http://www.bowery.org/,donorservices@bowery.org,62,https://www.google.com/maps/place/Bowery+Mission+-+Food+Distribution+Center/data=!4m7!3m6!1s0x89c25985df47178f:0x13eb620b75350f7c!8m2!3d40.7221134!4d-73.9931153!16s%2Fg%2F11k6hd1fp1!19sChIJjxdH34VZwokRfA81dQti6xM?authuser=0&hl=en&rclk=1
Brc Human Services Corp - Food Distribution Center,Distribution Centers,US,New York NY,+1 212-533-5700,http://www.brc.org/,info@brc.org,5,https://www.google.com/maps/place/Brc+Human+Services+Corp+-+Food+Distribution+Center/data=!4m7!3m6!1s0x89c259a51808583d:0xefc6df0fb9c6fd15!8m2!3d40.7448557!4d-73.9932174!16s%2Fg%2F11jppwmmtk!19sChIJPVgIGKVZwokRFf3GuQ_fxu8?authuser=0&hl=en&rclk=1
The Times Square - Food Distribution Center,Distribution Centers,US,New York NY,+1 212-354-7900,,,1,https://www.google.com/maps/place/The+Times+Square+-+Food+Distribution+Center/data=!4m7!3m6!1s0x89c258549b811a5b:0x17466cbdd51f3638!8m2!3d40.7577824!4d-73.9885211!16s%2Fg%2F11jppvtmbk!19sChIJWxqBm1RYwokRODYf1b1sRhc?authuser=0&hl=en&rclk=1
Grand Central Neighborhood Social Services Corporation (gcnssc) - Food Distribution Center,Distribution Centers,US,New York NY,+1 212-883-0680,http://www.grandcentralneighborhood.org/,admin@gcnssc.org,10,https://www.google.com/maps/place/Grand+Central+Neighborhood+Social+Services+Corporation+%28gcnssc%29+-+Food+Distribution+Center/data=!4m7!3m6!1s0x89c25907e12c7047:0xa0cebe272a8eba00!8m2!3d40.7452185!4d-73.9814697!16s%2Fg%2F11jppw7hpv!19sChIJR3As4QdZwokRALqOKie-zqA?authuser=0&hl=en&rclk=1
Wildcat Service Corporation - Food Distribution Center,Distribution Centers,US,New York NY,,,,1,https://www.google.com/maps/place/Wildcat+Service+Corporation+-+Food+Distribution+Center/data=!4m7!3m6!1s0x89c25a13eaaaaaab:0x326630b87442bfdc!8m2!3d40.7038704!4d-74.0138541!16s%2Fg%2F11k6hgswm0!19sChIJq6qq6hNawokR3L9CdLgwZjI?authuser=0&hl=en&rclk=1
Operation Frontline - Food Distribution Center,Distribution Centers,US,New York NY,,,,1,https://www.google.com/maps/place/Operation+Frontline+-+Food+Distribution+Center/data=!4m7!3m6!1s0x89c259ace01f6307:0x28d579ca536418c6!8m2!3d40.755035!4d-73.991803!16s%2Fg%2F11jppwprv4!19sChIJB2Mf4KxZwokRxhhkU8p51Sg?authuser=0&hl=en&rclk=1
Trinity Wall Street - Food Distribution Center,Distribution Centers,US,New York NY,+1 646-216-6413,https://trinitywallstreet.org/social-justice/food-assistance,,2,https://www.google.com/maps/place/Trinity+Wall+Street+-+Food+Distribution+Center/data=!4m7!3m6!1s0x89c25a176b700001:0xc02b4e92d6abc692!8m2!3d40.7084692!4d-74.0105948!16s%2Fg%2F11jppwh9cf!19sChIJAQBwaxdawokRksar1pJOK8A?authuser=0&hl=en&rclk=1
99 Only Distribution Center check in,Distribution Centers,US,Los Angeles CA,,,,16,https://www.google.com/maps/place/99+Only+Distribution+Center+check+in/data=!4m7!3m6!1s0x80c2cf3a2db391ad:0x4daf91a40a01e073!8m2!3d34.0138318!4d-118.191475!16s%2Fg%2F11bz_wp0f_!19sChIJrZGzLTrPwoARc-ABCqSRr00?authuser=0&hl=en&rclk=1
DDC Dependable Distribution Centers Los Angeles,Distribution Centers,US,Los Angeles CA,+1 800-544-3909,http://www.godependable.com/,,87,https://www.google.com/maps/place/DDC+Dependable+Distribution+Centers+Los+Angeles/data=!4m7!3m6!1s0x80c2c8a1519fc96f:0x8b056bc638b3af5c!8m2!3d34.0261316!4d-118.224338!16s%2Fg%2F1td7cdzw!19sChIJb8mfUaHIwoARXK-zOMZrBYs?authuser=0&hl=en&rclk=1
Air Designs,Distribution Centers,US,Los Angeles CA,+1 818-768-6639,https://www.airdesigns.net/,info@airdesigns.net,18,https://www.google.com/maps/place/Air+Designs/data=!4m7!3m6!1s0x80c29400047e8d37:0xb67ebbf530771cf8!8m2!3d34.202285!4d-118.412135!16s%2Fg%2F1v3_2yrf!19sChIJN41-BACUwoAR-Bx3MPW7frY?authuser=0&hl=en&rclk=1
Chicago Distribution Center,Distribution Centers,US,Chicago IL,,,,7,https://www.google.com/maps/place/Chicago+Distribution+Center/data=!4m7!3m6!1s0x880e33d719a0c1eb:0xbf1c5ef182be3fa3!8m2!3d41.8216523!4d-87.744813!16s%2Fg%2F11l27tjz29!19sChIJ68GgGdczDogRoz--gvFeHL8?authuser=0&hl=en&rclk=1
Grand Warehouse/Distribution & Stuart Hale,Distribution Centers,US,Chicago IL,+1 773-265-0403,,,42,https://www.google.com/maps/place/Grand+Warehouse%2FDistribution+%26+Stuart+Hale/data=!4m7!3m6!1s0x880e32d69185a89b:0xdf075d7567ad3fa6!8m2!3d41.8915585!4d-87.7343194!16s%2Fg%2F1tf_nw_n!19sChIJm6iFkdYyDogRpj-tZ3VdB98?authuser=0&hl=en&rclk=1
Whole Foods Distribution Center,Distribution Centers,US,Chicago IL,+1 312-766-3840,https://www.wholefoodsmarket.com/,,317,https://www.google.com/maps/place/Whole+Foods+Distribution+Center/data=!4m7!3m6!1s0x880e2660f1907da7:0xc9c4274543cd79ba!8m2!3d41.7006085!4d-87.6004718!16s%2Fg%2F11f554m_4p!19sChIJp32Q8WAmDogRunnNQ0UnxMk?authuser=0&hl=en&rclk=1
PTT Warehousing & Distribution,Distribution Centers,US,Chicago IL,+1 773-831-5005,,,6,https://www.google.com/maps/place/PTT+Warehousing+%26+Distribution/data=!4m7!3m6!1s0x880e310bcccb9f9f:0xc4481766eb0fc760!8m2!3d41.7554677!4d-87.7277465!16s%2Fg%2F11jsvlsg43!19sChIJn5_LzAsxDogRYMcP62YXSMQ?authuser=0&hl=en&rclk=1
Midwest Warehouse & Distribution System,Distribution Centers,US,Chicago IL,+1 708-496-9007,,,40,https://www.google.com/maps/place/Midwest+Warehouse+%26+Distribution+System/data=!4m7!3m6!1s0x880e373b4d81faff:0xec1484942298ad3c!8m2!3d41.7685799!4d-87.7908065!16s%2Fg%2F1tn01tpb!19sChIJ__qBTTs3DogRPK2YIpSEFOw?authuser=0&hl=en&rclk=1
Midway Distribution Center,Distribution Centers,US,Chicago IL,,,,9,https://www.google.com/maps/place/Midway+Distribution+Center/data=!4m7!3m6!1s0x880e3112c6ac164f:0x60c7c4a6a0c2b086!8m2!3d41.7974203!4d-87.7483217!16s%2Fg%2F11h1mdf37m!19sChIJTxasxhIxDogRhrDCoKbEx2A?authuser=0&hl=en&rclk=1
Cargill Distribution Center,Distribution Centers,US,Chicago IL,,http://cargill.com/,,139,https://www.google.com/maps/place/Cargill+Distribution+Center/data=!4m7!3m6!1s0x880e2637e053a67b:0x549028021add7ef0!8m2!3d41.7153627!4d-87.5879095!16s%2Fg%2F11hcp9gdpr!19sChIJe6ZT4DcmDogR8H7dGgIokFQ?authuser=0&hl=en&rclk=1
Chicago Warehouse 3PL,Distribution Centers,US,Chicago IL,+1 773-457-5495,https://chicagowarehouse3pl.com/,,39,https://www.google.com/maps/place/Chicago+Warehouse+3PL/data=!4m7!3m6!1s0x880e31f5b9e9682d:0xb51e44be9e31a3b1!8m2!3d41.8066953!4d-87.7066481!16s%2Fg%2F11t7dx_bwx!19sChIJLWjpufUxDogRsaMxnr5EHrU?authuser=0&hl=en&rclk=1
Nexus Distribution,Distribution Centers,US,Chicago IL,+1 708-458-4501,http://www.nexusdistribution.com/,,156,https://www.google.com/maps/place/Nexus+Distribution/data=!4m7!3m6!1s0x880e3735248a7b17:0x910987a1ac2de652!8m2!3d41.7611667!4d-87.7769624!16s%2Fg%2F1v2pqsyh!19sChIJF3uKJDU3DogRUuYtrKGHCZE?authuser=0&hl=en&rclk=1
LaGrou Distribution Inc.,Distribution Centers,US,Chicago IL,+1 773-523-1800,http://www.lagrou.com/,,107,https://www.google.com/maps/place/LaGrou+Distribution+Inc./data=!4m7!3m6!1s0x880e3232e86fc0e7:0xf4042ecd74f32221!8m2!3d41.8302582!4d-87.7368086!16s%2Fg%2F1tmqryzn!19sChIJ58Bv6DIyDogRISLzdM0uBPQ?authuser=0&hl=en&rclk=1
CTA Material Distribution Center,Distribution Centers,US,Chicago IL,+1 312-932-2986,,,6,https://www.google.com/maps/place/CTA+Material+Distribution+Center/data=!4m7!3m6!1s0x880fd32f1c330099:0x8a738d7d512088b8!8m2!3d41.9024009!4d-87.650505!16s%2Fg%2F11cjp7kv29!19sChIJmQAzHC_TD4gRuIggUX2Nc4o?authuser=0&hl=en&rclk=1
North American Distribution,Distribution Centers,US,Chicago IL,+1 708-594-8964,,,51,https://www.google.com/maps/place/North+American+Distribution/data=!4m7!3m6!1s0x880e36b7ce096d91:0xa3c7d67525e482be!8m2!3d41.8006042!4d-87.7838661!16s%2Fg%2F1tfbz133!19sChIJkW0Jzrc2DogRvoLkJXXWx6M?authuser=0&hl=en&rclk=1
Target Sortation Center,Distribution Centers,US,Chicago IL,+1 708-625-3800,https://corporate.target.com/careers/stores-and-supply-chain/supply-chain-hourly,press@target.com,22,https://www.google.com/maps/place/Target+Sortation+Center/data=!4m7!3m6!1s0x880e37454045d4b3:0x1a2c2d3aef84cc69!8m2!3d41.8000662!4d-87.7811852!16s%2Fg%2F11tmz8_pt9!19sChIJs9RFQEU3DogRacyE7zotLBo?authuser=0&hl=en&rclk=1
Martin Brower Distribution Center,Distribution Centers,US,Chicago IL,+1 708-688-5300,https://martinbrower.com/,mbcommunications@reyesholdings.com,225,https://www.google.com/maps/place/Martin+Brower+Distribution+Center/data=!4m7!3m6!1s0x405d7d73164e93d5:0x50535aebae4fdf61!8m2!3d41.8045088!4d-87.8429633!16s%2Fg%2F11b6hvyx_1!19sChIJ1ZNOFnN9XUARYd9PrutaU1A?authuser=0&hl=en&rclk=1
Libbey West Chicago Distribution Center,Distribution Centers,US,Chicago IL,+1 630-818-3401,http://libbey.com/,publicrelations@libbey.com,1,https://www.google.com/maps/place/Libbey+West+Chicago+Distribution+Center/data=!4m7!3m6!1s0x880eff25238ffb55:0x5791996eae56ec23!8m2!3d41.9014482!4d-88.2412884!16s%2Fg%2F11qql7cs_1!19sChIJVfuPIyX_DogRI-xWrm6ZkVc?authuser=0&hl=en&rclk=1
Processing and Distribution Center,Distribution Centers,US,Chicago IL,,,,5,https://www.google.com/maps/place/Processing+and+Distribution+Center/data=!4m7!3m6!1s0x880fb44571a42301:0xf613e0918a4bfedd!8m2!3d41.9521816!4d-87.9048756!16s%2Fg%2F1232kds74!19sChIJASOkcUW0D4gR3f5LipHgE_Y?authuser=0&hl=en&rclk=1
The Home Depot Distribution Center,Distribution Centers,US,Chicago IL,,http://careers.homedepot.com/warehouse,mythdhr@homedepot.com,2,https://www.google.com/maps/place/The+Home+Depot+Distribution+Center/data=!4m7!3m6!1s0x880e31b5dd184ddb:0x35b0c6cbdf747d26!8m2!3d41.7693325!4d-87.7854006!16s%2Fg%2F11rdzxj564!19sChIJ200Y3bUxDogRJn1038vGsDU?authuser=0&hl=en&rclk=1
H-E-B Distribution Center Truck Entrance,Distribution Centers,US,Houston TX,+1 713-329-3905,,,129,https://www.google.com/maps/place/H-E-B+Distribution+Center+Truck+Entrance/data=!4m7!3m6!1s0x8640c50019cb46c7:0x901297e1db08a95d!8m2!3d29.8365074!4d-95.5371395!16s%2Fg%2F11vrct11l0!19sChIJx0bLGQDFQIYRXakI2-GXEpA?authuser=0&hl=en&rclk=1
CVS Warehouse Distribution Center,Distribution Centers,US,Houston TX,+1 800-746-7287,https://www.cvs.com/,,164,https://www.google.com/maps/place/CVS+Warehouse+Distribution+Center/data=!4m7!3m6!1s0x8640ca6c94cfb235:0x628eb72b9153b2eb!8m2!3d29.9790931!4d-95.4084576!16s%2Fg%2F11b8tc123c!19sChIJNbLPlGzKQIYR67JTkSu3jmI?authuser=0&hl=en&rclk=1
Walgreens Distribution Center,Distribution Centers,US,Houston TX,+1 281-821-0161,http://www.walgreens.com/,,332,https://www.google.com/maps/place/Walgreens+Distribution+Center/data=!4m7!3m6!1s0x8640b67664eed83b:0xc3f390b55dbd1420!8m2!3d29.9554841!4d-95.3668861!16s%2Fg%2F1pxq3g5d9!19sChIJO9juZHa2QIYRIBS9XbWQ88M?authuser=0&hl=en&rclk=1
O'Reilly Auto Parts Distribution Center,Distribution Centers,US,Houston TX,+1 713-991-6052,https://www.oreillyauto.com/,,248,https://www.google.com/maps/place/O%27Reilly+Auto+Parts+Distribution+Center/data=!4m7!3m6!1s0x86409705caaf9ed5:0xb9c1b630d3c33ee4!8m2!3d29.6309711!4d-95.2602819!16s%2Fg%2F1tf1p6h2!19sChIJ1Z6vygWXQIYR5D7D0zC2wbk?authuser=0&hl=en&rclk=1
Macy's Distribution Center,Distribution Centers,US,Houston TX,+1 713-924-3160,http://www1.macys.com/,,123,https://www.google.com/maps/place/Macy%27s+Distribution+Center/data=!4m7!3m6!1s0x8640bef6bd866dc3:0xf094922fed13afa8!8m2!3d29.7319064!4d-95.3368314!16s%2Fg%2F11b6gns6y5!19sChIJw22Gvfa-QIYRqK8T7S-SlPA?authuser=0&hl=en&rclk=1
HOUSTON Distribution Center,Distribution Centers,US,Houston TX,,,,,https://www.google.com/maps/place/HOUSTON+Distribution+Center/data=!4m7!3m6!1s0x8640b14e80d047d9:0x7fb0a1a74eab321f!8m2!3d29.9454539!4d-95.3047295!16s%2Fg%2F11z9jbdm2y!19sChIJ2UfQgE6xQIYRHzKrTqehsH8?authuser=0&hl=en&rclk=1
Coca Cola SouthWest Beverages Distribution Center,Distribution Centers,US,Houston TX,+1 346-706-3117,https://cocacolaswb.com/,,32,https://www.google.com/maps/place/Coca+Cola+SouthWest+Beverages+Distribution+Center/data=!4m7!3m6!1s0x8640eaa35de3894f:0xfb09a4bd89ce87d3!8m2!3d29.6691882!4d-95.4108043!16s%2Fg%2F11hbc34ljb!19sChIJT4njXaPqQIYR04fOib2kCfs?authuser=0&hl=en&rclk=1
Houston Methodist Distribution Center,Distribution Centers,US,Houston TX,,https://www.houstonmethodist.org/,,1,https://www.google.com/maps/place/Houston+Methodist+Distribution+Center/data=!4m7!3m6!1s0x86409564b4e55635:0x3a48b4a0d7a4952c!8m2!3d29.6798408!4d-95.3758225!16s%2Fg%2F11nf_tvvlw!19sChIJNVbltGSVQIYRLJWk16C0SDo?authuser=0&hl=en&rclk=1
Distribution,Distribution Centers,US,Houston TX,+1 281-802-6122,,,11,https://www.google.com/maps/place/Distribution/data=!4m7!3m6!1s0x8640cf61f7b35ba3:0x181835099e1d134f!8m2!3d29.9454784!4d-95.5212297!16s%2Fg%2F11v18wsrw5!19sChIJo1uz92HPQIYRTxMdngk1GBg?authuser=0&hl=en&rclk=1
Professional Distribution Center,Distribution Centers,US,Houston TX,,,,16,https://www.google.com/maps/place/Professional+Distribution+Center/data=!4m7!3m6!1s0x8640be6b0e12e141:0xde4dbc9525ecbd92!8m2!3d29.707446!4d-95.32762!16s%2Fg%2F1tfz0hfq!19sChIJQeESDmu-QIYRkr3sJZW8Td4?authuser=0&hl=en&rclk=1
GHRA Warehouse and Distribution Center,Distribution Centers,US,Houston TX,+1 844-777-4472,https://www.ghraonline.com/warehouse,whcategorymanagers@ghraonline.com,114,https://www.google.com/maps/place/GHRA+Warehouse+and+Distribution+Center/data=!4m7!3m6!1s0x8640c24e4a1a48b9:0xb90edc7f1f793f31!8m2!3d29.7125992!4d-95.5078803!16s%2Fg%2F11clmh2lh9!19sChIJuUgaSk7CQIYRMT95H3_cDrk?authuser=0&hl=en&rclk=1
JD Martin Houston Distribution Center,Distribution Centers,US,Houston TX,,https://jdmartin.com/,,24,https://www.google.com/maps/place/JD+Martin+Houston+Distribution+Center/data=!4m7!3m6!1s0x8640bb8ef3cb4ed7:0x99110bcf82b59848!8m2!3d29.7824872!4d-95.283666!16s%2Fg%2F1thw2jb1!19sChIJ107L8467QIYRSJi1gs8LEZk?authuser=0&hl=en&rclk=1
Marshalls Distribution Center,Distribution Centers,US,Phoenix AZ,+1 480-397-5600,https://www.marshallsonline.com/,,334,https://www.google.com/maps/place/Marshalls+Distribution+Center/data=!4m7!3m6!1s0x872b1684b9ea8507:0xea67782d74a2e096!8m2!3d33.4176118!4d-112.1783028!16s%2Fg%2F1ptz5rjjz!19sChIJB4XquYQWK4cRluCidC14Z-o?authuser=0&hl=en&rclk=1
Target Distribution Center,Distribution Centers,US,Phoenix AZ,+1 623-478-1000,,,23,https://www.google.com/maps/place/Target+Distribution+Center/data=!4m7!3m6!1s0x872b1506507fabcd:0x6fc01b448657a7b1!8m2!3d33.4474302!4d-112.2191665!16s%2Fg%2F11h93fdt68!19sChIJzat_UAYVK4cRsadXhkQbwG8?authuser=0&hl=en&rclk=1
Peyton's Phoenix Regional Distribution Center,Distribution Centers,US,Phoenix AZ,+1 602-477-3100,http://peytonsphoenix.com/,,380,https://www.google.com/maps/place/Peyton%27s+Phoenix+Regional+Distribution+Center/data=!4m7!3m6!1s0x872b1424b592f949:0x248def1d72414bb3!8m2!3d33.4355377!4d-112.1737302!16s%2Fg%2F1tfjf_qg!19sChIJSfmStSQUK4cRs0tBch3vjSQ?authuser=0&hl=en&rclk=1
Arizona Distribution Center,Distribution Centers,US,Phoenix AZ,+1 623-936-1050,http://core-mark.com/,,40,https://www.google.com/maps/place/Arizona+Distribution+Center/data=!4m7!3m6!1s0x872b3fd4f7e71327:0xa1b34decb9457f42!8m2!3d33.4566455!4d-112.2403285!16s%2Fg%2F1tfbyy88!19sChIJJxPn99Q_K4cRQn9FuexNs6E?authuser=0&hl=en&rclk=1
Blue Line Foodservice Distribution/Little Caesars Pizza Distribution Center,Distribution Centers,US,Phoenix AZ,+1 602-233-2244,,,47,https://www.google.com/maps/place/Blue+Line+Foodservice+Distribution%2FLittle+Caesars+Pizza+Distribution+Center/data=!4m7!3m6!1s0x872b143937e7414b:0xa0d93653fd28bbc3!8m2!3d33.4409669!4d-112.1735154!16s%2Fg%2F1tlw9jsn!19sChIJS0HnNzkUK4cRw7so_VM22aA?authuser=0&hl=en&rclk=1
"Complete Fulfillment & Distribution, L.L.C",Distribution Centers,US,Phoenix AZ,+1 602-971-5472,https://completefulfillment.com/,orders@completefulfillment.com,5,"https://www.google.com/maps/place/Complete+Fulfillment+%26+Distribution,+L.L.C/data=!4m7!3m6!1s0x872b65a96b2062a9:0x2408bf80c14e6bac!8m2!3d33.6974252!4d-112.1066007!16s%2Fg%2F11h7fl5jl9!19sChIJqWIga6llK4cRrGtOwYC_CCQ?authuser=0&hl=en&rclk=1"
Home Depot Distribution Center,Distribution Centers,US,Phoenix AZ,+1 602-477-8013,http://careers.homedepot.com/warehouse,mythdhr@homedepot.com,58,https://www.google.com/maps/place/Home+Depot+Distribution+Center/data=!4m7!3m6!1s0x872b1437fe2538ff:0x4320c25b50e4b335!8m2!3d33.4446618!4d-112.1789759!16s%2Fg%2F1xfsp628!19sChIJ_zgl_jcUK4cRNbPkUFvCIEM?authuser=0&hl=en&rclk=1
Amazon Fulfillment Center- KRB3,Distribution Centers,US,Phoenix AZ,,,,111,https://www.google.com/maps/place/Amazon+Fulfillment+Center-+KRB3/data=!4m7!3m6!1s0x872b1567b5780063:0xbb41c66c69d1aec0!8m2!3d33.4575485!4d-112.2335583!16s%2Fg%2F11p0wgbt4b!19sChIJYwB4tWcVK4cRwK7RaWzGQbs?authuser=0&hl=en&rclk=1
Amazon Fulfillment Center-PHX7,Distribution Centers,US,Phoenix AZ,+1 480-909-2229,,,398,https://www.google.com/maps/place/Amazon+Fulfillment+Center-PHX7/data=!4m7!3m6!1s0x872b159d41555555:0x521786e573765e2!8m2!3d33.4571022!4d-112.2253114!16s%2Fg%2F11gfnh2731!19sChIJVVVVQZ0VK4cR4mU3V254IQU?authuser=0&hl=en&rclk=1
Essendant - Phoenix Distribution Center,Distribution Centers,US,Phoenix AZ,+1 623-936-9750,https://www.essendant.com/?utm_source=google&utm_medium=organic&utm_campaign=gmb&utm_content=phe,,29,https://www.google.com/maps/place/Essendant+-+Phoenix+Distribution+Center/data=!4m7!3m6!1s0x872b15c201345683:0xc773240bb175ca87!8m2!3d33.4343043!4d-112.2162842!16s%2Fg%2F11g9jvp5qv!19sChIJg1Y0AcIVK4cRh8p1sQskc8c?authuser=0&hl=en&rclk=1
PetSmart Distribution Center,Distribution Centers,US,Phoenix AZ,+1 623-432-3800,https://careers.petsmart.com/distribution,,283,https://www.google.com/maps/place/PetSmart+Distribution+Center/data=!4m7!3m6!1s0x872b15781ec39f4d:0x7275908468b1cc30!8m2!3d33.4604982!4d-112.226553!16s%2Fg%2F11f7ftn3y6!19sChIJTZ_DHngVK4cRMMyxaISQdXI?authuser=0&hl=en&rclk=1
American Western Distribution,Distribution Centers,US,Phoenix AZ,+1 602-272-6016,https://awdaz.com/,rick@awdaz.com,9,https://www.google.com/maps/place/American+Western+Distribution/data=!4m7!3m6!1s0x872b141be89ac457:0xe358a381f861cab4!8m2!3d33.433437!4d-112.1580918!16s%2Fg%2F1tdd14f3!19sChIJV8Sa6BsUK4cRtMph-IGjWOM?authuser=0&hl=en&rclk=1
Amazon Fulfillment Center - SAZ1/HPX1/VAZ1,Distribution Centers,US,Phoenix AZ,,,,279,https://www.google.com/maps/place/Amazon+Fulfillment+Center+-+SAZ1%2FHPX1%2FVAZ1/data=!4m7!3m6!1s0x872b11dff9ca3f1d:0x953eb8c98f59a829!8m2!3d33.4151382!4d-112.0630874!16s%2Fg%2F11flbr9m25!19sChIJHT_K-d8RK4cRKahZj8m4PpU?authuser=0&hl=en&rclk=1
USPS WVLDC,Distribution Centers,US,Phoenix AZ,+1 800-275-8777,https://www.usps.com/,sfsdelivery.confirmation@usps.gov,207,https://www.google.com/maps/place/USPS+WVLDC/data=!4m7!3m6!1s0x872b14693116250b:0x644b8b1dc61073cc!8m2!3d33.456338!4d-112.1606724!16s%2Fg%2F11bvvznm3_!19sChIJCyUWMWkUK4cRzHMQxh2LS2Q?authuser=0&hl=en&rclk=1
Philadelphia Distribution Center,Distribution Centers,US,Philadelphia PA,+1 267-519-0352,http://otcstores.com/,,4,https://www.google.com/maps/place/Philadelphia+Distribution+Center/data=!4m7!3m6!1s0x89c6b7ce77ec21ef:0x1f45917507f0e255!8m2!3d40.0056334!4d-75.1137196!16s%2Fg%2F1tffkr0k!19sChIJ7yHsd863xokRVeLwB3WRRR8?authuser=0&hl=en&rclk=1
"Penn Warehousing & Distribution, Inc.",Distribution Centers,US,Philadelphia PA,+1 215-218-3000,http://pennwarehousing.com/,,208,"https://www.google.com/maps/place/Penn+Warehousing+%26+Distribution,+Inc./data=!4m7!3m6!1s0x89c6c8b24cd3cf7f:0xbc84444c9eee3a85!8m2!3d39.9194127!4d-75.1399591!16s%2Fg%2F1thp8yrf!19sChIJf8_TTLLIxokRhTrunkxEhLw?authuser=0&hl=en&rclk=1"
Philadelphia Design and Distribution Center,Distribution Centers,US,Philadelphia PA,,,,96,https://www.google.com/maps/place/Philadelphia+Design+and+Distribution+Center/data=!4m7!3m6!1s0x89c6b813919bb769:0xe75617ad6c24dbc6!8m2!3d40.0163607!4d-75.1741079!16s%2Fg%2F11fn2jmd8t!19sChIJabebkRO4xokRxtskbK0XVuc?authuser=0&hl=en&rclk=1
Philadelphia Distribution Center (PDC),Distribution Centers,US,Philadelphia PA,+1 215-551-2735,http://holtlogistics.com/,,14,https://www.google.com/maps/place/Philadelphia+Distribution+Center+%28PDC%29/data=!4m7!3m6!1s0x89c6c50eb6cce801:0xd583456215fd6495!8m2!3d39.9064816!4d-75.1547808!16s%2Fg%2F11txffk96_!19sChIJAejMtg7FxokRlWT9FWJFg9U?authuser=0&hl=en&rclk=1
Northeast Philadelphia Distribution Center- Regency Furniture,Distribution Centers,US,Philadelphia PA,,,,6,https://www.google.com/maps/place/Northeast+Philadelphia+Distribution+Center-+Regency+Furniture/data=!4m7!3m6!1s0x89c6b396d60cc5f5:0x18d6506be87c798e!8m2!3d40.0724101!4d-75.0242411!16s%2Fg%2F11t9d167cd!19sChIJ9cUM1pazxokRjnl86GtQ1hg?authuser=0&hl=en&rclk=1
Liberty Coca-Cola Beverages Warehouse and Distribution Center,Distribution Centers,US,Philadelphia PA,+1 215-427-4500,http://www.libertycoke.com/,libertymycokesupport@ccbss.com,335,https://www.google.com/maps/place/Liberty+Coca-Cola+Beverages+Warehouse+and+Distribution+Center/data=!4m7!3m6!1s0x89c6b7cc448d5fcd:0x332684c4d7385028!8m2!3d40.0071473!4d-75.110397!16s%2Fg%2F11hcn9t_4s!19sChIJzV-NRMy3xokRKFA418SEJjM?authuser=0&hl=en&rclk=1
Amazon Logistics DDP2,Distribution Centers,US,Philadelphia PA,,https://www.amazondelivers.jobs/,,55,https://www.google.com/maps/place/Amazon+Logistics+DDP2/data=!4m7!3m6!1s0x89c6c95b30487d73:0x6d65befd797dfe65!8m2!3d39.9174995!4d-75.1447753!16s%2Fg%2F11jpqvmtp1!19sChIJc31IMFvJxokRZf59ef2-ZW0?authuser=0&hl=en&rclk=1
Philadelphia Warehousing|Warehouse America,Distribution Centers,US,Philadelphia PA,+1 267-344-8427,http://www.whseusa.com/,warehouseamerica@gmail.com,33,https://www.google.com/maps/place/Philadelphia+Warehousing%7CWarehouse+America/data=!4m7!3m6!1s0x89c6b62f5efea129:0x2d6a04a05dc7efe!8m2!3d40.1056365!4d-75.013298!16s%2Fg%2F1tzvxj50!19sChIJKaH-Xi-2xokR_n7cBUqg1gI?authuser=0&hl=en&rclk=1
DDP3 Amazon,Distribution Centers,US,Philadelphia PA,,,,73,https://www.google.com/maps/place/DDP3+Amazon/data=!4m7!3m6!1s0x89c6c5f84fb80ef3:0x3bdb4fb23c28428e!8m2!3d39.9204582!4d-75.234719!16s%2Fg%2F11v0z2l7_v!19sChIJ8w64T_jFxokRjkIoPLJP2zs?authuser=0&hl=en&rclk=1
Nanco Distribution Company,Distribution Centers,US,Philadelphia PA,+1 215-463-8000,https://procaccibrothers.com/nanco-cold-storage/,sales@procaccibrothers.com,14,https://www.google.com/maps/place/Nanco+Distribution+Company/data=!4m7!3m6!1s0x89c6cf58b1ae9285:0x6294b722cfaf4307!8m2!3d39.903096!4d-75.1536572!16s%2Fg%2F11bxgb1k8k!19sChIJhZKusVjPxokRB0OvzyK3lGI?authuser=0&hl=en&rclk=1
Penn Warehouse,Distribution Centers,US,Philadelphia PA,,,,23,https://www.google.com/maps/place/Penn+Warehouse/data=!4m7!3m6!1s0x89c6c9facbacc211:0x9fce817a5f158acc!8m2!3d39.9219794!4d-75.1413217!16s%2Fg%2F11tngg6xk7!19sChIJEcKsy_rJxokRzIoVX3qBzp8?authuser=0&hl=en&rclk=1
Dependable Distribution Services,Distribution Centers,US,Philadelphia PA,+1 856-665-1700,http://ddscocoa.com/,info@ddscocoa.com,1,https://www.google.com/maps/place/Dependable+Distribution+Services/data=!4m7!3m6!1s0x89c6c95a7dcda073:0x1e26dba9af9d61da!8m2!3d39.9161166!4d-75.1365352!16s%2Fg%2F11l3l0b4ld!19sChIJc6DNfVrJxokR2mGdr6nbJh4?authuser=0&hl=en&rclk=1
East Coast Warehouse & Distribution Corporation,Distribution Centers,US,Philadelphia PA,+1 215-309-0676,https://landing.eastcoastwarehouse.com/philadelphia/,sales@eastcoastwarehouse.com,1,https://www.google.com/maps/place/East+Coast+Warehouse+%26+Distribution+Corporation/data=!4m7!3m6!1s0x89c6c7d4aae119d5:0x7a2bae8046ed006d!8m2!3d39.9326339!4d-75.202008!16s%2Fg%2F11vwjhb7hw!19sChIJ1RnhqtTHxokRbQDtRoCuK3o?authuser=0&hl=en&rclk=1
"PENN Warehousing & Distribution, Auto Division",Distribution Centers,US,Philadelphia PA,+1 215-218-3000,http://pennwarehousing.com/,,2,"https://www.google.com/maps/place/PENN+Warehousing+%26+Distribution,+Auto+Division/data=!4m7!3m6!1s0x89c6cf4e2e849a79:0x13aa77dc5a22491d!8m2!3d39.912535!4d-75.13986!16s%2Fg%2F11b5wjqglc!19sChIJeZqELk7PxokRHUkiWtx3qhM?authuser=0&hl=en&rclk=1"
Amazon Flex,Distribution Centers,US,Philadelphia PA,+1 888-892-7180,,,15,https://www.google.com/maps/place/Amazon+Flex/data=!4m7!3m6!1s0x89c6c7a3d6776563:0xad2e89e5af3728a0!8m2!3d39.9630776!4d-75.1741035!16s%2Fg%2F11gmxc8v00!19sChIJY2V31qPHxokRoCg3r-WJLq0?authuser=0&hl=en&rclk=1
American Supply,Distribution Centers,US,Philadelphia PA,+1 215-739-2627,https://www.americansupplyco.com/,sales@americansupplyco.com,13,https://www.google.com/maps/place/American+Supply/data=!4m7!3m6!1s0x89c6c8198a09cc11:0x7b7f5efaeaa9cfa1!8m2!3d39.987462!4d-75.1368105!16s%2Fg%2F1tf71x6q!19sChIJEcwJihnIxokRoc-p6vpef3s?authuser=0&hl=en&rclk=1
Refrigerated Food Distributors,Distribution Centers,US,Philadelphia PA,+1 215-934-6000,,,6,https://www.google.com/maps/place/Refrigerated+Food+Distributors/data=!4m7!3m6!1s0x89c6b306480b7cab:0xfe40788d27fdee21!8m2!3d40.0938864!4d-75.0087678!16s%2Fg%2F1tg2lmc6!19sChIJq3wLSAazxokRIe79J414QP4?authuser=0&hl=en&rclk=1
Distribution Services,Distribution Centers,US,Philadelphia PA,+1 215-398-3050,https://store.churchofjesuschrist.org/?utm_source=gmb&utm_medium=yext&y_source=1_MTAwNDU1NTUxOS03MTUtbG9jYXRpb24ud2Vic2l0ZQ%3D%3D,,6,https://www.google.com/maps/place/Distribution+Services/data=!4m7!3m6!1s0x89c6c70ddc2c9cf7:0xe29fcaf4fb2f78be!8m2!3d39.9591016!4d-75.1682118!16s%2Fg%2F11r452th5z!19sChIJ95ws3A3HxokRvngv-_TKn-I?authuser=0&hl=en&rclk=1
Heb distribution center,Distribution Centers,US,San Antonio TX,,,,67,https://www.google.com/maps/place/Heb+distribution+center/data=!4m7!3m6!1s0x88dd09c1702c363b:0xb9f93eb514b0aa97!8m2!3d29.486887!4d-98.3922118!16s%2Fg%2F11smzs_bnj!19sChIJOzYscMEJ3YgRl6qwFLU--bk?authuser=0&hl=en&rclk=1
H-E-B Distribution Center,Distribution Centers,US,San Antonio TX,+1 210-938-8000,http://www.heb.com/,,434,https://www.google.com/maps/place/H-E-B+Distribution+Center/data=!4m7!3m6!1s0x865cf37c412eabb9:0xc06599782cf430f0!8m2!3d29.4864425!4d-98.3904854!16s%2Fg%2F1pp2vd4qq!19sChIJuasuQXzzXIYR8DD0LHiZZcA?authuser=0&hl=en&rclk=1
San Antonio Express News Distribution Center,Distribution Centers,US,San Antonio TX,,,,15,https://www.google.com/maps/place/San+Antonio+Express+News+Distribution+Center/data=!4m7!3m6!1s0x865c5d64d046278d:0x1ce839646829a7ec!8m2!3d29.500481!4d-98.6277929!16s%2Fg%2F11bx0h43gk!19sChIJjSdG0GRdXIYR7KcpaGQ56Bw?authuser=0&hl=en&rclk=1
Landmark Distribution Center,Distribution Centers,US,San Antonio TX,,,,27,https://www.google.com/maps/place/Landmark+Distribution+Center/data=!4m7!3m6!1s0x865c8cc72591a121:0x35284b5d12eef4ca!8m2!3d29.5418891!4d-98.3725518!16s%2Fg%2F11hd6wzf4r!19sChIJIaGRJceMXIYRyvTuEl1LKDU?authuser=0&hl=en&rclk=1
TJX Distribution Warehouse,Distribution Centers,US,San Antonio TX,+1 210-627-2636,https://www.tjx.com/,,177,https://www.google.com/maps/place/TJX+Distribution+Warehouse/data=!4m7!3m6!1s0x865cf86642672ccb:0x1ee062c51819d062!8m2!3d29.301073!4d-98.4693756!16s%2Fg%2F11f4r26rgk!19sChIJyyxnQmb4XIYRYtAZGMVi4B4?authuser=0&hl=en&rclk=1
Southern Warehousing & Distribution,Distribution Centers,US,San Antonio TX,+1 210-224-7771,http://www.southernwd.com/,jwalker@southernwd.com,150,https://www.google.com/maps/place/Southern+Warehousing+%26+Distribution/data=!4m7!3m6!1s0x865cf4316cb48c5d:0x53b4def741f659c3!8m2!3d29.4430215!4d-98.434745!16s%2Fg%2F1tt8cppn!19sChIJXYy0bDH0XIYRw1n2QffetFM?authuser=0&hl=en&rclk=1
NEISD Distribution Center,Distribution Centers,US,San Antonio TX,+1 210-356-8824,http://www.neisd.net/,,8,https://www.google.com/maps/place/NEISD+Distribution+Center/data=!4m7!3m6!1s0x865c8acf9ddb920f:0xd4822f4b16dc79cb!8m2!3d29.5297642!4d-98.453537!16s%2Fg%2F11hcjts8qc!19sChIJD5Lbnc-KXIYRy3ncFksvgtQ?authuser=0&hl=en&rclk=1
heb warehouse dairy entry,Distribution Centers,US,San Antonio TX,,,,56,https://www.google.com/maps/place/heb+warehouse+dairy+entry/data=!4m7!3m6!1s0x865cf47e7159d721:0x2a70597acc0e63da!8m2!3d29.4752314!4d-98.4015889!16s%2Fg%2F11dxnqmy5s!19sChIJIddZcX70XIYR2mMOzHpZcCo?authuser=0&hl=en&rclk=1
PepsiCo,Distribution Centers,US,San Antonio TX,,,,20,https://www.google.com/maps/place/PepsiCo/data=!4m7!3m6!1s0x865cf3800f535abd:0x14e60477e355dab9!8m2!3d29.4483181!4d-98.3576207!16s%2Fg%2F11t5rg33y9!19sChIJvVpTD4DzXIYRudpV43cE5hQ?authuser=0&hl=en&rclk=1
Visionworks Distribution Center,Distribution Centers,US,San Antonio TX,,https://www.visionworks.com/careers-manufacturing,,26,https://www.google.com/maps/place/Visionworks+Distribution+Center/data=!4m7!3m6!1s0x865c5ccbc8fb54d3:0x1bff6947cf822e4d!8m2!3d29.4411407!4d-98.6547716!16s%2Fg%2F11fxc7v5n3!19sChIJ01T7yMtcXIYRTS6Cz0dp_xs?authuser=0&hl=en&rclk=1
Weyerhaeuser Distribution,Distribution Centers,US,San Antonio TX,+1 800-392-6354,https://www.weyerhaeuser.com/woodproducts/distribution/san-antonio-distribution-center/,,11,https://www.google.com/maps/place/Weyerhaeuser+Distribution/data=!4m7!3m6!1s0x865c591480fa9c55:0x1575c3beee3abc61!8m2!3d29.377456!4d-98.5440915!16s%2Fg%2F11q4bzkqvm!19sChIJVZz6gBRZXIYRYbw67r7DdRU?authuser=0&hl=en&rclk=1
San Antonio P & DC,Distribution Centers,US,San Antonio TX,+1 210-368-1712,,,39,https://www.google.com/maps/place/San+Antonio+P+%26+DC/data=!4m7!3m6!1s0x865c8b18cda17dbd:0x4d4ecfb3ea2b303c!8m2!3d29.533241!4d-98.4091692!16s%2Fg%2F11jfp46rvk!19sChIJvX2hzRiLXIYRPDAr6rPPTk0?authuser=0&hl=en&rclk=1
Martin Brower/McDonalds Distribution Center - San Antonio,Distribution Centers,US,San Antonio TX,,http://www.martinbrower.com/,mbcommunications@reyesholdings.com,2,https://www.google.com/maps/place/Martin+Brower%2FMcDonalds+Distribution+Center+-+San+Antonio/data=!4m7!3m6!1s0x865cf150410d908d:0xf475cbcaac60388a!8m2!3d29.574785!4d-98.4200247!16s%2Fg%2F11f0_gv4vs!19sChIJjZANQVDxXIYRijhgrMrLdfQ?authuser=0&hl=en&rclk=1
H-E-B Refrigerated Distribution Ctr,Distribution Centers,US,San Antonio TX,,,,181,https://www.google.com/maps/place/H-E-B+Refrigerated+Distribution+Ctr/data=!4m7!3m6!1s0x865cf37480f3d237:0xbe89eeae61fe1ac8!8m2!3d29.4863917!4d-98.3881886!16s%2Fg%2F11cp23m3tk!19sChIJN9LzgHTzXIYRyBr-Ya7uib4?authuser=0&hl=en&rclk=1
Rancho Bernardo Distribution Center,Distribution Centers,US,San Diego CA,,,,4,https://www.google.com/maps/place/Rancho+Bernardo+Distribution+Center/data=!4m7!3m6!1s0x80dbf73a1b225555:0x80298a422f690348!8m2!3d33.0073814!4d-117.092781!16s%2Fg%2F11j19fvxrh!19sChIJVVUiGzr324ARSANpL0KKKYA?authuser=0&hl=en&rclk=1
Distribution center,Distribution Centers,US,San Diego CA,,,,14,https://www.google.com/maps/place/Distribution+center/data=!4m7!3m6!1s0x80dbf1886bf37a41:0x9ccc1b4d910f3ab6!8m2!3d32.9891824!4d-117.0714099!16s%2Fg%2F11tjp66k8q!19sChIJQXrza4jx24ARtjoPkU0bzJw?authuser=0&hl=en&rclk=1
Margaret L. Sellers Processing and Distribution Center,Distribution Centers,US,San Diego CA,+1 858-674-0205,http://www.usps.gov/,sfsdelivery.confirmation@usps.gov,59,https://www.google.com/maps/place/Margaret+L.+Sellers+Processing+and+Distribution+Center/data=!4m7!3m6!1s0x80dbf9ffe0ee05b3:0x385f8d963019749f!8m2!3d32.9838551!4d-117.0807624!16s%2Fg%2F1hc15fm2v!19sChIJswXu4P_524ARn3QZMJaNXzg?authuser=0&hl=en&rclk=1
San Diego Unified Distribution Center,Distribution Centers,US,San Diego CA,+1 858-496-8210,https://sandiegounified.org/departments/distribution_services,supctrec@sandi.net,1,https://www.google.com/maps/place/San+Diego+Unified+Distribution+Center/data=!4m7!3m6!1s0x80d955f68ec14543:0x334f85a83e356d37!8m2!3d32.6314061!4d-117.0580315!16s%2Fg%2F11lgvsx1yt!19sChIJQ0XBjvZV2YARN201PqiFTzM?authuser=0&hl=en&rclk=1
Otay Distribution Center,Distribution Centers,US,San Diego CA,+1 858-221-0962,http://www.bkmotaydistribution.com/,doleary@bkmmgmt.com,2,https://www.google.com/maps/place/Otay+Distribution+Center/data=!4m7!3m6!1s0x80d94880ef193bbb:0xc600820f32acfcf3!8m2!3d32.5472111!4d-116.9894624!16s%2Fg%2F1tl1nqz2!19sChIJuzsZ74BI2YAR8_ysMg-CAMY?authuser=0&hl=en&rclk=1
Activity Distribution Center,Distribution Centers,US,San Diego CA,+1 858-546-4629,http://www.cbre.us/o/sandiego/properties/activity-distribution-center/Pages/overview.aspx,,1,https://www.google.com/maps/place/Activity+Distribution+Center/data=!4m7!3m6!1s0x80dbf8d73ab62f17:0xa9121d26d76876a1!8m2!3d32.8972494!4d-117.1315325!16s%2Fg%2F11bbrmn5wt!19sChIJFy-2Otf424ARoXZo1yYdEqk?authuser=0&hl=en&rclk=1
United States Post Office Network Distribution Center,Distribution Centers,US,Dallas TX,+1 800-222-1811,http://www.usps.com/,sfsdelivery.confirmation@usps.gov,167,https://www.google.com/maps/place/United+States+Post+Office+Network+Distribution+Center/data=!4m7!3m6!1s0x864e9bb74ddce69b:0x79f9e3262f9176ee!8m2!3d32.7656429!4d-96.8637806!16s%2Fg%2F11f29zm03y!19sChIJm-bcTbebToYR7naRLybj-Xk?authuser=0&hl=en&rclk=1
Ulta Beauty Distribution Center,Distribution Centers,US,Dallas TX,+1 469-872-7000,http://www.ulta.com/,,224,https://www.google.com/maps/place/Ulta+Beauty+Distribution+Center/data=!4m7!3m6!1s0x864e8fa0804b7e9f:0xb7a5be069ec30942!8m2!3d32.6800452!4d-96.9637584!16s%2Fg%2F11by_llnq9!19sChIJn35LgKCPToYRQgnDnga-pbc?authuser=0&hl=en&rclk=1
Cummins Regional Distribution Center - Dallas,Distribution Centers,US,Dallas TX,,,,53,https://www.google.com/maps/place/Cummins+Regional+Distribution+Center+-+Dallas/data=!4m7!3m6!1s0x864e8f0f4383ee17:0x1d199218164f3dff!8m2!3d32.6722897!4d-96.9701327!16s%2Fg%2F11c1tsv180!19sChIJF-6DQw-PToYR_z1PFhiSGR0?authuser=0&hl=en&rclk=1
Williams Distribution Center,Distribution Centers,US,Dallas TX,+1 214-350-3328,,,87,https://www.google.com/maps/place/Williams+Distribution+Center/data=!4m7!3m6!1s0x864e9e9e14208b5f:0xc8212f05bb42d2f1!8m2!3d32.8294465!4d-96.834091!16s%2Fg%2F1wk7r864!19sChIJX4sgFJ6eToYR8dJCuwUvIcg?authuser=0&hl=en&rclk=1
Texas Star Warehouse & Distribution,Distribution Centers,US,Dallas TX,+1 214-821-1999,http://texasstarwhse.com/,texasstarwhse@sbcglobal.net,53,https://www.google.com/maps/place/Texas+Star+Warehouse+%26+Distribution/data=!4m7!3m6!1s0x864ea20a8e63f92b:0x7c0a18511e80aacb!8m2!3d32.7864471!4d-96.7483964!16s%2Fg%2F1vy7g_4g!19sChIJK_ljjgqiToYRy6qAHlEYCnw?authuser=0&hl=en&rclk=1
GE Dallas Distribution Center,Distribution Centers,US,Dallas TX,+1 800-659-4078,,,90,https://www.google.com/maps/place/GE+Dallas+Distribution+Center/data=!4m7!3m6!1s0x864e85425a4a4ab7:0x3769dfabfdd19db8!8m2!3d32.7714847!4d-96.9956589!16s%2Fg%2F11g0h2kg42!19sChIJt0pKWkKFToYRuJ3R_avfaTc?authuser=0&hl=en&rclk=1
First Co. Distribution Center,Distribution Centers,US,Dallas TX,+1 214-388-5751,https://www.firstco.com/,techsupport@firstco.com,34,https://www.google.com/maps/place/First+Co.+Distribution+Center/data=!4m7!3m6!1s0x864ea38bfa057009:0xbd423e5b9e1839a8!8m2!3d32.7831255!4d-96.6693414!16s%2Fg%2F11bv385ntz!19sChIJCXAF-oujToYRqDkYnls-Qr0?authuser=0&hl=en&rclk=1
NFI/Eaton - Dallas Distribution Center,Distribution Centers,US,Dallas TX,+1 909-201-3729,http://eaton.com/,,185,https://www.google.com/maps/place/NFI%2FEaton+-+Dallas+Distribution+Center/data=!4m7!3m6!1s0x864e970f187e5057:0xbad1635b8a12894f!8m2!3d32.6287962!4d-96.7492181!16s%2Fg%2F11j8zprnx8!19sChIJV1B-GA-XToYRT4kSiltj0bo?authuser=0&hl=en&rclk=1
Texas Fulfillment Center 3PL,Distribution Centers,US,Dallas TX,+1 979-366-7262,https://www.facebook.com/texas3pl,saharmalik600@gmail.com,1,https://www.google.com/maps/place/Texas+Fulfillment+Center+3PL/data=!4m7!3m6!1s0x864c278e54d84719:0x209cf8450d28bd92!8m2!3d32.9098891!4d-96.8919296!16s%2Fg%2F11stf51kst!19sChIJGUfYVI4nTIYRkr0oDUX4nCA?authuser=0&hl=en&rclk=1
Red Bull Distribution Center,Distribution Centers,US,Dallas TX,,,,23,https://www.google.com/maps/place/Red+Bull+Distribution+Center/data=!4m7!3m6!1s0x864e9d28e4a86631:0xea1cb7ba571534d6!8m2!3d32.8045512!4d-96.870786!16s%2Fg%2F11gyyy03tp!19sChIJMWao5CidToYR1jQVV7q3HOo?authuser=0&hl=en&rclk=1
DFW Distribution,Distribution Centers,US,Dallas TX,+1 214-321-4111,http://www.dfwdistribution.com/,customerservice@dfwdistribution.com,14,https://www.google.com/maps/place/DFW+Distribution/data=!4m7!3m6!1s0x864ea3e6641b7b3f:0xe1de87088217f6da!8m2!3d32.8023045!4d-96.6804465!16s%2Fg%2F1w15zvz1!19sChIJP3sbZOajToYR2vYXggiH3uE?authuser=0&hl=en&rclk=1
Amazon Delivery Station - DXC8,Distribution Centers,US,San Jose CA,,,,42,https://www.google.com/maps/place/Amazon+Delivery+Station+-+DXC8/data=!4m7!3m6!1s0x808e33dae62911c7:0x2eae166ee957b4c2!8m2!3d37.3077239!4d-121.8715667!16s%2Fg%2F11qm3nbs26!19sChIJxxEp5tozjoARwrRX6W4Wri4?authuser=0&hl=en&rclk=1
L & C Food Distribution Inc,Distribution Centers,US,San Jose CA,+1 408-998-8211,https://lncfood.com/,info@lncfood.com,4,https://www.google.com/maps/place/L+%26+C+Food+Distribution+Inc/data=!4m7!3m6!1s0x808fcd2368b1539b:0xf946c26d4e162c8a!8m2!3d37.3646744!4d-121.8976163!16s%2Fg%2F11gtymjhrw!19sChIJm1OxaCPNj4ARiiwWTm3CRvk?authuser=0&hl=en&rclk=1
SJECCD Warehouse,Distribution Centers,US,San Jose CA,+1 408-223-6720,https://sjeccd.edu/district-services/general-services/warehouse,do-warehouse@sjeccd.edu,1,https://www.google.com/maps/place/SJECCD+Warehouse/data=!4m7!3m6!1s0x808e2df278329253:0xe45b0e6db2c580fa!8m2!3d37.3031908!4d-121.7692396!16s%2Fg%2F11lqt54048!19sChIJU5IyePItjoAR-oDFsm0OW-Q?authuser=0&hl=en&rclk=1
Newark Distribution Center,Distribution Centers,US,San Jose CA,,,,7,https://www.google.com/maps/place/Newark+Distribution+Center/data=!4m7!3m6!1s0x808fbf23c5f4a2a3:0x99a1d224118f35c1!8m2!3d37.5240803!4d-122.0316196!16s%2Fg%2F11cs1ksy91!19sChIJo6L0xSO_j4ARwTWPESTSoZk?authuser=0&hl=en&rclk=1
Distribution Resources,Distribution Centers,US,San Jose CA,+1 408-321-8499,,,1,https://www.google.com/maps/place/Distribution+Resources/data=!4m7!3m6!1s0x808fcbe08a9c03bf:0xd17c02d2110b29!8m2!3d37.384879!4d-121.9234383!16s%2Fg%2F1vgw8w2f!19sChIJvwOciuDLj4ARKQsR0gJ80QA?authuser=0&hl=en&rclk=1
ECONO DISTRIBUTION,Distribution Centers,US,San Jose CA,+1 408-277-0575,,,13,https://www.google.com/maps/place/ECONO+DISTRIBUTION/data=!4m7!3m6!1s0x808fcb6056f6e73b:0x4aa9559d0960081b!8m2!3d37.3830168!4d-121.910932!16s%2Fg%2F1q6n2r9vy!19sChIJO-f2VmDLj4ARGwhgCZ1VqUo?authuser=0&hl=en&rclk=1
UPS/SCS,Distribution Centers,US,San Jose CA,+1 408-437-2504,,,9,https://www.google.com/maps/place/UPS%2FSCS/data=!4m7!3m6!1s0x808fcc65c3fa8187:0x42c60e6d4649ea6!8m2!3d37.365617!4d-121.8867714!16s%2Fg%2F1tjhxx9x!19sChIJh4H6w2XMj4ARpp5k1OZgLAQ?authuser=0&hl=en&rclk=1
Amazon Delivery Station,Distribution Centers,US,San Jose CA,,http://www.amazondelivers.jobs/,,36,https://www.google.com/maps/place/Amazon+Delivery+Station/data=!4m7!3m6!1s0x808fcd0416ae75f5:0x931981c6375b1cd3!8m2!3d37.3354219!4d-121.8547761!16s%2Fg%2F11l3f2bzw0!19sChIJ9XWuFgTNj4AR0xxbN8aBGZM?authuser=0&hl=en&rclk=1
Northwest Door San Jose Wholesale Distribution Center,Distribution Centers,US,San Jose CA,+1 408-786-9999,,,12,https://www.google.com/maps/place/Northwest+Door+San+Jose+Wholesale+Distribution+Center/data=!4m7!3m6!1s0x808fcead027a65f3:0x4a8156f2cd84e2ad!8m2!3d37.401326!4d-121.8996794!16s%2Fg%2F1ydpvcj3s!19sChIJ82V6Aq3Oj4ARreKEzfJWgUo?authuser=0&hl=en&rclk=1
J Lohr Warehouse,Distribution Centers,US,San Jose CA,+1 408-293-1345,,,8,https://www.google.com/maps/place/J+Lohr+Warehouse/data=!4m7!3m6!1s0x808e33ee7a4a117f:0x36d43d5b398b418a!8m2!3d37.311679!4d-121.859407!16s%2Fg%2F11s_z2xs_f!19sChIJfxFKeu4zjoARikGLOVs91DY?authuser=0&hl=en&rclk=1
P F Distribution Center Inc,Distribution Centers,US,San Jose CA,+1 877-256-6907,https://www.pfdci.com/,,2,https://www.google.com/maps/place/P+F+Distribution+Center+Inc/data=!4m7!3m6!1s0x808e34bf6a5bace7:0x2cdd59507f4de533!8m2!3d37.2939088!4d-121.9230412!16s%2Fg%2F125__x3c1!19sChIJ56xbar80joARM-VNf1BZ3Sw?authuser=0&hl=en&rclk=1
San Jose Acorn - Food Distribution Center,Distribution Centers,US,San Jose CA,+1 408-293-1520,,,3,https://www.google.com/maps/place/San+Jose+Acorn+-+Food+Distribution+Center/data=!4m7!3m6!1s0x808fcce7dc2d9a8f:0x50d4f53babf27658!8m2!3d37.3475447!4d-121.8674269!16s%2Fg%2F11jppv64b0!19sChIJj5ot3OfMj4ARWHbyqzv11FA?authuser=0&hl=en&rclk=1
Lighthouse Food Rescue and Distribution,Distribution Centers,US,San Jose CA,+1 408-492-1323,https://www.lfoodrescue.org/,pastor_ralph@lfrad.org,254,https://www.google.com/maps/place/Lighthouse+Food+Rescue+and+Distribution/data=!4m7!3m6!1s0x808fcd4feffd146b:0x61e0f82b274feba8!8m2!3d37.3483145!4d-121.8779411!16s%2Fg%2F11kpv9j54m!19sChIJaxT970_Nj4ARqOtPJyv44GE?authuser=0&hl=en&rclk=1
Storehouse Of Blessings - Food Distribution Center,Distribution Centers,US,San Jose CA,+1 408-661-0005,,,2,https://www.google.com/maps/place/Storehouse+Of+Blessings+-+Food+Distribution+Center/data=!4m7!3m6!1s0x808e32d03ed6f505:0xb095271ea621cc5d!8m2!3d37.3249507!4d-121.8464151!16s%2Fg%2F11jrj0h_wz!19sChIJBfXWPtAyjoARXcwhph4nlbA?authuser=0&hl=en&rclk=1
La-Z-Boy Furniture Galleries - Distribution Center,Distribution Centers,US,San Jose CA,+1 408-283-5588,https://www.la-z-boy.com/Bay-Area/,name@site.com,10,https://www.google.com/maps/place/La-Z-Boy+Furniture+Galleries+-+Distribution+Center/data=!4m7!3m6!1s0x808fcd58ede7d5e9:0x8cc660f8dde3350b!8m2!3d37.3624954!4d-121.8683471!16s%2Fg%2F11bw1zkvs2!19sChIJ6dXn7VjNj4ARCzXj3fhgxow?authuser=0&hl=en&rclk=1
Food Distribution | Reaching Out Center,Distribution Centers,US,San Jose CA,+1 408-267-4691,http://reachingoutcenter.org/,,11,https://www.google.com/maps/place/Food+Distribution+%7C+Reaching+Out+Center/data=!4m7!3m6!1s0x808e330ed44daeed:0x76dcf074f76ee286!8m2!3d37.2908271!4d-121.8749427!16s%2Fg%2F11jrj0bqmk!19sChIJ7a5N1A4zjoARhuJu93Tw3HY?authuser=0&hl=en&rclk=1
CDC California Distribution Center,Distribution Centers,US,San Jose CA,+1 909-623-3289,http://www.cdcwarehouse.com/,info@cdcwarehouse.com,25,https://www.google.com/maps/place/CDC+California+Distribution+Center/data=!4m7!3m6!1s0x80c332ca59eab4b1:0x474519c6c5db7d32!8m2!3d33.9966905!4d-117.7113867!16s%2Fg%2F11dxf4kr8l!19sChIJsbTqWcoyw4ARMn3bxcYZRUc?authuser=0&hl=en&rclk=1
Sacred Heart Community Service - Food Distribution Center,Distribution Centers,US,San Jose CA,+1 408-278-2160,http://www.sacredheartcs.org/,demonec@sacredhearcs.org,40,https://www.google.com/maps/place/Sacred+Heart+Community+Service+-+Food+Distribution+Center/data=!4m7!3m6!1s0x808e333738b5d751:0x9c209756ffc9641d!8m2!3d37.3164162!4d-121.874703!16s%2Fg%2F11jrj1frvl!19sChIJUde1ODczjoARHWTJ_1aXIJw?authuser=0&hl=en&rclk=1
Trillium US Distribution Center,Distribution Centers,US,Austin TX,,,,,https://www.google.com/maps/place/Trillium+US+Distribution+Center/data=!4m7!3m6!1s0x8644b1005d7046d9:0x3eca546ae0127444!8m2!3d30.1905491!4d-97.6965847!16s%2Fg%2F11zbw8c7wt!19sChIJ2UZwXQCxRIYRRHQS4GpUyj4?authuser=0&hl=en&rclk=1
Austin Warehouse & Distribution,Distribution Centers,US,Austin TX,+1 512-997-9140,https://www.awdservice.com/,rich@awdservice.com,42,https://www.google.com/maps/place/Austin+Warehouse+%26+Distribution/data=!4m7!3m6!1s0x8644ce158bc101c5:0xefbc82e5623d2fc8!8m2!3d30.384465!4d-97.7204545!16s%2Fg%2F1hc2clmpw!19sChIJxQHBixXORIYRyC89YuWCvO8?authuser=0&hl=en&rclk=1
Distribution Hall,Distribution Centers,US,Austin TX,+1 512-262-9656,https://www.distributionhall.com/,hello@distributionhall.com,87,https://www.google.com/maps/place/Distribution+Hall/data=!4m7!3m6!1s0x8644b58a84cb9273:0xd6b0bcb406667954!8m2!3d30.2617569!4d-97.7281585!16s%2Fg%2F11fm5qhj6v!19sChIJc5LLhIq1RIYRVHlmBrS8sNY?authuser=0&hl=en&rclk=1
Cart.com Austin Fulfillment Center,Distribution Centers,US,Austin TX,,https://www.cart.com/fulfillment/pick-pack-and-ship,media@cart.com,11,https://www.google.com/maps/place/Cart.com+Austin+Fulfillment+Center/data=!4m7!3m6!1s0x8644b498499615ad:0x7affaa70af94f656!8m2!3d30.2034241!4d-97.7504358!16s%2Fg%2F11cr_z3jcq!19sChIJrRWWSZi0RIYRVvaUr3Cq_3o?authuser=0&hl=en&rclk=1
Amazon HAU1,Distribution Centers,US,Austin TX,,,,8,https://www.google.com/maps/place/Amazon+HAU1/data=!4m7!3m6!1s0x8644b53670ac86b5:0x30638e5f1b1b4dc0!8m2!3d30.2080469!4d-97.7181498!16s%2Fg%2F11rc7k4xr6!19sChIJtYascDa1RIYRwE0bG1-OYzA?authuser=0&hl=en&rclk=1
SPEC'S DISTRIBUTION WAREHOUSE,Distribution Centers,US,Austin TX,,,,1,https://www.google.com/maps/place/SPEC%27S+DISTRIBUTION+WAREHOUSE/data=!4m7!3m6!1s0x8644b161050f4219:0x47e1f49a85ae1e6a!8m2!3d30.184093!4d-97.694036!16s%2Fg%2F11x95fnq4c!19sChIJGUIPBWGxRIYRah6uhZr04Uc?authuser=0&hl=en&rclk=1
Literati Fulfillment Center,Distribution Centers,US,Austin TX,+1 833-548-5683,https://literati.com/,bookfairs@literati.com,7,https://www.google.com/maps/place/Literati+Fulfillment+Center/data=!4m7!3m6!1s0x8644b334058d0b15:0x7a752887c66d8662!8m2!3d30.2053235!4d-97.7497672!16s%2Fg%2F11hgdmmx58!19sChIJFQuNBTSzRIYRYoZtxocodXo?authuser=0&hl=en&rclk=1
Target Sortation Center T3866,Distribution Centers,US,Austin TX,+1 512-652-7800,https://corporate.target.com/careers/stores-and-supply-chain/supply-chain-hourly,press@target.com,13,https://www.google.com/maps/place/Target+Sortation+Center+T3866/data=!4m7!3m6!1s0x8644c9c7abc2fe7f:0x272d85e66681223d!8m2!3d30.3399665!4d-97.6646998!16s%2Fg%2F11rv03sqsb!19sChIJf_7Cq8fJRIYRPSKBZuaFLSc?authuser=0&hl=en&rclk=1
Kendra Scott Distribution Center,Distribution Centers,US,Austin TX,,,,7,https://www.google.com/maps/place/Kendra+Scott+Distribution+Center/data=!4m7!3m6!1s0x8644b3c8ada36d1f:0x77aa830d0939b9ee!8m2!3d30.1998801!4d-97.720054!16s%2Fg%2F11s_ssf8xt!19sChIJH22jrcizRIYR7rk5CQ2Dqnc?authuser=0&hl=en&rclk=1
Freedom Warehouse,Distribution Centers,US,Austin TX,+1 512-371-7575,http://www.fourhands.com/,,50,https://www.google.com/maps/place/Freedom+Warehouse/data=!4m7!3m6!1s0x8644b37f29f50d9b:0x331dd08701cab444!8m2!3d30.2043505!4d-97.7496881!16s%2Fg%2F11gd39yvm9!19sChIJmw31KX-zRIYRRLTKAYfQHTM?authuser=0&hl=en&rclk=1
Admiral Distribution,Distribution Centers,US,Austin TX,+1 713-302-0272,http://www.admiraldistribution.com/,sales@admiraldistribution.com,2,https://www.google.com/maps/place/Admiral+Distribution/data=!4m7!3m6!1s0x8644b7300b8504ff:0x205fda240c2bd535!8m2!3d30.2119673!4d-97.6855896!16s%2Fg%2F11r_tr8966!19sChIJ_wSFCzC3RIYRNdUrDCTaXyA?authuser=0&hl=en&rclk=1
NAU2 Amazon (Scrips) fulfillment Center,Distribution Centers,US,Austin TX,,,,2,https://www.google.com/maps/place/NAU2+Amazon+%28Scrips%29+fulfillment+Center/data=!4m7!3m6!1s0x8644b300749505fb:0x8f6d7195383bb20c!8m2!3d30.2067072!4d-97.7442214!16s%2Fg%2F11x8zn7d2s!19sChIJ-wWVdACzRIYRDLI7OJVxbY8?authuser=0&hl=en&rclk=1
Austin CFS,Distribution Centers,US,Austin TX,+1 512-386-7119,https://www.ghedi.com/austin-cfs-warehouse,info@austincfs.com,6,https://www.google.com/maps/place/Austin+CFS/data=!4m7!3m6!1s0x8644b15df4e05055:0x54334786e0e7764b!8m2!3d30.1870826!4d-97.6919418!16s%2Fg%2F1tj80c8r!19sChIJVVDg9F2xRIYRS3bn4IZHM1Q?authuser=0&hl=en&rclk=1
Austin ISD Warehouse,Distribution Centers,US,Austin TX,+1 512-414-6060,https://www.austinisd.org/construction-management/bond-and-construction-projects/central-warehouse,,25,https://www.google.com/maps/place/Austin+ISD+Warehouse/data=!4m7!3m6!1s0x8644b4946ac194e9:0x12082ee39a78a8e1!8m2!3d30.2248304!4d-97.7592375!16s%2Fg%2F11f0kzzz_m!19sChIJ6ZTBapS0RIYR4ah4muMuCBI?authuser=0&hl=en&rclk=1
United States Postal Service,Distribution Centers,US,Austin TX,+1 800-275-8777,https://tools.usps.com/find-location.htm?address=78710&locationType=po&searchRadius=10&utm_source=google-my-business-url&utm_medium=search&utm_campaign=yext,sfsdelivery.confirmation@usps.gov,416,https://www.google.com/maps/place/United+States+Postal+Service/data=!4m7!3m6!1s0x8644c9ba67e5da33:0xea05bac5c9732c16!8m2!3d30.3343726!4d-97.6670951!16s%2Fg%2F1tdw8fzb!19sChIJM9rlZ7rJRIYRFixzycW6Beo?authuser=0&hl=en&rclk=1
Alfred Williams & Company - Austin Warehouse,Distribution Centers,US,Austin TX,+1 512-480-0022,http://alfredwilliams.com/,info@alfredwilliams.com,19,https://www.google.com/maps/place/Alfred+Williams+%26+Company+-+Austin+Warehouse/data=!4m7!3m6!1s0x8644b37db88f7269:0x63805af195e7b141!8m2!3d30.2049373!4d-97.7484852!16s%2Fg%2F11cs1z78cz!19sChIJaXKPuH2zRIYRQbHnlfFagGM?authuser=0&hl=en&rclk=1
BECI,Distribution Centers,US,Austin TX,+1 512-494-4281,http://www.be-ci.com/,info@be-ci.com,14,https://www.google.com/maps/place/BECI/data=!4m7!3m6!1s0x8644c99a449b0119:0x90dddcef8fc87114!8m2!3d30.3384838!4d-97.683197!16s%2Fg%2F11cp7ftkj4!19sChIJGQGbRJrJRIYRFHHIj-_c3ZA?authuser=0&hl=en&rclk=1
USPFO Warehouse,Distribution Centers,US,Austin TX,+1 512-782-1492,https://www.txmf.us/,,3,https://www.google.com/maps/place/USPFO+Warehouse/data=!4m7!3m6!1s0x8644caebadce09f5:0x5184f0960ce5ea0f!8m2!3d30.3239021!4d-97.7608489!16s%2Fg%2F11bxjnzkqf!19sChIJ9QnOrevKRIYRD-rlDJbwhFE?authuser=0&hl=en&rclk=1
Amarr Garage Door Distribution Center Austin,Distribution Centers,US,Austin TX,+1 512-440-8999,https://www.amarr.com/,ask.amarr@amarr.com,7,https://www.google.com/maps/place/Amarr+Garage+Door+Distribution+Center+Austin/data=!4m7!3m6!1s0x8644b500517cbd21:0x17490c0c63f66744!8m2!3d30.2121819!4d-97.735926!16s%2Fg%2F11vy6_x3s7!19sChIJIb18UQC1RIYRRGf2YwwMSRc?authuser=0&hl=en&rclk=1
Network Distribution Center,Distribution Centers,US,Jacksonville FL,,,,244,https://www.google.com/maps/place/Network+Distribution+Center/data=!4m7!3m6!1s0x88e5b948fb6361d1:0x65c13f78fa282d0a!8m2!3d30.3389677!4d-81.7689131!16s%2Fg%2F11hdvpd1cd!19sChIJ0WFj-0i55YgRCi0o-ng_wWU?authuser=0&hl=en&rclk=1
Coach Distribution Center,Distribution Centers,US,Jacksonville FL,+1 800-444-3611,http://www.coach.com/,,180,https://www.google.com/maps/place/Coach+Distribution+Center/data=!4m7!3m6!1s0x88e5afb00773f6dd:0x5aa9593bda203e6d!8m2!3d30.4755087!4d-81.6586417!16s%2Fg%2F1vzqt1yr!19sChIJ3fZzB7Cv5YgRbT4g2jtZqVo?authuser=0&hl=en&rclk=1
GE Distribution Center,Distribution Centers,US,Jacksonville FL,+1 904-696-9775,,,132,https://www.google.com/maps/place/GE+Distribution+Center/data=!4m7!3m6!1s0x88e5b3becbdd9819:0x53271c021322af19!8m2!3d30.4384102!4d-81.5709537!16s%2Fg%2F11fm3w7rh9!19sChIJGZjdy76z5YgRGa8iEwIcJ1M?authuser=0&hl=en&rclk=1
Amazon Fulfilment Center,Distribution Centers,US,Jacksonville FL,+1 855-440-7663,,,389,https://www.google.com/maps/place/Amazon+Fulfilment+Center/data=!4m7!3m6!1s0x88e5c0211a2cc07b:0xb017f6092af8a04c!8m2!3d30.2480309!4d-81.8628963!16s%2Fg%2F11g873w5xr!19sChIJe8AsGiHA5YgRTKD4Kgn2F7A?authuser=0&hl=en&rclk=1
Bacardi Distribution Center,Distribution Centers,US,Jacksonville FL,+1 904-696-5570,,,37,https://www.google.com/maps/place/Bacardi+Distribution+Center/data=!4m7!3m6!1s0x88e5ad51d281ae8b:0x7ba07597e165cd36!8m2!3d30.451203!4d-81.5681978!16s%2Fg%2F11t6scm7fx!19sChIJi66B0lGt5YgRNs1l4Zd1oHs?authuser=0&hl=en&rclk=1
Sam’s Club Distribution Center - 4964,Distribution Centers,US,Jacksonville FL,,https://www.samsclub.com/,,143,https://www.google.com/maps/place/Sam%E2%80%99s+Club+Distribution+Center+-+4964/data=!4m7!3m6!1s0x88e44b004a5652bd:0x25c9559686fb04fc!8m2!3d30.4177043!4d-81.6239179!16s%2Fg%2F11w90_1_t4!19sChIJvVJWSgBL5IgR_AT7hpZVySU?authuser=0&hl=en&rclk=1
"Michaels Distribution Center Jacksonville, FL",Distribution Centers,US,Jacksonville FL,+1 904-695-3604,http://michaels.com/,,135,"https://www.google.com/maps/place/Michaels+Distribution+Center+Jacksonville,+FL/data=!4m7!3m6!1s0x88e5bf1e100f4995:0x55943bbee6e7b2da!8m2!3d30.3168301!4d-81.8077303!16s%2Fg%2F1wtbvp_z!19sChIJlUkPEB6_5YgR2rLn5r47lFU?authuser=0&hl=en&rclk=1"
Grainger Distribution Center,Distribution Centers,US,Jacksonville FL,+1 904-378-5200,,,60,https://www.google.com/maps/place/Grainger+Distribution+Center/data=!4m7!3m6!1s0x88e5bc0ac42eb5b1:0x31e633a4fa8dfad4!8m2!3d30.383291!4d-81.780433!16s%2Fg%2F11cly76w97!19sChIJsbUuxAq85YgR1PqN-qQz5jE?authuser=0&hl=en&rclk=1
"Imeson Distribution Center, Inc.",Distribution Centers,US,Jacksonville FL,+1 904-751-5500,http://www.imesondc.com/,dispatch@airvaninc.com,89,"https://www.google.com/maps/place/Imeson+Distribution+Center,+Inc./data=!4m7!3m6!1s0x88e5b1afdfe2aca1:0xe615afa1064dadfa!8m2!3d30.409267!4d-81.6382822!16s%2Fg%2F1tfqgmdc!19sChIJoazi36-x5YgR-q1NBqGvFeY?authuser=0&hl=en&rclk=1"
Gildan Distribution Center Jacksonville,Distribution Centers,US,Jacksonville FL,+1 877-445-3265,https://gildancorp.com/en/,customerserviceactivewear@gildan.com,264,https://www.google.com/maps/place/Gildan+Distribution+Center+Jacksonville/data=!4m7!3m6!1s0x88e5adff81d35a71:0x940e519ca98e63d4!8m2!3d30.4424972!4d-81.5589599!16s%2Fg%2F11gxwh1cm8!19sChIJcVrTgf-t5YgR1GOOqZxRDpQ?authuser=0&hl=en&rclk=1
Ulta Distribution Center,Distribution Centers,US,Jacksonville FL,+1 904-539-3633,,,26,https://www.google.com/maps/place/Ulta+Distribution+Center/data=!4m7!3m6!1s0x88e5af398d665e7d:0x8b1992c92cdfe96f!8m2!3d30.459007!4d-81.6862722!16s%2Fg%2F11fm_4jfz0!19sChIJfV5mjTmv5YgRb-nfLMmSGYs?authuser=0&hl=en&rclk=1
Ryder Distribution Center,Distribution Centers,US,Jacksonville FL,,,,15,https://www.google.com/maps/place/Ryder+Distribution+Center/data=!4m7!3m6!1s0x88e5bfe012c598f5:0x26ef4be0b80f8d1d!8m2!3d30.3562529!4d-81.841891!16s%2Fg%2F11vc7z2dsf!19sChIJ9ZjFEuC_5YgRHY0PuOBL7yY?authuser=0&hl=en&rclk=1
Alta Warehousing & Logistics,Distribution Centers,US,Jacksonville FL,+1 904-980-0412,http://www.altawarehousing.com/,info@altawarehousing.com,441,https://www.google.com/maps/place/Alta+Warehousing+%26+Logistics/data=!4m7!3m6!1s0x88e5a528f3bdc2c3:0x168fa68235a5272f!8m2!3d30.4576388!4d-81.6921825!16s%2Fg%2F11k9k_k_v0!19sChIJw8K98yil5YgRLyelNYKmjxY?authuser=0&hl=en&rclk=1
BMW Regional Distribution Center,Distribution Centers,US,Jacksonville FL,,http://bmwiforum.bmwusa.com/thread/461/dcfc-regional-distribution-center-jacksonville,,17,https://www.google.com/maps/place/BMW+Regional+Distribution+Center/data=!4m7!3m6!1s0x88e5bc19c6a0af1f:0xd4897678f44a5c8c!8m2!3d30.3918603!4d-81.774088!16s%2Fg%2F11bvt4ln00!19sChIJH6-gxhm85YgRjFxK9Hh2idQ?authuser=0&hl=en&rclk=1
HomeGoods Distribution Center,Distribution Centers,US,Fort Worth TX,+1 682-610-1900,,,40,https://www.google.com/maps/place/HomeGoods+Distribution+Center/data=!4m7!3m6!1s0x864e6f32afa3191b:0x5fc6d6ba5bf6b53a!8m2!3d32.6316606!4d-97.3024829!16s%2Fg%2F11kqs7zfm4!19sChIJGxmjrzJvToYROrX2W7rWxl8?authuser=0&hl=en&rclk=1
"Michaels Distribution Center Fort Worth, TX",Distribution Centers,US,Fort Worth TX,+1 972-409-1800,https://www.michaels.com/,,117,"https://www.google.com/maps/place/Michaels+Distribution+Center+Fort+Worth,+TX/data=!4m7!3m6!1s0x864ddbc1c4c98603:0x47542b63cbffc67c!8m2!3d32.9726211!4d-97.3293557!16s%2Fg%2F11c52jzvbw!19sChIJA4bJxMHbTYYRfMb_y2MrVEc?authuser=0&hl=en&rclk=1"
Ft.Worth Logistics Hub- Samsung,Distribution Centers,US,Fort Worth TX,,,,33,https://www.google.com/maps/place/Ft.Worth+Logistics+Hub-+Samsung/data=!4m7!3m6!1s0x864e6f183814920d:0x79ae077a2f6903e8!8m2!3d32.6186683!4d-97.324901!16s%2Fg%2F11rq9kc1sl!19sChIJDZIUOBhvToYR6ANpL3oHrnk?authuser=0&hl=en&rclk=1
Ben E. Keith Foods Dallas / Fort Worth Distribution Center,Distribution Centers,US,Fort Worth TX,+1 817-759-6000,https://www.benekeith.com/food/locations/dallas-fort-worth,,436,https://www.google.com/maps/place/Ben+E.+Keith+Foods+Dallas+%2F+Fort+Worth+Distribution+Center/data=!4m7!3m6!1s0x864e6eff3a5461d9:0x38d61e0721bbbc0f!8m2!3d32.6377119!4d-97.3152651!16s%2Fg%2F1tj_5n7h!19sChIJ2WFUOv9uToYRD7y7IQce1jg?authuser=0&hl=en&rclk=1
Marco Company Terminal Distribution Center,Distribution Centers,US,Fort Worth TX,+1 817-900-5100,http://marcocompany.com/,cs@marcocompany.com,13,https://www.google.com/maps/place/Marco+Company+Terminal+Distribution+Center/data=!4m7!3m6!1s0x864e77abaf06e231:0xd400776d8e615241!8m2!3d32.8171388!4d-97.3419263!16s%2Fg%2F1thq138n!19sChIJMeIGr6t3ToYRQVJhjm13ANQ?authuser=0&hl=en&rclk=1
Dallas Distribution Centeer,Distribution Centers,US,Fort Worth TX,,,,4,https://www.google.com/maps/place/Dallas+Distribution+Centeer/data=!4m7!3m6!1s0x864dd9002b4a624d:0x1f8f8e9faa9ac3c5!8m2!3d32.8742052!4d-97.3202365!16s%2Fg%2F11ybtrnlb3!19sChIJTWJKKwDZTYYRxcOaqp-Ojx8?authuser=0&hl=en&rclk=1
Fort Worth Commodity Warehouse,Distribution Centers,US,Fort Worth TX,+1 817-378-8653,,,38,https://www.google.com/maps/place/Fort+Worth+Commodity+Warehouse/data=!4m7!3m6!1s0x864e76f64161f5a9:0xee0855afdcbba571!8m2!3d32.8184783!4d-97.3221408!16s%2Fg%2F1td00x6d!19sChIJqfVhQfZ2ToYRcaW73K9VCO4?authuser=0&hl=en&rclk=1
Allen Distribution,Distribution Centers,US,Fort Worth TX,+1 682-200-2061,,,67,https://www.google.com/maps/place/Allen+Distribution/data=!4m7!3m6!1s0x864dd173d5f10da5:0xd0bd12b9362f6d3d!8m2!3d32.9730586!4d-97.2576608!16s%2Fg%2F11jj6xs45f!19sChIJpQ3x1XPRTYYRPW0vNrkSvdA?authuser=0&hl=en&rclk=1
LVK Fulfillment Center,Distribution Centers,US,Fort Worth TX,,http://lvk.com/,hello@lvk.com,5,https://www.google.com/maps/place/LVK+Fulfillment+Center/data=!4m7!3m6!1s0x864e77cde83d4ff9:0xf6d7c381f1111885!8m2!3d32.8145411!4d-97.3429435!16s%2Fg%2F11pdmk_y5c!19sChIJ-U896M13ToYRhRgR8YHD1_Y?authuser=0&hl=en&rclk=1
iDC Logistics - Ft Worth TX.,Distribution Centers,US,Fort Worth TX,+1 626-606-0360,https://idcintl.com/,salesteam@idcintl.com,40,https://www.google.com/maps/place/iDC+Logistics+-+Ft+Worth+TX./data=!4m7!3m6!1s0x864ddbdc6cc6ffe7:0x92d23cddcbc3c5c7!8m2!3d33.0348215!4d-97.2958314!16s%2Fg%2F11q8x337kr!19sChIJ5__GbNzbTYYRx8XDy9080pI?authuser=0&hl=en&rclk=1
"Woods Distribution Solutions, LLC",Distribution Centers,US,Fort Worth TX,+1 817-769-2729,http://www.woodsdist.com/,info@woodsdist.com,198,"https://www.google.com/maps/place/Woods+Distribution+Solutions,+LLC/data=!4m7!3m6!1s0x864dd9783847c273:0x22dceffd9d1cc466!8m2!3d32.939743!4d-97.3162918!16s%2Fg%2F11pq6wjq9_!19sChIJc8JHOHjZTYYRZsQcnf3v3CI?authuser=0&hl=en&rclk=1"
Woods Distribution Solutions,Distribution Centers,US,Fort Worth TX,+1 817-580-4031,http://woodsdist.com/?utm_campaign=gmb,info@woodsdist.com,194,https://www.google.com/maps/place/Woods+Distribution+Solutions/data=!4m7!3m6!1s0x864e779b36f31189:0x85595a71cc6597a1!8m2!3d32.8234875!4d-97.303112!16s%2Fg%2F1yf_9rrq1!19sChIJiRHzNpt3ToYRoZdlzHFaWYU?authuser=0&hl=en&rclk=1
Libbey Dallas Fort Worth Distribution Center,Distribution Centers,US,Fort Worth TX,+1 682-207-5058,,,87,https://www.google.com/maps/place/Libbey+Dallas+Fort+Worth+Distribution+Center/data=!4m7!3m6!1s0x864e7b210c7946bb:0x3a262009688155d7!8m2!3d32.6889698!4d-97.2517708!16s%2Fg%2F11txch6cgx!19sChIJu0Z5DCF7ToYR11WBaAkgJjo?authuser=0&hl=en&rclk=1
Southwest Purina Distribution,Distribution Centers,US,Fort Worth TX,+1 817-492-9159,,,41,https://www.google.com/maps/place/Southwest+Purina+Distribution/data=!4m7!3m6!1s0x864e6f14bf15998b:0xf4e3691c55bad71c!8m2!3d32.6309828!4d-97.3067428!16s%2Fg%2F11smvrhhxl!19sChIJi5kVvxRvToYRHNe6VRxp4_Q?authuser=0&hl=en&rclk=1
Carter Distribution Center,Distribution Centers,US,Fort Worth TX,,,,6,https://www.google.com/maps/place/Carter+Distribution+Center/data=!4m7!3m6!1s0x864e6f9978306b57:0x52ba5598fe818be!8m2!3d32.6487113!4d-97.2937162!16s%2Fg%2F11s63q7k1b!19sChIJV2sweJlvToYRvhjoj1mlKwU?authuser=0&hl=en&rclk=1
"FORD High Velocity Distribution Center (HVC), Fort Worth",Distribution Centers,US,Fort Worth TX,+1 682-831-2300,https://www.ford.com/,,21,"https://www.google.com/maps/place/FORD+High+Velocity+Distribution+Center+%28HVC%29,+Fort+Worth/data=!4m7!3m6!1s0x864dd0a38ce6cfcf:0x9cd1231c076307d2!8m2!3d32.9759302!4d-97.2583874!16s%2Fg%2F11c438lm11!19sChIJz8_mjKPQTYYR0gdjBxwj0Zw?authuser=0&hl=en&rclk=1"
DENNIS Uniform Distribution Center,Distribution Centers,US,Fort Worth TX,+1 800-854-6951,https://www.dennisuniform.com/,,17,https://www.google.com/maps/place/DENNIS+Uniform+Distribution+Center/data=!4m7!3m6!1s0x864e6f9014187c13:0x50da2ae8ab0362d9!8m2!3d32.624043!4d-97.3293956!16s%2Fg%2F11tjf7gvjs!19sChIJE3wYFJBvToYR2WIDq-gq2lA?authuser=0&hl=en&rclk=1
Tyson Food Haltom City Distribution Center truck entrance,Distribution Centers,US,Fort Worth TX,+1 817-345-4500,http://haltom-city.keeq.io/,,183,https://www.google.com/maps/place/Tyson+Food+Haltom+City+Distribution+Center+truck+entrance/data=!4m7!3m6!1s0x864e77a01f04f68f:0xe7f736ef4fddfc79!8m2!3d32.823862!4d-97.2860984!16s%2Fg%2F11b66d4qwb!19sChIJj_YEH6B3ToYRefzdT-829-c?authuser=0&hl=en&rclk=1
Columbus Distribution Center Napa,Distribution Centers,US,Columbus OH,+1 614-766-1182,,,26,https://www.google.com/maps/place/Columbus+Distribution+Center+Napa/data=!4m7!3m6!1s0x88388d461752af61:0xd658f915087ae403!8m2!3d40.0893178!4d-83.0619842!16s%2Fg%2F1v2ky2lc!19sChIJYa9SF0aNOIgRA-R6CBX5WNY?authuser=0&hl=en&rclk=1
SK Food Group Distribution Center,Distribution Centers,US,Columbus OH,+1 380-600-2190,https://www.skfoodgroup.com/,sales@skfoodgroup.com,82,https://www.google.com/maps/place/SK+Food+Group+Distribution+Center/data=!4m7!3m6!1s0x88388129b6c57575:0xc40298271ae0a00!8m2!3d39.8243462!4d-82.942781!16s%2Fg%2F11kqxkhm5p!19sChIJdXXFtimBOIgRAAqucYIpQAw?authuser=0&hl=en&rclk=1
GAP INC. Distribution Center,Distribution Centers,US,Columbus OH,+1 614-409-7000,,,152,https://www.google.com/maps/place/GAP+INC.+Distribution+Center/data=!4m7!3m6!1s0x883887537d80c92f:0xd9d3e1420f4562ad!8m2!3d39.8476931!4d-82.9114342!16s%2Fg%2F11c2nhd7qg!19sChIJL8mAfVOHOIgRrWJFD0Lh09k?authuser=0&hl=en&rclk=1
Cardinal Health Distribution center,Distribution Centers,US,Columbus OH,,,,14,https://www.google.com/maps/place/Cardinal+Health+Distribution+center/data=!4m7!3m6!1s0x883881003aa743a7:0x9042d6f33355334d!8m2!3d39.7906344!4d-82.9361742!16s%2Fg%2F11mdgz_4h4!19sChIJp0OnOgCBOIgRTTNVM_PWQpA?authuser=0&hl=en&rclk=1
NCS Distribution Center,Distribution Centers,US,Columbus OH,,,,37,https://www.google.com/maps/place/NCS+Distribution+Center/data=!4m7!3m6!1s0x883881e8c901f049:0xc894f1d07c28ce95!8m2!3d39.8361126!4d-82.962069!16s%2Fg%2F11v3rg5nf7!19sChIJSfAByeiBOIgRlc4ofNDxlMg?authuser=0&hl=en&rclk=1
World Distribution Services Warehouse Columbus,Distribution Centers,US,Columbus OH,+1 614-333-6578,http://www.worldds.net/columbus-ohio-warehouse/?utm_source=gmb&utm_medium=organic,,37,https://www.google.com/maps/place/World+Distribution+Services+Warehouse+Columbus/data=!4m7!3m6!1s0x883887b341af54d5:0x2ca50b540270f787!8m2!3d39.825192!4d-82.935871!16s%2Fg%2F11bw2_fyzz!19sChIJ1VSvQbOHOIgRh_dwAlQLpSw?authuser=0&hl=en&rclk=1
Distribution Centre,Distribution Centers,US,Columbus OH,,,,1,https://www.google.com/maps/place/Distribution+Centre/data=!4m7!3m6!1s0x883863003a649921:0xb8aee93b7882cb46!8m2!3d39.9459244!4d-82.8977131!16s%2Fg%2F11w_xvjw5r!19sChIJIZlkOgBjOIgRRsuCeDvprrg?authuser=0&hl=en&rclk=1
BASF Corporation,Distribution Centers,US,Columbus OH,+1 614-662-5676,https://www.basf.com/,,285,https://www.google.com/maps/place/BASF+Corporation/data=!4m7!3m6!1s0x8838804be83358e9:0x4ed568f33b44384e!8m2!3d39.7914264!4d-82.9456148!16s%2Fg%2F11cn97k31q!19sChIJ6Vgz6EuAOIgRTjhEO_No1U4?authuser=0&hl=en&rclk=1
Columbus - Ohio Warehouse District,Distribution Centers,US,Columbus OH,,,,,https://www.google.com/maps/place/Columbus+-+Ohio+Warehouse+District/data=!4m7!3m6!1s0x88388f2cdcfb0ddb:0x294a38d37f5e6e28!8m2!3d39.9675316!4d-82.9943087!16s%2Fg%2F11z7t7m0xn!19sChIJ2w373CyPOIgRKG5ef9M4Sik?authuser=0&hl=en&rclk=1
Lowes Distribution Center,Distribution Centers,US,Columbus OH,+1 614-662-6343,https://www.sclogistics.com/locations/columbus-ohio/,driverrecruitingdepartment@sclogistics.com,37,https://www.google.com/maps/place/Lowes+Distribution+Center/data=!4m7!3m6!1s0x88387e0347f2da47:0xdbf5c67c76987ff2!8m2!3d39.83609!4d-82.9014663!16s%2Fg%2F11fnypckmv!19sChIJR9ryRwN-OIgR8n-YdnzG9ds?authuser=0&hl=en&rclk=1
Big Sandy Regional Distribution Center,Distribution Centers,US,Columbus OH,,https://www.bigsandysuperstore.com/,,37,https://www.google.com/maps/place/Big+Sandy+Regional+Distribution+Center/data=!4m7!3m6!1s0x883887d1aaf2a45d:0x71d977ada51f9841!8m2!3d39.9228828!4d-82.9422171!16s%2Fg%2F11f1nvsztv!19sChIJXaTyqtGHOIgRQZgfpa132XE?authuser=0&hl=en&rclk=1
Terminal Warehouse Inc,Distribution Centers,US,Columbus OH,+1 614-491-9525,,,146,https://www.google.com/maps/place/Terminal+Warehouse+Inc/data=!4m7!3m6!1s0x883886552519d4c9:0xb073441759af6791!8m2!3d39.8913474!4d-82.9513398!16s%2Fg%2F1v42ggl9!19sChIJydQZJVWGOIgRkWevWRdEc7A?authuser=0&hl=en&rclk=1
King Distribution Center,Distribution Centers,US,Columbus OH,+1 614-701-8645,,,6,https://www.google.com/maps/place/King+Distribution+Center/data=!4m7!3m6!1s0x8838904e6353478d:0xc2f6273d2fbc3477!8m2!3d39.9741107!4d-83.1085735!16s%2Fg%2F11cs2h7jrb!19sChIJjUdTY06QOIgRdzS8Lz0n9sI?authuser=0&hl=en&rclk=1
Office Depot Max Distribution Center,Distribution Centers,US,Columbus OH,+1 614-870-4600,,,71,https://www.google.com/maps/place/Office+Depot+Max+Distribution+Center/data=!4m7!3m6!1s0x88389a667be907bf:0x14d0c16c7e5eaeca!8m2!3d39.9262532!4d-83.1304799!16s%2Fg%2F11bccls737!19sChIJvwfpe2aaOIgRyq5efmzB0BQ?authuser=0&hl=en&rclk=1
Ohio Valley Cardinal Health,Distribution Centers,US,Columbus OH,+1 614-497-6823,https://newsroom.cardinalhealth.com/2022-03-30-Cardinal-Health-expands-medical-distribution-footprint-in-Ohio,kristin.larsen@cardinalhealth.com,30,https://www.google.com/maps/place/Ohio+Valley+Cardinal+Health/data=!4m7!3m6!1s0x8838811bbc153649:0x2859bb79e252816f!8m2!3d39.7894053!4d-82.9367137!16s%2Fg%2F11t2lcsd6p!19sChIJSTYVvBuBOIgRb4FS4nm7WSg?authuser=0&hl=en&rclk=1
Wasserstrom Columbus Distribution Center,Distribution Centers,US,Columbus OH,+1 614-737-5477,http://www.wasserstrom.com/restaurant-supplies-equipment/DivisionsView,,63,https://www.google.com/maps/place/Wasserstrom+Columbus+Distribution+Center/data=!4m7!3m6!1s0x88388bad189ae6c9:0xec68e47209658aa7!8m2!3d40.0456986!4d-82.9515346!16s%2Fg%2F1ttyxd93!19sChIJyeaaGK2LOIgRp4plCXLkaOw?authuser=0&hl=en&rclk=1
UPS -AirCargoTerminal,Distribution Centers,US,Columbus OH,,http://www.ups.com/,,10,https://www.google.com/maps/place/UPS+-AirCargoTerminal/data=!4m7!3m6!1s0x883880fa9c7035b7:0x9be22e4992a15524!8m2!3d39.8161654!4d-82.9397171!16s%2Fg%2F11bbrjv4hk!19sChIJtzVwnPqAOIgRJFWhkkku4ps?authuser=0&hl=en&rclk=1
"Tyson Foods, Indianapolis Distribution Center",Distribution Centers,US,Indianapolis IN,+1 317-791-8430,http://www.tysonfoods.com/,comments@tyson.com,211,"https://www.google.com/maps/place/Tyson+Foods,+Indianapolis+Distribution+Center/data=!4m7!3m6!1s0x886b5bc11f67eb0f:0xdd9742dd56d71225!8m2!3d39.7500232!4d-86.1207583!16s%2Fg%2F11jlqgd74s!19sChIJD-tnH8Fba4gRJRLXVt1Cl90?authuser=0&hl=en&rclk=1"
Lids Distribution Center,Distribution Centers,US,Indianapolis IN,+1 317-333-5101,https://careers.lids.com/go/Distribution-Center-%28US%29/8077900/,,42,https://www.google.com/maps/place/Lids+Distribution+Center/data=!4m7!3m6!1s0x886b5564fd2b770f:0xd74a6fc6714633cd!8m2!3d39.88858!4d-86.252816!16s%2Fg%2F11bbrgymv4!19sChIJD3cr_WRVa4gRzTNGccZvStc?authuser=0&hl=en&rclk=1
Target Distribution Center (truck entrance),Distribution Centers,US,Indianapolis IN,+1 317-248-5441,,,131,https://www.google.com/maps/place/Target+Distribution+Center+%28truck+entrance%29/data=!4m7!3m6!1s0x886ca7cfd67a9b11:0xb586032b71affe0e!8m2!3d39.7461776!4d-86.2922134!16s%2Fg%2F11g1lv0tw4!19sChIJEZt61s-nbIgRDv6vcSsDhrU?authuser=0&hl=en&rclk=1
Amazon Fulfillment Center IND 4,Distribution Centers,US,Indianapolis IN,+1 317-227-3420,http://www.amazonfulfillmentcareers.com/amazon-fulfillment/,,445,https://www.google.com/maps/place/Amazon+Fulfillment+Center+IND+4/data=!4m7!3m6!1s0x886ca7d6e6bb1459:0x6b578bbbafb498c1!8m2!3d39.7562611!4d-86.2917491!16s%2Fg%2F11b6gm4t61!19sChIJWRS75tanbIgRwZi0r7uLV2s?authuser=0&hl=en&rclk=1
Ups Distribution Center,Distribution Centers,US,Indianapolis IN,,,,1,https://www.google.com/maps/place/Ups+Distribution+Center/data=!4m7!3m6!1s0x886b51003f15f8ef:0x34a972f5c0e5302e!8m2!3d39.7888167!4d-86.1724661!16s%2Fg%2F11x0fwsfg2!19sChIJ7_gVPwBRa4gRLjDlwPVyqTQ?authuser=0&hl=en&rclk=1
Heartland Food Products Group - Distribution Center,Distribution Centers,US,Indianapolis IN,+1 317-708-2963,http://www.heartlandfpg.com/,,327,https://www.google.com/maps/place/Heartland+Food+Products+Group+-+Distribution+Center/data=!4m7!3m6!1s0x886b55450d4dda99:0xf331470d33ccac87!8m2!3d39.909037!4d-86.244382!16s%2Fg%2F11bxfqp780!19sChIJmdpNDUVVa4gRh6zMMw1HMfM?authuser=0&hl=en&rclk=1
ICDC(check in at Pepsi Warehouse Guard),Distribution Centers,US,Indianapolis IN,,,,225,https://www.google.com/maps/place/ICDC%28check+in+at+Pepsi+Warehouse+Guard%29/data=!4m7!3m6!1s0x886ca76557029373:0xd05b32c558734371!8m2!3d39.6848908!4d-86.3166616!16s%2Fg%2F11h6tpg85k!19sChIJc5MCV2WnbIgRcUNzWMUyW9A?authuser=0&hl=en&rclk=1
IND3 Walmart Distribution Center,Distribution Centers,US,Indianapolis IN,+1 317-589-1012,,,86,https://www.google.com/maps/place/IND3+Walmart+Distribution+Center/data=!4m7!3m6!1s0x886b35281a743cdf:0xa76c4935d42a2aff!8m2!3d39.8539617!4d-85.9055638!16s%2Fg%2F11t74f9grd!19sChIJ3zx0Gig1a4gR_yoq1DVJbKc?authuser=0&hl=en&rclk=1
Essendant - Indianapolis Distribution Center,Distribution Centers,US,Indianapolis IN,+1 317-876-5300,https://www.essendant.com/?utm_source=google&utm_medium=organic&utm_campaign=gmb&utm_content=idy,,15,https://www.google.com/maps/place/Essendant+-+Indianapolis+Distribution+Center/data=!4m7!3m6!1s0x886b5560601b55eb:0xb416513f23db6adb!8m2!3d39.8990813!4d-86.2543894!16s%2Fg%2F1ttdz5pv!19sChIJ61UbYGBVa4gR22rbIz9RFrQ?authuser=0&hl=en&rclk=1
Caito Foods - Distribution Center,Distribution Centers,US,Indianapolis IN,+1 317-897-2009,https://www.caitofoods.com/products/fruits-and-vegetables/distribution-centers,,52,https://www.google.com/maps/place/Caito+Foods+-+Distribution+Center/data=!4m7!3m6!1s0x886b4f0070b192e5:0x5efaf3618cf7c69!8m2!3d39.813937!4d-86.01486!16s%2Fg%2F11w2m0bmq5!19sChIJ5ZKxcABPa4gRaXzPGDav7wU?authuser=0&hl=en&rclk=1
IDS Fulfillment,Distribution Centers,US,Indianapolis IN,+1 866-232-6533,https://idsfulfillment.com/,,146,https://www.google.com/maps/place/IDS+Fulfillment/data=!4m7!3m6!1s0x886ca5e9084dd07d:0xf39e70242fc50cfa!8m2!3d39.7405019!4d-86.3541648!16s%2Fg%2F1tp303mb!19sChIJfdBNCOmlbIgR-gzFLyRwnvM?authuser=0&hl=en&rclk=1
Smithfield Foods Distribution Center,Distribution Centers,US,Indianapolis IN,+1 317-891-1888,http://www.smithfieldfoods.com/,,478,https://www.google.com/maps/place/Smithfield+Foods+Distribution+Center/data=!4m7!3m6!1s0x886b35dbd628fa7f:0x71c5711a5175d81!8m2!3d39.8312547!4d-85.9039078!16s%2Fg%2F11clzqls3v!19sChIJf_oo1ts1a4gRgV0XpRFXHAc?authuser=0&hl=en&rclk=1
ULTA Beauty Distribution,Distribution Centers,US,Indianapolis IN,+1 317-886-4272,,,298,https://www.google.com/maps/place/ULTA+Beauty+Distribution/data=!4m7!3m6!1s0x886b42e7208658df:0xc83adddc83dd73c4!8m2!3d39.6200662!4d-86.0713639!16s%2Fg%2F11b76c4mcq!19sChIJ31iGIOdCa4gRxHPdg9zdOsg?authuser=0&hl=en&rclk=1
GNC Indianapolis Distribution Center,Distribution Centers,US,Indianapolis IN,+1 317-769-2950,https://www.gnc.com/,customer-service@gnc-hq.com,87,https://www.google.com/maps/place/GNC+Indianapolis+Distribution+Center/data=!4m7!3m6!1s0x881353b14f6a93fd:0x680af392ad9451e8!8m2!3d39.9812185!4d-86.3705023!16s%2Fg%2F11g6bmbjj0!19sChIJ_ZNqT7FTE4gR6FGUrZLzCmg?authuser=0&hl=en&rclk=1
Kroger Fulfillment Center,Distribution Centers,US,Indianapolis IN,,https://www.kroger.com/,krogerprivacyoffice@kroger.com,11,https://www.google.com/maps/place/Kroger+Fulfillment+Center/data=!4m7!3m6!1s0x886b491f0699b477:0x64a1bf85df5cdbfb!8m2!3d39.8178609!4d-86.0053641!16s%2Fg%2F11vlc6lc80!19sChIJd7SZBh9Ja4gR-9tc34W_oWQ?authuser=0&hl=en&rclk=1
Dick's Sporting Goods Distribution Center,Distribution Centers,US,Indianapolis IN,+1 317-837-0200,http://dickssportinggoods.com/,,225,https://www.google.com/maps/place/Dick%27s+Sporting+Goods+Distribution+Center/data=!4m7!3m6!1s0x886ca439d0743777:0x51a0812dd1b9fcc6!8m2!3d39.7006659!4d-86.354305!16s%2Fg%2F1tm8fqxg!19sChIJdzd00DmkbIgRxvy50S2BoFE?authuser=0&hl=en&rclk=1
Ashley HomeStore Distribution Center,Distribution Centers,US,Indianapolis IN,+1 317-707-3177,https://www.ashleyfurniturehomestore.com/,,56,https://www.google.com/maps/place/Ashley+HomeStore+Distribution+Center/data=!4m7!3m6!1s0x886ca419e6726563:0x81ecc4a0ca265cf0!8m2!3d39.6972792!4d-86.3440868!16s%2Fg%2F11b7gtjjwv!19sChIJY2Vy5hmkbIgR8FwmyqDE7IE?authuser=0&hl=en&rclk=1
Ca Distribution Center,Distribution Centers,US,San Francisco CA,+1 415-550-1912,,,22,https://www.google.com/maps/place/Ca+Distribution+Center/data=!4m7!3m6!1s0x8085809900000001:0x814db5693dfd9aee!8m2!3d37.7486282!4d-122.4184153!16s%2Fg%2F1tffpkwl!19sChIJAQAAAJmAhYAR7pr9PWm1TYE?authuser=0&hl=en&rclk=1
United States Postal Service Distribution Center,Distribution Centers,US,San Francisco CA,+1 415-285-4662,https://tools.usps.com/go/POLocatorDetailsAction!input.action?&radius=20&locationType=po&locationTypeQ=po&locationID=1451705&utm_source=google-my-business-url&utm_medium=search&utm_campaign=yext,sfsdelivery.confirmation@usps.gov,300,https://www.google.com/maps/place/United+States+Postal+Service+Distribution+Center/data=!4m7!3m6!1s0x808f7fadaa85b477:0x30fe92f1664109a9!8m2!3d37.747659!4d-122.398553!16s%2Fg%2F1tg_lw5n!19sChIJd7SFqq1_j4ARqQlBZvGS_jA?authuser=0&hl=en&rclk=1
Seattle Distribution Center,Distribution Centers,US,Seattle WA,,,,92,https://www.google.com/maps/place/Seattle+Distribution+Center/data=!4m7!3m6!1s0x5490419114fd5d71:0xd7f90436b481137b!8m2!3d47.5430603!4d-122.3292465!16s%2Fg%2F124sw4dcm!19sChIJcV39FJFBkFQRexOBtDYE-dc?authuser=0&hl=en&rclk=1
USPS Processing & Distribution Center,Distribution Centers,US,Seattle WA,+1 206-768-4381,http://www.usps.com/,sfsdelivery.confirmation@usps.gov,250,https://www.google.com/maps/place/USPS+Processing+%26+Distribution+Center/data=!4m7!3m6!1s0x5490424e64d37e15:0x853b76ea5acdeec4!8m2!3d47.5074776!4d-122.2977039!16s%2Fg%2F1tftkxpc!19sChIJFX7TZE5CkFQRxO7NWup2O4U?authuser=0&hl=en&rclk=1
NAPA Denver Distribution Center,Distribution Centers,US,Denver CO,+1 303-289-5301,,,67,https://www.google.com/maps/place/NAPA+Denver+Distribution+Center/data=!4m7!3m6!1s0x876c77cc54fd224b:0x3af7b9e542999e19!8m2!3d39.8291425!4d-104.9623989!16s%2Fg%2F11sw0221fd!19sChIJSyL9VMx3bIcRGZ6ZQuW59zo?authuser=0&hl=en&rclk=1
Safeway / Albertson's Distribution Center,Distribution Centers,US,Denver CO,+1 303-320-8971,http://www.safeway.com/,,250,https://www.google.com/maps/place/Safeway+%2F+Albertson%27s+Distribution+Center/data=!4m7!3m6!1s0x876c7bd0e82648dd:0xa6439994d8d6ea60!8m2!3d39.7795771!4d-104.9335363!16s%2Fg%2F11clw6m0y9!19sChIJ3Ugm6NB7bIcRYOrW2JSZQ6Y?authuser=0&hl=en&rclk=1
Walmart Distribution Center - Denver,Distribution Centers,US,Denver CO,,,,33,https://www.google.com/maps/place/Walmart+Distribution+Center+-+Denver/data=!4m7!3m6!1s0x876c7ad60ea14911:0x105aaa716acee8a4!8m2!3d39.7977333!4d-104.8491744!16s%2Fg%2F11cs2gvmty!19sChIJEUmhDtZ6bIcRpOjOanGqWhA?authuser=0&hl=en&rclk=1
USPS Denver Bulk Mail Center,Distribution Centers,US,Denver CO,+1 800-275-8777,https://www.usps.com/,sfsdelivery.confirmation@usps.gov,235,https://www.google.com/maps/place/USPS+Denver+Bulk+Mail+Center/data=!4m7!3m6!1s0x876c7a5a38ab83d7:0x8562f617655377b!8m2!3d39.8020466!4d-104.898853!16s%2Fg%2F1tcwm16b!19sChIJ14OrOFp6bIcRezdVdmEvVgg?authuser=0&hl=en&rclk=1
Colorado Fulfillment,Distribution Centers,US,Denver CO,+1 303-761-1877,http://www.coloradofulfillment.com/,info@coloradofulfillment.com,24,https://www.google.com/maps/place/Colorado+Fulfillment/data=!4m7!3m6!1s0x876c800955555555:0x7e9f7cd89909c50e!8m2!3d39.7733655!4d-104.9213217!16s%2Fg%2F1td4vs27!19sChIJVVVVVQmAbIcRDsUJmdh8n34?authuser=0&hl=en&rclk=1
King Sooper Distribution,Distribution Centers,US,Denver CO,+1 303-778-3100,,,52,https://www.google.com/maps/place/King+Sooper+Distribution/data=!4m7!3m6!1s0x876c7bc6a7b91a45:0x618a8d3480861f22!8m2!3d39.7887241!4d-104.8673595!16s%2Fg%2F11n2tjk9xg!19sChIJRRq5p8Z7bIcRIh-GgDSNimE?authuser=0&hl=en&rclk=1
CROSSROADS DISTRIBUTION CENTER,Distribution Centers,US,Denver CO,,,,16,https://www.google.com/maps/place/CROSSROADS+DISTRIBUTION+CENTER/data=!4m7!3m6!1s0x876c7b416bffb12f:0x43ef08d15d561d1d!8m2!3d39.7702854!4d-104.864799!16s%2Fg%2F11h80bxf67!19sChIJL7H_a0F7bIcRHR1WXdEI70M?authuser=0&hl=en&rclk=1
Domino's Pizza Colorado Distribution Supply Chain Center,Distribution Centers,US,Denver CO,+1 303-373-0330,https://jobs.dominos.com/us/career-areas/supply-chain/,,61,https://www.google.com/maps/place/Domino%27s+Pizza+Colorado+Distribution+Supply+Chain+Center/data=!4m7!3m6!1s0x876c7b1e8796bed9:0xdff02f2d5e14f8f1!8m2!3d39.7896767!4d-104.8694158!16s%2Fg%2F1vh_8wbw!19sChIJ2b6Whx57bIcR8fgUXi0v8N8?authuser=0&hl=en&rclk=1
Office Depot / Office Max Distribution Center,Distribution Centers,US,Denver CO,,,,14,https://www.google.com/maps/place/Office+Depot+%2F+Office+Max+Distribution+Center/data=!4m7!3m6!1s0x876c7b3d8fe96e35:0xe8445f4dfc6d79b4!8m2!3d39.7803163!4d-104.8681638!16s%2Fg%2F11c806m7c9!19sChIJNW7pjz17bIcRtHlt_E1fROg?authuser=0&hl=en&rclk=1
Office Depot Distribution Center,Distribution Centers,US,Denver CO,+1 800-463-3768,http://jobs.officedepot.com/,ada@theodpcorp.com,74,https://www.google.com/maps/place/Office+Depot+Distribution+Center/data=!4m7!3m6!1s0x876c7b3c45cb14ef:0xbd90e92c3f6b9d7a!8m2!3d39.7816429!4d-104.8649978!16s%2Fg%2F1ptwttqrj!19sChIJ7xTLRTx7bIcRep1rPyzpkL0?authuser=0&hl=en&rclk=1
Restaurant Supply Denver Distribution Center,Distribution Centers,US,Denver CO,+1 855-838-1010,https://www.restaurantsupply.com/,,,https://www.google.com/maps/place/Restaurant+Supply+Denver+Distribution+Center/data=!4m7!3m6!1s0x876c7b423dd0878f:0xfe8fbf92908ae97e!8m2!3d39.7814848!4d-104.8570209!16s%2Fg%2F11nqqpfpqc!19sChIJj4fQPUJ7bIcRfumKkJK_j_4?authuser=0&hl=en&rclk=1
Dominos Supply Warehouse,Distribution Centers,US,Denver CO,+1 303-373-0330,https://jobs.dominos.com/us/career-areas/supply-chain/dominos-warehouse-jobs/,,40,https://www.google.com/maps/place/Dominos+Supply+Warehouse/data=!4m7!3m6!1s0x876c7b1f5af53475:0x9451992d373b2a14!8m2!3d39.78961!4d-104.869367!16s%2Fg%2F11gdz6jvl2!19sChIJdTT1Wh97bIcRFCo7Ny2ZUZQ?authuser=0&hl=en&rclk=1
Safeway warehouse #2,Distribution Centers,US,Denver CO,+1 303-344-2499,,,40,https://www.google.com/maps/place/Safeway+warehouse+%232/data=!4m7!3m6!1s0x876c7b09bff8ff75:0x65fa9966375c4a0c!8m2!3d39.7772582!4d-104.9306721!16s%2Fg%2F11qn6rxlwx!19sChIJdf_4vwl7bIcRDEpcN2aZ-mU?authuser=0&hl=en&rclk=1
Denver Distribution Center: Gordon Restaurant Market,Distribution Centers,US,Denver CO,+1 800-968-4164,http://restaurantmarket.com/colorado,,3,https://www.google.com/maps/place/Denver+Distribution+Center:+Gordon+Restaurant+Market/data=!4m7!3m6!1s0x876c790005bd6061:0x8d65a33ba517f5a9!8m2!3d39.7863088!4d-105.0016173!16s%2Fg%2F11n47pvp43!19sChIJYWC9BQB5bIcRqfUXpTujZY0?authuser=0&hl=en&rclk=1
Chrysler Mopar Parts Distribution Center,Distribution Centers,US,Denver CO,+1 303-373-8812,,,26,https://www.google.com/maps/place/Chrysler+Mopar+Parts+Distribution+Center/data=!4m7!3m6!1s0x876c64b4abe862e3:0x2a242089121b3b0d!8m2!3d39.7719699!4d-104.8455135!16s%2Fg%2F1tj1m_v5!19sChIJ42Loq7RkbIcRDTsbEokgJCo?authuser=0&hl=en&rclk=1
Aspen Distribution,Distribution Centers,US,Denver CO,+1 303-371-2511,http://www.aspendistribution.com/,371-2511info@aspendistribution.com,96,https://www.google.com/maps/place/Aspen+Distribution/data=!4m7!3m6!1s0x876c615285a281c1:0x3ff2dbd4d136a2e!8m2!3d39.7622489!4d-104.760268!16s%2Fg%2F11c37kkmnd!19sChIJwYGihVJhbIcRLmoTTb0t_wM?authuser=0&hl=en&rclk=1
BNA5 Amazon Fulfillment Center,Distribution Centers,US,Nashville TN,+1 855-254-8971,https://www.amazon.jobs/,,215,https://www.google.com/maps/place/BNA5+Amazon+Fulfillment+Center/data=!4m7!3m6!1s0x88646ed2a5065d37:0x896c9d25911f4fce!8m2!3d36.1299925!4d-86.6919118!16s%2Fg%2F11bxd7n0hd!19sChIJN10GpdJuZIgRzk8fkSWdbIk?authuser=0&hl=en&rclk=1
Framus & Warwick Distribution Center,Distribution Centers,US,Nashville TN,+1 629-202-6790,http://www.framuswarwickusa.com/,help@wusamusic.com,1,https://www.google.com/maps/place/Framus+%26+Warwick+Distribution+Center/data=!4m7!3m6!1s0x8864699ebea12d71:0xb8d9a8b0062b39b7!8m2!3d36.1484733!4d-86.7180983!16s%2Fg%2F11grv3xkzj!19sChIJcS2hvp5pZIgRtzkrBrCo2bg?authuser=0&hl=en&rclk=1
Grayland Distribution & Fulfillment,Distribution Centers,US,Nashville TN,+1 615-465-6766,http://graylanddistribution.com/,info@graylanddistribution.com,25,https://www.google.com/maps/place/Grayland+Distribution+%26+Fulfillment/data=!4m7!3m6!1s0x88647f9edc919f2d:0xa170a9aa906f797a!8m2!3d36.0329238!4d-86.606356!16s%2Fg%2F11b5vxvsly!19sChIJLZ-R3J5_ZIgRenlvkKqpcKE?authuser=0&hl=en&rclk=1
Sprintz Furniture Warehouse & Distribution Center,Distribution Centers,US,Nashville TN,+1 615-234-3200,https://www.sprintz.com/,,185,https://www.google.com/maps/place/Sprintz+Furniture+Warehouse+%26+Distribution+Center/data=!4m7!3m6!1s0x8864602d00bd39e3:0x7c30b727448e0e5a!8m2!3d36.1820576!4d-86.8946947!16s%2Fg%2F1td5r_tt!19sChIJ4zm9AC1gZIgRWg6ORCe3MHw?authuser=0&hl=en&rclk=1
SNL1 - Amazon Fulfillment,Distribution Centers,US,Nashville TN,,,,52,https://www.google.com/maps/place/SNL1+-+Amazon+Fulfillment/data=!4m7!3m6!1s0x88646d00366fe8ef:0x587723de525c1e60!8m2!3d36.1093284!4d-86.6412517!16s%2Fg%2F11wjbzv_37!19sChIJ7-hvNgBtZIgRYB5cUt4jd1g?authuser=0&hl=en&rclk=1
Sleep Outfitters Distribution Center,Distribution Centers,US,Nashville TN,+1 615-538-1999,http://www.sleepoutfitters.com/,,4,https://www.google.com/maps/place/Sleep+Outfitters+Distribution+Center/data=!4m7!3m6!1s0x8864656681eb830d:0x576b02e37fa7e6b0!8m2!3d36.1137377!4d-86.7553797!16s%2Fg%2F11jf_wgyls!19sChIJDYPrgWZlZIgRsOanf-MCa1c?authuser=0&hl=en&rclk=1
Chick-fil-A Supply Distribution Center,Distribution Centers,US,Nashville TN,+1 770-286-8698,,,51,https://www.google.com/maps/place/Chick-fil-A+Supply+Distribution+Center/data=!4m7!3m6!1s0x88647357f35414ad:0x3dcbea8fc94ec057!8m2!3d36.0301!4d-86.6050198!16s%2Fg%2F11sbhyvmxy!19sChIJrRRU81dzZIgRV8BOyY_qyz0?authuser=0&hl=en&rclk=1
Southwestern Distribution Center,Distribution Centers,US,Nashville TN,+1 615-793-3800,https://southwesterndistributioncenter.com/,distributioncenter@southwestern.com,23,https://www.google.com/maps/place/Southwestern+Distribution+Center/data=!4m7!3m6!1s0x8864732540ab090d:0xd8d6afd669fba788!8m2!3d36.0023403!4d-86.6005046!16s%2Fg%2F1vxcx4f2!19sChIJDQmrQCVzZIgRiKf7adav1tg?authuser=0&hl=en&rclk=1
Starbucks Distribution Center,Distribution Centers,US,Nashville TN,,https://www.starbucks.com/careers/find-a-job/manufacturing-and-distribution/,applicantaccommodation@starbucks.com,39,https://www.google.com/maps/place/Starbucks+Distribution+Center/data=!4m7!3m6!1s0x8864199336b585bf:0xe554befb3fb65480!8m2!3d36.1369073!4d-86.3981591!16s%2Fg%2F11f044wb9d!19sChIJv4W1NpMZZIgRgFS2P_u-VOU?authuser=0&hl=en&rclk=1
Eds Supply Co - Distribution Center,Distribution Centers,US,Nashville TN,+1 615-226-3567,http://www.edssupply.com/#!map/c15a7,,19,https://www.google.com/maps/place/Eds+Supply+Co+-+Distribution+Center/data=!4m7!3m6!1s0x88645d85c7172869:0xe9a739e231049f0a!8m2!3d36.226852!4d-86.790235!16s%2Fg%2F1xtf296w!19sChIJaSgXx4VdZIgRCp8EMeI5p-k?authuser=0&hl=en&rclk=1
Hills Distribution Nashville,Distribution Centers,US,Nashville TN,,,,12,https://www.google.com/maps/place/Hills+Distribution+Nashville/data=!4m7!3m6!1s0x88641b93d9b07e85:0xa6648b0af57ff8b6!8m2!3d36.0425818!4d-86.4023399!16s%2Fg%2F11nx37mwd3!19sChIJhX6w2ZMbZIgRtvh_9QqLZKY?authuser=0&hl=en&rclk=1
Warehousing Pro,Distribution Centers,US,Nashville TN,+1 615-988-8181,https://www.warehousingpro.com/,,170,https://www.google.com/maps/place/Warehousing+Pro/data=!4m7!3m6!1s0x8864678eccb360b5:0xdd59bc593742935c!8m2!3d36.2140514!4d-86.7684637!16s%2Fg%2F1ptvr8pyy!19sChIJtWCzzI5nZIgRXJNCN1m8Wd0?authuser=0&hl=en&rclk=1
Tennessee Warehousing and Distribution,Distribution Centers,US,Nashville TN,+1 615-350-3373,,,2,https://www.google.com/maps/place/Tennessee+Warehousing+and+Distribution/data=!4m7!3m6!1s0x886461ae37b2b4bb:0xdd87d51e9a4226e4!8m2!3d36.1720037!4d-86.871205!16s%2Fg%2F1262qfz16!19sChIJu7SyN65hZIgR5CZCmh7Vh90?authuser=0&hl=en&rclk=1
Napa Distribution Center,Distribution Centers,US,Nashville TN,+1 615-235-8330,http://napaonline.com/la%20tienda%20de%20chrlot%20pk%20nashville%20tiene%203%20semanas%20que%20tiene%20personal%20nuebo%20i%20estan%20dando%20un%20mal%20servicio%20alos%20clentes%20deben%20poner%20perspnal%20amable%20que%20puedan%20ayudar%20al%20clente%20dando%20soluciones%20para%20las%20parte%20yo%20tengo%2010%20a%C3%B1os%20comprando%20partes%20en%20napa%20pero%20con%20el%20mal%20servicio%20los%20clientes%20ya%20no%20llegan%20acomprar%20partes%20pido%20que%20den%20solucion%20porque%20solo%20en%20el%20telefono%20pasan%20i%20no%20dan%20un%20buen%20servicio%20se%20les%20ase%20facil%20decir%20no%20hay%20y%20las%20partes%20se%20pueden%20ordenar%20para%20otro%20dia,,9,https://www.google.com/maps/place/Napa+Distribution+Center/data=!4m7!3m6!1s0x8864118f5bedcf97:0x3f6ba41bc4d3f875!8m2!3d36.0741984!4d-86.4274842!16s%2Fg%2F11hsxn7k3q!19sChIJl8_tW48RZIgRdfjTxBukaz8?authuser=0&hl=en&rclk=1
Clark Distribution,Distribution Centers,US,Nashville TN,+1 615-501-0120,,,28,https://www.google.com/maps/place/Clark+Distribution/data=!4m7!3m6!1s0x886472ea6b33a1d7:0xbf52a709c33bf82b!8m2!3d36.0156568!4d-86.6015716!16s%2Fg%2F11b6gc5r03!19sChIJ16Eza-pyZIgRK_g7wwmnUr8?authuser=0&hl=en&rclk=1
Warehousing and Fulfillment Specialists,Distribution Centers,US,Nashville TN,+1 615-254-2482,http://www.wfsllc.com/,customerservice@wfsllc.com,15,https://www.google.com/maps/place/Warehousing+and+Fulfillment+Specialists/data=!4m7!3m6!1s0x886461d2fe8bf351:0x6b8ce4bf37c2bc0c!8m2!3d36.1873684!4d-86.8432622!16s%2Fg%2F11b6yxd1tq!19sChIJUfOL_tJhZIgRDLzCN7_kjGs?authuser=0&hl=en&rclk=1
Essendant - Nashville Distribution Center,Distribution Centers,US,Nashville TN,+1 615-287-0800,https://www.essendant.com/?utm_source=google&utm_medium=organic&utm_campaign=gmb&utm_content=nsh,,21,https://www.google.com/maps/place/Essendant+-+Nashville+Distribution+Center/data=!4m7!3m6!1s0x88640ccd9b392009:0x95ca76398ef5e1f6!8m2!3d35.9840202!4d-86.5780487!16s%2Fg%2F11csrtt0sr!19sChIJCSA5m80MZIgR9uH1jjl2ypU?authuser=0&hl=en&rclk=1
Nom Nom Distribution,Distribution Centers,US,Nashville TN,,,,2,https://www.google.com/maps/place/Nom+Nom+Distribution/data=!4m7!3m6!1s0x886461002c4b2f49:0x573772bc981ee067!8m2!3d36.1883727!4d-86.8405807!16s%2Fg%2F11z7331xx4!19sChIJSS9LLABhZIgRZ-AemLxyN1c?authuser=0&hl=en&rclk=1
"OKC,Ok Distribution Center",Distribution Centers,US,Oklahoma City OK,+1 800-275-8777,,,38,"https://www.google.com/maps/place/OKC,Ok+Distribution+Center/data=!4m7!3m6!1s0x87b21eb3168f1c23:0xa89d9939cc0b4e90!8m2!3d35.595601!4d-97.5102244!16s%2Fg%2F11c5512lqg!19sChIJIxyPFrMesocRkE4LzDmZnag?authuser=0&hl=en&rclk=1"
Sam's Club Distribution Center 4965,Distribution Centers,US,Oklahoma City OK,+1 405-981-2227,,,125,https://www.google.com/maps/place/Sam%27s+Club+Distribution+Center+4965/data=!4m7!3m6!1s0x87b20f0033ebcdfd:0xd3ee36e36d95ac6d!8m2!3d35.441454!4d-97.6529377!16s%2Fg%2F11vqrz6m7f!19sChIJ_c3rMwAPsocRbayVbeM27tM?authuser=0&hl=en&rclk=1
Crest Fresh Market Foods Distribution Center,Distribution Centers,US,Oklahoma City OK,+1 405-507-8100,,,122,https://www.google.com/maps/place/Crest+Fresh+Market+Foods+Distribution+Center/data=!4m7!3m6!1s0x87b222099dea1fc5:0x20d9486730984787!8m2!3d35.5833821!4d-97.4358742!16s%2Fg%2F11btrqw2rf!19sChIJxR_qnQkisocRh0eYMGdI2SA?authuser=0&hl=en&rclk=1
Winsupply of Oklahoma City Distribution Center,Distribution Centers,US,Oklahoma City OK,+1 800-347-8761,,,42,https://www.google.com/maps/place/Winsupply+of+Oklahoma+City+Distribution+Center/data=!4m7!3m6!1s0x87b215ac7add40cd:0xdbc7d8d346ba356d!8m2!3d35.3723779!4d-97.4934625!16s%2Fg%2F11thhq_5b5!19sChIJzUDdeqwVsocRbTW6RtPYx9s?authuser=0&hl=en&rclk=1
Hahn Appliance Warehouse Distribution Center,Distribution Centers,US,Oklahoma City OK,+1 405-600-6925,http://www.hahnappliance.com/,,25,https://www.google.com/maps/place/Hahn+Appliance+Warehouse+Distribution+Center/data=!4m7!3m6!1s0x87b20fea1e23d0d7:0x62ae201936a10947!8m2!3d35.4610413!4d-97.6134252!16s%2Fg%2F11k6wzchp0!19sChIJ19AjHuoPsocRRwmhNhkgrmI?authuser=0&hl=en&rclk=1
Oklahoma City USPS Processing and Distribution Center (P&DC),Distribution Centers,US,Oklahoma City OK,+1 800-275-8777,https://tools.usps.com/find-location.htm?location=1435684,sfsdelivery.confirmation@usps.gov,54,https://www.google.com/maps/place/Oklahoma+City+USPS+Processing+and+Distribution+Center+%28P%26DC%29/data=!4m7!3m6!1s0x87b211e732cb836f:0x511fb5b7f2ed9049!8m2!3d35.468709!4d-97.5920516!16s%2Fg%2F11sf5wqgjk!19sChIJb4PLMucRsocRSZDt8re1H1E?authuser=0&hl=en&rclk=1
Bob Howard Parts Distribution Center,Distribution Centers,US,Oklahoma City OK,+1 405-525-4400,http://bhpdc.com/?utm_source=google&utm_medium=organic&utm_campaign=gbp-website,sales@bhpdc.com,449,https://www.google.com/maps/place/Bob+Howard+Parts+Distribution+Center/data=!4m7!3m6!1s0x87b2175812f76a23:0xee397b1af2601285!8m2!3d35.5054457!4d-97.5122706!16s%2Fg%2F1tk8p2sn!19sChIJI2r3ElgXsocRhRJg8hp7Oe4?authuser=0&hl=en&rclk=1
Kroger NLV Distribution Warehouse,Distribution Centers,US,Las Vegas NV,+1 725-281-6783,,,162,https://www.google.com/maps/place/Kroger+NLV+Distribution+Warehouse/data=!4m7!3m6!1s0x80c8e10015c8fd83:0x9e33d66d4805708d!8m2!3d36.3190423!4d-114.9885991!16s%2Fg%2F11lcncr6m8!19sChIJg_3IFQDhyIARjXAFSG3WM54?authuser=0&hl=en&rclk=1
T.J.Maxx Distribution Center,Distribution Centers,US,Las Vegas NV,+1 702-643-3224,,,120,https://www.google.com/maps/place/T.J.Maxx+Distribution+Center/data=!4m7!3m6!1s0x80c8e7fa257c654f:0x16708839bcf92275!8m2!3d36.2483718!4d-115.0822367!16s%2Fg%2F11gk8qttrk!19sChIJT2V8JfrnyIARdSL5vDmIcBY?authuser=0&hl=en&rclk=1
Smith's Distribution Warehouse,Distribution Centers,US,Las Vegas NV,+1 725-281-6783,,,102,https://www.google.com/maps/place/Smith%27s+Distribution+Warehouse/data=!4m7!3m6!1s0x80c8e18d120945a9:0xb08693b09544648!8m2!3d36.3211254!4d-114.9843746!16s%2Fg%2F11vlq2p2rz!19sChIJqUUJEo3hyIARSEZUCTtpCAs?authuser=0&hl=en&rclk=1
Johnstone Las Vegas Distribution Center,Distribution Centers,US,Las Vegas NV,+1 702-322-9800,https://www.johnstonesupply.com/,,24,https://www.google.com/maps/place/Johnstone+Las+Vegas+Distribution+Center/data=!4m7!3m6!1s0x80c8dd1851f59171:0xce6f7a102e848aec!8m2!3d36.2161177!4d-115.0674964!16s%2Fg%2F12633_k99!19sChIJcZH1URjdyIAR7IqELhB6b84?authuser=0&hl=en&rclk=1
Sephora Distribution Center,Distribution Centers,US,Las Vegas NV,+1 725-726-2458,https://www.inside-sephora.com/,,63,https://www.google.com/maps/place/Sephora+Distribution+Center/data=!4m7!3m6!1s0x80c8e71d019e574f:0xc7c6986d47ac7cb3!8m2!3d36.2632265!4d-115.0367025!16s%2Fg%2F11fmbl793z!19sChIJT1eeAR3nyIARs3ysR22Yxsc?authuser=0&hl=en&rclk=1
RC Willey Nevada Distribution Center,Distribution Centers,US,Las Vegas NV,+1 702-632-3650,https://www.rcwilley.com/location/Nevada/Nevada-Distribution-Center?utm_medium=organic&utm_campaign=store-listing&utm_content=ndc,,219,https://www.google.com/maps/place/RC+Willey+Nevada+Distribution+Center/data=!4m7!3m6!1s0x80c8dd5b89a7dfd1:0xf14195aac05a1090!8m2!3d36.2380678!4d-115.0765601!16s%2Fg%2F1td7tgfw!19sChIJ0d-niVvdyIARkBBawKqVQfE?authuser=0&hl=en&rclk=1
Marmaxx Distribution Center,Distribution Centers,US,Las Vegas NV,+1 702-643-3224,http://www.tjx.com/,,124,https://www.google.com/maps/place/Marmaxx+Distribution+Center/data=!4m7!3m6!1s0x80c8e7f758d7619d:0xc380cb6b2b911e3f!8m2!3d36.2497354!4d-115.0814429!16s%2Fg%2F1tkp01vl!19sChIJnWHXWPfnyIARPx6RK2vLgMM?authuser=0&hl=en&rclk=1
Portland Distribution Center,Distribution Centers,US,Portland OR,+1 503-256-3663,http://www.johnstonesupply.com/,,3,https://www.google.com/maps/place/Portland+Distribution+Center/data=!4m7!3m6!1s0x5495a3f42590cdd3:0xfa081bc3746dce63!8m2!3d45.5649384!4d-122.5433261!16s%2Fg%2F11q25ccl5r!19sChIJ082QJfSjlVQRY85tdMMbCPo?authuser=0&hl=en&rclk=1
Nordstrom Distribution Center,Distribution Centers,US,Portland OR,+1 503-240-6071,,,54,https://www.google.com/maps/place/Nordstrom+Distribution+Center/data=!4m7!3m6!1s0x5495a85f0e01bf55:0x862e584fc34f0cfd!8m2!3d45.6207543!4d-122.7253302!16s%2Fg%2F1t_wp1p2!19sChIJVb8BDl-olVQR_QxPw09YLoY?authuser=0&hl=en&rclk=1
Bridgeport Distribution,Distribution Centers,US,Portland OR,+1 503-620-6977,https://bridgeportdistribution.com/,sb@bridgeportdistribution.com,25,https://www.google.com/maps/place/Bridgeport+Distribution/data=!4m7!3m6!1s0x5495735cc9f3aa89:0x7da1ff7a40c4f257!8m2!3d45.406746!4d-122.749761!16s%2Fg%2F11h0zfcdzt!19sChIJiarzyVxzlVQRV_LEQHr_oX0?authuser=0&hl=en&rclk=1
United States Postal Service Processing & Distribution Center,Distribution Centers,US,Portland OR,+1 971-201-3730,,,72,https://www.google.com/maps/place/United+States+Postal+Service+Processing+%26+Distribution+Center/data=!4m7!3m6!1s0x5495a586828f0b8d:0xc4c339183c0e3c55!8m2!3d45.5756444!4d-122.5870498!16s%2Fg%2F11rc468s7k!19sChIJjQuPgoallVQRVTwOPBg5w8Q?authuser=0&hl=en&rclk=1
PDX Distribution Center,Distribution Centers,US,Portland OR,+1 971-303-8000,http://bkmpdxcenter.com/,nmerlino@bkmmgmt.com,9,https://www.google.com/maps/place/PDX+Distribution+Center/data=!4m7!3m6!1s0x5495a31c76bb935b:0xd9764a7c1d5f624e!8m2!3d45.5677885!4d-122.536975!16s%2Fg%2F11y2rk5g8x!19sChIJW5O7dhyjlVQRTmJfHXxKdtk?authuser=0&hl=en&rclk=1
JR Distribution and Warehousing,Distribution Centers,US,Portland OR,+1 503-288-4660,http://www.jrwarehousing.com/,jrdistributing@comcast.net,27,https://www.google.com/maps/place/JR+Distribution+and+Warehousing/data=!4m7!3m6!1s0x5495a6a44d654bc3:0x9d65b99378e23500!8m2!3d45.5676196!4d-122.5939104!16s%2Fg%2F1tdw7s2s!19sChIJw0tlTaSmlVQRADXieJO5ZZ0?authuser=0&hl=en&rclk=1
Kenco/Mondelez Fulfillment Center,Distribution Centers,US,Portland OR,+1 800-758-3289,http://kencogroup.com/,recruiting@kencogroup.com,37,https://www.google.com/maps/place/Kenco%2FMondelez+Fulfillment+Center/data=!4m7!3m6!1s0x5495a922a9b315a5:0xf44afa68fe07fdcc!8m2!3d45.6272992!4d-122.7690066!16s%2Fg%2F11tck3qb_q!19sChIJpRWzqSKplVQRzP0H_mj6SvQ?authuser=0&hl=en&rclk=1
Portland Community College Central Distribution Services,Distribution Centers,US,Portland OR,+1 971-722-7104,https://www.pcc.edu/facilities-management/services/central-distribution/,enroll@pcc.edu,7,https://www.google.com/maps/place/Portland+Community+College+Central+Distribution+Services/data=!4m7!3m6!1s0x5495732bd33acc35:0xbb954c8a4bc5e924!8m2!3d45.4165049!4d-122.746826!16s%2Fg%2F11bw2_hp0h!19sChIJNcw60ytzlVQRJOnFS4pMlbs?authuser=0&hl=en&rclk=1
Cummins Portland Regional Distribution Center,Distribution Centers,US,Portland OR,+1 866-286-6467,http://cummins.com/,melinda.koski@cummins.com,18,https://www.google.com/maps/place/Cummins+Portland+Regional+Distribution+Center/data=!4m7!3m6!1s0x5495a4092c25560d:0x5a084fba3fc536a!8m2!3d45.5695796!4d-122.5607052!16s%2Fg%2F11dx8yw27_!19sChIJDVYlLAmklVQRalP8o_uEoAU?authuser=0&hl=en&rclk=1
Grocery Outlet Distribution Center,Distribution Centers,US,Portland OR,+1 503-655-0244,https://groceryoutlet.com/,,186,https://www.google.com/maps/place/Grocery+Outlet+Distribution+Center/data=!4m7!3m6!1s0x54957609cc9ea4cf:0xd62569fe75b6db82!8m2!3d45.5428025!4d-122.4576062!16s%2Fg%2F1tl7nfdx!19sChIJz6SezAl2lVQRgtu2df5pJdY?authuser=0&hl=en&rclk=1
Farmer Brothers Distribution Center,Distribution Centers,US,Portland OR,+1 503-227-4490,https://www.farmerbros.com/,,4,https://www.google.com/maps/place/Farmer+Brothers+Distribution+Center/data=!4m7!3m6!1s0x5495a5d988f0375f:0x51f6d7b6f030ac14!8m2!3d45.5685818!4d-122.5576987!16s%2Fg%2F11qbcr6vd5!19sChIJXzfwiNmllVQRFKww8LbX9lE?authuser=0&hl=en&rclk=1
Chrysler Parts Distribution Center,Distribution Centers,US,Portland OR,,,,19,https://www.google.com/maps/place/Chrysler+Parts+Distribution+Center/data=!4m7!3m6!1s0x54950c14aa4e5d03:0x84a1aa337f24fb8a!8m2!3d45.4738852!4d-122.7794897!16s%2Fg%2F1vs1rld4!19sChIJA11OqhQMlVQRivskfzOqoYQ?authuser=0&hl=en&rclk=1
Cameron Distribution Center,Distribution Centers,US,Portland OR,+1 503-221-2270,,,15,https://www.google.com/maps/place/Cameron+Distribution+Center/data=!4m7!3m6!1s0x5495a308cde3af2b:0x1456d3aaf69c05d3!8m2!3d45.5583587!4d-122.4871892!16s%2Fg%2F11d_79w7tm!19sChIJK6_jzQijlVQR0wWc9qrTVhQ?authuser=0&hl=en&rclk=1
prologis jennifer distribution center,Distribution Centers,US,Portland OR,,https://www.prologis.com/industrial-properties/building/por00905-jennifer-distribution-center-5,,50,https://www.google.com/maps/place/prologis+jennifer+distribution+center/data=!4m7!3m6!1s0x5495760097dd2e25:0x53b8648e2fe753c8!8m2!3d45.4066084!4d-122.5275245!16s%2Fg%2F11fq_zdf5h!19sChIJJS7dlwB2lVQRyFPnL45kuFM?authuser=0&hl=en&rclk=1
Memphis International Distribution Center,Distribution Centers,US,Memphis TN,,,,12,https://www.google.com/maps/place/Memphis+International+Distribution+Center/data=!4m7!3m6!1s0x887f8862bdf55397:0xfd5f066ac93ffa5b!8m2!3d35.0266292!4d-89.9631529!16s%2Fg%2F11ddwv5cm2!19sChIJl1P1vWKIf4gRW_o_yWoGX_0?authuser=0&hl=en&rclk=1
Midwest Warehouse,Distribution Centers,US,Memphis TN,+1 901-969-1875,,,319,https://www.google.com/maps/place/Midwest+Warehouse/data=!4m7!3m6!1s0x887f85e6a3dbd05f:0x73305f437cf68340!8m2!3d35.0391944!4d-89.8766807!16s%2Fg%2F11h5vgc98_!19sChIJX9Dbo-aFf4gRQIP2fENfMHM?authuser=0&hl=en&rclk=1
US Post Office (Distribution),Distribution Centers,US,Memphis TN,+1 901-947-7582,https://www.usps.com/,sfsdelivery.confirmation@usps.gov,189,https://www.google.com/maps/place/US+Post+Office+%28Distribution%29/data=!4m7!3m6!1s0x87d57d980e73b77d:0x2770a662ebc6ddb8!8m2!3d35.0933462!4d-90.0199049!16s%2Fg%2F1263n08kd!19sChIJfbdzDph91YcRuN3G62KmcCc?authuser=0&hl=en&rclk=1
Amazon Fulfillment Center MEM4,Distribution Centers,US,Memphis TN,,,,198,https://www.google.com/maps/place/Amazon+Fulfillment+Center+MEM4/data=!4m7!3m6!1s0x887f7f463f3ee0f3:0xdc5925f48a6bfec9!8m2!3d35.2356834!4d-89.9550781!16s%2Fg%2F11h9bqx8wh!19sChIJ8-A-P0Z_f4gRyf5rivQlWdw?authuser=0&hl=en&rclk=1
Nike Distribution center,Distribution Centers,US,Memphis TN,+1 800-344-6453,https://www.nike.com/us/en_us/,,52,https://www.google.com/maps/place/Nike+Distribution+center/data=!4m7!3m6!1s0x887f8f0bf6ca5fed:0x11552e416b0443ff!8m2!3d35.0111238!4d-89.8932446!16s%2Fg%2F11g8cg1f7j!19sChIJ7V_K9guPf4gR_0MEa0EuVRE?authuser=0&hl=en&rclk=1
Pilot Distribution Center,Distribution Centers,US,Memphis TN,,,,23,https://www.google.com/maps/place/Pilot+Distribution+Center/data=!4m7!3m6!1s0x887f8f529b110f77:0x5f57db3d59c2411e!8m2!3d35.0293579!4d-89.9232482!16s%2Fg%2F1262g9ytb!19sChIJdw8Rm1KPf4gRHkHCWT3bV18?authuser=0&hl=en&rclk=1
TJ Maxx Distribution Center,Distribution Centers,US,Memphis TN,,,,6,https://www.google.com/maps/place/TJ+Maxx+Distribution+Center/data=!4m7!3m6!1s0x887f89a3651d0ca1:0x7b297a20ef6eeca1!8m2!3d35.0099143!4d-89.9348144!16s%2Fg%2F11f6n1tr2y!19sChIJoQwdZaOJf4gRoexu7yB6KXs?authuser=0&hl=en&rclk=1
Yeti Distribution Center,Distribution Centers,US,Memphis TN,,,,112,https://www.google.com/maps/place/Yeti+Distribution+Center/data=!4m7!3m6!1s0x887f89a7b8910d6b:0x5ad691e192484722!8m2!3d35.0042054!4d-89.9498411!16s%2Fg%2F11nnv60k9d!19sChIJaw2RuKeJf4gRIkdIkuGR1lo?authuser=0&hl=en&rclk=1
TJX Fulfillment Center,Distribution Centers,US,Memphis TN,,,,86,https://www.google.com/maps/place/TJX+Fulfillment+Center/data=!4m7!3m6!1s0x887f88c58eab84d5:0xf093e0fd4cd22f89!8m2!3d35.0110645!4d-89.9357983!16s%2Fg%2F11d_d43292!19sChIJ1YSrjsWIf4gRiS_STP3gk_A?authuser=0&hl=en&rclk=1
Herbalife Memphis Distribution Center,Distribution Centers,US,Memphis TN,+1 901-795-5056,http://www.herbalife.com/content/en-us/pdf/about-herbalife/worldwide-address-list.pdf,,108,https://www.google.com/maps/place/Herbalife+Memphis+Distribution+Center/data=!4m7!3m6!1s0x887f8fdf54cdeeff:0x10bdeb8230a97e5a!8m2!3d35.0112272!4d-89.8494999!16s%2Fg%2F11bbwn9f7d!19sChIJ_-7NVN-Pf4gRWn6pMILrvRA?authuser=0&hl=en&rclk=1
Covington Way Distribution Center,Distribution Centers,US,Memphis TN,+1 901-683-2220,http://mrgmemphis.com/,,1,https://www.google.com/maps/place/Covington+Way+Distribution+Center/data=!4m7!3m6!1s0x887f836d3859b173:0x13a3b5dec05b9d05!8m2!3d35.1831592!4d-89.8899474!16s%2Fg%2F11rwsz81sm!19sChIJc7FZOG2Df4gRBZ1bwN61oxM?authuser=0&hl=en&rclk=1
Patterson Warehouses,Distribution Centers,US,Memphis TN,+1 901-344-2600,http://www.pattersonwarehouses.com/,sales@patwar.com,285,https://www.google.com/maps/place/Patterson+Warehouses/data=!4m7!3m6!1s0x887f8831ee6aaad3:0x96e3f521e456a037!8m2!3d35.0009483!4d-89.9865923!16s%2Fg%2F1tc_9fjw!19sChIJ06pq7jGIf4gRN6BW5CH145Y?authuser=0&hl=en&rclk=1
Louisville Courier-Journal Lyndon Distribution Center,Distribution Centers,US,Louisville KY,,,,5,https://www.google.com/maps/place/Louisville+Courier-Journal+Lyndon+Distribution+Center/data=!4m7!3m6!1s0x88697565e781d8e5:0x615374b7a81e6b1f!8m2!3d38.261579!4d-85.611376!16s%2Fg%2F11b7lfm54c!19sChIJ5diB52V1aYgRH2seqLd0U2E?authuser=0&hl=en&rclk=1
Derby warehouse & usps warehouse,Distribution Centers,US,Louisville KY,,,,4,https://www.google.com/maps/place/Derby+warehouse+%26+usps+warehouse/data=!4m7!3m6!1s0x8869132047ff695d:0x3e701aeb574816b3!8m2!3d38.2317446!4d-85.7866458!16s%2Fg%2F11sc__qr4j!19sChIJXWn_RyATaYgRsxZIV-sacD4?authuser=0&hl=en&rclk=1
GUESS Distribution Center,Distribution Centers,US,Louisville KY,+1 502-937-8157,http://www.guess.com/,,108,https://www.google.com/maps/place/GUESS+Distribution+Center/data=!4m7!3m6!1s0x886916f0a6e3d683:0x33a5185ee5297377!8m2!3d38.1288886!4d-85.8830939!16s%2Fg%2F1tr7k3rt!19sChIJg9bjpvAWaYgRd3Mp5V4YpTM?authuser=0&hl=en&rclk=1
Advance Distribution Services,Distribution Centers,US,Louisville KY,+1 502-449-1720,http://www.advancedistribution.com/,,140,https://www.google.com/maps/place/Advance+Distribution+Services/data=!4m7!3m6!1s0x886912be93b25767:0xf33110a65e6299d1!8m2!3d38.2233404!4d-85.7852446!16s%2Fg%2F1tg9tf87!19sChIJZ1eyk74SaYgR0ZliXqYQMfM?authuser=0&hl=en&rclk=1
Hillsdale Furniture Distribution Center,Distribution Centers,US,Louisville KY,+1 502-562-0000,,,41,https://www.google.com/maps/place/Hillsdale+Furniture+Distribution+Center/data=!4m7!3m6!1s0x88690eeffe94f715:0x2b2728e289da2a6e!8m2!3d38.123579!4d-85.7142866!16s%2Fg%2F11clwcd7gw!19sChIJFfeU_u8OaYgRbiraieIoJys?authuser=0&hl=en&rclk=1
Red Bull Distribution Center Louisville,Distribution Centers,US,Louisville KY,,,,4,https://www.google.com/maps/place/Red+Bull+Distribution+Center+Louisville/data=!4m7!3m6!1s0x88690ff7299eaf6f:0xfe3bf8f3e84b1d9f!8m2!3d38.150322!4d-85.7379577!16s%2Fg%2F11rqkwppwt!19sChIJb6-eKfcPaYgRnx1L6PP4O_4?authuser=0&hl=en&rclk=1
Presbyterian Distribution Center,Distribution Centers,US,Louisville KY,,,,6,https://www.google.com/maps/place/Presbyterian+Distribution+Center/data=!4m7!3m6!1s0x88690dbcbae843cb:0x902c1e9aed3074f7!8m2!3d38.1612067!4d-85.6623388!16s%2Fg%2F11k504f24n!19sChIJy0PourwNaYgR93Qw7ZoeLJA?authuser=0&hl=en&rclk=1
Product Distribution Co,Distribution Centers,US,Louisville KY,+1 502-968-8711,https://pdco-freight.com/,lisa.fields@geappliances.com,17,https://www.google.com/maps/place/Product+Distribution+Co/data=!4m7!3m6!1s0x88690c76ef005ebf:0x87a2abed2c035854!8m2!3d38.1816892!4d-85.6881524!16s%2Fg%2F1tl9n9k2!19sChIJv14A73YMaYgRVFgDLO2rooc?authuser=0&hl=en&rclk=1
Louisville Industrial Center,Distribution Centers,US,Louisville KY,+1 502-361-0101,,,8,https://www.google.com/maps/place/Louisville+Industrial+Center/data=!4m7!3m6!1s0x88690e10d0d91319:0x27bfb363935f4be5!8m2!3d38.1401412!4d-85.7537889!16s%2Fg%2F1tzvx9cg!19sChIJGRPZ0BAOaYgR5Utfk2Ozvyc?authuser=0&hl=en&rclk=1
KEEN Distribution Center,Distribution Centers,US,Louisville KY,+1 502-215-7171,https://www.keenfootwear.com/,info@keenfootwear.com,65,https://www.google.com/maps/place/KEEN+Distribution+Center/data=!4m7!3m6!1s0x88690f58fa6321a3:0x8799026d10cd864a!8m2!3d38.0709283!4d-85.6976362!16s%2Fg%2F11f348bl1x!19sChIJoyFj-lgPaYgRSobNEG0CmYc?authuser=0&hl=en&rclk=1
DPS Warehouse,Distribution Centers,US,Louisville KY,+1 502-955-6499,http://www.dpswarehouse.com/,,24,https://www.google.com/maps/place/DPS+Warehouse/data=!4m7!3m6!1s0x8869059ad0f1583f:0x1c07923c6ba5d25!8m2!3d38.0583437!4d-85.7128811!16s%2Fg%2F1tc_4v7y!19sChIJP1jx0JoFaYgRJV26xiN5wAE?authuser=0&hl=en&rclk=1
Advance distribution,Distribution Centers,US,Louisville KY,,,,10,https://www.google.com/maps/place/Advance+distribution/data=!4m7!3m6!1s0x88690b96400b1351:0x6f7477cc9230104!8m2!3d38.15582!4d-85.673964!16s%2Fg%2F11h3kwpbr3!19sChIJURMLQJYLaYgRBAEjyXxH9wY?authuser=0&hl=en&rclk=1
Radial,Distribution Centers,US,Louisville KY,+1 877-255-2857,https://www.radial.com/,hrcentral@radial.com,108,https://www.google.com/maps/place/Radial/data=!4m7!3m6!1s0x886917eaa5ef1653:0x94cf354ec7434340!8m2!3d38.1240855!4d-85.8949889!16s%2Fg%2F11gxzk48z7!19sChIJUxbvpeoXaYgRQENDx041z5Q?authuser=0&hl=en&rclk=1
McKesson: Omega Distribution Center,Distribution Centers,US,Louisville KY,,,,16,https://www.google.com/maps/place/McKesson:+Omega+Distribution+Center/data=!4m7!3m6!1s0x88690131dac60feb:0x835bd750ab10f233!8m2!3d37.9746561!4d-85.6838131!16s%2Fg%2F11px0b6x30!19sChIJ6w_G2jEBaYgRM_IQq1DXW4M?authuser=0&hl=en&rclk=1
Averitt Distribution & Fulfillment Center,Distribution Centers,US,Louisville KY,+1 800-283-7488,https://www.averitt.com/?y_source=1_ODA2MzY4NDYtNzE1LWxvY2F0aW9uLndlYnNpdGU%3D,customerservice@averitt.com,18,https://www.google.com/maps/place/Averitt+Distribution+%26+Fulfillment+Center/data=!4m7!3m6!1s0x88690f63a30d45c5:0xe79317aaea2083c1!8m2!3d38.1171698!4d-85.7265929!16s%2Fg%2F11kb9dd6n7!19sChIJxUUNo2MPaYgRwYMg6qoXk-c?authuser=0&hl=en&rclk=1
Whirlpool Louisville Distribution,Distribution Centers,US,Louisville KY,,,,6,https://www.google.com/maps/place/Whirlpool+Louisville+Distribution/data=!4m7!3m6!1s0x88690c71abc3fc39:0x3eb9ec56db311a9c!8m2!3d38.1823863!4d-85.6924504!16s%2Fg%2F1pp2vf40k!19sChIJOfzDq3EMaYgRnBox21bsuT4?authuser=0&hl=en&rclk=1
GE Appliance Park Logistics Center,Distribution Centers,US,Louisville KY,,,,9,https://www.google.com/maps/place/GE+Appliance+Park+Logistics+Center/data=!4m7!3m6!1s0x88690b002108a41b:0xc7647cd6a03934d3!8m2!3d38.1711493!4d-85.6418983!16s%2Fg%2F11vqsg87rj!19sChIJG6QIIQALaYgR0zQ5oNZ8ZMc?authuser=0&hl=en&rclk=1
DCL Logistics,Distribution Centers,US,Louisville KY,+1 502-313-6055,http://dclcorp.com/,,81,https://www.google.com/maps/place/DCL+Logistics/data=!4m7!3m6!1s0x886916fec5891fc5:0xb811439c945f61b8!8m2!3d38.151131!4d-85.7529969!16s%2Fg%2F11g9m4ps49!19sChIJxR-Jxf4WaYgRuGFflJxDEbg?authuser=0&hl=en&rclk=1
Holman,Distribution Centers,US,Baltimore MD,+1 800-343-7486,https://www.holman.com/?utm_source=google&utm_medium=organic&utm_campaign=yext,,6,https://www.google.com/maps/place/Holman/data=!4m7!3m6!1s0x89c80194bd15a093:0xab32243367994567!8m2!3d39.2686203!4d-76.5406539!16s%2Fg%2F11h713s27v!19sChIJk6AVvZQByIkRZ0WZZzMkMqs?authuser=0&hl=en&rclk=1
Direct Distribution & Logistics,Distribution Centers,US,Baltimore MD,+1 410-646-4900,http://www.shipdirectnow.com/,dispatch@shipdirectnow.com,28,https://www.google.com/maps/place/Direct+Distribution+%26+Logistics/data=!4m7!3m6!1s0x89c81cd331ac409d:0xd6ff99912535af31!8m2!3d39.256655!4d-76.640432!16s%2Fg%2F1tdyglr0!19sChIJnUCsMdMcyIkRMa81JZGZ_9Y?authuser=0&hl=en&rclk=1
The Terminal Corporation,Distribution Centers,US,Baltimore MD,+1 800-560-7207,https://termcorp.com/,,294,https://www.google.com/maps/place/The+Terminal+Corporation/data=!4m7!3m6!1s0x89c803f580ebf805:0xe3a899e81f164ddd!8m2!3d39.2720949!4d-76.5653389!16s%2Fg%2F1tx47_xd!19sChIJBfjrgPUDyIkR3U0WH-iZqOM?authuser=0&hl=en&rclk=1
SBW1 - Amazon Flex Warehouse,Distribution Centers,US,Baltimore MD,,,,31,https://www.google.com/maps/place/SBW1+-+Amazon+Flex+Warehouse/data=!4m7!3m6!1s0x89c80300275d01c3:0x51287b783b511957!8m2!3d39.2276334!4d-76.5771022!16s%2Fg%2F11y3h5khhh!19sChIJwwFdJwADyIkRVxlRO3h7KFE?authuser=0&hl=en&rclk=1
H&S Bakery Distribution Center,Distribution Centers,US,Baltimore MD,,,,6,https://www.google.com/maps/place/H%26S+Bakery+Distribution+Center/data=!4m7!3m6!1s0x89c80757c2e892f5:0x3a640c548674a97d!8m2!3d39.3203574!4d-76.5305333!16s%2Fg%2F11gkxbcq9_!19sChIJ9ZLowlcHyIkRfal0hlQMZDo?authuser=0&hl=en&rclk=1
Charm City Warehouse,Distribution Centers,US,Baltimore MD,+1 410-925-7113,http://www.charmcitywarehouse.com/,,30,https://www.google.com/maps/place/Charm+City+Warehouse/data=!4m7!3m6!1s0x89c80419e3937801:0x369a3a6a8b0b9d9b!8m2!3d39.2977569!4d-76.56014!16s%2Fg%2F11c5zsc_gc!19sChIJAXiT4xkEyIkRm50Li2o6mjY?authuser=0&hl=en&rclk=1
The Baltimore Station- Food Distribution Center,Distribution Centers,US,Baltimore MD,+1 410-752-5917,https://baltimorestation.org/,outreach@baltimorestation.org,5,https://www.google.com/maps/place/The+Baltimore+Station-+Food+Distribution+Center/data=!4m7!3m6!1s0x89c8034283655555:0x813f3c54844ee797!8m2!3d39.2761535!4d-76.6184814!16s%2Fg%2F11rt_jlcyf!19sChIJVVVlg0IDyIkRl-dOhFQ8P4E?authuser=0&hl=en&rclk=1
"WebstaurantStore Distribution Center - Baltimore, MD",Distribution Centers,US,Baltimore MD,+1 717-392-7472,https://www.webstaurantstore.com/,,1,"https://www.google.com/maps/place/WebstaurantStore+Distribution+Center+-+Baltimore,+MD/data=!4m7!3m6!1s0x89c8073d07d94aeb:0x5df19130820fa4de!8m2!3d39.291163!4d-76.5351694!16s%2Fg%2F11w3vsg5mc!19sChIJ60rZBz0HyIkR3qQPgjCR8V0?authuser=0&hl=en&rclk=1"
Owens & Minor - Baltimore Distribution Center,Distribution Centers,US,Baltimore MD,+1 410-865-7700,https://www.owens-minor.com/,contactrequest@owens-minor.com,35,https://www.google.com/maps/place/Owens+%26+Minor+-+Baltimore+Distribution+Center/data=!4m7!3m6!1s0x89b7e3cc57811d91:0xedc3b48923ab6de1!8m2!3d39.1754929!4d-76.7179124!16s%2Fg%2F1tjyvhj2!19sChIJkR2BV8zjt4kR4W2rI4m0w-0?authuser=0&hl=en&rclk=1
"Baltimore International Warehousing & Transportation, Inc.",Distribution Centers,US,Baltimore MD,+1 410-633-3500,http://www.biwt.com/,,55,"https://www.google.com/maps/place/Baltimore+International+Warehousing+%26+Transportation,+Inc./data=!4m7!3m6!1s0x89c806ea276e04f3:0x4b3cd9c44892cefb!8m2!3d39.298866!4d-76.5197462!16s%2Fg%2F1tz72bx7!19sChIJ8wRuJ-oGyIkR-86SSMTZPEs?authuser=0&hl=en&rclk=1"
Harbor Logistics Center Building 1,Distribution Centers,US,Baltimore MD,,,,9,https://www.google.com/maps/place/Harbor+Logistics+Center+Building+1/data=!4m7!3m6!1s0x89c803d7896e467d:0x394e62f85780ede6!8m2!3d39.2297147!4d-76.5755533!16s%2Fg%2F11syss145s!19sChIJfUZuidcDyIkR5u2AV_hiTjk?authuser=0&hl=en&rclk=1
Frito-Lay Baltimore,Distribution Centers,US,Baltimore MD,,,,3,https://www.google.com/maps/place/Frito-Lay+Baltimore/data=!4m7!3m6!1s0x89c81d006d7474f5:0xfe05aa598adc3c0d!8m2!3d39.269053!4d-76.6662701!16s%2Fg%2F11wwjgg3ss!19sChIJ9XR0bQAdyIkRDTzcilmqBf4?authuser=0&hl=en&rclk=1
Overflo Warehouse,Distribution Centers,US,Baltimore MD,+1 410-646-5200,https://www.overflo.com/,,29,https://www.google.com/maps/place/Overflo+Warehouse/data=!4m7!3m6!1s0x89c81cda0382afdf:0x1d841991e48a7cf9!8m2!3d39.2570171!4d-76.6533612!16s%2Fg%2F11cjkq2p54!19sChIJ36-CA9ocyIkR-XyK5JEZhB0?authuser=0&hl=en&rclk=1
Maryland Community Kitchen - Food Distribution Center,Distribution Centers,US,Baltimore MD,+1 410-327-3420,,,12,https://www.google.com/maps/place/Maryland+Community+Kitchen+-+Food+Distribution+Center/data=!4m7!3m6!1s0x89c8040b155ce53f:0x1a91319e79d72780!8m2!3d39.2866876!4d-76.5702422!16s%2Fg%2F11k6hg_hyz!19sChIJP-VcFQsEyIkRgCfXeZ4xkRo?authuser=0&hl=en&rclk=1
Franciscan Center - Food Distribution Center,Distribution Centers,US,Baltimore MD,+1 410-467-5340,http://fcbmore.org/,,13,https://www.google.com/maps/place/Franciscan+Center+-+Food+Distribution+Center/data=!4m7!3m6!1s0x89c804c20e97f677:0x124e0acb9f9a2bd5!8m2!3d39.314815!4d-76.618621!16s%2Fg%2F11jppv1rt4!19sChIJd_aXDsIEyIkR1Suan8sKThI?authuser=0&hl=en&rclk=1
DAP Products Distribution Warehouse,Distribution Centers,US,Baltimore MD,+1 410-238-2600,http://www.dap.com/,,102,https://www.google.com/maps/place/DAP+Products+Distribution+Warehouse/data=!4m7!3m6!1s0x89c807bae02b045b:0x856f7b4c44cd7086!8m2!3d39.3268569!4d-76.4884426!16s%2Fg%2F1tfstvjs!19sChIJWwQr4LoHyIkRhnDNREx7b4U?authuser=0&hl=en&rclk=1
Wixon Distribution Center,Distribution Centers,US,Milwaukee WI,,,,45,https://www.google.com/maps/place/Wixon+Distribution+Center/data=!4m7!3m6!1s0x88051712a3549b91:0xc174109723a7a87c!8m2!3d42.953864!4d-87.9162486!16s%2Fg%2F11ghrbsl_6!19sChIJkZtUoxIXBYgRfKinI5cQdME?authuser=0&hl=en&rclk=1
Piggly Wiggly Midwest Distribution Center,Distribution Centers,US,Milwaukee WI,+1 920-457-4433,,,79,https://www.google.com/maps/place/Piggly+Wiggly+Midwest+Distribution+Center/data=!4m7!3m6!1s0x88050462b396f1f5:0x746a225dfb6e9a59!8m2!3d43.0709075!4d-88.0531311!16s%2Fg%2F1q5bqxwph!19sChIJ9fGWs2IEBYgRWZpu-10ianQ?authuser=0&hl=en&rclk=1
Sellars Distribution Center,Distribution Centers,US,Milwaukee WI,+1 800-237-8454,,,55,https://www.google.com/maps/place/Sellars+Distribution+Center/data=!4m7!3m6!1s0x88051d5699b1f9eb:0x7bdb52c9ad85581!8m2!3d43.1536305!4d-88.0064757!16s%2Fg%2F11g8ctqz0k!19sChIJ6_mxmVYdBYgRgVXYmiy1vQc?authuser=0&hl=en&rclk=1
Salvation Army Distribution Center and Warehouse,Distribution Centers,US,Milwaukee WI,+1 414-464-2940,http://www.salvationarmymilwaukee.org/,,27,https://www.google.com/maps/place/Salvation+Army+Distribution+Center+and+Warehouse/data=!4m7!3m6!1s0x88051d1b0b9a3005:0xf71370a1f84f91df!8m2!3d43.1245097!4d-87.9846839!16s%2Fg%2F1vgw95xb!19sChIJBTCaCxsdBYgR35FP-KFwE_c?authuser=0&hl=en&rclk=1
MilwaukeeWarehouse,Distribution Centers,US,Milwaukee WI,+1 414-327-2040,https://www.milwaukeewarehouse.com/,solutions@milwaukeewarehouse.com,22,https://www.google.com/maps/place/MilwaukeeWarehouse/data=!4m7!3m6!1s0x88051de596de3acb:0x4f25e6396daeea2f!8m2!3d43.1017331!4d-87.9531665!16s%2Fg%2F11h3mv3cdg!19sChIJyzreluUdBYgRL-qubTnmJU8?authuser=0&hl=en&rclk=1
O'Byrne Distribution Center - Batory Foods,Distribution Centers,US,Milwaukee WI,+1 414-463-9090,http://www.obyrnedc.com/,info@obyrnedc.com,25,https://www.google.com/maps/place/O%27Byrne+Distribution+Center+-+Batory+Foods/data=!4m7!3m6!1s0x880502ddcfa16f47:0xe61f45b46e475c2f!8m2!3d43.1245982!4d-88.0298183!16s%2Fg%2F1v3gsgq5!19sChIJR2-hz90CBYgRL1xHbrRFH-Y?authuser=0&hl=en&rclk=1
Salvation Army Distribution Center,Distribution Centers,US,Milwaukee WI,+1 414-464-2940,https://centralusa.salvationarmy.org/milwaukee/,,89,https://www.google.com/maps/place/Salvation+Army+Distribution+Center/data=!4m7!3m6!1s0x88051d1b0c28121d:0xe0b3a6d2c78fc5dd!8m2!3d43.124522!4d-87.9851259!16s%2Fg%2F11c2qpj_q9!19sChIJHRIoDBsdBYgR3cWPx9Kms-A?authuser=0&hl=en&rclk=1
"CMorgan Fulfillment, Warehouse and Distribution Milwaukee",Distribution Centers,US,Milwaukee WI,+1 262-796-2468,https://www.cmorgan.com/,sales@fortressllc.com,47,"https://www.google.com/maps/place/CMorgan+Fulfillment,+Warehouse+and+Distribution+Milwaukee/data=!4m7!3m6!1s0x880519c0feed0b03:0x1e20d11ab4c46ab4!8m2!3d43.0173682!4d-87.9105334!16s%2Fg%2F11g6mdzq2l!19sChIJAwvt_sAZBYgRtGrEtBrRIB4?authuser=0&hl=en&rclk=1"
"AW2 Fulfillment, Warehouse, Distribution and Crating, Milwaukee",Distribution Centers,US,Milwaukee WI,+1 877-223-0605,http://aw2logistics.com/,info@aw2logistics.com,5,"https://www.google.com/maps/place/AW2+Fulfillment,+Warehouse,+Distribution+and+Crating,+Milwaukee/data=!4m7!3m6!1s0x880517776513d3d9:0x3b02b9b0c699c065!8m2!3d42.9906641!4d-87.9096358!16s%2Fg%2F11hzsn745p!19sChIJ2dMTZXcXBYgRZcCZxrC5Ajs?authuser=0&hl=en&rclk=1"
"Milwaukee IPDC, Mopar Parts - Fiat Chrysler Group",Distribution Centers,US,Milwaukee WI,,,,18,"https://www.google.com/maps/place/Milwaukee+IPDC,+Mopar+Parts+-+Fiat+Chrysler+Group/data=!4m7!3m6!1s0x8805179e881b0a45:0x1d813576ddb831da!8m2!3d42.9849254!4d-87.8917699!16s%2Fg%2F1tg5vmlr!19sChIJRQobiJ4XBYgR2jG43XY1gR0?authuser=0&hl=en&rclk=1"
MDS Fulfillment,Distribution Centers,US,Milwaukee WI,+1 414-760-2100,https://mdsfulfillment.com/,,14,https://www.google.com/maps/place/MDS+Fulfillment/data=!4m7!3m6!1s0x88051d3e0c458459:0x889e5158f4b10ee0!8m2!3d43.1335998!4d-87.9934412!16s%2Fg%2F1tjv428q!19sChIJWYRFDD4dBYgR4A6x9FhRnog?authuser=0&hl=en&rclk=1
Milwaukee Tech Center,Distribution Centers,US,Milwaukee WI,+1 432-302-4172,https://milwaukeetechcenter.com//?utm_source=gmb&utm_medium=referral,info@techcenter.com,2,https://www.google.com/maps/place/Milwaukee+Tech+Center/data=!4m7!3m6!1s0x88051d77f6e00221:0xab000c7d16a6cc08!8m2!3d43.1276511!4d-88.0031197!16s%2Fg%2F11kjpmk349!19sChIJIQLg9ncdBYgRCMymFn0MAKs?authuser=0&hl=en&rclk=1
"MDS Fulfillment, Inc.",Distribution Centers,US,Milwaukee WI,+1 414-760-2100,http://www.mdsfulfillment.com/,,9,"https://www.google.com/maps/place/MDS+Fulfillment,+Inc./data=!4m7!3m6!1s0x88051d970f930967:0x49cae5dc4f4ecfb7!8m2!3d43.1404447!4d-87.960901!16s%2Fg%2F11dymqwbjc!19sChIJZwmTD5cdBYgRt89OT9zlykk?authuser=0&hl=en&rclk=1"
"KTI Distribution Center, LLC.",Distribution Centers,US,Milwaukee WI,+1 414-962-9613,http://www.ktidistribution.com/,sales@ktidistribution.com,2,"https://www.google.com/maps/place/KTI+Distribution+Center,+LLC./data=!4m7!3m6!1s0x8804e2ba6f753b01:0xd376889682a673d0!8m2!3d43.1700828!4d-88.0013333!16s%2Fg%2F11by_dmp20!19sChIJATt1b7riBIgR0HOmgpaIdtM?authuser=0&hl=en&rclk=1"
Amazon ABQ5 Distribution Center,Distribution Centers,US,Albuquerque NM,,,,83,https://www.google.com/maps/place/Amazon+ABQ5+Distribution+Center/data=!4m7!3m6!1s0x87226d7320addb5f:0x3cb0dba48eecd9c5!8m2!3d35.0841542!4d-106.8049715!16s%2Fg%2F11r34t5c3l!19sChIJX9utIHNtIocRxdnsjqTbsDw?authuser=0&hl=en&rclk=1
Amazon ABQ1 Fulfillment Center,Distribution Centers,US,Albuquerque NM,,,,197,https://www.google.com/maps/place/Amazon+ABQ1+Fulfillment+Center/data=!4m7!3m6!1s0x8722138f2615dc61:0xba42121f38c1ea50!8m2!3d35.0776209!4d-106.8038309!16s%2Fg%2F11r34ktqys!19sChIJYdwVJo8TIocRUOrBOB8SQro?authuser=0&hl=en&rclk=1
WQQ1 - Amazon Facility,Distribution Centers,US,Albuquerque NM,,,,92,https://www.google.com/maps/place/WQQ1+-+Amazon+Facility/data=!4m7!3m6!1s0x87220d1eeca32761:0x2da5518699973fd9!8m2!3d35.0861586!4d-106.7202389!16s%2Fg%2F11rbshnprt!19sChIJYSej7B4NIocR2T-XmYZRpS0?authuser=0&hl=en&rclk=1
Ge Rio Grand Distribution Center,Distribution Centers,US,Albuquerque NM,+1 505-836-0674,,,4,https://www.google.com/maps/place/Ge+Rio+Grand+Distribution+Center/data=!4m7!3m6!1s0x87220d42aabfef19:0xdef79098338a66e7!8m2!3d35.0881582!4d-106.7179647!16s%2Fg%2F1th57ftw!19sChIJGe-_qkINIocR52aKM5iQ994?authuser=0&hl=en&rclk=1
Ben E. Keith Foods New Mexico Distribution Center,Distribution Centers,US,Albuquerque NM,+1 505-843-7766,http://benekeith.com/,,146,https://www.google.com/maps/place/Ben+E.+Keith+Foods+New+Mexico+Distribution+Center/data=!4m7!3m6!1s0x87226d469c128d71:0xac526a07e18a54e2!8m2!3d35.092109!4d-106.7249853!16s%2Fg%2F11jh_wn881!19sChIJcY0SnEZtIocR4lSK4QdqUqw?authuser=0&hl=en&rclk=1
Ashley Furniture HomeStore Distribution Center,Distribution Centers,US,Albuquerque NM,+1 505-798-9401,,,82,https://www.google.com/maps/place/Ashley+Furniture+HomeStore+Distribution+Center/data=!4m7!3m6!1s0x872212abe10062fb:0x35723e214b91b178!8m2!3d35.0841116!4d-106.739976!16s%2Fg%2F11btx5bcsg!19sChIJ-2IA4asSIocReLGRSyE-cjU?authuser=0&hl=en&rclk=1
Amazon Fulfillment Center ABQ2,Distribution Centers,US,Albuquerque NM,,,,146,https://www.google.com/maps/place/Amazon+Fulfillment+Center+ABQ2/data=!4m7!3m6!1s0x87221b9f40b4e0dd:0x7b8b1548c007f889!8m2!3d34.8267271!4d-106.8174224!16s%2Fg%2F11kq4prqh8!19sChIJ3eC0QJ8bIocRifgHwEgVi3s?authuser=0&hl=en&rclk=1
Owens & Minor - Albuquerque Distribution Center,Distribution Centers,US,Albuquerque NM,+1 505-352-3900,https://www.owens-minor.com/distribution-locations/,contactrequest@owens-minor.com,3,https://www.google.com/maps/place/Owens+%26+Minor+-+Albuquerque+Distribution+Center/data=!4m7!3m6!1s0x87220d57c98c66a1:0x5a63e8d9f5152ccf!8m2!3d35.0820837!4d-106.7221994!16s%2Fg%2F1tg5_2mf!19sChIJoWaMyVcNIocRzywV9dnoY1o?authuser=0&hl=en&rclk=1
USPS ASF,Distribution Centers,US,Albuquerque NM,+1 505-833-9554,,,57,https://www.google.com/maps/place/USPS+ASF/data=!4m7!3m6!1s0x87220d560272e219:0xca9b6bd511d89!8m2!3d35.0839196!4d-106.7239136!16s%2Fg%2F11dxb14qv1!19sChIJGeJyAlYNIocRiR1RvbapDAA?authuser=0&hl=en&rclk=1
Distribution Center & Admin Offices - La Montañita Co-op Food Market,Distribution Centers,US,Albuquerque NM,+1 505-217-2010,http://www.lamontanita.coop/,,12,https://www.google.com/maps/place/Distribution+Center+%26+Admin+Offices+-+La+Monta%C3%B1ita+Co-op+Food+Market/data=!4m7!3m6!1s0x872273568bf4be73:0xe76b3cfc8e943b51!8m2!3d35.1100183!4d-106.6345094!16s%2Fg%2F1tgwn4lf!19sChIJc770i1ZzIocRUTuUjvw8a-c?authuser=0&hl=en&rclk=1
Quality Custom Distribution,Distribution Centers,US,Albuquerque NM,,,,83,https://www.google.com/maps/place/Quality+Custom+Distribution/data=!4m7!3m6!1s0x872275a14b29d69d:0xd7c75e78058bbc16!8m2!3d35.0475165!4d-106.6479939!16s%2Fg%2F11flbwmyv6!19sChIJndYpS6F1IocRFryLBXhex9c?authuser=0&hl=en&rclk=1
Desert Premium Logistics,Distribution Centers,US,Albuquerque NM,,https://www.desertpremiumlogistics.com/,desertpremiumlogistics@insignia.gg,11,https://www.google.com/maps/place/Desert+Premium+Logistics/data=!4m7!3m6!1s0x87220d74f79d1d95:0x3256120ba559435!8m2!3d35.0879022!4d-106.7181575!16s%2Fg%2F11vt7sfb0c!19sChIJlR2d93QNIocRNZRVuiBhJQM?authuser=0&hl=en&rclk=1
Premier Distributing Company,Distribution Centers,US,Albuquerque NM,+1 505-344-0287,https://www.abwholesaler.com/premier-distributing-co/,,76,https://www.google.com/maps/place/Premier+Distributing+Company/data=!4m7!3m6!1s0x872274994c19ea33:0xfb5f61b56f96ae72!8m2!3d35.1295957!4d-106.6228925!16s%2Fg%2F1thl19r8!19sChIJM-oZTJl0IocRcq6Wb7VhX_s?authuser=0&hl=en&rclk=1
Distribution International,Distribution Centers,US,Albuquerque NM,+1 505-275-5643,https://www.distributioninternational.com/,,35,https://www.google.com/maps/place/Distribution+International/data=!4m7!3m6!1s0x8722747be7942dc1:0x382c682cc02ec214!8m2!3d35.1543849!4d-106.6238897!16s%2Fg%2F1tq6dyyg!19sChIJwS2U53t0IocRFMIuwCxoLDg?authuser=0&hl=en&rclk=1
Albuquerque Warehouse,Distribution Centers,US,Albuquerque NM,+1 505-857-8670,,,1,https://www.google.com/maps/place/Albuquerque+Warehouse/data=!4m7!3m6!1s0x8722744ca6540537:0x55b204a772e5367!8m2!3d35.169641!4d-106.5801102!16s%2Fg%2F1tx8tnyr!19sChIJNwVUpkx0IocRZ1Mud0ogWwU?authuser=0&hl=en&rclk=1
National Distributing Co Inc,Distribution Centers,US,Albuquerque NM,+1 505-345-4492,http://www.ndcweb.com/,,47,https://www.google.com/maps/place/National+Distributing+Co+Inc/data=!4m7!3m6!1s0x872274f6764a5b6f:0x6d8382cfb61acc17!8m2!3d35.1483557!4d-106.6000203!16s%2Fg%2F1tmqrtzb!19sChIJb1tKdvZ0IocRF8wats-Cg20?authuser=0&hl=en&rclk=1
New Mexico Veterans Integration Centers - Food Distribution Center,Distribution Centers,US,Albuquerque NM,+1 505-265-0512,https://www.nmvic.org/,,7,https://www.google.com/maps/place/New+Mexico+Veterans+Integration+Centers+-+Food+Distribution+Center/data=!4m7!3m6!1s0x8718a0f1cd4f78c9:0xe54703559726980c!8m2!3d35.055208!4d-106.635736!16s%2Fg%2F11jppw0l2l!19sChIJyXhPzfGgGIcRDJgml1UDR-U?authuser=0&hl=en&rclk=1
Amazon Fulfillment Center - TUS2,Distribution Centers,US,Tucson AZ,+1 520-358-5628,,,300,https://www.google.com/maps/place/Amazon+Fulfillment+Center+-+TUS2/data=!4m7!3m6!1s0x86d6654349efe6b9:0xc1f878c1bf6883ae!8m2!3d32.1307522!4d-110.8396063!16s%2Fg%2F11h32_ldsp!19sChIJuebvSUNl1oYRroNov8F4-ME?authuser=0&hl=en&rclk=1
Amazon warehouse MAZ2,Distribution Centers,US,Tucson AZ,,,,55,https://www.google.com/maps/place/Amazon+warehouse+MAZ2/data=!4m7!3m6!1s0x86d675d5bc9c0d4b:0x361e114be8f3065b!8m2!3d32.2753531!4d-111.0168165!16s%2Fg%2F11vb5nz4sp!19sChIJSw2cvNV11oYRWwbz6EsRHjY?authuser=0&hl=en&rclk=1
TUSD - Textbook Distribution Center,Distribution Centers,US,Tucson AZ,,,,,https://www.google.com/maps/place/TUSD+-+Textbook+Distribution+Center/data=!4m7!3m6!1s0x86d671000d3f1013:0xcd429fd250fa554d!8m2!3d32.2158071!4d-110.9441743!16s%2Fg%2F11zkrx1ks4!19sChIJExA_DQBx1oYRTVX6UNKfQs0?authuser=0&hl=en&rclk=1
Silverbell Gateway Distribution Center,Distribution Centers,US,Tucson AZ,,,,2,https://www.google.com/maps/place/Silverbell+Gateway+Distribution+Center/data=!4m7!3m6!1s0x86d60b0017d09445:0xf1867f3ebfbf8495!8m2!3d32.3389863!4d-111.0866389!16s%2Fg%2F11lcvl6b79!19sChIJRZTQFwAL1oYRlYS_vz5_hvE?authuser=0&hl=en&rclk=1
Redbull Distribution Center,Distribution Centers,US,Tucson AZ,,,,2,https://www.google.com/maps/place/Redbull+Distribution+Center/data=!4m7!3m6!1s0x86d67500538cd3eb:0x4451b1dc3bc987ce!8m2!3d32.2756323!4d-111.0148097!16s%2Fg%2F11vy940w60!19sChIJ69OMUwB11oYRzofJO9yxUUQ?authuser=0&hl=en&rclk=1
Tucson Unified School District Mail Room and Textbook Distribution Center,Distribution Centers,US,Tucson AZ,+1 520-225-4680,,,2,https://www.google.com/maps/place/Tucson+Unified+School+District+Mail+Room+and+Textbook+Distribution+Center/data=!4m7!3m6!1s0x86d6705a109a43b9:0x9f95ce95405aa499!8m2!3d32.2150627!4d-110.9443126!16s%2Fg%2F11b6z7z7fm!19sChIJuUOaEFpw1oYRmaRaQJXOlZ8?authuser=0&hl=en&rclk=1
Amazon Sort Center - TUS5,Distribution Centers,US,Tucson AZ,,,,41,https://www.google.com/maps/place/Amazon+Sort+Center+-+TUS5/data=!4m7!3m6!1s0x86d67bc0b02b3b75:0x3407cc89a8f66ba7!8m2!3d32.1221528!4d-110.9110165!16s%2Fg%2F11nx3764n_!19sChIJdTsrsMB71oYRp2v2qInMBzQ?authuser=0&hl=en&rclk=1
Restaurant Supply Tucson Distribution Center,Distribution Centers,US,Tucson AZ,+1 855-838-1010,https://www.restaurantsupply.com/,,,https://www.google.com/maps/place/Restaurant+Supply+Tucson+Distribution+Center/data=!4m7!3m6!1s0x86d6714fd82d33a3:0x13dd9c9ddd29ce77!8m2!3d32.2462703!4d-110.9796029!16s%2Fg%2F11z9gdlf68!19sChIJozMt2E9x1oYRd84p3Z2c3RM?authuser=0&hl=en&rclk=1
Amazon Delivery - DTU2,Distribution Centers,US,Tucson AZ,,http://amazon.jobs/,,102,https://www.google.com/maps/place/Amazon+Delivery+-+DTU2/data=!4m7!3m6!1s0x86d6718d19413883:0xa66fa82b2d857500!8m2!3d32.1991229!4d-110.9818828!16s%2Fg%2F11hynjmm98!19sChIJgzhBGY1x1oYRAHWFLSuob6Y?authuser=0&hl=en&rclk=1
Presidio Distribution,Distribution Centers,US,Tucson AZ,+1 520-296-8024,http://www.presidiodistribution.com/,,4,https://www.google.com/maps/place/Presidio+Distribution/data=!4m7!3m6!1s0x86d67aa62aba12eb:0xc756047f1b6c9126!8m2!3d32.181723!4d-110.9235!16s%2Fg%2F1th7nbl9!19sChIJ6xK6KqZ61oYRJpFsG38EVsc?authuser=0&hl=en&rclk=1
Pima County Health Department Warehouse,Distribution Centers,US,Tucson AZ,,,,1,https://www.google.com/maps/place/Pima+County+Health+Department+Warehouse/data=!4m7!3m6!1s0x86d6713c0964bc6d:0x4219feaaf9810df2!8m2!3d32.2166673!4d-110.961654!16s%2Fg%2F11v0hmhksl!19sChIJbbxkCTxx1oYR8g2B-ar-GUI?authuser=0&hl=en&rclk=1
Mission Foods Distribution Center,Distribution Centers,US,Tucson AZ,+1 520-903-9720,,,6,https://www.google.com/maps/place/Mission+Foods+Distribution+Center/data=!4m7!3m6!1s0x86d67b15dd828a2f:0x5d34a698e9987ac6!8m2!3d32.1281573!4d-110.928891!16s%2Fg%2F1wn_6k26!19sChIJL4qC3RV71oYRxnqY6ZimNF0?authuser=0&hl=en&rclk=1
"Belden Tucson Distribution Center, USA",Distribution Centers,US,Tucson AZ,+1 520-640-6963,https://www.belden.com/,infosec@belden.com,8,"https://www.google.com/maps/place/Belden+Tucson+Distribution+Center,+USA/data=!4m7!3m6!1s0x86d67b00059e2729:0x59bf64c2f659b25f!8m2!3d32.13331!4d-110.91547!16s%2Fg%2F11vz12j6vw!19sChIJKSeeBQB71oYRX7JZ9sJkv1k?authuser=0&hl=en&rclk=1"
Kraft Foods Distribution Center,Distribution Centers,US,Fresno CA,+1 559-825-5304,http://kraft-foods-fresno.poi.place/,,174,https://www.google.com/maps/place/Kraft+Foods+Distribution+Center/data=!4m7!3m6!1s0x80945ff27e84f8cb:0x4c044280bdca38e0!8m2!3d36.69083!4d-119.7712056!16s%2Fg%2F1th7yld2!19sChIJy_iEfvJflIAR4DjKvYBCBEw?authuser=0&hl=en&rclk=1
"Inland Star Distribution Centers, Inc.",Distribution Centers,US,Fresno CA,+1 559-237-2052,http://www.inlandstar.com/,,89,"https://www.google.com/maps/place/Inland+Star+Distribution+Centers,+Inc./data=!4m7!3m6!1s0x8094f58655598eb7:0x88398655b9c42693!8m2!3d36.6904101!4d-119.7361703!16s%2Fg%2F1hm63sqvh!19sChIJt45ZVYb1lIARkybEuVWGOYg?authuser=0&hl=en&rclk=1"
American Warehouse Company,Distribution Centers,US,Fresno CA,+1 559-265-4212,,,158,https://www.google.com/maps/place/American+Warehouse+Company/data=!4m7!3m6!1s0x8094f58c079f9f83:0xd583198398845a25!8m2!3d36.689805!4d-119.7254095!16s%2Fg%2F1tjv3rw_!19sChIJg5-fB4z1lIARJVqEmIMZg9U?authuser=0&hl=en&rclk=1
Gap Pacific Distribution Center,Distribution Centers,US,Fresno CA,+1 559-346-2800,http://gap-pacific.poi.place/,,167,https://www.google.com/maps/place/Gap+Pacific+Distribution+Center/data=!4m7!3m6!1s0x80945c03651d29eb:0xddca091e101e3af1!8m2!3d36.7832148!4d-119.7066594!16s%2Fg%2F1th0n495!19sChIJ6ykdZQNclIAR8ToeEB4Jyt0?authuser=0&hl=en&rclk=1
Gap Fresno Distribution Center,Distribution Centers,US,Fresno CA,+1 559-346-2800,http://www.gapinc.com/,investor_relations@gap.com,5,https://www.google.com/maps/place/Gap+Fresno+Distribution+Center/data=!4m7!3m6!1s0x80945d048264571f:0x6332220da0962ec3!8m2!3d36.7824075!4d-119.7096398!16s%2Fg%2F11pds2vhgb!19sChIJH1dkggRdlIARwy6WoA0iMmM?authuser=0&hl=en&rclk=1
Sierra West Warehouse,Distribution Centers,US,Fresno CA,+1 559-485-2892,http://sierraww.com/,dalem@sierraww.com,19,https://www.google.com/maps/place/Sierra+West+Warehouse/data=!4m7!3m6!1s0x80945fb86f65214f:0x6c2ecad347efeb61!8m2!3d36.7117595!4d-119.7645036!16s%2Fg%2F1tgd6sb9!19sChIJTyFlb7hflIARYevvR9PKLmw?authuser=0&hl=en&rclk=1
Group Warehouse,Distribution Centers,US,Fresno CA,+1 559-265-4200,https://groupwarehouse.com/,,87,https://www.google.com/maps/place/Group+Warehouse/data=!4m7!3m6!1s0x8094f59205a8d4d7:0x6694ce0c579c2618!8m2!3d36.684582!4d-119.724749!16s%2Fg%2F1tgb7lt9!19sChIJ19SoBZL1lIARGCacVwzOlGY?authuser=0&hl=en&rclk=1
Mattress Distribution Centers,Distribution Centers,US,Fresno CA,+1 559-375-7325,http://www.sleeptrain.com/#utm_medium=local&utm_source=google_plus-local&utm_campaign=fresno-distribution-center,,4,https://www.google.com/maps/place/Mattress+Distribution+Centers/data=!4m7!3m6!1s0x80945ff3c616b479:0x63adcef68ba25f9d!8m2!3d36.6889444!4d-119.7705272!16s%2Fg%2F11b6xfm5gs!19sChIJebQWxvNflIARnV-ii_bOrWM?authuser=0&hl=en&rclk=1
Fresno Gap Warehouse,Distribution Centers,US,Fresno CA,,,,8,https://www.google.com/maps/place/Fresno+Gap+Warehouse/data=!4m7!3m6!1s0x80945d412c836285:0x44c354071699bb48!8m2!3d36.786642!4d-119.7112731!16s%2Fg%2F11t023y9xn!19sChIJhWKDLEFdlIARSLuZFgdUw0Q?authuser=0&hl=en&rclk=1
"Inland Star Distribution Centers, Inc",Distribution Centers,US,Fresno CA,+1 559-237-2052,http://www.inlandstar.com/locations,,,"https://www.google.com/maps/place/Inland+Star+Distribution+Centers,+Inc/data=!4m7!3m6!1s0x299355393f749ecb:0x67231e67df6a2609!8m2!3d36.8507213!4d-119.803198!16s%2Fg%2F11t7hm6c9f!19sChIJy550PzlVkykRCSZq32ceI2c?authuser=0&hl=en&rclk=1"
Central Unified Sch District Warehouse,Distribution Centers,US,Fresno CA,+1 559-276-5241,http://www.centralunified.org/,info@centralusd.k12.ca.us,1,https://www.google.com/maps/place/Central+Unified+Sch+District+Warehouse/data=!4m7!3m6!1s0x8094661aff27f381:0x6de0eb90a0794631!8m2!3d36.8049236!4d-119.8670951!16s%2Fg%2F1tds6yn7!19sChIJgfMn_xpmlIARMUZ5oJDr4G0?authuser=0&hl=en&rclk=1
Tulare Street Baptist Center - Food Distribution Center,Distribution Centers,US,Fresno CA,,,,1,https://www.google.com/maps/place/Tulare+Street+Baptist+Center+-+Food+Distribution+Center/data=!4m7!3m6!1s0x80946090f2edaa79:0xe919f35280aaa853!8m2!3d36.7258501!4d-119.8019534!16s%2Fg%2F11jrkkg8y3!19sChIJeart8pBglIARU6iqgFLzGek?authuser=0&hl=en&rclk=1
Fresno Distributing Company,Distribution Centers,US,Fresno CA,+1 559-442-8800,http://www.fresnod.com/,plumbing@fresnod.com,97,https://www.google.com/maps/place/Fresno+Distributing+Company/data=!4m7!3m6!1s0x80945df82f0b45d1:0xec1db717c0bb61ff!8m2!3d36.765265!4d-119.786311!16s%2Fg%2F1vs5wzhy!19sChIJ0UULL_hdlIAR_2G7wBe3Hew?authuser=0&hl=en&rclk=1
Weber Logistics,Distribution Centers,US,Fresno CA,+1 855-469-3237,https://www.weberlogistics.com/,info@weberlogistics.com,194,https://www.google.com/maps/place/Weber+Logistics/data=!4m7!3m6!1s0x80dd2cc7eee4efc5:0x5b616631d9dce7df!8m2!3d33.901606!4d-118.043147!16s%2Fg%2F1tcx_3x_!19sChIJxe_k7scs3YAR3-fc2TFmYVs?authuser=0&hl=en&rclk=1
Central Distributing,Distribution Centers,US,Fresno CA,+1 559-276-1500,http://centraldistributing.com/,,68,https://www.google.com/maps/place/Central+Distributing/data=!4m7!3m6!1s0x8094661ce8568d8d:0x8516bca1df246c49!8m2!3d36.8094673!4d-119.8680138!16s%2Fg%2F1xcbpwbk!19sChIJjY1W6BxmlIARSWwk36G8FoU?authuser=0&hl=en&rclk=1
Ulta DC Fresno 0855,Distribution Centers,US,Fresno CA,+1 866-983-8582,https://www.ulta.com/guestservices/#contact-us,,132,https://www.google.com/maps/place/Ulta+DC+Fresno+0855/data=!4m7!3m6!1s0x8094f559a7f069c1:0x54f9fa0b73edfacc!8m2!3d36.6786738!4d-119.7762462!16s%2Fg%2F11c6vk4fv0!19sChIJwWnwp1n1lIARzPrtcwv6-VQ?authuser=0&hl=en&rclk=1
Nor-Cal Beverage Company Distribution Center,Distribution Centers,US,Sacramento CA,+1 916-869-4726,,,296,https://www.google.com/maps/place/Nor-Cal+Beverage+Company+Distribution+Center/data=!4m7!3m6!1s0x809ad39b0a5bbaf7:0xfbcac71a31243113!8m2!3d38.5498738!4d-121.5737474!16s%2Fg%2F11bwm4lgcj!19sChIJ97pbCpvTmoAREzEkMRrHyvs?authuser=0&hl=en&rclk=1
Raley's Distribution Center,Distribution Centers,US,Sacramento CA,+1 916-928-7700,http://www.raleys.com/,,245,https://www.google.com/maps/place/Raley%27s+Distribution+Center/data=!4m7!3m6!1s0x809ad6399c5d6897:0x4fa54f01fd6c71d4!8m2!3d38.6427071!4d-121.5057141!16s%2Fg%2F1whdjlz_!19sChIJl2hdnDnWmoAR1HFs_QFPpU8?authuser=0&hl=en&rclk=1
Dollar general Distribution Center,Distribution Centers,US,Sacramento CA,+1 219-585-2123,,,32,https://www.google.com/maps/place/Dollar+general+Distribution+Center/data=!4m7!3m6!1s0x809ad3ebb055dbb3:0x50a870ca193dd1cb!8m2!3d38.5638976!4d-121.5640955!16s%2Fg%2F11mvmx7zl1!19sChIJs9tVsOvTmoARy9E9GcpwqFA?authuser=0&hl=en&rclk=1
Ross Distribution Center,Distribution Centers,US,Sacramento CA,,,,13,https://www.google.com/maps/place/Ross+Distribution+Center/data=!4m7!3m6!1s0x809ac58aaccd8583:0x4f5999e4eb98352f!8m2!3d38.5164849!4d-121.3957911!16s%2Fg%2F11t30t2wtv!19sChIJg4XNrIrFmoARLzWY6-SZWU8?authuser=0&hl=en&rclk=1
Essendant - Sacramento Distribution Center,Distribution Centers,US,Sacramento CA,+1 916-344-6707,https://www.essendant.com/?utm_source=google&utm_medium=organic&utm_campaign=gmb&utm_content=sac,,19,https://www.google.com/maps/place/Essendant+-+Sacramento+Distribution+Center/data=!4m7!3m6!1s0x809adf44d9b7063d:0x71c14703545cd6e2!8m2!3d38.696563!4d-121.339652!16s%2Fg%2F1td0yqr7!19sChIJPQa32UTfmoAR4tZcVANHwXE?authuser=0&hl=en&rclk=1
DDC-Dependable Distribution Center,Distribution Centers,US,Sacramento CA,+1 916-371-9765,,,3,https://www.google.com/maps/place/DDC-Dependable+Distribution+Center/data=!4m7!3m6!1s0x809ad6ba171d13d3:0xabb714ad3a46baf9!8m2!3d38.5873953!4d-121.5207827!16s%2Fg%2F1263qm7s5!19sChIJ0xMdF7rWmoAR-bpGOq0Ut6s?authuser=0&hl=en&rclk=1
Living Spaces distribution center,Distribution Centers,US,Sacramento CA,,,,10,https://www.google.com/maps/place/Living+Spaces+distribution+center/data=!4m7!3m6!1s0x809ad3adb4b92c4b:0x8696399c33648742!8m2!3d38.5452888!4d-121.5734313!16s%2Fg%2F11lkqcfpkg!19sChIJSyy5tK3TmoARQodkM5w5loY?authuser=0&hl=en&rclk=1
Advanced Logistics & Distribution Center Sacramento,Distribution Centers,US,Sacramento CA,+1 916-920-9200,https://advancedlogistics.com/,sales@advancedlogistics.com,13,https://www.google.com/maps/place/Advanced+Logistics+%26+Distribution+Center+Sacramento/data=!4m7!3m6!1s0x809ad901871af4cb:0x5eb8b6c16ba49ee2!8m2!3d38.6509319!4d-121.3942162!16s%2Fg%2F11c1xfk2tq!19sChIJy_QahwHZmoAR4p6ka8G2uF4?authuser=0&hl=en&rclk=1
Mattress Distribution Center,Distribution Centers,US,Sacramento CA,+1 877-246-2233,http://www.sleeptrain.com/#utm_medium=local&utm_source=google_plus-local&utm_campaign=sacramento-distribution-center,,21,https://www.google.com/maps/place/Mattress+Distribution+Center/data=!4m7!3m6!1s0x809ad61d56966e85:0xaf05b39f71a9893!8m2!3d38.6523275!4d-121.5254283!16s%2Fg%2F1262t557r!19sChIJhW6WVh3WmoARk5ga9zlb8Ao?authuser=0&hl=en&rclk=1
Sacramento Distribution Services,Distribution Centers,US,Sacramento CA,+1 916-971-3193,http://sdsracks.com/,,5,https://www.google.com/maps/place/Sacramento+Distribution+Services/data=!4m7!3m6!1s0x809ad907fadaa025:0xb4ef9ee58627b41c!8m2!3d38.6420901!4d-121.3992302!16s%2Fg%2F11c7szmrpg!19sChIJJaDa-gfZmoARHLQnhuWe77Q?authuser=0&hl=en&rclk=1
Bimbo Bakeries Distribution Center,Distribution Centers,US,Sacramento CA,,,,9,https://www.google.com/maps/place/Bimbo+Bakeries+Distribution+Center/data=!4m7!3m6!1s0x809ad38e77145fc9:0x982af9003d6c9576!8m2!3d38.5566599!4d-121.5628932!16s%2Fg%2F11klb0vkxg!19sChIJyV8Ud47TmoARdpVsPQD5Kpg?authuser=0&hl=en&rclk=1
Target Food Distribution Center T3712 Truck Entrance,Distribution Centers,US,Sacramento CA,+1 279-499-3800,http://target.com/,,182,https://www.google.com/maps/place/Target+Food+Distribution+Center+T3712+Truck+Entrance/data=!4m7!3m6!1s0x809b2b00005451ab:0x900eb30d3218d15d!8m2!3d38.6938679!4d-121.5672404!16s%2Fg%2F11y352zf34!19sChIJq1FUAAArm4ARXdEYMg2zDpA?authuser=0&hl=en&rclk=1
Warehouse & Distribution,Distribution Centers,US,Sacramento CA,+1 916-290-2777,,,1,https://www.google.com/maps/place/Warehouse+%26+Distribution/data=!4m7!3m6!1s0x809ac492f5cad4f5:0xfd634e07273834f2!8m2!3d38.5183372!4d-121.3749313!16s%2Fg%2F12613xs61!19sChIJ9dTK9ZLEmoAR8jQ4JwdOY_0?authuser=0&hl=en&rclk=1
AF Distributors California Warehouse - Sacramento,Distribution Centers,US,Sacramento CA,+1 916-963-8169,https://www.weareafdistributors.com/,,1,https://www.google.com/maps/place/AF+Distributors+California+Warehouse+-+Sacramento/data=!4m7!3m6!1s0x809ad7cf5c46977f:0xcb96fa5daf9493a8!8m2!3d38.6436819!4d-121.4969625!16s%2Fg%2F11ydmj98vz!19sChIJf5dGXM_XmoARqJOUr136lss?authuser=0&hl=en&rclk=1
US Foods Sacramento,Distribution Centers,US,Sacramento CA,+1 279-210-7000,https://www.usfoods.com/,,113,https://www.google.com/maps/place/US+Foods+Sacramento/data=!4m7!3m6!1s0x809ad95e78946a95:0xe3736542662febdf!8m2!3d38.6487717!4d-121.4120886!16s%2Fg%2F11ryllf9s1!19sChIJlWqUeF7ZmoAR3-svZkJlc-M?authuser=0&hl=en&rclk=1
Bogle Vineyards Distribution Warehouse,Distribution Centers,US,Sacramento CA,+1 916-744-1139,,,30,https://www.google.com/maps/place/Bogle+Vineyards+Distribution+Warehouse/data=!4m7!3m6!1s0x809ad39073f5d939:0xc1122831a1fac005!8m2!3d38.5513759!4d-121.5724087!16s%2Fg%2F11b7l1vtjm!19sChIJOdn1c5DTmoARBcD6oTEoEsE?authuser=0&hl=en&rclk=1
Red Bull Distribution Company,Distribution Centers,US,Sacramento CA,,http://www.redbulldistributioncompany.com/,,14,https://www.google.com/maps/place/Red+Bull+Distribution+Company/data=!4m7!3m6!1s0x809ad7c604f53151:0x6142fe2423b8c41b!8m2!3d38.6504106!4d-121.4794648!16s%2Fg%2F11g6qx79gn!19sChIJUTH1BMbXmoARG8S4IyT-QmE?authuser=0&hl=en&rclk=1
Best Buy Distribution Center,Distribution Centers,US,Sacramento CA,+1 916-713-4058,https://stores.bestbuy.com/ca/sacramento/5350-raley-blvd-9151.html,,4,https://www.google.com/maps/place/Best+Buy+Distribution+Center/data=!4m7!3m6!1s0x809ad922d825eeff:0xb53fe70e2bd89cb8!8m2!3d38.6644648!4d-121.4282971!16s%2Fg%2F11sbd34glc!19sChIJ_-4l2CLZmoARuJzYKw7nP7U?authuser=0&hl=en&rclk=1
Atlanta Distribution Center,Distribution Centers,US,Atlanta GA,+1 678-981-3581,,,192,https://www.google.com/maps/place/Atlanta+Distribution+Center/data=!4m7!3m6!1s0x88f518b2e4325cb9:0x9cb565bd059aea18!8m2!3d33.7694196!4d-84.5934366!16s%2Fg%2F11f3v0jz53!19sChIJuVwy5LIY9YgRGOqaBb1ltZw?authuser=0&hl=en&rclk=1
Southmeadow Distribution Center,Distribution Centers,US,Atlanta GA,+1 404-769-8737,,,48,https://www.google.com/maps/place/Southmeadow+Distribution+Center/data=!4m7!3m6!1s0x88f4e121d7dd7e91:0x3c6b9c58060227c5!8m2!3d33.6376152!4d-84.5243453!16s%2Fg%2F11h07s7l0s!19sChIJkX7d1yHh9IgRxScCBlicazw?authuser=0&hl=en&rclk=1
HGA6 Amazon Distribution Center,Distribution Centers,US,Atlanta GA,,,,95,https://www.google.com/maps/place/HGA6+Amazon+Distribution+Center/data=!4m7!3m6!1s0x88f4e1cfef00ca57:0x7e5a22869ba0f432!8m2!3d33.6166028!4d-84.5633237!16s%2Fg%2F11qfzwr51d!19sChIJV8oA78_h9IgRMvSgm4YiWn4?authuser=0&hl=en&rclk=1
USPS Warehouse,Distribution Centers,US,Atlanta GA,,,,196,https://www.google.com/maps/place/USPS+Warehouse/data=!4m7!3m6!1s0x88f4dd9a5da300e9:0x312d4dfdfb391105!8m2!3d33.5283931!4d-84.6069268!16s%2Fg%2F11tcd65y1y!19sChIJ6QCjXZrd9IgRBRE5-_1NLTE?authuser=0&hl=en&rclk=1
Porsche Atlanta Parts Distribution Center,Distribution Centers,US,Atlanta GA,+1 770-290-5000,https://www.porsche.com/usa/,customersupport@porsche.com,17,https://www.google.com/maps/place/Porsche+Atlanta+Parts+Distribution+Center/data=!4m7!3m6!1s0x88f4e18bdca9d11b:0x48369634682a9363!8m2!3d33.6360774!4d-84.4965553!16s%2Fg%2F125_vk8xx!19sChIJG9Gp3Ivh9IgRY5MqaDSWNkg?authuser=0&hl=en&rclk=1
BrandsMart USA Atlanta Distribution Center,Distribution Centers,US,Atlanta GA,+1 800-432-8579,http://www.brandsmartusa.com/,,82,https://www.google.com/maps/place/BrandsMart+USA+Atlanta+Distribution+Center/data=!4m7!3m6!1s0x88f4ff759aac7e33:0xf1c752fdf07f1084!8m2!3d33.619444!4d-84.287786!16s%2Fg%2F11bz0c3cz0!19sChIJM36smnX_9IgRhBB_8P1Sx_E?authuser=0&hl=en&rclk=1
APCU Network Distribution Center Branch,Distribution Centers,US,Atlanta GA,+1 800-849-8431,https://www.mycenterparc.com/,info@mycenterparc.com,276,https://www.google.com/maps/place/APCU+Network+Distribution+Center+Branch/data=!4m7!3m6!1s0x88f51b019b6c2acb:0x44582e533c88b3bb!8m2!3d33.8033643!4d-84.4780478!16s%2Fg%2F1tk_q39n!19sChIJyypsmwEb9YgRu7OIPFMuWEQ?authuser=0&hl=en&rclk=1
All-South Warehouse,Distribution Centers,US,Atlanta GA,+1 404-243-7566,http://allsouthwarehouse.com/,,91,https://www.google.com/maps/place/All-South+Warehouse/data=!4m7!3m6!1s0x88f501c958b76423:0x902d921e77837c12!8m2!3d33.68435!4d-84.3179434!16s%2Fg%2F1tf76bz4!19sChIJI2S3WMkB9YgREnyDdx6SLZA?authuser=0&hl=en&rclk=1
DHL Fulfillment Center,Distribution Centers,US,Atlanta GA,,https://www.dhl.com/us-en/home/supply-chain/solutions/ecommerce-fulfillment.html,,22,https://www.google.com/maps/place/DHL+Fulfillment+Center/data=!4m7!3m6!1s0x88f4e1d761e896eb:0x27a5eacd47031725!8m2!3d33.6300846!4d-84.5707489!16s%2Fg%2F11gnn5vz10!19sChIJ65boYdfh9IgRJRcDR83qpSc?authuser=0&hl=en&rclk=1
Fastenal Co Distribution Center,Distribution Centers,US,Atlanta GA,+1 404-346-9100,https://www.fastenal.com/locations/details/GA100,,69,https://www.google.com/maps/place/Fastenal+Co+Distribution+Center/data=!4m7!3m6!1s0x88f51f8c7e2791dd:0xb6b6856896857f4!8m2!3d33.7029807!4d-84.601002!16s%2Fg%2F11gcb9t13p!19sChIJ3ZEnfowf9YgR9FdoiVZoaws?authuser=0&hl=en&rclk=1
MCCormick Atlanta Distribution Center,Distribution Centers,US,Atlanta GA,+1 404-696-4222,https://www.mccormickcorporation.com/,,42,https://www.google.com/maps/place/MCCormick+Atlanta+Distribution+Center/data=!4m7!3m6!1s0x88f51fdc6e1fb529:0xf75d2cc31d2e44ba!8m2!3d33.744366!4d-84.563102!16s%2Fg%2F11swdwvdl4!19sChIJKbUfbtwf9YgRukQuHcMsXfc?authuser=0&hl=en&rclk=1
All South Warehouse,Distribution Centers,US,Atlanta GA,+1 404-243-7566,http://allsouthwarehouse.com/,,30,https://www.google.com/maps/place/All+South+Warehouse/data=!4m7!3m6!1s0x88f501b789ff60fd:0x293f35b68309f492!8m2!3d33.6864459!4d-84.323488!16s%2Fg%2F11g1llh2kv!19sChIJ_WD_ibcB9YgRkvQJg7Y1Pyk?authuser=0&hl=en&rclk=1
Norfleet Distribution Center,Distribution Centers,US,Kansas City MO,+1 816-423-5800,,,9,https://www.google.com/maps/place/Norfleet+Distribution+Center/data=!4m7!3m6!1s0x87c0ff266aedbf1b:0x3cd77ac32abff8c7!8m2!3d39.1691236!4d-94.4218281!16s%2Fg%2F11jnyzvmz8!19sChIJG7_taib_wIcRx_i_KsN61zw?authuser=0&hl=en&rclk=1
United States Postal Service (Distribution Center),Distribution Centers,US,Kansas City MO,+1 800-275-8777,https://www.usps.com/,sfsdelivery.confirmation@usps.gov,409,https://www.google.com/maps/place/United+States+Postal+Service+%28Distribution+Center%29/data=!4m7!3m6!1s0x87c0faeb8b617083:0x7a36d55a80181c23!8m2!3d39.0913098!4d-94.5387244!16s%2Fg%2F11g_43_ds!19sChIJg3Bhi-v6wIcRIxwYgFrVNno?authuser=0&hl=en&rclk=1
CVS Health Distribution Center,Distribution Centers,US,Kansas City MO,+1 816-708-6000,https://jobs.cvshealth.com/distribution-center-careers-cvs-health/midwest/,,143,https://www.google.com/maps/place/CVS+Health+Distribution+Center/data=!4m7!3m6!1s0x87c05fc1d1b99e1d:0xcd632de0a1e0012b!8m2!3d39.2876094!4d-94.6624337!16s%2Fg%2F11h0l9kgnk!19sChIJHZ650cFfwIcRKwHgoeAtY80?authuser=0&hl=en&rclk=1
Mastic Kearney Distribution Warehouse,Distribution Centers,US,Kansas City MO,+1 800-800-2244,https://www.plygem.com/,,36,https://www.google.com/maps/place/Mastic+Kearney+Distribution+Warehouse/data=!4m7!3m6!1s0x87c0ffbc380d5aa7:0x77aaf808702ea941!8m2!3d39.1665!4d-94.4288787!16s%2Fg%2F11fjtqg__t!19sChIJp1oNOLz_wIcRQakucAj4qnc?authuser=0&hl=en&rclk=1
Staples Fulfillment Center,Distribution Centers,US,Kansas City MO,+1 800-333-3330,http://www.staples.com/,,103,https://www.google.com/maps/place/Staples+Fulfillment+Center/data=!4m7!3m6!1s0x87c0fbbff87f0fe3:0x27600cf3e9be2481!8m2!3d39.1322319!4d-94.5012057!16s%2Fg%2F1tj4b_x1!19sChIJ4w9_-L_7wIcRgSS-6fMMYCc?authuser=0&hl=en&rclk=1
Walmart Distribution Center #7183,Distribution Centers,US,Kansas City MO,+1 816-974-9424,http://careers.walmart.com/career-areas/transportation-logistics-group/distribution-center/,,351,https://www.google.com/maps/place/Walmart+Distribution+Center+%237183/data=!4m7!3m6!1s0x87c0dce235b52921:0x6c7f28238613e76d!8m2!3d38.855238!4d-94.5375493!16s%2Fg%2F11b70gc0m_!19sChIJISm1NeLcwIcRbecThiMof2w?authuser=0&hl=en&rclk=1
Metro Park Warehouse,Distribution Centers,US,Kansas City MO,+1 816-221-4546,https://metroparkwarehouses.com/,retchells@mpwus.com,85,https://www.google.com/maps/place/Metro+Park+Warehouse/data=!4m7!3m6!1s0x87c0fa09b92b63ff:0xefe6ab3f30857b16!8m2!3d39.134697!4d-94.5611682!16s%2Fg%2F1vtzhr15!19sChIJ_2MruQn6wIcRFnuFMD-r5u8?authuser=0&hl=en&rclk=1
Essendant - Kansas City Distribution Center,Distribution Centers,US,Kansas City MO,+1 816-842-1811,https://www.essendant.com/?utm_source=google&utm_medium=organic&utm_campaign=gmb&utm_content=kan,,15,https://www.google.com/maps/place/Essendant+-+Kansas+City+Distribution+Center/data=!4m7!3m6!1s0x87c0f0af6a43f50b:0x5623735002533977!8m2!3d39.1379948!4d-94.5685297!16s%2Fg%2F1thtq36p!19sChIJC_VDaq_wwIcRdzlTAlBzI1Y?authuser=0&hl=en&rclk=1
Duvel Moortgat USA / Boulevard Brewing Co Distribution Center,Distribution Centers,US,Kansas City MO,+1 816-474-7095,http://boulevard.com/,,37,https://www.google.com/maps/place/Duvel+Moortgat+USA+%2F+Boulevard+Brewing+Co+Distribution+Center/data=!4m7!3m6!1s0x87c0e66ca14df58d:0xead8623ae43f2455!8m2!3d38.9677856!4d-94.5401641!16s%2Fg%2F11cn9ddctn!19sChIJjfVNoWzmwIcRVSQ_5Dpi2Oo?authuser=0&hl=en&rclk=1
Balls Food Central Distribution Warehouse,Distribution Centers,US,Kansas City MO,+1 816-861-0048,https://henhouse.com/,,54,https://www.google.com/maps/place/Balls+Food+Central+Distribution+Warehouse/data=!4m7!3m6!1s0x87c0e4c699944453:0xf3e07e74a81305!8m2!3d39.1015272!4d-94.6051749!16s%2Fg%2F1tp08n15!19sChIJU0SUmcbkwIcRBROodH7g8wA?authuser=0&hl=en&rclk=1
Commercial Distribution Warehouse,Distribution Centers,US,Kansas City MO,,,,51,https://www.google.com/maps/place/Commercial+Distribution+Warehouse/data=!4m7!3m6!1s0x87c102966aaebe9f:0xac9852e1fb8d9948!8m2!3d39.0927087!4d-94.3830279!16s%2Fg%2F1tc_95ty!19sChIJn76uapYCwYcRSJmN--FSmKw?authuser=0&hl=en&rclk=1
Murphy Logistics - Warren Distribution Center,Distribution Centers,US,Kansas City MO,+1 612-623-1200,https://www.murphylogistics.com/?utm_source=google&utm_medium=organic&utm_campaign=gbp&utm_content=kansas-city-warren-st,,39,https://www.google.com/maps/place/Murphy+Logistics+-+Warren+Distribution+Center/data=!4m7!3m6!1s0x87c0fa102fc21d5f:0x62ad331ebacc00eb!8m2!3d39.1371164!4d-94.5515424!16s%2Fg%2F11tb6117xk!19sChIJXx3CLxD6wIcR6wDMuh4zrWI?authuser=0&hl=en&rclk=1
Red Bull Distribution Center KCWEST,Distribution Centers,US,Kansas City MO,,https://www.redbulldistributioncompany.com/,,7,https://www.google.com/maps/place/Red+Bull+Distribution+Center+KCWEST/data=!4m7!3m6!1s0x87c0f55e64f072e3:0x5b315da120fcbe36!8m2!3d39.1724754!4d-94.6493965!16s%2Fg%2F11ny2mwdyy!19sChIJ43LwZF71wIcRNr78IKFdMVs?authuser=0&hl=en&rclk=1
Owens & Minor - Kansas City Distribution Center,Distribution Centers,US,Kansas City MO,+1 816-483-6613,https://www.owens-minor.com/,contactrequest@owens-minor.com,3,https://www.google.com/maps/place/Owens+%26+Minor+-+Kansas+City+Distribution+Center/data=!4m7!3m6!1s0x87c0fba0b95696cb:0xbace0855f1d8905b!8m2!3d39.1390579!4d-94.4977607!16s%2Fg%2F11tdpd3jhl!19sChIJy5ZWuaD7wIcRW5DY8VUIzro?authuser=0&hl=en&rclk=1
Northeast Distribution Center,Distribution Centers,US,Kansas City MO,+1 816-241-5175,,,1,https://www.google.com/maps/place/Northeast+Distribution+Center/data=!4m7!3m6!1s0x87c0fba68e555553:0x681ca4e6833c4c50!8m2!3d39.1134426!4d-94.5078265!16s%2Fg%2F11h0bkpv_4!19sChIJU1VVjqb7wIcRUEw8g-akHGg?authuser=0&hl=en&rclk=1
"Dixon Valve Distribution Center - Kansas City, MO",Distribution Centers,US,Kansas City MO,+1 816-221-0064,https://www.dixonvalve.com/,,9,"https://www.google.com/maps/place/Dixon+Valve+Distribution+Center+-+Kansas+City,+MO/data=!4m7!3m6!1s0x87c0fa0a4d3cd69b:0x3660151c37493774!8m2!3d39.131987!4d-94.5602758!16s%2Fg%2F1tgfdx3k!19sChIJm9Y8TQr6wIcRdDdJNxwVYDY?authuser=0&hl=en&rclk=1"
Murphy Logistics - Stilwell Distribution Center,Distribution Centers,US,Kansas City MO,+1 612-623-1200,https://www.murphylogistics.com/?utm_source=google&utm_medium=organic&utm_campaign=gbp&utm_content=kansas-city-stilwell-st,,72,https://www.google.com/maps/place/Murphy+Logistics+-+Stilwell+Distribution+Center/data=!4m7!3m6!1s0x87c0fbd0952479cf:0x7725584571991544!8m2!3d39.1444658!4d-94.5112462!16s%2Fg%2F1pty5rzwp!19sChIJz3kkldD7wIcRRBWZcUVYJXc?authuser=0&hl=en&rclk=1
Murphy Logistics - Executive Distribution Center,Distribution Centers,US,Kansas City MO,+1 612-623-1200,https://www.murphylogistics.com/?utm_source=google&utm_medium=organic&utm_campaign=gbp&utm_content=kansas-city-executive-dr,,47,https://www.google.com/maps/place/Murphy+Logistics+-+Executive+Distribution+Center/data=!4m7!3m6!1s0x87c0fb4fa355b19b:0xe7060ab28e72c80c!8m2!3d39.1415201!4d-94.5048042!16s%2Fg%2F11hdq5rckq!19sChIJm7FVo0_7wIcRDMhyjrIKBuc?authuser=0&hl=en&rclk=1
LDS Distribution Center at KC Temple,Distribution Centers,US,Kansas City MO,+1 816-421-6010,https://www.churchofjesuschrist.org/temples/details/kansas-city-missouri-temple?lang=eng,,35,https://www.google.com/maps/place/LDS+Distribution+Center+at+KC+Temple/data=!4m7!3m6!1s0x87c0f96a177cb091:0xa54f8b2ab9fb8e25!8m2!3d39.2206963!4d-94.4997054!16s%2Fg%2F11ks167k8y!19sChIJkbB8F2r5wIcRJY77uSqLT6U?authuser=0&hl=en&rclk=1
Central warehouse,Distribution Centers,US,Raleigh NC,+1 919-662-4367,,,12,https://www.google.com/maps/place/Central+warehouse/data=!4m7!3m6!1s0x89ac5fe2fdf4ea41:0x1d8d6b5b45bcda09!8m2!3d35.727565!4d-78.6435493!16s%2Fg%2F11c4542l1p!19sChIJQer0_eJfrIkRCdq8RVtrjR0?authuser=0&hl=en&rclk=1
Owens & Minor - Raleigh Distribution Center,Distribution Centers,US,Raleigh NC,+1 919-231-6367,http://www.owens-minor.com/,contactrequest@owens-minor.com,21,https://www.google.com/maps/place/Owens+%26+Minor+-+Raleigh+Distribution+Center/data=!4m7!3m6!1s0x89ac5ea0024863b1:0x2718a8873a8d08d2!8m2!3d35.7812001!4d-78.5672108!16s%2Fg%2F1tgff71v!19sChIJsWNIAqBerIkR0giNOoeoGCc?authuser=0&hl=en&rclk=1
Carriage House - Food Distribution Center,Distribution Centers,US,Raleigh NC,+1 919-755-0838,,,12,https://www.google.com/maps/place/Carriage+House+-+Food+Distribution+Center/data=!4m7!3m6!1s0x89ac5f646fc18d5b:0x1d384ea8c0d99881!8m2!3d35.7824082!4d-78.650439!16s%2Fg%2F11jrj0mh_7!19sChIJW43Bb2RfrIkRgZjZwKhOOB0?authuser=0&hl=en&rclk=1
Golden State Foods/McDonald's Distribution Center,Distribution Centers,US,Raleigh NC,+1 919-255-7000,http://www.goldenstatefoods.com/,info@mysite.com,135,https://www.google.com/maps/place/Golden+State+Foods%2FMcDonald%27s+Distribution+Center/data=!4m7!3m6!1s0x89ac60b79eccf589:0x2c54c07128445f2b!8m2!3d35.6988992!4d-78.575844!16s%2Fg%2F1tfp39wj!19sChIJifXMnrdgrIkRK19EKHHAVCw?authuser=0&hl=en&rclk=1
Raleigh UNC2 - Prime Now,Distribution Centers,US,Raleigh NC,,,,59,https://www.google.com/maps/place/Raleigh+UNC2+-+Prime+Now/data=!4m7!3m6!1s0x89ac58df33415baf:0x4f7141a0c5d366f3!8m2!3d35.823934!4d-78.613342!16s%2Fg%2F11c2pbyxzr!19sChIJr1tBM99YrIkR82bTxaBBcU8?authuser=0&hl=en&rclk=1
DRT7 Amazon Delivery Station,Distribution Centers,US,Raleigh NC,,,,78,https://www.google.com/maps/place/DRT7+Amazon+Delivery+Station/data=!4m7!3m6!1s0x89ac61da67eaaf6b:0xa3a03544123895ab!8m2!3d35.6974676!4d-78.5728487!16s%2Fg%2F11n07t3bc0!19sChIJa6_qZ9phrIkRq5U4EkQ1oKM?authuser=0&hl=en&rclk=1
North Carolina Department of Transportation IT Distribution Center,Distribution Centers,US,Raleigh NC,,https://apps.ncdot.gov/dot/directory/authenticated/UnitPage.aspx?id=17167,,3,https://www.google.com/maps/place/North+Carolina+Department+of+Transportation+IT+Distribution+Center/data=!4m7!3m6!1s0x89ac5f858b826b11:0xfacd8768a55553a8!8m2!3d35.7586647!4d-78.6364247!16s%2Fg%2F11t4_l0p5z!19sChIJEWuCi4VfrIkRqFNVpWiHzfo?authuser=0&hl=en&rclk=1
RALEIGH REGIONAL DISTRIBUTION LLC,Distribution Centers,US,Raleigh NC,+1 919-777-3091,,,3,https://www.google.com/maps/place/RALEIGH+REGIONAL+DISTRIBUTION+LLC/data=!4m7!3m6!1s0x6ee02af8fa193a29:0x5643449ea50f1b11!8m2!3d35.7903845!4d-78.5731462!16s%2Fg%2F11ltsyf9mz!19sChIJKToZ-vgq4G4RERsPpZ5EQ1Y?authuser=0&hl=en&rclk=1
Parkview Manor - Food Distribution Center,Distribution Centers,US,Raleigh NC,,,,3,https://www.google.com/maps/place/Parkview+Manor+-+Food+Distribution+Center/data=!4m7!3m6!1s0x89ac5f40ec0aa681:0xb89aae0fdc90a516!8m2!3d35.7920348!4d-78.6362565!16s%2Fg%2F11jppw94s9!19sChIJgaYK7EBfrIkRFqWQ3A-umrg?authuser=0&hl=en&rclk=1
DRT3 Amazon,Distribution Centers,US,Raleigh NC,,,,34,https://www.google.com/maps/place/DRT3+Amazon/data=!4m7!3m6!1s0x89ac5d0007b69ae1:0x2f839bf9fe9921d!8m2!3d35.7952869!4d-78.5581698!16s%2Fg%2F11ltr0tdxy!19sChIJ4Zq2BwBdrIkRHZLpn785-AI?authuser=0&hl=en&rclk=1
"Domino's Pizza Distribution Supply Chain Center - GARNER,NC",Distribution Centers,US,Raleigh NC,+1 919-779-5252,http://dominos.com/,,73,"https://www.google.com/maps/place/Domino%27s+Pizza+Distribution+Supply+Chain+Center+-+GARNER,NC/data=!4m7!3m6!1s0x89ac672ec68b9ebf:0x4bce2b82e0671228!8m2!3d35.6794125!4d-78.5583143!16s%2Fg%2F11b6gm3pkl!19sChIJv56Lxi5nrIkRKBJn4IIrzks?authuser=0&hl=en&rclk=1"
NC ZONE DISTRIBUTION,Distribution Centers,US,Raleigh NC,,,,8,https://www.google.com/maps/place/NC+ZONE+DISTRIBUTION/data=!4m7!3m6!1s0x89ac5ff5bcdf38e1:0x871b7d1d87dada51!8m2!3d35.7894581!4d-78.5727784!16s%2Fg%2F11y1f6kzjd!19sChIJ4TjfvPVfrIkRUdrahx19G4c?authuser=0&hl=en&rclk=1
Atlantech Distribution Inc,Distribution Centers,US,Raleigh NC,+1 919-662-9120,http://atlantech1.com/,,10,https://www.google.com/maps/place/Atlantech+Distribution+Inc/data=!4m7!3m6!1s0x89ac8aa13a2510f9:0x873dedfe8c669b63!8m2!3d35.7087743!4d-78.6612992!16s%2Fg%2F1txy368j!19sChIJ-RAlOqGKrIkRY5tmjP7tPYc?authuser=0&hl=en&rclk=1
Security Bonded Warehouse,Distribution Centers,US,Raleigh NC,+1 919-834-1341,http://securitybonded.com/,sbw@securitybonded.com,18,https://www.google.com/maps/place/Security+Bonded+Warehouse/data=!4m7!3m6!1s0x89ac5f991cacc757:0x82d8a2891a2f40cc!8m2!3d35.7594963!4d-78.6373217!16s%2Fg%2F1tgdt_t2!19sChIJV8esHJlfrIkRzEAvGomi2II?authuser=0&hl=en&rclk=1
"L&M Warehouse and Packing, INC",Distribution Centers,US,Raleigh NC,+1 919-875-4020,http://www.lmcompanies.com/,,47,"https://www.google.com/maps/place/L%26M+Warehouse+and+Packing,+INC/data=!4m7!3m6!1s0x89acf578f7209a3b:0xaf47fa952b73aaa5!8m2!3d35.7676786!4d-78.6646479!16s%2Fg%2F11fx_5wgpm!19sChIJO5og93j1rIkRpapzK5X6R68?authuser=0&hl=en&rclk=1"
Special Distribution Services Inc,Distribution Centers,US,Raleigh NC,+1 919-872-1067,,,4,https://www.google.com/maps/place/Special+Distribution+Services+Inc/data=!4m7!3m6!1s0x89ac59fcae7481f9:0x6811a6f651f15990!8m2!3d35.885544!4d-78.5770639!16s%2Fg%2F1tgs1t88!19sChIJ-YF0rvxZrIkRkFnxUfamEWg?authuser=0&hl=en&rclk=1
Nc Dept Of Public Instruction - Food Distribution Center,Distribution Centers,US,Raleigh NC,+1 919-807-3300,http://www.dpi.state.nc.us/,cashmgt@dpi.nc.gov,4,https://www.google.com/maps/place/Nc+Dept+Of+Public+Instruction+-+Food+Distribution+Center/data=!4m7!3m6!1s0x89ac5f6b9601ff67:0x1af9a449208c9b71!8m2!3d35.7845013!4d-78.6380872!16s%2Fg%2F11k6hgxf2x!19sChIJZ_8BlmtfrIkRcZuMIEmk-Ro?authuser=0&hl=en&rclk=1
NCDA Food Dist. Warehouse,Distribution Centers,US,Raleigh NC,+1 919-575-4490,https://www.ncagr.gov/divisions/food-distribution,,71,https://www.google.com/maps/place/NCDA+Food+Dist.+Warehouse/data=!4m7!3m6!1s0x89ad0148083a4d4d:0x7a6d26e5126704da!8m2!3d36.1529776!4d-78.7230618!16s%2Fg%2F11c67sh87_!19sChIJTU06CEgBrYkR2gRnEuUmbXo?authuser=0&hl=en&rclk=1
Lunds & Byerlys Distribution Center,Distribution Centers,US,Minneapolis MN,+1 612-722-3085,http://www.lundsandbyerlys.com/,contact@lundsandbyerlys.com,27,https://www.google.com/maps/place/Lunds+%26+Byerlys+Distribution+Center/data=!4m7!3m6!1s0x87f628271db7b1c3:0x768ffdc292ab4bf5!8m2!3d44.953089!4d-93.2321286!16s%2Fg%2F1tdg3scj!19sChIJw7G3HSco9ocR9UurksL9j3Y?authuser=0&hl=en&rclk=1
UNFI Distribution Center Operations Office,Distribution Centers,US,Minneapolis MN,+1 952-238-3400,,,143,https://www.google.com/maps/place/UNFI+Distribution+Center+Operations+Office/data=!4m7!3m6!1s0x87f62137e1389a95:0x322dcaa3004b770b!8m2!3d44.919032!4d-93.4028907!16s%2Fg%2F11tjpwk_pm!19sChIJlZo44Tch9ocRC3dLAKPKLTI?authuser=0&hl=en&rclk=1
Target Distribution Center delivery entrance,Distribution Centers,US,Minneapolis MN,+1 763-586-4480,,,16,https://www.google.com/maps/place/Target+Distribution+Center+delivery+entrance/data=!4m7!3m6!1s0x52b32f006b819a79:0x2fdcfe9396261c0c!8m2!3d45.0972792!4d-93.2450881!16s%2Fg%2F11ltthzfqt!19sChIJeZqBawAvs1IRDBwmlpP-3C8?authuser=0&hl=en&rclk=1
North Star Warehousing and Distribution,Distribution Centers,US,Minneapolis MN,+1 763-566-4738,http://www.northstarwarehousedist.com/,johnny@northstarwd.com,6,https://www.google.com/maps/place/North+Star+Warehousing+and+Distribution/data=!4m7!3m6!1s0x52b3377b593391d1:0x3de7826eb41cabf4!8m2!3d45.0775987!4d-93.3095837!16s%2Fg%2F1wzt208q!19sChIJ0ZEzWXs3s1IR9KsctG6C5z0?authuser=0&hl=en&rclk=1
Frito Lay Minneapolis Fulfillment Center,Distribution Centers,US,Minneapolis MN,,,,2,https://www.google.com/maps/place/Frito+Lay+Minneapolis+Fulfillment+Center/data=!4m7!3m6!1s0x52b3395918ff3c25:0xd4aab27bc8f94f75!8m2!3d45.147491!4d-93.3873999!16s%2Fg%2F11sdcjchvf!19sChIJJTz_GFk5s1IRdU_5yHuyqtQ?authuser=0&hl=en&rclk=1
Eagan Network Distribution Center,Distribution Centers,US,Minneapolis MN,+1 651-681-2131,http://tools.usps.com/,sfsdelivery.confirmation@usps.gov,127,https://www.google.com/maps/place/Eagan+Network+Distribution+Center/data=!4m7!3m6!1s0x87f62dade5f9a8b1:0x470904a3648bc449!8m2!3d44.8405146!4d-93.1507909!16s%2Fg%2F1260xlffq!19sChIJsaj55a0t9ocRScSLZKMECUc?authuser=0&hl=en&rclk=1
Murphy Logistics Solutions - Fridley Distribution Center (4700 Main),Distribution Centers,US,Minneapolis MN,+1 612-623-1200,https://www.murphylogistics.com/?utm_source=google&utm_medium=organic&utm_campaign=gbp&utm_content=fridley-4700-main-st,,175,https://www.google.com/maps/place/Murphy+Logistics+Solutions+-+Fridley+Distribution+Center+%284700+Main%29/data=!4m7!3m6!1s0x52b32e27f2f84c97:0x58f41503dd3c6996!8m2!3d45.0548785!4d-93.2697751!16s%2Fg%2F1tffjd_d!19sChIJl0z48icus1IRlmk83QMV9Fg?authuser=0&hl=en&rclk=1
Appliance Distribution Center Inc,Distribution Centers,US,Minneapolis MN,+1 763-432-4050,,,3,https://www.google.com/maps/place/Appliance+Distribution+Center+Inc/data=!4m7!3m6!1s0x52b33655c4062727:0x1544bddcf8ae1260!8m2!3d45.0577406!4d-93.3934752!16s%2Fg%2F1wk7qhx3!19sChIJJycGxFU2s1IRYBKu-Ny9RBU?authuser=0&hl=en&rclk=1
Murphy Logistics Solutions - Hampden Distribution Center,Distribution Centers,US,Minneapolis MN,+1 612-623-1200,https://www.murphylogistics.com/?utm_source=google&utm_medium=organic&utm_campaign=gbp&utm_content=st-paul-hampden-st,,16,https://www.google.com/maps/place/Murphy+Logistics+Solutions+-+Hampden+Distribution+Center/data=!4m7!3m6!1s0x52b32cba254ef8a5:0xf1a4097c95592820!8m2!3d44.9651029!4d-93.1929371!16s%2Fg%2F11cs5w_ljw!19sChIJpfhOJboss1IRIChZlXwJpPE?authuser=0&hl=en&rclk=1
Hilti Distribution Center - Minneapolis,Distribution Centers,US,Minneapolis MN,+1 800-879-8000,https://www.hilti.com/stores/minneapolis_distribution_center,,1,https://www.google.com/maps/place/Hilti+Distribution+Center+-+Minneapolis/data=!4m7!3m6!1s0x52b32d785e617403:0xadd0b6067e5fb59a!8m2!3d45.0138791!4d-93.2059423!16s%2Fg%2F11h4zr00fv!19sChIJA3RhXngts1IRmrVffga20K0?authuser=0&hl=en&rclk=1
3M Distribution Center,Distribution Centers,US,Minneapolis MN,+1 651-733-1110,http://www.3m.com/3M/en_US/company-us/,,67,https://www.google.com/maps/place/3M+Distribution+Center/data=!4m7!3m6!1s0x52b2d4a7f1a4d749:0x150de2b84ed906b0!8m2!3d44.971706!4d-93.018161!16s%2Fg%2F1q6j8wp15!19sChIJSdek8afUslIRsAbZTrjiDRU?authuser=0&hl=en&rclk=1
PackEdge Corp Distribution Center,Distribution Centers,US,Minneapolis MN,+1 612-607-5700,https://www.packedgeco.com/,orders@packedgeco.com,11,https://www.google.com/maps/place/PackEdge+Corp+Distribution+Center/data=!4m7!3m6!1s0x52b33212e4999a71:0xbce2de1c464f1d49!8m2!3d45.0109149!4d-93.2784842!16s%2Fg%2F1tgnr9c5!19sChIJcZqZ5BIys1IRSR1PRhze4rw?authuser=0&hl=en&rclk=1
Tampa Distribution Center,Distribution Centers,US,Tampa FL,,,,116,https://www.google.com/maps/place/Tampa+Distribution+Center/data=!4m7!3m6!1s0x88c2c59b74e020fb:0xb91ff8030a77d451!8m2!3d27.9567306!4d-82.403365!16s%2Fg%2F11ddwt0_kj!19sChIJ-yDgdJvFwogRUdR3CgP4H7k?authuser=0&hl=en&rclk=1
USPS Processing and Distribution Center,Distribution Centers,US,Tampa FL,,,,358,https://www.google.com/maps/place/USPS+Processing+and+Distribution+Center/data=!4m7!3m6!1s0x88c2c57dcb105695:0xa570db827315b2c2!8m2!3d27.942518!4d-82.439774!16s%2Fg%2F11v0wpqv90!19sChIJlVYQy33FwogRwrIVc4LbcKU?authuser=0&hl=en&rclk=1
Tampa Bay Times Distribution Center,Distribution Centers,US,Tampa FL,,,,27,https://www.google.com/maps/place/Tampa+Bay+Times+Distribution+Center/data=!4m7!3m6!1s0x88c2c185b742c0f7:0x14aa5a4afe89b909!8m2!3d28.0103855!4d-82.5273361!16s%2Fg%2F11b6plpwhp!19sChIJ98BCt4XBwogRCbmJ_kpaqhQ?authuser=0&hl=en&rclk=1
Gulf Central Distribution Center,Distribution Centers,US,Tampa FL,+1 813-837-5602,,,2,https://www.google.com/maps/place/Gulf+Central+Distribution+Center/data=!4m7!3m6!1s0x88c2dcce321691fd:0x2371e112d77ce632!8m2!3d27.9004373!4d-82.5069356!16s%2Fg%2F1vhq4hdb!19sChIJ_ZEWMs7cwogRMuZ81xLhcSM?authuser=0&hl=en&rclk=1
"Coca-Cola Beverages Florida, Tampa Sales and Distribution Center | Freight & Deliveries",Distribution Centers,US,Tampa FL,,https://cokeflorida.com/,,39,"https://www.google.com/maps/place/Coca-Cola+Beverages+Florida,+Tampa+Sales+and+Distribution+Center+%7C+Freight+%26+Deliveries/data=!4m7!3m6!1s0x88c2cf375b70567d:0x826f7c47730b54a9!8m2!3d27.9231141!4d-82.3552086!16s%2Fg%2F11x1gmpy2m!19sChIJfVZwWzfPwogRqVQLc0d8b4I?authuser=0&hl=en&rclk=1"
Famous Tate Distribution Center,Distribution Centers,US,Tampa FL,+1 813-739-6045,https://www.famoustate.com/,,66,https://www.google.com/maps/place/Famous+Tate+Distribution+Center/data=!4m7!3m6!1s0x88c2c604957a0173:0x8864b0d0f830e76d!8m2!3d28.0050284!4d-82.3953302!16s%2Fg%2F1hc5hcq31!19sChIJcwF6lQTGwogRbecw-NCwZIg?authuser=0&hl=en&rclk=1
Access Distribution Centre,Distribution Centers,US,Tampa FL,+1 877-499-4459,http://accessdistributioncentre.com/,info@accessdistributioncentre.com,45,https://www.google.com/maps/place/Access+Distribution+Centre/data=!4m7!3m6!1s0x88c2cfabe7c00001:0xbbfb15661f95dfb7!8m2!3d27.9419815!4d-82.3500548!16s%2Fg%2F11gfp7m003!19sChIJAQDA56vPwogRt9-VH2YV-7s?authuser=0&hl=en&rclk=1
Tampa Bay Times Riverview Distribution Center,Distribution Centers,US,Tampa FL,,,,22,https://www.google.com/maps/place/Tampa+Bay+Times+Riverview+Distribution+Center/data=!4m7!3m6!1s0x88c2cf10fa2a4f3f:0xfed7d7ab03fada92!8m2!3d27.9615697!4d-82.3579576!16s%2Fg%2F11b8_pkqky!19sChIJP08q-hDPwogRktr6A6vX1_4?authuser=0&hl=en&rclk=1
Radiant Distribution Center,Distribution Centers,US,Tampa FL,,,,1,https://www.google.com/maps/place/Radiant+Distribution+Center/data=!4m7!3m6!1s0x88c2c30011ed8a17:0x89ee2aad6ea1a4c3!8m2!3d27.982509!4d-82.5107228!16s%2Fg%2F11vybst97k!19sChIJF4rtEQDDwogRw6Shbq0q7ok?authuser=0&hl=en&rclk=1
M & W Distribution Services,Distribution Centers,US,Tampa FL,+1 813-623-1713,,,64,https://www.google.com/maps/place/M+%26+W+Distribution+Services/data=!4m7!3m6!1s0x88c2cf0f15859b45:0xcdf8e82296e9696a!8m2!3d27.9537313!4d-82.3566329!16s%2Fg%2F1wtbvn_k!19sChIJRZuFFQ_PwogRamnpliLo-M0?authuser=0&hl=en&rclk=1
Lincoln Distribution,Distribution Centers,US,Tampa FL,+1 800-332-5539,https://lincolndistribution.com/,,3,https://www.google.com/maps/place/Lincoln+Distribution/data=!4m7!3m6!1s0x88c2c95e17bf34b9:0x2ae13b936b3e13e2!8m2!3d28.0047764!4d-82.3790195!16s%2Fg%2F11tbvnnf3x!19sChIJuTS_F17JwogR4hM-a5M74So?authuser=0&hl=en&rclk=1
Hillsborough County Schools Logistics Warehouse,Distribution Centers,US,Tampa FL,+1 813-744-8260,http://www.sdhc.k12.fl.us/,,28,https://www.google.com/maps/place/Hillsborough+County+Schools+Logistics+Warehouse/data=!4m7!3m6!1s0x88c2c60247db100f:0x630b6b876b7fb610!8m2!3d28.0020654!4d-82.3911198!16s%2Fg%2F1xpwkkqj!19sChIJDxDbRwLGwogRELZ_a4drC2M?authuser=0&hl=en&rclk=1
Fairfield Distribution Center,Distribution Centers,US,Tampa FL,+1 503-260-7118,,,3,https://www.google.com/maps/place/Fairfield+Distribution+Center/data=!4m7!3m6!1s0x88c2cfc9b681eb8f:0xa2cdbfd305f2fdf5!8m2!3d27.9909989!4d-82.3543214!16s%2Fg%2F11s1v2k5q1!19sChIJj-uBtsnPwogR9f3yBdO_zaI?authuser=0&hl=en&rclk=1
"Coca-Cola Beverages Florida, Tampa Sales and Distribution Center",Distribution Centers,US,Tampa FL,,https://cokeflorida.com/,,9,"https://www.google.com/maps/place/Coca-Cola+Beverages+Florida,+Tampa+Sales+and+Distribution+Center/data=!4m7!3m6!1s0x88c2cfc5c8cf4179:0x6f2d4a9d9ab50ccb!8m2!3d27.9271635!4d-82.3522134!16s%2Fg%2F11x1lv4qs1!19sChIJeUHPyMXPwogRywy1mp1KLW8?authuser=0&hl=en&rclk=1"
Amazon DNO1,Distribution Centers,US,New Orleans LA,,,,22,https://www.google.com/maps/place/Amazon+DNO1/data=!4m7!3m6!1s0x8620bbdade5d09b7:0x2e69c8a58117f98c!8m2!3d29.9610181!4d-90.1813908!16s%2Fg%2F11rsrk1bvb!19sChIJtwld3tq7IIYRjPkXgaXIaS4?authuser=0&hl=en&rclk=1
Elmwood Distribution Center,Distribution Centers,US,New Orleans LA,+1 504-835-8000,,,48,https://www.google.com/maps/place/Elmwood+Distribution+Center/data=!4m7!3m6!1s0x8620baf678c405c5:0xdea712fb9431b48a!8m2!3d29.9437311!4d-90.1835268!16s%2Fg%2F1tg162dx!19sChIJxQXEePa6IIYRirQxlPsSp94?authuser=0&hl=en&rclk=1
DNO2 Amazon,Distribution Centers,US,New Orleans LA,,,,47,https://www.google.com/maps/place/DNO2+Amazon/data=!4m7!3m6!1s0x8620bb58af109f33:0x1737c9e58268b4f1!8m2!3d29.9660817!4d-90.2000442!16s%2Fg%2F11rylnhp0y!19sChIJM58Qr1i7IIYR8bRoguXJNxc?authuser=0&hl=en&rclk=1
Cajun Distribution Services Inc,Distribution Centers,US,New Orleans LA,+1 504-734-8824,https://cajundistribution.com/,sally@cajundistribution.com,16,https://www.google.com/maps/place/Cajun+Distribution+Services+Inc/data=!4m7!3m6!1s0x8620ba8e495b1ad9:0x79c605b2ac3f1846!8m2!3d29.9591888!4d-90.1789524!16s%2Fg%2F1tmxfxwl!19sChIJ2RpbSY66IIYRRhg_rLIFxnk?authuser=0&hl=en&rclk=1
SNL Distribution Inc,Distribution Centers,US,New Orleans LA,+1 504-246-7131,,,7,https://www.google.com/maps/place/SNL+Distribution+Inc/data=!4m7!3m6!1s0x8620a9b3119f5aa3:0xa1eab17227ced427!8m2!3d30.022078!4d-90.0249192!16s%2Fg%2F1v4ptb_z!19sChIJo1qfEbOpIIYRJ9TOJ3Kx6qE?authuser=0&hl=en&rclk=1
E C Colley Warehouse,Distribution Centers,US,New Orleans LA,+1 504-581-7733,https://colleywarehouse.com/,nadinecolley@colleywarehouse.com,38,https://www.google.com/maps/place/E+C+Colley+Warehouse/data=!4m7!3m6!1s0x8620a5c3c8e52f49:0xeaa344f1c0228281!8m2!3d29.9493212!4d-90.0873805!16s%2Fg%2F1v6p4nd8!19sChIJSS_lyMOlIIYRgYIiwPFEo-o?authuser=0&hl=en&rclk=1
The Dupuy Group | New Orleans,Distribution Centers,US,New Orleans LA,+1 504-245-7600,https://www.dupuygroup.com/,info@dupuygroup.com,53,https://www.google.com/maps/place/The+Dupuy+Group+%7C+New+Orleans/data=!4m7!3m6!1s0x8620a845d81647b1:0xe5ab0b8558ec9b2e!8m2!3d30.0128995!4d-90.0266804!16s%2Fg%2F1tqty757!19sChIJsUcW2EWoIIYRLpvsWIULq-U?authuser=0&hl=en&rclk=1
Coca Cola,Distribution Centers,US,New Orleans LA,,,,5,https://www.google.com/maps/place/Coca+Cola/data=!4m7!3m6!1s0x8620a5907e2824f3:0x662ac783105112d!8m2!3d29.9594399!4d-90.1024008!16s%2Fg%2F11f_1m9v_4!19sChIJ8yQofpClIIYRLREFMXisYgY?authuser=0&hl=en&rclk=1
Plastics Distributors Co Inc,Distribution Centers,US,New Orleans LA,+1 504-525-1961,http://www.plasticsdist.com/,info@plasticsdist.com,10,https://www.google.com/maps/place/Plastics+Distributors+Co+Inc/data=!4m7!3m6!1s0x8620af7b3089067f:0xfdc4c7e289db674d!8m2!3d29.9817146!4d-90.1032414!16s%2Fg%2F1td3rvvf!19sChIJfwaJMHuvIIYRTWfbieLHxP0?authuser=0&hl=en&rclk=1
Republic National Distributing Company,Distribution Centers,US,New Orleans LA,+1 504-837-1500,https://www.rndc-usa.com/,,44,https://www.google.com/maps/place/Republic+National+Distributing+Company/data=!4m7!3m6!1s0x8620a55a579b387f:0x6fdc48fab85d8dbe!8m2!3d29.9649538!4d-90.1397236!16s%2Fg%2F1tdkmlbq!19sChIJfzibV1qlIIYRvo1duPpI3G8?authuser=0&hl=en&rclk=1
USPS Delivery Gate,Distribution Centers,US,New Orleans LA,,,,16,https://www.google.com/maps/place/USPS+Delivery+Gate/data=!4m7!3m6!1s0x8620a5c357f0a349:0xcef9a513c501c7e0!8m2!3d29.94843!4d-90.0785264!16s%2Fg%2F11t63n_vcf!19sChIJSaPwV8OlIIYR4McBxROl-c4?authuser=0&hl=en&rclk=1
New Orleans Mission - Food Distribution Center,Distribution Centers,US,New Orleans LA,+1 504-523-2116,http://www.neworleansmission.org/,escioneaux@neworleansmission.org,1,https://www.google.com/maps/place/New+Orleans+Mission+-+Food+Distribution+Center/data=!4m7!3m6!1s0x8620a5d91e41f1b5:0x90ad1a7ad35c776b!8m2!3d29.943342!4d-90.076862!16s%2Fg%2F11k6hd6p4t!19sChIJtfFBHtmlIIYRa3dc03oarZA?authuser=0&hl=en&rclk=1
TCA - Gert Town/Hollygrove/Thalia Warehouse Pantry - Food Distribution Center,Distribution Centers,US,New Orleans LA,+1 504-872-0331,https://www.tca-nola.org/food-pantry/,,2,https://www.google.com/maps/place/TCA+-+Gert+Town%2FHollygrove%2FThalia+Warehouse+Pantry+-+Food+Distribution+Center/data=!4m7!3m6!1s0x8620a5998e4fffff:0x9a00d09924df5982!8m2!3d29.9560892!4d-90.1042987!16s%2Fg%2F11k6hgyvjs!19sChIJ__9PjpmlIIYRglnfJJnQAJo?authuser=0&hl=en&rclk=1
Amazon Distribution Center DCL7,Distribution Centers,US,Cleveland OH,,,,42,https://www.google.com/maps/place/Amazon+Distribution+Center+DCL7/data=!4m7!3m6!1s0x8830f1004ff5a279:0x237e81ab265c1da7!8m2!3d41.4758785!4d-81.7623675!16s%2Fg%2F11vxhk0lp3!19sChIJeaL1TwDxMIgRpx1cJquBfiM?authuser=0&hl=en&rclk=1
Brooklyn Distribution Center,Distribution Centers,US,Cleveland OH,,,,2,https://www.google.com/maps/place/Brooklyn+Distribution+Center/data=!4m7!3m6!1s0x8830ee300fe8964d:0xefd6e508d5c4e547!8m2!3d41.4547891!4d-81.7438806!16s%2Fg%2F11jwsc1zc3!19sChIJTZboDzDuMIgRR-XE1Qjl1u8?authuser=0&hl=en&rclk=1
Midwest Global Distribution,Distribution Centers,US,Cleveland OH,+1 888-772-3770,https://midwestgdc.com/,,24,https://www.google.com/maps/place/Midwest+Global+Distribution/data=!4m7!3m6!1s0x8830e2dd1a79a04d:0xdd119f1e81b3fe9c!8m2!3d41.4314285!4d-81.5513377!16s%2Fg%2F1tfrbtw2!19sChIJTaB5Gt3iMIgRnP6zgR6fEd0?authuser=0&hl=en&rclk=1
Owens & Minor,Distribution Centers,US,Cleveland OH,+1 216-416-8344,http://www.owens-minor.com/,contactrequest@owens-minor.com,41,https://www.google.com/maps/place/Owens+%26+Minor/data=!4m7!3m6!1s0x4067b9c05df9deeb:0x73ea6e716dc58d57!8m2!3d41.5257418!4d-81.6569855!16s%2Fg%2F11b6yz69mj!19sChIJ6975XcC5Z0ARV43FbXFu6nM?authuser=0&hl=en&rclk=1
"Sysco distribution Cleveland, OH",Distribution Centers,US,Cleveland OH,,,,30,"https://www.google.com/maps/place/Sysco+distribution+Cleveland,+OH/data=!4m7!3m6!1s0x8830ed77b22acc37:0xf781a2c14ed10e02!8m2!3d41.4254093!4d-81.8356857!16s%2Fg%2F11gwmh1865!19sChIJN8wqsnftMIgRAg7RTsGigfc?authuser=0&hl=en&rclk=1"
Amazon Distribution,Distribution Centers,US,Cleveland OH,,,,47,https://www.google.com/maps/place/Amazon+Distribution/data=!4m7!3m6!1s0x8830e52e22e2e305:0xabd7fa2ca1b5816e!8m2!3d41.4109505!4d-81.6265289!16s%2Fg%2F11sb73bql3!19sChIJBePiIi7lMIgRboG1oSz616s?authuser=0&hl=en&rclk=1
Cleveland Industrial Warehouse,Distribution Centers,US,Cleveland OH,+1 216-881-6366,http://clevelandindustrial.com/ci/,info@clevelandindustrial.com,69,https://www.google.com/maps/place/Cleveland+Industrial+Warehouse/data=!4m7!3m6!1s0x8830fa38917271c9:0xe6fa99d6e5063c92!8m2!3d41.51878!4d-81.66306!16s%2Fg%2F1tdy9qfc!19sChIJyXFykTj6MIgRkjwG5daZ-uY?authuser=0&hl=en&rclk=1
MGI Warehouse,Distribution Centers,US,Cleveland OH,+1 216-362-8118,,,66,https://www.google.com/maps/place/MGI+Warehouse/data=!4m7!3m6!1s0x8830ec9b6292c009:0x5bcad8356491c1f3!8m2!3d41.4026201!4d-81.8366954!16s%2Fg%2F11f4l9tdh8!19sChIJCcCSYpvsMIgR88GRZDXYyls?authuser=0&hl=en&rclk=1
Total Distribution-Cleveland,Distribution Centers,US,Cleveland OH,+1 216-631-1069,https://peoplesservices.com/ohio-warehouse-locations/,,6,https://www.google.com/maps/place/Total+Distribution-Cleveland/data=!4m7!3m6!1s0x8830f1001c81ec6d:0xcd631ec32b5c7c69!8m2!3d41.4724322!4d-81.7605633!16s%2Fg%2F11x5knnyvr!19sChIJbeyBHADxMIgRaXxcK8MeY80?authuser=0&hl=en&rclk=1
Cleveland Delivery & Distribution,Distribution Centers,US,Cleveland OH,+1 216-641-7793,http://www.clevelanddelivery.net/,,45,https://www.google.com/maps/place/Cleveland+Delivery+%26+Distribution/data=!4m7!3m6!1s0x8830fb26eb30c61d:0x76dbe88e30d37122!8m2!3d41.4706472!4d-81.6428675!16s%2Fg%2F1tdqc6j_!19sChIJHcYw6yb7MIgRInHTMI7o23Y?authuser=0&hl=en&rclk=1
Cleveland Processing Center,Distribution Centers,US,Cleveland OH,+1 216-206-4870,,,1,https://www.google.com/maps/place/Cleveland+Processing+Center/data=!4m7!3m6!1s0x8830e4e74417fe2b:0xa21c853b933b7ba2!8m2!3d41.436298!4d-81.642426!16s%2Fg%2F1tdps9gr!19sChIJK_4XROfkMIgRons7kzuFHKI?authuser=0&hl=en&rclk=1
D+s Distribution Inc,Distribution Centers,US,Cleveland OH,+1 216-416-9082,http://www.dsdistribution.com/,customerservice@dsdistribution.com,23,https://www.google.com/maps/place/D%2Bs+Distribution+Inc/data=!4m7!3m6!1s0x8830eca5f9fec097:0x468d87330e840edb!8m2!3d41.4008739!4d-81.8323443!16s%2Fg%2F1260mxq_v!19sChIJl8D--aXsMIgR2w6EDjOHjUY?authuser=0&hl=en&rclk=1
On Time Delivery and Warehouse,Distribution Centers,US,Cleveland OH,+1 440-826-4630,http://www.otdw.net/,,73,https://www.google.com/maps/place/On+Time+Delivery+and+Warehouse/data=!4m7!3m6!1s0x8830eb60df0ec161:0x26c72d94a80288a2!8m2!3d41.3876562!4d-81.8423369!16s%2Fg%2F1tdh92h6!19sChIJYcEO32DrMIgRoogCqJQtxyY?authuser=0&hl=en&rclk=1
Essendant - Cleveland Facilities Supplies Distribution Center,Distribution Centers,US,Cleveland OH,+1 714-425-7343,https://www.essendant.com/?utm_source=google&utm_medium=organic&utm_campaign=gmb&utm_content=cle,,42,https://www.google.com/maps/place/Essendant+-+Cleveland+Facilities+Supplies+Distribution+Center/data=!4m7!3m6!1s0x88311fbf2d29c2b1:0x3f0b197d511c0a8b!8m2!3d41.2937671!4d-81.4276821!16s%2Fg%2F11c3ynxhng!19sChIJscIpLb8fMYgRiwocUX0ZCz8?authuser=0&hl=en&rclk=1
Cleveland Public Library - Central Distribution Facility,Distribution Centers,US,Cleveland OH,,,,31,https://www.google.com/maps/place/Cleveland+Public+Library+-+Central+Distribution+Facility/data=!4m7!3m6!1s0x8830fb0024046e91:0xf19180de61a78401!8m2!3d41.4873998!4d-81.6492752!16s%2Fg%2F11wj76n786!19sChIJkW4EJAD7MIgRAYSnYd6AkfE?authuser=0&hl=en&rclk=1
National Commercial Warehouse,Distribution Centers,US,Cleveland OH,+1 216-486-4360,https://www.nationalcommercialwarehouse.com/,,7,https://www.google.com/maps/place/National+Commercial+Warehouse/data=!4m7!3m6!1s0x8830e3025d9b172f:0x658aaab169c7b4de!8m2!3d41.4379409!4d-81.5662719!16s%2Fg%2F11v0kcb0yp!19sChIJLxebXQLjMIgR3rTHabGqimU?authuser=0&hl=en&rclk=1
Amware Distribution Warehouse,Distribution Centers,US,Cleveland OH,+1 866-997-7371,http://www.amware.com/,info@amware.com,30,https://www.google.com/maps/place/Amware+Distribution+Warehouse/data=!4m7!3m6!1s0x8830ec9e4eaadf2f:0x50c0a517c9d5ac2f!8m2!3d41.3932829!4d-81.841963!16s%2Fg%2F11fx_47j8n!19sChIJL9-qTp7sMIgRL6zVyRelwFA?authuser=0&hl=en&rclk=1
Hillcrest Foodservice,Distribution Centers,US,Cleveland OH,+1 216-361-4625,http://www.hillcrestfoods.com/,,163,https://www.google.com/maps/place/Hillcrest+Foodservice/data=!4m7!3m6!1s0x8830faef958f663f:0xa7d90f2bf9842b73!8m2!3d41.4858264!4d-81.6531958!16s%2Fg%2F1tj1sr0q!19sChIJP2aPle_6MIgRcyuE-SsP2ac?authuser=0&hl=en&rclk=1
American Distribution,Distribution Centers,US,Pittsburgh PA,,,,27,https://www.google.com/maps/place/American+Distribution/data=!4m7!3m6!1s0x8834ece40bb311e5:0xca6ff6c554554dd!8m2!3d40.487214!4d-79.8686991!16s%2Fg%2F11f3h4_7_v!19sChIJ5RGzC-TsNIgR3VRFVWz_pgw?authuser=0&hl=en&rclk=1
PIT5 Amazon Distribution Center,Distribution Centers,US,Pittsburgh PA,+1 888-280-4331,,,292,https://www.google.com/maps/place/PIT5+Amazon+Distribution+Center/data=!4m7!3m6!1s0x8834f60e602b2ba3:0x2ab3ce55fc179558!8m2!3d40.4439844!4d-80.0834811!16s%2Fg%2F11b7d_t1vv!19sChIJoysrYA72NIgRWJUX_FXOsyo?authuser=0&hl=en&rclk=1
UNFI Pittsburgh Division Warehouse (TRUCK ENTRANCE),Distribution Centers,US,Pittsburgh PA,+1 724-925-6600,,,283,https://www.google.com/maps/place/UNFI+Pittsburgh+Division+Warehouse+%28TRUCK+ENTRANCE%29/data=!4m7!3m6!1s0x8834d903cb8c4127:0x2481e154c6426907!8m2!3d40.2133901!4d-79.6146687!16s%2Fg%2F1tp_715g!19sChIJJ0GMywPZNIgRB2lCxlThgSQ?authuser=0&hl=en&rclk=1
Giant Eagle Distribution Warehouse,Distribution Centers,US,Pittsburgh PA,+1 412-963-6200,http://www.gianteagle.com/Stores/Store/?storeId=3999,,407,https://www.google.com/maps/place/Giant+Eagle+Distribution+Warehouse/data=!4m7!3m6!1s0x8834f5e2e8e96e37:0x18a3f5d5a0c09594!8m2!3d40.453507!4d-80.085371!16s%2Fg%2F11btwv7m5s!19sChIJN27p6OL1NIgRlJXAoNX1oxg?authuser=0&hl=en&rclk=1
Amazon Fulfillment Center - DAE7,Distribution Centers,US,Pittsburgh PA,,,,142,https://www.google.com/maps/place/Amazon+Fulfillment+Center+-+DAE7/data=!4m7!3m6!1s0x8834e98645708d07:0x46718976c1ca7afe!8m2!3d40.3784666!4d-79.832205!16s%2Fg%2F11svcv1skq!19sChIJB41wRYbpNIgR_nrKwXaJcUY?authuser=0&hl=en&rclk=1
Eat N Park Distribution Warehouse,Distribution Centers,US,Pittsburgh PA,+1 412-494-0250,,,7,https://www.google.com/maps/place/Eat+N+Park+Distribution+Warehouse/data=!4m7!3m6!1s0x883458e6fc8061a9:0xf80661d406d6d83d!8m2!3d40.4332123!4d-80.1351052!16s%2Fg%2F11c6r8nxjr!19sChIJqWGA_OZYNIgRPdjWBtRhBvg?authuser=0&hl=en&rclk=1
Giant Eagle Cold Storage Warehouse,Distribution Centers,US,Pittsburgh PA,+1 412-919-3415,http://www.gianteagle.com/,,224,https://www.google.com/maps/place/Giant+Eagle+Cold+Storage+Warehouse/data=!4m7!3m6!1s0x8834f609e882a1d5:0xe9c9ba3dce940756!8m2!3d40.4506455!4d-80.0823642!16s%2Fg%2F113f55kwf!19sChIJ1aGC6An2NIgRVgeUzj26yek?authuser=0&hl=en&rclk=1
Allegheny Warehouse & Distribution,Distribution Centers,US,Pittsburgh PA,+1 412-231-3340,http://www.alleghenywarehouse.com/,,18,https://www.google.com/maps/place/Allegheny+Warehouse+%26+Distribution/data=!4m7!3m6!1s0x8834f419e9d95cd3:0x702d53c9bdbbc209!8m2!3d40.454808!4d-80.032631!16s%2Fg%2F1trvm2hl!19sChIJ01zZ6Rn0NIgRCcK7vclTLXA?authuser=0&hl=en&rclk=1
Msa Pittsburgh Distribution Center,Distribution Centers,US,Pittsburgh PA,,,,1,https://www.google.com/maps/place/Msa+Pittsburgh+Distribution+Center/data=!4m7!3m6!1s0x8834767e3796e815:0x6ab47b3491c6877b!8m2!3d40.8381953!4d-80.3626242!16s%2Fg%2F11j03bnkwr!19sChIJFeiWN352NIgRe4fGkTR7tGo?authuser=0&hl=en&rclk=1
Anex Warehouse & Distribution,Distribution Centers,US,Pittsburgh PA,+1 412-461-7760,https://anexwarehouse.com/,msylvester@anexwarehouse.com,54,https://www.google.com/maps/place/Anex+Warehouse+%26+Distribution/data=!4m7!3m6!1s0x8834f00a0e9c9033:0x1fb20f5978b4cf01!8m2!3d40.3591592!4d-79.9381833!16s%2Fg%2F1tfz0r_r!19sChIJM5CcDgrwNIgRAc-0eFkPsh8?authuser=0&hl=en&rclk=1
UPMC Cranberry Warehouse,Distribution Centers,US,Pittsburgh PA,,,,22,https://www.google.com/maps/place/UPMC+Cranberry+Warehouse/data=!4m7!3m6!1s0x883462964377cce7:0x4434e55990dedc69!8m2!3d40.6756057!4d-80.1100311!16s%2Fg%2F11b75cp2dd!19sChIJ58x3Q5ZiNIgRadzekFnlNEQ?authuser=0&hl=en&rclk=1
UPS,Distribution Centers,US,Pittsburgh PA,,https://www.ups.com/,,38,https://www.google.com/maps/place/UPS/data=!4m7!3m6!1s0x883463229c2a39f1:0x7d030da08f68547c!8m2!3d40.6799329!4d-80.1538128!16s%2Fg%2F11c1w0hhgb!19sChIJ8TkqnCJjNIgRfFRoj6ANA30?authuser=0&hl=en&rclk=1
Clopay Distribution Center,Distribution Centers,US,Pittsburgh PA,,,,3,https://www.google.com/maps/place/Clopay+Distribution+Center/data=!4m7!3m6!1s0x8834f7007b1a800d:0x9b1abb0b70972d6b!8m2!3d40.4490804!4d-80.0975094!16s%2Fg%2F11ldydwzhc!19sChIJDYAaewD3NIgRay2XcAu7Gps?authuser=0&hl=en&rclk=1
W. J. Beitler Co,Distribution Centers,US,Pittsburgh PA,+1 412-922-2700,http://www.wjbeitler.com/,info@wjbeitler.com,25,https://www.google.com/maps/place/W.+J.+Beitler+Co/data=!4m7!3m6!1s0x8834f60df20c0ecf:0xd6099ef81d32d5ec!8m2!3d40.4424145!4d-80.0801886!16s%2Fg%2F1tcz8zrr!19sChIJzw4M8g32NIgR7NUyHfieCdY?authuser=0&hl=en&rclk=1
Commonwealth Warehouse,Distribution Centers,US,Pittsburgh PA,+1 412-687-6600,,,4,https://www.google.com/maps/place/Commonwealth+Warehouse/data=!4m7!3m6!1s0x8834f6a66cacf25d:0xfbb4a2862f674dab!8m2!3d40.4415271!4d-80.0201789!16s%2Fg%2F11cs3q6sjb!19sChIJXfKsbKb2NIgRq01nL4aitPs?authuser=0&hl=en&rclk=1
Sherwin Williams Industrial Warehouse,Distribution Centers,US,Pittsburgh PA,+1 412-734-8624,,,2,https://www.google.com/maps/place/Sherwin+Williams+Industrial+Warehouse/data=!4m7!3m6!1s0x8834f50028746241:0xd0927bbfcd9dad7f!8m2!3d40.473104!4d-80.0421608!16s%2Fg%2F11n58mz7f7!19sChIJQWJ0KAD1NIgRf62dzb97ktA?authuser=0&hl=en&rclk=1
Henry Kaufmann Center - Food Distribution Center,Distribution Centers,US,Pittsburgh PA,+1 412-431-0557,https://www.brashearassociation.org/food-assistance,info@brashearassociation.org,3,https://www.google.com/maps/place/Henry+Kaufmann+Center+-+Food+Distribution+Center/data=!4m7!3m6!1s0x8834f1127932dadd:0xf6896e067fcf1e8f!8m2!3d40.4191767!4d-79.9754476!16s%2Fg%2F11jppw12bk!19sChIJ3doyeRLxNIgRjx7PfwZuifY?authuser=0&hl=en&rclk=1
Rhinegeist Distribution Center,Distribution Centers,US,Cincinnati OH,,,,5,https://www.google.com/maps/place/Rhinegeist+Distribution+Center/data=!4m7!3m6!1s0x8841b5d7225fdf41:0xd110fa0c19d1c9d2!8m2!3d39.1409629!4d-84.5424916!16s%2Fg%2F11p65x6p3f!19sChIJQd9fIte1QYgR0snRGQz6ENE?authuser=0&hl=en&rclk=1
Baxters NA / Wornick Foods Distribution Center,Distribution Centers,US,Cincinnati OH,+1 513-552-7634,,,67,https://www.google.com/maps/place/Baxters+NA+%2F+Wornick+Foods+Distribution+Center/data=!4m7!3m6!1s0x88404e3302ccda09:0x2f724e40e2db20d7!8m2!3d39.311297!4d-84.4513814!16s%2Fg%2F11by__67jg!19sChIJCdrMAjNOQIgR1yDb4kBOci8?authuser=0&hl=en&rclk=1
Blue Ash Distribution Center,Distribution Centers,US,Cincinnati OH,,,,14,https://www.google.com/maps/place/Blue+Ash+Distribution+Center/data=!4m7!3m6!1s0x884053dfd260211f:0x4a97ca2b2221c22!8m2!3d39.2656145!4d-84.3758139!16s%2Fg%2F11j4nb_9bn!19sChIJHyFg0t9TQIgRIhwisqJ8qQQ?authuser=0&hl=en&rclk=1
World Distribution Services Cincinnati,Distribution Centers,US,Cincinnati OH,+1 513-326-4150,http://www.worldds.net/cincinnati-ohio-warehouse/,,11,https://www.google.com/maps/place/World+Distribution+Services+Cincinnati/data=!4m7!3m6!1s0x884051ee8e4434f7:0xb76c4ca3a26d9aa6!8m2!3d39.2678947!4d-84.4299697!16s%2Fg%2F11c5rp4_t_!19sChIJ9zREju5RQIgRppptoqNMbLc?authuser=0&hl=en&rclk=1
Harris Distributing Co Arlington Warehouse,Distribution Centers,US,Cincinnati OH,+1 513-541-4222,https://harris3pl.com/,,8,https://www.google.com/maps/place/Harris+Distributing+Co+Arlington+Warehouse/data=!4m7!3m6!1s0x8841b509d67eaa1f:0x33902c8b0c2c2830!8m2!3d39.1461317!4d-84.5397576!16s%2Fg%2F11sy737qh4!19sChIJH6p-1gm1QYgRMCgsDIsskDM?authuser=0&hl=en&rclk=1
"ORS Nasco Distribution Center - Cincinnati, OH (Cincinnati)",Distribution Centers,US,Cincinnati OH,+1 800-678-6577,https://www.orsnasco.com/storefrontCommerce/home.do,,8,"https://www.google.com/maps/place/ORS+Nasco+Distribution+Center+-+Cincinnati,+OH+%28Cincinnati%29/data=!4m7!3m6!1s0x88404f2c635ae37b:0x68ff2884f9fbad66!8m2!3d39.3121455!4d-84.4661364!16s%2Fg%2F11t7zmhxnl!19sChIJe-NaYyxPQIgRZq37-YQo_2g?authuser=0&hl=en&rclk=1"
Vogt Warehouse,Distribution Centers,US,Cincinnati OH,+1 513-421-2041,http://vogtwarehouse.com/,tom@vogtwarehouse.com,60,https://www.google.com/maps/place/Vogt+Warehouse/data=!4m7!3m6!1s0x8841b6a1ef506de3:0xdf6d9fe0805cf30c!8m2!3d39.1053289!4d-84.5425949!16s%2Fg%2F1td6h4s3!19sChIJ421Q76G2QYgRDPNcgOCfbd8?authuser=0&hl=en&rclk=1
Cincinnati NDC US Postal Service,Distribution Centers,US,Cincinnati OH,+1 513-733-7124,https://www.usps.com/,sfsdelivery.confirmation@usps.gov,199,https://www.google.com/maps/place/Cincinnati+NDC+US+Postal+Service/data=!4m7!3m6!1s0x884051b929e7963d:0xe90719706cb2eefa!8m2!3d39.2950963!4d-84.4126161!16s%2Fg%2F1261_1z8n!19sChIJPZbnKblRQIgR-u6ybHAZB-k?authuser=0&hl=en&rclk=1
Harris Distributing Co Warehouse,Distribution Centers,US,Cincinnati OH,+1 513-541-4222,,,1,https://www.google.com/maps/place/Harris+Distributing+Co+Warehouse/data=!4m7!3m6!1s0x8841b361742f0e7f:0xa769518fb62f6ab2!8m2!3d39.1640516!4d-84.5309295!16s%2Fg%2F1tdfcslr!19sChIJfw4vdGGzQYgRsmovto9Raac?authuser=0&hl=en&rclk=1
Hen Of The Woods Warehouse and Distribution Center,Distribution Centers,US,Cincinnati OH,,http://www.henofthewoodsotr.com/,,25,https://www.google.com/maps/place/Hen+Of+The+Woods+Warehouse+and+Distribution+Center/data=!4m7!3m6!1s0x8841b3fcceb030cf:0x2f78c6a2f554513e!8m2!3d39.120188!4d-84.532618!16s%2Fg%2F11bx2gb59q!19sChIJzzCwzvyzQYgRPlFU9aLGeC8?authuser=0&hl=en&rclk=1
DHL,Distribution Centers,US,Cincinnati OH,,,,153,https://www.google.com/maps/place/DHL/data=!4m7!3m6!1s0x8841b3d9ef52120d:0xc2dd5f475cbbae9e!8m2!3d39.1781139!4d-84.4930479!16s%2Fg%2F11v0nrd0k7!19sChIJDRJS79mzQYgRnq67XEdf3cI?authuser=0&hl=en&rclk=1
Gateway Distribution LLC,Distribution Centers,US,Cincinnati OH,+1 888-806-8206,https://www.gatewaydistribution.net/,,55,https://www.google.com/maps/place/Gateway+Distribution+LLC/data=!4m7!3m6!1s0x8840519efa18d78b:0x77e491913239b9c9!8m2!3d39.2867779!4d-84.4000781!16s%2Fg%2F1tdqv695!19sChIJi9cY-p5RQIgRybk5MpGR5Hc?authuser=0&hl=en&rclk=1
The Hillman Group - Distribution Center,Distribution Centers,US,Cincinnati OH,+1 513-851-4900,https://www.hillmangroup.com/,support@hillmangroup.com,36,https://www.google.com/maps/place/The+Hillman+Group+-+Distribution+Center/data=!4m7!3m6!1s0x8840496e7318e073:0xd3c31ce2de88af16!8m2!3d39.2898088!4d-84.5516835!16s%2Fg%2F1tjkggqz!19sChIJc-AYc25JQIgRFq-I3uIcw9M?authuser=0&hl=en&rclk=1
UPS Transportation Hub,Distribution Centers,US,Cincinnati OH,,,,23,https://www.google.com/maps/place/UPS+Transportation+Hub/data=!4m7!3m6!1s0x8841b6a1786d016f:0xa5283c1dc98fc0a7!8m2!3d39.1057648!4d-84.5407623!16s%2Fg%2F11f0_bhr31!19sChIJbwFteKG2QYgRp8CPyR08KKU?authuser=0&hl=en&rclk=1
Cincy Distributions,Distribution Centers,US,Cincinnati OH,+1 513-279-8785,http://www.cincydistributions.com/,,10,https://www.google.com/maps/place/Cincy+Distributions/data=!4m7!3m6!1s0x8841b5d3a1b73355:0x8a7c122ce820fcab!8m2!3d39.153406!4d-84.5372361!16s%2Fg%2F11ppj8nv35!19sChIJVTO3odO1QYgRq_wg6CwSfIo?authuser=0&hl=en&rclk=1
"Verst Logistics Warehouse Cincinnati, OH - Enterprise Dr.",Distribution Centers,US,Cincinnati OH,+1 859-379-1220,https://www.verstlogistics.com/locations/enterprise-drive,,40,"https://www.google.com/maps/place/Verst+Logistics+Warehouse+Cincinnati,+OH+-+Enterprise+Dr./data=!4m7!3m6!1s0x8840519530c09cc7:0xb2b0b572da4e54d4!8m2!3d39.2886992!4d-84.4167645!16s%2Fg%2F1tj_5xs9!19sChIJx5zAMJVRQIgR1FRO2nK1sLI?authuser=0&hl=en&rclk=1"
Taylor Logistics Inc.,Distribution Centers,US,Cincinnati OH,+1 513-771-1850,https://taylorlogistics.com/,info@taylorlog.com,117,https://www.google.com/maps/place/Taylor+Logistics+Inc./data=!4m7!3m6!1s0x8840521cc20b5c83:0x5937e6e01a8205de!8m2!3d39.3123514!4d-84.4431942!16s%2Fg%2F1tdcs69g!19sChIJg1wLwhxSQIgR3gWCGuDmN1k?authuser=0&hl=en&rclk=1
Kroger Manufacturing,Distribution Centers,US,Cincinnati OH,+1 513-244-3693,https://jobs.kroger.com/search/kroger-manufacturing-state-avenue-jobs.html?q=kroger%20manufacturing%20state%20avenue%20jobs&q2=&locationsearch=,,213,https://www.google.com/maps/place/Kroger+Manufacturing/data=!4m7!3m6!1s0x8841b69d0ed0fbbb:0xcea21487ea39c941!8m2!3d39.1093685!4d-84.5507732!16s%2Fg%2F11b6x60y1_!19sChIJu_vQDp22QYgRQck56ocUos4?authuser=0&hl=en&rclk=1
Stellantis Parts Distribution Center,Distribution Centers,US,Orlando FL,+1 407-468-2504,https://www.stellantis.com/en,investor.relations@stellantis.com,24,https://www.google.com/maps/place/Stellantis+Parts+Distribution+Center/data=!4m7!3m6!1s0x88e77d48c15a9203:0xd95c0dc68e81ff8!8m2!3d28.4165526!4d-81.3492394!16s%2Fg%2F11fxb08myg!19sChIJA5JawUh954gR-B_oaNzAlQ0?authuser=0&hl=en&rclk=1
CVS Caremark Distribution Center,Distribution Centers,US,Orlando FL,+1 407-858-4000,http://www.cvs.com/,,76,https://www.google.com/maps/place/CVS+Caremark+Distribution+Center/data=!4m7!3m6!1s0x88e77dceb104ccef:0xd522d3607489039b!8m2!3d28.4464607!4d-81.4103889!16s%2Fg%2F11b6t2hqz1!19sChIJ78wEsc5954gRmwOJdGDTItU?authuser=0&hl=en&rclk=1
Publix Orlando Refrigerated Warehouse Guest entrance,Distribution Centers,US,Orlando FL,+1 407-850-1700 ext. 79433,,,17,https://www.google.com/maps/place/Publix+Orlando+Refrigerated+Warehouse+Guest+entrance/data=!4m7!3m6!1s0x88e763004ac9d177:0x61de7c3ec63ee480!8m2!3d28.4571078!4d-81.2805665!16s%2Fg%2F11lp8jrt9p!19sChIJd9HJSgBj54gRgOQ-xj583mE?authuser=0&hl=en&rclk=1
Walgreens Distribution,Distribution Centers,US,Orlando FL,+1 689-837-0100,,,12,https://www.google.com/maps/place/Walgreens+Distribution/data=!4m7!3m6!1s0x88e7617951e14217:0x5cb417ba0d5688bb!8m2!3d28.4812465!4d-81.2290676!16s%2Fg%2F11v07ppfd6!19sChIJF0LhUXlh54gRu4hWDboXtFw?authuser=0&hl=en&rclk=1
Publix Orlando Refrigerated Warehouse Truck Entrance,Distribution Centers,US,Orlando FL,+1 407-850-1700,,,57,https://www.google.com/maps/place/Publix+Orlando+Refrigerated+Warehouse+Truck+Entrance/data=!4m7!3m6!1s0x88e763003c82b615:0x80e8043f42ca02c3!8m2!3d28.4555559!4d-81.2800591!16s%2Fg%2F11ygzy7k91!19sChIJFbaCPABj54gRwwLKQj8E6IA?authuser=0&hl=en&rclk=1
"Walt Disney World Distribution Services DC3 (Food, Beverage and Liquor) Warehouse Red",Distribution Centers,US,Orlando FL,+1 407-838-3300 ext. 0,http://www.disney.com/,,76,"https://www.google.com/maps/place/Walt+Disney+World+Distribution+Services+DC3+%28Food,+Beverage+and+Liquor%29+Warehouse+Red/data=!4m7!3m6!1s0x88dd7ff00897848d:0x20c614cbd003ec87!8m2!3d28.3954876!4d-81.5250587!16s%2Fg%2F11bycg092w!19sChIJjYSXCPB_3YgRh-wD0MsUxiA?authuser=0&hl=en&rclk=1"
Prologis Airport Distribution Center North,Distribution Centers,US,Orlando FL,+1 407-648-9292,http://www.prologis.com/,,2,https://www.google.com/maps/place/Prologis+Airport+Distribution+Center+North/data=!4m7!3m6!1s0x88e7639b6add862b:0x3e8276008ab350f6!8m2!3d28.4614405!4d-81.3297993!16s%2Fg%2F11g_z5yjln!19sChIJK4bdaptj54gR9lCzigB2gj4?authuser=0&hl=en&rclk=1
Office Depot Distribution Warehouse,Distribution Centers,US,Orlando FL,+1 407-583-2200,http://officedepot.com/,,32,https://www.google.com/maps/place/Office+Depot+Distribution+Warehouse/data=!4m7!3m6!1s0x88e77d9000fdcf8d:0x27e52dc266f33f4b!8m2!3d28.4126344!4d-81.394696!16s%2Fg%2F113h4jqjs!19sChIJjc_9AJB954gRSz_zZsIt5Sc?authuser=0&hl=en&rclk=1
Staples Warehouse,Distribution Centers,US,Orlando FL,+1 407-850-3721,http://www.staples.com/,,169,https://www.google.com/maps/place/Staples+Warehouse/data=!4m7!3m6!1s0x88e77d42d8dc0281:0x2bb576bb80953ef4!8m2!3d28.4115962!4d-81.3583374!16s%2Fg%2F1tlbkd63!19sChIJgQLc2EJ954gR9D6VgLt2tSs?authuser=0&hl=en&rclk=1
Sprouts Farmers Market FL Distribution Center,Distribution Centers,US,Orlando FL,+1 689-223-4874,http://sprouts.com/,help@instacart.com,75,https://www.google.com/maps/place/Sprouts+Farmers+Market+FL+Distribution+Center/data=!4m7!3m6!1s0x88e77dce0cd0c20b:0x7ff11fb2a16906cf!8m2!3d28.4232498!4d-81.3454037!16s%2Fg%2F11t5njq2nd!19sChIJC8LQDM5954gRzwZpobIf8X8?authuser=0&hl=en&rclk=1
"Distribution Management - St. Louis, MO Distribution Center",Distribution Centers,US,St Louis MO,+1 636-300-4000,http://www.distributionmgmt.com/,%20hello@distributionmgmt.com,23,"https://www.google.com/maps/place/Distribution+Management+-+St.+Louis,+MO+Distribution+Center/data=!4m7!3m6!1s0x87df290f02ba7065:0xf26832f79bfcf889!8m2!3d38.8146886!4d-90.5625072!16s%2Fg%2F11p6vdrm5b!19sChIJZXC6Ag8p34cRifj8m_cyaPI?authuser=0&hl=en&rclk=1"
Dollar General Fresh Distribution Center,Distribution Centers,US,St Louis MO,+1 314-227-1450,http://dollar-center-berkeley.keeq.io/,,207,https://www.google.com/maps/place/Dollar+General+Fresh+Distribution+Center/data=!4m7!3m6!1s0x87df371ee1e49197:0xf9afd4c6815b1230!8m2!3d38.7697762!4d-90.3436695!16s%2Fg%2F11j2fcvynt!19sChIJl5Hk4R4334cRMBJbgcbUr_k?authuser=0&hl=en&rclk=1
STC Warehouse,Distribution Centers,US,St Louis MO,+1 314-776-8211,http://www.stcwarehouse.com/,stc.stlouis@stcwarehouse.com,208,https://www.google.com/maps/place/STC+Warehouse/data=!4m7!3m6!1s0x87d8b3bb9e1a9a79:0xe889faa3dc1f5f5b!8m2!3d38.5943937!4d-90.2024778!16s%2Fg%2F1tmqrxgt!19sChIJeZoanruz2IcRW18f3KP6ieg?authuser=0&hl=en&rclk=1
Anheuser Busch Warehouse,Distribution Centers,US,St Louis MO,+1 314-577-3612,http://anheuser-warehouse.poi.place/,,257,https://www.google.com/maps/place/Anheuser+Busch+Warehouse/data=!4m7!3m6!1s0x87d8b3bded3892c1:0xe279240822feeff2!8m2!3d38.5964736!4d-90.2053195!16s%2Fg%2F11gdqwg_c0!19sChIJwZI47b2z2IcR8u_-IggkeeI?authuser=0&hl=en&rclk=1
Buckeye Distribution Center,Distribution Centers,US,St Louis MO,,,,13,https://www.google.com/maps/place/Buckeye+Distribution+Center/data=!4m7!3m6!1s0x87df312c31daf967:0x3238c5efe0a8b392!8m2!3d38.7712635!4d-90.3787285!16s%2Fg%2F11hbnd8yps!19sChIJZ_naMSwx34cRkrOo4O_FODI?authuser=0&hl=en&rclk=1
Ace Hardware Distribution Center,Distribution Centers,US,St Louis MO,+1 314-436-5399,,,67,https://www.google.com/maps/place/Ace+Hardware+Distribution+Center/data=!4m7!3m6!1s0x87df4cebf6355f91:0xa4aa3e13c77809df!8m2!3d38.6788657!4d-90.2016439!16s%2Fg%2F1wj_6l0l!19sChIJkV819utM34cR3wl4xxM-qqQ?authuser=0&hl=en&rclk=1
Premium Retail Services National Logistics and Distribution Center,Distribution Centers,US,St Louis MO,+1 636-373-7511,http://premiumretail.com/,,8,https://www.google.com/maps/place/Premium+Retail+Services+National+Logistics+and+Distribution+Center/data=!4m7!3m6!1s0x87df332ffd079139:0x36a3d6f186929779!8m2!3d38.7041778!4d-90.4235076!16s%2Fg%2F11fm5msr40!19sChIJOZEH_S8z34cReZeShvHWozY?authuser=0&hl=en&rclk=1
Stl Distribution,Distribution Centers,US,St Louis MO,+1 314-416-9030,,,6,https://www.google.com/maps/place/Stl+Distribution/data=!4m7!3m6!1s0x87d8c63e5ea08349:0xeb88582cb99f663a!8m2!3d38.4671108!4d-90.3539677!16s%2Fg%2F1w0sddm2!19sChIJSYOgXj7G2IcROmafuSxYiOs?authuser=0&hl=en&rclk=1
Foodservice Center Inc,Distribution Centers,US,St Louis MO,+1 800-262-2330,https://www.fscstl.com/,sales@fsc.us,33,https://www.google.com/maps/place/Foodservice+Center+Inc/data=!4m7!3m6!1s0x87d8b3a30a05844f:0xed6a937a837b496f!8m2!3d38.6026639!4d-90.2026089!16s%2Fg%2F1tflyf9l!19sChIJT4QFCqOz2IcRb0l7g3qTau0?authuser=0&hl=en&rclk=1
LEWIS PUMPS DISTRIBUTION CENTER,Distribution Centers,US,St Louis MO,+1 314-843-4437,,,8,https://www.google.com/maps/place/LEWIS+PUMPS+DISTRIBUTION+CENTER/data=!4m7!3m6!1s0x87d8c9504493c003:0xf203e8a0c33b9601!8m2!3d38.5598449!4d-90.3669618!16s%2Fg%2F11c5_2957c!19sChIJA8CTRFDJ2IcRAZY7w6DoA_I?authuser=0&hl=en&rclk=1
ICL - St. Louis Package,Distribution Centers,US,St Louis MO,+1 314-752-1800,,,10,https://www.google.com/maps/place/ICL+-+St.+Louis+Package/data=!4m7!3m6!1s0x87d8b52a14734c99:0xfbc2c30669c909ef!8m2!3d38.5773194!4d-90.2269891!16s%2Fg%2F11gtz70zcw!19sChIJmUxzFCq12IcR7wnJaQbDwvs?authuser=0&hl=en&rclk=1
Mercy Distribution Center,Distribution Centers,US,St Louis MO,+1 314-264-7517,,,8,https://www.google.com/maps/place/Mercy+Distribution+Center/data=!4m7!3m6!1s0x87df2e2db66576bd:0x1c5cbad6ac566b88!8m2!3d38.7743949!4d-90.457283!16s%2Fg%2F11clgy1xbg!19sChIJvXZlti0u34cRiGtWrNa6XBw?authuser=0&hl=en&rclk=1
United Fulfillment Solutions,Distribution Centers,US,St Louis MO,,,,4,https://www.google.com/maps/place/United+Fulfillment+Solutions/data=!4m7!3m6!1s0x87d8b9005d511af7:0xf7e4a93f6c659dfe!8m2!3d38.4793067!4d-90.2853314!16s%2Fg%2F11y3wf15rx!19sChIJ9xpRXQC52IcR_p1lbD-p5Pc?authuser=0&hl=en&rclk=1
U.S. Army Publications Distribution Center,Distribution Centers,US,St Louis MO,+1 314-263-7305,https://www.army.mil/,,3,https://www.google.com/maps/place/U.S.+Army+Publications+Distribution+Center/data=!4m7!3m6!1s0x87df34900ef3fd93:0x9462bca693d071b0!8m2!3d38.6831283!4d-90.3638534!16s%2Fg%2F1tdz5cj5!19sChIJk_3zDpA034cRsHHQk6a8YpQ?authuser=0&hl=en&rclk=1
Richmond UPS Hub,Distribution Centers,US,Richmond VA,,,,60,https://www.google.com/maps/place/Richmond+UPS+Hub/data=!4m7!3m6!1s0x89b10f8987566361:0x591cc28c28b8cea2!8m2!3d37.3993688!4d-77.4119782!16s%2Fg%2F11hzv4k9fm!19sChIJYWNWh4kPsYkRos64KIzCHFk?authuser=0&hl=en&rclk=1
Mondelez Distribution Centre,Distribution Centers,US,Richmond VA,+1 804-604-2047,,,46,https://www.google.com/maps/place/Mondelez+Distribution+Centre/data=!4m7!3m6!1s0x89b11bff78a476f5:0x9d6c68426669331b!8m2!3d37.4807905!4d-77.3386699!16s%2Fg%2F11tfl6yr17!19sChIJ9XakeP8bsYkRGzNpZkJobJ0?authuser=0&hl=en&rclk=1
Richmond Distribution Center,Distribution Centers,US,Richmond VA,+1 877-672-0007,https://richmond-center4richmond.edan.io/,,335,https://www.google.com/maps/place/Richmond+Distribution+Center/data=!4m7!3m6!1s0x89b117a70d904079:0xf4586af73306239a!8m2!3d37.59412!4d-77.4097213!16s%2Fg%2F11fdxgkv21!19sChIJeUCQDacXsYkRmiMGM_dqWPQ?authuser=0&hl=en&rclk=1
Amazon RIC3 Fulfillment Center,Distribution Centers,US,Richmond VA,,https://www.amazon.jobs/en/business_categories/fulfillment-operations,,99,https://www.google.com/maps/place/Amazon+RIC3+Fulfillment+Center/data=!4m7!3m6!1s0x89b10f886b470a51:0x132036e215393515!8m2!3d37.458511!4d-77.427456!16s%2Fg%2F11h583k20b!19sChIJUQpHa4gPsYkRFTU5FeI2IBM?authuser=0&hl=en&rclk=1
Sephora Utah Distribution Center,Distribution Centers,US,Salt Lake City UT,+1 801-578-3000,http://www.sephora.com/,,154,https://www.google.com/maps/place/Sephora+Utah+Distribution+Center/data=!4m7!3m6!1s0x8752f27280af31bb:0x991b844359398a89!8m2!3d40.760345!4d-112.03592!16s%2Fg%2F1tflgqbc!19sChIJuzGvgHLyUocRiYo5WUOEG5k?authuser=0&hl=en&rclk=1
O'Reilly Distribution Center,Distribution Centers,US,Salt Lake City UT,+1 801-355-3883,http://www.oreillyauto.com/,,119,https://www.google.com/maps/place/O%27Reilly+Distribution+Center/data=!4m7!3m6!1s0x8752f267e59408bd:0x150e951b307963c5!8m2!3d40.757191!4d-112.0383219!16s%2Fg%2F1xfsp6kw!19sChIJvQiU5WfyUocRxWN5MBuVDhU?authuser=0&hl=en&rclk=1
Easton Distribution Center,Distribution Centers,US,Salt Lake City UT,,,,21,https://www.google.com/maps/place/Easton+Distribution+Center/data=!4m7!3m6!1s0x8752f22edd99b8b1:0xb52b57f2d92d21cf!8m2!3d40.7827222!4d-112.0099564!16s%2Fg%2F1td72gw0!19sChIJsbiZ3S7yUocRzyEt2fJXK7U?authuser=0&hl=en&rclk=1
UPS salt lake Center,Distribution Centers,US,Salt Lake City UT,+1 866-835-3777,https://locations.ups.com/ut/saltlakecity/customer-center-162017.html,,72,https://www.google.com/maps/place/UPS+salt+lake+Center/data=!4m7!3m6!1s0x8752ed2044966df5:0x13872fb397c311c0!8m2!3d40.7586594!4d-112.0453001!16s%2Fg%2F11h64vhv0h!19sChIJ9W2WRCDtUocRwBHDl7MvhxM?authuser=0&hl=en&rclk=1
IFA Distribution Center,Distribution Centers,US,Salt Lake City UT,+1 801-972-3279,https://ifacountrystores.com/,,40,https://www.google.com/maps/place/IFA+Distribution+Center/data=!4m7!3m6!1s0x8752f3589d5d8cdb:0xacef68efb44a31f5!8m2!3d40.7346507!4d-111.9529239!16s%2Fg%2F11clht9mwx!19sChIJ24xdnVjzUocR9TFKtO9o76w?authuser=0&hl=en&rclk=1
Amazon SLC4 Grand Warehouse,Distribution Centers,US,Salt Lake City UT,,http://amazondelivers.jobs/,,43,https://www.google.com/maps/place/Amazon+SLC4+Grand+Warehouse/data=!4m7!3m6!1s0x8752f3dbdaf4bbef:0x2e110c7c3640a233!8m2!3d40.7526532!4d-111.9744002!16s%2Fg%2F11fmzrs_kn!19sChIJ77v02tvzUocRM6JANnwMES4?authuser=0&hl=en&rclk=1
Walmart Distribution,Distribution Centers,US,Salt Lake City UT,+1 801-999-3603,,,27,https://www.google.com/maps/place/Walmart+Distribution/data=!4m7!3m6!1s0x8752f1667096f3b3:0x159c85aa2c71bf29!8m2!3d40.793223!4d-112.0461!16s%2Fg%2F11s1xz8mdx!19sChIJs_OWcGbxUocRKb9xLKqFnBU?authuser=0&hl=en&rclk=1
Sportsman's Warehouse Distribution Center,Distribution Centers,US,Salt Lake City UT,+1 800-286-3076,https://stores.sportsmans.com/gunsmith/us/ut,,165,https://www.google.com/maps/place/Sportsman%27s+Warehouse+Distribution+Center/data=!4m7!3m6!1s0x8752f2ef3f0d375b:0x56d45dec06c21c07!8m2!3d40.7329902!4d-112.013565!16s%2Fg%2F11c1vbc0mr!19sChIJWzcNP-_yUocRBxzCBuxd1FY?authuser=0&hl=en&rclk=1
1-800 Contacts Distribution Center,Distribution Centers,US,Salt Lake City UT,+1 801-316-5770,http://www.1800contacts.com/,,26,https://www.google.com/maps/place/1-800+Contacts+Distribution+Center/data=!4m7!3m6!1s0x8752f2e500000001:0x2827c0ab02e72e5f!8m2!3d40.7724876!4d-112.0342864!16s%2Fg%2F11f5v1h6cw!19sChIJAQAAAOXyUocRXy7nAqvAJyg?authuser=0&hl=en&rclk=1
Temco and Home Depot Distribution Center,Distribution Centers,US,Hartford CT,+1 860-242-6443,,,28,https://www.google.com/maps/place/Temco+and+Home+Depot+Distribution+Center/data=!4m7!3m6!1s0x89e70184bb55d429:0x44e7a9b17b526df7!8m2!3d41.8659472!4d-72.737406!16s%2Fg%2F11hzhqmj7_!19sChIJKdRVu4QB54kR921Se7Gp50Q?authuser=0&hl=en&rclk=1
Home Goods/Homesense Distribution Center,Distribution Centers,US,Hartford CT,+1 860-286-7888,http://homegoods.com/,,240,https://www.google.com/maps/place/Home+Goods%2FHomesense+Distribution+Center/data=!4m7!3m6!1s0x89e70004d02268db:0xabb8f15597568710!8m2!3d41.8655082!4d-72.7220079!16s%2Fg%2F1tgkj9p8!19sChIJ22gi0AQA54kREIdWl1XxuKs?authuser=0&hl=en&rclk=1
ADUSA Distribution DC91,Distribution Centers,US,Hartford CT,+1 860-327-9325,,,338,https://www.google.com/maps/place/ADUSA+Distribution+DC91/data=!4m7!3m6!1s0x89e6577ddfdb37dd:0x2716248bb2aaedec!8m2!3d41.8006778!4d-72.5600512!16s%2Fg%2F11s0yyp7sc!19sChIJ3Tfb331X5okR7O2qsoskFic?authuser=0&hl=en&rclk=1
Lowe's 3512 E Hartford BDC,Distribution Centers,US,Hartford CT,+1 800-445-6937,,,28,https://www.google.com/maps/place/Lowe%27s+3512+E+Hartford+BDC/data=!4m7!3m6!1s0x89e653007ab3ece3:0x7541f3c80f3ab2a1!8m2!3d41.7539514!4d-72.6217146!16s%2Fg%2F11lmktblkp!19sChIJ4-yzegBT5okRobI6D8jzQXU?authuser=0&hl=en&rclk=1
BDL4 Amazon Fulfillment Center,Distribution Centers,US,Hartford CT,+1 866-495-8564,http://amazon.jobs/,,116,https://www.google.com/maps/place/BDL4+Amazon+Fulfillment+Center/data=!4m7!3m6!1s0x89e6ff5ede1230d9:0x21b6503a1d5da8d2!8m2!3d41.9032976!4d-72.6588642!16s%2Fg%2F11vjggm1y2!19sChIJ2TAS3l7_5okR0qhdHTpQtiE?authuser=0&hl=en&rclk=1
Target Food Distribution Center,Distribution Centers,US,Hartford CT,+1 860-902-5300,http://www.target.com/,,78,https://www.google.com/maps/place/Target+Food+Distribution+Center/data=!4m7!3m6!1s0x89e7018385a313e9:0x7782d2321a073e50!8m2!3d41.8847358!4d-72.7161228!16s%2Fg%2F11l1fvf675!19sChIJ6ROjhYMB54kRUD4HGjLSgnc?authuser=0&hl=en&rclk=1
Kc Distribution,Distribution Centers,US,Hartford CT,+1 860-805-2065,,,4,https://www.google.com/maps/place/Kc+Distribution/data=!4m7!3m6!1s0x89e653abfc591d5d:0x58c0c02aef9355d7!8m2!3d41.735613!4d-72.6571089!16s%2Fg%2F11pzrzvly7!19sChIJXR1Z_KtT5okR11WT7yrAwFg?authuser=0&hl=en&rclk=1
Share Connecticut - Food Distribution Center,Distribution Centers,US,Hartford CT,+1 203-280-3111,,,1,https://www.google.com/maps/place/Share+Connecticut+-+Food+Distribution+Center/data=!4m7!3m6!1s0x89e654857a673ca3:0x153cab2b8b0b09ca!8m2!3d41.7811232!4d-72.672199!16s%2Fg%2F11jrj15qtt!19sChIJozxneoVU5okRygkLiyurPBU?authuser=0&hl=en&rclk=1
Hartford Despatch & Storage,Distribution Centers,US,Hartford CT,+1 860-528-9551,https://hartforddespatch.com/,,6,https://www.google.com/maps/place/Hartford+Despatch+%26+Storage/data=!4m7!3m6!1s0x89e654719a3989ed:0x8a23fc63e69a0cf3!8m2!3d41.7758878!4d-72.6452329!16s%2Fg%2F1tczwzfc!19sChIJ7Yk5mnFU5okR8wya5mP8I4o?authuser=0&hl=en&rclk=1
Walgreens dc,Distribution Centers,US,Hartford CT,,,,40,https://www.google.com/maps/place/Walgreens+dc/data=!4m7!3m6!1s0x89e7010011bfb16f:0x6745e60c808adf48!8m2!3d41.9206788!4d-72.7184619!16s%2Fg%2F11y7hhxjrl!19sChIJb7G_EQAB54kRSN-KgAzmRWc?authuser=0&hl=en&rclk=1
Connecticut Children's Supply Chain/Warehouse,Distribution Centers,US,Hartford CT,+1 860-837-6546,,,1,https://www.google.com/maps/place/Connecticut+Children%27s+Supply+Chain%2FWarehouse/data=!4m7!3m6!1s0x89e6531e36b8f2fb:0xe34f1adde590ccbe!8m2!3d41.7613296!4d-72.6599418!16s%2Fg%2F11lyw8dtqy!19sChIJ-_K4Nh5T5okRvsyQ5d0aT-M?authuser=0&hl=en&rclk=1
Restaurant Supply Wethersfield Distribution Center,Distribution Centers,US,Hartford CT,+1 855-838-1010,https://www.restaurantsupply.com/,,83,https://www.google.com/maps/place/Restaurant+Supply+Wethersfield+Distribution+Center/data=!4m7!3m6!1s0x89e653cbaaeef117:0x7154269880eb5797!8m2!3d41.6980847!4d-72.6559601!16s%2Fg%2F11gx_v6hn_!19sChIJF_HuqstT5okRl1frgJgmVHE?authuser=0&hl=en&rclk=1
Wic State Agency - Connecticut - Food Distribution Center,Distribution Centers,US,Hartford CT,+1 800-741-2142,,,26,https://www.google.com/maps/place/Wic+State+Agency+-+Connecticut+-+Food+Distribution+Center/data=!4m7!3m6!1s0x89e6531bfd2f248d:0x2bab8b4544cd620c!8m2!3d41.7399932!4d-72.6799671!16s%2Fg%2F11k6hgpzds!19sChIJjSQv_RtT5okRDGLNREWLqys?authuser=0&hl=en&rclk=1
"Hartford Neighborhood Centers, Inc. - Food Distribution Center",Distribution Centers,US,Hartford CT,+1 860-251-6517,http://www.hnci.org/,ehernandez@hnci.org,5,"https://www.google.com/maps/place/Hartford+Neighborhood+Centers,+Inc.+-+Food+Distribution+Center/data=!4m7!3m6!1s0x89e653404c711c2b:0x1cb581e099b21416!8m2!3d41.7572093!4d-72.6879357!16s%2Fg%2F11k6hg8m9n!19sChIJKxxxTEBT5okRFhSymeCBtRw?authuser=0&hl=en&rclk=1"
Sonwil Distribution Center - DC31,Distribution Centers,US,Buffalo NY,+1 716-684-0555,http://www.sonwil.com/,,260,https://www.google.com/maps/place/Sonwil+Distribution+Center+-+DC31/data=!4m7!3m6!1s0x89d311dcfe34b07d:0xf58fb6d41e87133c!8m2!3d42.8397702!4d-78.8456723!16s%2Fg%2F11b61q0gpv!19sChIJfbA0_twR04kRPBOHHtS2j_U?authuser=0&hl=en&rclk=1
Sonwil Distribution Center - DC49,Distribution Centers,US,Buffalo NY,+1 716-684-0555,http://www.sonwil.com/,,436,https://www.google.com/maps/place/Sonwil+Distribution+Center+-+DC49/data=!4m7!3m6!1s0x89d3095c543b9ec5:0x9ddec0798d86c1bd!8m2!3d42.8422508!4d-78.7263643!16s%2Fg%2F11b7hks4g8!19sChIJxZ47VFwJ04kRvcGGjXnA3p0?authuser=0&hl=en&rclk=1
Amazon Delivery Center,Distribution Centers,US,Buffalo NY,,,,43,https://www.google.com/maps/place/Amazon+Delivery+Center/data=!4m7!3m6!1s0x89d31bcddd137ec5:0xf0cc7b87001242ce!8m2!3d42.7787394!4d-78.8511442!16s%2Fg%2F11rscz71gg!19sChIJxX4T3c0b04kRzkISAId7zPA?authuser=0&hl=en&rclk=1
Sonwil Distribution Center - DC27,Distribution Centers,US,Buffalo NY,+1 716-684-0555,http://www.sonwil.com/,,14,https://www.google.com/maps/place/Sonwil+Distribution+Center+-+DC27/data=!4m7!3m6!1s0x89d30ddb97374045:0x9305ba04de6c955!8m2!3d42.8995431!4d-78.7721768!16s%2Fg%2F11p3cvyz2g!19sChIJRUA3l9sN04kRVcnmTaBbMAk?authuser=0&hl=en&rclk=1
US Postal Service Buffalo Processing & Distribution Center,Distribution Centers,US,Buffalo NY,,http://usps.com/,sfsdelivery.confirmation@usps.gov,13,https://www.google.com/maps/place/US+Postal+Service+Buffalo+Processing+%26+Distribution+Center/data=!4m7!3m6!1s0x89d30d00140324d7:0x3ff2cd52b9e7dcfb!8m2!3d42.8854885!4d-78.8262106!16s%2Fg%2F11y32qg3zg!19sChIJ1yQDFAAN04kR-9znuVLN8j8?authuser=0&hl=en&rclk=1
C&S Wholesale Grocers/Tops Frozen Distribution,Distribution Centers,US,Buffalo NY,+1 716-712-2530,,,110,https://www.google.com/maps/place/C%26S+Wholesale+Grocers%2FTops+Frozen+Distribution/data=!4m7!3m6!1s0x89d309670641b0ed:0x18474c1249142cf9!8m2!3d42.8425199!4d-78.7228038!16s%2Fg%2F11c6dg0wh0!19sChIJ7bBBBmcJ04kR-SwUSRJMRxg?authuser=0&hl=en&rclk=1
Tops Frozen Distribution Center,Distribution Centers,US,Buffalo NY,+1 716-712-2530,http://www.topsmarkets.com/,,56,https://www.google.com/maps/place/Tops+Frozen+Distribution+Center/data=!4m7!3m6!1s0x89d30cf743120e7f:0x2e0e6529bd4e620b!8m2!3d42.8422508!4d-78.7233208!16s%2Fg%2F12hqhx5yd!19sChIJfw4SQ_cM04kRC2JOvSllDi4?authuser=0&hl=en&rclk=1
UPS buffalo ny 1429,Distribution Centers,US,Buffalo NY,,,,13,https://www.google.com/maps/place/UPS+buffalo+ny+1429/data=!4m7!3m6!1s0x89d30d8981544263:0x4dd3ca0db5994daf!8m2!3d42.881085!4d-78.8091343!16s%2Fg%2F11vbs60hqr!19sChIJY0JUgYkN04kRr02ZtQ3K000?authuser=0&hl=en&rclk=1
Larkin Logistics Center,Distribution Centers,US,Buffalo NY,+1 716-856-0810,,,1,https://www.google.com/maps/place/Larkin+Logistics+Center/data=!4m7!3m6!1s0x89d30df1bc578f1b:0xa708933d63f29212!8m2!3d42.8729026!4d-78.8288511!16s%2Fg%2F11dyx72lm0!19sChIJG49XvPEN04kREpLyYz2TCKc?authuser=0&hl=en&rclk=1
Speed Global Services Warehouse Building 5,Distribution Centers,US,Buffalo NY,+1 716-447-0522,http://www.speedgs.com/,ask@speedgs.com,32,https://www.google.com/maps/place/Speed+Global+Services+Warehouse+Building+5/data=!4m7!3m6!1s0x89d36ce5f2a7d1a3:0x42bb31619e6668a8!8m2!3d42.9686185!4d-78.8959834!16s%2Fg%2F11b6dkwwmk!19sChIJo9Gn8uVs04kRqGhmnmExu0I?authuser=0&hl=en&rclk=1
Sonwill/Four Square,Distribution Centers,US,Buffalo NY,,,,64,https://www.google.com/maps/place/Sonwill%2FFour+Square/data=!4m7!3m6!1s0x89d311a9661e4ff3:0x458c477f375a5da9!8m2!3d42.8379112!4d-78.8446759!16s%2Fg%2F11l24hqp6j!19sChIJ808eZqkR04kRqV1aN39HjEU?authuser=0&hl=en&rclk=1
Sonwil Distribution Center - DC12,Distribution Centers,US,Buffalo NY,+1 716-684-0555,http://www.sonwil.com/,,7,https://www.google.com/maps/place/Sonwil+Distribution+Center+-+DC12/data=!4m7!3m6!1s0x89d30dec3e1ae1d1:0x7ebb766b55c979dc!8m2!3d42.9061796!4d-78.7910393!16s%2Fg%2F11r4c877h9!19sChIJ0eEaPuwN04kR3HnJVWt2u34?authuser=0&hl=en&rclk=1
Speed Global Services Warehouse Building 9,Distribution Centers,US,Buffalo NY,,https://speedgs.com/,ask@speedgs.com,7,https://www.google.com/maps/place/Speed+Global+Services+Warehouse+Building+9/data=!4m7!3m6!1s0x89d30d2c04d997a9:0x9e786f38849e749a!8m2!3d42.8845173!4d-78.8316068!16s%2Fg%2F11nx1p3q4_!19sChIJqZfZBCwN04kRmnSehDhveJ4?authuser=0&hl=en&rclk=1
Speed Global Services Warehouse Building 13,Distribution Centers,US,Buffalo NY,+1 800-447-3033,http://www.speedgs.com/,ask@speedgs.com,8,https://www.google.com/maps/place/Speed+Global+Services+Warehouse+Building+13/data=!4m7!3m6!1s0x89d30d26fb5206d3:0xb5b012f1100fd09b!8m2!3d42.8976617!4d-78.7660435!16s%2Fg%2F11q8rtqlpm!19sChIJ0wZS-yYN04kRm9APEPESsLU?authuser=0&hl=en&rclk=1
Elmwood Warehousing Co Inc,Distribution Centers,US,Buffalo NY,+1 716-874-2765,http://www.elmwoodwarehousing.com/,,25,https://www.google.com/maps/place/Elmwood+Warehousing+Co+Inc/data=!4m7!3m6!1s0x89d36d2bc54c9369:0x69ec90021b8ebbd1!8m2!3d42.8718496!4d-78.7499865!16s%2Fg%2F1w97wc6c!19sChIJaZNMxStt04kR0buOGwKQ7Gk?authuser=0&hl=en&rclk=1
City Mission Society Inc- Pantry - Food Distribution Center,Distribution Centers,US,Buffalo NY,+1 716-854-8181,,,12,https://www.google.com/maps/place/City+Mission+Society+Inc-+Pantry+-+Food+Distribution+Center/data=!4m7!3m6!1s0x89d3125b2f9e87df:0x211d9078733b3bd7!8m2!3d42.8932002!4d-78.8688644!16s%2Fg%2F11k6hgpv_x!19sChIJ34eeL1sS04kR1zs7c3iQHSE?authuser=0&hl=en&rclk=1
ecs warehouse,Distribution Centers,US,Buffalo NY,,,,8,https://www.google.com/maps/place/ecs+warehouse/data=!4m7!3m6!1s0x89d372aaa82e56a5:0x3b66c2d4ba065e18!8m2!3d42.9384075!4d-78.8390737!16s%2Fg%2F1td147ps!19sChIJpVYuqKpy04kRGF4GutTCZjs?authuser=0&hl=en&rclk=1
Speed Global Services Warehouse Building 3,Distribution Centers,US,Buffalo NY,+1 716-876-2235,https://speedgs.com/,ask@speedgs.com,2,https://www.google.com/maps/place/Speed+Global+Services+Warehouse+Building+3/data=!4m7!3m6!1s0x89d36d1c5c805487:0x5048d28ffa273692!8m2!3d42.9665696!4d-78.8945488!16s%2Fg%2F11ssd7fc49!19sChIJh1SAXBxt04kRkjYn-o_SSFA?authuser=0&hl=en&rclk=1
USPS (NW ROCHESTER P&DC),Distribution Centers,US,Rochester NY,+1 585-452-2100,,,299,https://www.google.com/maps/place/USPS+%28NW+ROCHESTER+P%26DC%29/data=!4m7!3m6!1s0x89d6b39e9c9fd01b:0x706eb7e65e997d35!8m2!3d43.1683234!4d-77.6718962!16s%2Fg%2F11b6hyktjq!19sChIJG9CfnJ6z1okRNX2ZXua3bnA?authuser=0&hl=en&rclk=1
ROC1 Amazon Fulfillment Center,Distribution Centers,US,Rochester NY,+1 585-613-8218,,,183,https://www.google.com/maps/place/ROC1+Amazon+Fulfillment+Center/data=!4m7!3m6!1s0x89d6ad9e1e678a5f:0x3d39b9eec8098e2!8m2!3d43.1530471!4d-77.7490856!16s%2Fg%2F11jygrkrt8!19sChIJX4pnHp6t1okR4piA7J6b0wM?authuser=0&hl=en&rclk=1
Wegmans Rochester Fresh Foods and Meat Distribution Center,Distribution Centers,US,Rochester NY,+1 800-934-6267,https://www.wegmans.com/,,120,https://www.google.com/maps/place/Wegmans+Rochester+Fresh+Foods+and+Meat+Distribution+Center/data=!4m7!3m6!1s0x89d14cd605166c27:0x5d3ef8d7727a24a3!8m2!3d43.1211391!4d-77.6988196!16s%2Fg%2F11fx5_qqn5!19sChIJJ2wWBdZM0YkRoyR6ctf4Pl0?authuser=0&hl=en&rclk=1
Wegmans Frozen Foods Distribution Center,Distribution Centers,US,Rochester NY,,https://www.wegmans.com/service/contact-us.html,,182,https://www.google.com/maps/place/Wegmans+Frozen+Foods+Distribution+Center/data=!4m7!3m6!1s0x89d14cd6615ed275:0x5aca55f8491e926!8m2!3d43.1204771!4d-77.6967842!16s%2Fg%2F1hd_y1tc2!19sChIJddJeYdZM0YkRJumRhF-lrAU?authuser=0&hl=en&rclk=1
DRO2 - Amazon Delivery Station,Distribution Centers,US,Rochester NY,,,,184,https://www.google.com/maps/place/DRO2+-+Amazon+Delivery+Station/data=!4m7!3m6!1s0x89d6b3c64d4a3659:0x138b4549e814ff92!8m2!3d43.1825752!4d-77.6656188!16s%2Fg%2F11rfqt2ygx!19sChIJWTZKTcaz1okRkv8U6ElFixM?authuser=0&hl=en&rclk=1
Wegmans Rochester General Merchandise Distribution Center,Distribution Centers,US,Rochester NY,,https://www.wegmans.com/,,14,https://www.google.com/maps/place/Wegmans+Rochester+General+Merchandise+Distribution+Center/data=!4m7!3m6!1s0x89d14a949ce22d0b:0xa15fa29cb88ddcbe!8m2!3d43.0897865!4d-77.5845489!16s%2Fg%2F11g8s9hv06!19sChIJCy3inJRK0YkRvtyNuJyiX6E?authuser=0&hl=en&rclk=1
Staples Order Fulfillment Center,Distribution Centers,US,Rochester NY,+1 585-402-4688,,,14,https://www.google.com/maps/place/Staples+Order+Fulfillment+Center/data=!4m7!3m6!1s0x89d14b11ad942f45:0x39b336a60642726b!8m2!3d43.0909541!4d-77.6225307!16s%2Fg%2F11b_2hrldl!19sChIJRS-UrRFL0YkRa3JCBqY2szk?authuser=0&hl=en&rclk=1
North American Breweries Warehouse,Distribution Centers,US,Rochester NY,+1 585-647-0187,,,281,https://www.google.com/maps/place/North+American+Breweries+Warehouse/data=!4m7!3m6!1s0x89d6b39510bc4d83:0xd4aed8b638d511dd!8m2!3d43.1858179!4d-77.6706697!16s%2Fg%2F1td1wfjv!19sChIJg028EJWz1okR3RHVOLbYrtQ?authuser=0&hl=en&rclk=1
CNF Postal Logistics,Distribution Centers,US,Rochester NY,+1 585-452-2100,,,6,https://www.google.com/maps/place/CNF+Postal+Logistics/data=!4m7!3m6!1s0x89d6b39e9cee0c39:0xfdebf1f9b6a08fc8!8m2!3d43.1655332!4d-77.6701531!16s%2Fg%2F1260dksv8!19sChIJOQzunJ6z1okRyI-gtvnx6_0?authuser=0&hl=en&rclk=1
Staples Customer Service & Fulfillment Center,Distribution Centers,US,Rochester NY,,http://www.staples.com/,,16,https://www.google.com/maps/place/Staples+Customer+Service+%26+Fulfillment+Center/data=!4m7!3m6!1s0x89d14b6f5c12d135:0x8bdde56ffb37d55d!8m2!3d43.0902175!4d-77.6202774!16s%2Fg%2F11h7bm_tz5!19sChIJNdESXG9L0YkRXdU3-2_l3Ys?authuser=0&hl=en&rclk=1
Warner Bros. Discovery Distribution Center,Distribution Centers,US,Rochester NY,,,,78,https://www.google.com/maps/place/Warner+Bros.+Discovery+Distribution+Center/data=!4m7!3m6!1s0x89d6b74233e96479:0xf1898ff28c0f4542!8m2!3d43.200781!4d-77.6364299!16s%2Fg%2F11svn55p_9!19sChIJeWTpM0K31okRQkUPjPKPifE?authuser=0&hl=en&rclk=1
Warehousing & Distributive Management Services Incorporated,Distribution Centers,US,Rochester NY,+1 585-328-1000,http://wareroc.com/,wdms@wareroc.com,9,https://www.google.com/maps/place/Warehousing+%26+Distributive+Management+Services+Incorporated/data=!4m7!3m6!1s0x89d6b39510bc4d83:0x45d0b60f57c2ab63!8m2!3d43.1848778!4d-77.6690009!16s%2Fg%2F1tfz12sz!19sChIJg028EJWz1okRY6vCVw-20EU?authuser=0&hl=en&rclk=1
FedEx Ship Center,Distribution Centers,US,Rochester NY,+1 800-463-3339,https://local.fedex.com/en-us/ny/rochester/roca?cmp=LOC-1001545-3-2-971-1110000-US-US-EN-YEXTLISTFEDEXSC,,393,https://www.google.com/maps/place/FedEx+Ship+Center/data=!4m7!3m6!1s0x89d6ad648abd207f:0x13310f4adbd4b631!8m2!3d43.158607!4d-77.751909!16s%2Fg%2F1tk68nyf!19sChIJfyC9imSt1okRMbbU20oPMRM?authuser=0&hl=en&rclk=1
TCB Warehousing and Distribution Inc. dba C & D Leach,Distribution Centers,US,Rochester NY,+1 585-342-7640,,,11,https://www.google.com/maps/place/TCB+Warehousing+and+Distribution+Inc.+dba+C+%26+D+Leach/data=!4m7!3m6!1s0x89d6b5ad74cd4c45:0x381018af2509a1ed!8m2!3d43.1669306!4d-77.6055505!16s%2Fg%2F1262yg8v_!19sChIJRUzNdK211okR7aEJJa8YEDg?authuser=0&hl=en&rclk=1
Price Center,Distribution Centers,US,Rochester NY,,,,6,https://www.google.com/maps/place/Price+Center/data=!4m7!3m6!1s0x89d6b30e00200751:0x2f003aece9f627f9!8m2!3d43.1683662!4d-77.6692874!16s%2Fg%2F11vymgjyqk!19sChIJUQcgAA6z1okR-Sf26ew6AC8?authuser=0&hl=en&rclk=1
Engineering Systems Distribution,Distribution Centers,US,Rochester NY,+1 585-482-5516,,,2,https://www.google.com/maps/place/Engineering+Systems+Distribution/data=!4m7!3m6!1s0x89d6b5851e083c9d:0x8726f706fef1f0bc!8m2!3d43.1576419!4d-77.5715395!16s%2Fg%2F12610k3tc!19sChIJnTwIHoW11okRvPDx_gb3Joc?authuser=0&hl=en&rclk=1
"Coca-Cola Beverages Northeast - Rochester, NY",Distribution Centers,US,Rochester NY,+1 800-241-2653,https://www.cokenortheast.com/,,58,"https://www.google.com/maps/place/Coca-Cola+Beverages+Northeast+-+Rochester,+NY/data=!4m7!3m6!1s0x89d6d2a5bf7ffa13:0x7780adc267105e6f!8m2!3d43.1682045!4d-77.6134568!16s%2Fg%2F1v2gfrkv!19sChIJE_p_v6XS1okRb14QZ8KtgHc?authuser=0&hl=en&rclk=1"
"Regional Distributors Inc., a Division of Imperial Dade",Distribution Centers,US,Rochester NY,+1 585-458-3300,https://www.regdist.com/,customer-service@regdist.com,6,"https://www.google.com/maps/place/Regional+Distributors+Inc.,+a+Division+of+Imperial+Dade/data=!4m7!3m6!1s0x89d6b38ce6df17e5:0xf95473b11bcd281!8m2!3d43.1774709!4d-77.6601829!16s%2Fg%2F1hc0sg9qz!19sChIJ5Rff5oyz1okRgdK8ETtHlQ8?authuser=0&hl=en&rclk=1"
"East Rochester Community Resource Center, Inc. - Food Distribution Center",Distribution Centers,US,Rochester NY,+1 585-586-0525,https://eastrochesterny.gov/community-resources/resource-center,tparrone@eastrochesterny.gov,1,"https://www.google.com/maps/place/East+Rochester+Community+Resource+Center,+Inc.+-+Food+Distribution+Center/data=!4m7!3m6!1s0x89d6cb5a11b3fff9:0x9ac08d1e8ddebf29!8m2!3d43.112301!4d-77.4768511!16s%2Fg%2F11jrj0rzs3!19sChIJ-f-zEVrL1okRKb_ejR6NwJo?authuser=0&hl=en&rclk=1"
Idaho Power Distribution Center,Distribution Centers,US,Boise ID,,,,4,https://www.google.com/maps/place/Idaho+Power+Distribution+Center/data=!4m7!3m6!1s0x54aef78714a698cb:0x4cf74a7d4dfcc250!8m2!3d43.5596427!4d-116.1476239!16s%2Fg%2F11tx23sjq5!19sChIJy5imFIf3rlQRUML8TX1K90w?authuser=0&hl=en&rclk=1
WinCo Foods Distribution Center Visitor Parking,Distribution Centers,US,Boise ID,,,,29,https://www.google.com/maps/place/WinCo+Foods+Distribution+Center+Visitor+Parking/data=!4m7!3m6!1s0x54ae59005fe7c4ef:0x3247130ea951e11d!8m2!3d43.5192273!4d-116.1599892!16s%2Fg%2F11wc3v0j05!19sChIJ78TnXwBZrlQRHeFRqQ4TRzI?authuser=0&hl=en&rclk=1
Albertsons Sundries Distribution Center,Distribution Centers,US,Boise ID,+1 208-887-4000,http://www.albertsons.com/,,164,https://www.google.com/maps/place/Albertsons+Sundries+Distribution+Center/data=!4m7!3m6!1s0x54ae541dd1f03435:0x521706e48005e180!8m2!3d43.6095811!4d-116.3465517!16s%2Fg%2F1xg5sd51!19sChIJNTTw0R1UrlQRgOEFgOQGF1I?authuser=0&hl=en&rclk=1
BOI5 Amazon Sort Center,Distribution Centers,US,Boise ID,,,,59,https://www.google.com/maps/place/BOI5+Amazon+Sort+Center/data=!4m7!3m6!1s0x54ae59b3176a1f5f:0x7b2d430b71f92a93!8m2!3d43.5150498!4d-116.1553624!16s%2Fg%2F11rsg1yj5_!19sChIJXx9qF7NZrlQRkyr5cQtDLXs?authuser=0&hl=en&rclk=1
U.S. Postal Sorting Facility.,Distribution Centers,US,Boise ID,,,,35,https://www.google.com/maps/place/U.S.+Postal+Sorting+Facility./data=!4m7!3m6!1s0x54ae57a955d7a839:0x1c5f00e6b3ddd88c!8m2!3d43.5815224!4d-116.2751881!16s%2Fg%2F11f55m_r7b!19sChIJOajXValXrlQRjNjds-YAXxw?authuser=0&hl=en&rclk=1
DID2 Amazon Delivery Station,Distribution Centers,US,Boise ID,,,,97,https://www.google.com/maps/place/DID2+Amazon+Delivery+Station/data=!4m7!3m6!1s0x54aef7da9254d619:0x951678e8ccb51c16!8m2!3d43.5412563!4d-116.1744095!16s%2Fg%2F11h84t299z!19sChIJGdZUktr3rlQRFhy1zOh4FpU?authuser=0&hl=en&rclk=1
Weyerhaeuser Boise Distribution Center,Distribution Centers,US,Boise ID,+1 800-221-3064,https://www.weyerhaeuser.com/woodproducts/distribution/boise-distribution-center/,,23,https://www.google.com/maps/place/Weyerhaeuser+Boise+Distribution+Center/data=!4m7!3m6!1s0x54aef7985bb81d5b:0x172f10ae49d59333!8m2!3d43.5610517!4d-116.1504629!16s%2Fg%2F1vhkk8bt!19sChIJWx24W5j3rlQRM5PVSa4QLxc?authuser=0&hl=en&rclk=1
Shamrock Foods Idaho Branch & Distribution Center,Distribution Centers,US,Boise ID,+1 208-884-8400,https://www.shamrockfoodservice.com/,brandye@beheardpr.com,121,https://www.google.com/maps/place/Shamrock+Foods+Idaho+Branch+%26+Distribution+Center/data=!4m7!3m6!1s0x54ae554101311313:0xb494b58885d58744!8m2!3d43.6172198!4d-116.3633096!16s%2Fg%2F11frqwxpq7!19sChIJExMxAUFVrlQRRIfVhYi1lLQ?authuser=0&hl=en&rclk=1
Start Distributing Inc.,Distribution Centers,US,Boise ID,+1 208-917-8278,https://startdistributing.com/,support@startdistributing.com,8,https://www.google.com/maps/place/Start+Distributing+Inc./data=!4m7!3m6!1s0x54aef86bce4a8d71:0x33bfb38016e1fd48!8m2!3d43.58912!4d-116.2026942!16s%2Fg%2F11g9m6j_7s!19sChIJcY1Kzmv4rlQRSP3hFoCzvzM?authuser=0&hl=en&rclk=1
Verde Fulfillment USA,Distribution Centers,US,Boise ID,+1 888-500-2080,http://www.verdefulfillmentusa.com/,sales@verdefulfillmentusa.com,28,https://www.google.com/maps/place/Verde+Fulfillment+USA/data=!4m7!3m6!1s0x54ae5626f81ba4d7:0x87a354b03c3fb9d3!8m2!3d43.5158961!4d-116.152447!16s%2Fg%2F1tfw2rrw!19sChIJ16Qb-CZWrlQR07k_PLBUo4c?authuser=0&hl=en&rclk=1
Chf Customer Pickup/Delivery Warehouse,Distribution Centers,US,Boise ID,+1 208-338-0987,http://www.shopchf.com/,,395,https://www.google.com/maps/place/Chf+Customer+Pickup%2FDelivery+Warehouse/data=!4m7!3m6!1s0x54aef8a2ec083987:0xc857711ee3dee4b7!8m2!3d43.6153913!4d-116.2416015!16s%2Fg%2F11gc6rkz_0!19sChIJhzkI7KL4rlQRt-Te4x5xV8g?authuser=0&hl=en&rclk=1
Ashley Furniture Warehouse,Distribution Centers,US,Boise ID,+1 208-922-7290,,,45,https://www.google.com/maps/place/Ashley+Furniture+Warehouse/data=!4m7!3m6!1s0x54aef7fb6760fc7d:0x80adc948cca6b556!8m2!3d43.559618!4d-116.1916002!16s%2Fg%2F11f3s9cvsr!19sChIJffxgZ_v3rlQRVrWmzEjJrYA?authuser=0&hl=en&rclk=1
Reed's Dairy Distribution,Distribution Centers,US,Boise ID,+1 208-681-2836,https://reedsdairy.com/,,,https://www.google.com/maps/place/Reed%27s+Dairy+Distribution/data=!4m7!3m6!1s0x54aef7004e3c94e1:0xbea5df054d190073!8m2!3d43.5619574!4d-116.1968976!16s%2Fg%2F11ykyh95p3!19sChIJ4ZQ8TgD3rlQRcwAZTQXfpb4?authuser=0&hl=en&rclk=1
Frito Lay Boise,Distribution Centers,US,Boise ID,+1 208-994-6520,https://www.fritolayemployment.com/,,19,https://www.google.com/maps/place/Frito+Lay+Boise/data=!4m7!3m6!1s0x54ae5707fc6a6d0b:0xd08000a47ec74071!8m2!3d43.5778634!4d-116.2664622!16s%2Fg%2F11d_bglcbf!19sChIJC21q_AdXrlQRcUDHfqQAgNA?authuser=0&hl=en&rclk=1
Mondelez Global,Distribution Centers,US,Boise ID,,,,5,https://www.google.com/maps/place/Mondelez+Global/data=!4m7!3m6!1s0x54aef7e06b0d0e1d:0x71abeaa9835db510!8m2!3d43.5594795!4d-116.1927928!16s%2Fg%2F11f67ffthr!19sChIJHQ4Na-D3rlQRELVdg6nqq3E?authuser=0&hl=en&rclk=1
Global Track Warehouse USA,Distribution Centers,US,Boise ID,+1 847-488-0988,https://www.globaltrackwarehouse.com/,info@globaltrackwarehouse.com,2,https://www.google.com/maps/place/Global+Track+Warehouse+USA/data=!4m7!3m6!1s0x54aef7a2df34afb7:0xa072bb3bcf51d4d!8m2!3d43.563178!4d-116.1927548!16s%2Fg%2F11pdy0szyr!19sChIJt68036L3rlQRTR31vLMrBwo?authuser=0&hl=en&rclk=1
El-Ada CAP - Garden City - Food Distribution Center,Distribution Centers,US,Boise ID,+1 208-377-0700,http://eladacap.org/,,59,https://www.google.com/maps/place/El-Ada+CAP+-+Garden+City+-+Food+Distribution+Center/data=!4m7!3m6!1s0x54aeff36331debb3:0x487d96c854c4d11!8m2!3d43.6394268!4d-116.246439!16s%2Fg%2F11jrj20_py!19sChIJs-sdMzb_rlQREU1MhWzZhwQ?authuser=0&hl=en&rclk=1
Owens & Minor - Des Moines Distribution Center,Distribution Centers,US,Des Moines IA,+1 515-276-0206,http://www.owens-minor.com/,contactrequest@owens-minor.com,37,https://www.google.com/maps/place/Owens+%26+Minor+-+Des+Moines+Distribution+Center/data=!4m7!3m6!1s0x87ec2719e9b25897:0x46c0bbf4f578c0d7!8m2!3d41.646469!4d-93.782721!16s%2Fg%2F1tj922sz!19sChIJl1iy6Rkn7IcR18B49fS7wEY?authuser=0&hl=en&rclk=1
PDM Distribution Pallet Center,Distribution Centers,US,Des Moines IA,+1 515-883-3666,https://pdmcompany.com/,info@theintegrationgroup.com,7,https://www.google.com/maps/place/PDM+Distribution+Pallet+Center/data=!4m7!3m6!1s0x87ee997f2e07c549:0x28923429445cb94a!8m2!3d41.6192002!4d-93.6262729!16s%2Fg%2F1tfnz42k!19sChIJScUHLn-Z7ocRSrlcRCk0kig?authuser=0&hl=en&rclk=1
Bridgestone Warehouse,Distribution Centers,US,Des Moines IA,+1 515-289-5700,,,73,https://www.google.com/maps/place/Bridgestone+Warehouse/data=!4m7!3m6!1s0x87ee9a9b04dc898f:0x347f194e55bb622c!8m2!3d41.6793708!4d-93.5874786!16s%2Fg%2F1tslk8f5!19sChIJj4ncBJua7ocRLGK7VU4ZfzQ?authuser=0&hl=en&rclk=1
Midwest Mattress Distribution Center,Distribution Centers,US,Des Moines IA,+1 515-306-0371,http://www.midwest-mattress.com/,contactus@savemoneysleepbetter.com,17,https://www.google.com/maps/place/Midwest+Mattress+Distribution+Center/data=!4m7!3m6!1s0x87ee9a8e51842f1f:0x731df09423e3ad82!8m2!3d41.6725944!4d-93.5943922!16s%2Fg%2F11k5lv6ktb!19sChIJHy-EUY6a7ocRgq3jI5TwHXM?authuser=0&hl=en&rclk=1
warehouse,Distribution Centers,US,Des Moines IA,,,,1,https://www.google.com/maps/place/warehouse/data=!4m7!3m6!1s0x87ee9b1b83050035:0x61b53f8184992fcc!8m2!3d41.6613403!4d-93.5956602!16s%2Fg%2F11hfx9dydw!19sChIJNQAFgxub7ocRzC-ZhIE_tWE?authuser=0&hl=en&rclk=1
Distribution By Air,Distribution Centers,US,Des Moines IA,+1 515-235-2985,,,1,https://www.google.com/maps/place/Distribution+By+Air/data=!4m7!3m6!1s0x87ee99bc9bcba7d3:0xb713b0ab04aeaa57!8m2!3d41.6!4d-93.61!16s%2Fg%2F1262s_qk9!19sChIJ06fLm7yZ7ocRV6quBKuwE7c?authuser=0&hl=en&rclk=1
USPS P&DC,Distribution Centers,US,Des Moines IA,,,,22,https://www.google.com/maps/place/USPS+P%26DC/data=!4m7!3m6!1s0x87ee99a14f91ba55:0xfff96dd900d6f285!8m2!3d41.599957!4d-93.6174811!16s%2Fg%2F11bw7d3h9r!19sChIJVbqRT6GZ7ocRhfLWANlt-f8?authuser=0&hl=en&rclk=1
Merchants Distribution Service,Distribution Centers,US,Des Moines IA,+1 515-244-2123,http://www.merchantsdsm.com/,,19,https://www.google.com/maps/place/Merchants+Distribution+Service/data=!4m7!3m6!1s0x87ee9a03c10a47bb:0xf59b464f685d9b96!8m2!3d41.6286456!4d-93.587571!16s%2Fg%2F1tfvzp_y!19sChIJu0cKwQOa7ocRlptdaE9Gm_U?authuser=0&hl=en&rclk=1
USPS Des Moines NDC,Distribution Centers,US,Des Moines IA,+1 515-278-7621,https://www.usps.com/,sfsdelivery.confirmation@usps.gov,126,https://www.google.com/maps/place/USPS+Des+Moines+NDC/data=!4m7!3m6!1s0x87ec2739e22c71b9:0xf55aacc326ac3b3!8m2!3d41.6344706!4d-93.7719583!16s%2Fg%2F1t_hzjw0!19sChIJuXEs4jkn7IcRs8NqMsyqVQ8?authuser=0&hl=en&rclk=1
Hy-Vee Distribution Center,Distribution Centers,US,Des Moines IA,+1 515-244-3105,https://hy-vee.com/corporate/?utm_source=google&utm_medium=organic&utm_campaign=gmb-listing,productinquiry@hy-vee.com,127,https://www.google.com/maps/place/Hy-Vee+Distribution+Center/data=!4m7!3m6!1s0x87ec1fefaafb1b01:0x7e0fb1312c0b7d82!8m2!3d41.487148!4d-93.7749089!16s%2Fg%2F11sbp73zg2!19sChIJARv7qu8f7IcRgn0LLDGxD34?authuser=0&hl=en&rclk=1
Papa John's (PJ) Distribution Food Services,Distribution Centers,US,Des Moines IA,+1 515-262-4300,https://www.papajohns.com/careers/business_03.shtm,papa@papajohns.co.nl,57,https://www.google.com/maps/place/Papa+John%27s+%28PJ%29+Distribution+Food+Services/data=!4m7!3m6!1s0x87ee99e2cec882a9:0xd6279b0892f1aea6!8m2!3d41.6139281!4d-93.5845496!16s%2Fg%2F1tp0f6w7!19sChIJqYLIzuKZ7ocRpq7xkgibJ9Y?authuser=0&hl=en&rclk=1
Emco Specialties Warehouse,Distribution Centers,US,Des Moines IA,+1 515-263-8858,,,10,https://www.google.com/maps/place/Emco+Specialties+Warehouse/data=!4m7!3m6!1s0x87ee99f8680bd2fb:0x4ea880a5c240a38d!8m2!3d41.6346948!4d-93.5886705!16s%2Fg%2F1tqtyfdd!19sChIJ-9ILaPiZ7ocRjaNAwqWAqE4?authuser=0&hl=en&rclk=1
Packaging Distribution Services,Distribution Centers,US,Des Moines IA,+1 515-243-3156,http://www.pdspack.com/,,12,https://www.google.com/maps/place/Packaging+Distribution+Services/data=!4m7!3m6!1s0x87ee98c7c7ce02c7:0x1c43672c5796feeb!8m2!3d41.5655161!4d-93.6498095!16s%2Fg%2F1tdqv2bl!19sChIJxwLOx8eY7ocR6_6WVyxnQxw?authuser=0&hl=en&rclk=1
GXO,Distribution Centers,US,Des Moines IA,+1 515-265-8949,https://gxo.com/,,68,https://www.google.com/maps/place/GXO/data=!4m7!3m6!1s0x87ee9a04558b970d:0xc3186cea71d7b2b5!8m2!3d41.63234!4d-93.588664!16s%2Fg%2F11c31807pv!19sChIJDZeLVQSa7ocRtbLXcepsGMM?authuser=0&hl=en&rclk=1
First Choice Distribution,Distribution Centers,US,Des Moines IA,+1 800-369-8733,http://www.fcdist.com/,administrator@fcdist.com,4,https://www.google.com/maps/place/First+Choice+Distribution/data=!4m7!3m6!1s0x87ee9a880ba0fddd:0xb00a1f054baaabda!8m2!3d41.6663782!4d-93.5916589!16s%2Fg%2F1tkc7724!19sChIJ3f2gC4ia7ocR2quqSwUfCrA?authuser=0&hl=en&rclk=1
Caterpillar Inc - Spokane Distribution Center,Distribution Centers,US,Spokane WA,+1 509-623-4640,http://www.caterpillar.com/,,112,https://www.google.com/maps/place/Caterpillar+Inc+-+Spokane+Distribution+Center/data=!4m7!3m6!1s0x549e3de4b9e4539f:0x16323fd5b417d7e6!8m2!3d47.5970167!4d-117.5469082!16s%2Fg%2F11b5wlz3wh!19sChIJn1PkueQ9nlQR5tcXtNU_MhY?authuser=0&hl=en&rclk=1
Amazon Fulfillment Center OMA2,Distribution Centers,US,Omaha NE,,,,194,https://www.google.com/maps/place/Amazon+Fulfillment+Center+OMA2/data=!4m7!3m6!1s0x8793f521fb9d85ed:0xb75d110390acb324!8m2!3d41.1503611!4d-96.1351548!16s%2Fg%2F11n040nz06!19sChIJ7YWd-yH1k4cRJLOskAMRXbc?authuser=0&hl=en&rclk=1
SpartanNash Distribution Center,Distribution Centers,US,Omaha NE,+1 402-537-6647,http://www.spartannash.com/,,101,https://www.google.com/maps/place/SpartanNash+Distribution+Center/data=!4m7!3m6!1s0x87938c8a1c49cc4b:0x278930d992e08c5!8m2!3d41.2190586!4d-96.026494!16s%2Fg%2F1tqnm3wh!19sChIJS8xJHIqMk4cRxQgumQ2TeAI?authuser=0&hl=en&rclk=1
Omaha Distribution Services Inc,Distribution Centers,US,Omaha NE,+1 402-558-1014,,,36,https://www.google.com/maps/place/Omaha+Distribution+Services+Inc/data=!4m7!3m6!1s0x87938c8beae29a3b:0x782f85ce945a484!8m2!3d41.219681!4d-96.0297057!16s%2Fg%2F1tg4lwx7!19sChIJO5ri6ouMk4cRhKRF6Vz4ggc?authuser=0&hl=en&rclk=1
Nash Finch Warehouse,Distribution Centers,US,Omaha NE,+1 402-537-6673,http://nash-finch-warehouse.keeq.io/,,305,https://www.google.com/maps/place/Nash+Finch+Warehouse/data=!4m7!3m6!1s0x87938c629da71359:0x80932d0116f9fa51!8m2!3d41.215471!4d-96.025464!16s%2Fg%2F11b9061n9f!19sChIJWROnnWKMk4cRUfr5FgEtk4A?authuser=0&hl=en&rclk=1
HOM1 Amazon,Distribution Centers,US,Omaha NE,,,,20,https://www.google.com/maps/place/HOM1+Amazon/data=!4m7!3m6!1s0x879391f98c7749eb:0x52dea01bde2462a7!8m2!3d41.3101442!4d-95.9171222!16s%2Fg%2F11sffcd12d!19sChIJ60l3jPmRk4cRp2Ik3hug3lI?authuser=0&hl=en&rclk=1
SalonCentric Distribution Center,Distribution Centers,US,Omaha NE,,http://www.saloncentric.com/,,25,https://www.google.com/maps/place/SalonCentric+Distribution+Center/data=!4m7!3m6!1s0x8793f49430078221:0x9c5414b67ea2a5d8!8m2!3d41.184481!4d-96.0923386!16s%2Fg%2F1261nfzqh!19sChIJIYIHMJT0k4cR2KWifrYUVJw?authuser=0&hl=en&rclk=1
Furniture mart warehouse,Distribution Centers,US,Omaha NE,,,,20,https://www.google.com/maps/place/Furniture+mart+warehouse/data=!4m7!3m6!1s0x87938d1da7e9844d:0xf38533188800dbdf!8m2!3d41.2574051!4d-96.0275687!16s%2Fg%2F11tc1m1f9g!19sChIJTYTppx2Nk4cR39sAiBgzhfM?authuser=0&hl=en&rclk=1
Harvest Roasting Distribution Center,Distribution Centers,US,Omaha NE,,http://scooterscoffee.com/,,16,https://www.google.com/maps/place/Harvest+Roasting+Distribution+Center/data=!4m7!3m6!1s0x8793f53bd3888d9d:0xb614283785abf4e!8m2!3d41.1661155!4d-96.1284723!16s%2Fg%2F11syt_ny3r!19sChIJnY2I0zv1k4cRTr9aeINCYQs?authuser=0&hl=en&rclk=1
Amazon Fulfillment Center SNE1,Distribution Centers,US,Omaha NE,,,,72,https://www.google.com/maps/place/Amazon+Fulfillment+Center+SNE1/data=!4m7!3m6!1s0x8793859bf2b908ad:0xa09710076c0fc746!8m2!3d41.2196988!4d-95.8807339!16s%2Fg%2F11tkbbq8yr!19sChIJrQi58puFk4cRRscPbAcQl6A?authuser=0&hl=en&rclk=1
Nebraska Warehouse Company,Distribution Centers,US,Omaha NE,+1 402-502-2227,https://nebraskawarehouse.com/,,31,https://www.google.com/maps/place/Nebraska+Warehouse+Company/data=!4m7!3m6!1s0x87938cb85e5e4029:0x969051dae67a379a!8m2!3d41.2205831!4d-96.0551219!16s%2Fg%2F11f3wmyqjn!19sChIJKUBeXriMk4cRmjd65tpRkJY?authuser=0&hl=en&rclk=1
Oriental Trading Company - Omaha Fulfillment & Call Center,Distribution Centers,US,Omaha NE,+1 402-331-5511,http://www.orientaltrading.com/,,60,https://www.google.com/maps/place/Oriental+Trading+Company+-+Omaha+Fulfillment+%26+Call+Center/data=!4m7!3m6!1s0x8793f3472d47f355:0xeaa017688f61bfb3!8m2!3d41.2186967!4d-96.0844301!16s%2Fg%2F11b62119fx!19sChIJVfNHLUfzk4cRs79hj2gXoOo?authuser=0&hl=en&rclk=1
Mondelez Foods DSD,Distribution Centers,US,Omaha NE,+1 402-861-2600,http://www.mondelez.com/,,42,https://www.google.com/maps/place/Mondelez+Foods+DSD/data=!4m7!3m6!1s0x8793f44c9e88e101:0x73aafdfe162d1ce6!8m2!3d41.1599183!4d-96.1263258!16s%2Fg%2F11b7bt8ncd!19sChIJAeGInkz0k4cR5hwtFv79qnM?authuser=0&hl=en&rclk=1
DOM2 Amazon Yard,Distribution Centers,US,Omaha NE,,,,46,https://www.google.com/maps/place/DOM2+Amazon+Yard/data=!4m7!3m6!1s0x8793f571090567bb:0x117d4b68d91a40ee!8m2!3d41.1626594!4d-96.1202575!16s%2Fg%2F11ksm1mdsg!19sChIJu2cFCXH1k4cR7kAa2WhLfRE?authuser=0&hl=en&rclk=1
Gratton Warehouse Company,Distribution Centers,US,Omaha NE,+1 402-339-9993,https://www.grattonwarehouse.com/our-warehouse/,,71,https://www.google.com/maps/place/Gratton+Warehouse+Company/data=!4m7!3m6!1s0x8793f34cb3a74379:0xe8ed70eeb6131105!8m2!3d41.219851!4d-96.0849089!16s%2Fg%2F1tcx20cg!19sChIJeUOns0zzk4cRBRETtu5w7eg?authuser=0&hl=en&rclk=1
Omaha Nation Food Distribution Program,Distribution Centers,US,Omaha NE,+1 402-837-4189,,,4,https://www.google.com/maps/place/Omaha+Nation+Food+Distribution+Program/data=!4m7!3m6!1s0x87921edc0d2b93ad:0xdb90d78a4241fd11!8m2!3d42.1140967!4d-96.3582219!16s%2Fg%2F11c54p1_pd!19sChIJrZMrDdwekocREf1BQorXkNs?authuser=0&hl=en&rclk=1
Amazon Distribution Center Colorado Springs,Distribution Centers,US,Colorado Springs CO,,,,134,https://www.google.com/maps/place/Amazon+Distribution+Center+Colorado+Springs/data=!4m7!3m6!1s0x871341c2964c0aad:0x97c107e90bc62e49!8m2!3d38.7689474!4d-104.7149705!16s%2Fg%2F11hhcmytx3!19sChIJrQpMlsJBE4cRSS7GC-kHwZc?authuser=0&hl=en&rclk=1
WMDC- WalMart Distribution Center - Regional,Distribution Centers,US,Colorado Springs CO,,,,4,https://www.google.com/maps/place/WMDC-+WalMart+Distribution+Center+-+Regional/data=!4m7!3m6!1s0x87134c5a740632a1:0xe8ddd32f99062e00!8m2!3d38.9864975!4d-104.7868884!16s%2Fg%2F11c0vn5w3q!19sChIJoTIGdFpME4cRAC4GmS_T3eg?authuser=0&hl=en&rclk=1
COS5 - Amazon Sort Center workplace,Distribution Centers,US,Colorado Springs CO,,,,78,https://www.google.com/maps/place/COS5+-+Amazon+Sort+Center+workplace/data=!4m7!3m6!1s0x87134706f883ece5:0xa7f0fa496c99aa43!8m2!3d38.7685919!4d-104.7097801!16s%2Fg%2F11nxsl6g44!19sChIJ5eyD-AZHE4cRQ6qZbEn68Kc?authuser=0&hl=en&rclk=1
USPS Carrier Annex,Distribution Centers,US,Colorado Springs CO,+1 800-275-8777,http://usps.com/,sfsdelivery.confirmation@usps.gov,26,https://www.google.com/maps/place/USPS+Carrier+Annex/data=!4m7!3m6!1s0x87135abeee0a01b5:0x88b087df94841486!8m2!3d38.843695!4d-104.8652088!16s%2Fg%2F11bbrlh73n!19sChIJtQEK7r5aE4cRhhSElN-HsIg?authuser=0&hl=en&rclk=1
Peyton Fountain Regional Distribution Center,Distribution Centers,US,Colorado Springs CO,+1 719-382-1800,,,208,https://www.google.com/maps/place/Peyton+Fountain+Regional+Distribution+Center/data=!4m7!3m6!1s0x87136b2935da13bb:0x5bb2588c28142eb7!8m2!3d38.6711409!4d-104.7122378!16s%2Fg%2F11rsnnr8c5!19sChIJuxPaNSlrE4cRty4UKIxYsls?authuser=0&hl=en&rclk=1
AMAZON DEN4,Distribution Centers,US,Colorado Springs CO,,,,165,https://www.google.com/maps/place/AMAZON+DEN4/data=!4m7!3m6!1s0x871341da8c3e6ca3:0x8ab46577ae5e7186!8m2!3d38.7728789!4d-104.7162844!16s%2Fg%2F11pdr6ztz7!19sChIJo2w-jNpBE4cRhnFerndltIo?authuser=0&hl=en&rclk=1
King Soopers Distribution center,Distribution Centers,US,Colorado Springs CO,,,,32,https://www.google.com/maps/place/King+Soopers+Distribution+center/data=!4m7!3m6!1s0x87136be2102b66c5:0x4fbdbcaae2b93cd5!8m2!3d38.6694169!4d-104.7121952!16s%2Fg%2F11h7rqdjrx!19sChIJxWYrEOJrE4cR1Ty54qq8vU8?authuser=0&hl=en&rclk=1
Harvest Distribution Inc,Distribution Centers,US,Colorado Springs CO,+1 719-599-7661,http://www.harvestdistribution.com/,,39,https://www.google.com/maps/place/Harvest+Distribution+Inc/data=!4m7!3m6!1s0x87135028f6aa454f:0x9a64776633da8b3e!8m2!3d38.8949803!4d-104.8487916!16s%2Fg%2F1tgxjhyl!19sChIJT0Wq9ihQE4cRPovaM2Z3ZJo?authuser=0&hl=en&rclk=1
Red Bull DC,Distribution Centers,US,Colorado Springs CO,+1 719-373-7738,,,11,https://www.google.com/maps/place/Red+Bull+DC/data=!4m7!3m6!1s0x8713458e472321af:0x5b0d6e6021cdf6b8!8m2!3d38.8059817!4d-104.7529845!16s%2Fg%2F11p6sznngj!19sChIJryEjR45FE4cRuPbNIWBuDVs?authuser=0&hl=en&rclk=1
DCS3,Distribution Centers,US,Colorado Springs CO,,,,75,https://www.google.com/maps/place/DCS3/data=!4m7!3m6!1s0x871341a8c4423e45:0x34d90fcc12843d12!8m2!3d38.7686561!4d-104.71494!16s%2Fg%2F11h_tcjklj!19sChIJRT5CxKhBE4cREj2EEswP2TQ?authuser=0&hl=en&rclk=1
Amazon Warehouse,Distribution Centers,US,Colorado Springs CO,,,,4,https://www.google.com/maps/place/Amazon+Warehouse/data=!4m7!3m6!1s0x87134f0000a77415:0xa176f5ac1a83c5f0!8m2!3d38.8991244!4d-104.840259!16s%2Fg%2F11zjbcrdp6!19sChIJFXSnAABPE4cR8MWDGqz1dqE?authuser=0&hl=en&rclk=1
7 Up Warehouse,Distribution Centers,US,Colorado Springs CO,,,,1,https://www.google.com/maps/place/7+Up+Warehouse/data=!4m7!3m6!1s0x8713440b002934b5:0x812e2622855b91f1!8m2!3d38.7931394!4d-104.7725276!16s%2Fg%2F11fy15h74j!19sChIJtTQpAAtEE4cR8ZFbhSImLoE?authuser=0&hl=en&rclk=1
Fulfillment CO,Distribution Centers,US,Colorado Springs CO,+1 719-594-4743,https://www.fulfillmentco.com/,info@fulfillmentco.com,8,https://www.google.com/maps/place/Fulfillment+CO/data=!4m7!3m6!1s0x87134f067ff578e9:0x34865bdbce8063b8!8m2!3d38.8819682!4d-104.8131729!16s%2Fg%2F11p5cgbtqf!19sChIJ6Xj1fwZPE4cRuGOAzttbhjQ?authuser=0&hl=en&rclk=1
Pepsi Bottling Group,Distribution Centers,US,Colorado Springs CO,+1 719-634-5566,,,21,https://www.google.com/maps/place/Pepsi+Bottling+Group/data=!4m7!3m6!1s0x87134f96af206275:0x8b601df72dce61e5!8m2!3d38.8202691!4d-104.7247404!16s%2Fg%2F1thxwp7c!19sChIJdWIgr5ZPE4cR5WHOLfcdYIs?authuser=0&hl=en&rclk=1
DCS6,Distribution Centers,US,Colorado Springs CO,,,,6,https://www.google.com/maps/place/DCS6/data=!4m7!3m6!1s0x87134ff4decf0a09:0x3a5d68fec54db26d!8m2!3d38.8991244!4d-104.840259!16s%2Fg%2F11x__tdr79!19sChIJCQrP3vRPE4cRbbJNxf5oXTo?authuser=0&hl=en&rclk=1
In-N-Out Burger Distribution Center,Distribution Centers,US,Colorado Springs CO,+1 800-786-1000,https://www.in-n-out.com/,,79,https://www.google.com/maps/place/In-N-Out+Burger+Distribution+Center/data=!4m7!3m6!1s0x87134d5cafcb2197:0xdbd74629449672d0!8m2!3d38.9894638!4d-104.7897033!16s%2Fg%2F11qp6r_tnt!19sChIJlyHLr1xNE4cR0HKWRClG19s?authuser=0&hl=en&rclk=1
Colorado Springs Central SDA Church - Food Distribution Center,Distribution Centers,US,Colorado Springs CO,+1 719-634-1682,https://www.centralsda.org/ministries/community-service-center,secretary@centralsda.org,2,https://www.google.com/maps/place/Colorado+Springs+Central+SDA+Church+-+Food+Distribution+Center/data=!4m7!3m6!1s0x8713459f385d0b4b:0x40e029260bfd4142!8m2!3d38.8507274!4d-104.7938193!16s%2Fg%2F11jrj0zvb9!19sChIJSwtdOJ9FE4cRQkH9CyYp4EA?authuser=0&hl=en&rclk=1
Amazon Fulfillment Center ORF4,Distribution Centers,US,Virginia Beach VA,,,,38,https://www.google.com/maps/place/Amazon+Fulfillment+Center+ORF4/data=!4m7!3m6!1s0x89bac10072a4ff8b:0x3e9d194cae134a3a!8m2!3d36.7839298!4d-76.0277915!16s%2Fg%2F11m5p2vr5q!19sChIJi_-kcgDBuokROkoTrkwZnT4?authuser=0&hl=en&rclk=1
World Distribution Services Virginia Beach,Distribution Centers,US,Virginia Beach VA,+1 800-616-6840,http://www.worldds.net/norfolk-virginia-warehouse/?utm_source=gmb&utm_medium=organic,,116,https://www.google.com/maps/place/World+Distribution+Services+Virginia+Beach/data=!4m7!3m6!1s0x89ba97f79401c459:0x95abc8a2d0c84542!8m2!3d36.901387!4d-76.184121!16s%2Fg%2F11j6j87c1v!19sChIJWcQBlPeXuokRQkXI0KLIq5U?authuser=0&hl=en&rclk=1
PCSI Warehouse,Distribution Centers,US,Virginia Beach VA,,http://www.pcsi.org/,press@pcsi.org,5,https://www.google.com/maps/place/PCSI+Warehouse/data=!4m7!3m6!1s0x89bac1d31b3a379d:0x17f7a064d624ec54!8m2!3d36.805388!4d-76.0357551!16s%2Fg%2F11bz_2tbl7!19sChIJnTc6G9PBuokRVOwk1mSg9xc?authuser=0&hl=en&rclk=1
Inland Star Distribution Center,Distribution Centers,US,Long Beach CA,+1 310-604-6434,,,43,https://www.google.com/maps/place/Inland+Star+Distribution+Center/data=!4m7!3m6!1s0x80dd33e4b1572f63:0xc97d87837bcf5754!8m2!3d33.7991051!4d-118.193514!16s%2Fg%2F1261yq8h9!19sChIJYy9XseQz3YARVFfPe4OHfck?authuser=0&hl=en&rclk=1
AZ West Distribution Center,Distribution Centers,US,Long Beach CA,+1 310-898-2090,http://az-center.keeq.io/,,80,https://www.google.com/maps/place/AZ+West+Distribution+Center/data=!4m7!3m6!1s0x80dd34f39f29d07b:0x478dfaca2f327464!8m2!3d33.8307849!4d-118.2325288!16s%2Fg%2F11b7tsw2nj!19sChIJe9Apn_M03YARZHQyL8r6jUc?authuser=0&hl=en&rclk=1
Crescent Warehouse Ltd,Distribution Centers,US,Long Beach CA,+1 562-256-2524,http://www.crescentwarehouse.com/,,65,https://www.google.com/maps/place/Crescent+Warehouse+Ltd/data=!4m7!3m6!1s0x80dd36b59e1f41b7:0xd481c3f521bb382a!8m2!3d33.7699109!4d-118.2092904!16s%2Fg%2F1tdsk2hl!19sChIJt0EfnrU23YARKji7IfXDgdQ?authuser=0&hl=en&rclk=1
Universal Warehouse,Distribution Centers,US,Long Beach CA,+1 310-631-0800,https://uwc-net.com/,,86,https://www.google.com/maps/place/Universal+Warehouse/data=!4m7!3m6!1s0x80dd349da847024b:0x6dab7391bdcc1756!8m2!3d33.8434598!4d-118.2071345!16s%2Fg%2F1tj4bsxr!19sChIJSwJHqJ003YARVhfMvZFzq20?authuser=0&hl=en&rclk=1
Intex Recreation Corp (Warehouse),Distribution Centers,US,Long Beach CA,+1 310-549-5400,https://www.intexcorp.com/,,93,https://www.google.com/maps/place/Intex+Recreation+Corp+%28Warehouse%29/data=!4m7!3m6!1s0x80dd347d7a8676a7:0x4a4abcdc4c70135f!8m2!3d33.828207!4d-118.21522!16s%2Fg%2F11b7w5wrx2!19sChIJp3aGen003YARXxNwTNy8Sko?authuser=0&hl=en&rclk=1
Long Beach Unified School District Warehouse,Distribution Centers,US,Long Beach CA,+1 562-634-5013,http://lbschools.net/,kdalton@lbschools.net,5,https://www.google.com/maps/place/Long+Beach+Unified+School+District+Warehouse/data=!4m7!3m6!1s0x80dd33f6aaaf785b:0x61d1a8e0686cef09!8m2!3d33.8560598!4d-118.1649175!16s%2Fg%2F11h_w_dnth!19sChIJW3ivqvYz3YARCe9saOCo0WE?authuser=0&hl=en&rclk=1
Long Beach Lutheran Social Services - Food Distribution Center,Distribution Centers,US,Long Beach CA,+1 562-599-1321,https://locator.lacounty.gov/dcfs/Location/3176674/lutheran-social-services-of-southern-california---long-beach-area-office,,7,https://www.google.com/maps/place/Long+Beach+Lutheran+Social+Services+-+Food+Distribution+Center/data=!4m7!3m6!1s0x80dd315a17e339b1:0xf63b1011e5e9431a!8m2!3d33.7874644!4d-118.1927445!16s%2Fg%2F11hg96rlhl!19sChIJsTnjF1ox3YARGkPp5REQO_Y?authuser=0&hl=en&rclk=1
Lineage,Distribution Centers,US,Long Beach CA,+1 562-637-7700,https://www.onelineage.com/?utm_source=gmb&utm_medium=yext,pr@onelineage.com,192,https://www.google.com/maps/place/Lineage/data=!4m7!3m6!1s0x80dd37f597fa5a9b:0x3d63ae51ee28d8db!8m2!3d33.7769526!4d-118.2167082!16s%2Fg%2F11c1vk8s17!19sChIJm1r6l_U33YAR29go7lGuYz0?authuser=0&hl=en&rclk=1
Linde Dry Ice Distribution Center,Distribution Centers,US,Long Beach CA,+1 310-816-9397,https://stores.lindedirect.com/ca/longbeach/industrial-supply-70179.html,pdicainbounds@linde.com,7,https://www.google.com/maps/place/Linde+Dry+Ice+Distribution+Center/data=!4m7!3m6!1s0x80dd346067132e61:0x49bf1fae1f4ed53e!8m2!3d33.8238924!4d-118.2395689!16s%2Fg%2F1tggny_q!19sChIJYS4TZ2A03YARPtVOH64fv0k?authuser=0&hl=en&rclk=1
The Salvation Army Long Beach Citadel Food Pantry - Food Distribution Center,Distribution Centers,US,Long Beach CA,+1 562-426-7637,https://longbeach.salvationarmy.org/long_beach_citadel_corps/food-assistance-in-long-beach/,,9,https://www.google.com/maps/place/The+Salvation+Army+Long+Beach+Citadel+Food+Pantry+-+Food+Distribution+Center/data=!4m7!3m6!1s0x80dd33eb85ef22dd:0x455c0d02bf49d32b!8m2!3d33.8127717!4d-118.1891087!16s%2Fg%2F11jrj069xm!19sChIJ3SLvhesz3YARK9NJvwINXEU?authuser=0&hl=en&rclk=1
"WSI (Warehouse Specialists, LLC)",Distribution Centers,US,Long Beach CA,+1 424-531-7545,https://wsinc.com/locations/long-beach-warehouse/,,34,"https://www.google.com/maps/place/WSI+%28Warehouse+Specialists,+LLC%29/data=!4m7!3m6!1s0x80dd34954dbe7bb5:0x3b154a3de41a07f3!8m2!3d33.8453139!4d-118.2289053!16s%2Fg%2F12hq28d0g!19sChIJtXu-TZU03YAR8wca5D1KFTs?authuser=0&hl=en&rclk=1"
PTS Warehouse,Distribution Centers,US,Long Beach CA,+1 562-436-7379,,,9,https://www.google.com/maps/place/PTS+Warehouse/data=!4m7!3m6!1s0x80dd31528ad63789:0x9ef907f0fe39b511!8m2!3d33.7810276!4d-118.2028153!16s%2Fg%2F1tptqxtg!19sChIJiTfWilIx3YAREbU5_vAH-Z4?authuser=0&hl=en&rclk=1
Alameda Distribution Inc. 3PL Services in Los Angeles,Distribution Centers,US,Long Beach CA,+1 310-351-4121,https://www.alamedadistributioninc.com/,sina@alamedadistributioninc.com,17,https://www.google.com/maps/place/Alameda+Distribution+Inc.+3PL+Services+in+Los+Angeles/data=!4m7!3m6!1s0x80c2c9f4b6e43fcb:0xaf7ffe3fda242e2!8m2!3d33.9990923!4d-118.2406005!16s%2Fg%2F11vdkjzq0h!19sChIJyz_ktvTJwoAR4kKi_eP_9wo?authuser=0&hl=en&rclk=1
SFI Warehouse,Distribution Centers,US,Long Beach CA,,,,4,https://www.google.com/maps/place/SFI+Warehouse/data=!4m7!3m6!1s0x80dd36c410b08d11:0x3bc014d47fc182b9!8m2!3d33.7617347!4d-118.2220867!16s%2Fg%2F11c76f680z!19sChIJEY2wEMQ23YARuYLBf9QUwDs?authuser=0&hl=en&rclk=1
Christ the Good Shepherd - Food Distribution Center,Distribution Centers,US,Long Beach CA,,http://www.meetchrist.org/,goodshepherdlb@gmail.com,5,https://www.google.com/maps/place/Christ+the+Good+Shepherd+-+Food+Distribution+Center/data=!4m7!3m6!1s0x80dd316f702fffff:0xdbfc5bf67fe4b96f!8m2!3d33.7867995!4d-118.1744099!16s%2Fg%2F11k6hh_tfz!19sChIJ__8vcG8x3YARb7nkf_Zb_Ns?authuser=0&hl=en&rclk=1
Boeing Distribution Services,Distribution Centers,US,Long Beach CA,+1 305-925-2600,https://services.boeing.com/locations/north-america/long-beach-california?utm_source=GBPlisting&utm_medium=organic&utm_campaign=gbp,,84,https://www.google.com/maps/place/Boeing+Distribution+Services/data=!4m7!3m6!1s0x80dd334f249ac619:0x13f7c0b6a0c5e53f!8m2!3d33.8306956!4d-118.1417943!16s%2Fg%2F11wx1sfz7m!19sChIJGcaaJE8z3YARP-XFoLbA9xM?authuser=0&hl=en&rclk=1
Factory Motor Parts,Distribution Centers,US,Long Beach CA,+1 877-811-1607,https://www.factorymotorparts.com/,,39,https://www.google.com/maps/place/Factory+Motor+Parts/data=!4m7!3m6!1s0x80dd3143113d16af:0x5d380cea088c0744!8m2!3d33.7829087!4d-118.1863709!16s%2Fg%2F11gdzt2nkg!19sChIJrxY9EUMx3YARRAeMCOoMOF0?authuser=0&hl=en&rclk=1
Warehouse Market Distribution,Distribution Centers,US,Tulsa OK,,,,16,https://www.google.com/maps/place/Warehouse+Market+Distribution/data=!4m7!3m6!1s0x87b6ed66ae3f8c93:0xc20d2bf7f22bd270!8m2!3d36.1449546!4d-95.9030831!16s%2Fg%2F11bycrt9qt!19sChIJk4w_rmbttocRcNIr8vcrDcI?authuser=0&hl=en&rclk=1
Tulsa Distribution Center,Distribution Centers,US,Tulsa OK,,,,1,https://www.google.com/maps/place/Tulsa+Distribution+Center/data=!4m7!3m6!1s0x87b6f24c3265c6fb:0xde9dbda70ccec1ba!8m2!3d36.1757406!4d-95.8586488!16s%2Fg%2F11c318cs5l!19sChIJ-8ZlMkzytocRusHODKe9nd4?authuser=0&hl=en&rclk=1
Tulsa USPS Processing and Distribution Center,Distribution Centers,US,Tulsa OK,+1 918-270-7411,http://www.usps.com/,sfsdelivery.confirmation@usps.gov,101,https://www.google.com/maps/place/Tulsa+USPS+Processing+and+Distribution+Center/data=!4m7!3m6!1s0x87b6f3fe4a5b684f:0x28e0d71637d57f00!8m2!3d36.1313874!4d-95.8764859!16s%2Fg%2F11t5krfxc6!19sChIJT2hbSv7ztocRAH_VNxbX4Cg?authuser=0&hl=en&rclk=1
Amazon Sorting Facility,Distribution Centers,US,Tulsa OK,,,,13,https://www.google.com/maps/place/Amazon+Sorting+Facility/data=!4m7!3m6!1s0x87b6f39aa84cf29b:0xb4ebc68f0979214f!8m2!3d36.2048882!4d-95.8673198!16s%2Fg%2F11q2tjdrqp!19sChIJm_JMqJrztocRTyF5CY_G67Q?authuser=0&hl=en&rclk=1
Westside Distribution Center,Distribution Centers,US,Tulsa OK,,,,25,https://www.google.com/maps/place/Westside+Distribution+Center/data=!4m7!3m6!1s0x87b6953c5bc58cb5:0xffa0a405cf2eec91!8m2!3d36.0930735!4d-96.0391913!16s%2Fg%2F11kjkcx32l!19sChIJtYzFWzyVtocRkewuzwWkoP8?authuser=0&hl=en&rclk=1
Whirlpool Distribution Center,Distribution Centers,US,Tulsa OK,+1 918-274-7941,https://www.whirlpool.com/,,29,https://www.google.com/maps/place/Whirlpool+Distribution+Center/data=!4m7!3m6!1s0x87b6ef0e70069e11:0x873b00d2c0ec234a!8m2!3d36.2570457!4d-95.9189071!16s%2Fg%2F11frnntfm1!19sChIJEZ4GcA7vtocRSiPswNIAO4c?authuser=0&hl=en&rclk=1
Amazon TUL2,Distribution Centers,US,Tulsa OK,,http://amazon.jobs/,,358,https://www.google.com/maps/place/Amazon+TUL2/data=!4m7!3m6!1s0x87b6f1572705f045:0x7c34e9fbcffc620c!8m2!3d36.212731!4d-95.839882!16s%2Fg%2F11h5rx07yy!19sChIJRfAFJ1fxtocRDGL8z_vpNHw?authuser=0&hl=en&rclk=1
Essendant - Tulsa Distribution Center,Distribution Centers,US,Tulsa OK,+1 918-836-3361,https://www.essendant.com/?utm_source=google&utm_medium=organic&utm_campaign=gmb&utm_content=tul,,4,https://www.google.com/maps/place/Essendant+-+Tulsa+Distribution+Center/data=!4m7!3m6!1s0x87b6f3b4e876fc19:0xf24c6017bec8de92!8m2!3d36.1817501!4d-95.8550796!16s%2Fg%2F1tj96yd4!19sChIJGfx26LTztocRkt7IvhdgTPI?authuser=0&hl=en&rclk=1
Owens & Minor - Tulsa Distribution Center,Distribution Centers,US,Tulsa OK,+1 918-838-8012,https://www.owens-minor.com/,contactrequest@owens-minor.com,4,https://www.google.com/maps/place/Owens+%26+Minor+-+Tulsa+Distribution+Center/data=!4m7!3m6!1s0x87b6f269bc63f42b:0x5f8fdfc956814501!8m2!3d36.1784015!4d-95.8796411!16s%2Fg%2F1tjy201j!19sChIJK_RjvGnytocRAUWBVsnfj18?authuser=0&hl=en&rclk=1
QuikTrip Distribution Tulsa,Distribution Centers,US,Tulsa OK,+1 918-398-2500,http://quiktrip.com/?y_source=1_MjcyNDI4MDktNzE1LWxvY2F0aW9uLndlYnNpdGU%3D,,130,https://www.google.com/maps/place/QuikTrip+Distribution+Tulsa/data=!4m7!3m6!1s0x87b6f19ded4ad21f:0x66769993ba661b15!8m2!3d36.216187!4d-95.848819!16s%2Fg%2F11rcmyybx3!19sChIJH9JK7Z3xtocRFRtmupOZdmY?authuser=0&hl=en&rclk=1
UPS TULOK HUB,Distribution Centers,US,Tulsa OK,,,,26,https://www.google.com/maps/place/UPS+TULOK+HUB/data=!4m7!3m6!1s0x87b68d000cacf989:0xcaf77be5caa1e6ec!8m2!3d36.0794556!4d-95.8431878!16s%2Fg%2F11wqnbmqwj!19sChIJifmsDACNtocR7OahyuV798o?authuser=0&hl=en&rclk=1
Name Brands Distribution Center,Distribution Centers,US,Tulsa OK,+1 918-665-4141,,,19,https://www.google.com/maps/place/Name+Brands+Distribution+Center/data=!4m7!3m6!1s0x87b6ed8a0f8c13b7:0x6bd10810c574c2df!8m2!3d36.1787261!4d-95.8990097!16s%2Fg%2F1tm8fhj9!19sChIJtxOMD4rttocR38J0xRAI0Ws?authuser=0&hl=en&rclk=1
Guts Distribution Center,Distribution Centers,US,Tulsa OK,+1 918-622-4422,https://www.facebook.com/GutsDC,info@gutschurch.com,145,https://www.google.com/maps/place/Guts+Distribution+Center/data=!4m7!3m6!1s0x87b68d3f3cdd4aab:0x771f58cd881389d4!8m2!3d36.1027914!4d-95.8767717!16s%2Fg%2F1tk1zk8y!19sChIJq0rdPD-NtocR1IkTiM1YH3c?authuser=0&hl=en&rclk=1
Union Public Schools Distribution Center,Distribution Centers,US,Tulsa OK,,,,6,https://www.google.com/maps/place/Union+Public+Schools+Distribution+Center/data=!4m7!3m6!1s0x87b68dd5de6f94f5:0x2ed59dcd53c177d3!8m2!3d36.0820268!4d-95.8355635!16s%2Fg%2F11gr4nczm8!19sChIJ9ZRv3tWNtocR03fBU82d1S4?authuser=0&hl=en&rclk=1
Fedex Distribution,Distribution Centers,US,Tulsa OK,+1 800-463-3339,http://fedex.com/,,44,https://www.google.com/maps/place/Fedex+Distribution/data=!4m7!3m6!1s0x87b68bd2974e1e35:0xb86591e3fe1aed43!8m2!3d36.0474645!4d-95.7739767!16s%2Fg%2F11dymnnh14!19sChIJNR5Ol9KLtocRQ-0a_uORZbg?authuser=0&hl=en&rclk=1
RBDC,Distribution Centers,US,Tulsa OK,,,,5,https://www.google.com/maps/place/RBDC/data=!4m7!3m6!1s0x87b6f30051c1f141:0x90f0bd347b32d96e!8m2!3d36.1624908!4d-95.8660649!16s%2Fg%2F11lcsvbjkm!19sChIJQfHBUQDztocRbtkyezS98JA?authuser=0&hl=en&rclk=1
United Warehouse,Distribution Centers,US,Tulsa OK,+1 918-234-0040,http://www.unitedwarehouse.com/,sales@unitedwarehouse.com,206,https://www.google.com/maps/place/United+Warehouse/data=!4m7!3m6!1s0x87b6f3c904e85de9:0x74ce89a638a9b562!8m2!3d36.1911329!4d-95.8505312!16s%2Fg%2F1tk1nhpp!19sChIJ6V3oBMnztocRYrWpOKaJznQ?authuser=0&hl=en&rclk=1
Hodges Warehouse,Distribution Centers,US,Tulsa OK,+1 888-622-3028,http://www.hodgesco.com/,sales@hodgesco.com,9,https://www.google.com/maps/place/Hodges+Warehouse/data=!4m7!3m6!1s0x87b68d5f0fb6d9bb:0xc0a4d10ba028f8f7!8m2!3d36.0994221!4d-95.896444!16s%2Fg%2F1tx47kjf!19sChIJu9m2D1-NtocR9_gooAvRpMA?authuser=0&hl=en&rclk=1
Amazon Fulfillment Center ICT2,Distribution Centers,US,Wichita KS,+1 620-200-8892,,,114,https://www.google.com/maps/place/Amazon+Fulfillment+Center+ICT2/data=!4m7!3m6!1s0x87bb1de9dabc9b85:0xa9b5b3f0615130be!8m2!3d37.8134652!4d-97.3351416!16s%2Fg%2F11qm388ncz!19sChIJhZu82ukdu4cRvjBRYfCztak?authuser=0&hl=en&rclk=1
Wichita Furniture Main Distribution Center,Distribution Centers,US,Wichita KS,+1 316-712-2211,https://wichitafurniture.com/,,231,https://www.google.com/maps/place/Wichita+Furniture+Main+Distribution+Center/data=!4m7!3m6!1s0x87bafd7aa198373b:0x7ad4ef0962cc8a8!8m2!3d37.7483555!4d-97.2312457!16s%2Fg%2F11hbkdq_0m!19sChIJOzeYoXr9uocRqMgslvBOrQc?authuser=0&hl=en&rclk=1
JCI Distribution Center,Distribution Centers,US,Wichita KS,+1 316-755-0538,,,35,https://www.google.com/maps/place/JCI+Distribution+Center/data=!4m7!3m6!1s0x87bb1d2ee144da51:0x65776c4af85f3def!8m2!3d37.8199773!4d-97.330703!16s%2Fg%2F11v03q_bfs!19sChIJUdpE4S4du4cR7z1f-Epsd2U?authuser=0&hl=en&rclk=1
Boeing 1-355C Distribution Center,Distribution Centers,US,Wichita KS,,,,,https://www.google.com/maps/place/Boeing+1-355C+Distribution+Center/data=!4m7!3m6!1s0x87bae500667ac2a3:0x2eb79c27fcc4e88f!8m2!3d37.6324375!4d-97.2817825!16s%2Fg%2F11njln4mp6!19sChIJo8J6ZgDluocRj-jE_Cecty4?authuser=0&hl=en&rclk=1
AMERICAN RED CROSS MOBILE UNIT SUPPLY DISTRIBUTION CENTER,Distribution Centers,US,Wichita KS,,,,,https://www.google.com/maps/place/AMERICAN+RED+CROSS+MOBILE+UNIT+SUPPLY+DISTRIBUTION+CENTER/data=!4m7!3m6!1s0x87bae3c555d71ce3:0xa06654de84310e44!8m2!3d37.6969698!4d-97.3405297!16s%2Fg%2F11nk11ldym!19sChIJ4xzXVcXjuocRRA4xhN5UZqA?authuser=0&hl=en&rclk=1
Johnson Controls Distribution,Distribution Centers,US,Wichita KS,,http://www.johnsoncontrols.com/,,42,https://www.google.com/maps/place/Johnson+Controls+Distribution/data=!4m7!3m6!1s0x87bae27351a50ed1:0x947333b90d42427c!8m2!3d37.7456659!4d-97.3285568!16s%2Fg%2F11cr_h7vdg!19sChIJ0Q6lUXPiuocRfEJCDbkzc5Q?authuser=0&hl=en&rclk=1
FedEx Ground,Distribution Centers,US,Wichita KS,+1 800-463-3339,https://local.fedex.com/ks/wichita/?cmp=LOC-1001545-4-4-971-1110000-US-US-EN-GPLGRNDTERMINAL,,162,https://www.google.com/maps/place/FedEx+Ground/data=!4m7!3m6!1s0x87bafda31eaa2b71:0x960b05e4675e681e!8m2!3d37.7781568!4d-97.218606!16s%2Fg%2F12602b8c0!19sChIJcSuqHqP9uocRHmheZ-QFC5Y?authuser=0&hl=en&rclk=1
Americold Logistics Wichita,Distribution Centers,US,Wichita KS,+1 316-838-9317,https://www.americold.com/,,138,https://www.google.com/maps/place/Americold+Logistics+Wichita/data=!4m7!3m6!1s0x87bae26ae18f4315:0x30f31e95068bc248!8m2!3d37.732114!4d-97.3284103!16s%2Fg%2F1thl1ckg!19sChIJFUOP4WriuocRSMKLBpUe8zA?authuser=0&hl=en&rclk=1
Boot Barn Distribution Center - Wichita,Distribution Centers,US,Wichita KS,+1 316-946-3812,http://www.sheplers.com/,service@sheplers.com,60,https://www.google.com/maps/place/Boot+Barn+Distribution+Center+-+Wichita/data=!4m7!3m6!1s0x87bae5bdc64fd7ab:0x14bbc43f9052bc0c!8m2!3d37.6045265!4d-97.3224563!16s%2Fg%2F11byd4mm5v!19sChIJq9dPxr3luocRDLxSkD_EuxQ?authuser=0&hl=en&rclk=1
Star Lumber Distribution Yard,Distribution Centers,US,Wichita KS,+1 316-942-2221,http://www.starlumber.com/,,55,https://www.google.com/maps/place/Star+Lumber+Distribution+Yard/data=!4m7!3m6!1s0x87bae12fb87acde9:0x8dc80355c5a0b2b0!8m2!3d37.6712618!4d-97.3855152!16s%2Fg%2F11ckvdpdg3!19sChIJ6c16uC_huocRsLKgxVUDyI0?authuser=0&hl=en&rclk=1
D boy's distribution llc.,Distribution Centers,US,Wichita KS,+1 623-666-5031,,,1,https://www.google.com/maps/place/D+boy%27s+distribution+llc./data=!4m7!3m6!1s0x87bae7f84e99dbd7:0x9b90619e44e7e9cd!8m2!3d38.4980909!4d-98.320078!16s%2Fg%2F11gxxhj8_g!19sChIJ19uZTvjnuocRzennRJ5hkJs?authuser=0&hl=en&rclk=1
Catholic Charities - Food Distribution Center,Distribution Centers,US,Wichita KS,+1 316-264-8344,,,1,https://www.google.com/maps/place/Catholic+Charities+-+Food+Distribution+Center/data=!4m7!3m6!1s0x87bae4f18b5a57b3:0xbd2b6e427a262227!8m2!3d37.64117!4d-97.2990864!16s%2Fg%2F11k6hgg_vx!19sChIJs1dai_HkuocRJyImekJuK70?authuser=0&hl=en&rclk=1
Seventh Day Adventist Church - Food Distribution Center,Distribution Centers,US,Wichita KS,+1 316-265-0431,,,4,https://www.google.com/maps/place/Seventh+Day+Adventist+Church+-+Food+Distribution+Center/data=!4m7!3m6!1s0x87bae41f9e0f658f:0x205fb6065c50d490!8m2!3d37.6446904!4d-97.3490105!16s%2Fg%2F11jrj0f7zb!19sChIJj2UPnh_kuocRkNRQXAa2XyA?authuser=0&hl=en&rclk=1
Table of Hope (First Metropolitan Church) - Food Distribution Center,Distribution Centers,US,Wichita KS,+1 316-267-1852,http://mccwichita.com/index.php?option=com_content&view=featured&Itemid=101,,17,https://www.google.com/maps/place/Table+of+Hope+%28First+Metropolitan+Church%29+-+Food+Distribution+Center/data=!4m7!3m6!1s0x87bae39910b1654f:0xebe2a57e83a73e8a!8m2!3d37.7131964!4d-97.3396534!16s%2Fg%2F11k6hhd0hg!19sChIJT2WxEJnjuocRij6ng36l4us?authuser=0&hl=en&rclk=1
Hilltop Neighborhood Outreach - Food Distribution Center,Distribution Centers,US,Wichita KS,+1 316-684-5120,http://www.hhh.ccc.org/,hhhboard@ccc.org,33,https://www.google.com/maps/place/Hilltop+Neighborhood+Outreach+-+Food+Distribution+Center/data=!4m7!3m6!1s0x87bae49e3644bf4d:0xd1e2f8835546e487!8m2!3d37.6673015!4d-97.289984!16s%2Fg%2F11k6hg0kl8!19sChIJTb9ENp7kuocRh-RGVYP44tE?authuser=0&hl=en&rclk=1
College Hill United Methodist Church - Food Distribution Center,Distribution Centers,US,Wichita KS,+1 316-683-4643,http://www.collegehillumc.org/,debbie.snell@collegehillumc.org,3,https://www.google.com/maps/place/College+Hill+United+Methodist+Church+-+Food+Distribution+Center/data=!4m7!3m6!1s0x87bae37349905271:0x5e2116cbd40ee8fe!8m2!3d37.6885556!4d-97.3018387!16s%2Fg%2F11jppv8vwf!19sChIJcVKQSXPjuocR_ugO1MsWIV4?authuser=0&hl=en&rclk=1
Williams-Sonoma Distribution Center,Distribution Centers,US,Arlington TX,+1 682-218-5623,,,142,https://www.google.com/maps/place/Williams-Sonoma+Distribution+Center/data=!4m7!3m6!1s0x864e8838df4fbf0f:0x905289e20b700237!8m2!3d32.6674877!4d-97.0726703!16s%2Fg%2F11b5q_8p5j!19sChIJD79P3ziIToYRNwJwC-KJUpA?authuser=0&hl=en&rclk=1
Rooms To Go Distribution Center,Distribution Centers,US,Arlington TX,+1 817-375-7000,http://www.roomstogo.com/,,262,https://www.google.com/maps/place/Rooms+To+Go+Distribution+Center/data=!4m7!3m6!1s0x864e886e5ef2ce5d:0x34839eb3e10b25ef!8m2!3d32.6878193!4d-97.0643397!16s%2Fg%2F11b6qgknqc!19sChIJXc7yXm6IToYR7yUL4bOegzQ?authuser=0&hl=en&rclk=1
Texas Wholesale Distribution Co,Distribution Centers,US,Arlington TX,+1 817-461-8262,,,12,https://www.google.com/maps/place/Texas+Wholesale+Distribution+Co/data=!4m7!3m6!1s0x864e7d33a49a18b5:0x2ccb1ff882bcbdd!8m2!3d32.700062!4d-97.121272!16s%2Fg%2F1tf081rf!19sChIJtRiapDN9ToYR3csriP-xzAI?authuser=0&hl=en&rclk=1
"Turn 14 Distribution, Inc. (TX Distribution Center)",Distribution Centers,US,Arlington TX,+1 267-468-0350,,,37,"https://www.google.com/maps/place/Turn+14+Distribution,+Inc.+%28TX+Distribution+Center%29/data=!4m7!3m6!1s0x864e62e819956091:0xac06e7107180548f!8m2!3d32.6734101!4d-97.1240773!16s%2Fg%2F11fk4dvpqq!19sChIJkWCVGehiToYRj1SAcRDnBqw?authuser=0&hl=en&rclk=1"
Meyer Distributing,Distribution Centers,US,Arlington TX,+1 800-639-3787,https://www.meyerdistributing.com/,,85,https://www.google.com/maps/place/Meyer+Distributing/data=!4m7!3m6!1s0x864e870ab995d957:0x4409e0eee947eb49!8m2!3d32.745621!4d-97.0711013!16s%2Fg%2F11b8c32csr!19sChIJV9mVuQqHToYRSetH6e7gCUQ?authuser=0&hl=en&rclk=1
Grand Prairie Distribution Center,Distribution Centers,US,Arlington TX,,,,12,https://www.google.com/maps/place/Grand+Prairie+Distribution+Center/data=!4m7!3m6!1s0x864e81cadfae390f:0xa18d1ffc191e400!8m2!3d32.8062393!4d-97.0329197!16s%2Fg%2F11jck0ngy9!19sChIJDzmu38qBToYRAOSRwf_RGAo?authuser=0&hl=en&rclk=1
Coca-Cola Distribution Warehouse,Distribution Centers,US,Arlington TX,+1 972-986-3481,http://coca-warehouse.keeq.io/,,91,https://www.google.com/maps/place/Coca-Cola+Distribution+Warehouse/data=!4m7!3m6!1s0x864e8147c306f93f:0xf046db0fe28a6ae9!8m2!3d32.8039508!4d-97.0267959!16s%2Fg%2F11bv1v59mr!19sChIJP_kGw0eBToYR6WqK4g_bRvA?authuser=0&hl=en&rclk=1
Cotton-On USA Distribution Center,Distribution Centers,US,Arlington TX,,,,7,https://www.google.com/maps/place/Cotton-On+USA+Distribution+Center/data=!4m7!3m6!1s0x864e63fb13c781f7:0x2c0215f6e11a3e1a!8m2!3d32.631396!4d-97.1312508!16s%2Fg%2F11krn_9llc!19sChIJ94HHE_tjToYRGj4a4fYVAiw?authuser=0&hl=en&rclk=1
Canales Legacy Distribution Center,Distribution Centers,US,Arlington TX,+1 817-945-6460,https://www.canalesfurniture.com/,,61,https://www.google.com/maps/place/Canales+Legacy+Distribution+Center/data=!4m7!3m6!1s0x864e63c673ba718d:0xf71647e97e16b8f4!8m2!3d32.6746902!4d-97.1136169!16s%2Fg%2F11rtsw939h!19sChIJjXG6c8ZjToYR9LgWfulHFvc?authuser=0&hl=en&rclk=1
Sonwil Distribution Center,Distribution Centers,US,Arlington TX,+1 716-684-0555,http://www.sonwil.com/,,69,https://www.google.com/maps/place/Sonwil+Distribution+Center/data=!4m7!3m6!1s0x864e87cd0ba09c2b:0x1e436643774a5d45!8m2!3d32.7129669!4d-97.0528259!16s%2Fg%2F11fxqj837w!19sChIJK5ygC82HToYRRV1Kd0NmQx4?authuser=0&hl=en&rclk=1
TCC MacArthur Distribution Center,Distribution Centers,US,Arlington TX,,,,34,https://www.google.com/maps/place/TCC+MacArthur+Distribution+Center/data=!4m7!3m6!1s0x864e859b43972cc9:0x6ee202af957518f1!8m2!3d32.7618729!4d-96.9696585!16s%2Fg%2F11k1fk1hw5!19sChIJySyXQ5uFToYR8Rh1la8C4m4?authuser=0&hl=en&rclk=1
Domino's Pizza Distribution Center,Distribution Centers,US,Arlington TX,+1 800-543-5262,https://jobs.dominos.com/us/life-at-domino-s/supply-chain-centers/,,76,https://www.google.com/maps/place/Domino%27s+Pizza+Distribution+Center/data=!4m7!3m6!1s0x864e866509a3b9f5:0xee8731ee6209f466!8m2!3d32.7369897!4d-97.0210468!16s%2Fg%2F1tfcj4tq!19sChIJ9bmjCWWGToYRZvQJYu4xh-4?authuser=0&hl=en&rclk=1
Vistar Distribution Center - Dallas/Fort Worth,Distribution Centers,US,Arlington TX,+1 682-323-3880,http://pfgc.com/,mediarelations@pfgc.com,99,https://www.google.com/maps/place/Vistar+Distribution+Center+-+Dallas%2FFort+Worth/data=!4m7!3m6!1s0x864e883baefc8867:0x80dedd1baf69bc4a!8m2!3d32.669839!4d-97.0793148!16s%2Fg%2F1262z1fw3!19sChIJZ4j8rjuIToYRSrxprxvd3oA?authuser=0&hl=en&rclk=1
"Keller Warehousing & Distribution, LLC",Distribution Centers,US,Arlington TX,+1 682-300-1525,http://www.kellerlogistics.com/,info@kellerlogistics.com,5,"https://www.google.com/maps/place/Keller+Warehousing+%26+Distribution,+LLC/data=!4m7!3m6!1s0x864e87cb37eedbc3:0x3f0666528a5179b8!8m2!3d32.7192326!4d-97.051382!16s%2Fg%2F1yh5tr56g!19sChIJw9vuN8uHToYRuHlRilJmBj8?authuser=0&hl=en&rclk=1"
"eShipping Distribution Services - Arlington, TX",Distribution Centers,US,Arlington TX,+1 469-262-6425,https://www.eshippingdistributionservices.com/,edsleads@eshipping.biz,11,"https://www.google.com/maps/place/eShipping+Distribution+Services+-+Arlington,+TX/data=!4m7!3m6!1s0x864e898ce5a409b9:0xebe3894508ceba21!8m2!3d32.6830883!4d-97.08178!16s%2Fg%2F11qr1ncv3f!19sChIJuQmk5YyJToYRIbrOCEWJ4-s?authuser=0&hl=en&rclk=1"
Restore Logistics,Distribution Centers,US,Arlington TX,+1 214-601-7200,http://www.restorelogistics.com/,,57,https://www.google.com/maps/place/Restore+Logistics/data=!4m7!3m6!1s0x864e9cc697d86417:0x973368b5cd455da0!8m2!3d32.7508214!4d-97.0500483!16s%2Fg%2F11bwkf3kz5!19sChIJF2TYl8acToYRoF1FzbVoM5c?authuser=0&hl=en&rclk=1
Northern Tool + Equipment Warehouse,Distribution Centers,US,Arlington TX,+1 817-375-3400,https://www.northerntool.com/,,84,https://www.google.com/maps/place/Northern+Tool+%2B+Equipment+Warehouse/data=!4m7!3m6!1s0x864e88441d8184c3:0xe88f8251803d43aa!8m2!3d32.670803!4d-97.0659662!16s%2Fg%2F11g8vr7gkz!19sChIJw4SBHUSIToYRqkM9gFGCj-g?authuser=0&hl=en&rclk=1
Fort Worth Distribution Center for tractor supply,Distribution Centers,US,Arlington TX,+1 888-888-8888,https://www.tractorsupply.com/tsc/store_GrandPrairie-TX-75050_851?utm_source=localgmblisting&utm_medium=organic,,51,https://www.google.com/maps/place/Fort+Worth+Distribution+Center+for+tractor+supply/data=!4m7!3m6!1s0x864e812f9df0cab7:0x90513b0d6b9fc20f!8m2!3d32.7952414!4d-97.051119!16s%2Fg%2F11j0js3mlm!19sChIJt8rwnS-BToYRD8Kfaw07UZA?authuser=0&hl=en&rclk=1
Kito Crosby Distribution Center,Distribution Centers,US,Arlington TX,+1 817-274-7228,https://www.kitocrosby.com/,,11,https://www.google.com/maps/place/Kito+Crosby+Distribution+Center/data=!4m7!3m6!1s0x864e8775b879e13f:0x68b699348f156e1a!8m2!3d32.7459606!4d-97.0763232!16s%2Fg%2F1tgq71jm!19sChIJP-F5uHWHToYRGm4VjzSZtmg?authuser=0&hl=en&rclk=1
Brothers Main Appliance Distribution Center,Distribution Centers,US,Madison WI,+1 608-219-6929,https://brothersmain.com/,,15,https://www.google.com/maps/place/Brothers+Main+Appliance+Distribution+Center/data=!4m7!3m6!1s0x880651ad8a21c45d:0x1987a3588f2bbbd3!8m2!3d43.0445297!4d-89.2704416!16s%2Fg%2F11byyrwk4v!19sChIJXcQhiq1RBogR07srj1ijhxk?authuser=0&hl=en&rclk=1
Shopbop Fullfillment Center MSN5,Distribution Centers,US,Madison WI,+1 877-746-7267,http://www.shopbop.com/,service@shopbop.com,22,https://www.google.com/maps/place/Shopbop+Fullfillment+Center+MSN5/data=!4m7!3m6!1s0x88065112692dca47:0xccbb0a1d8edd460!8m2!3d43.0669538!4d-89.3003996!16s%2Fg%2F11fyx7kxlc!19sChIJR8otaRJRBogRYNTt2KGwyww?authuser=0&hl=en&rclk=1
Vita Plus - Madison Distribution Center,Distribution Centers,US,Madison WI,+1 608-226-3320,https://www.vitaplus.com/,,12,https://www.google.com/maps/place/Vita+Plus+-+Madison+Distribution+Center/data=!4m7!3m6!1s0x880651a038853905:0x260280661b5d11d7!8m2!3d43.0545895!4d-89.3025599!16s%2Fg%2F11g9nc2927!19sChIJBTmFOKBRBogR1xFdG2aAAiY?authuser=0&hl=en&rclk=1
Sellery Amazon Hub,Distribution Centers,US,Madison WI,,,,48,https://www.google.com/maps/place/Sellery+Amazon+Hub/data=!4m7!3m6!1s0x8807adff8674ec51:0x72ed09ac6ba3370a!8m2!3d43.0716531!4d-89.3995595!16s%2Fg%2F11v9_yqgst!19sChIJUex0hv-tB4gRCjeja6wJ7XI?authuser=0&hl=en&rclk=1
Distribution Center For Rubin's Furniture,Distribution Centers,US,Madison WI,+1 608-255-8998,http://www.rubinsfurniture.com/,info@rubinsfurniture.com,6,https://www.google.com/maps/place/Distribution+Center+For+Rubin%27s+Furniture/data=!4m7!3m6!1s0x880652eb9be853c5:0x326aa2476e70122!8m2!3d43.0402908!4d-89.3757247!16s%2Fg%2F11c0pzmcv2!19sChIJxVPom-tSBogRIgHndiSqJgM?authuser=0&hl=en&rclk=1
Station Distribution Llc,Distribution Centers,US,Madison WI,+1 608-831-0490,,,12,https://www.google.com/maps/place/Station+Distribution+Llc/data=!4m7!3m6!1s0x8807ae5628071367:0x61e2957e4bca2737!8m2!3d43.0572515!4d-89.5055108!16s%2Fg%2F1261scdq9!19sChIJZxMHKFauB4gRNyfKS36V4mE?authuser=0&hl=en&rclk=1
Amazon Delivery Station DRT8,Distribution Centers,US,Durham NC,,,,102,https://www.google.com/maps/place/Amazon+Delivery+Station+DRT8/data=!4m7!3m6!1s0x89ace5794bc5fe8b:0xfc9a776b30679387!8m2!3d35.966156!4d-78.8726764!16s%2Fg%2F11qnjl9rb9!19sChIJi_7FS3nlrIkRh5NnMGt3mvw?authuser=0&hl=en&rclk=1
RDU5 (Amazon),Distribution Centers,US,Durham NC,,,,42,https://www.google.com/maps/place/RDU5+%28Amazon%29/data=!4m7!3m6!1s0x89acfb0073a30b75:0x97919549a450e8b3!8m2!3d35.9221002!4d-78.8317266!16s%2Fg%2F11w3700y7r!19sChIJdQujcwD7rIkRs-hQpEmVkZc?authuser=0&hl=en&rclk=1
SNC3 Amazon Fulfillment Center Warehouse,Distribution Centers,US,Durham NC,,,,111,https://www.google.com/maps/place/SNC3+Amazon+Fulfillment+Center+Warehouse/data=!4m7!3m6!1s0x89acefbf327be851:0x1e840a726f6a667e!8m2!3d35.9061798!4d-78.8436803!16s%2Fg%2F11s7zqd6xb!19sChIJUeh7Mr_vrIkRfmZqb3IKhB4?authuser=0&hl=en&rclk=1
Smith Warehouse,Distribution Centers,US,Durham NC,,,,6,https://www.google.com/maps/place/Smith+Warehouse/data=!4m7!3m6!1s0x89ace40f271bb947:0x9b674b96b4f0698b!8m2!3d36.0020363!4d-78.9148274!16s%2Fg%2F11sskrhjjs!19sChIJR7kbJw_krIkRi2nwtJZLZ5s?authuser=0&hl=en&rclk=1
HRD2 Amazon,Distribution Centers,US,Durham NC,,,,18,https://www.google.com/maps/place/HRD2+Amazon/data=!4m7!3m6!1s0x89ace5e34c960ea1:0x3e2577776622bf9e!8m2!3d35.971527!4d-78.8733825!16s%2Fg%2F11r8zrvkrf!19sChIJoQ6WTOPlrIkRnr8iZnd3JT4?authuser=0&hl=en&rclk=1
TrialCard - Warehouse,Distribution Centers,US,Durham NC,+1 877-343-1238,,,3,https://www.google.com/maps/place/TrialCard+-+Warehouse/data=!4m7!3m6!1s0x89aceff98217db39:0x346a032fc2b7f1d3!8m2!3d35.910927!4d-78.8468438!16s%2Fg%2F11cp84p4qd!19sChIJOdsXgvnvrIkR0_G3wi8DajQ?authuser=0&hl=en&rclk=1
Tryon Distributing,Distribution Centers,US,Durham NC,+1 704-334-0849,http://www.tryondist.com/,info@tryondist.com,23,https://www.google.com/maps/place/Tryon+Distributing/data=!4m7!3m6!1s0x89ace54911dabe1d:0x878ada1b4af64a0b!8m2!3d35.9342836!4d-78.8456695!16s%2Fg%2F11cs3d7tq3!19sChIJHb7aEUnlrIkRC0r2Shvaioc?authuser=0&hl=en&rclk=1
ACR Supply Distribution Center,Distribution Centers,US,Durham NC,+1 919-765-8081,http://www.acrsupply.com/,chris.ferguson@acrsupply.com,9,https://www.google.com/maps/place/ACR+Supply+Distribution+Center/data=!4m7!3m6!1s0x89acef7de2f9d27d:0x231018828057520f!8m2!3d35.918737!4d-78.889322!16s%2Fg%2F113drxv1p!19sChIJfdL54n3vrIkRD1JXgIIYECM?authuser=0&hl=en&rclk=1
PCV Distribution,Distribution Centers,US,Durham NC,+1 919-957-3307,,,1,https://www.google.com/maps/place/PCV+Distribution/data=!4m7!3m6!1s0x89ace4a2d2fe6f2d:0xe73dfb4b8723bf0a!8m2!3d35.992237!4d-78.8578579!16s%2Fg%2F1td01by_!19sChIJLW_-0qLkrIkRCr8jh0v7Pec?authuser=0&hl=en&rclk=1
Etail Fulfillment,Distribution Centers,US,Durham NC,+1 888-471-3343,,,3,https://www.google.com/maps/place/Etail+Fulfillment/data=!4m7!3m6!1s0x89acef0ec480aa29:0x9dcfe03e30c35aa8!8m2!3d35.8917211!4d-78.8910566!16s%2Fg%2F1hm1yzhqw!19sChIJKaqAxA7vrIkRqFrDMD7gz50?authuser=0&hl=en&rclk=1
UPS Supply Chain Solutions,Distribution Centers,US,Durham NC,+1 919-248-4000,http://www.ups-scs.com/,,4,https://www.google.com/maps/place/UPS+Supply+Chain+Solutions/data=!4m7!3m6!1s0x89ace57ff9d408cf:0xd7286f32ad7b6570!8m2!3d35.9219493!4d-78.8826805!16s%2Fg%2F1tdw8ygc!19sChIJzwjU-X_lrIkRcGV7rTJvKNc?authuser=0&hl=en&rclk=1
United Ministries Of Durham - Food Distribution Center,Distribution Centers,US,Durham NC,+1 919-682-0538,http://www.umdurham.org/what-we-do/food-pantry.html,,8,https://www.google.com/maps/place/United+Ministries+Of+Durham+-+Food+Distribution+Center/data=!4m7!3m6!1s0x89ace46f9bf425ad:0xf963a71801ac9d5b!8m2!3d35.993442!4d-78.8958497!16s%2Fg%2F11k6hfxykh!19sChIJrSX0m2_krIkRW52sARinY_k?authuser=0&hl=en&rclk=1
Lubbock ISD Distribution Center,Distribution Centers,US,Lubbock TX,,,,2,https://www.google.com/maps/place/Lubbock+ISD+Distribution+Center/data=!4m7!3m6!1s0x86fe6d08b582c9f9:0xc2c3a3342302a043!8m2!3d33.562411!4d-101.8422396!16s%2Fg%2F11k61r29j5!19sChIJ-cmCtQht_oYRQ6ACIzSjw8I?authuser=0&hl=en&rclk=1
Lubbock Logistics Center,Distribution Centers,US,Lubbock TX,+1 806-241-8811,,,19,https://www.google.com/maps/place/Lubbock+Logistics+Center/data=!4m7!3m6!1s0x86fe137568a8bbf7:0xb3c7740445ce0a06!8m2!3d33.6277066!4d-101.82249!16s%2Fg%2F11fm3v2hx6!19sChIJ97uoaHUT_oYRBgrORQR0x7M?authuser=0&hl=en&rclk=1
Southwest Distribution Center,Distribution Centers,US,Lubbock TX,+1 806-747-1197,,,2,https://www.google.com/maps/place/Southwest+Distribution+Center/data=!4m7!3m6!1s0x86fe6cd139278019:0x3e2f3d820b0f2964!8m2!3d33.5762984!4d-101.8368532!16s%2Fg%2F1w9y1k3y!19sChIJGYAnOdFs_oYRZCkPC4I9Lz4?authuser=0&hl=en&rclk=1
Amazon LBB5,Distribution Centers,US,Lubbock TX,+1 806-747-1711,,,73,https://www.google.com/maps/place/Amazon+LBB5/data=!4m7!3m6!1s0x86fe1314ca17b719:0xe0c5421b555417d7!8m2!3d33.6321015!4d-101.8235029!16s%2Fg%2F11p0hdtmp6!19sChIJGbcXyhQT_oYR1xdUVRtCxeA?authuser=0&hl=en&rclk=1
Amazon WTX2,Distribution Centers,US,Lubbock TX,+1 888-280-4331,,,45,https://www.google.com/maps/place/Amazon+WTX2/data=!4m7!3m6!1s0x86fe139539409f5f:0x497aa9ee233977ad!8m2!3d33.6178015!4d-101.804531!16s%2Fg%2F11nmmcvh1q!19sChIJX59AOZUT_oYRrXc5I-6pekk?authuser=0&hl=en&rclk=1
United Supermarkets Distribution Center,Distribution Centers,US,Lubbock TX,+1 806-472-5900,https://theunitedfamily.com/united-supermarkets-manufacturing/,,447,https://www.google.com/maps/place/United+Supermarkets+Distribution+Center/data=!4m7!3m6!1s0x86fe6c8a86406707:0xb4ae9aef0e31c450!8m2!3d33.5406642!4d-101.8181217!16s%2Fg%2F1tdj4npv!19sChIJB2dAhops_oYRUMQxDu-arrQ?authuser=0&hl=en&rclk=1
McLane Warehouse,Distribution Centers,US,Lubbock TX,,,,22,https://www.google.com/maps/place/McLane+Warehouse/data=!4m7!3m6!1s0x86fe6bf875853cb5:0xd8d17c6be7d8947c!8m2!3d33.579843!4d-101.7856752!16s%2Fg%2F11ff59k2jc!19sChIJtTyFdfhr_oYRfJTY52t80dg?authuser=0&hl=en&rclk=1
Frito-Lay lubbock DC,Distribution Centers,US,Lubbock TX,+1 806-745-3488,https://www.fritolay.com/careers.htm,,12,https://www.google.com/maps/place/Frito-Lay+lubbock+DC/data=!4m7!3m6!1s0x86fe6d1309220ab7:0xef0333887139b852!8m2!3d33.5274386!4d-101.8255927!16s%2Fg%2F11fk1cpqqq!19sChIJtwoiCRNt_oYRUrg5cYgzA-8?authuser=0&hl=en&rclk=1
Robertson Bonded Warehouse,Distribution Centers,US,Lubbock TX,+1 806-765-8233,http://www.robertsonbonded.com/,jared@robertsonbonded.com,67,https://www.google.com/maps/place/Robertson+Bonded+Warehouse/data=!4m7!3m6!1s0x86fe6ceb8820576b:0x76b1d76b6fa0c153!8m2!3d33.5581116!4d-101.824671!16s%2Fg%2F1vnrr1jm!19sChIJa1cgiOts_oYRU8Ggb2vXsXY?authuser=0&hl=en&rclk=1
Sysco West Texas,Distribution Centers,US,Lubbock TX,,,,21,https://www.google.com/maps/place/Sysco+West+Texas/data=!4m7!3m6!1s0x86fe138c7a554f1d:0x5b801a5af2b63f90!8m2!3d33.595003!4d-101.8417309!16s%2Fg%2F11t9t1tp75!19sChIJHU9VeowT_oYRkD-28loagFs?authuser=0&hl=en&rclk=1
Central Distribution Center,Distribution Centers,US,Lubbock TX,+1 806-866-9318,http://www.frenship.us/,cthomson@frenship.us,2,https://www.google.com/maps/place/Central+Distribution+Center/data=!4m7!3m6!1s0x86fe745b5f5e8df7:0x747e4689a74ddf16!8m2!3d33.507708!4d-102.009267!16s%2Fg%2F1tj4z4p8!19sChIJ941eX1t0_oYRFt9Np4lGfnQ?authuser=0&hl=en&rclk=1
R.C.Taylor Distributing,Distribution Centers,US,Lubbock TX,+1 806-765-7706,http://rctaylor.us/,,68,https://www.google.com/maps/place/R.C.Taylor+Distributing/data=!4m7!3m6!1s0x86fe12da0e30b783:0xffa37b7892d23701!8m2!3d33.5937271!4d-101.8500671!16s%2Fg%2F1tdkbjdh!19sChIJg7cwDtoS_oYRATfSknh7o_8?authuser=0&hl=en&rclk=1
"MTBC, LTD.",Distribution Centers,US,Lubbock TX,+1 806-745-3285,,,14,"https://www.google.com/maps/place/MTBC,+LTD./data=!4m7!3m6!1s0x86fe6dc8f6daa8ad:0x9aa3a76626f3f963!8m2!3d33.6270904!4d-101.8229777!16s%2Fg%2F1xgzc6z3!19sChIJraja9sht_oYRY_nzJmano5o?authuser=0&hl=en&rclk=1"
Llano Logistics Inc.,Distribution Centers,US,Lubbock TX,+1 806-472-5900,http://www.llanologistics.com/contact.html,,418,https://www.google.com/maps/place/Llano+Logistics+Inc./data=!4m7!3m6!1s0x86fe6c6029a4cc1d:0xc441097db0292ca5!8m2!3d33.5407936!4d-101.8155212!16s%2Fg%2F1v29cgsb!19sChIJHcykKWBs_oYRpSwpsH0JQcQ?authuser=0&hl=en&rclk=1
Pepsi Cola,Distribution Centers,US,Lubbock TX,+1 806-745-7711,,,59,https://www.google.com/maps/place/Pepsi+Cola/data=!4m7!3m6!1s0x86fe6c506e009a91:0x2520c3a6087a3af!8m2!3d33.5300921!4d-101.8330604!16s%2Fg%2F11clhpwwls!19sChIJkZoAblBs_oYRr6OHYDoMUgI?authuser=0&hl=en&rclk=1
"Lov-Cot Warehouse, L.P.",Distribution Centers,US,Lubbock TX,+1 806-763-9246,,,23,"https://www.google.com/maps/place/Lov-Cot+Warehouse,+L.P./data=!4m7!3m6!1s0x86fe12816f3929cb:0x15a21ebf85be2424!8m2!3d33.6166532!4d-101.8829562!16s%2Fg%2F1v1slp7d!19sChIJyyk5b4ES_oYRJCS-hb8eohU?authuser=0&hl=en&rclk=1"
McLane High Plains,Distribution Centers,US,Lubbock TX,+1 806-766-2900,https://www.mclaneco.com/,,426,https://www.google.com/maps/place/McLane+High+Plains/data=!4m7!3m6!1s0x86fe6b51d3af54c5:0x9c9276398c115a03!8m2!3d33.5799746!4d-101.7852835!16s%2Fg%2F1tpll5hd!19sChIJxVSv01Fr_oYRA1oRjDl2kpw?authuser=0&hl=en&rclk=1
GVH Distribution,Distribution Centers,US,Lubbock TX,+1 806-687-5264,https://www.gvhdistribution.com/,,21,https://www.google.com/maps/place/GVH+Distribution/data=!4m7!3m6!1s0x86fe6c7af74daefb:0xa4a91fa8b1e198eb!8m2!3d33.5327189!4d-101.8087046!16s%2Fg%2F1tdmqhq6!19sChIJ-65N93ps_oYR65jhsagfqaQ?authuser=0&hl=en&rclk=1
Triangle Warehouse & Distribution,Distribution Centers,US,Winston-Salem NC,+1 336-706-5007,https://trianglewarehouse.net/,bobby@trianglewarehouse.net,24,https://www.google.com/maps/place/Triangle+Warehouse+%26+Distribution/data=!4m7!3m6!1s0x8853afb71cc57673:0xd3e38ace51d641fa!8m2!3d36.1678!4d-80.2895657!16s%2Fg%2F1tj9cp_0!19sChIJc3bFHLevU4gR-kHWUc6K49M?authuser=0&hl=en&rclk=1
Carolina Public Warehouse Inc,Distribution Centers,US,Winston-Salem NC,+1 336-767-2891,http://www.carolinapublicwhse.com/,,57,https://www.google.com/maps/place/Carolina+Public+Warehouse+Inc/data=!4m7!3m6!1s0x8853adcd0150f315:0xc30dc90c9c65f07d!8m2!3d36.1370457!4d-80.2343097!16s%2Fg%2F1vpq7lj6!19sChIJFfNQAc2tU4gRffBlnAzJDcM?authuser=0&hl=en&rclk=1
Fulfillment Center,Distribution Centers,US,Winston-Salem NC,+1 336-744-2292,http://fulfillmentcenter.us/,dbailey@carswelldist.com,1,https://www.google.com/maps/place/Fulfillment+Center/data=!4m7!3m6!1s0x8853ac32c44aae53:0xc1b7037bb5f307aa!8m2!3d36.136125!4d-80.231258!16s%2Fg%2F1vhkl7hx!19sChIJU65KxDKsU4gRqgfztXsDt8E?authuser=0&hl=en&rclk=1
Krispy Kreme Distribution Center,Distribution Centers,US,Winston-Salem NC,+1 800-457-4779,https://www.krispykreme.com/Careers/Info,,43,https://www.google.com/maps/place/Krispy+Kreme+Distribution+Center/data=!4m7!3m6!1s0x8853ae7b026af781:0x5e736c8b7806d599!8m2!3d36.115967!4d-80.2401547!16s%2Fg%2F11bx99vy7j!19sChIJgfdqAnuuU4gRmdUGeItsc14?authuser=0&hl=en&rclk=1
MEGA WAREHOUSE,Distribution Centers,US,Winston-Salem NC,,,,100,https://www.google.com/maps/place/MEGA+WAREHOUSE/data=!4m7!3m6!1s0x8853a964264c57bf:0x5201d922beccd3d9!8m2!3d36.0390159!4d-80.1330807!16s%2Fg%2F11qbc8p5bp!19sChIJv1dMJmSpU4gR2dPMviLZAVI?authuser=0&hl=en&rclk=1
Twin City Warehouse Inc,Distribution Centers,US,Winston-Salem NC,,,,32,https://www.google.com/maps/place/Twin+City+Warehouse+Inc/data=!4m7!3m6!1s0x8853a50a886947e7:0x394f3b5d4276052!8m2!3d36.0125529!4d-80.2340113!16s%2Fg%2F1tfbcv_c!19sChIJ50dpiAqlU4gRUmAn1LXzlAM?authuser=0&hl=en&rclk=1
Twin City Warehouses,Distribution Centers,US,Winston-Salem NC,+1 336-331-4972,https://tcwlogistics.com/,,146,https://www.google.com/maps/place/Twin+City+Warehouses/data=!4m7!3m6!1s0x8853a87c398a9a09:0xd0112bde6bfb1cda!8m2!3d36.036275!4d-80.139275!16s%2Fg%2F11c54c8lpv!19sChIJCZqKOXyoU4gR2hz7a94rEdA?authuser=0&hl=en&rclk=1
UPS - NCWIN,Distribution Centers,US,Winston-Salem NC,,,,1,https://www.google.com/maps/place/UPS+-+NCWIN/data=!4m7!3m6!1s0x8853ad000ee96d8d:0x7c743dea769dd51c!8m2!3d36.1561201!4d-80.2415049!16s%2Fg%2F11wx8jp9bc!19sChIJjW3pDgCtU4gRHNWdduo9dHw?authuser=0&hl=en&rclk=1
ORBIS RPM Winston Salem,Distribution Centers,US,Winston-Salem NC,+1 262-560-5872,,,27,https://www.google.com/maps/place/ORBIS+RPM+Winston+Salem/data=!4m7!3m6!1s0x8853a90919ed2797:0xb696bd110913e5e1!8m2!3d36.0445911!4d-80.1509718!16s%2Fg%2F11l_h0d_20!19sChIJlyftGQmpU4gR4eUTCRG9lrY?authuser=0&hl=en&rclk=1
Pepsi Bottling Ventures Building # 2,Distribution Centers,US,Winston-Salem NC,,,,46,https://www.google.com/maps/place/Pepsi+Bottling+Ventures+Building+%23+2/data=!4m7!3m6!1s0x8853a9ffc918eb23:0xfae8846d4b72b74d!8m2!3d36.044445!4d-80.1534347!16s%2Fg%2F11hmn3sy6w!19sChIJI-sYyf-pU4gRTbdyS22E6Po?authuser=0&hl=en&rclk=1
Apotheca Distribution Center,Distribution Centers,US,Winston-Salem NC,,http://apotheca.org/,hello@apotheca.org,,https://www.google.com/maps/place/Apotheca+Distribution+Center/data=!4m7!3m6!1s0x8853ad000342cd4d:0x464495477c13f6e7!8m2!3d36.1484259!4d-80.2631149!16s%2Fg%2F11ynysk5mt!19sChIJTc1CAwCtU4gR5_YTfEeVREY?authuser=0&hl=en&rclk=1
Golding Farms Foods Distribution Center,Distribution Centers,US,Winston-Salem NC,+1 336-766-6161,http://www.goldingfarms.com/,adminsupport@goldingff.com,17,https://www.google.com/maps/place/Golding+Farms+Foods+Distribution+Center/data=!4m7!3m6!1s0x8853bb0fef9ad06b:0x703865c8b02f1479!8m2!3d36.0381279!4d-80.3201039!16s%2Fg%2F11g206ls7w!19sChIJa9Ca7w-7U4gReRQvsMhlOHA?authuser=0&hl=en&rclk=1
Second Harvest Distribution Center,Distribution Centers,US,Winston-Salem NC,,,,239,https://www.google.com/maps/place/Second+Harvest+Distribution+Center/data=!4m7!3m6!1s0x8853ad00715771cf:0x33c87c3c659b63ce!8m2!3d36.1371896!4d-80.2524145!16s%2Fg%2F11lm__m1sy!19sChIJz3FXcQCtU4gRzmObZTx8yDM?authuser=0&hl=en&rclk=1
"Total Distribution, Inc.",Distribution Centers,US,Winston-Salem NC,+1 336-767-4900,https://peoplesservices.com/,sales@peoplesservices.com,15,"https://www.google.com/maps/place/Total+Distribution,+Inc./data=!4m7!3m6!1s0x8853add3143f1dcf:0xe458299491e10203!8m2!3d36.1358152!4d-80.2352533!16s%2Fg%2F11g0wzkf53!19sChIJzx0_FNOtU4gRAwLhkZQpWOQ?authuser=0&hl=en&rclk=1"
Ardagh Metal Beverage USA Inc - Winston-Salem,Distribution Centers,US,Winston-Salem NC,+1 336-785-8500,http://www.ardaghgroup.com/,,269,https://www.google.com/maps/place/Ardagh+Metal+Beverage+USA+Inc+-+Winston-Salem/data=!4m7!3m6!1s0x8853a587460219e7:0x623c2fd94cae38f1!8m2!3d36.0362123!4d-80.2245897!16s%2Fg%2F1tdq1v8l!19sChIJ5xkCRoelU4gR8TiuTNkvPGI?authuser=0&hl=en&rclk=1
Piney Grove Baptist Church - Food Distribution Center,Distribution Centers,US,Winston-Salem NC,+1 336-744-8995,,,3,https://www.google.com/maps/place/Piney+Grove+Baptist+Church+-+Food+Distribution+Center/data=!4m7!3m6!1s0x8853ad8eaa23eff7:0xc19d3c06534f8011!8m2!3d36.1538026!4d-80.2711047!16s%2Fg%2F11jprsj_8b!19sChIJ9-8jqo6tU4gREYBPUwY8ncE?authuser=0&hl=en&rclk=1
Pepsi Bottling Ventures LLC,Distribution Centers,US,Winston-Salem NC,+1 336-464-9227,http://www.pepsibottlingventures.com/,customercarecenter@pbvllc.com,71,https://www.google.com/maps/place/Pepsi+Bottling+Ventures+LLC/data=!4m7!3m6!1s0x8853a88ed26e3cb9:0xd2513acd5641f12a!8m2!3d36.0368519!4d-80.1474845!16s%2Fg%2F1260525qh!19sChIJuTxu0o6oU4gRKvFBVs06UdI?authuser=0&hl=en&rclk=1
Ashley Furniture Distribution Center,Distribution Centers,US,Winston-Salem NC,+1 336-369-0500,http://www.ashleyfurniturehomestore.com/,,123,https://www.google.com/maps/place/Ashley+Furniture+Distribution+Center/data=!4m7!3m6!1s0x88530737622a6cd1:0xd1d33177a19d6a5c!8m2!3d36.0996167!4d-80.0718979!16s%2Fg%2F11b6_bbsg0!19sChIJ0WwqYjcHU4gRXGqdoXcx09E?authuser=0&hl=en&rclk=1
Bunzl R3 Greensboro,Distribution Centers,US,Winston-Salem NC,+1 336-665-1500,http://bunzldistribution.com/,,107,https://www.google.com/maps/place/Bunzl+R3+Greensboro/data=!4m7!3m6!1s0x8853a9a6def4e683:0x495530e4fea7c34c!8m2!3d36.0600123!4d-80.1307878!16s%2Fg%2F11flbpzb9c!19sChIJg-b03qapU4gRTMOn_uQwVUk?authuser=0&hl=en&rclk=1
At Home Distribution Center,Distribution Centers,US,Garland TX,,,,3,https://www.google.com/maps/place/At+Home+Distribution+Center/data=!4m7!3m6!1s0x864c1f967c2b4445:0xbdb6c4c76ec8d9cb!8m2!3d32.9075431!4d-96.6895904!16s%2Fg%2F11qswq1hq1!19sChIJRUQrfJYfTIYRy9nIbsfEtr0?authuser=0&hl=en&rclk=1
US Foods Distribution,Distribution Centers,US,Garland TX,,,,55,https://www.google.com/maps/place/US+Foods+Distribution/data=!4m7!3m6!1s0x864c1fe73fc42da9:0xe839638a46f42e1e!8m2!3d32.905034!4d-96.6587686!16s%2Fg%2F11fvmzc9n8!19sChIJqS3EP-cfTIYRHi70RopjOeg?authuser=0&hl=en&rclk=1
Dallas Parts Distribution Center,Distribution Centers,US,Garland TX,+1 866-833-7278,http://dallaspdc.com/?utm_source=google&utm_medium=organic&utm_campaign=gbp-website,,41,https://www.google.com/maps/place/Dallas+Parts+Distribution+Center/data=!4m7!3m6!1s0x864ea0c46f955555:0x4f15e0746bd389c9!8m2!3d32.8785359!4d-96.680141!16s%2Fg%2F11g0k0qcct!19sChIJVVWVb8SgToYRyYnTa3TgFU8?authuser=0&hl=en&rclk=1
Sherwin-Williams Distribution Center,Distribution Centers,US,Garland TX,+1 469-246-2181,http://www.sherwin-williams.com/store-locator?utm_source=google&utm_medium=local_listing&utm_campaign=tag_local_listing,,212,https://www.google.com/maps/place/Sherwin-Williams+Distribution+Center/data=!4m7!3m6!1s0x864ea0aeddf31f0d:0x55857c59fd1f74e!8m2!3d32.8927962!4d-96.6701942!16s%2Fg%2F1tg6kzbp!19sChIJDR_z3a6gToYRTvfRn8VXWAU?authuser=0&hl=en&rclk=1
Market Street Distribution Center,Distribution Centers,US,Garland TX,+1 346-601-8177,https://bkmmarketsreet.com/,hlandwermeyer@bkmmgmt.com,,https://www.google.com/maps/place/Market+Street+Distribution+Center/data=!4m7!3m6!1s0x864ea1855375a525:0x4b0c35261384ed0d!8m2!3d32.8851211!4d-96.668517!16s%2Fg%2F11xs7_m45r!19sChIJJaV1U4WhToYRDe2EEyY1DEs?authuser=0&hl=en&rclk=1
DSG Distribution Center,Distribution Centers,US,Glendale AZ,+1 623-742-3500,http://www.dickssportinggoods.com/,,114,https://www.google.com/maps/place/DSG+Distribution+Center/data=!4m7!3m6!1s0x872b47d22c21c16f:0x164107cd739efa8e!8m2!3d33.5016581!4d-112.4199867!16s%2Fg%2F11bxd801_c!19sChIJb8EhLNJHK4cRjvqec80HQRY?authuser=0&hl=en&rclk=1
The Learning Journey Distribution Center,Distribution Centers,US,Glendale AZ,+1 602-787-1115,http://www.tlji.com/,,2,https://www.google.com/maps/place/The+Learning+Journey+Distribution+Center/data=!4m7!3m6!1s0x872b41f056ca0b5f:0xcf47cad6c62e098a!8m2!3d33.5370636!4d-112.2858818!16s%2Fg%2F11v0hjwwlp!19sChIJXwvKVvBBK4cRigkuxtbKR88?authuser=0&hl=en&rclk=1
Sweetwater Fulfillment Center,Distribution Centers,US,Glendale AZ,+1 800-222-4700,http://www.sweetwater.com/,,29,https://www.google.com/maps/place/Sweetwater+Fulfillment+Center/data=!4m7!3m6!1s0x872b47211c2111eb:0x1d5f7e5cd6d494b1!8m2!3d33.5356421!4d-112.4220292!16s%2Fg%2F11s3dh6tyn!19sChIJ6xEhHCFHK4cRsZTU1lx-Xx0?authuser=0&hl=en&rclk=1
Walmart Warehouse,Distribution Centers,US,Glendale AZ,+1 623-742-4508,,,14,https://www.google.com/maps/place/Walmart+Warehouse/data=!4m7!3m6!1s0x872b15be65688391:0x33e909e4d04dcd7a!8m2!3d33.4357947!4d-112.2220363!16s%2Fg%2F11mwy1yybh!19sChIJkYNoZb4VK4cRes1N0OQJ6TM?authuser=0&hl=en&rclk=1
Sprouts Farmers Market Distribution Warehouse,Distribution Centers,US,Glendale AZ,+1 623-435-7004,http://sprouts.com/home.php,help@instacart.com,180,https://www.google.com/maps/place/Sprouts+Farmers+Market+Distribution+Warehouse/data=!4m7!3m6!1s0x872b6b31bdfc8f13:0x8a50790ea2cf7ff4!8m2!3d33.5153661!4d-112.1752045!16s%2Fg%2F1td2hcn2!19sChIJE4_8vTFrK4cR9H_Pog55UIo?authuser=0&hl=en&rclk=1
Vineyard Food & Clothing Bank - Food Distribution Center,Distribution Centers,US,Glendale AZ,+1 623-934-4000,https://vineyardnorthphoenix.com/foodbank/,schofell@vcfnp.com,94,https://www.google.com/maps/place/Vineyard+Food+%26+Clothing+Bank+-+Food+Distribution+Center/data=!4m7!3m6!1s0x872b6a2d6d4e39b7:0x2b39be1e6ff10557!8m2!3d33.5830157!4d-112.1914392!16s%2Fg%2F11jrj1h5x8!19sChIJtzlObS1qK4cRVwXxbx6-OSs?authuser=0&hl=en&rclk=1
Pepsico Frito-Lay Peoria DC,Distribution Centers,US,Glendale AZ,,http://fritolay.com/,,11,https://www.google.com/maps/place/Pepsico+Frito-Lay+Peoria+DC/data=!4m7!3m6!1s0x872b6bf18902a587:0xe58f8841d0e3abc2!8m2!3d33.5635722!4d-112.2212441!16s%2Fg%2F11tsv449jn!19sChIJh6UCifFrK4cRwqvj0EGIj-U?authuser=0&hl=en&rclk=1
VAI Resort Warehouse,Distribution Centers,US,Glendale AZ,+1 480-622-1866,,,1,https://www.google.com/maps/place/VAI+Resort+Warehouse/data=!4m7!3m6!1s0x872b4100203f2be7:0x786809a88d841be4!8m2!3d33.5200868!4d-112.2774672!16s%2Fg%2F11y4xzpzcr!19sChIJ5ys_IABBK4cR5BuEjagJaHg?authuser=0&hl=en&rclk=1
Green Worldwide Shipping - Phoenix Warehouse,Distribution Centers,US,Glendale AZ,+1 602-649-4080,https://www.greenworldwide.com/,aog@greenworldwide.com,31,https://www.google.com/maps/place/Green+Worldwide+Shipping+-+Phoenix+Warehouse/data=!4m7!3m6!1s0x872b41e771fa92fd:0xe868582b4323c129!8m2!3d33.5215187!4d-112.277687!16s%2Fg%2F11n18_1nrn!19sChIJ_ZL6cedBK4cRKcEjQytYaOg?authuser=0&hl=en&rclk=1
Hercules Industries Phoenix Distribution Center,Distribution Centers,US,Glendale AZ,+1 602-782-1944,http://www.herculesindustries.com/,info@hercmail.com,7,https://www.google.com/maps/place/Hercules+Industries+Phoenix+Distribution+Center/data=!4m7!3m6!1s0x872b15ed3321e32d:0xdf5751c718aa3f55!8m2!3d33.5028524!4d-112.1553168!16s%2Fg%2F11sg41269n!19sChIJLeMhM-0VK4cRVT-qGMdRV98?authuser=0&hl=en&rclk=1
Hope for Hunger Food Bank - Food Distribution Center,Distribution Centers,US,Glendale AZ,+1 602-773-4344,https://phoenixrescuemission.org/hope-for-hunger/,,67,https://www.google.com/maps/place/Hope+for+Hunger+Food+Bank+-+Food+Distribution+Center/data=!4m7!3m6!1s0x872b6b304029c679:0xfcaac834c72dd999!8m2!3d33.5190514!4d-112.1771444!16s%2Fg%2F11jrj11k7c!19sChIJecYpQDBrK4cRmdktxzTIqvw?authuser=0&hl=en&rclk=1
"Logistics Plus, Inc.",Distribution Centers,US,Glendale AZ,,https://www.logisticsplus.com/,recruiting@logisticsplus.com,15,"https://www.google.com/maps/place/Logistics+Plus,+Inc./data=!4m7!3m6!1s0x872b47a319acc99b:0x9225b9b2be939c4e!8m2!3d33.5295134!4d-112.4107384!16s%2Fg%2F11vm7w_fgb!19sChIJm8msGaNHK4cRTpyTvrK5JZI?authuser=0&hl=en&rclk=1"
GoPuff Packing Warehouse,Distribution Centers,US,Glendale AZ,,http://gopuff.com/,,3,https://www.google.com/maps/place/GoPuff+Packing+Warehouse/data=!4m7!3m6!1s0x872b6b00478d651f:0xeb18e926249a1a85!8m2!3d33.538915!4d-112.188879!16s%2Fg%2F11xw7rqh5q!19sChIJH2WNRwBrK4cRhRqaJCbpGOs?authuser=0&hl=en&rclk=1
Wasserstrom Phoenix Distribution Center,Distribution Centers,US,Glendale AZ,+1 800-999-9277,http://www.wasserstrom.com/restaurant-supplies-equipment/DivisionsView,,43,https://www.google.com/maps/place/Wasserstrom+Phoenix+Distribution+Center/data=!4m7!3m6!1s0x872b6a128abf9ae7:0x7485c94f807951e0!8m2!3d33.5690575!4d-112.2257051!16s%2Fg%2F1tdfz5nk!19sChIJ55q_ihJqK4cR4FF5gE_JhXQ?authuser=0&hl=en&rclk=1
Precision Warehouse,Distribution Centers,US,Glendale AZ,+1 602-484-7277,http://www.precisionwarehouse.com/,info@precisionwarehouse.com,9,https://www.google.com/maps/place/Precision+Warehouse/data=!4m7!3m6!1s0x872b14a70f303ff3:0x1a84c5b5ead9f935!8m2!3d33.5020152!4d-112.1451102!16s%2Fg%2F1tgpnhd1!19sChIJ8z8wD6cUK4cRNfnZ6rXFhBo?authuser=0&hl=en&rclk=1
Gridiron Fulfillment LLC,Distribution Centers,US,Glendale AZ,+1 206-658-5028,http://www.gridironfulfillment.com/,,,https://www.google.com/maps/place/Gridiron+Fulfillment+LLC/data=!4m7!3m6!1s0x872b6bb30b3fc0cb:0xa4f5a90539f1d59e!8m2!3d33.5171068!4d-112.1657181!16s%2Fg%2F11t4cqmhph!19sChIJy8A_C7NrK4cRntXxOQWp9aQ?authuser=0&hl=en&rclk=1
UPS Hialeah Hub,Distribution Centers,US,Hialeah FL,,,,14,https://www.google.com/maps/place/UPS+Hialeah+Hub/data=!4m7!3m6!1s0x88d9b10007e87d01:0xe660ec0907e59f7b!8m2!3d25.8748535!4d-80.2638643!16s%2Fg%2F11wmw2c1_z!19sChIJAX3oBwCx2YgRe5_lBwnsYOY?authuser=0&hl=en&rclk=1
UPS Hub Hialeah,Distribution Centers,US,Hialeah FL,+1 786-413-2000,,,36,https://www.google.com/maps/place/UPS+Hub+Hialeah/data=!4m7!3m6!1s0x88d9b1003bb3f203:0xbcc0678dc26063f4!8m2!3d25.8740077!4d-80.2642097!16s%2Fg%2F11w3bgcpsj!19sChIJA_KzOwCx2YgR9GNgwo1nwLw?authuser=0&hl=en&rclk=1
Hialeah SFL2 Amazon,Distribution Centers,US,Hialeah FL,,,,226,https://www.google.com/maps/place/Hialeah+SFL2+Amazon/data=!4m7!3m6!1s0x88d9b1355230abaf:0x379522349d5ee980!8m2!3d25.8168349!4d-80.2592991!16s%2Fg%2F11rgb4nhky!19sChIJr6swUjWx2YgRgOlenTQilTc?authuser=0&hl=en&rclk=1
J C Distribution Center,Distribution Centers,US,Hialeah FL,+1 305-953-4188,,,17,https://www.google.com/maps/place/J+C+Distribution+Center/data=!4m7!3m6!1s0x88d9b010f9a1821b:0xeaf66e12fc8d01a!8m2!3d25.8878938!4d-80.2621285!16s%2Fg%2F1tgjm2gx!19sChIJG4Kh-RCw2YgRGtDIL-Fmrw4?authuser=0&hl=en&rclk=1
AM Distributors,Distribution Centers,US,Hialeah FL,,,,12,https://www.google.com/maps/place/AM+Distributors/data=!4m7!3m6!1s0x88d9bbec0567d8ef:0x1b7a1ed78bd4ee36!8m2!3d25.8523119!4d-80.3147386!16s%2Fg%2F11srt_tmw8!19sChIJ79hnBey72YgRNu7Ui9ceehs?authuser=0&hl=en&rclk=1
Winn Dixie Distribution Center,Distribution Centers,US,Hialeah FL,+1 305-769-6666,https://www.winndixie.com/,,163,https://www.google.com/maps/place/Winn+Dixie+Distribution+Center/data=!4m7!3m6!1s0x88d9b03de2d66e11:0xce523ab6f2453667!8m2!3d25.8849678!4d-80.2556762!16s%2Fg%2F1wbg06cd!19sChIJEW7W4j2w2YgRZzZF8rY6Us4?authuser=0&hl=en&rclk=1
"Cargill Miami, FL Distribution Center",Distribution Centers,US,Hialeah FL,+1 800-423-3124,https://distributors.cargill.com/miami/,,30,"https://www.google.com/maps/place/Cargill+Miami,+FL+Distribution+Center/data=!4m7!3m6!1s0x88d9bb939b0ed0f9:0x52c523c2a1f35f05!8m2!3d25.9050752!4d-80.3698078!16s%2Fg%2F11nnq6n69m!19sChIJ-dAOm5O72YgRBV_zocIjxVI?authuser=0&hl=en&rclk=1"
Us Post Office Royal Palm Processing & Distribution Center,Distribution Centers,US,Hialeah FL,+1 305-953-5600,,,82,https://www.google.com/maps/place/Us+Post+Office+Royal+Palm+Processing+%26+Distribution+Center/data=!4m7!3m6!1s0x88d9bab290981cbd:0x42fe817fa55009bd!8m2!3d25.9021065!4d-80.2886184!16s%2Fg%2F11fll6l9v5!19sChIJvRyYkLK62YgRvQlQpX-B_kI?authuser=0&hl=en&rclk=1
A&B Distribution Center,Distribution Centers,US,Hialeah FL,+1 305-603-7605,http://www.aandbwarehousing.com/,dayanawarehouse@gmail.com,1,https://www.google.com/maps/place/A%26B+Distribution+Center/data=!4m7!3m6!1s0x88d9b095a8ef30df:0xbd538082fdfa646b!8m2!3d25.8997363!4d-80.3715241!16s%2Fg%2F1jkwp4_1m!19sChIJ3zDvqJWw2YgRa2T6_YKAU70?authuser=0&hl=en&rclk=1
Amazon Warehouse DMI3,Distribution Centers,US,Hialeah FL,,,,374,https://www.google.com/maps/place/Amazon+Warehouse+DMI3/data=!4m7!3m6!1s0x88d9b989c71bf383:0x367d21dc88defaf4!8m2!3d25.8024846!4d-80.3053919!16s%2Fg%2F11df0mhg81!19sChIJg_Mbx4m52YgR9PreiNwhfTY?authuser=0&hl=en&rclk=1
Essendant - Miami Distribution Center,Distribution Centers,US,Hialeah FL,+1 305-863-6300,https://www.essendant.com/?utm_source=google&utm_medium=organic&utm_campaign=gmb&utm_content=ftl,,30,https://www.google.com/maps/place/Essendant+-+Miami+Distribution+Center/data=!4m7!3m6!1s0x88d9b0ba09c89c67:0xc77fdde35d059835!8m2!3d25.8677155!4d-80.3754617!16s%2Fg%2F1vxzbf3l!19sChIJZ5zICbqw2YgRNZgFXePdf8c?authuser=0&hl=en&rclk=1
Mobilare Warehousing Logistics Distribution Center,Distribution Centers,US,Hialeah FL,+1 786-360-1502,https://mobilaregroup.com/,info@mobilarelogistics.com,13,https://www.google.com/maps/place/Mobilare+Warehousing+Logistics+Distribution+Center/data=!4m7!3m6!1s0x88d9bb76fa40157f:0x4d3741f48b6675a8!8m2!3d25.8753517!4d-80.2382719!16s%2Fg%2F11clsscnxw!19sChIJfxVA-na72YgRqHVmi_RBN00?authuser=0&hl=en&rclk=1
Miami Tech Inc. Distribution Center,Distribution Centers,US,Hialeah FL,+1 800-339-2290,http://www.miamitech.com/,orders@miamitech.com,1,https://www.google.com/maps/place/Miami+Tech+Inc.+Distribution+Center/data=!4m7!3m6!1s0x88d9b092c01bed9d:0xc984faa3eaa3fe62!8m2!3d25.8390926!4d-80.2565442!16s%2Fg%2F1tgdjt12!19sChIJne0bwJKw2YgRYv6j6qP6hMk?authuser=0&hl=en&rclk=1
Delta Apparel Distribution Center,Distribution Centers,US,Hialeah FL,+1 800-285-4456,http://www.deltaapparel.com/,,7,https://www.google.com/maps/place/Delta+Apparel+Distribution+Center/data=!4m7!3m6!1s0x88d9b06c953ef8e1:0x923d401e80137121!8m2!3d25.8772516!4d-80.261252!16s%2Fg%2F11gdyhgc55!19sChIJ4fg-lWyw2YgRIXETgB5APZI?authuser=0&hl=en&rclk=1
Boeing Distribution Services Inc. HQ,Distribution Centers,US,Hialeah FL,+1 305-925-2600,https://services.boeing.com/locations/north-america/miami-florida?utm_source=GBPlisting&utm_medium=organic&utm_campaign=gbp,,85,https://www.google.com/maps/place/Boeing+Distribution+Services+Inc.+HQ/data=!4m7!3m6!1s0x88d9bb245674ae35:0x4b20ee2fda1d7a7d!8m2!3d25.9199827!4d-80.3595274!16s%2Fg%2F11f55_mw97!19sChIJNa50ViS72YgRfXod2i_uIEs?authuser=0&hl=en&rclk=1
SRPMIC Public Works Warehouse,Distribution Centers,US,Scottsdale AZ,+1 480-362-5600,,,19,https://www.google.com/maps/place/SRPMIC+Public+Works+Warehouse/data=!4m7!3m6!1s0x872b0a018e1cc5fb:0xf465c86d7779bb2c!8m2!3d33.4848416!4d-111.8620912!16s%2Fg%2F11b76bmz_2!19sChIJ-8UcjgEKK4cRLLt5d23IZfQ?authuser=0&hl=en&rclk=1
Studio41 Distribution Center,Distribution Centers,US,Scottsdale AZ,+1 480-999-1727,http://www.shopstudio41.com/,,11,https://www.google.com/maps/place/Studio41+Distribution+Center/data=!4m7!3m6!1s0x872b7435b52464e3:0x8347f503b8627f63!8m2!3d33.62627!4d-111.908872!16s%2Fg%2F11bz09npmq!19sChIJ42QktTV0K4cRY39iuAP1R4M?authuser=0&hl=en&rclk=1
SKU Distribution - FTZ Warehouse & Fulfillment Services,Distribution Centers,US,Scottsdale AZ,+1 602-875-0455,https://skudistribution.com/?utm_source=google&utm_medium=gmb-chdr,info@skudistribution.com,18,https://www.google.com/maps/place/SKU+Distribution+-+FTZ+Warehouse+%26+Fulfillment+Services/data=!4m7!3m6!1s0x872b08b3148f9e71:0x66f1746997942cf5!8m2!3d33.2766418!4d-111.8026275!16s%2Fg%2F11dx8fscmc!19sChIJcZ6PFLMIK4cR9SyUl2l08WY?authuser=0&hl=en&rclk=1
Mack Innovation Park Building C,Distribution Centers,US,Scottsdale AZ,,https://mackregroup.com/,equity@mackregroup.com,1,https://www.google.com/maps/place/Mack+Innovation+Park+Building+C/data=!4m7!3m6!1s0x872b75000e1aa88b:0x3494a9b34c10c28e!8m2!3d33.6456063!4d-111.8893958!16s%2Fg%2F11mzq7f80l!19sChIJi6gaDgB1K4cRjsIQTLOplDQ?authuser=0&hl=en&rclk=1
McDonald's Warehouse Corporate office,Distribution Centers,US,Scottsdale AZ,+1 480-367-9500,http://www.mcdonalds.com/,,54,https://www.google.com/maps/place/McDonald%27s+Warehouse+Corporate+office/data=!4m7!3m6!1s0x872b75ccc33b9bbd:0x212af1c91857fe50!8m2!3d33.6318592!4d-111.9032118!16s%2Fg%2F1wf22b03!19sChIJvZs7w8x1K4cRUP5XGMnxKiE?authuser=0&hl=en&rclk=1
"MOUNTAIN WEST DISTRIBUTORS, INC",Distribution Centers,US,Scottsdale AZ,+1 602-437-1121,http://mwd1.com/,,40,"https://www.google.com/maps/place/MOUNTAIN+WEST+DISTRIBUTORS,+INC/data=!4m7!3m6!1s0x872b0fa82e44cedb:0x68aacf2b5743a4ad!8m2!3d33.5554126!4d-111.8895901!16s%2Fg%2F1tfbtbq9!19sChIJ285ELqgPK4cRraRDVyvPqmg?authuser=0&hl=en&rclk=1"
Premium Distribution,Distribution Centers,US,Scottsdale AZ,+1 844-744-3544,http://premiumdistribution.com/,admin@pdfulfillment.com,8,https://www.google.com/maps/place/Premium+Distribution/data=!4m7!3m6!1s0x872b743a3a3fffff:0x6b2cb638fad6d6b2!8m2!3d33.6281082!4d-111.9186341!16s%2Fg%2F11f547dhnr!19sChIJ__8_Ojp0K4cRstbW-ji2LGs?authuser=0&hl=en&rclk=1
Salt River Pima-Maricopa Indian Community Food Distribution Program - Food Distribution Center,Distribution Centers,US,Scottsdale AZ,+1 480-362-7277,,,9,https://www.google.com/maps/place/Salt+River+Pima-Maricopa+Indian+Community+Food+Distribution+Program+-+Food+Distribution+Center/data=!4m7!3m6!1s0x872b09e501ebffff:0x5a79b93514fc815d!8m2!3d33.469371!4d-111.8658714!16s%2Fg%2F11jprswdzf!19sChIJ___rAeUJK4cRXYH8FDW5eVo?authuser=0&hl=en&rclk=1
Vista del Camino - Food Distribution Center,Distribution Centers,US,Scottsdale AZ,+1 480-312-2323,https://scottsdalecommunitypartners.org/program/vista-del-camino-food-bank/,,28,https://www.google.com/maps/place/Vista+del+Camino+-+Food+Distribution+Center/data=!4m7!3m6!1s0x872b0971b1585deb:0x4cb279ad3d08cfab!8m2!3d33.4510449!4d-111.9095513!16s%2Fg%2F11jppwjwp9!19sChIJ611YsXEJK4cRq88IPa15skw?authuser=0&hl=en&rclk=1
Southern Glazer's Wine & Spirits Direct Warehouse Sales,Distribution Centers,US,Scottsdale AZ,+1 480-613-6575,https://www.southernglazers.com/location/arizona/,gregoryastle@sgws.com,1,https://www.google.com/maps/place/Southern+Glazer%27s+Wine+%26+Spirits+Direct+Warehouse+Sales/data=!4m7!3m6!1s0x872b0b46c03f07cd:0x1c8ce2208271fc9c!8m2!3d33.4716193!4d-111.9257002!16s%2Fg%2F11pckz2h8y!19sChIJzQc_wEYLK4cRnPxxgiDijBw?authuser=0&hl=en&rclk=1
Diamond Blade Warehouse,Distribution Centers,US,Scottsdale AZ,+1 480-423-5400,https://www.diamondbladewarehouse.com/,info@diamondbladewarehouse.com,2,https://www.google.com/maps/place/Diamond+Blade+Warehouse/data=!4m7!3m6!1s0x872b0bbbc13af007:0x6f18090becb7f082!8m2!3d33.4845147!4d-111.9098174!16s%2Fg%2F1263g70gg!19sChIJB_A6wbsLK4cRgvC37AsJGG8?authuser=0&hl=en&rclk=1
Scottsdale Memorial Hospital - Food Distribution Center,Distribution Centers,US,Scottsdale AZ,,,,1,https://www.google.com/maps/place/Scottsdale+Memorial+Hospital+-+Food+Distribution+Center/data=!4m7!3m6!1s0x872b0bbbffffffff:0xeaded4060a68bf15!8m2!3d33.4986983!4d-111.9224423!16s%2Fg%2F11jppwfbhg!19sChIJ_____7sLK4cRFb9oCgbU3uo?authuser=0&hl=en&rclk=1
Tempe Community Action Agency - Food Distribution Center,Distribution Centers,US,Scottsdale AZ,+1 480-312-1700,https://tempeaction.org/get-help/food-security/food-pantry.html,,1,https://www.google.com/maps/place/Tempe+Community+Action+Agency+-+Food+Distribution+Center/data=!4m7!3m6!1s0x872b09831d3fffff:0x7cf0e59c79c81296!8m2!3d33.4671106!4d-111.9015108!16s%2Fg%2F11k6lzp2x3!19sChIJ__8_HYMJK4cRlhLIeZzl8Hw?authuser=0&hl=en&rclk=1
DART Irving Warehouse,Distribution Centers,US,Irving TX,+1 214-979-1111,,,14,https://www.google.com/maps/place/DART+Irving+Warehouse/data=!4m7!3m6!1s0x864e9cb66ed347bd:0x6a8b99b0d749a3f!8m2!3d32.8175431!4d-96.9148163!16s%2Fg%2F11btvgbz3x!19sChIJvUfTbracToYRP5p0DZu5qAY?authuser=0&hl=en&rclk=1
Trader Joe's Distribution Center,Distribution Centers,US,Irving TX,,http://www.traderjoes.com/,,181,https://www.google.com/maps/place/Trader+Joe%27s+Distribution+Center/data=!4m7!3m6!1s0x864e8177ab8ff67d:0xcb8784b8db07aed5!8m2!3d32.8191282!4d-97.021515!16s%2Fg%2F11j85wrhjv!19sChIJffaPq3eBToYR1a4H27iEh8s?authuser=0&hl=en&rclk=1
Nissan Parts Distribution Center,Distribution Centers,US,Irving TX,+1 972-929-2649,,,36,https://www.google.com/maps/place/Nissan+Parts+Distribution+Center/data=!4m7!3m6!1s0x864c299bc9945b37:0x59bd5af203d607cb!8m2!3d32.9269447!4d-97.0063476!16s%2Fg%2F1tdfz3kp!19sChIJN1uUyZspTIYRywfWA_JavVk?authuser=0&hl=en&rclk=1
L’OBJET Texas - Distribution Center,Distribution Centers,US,Irving TX,+1 855-562-5388,http://www.l-objet.com/,customerservice@l-objet.com,5,https://www.google.com/maps/place/L%E2%80%99OBJET+Texas+-+Distribution+Center/data=!4m7!3m6!1s0x864e83c4bd314045:0x8cfb26204e3a55da!8m2!3d32.8223614!4d-96.9949463!16s%2Fg%2F1ts1n0x8!19sChIJRUAxvcSDToYR2lU6TiAm-4w?authuser=0&hl=en&rclk=1
Essendant - Dallas Office Supplies Distribution Center,Distribution Centers,US,Irving TX,+1 817-283-3663,https://www.essendant.com/?utm_source=google&utm_medium=organic&utm_campaign=gmb&utm_content=dfw,,50,https://www.google.com/maps/place/Essendant+-+Dallas+Office+Supplies+Distribution+Center/data=!4m7!3m6!1s0x864e83cc6955f6b9:0x5d42151e96b9f110!8m2!3d32.8295239!4d-97.0328958!16s%2Fg%2F1tjs5br9!19sChIJufZVacyDToYREPG5lh4VQl0?authuser=0&hl=en&rclk=1
World Class Distribution,Distribution Centers,US,Irving TX,+1 972-957-3040,,,3,https://www.google.com/maps/place/World+Class+Distribution/data=!4m7!3m6!1s0x864e8176ca78c967:0x101e9e582ed02f20!8m2!3d32.8191929!4d-97.0215014!16s%2Fg%2F11nk44v_kd!19sChIJZ8l4ynaBToYRIC_QLlieHhA?authuser=0&hl=en&rclk=1
Amazon RBD5,Distribution Centers,US,Irving TX,,,,195,https://www.google.com/maps/place/Amazon+RBD5/data=!4m7!3m6!1s0x864e815caa7f312d:0x859ff4e0fa473d5d!8m2!3d32.8655508!4d-97.0197344!16s%2Fg%2F11pcf5z76p!19sChIJLTF_qlyBToYRXT1H-uD0n4U?authuser=0&hl=en&rclk=1
DDX3 Amazon Warehouse,Distribution Centers,US,Irving TX,,,,8,https://www.google.com/maps/place/DDX3+Amazon+Warehouse/data=!4m7!3m6!1s0x864e830005f95f69:0xdfb76c85939360c!8m2!3d32.8786242!4d-96.9837501!16s%2Fg%2F11yjj6xs2j!19sChIJaV_5BQCDToYRDDY5Wch2-w0?authuser=0&hl=en&rclk=1
Loop 12 Distribution Center,Distribution Centers,US,Irving TX,,,,1,https://www.google.com/maps/place/Loop+12+Distribution+Center/data=!4m7!3m6!1s0x864e9cc79b1785a7:0x27e55ef21f129abc!8m2!3d32.821773!4d-96.9080966!16s%2Fg%2F11gl2vf359!19sChIJp4UXm8ecToYRvJoSH_Je5Sc?authuser=0&hl=en&rclk=1
Ergo Distribution,Distribution Centers,US,Irving TX,,,,5,https://www.google.com/maps/place/Ergo+Distribution/data=!4m7!3m6!1s0x864c29a1bfed5c43:0x67f96ee05b049ed0!8m2!3d32.916711!4d-97.000855!16s%2Fg%2F11v9v2wxgh!19sChIJQ1ztv6EpTIYR0J4EW-Bu-Wc?authuser=0&hl=en&rclk=1
Century Distribution (Irving),Distribution Centers,US,Irving TX,+1 281-933-2400,http://www.lawsonfloors.com/,,22,https://www.google.com/maps/place/Century+Distribution+%28Irving%29/data=!4m7!3m6!1s0x864e9ce5da1854d5:0xf13d1ed6f9bed468!8m2!3d32.8349486!4d-96.893698!16s%2Fg%2F1yfdr09x2!19sChIJ1VQY2uWcToYRaNS--dYePfE?authuser=0&hl=en&rclk=1
DFW Distribution Center,Distribution Centers,US,Irving TX,,,,13,https://www.google.com/maps/place/DFW+Distribution+Center/data=!4m7!3m6!1s0x864c2ae652163b5f:0xffe251fdae44b236!8m2!3d32.9154779!4d-97.0706481!16s%2Fg%2F1233dvrb_!19sChIJXzsWUuYqTIYRNrJErv1R4v8?authuser=0&hl=en&rclk=1
Amazon RBD5 Main Entrance,Distribution Centers,US,Irving TX,,,,9,https://www.google.com/maps/place/Amazon+RBD5+Main+Entrance/data=!4m7!3m6!1s0x864e81e2f4386f11:0x4b3f0deb6957dec6!8m2!3d32.8636841!4d-97.023889!16s%2Fg%2F11sk7ds6g0!19sChIJEW849OKBToYRxt5XaesNP0s?authuser=0&hl=en&rclk=1
Fedex,Distribution Centers,US,Irving TX,,https://www.fedex.com/en-us/home.html,,13,https://www.google.com/maps/place/Fedex/data=!4m7!3m6!1s0x864e9d0a66080c87:0xf2ca2f184e0d8fd6!8m2!3d32.8483928!4d-96.8990912!16s%2Fg%2F11qrvvs30t!19sChIJhwwIZgqdToYR1o8NThgvyvI?authuser=0&hl=en&rclk=1
Boeing Distribution,Distribution Centers,US,Irving TX,+1 800-284-2551,https://services.boeing.com/locations/north-america/dallas-texas?utm_source=GBPlisting&utm_medium=organic&utm_campaign=BDI-Irving-2750,,109,https://www.google.com/maps/place/Boeing+Distribution/data=!4m7!3m6!1s0x864c2bc65de7c54f:0x15c6f118cc748d64!8m2!3d32.9388926!4d-97.0254818!16s%2Fg%2F1td25vq7!19sChIJT8XnXcYrTIYRZI10zBjxxhU?authuser=0&hl=en&rclk=1
DOR1 Amazon FLEX Warehouse,Distribution Centers,US,Chesapeake VA,+1 757-494-3984,,,156,https://www.google.com/maps/place/DOR1+Amazon+FLEX+Warehouse/data=!4m7!3m6!1s0x89babcd3c7d7548f:0x1f6e7780b00f4231!8m2!3d36.7885483!4d-76.2666142!16s%2Fg%2F11f01z2qjj!19sChIJj1TXx9O8uokRMUIPsIB3bh8?authuser=0&hl=en&rclk=1
Amazon ORF2,Distribution Centers,US,Chesapeake VA,,,,449,https://www.google.com/maps/place/Amazon+ORF2/data=!4m7!3m6!1s0x89baa1433030c7a1:0xcb4090f92978e06e!8m2!3d36.8124006!4d-76.4501741!16s%2Fg%2F11pwqrvg36!19sChIJoccwMEOhuokRbuB4KfmQQMs?authuser=0&hl=en&rclk=1
World Distribution Services Chesapeake,Distribution Centers,US,Chesapeake VA,+1 757-741-5820,https://www.worldds.net/chesapeake-virginia-warehouse/?utm_source=gmb&utm_medium=organic,,33,https://www.google.com/maps/place/World+Distribution+Services+Chesapeake/data=!4m7!3m6!1s0x89babd4be9497787:0x66cbf25d3faefc19!8m2!3d36.825176!4d-76.2703783!16s%2Fg%2F11ghsdfx13!19sChIJh3dJ6Uu9uokRGfyuP13yy2Y?authuser=0&hl=en&rclk=1
Damco,Distribution Centers,US,Chesapeake VA,+1 757-638-5828,http://www.damco.com/en/contact/offices/united-states-of-america-damco-chesapeake-1,,212,https://www.google.com/maps/place/Damco/data=!4m7!3m6!1s0x89baa015d51d5d31:0x35e687f19737e646!8m2!3d36.8385985!4d-76.439582!16s%2Fg%2F1tt8d4y_!19sChIJMV0d1RWguokRRuY3l_GH5jU?authuser=0&hl=en&rclk=1
HP DAMCO CHESAPEAKE,Distribution Centers,US,Chesapeake VA,,,,8,https://www.google.com/maps/place/HP+DAMCO+CHESAPEAKE/data=!4m7!3m6!1s0x89baa101831cd613:0x2d295c3a2a5ae3f6!8m2!3d36.840314!4d-76.4353137!16s%2Fg%2F11l4lvhtm0!19sChIJE9YcgwGhuokR9uNaKjpcKS0?authuser=0&hl=en&rclk=1
Dollar Tree Distribution Center,Distribution Centers,US,Chesapeake VA,+1 757-842-6628,https://www.dollartree.com/locations/va/chesapeake/dc1/?utm_source=google&utm_medium=organic&utm_campaign=maps,,155,https://www.google.com/maps/place/Dollar+Tree+Distribution+Center/data=!4m7!3m6!1s0x89babd5570bba9af:0x2e9fcc1dcd50a130!8m2!3d36.7700186!4d-76.2403258!16s%2Fg%2F11ghp2qh39!19sChIJr6m7cFW9uokRMKFQzR3Mny4?authuser=0&hl=en&rclk=1
Carroll Distribution Center,Distribution Centers,US,Chesapeake VA,+1 757-853-1170,http://www.carroll-trucking.com/,info@carroll-trucking.com,10,https://www.google.com/maps/place/Carroll+Distribution+Center/data=!4m7!3m6!1s0x89ba9711e34bb6fb:0x73eb7a0872ff048d!8m2!3d36.9019037!4d-76.2583626!16s%2Fg%2F11n883grj6!19sChIJ-7ZL4xGXuokRjQT_cgh663M?authuser=0&hl=en&rclk=1
Continental Terminal Inc,Distribution Centers,US,Chesapeake VA,+1 757-487-5354,http://www.continentalterminals.com/,infonj@continentalterminals.com,34,https://www.google.com/maps/place/Continental+Terminal+Inc/data=!4m7!3m6!1s0x89baa15834e07057:0x50d10accf729634e!8m2!3d36.7768468!4d-76.3659336!16s%2Fg%2F1v0llpbv!19sChIJV3DgNFihuokRTmMp98wK0VA?authuser=0&hl=en&rclk=1
Plasser American Warehouse,Distribution Centers,US,Chesapeake VA,+1 757-543-3526,https://www.plasseramerican.com/en/home/start,plasseramerican@plausa.com,5,https://www.google.com/maps/place/Plasser+American+Warehouse/data=!4m7!3m6!1s0x89babdaf634ec8c5:0x2e096a0dc169ce4d!8m2!3d36.8066749!4d-76.2652462!16s%2Fg%2F11s4rv5fsd!19sChIJxchOY6-9uokRTc5pwQ1qCS4?authuser=0&hl=en&rclk=1
Americold Logistics Chesapeake,Distribution Centers,US,Chesapeake VA,+1 757-487-7847,https://www.americold.com/,,108,https://www.google.com/maps/place/Americold+Logistics+Chesapeake/data=!4m7!3m6!1s0x89baa15ba402a3bb:0x2350484a752de364!8m2!3d36.7799764!4d-76.3702507!16s%2Fg%2F1tfqgq2n!19sChIJu6MCpFuhuokRZOMtdUpIUCM?authuser=0&hl=en&rclk=1
GE Warehouse CVN74 Supply Department SHIPSUP/S-8,Distribution Centers,US,Chesapeake VA,+1 757-935-9082,,,1,https://www.google.com/maps/place/GE+Warehouse+CVN74+Supply+Department+SHIPSUP%2FS-8/data=!4m7!3m6!1s0x89ba9f11a464d65b:0xd1a73fb6b0c9f52f!8m2!3d36.9015929!4d-76.442855!16s%2Fg%2F11r966gzx1!19sChIJW9ZkpBGfuokRL_XJsLY_p9E?authuser=0&hl=en&rclk=1
Chesbay Distributing Co Inc,Distribution Centers,US,Chesapeake VA,+1 757-558-8170,https://chesbaydistributing.com/,rbgcomms@reyesholdings.com,95,https://www.google.com/maps/place/Chesbay+Distributing+Co+Inc/data=!4m7!3m6!1s0x89baa138dcf97149:0x2acd302cfc616d07!8m2!3d36.7832256!4d-76.3895917!16s%2Fg%2F1tzvxggj!19sChIJSXH53DihuokRB21h_CwwzSo?authuser=0&hl=en&rclk=1
Chesapeake Store,Distribution Centers,US,Chesapeake VA,,,,1,https://www.google.com/maps/place/Chesapeake+Store/data=!4m7!3m6!1s0x89baa3006b4fa569:0xa3f0e4beda52256!8m2!3d36.7744431!4d-76.3615045!16s%2Fg%2F11y5bglwq_!19sChIJaaVPawCjuokRViKl7UsOPwo?authuser=0&hl=en&rclk=1
RPM,Distribution Centers,US,Chesapeake VA,+1 757-545-5566,https://rpmwarehouse.com/,,25,https://www.google.com/maps/place/RPM/data=!4m7!3m6!1s0x89babcd63ef502e3:0xadf5e413d12c4898!8m2!3d36.7957916!4d-76.2639999!16s%2Fg%2F1hc81m7h_!19sChIJ4wL1Pta8uokRmEgs0RPk9a0?authuser=0&hl=en&rclk=1
Amazon Fulfillment Center LAS6,Distribution Centers,US,North Las Vegas NV,+1 855-556-5208,https://www.amazon.jobs/,,326,https://www.google.com/maps/place/Amazon+Fulfillment+Center+LAS6/data=!4m7!3m6!1s0x80c8e7e93c218c63:0xc4b591b6217f6278!8m2!3d36.2668919!4d-115.0743905!16s%2Fg%2F11dx921bfp!19sChIJY4whPOnnyIAReGJ_IbaRtcQ?authuser=0&hl=en&rclk=1
World Pack Distribution Center,Distribution Centers,US,North Las Vegas NV,+1 702-637-0837,http://worldpackusa.com/,info@worldpackusa.com,97,https://www.google.com/maps/place/World+Pack+Distribution+Center/data=!4m7!3m6!1s0x80c8dd2441c2875d:0x211bec5cc6ec2bd3!8m2!3d36.2121582!4d-115.079277!16s%2Fg%2F11btrs69jr!19sChIJXYfCQSTdyIAR0yvsxlzsGyE?authuser=0&hl=en&rclk=1
"AW2 Fulfillment, Warehouse and Distribution, Las Vegas",Distribution Centers,US,North Las Vegas NV,+1 702-454-2222,http://www.aw2logistics.com/,info@aw2logistics.com,2,"https://www.google.com/maps/place/AW2+Fulfillment,+Warehouse+and+Distribution,+Las+Vegas/data=!4m7!3m6!1s0x80c8e9cb66a5aae7:0x84502d31862c3e87!8m2!3d36.239023!4d-115.124175!16s%2Fg%2F11p478cq2p!19sChIJ56qlZsvpyIARhz4shjEtUIQ?authuser=0&hl=en&rclk=1"
Duravent Group Distribution Center,Distribution Centers,US,North Las Vegas NV,+1 725-529-3761,,,4,https://www.google.com/maps/place/Duravent+Group+Distribution+Center/data=!4m7!3m6!1s0x80c8c3272a9b690d:0xbf090cd0367db5e8!8m2!3d36.2029829!4d-115.1732956!16s%2Fg%2F11w7m8bdgp!19sChIJDWmbKifDyIAR6LV9NtAMCb8?authuser=0&hl=en&rclk=1
Clearwater Paper Corporation - LV2 Warehouse,Distribution Centers,US,North Las Vegas NV,,https://www.sofidel.com/en/,sofidel@sofidel.com,17,https://www.google.com/maps/place/Clearwater+Paper+Corporation+-+LV2+Warehouse/data=!4m7!3m6!1s0x80c8c284b9d94261:0x623ecd46b0be2a1f!8m2!3d36.2272033!4d-115.1307449!16s%2Fg%2F11fy4c8m7f!19sChIJYULZuYTCyIARHyq-sEbNPmI?authuser=0&hl=en&rclk=1
Crocs Inc Distribution Center,Distribution Centers,US,North Las Vegas NV,,http://heydude.com/,,27,https://www.google.com/maps/place/Crocs+Inc+Distribution+Center/data=!4m7!3m6!1s0x80c8e121e1ecef8b:0xb6be430e4e7aeedf!8m2!3d36.3416913!4d-114.9355645!16s%2Fg%2F11kqclx9ky!19sChIJi-_s4SHhyIAR3-56Tg5DvrY?authuser=0&hl=en&rclk=1
DHL Returns Center 9195,Distribution Centers,US,North Las Vegas NV,+1 702-633-3436,,,40,https://www.google.com/maps/place/DHL+Returns+Center+9195/data=!4m7!3m6!1s0x80c8dddb57e805fd:0xffaf9caf9f265bca!8m2!3d36.2196114!4d-115.0684974!16s%2Fg%2F11hyx_k36_!19sChIJ_QXoV9vdyIARylsmn6-cr_8?authuser=0&hl=en&rclk=1
Daily Direct Las Vegas Warehouse,Distribution Centers,US,North Las Vegas NV,+1 888-428-5245,http://haulbikes.com/,,42,https://www.google.com/maps/place/Daily+Direct+Las+Vegas+Warehouse/data=!4m7!3m6!1s0x80c8dd248b60e44b:0x90da6966c8210104!8m2!3d36.2133445!4d-115.0777053!16s%2Fg%2F11cnctfy50!19sChIJS-RgiyTdyIARBAEhyGZp2pA?authuser=0&hl=en&rclk=1
Living Spaces - Distribution Center,Distribution Centers,US,North Las Vegas NV,,,,14,https://www.google.com/maps/place/Living+Spaces+-+Distribution+Center/data=!4m7!3m6!1s0x80c8dd2f2c0f2bbf:0x45af1f18b5a6fd11!8m2!3d36.2082786!4d-115.0839462!16s%2Fg%2F11gh_43mdc!19sChIJvysPLC_dyIAREf2mtRgfr0U?authuser=0&hl=en&rclk=1
Las Vegas Packaging & Distribution,Distribution Centers,US,North Las Vegas NV,+1 702-706-5154,http://lasvegaspack.com/,lasvegaspack@gmail.com,2,https://www.google.com/maps/place/Las+Vegas+Packaging+%26+Distribution/data=!4m7!3m6!1s0x80c8dd2f7e956709:0xcccdb9772269961f!8m2!3d36.225429!4d-115.0732256!16s%2Fg%2F11b7ljkj9j!19sChIJCWeVfi_dyIARH5ZpIne5zcw?authuser=0&hl=en&rclk=1
OAK5 Amazon Sort Center,Distribution Centers,US,Fremont CA,,,,410,https://www.google.com/maps/place/OAK5+Amazon+Sort+Center/data=!4m7!3m6!1s0x808fbf4851f78ae7:0xb04dde1fd6c509bc!8m2!3d37.5204908!4d-122.0140157!16s%2Fg%2F11b6j72crs!19sChIJ54r3UUi_j4ARvAnF1h_eTbA?authuser=0&hl=en&rclk=1
Office Depot Distribution Business Services Division,Distribution Centers,US,Fremont CA,+1 510-497-1900,,,24,https://www.google.com/maps/place/Office+Depot+Distribution+Business+Services+Division/data=!4m7!3m6!1s0x808fc76600eab3ef:0x4ce5fc9752e6c377!8m2!3d37.4998197!4d-121.9806386!16s%2Fg%2F1hc1spfxd!19sChIJ77PqAGbHj4ARd8PmUpf85Uw?authuser=0&hl=en&rclk=1
Amazon hub,Distribution Centers,US,Fremont CA,,,,15,https://www.google.com/maps/place/Amazon+hub/data=!4m7!3m6!1s0x808fc7799dc423ef:0x837ed62385538b06!8m2!3d37.4991741!4d-121.968039!16s%2Fg%2F11m1w7yytv!19sChIJ7yPEnXnHj4ARBotThSPWfoM?authuser=0&hl=en&rclk=1
Amazon hsf2,Distribution Centers,US,Fremont CA,,,,36,https://www.google.com/maps/place/Amazon+hsf2/data=!4m7!3m6!1s0x808fc7c79eb3822f:0x82f15af3f3c0f66b!8m2!3d37.5093157!4d-121.9399827!16s%2Fg%2F11fs2zkmsr!19sChIJL4KznsfHj4ARa_bA8_Na8YI?authuser=0&hl=en&rclk=1
Living Spaces,Distribution Centers,US,Fremont CA,+1 877-266-7300,https://www.livingspaces.com/stores/fremont-dc,,440,https://www.google.com/maps/place/Living+Spaces/data=!4m7!3m6!1s0x808fc75708177f67:0x33997cefef52d96c!8m2!3d37.5127491!4d-121.9898489!16s%2Fg%2F11cs1761kt!19sChIJZ38XCFfHj4ARbNlS7-98mTM?authuser=0&hl=en&rclk=1
Centerville Free Dining Room - Food Distribution Center,Distribution Centers,US,Fremont CA,+1 510-793-3575,http://www.cpcfremont.org/,cpcoffice@cpcfremont.org,2,https://www.google.com/maps/place/Centerville+Free+Dining+Room+-+Food+Distribution+Center/data=!4m7!3m6!1s0x808fbf77b56424a5:0x2fc79e65ef6485eb!8m2!3d37.5520359!4d-122.0061927!16s%2Fg%2F11k6hh03vj!19sChIJpSRktXe_j4AR64Vk72Wexy8?authuser=0&hl=en&rclk=1
FulfillPlus 3PL Ecommerce Fulfillment Center and Warehouse,Distribution Centers,US,Fremont CA,+1 510-354-3000,https://fulfillplus.com/?utm_source=Google&utm_medium=organic&utm_campaign=GoogleBusinessProfile,info@fulfillplus.com,15,https://www.google.com/maps/place/FulfillPlus+3PL+Ecommerce+Fulfillment+Center+and+Warehouse/data=!4m7!3m6!1s0x808fc75234a21685:0xf11c0ef68a2bc231!8m2!3d37.5183594!4d-121.9841945!16s%2Fg%2F11g7ztwbz2!19sChIJhRaiNFLHj4ARMcIrivYOHPE?authuser=0&hl=en&rclk=1
UPS Authorized Shipping Outlet,Distribution Centers,US,Fremont CA,+1 510-713-8531,https://locations.ups.com/us/en/ca/fremont/authorized-shipping-outlet-063251.html?utm_source=google&utm_medium=organic&utm_campaign=rio,,5,https://www.google.com/maps/place/UPS+Authorized+Shipping+Outlet/data=!4m7!3m6!1s0x808fc1b5fa39c833:0x7a829723031a5477!8m2!3d37.5533454!4d-121.9784477!16s%2Fg%2F11q9ty4ppr!19sChIJM8g5-rXBj4ARd1QaAyOXgno?authuser=0&hl=en&rclk=1
UPS Access Point location,Distribution Centers,US,Fremont CA,+1 800-742-5877,https://locations.ups.com/us/en/ca/fremont/access-point-location-171076.html?utm_source=google&utm_medium=organic&utm_campaign=rio,,15,https://www.google.com/maps/place/UPS+Access+Point+location/data=!4m7!3m6!1s0x808fbff5b6066cad:0x1cd7a11a9c772a66!8m2!3d37.5680085!4d-122.0243423!16s%2Fg%2F11hfbl05lh!19sChIJrWwGtvW_j4ARZip3nBqh1xw?authuser=0&hl=en&rclk=1
Bay Area Logistics Warehouse,Distribution Centers,US,Fremont CA,+1 510-657-8110,https://baylw.com/contacts/,info@baylw.com,2,https://www.google.com/maps/place/Bay+Area+Logistics+Warehouse/data=!4m7!3m6!1s0x808fbf383aeae579:0x1ce1f0c0fb851aca!8m2!3d37.5224267!4d-122.0175843!16s%2Fg%2F11qgylnpng!19sChIJeeXqOji_j4ARyhqF-8Dw4Rw?authuser=0&hl=en&rclk=1
The UPS Store,Distribution Centers,US,Fremont CA,+1 510-791-1122,https://locations.theupsstore.com/ca/fremont/39120-argonaut-way?utm_source=Yext&utm_medium=organic&utm_campaign=Listings,store0217@theupsstore.com,495,https://www.google.com/maps/place/The+UPS+Store/data=!4m7!3m6!1s0x808fc09e9d2464b5:0xf38a0dbe927cb950!8m2!3d37.5450486!4d-121.9888415!16s%2Fg%2F1tggts0l!19sChIJtWQknZ7Aj4ARULl8kr4NivM?authuser=0&hl=en&rclk=1
TCV Food Bank and Mobile Pantry,Distribution Centers,US,Fremont CA,+1 510-793-4583,http://www.tcvfoodbank.org/,info@tcvfoodbank.org,141,https://www.google.com/maps/place/TCV+Food+Bank+and+Mobile+Pantry/data=!4m7!3m6!1s0x808fbf9c52b74eb5:0x3f2ddedd466ec09e!8m2!3d37.5558918!4d-122.0076666!16s%2Fg%2F1td65kbh!19sChIJtU63Upy_j4ARnsBuRt3eLT8?authuser=0&hl=en&rclk=1
Arizona Republic Distribution Warehouse,Distribution Centers,US,Gilbert AZ,,,,18,https://www.google.com/maps/place/Arizona+Republic+Distribution+Warehouse/data=!4m7!3m6!1s0x872ba844b25f40fd:0x23fca46c64378bec!8m2!3d33.3777317!4d-111.8212561!16s%2Fg%2F11bwf7gx_7!19sChIJ_UBfskSoK4cR7Is3ZGyk_CM?authuser=0&hl=en&rclk=1
Papa John's Pizza Distribution Food Services,Distribution Centers,US,Gilbert AZ,+1 480-497-8800,https://www.papajohns.com/careers/business_03.shtm,papa@papajohns.co.nl,31,https://www.google.com/maps/place/Papa+John%27s+Pizza+Distribution+Food+Services/data=!4m7!3m6!1s0x872ba83512c83391:0x8f98f94f7424e874!8m2!3d33.3621595!4d-111.8336787!16s%2Fg%2F1260mqxqv!19sChIJkTPIEjWoK4cRdOgkdE_5mI8?authuser=0&hl=en&rclk=1
Amazon Fulfillment Center - QZZ7,Distribution Centers,US,Gilbert AZ,,https://www.amazon.jobs/,,68,https://www.google.com/maps/place/Amazon+Fulfillment+Center+-+QZZ7/data=!4m7!3m6!1s0x872bb103766635ab:0xf04fe8a24f4d36e2!8m2!3d33.3511474!4d-111.6529496!16s%2Fg%2F11t5hz104s!19sChIJqzVmdgOxK4cR4jZNT6LoT_A?authuser=0&hl=en&rclk=1
Dillard's Distribution Center,Distribution Centers,US,Gilbert AZ,+1 480-545-6400,http://www.dillards.com/,,26,https://www.google.com/maps/place/Dillard%27s+Distribution+Center/data=!4m7!3m6!1s0x872ba9b68b45126f:0x1f8987e0e8bf14d7!8m2!3d33.3554842!4d-111.8317064!16s%2Fg%2F1tcxk74y!19sChIJbxJFi7apK4cR1xS_6OCHiR8?authuser=0&hl=en&rclk=1
BRP Distribution Center,Distribution Centers,US,Gilbert AZ,,,,2,https://www.google.com/maps/place/BRP+Distribution+Center/data=!4m7!3m6!1s0x872ba9b00f14f529:0x7db0992d9ebf005d!8m2!3d33.3658878!4d-111.8336627!16s%2Fg%2F11l36xfs4b!19sChIJKfUUD7CpK4cRXQC_ni2ZsH0?authuser=0&hl=en&rclk=1
Amazon HPX3,Distribution Centers,US,Gilbert AZ,,,,24,https://www.google.com/maps/place/Amazon+HPX3/data=!4m7!3m6!1s0x872ba92e5e471e6f:0xe8e6e34e4bc4fe0a!8m2!3d33.3719688!4d-111.8386963!16s%2Fg%2F11rqx1bhwv!19sChIJbx5HXi6pK4cRCv7ES07j5ug?authuser=0&hl=en&rclk=1
Ferguson Distribution Center,Distribution Centers,US,Gilbert AZ,+1 602-495-8300,https://www.ferguson.com/,,73,https://www.google.com/maps/place/Ferguson+Distribution+Center/data=!4m7!3m6!1s0x872bab2b11adfa69:0xbb1d2059f27437b2!8m2!3d33.260714!4d-111.831266!16s%2Fg%2F11t103wb5g!19sChIJafqtESurK4cRsjd08lkgHbs?authuser=0&hl=en&rclk=1
Public Warehouse Solutions,Distribution Centers,US,Gilbert AZ,+1 480-581-7145,https://www.publicwarehousesolutions.com/,info@publicwarehousesolutions.com,1,https://www.google.com/maps/place/Public+Warehouse+Solutions/data=!4m7!3m6!1s0x872badd06e1a6c4d:0x5afa5a19ec4096ed!8m2!3d33.3316098!4d-111.6940447!16s%2Fg%2F11zbnnmwx0!19sChIJTWwabtCtK4cR7ZZA7Bla-lo?authuser=0&hl=en&rclk=1
PipShip Ecommerce Fulfillment & Warehousing,Distribution Centers,US,Gilbert AZ,+1 928-436-0860,https://www.pipship.com/,info@pipship.com,84,https://www.google.com/maps/place/PipShip+Ecommerce+Fulfillment+%26+Warehousing/data=!4m7!3m6!1s0x872b0f41a95aaaab:0x472359045f24e37d!8m2!3d33.3620818!4d-111.8339421!16s%2Fg%2F11rf73980z!19sChIJq6paqUEPK4cRfeMkXwRZI0c?authuser=0&hl=en&rclk=1
Amazon Flex Warehouse - DPX7,Distribution Centers,US,Gilbert AZ,,,,69,https://www.google.com/maps/place/Amazon+Flex+Warehouse+-+DPX7/data=!4m7!3m6!1s0x872babf53c5f5433:0x87b99f34de9313a3!8m2!3d33.2592861!4d-111.822122!16s%2Fg%2F11s98txy8c!19sChIJM1RfPPWrK4cRoxOT3jSfuYc?authuser=0&hl=en&rclk=1
Amazon DTU3,Distribution Centers,US,Gilbert AZ,,,,76,https://www.google.com/maps/place/Amazon+DTU3/data=!4m7!3m6!1s0x872ba92616a05b4f:0xb3f0610e44c75b81!8m2!3d33.3425765!4d-111.8365505!16s%2Fg%2F11kmp15817!19sChIJT1ugFiapK4cRgVvHRA5h8LM?authuser=0&hl=en&rclk=1
Chandler warehouse,Distribution Centers,US,Gilbert AZ,,,,1,https://www.google.com/maps/place/Chandler+warehouse/data=!4m7!3m6!1s0x872ba900599e51a1:0x7c9079d462fb590d!8m2!3d33.3737323!4d-111.811329!16s%2Fg%2F11xljl8ngf!19sChIJoVGeWQCpK4cRDVn7YtR5kHw?authuser=0&hl=en&rclk=1
Clopay Corporation - Phoenix Distribution Center,Distribution Centers,US,Gilbert AZ,+1 480-598-6400,https://www.clopaydoor.com/?utm_source=google&utm_campaign=Local&utm_medium=organic&utm_content=GilbertAZ,,19,https://www.google.com/maps/place/Clopay+Corporation+-+Phoenix+Distribution+Center/data=!4m7!3m6!1s0x872ba83785c453d9:0xcba2471867eb6caf!8m2!3d33.3697514!4d-111.8358113!16s%2Fg%2F11n__w1vrb!19sChIJ2VPEhTeoK4cRr2zrZxhHoss?authuser=0&hl=en&rclk=1
Vineyard Community Church - Food Distribution Center,Distribution Centers,US,Gilbert AZ,+1 480-892-5828,,,9,https://www.google.com/maps/place/Vineyard+Community+Church+-+Food+Distribution+Center/data=!4m7!3m6!1s0x872ba975cc718139:0xf7b6f8c02e12c755!8m2!3d33.3395678!4d-111.8064366!16s%2Fg%2F11jppvr0jx!19sChIJOYFxzHWpK4cRVccSLsD4tvc?authuser=0&hl=en&rclk=1
Trane Mesa Warehouse,Distribution Centers,US,Gilbert AZ,+1 480-357-0999,,,21,https://www.google.com/maps/place/Trane+Mesa+Warehouse/data=!4m7!3m6!1s0x872ba867559d47fd:0x52cc641c78633902!8m2!3d33.3851304!4d-111.8156835!16s%2Fg%2F11g6bbnf1d!19sChIJ_UedVWeoK4cRAjljeBxkzFI?authuser=0&hl=en&rclk=1
Chandler Senior Center - Food Distribution Center,Distribution Centers,US,Gilbert AZ,+1 480-782-2720,,,1,https://www.google.com/maps/place/Chandler+Senior+Center+-+Food+Distribution+Center/data=!4m7!3m6!1s0x872baa1171f34705:0x78987a36417048e8!8m2!3d33.3011121!4d-111.8412977!16s%2Fg%2F11jrj0mky7!19sChIJBUfzcRGqK4cR6EhwQTZ6mHg?authuser=0&hl=en&rclk=1
THELIFESTYLEDCO Warehouse,Distribution Centers,US,Gilbert AZ,+1 480-454-5635,https://thelifestyledco.com/,,4,https://www.google.com/maps/place/THELIFESTYLEDCO+Warehouse/data=!4m7!3m6!1s0x872ba9245d5e7689:0x79ba923b540efd22!8m2!3d33.3779659!4d-111.8211878!16s%2Fg%2F11rgcf5dvy!19sChIJiXZeXSSpK4cRIv0OVDuSunk?authuser=0&hl=en&rclk=1
Cajon Distribution Center,Distribution Centers,US,San Bernardino CA,,http://cajon-center.keeq.io/,,121,https://www.google.com/maps/place/Cajon+Distribution+Center/data=!4m7!3m6!1s0x80c34e32519d1a37:0xd87b7869c2cf1f94!8m2!3d34.1964607!4d-117.3760147!16s%2Fg%2F11gbk2zphj!19sChIJNxqdUTJOw4ARlB_Pwml4e9g?authuser=0&hl=en&rclk=1
SBD2 Amazon Fulfillment Center,Distribution Centers,US,San Bernardino CA,,,,152,https://www.google.com/maps/place/SBD2+Amazon+Fulfillment+Center/data=!4m7!3m6!1s0x80dcad652fc243f5:0x3f0ec5a5ca83d2ba!8m2!3d34.072294!4d-117.2817447!16s%2Fg%2F11jpfp1nyq!19sChIJ9UPCL2Wt3IARutKDyqXFDj8?authuser=0&hl=en&rclk=1
ONT5 - Amazon Sort Center,Distribution Centers,US,San Bernardino CA,+1 888-892-7180,,,339,https://www.google.com/maps/place/ONT5+-+Amazon+Sort+Center/data=!4m7!3m6!1s0x80dcab155548a9e5:0x8aef565600a0a1f!8m2!3d34.0894936!4d-117.2419688!16s%2Fg%2F11c1pgn09c!19sChIJ5alIVRWr3IARHwoKYGX1rgg?authuser=0&hl=en&rclk=1
Kohl's Distribution Center,Distribution Centers,US,San Bernardino CA,+1 909-382-4300,http://kohls.com/,,99,https://www.google.com/maps/place/Kohl%27s+Distribution+Center/data=!4m7!3m6!1s0x80dcab560df5cd1b:0xd723445a4e919add!8m2!3d34.0925623!4d-117.2653306!16s%2Fg%2F1vnrl9l3!19sChIJG831DVar3IAR3ZqRTlpEI9c?authuser=0&hl=en&rclk=1
Tesla Warehouse,Distribution Centers,US,San Bernardino CA,,,,63,https://www.google.com/maps/place/Tesla+Warehouse/data=!4m7!3m6!1s0x80c34fbb93f62cfb:0x5b9f46ac4411f0ca!8m2!3d34.2010459!4d-117.3797448!16s%2Fg%2F11r44906nx!19sChIJ-yz2k7tPw4ARyvARRKxGn1s?authuser=0&hl=en&rclk=1
JCPenney Distribution Center,Distribution Centers,US,San Bernardino CA,+1 888-879-2641,https://jobs.jcp.com/search/jobs,eeo-sm@jcp.com,27,https://www.google.com/maps/place/JCPenney+Distribution+Center/data=!4m7!3m6!1s0x80c3516850484fd9:0x8aa8f77f31329b7!8m2!3d34.1871737!4d-117.3589366!16s%2Fg%2F11gnp_8_ll!19sChIJ2U9IUGhRw4ARtykT83ePqgg?authuser=0&hl=en&rclk=1
Trader Joes Warehouse,Distribution Centers,US,San Bernardino CA,+1 909-751-3134,,,74,https://www.google.com/maps/place/Trader+Joes+Warehouse/data=!4m7!3m6!1s0x80dcad6551789c0b:0x48caccc1806b97d3!8m2!3d34.0934374!4d-117.2687203!16s%2Fg%2F11f7mtwbj7!19sChIJC5x4UWWt3IAR05drgMHMykg?authuser=0&hl=en&rclk=1
Staples Distribution Center,Distribution Centers,US,San Bernardino CA,+1 909-879-7700,http://www.staples.com/,,92,https://www.google.com/maps/place/Staples+Distribution+Center/data=!4m7!3m6!1s0x80c34d6ae71267d7:0xff5851f5e5734c5d!8m2!3d34.0944568!4d-117.3847933!16s%2Fg%2F1260hxtt0!19sChIJ12cS52pNw4ARXUxz5fVRWP8?authuser=0&hl=en&rclk=1
FREITTY Cross-Dock San Bernardino,Distribution Centers,US,San Bernardino CA,+1 312-467-7667,https://freitty.com/locations/san-bernardino/?utm_source=gmb_sanbernardino,info@freitty.com,20,https://www.google.com/maps/place/FREITTY+Cross-Dock+San+Bernardino/data=!4m7!3m6!1s0x80dcaddd9f5cc5ab:0x3094c2836dfbbdf!8m2!3d34.0577125!4d-117.2764505!16s%2Fg%2F11xhbh847q!19sChIJq8Vcn92t3IAR37vfNihMCQM?authuser=0&hl=en&rclk=1
San Bernardino County Public Health Warehouse,Distribution Centers,US,San Bernardino CA,,,,5,https://www.google.com/maps/place/San+Bernardino+County+Public+Health+Warehouse/data=!4m7!3m6!1s0x80c353003e2a3e75:0x87426b594b3c2dd8!8m2!3d34.0971711!4d-117.2859397!16s%2Fg%2F11vrlg1hny!19sChIJdT4qPgBTw4AR2C08S1lrQoc?authuser=0&hl=en&rclk=1
"Distribution center Sam's Club, Colton, CA.",Distribution Centers,US,San Bernardino CA,+1 909-498-2028,,,313,"https://www.google.com/maps/place/Distribution+center+Sam%27s+Club,+Colton,+CA./data=!4m7!3m6!1s0x80dcad7fc5485e21:0x8a60ec69de2c2076!8m2!3d34.0386624!4d-117.3603372!16s%2Fg%2F11b674jstm!19sChIJIV5IxX-t3IARdiAs3mnsYIo?authuser=0&hl=en&rclk=1"
Amazon KSBD Air Hub,Distribution Centers,US,San Bernardino CA,,,,64,https://www.google.com/maps/place/Amazon+KSBD+Air+Hub/data=!4m7!3m6!1s0x80dcab0e9ed377db:0xca25e0aaa23984f7!8m2!3d34.1051766!4d-117.2347882!16s%2Fg%2F11qn4g8rwj!19sChIJ23fTng6r3IAR94Q5oqrgJco?authuser=0&hl=en&rclk=1
Becton Dickinson Distribution,Distribution Centers,US,San Bernardino CA,+1 909-748-7300,http://bd.com/,info.benelux@bd.com,93,https://www.google.com/maps/place/Becton+Dickinson+Distribution/data=!4m7!3m6!1s0x80dcab1ab0b985f3:0x147dbe69c35effd8!8m2!3d34.0782459!4d-117.2317164!16s%2Fg%2F1tdvvm0c!19sChIJ84W5sBqr3IAR2P9ew2m-fRQ?authuser=0&hl=en&rclk=1
Pacific Mountain Logistics,Distribution Centers,US,San Bernardino CA,+1 909-581-7590,http://www.pacmtnlog.com/,,64,https://www.google.com/maps/place/Pacific+Mountain+Logistics/data=!4m7!3m6!1s0x80dcabe43fd81b37:0x152d260b81a59fa3!8m2!3d34.0975494!4d-117.2639541!16s%2Fg%2F11grbdgg96!19sChIJNxvYP-Sr3IARo5-lgQsmLRU?authuser=0&hl=en&rclk=1
Baton Rouge Warehouse,Distribution Centers,US,Baton Rouge LA,+1 337-780-3135,,,22,https://www.google.com/maps/place/Baton+Rouge+Warehouse/data=!4m7!3m6!1s0x8626a0cae155a0d7:0x5a63472a21992e1e!8m2!3d30.4321585!4d-91.1907984!16s%2Fg%2F11n__w82fw!19sChIJ16BV4cqgJoYRHi6ZISpHY1o?authuser=0&hl=en&rclk=1
Logistics DISTRIBUTION,Distribution Centers,US,Baton Rouge LA,+1 225-663-7676,,,9,https://www.google.com/maps/place/Logistics+DISTRIBUTION/data=!4m7!3m6!1s0x8626bad9c4aad35f:0x34a20e5c6b2b325e!8m2!3d30.3808113!4d-91.0483458!16s%2Fg%2F11hb2kl9h_!19sChIJX9OqxNm6JoYRXjIra1wOojQ?authuser=0&hl=en&rclk=1
Amazon,Distribution Centers,US,Baton Rouge LA,,,,31,https://www.google.com/maps/place/Amazon/data=!4m7!3m6!1s0x8626bb8ff8b4057d:0x546b5961e3d67642!8m2!3d30.3848621!4d-91.0570987!16s%2Fg%2F11qnts5jp_!19sChIJfQW0-I-7JoYRQnbW42FZa1Q?authuser=0&hl=en&rclk=1
Amazon Fulfillment Center BTR1,Distribution Centers,US,Baton Rouge LA,,https://amazon.jobs/en/,,108,https://www.google.com/maps/place/Amazon+Fulfillment+Center+BTR1/data=!4m7!3m6!1s0x8626a354c5dcf6af:0xcf5504d7c152d8eb!8m2!3d30.4576489!4d-91.0924323!16s%2Fg%2F11ty76zmrl!19sChIJr_bcxVSjJoYR69hSwdcEVc8?authuser=0&hl=en&rclk=1
Sharp Station Warehouse,Distribution Centers,US,Baton Rouge LA,+1 225-272-3164,,,12,https://www.google.com/maps/place/Sharp+Station+Warehouse/data=!4m7!3m6!1s0x8626bd2aae8d128d:0xa20d17b490a2442!8m2!3d30.4776096!4d-91.0562133!16s%2Fg%2F1tplqpfm!19sChIJjRKNriq9JoYRQiQKSXvRIAo?authuser=0&hl=en&rclk=1
T T & H Warehouse,Distribution Centers,US,Baton Rouge LA,+1 225-387-3000,http://www.tthwarehouse.com/,,39,https://www.google.com/maps/place/T+T+%26+H+Warehouse/data=!4m7!3m6!1s0x8626a0f22b89c657:0x82543ab8569553a!8m2!3d30.4668318!4d-91.1868543!16s%2Fg%2F1x6q239w!19sChIJV8aJK_KgJoYROlVphatDJQg?authuser=0&hl=en&rclk=1
BTR9 Amazon Warehouse,Distribution Centers,US,Baton Rouge LA,,,,22,https://www.google.com/maps/place/BTR9+Amazon+Warehouse/data=!4m7!3m6!1s0x86241f069ad55d9f:0xaa6a758d1bb12364!8m2!3d30.4519614!4d-91.251389!16s%2Fg%2F11sdsnvm5c!19sChIJn13VmgYfJIYRZCOxG411aqo?authuser=0&hl=en&rclk=1
Wilson Warehouse,Distribution Centers,US,Baton Rouge LA,+1 225-343-3443,http://wilsonwarehouse.com/?utm_source=google&utm_medium=GMB+Profile_BR&utm_campaign=Brand+Awareness,,159,https://www.google.com/maps/place/Wilson+Warehouse/data=!4m7!3m6!1s0x8626a0fbacb8893b:0xb4fdfef222356a13!8m2!3d30.4680513!4d-91.1811352!16s%2Fg%2F1vppswvs!19sChIJO4m4rPugJoYRE2o1IvL-_bQ?authuser=0&hl=en&rclk=1
Associated Grocers- Freight,Distribution Centers,US,Baton Rouge LA,+1 225-444-1000,http://www.agbr.com/,,388,https://www.google.com/maps/place/Associated+Grocers-+Freight/data=!4m7!3m6!1s0x8626a5aa2e8767ad:0x2d0266ce02362797!8m2!3d30.3837841!4d-91.1001052!16s%2Fg%2F1pv1lv3gf!19sChIJrWeHLqqlJoYRlyc2As5mAi0?authuser=0&hl=en&rclk=1
KTN Louisiana llc - Baton Rouge Polymers Terminal,Distribution Centers,US,Baton Rouge LA,+1 225-726-2107,http://www.katoennatie.com/,info@katoennatie.com,211,https://www.google.com/maps/place/KTN+Louisiana+llc+-+Baton+Rouge+Polymers+Terminal/data=!4m7!3m6!1s0x86269fb99d22cd1b:0xf564249d1e1e1cfc!8m2!3d30.556518!4d-91.1870129!16s%2Fg%2F11c5_5_66k!19sChIJG80inbmfJoYR_BweHp0kZPU?authuser=0&hl=en&rclk=1
Louisiana Lottery - Distribution Center,Distribution Centers,US,Baton Rouge LA,+1 225-756-6940,http://www.louisianalottery.com/,,6,https://www.google.com/maps/place/Louisiana+Lottery+-+Distribution+Center/data=!4m7!3m6!1s0x8626bb284ce77521:0x69f0936b344f0411!8m2!3d30.3868962!4d-91.0502588!16s%2Fg%2F11b6gnhxm5!19sChIJIXXnTCi7JoYREQRPNGuT8Gk?authuser=0&hl=en&rclk=1
LÀFA FOOD DISTRIBUTION,Distribution Centers,US,Baton Rouge LA,,,,18,https://www.google.com/maps/place/L%C3%80FA+FOOD+DISTRIBUTION/data=!4m7!3m6!1s0x8626a3e7b2b1dae1:0x66246572116fd0a3!8m2!3d30.4557458!4d-91.1278102!16s%2Fg%2F11c2qjv0cp!19sChIJ4dqxsuejJoYRo9BvEXJlJGY?authuser=0&hl=en&rclk=1
Domino's Pizza Distribution Service,Distribution Centers,US,Baton Rouge LA,+1 225-751-5170,http://www.dominos.com/,,55,https://www.google.com/maps/place/Domino%27s+Pizza+Distribution+Service/data=!4m7!3m6!1s0x8626a479d794a6b9:0x2bce8fb39c5e5323!8m2!3d30.350286!4d-91.0193973!16s%2Fg%2F1tfd7bdw!19sChIJuaaU13mkJoYRI1NenLOPzis?authuser=0&hl=en&rclk=1
Crescent Crown Distributing,Distribution Centers,US,Baton Rouge LA,+1 225-291-2994,http://www.crescentcrown.com/,,55,https://www.google.com/maps/place/Crescent+Crown+Distributing/data=!4m7!3m6!1s0x8626a4987814369d:0x6eda54778e970a55!8m2!3d30.4655361!4d-91.0932006!16s%2Fg%2F1tg81tzb!19sChIJnTYUeJikJoYRVQqXjndU2m4?authuser=0&hl=en&rclk=1
Terminal Transfer and Storage,Distribution Centers,US,Baton Rouge LA,+1 225-383-1130,http://www.batonrougecommercialstorage.com/,,12,https://www.google.com/maps/place/Terminal+Transfer+and+Storage/data=!4m7!3m6!1s0x8626a0f22ae0e3b9:0x5fee7d033d25c679!8m2!3d30.4677048!4d-91.1882628!16s%2Fg%2F1tlw9fgr!19sChIJuePgKvKgJoYRecYlPQN97l8?authuser=0&hl=en&rclk=1
LLC Riverland Industries Warehouse,Distribution Centers,US,Baton Rouge LA,,,,11,https://www.google.com/maps/place/LLC+Riverland+Industries+Warehouse/data=!4m7!3m6!1s0x8626a1b6c9b7b9f1:0xda4178c0c5b06c55!8m2!3d30.4671029!4d-91.1831646!16s%2Fg%2F11pck471vc!19sChIJ8bm3ybahJoYRVWywxcB4Qdo?authuser=0&hl=en&rclk=1
The Distribution Center,Distribution Centers,US,Birmingham AL,,,,46,https://www.google.com/maps/place/The+Distribution+Center/data=!4m7!3m6!1s0x88891ee06a5bd173:0xf8e2ebd42bc31a3d!8m2!3d33.444767!4d-86.8432608!16s%2Fg%2F11h_1gbt3r!19sChIJc9FbauAeiYgRPRrDK9Tr4vg?authuser=0&hl=en&rclk=1
Birmingham Postal Annex,Distribution Centers,US,Birmingham AL,+1 205-510-0700,,,325,https://www.google.com/maps/place/Birmingham+Postal+Annex/data=!4m7!3m6!1s0x88891a5f60c1f769:0xd6c2803152f6aa93!8m2!3d33.5304608!4d-86.7654217!16s%2Fg%2F11bxc3jjzq!19sChIJaffBYF8aiYgRk6r2UjGAwtY?authuser=0&hl=en&rclk=1
Buffalo Rock Company - Central Distribution Center,Distribution Centers,US,Birmingham AL,,https://www.birminghamal.gov/2020/11/09/buffalo-rock-company-to-expand-operations-in-city-of-birmingham-invest-75-million-in-two-recently-purchased-properties/,,50,https://www.google.com/maps/place/Buffalo+Rock+Company+-+Central+Distribution+Center/data=!4m7!3m6!1s0x88891f6112a32b33:0xd3ce24a3e65ebb39!8m2!3d33.438872!4d-86.8529447!16s%2Fg%2F11lgqwjd38!19sChIJMyujEmEfiYgRObte5qMkztM?authuser=0&hl=en&rclk=1
SouthEastern Distribution LLC,Distribution Centers,US,Birmingham AL,+1 205-729-5999,,,10,https://www.google.com/maps/place/SouthEastern+Distribution+LLC/data=!4m7!3m6!1s0x88891d89878fdc4f:0x12da6176ba0dfdcc!8m2!3d33.516805!4d-86.876148!16s%2Fg%2F11s2m0hp9c!19sChIJT9yPh4kdiYgRzP0NunZh2hI?authuser=0&hl=en&rclk=1
Downtown Carrier Facility,Distribution Centers,US,Birmingham AL,+1 205-591-4338,https://tools.usps.com/find-location.htm?location=1355008,sfsdelivery.confirmation@usps.gov,83,https://www.google.com/maps/place/Downtown+Carrier+Facility/data=!4m7!3m6!1s0x88891b0064f11e6d:0x8271e5e9e5780b1a!8m2!3d33.5322676!4d-86.7841307!16s%2Fg%2F1thl65y2!19sChIJbR7xZAAbiYgRGgt45enlcYI?authuser=0&hl=en&rclk=1
TEC Parts Distribution Center,Distribution Centers,US,Birmingham AL,,,,1,https://www.google.com/maps/place/TEC+Parts+Distribution+Center/data=!4m7!3m6!1s0x88891a95cfdbcc57:0x118a4a3044224d8c!8m2!3d33.5506782!4d-86.7573976!16s%2Fg%2F11v06zqfjn!19sChIJV8zbz5UaiYgRjE0iRDBKihE?authuser=0&hl=en&rclk=1
D C Warehouse,Distribution Centers,US,Birmingham AL,+1 205-581-5224,,,26,https://www.google.com/maps/place/D+C+Warehouse/data=!4m7!3m6!1s0x88891b6b996fa945:0x1141965654cc92cc!8m2!3d33.548318!4d-86.8049304!16s%2Fg%2F1tg87dyw!19sChIJRalvmWsbiYgRzJLMVFaWQRE?authuser=0&hl=en&rclk=1
Mid-South Distributors Inc,Distribution Centers,US,Birmingham AL,+1 205-780-9900,,,42,https://www.google.com/maps/place/Mid-South+Distributors+Inc/data=!4m7!3m6!1s0x88891db08c3cd8c9:0xf8d100b33ed97cc9!8m2!3d33.5167896!4d-86.8718667!16s%2Fg%2F1tjy285w!19sChIJydg8jLAdiYgRyXzZPrMA0fg?authuser=0&hl=en&rclk=1
Mondelez International/Nabisco Foods DSD,Distribution Centers,US,Birmingham AL,,,,28,https://www.google.com/maps/place/Mondelez+International%2FNabisco+Foods+DSD/data=!4m7!3m6!1s0x88891efdded37927:0x5338937c9151d544!8m2!3d33.4452476!4d-86.8569847!16s%2Fg%2F11f3_jqn0k!19sChIJJ3nT3v0eiYgRRNVRkXyTOFM?authuser=0&hl=en&rclk=1
Kroger Fulfillment,Distribution Centers,US,Birmingham AL,,https://www.thekrogerco.com/,krogerprivacyoffice@kroger.com,54,https://www.google.com/maps/place/Kroger+Fulfillment/data=!4m7!3m6!1s0x88891f41ec484245:0xdeebe75abf805b75!8m2!3d33.4564552!4d-86.8405529!16s%2Fg%2F11s7_6ykhw!19sChIJRUJI7EEfiYgRdVuAv1rn694?authuser=0&hl=en&rclk=1
Birmingham Food Terminal - Building 7,Distribution Centers,US,Birmingham AL,,,,3,https://www.google.com/maps/place/Birmingham+Food+Terminal+-+Building+7/data=!4m7!3m6!1s0x88891dc5fc27f3b1:0xb7a284ec955b4ff7!8m2!3d33.5383442!4d-86.8412164!16s%2Fg%2F11ghnfyytk!19sChIJsfMn_MUdiYgR909bleyEorc?authuser=0&hl=en&rclk=1
United Community Center - Food Distribution Center,Distribution Centers,US,Birmingham AL,+1 205-925-2944,,,1,https://www.google.com/maps/place/United+Community+Center+-+Food+Distribution+Center/data=!4m7!3m6!1s0x88891e2556615555:0x7226ea5df2ac93e7!8m2!3d33.4557637!4d-86.8926444!16s%2Fg%2F11hgfz93xr!19sChIJVVVhViUeiYgR55Os8l3qJnI?authuser=0&hl=en&rclk=1
Birmingham Coca-Cola Bottling Company,Distribution Centers,US,Birmingham AL,+1 205-841-2653,http://cocacolaunited.com/locations/birmingham/,,128,https://www.google.com/maps/place/Birmingham+Coca-Cola+Bottling+Company/data=!4m7!3m6!1s0x88891ac43e989d61:0x3ea05b0a906a8f27!8m2!3d33.5617603!4d-86.7676193!16s%2Fg%2F1v26mwlw!19sChIJYZ2YPsQaiYgRJ49qkApboD4?authuser=0&hl=en&rclk=1
Americold Logistics Birmingham,Distribution Centers,US,Birmingham AL,+1 888-808-4877,https://www.americold.com/,,78,https://www.google.com/maps/place/Americold+Logistics+Birmingham/data=!4m7!3m6!1s0x88891c5e20fb00b9:0x237383d79c0bb590!8m2!3d33.5343913!4d-86.8485595!16s%2Fg%2F1td9wx0c!19sChIJuQD7IF4ciYgRkLULnNeDcyM?authuser=0&hl=en&rclk=1
Green Valley Food Distribution Center,Distribution Centers,US,Birmingham AL,+1 205-822-2173,https://feedingal.org/venue/green-valley-baptist-church/,,2,https://www.google.com/maps/place/Green+Valley+Food+Distribution+Center/data=!4m7!3m6!1s0x88892204a1df824f:0x462520cf812bf796!8m2!3d33.3878804!4d-86.8167836!16s%2Fg%2F11jppw7wfx!19sChIJT4LfoQQiiYgRlvcrgc8gJUY?authuser=0&hl=en&rclk=1
American Tire Distributors,Distribution Centers,US,Birmingham AL,+1 205-841-1316,https://www.atd.com/,,26,https://www.google.com/maps/place/American+Tire+Distributors/data=!4m7!3m6!1s0x88891f10df73f8ed:0xe8bfa3d7f8064ff!8m2!3d33.4294038!4d-86.8479455!16s%2Fg%2F11g9qb9cmm!19sChIJ7fhz3xAfiYgR_2SAfz36iw4?authuser=0&hl=en&rclk=1
National Distribution Warehouse,Distribution Centers,US,New York NY,+1 718-251-0096,,,3,https://www.google.com/maps/place/National+Distribution+Warehouse/data=!4m7!3m6!1s0x89c24334d7c5faa7:0xb4cacd76947e813e!8m2!3d40.6271084!4d-73.9280874!16s%2Fg%2F1tg4xrpt!19sChIJp_rF1zRDwokRPoF-lHbNyrQ?authuser=0&hl=en&rclk=1
Hudson Distribution Center,Distribution Centers,US,New York NY,,,,1,https://www.google.com/maps/place/Hudson+Distribution+Center/data=!4m7!3m6!1s0x89c26700600a67eb:0x6bc9c6d5933b2e0f!8m2!3d40.6502223!4d-73.7551209!16s%2Fg%2F11w488vpjz!19sChIJ62cKYABnwokRDy47k9XGyWs?authuser=0&hl=en&rclk=1
Grand Distributions NY,Distribution Centers,US,New York NY,,,,3,https://www.google.com/maps/place/Grand+Distributions+NY/data=!4m7!3m6!1s0x89c25f219208d543:0x9157aa015a2bd95!8m2!3d40.7494902!4d-73.9054893!16s%2Fg%2F11hz9b179f!19sChIJQ9UIkiFfwokRlb2iFaB6FQk?authuser=0&hl=en&rclk=1
New York Distribution Center,Distribution Centers,US,New York NY,,http://pipusa.com/,,2,https://www.google.com/maps/place/New+York+Distribution+Center/data=!4m7!3m6!1s0x89de76674fb572e9:0x3171ffeaed8b78d5!8m2!3d42.6866699!4d-73.9566877!16s%2Fg%2F11g6m0vst7!19sChIJ6XK1T2d23okR1XiL7er_cTE?authuser=0&hl=en&rclk=1
Manhattan Beer Brooklyn Warehouse,Distribution Centers,US,New York NY,+1 718-609-7000,http://www.manhattanbeer.com/,customerservice@manhattanbeer.net,58,https://www.google.com/maps/place/Manhattan+Beer+Brooklyn+Warehouse/data=!4m7!3m6!1s0x89c25a4476ba4c5b:0xd744c69c6a5ea18a!8m2!3d40.691798!4d-74.0006016!16s%2Fg%2F1hhvvh204!19sChIJW0y6dkRawokRiqFeapzGRNc?authuser=0&hl=en&rclk=1
Pioneer Warehouse & Distribution LLC,Distribution Centers,US,New York NY,+1 315-451-3101,http://pioneerwhs.com/,sales@pioneerwhs.com,20,https://www.google.com/maps/place/Pioneer+Warehouse+%26+Distribution+LLC/data=!4m7!3m6!1s0x89d9ee64cba4ae9d:0xacd8f220f7fe3650!8m2!3d43.1360803!4d-76.1904632!16s%2Fg%2F1ttphwxq!19sChIJna6ky2Tu2YkRUDb-9yDy2Kw?authuser=0&hl=en&rclk=1
NY City Distribution,Distribution Centers,US,New York NY,+1 917-471-8083,http://www.nyc-dist.com/,info@nyc-dist.com,,https://www.google.com/maps/place/NY+City+Distribution/data=!4m7!3m6!1s0x89c2f5b793f9a597:0x7df01103ba0fa6c8!8m2!3d40.8096751!4d-73.887889!16s%2Fg%2F11npmxwlg2!19sChIJl6X5k7f1wokRyKYPugMR8H0?authuser=0&hl=en&rclk=1
National Distribution Center,Distribution Centers,US,New York NY,,,,4,https://www.google.com/maps/place/National+Distribution+Center/data=!4m7!3m6!1s0x89c25ec132bafd87:0x302949fa9c4f35e!8m2!3d40.7287578!4d-73.9183419!16s%2Fg%2F1ttphthd!19sChIJh_26MsFewokRXvPEqZ-UAgM?authuser=0&hl=en&rclk=1
"Distribution Unlimited, Inc",Distribution Centers,US,New York NY,+1 518-861-8050,http://www.disunlt.com/,dahl@galesi.com,42,"https://www.google.com/maps/place/Distribution+Unlimited,+Inc/data=!4m7!3m6!1s0x89de7658d7fde4a5:0x241e10db7e76a3e2!8m2!3d42.6884847!4d-73.9547025!16s%2Fg%2F1ttdn_1y!19sChIJpeT911h23okR4qN2ftsQHiQ?authuser=0&hl=en&rclk=1"
New York New Jersey Uniform Distribution and Accreditation Center,Distribution Centers,US,New York NY,,,,,https://www.google.com/maps/place/New+York+New+Jersey+Uniform+Distribution+and+Accreditation+Center/data=!4m7!3m6!1s0x89c258ff7a1a699f:0x3c7c1c2becf61d5e!8m2!3d40.757815!4d-73.9823297!16s%2Fg%2F11zc3c_m8_!19sChIJn2kaev9YwokRXh327CscfDw?authuser=0&hl=en&rclk=1
EMPIRE WHOLESALE DISTRIBUTORS LLC,Distribution Centers,US,New York NY,+1 631-873-9182,https://www.empirewholesaledist.com/,,14,https://www.google.com/maps/place/EMPIRE+WHOLESALE+DISTRIBUTORS+LLC/data=!4m7!3m6!1s0x89c2f58ebef632d3:0x922a654f307cce1b!8m2!3d40.8272167!4d-73.8629487!16s%2Fg%2F11lp08zhgp!19sChIJ0zL2vo71wokRG858ME9lKpI?authuser=0&hl=en&rclk=1
East Coast Distribution,Distribution Centers,US,New York NY,+1 844-323-8721,http://ecd-usa.com/,info@ecd-usa.com,,https://www.google.com/maps/place/East+Coast+Distribution/data=!4m7!3m6!1s0x406607e35f9a2bbb:0x4c4d6fe6abb77385!8m2!3d40.7864756!4d-73.9688547!16s%2Fg%2F11b7c2rcc9!19sChIJuyuaX-MHZkARhXO3q-ZvTUw?authuser=0&hl=en&rclk=1
7- Up Distribution Center,Distribution Centers,US,Los Angeles CA,+1 310-538-5450,,,22,https://www.google.com/maps/place/7-+Up+Distribution+Center/data=!4m7!3m6!1s0x80c291bf929cd3b9:0x624ce9e9894c997a!8m2!3d34.2895814!4d-118.4179415!16s%2Fg%2F11c54c_rrn!19sChIJudOckr-RwoAReplMienpTGI?authuser=0&hl=en&rclk=1
Whole Foods Market Distribution Center,Distribution Centers,US,Los Angeles CA,+1 323-277-5800,http://www.wholefoodsmarket.com/,,246,https://www.google.com/maps/place/Whole+Foods+Market+Distribution+Center/data=!4m7!3m6!1s0x80c2c8e87d3d969f:0xb28f0112926e012f!8m2!3d33.9982224!4d-118.2246452!16s%2Fg%2F1v5fs52w!19sChIJn5Y9fejIwoARLwFukhIBj7I?authuser=0&hl=en&rclk=1
TRG Fulfillment - Long Term Storage,Distribution Centers,US,Los Angeles CA,+1 310-327-7321,http://fulfillmentwarehouse.com/,,19,https://www.google.com/maps/place/TRG+Fulfillment+-+Long+Term+Storage/data=!4m7!3m6!1s0x80c2ca6bbd06d071:0x1754188a97296ea7!8m2!3d33.911944!4d-118.280278!16s%2Fg%2F11cn9z09hj!19sChIJcdAGvWvKwoARp24pl4oYVBc?authuser=0&hl=en&rclk=1
Smart & Final Distribution Center,Distribution Centers,US,Los Angeles CA,+1 323-869-6243,http://www.smartandfinal.com/,,202,https://www.google.com/maps/place/Smart+%26+Final+Distribution+Center/data=!4m7!3m6!1s0x80c2cef85126da87:0x2edde9fab8f4a903!8m2!3d33.9983388!4d-118.1616632!16s%2Fg%2F1vsprs8b!19sChIJh9omUfjOwoARA6n0uPrp3S4?authuser=0&hl=en&rclk=1
Vernon Distribution Center,Distribution Centers,US,Los Angeles CA,,,,2,https://www.google.com/maps/place/Vernon+Distribution+Center/data=!4m7!3m6!1s0x80c2c8c9c7c12dbb:0xbe273cf820961b5a!8m2!3d34.0127028!4d-118.2138414!16s%2Fg%2F11hf3lphnt!19sChIJuy3Bx8nIwoARWhuWIPg8J74?authuser=0&hl=en&rclk=1
"Distribution Alternatives, Inc. - Los Angeles Warehouse",Distribution Centers,US,Los Angeles CA,+1 909-673-1000,http://www.daserv.com/,,33,"https://www.google.com/maps/place/Distribution+Alternatives,+Inc.+-+Los+Angeles+Warehouse/data=!4m7!3m6!1s0x80dcb32cc3c15597:0xd9d1a66ac5ae216e!8m2!3d34.0648291!4d-117.4122265!16s%2Fg%2F11b7w0c__m!19sChIJl1XBwyyz3IARbiGuxWqm0dk?authuser=0&hl=en&rclk=1"
Dependable Supply Chain Services,Distribution Centers,US,Los Angeles CA,+1 323-526-2222,http://www.godependable.com/,,161,https://www.google.com/maps/place/Dependable+Supply+Chain+Services/data=!4m7!3m6!1s0x80c2c8a408a08835:0x9a07d98b7dda56da!8m2!3d34.0279706!4d-118.224153!16s%2Fg%2F1263mk90t!19sChIJNYigCKTIwoAR2lbafYvZB5o?authuser=0&hl=en&rclk=1
Wine Warehouse,Distribution Centers,US,Los Angeles CA,+1 800-331-2829,http://www.winewarehouse.com/,,43,https://www.google.com/maps/place/Wine+Warehouse/data=!4m7!3m6!1s0x80c2ce476a38fc3f:0xbefe302ec9ae23b1!8m2!3d33.9982376!4d-118.1374053!16s%2Fg%2F1wb8tzgd!19sChIJP_w4akfOwoARsSOuyS4w_r4?authuser=0&hl=en&rclk=1
Torrance Distribution Center,Distribution Centers,US,Los Angeles CA,,,,12,https://www.google.com/maps/place/Torrance+Distribution+Center/data=!4m7!3m6!1s0x80c2b5494c073751:0xfbf5b231aa08e8c6!8m2!3d33.8509826!4d-118.3163909!16s%2Fg%2F11gj7843fs!19sChIJUTcHTEm1woARxugIqjGy9fs?authuser=0&hl=en&rclk=1
West Coast Fulfillment Center,Distribution Centers,US,Los Angeles CA,,,,1,https://www.google.com/maps/place/West+Coast+Fulfillment+Center/data=!4m7!3m6!1s0x80c2c79567dc1b79:0x706ce987788cb091!8m2!3d34.040586!4d-118.2767567!16s%2Fg%2F11t4kdvds1!19sChIJeRvcZ5XHwoARkbCMeIfpbHA?authuser=0&hl=en&rclk=1
FLS Warehouse & Distribution,Distribution Centers,US,Los Angeles CA,+1 310-256-3380,http://flswhse.com/,,13,https://www.google.com/maps/place/FLS+Warehouse+%26+Distribution/data=!4m7!3m6!1s0x80dd349c0b94fe97:0x43f5694ad6ac3f76!8m2!3d33.8761073!4d-118.252845!16s%2Fg%2F1trc5838!19sChIJl_6UC5w03YARdj-s1kpp9UM?authuser=0&hl=en&rclk=1
"Los Angeles Distributing Company, Inc.",Distribution Centers,US,Los Angeles CA,+1 323-838-0000,http://www.ladistco.com/,,25,"https://www.google.com/maps/place/Los+Angeles+Distributing+Company,+Inc./data=!4m7!3m6!1s0x80c2ce0421cc69f5:0x636d5678f6a383e0!8m2!3d34.0011749!4d-118.2016372!16s%2Fg%2F11gzy491z!19sChIJ9WnMIQTOwoAR4IOj9nhWbWM?authuser=0&hl=en&rclk=1"
Hub,Distribution Centers,US,Los Angeles CA,,,,12,https://www.google.com/maps/place/Hub/data=!4m7!3m6!1s0x80c2c12878852fd1:0x81358d3d7dfca07f!8m2!3d34.1174908!4d-118.2502434!16s%2Fg%2F11csr481_y!19sChIJ0S-FeCjBwoARf6D8fT2NNYE?authuser=0&hl=en&rclk=1
Super King Warehouse,Distribution Centers,US,Los Angeles CA,+1 323-604-1601,https://superkingmarkets.com/pages/corporate-office,info@superkingmarkets.com,31,https://www.google.com/maps/place/Super+King+Warehouse/data=!4m7!3m6!1s0x80c2c9e5c5b05593:0x6df30190eb7246a7!8m2!3d34.0309848!4d-118.2252163!16s%2Fg%2F11h1932q70!19sChIJk1WwxeXJwoARp0Zy65AB820?authuser=0&hl=en&rclk=1
Apex Logistics International Inc (Cooler Facility),Distribution Centers,US,Los Angeles CA,+1 310-568-8883,https://www.apexglobe.com/,info@apexglobe.com,1,https://www.google.com/maps/place/Apex+Logistics+International+Inc+%28Cooler+Facility%29/data=!4m7!3m6!1s0x80c2b727eb1f6793:0xebcd1b9095f1010f!8m2!3d33.9432443!4d-118.3766!16s%2Fg%2F11yx30xsz_!19sChIJk2cf6ye3woARDwHxlZAbzes?authuser=0&hl=en&rclk=1
MWD Logistics,Distribution Centers,US,Chicago IL,+1 773-978-2800,http://www.mwdlogistics.com/,,32,https://www.google.com/maps/place/MWD+Logistics/data=!4m7!3m6!1s0x880e26373e174469:0xdc7dfda3eb902c1a!8m2!3d41.7184619!4d-87.5902417!16s%2Fg%2F1hc4fcrch!19sChIJaUQXPjcmDogRGiyQ66P9fdw?authuser=0&hl=en&rclk=1
Men's Warehouse Distribution Center,Distribution Centers,US,Houston TX,,,,22,https://www.google.com/maps/place/Men%27s+Warehouse+Distribution+Center/data=!4m7!3m6!1s0x8640e78fc9802b43:0x3134baa503e5accf!8m2!3d29.6503818!4d-95.5622554!16s%2Fg%2F11pdmrcpc1!19sChIJQyuAyY_nQIYRz6zlA6W6NDE?authuser=0&hl=en&rclk=1
Target Distribution Center T3774,Distribution Centers,US,Houston TX,,,,8,https://www.google.com/maps/place/Target+Distribution+Center+T3774/data=!4m7!3m6!1s0x8640950017a202d7:0xab36ed3241fe3b4b!8m2!3d29.6020554!4d-95.3231026!16s%2Fg%2F11xh3dyhh9!19sChIJ1wKiFwCVQIYRSzv-QTLtNqs?authuser=0&hl=en&rclk=1
Office Depot Warehouse,Distribution Centers,US,Houston TX,+1 800-463-3768,https://www.officedepot.com/,,66,https://www.google.com/maps/place/Office+Depot+Warehouse/data=!4m7!3m6!1s0x8640cf8a1f5a28ab:0xaddb6c09147e069f!8m2!3d29.859689!4d-95.5357609!16s%2Fg%2F1tgfx00k!19sChIJqyhaH4rPQIYRnwZ-FAls260?authuser=0&hl=en&rclk=1
Friendly Public Warehouse,Distribution Centers,US,Houston TX,+1 713-921-2660,https://fpwtx.com/,whsemgr@fpwtx.com,35,https://www.google.com/maps/place/Friendly+Public+Warehouse/data=!4m7!3m6!1s0x8640bc4cb6098241:0x8e6059534bccd923!8m2!3d29.7301228!4d-95.2824323!16s%2Fg%2F1tdb96bj!19sChIJQYIJtky8QIYRI9nMS1NZYI4?authuser=0&hl=en&rclk=1
AutoZone Distribution Center,Distribution Centers,US,Phoenix AZ,+1 623-936-3693,,,204,https://www.google.com/maps/place/AutoZone+Distribution+Center/data=!4m7!3m6!1s0x872b159a0d3371e3:0xbab272345e807931!8m2!3d33.449378!4d-112.2235693!16s%2Fg%2F11bzt275zf!19sChIJ43EzDZoVK4cRMXmAXjRysro?authuser=0&hl=en&rclk=1
West Coast Service Distribution LLC,Distribution Centers,US,Phoenix AZ,+1 949-230-9040,http://wcsdistribution.com/,beardman.d@wcsdistribution.com,7,https://www.google.com/maps/place/West+Coast+Service+Distribution+LLC/data=!4m7!3m6!1s0x872b158f9b898c95:0xa346512adfcaba30!8m2!3d33.4456841!4d-112.1662928!16s%2Fg%2F11h85yc2x9!19sChIJlYyJm48VK4cRMLrK3ypRRqM?authuser=0&hl=en&rclk=1
Walmart Warehouse Freight Distribution,Distribution Centers,US,Phoenix AZ,,,,3,https://www.google.com/maps/place/Walmart+Warehouse+Freight+Distribution/data=!4m7!3m6!1s0x872b15cbd6fcb413:0x4411836e2ad81b54!8m2!3d33.4390815!4d-112.1964317!16s%2Fg%2F11hbw3_mwy!19sChIJE7T81ssVK4cRVBvYKm6DEUQ?authuser=0&hl=en&rclk=1
Star distributing,Distribution Centers,US,Phoenix AZ,+1 602-258-1161,http://www.npwcompanies.com/,,23,https://www.google.com/maps/place/Star+distributing/data=!4m7!3m6!1s0x872b13b012db003b:0xd0d425ae7e97528!8m2!3d33.469235!4d-112.1061697!16s%2Fg%2F11cjgb66pp!19sChIJOwDbErATK4cRKHXp51pCDQ0?authuser=0&hl=en&rclk=1
DPH8 Amazon Delivery Station,Distribution Centers,US,Philadelphia PA,,,,142,https://www.google.com/maps/place/DPH8+Amazon+Delivery+Station/data=!4m7!3m6!1s0x89c6c5797806489b:0xde228e4c19376062!8m2!3d39.9032126!4d-75.233038!16s%2Fg%2F11k_rg7b_k!19sChIJm0gGeHnFxokRYmA3GUyOIt4?authuser=0&hl=en&rclk=1
UPS Warehouse - Philadelphia International Airport,Distribution Centers,US,Philadelphia PA,,,,83,https://www.google.com/maps/place/UPS+Warehouse+-+Philadelphia+International+Airport/data=!4m7!3m6!1s0x89c6c3e55ceb664b:0xbbbfd92c6ff0399!8m2!3d39.8581619!4d-75.2572016!16s%2Fg%2F11qpl1fz_9!19sChIJS2brXOXDxokRmQP_xpL9uws?authuser=0&hl=en&rclk=1
Associates Warehousing Inc,Distribution Centers,US,Philadelphia PA,+1 215-426-8685,http://associateswarehousing.com/,info@associateswarehousing.com,20,https://www.google.com/maps/place/Associates+Warehousing+Inc/data=!4m7!3m6!1s0x89c6c9d064e52897:0xf6e05719e25843a0!8m2!3d39.9881756!4d-75.0715466!16s%2Fg%2F1tywyxd7!19sChIJlyjlZNDJxokRoENY4hlX4PY?authuser=0&hl=en&rclk=1
Johnson Controls SADC Offsite Warehouse,Distribution Centers,US,San Antonio TX,+1 210-390-3100,,,76,https://www.google.com/maps/place/Johnson+Controls+SADC+Offsite+Warehouse/data=!4m7!3m6!1s0x865cf3fdfd4981b5:0x43408f92e5bc0bbe!8m2!3d29.4315618!4d-98.3917349!16s%2Fg%2F1tm1qx2r!19sChIJtYFJ_f3zXIYRvgu85ZKPQEM?authuser=0&hl=en&rclk=1
Amazon SAT3,Distribution Centers,US,San Antonio TX,,,,147,https://www.google.com/maps/place/Amazon+SAT3/data=!4m7!3m6!1s0x865cf1929b581477:0x5ca67e62398c9ef0!8m2!3d29.4235436!4d-98.3520716!16s%2Fg%2F11n0phx8hj!19sChIJdxRYm5LxXIYR8J6MOWJ-plw?authuser=0&hl=en&rclk=1
Palenque Group Distribution Center,Distribution Centers,US,San Antonio TX,+1 866-233-8226,,,6,https://www.google.com/maps/place/Palenque+Group+Distribution+Center/data=!4m7!3m6!1s0x865c5d00528f7f07:0x58c5ad085bd2b21d!8m2!3d29.5063942!4d-98.6346102!16s%2Fg%2F11xck81wfk!19sChIJB3-PUgBdXIYRHbLSWwitxVg?authuser=0&hl=en&rclk=1
P.D.C.,Distribution Centers,US,San Antonio TX,,,,45,https://www.google.com/maps/place/P.D.C./data=!4m7!3m6!1s0x865cf4800fed850b:0x3b457161591df147!8m2!3d29.4779642!4d-98.3972239!16s%2Fg%2F11c5srdf9n!19sChIJC4XtD4D0XIYRR_EdWWFxRTs?authuser=0&hl=en&rclk=1
HEB Seasonal Warehouse,Distribution Centers,US,San Antonio TX,+1 210-938-8357,https://www.heb.com/,,145,https://www.google.com/maps/place/HEB+Seasonal+Warehouse/data=!4m7!3m6!1s0x865cf47903dedf47:0xe335e4d2234f1cdc!8m2!3d29.4689394!4d-98.3989009!16s%2Fg%2F11b5yt6qh7!19sChIJR9_eA3n0XIYR3BxPI9LkNeM?authuser=0&hl=en&rclk=1
Amazon DSD1 Warehouse,Distribution Centers,US,San Diego CA,+1 877-252-2701,,,242,https://www.google.com/maps/place/Amazon+DSD1+Warehouse/data=!4m7!3m6!1s0x80dbf72f5e86378d:0x30e15fd3feba0757!8m2!3d33.0170724!4d-117.0908489!16s%2Fg%2F11dyxss1f4!19sChIJjTeGXi_324ARVwe6_tNf4TA?authuser=0&hl=en&rclk=1
DHL WAREHOUSE,Distribution Centers,US,San Diego CA,+1 858-578-9602,http://www.dhl.com/,,10,https://www.google.com/maps/place/DHL+WAREHOUSE/data=!4m7!3m6!1s0x80d94898fab0a53d:0x71ec03715a172c90!8m2!3d32.5635531!4d-116.9932172!16s%2Fg%2F11cp1yxvg3!19sChIJPaWw-phI2YARkCwXWnED7HE?authuser=0&hl=en&rclk=1
Rolando's Distribution,Distribution Centers,US,San Diego CA,+1 619-239-9825,,,1,https://www.google.com/maps/place/Rolando%27s+Distribution/data=!4m7!3m6!1s0x80d95312784446af:0xa49c5239790ba14!8m2!3d32.6958936!4d-117.1383996!16s%2Fg%2F1tk4rfsk!19sChIJr0ZEeBJT2YARFLqQlyPFSQo?authuser=0&hl=en&rclk=1
"Corodata | Records Storage, Paper Shredding, Scanning, Electronic Recycling & Disposal",Distribution Centers,US,San Diego CA,+1 877-257-3267,https://corodata.com/,,23,"https://www.google.com/maps/place/Corodata+%7C+Records+Storage,+Paper+Shredding,+Scanning,+Electronic+Recycling+%26+Disposal/data=!4m7!3m6!1s0x80dbfbb62b3e2d79:0xc00e4bd3951995b8!8m2!3d32.938976!4d-117.055319!16s%2Fg%2F1tdz07m6!19sChIJeS0-K7b724ARuJUZldNLDsA?authuser=0&hl=en&rclk=1"
L & C Food Distribution,Distribution Centers,US,San Diego CA,+1 619-232-2626,,,18,https://www.google.com/maps/place/L+%26+C+Food+Distribution/data=!4m7!3m6!1s0x80d94643e774527d:0xb45345aba47c4e76!8m2!3d32.570153!4d-116.955267!16s%2Fg%2F1tftlhjx!19sChIJfVJ050NG2YARdk58pKtFU7Q?authuser=0&hl=en&rclk=1
DSD4 Amazon,Distribution Centers,US,San Diego CA,,,,31,https://www.google.com/maps/place/DSD4+Amazon/data=!4m7!3m6!1s0x80dbff33f9aef12f:0xa44d1a87be8674bf!8m2!3d32.8373789!4d-117.1377567!16s%2Fg%2F11tfvc8wpd!19sChIJL_Gu-TP_24ARv3SGvocaTaQ?authuser=0&hl=en&rclk=1
JD GROUP Cross Dock & Distribution San Diego,Distribution Centers,US,San Diego CA,+1 619-671-0276,http://www.jdgroup.net/en,,70,https://www.google.com/maps/place/JD+GROUP+Cross+Dock+%26+Distribution+San+Diego/data=!4m7!3m6!1s0x80d94622d7b9ed37:0x84a63657dec858bf!8m2!3d32.567291!4d-116.974072!16s%2Fg%2F11bc7q_rdk!19sChIJN-251yJG2YARv1jI3lc2poQ?authuser=0&hl=en&rclk=1
Scantibodies Distribution Center,Distribution Centers,US,San Diego CA,+1 619-258-9300,http://scantibodies.com/,cs@scantibodies.com,5,https://www.google.com/maps/place/Scantibodies+Distribution+Center/data=!4m7!3m6!1s0x80d9580a811e2c6b:0xce878830d8d97a6c!8m2!3d32.5564839!4d-116.9333481!16s%2Fg%2F1tf24chz!19sChIJaywegQpY2YARbHrZ2DCIh84?authuser=0&hl=en&rclk=1
All Purpose Warehouse Inc,Distribution Centers,US,San Diego CA,+1 619-661-1171,https://www.apw-i.com/,angelica@apw-i.com,25,https://www.google.com/maps/place/All+Purpose+Warehouse+Inc/data=!4m7!3m6!1s0x80d94653506b78bd:0xee1bc320096ad3e9!8m2!3d32.5563205!4d-116.9446224!16s%2Fg%2F1v7tlntr!19sChIJvXhrUFNG2YAR6dNqCSDDG-4?authuser=0&hl=en&rclk=1
Frontline Distribution,Distribution Centers,US,San Diego CA,+1 866-854-5341,http://www.front-lineinc.com/,,1,https://www.google.com/maps/place/Frontline+Distribution/data=!4m7!3m6!1s0x80d9551ef7853507:0x33acfbe576ba117b!8m2!3d32.7627811!4d-117.1461634!16s%2Fg%2F1tnhymff!19sChIJBzWF9x5V2YARexG6duX7rDM?authuser=0&hl=en&rclk=1
SCA7 Amazon,Distribution Centers,US,San Diego CA,,,,47,https://www.google.com/maps/place/SCA7+Amazon/data=!4m7!3m6!1s0x80d947476dadf95f:0x108364f461b3e338!8m2!3d32.5705523!4d-116.9478032!16s%2Fg%2F11tnw8ht21!19sChIJX_mtbUdH2YAROOOzYfRkgxA?authuser=0&hl=en&rclk=1
Logistics Warehouse Inc,Distribution Centers,US,San Diego CA,+1 619-759-8474,,,5,https://www.google.com/maps/place/Logistics+Warehouse+Inc/data=!4m7!3m6!1s0x80d947e29651bd43:0xc5dd3220cd9728d4!8m2!3d32.5563167!4d-116.9313057!16s%2Fg%2F11rql74s3v!19sChIJQ71RluJH2YAR1CiXzSAy3cU?authuser=0&hl=en&rclk=1
OTAY WAREHOUSE,Distribution Centers,US,San Diego CA,+1 619-661-2529,https://otay-warehouse.com/,contact@otay-warehouse.com,8,https://www.google.com/maps/place/OTAY+WAREHOUSE/data=!4m7!3m6!1s0x80d94700109d38d3:0x4afe180ad43ef8e7!8m2!3d32.5545092!4d-116.9342587!16s%2Fg%2F11w49wzf3d!19sChIJ0zidEABH2YAR5_g-1AoY_ko?authuser=0&hl=en&rclk=1
C.H Robinson,Distribution Centers,US,Dallas TX,+1 214-269-5403,,,167,https://www.google.com/maps/place/C.H+Robinson/data=!4m7!3m6!1s0x864ea3201733367d:0x49a2ee5578e4a6ae!8m2!3d32.7884169!4d-96.6763555!16s%2Fg%2F11k4lc40tb!19sChIJfTYzFyCjToYRrqbkeFXuokk?authuser=0&hl=en&rclk=1
Distribution Management,Distribution Centers,US,Dallas TX,,https://distributionmgmt.com/,%20hello@distributionmgmt.com,16,https://www.google.com/maps/place/Distribution+Management/data=!4m7!3m6!1s0x864ea3b411cf22f7:0x5e66e26b4bca7ea5!8m2!3d32.7857554!4d-96.6780489!16s%2Fg%2F11lt0r9mr7!19sChIJ9yLPEbSjToYRpX7KS2viZl4?authuser=0&hl=en&rclk=1
Ollie's Outlet Distribution Center Truck Gate,Distribution Centers,US,Dallas TX,+1 717-724-3946,https://www.ollies.us/home.html,,153,https://www.google.com/maps/place/Ollie%27s+Outlet+Distribution+Center+Truck+Gate/data=!4m7!3m6!1s0x864ebf1075aa70bf:0xf8184aa6234fa944!8m2!3d32.6180361!4d-96.7374056!16s%2Fg%2F11j5fx3wb3!19sChIJv3CqdRC_ToYRRKlPI6ZKGPg?authuser=0&hl=en&rclk=1
Home Depot FDC Flatbed Distribution Center 5824,Distribution Centers,US,Dallas TX,+1 469-221-3630,,,53,https://www.google.com/maps/place/Home+Depot+FDC+Flatbed+Distribution+Center+5824/data=!4m7!3m6!1s0x864e8571aa1bea33:0x5062e8377e676999!8m2!3d32.7419827!4d-96.9753152!16s%2Fg%2F11j8fz851y!19sChIJM-obqnGFToYRmWlnfjfoYlA?authuser=0&hl=en&rclk=1
Wheatland I-20 Distribution Center,Distribution Centers,US,Dallas TX,,,,1,https://www.google.com/maps/place/Wheatland+I-20+Distribution+Center/data=!4m7!3m6!1s0x864e9147a2f528b9:0x6f8afcf48e352883!8m2!3d32.6461741!4d-96.8428369!16s%2Fg%2F11q9fvr0g9!19sChIJuSj1okeRToYRgyg1jvT8im8?authuser=0&hl=en&rclk=1
Steelcase Regional Distribution Center,Distribution Centers,US,Dallas TX,+1 972-246-3660,https://www.steelcase.com/,pr@steelcase.com,33,https://www.google.com/maps/place/Steelcase+Regional+Distribution+Center/data=!4m7!3m6!1s0x864e915c66895fbb:0xf3abf7e369b2e1df!8m2!3d32.6535366!4d-96.7441001!16s%2Fg%2F11csqgxmvy!19sChIJu1-JZlyRToYR3-GyaeP3q_M?authuser=0&hl=en&rclk=1
Kohl's Distribution eFulfillment Center,Distribution Centers,US,Dallas TX,+1 469-567-6500,http://kohlscareers.com/,,263,https://www.google.com/maps/place/Kohl%27s+Distribution+eFulfillment+Center/data=!4m7!3m6!1s0x864e96aecf1cfd03:0xcbfd18d6cf64e77d!8m2!3d32.6293073!4d-96.8276703!16s%2Fg%2F11bbrjm2pq!19sChIJA_0cz66WToYRfedkz9YY_cs?authuser=0&hl=en&rclk=1
Bimbo Bakeries-Sara Lee Distribution,Distribution Centers,US,San Jose CA,+1 530-441-7486,,,7,https://www.google.com/maps/place/Bimbo+Bakeries-Sara+Lee+Distribution/data=!4m7!3m6!1s0x808fc958c07a16c9:0x293d462ea556086e!8m2!3d37.3898801!4d-121.9175938!16s%2Fg%2F11ggmp207_!19sChIJyRZ6wFjJj4ARbghWpS5GPSk?authuser=0&hl=en&rclk=1
San Jose Warehouse Furniture,Distribution Centers,US,San Jose CA,+1 408-275-0502,https://sanjosewarehouseca.com/,info@yourwebsite.com,82,https://www.google.com/maps/place/San+Jose+Warehouse+Furniture/data=!4m7!3m6!1s0x808e333465a52bc3:0xfa911daa858a88be!8m2!3d37.3218211!4d-121.8742706!16s%2Fg%2F1tlbpcpb!19sChIJwyulZTQzjoARvoiKhaodkfo?authuser=0&hl=en&rclk=1
Golden Brands San Jose,Distribution Centers,US,San Jose CA,+1 408-513-2900,https://goldenbrands.com/,rbgcomms@reyesholdings.com,61,https://www.google.com/maps/place/Golden+Brands+San+Jose/data=!4m7!3m6!1s0x808e32e652bb8a55:0x331241b5a7851930!8m2!3d37.2560091!4d-121.7754941!16s%2Fg%2F1t_hz6kg!19sChIJVYq7UuYyjoARMBmFp7VBEjM?authuser=0&hl=en&rclk=1
ReadySpaces,Distribution Centers,US,San Jose CA,+1 669-210-0280,https://readyspaces.com/location/san-francisco/san-jose/,,29,https://www.google.com/maps/place/ReadySpaces/data=!4m7!3m6!1s0x808e33ef5b1e6e2b:0x2e61441c41a4c511!8m2!3d37.3184343!4d-121.8710168!16s%2Fg%2F11j30whm9t!19sChIJK24eW-8zjoAREcWkQRxEYS4?authuser=0&hl=en&rclk=1
Savemax Distribution San Jose,Distribution Centers,US,San Jose CA,+1 408-380-4648,,,1,https://www.google.com/maps/place/Savemax+Distribution+San+Jose/data=!4m7!3m6!1s0x808fcb0031ab609d:0xb55bc3475367b458!8m2!3d37.3369683!4d-121.9044184!16s%2Fg%2F11kjphxxrc!19sChIJnWCrMQDLj4ARWLRnU0fDW7U?authuser=0&hl=en&rclk=1
Restaurant Supply Austin Distribution Center,Distribution Centers,US,Austin TX,+1 855-838-1010,https://www.restaurantsupply.com/,,,https://www.google.com/maps/place/Restaurant+Supply+Austin+Distribution+Center/data=!4m7!3m6!1s0x8644cfe1c3be7ac1:0xda544aa26cfb1fb5!8m2!3d30.4589224!4d-97.6715057!16s%2Fg%2F11nqqf99zl!19sChIJwXq-w-HPRIYRtR_7bKJKVNo?authuser=0&hl=en&rclk=1
COAST TO COAST DISTRIBUTION (was GAMA Wholesale),Distribution Centers,US,Austin TX,+1 512-339-1413,http://gamaus.com/,corporate@gamaus.com,142,https://www.google.com/maps/place/COAST+TO+COAST+DISTRIBUTION+%28was+GAMA+Wholesale%29/data=!4m7!3m6!1s0x8644cbc1b4c0a329:0x840a618c0d8c5600!8m2!3d30.3677919!4d-97.7177617!16s%2Fg%2F1hc2j4hlf!19sChIJKaPAtMHLRIYRAFaMDYxhCoQ?authuser=0&hl=en&rclk=1
Austin Wholesale Supply,Distribution Centers,US,Austin TX,+1 512-382-1165,http://awswholesale.com/,info@awswholesale.com,90,https://www.google.com/maps/place/Austin+Wholesale+Supply/data=!4m7!3m6!1s0x8644ca32d6c9f5e7:0x63b39d5daad3e6a7!8m2!3d30.3428961!4d-97.7048628!16s%2Fg%2F11c3ttg3b1!19sChIJ5_XJ1jLKRIYRp-bTql2ds2M?authuser=0&hl=en&rclk=1
D I Distribution,Distribution Centers,US,Austin TX,+1 512-637-4356,,,1,https://www.google.com/maps/place/D+I+Distribution/data=!4m7!3m6!1s0x8644c9a99fdb8695:0x5c402c6b9b079907!8m2!3d30.346614!4d-97.661486!16s%2Fg%2F1tpbcch7!19sChIJlYbbn6nJRIYRB5kHm2ssQFw?authuser=0&hl=en&rclk=1
Readers Wholesale Distributors Austin,Distribution Centers,US,Austin TX,,http://www.readerswholesale.com/,,4,https://www.google.com/maps/place/Readers+Wholesale+Distributors+Austin/data=!4m7!3m6!1s0x8644cf3765dd3ad3:0xc2877ee28d706906!8m2!3d30.4586892!4d-97.6756677!16s%2Fg%2F11l62x12d5!19sChIJ0zrdZTfPRIYRBmlwjeJ-h8I?authuser=0&hl=en&rclk=1
Brown Distributing Co (Budweiser/Bud Light),Distribution Centers,US,Austin TX,+1 512-478-9353,https://browndistributing.com/,,127,https://www.google.com/maps/place/Brown+Distributing+Co+%28Budweiser%2FBud+Light%29/data=!4m7!3m6!1s0x8644c816f0ace9fb:0xbaf9c69c4e67afbc!8m2!3d30.3205131!4d-97.6300568!16s%2Fg%2F1tfdz7fh!19sChIJ--ms8BbIRIYRvK9nTpzG-bo?authuser=0&hl=en&rclk=1
Bob's Distributing Inc,Distribution Centers,US,Austin TX,+1 800-345-1147,https://shop.bobsdist.com/,sales@bobsdist.com,10,https://www.google.com/maps/place/Bob%27s+Distributing+Inc/data=!4m7!3m6!1s0x8644b12ed441fbc9:0x406b5d030efdb8cb!8m2!3d30.2014616!4d-97.7466181!16s%2Fg%2F11vl7p4ccp!19sChIJyftB1C6xRIYRy7j9DgNda0A?authuser=0&hl=en&rclk=1
Sub Zero Southeast Distribution Warehouse,Distribution Centers,US,Jacksonville FL,+1 904-696-1245,,,26,https://www.google.com/maps/place/Sub+Zero+Southeast+Distribution+Warehouse/data=!4m7!3m6!1s0x88e5b27630cfae0b:0xcd407a763f089c08!8m2!3d30.4154122!4d-81.6232937!16s%2Fg%2F11bw67z3qk!19sChIJC67PMHay5YgRCJwIP3Z6QM0?authuser=0&hl=en&rclk=1
Total distribution,Distribution Centers,US,Jacksonville FL,+1 800-881-9505,,,19,https://www.google.com/maps/place/Total+distribution/data=!4m7!3m6!1s0x88e5bd49826b6bbd:0xdcb7340141c509dd!8m2!3d30.37665!4d-81.7902788!16s%2Fg%2F11flkht_wl!19sChIJvWtrgkm95YgR3QnFQQE0t9w?authuser=0&hl=en&rclk=1
Terminal Warehouse Company,Distribution Centers,US,Jacksonville FL,+1 904-680-0200,https://termcorp.com/warehouse,,133,https://www.google.com/maps/place/Terminal+Warehouse+Company/data=!4m7!3m6!1s0x88e5af92939a625d:0xd8d06722ae094ee4!8m2!3d30.4506989!4d-81.6262552!16s%2Fg%2F11vspkjdnp!19sChIJXWKak5Kv5YgR5E4JriJn0Ng?authuser=0&hl=en&rclk=1
The Warehouse USA,Distribution Centers,US,Fort Worth TX,+1 817-589-1812,,,11,https://www.google.com/maps/place/The+Warehouse+USA/data=!4m7!3m6!1s0x864e79759bcdfaff:0xde6fa295090c1a4d!8m2!3d32.8004061!4d-97.2198297!16s%2Fg%2F1vvdvmdl!19sChIJ__rNm3V5ToYRTRoMCZWib94?authuser=0&hl=en&rclk=1
Tyson Food Haltom City Distribution Center,Distribution Centers,US,Fort Worth TX,+1 817-345-4500,http://www.tysonfoods.com/,comments@tyson.com,66,https://www.google.com/maps/place/Tyson+Food+Haltom+City+Distribution+Center/data=!4m7!3m6!1s0x864e77f0a073bcf7:0x504908844bb3e326!8m2!3d32.8227543!4d-97.2870366!16s%2Fg%2F11hzwc95qj!19sChIJ97xzoPB3ToYRJuOzS4QISVA?authuser=0&hl=en&rclk=1
Kraft Heinz Warehouse,Distribution Centers,US,Fort Worth TX,+1 817-837-4077,http://www.kraftheinzcompany.com/,media@kraftheinz.com,219,https://www.google.com/maps/place/Kraft+Heinz+Warehouse/data=!4m7!3m6!1s0x864ddb94f65462ff:0x703d01e34343c90c!8m2!3d32.9795118!4d-97.3342182!16s%2Fg%2F11g6j8qh3k!19sChIJ_2JU9pTbTYYRDMlDQ-MBPXA?authuser=0&hl=en&rclk=1
ODW Logistics,Distribution Centers,US,Columbus OH,+1 380-201-1120,,,241,https://www.google.com/maps/place/ODW+Logistics/data=!4m7!3m6!1s0x883886ff851225a9:0x13db2e07a13c5844!8m2!3d39.8926355!4d-82.9523718!16s%2Fg%2F1tx_709q!19sChIJqSUShf-GOIgRRFg8oQcu2xM?authuser=0&hl=en&rclk=1
Spartan Logistics,Distribution Centers,US,Columbus OH,+1 614-497-1777,http://www.spartanlogistics.com/,,107,https://www.google.com/maps/place/Spartan+Logistics/data=!4m7!3m6!1s0x883886edf30cbd17:0x22addfd436440777!8m2!3d39.8805977!4d-82.9680741!16s%2Fg%2F1tjz8m56!19sChIJF70M8-2GOIgRdwdENtTfrSI?authuser=0&hl=en&rclk=1
Hyperlogistics Warehouse,Distribution Centers,US,Columbus OH,+1 614-497-0800,https://www.hyperlog.com/,,31,https://www.google.com/maps/place/Hyperlogistics+Warehouse/data=!4m7!3m6!1s0x883887a141d65c79:0xdaed4cf49af59590!8m2!3d39.8931655!4d-82.9327127!16s%2Fg%2F11c1ws6c94!19sChIJeVzWQaGHOIgRkJX1mvRM7do?authuser=0&hl=en&rclk=1
Buckeye Logistics,Distribution Centers,US,Columbus OH,,,,78,https://www.google.com/maps/place/Buckeye+Logistics/data=!4m7!3m6!1s0x8838905de9334813:0x41d92350259cc172!8m2!3d39.9624872!4d-83.1157659!16s%2Fg%2F11b7y9rk56!19sChIJE0gz6V2QOIgRcsGcJVAj2UE?authuser=0&hl=en&rclk=1
Crossdock in Columbus Warehouse,Distribution Centers,US,Columbus OH,+1 772-293-1433,https://crossdockbuddy.com/,,4,https://www.google.com/maps/place/Crossdock+in+Columbus+Warehouse/data=!4m7!3m6!1s0x8838875446e28121:0xcbfe9866c4bef8c4!8m2!3d39.9324753!4d-82.976404!16s%2Fg%2F11h9l125sl!19sChIJIYHiRlSHOIgRxPi-xGaY_ss?authuser=0&hl=en&rclk=1
Costco Logistics DDC,Distribution Centers,US,Columbus OH,,,,45,https://www.google.com/maps/place/Costco+Logistics+DDC/data=!4m7!3m6!1s0x88389b6f1944cd57:0x5376d1d6104edbd!8m2!3d39.9213943!4d-83.1385258!16s%2Fg%2F11pkc6xtt9!19sChIJV81EGW-bOIgRve0EYR1tNwU?authuser=0&hl=en&rclk=1
Keller Warehousing and Distribution,Distribution Centers,US,Columbus OH,+1 419-956-8240,http://www.kellerlogistics.com/,,1,https://www.google.com/maps/place/Keller+Warehousing+and+Distribution/data=!4m7!3m6!1s0x883887a1500359c1:0x5b1f589af1f0d995!8m2!3d39.8936617!4d-82.9334169!16s%2Fg%2F11cn3v6cwj!19sChIJwVkDUKGHOIgRldnw8ZpYH1s?authuser=0&hl=en&rclk=1
Zenith Logistics,Distribution Centers,US,Indianapolis IN,+1 317-352-5100 ext. 347,http://www.zenithlogisticsinc.com/,zenithindycareers@zenithlogisticsinc.com,202,https://www.google.com/maps/place/Zenith+Logistics/data=!4m7!3m6!1s0x886b4f70435ae321:0xe75fabdd2c4782a7!8m2!3d39.7599239!4d-86.0456377!16s%2Fg%2F1tdxwrzp!19sChIJIeNaQ3BPa4gRp4JHLN2rX-c?authuser=0&hl=en&rclk=1
Piper Warehouse Inc,Distribution Centers,US,Indianapolis IN,+1 317-396-1023,http://www.piperlogistics.com/,info@piperlogistics.com,82,https://www.google.com/maps/place/Piper+Warehouse+Inc/data=!4m7!3m6!1s0x886b4ec0c2962d53:0xd13e1eb91d1c4124!8m2!3d39.8089969!4d-86.027438!16s%2Fg%2F11b7rm_z0z!19sChIJUy2WwsBOa4gRJEEcHbkePtE?authuser=0&hl=en&rclk=1
Venture Logistics Rail Warehouse,Distribution Centers,US,Indianapolis IN,+1 317-991-7526,http://www.venturelogistics.com/,,67,https://www.google.com/maps/place/Venture+Logistics+Rail+Warehouse/data=!4m7!3m6!1s0x886b597be766434b:0x7b1ad10b4fd914b4!8m2!3d39.7080987!4d-86.180148!16s%2Fg%2F11cspxbd4r!19sChIJS0Nm53tZa4gRtBTZTwvRGns?authuser=0&hl=en&rclk=1
MSL CoPackaging & E-Commerce Fulfillment,Distribution Centers,US,Indianapolis IN,+1 888-675-4639,https://msl-indy.com/,info@msl-indy.com,6,https://www.google.com/maps/place/MSL+CoPackaging+%26+E-Commerce+Fulfillment/data=!4m7!3m6!1s0x886b4eb1074cb617:0xeb39757e529768c0!8m2!3d39.8179508!4d-86.0203602!16s%2Fg%2F11f63y4sb1!19sChIJF7ZMB7FOa4gRwGiXUn51Oes?authuser=0&hl=en&rclk=1
Five Below Distribution Center,Distribution Centers,US,Indianapolis IN,+1 463-895-5300,https://www.fivebelow.com/,,86,https://www.google.com/maps/place/Five+Below+Distribution+Center/data=!4m7!3m6!1s0x886b41364f4982d7:0xe439875a0b475116!8m2!3d39.6591755!4d-85.9503664!16s%2Fg%2F11rw906pcz!19sChIJ14JJTzZBa4gRFlFHC1qHOeQ?authuser=0&hl=en&rclk=1
"Prime Cargo - Warehouse, Storage, Distribution and Cross Dock",Distribution Centers,US,Indianapolis IN,+1 317-973-4777,http://www.primecargoinc.com/,,18,"https://www.google.com/maps/place/Prime+Cargo+-+Warehouse,+Storage,+Distribution+and+Cross+Dock/data=!4m7!3m6!1s0x886b592abc91331b:0xa54c26746038de87!8m2!3d39.6816037!4d-86.1921869!16s%2Fg%2F11rrqj8lp9!19sChIJGzORvCpZa4gRh944YHQmTKU?authuser=0&hl=en&rclk=1"
Amazon Distribution Warehouse,Distribution Centers,US,Charlotte NC,,,,31,https://www.google.com/maps/place/Amazon+Distribution+Warehouse/data=!4m7!3m6!1s0x88569b1f7641cba3:0x81b9ebfbb8ff7e2c!8m2!3d35.1024155!4d-80.9146627!16s%2Fg%2F11rhc3q5tq!19sChIJo8tBdh-bVogRLH7_uPvruYE?authuser=0&hl=en&rclk=1
Logistics Pointe Distribution Center,Distribution Centers,US,Charlotte NC,,,,16,https://www.google.com/maps/place/Logistics+Pointe+Distribution+Center/data=!4m7!3m6!1s0x88569bb36d1bd1f3:0xcabbb758c67352b8!8m2!3d35.1104586!4d-80.9409597!16s%2Fg%2F11g6927q3v!19sChIJ89EbbbObVogRuFJzxli3u8o?authuser=0&hl=en&rclk=1
Frito-Lay Regional Warehouse,Distribution Centers,US,Charlotte NC,+1 980-465-7974,,,57,https://www.google.com/maps/place/Frito-Lay+Regional+Warehouse/data=!4m7!3m6!1s0x88569bb3f611ea97:0x6ac16262c4e7ee87!8m2!3d35.1098398!4d-80.9380263!16s%2Fg%2F11pv3y199m!19sChIJl-oR9rObVogRh-7nxGJiwWo?authuser=0&hl=en&rclk=1
Distribution Technology,Distribution Centers,US,Charlotte NC,+1 704-587-5587,https://distributiontechnology.com/,inquries@distributiontechnology.com,73,https://www.google.com/maps/place/Distribution+Technology/data=!4m7!3m6!1s0x88569bc5b1da72a9:0xf61d4995faadbdc2!8m2!3d35.1259986!4d-80.9306355!16s%2Fg%2F1tg2lcfg!19sChIJqXLascWbVogRwr2t-pVJHfY?authuser=0&hl=en&rclk=1
The Home Depot Flatbed Distribution Center,Distribution Centers,US,Charlotte NC,+1 704-395-2961,,,33,https://www.google.com/maps/place/The+Home+Depot+Flatbed+Distribution+Center/data=!4m7!3m6!1s0x88569b7c3c22754d:0x457c6044237b7084!8m2!3d35.1272576!4d-80.9724366!16s%2Fg%2F11krn55mz9!19sChIJTXUiPHybVogRhHB7I0RgfEU?authuser=0&hl=en&rclk=1
Amazon CLT4,Distribution Centers,US,Charlotte NC,,,,361,https://www.google.com/maps/place/Amazon+CLT4/data=!4m7!3m6!1s0x8856a3085cd8a15b:0xb3120e2ce90fb016!8m2!3d35.2436503!4d-80.964632!16s%2Fg%2F11hyzy187p!19sChIJW6HYXAijVogRFrAP6SwOErM?authuser=0&hl=en&rclk=1
Charlotte Processing & Distribution Center,Distribution Centers,US,Charlotte NC,,,,,https://www.google.com/maps/place/Charlotte+Processing+%26+Distribution+Center/data=!4m7!3m6!1s0x8856a2118411b135:0xa4038e81ae357b02!8m2!3d35.2374897!4d-80.914842!16s%2Fg%2F11yhbg5hys!19sChIJNbERhBGiVogRAns1roGOA6Q?authuser=0&hl=en&rclk=1
"Distribution Technology Warehouse #1, 2, 3",Distribution Centers,US,Charlotte NC,+1 704-587-5566,https://distributiontechnology.com/,inquries@distributiontechnology.com,13,"https://www.google.com/maps/place/Distribution+Technology+Warehouse+%231,+2,+3/data=!4m7!3m6!1s0x88569be9c1a59457:0x7c140b3ae1039312!8m2!3d35.1234715!4d-80.9294321!16s%2Fg%2F11kk5h29tm!19sChIJV5SlwembVogREpMD4ToLFHw?authuser=0&hl=en&rclk=1"
H&H Distribution Services Inc,Distribution Centers,US,Charlotte NC,+1 704-394-9099,https://hhdist.com/,,32,https://www.google.com/maps/place/H%26H+Distribution+Services+Inc/data=!4m7!3m6!1s0x8856a2722cb3c2ed:0x1dea7c488504149e!8m2!3d35.2333831!4d-80.9263763!16s%2Fg%2F1trqhy67!19sChIJ7cKzLHKiVogRnhQEhUh86h0?authuser=0&hl=en&rclk=1
Michelin Charlotte Distribution Center,Distribution Centers,US,Charlotte NC,+1 704-992-1024,http://michelinman.com/,,14,https://www.google.com/maps/place/Michelin+Charlotte+Distribution+Center/data=!4m7!3m6!1s0x8856a7418be8d425:0xccbece8ff941ae06!8m2!3d35.3600993!4d-80.8372599!16s%2Fg%2F11jclgdr42!19sChIJJdToi0GnVogRBq5B-Y_Ovsw?authuser=0&hl=en&rclk=1
Parts Warehouse Distribution,Distribution Centers,US,San Francisco CA,+1 650-616-4990,,,1,https://www.google.com/maps/place/Parts+Warehouse+Distribution/data=!4m7!3m6!1s0x808f784eacdaa571:0xc3069ef09d88b7ea!8m2!3d37.6508642!4d-122.3951353!16s%2Fg%2F1tfctf_l!19sChIJcaXarE54j4AR6reInfCeBsM?authuser=0&hl=en&rclk=1
RH's Warehouse,Distribution Centers,US,San Francisco CA,,,,1,https://www.google.com/maps/place/RH%27s+Warehouse/data=!4m7!3m6!1s0x808f7f005c03d2fb:0x8ac774fda0654988!8m2!3d37.7608864!4d-122.3872231!16s%2Fg%2F11yy4ltjjh!19sChIJ-9IDXAB_j4ARiElloP10x4o?authuser=0&hl=en&rclk=1
Chevron Distribution Center,Distribution Centers,US,San Francisco CA,,,,75,https://www.google.com/maps/place/Chevron+Distribution+Center/data=!4m7!3m6!1s0x808582caca25d739:0x4988d5bd9e573627!8m2!3d37.9346378!4d-122.3849259!16s%2Fg%2F11bw21pf78!19sChIJOdclysqChYARJzZXnr3ViEk?authuser=0&hl=en&rclk=1
United Cold Storage,Distribution Centers,US,San Francisco CA,+1 415-822-8445,,,47,https://www.google.com/maps/place/United+Cold+Storage/data=!4m7!3m6!1s0x808f7f188a6eb1db:0xea56d616c0be8881!8m2!3d37.7242076!4d-122.3928912!16s%2Fg%2F1pv0n4z41!19sChIJ27Fuihh_j4ARgYi-wBbWVuo?authuser=0&hl=en&rclk=1
DSF8 Amazon Distribution Center,Distribution Centers,US,San Francisco CA,,,,23,https://www.google.com/maps/place/DSF8+Amazon+Distribution+Center/data=!4m7!3m6!1s0x8085770ff83d37c5:0x755cc32ed1be136f!8m2!3d38.0010294!4d-122.3468629!16s%2Fg%2F11hjk4q4jk!19sChIJxTc9-A93hYARbxO-0S7DXHU?authuser=0&hl=en&rclk=1
Sloat Garden Center Pottery Distribution Warehouse,Distribution Centers,US,San Francisco CA,,,,,https://www.google.com/maps/place/Sloat+Garden+Center+Pottery+Distribution+Warehouse/data=!4m7!3m6!1s0x8085850008322973:0x383f42b0f595364c!8m2!3d37.8699882!4d-122.5021032!16s%2Fg%2F11z48ry49s!19sChIJcykyCACFhYARTDaV9bBCPzg?authuser=0&hl=en&rclk=1
Corodata,Distribution Centers,US,San Francisco CA,+1 877-977-3267,https://corodata.com/san-francisco-records-management,,24,https://www.google.com/maps/place/Corodata/data=!4m7!3m6!1s0x808582b7f2440d41:0x27e8303a00b40269!8m2!3d37.929376!4d-122.375077!16s%2Fg%2F1tdvdtd0!19sChIJQQ1E8reChYARaQK0ADow6Cc?authuser=0&hl=en&rclk=1
Mollie Stone's Produce Distribution,Distribution Centers,US,San Francisco CA,+1 415-285-2212,,,8,https://www.google.com/maps/place/Mollie+Stone%27s+Produce+Distribution/data=!4m7!3m6!1s0x808f7fa98a1f3eaf:0xa648f53ee3576826!8m2!3d37.7405716!4d-122.3951719!16s%2Fg%2F1tdhm1bd!19sChIJrz4fiql_j4ARJmhX4z71SKY?authuser=0&hl=en&rclk=1
The Produce Distribution Center Inc,Distribution Centers,US,San Francisco CA,+1 650-350-0199,https://theproducedc.com/,office@theproducedc.com,2,https://www.google.com/maps/place/The+Produce+Distribution+Center+Inc/data=!4m7!3m6!1s0x808f795a45dd44bb:0xceb3259546569f2!8m2!3d37.6446278!4d-122.4078793!16s%2Fg%2F11z1lc6dvx!19sChIJu0TdRVp5j4AR8mllVFky6ww?authuser=0&hl=en&rclk=1
Anchor Distributing Inc.,Distribution Centers,US,San Francisco CA,+1 510-483-9120,https://www.anchordistributinginc.com/,chad@anchordistributinginc.com,39,https://www.google.com/maps/place/Anchor+Distributing+Inc./data=!4m7!3m6!1s0x808f855e065e297d:0x67459141f657d93d!8m2!3d37.711314!4d-122.180016!16s%2Fg%2F11g6wqh8sp!19sChIJfSleBl6Fj4ARPdlX9kGRRWc?authuser=0&hl=en&rclk=1
UC Berkeley Central Distribution,Distribution Centers,US,San Francisco CA,+1 510-642-5330,http://businessservices.berkeley.edu/property/centraldistribution,centdist@berkeley.edu,13,https://www.google.com/maps/place/UC+Berkeley+Central+Distribution/data=!4m7!3m6!1s0x80857864142cc757:0x36e50c135a18de3b!8m2!3d37.9164224!4d-122.3394657!16s%2Fg%2F1tgnrw_d!19sChIJV8csFGR4hYARO94YWhMM5TY?authuser=0&hl=en&rclk=1
Good Stuff Distributor Inc.,Distribution Centers,US,San Francisco CA,+1 415-647-6617,http://goodstuffdist.com/,ahmed@goodstuffdist.com,26,https://www.google.com/maps/place/Good+Stuff+Distributor+Inc./data=!4m7!3m6!1s0x808f79b2e3691403:0x8310a73a49e79d5d!8m2!3d37.650876!4d-122.40344!16s%2Fg%2F1tftx5n2!19sChIJAxRp47J5j4ARXZ3nSTqnEIM?authuser=0&hl=en&rclk=1
Good Will Distrubution,Distribution Centers,US,San Francisco CA,,,,4,https://www.google.com/maps/place/Good+Will+Distrubution/data=!4m7!3m6!1s0x808f79ca9f64e403:0x55ed1ea66d393aad!8m2!3d37.643488!4d-122.4029007!16s%2Fg%2F11g9qf7dqd!19sChIJA-Rkn8p5j4ARrTo5baYe7VU?authuser=0&hl=en&rclk=1
Fulfillment Hub USA,Distribution Centers,US,San Francisco CA,+1 786-622-1102,https://fulfillmenthubusa.com/,info@fulfillmenthubusa.com,4,https://www.google.com/maps/place/Fulfillment+Hub+USA/data=!4m7!3m6!1s0x808f79586f74c1af:0xe309cbcf9b5818d7!8m2!3d37.6431883!4d-122.4100632!16s%2Fg%2F11vqr9j56_!19sChIJr8F0b1h5j4AR1xhYm8_LCeM?authuser=0&hl=en&rclk=1
R&L Warehouse Distribution Services Inc.,Distribution Centers,US,San Francisco CA,+1 510-547-3611,http://www.warehousedistribution.com/,info@warehousedistribution.com,21,https://www.google.com/maps/place/R%26L+Warehouse+Distribution+Services+Inc./data=!4m7!3m6!1s0x80857e58c9dbe9c3:0x8c9555a0259941eb!8m2!3d37.8476712!4d-122.2941851!16s%2Fg%2F1tct8ytk!19sChIJw-nbyVh-hYAR60GZJaBVlYw?authuser=0&hl=en&rclk=1
Manning Distribution Services,Distribution Centers,US,San Francisco CA,+1 650-204-6010,https://www.manningdistributionservices.com/,,1,https://www.google.com/maps/place/Manning+Distribution+Services/data=!4m7!3m6!1s0x808f78463260ec07:0x9c0314b29d02834!8m2!3d37.650642!4d-122.389327!16s%2Fg%2F12636rflb!19sChIJB-xgMkZ4j4ARNCjQKUsxwAk?authuser=0&hl=en&rclk=1
Deluxe Distribution,Distribution Centers,US,San Francisco CA,+1 415-255-1195,http://www.dlxsf.com/,,5,https://www.google.com/maps/place/Deluxe+Distribution/data=!4m7!3m6!1s0x808f7fc95110f6e3:0x7d16940a75426a5f!8m2!3d37.7651509!4d-122.3950124!16s%2Fg%2F1tgs1505!19sChIJ4_YQUcl_j4ARX2pCdQqUFn0?authuser=0&hl=en&rclk=1
PCC Warehouse,Distribution Centers,US,Seattle WA,+1 206-805-0220,,,,https://www.google.com/maps/place/PCC+Warehouse/data=!4m7!3m6!1s0x5490410032ffca59:0x424beaf6aefc34aa!8m2!3d47.5650711!4d-122.3380618!16s%2Fg%2F11z6pvfyry!19sChIJWcr_MgBBkFQRqjT8rvbqS0I?authuser=0&hl=en&rclk=1
Amazon DSE2,Distribution Centers,US,Seattle WA,+1 206-495-2580,,,126,https://www.google.com/maps/place/Amazon+DSE2/data=!4m7!3m6!1s0x549041913c067dc1:0x43ea0e2bbf681247!8m2!3d47.5429424!4d-122.3292252!16s%2Fg%2F11c2l750c4!19sChIJwX0GPJFBkFQRRxJovysO6kM?authuser=0&hl=en&rclk=1
Darigold Warehouse,Distribution Centers,US,Seattle WA,+1 800-333-6455,http://darigold.com/,,44,https://www.google.com/maps/place/Darigold+Warehouse/data=!4m7!3m6!1s0x54906a6de7860db9:0x292ad6ad59a4550c!8m2!3d47.5669346!4d-122.288382!16s%2Fg%2F11bzz1hzhl!19sChIJuQ2G521qkFQRDFWkWa3WKik?authuser=0&hl=en&rclk=1
WOW Logistics Distribution Center,Distribution Centers,US,Seattle WA,+1 833-531-8962,https://wowlogistics.com/dc-info-tukwila/,tukwilaoc@wowlogistics.com,45,https://www.google.com/maps/place/WOW+Logistics+Distribution+Center/data=!4m7!3m6!1s0x549043eca687aed9:0xa4b1679a9d65aaff!8m2!3d47.5088593!4d-122.2895252!16s%2Fg%2F11jl40yd1n!19sChIJ2a6HpuxDkFQR_6plnZpnsaQ?authuser=0&hl=en&rclk=1
World Distribution Services Seattle - Tacoma,Distribution Centers,US,Seattle WA,+1 800-616-6840,http://www.worldds.net/,,8,https://www.google.com/maps/place/World+Distribution+Services+Seattle+-+Tacoma/data=!4m7!3m6!1s0x5491035a7cd5cb49:0x6f68d7ab9aee95d8!8m2!3d47.0944213!4d-122.3639334!16s%2Fg%2F11tds57b01!19sChIJScvVfFoDkVQR2JXumqvXaG8?authuser=0&hl=en&rclk=1
UWA2 - Amazon Ultra Fast Fresh!!!,Distribution Centers,US,Seattle WA,,,,12,https://www.google.com/maps/place/UWA2+-+Amazon+Ultra+Fast+Fresh!!!/data=!4m7!3m6!1s0x549011f7fc37b9a3:0x7f5bb72b80859ad2!8m2!3d47.7280591!4d-122.3459596!16s%2Fg%2F11t5rl7y41!19sChIJo7k3_PcRkFQR0pqFgCu3W38?authuser=0&hl=en&rclk=1
"Bedrooms & More, Warehouse & Delivery",Distribution Centers,US,Seattle WA,+1 206-523-0061,https://bedroomsandmore.com/locations/,,3,"https://www.google.com/maps/place/Bedrooms+%26+More,+Warehouse+%26+Delivery/data=!4m7!3m6!1s0x549011866d2d34ff:0x90c6b521f0c3829f!8m2!3d47.6981353!4d-122.3429542!16s%2Fg%2F11pr074ynk!19sChIJ_zQtbYYRkFQRn4LD8CG1xpA?authuser=0&hl=en&rclk=1"
Prologis Georgetown Crossroads,Distribution Centers,US,Seattle WA,,https://www.prologis.com/insights/success-stories/prologis-georgetown-crossroads,,20,https://www.google.com/maps/place/Prologis+Georgetown+Crossroads/data=!4m7!3m6!1s0x549041967406893d:0x9c0906c8c00a9e0e!8m2!3d47.5462132!4d-122.3318925!16s%2Fg%2F11g7ywn8rq!19sChIJPYkGdJZBkFQRDp4KwMgGCZw?authuser=0&hl=en&rclk=1
Essendant - Seattle Distribution Center,Distribution Centers,US,Seattle WA,+1 425-251-5909,https://www.essendant.com/?utm_source=google&utm_medium=organic&utm_campaign=gmb&utm_content=swa,,8,https://www.google.com/maps/place/Essendant+-+Seattle+Distribution+Center/data=!4m7!3m6!1s0x54905cec1c3a2173:0x4230f954aa35c408!8m2!3d47.4380088!4d-122.2494678!16s%2Fg%2F1td4zkcm!19sChIJcyE6HOxckFQRCMQ1qlT5MEI?authuser=0&hl=en&rclk=1
Cascade Columbia Distribution,Distribution Centers,US,Seattle WA,+1 206-282-6334,http://www.cascadecolumbia.com/,orders@cascadecolumbia.com,37,https://www.google.com/maps/place/Cascade+Columbia+Distribution/data=!4m7!3m6!1s0x54904191b7920149:0x71462d981f74ce58!8m2!3d47.5404536!4d-122.3262908!16s%2Fg%2F1wnf0rnl!19sChIJSQGSt5FBkFQRWM50H5gtRnE?authuser=0&hl=en&rclk=1
CP Warehouse 2,Distribution Centers,US,Seattle WA,+1 206-621-7334,,,25,https://www.google.com/maps/place/CP+Warehouse+2/data=!4m7!3m6!1s0x549041cd371d6f4b:0x72e5f1ae3d7e2c41!8m2!3d47.5688701!4d-122.3330833!16s%2Fg%2F1tgdhpq2!19sChIJS28dN81BkFQRQSx-Pa7x5XI?authuser=0&hl=en&rclk=1
Southern Glazer's Direct Warehouse Sales,Distribution Centers,US,Seattle WA,,http://southernglazers.com/,customerservice@sgproof.com,19,https://www.google.com/maps/place/Southern+Glazer%27s+Direct+Warehouse+Sales/data=!4m7!3m6!1s0x549041ccf418449d:0x39253095f2d4ff9d!8m2!3d47.56676!4d-122.3349977!16s%2Fg%2F11fyxbh6p4!19sChIJnUQY9MxBkFQRnf_U8pUwJTk?authuser=0&hl=en&rclk=1
Sfd commissary / services warehouse,Distribution Centers,US,Seattle WA,,,,,https://www.google.com/maps/place/Sfd+commissary+%2F+services+warehouse/data=!4m7!3m6!1s0x5490410073a035e1:0x49b27383161db4bd!8m2!3d47.5708818!4d-122.3322542!16s%2Fg%2F11z4q0xkdp!19sChIJ4TWgcwBBkFQRvbQdFoNzskk?authuser=0&hl=en&rclk=1
Sumner Distribution Center,Distribution Centers,US,Seattle WA,,,,8,https://www.google.com/maps/place/Sumner+Distribution+Center/data=!4m7!3m6!1s0x5490f9908ee0fe61:0xc743197005d29547!8m2!3d47.2233277!4d-122.2310808!16s%2Fg%2F11b5pk8s1c!19sChIJYf7gjpD5kFQRR5XSBXAZQ8c?authuser=0&hl=en&rclk=1
The Restaurant Warehouse,Distribution Centers,US,Seattle WA,+1 206-419-5801,https://therestaurantwarehouse.com/,info@therestaurantwarehouse.com,30,https://www.google.com/maps/place/The+Restaurant+Warehouse/data=!4m7!3m6!1s0x54906bb9d1489f2d:0x35b942629bb3564a!8m2!3d47.5752041!4d-122.321112!16s%2Fg%2F11j613v_qr!19sChIJLZ9I0blrkFQRSlazm2JCuTU?authuser=0&hl=en&rclk=1
Greenleaf Foods - Warehouse,Distribution Centers,US,Seattle WA,,http://greenleaffoods.com/,,3,https://www.google.com/maps/place/Greenleaf+Foods+-+Warehouse/data=!4m7!3m6!1s0x549041002be083c5:0x3946796cfd699f98!8m2!3d47.567946!4d-122.3279405!16s%2Fg%2F11y327b9rr!19sChIJxYPgKwBBkFQRmJ9p_Wx5Rjk?authuser=0&hl=en&rclk=1
Larsen Warehousing & Distributing,Distribution Centers,US,Denver CO,+1 303-371-8322,,,34,https://www.google.com/maps/place/Larsen+Warehousing+%26+Distributing/data=!4m7!3m6!1s0x876c7b29bdce3839:0x4cde5c87c2fff5a8!8m2!3d39.794398!4d-104.8525762!16s%2Fg%2F1vvdvq43!19sChIJOTjOvSl7bIcRqPX_wodc3kw?authuser=0&hl=en&rclk=1
Whole Foods Market Distribution Center Aurora,Distribution Centers,US,Denver CO,,,,61,https://www.google.com/maps/place/Whole+Foods+Market+Distribution+Center+Aurora/data=!4m7!3m6!1s0x876c6700070ba62f:0xd7b8684a8bc7815b!8m2!3d39.8068081!4d-104.7082801!16s%2Fg%2F11w28cckc5!19sChIJL6YLBwBnbIcRW4HHi0pouNc?authuser=0&hl=en&rclk=1
Discount Tire Distribution Center,Distribution Centers,US,Denver CO,,,,2,https://www.google.com/maps/place/Discount+Tire+Distribution+Center/data=!4m7!3m6!1s0x876c7b0031defab1:0x97899763f9bad72b!8m2!3d39.7805513!4d-104.8784861!16s%2Fg%2F11l_0qwg5d!19sChIJsfreMQB7bIcRK9e6-WOXiZc?authuser=0&hl=en&rclk=1
ACME Distribution,Distribution Centers,US,Denver CO,,https://www.acmedistribution.com/,,30,https://www.google.com/maps/place/ACME+Distribution/data=!4m7!3m6!1s0x876c65aa4e74ce7f:0xd4b8792c8593b4b1!8m2!3d39.7686233!4d-104.834815!16s%2Fg%2F11hz6dx5b6!19sChIJf850TqplbIcRsbSThSx5uNQ?authuser=0&hl=en&rclk=1
Target Denver Sortation Center,Distribution Centers,US,Denver CO,+1 303-323-1800,,,7,https://www.google.com/maps/place/Target+Denver+Sortation+Center/data=!4m7!3m6!1s0x876c797f5e0c9691:0xe78468dc3da27a73!8m2!3d39.8101448!4d-104.9864392!16s%2Fg%2F11vf393h1x!19sChIJkZYMXn95bIcRc3qiPdxohOc?authuser=0&hl=en&rclk=1
Advanced Distribution Services,Distribution Centers,US,Nashville TN,+1 615-724-1900,,,7,https://www.google.com/maps/place/Advanced+Distribution+Services/data=!4m7!3m6!1s0x88646f1afb730d53:0xf430936d8306b901!8m2!3d36.1016001!4d-86.710245!16s%2Fg%2F1tmqs2v4!19sChIJUw1z-xpvZIgRAbkGg22TMPQ?authuser=0&hl=en&rclk=1
"M&W Logistics Group, Inc.",Distribution Centers,US,Nashville TN,+1 615-256-5755,https://mwlginc.com/,info@mwlginc.com,94,"https://www.google.com/maps/place/M%26W+Logistics+Group,+Inc./data=!4m7!3m6!1s0x8864689eb671c75d:0x3a153f38f2d8e0b4!8m2!3d36.1583921!4d-86.7380019!16s%2Fg%2F1tfg8dk_!19sChIJXcdxtp5oZIgRtODY8jg_FTo?authuser=0&hl=en&rclk=1"
BF Myers Distribution Center,Distribution Centers,US,Nashville TN,,http://www.bfmyersfurniture.com/,,12,https://www.google.com/maps/place/BF+Myers+Distribution+Center/data=!4m7!3m6!1s0x886445233e119b7b:0xca61a9658d2b7c92!8m2!3d36.3439167!4d-86.7207193!16s%2Fg%2F11bbrh100r!19sChIJe5sRPiNFZIgRknwrjWWpYco?authuser=0&hl=en&rclk=1
Walmart RREW Distribution Center,Distribution Centers,US,Oklahoma City OK,+1 405-621-7876,,,7,https://www.google.com/maps/place/Walmart+RREW+Distribution+Center/data=!4m7!3m6!1s0x87b20f0013a03021:0x3feda3b910c0b12b!8m2!3d35.4379828!4d-97.6481053!16s%2Fg%2F11y4zfpqfg!19sChIJITCgEwAPsocRK7HAELmj7T8?authuser=0&hl=en&rclk=1
M&M DISTRIBUTION,Distribution Centers,US,Oklahoma City OK,,,,2,https://www.google.com/maps/place/M%26M+DISTRIBUTION/data=!4m7!3m6!1s0x87b20f006fd1ffd9:0x76494cf7437e8ab9!8m2!3d35.440338!4d-97.6492199!16s%2Fg%2F11yytp0j_3!19sChIJ2f_RbwAPsocRuYp-Q_dMSXY?authuser=0&hl=en&rclk=1
Amazon OKC2,Distribution Centers,US,Oklahoma City OK,,,,142,https://www.google.com/maps/place/Amazon+OKC2/data=!4m7!3m6!1s0x87b213bbeed741d1:0xb46abf8624098232!8m2!3d35.3838087!4d-97.5819964!16s%2Fg%2F11r27w6x8p!19sChIJ0UHX7rsTsocRMoIJJIa_arQ?authuser=0&hl=en&rclk=1
Hobby Lobby Distribution Center,Distribution Centers,US,Oklahoma City OK,,,,3,https://www.google.com/maps/place/Hobby+Lobby+Distribution+Center/data=!4m7!3m6!1s0x87b20f003f189359:0x2d9f6770ebfc79d3!8m2!3d35.4280291!4d-97.6241281!16s%2Fg%2F11z7htz_y_!19sChIJWZMYPwAPsocR03n863Bnny0?authuser=0&hl=en&rclk=1
Belger Warehouse,Distribution Centers,US,Oklahoma City OK,+1 405-947-8822,,,6,https://www.google.com/maps/place/Belger+Warehouse/data=!4m7!3m6!1s0x87b2104897cbe853:0xc7829a27523ee2fe!8m2!3d35.4687418!4d-97.5857291!16s%2Fg%2F11cs1w8pdd!19sChIJU-jLl0gQsocR_uI-Uieagsc?authuser=0&hl=en&rclk=1
Dallas Miller Distribution Services,Distribution Centers,US,Oklahoma City OK,+1 405-745-2292,http://www.dmdsinc.com/,krogers@dmdsinc.com,13,https://www.google.com/maps/place/Dallas+Miller+Distribution+Services/data=!4m7!3m6!1s0x87b20e5c0cbe5127:0x4cbdab3296bf4c72!8m2!3d35.4379828!4d-97.6481053!16s%2Fg%2F11c2n9_cg6!19sChIJJ1G-DFwOsocRcky_ljKrvUw?authuser=0&hl=en&rclk=1
Distribution Center for MetroShoe Warehouse,Distribution Centers,US,Oklahoma City OK,+1 405-445-6922,http://www.metroshoewarehouse.com/,cs@metroshoewarehouse.com,5,https://www.google.com/maps/place/Distribution+Center+for+MetroShoe+Warehouse/data=!4m7!3m6!1s0x87b21ec70d1f889f:0x38c7c0f836499f46!8m2!3d35.608698!4d-97.5019014!16s%2Fg%2F1pxw9lljk!19sChIJn4gfDccesocRRp9JNvjAxzg?authuser=0&hl=en&rclk=1
Powerhouse LV,Distribution Centers,US,Las Vegas NV,+1 702-710-4744,http://www.powerhouselv.com/,,42,https://www.google.com/maps/place/Powerhouse+LV/data=!4m7!3m6!1s0x80c8c948b9d6170f:0x1a3d161b5c206283!8m2!3d36.0588135!4d-115.1551219!16s%2Fg%2F11rclgr5xg!19sChIJDxfWuUjJyIARg2IgXBsWPRo?authuser=0&hl=en&rclk=1
Restaurant Supply Las Vegas Distribution Center,Distribution Centers,US,Las Vegas NV,+1 855-838-1010,https://www.restaurantsupply.com/,,,https://www.google.com/maps/place/Restaurant+Supply+Las+Vegas+Distribution+Center/data=!4m7!3m6!1s0x80c8c50aac549ab9:0xbf719c6a73c6b459!8m2!3d36.074732!4d-115.1840738!16s%2Fg%2F11zgf1qdsy!19sChIJuZpUrArFyIARWbTGc2qccb8?authuser=0&hl=en&rclk=1
LAS 7 Amazon Fulfillment Center,Distribution Centers,US,Las Vegas NV,+1 702-980-6599,,,119,https://www.google.com/maps/place/LAS+7+Amazon+Fulfillment+Center/data=!4m7!3m6!1s0x80c8e706d387620f:0x6def622827344b7f!8m2!3d36.2662732!4d-115.0412029!16s%2Fg%2F11rrkb_9xb!19sChIJD2KH0wbnyIARf0s0Jyhi720?authuser=0&hl=en&rclk=1
Warehouse Las Vegas,Distribution Centers,US,Las Vegas NV,+1 702-914-8244,http://warehouselasvegas.com/,,29,https://www.google.com/maps/place/Warehouse+Las+Vegas/data=!4m7!3m6!1s0x80c8c60bf043bc75:0x24cc46fe34388f!8m2!3d36.0726861!4d-115.1942467!16s%2Fg%2F1tfshp9r!19sChIJdbxD8AvGyIARjzg0_kbMJAA?authuser=0&hl=en&rclk=1
City Home Distribution Center,Distribution Centers,US,Portland OR,+1 503-860-1666,https://cityhomepdx.com/?utm_source=google&utm_medium=google_business&utm_campaign=google_maps_and_google_business,sales@cityhomepdx.com,1,https://www.google.com/maps/place/City+Home+Distribution+Center/data=!4m7!3m6!1s0x5495a7a43154b26d:0xa7eb42a9de40ae12!8m2!3d45.4281897!4d-122.757041!16s%2Fg%2F11t6_hbx4d!19sChIJbbJUMaSnlVQREq5A3qlC66c?authuser=0&hl=en&rclk=1
Bob's Red Mill - World Distribution Center,Distribution Centers,US,Portland OR,+1 503-513-0936,http://www.bobsredmill.com/,bobsredmill@360pr.plus,141,https://www.google.com/maps/place/Bob%27s+Red+Mill+-+World+Distribution+Center/data=!4m7!3m6!1s0x549575e1084ce047:0x676cc4cefcacf72e!8m2!3d45.4281037!4d-122.5955501!16s%2Fg%2F11c5wkmdn4!19sChIJR-BMCOF1lVQRLves_M7EbGc?authuser=0&hl=en&rclk=1
American Warehouse Inc.,Distribution Centers,US,Portland OR,+1 503-656-1852,http://www.americanwhse.com/,,23,https://www.google.com/maps/place/American+Warehouse+Inc./data=!4m7!3m6!1s0x5495750fd75e5145:0x480ea107c0f6fbb0!8m2!3d45.434131!4d-122.6073404!16s%2Fg%2F1th6dkcm!19sChIJRVFe1w91lVQRsPv2wAehDkg?authuser=0&hl=en&rclk=1
Wagner Logistics,Distribution Centers,US,Portland OR,+1 503-707-1307,https://www.fulcrum3pl.com/,sales@fulcrum3pl.com,74,https://www.google.com/maps/place/Wagner+Logistics/data=!4m7!3m6!1s0x5495a7efac58efab:0xbc09198e23420abb!8m2!3d45.5674312!4d-122.7056844!16s%2Fg%2F11t60yqbd2!19sChIJq-9YrO-nlVQRuwpCI44ZCbw?authuser=0&hl=en&rclk=1
"B-line, Warehouse",Distribution Centers,US,Portland OR,+1 503-487-2510,https://b-linepdx.com/,jobs@b-linepdx.com,11,"https://www.google.com/maps/place/B-line,+Warehouse/data=!4m7!3m6!1s0x5495a0a07b74b3a7:0xcb043cf02412ca44!8m2!3d45.5145259!4d-122.6579788!16s%2Fg%2F11clw4lzgg!19sChIJp7N0e6CglVQRRMoSJPA8BMs?authuser=0&hl=en&rclk=1"
Bridgestone Firestone Distribution Center,Distribution Centers,US,Portland OR,+1 503-491-2500,http://bridgestone-firestone.com/,adamsdavis@bfusa.com,49,https://www.google.com/maps/place/Bridgestone+Firestone+Distribution+Center/data=!4m7!3m6!1s0x5495a31c7381aff5:0x643db5419d69f143!8m2!3d45.5562947!4d-122.4708469!16s%2Fg%2F1tctx897!19sChIJ9a-BcxyjlVQRQ_FpnUG1PWQ?authuser=0&hl=en&rclk=1
Weir - ESCO Division - Distribution Center,Distribution Centers,US,Portland OR,,https://www.esco.weir/,,4,https://www.google.com/maps/place/Weir+-+ESCO+Division+-+Distribution+Center/data=!4m7!3m6!1s0x549509dfb6b351ff:0x93d9f4cf59ebb481!8m2!3d45.5427815!4d-122.6988877!16s%2Fg%2F11fzf3wj0d!19sChIJ_1Gztt8JlVQRgbTrWc_02ZM?authuser=0&hl=en&rclk=1
Detail Distribution Inc,Distribution Centers,US,Memphis TN,+1 901-795-1800,,,52,https://www.google.com/maps/place/Detail+Distribution+Inc/data=!4m7!3m6!1s0x887f8602986fa85d:0xe2b224f0b6b986f0!8m2!3d35.039549!4d-89.9336934!16s%2Fg%2F1tk6r25s!19sChIJXahvmAKGf4gR8Ia5tvAksuI?authuser=0&hl=en&rclk=1
Advance Memphis Warehouse,Distribution Centers,US,Memphis TN,+1 901-463-2520,https://www.advancememphis.org/fulfillment,snash@advancememphis.org,8,https://www.google.com/maps/place/Advance+Memphis+Warehouse/data=!4m7!3m6!1s0x87d57d8cdad827a5:0x2c4c713caff42b80!8m2!3d35.1205189!4d-90.020889!16s%2Fg%2F11hxj15g61!19sChIJpSfY2ox91YcRgCv0rzxxTCw?authuser=0&hl=en&rclk=1
Owens & Minor - Memphis Distribution Center,Distribution Centers,US,Memphis TN,+1 662-253-6865,https://www.owens-minor.com/,contactrequest@owens-minor.com,53,https://www.google.com/maps/place/Owens+%26+Minor+-+Memphis+Distribution+Center/data=!4m7!3m6!1s0x887f8910d78cb883:0x877c1d45b9f9f8d8!8m2!3d34.9832954!4d-89.9953231!16s%2Fg%2F11j8mz62vs!19sChIJg7iM1xCJf4gR2Pj5uUUdfIc?authuser=0&hl=en&rclk=1
Exel Global Logistics,Distribution Centers,US,Louisville KY,+1 502-449-1771,,,278,https://www.google.com/maps/place/Exel+Global+Logistics/data=!4m7!3m6!1s0x8869146f6b25c001:0x57ec08537b381c88!8m2!3d38.1916585!4d-85.8580353!16s%2Fg%2F1tf16m9v!19sChIJAcAla28UaYgRiBw4e1MI7Fc?authuser=0&hl=en&rclk=1
The CrossDock @ FCL,Distribution Centers,US,Louisville KY,+1 502-281-4567,http://thecrossdock.net/,,16,https://www.google.com/maps/place/The+CrossDock+@+FCL/data=!4m7!3m6!1s0x8869135c18ee3001:0x15ec71b82ef9f826!8m2!3d38.2263259!4d-85.7902027!16s%2Fg%2F11jzkx2q85!19sChIJATDuGFwTaYgRJvj5Lrhx7BU?authuser=0&hl=en&rclk=1
Feeder's Supply Warehouse,Distribution Centers,US,Louisville KY,+1 502-491-3899,,,20,https://www.google.com/maps/place/Feeder%27s+Supply+Warehouse/data=!4m7!3m6!1s0x8869a1cdc0107f37:0xd424125f44fe8980!8m2!3d38.2202565!4d-85.557149!16s%2Fg%2F11bv5sfjm0!19sChIJN38QwM2haYgRgIn-RF8SJNQ?authuser=0&hl=en&rclk=1
Derby Supply Chain Solutions,Distribution Centers,US,Louisville KY,+1 800-569-4812,https://www.derbyllc.com/,,8,https://www.google.com/maps/place/Derby+Supply+Chain+Solutions/data=!4m7!3m6!1s0x8869015f47a95f47:0x93ddbb1e26b2b5cc!8m2!3d38.191665!4d-85.6910517!16s%2Fg%2F11c0rmskr_!19sChIJR1-pR18BaYgRzLWyJh673ZM?authuser=0&hl=en&rclk=1
The Home Depot Direct Fulfilment Center,Distribution Centers,US,Baltimore MD,+1 443-943-9400,,,19,https://www.google.com/maps/place/The+Home+Depot+Direct+Fulfilment+Center/data=!4m7!3m6!1s0x89c80111b9774813:0x6562598156dfef10!8m2!3d39.2160368!4d-76.4835595!16s%2Fg%2F11rq3fcggn!19sChIJE0h3uREByIkREO_fVoFZYmU?authuser=0&hl=en&rclk=1
Floor & Decor Distribution Center,Distribution Centers,US,Baltimore MD,+1 443-943-9179,https://careers.flooranddecor.com/distribution-centers,,164,https://www.google.com/maps/place/Floor+%26+Decor+Distribution+Center/data=!4m7!3m6!1s0x89c801ab6f070a87:0xbc9498e6ba1efdc8!8m2!3d39.2232627!4d-76.4783935!16s%2Fg%2F11j0q5snjs!19sChIJhwoHb6sByIkRyP0euuaYlLw?authuser=0&hl=en&rclk=1
ACE Warehouse,Distribution Centers,US,Baltimore MD,+1 410-238-3866,https://www.acelogisticsonline.com/,,41,https://www.google.com/maps/place/ACE+Warehouse/data=!4m7!3m6!1s0x89c8019fc685d30f:0x2156b37033545c5e!8m2!3d39.2733679!4d-76.545646!16s%2Fg%2F11nx69d81r!19sChIJD9OFxp8ByIkRXlxUM3CzViE?authuser=0&hl=en&rclk=1
H&S Distribution LLC Baltimore Depot,Distribution Centers,US,Baltimore MD,+1 410-522-9225,http://www.hsbakery.com/,,3,https://www.google.com/maps/place/H%26S+Distribution+LLC+Baltimore+Depot/data=!4m7!3m6!1s0x89c8068997b1901d:0x748d3e4111f05335!8m2!3d39.3200792!4d-76.5307846!16s%2Fg%2F11ckr5lb9v!19sChIJHZCxl4kGyIkRNVPwEUE-jXQ?authuser=0&hl=en&rclk=1
Overflo Warehouse #9,Distribution Centers,US,Baltimore MD,+1 410-646-5200,http://www.overflo.com/,,29,https://www.google.com/maps/place/Overflo+Warehouse+%239/data=!4m7!3m6!1s0x89c81ccc12cf3519:0x9352151802d2af47!8m2!3d39.2650325!4d-76.6459531!16s%2Fg%2F1v2f1h1q!19sChIJGTXPEswcyIkRR6_SAhgVUpM?authuser=0&hl=en&rclk=1
Hana Food Distribution,Distribution Centers,US,Baltimore MD,+1 301-516-4262,https://hanafoodinc.com/,,33,https://www.google.com/maps/place/Hana+Food+Distribution/data=!4m7!3m6!1s0x89b7be6064a5e63d:0xbddf0005a9ad67e6!8m2!3d39.2296886!4d-76.5754992!16s%2Fg%2F1tgxjyw7!19sChIJPealZGC-t4kR5metqQUA370?authuser=0&hl=en&rclk=1
D & S Distribution Warehouses,Distribution Centers,US,Milwaukee WI,+1 414-259-9310,,,3,https://www.google.com/maps/place/D+%26+S+Distribution+Warehouses/data=!4m7!3m6!1s0x8805047c8615b85d:0x6f07d6c3430265e1!8m2!3d43.0731238!4d-88.0554731!16s%2Fg%2F1tcw45qv!19sChIJXbgVhnwEBYgR4WUCQ8PWB28?authuser=0&hl=en&rclk=1
Complete Warehouse & Distribution,Distribution Centers,US,Milwaukee WI,+1 414-327-2040,,,11,https://www.google.com/maps/place/Complete+Warehouse+%26+Distribution/data=!4m7!3m6!1s0x88050580eb83d165:0x4265945d0694feae!8m2!3d43.0043264!4d-88.0547944!16s%2Fg%2F1tpn33yx!19sChIJZdGD64AFBYgRrv6UBl2UZUI?authuser=0&hl=en&rclk=1
Milwaukee Warehouse,Distribution Centers,US,Milwaukee WI,,,,21,https://www.google.com/maps/place/Milwaukee+Warehouse/data=!4m7!3m6!1s0x88051f3774c90c6b:0x4eb9af65a77e23c5!8m2!3d43.0858038!4d-87.9130955!16s%2Fg%2F11s5q6kqyk!19sChIJawzJdDcfBYgRxSN-p2WvuU4?authuser=0&hl=en&rclk=1
Javic Wholesale Co Warehouse,Distribution Centers,US,Milwaukee WI,+1 414-964-1987,,,13,https://www.google.com/maps/place/Javic+Wholesale+Co+Warehouse/data=!4m7!3m6!1s0x88051e94435b08a9:0x53d0443d86d80943!8m2!3d43.099113!4d-87.917642!16s%2Fg%2F1v3knn09!19sChIJqQhbQ5QeBYgRQwnYhj1E0FM?authuser=0&hl=en&rclk=1
Badger Warehouse-Distribution,Distribution Centers,US,Milwaukee WI,+1 262-521-2188,http://www.badgerdistribution.com/,bdi@badgerdistribution.com,14,https://www.google.com/maps/place/Badger+Warehouse-Distribution/data=!4m7!3m6!1s0x8805a8c4107336af:0x8b42648031a31b78!8m2!3d43.0307974!4d-88.2321987!16s%2Fg%2F1tg876vk!19sChIJrzZzEMSoBYgReBujMYBkQos?authuser=0&hl=en&rclk=1
MKE2 Amazon Center,Distribution Centers,US,Milwaukee WI,,https://www.amazon.jobs/en/business_categories/fulfillment-operations,,237,https://www.google.com/maps/place/MKE2+Amazon+Center/data=!4m7!3m6!1s0x8805155265815453:0x4a887c5a6ef8b9f8!8m2!3d42.8683162!4d-87.927155!16s%2Fg%2F11hlw8n94j!19sChIJU1SBZVIVBYgR-Ln4blp8iEo?authuser=0&hl=en&rclk=1
"Lindner Logistics, LLC",Distribution Centers,US,Milwaukee WI,+1 414-483-3080,http://www.lindnerlogistics.com/,contact@lindnerlogistics.com,62,"https://www.google.com/maps/place/Lindner+Logistics,+LLC/data=!4m7!3m6!1s0x880516baeed8ebf9:0x4a75d10a65ca74a9!8m2!3d42.9342042!4d-87.9222262!16s%2Fg%2F11c52ct_wp!19sChIJ-evY7roWBYgRqXTKZQrRdUo?authuser=0&hl=en&rclk=1"
Ben E Keith Foods New Mexico (Truck Entrance),Distribution Centers,US,Albuquerque NM,+1 505-843-7766,https://www.benekeith.com/food/locations/new-mexico,,74,https://www.google.com/maps/place/Ben+E+Keith+Foods+New+Mexico+%28Truck+Entrance%29/data=!4m7!3m6!1s0x87220c68a6c4567d:0x5be6396d60e11403!8m2!3d35.0944826!4d-106.7260388!16s%2Fg%2F1tgwsqkl!19sChIJfVbEpmgMIocRAxThYG055ls?authuser=0&hl=en&rclk=1
Statewide Products Co Inc,Distribution Centers,US,Albuquerque NM,+1 505-888-4646,http://statewideproducts.com/,info@swpnm.com,38,https://www.google.com/maps/place/Statewide+Products+Co+Inc/data=!4m7!3m6!1s0x872274cb4d93b8d1:0xf747495b27948d6f!8m2!3d35.1077926!4d-106.6008833!16s%2Fg%2F1tgyx508!19sChIJ0biTTct0IocRb42UJ1tJR_c?authuser=0&hl=en&rclk=1
Flagship Food Group,Distribution Centers,US,Albuquerque NM,+1 505-217-2222,https://flagshiplogisticsgroup.com/locations/albuquerque-nm/,,58,https://www.google.com/maps/place/Flagship+Food+Group/data=!4m7!3m6!1s0x872274974f682a9b:0xd046bb393eb00a9a!8m2!3d35.1311378!4d-106.6167144!16s%2Fg%2F11c3s97_dj!19sChIJmypoT5d0IocRmgqwPjm7RtA?authuser=0&hl=en&rclk=1
Cold Front Distribution,Distribution Centers,US,Albuquerque NM,+1 303-321-2369,https://coldfrontdist.com/,orders@coldfrontdist.com,23,https://www.google.com/maps/place/Cold+Front+Distribution/data=!4m7!3m6!1s0x87227431aac1c04d:0xdf8e1f25dea82cc!8m2!3d35.1812816!4d-106.5903646!16s%2Fg%2F1tdzgg5s!19sChIJTcDBqjF0IocRzILqXfLh-A0?authuser=0&hl=en&rclk=1
Sysco New Mexico - Food Distributor & Restaurant Supplies,Distribution Centers,US,Albuquerque NM,+1 505-761-1200,https://cloud.email.sysco.com/become-a-customer?utm_medium=googlemybusiness&utm_source=google.com&utm_campaign=gmb_opcopages&utm_content=NewMexico,,397,https://www.google.com/maps/place/Sysco+New+Mexico+-+Food+Distributor+%26+Restaurant+Supplies/data=!4m7!3m6!1s0x8722736026c83e4f:0x5850134ad75ee1e3!8m2!3d35.1271088!4d-106.6268675!16s%2Fg%2F1tf7bk9w!19sChIJTz7IJmBzIocR4-Fe10oTUFg?authuser=0&hl=en&rclk=1
Amazon Fulfillment Center HTC1,Distribution Centers,US,Tucson AZ,,,,16,https://www.google.com/maps/place/Amazon+Fulfillment+Center+HTC1/data=!4m7!3m6!1s0x86d67b995b8f02d5:0x85701a601625efdc!8m2!3d32.1440591!4d-110.9272858!16s%2Fg%2F11q24cgk8_!19sChIJ1QKPW5l71oYR3O8lFmAacIU?authuser=0&hl=en&rclk=1
ADS Aguilar Distribution Services,Distribution Centers,US,Tucson AZ,+1 520-314-2492,,,3,https://www.google.com/maps/place/ADS+Aguilar+Distribution+Services/data=!4m7!3m6!1s0x86d67185a02bc3fd:0x7f52f20c4afb5e50!8m2!3d32.2031958!4d-110.9440868!16s%2Fg%2F11c319wj21!19sChIJ_cMroIVx1oYRUF77SgzyUn8?authuser=0&hl=en&rclk=1
TAA Warehouse,Distribution Centers,US,Tucson AZ,,http://flytucson.com/,,1,https://www.google.com/maps/place/TAA+Warehouse/data=!4m7!3m6!1s0x86d67b6a20568389:0x43defc8a84ad6683!8m2!3d32.1166202!4d-110.928483!16s%2Fg%2F11bxfg51tz!19sChIJiYNWIGp71oYRg2athIr83kM?authuser=0&hl=en&rclk=1
Amazon Fulfillment Center - SAZ3,Distribution Centers,US,Tucson AZ,,,,28,https://www.google.com/maps/place/Amazon+Fulfillment+Center+-+SAZ3/data=!4m7!3m6!1s0x86d67b003f192afd:0x76f31f7e782b435b!8m2!3d32.1335547!4d-110.9102581!16s%2Fg%2F11lnps05_y!19sChIJ_SoZPwB71oYRW0MreH4f83Y?authuser=0&hl=en&rclk=1
Biagi Bros. Warehouse,Distribution Centers,US,Tucson AZ,+1 520-664-0157,https://www.biagibros.com/locations/Arizona_Warehouses.html,mellingson@biagibros.com,79,https://www.google.com/maps/place/Biagi+Bros.+Warehouse/data=!4m7!3m6!1s0x86d665ef7b1c1f8b:0xe7a7faba0b01ebdb!8m2!3d32.1250014!4d-110.8475071!16s%2Fg%2F11hd9qlgxz!19sChIJix8ce-9l1oYR2-sBC7r6p-c?authuser=0&hl=en&rclk=1
DAZ4 Amazon,Distribution Centers,US,Tucson AZ,+1 520-447-1830,,,27,https://www.google.com/maps/place/DAZ4+Amazon/data=!4m7!3m6!1s0x86d60b0066ac4645:0xb7ef89c02d651261!8m2!3d32.3379768!4d-111.0860705!16s%2Fg%2F11lp6h7_ck!19sChIJRUasZgAL1oYRYRJlLcCJ77c?authuser=0&hl=en&rclk=1
Faribault Foods Distribution Center,Distribution Centers,US,Tucson AZ,+1 520-663-4720,http://www.faribaultfoods.com/,,133,https://www.google.com/maps/place/Faribault+Foods+Distribution+Center/data=!4m7!3m6!1s0x86d6616472fb9687:0xb36b95e05772a46a!8m2!3d32.0934944!4d-110.7999649!16s%2Fg%2F1v3gsbnf!19sChIJh5b7cmRh1oYRaqRyV-CVa7M?authuser=0&hl=en&rclk=1
Amazon FAT1,Distribution Centers,US,Fresno CA,+1 888-892-7180,,,378,https://www.google.com/maps/place/Amazon+FAT1/data=!4m7!3m6!1s0x80945ff54f1c3c0f:0x7470711b253618f4!8m2!3d36.6842509!4d-119.7663248!16s%2Fg%2F11d_yl7g8z!19sChIJDzwcT_VflIAR9Bg2JRtxcHQ?authuser=0&hl=en&rclk=1
Amazon Last Mile Facilty,Distribution Centers,US,Fresno CA,,,,57,https://www.google.com/maps/place/Amazon+Last+Mile+Facilty/data=!4m7!3m6!1s0x80945f936fd4f453:0x1c92424d144b2118!8m2!3d36.7547843!4d-119.7030783!16s%2Fg%2F11rq2chqzc!19sChIJU_TUb5NflIARGCFLFE1Ckhw?authuser=0&hl=en&rclk=1
"CSU, Fresno Warehouse",Distribution Centers,US,Fresno CA,+1 559-278-2139,,,5,"https://www.google.com/maps/place/CSU,+Fresno+Warehouse/data=!4m7!3m6!1s0x80945d0172becbcf:0x5846c3f589d1f4ca!8m2!3d36.8153171!4d-119.7415181!16s%2Fg%2F1v6p4jpr!19sChIJz8u-cgFdlIARyvTRifXDRlg?authuser=0&hl=en&rclk=1"
QXY8 Amazon,Distribution Centers,US,Fresno CA,+1 559-441-0089,,,28,https://www.google.com/maps/place/QXY8+Amazon/data=!4m7!3m6!1s0x80945f6eeccb9e29:0x3ae0914fde1999c0!8m2!3d36.6826694!4d-119.7692193!16s%2Fg%2F11thp1qx9q!19sChIJKZ7L7G5flIARwJkZ3k-R4Do?authuser=0&hl=en&rclk=1
Newstar Packaging & Logistics,Distribution Centers,US,Fresno CA,+1 559-233-1105,http://www.newstarlogistics.com/,ekenner@newstarlogistics.com,44,https://www.google.com/maps/place/Newstar+Packaging+%26+Logistics/data=!4m7!3m6!1s0x80945fdf4595c089:0x30777820ead6554e!8m2!3d36.7001537!4d-119.7867282!16s%2Fg%2F1tddb2m8!19sChIJicCVRd9flIARTlXW6iB4dzA?authuser=0&hl=en&rclk=1
ACD Distribution,Distribution Centers,US,Fresno CA,+1 559-276-7290,http://www.acdd.com/,,14,https://www.google.com/maps/place/ACD+Distribution/data=!4m7!3m6!1s0x8094661bf0103ab9:0x293ceef84fd29665!8m2!3d36.805021!4d-119.8630448!16s%2Fg%2F1thx8w9m!19sChIJuToQ8BtmlIARZZbST_juPCk?authuser=0&hl=en&rclk=1
Home Depot warehouse,Distribution Centers,US,Sacramento CA,,,,7,https://www.google.com/maps/place/Home+Depot+warehouse/data=!4m7!3m6!1s0x809ad3bcc38e2187:0xa84b9932dc99648f!8m2!3d38.55856!4d-121.561527!16s%2Fg%2F11jyj4yqn1!19sChIJhyGOw7zTmoARj2SZ3DKZS6g?authuser=0&hl=en&rclk=1
Amazon SMF1,Distribution Centers,US,Sacramento CA,+1 855-579-1743,,,485,https://www.google.com/maps/place/Amazon+SMF1/data=!4m7!3m6!1s0x809b2bac7d8ae5bf:0xc39b1f6823746490!8m2!3d38.6828321!4d-121.5736854!16s%2Fg%2F11gbg174ly!19sChIJv-WKfawrm4ARkGR0I2gfm8M?authuser=0&hl=en&rclk=1
Best Distribution & Warehouse,Distribution Centers,US,Atlanta GA,+1 404-344-1748,,,2,https://www.google.com/maps/place/Best+Distribution+%26+Warehouse/data=!4m7!3m6!1s0x88f51f753480f25b:0xe5a046c4d827384d!8m2!3d33.7245979!4d-84.5855407!16s%2Fg%2F1264gwd3j!19sChIJW_KANHUf9YgRTTgn2MRGoOU?authuser=0&hl=en&rclk=1
Fulton Warehouse,Distribution Centers,US,Atlanta GA,+1 404-629-0920,http://www.fultonwarehouse.com/,customerservice@fultonwarehouse.com,55,https://www.google.com/maps/place/Fulton+Warehouse/data=!4m7!3m6!1s0x88f51f1a7acacc93:0x4ff82146ce18ee62!8m2!3d33.7361162!4d-84.5733814!16s%2Fg%2F1tx8v1b6!19sChIJk8zKehof9YgRYu4YzkYh-E8?authuser=0&hl=en&rclk=1
M & W Distribution,Distribution Centers,US,Atlanta GA,+1 404-344-8902,http://www.westlgi.com/,,269,https://www.google.com/maps/place/M+%26+W+Distribution/data=!4m7!3m6!1s0x88f52026d54182eb:0xac487ac19a36ebd5!8m2!3d33.7100724!4d-84.60599!16s%2Fg%2F1tdm94zw!19sChIJ64JB1SYg9YgR1es2msF6SKw?authuser=0&hl=en&rclk=1
Interstate Underground Warehouse & Distribution,Distribution Centers,US,Kansas City MO,+1 816-833-0000,https://www.kcinterstate.com/,info@kcinterstate.com,107,https://www.google.com/maps/place/Interstate+Underground+Warehouse+%26+Distribution/data=!4m7!3m6!1s0x87c102ae9463ea81:0x5cea58904e507b50!8m2!3d39.0752741!4d-94.4878286!16s%2Fg%2F1260gjxf4!19sChIJgepjlK4CwYcRUHtQTpBY6lw?authuser=0&hl=en&rclk=1
VS Warehouse,Distribution Centers,US,Kansas City MO,+1 913-703-7781,https://www.vswarehouse.net/,info@vswarehouse.net,6,https://www.google.com/maps/place/VS+Warehouse/data=!4m7!3m6!1s0x27b940ded711baaf:0x33544fe0768dafe2!8m2!3d39.135127!4d-94.5151593!16s%2Fg%2F11ymhyktkv!19sChIJr7oR195AuScR4q-NduBPVDM?authuser=0&hl=en&rclk=1
Murphy Logistics - Topping Distribution Center,Distribution Centers,US,Kansas City MO,+1 612-623-1200,https://www.murphylogistics.com/?utm_source=google&utm_medium=organic&utm_campaign=gbp&utm_content=kansas-city-topping-ave,,45,https://www.google.com/maps/place/Murphy+Logistics+-+Topping+Distribution+Center/data=!4m7!3m6!1s0x87c0fbceee018e37:0xddc28c6dd1f386af!8m2!3d39.136769!4d-94.514482!16s%2Fg%2F11lf0247t8!19sChIJN44B7s77wIcRr4bz0W2Mwt0?authuser=0&hl=en&rclk=1
Metro Park Warehouses,Distribution Centers,US,Kansas City MO,+1 816-242-6900,http://www.metroparkwarehouses.com/,retchells@mpwus.com,210,https://www.google.com/maps/place/Metro+Park+Warehouses/data=!4m7!3m6!1s0x87c0fbdd4e0fe499:0xafd7ed72cbafd57e!8m2!3d39.1411093!4d-94.5015005!16s%2Fg%2F1tdy9lhy!19sChIJmeQPTt37wIcRftWvy3Lt168?authuser=0&hl=en&rclk=1
Best Way Distribution,Distribution Centers,US,Kansas City MO,+1 816-934-5634,http://bwdst.com/?utm_source=localfx&utm_medium=organic&utm_campaign=localfx,sales@bwdst.com,34,https://www.google.com/maps/place/Best+Way+Distribution/data=!4m7!3m6!1s0x87c0dd44751f5d61:0x49baff98de95fed3!8m2!3d39.0857141!4d-94.6452531!16s%2Fg%2F11c1szpqyd!19sChIJYV0fdUTdwIcR0_6V3pj_ukk?authuser=0&hl=en&rclk=1
Pepsi BV EAGLE CREST Warehouse,Distribution Centers,US,Raleigh NC,,,,33,https://www.google.com/maps/place/Pepsi+BV+EAGLE+CREST+Warehouse/data=!4m7!3m6!1s0x89ac5f00398b8cad:0xd8e07d4acc6c4460!8m2!3d35.719424!4d-78.5722538!16s%2Fg%2F11y32llqs3!19sChIJrYyLOQBfrIkRYERszEp94Ng?authuser=0&hl=en&rclk=1
RDU1,Distribution Centers,US,Raleigh NC,,https://www.aboutamazon.com/workplace/our-employees,,103,https://www.google.com/maps/place/RDU1/data=!4m7!3m6!1s0x89ac618d0e43e1cd:0x3c61b4bfdbbb6a0c!8m2!3d35.7160409!4d-78.588259!16s%2Fg%2F11j24lswvr!19sChIJzeFDDo1hrIkRDGq727-0YTw?authuser=0&hl=en&rclk=1
UPS Garner,Distribution Centers,US,Raleigh NC,,,,10,https://www.google.com/maps/place/UPS+Garner/data=!4m7!3m6!1s0x89ac610064648303:0x3e9e427b233ae405!8m2!3d35.7180866!4d-78.5909759!16s%2Fg%2F11y78yjhnm!19sChIJA4NkZABhrIkRBeQ6I3tCnj4?authuser=0&hl=en&rclk=1
MPD warehouse,Distribution Centers,US,Minneapolis MN,,,,2,https://www.google.com/maps/place/MPD+warehouse/data=!4m7!3m6!1s0x52b3338c823a899b:0xd2dc52c9d5418c58!8m2!3d45.0126388!4d-93.2799753!16s%2Fg%2F11mv_63823!19sChIJm4k6gowzs1IRWIxB1clS3NI?authuser=0&hl=en&rclk=1
Professional Warehouse & Distribution,Distribution Centers,US,Minneapolis MN,+1 651-646-7889,,,6,https://www.google.com/maps/place/Professional+Warehouse+%26+Distribution/data=!4m7!3m6!1s0x52b32cae3df8a35f:0xebc7762be995776c!8m2!3d44.9621852!4d-93.1876842!16s%2Fg%2F1tdqb6qt!19sChIJX6P4Pa4ss1IRbHeV6St2x-s?authuser=0&hl=en&rclk=1
Triangle Warehouse\ Benchmark Logistics,Distribution Centers,US,Minneapolis MN,+1 651-633-1612,http://www.benchmarklogisticsmn.com/,info@trianglewarehouse.com,173,https://www.google.com/maps/place/Triangle+Warehouse%5C+Benchmark+Logistics/data=!4m7!3m6!1s0x52b331f93d6397a7:0x6b214c6b736c8b7c!8m2!3d45.0312698!4d-93.2740146!16s%2Fg%2F1tncsjy6!19sChIJp5djPfkxs1IRfItsc2tMIWs?authuser=0&hl=en&rclk=1
Murphy Logistics Solutions - Fridley Distribution Center (4850 Main),Distribution Centers,US,Minneapolis MN,+1 612-623-1200,https://www.murphylogistics.com/?utm_source=google&utm_medium=organic&utm_campaign=gbp&utm_content=fridley-4850-main-st,,27,https://www.google.com/maps/place/Murphy+Logistics+Solutions+-+Fridley+Distribution+Center+%284850+Main%29/data=!4m7!3m6!1s0x52b32fcd8d0ca7b3:0x2639583a3376de36!8m2!3d45.0576424!4d-93.2691649!16s%2Fg%2F11nxtbj04k!19sChIJs6cMjc0vs1IRNt52MzpYOSY?authuser=0&hl=en&rclk=1
Chadwell Supply Distribution Center,Distribution Centers,US,Tampa FL,,,,4,https://www.google.com/maps/place/Chadwell+Supply+Distribution+Center/data=!4m7!3m6!1s0x88c2cf005a9cae61:0x41921607c621c6a9!8m2!3d27.9493506!4d-82.3394324!16s%2Fg%2F11y79_n60x!19sChIJYa6cWgDPwogRqcYhxgcWkkE?authuser=0&hl=en&rclk=1
Silo Bend Distribution Center,Distribution Centers,US,Tampa FL,,,,2,https://www.google.com/maps/place/Silo+Bend+Distribution+Center/data=!4m7!3m6!1s0x88c2cf383a0473ef:0x1e433cb333e788a6!8m2!3d27.9446483!4d-82.3595471!16s%2Fg%2F11sfbhlbjc!19sChIJ73MEOjjPwogRpojnM7M8Qx4?authuser=0&hl=en&rclk=1
Southbay Distribution,Distribution Centers,US,Tampa FL,+1 813-690-1851,,,8,https://www.google.com/maps/place/Southbay+Distribution/data=!4m7!3m6!1s0x88c2c5a3a379418b:0x34d605c2cf499e7b!8m2!3d27.9582048!4d-82.4140144!16s%2Fg%2F11gbk1v0qh!19sChIJi0F5o6PFwogRe55Jz8IF1jQ?authuser=0&hl=en&rclk=1
Palm River Center Distribution Center,Distribution Centers,US,Tampa FL,,,,3,https://www.google.com/maps/place/Palm+River+Center+Distribution+Center/data=!4m7!3m6!1s0x88c2cf59a8c87fab:0x594f34e6e287e6ef!8m2!3d27.9420658!4d-82.3497588!16s%2Fg%2F11sfbh5dm9!19sChIJq3_IqFnPwogR7-aH4uY0T1k?authuser=0&hl=en&rclk=1
Warehousing Etc,Distribution Centers,US,Tampa FL,+1 888-501-5311,https://warehousingetc.com/,,147,https://www.google.com/maps/place/Warehousing+Etc/data=!4m7!3m6!1s0x88c3435cb7a2b14b:0xb68497eea74d0d06!8m2!3d27.974559!4d-82.379236!16s%2Fg%2F11mtfg7fn3!19sChIJS7Git1xDw4gRBg1Np-6XhLY?authuser=0&hl=en&rclk=1
"The Storage Center - New Orleans, Louisiana",Distribution Centers,US,New Orleans LA,+1 504-309-4004,https://thestoragecenter.com/facilities/la/new-orleans/3901-behrman-pl-new-orleans-la/?cid=org::maps&utm_source=google&utm_medium=organic&utm_campaign=org::maps,,406,"https://www.google.com/maps/place/The+Storage+Center+-+New+Orleans,+Louisiana/data=!4m7!3m6!1s0x8620a76b29bcf193:0x4d7cd5a88e73ee60!8m2!3d29.913548!4d-90.018945!16s%2Fg%2F11cn8thsbt!19sChIJk_G8KWunIIYRYO5zjqjVfE0?authuser=0&hl=en&rclk=1"
Meyers Warehouse Inc,Distribution Centers,US,New Orleans LA,+1 504-254-1555,http://meyerswarehouse.com/,chefoffice@meyerswarehouse.com,73,https://www.google.com/maps/place/Meyers+Warehouse+Inc/data=!4m7!3m6!1s0x889e046eeddaf061:0xf2a6b02349d77813!8m2!3d30.0345588!4d-89.9147328!16s%2Fg%2F1tfrsq5b!19sChIJYfDa7W4EnogRE3jXSSOwpvI?authuser=0&hl=en&rclk=1
Woodward Warehouse,Distribution Centers,US,New Orleans LA,+1 313-938-9770,http://www.woodwarddesignbuild.com/,info@woodwarddesignbuild.com,2,https://www.google.com/maps/place/Woodward+Warehouse/data=!4m7!3m6!1s0x8620a593f71e8e83:0x44bfe437f3494b16!8m2!3d29.9570778!4d-90.0974477!16s%2Fg%2F11bvqhh9zq!19sChIJg44e95OlIIYRFktJ8zfkv0Q?authuser=0&hl=en&rclk=1
"Kearney Page Warehouse Services, LLC",Distribution Centers,US,New Orleans LA,+1 855-296-7292,http://kearneypagewarehouse.com/,info@kearneycompanies.com,3,"https://www.google.com/maps/place/Kearney+Page+Warehouse+Services,+LLC/data=!4m7!3m6!1s0x8620a86f8aafb2b5:0xca911d48e740f93c!8m2!3d29.9871917!4d-90.0279265!16s%2Fg%2F11clzr17xf!19sChIJtbKvim-oIIYRPPlA50gdkco?authuser=0&hl=en&rclk=1"
Dupuy Storage & Forwarding Co,Distribution Centers,US,New Orleans LA,+1 504-945-4775,,,18,https://www.google.com/maps/place/Dupuy+Storage+%26+Forwarding+Co/data=!4m7!3m6!1s0x8620a7ea76c488f3:0xb35dab47733a09a0!8m2!3d29.9547194!4d-90.0179266!16s%2Fg%2F1tdy9f4y!19sChIJ84jEduqnIIYRoAk6c0erXbM?authuser=0&hl=en&rclk=1
Kodiak Warehouse,Distribution Centers,US,New Orleans LA,,,,3,https://www.google.com/maps/place/Kodiak+Warehouse/data=!4m7!3m6!1s0x8620a53ffbf0c3ad:0xfa3bfca762cb795c!8m2!3d29.9101573!4d-90.1370651!16s%2Fg%2F11n6n_rxyc!19sChIJrcPw-z-lIIYRXHnLYqf8O_o?authuser=0&hl=en&rclk=1
Meyers,Distribution Centers,US,New Orleans LA,+1 504-254-1555,http://www.meyerswarehouse.com/,chefoffice@meyerswarehouse.com,98,https://www.google.com/maps/place/Meyers/data=!4m7!3m6!1s0x889e03872e685699:0xb116d504e586dbb4!8m2!3d30.026043!4d-89.9267344!16s%2Fg%2F1tf36r7m!19sChIJmVZoLocDnogRtNuG5QTVFrE?authuser=0&hl=en&rclk=1
"DLT Warehouse, LLC",Distribution Centers,US,New Orleans LA,+1 504-407-9130,http://4075industrial.com/,4075industrial@gmail.com,73,"https://www.google.com/maps/place/DLT+Warehouse,+LLC/data=!4m7!3m6!1s0x889e05ca994b191b:0xff974a0fb0c55da3!8m2!3d30.0353797!4d-89.8947617!16s%2Fg%2F11pdy37znh!19sChIJGxlLmcoFnogRo13FsA9Kl_8?authuser=0&hl=en&rclk=1"
Better Boxing Company,Distribution Centers,US,New Orleans LA,+1 504-322-7711,http://www.betterboxingcompany.com/,contact@betterboxingcompany.com,27,https://www.google.com/maps/place/Better+Boxing+Company/data=!4m7!3m6!1s0x8620a87747c18a8d:0xe8cc7da1c85a1554!8m2!3d29.9793759!4d-90.0277429!16s%2Fg%2F11c2pvvb8q!19sChIJjYrBR3eoIIYRVBVayKF9zOg?authuser=0&hl=en&rclk=1
Marques Foods,Distribution Centers,US,New Orleans LA,+1 504-366-3745,http://www.marquesfood.com/,,172,https://www.google.com/maps/place/Marques+Foods/data=!4m7!3m6!1s0x8620a41f95071247:0xd2fb3c2be570b878!8m2!3d29.903467!4d-90.0756337!16s%2Fg%2F11g02wjc9q!19sChIJRxIHlR-kIIYReLhw5Ss8-9I?authuser=0&hl=en&rclk=1
"Gateway Warehouses, Inc.",Distribution Centers,US,Cleveland OH,+1 330-329-5057,,,29,"https://www.google.com/maps/place/Gateway+Warehouses,+Inc./data=!4m7!3m6!1s0x8830fa5c5d798351:0x3545692faccf40eb!8m2!3d41.5056781!4d-81.6651625!16s%2Fg%2F11bbt9ng85!19sChIJUYN5XVz6MIgR60DPrC9pRTU?authuser=0&hl=en&rclk=1"
Forward Business Park,Distribution Centers,US,Cleveland OH,+1 216-343-3643,https://forwardbusinesspark.com/properties/forward-business-park-7565-granger-rd/,,,https://www.google.com/maps/place/Forward+Business+Park/data=!4m7!3m6!1s0x8830e55dd1c6dcc3:0xadaa3322232f5dcb!8m2!3d41.415128!4d-81.634352!16s%2Fg%2F11nc4x88wh!19sChIJw9zG0V3lMIgRy10vIyIzqq0?authuser=0&hl=en&rclk=1
DCL9 Amazon,Distribution Centers,US,Cleveland OH,,,,39,https://www.google.com/maps/place/DCL9+Amazon/data=!4m7!3m6!1s0x8830ef4cb20c4197:0xafb4a447f0f33dc2!8m2!3d41.4401597!4d-81.7614878!16s%2Fg%2F11k4jcrdbh!19sChIJl0EMskzvMIgRwj3z8EektK8?authuser=0&hl=en&rclk=1
"Dixon Valve Distribution Center - Cleveland, OH",Distribution Centers,US,Cleveland OH,+1 330-425-3000,https://www.dixonvalve.com/,,2,"https://www.google.com/maps/place/Dixon+Valve+Distribution+Center+-+Cleveland,+OH/data=!4m7!3m6!1s0x88311f67861f1cd5:0xce363cc2ad7274ef!8m2!3d41.29081!4d-81.450043!16s%2Fg%2F1v_z4zqg!19sChIJ1RwfhmcfMYgR73RyrcI8Ns4?authuser=0&hl=en&rclk=1"
amzFulfillmentCenter Inc.,Distribution Centers,US,Cleveland OH,+1 888-200-9016,,,12,https://www.google.com/maps/place/amzFulfillmentCenter+Inc./data=!4m7!3m6!1s0x8830fbec1478358d:0xb145af3d15309b7a!8m2!3d41.520744!4d-81.6613308!16s%2Fg%2F11h70q5lgf!19sChIJjTV4FOz7MIgRepswFT2vRbE?authuser=0&hl=en&rclk=1
American Beverage,Distribution Centers,US,Pittsburgh PA,+1 800-245-2929,,,199,https://www.google.com/maps/place/American+Beverage/data=!4m7!3m6!1s0x8834ece42a13c59d:0x4c8b4604b71fc6ea!8m2!3d40.4879942!4d-79.8664587!16s%2Fg%2F11c1lj6hd5!19sChIJncUTKuTsNIgR6sYftwRGi0w?authuser=0&hl=en&rclk=1
STATESIDE PITTSBURGH,Distribution Centers,US,Pittsburgh PA,,,,1,https://www.google.com/maps/place/STATESIDE+PITTSBURGH/data=!4m7!3m6!1s0x8834f5000c6244e9:0xcb3756e66e7d36fa!8m2!3d40.4835163!4d-80.0649721!16s%2Fg%2F11z7h4fdj4!19sChIJ6URiDAD1NIgR-jZ9buZWN8s?authuser=0&hl=en&rclk=1
TruFood Warehouse,Distribution Centers,US,Pittsburgh PA,+1 412-963-2330,http://trufood-warehouse.poi.place/,,65,https://www.google.com/maps/place/TruFood+Warehouse/data=!4m7!3m6!1s0x8834ecdfbb3392f7:0xde34666f360eecdf!8m2!3d40.4966354!4d-79.8730697!16s%2Fg%2F11c6vgyfb9!19sChIJ95Izu9_sNIgR3-wONm9mNN4?authuser=0&hl=en&rclk=1
Riverview Products Services Inc,Distribution Centers,US,Pittsburgh PA,+1 412-828-9910,http://www.riverviewproductservices.com/,mail@riverviewproductservices.com,3,https://www.google.com/maps/place/Riverview+Products+Services+Inc/data=!4m7!3m6!1s0x8834ecc229401121:0xa8c7e7a166700613!8m2!3d40.4921863!4d-79.8616201!16s%2Fg%2F1v1slwx7!19sChIJIRFAKcLsNIgREwZwZqHnx6g?authuser=0&hl=en&rclk=1
UPMC Distribution Facility,Distribution Centers,US,Pittsburgh PA,,,,12,https://www.google.com/maps/place/UPMC+Distribution+Facility/data=!4m7!3m6!1s0x8834f19e57fc15e3:0x16e9e8f515c30865!8m2!3d40.4239997!4d-79.9609832!16s%2Fg%2F1260j1rdl!19sChIJ4xX8V57xNIgRZQjDFfXo6RY?authuser=0&hl=en&rclk=1
Eclipse Wholesale Inc,Distribution Centers,US,Pittsburgh PA,+1 412-918-1597,http://eclipsewholesaleinc.net/,support@eclipsewholesaleinc.com,75,https://www.google.com/maps/place/Eclipse+Wholesale+Inc/data=!4m7!3m6!1s0x883462b34d035c41:0x42569449bbb4ef20!8m2!3d40.4709266!4d-79.9665266!16s%2Fg%2F1hc11gcng!19sChIJQVwDTbNiNIgRIO-0u0mUVkI?authuser=0&hl=en&rclk=1
Amazon Fulfillment Center,Distribution Centers,US,Cincinnati OH,,,,107,https://www.google.com/maps/place/Amazon+Fulfillment+Center/data=!4m7!3m6!1s0x88404fed500f2639:0xa0a1d50ac2b6a14d!8m2!3d39.3005065!4d-84.462738!16s%2Fg%2F11p793vdrc!19sChIJOSYPUO1PQIgRTaG2wgrVoaA?authuser=0&hl=en&rclk=1
The Kroger Co. Cincinnati Fresh Center,Distribution Centers,US,Cincinnati OH,+1 513-794-3600,https://www.thekrogerco.com/,krogerprivacyoffice@kroger.com,55,https://www.google.com/maps/place/The+Kroger+Co.+Cincinnati+Fresh+Center/data=!4m7!3m6!1s0x884053fcaf2bc067:0x47bcaf5e942c36ce!8m2!3d39.2625002!4d-84.3627379!16s%2Fg%2F11c5bk9zpd!19sChIJZ8Arr_xTQIgRzjYslF6vvEc?authuser=0&hl=en&rclk=1
K.E. Warehouse & Trucking,Distribution Centers,US,Cincinnati OH,+1 513-272-3222,http://www.kewarehouse.com/,orders@kewarehouse.com,39,https://www.google.com/maps/place/K.E.+Warehouse+%26+Trucking/data=!4m7!3m6!1s0x8841adacad0f987f:0x5820698265e25577!8m2!3d39.1391051!4d-84.3965102!16s%2Fg%2F1trvm37v!19sChIJf5gPraytQYgRd1XiZYJpIFg?authuser=0&hl=en&rclk=1
Harris Distributing Company,Distribution Centers,US,Cincinnati OH,+1 513-541-4222,http://www.harrisdistributingco.com/,,15,https://www.google.com/maps/place/Harris+Distributing+Company/data=!4m7!3m6!1s0x8841b49a2305ca55:0xf21ea5eabd5dee3!8m2!3d39.1655194!4d-84.5309354!16s%2Fg%2F1tf58kyp!19sChIJVcoFI5q0QYgR497Vq17qIQ8?authuser=0&hl=en&rclk=1
DEAL DISTRIBUTION WHATNOT,Distribution Centers,US,Orlando FL,,,,1,https://www.google.com/maps/place/DEAL+DISTRIBUTION+WHATNOT/data=!4m7!3m6!1s0x88e77d00377c8e3b:0x8eac25d3f4b320c2!8m2!3d28.4554325!4d-81.4203069!16s%2Fg%2F11myfpvf8r!19sChIJO458NwB954gRwiCz9NMlrI4?authuser=0&hl=en&rclk=1
Goloso Warehouse,Distribution Centers,US,Orlando FL,,,,3,https://www.google.com/maps/place/Goloso+Warehouse/data=!4m7!3m6!1s0x88e77b9215f20f21:0x307f286b18e086c3!8m2!3d28.5070756!4d-81.4015193!16s%2Fg%2F11ckrcyzqj!19sChIJIQ_yFZJ754gRw4bgGGsofzA?authuser=0&hl=en&rclk=1
Universal Studios Merchandise Warehouse Distribution,Distribution Centers,US,Orlando FL,,,,4,https://www.google.com/maps/place/Universal+Studios+Merchandise+Warehouse+Distribution/data=!4m7!3m6!1s0x88e77dcc8c1164e9:0xbeb022d7e467aea9!8m2!3d28.4459455!4d-81.4125163!16s%2Fg%2F11gdgwvh4j!19sChIJ6WQRjMx954gRqa5n5NcisL4?authuser=0&hl=en&rclk=1
VFL8 - Amazon Warehouse,Distribution Centers,US,Orlando FL,,,,156,https://www.google.com/maps/place/VFL8+-+Amazon+Warehouse/data=!4m7!3m6!1s0x88e7630041340987:0x3d14572b61dc8db4!8m2!3d28.4206234!4d-81.3404785!16s%2Fg%2F11vlxfncjn!19sChIJhwk0QQBj54gRtI3cYStXFD0?authuser=0&hl=en&rclk=1
Benjamin Moore Distribution Center,Distribution Centers,US,Orlando FL,+1 407-240-4853,,,26,https://www.google.com/maps/place/Benjamin+Moore+Distribution+Center/data=!4m7!3m6!1s0x88e77dc3a31371ed:0x861486bd24c98d87!8m2!3d28.4293967!4d-81.4136092!16s%2Fg%2F1tzvxd2b!19sChIJ7XETo8N954gRh43JJL2GFIY?authuser=0&hl=en&rclk=1
Bohn & Dawson Warehouse,Distribution Centers,US,St Louis MO,+1 314-664-0014,,,21,https://www.google.com/maps/place/Bohn+%26+Dawson+Warehouse/data=!4m7!3m6!1s0x87d8b3836b2e8ecb:0x601da114dcf8b196!8m2!3d38.6056004!4d-90.2165187!16s%2Fg%2F1td2z_l4!19sChIJy44ua4Oz2IcRlrH43BShHWA?authuser=0&hl=en&rclk=1
Spartan Warehouse,Distribution Centers,US,St Louis MO,+1 573-733-3744,https://www.spartanlogistics.com/,,36,https://www.google.com/maps/place/Spartan+Warehouse/data=!4m7!3m6!1s0x87df31f538a15d11:0x2ea394e31ff8905d!8m2!3d38.7898075!4d-90.4077757!16s%2Fg%2F11rzn_0m36!19sChIJEV2hOPUx34cRXZD4H-OUoy4?authuser=0&hl=en&rclk=1
Point B Delivery Warehousing,Distribution Centers,US,St Louis MO,+1 314-353-4000,https://www.pointbdelivers.com/,,5,https://www.google.com/maps/place/Point+B+Delivery+Warehousing/data=!4m7!3m6!1s0x87d8b5f3ffffffff:0x5a8eeaef1a429d2b!8m2!3d38.598723!4d-90.267081!16s%2Fg%2F119tykvg9!19sChIJ______O12IcRK51CGu_qjlo?authuser=0&hl=en&rclk=1
United distribution,Distribution Centers,US,St Louis MO,,,,11,https://www.google.com/maps/place/United+distribution/data=!4m7!3m6!1s0x87df3762b2060ea1:0xef2df4c066982fac!8m2!3d38.780648!4d-90.3222933!16s%2Fg%2F11fp3q1lkw!19sChIJoQ4GsmI334cRrC-YZsD0Le8?authuser=0&hl=en&rclk=1
Saint Patrick's Center - Food Distribution Center,Distribution Centers,US,St Louis MO,+1 314-802-0700,https://www.stpatrickcenter.org/,philanthropy@stpatrickcenter.org,24,https://www.google.com/maps/place/Saint+Patrick%27s+Center+-+Food+Distribution+Center/data=!4m7!3m6!1s0x87df4c08817c2a51:0xf84be3d6a992d628!8m2!3d38.6333618!4d-90.1955675!16s%2Fg%2F11jppv8y1s!19sChIJUSp8gQhM34cRKNaSqdbjS_g?authuser=0&hl=en&rclk=1
FW Logistics,Distribution Centers,US,St Louis MO,+1 618-482-8718,https://fwlogistics.com/,,9,https://www.google.com/maps/place/FW+Logistics/data=!4m7!3m6!1s0x87d8b3f39f0afe49:0x4a9a3948d7651672!8m2!3d38.5869991!4d-90.2189844!16s%2Fg%2F11bws8q173!19sChIJSf4Kn_Oz2IcRchZl10g5mko?authuser=0&hl=en&rclk=1
Progressive Distribution Centers,Distribution Centers,US,Richmond VA,+1 804-658-0651,http://www.evansdist.com/,evanscfs@evansdist.com,12,https://www.google.com/maps/place/Progressive+Distribution+Centers/data=!4m7!3m6!1s0x89b10e199fb0ff45:0xcab5a5029c717039!8m2!3d37.4688011!4d-77.4519282!16s%2Fg%2F11bbt9nm_p!19sChIJRf-wnxkOsYkROXBxnAKltco?authuser=0&hl=en&rclk=1
"Old Dominion Warehouse & Distribution, Inc.",Distribution Centers,US,Richmond VA,+1 804-231-6177,http://www.olddominionwarehouse.com/,info@odw-exp.com,41,"https://www.google.com/maps/place/Old+Dominion+Warehouse+%26+Distribution,+Inc./data=!4m7!3m6!1s0x89b111b73530c015:0x5098f68f0b6d7577!8m2!3d37.501157!4d-77.4344319!16s%2Fg%2F11cn7h8ffd!19sChIJFcAwNbcRsYkRd3VtC4_2mFA?authuser=0&hl=en&rclk=1"
RIC4 Amazon Fullfillment Center,Distribution Centers,US,Richmond VA,,,,58,https://www.google.com/maps/place/RIC4+Amazon+Fullfillment+Center/data=!4m7!3m6!1s0x89b117004f0f5e11:0x81519c1d43817e73!8m2!3d37.6031769!4d-77.4165247!16s%2Fg%2F11wm_h9dcy!19sChIJEV4PTwAXsYkRc36BQx2cUYE?authuser=0&hl=en&rclk=1
Owens & Minor- Richmond Distribution Center,Distribution Centers,US,Richmond VA,+1 804-752-5200,http://www.owens-minor.com/,contactrequest@owens-minor.com,26,https://www.google.com/maps/place/Owens+%26+Minor-+Richmond+Distribution+Center/data=!4m7!3m6!1s0x89b13c0e0ac84e03:0xb905c8e4049d2029!8m2!3d37.7282091!4d-77.4619175!16s%2Fg%2F1tdh99w7!19sChIJA07ICg48sYkRKSCdBOTIBbk?authuser=0&hl=en&rclk=1
Hcascs Distribution Center,Distribution Centers,US,Richmond VA,+1 804-267-5800,,,3,https://www.google.com/maps/place/Hcascs+Distribution+Center/data=!4m7!3m6!1s0x89b112ab8066138f:0x1dfa9124ef5ba879!8m2!3d37.493041!4d-77.5594959!16s%2Fg%2F1tsbm_dz!19sChIJjxNmgKsSsYkReahb7ySR-h0?authuser=0&hl=en&rclk=1
Virginia Distribution Center,Distribution Centers,US,Richmond VA,+1 804-328-3232,http://vdc.dgs.virginia.gov/,vdccustomercare@dgs.virginia.gov,17,https://www.google.com/maps/place/Virginia+Distribution+Center/data=!4m7!3m6!1s0x89b11c06878fc9ad:0x608f69bc61811584!8m2!3d37.5357388!4d-77.2829085!16s%2Fg%2F1tg_xzbh!19sChIJrcmPhwYcsYkRhBWBYbxpj2A?authuser=0&hl=en&rclk=1
Virginia ABC Distribution Center,Distribution Centers,US,Richmond VA,+1 804-213-4400,https://www.abc.virginia.gov/,generalprocurement@virginiaabc.com,43,https://www.google.com/maps/place/Virginia+ABC+Distribution+Center/data=!4m7!3m6!1s0x89b1196d33315f7d:0x26e29e998bb1230c!8m2!3d37.6271823!4d-77.3609161!16s%2Fg%2F11pww1jw6n!19sChIJfV8xM20ZsYkRDCOxi5me4iY?authuser=0&hl=en&rclk=1
World Class Distribution Center,Distribution Centers,US,Richmond VA,+1 804-849-7801,,,164,https://www.google.com/maps/place/World+Class+Distribution+Center/data=!4m7!3m6!1s0x89b1332c9ca2397b:0x6620adb8ce49875f!8m2!3d37.9341905!4d-77.4604593!16s%2Fg%2F11vbgh_tqc!19sChIJezminCwzsYkRX4dJzritIGY?authuser=0&hl=en&rclk=1
Dominion warehouse 2708,Distribution Centers,US,Richmond VA,+1 804-509-1141,,,13,https://www.google.com/maps/place/Dominion+warehouse+2708/data=!4m7!3m6!1s0x89b11b728e594101:0xe0ed2dfa14990d20!8m2!3d37.493679!4d-77.3498916!16s%2Fg%2F11n5w414mw!19sChIJAUFZjnIbsYkRIA2ZFPot7eA?authuser=0&hl=en&rclk=1
Lowe's 3469 Richmond BDC,Distribution Centers,US,Richmond VA,+1 804-584-2135,,,62,https://www.google.com/maps/place/Lowe%27s+3469+Richmond+BDC/data=!4m7!3m6!1s0x89b111179e81f09f:0x28478726372564d4!8m2!3d37.4869982!4d-77.4349492!16s%2Fg%2F11jygq36t7!19sChIJn_CBnhcRsYkR1GQlNyaHRyg?authuser=0&hl=en&rclk=1
Riverside Logistics,Distribution Centers,US,Richmond VA,+1 804-474-7700,https://riversidelogistics.com/?utm_source=GMBLaburnum&utm_medium=organic,,5,https://www.google.com/maps/place/Riverside+Logistics/data=!4m7!3m6!1s0x89b11bee2dabd35d:0xc1b112bbb51bba9c!8m2!3d37.5032325!4d-77.3512681!16s%2Fg%2F11rn0yct_0!19sChIJXdOrLe4bsYkRnLobtbsSscE?authuser=0&hl=en&rclk=1
Amazon SLC1 Fulfillment Center Warehouse,Distribution Centers,US,Salt Lake City UT,,,,146,https://www.google.com/maps/place/Amazon+SLC1+Fulfillment+Center+Warehouse/data=!4m7!3m6!1s0x8752f198c610e6a9:0xe7b3265dad981fcd!8m2!3d40.7852021!4d-112.0297873!16s%2Fg%2F11h0t4xt7c!19sChIJqeYQxpjxUocRzR-YrV0ms-c?authuser=0&hl=en&rclk=1
Crossroads Warehousing and Fulfillment,Distribution Centers,US,Salt Lake City UT,,http://crossroadsfulfillment.com/,,3,https://www.google.com/maps/place/Crossroads+Warehousing+and+Fulfillment/data=!4m7!3m6!1s0x8752f30d0a2e134d:0x8f3a899b08af9f0a!8m2!3d40.728326!4d-111.999664!16s%2Fg%2F11h_cy13rs!19sChIJTRMuCg3zUocRCp-vCJuJOo8?authuser=0&hl=en&rclk=1
IDS Fulfillment - SLC1,Distribution Centers,US,Salt Lake City UT,+1 801-973-2622,https://idsfulfillment.com/about/locations/salt-lake-city,,30,https://www.google.com/maps/place/IDS+Fulfillment+-+SLC1/data=!4m7!3m6!1s0x8752f2e0350cafb3:0x4d8fc9c3c73813d5!8m2!3d40.7338094!4d-112.0015359!16s%2Fg%2F11d_pryg_h!19sChIJs68MNeDyUocR1RM4x8PJj00?authuser=0&hl=en&rclk=1
Anchor 3PL Fulfillment & Warehouse Storage,Distribution Centers,US,Salt Lake City UT,+1 801-485-6258,http://www.anchor3pl.com/,,282,https://www.google.com/maps/place/Anchor+3PL+Fulfillment+%26+Warehouse+Storage/data=!4m7!3m6!1s0x87528adc3b5aad3d:0x9d7a9906b0e05d2f!8m2!3d40.7816374!4d-112.004135!16s%2Fg%2F1thmlgnw!19sChIJPa1aO9yKUocRL13gsAaZep0?authuser=0&hl=en&rclk=1
iDrive Fulfillment | Salt Lake City (UT1),Distribution Centers,US,Salt Lake City UT,+1 800-636-2827,https://www.idrivelogistics.com/locations/fulfillment-location-salt-lake-city,sales@idrivelogistics.com,15,https://www.google.com/maps/place/iDrive+Fulfillment+%7C+Salt+Lake+City+%28UT1%29/data=!4m7!3m6!1s0x8752f38374a25b7f:0x63d17fd76d71e37b!8m2!3d40.8322268!4d-111.9560329!16s%2Fg%2F11nh6cm8gr!19sChIJf1uidIPzUocRe-Nxbdd_0WM?authuser=0&hl=en&rclk=1
Carter Distribution,Distribution Centers,US,Salt Lake City UT,+1 801-416-3599,http://www.carterdc.com/,contact@carterdc.com,15,https://www.google.com/maps/place/Carter+Distribution/data=!4m7!3m6!1s0x8752f22f939b005d:0x2f0949d164a0dd1d!8m2!3d40.7392005!4d-111.9436798!16s%2Fg%2F11g9qhjy30!19sChIJXQCbky_yUocRHd2gZNFJCS8?authuser=0&hl=en&rclk=1
AnytimeDistribution and Warehouse Emergency Transloading Services,Distribution Centers,US,Hartford CT,+1 860-674-9935,http://www.anytimedist.com/,operations@anytimedist.com,28,https://www.google.com/maps/place/AnytimeDistribution+and+Warehouse+Emergency+Transloading+Services/data=!4m7!3m6!1s0x89e7b1ecff0d6587:0xc905f9dc74d93420!8m2!3d41.7160199!4d-72.8617313!16s%2Fg%2F11fkw9f7fn!19sChIJh2UN_-yx54kRIDTZdNz5Bck?authuser=0&hl=en&rclk=1
Discount Warehouse,Distribution Centers,US,Hartford CT,,https://discountwarehouseusa.com/,,31,https://www.google.com/maps/place/Discount+Warehouse/data=!4m7!3m6!1s0x89e7cb002ddeff47:0xcceee9c7d71c1f28!8m2!3d41.6365901!4d-72.7579063!16s%2Fg%2F11lp1c_mpk!19sChIJR__eLQDL54kRKB8c18fp7sw?authuser=0&hl=en&rclk=1
Hartford Freezers,Distribution Centers,US,Hartford CT,+1 860-282-8000,http://www.maritimeinternational.org/,,19,https://www.google.com/maps/place/Hartford+Freezers/data=!4m7!3m6!1s0x89e65419ea1d2c03:0x7795e00840774924!8m2!3d41.7801682!4d-72.6248633!16s%2Fg%2F1tdmr23p!19sChIJAywd6hlU5okRJEl3QAjglXc?authuser=0&hl=en&rclk=1
Hartford Distributors Inc,Distribution Centers,US,Hartford CT,+1 860-643-2337,http://www.hdibeer.com/,,37,https://www.google.com/maps/place/Hartford+Distributors+Inc/data=!4m7!3m6!1s0x89e65654569c14c7:0xc9a5289041b82e1f!8m2!3d41.7982038!4d-72.570079!16s%2Fg%2F1w96hr_3!19sChIJxxScVlRW5okRHy64QZAopck?authuser=0&hl=en&rclk=1
Queen City Distribution Inc,Distribution Centers,US,Buffalo NY,+1 716-949-8851,,,5,https://www.google.com/maps/place/Queen+City+Distribution+Inc/data=!4m7!3m6!1s0x89d30d102836a66b:0xb000607ce0f33ddd!8m2!3d42.9054322!4d-78.8073065!16s%2Fg%2F1260ynn_w!19sChIJa6Y2KBAN04kR3T3z4HxgALA?authuser=0&hl=en&rclk=1
"Bison Fulfillment Services, LLC",Distribution Centers,US,Buffalo NY,+1 716-626-9400,,,1,"https://www.google.com/maps/place/Bison+Fulfillment+Services,+LLC/data=!4m7!3m6!1s0x89d374b2f350be5d:0x70032d82bb8d203!8m2!3d42.9295976!4d-78.7348388!16s%2Fg%2F11f_1k8tn1!19sChIJXb5Q87J004kRA9K4K9gyAAc?authuser=0&hl=en&rclk=1"
Sonwil Distribution Center - DC24,Distribution Centers,US,Buffalo NY,+1 716-684-0555,http://www.sonwil.com/,,106,https://www.google.com/maps/place/Sonwil+Distribution+Center+-+DC24/data=!4m7!3m6!1s0x89d30b30943e8755:0x40b2fef879f52e4b!8m2!3d42.9176426!4d-78.7194952!16s%2Fg%2F11b_20z70g!19sChIJVYc-lDAL04kRSy71efj-skA?authuser=0&hl=en&rclk=1
Amazon HRO1,Distribution Centers,US,Rochester NY,,,,18,https://www.google.com/maps/place/Amazon+HRO1/data=!4m7!3m6!1s0xaf6f98ac9a3924f5:0x1d04f5cffbb8354c!8m2!3d43.0839385!4d-77.6108791!16s%2Fg%2F11pd2vwr7t!19sChIJ9SQ5mqyYb68RTDW4-8_1BB0?authuser=0&hl=en&rclk=1
Forward Storage & Business Park,Distribution Centers,US,Rochester NY,+1 585-594-2666,https://www.forwardstorage.com/storage-units/new-york/north-chili/forward-storage-chili-3501935/,chili@forwardstorage.com,28,https://www.google.com/maps/place/Forward+Storage+%26+Business+Park/data=!4m7!3m6!1s0x89d153c5ff3503b9:0xe0884c25612bf0b4!8m2!3d43.102539!4d-77.798166!16s%2Fg%2F11rsv9vstt!19sChIJuQM1_8VT0YkRtPArYSVMiOA?authuser=0&hl=en&rclk=1
H&C,Distribution Centers,US,Rochester NY,,,,1,https://www.google.com/maps/place/H%26C/data=!4m7!3m6!1s0x89d6b37af0528307:0x757895f875799aad!8m2!3d43.1531008!4d-77.6630885!16s%2Fg%2F11f_lvx72f!19sChIJB4NS8Hqz1okRrZp5dfiVeHU?authuser=0&hl=en&rclk=1
Wegmans Reclamation Center,Distribution Centers,US,Rochester NY,+1 585-328-2550,https://www.wegmans.com/,,70,https://www.google.com/maps/place/Wegmans+Reclamation+Center/data=!4m7!3m6!1s0x89d14a94af38f075:0x54997c9a53ee4c9c!8m2!3d43.0903986!4d-77.5836116!16s%2Fg%2F1pp2x8pf4!19sChIJdfA4r5RK0YkRnEzuU5p8mVQ?authuser=0&hl=en&rclk=1
CEVA,Distribution Centers,US,Rochester NY,+1 585-426-2492,,,4,https://www.google.com/maps/place/CEVA/data=!4m7!3m6!1s0x89d6b363610c0255:0x438b2245e5ea057a!8m2!3d43.1794352!4d-77.6743961!16s%2Fg%2F11g18wb4cc!19sChIJVQIMYWOz1okRegXq5UUii0M?authuser=0&hl=en&rclk=1
The Anderson-DuBose Company,Distribution Centers,US,Rochester NY,+1 585-334-2400,http://www.anderson-dubose.com/,,132,https://www.google.com/maps/place/The+Anderson-DuBose+Company/data=!4m7!3m6!1s0x405bccd01ae326bb:0xa3bbb51a9ad44866!8m2!3d43.0824638!4d-77.644082!16s%2Fg%2F11b6mkb04l!19sChIJuybjGtDMW0ARZkjUmhq1u6M?authuser=0&hl=en&rclk=1
Warehouse Solutions 247,Distribution Centers,US,Rochester NY,+1 585-353-0340,https://www.warehousesolutions247.com/,,19,https://www.google.com/maps/place/Warehouse+Solutions+247/data=!4m7!3m6!1s0x89d401eb8444f7e1:0xe8a346427fb45ede!8m2!3d43.2088455!4d-77.9329807!16s%2Fg%2F11kqtyzjkx!19sChIJ4fdEhOsB1IkR3l60f0JGo-g?authuser=0&hl=en&rclk=1
"M&E Warehousing, Inc.",Distribution Centers,US,Rochester NY,+1 585-889-0820,http://www.mandewarehousing.com/,rtesta@mandewarehousing.com,53,"https://www.google.com/maps/place/M%26E+Warehousing,+Inc./data=!4m7!3m6!1s0x89d152802aeff99b:0x91a8274d91a5743c!8m2!3d43.1849188!4d-77.6690754!16s%2Fg%2F1tcystd1!19sChIJm_nvKoBS0YkRPHSlkU0nqJE?authuser=0&hl=en&rclk=1"
Boise Rescue Mission-Warehouse,Distribution Centers,US,Boise ID,+1 208-368-0824,http://www.boiserm.org/,info@boiserm.org,48,https://www.google.com/maps/place/Boise+Rescue+Mission-Warehouse/data=!4m7!3m6!1s0x54aef8c20dbb5fc7:0x9c5b57079bb9d3a1!8m2!3d43.6199476!4d-116.2192973!16s%2Fg%2F1w8w9r6n!19sChIJx1-7DcL4rlQRodO5mwdXW5w?authuser=0&hl=en&rclk=1
UPS Des Moines Hub,Distribution Centers,US,Des Moines IA,,,,12,https://www.google.com/maps/place/UPS+Des+Moines+Hub/data=!4m7!3m6!1s0x87ee99007de557d5:0x9b3eb7c1e991037e!8m2!3d41.6200935!4d-93.5880814!16s%2Fg%2F11xt1tcbmp!19sChIJ1VflfQCZ7ocRfgOR6cG3Pps?authuser=0&hl=en&rclk=1
PDM Company,Distribution Centers,US,Des Moines IA,+1 515-264-8665,http://pdmcompany.com/,info@theintegrationgroup.com,19,https://www.google.com/maps/place/PDM+Company/data=!4m7!3m6!1s0x87ee997edaf129c7:0x1d97203cc03155f5!8m2!3d41.6199772!4d-93.6249414!16s%2Fg%2F1tfmnywb!19sChIJxynx2n6Z7ocR9VUxwDwglx0?authuser=0&hl=en&rclk=1
Perishable Distributors of Iowa,Distribution Centers,US,Des Moines IA,+1 515-965-6300,http://contactpdi.com/,humanresources@pdisrd.com,368,https://www.google.com/maps/place/Perishable+Distributors+of+Iowa/data=!4m7!3m6!1s0x87ee9aa97b48b2ad:0x866ee90040a447b5!8m2!3d41.6994546!4d-93.5843013!16s%2Fg%2F1tf297c6!19sChIJrbJIe6ma7ocRtUekQADpboY?authuser=0&hl=en&rclk=1
"United Fulfillment Center, Inc.",Distribution Centers,US,Des Moines IA,+1 515-422-9880,http://www.unitedfulfillmentcenter.com/,info@unitedfulfillmentcenter.com,4,"https://www.google.com/maps/place/United+Fulfillment+Center,+Inc./data=!4m7!3m6!1s0x87ec27173494e56f:0xeec61044787ae6e0!8m2!3d41.641711!4d-93.772702!16s%2Fg%2F1ptxn2h73!19sChIJb-WUNBcn7IcR4OZ6eEQQxu4?authuser=0&hl=en&rclk=1"
Homemakers Distribution Center,Distribution Centers,US,Des Moines IA,,,,3,https://www.google.com/maps/place/Homemakers+Distribution+Center/data=!4m7!3m6!1s0x87ec27441dd767e3:0x3a25a33e7e4b91f3!8m2!3d41.633636!4d-93.759127!16s%2Fg%2F11gx_nc_l3!19sChIJ42fXHUQn7IcR85FLfj6jJTo?authuser=0&hl=en&rclk=1
Carstens Distribution,Distribution Centers,US,Des Moines IA,+1 515-428-6825,https://www.carstensag.com/,order@carstensag.com,2,https://www.google.com/maps/place/Carstens+Distribution/data=!4m7!3m6!1s0x87ee9ffc385e849d:0x99c810b817760aa!8m2!3d41.6142662!4d-93.5823765!16s%2Fg%2F11gy51qx0j!19sChIJnYReOPyf7ocRqmB3gQuBnAk?authuser=0&hl=en&rclk=1
Merchants Distribution Services,Distribution Centers,US,Des Moines IA,+1 515-244-2123,http://www.merchantsdsm.com/,,38,https://www.google.com/maps/place/Merchants+Distribution+Services/data=!4m7!3m6!1s0x87ee93046beeb6cb:0x9e1703a667267b3!8m2!3d41.6629245!4d-93.4532677!16s%2Fg%2F1td_5r4m!19sChIJy7buawST7ocRs2dyZjpw4Qk?authuser=0&hl=en&rclk=1
Amazon Fullfillment Center GEG1,Distribution Centers,US,Spokane WA,,,,322,https://www.google.com/maps/place/Amazon+Fullfillment+Center+GEG1/data=!4m7!3m6!1s0x549e3d50fa684697:0x7df6729964f37dfa!8m2!3d47.5995332!4d-117.5531393!16s%2Fg%2F11trfmw3b3!19sChIJl0Zo-lA9nlQR-n3zZJly9n0?authuser=0&hl=en&rclk=1
T&N Freight | Cross Dock & Warehouse,Distribution Centers,US,Spokane WA,+1 509-230-5823,https://tdrlogisticsllc.com/warehouses/,warehouse@tdrtruck.com,19,https://www.google.com/maps/place/T%26N+Freight+%7C+Cross+Dock+%26+Warehouse/data=!4m7!3m6!1s0x549e17b195f4bcbd:0xafefe2d8081cad6f!8m2!3d47.62714!4d-117.4997013!16s%2Fg%2F11h4y65g5h!19sChIJvbz0lbEXnlQRb60cCNji768?authuser=0&hl=en&rclk=1
AFCO Distribution Spokane Valley,Distribution Centers,US,Spokane WA,+1 800-538-8700,https://www.afcodistribution.com/,afco@afcodistribution.com,36,https://www.google.com/maps/place/AFCO+Distribution+Spokane+Valley/data=!4m7!3m6!1s0x549e201e7a454b57:0x4a2435942de7a1ed!8m2!3d47.6790172!4d-117.256534!16s%2Fg%2F1vl9r66f!19sChIJV0tFeh4gnlQR7aHnLZQ1JEo?authuser=0&hl=en&rclk=1
"Inland Empire Distribution Systems, Inc.",Distribution Centers,US,Spokane WA,+1 509-922-0944,http://www.ieds.net/,,87,"https://www.google.com/maps/place/Inland+Empire+Distribution+Systems,+Inc./data=!4m7!3m6!1s0x5361dfdbd03a64cd:0x8f269727e73bba3b!8m2!3d47.686648!4d-117.1941848!16s%2Fg%2F1tj4ycqk!19sChIJzWQ60NvfYVMRO7o75yeXJo8?authuser=0&hl=en&rclk=1"
URM Stores Inc Spokane,Distribution Centers,US,Spokane WA,+1 509-467-2620,http://www.urmstores.com/,hello@urmstores.com,371,https://www.google.com/maps/place/URM+Stores+Inc+Spokane/data=!4m7!3m6!1s0x549e1e8ede51b827:0x92726637caa2ff78!8m2!3d47.7267957!4d-117.3597043!16s%2Fg%2F1tvylh8j!19sChIJJ7hR3o4enlQReP-iyjdmcpI?authuser=0&hl=en&rclk=1
Republic National Distributing Company Express (Young's Market Company),Distribution Centers,US,Spokane WA,+1 509-534-0745,https://www.rndc-usa.com/locations/washington/,,1,https://www.google.com/maps/place/Republic+National+Distributing+Company+Express+%28Young%27s+Market+Company%29/data=!4m7!3m6!1s0x549e19a589371fe9:0x1c5e945b990845f7!8m2!3d47.6612963!4d-117.3710372!16s%2Fg%2F11rqt97pyw!19sChIJ6R83iaUZnlQR90UImVuUXhw?authuser=0&hl=en&rclk=1
Northwest Door Spokane Wholesale Distribution Center,Distribution Centers,US,Spokane WA,+1 800-233-9352,,,11,https://www.google.com/maps/place/Northwest+Door+Spokane+Wholesale+Distribution+Center/data=!4m7!3m6!1s0x5361dfdbcfd0951f:0xed0440d5ba4ba193!8m2!3d47.6864415!4d-117.1799342!16s%2Fg%2F11fx8c_4xg!19sChIJH5XQz9vfYVMRk6FLutVABO0?authuser=0&hl=en&rclk=1
The Odom Corporation,Distribution Centers,US,Spokane WA,+1 800-767-6366,http://www.odomcorp.com/,info@odomcorp.com,168,https://www.google.com/maps/place/The+Odom+Corporation/data=!4m7!3m6!1s0x549e3d7daccdb957:0xd5330c3df1290440!8m2!3d47.617649!4d-117.4943162!16s%2Fg%2F1tt1sdsd!19sChIJV7nNrH09nlQRQAQp8T0MM9U?authuser=0&hl=en&rclk=1
US Foods,Distribution Centers,US,Spokane WA,+1 509-483-4747,https://www.usfoods.com/locations/restaurant-supplier-in-spokane--washington.html?utm_medium=organic&utm_source=google_business_profile&utm_campaign=spokane_wa,,275,https://www.google.com/maps/place/US+Foods/data=!4m7!3m6!1s0x549e1eec3c5c9b8b:0xde3d1f5f6b567b7e!8m2!3d47.7142671!4d-117.3608162!16s%2Fg%2F1thr6wzy!19sChIJi5tcPOwenlQRfntWa18fPd4?authuser=0&hl=en&rclk=1
The Spokesman-Review Central Distribution Center,Distribution Centers,US,Spokane WA,,,,1,https://www.google.com/maps/place/The+Spokesman-Review+Central+Distribution+Center/data=!4m7!3m6!1s0x549e1fe84b6fbf51:0x581bf4268db3f3e5!8m2!3d47.663838!4d-117.3327867!16s%2Fg%2F11ygj992m8!19sChIJUb9vS-gfnlQR5fOzjSb0G1g?authuser=0&hl=en&rclk=1
Burkes Distributing,Distribution Centers,US,Spokane WA,+1 509-533-5582,http://burkescandy.com/,orders@burkescandy.com,37,https://www.google.com/maps/place/Burkes+Distributing/data=!4m7!3m6!1s0x549e18b1168007fb:0xd55204d286628da!8m2!3d47.6670608!4d-117.3682707!16s%2Fg%2F1tjs4nks!19sChIJ-weAFrEYnlQR2ihmKE0gVQ0?authuser=0&hl=en&rclk=1
Delivery Express Logistics Inc,Distribution Centers,US,Spokane WA,+1 509-505-5010,http://www.deliveryexpressinc.com/,,2,https://www.google.com/maps/place/Delivery+Express+Logistics+Inc/data=!4m7!3m6!1s0x549e191fbb1d4c7f:0xe19cb097f24107ea!8m2!3d47.6657046!4d-117.3612361!16s%2Fg%2F11hyg6m618!19sChIJf0wdux8ZnlQR6gdB8pewnOE?authuser=0&hl=en&rclk=1
TryHard Logistics & Warehousing,Distribution Centers,US,Omaha NE,+1 712-314-8736,,,70,https://www.google.com/maps/place/TryHard+Logistics+%26+Warehousing/data=!4m7!3m6!1s0x87938dd6d973b011:0xe16bba00b4b96dc7!8m2!3d41.2192825!4d-96.0020153!16s%2Fg%2F11h09p4kcm!19sChIJEbBz2daNk4cRx225tAC6a-E?authuser=0&hl=en&rclk=1
Quality Brands of Omaha,Distribution Centers,US,Omaha NE,+1 402-896-8900,http://www.qualitybrands.com/,,134,https://www.google.com/maps/place/Quality+Brands+of+Omaha/data=!4m7!3m6!1s0x8793f4682893875b:0x48e89d3fec2f787e!8m2!3d41.1784305!4d-96.1221203!16s%2Fg%2F1tfqrftl!19sChIJW4eTKGj0k4cRfngv7D-d6Eg?authuser=0&hl=en&rclk=1
Maverick Distribution,Distribution Centers,US,Omaha NE,+1 402-991-9739,http://www.mavbrands.com/,,42,https://www.google.com/maps/place/Maverick+Distribution/data=!4m7!3m6!1s0x879391cd27bafb47:0x82ea22d881161205!8m2!3d41.3153071!4d-95.9229412!16s%2Fg%2F11h1mdhj87!19sChIJR_u6J82Rk4cRBRIWgdgi6oI?authuser=0&hl=en&rclk=1
Team J Storage and Fulfillment,Distribution Centers,US,Omaha NE,+1 402-991-8460,https://teamjstorageandfulfillment.com/,tbressman@teamjsales.com,6,https://www.google.com/maps/place/Team+J+Storage+and+Fulfillment/data=!4m7!3m6!1s0x87938eb817216f0d:0xe3fb3aec27ce7a1d!8m2!3d41.2177624!4d-95.9631707!16s%2Fg%2F11g6z1rhsq!19sChIJDW8hF7iOk4cRHXrOJ-w6--M?authuser=0&hl=en&rclk=1
AAA Self-Store-All Warehouse,Distribution Centers,US,Colorado Springs CO,+1 719-392-5954,,,20,https://www.google.com/maps/place/AAA+Self-Store-All+Warehouse/data=!4m7!3m6!1s0x87134167e1f73689:0x466fdf7c2a1b2edf!8m2!3d38.772592!4d-104.7400542!16s%2Fg%2F1tdzx56j!19sChIJiTb34WdBE4cR3y4bKnzfb0Y?authuser=0&hl=en&rclk=1
Taylor Farms Warehouse,Distribution Centers,US,Colorado Springs CO,+1 719-473-8251,http://www.taylorfarms.com/,,96,https://www.google.com/maps/place/Taylor+Farms+Warehouse/data=!4m7!3m6!1s0x864e98f185c34ad9:0x4621f6627eb22bca!8m2!3d38.8193592!4d-104.7238049!16s%2Fg%2F1v_w2tg_!19sChIJ2UrDhfGYToYRyiuyfmL2IUY?authuser=0&hl=en&rclk=1
Norfolk Bonded Warehouse,Distribution Centers,US,Virginia Beach VA,+1 757-524-4427,https://www.norfolkbonded.com/,bobby@norfolkbonded.com,8,https://www.google.com/maps/place/Norfolk+Bonded+Warehouse/data=!4m7!3m6!1s0x89ba97a2fdc19d49:0x961733537f2c5788!8m2!3d36.9018594!4d-76.1806098!16s%2Fg%2F11ksbc5bz_!19sChIJSZ3B_aKXuokRiFcsf1MzF5Y?authuser=0&hl=en&rclk=1
WBS Fulfillment,Distribution Centers,US,Virginia Beach VA,+1 757-301-3641,http://www.wbsfulfillment.com/,,116,https://www.google.com/maps/place/WBS+Fulfillment/data=!4m7!3m6!1s0x89bac0140f1d5f59:0xc4133028e9f231d2!8m2!3d36.7978862!4d-76.0677144!16s%2Fg%2F1tgcn5m7!19sChIJWV8dDxTAuokR0jHy6SgwE8Q?authuser=0&hl=en&rclk=1
SRP Companies,Distribution Centers,US,Virginia Beach VA,,http://srpcompanies.com/,,15,https://www.google.com/maps/place/SRP+Companies/data=!4m7!3m6!1s0x89bac176ae98f27b:0x5ba2a32d13654df2!8m2!3d36.8123626!4d-76.0531768!16s%2Fg%2F11rknkfn3f!19sChIJe_KYrnbBuokR8k1lEy2jols?authuser=0&hl=en&rclk=1
BJ's Wholesale Club,Distribution Centers,US,Virginia Beach VA,+1 757-486-0700,https://www.bjs.com/cl/virginia-beach/0036/?trc=locl%7Cggmb%7Cweb%7Cxlob%7Cxlob%7Clocdist%7C0036%7Cstore%7C20240816,,417,https://www.google.com/maps/place/BJ%27s+Wholesale+Club/data=!4m7!3m6!1s0x89ba9538f4d7b97b:0xe8ac8eb67cbbf961!8m2!3d36.8419138!4d-76.1018035!16s%2Fg%2F1tgkj5gr!19sChIJe7nX9DiVuokRYfm7fLaOrOg?authuser=0&hl=en&rclk=1
Atlantic Dominion Distributors - Virginia,Distribution Centers,US,Virginia Beach VA,+1 757-497-1001,https://atlanticdominiondistributors.com/?utm_campaign=Google+Business+Profile+Virginia+Beach,receptionist@cardinalcanteen.com,25,https://www.google.com/maps/place/Atlantic+Dominion+Distributors+-+Virginia/data=!4m7!3m6!1s0x89ba95bb842a2703:0x878b932f826b8652!8m2!3d36.8520185!4d-76.1664972!16s%2Fg%2F11f4tyscg8!19sChIJAycqhLuVuokRUoZrgi-Ti4c?authuser=0&hl=en&rclk=1
STG Logistics,Distribution Centers,US,Long Beach CA,,,,102,https://www.google.com/maps/place/STG+Logistics/data=!4m7!3m6!1s0x80dd356450f5f3d9:0x3b70bde2fa3ea939!8m2!3d33.8307849!4d-118.2325288!16s%2Fg%2F11f6574y1q!19sChIJ2fP1UGQ13YAROak--uK9cDs?authuser=0&hl=en&rclk=1
Amazon Trucking and distribution,Distribution Centers,US,Long Beach CA,,,,,https://www.google.com/maps/place/Amazon+Trucking+and+distribution/data=!4m7!3m6!1s0x80dd3700740dad41:0x9b7c0e59bf6ba1fd!8m2!3d33.7865353!4d-118.2163059!16s%2Fg%2F11z8hhpg_z!19sChIJQa0NdAA33YAR_aFrv1kOfJs?authuser=0&hl=en&rclk=1
Red Bull Carson Ca,Distribution Centers,US,Long Beach CA,,,,32,https://www.google.com/maps/place/Red+Bull+Carson+Ca/data=!4m7!3m6!1s0x80dd34f6aaa5a0e9:0xeebc190cbb6eb522!8m2!3d33.828957!4d-118.235153!16s%2Fg%2F11b6s14lmy!19sChIJ6aClqvY03YARIrVuuwwZvO4?authuser=0&hl=en&rclk=1
Contractors' Warehouse,Distribution Centers,US,Long Beach CA,+1 562-633-1382,http://contractorswarehouse.com/,,314,https://www.google.com/maps/place/Contractors%27+Warehouse/data=!4m7!3m6!1s0x80dd332005603fa7:0xfa6bca32f64a8059!8m2!3d33.8633728!4d-118.1587753!16s%2Fg%2F1tnl1q5b!19sChIJpz9gBSAz3YARWYBK9jLKa_o?authuser=0&hl=en&rclk=1
SoCal Warehouse,Distribution Centers,US,Long Beach CA,+1 562-685-9428,https://socalwarehouse.com/,,25,https://www.google.com/maps/place/SoCal+Warehouse/data=!4m7!3m6!1s0x80dd2fa2567b4e41:0x4141afe6c592d32f!8m2!3d33.7544468!4d-118.1070389!16s%2Fg%2F11l6xnqxsv!19sChIJQU57VqIv3YARL9OSxeavQUE?authuser=0&hl=en&rclk=1
International Cargo Terminals,Distribution Centers,US,Long Beach CA,+1 562-268-5002,http://www.intlcargoterminals.com/,,28,https://www.google.com/maps/place/International+Cargo+Terminals/data=!4m7!3m6!1s0x80dd335705491665:0x6480b0bf64fa1a90!8m2!3d33.8634847!4d-118.2017907!16s%2Fg%2F11b63dmrjl!19sChIJZRZJBVcz3YARkBr6ZL-wgGQ?authuser=0&hl=en&rclk=1
"AJ Wholesale Distributors, Inc.",Distribution Centers,US,Long Beach CA,+1 562-630-2270,http://www.ajtools.com/,sales@ajtools.com,468,"https://www.google.com/maps/place/AJ+Wholesale+Distributors,+Inc./data=!4m7!3m6!1s0x80dd332a59bbcfbb:0xcf10a712a0c548fa!8m2!3d33.8804359!4d-118.1604266!16s%2Fg%2F1td76wt3!19sChIJu8-7WSoz3YAR-kjFoBKnEM8?authuser=0&hl=en&rclk=1"
Frito-Lay Tulsa DC,Distribution Centers,US,Tulsa OK,,,,10,https://www.google.com/maps/place/Frito-Lay+Tulsa+DC/data=!4m7!3m6!1s0x87b68dc12c05ad99:0x8a112e80d4add902!8m2!3d36.0839069!4d-95.8330214!16s%2Fg%2F11k3v5kv39!19sChIJma0FLMGNtocRAtmt1IAuEYo?authuser=0&hl=en&rclk=1
Premier Logistics Warehouse,Distribution Centers,US,Tulsa OK,,,,17,https://www.google.com/maps/place/Premier+Logistics+Warehouse/data=!4m7!3m6!1s0x87b68d9fe11dc62d:0x5a0c13fb8ffa21ed!8m2!3d36.0798415!4d-95.8248993!16s%2Fg%2F11kgjtjlkf!19sChIJLcYd4Z-NtocR7SH6j_sTDFo?authuser=0&hl=en&rclk=1
Cedars distribution warehouse,Distribution Centers,US,Tulsa OK,,,,,https://www.google.com/maps/place/Cedars+distribution+warehouse/data=!4m7!3m6!1s0x87b6f30023215cff:0x9acc3ea2b2b0ef52!8m2!3d36.1736598!4d-95.85762!16s%2Fg%2F11yjb6xztr!19sChIJ_1whIwDztocRUu-wsqI-zJo?authuser=0&hl=en&rclk=1
United Warehouse Co.,Distribution Centers,US,Tulsa OK,+1 918-218-7431,https://www.unitedwarehouse.com/warehousing/,sales@unitedwarehouse.com,26,https://www.google.com/maps/place/United+Warehouse+Co./data=!4m7!3m6!1s0x87b6f393e8ad73c5:0x35bcc24435f0d100!8m2!3d36.1586959!4d-95.8188065!16s%2Fg%2F11rs9p86fj!19sChIJxXOt6JPztocRANHwNUTCvDU?authuser=0&hl=en&rclk=1
Distribution of Bob Mills,Distribution Centers,US,Wichita KS,+1 316-219-5950,https://www.bobmillsfurniture.com/locations/wichita,,6,https://www.google.com/maps/place/Distribution+of+Bob+Mills/data=!4m7!3m6!1s0x87bafddb78efe93d:0xb092198c3651320a!8m2!3d37.6806!4d-97.1980543!16s%2Fg%2F11rxrs39l1!19sChIJPenveNv9uocRCjJRNowZkrA?authuser=0&hl=en&rclk=1
Encore Distribution,Distribution Centers,US,Wichita KS,+1 316-844-6107,https://encoredistribution.com/contact/,,2,https://www.google.com/maps/place/Encore+Distribution/data=!4m7!3m6!1s0x87bafd2107d57a6f:0x4d68dadf0f662ee9!8m2!3d37.6891726!4d-97.2436048!16s%2Fg%2F11t13tz9v0!19sChIJb3rVByH9uocR6S5mD9_aaE0?authuser=0&hl=en&rclk=1
Case New Holland - CNH Industrial Warehouse,Distribution Centers,US,Wichita KS,,https://www.cnh.com/,sustainability@cnhind.com,12,https://www.google.com/maps/place/Case+New+Holland+-+CNH+Industrial+Warehouse/data=!4m7!3m6!1s0x87bafd8f0d8fbc0d:0xa47deb75cc09e490!8m2!3d37.7233499!4d-97.3222795!16s%2Fg%2F11t5lj0mfy!19sChIJDbyPDY_9uocRkOQJzHXrfaQ?authuser=0&hl=en&rclk=1
Johnson's Landscape Distribution,Distribution Centers,US,Wichita KS,+1 316-613-3536,,,13,https://www.google.com/maps/place/Johnson%27s+Landscape+Distribution/data=!4m7!3m6!1s0x87bae1eec6fa3b53:0xe15d5bcb7bf66996!8m2!3d37.7295875!4d-97.4077468!16s%2Fg%2F11ft1bl_sn!19sChIJUzv6xu7huocRlmn2e8tbXeE?authuser=0&hl=en&rclk=1
Vallen Distribution,Distribution Centers,US,Wichita KS,+1 316-942-8374,http://vallen.com/,,2,https://www.google.com/maps/place/Vallen+Distribution/data=!4m7!3m6!1s0x87bae12b29155555:0xf344f35d454b9ae0!8m2!3d37.662639!4d-97.3919239!16s%2Fg%2F11hy9nz2xh!19sChIJVVUVKSvhuocR4JpLRV3zRPM?authuser=0&hl=en&rclk=1
BCS Distribution,Distribution Centers,US,Wichita KS,+1 316-239-7641,https://bldgcontrols.com/bcs-parts,info@bldgcontrols.com,2,https://www.google.com/maps/place/BCS+Distribution/data=!4m7!3m6!1s0x87bae398ec1a86b3:0x112992b20a05505d!8m2!3d37.6864607!4d-97.3158176!16s%2Fg%2F11cs4fwz3q!19sChIJs4Ya7JjjuocRXVAFCrKSKRE?authuser=0&hl=en&rclk=1
The LDF Companies,Distribution Centers,US,Wichita KS,+1 316-636-5575,http://www.ldfcompanies.com/,,90,https://www.google.com/maps/place/The+LDF+Companies/data=!4m7!3m6!1s0x87bb204c288ecd79:0x2766af883b51c677!8m2!3d37.7315686!4d-97.2146264!16s%2Fg%2F1tmgcyw2!19sChIJec2OKEwgu4cRd8ZRO4ivZic?authuser=0&hl=en&rclk=1
Red River Warehouse Inc,Distribution Centers,US,Arlington TX,+1 817-652-2680,,,30,https://www.google.com/maps/place/Red+River+Warehouse+Inc/data=!4m7!3m6!1s0x864e87cc467a63a9:0x75526da075ad5685!8m2!3d32.7153775!4d-97.0535715!16s%2Fg%2F12637tn21!19sChIJqWN6RsyHToYRhVatdaBtUnU?authuser=0&hl=en&rclk=1
Upswing Fulfillment LLC.,Distribution Centers,US,Arlington TX,+1 469-400-1009,https://www.upswingfulfillment.com/,freight@upswingfulfillment.com,4,https://www.google.com/maps/place/Upswing+Fulfillment+LLC./data=!4m7!3m6!1s0x864e87aac9c3152f:0x29acb6d06f4300c7!8m2!3d32.7461184!4d-97.043487!16s%2Fg%2F11mytb_nsm!19sChIJLxXDyaqHToYRxwBDb9C2rCk?authuser=0&hl=en&rclk=1
UpDike Distribution,Distribution Centers,US,Bakersfield CA,,,,3,https://www.google.com/maps/place/UpDike+Distribution/data=!4m7!3m6!1s0x80ea4300354e05ad:0xc028ea832da4ccdf!8m2!3d35.4358896!4d-119.0650985!16s%2Fg%2F11w1qqr8s3!19sChIJrQVONQBD6oAR38ykLYPqKMA?authuser=0&hl=en&rclk=1
United States Cold Storage - Bakersfield,Distribution Centers,US,Bakersfield CA,+1 661-832-2653,https://www.uscold.com/,jgiarra@uscold.com,275,https://www.google.com/maps/place/United+States+Cold+Storage+-+Bakersfield/data=!4m7!3m6!1s0x80ea404c1863d48d:0xca8c21fa67e3115c!8m2!3d35.3115516!4d-119.076479!16s%2Fg%2F1tg5zywx!19sChIJjdRjGExA6oARXBHjZ_ohjMo?authuser=0&hl=en&rclk=1
Core-Mark International,Distribution Centers,US,Bakersfield CA,+1 661-366-2673,http://www.core-mark.com/,,97,https://www.google.com/maps/place/Core-Mark+International/data=!4m7!3m6!1s0x80ea6c5c2ebe98a5:0x68506ef3d49b7c4c!8m2!3d35.3567023!4d-118.9111693!16s%2Fg%2F1tgj93wh!19sChIJpZi-Llxs6oARTHyb1PNuUGg?authuser=0&hl=en&rclk=1
AIRPORT DISTRIBUTION CENTER,Distribution Centers,US,Aurora CO,,,,49,https://www.google.com/maps/place/AIRPORT+DISTRIBUTION+CENTER/data=!4m7!3m6!1s0x876c6481ca350abf:0xcb9bf7685bfa1705!8m2!3d39.7635723!4d-104.8027869!16s%2Fg%2F11h80bx33m!19sChIJvwo1yoFkbIcRBRf6W2j3m8s?authuser=0&hl=en&rclk=1
Sprouts Warehouse,Distribution Centers,US,Aurora CO,+1 720-792-6574,https://jobs.sprouts.com/distribution-center/jobs,,63,https://www.google.com/maps/place/Sprouts+Warehouse/data=!4m7!3m6!1s0x876c6554b6108905:0x47843062e2309afa!8m2!3d39.7711454!4d-104.7666476!16s%2Fg%2F11px4n_1f7!19sChIJBYkQtlRlbIcR-pow4mIwhEc?authuser=0&hl=en&rclk=1
"Shamrock Foods Delivery, Receiving & Distribution Center",Distribution Centers,US,Aurora CO,+1 800-289-8472,https://www.shamrockfoods.com/,advertising@shamrockfoods.com,436,"https://www.google.com/maps/place/Shamrock+Foods+Delivery,+Receiving+%26+Distribution+Center/data=!4m7!3m6!1s0x876c61c76b82fe8f:0xf63460bdc66279dd!8m2!3d39.7658516!4d-104.7265911!16s%2Fg%2F11fspzth3k!19sChIJj_6Ca8dhbIcR3Xlixr1gNPY?authuser=0&hl=en&rclk=1"
Amazon - DEN5 AURORA CO,Distribution Centers,US,Aurora CO,,,,498,https://www.google.com/maps/place/Amazon+-+DEN5+AURORA+CO/data=!4m7!3m6!1s0x876c63ff0dff7589:0xbd77ba2596b9cd9f!8m2!3d39.7668305!4d-104.7558788!16s%2Fg%2F11c0xn4g_4!19sChIJiXX_Df9jbIcRn825liW6d70?authuser=0&hl=en&rclk=1
"Blue Line Foodservice Distribution, Inc./Little Caesars Distribution Center",Distribution Centers,US,Aurora CO,+1 720-647-7300,,,15,"https://www.google.com/maps/place/Blue+Line+Foodservice+Distribution,+Inc.%2FLittle+Caesars+Distribution+Center/data=!4m7!3m6!1s0x876c65080952d639:0x9045efb143b4f0f!8m2!3d39.7640351!4d-104.8024825!16s%2Fg%2F11gt9fv7p9!19sChIJOdZSCQhlbIcRD087FPteBAk?authuser=0&hl=en&rclk=1"
Ace Distribution center,Distribution Centers,US,Aurora CO,,,,1,https://www.google.com/maps/place/Ace+Distribution+center/data=!4m7!3m6!1s0x876c65241552e823:0x7862e9f1848ced91!8m2!3d39.7647889!4d-104.8027014!16s%2Fg%2F11kj8wqdbp!19sChIJI-hSFSRlbIcRke2MhPHpYng?authuser=0&hl=en&rclk=1
Costco Distribution,Distribution Centers,US,Aurora CO,,,,15,https://www.google.com/maps/place/Costco+Distribution/data=!4m7!3m6!1s0x876c67002aad13db:0x34d0a643114cef0a!8m2!3d39.8104916!4d-104.6810322!16s%2Fg%2F11w4kv0wn5!19sChIJ2xOtKgBnbIcRCu9MEUOm0DQ?authuser=0&hl=en&rclk=1
Amazon - DEN2 AURORA CO,Distribution Centers,US,Aurora CO,+1 855-574-2041,https://amazon.jobs/en/business_categories/fulfillment-operations,,444,https://www.google.com/maps/place/Amazon+-+DEN2+AURORA+CO/data=!4m7!3m6!1s0x876c6373de5d61a5:0xe86e35a9292c56ef!8m2!3d39.7453835!4d-104.7260436!16s%2Fg%2F11c7d4gh3h!19sChIJpWFd3nNjbIcR71YsKak1bug?authuser=0&hl=en&rclk=1
Kroger Distribution,Distribution Centers,US,Aurora CO,,,,7,https://www.google.com/maps/place/Kroger+Distribution/data=!4m7!3m6!1s0x876c63e70900fe4f:0x3181cfefac008236!8m2!3d39.7459263!4d-104.7801522!16s%2Fg%2F11w3gl6jy_!19sChIJT_4ACedjbIcRNoIArO_PgTE?authuser=0&hl=en&rclk=1
QCD Rocky Mountain LLC,Distribution Centers,US,Aurora CO,+1 303-552-3615,,,236,https://www.google.com/maps/place/QCD+Rocky+Mountain+LLC/data=!4m7!3m6!1s0x876c63febc9c613b:0x44abfee31c4a756b!8m2!3d39.762495!4d-104.7555682!16s%2Fg%2F11gbwphxv0!19sChIJO2GcvP5jbIcRa3VKHOP-q0Q?authuser=0&hl=en&rclk=1
Amazon - DEN8 E AURORA CO,Distribution Centers,US,Aurora CO,,,,206,https://www.google.com/maps/place/Amazon+-+DEN8+E+AURORA+CO/data=!4m7!3m6!1s0x876c618fb988acb5:0xd1db3eb67f0d7c8f!8m2!3d39.73577!4d-104.7435032!16s%2Fg%2F11n096zwpv!19sChIJtayIuY9hbIcRj3wNf7Y-29E?authuser=0&hl=en&rclk=1
Sherwin Williams Aurora Distribution Service Center,Distribution Centers,US,Aurora CO,+1 303-606-7200,http://www.sherwin-williams.com/?utm_source=google&utm_medium=local_listing&utm_campaign=tag_local_listing,,105,https://www.google.com/maps/place/Sherwin+Williams+Aurora+Distribution+Service+Center/data=!4m7!3m6!1s0x876c614fde1200af:0xd232de909473773e!8m2!3d39.7617239!4d-104.7401207!16s%2Fg%2F1hc95y9vk!19sChIJrwAS3k9hbIcRPndzlJDeMtI?authuser=0&hl=en&rclk=1
Amazon Delivery Station DCX8,Distribution Centers,US,Anaheim CA,,,,60,https://www.google.com/maps/place/Amazon+Delivery+Station+DCX8/data=!4m7!3m6!1s0x80dd2b7f1319463f:0x82a7591c6552a5c!8m2!3d33.8516153!4d-117.975238!16s%2Fg%2F11jkvnw_s5!19sChIJP0YZE38r3YARXCpVxpF1Kgg?authuser=0&hl=en&rclk=1
Marina Distributions,Distribution Centers,US,Anaheim CA,,,,4,https://www.google.com/maps/place/Marina+Distributions/data=!4m7!3m6!1s0x80dcd70b7afe6411:0xa2c48e9f56065bc4!8m2!3d33.8160495!4d-117.8817712!16s%2Fg%2F11lck5svd8!19sChIJEWT-egvX3IARxFsGVp-OxKI?authuser=0&hl=en&rclk=1
DXC3 Amazon Delivery Station,Distribution Centers,US,Anaheim CA,,,,30,https://www.google.com/maps/place/DXC3+Amazon+Delivery+Station/data=!4m7!3m6!1s0x80dcd755e1df3e15:0xb42e270e703c4f4f!8m2!3d33.8528859!4d-117.8468353!16s%2Fg%2F11q2t9bv0q!19sChIJFT7f4VXX3IART088cA4nLrQ?authuser=0&hl=en&rclk=1
Amazon DSP Warehouse,Distribution Centers,US,Anaheim CA,,,,1,https://www.google.com/maps/place/Amazon+DSP+Warehouse/data=!4m7!3m6!1s0x80dcd7175caf603d:0x93008e04dd50b03b!8m2!3d33.8527857!4d-117.8469467!16s%2Fg%2F11vj31k0yc!19sChIJPWCvXBfX3IARO7BQ3QSOAJM?authuser=0&hl=en&rclk=1
Chefs’ Toys Distribution Center,Distribution Centers,US,Anaheim CA,,,,3,https://www.google.com/maps/place/Chefs%E2%80%99+Toys+Distribution+Center/data=!4m7!3m6!1s0x80dcd79df92a74a3:0xff7de980bb89b0fa!8m2!3d33.809658!4d-117.8867645!16s%2Fg%2F11k06g6qvt!19sChIJo3Qq-Z3X3IAR-rCJu4Dpff8?authuser=0&hl=en&rclk=1
Americold Logistics Anaheim,Distribution Centers,US,Anaheim CA,+1 888-808-4877,https://www.americold.com/,,125,https://www.google.com/maps/place/Americold+Logistics+Anaheim/data=!4m7!3m6!1s0x80dcd60ddbb887f1:0xb1532bc60398650a!8m2!3d33.8551669!4d-117.9068916!16s%2Fg%2F125_vq355!19sChIJ8Ye42w3W3IARCmWYA8YrU7E?authuser=0&hl=en&rclk=1
"Total Warehouse (Anaheim, CA)",Distribution Centers,US,Anaheim CA,+1 714-332-3082,https://www.totalwarehouse.com/forklifts-and-equipment-in-anaheim-california/?utm_source=gmb&utm_medium=organic&utm_campaign=local,casales@totalwarehouse.com,23,"https://www.google.com/maps/place/Total+Warehouse+%28Anaheim,+CA%29/data=!4m7!3m6!1s0x80dcd13e897d1ddf:0x2c6f220bd3df1bc2!8m2!3d33.8561925!4d-117.868835!16s%2Fg%2F11j2cznrh8!19sChIJ3x19iT7R3IARwhvf0wsibyw?authuser=0&hl=en&rclk=1"
Daniel's Home Center Warehouse,Distribution Centers,US,Anaheim CA,+1 714-399-1100,https://danielshomecenter.com/our-stores,customerservice@danielshomecenter.com,39,https://www.google.com/maps/place/Daniel%27s+Home+Center+Warehouse/data=!4m7!3m6!1s0x80dd29ea143b8ed3:0x777d839e954185e1!8m2!3d33.822652!4d-117.9010925!16s%2Fg%2F11cl_h77zq!19sChIJ0447FOop3YAR4YVBlZ6DfXc?authuser=0&hl=en&rclk=1
Miracle Distribution Center,Distribution Centers,US,Anaheim CA,+1 714-632-9005,http://www.miraclecenter.org/,,9,https://www.google.com/maps/place/Miracle+Distribution+Center/data=!4m7!3m6!1s0x80dcd117b7ea8fb3:0x40b19dbeb45b1a1f!8m2!3d33.8122395!4d-117.8876411!16s%2Fg%2F1tdzlw3j!19sChIJs4_qtxfR3IARHxpbtL6dsUA?authuser=0&hl=en&rclk=1
Little Caesars Pizza Supply Chain,Distribution Centers,US,Anaheim CA,+1 714-829-1700,http://bluelinedist.com/,,61,https://www.google.com/maps/place/Little+Caesars+Pizza+Supply+Chain/data=!4m7!3m6!1s0x80dcd5d8bc80b7c5:0xad5910b6f508f19d!8m2!3d33.8134153!4d-117.8993075!16s%2Fg%2F11b8r7d5h1!19sChIJxbeAvNjV3IARnfEI9bYQWa0?authuser=0&hl=en&rclk=1
Regal Logistics,Distribution Centers,US,Anaheim CA,+1 253-922-2250,https://www.regallogistics.com/Company/ContactUs.html,,17,https://www.google.com/maps/place/Regal+Logistics/data=!4m7!3m6!1s0x80dcd7a39a991a73:0xc7516ebd8406b1c8!8m2!3d33.8117516!4d-117.8862606!16s%2Fg%2F11ddyj13_b!19sChIJcxqZmqPX3IARyLEGhL1uUcc?authuser=0&hl=en&rclk=1
Americold,Distribution Centers,US,Anaheim CA,+1 888-808-4877,https://www.americold.com/,,28,https://www.google.com/maps/place/Americold/data=!4m7!3m6!1s0x80dcd60e42a0c3e7:0x787e59944ec96d45!8m2!3d33.854606!4d-117.9107205!16s%2Fg%2F11f10fg6cd!19sChIJ58OgQg7W3IARRW3JTpRZfng?authuser=0&hl=en&rclk=1
Prologis Anaheim Industrial Center 13,Distribution Centers,US,Anaheim CA,+1 562-345-9209,https://www.prologis.com/warehouse-space-for-lease/building/prologis-anaheim-industrial-center-13,,24,https://www.google.com/maps/place/Prologis+Anaheim+Industrial+Center+13/data=!4m7!3m6!1s0x80dcd1c65c3290d3:0xf1515357b0f1ed69!8m2!3d33.8650519!4d-117.8100774!16s%2Fg%2F11mqvvcgcz!19sChIJ05AyXMbR3IARae3xsFdTUfE?authuser=0&hl=en&rclk=1
Inline Distributing Company,Distribution Centers,US,Anaheim CA,+1 714-226-0072,http://inlineco.com/,,8,https://www.google.com/maps/place/Inline+Distributing+Company/data=!4m7!3m6!1s0x80dd2bd6719c1115:0xa30d1e7985928a72!8m2!3d33.8160205!4d-117.8879058!16s%2Fg%2F1ptycd92n!19sChIJFRGccdYr3YARcoqShXkeDaM?authuser=0&hl=en&rclk=1
Goodman Industrial Center Anaheim,Distribution Centers,US,Anaheim CA,,https://us.goodman.com/,investorlogins@goodman.com,21,https://www.google.com/maps/place/Goodman+Industrial+Center+Anaheim/data=!4m7!3m6!1s0x80dd2b1937d61b35:0x18627aac4e8875c0!8m2!3d33.8516153!4d-117.975238!16s%2Fg%2F11lh5gsmf1!19sChIJNRvWNxkr3YARwHWITqx6Yhg?authuser=0&hl=en&rclk=1
Bunzl,Distribution Centers,US,Anaheim CA,+1 714-688-1900,http://bunzldistribution.com/,,72,https://www.google.com/maps/place/Bunzl/data=!4m7!3m6!1s0x80dcd6bef137ff87:0x1f5ad06044315319!8m2!3d33.8585671!4d-117.8540226!16s%2Fg%2F1tdc0ykp!19sChIJh_838b7W3IARGVMxRGDQWh8?authuser=0&hl=en&rclk=1
Straub Distributing Co,Distribution Centers,US,Anaheim CA,+1 714-779-4000,http://www.straubdistributing.com/,straub.news@sdcoc.net,34,https://www.google.com/maps/place/Straub+Distributing+Co/data=!4m7!3m6!1s0x80dcd1396fae06a1:0xe4b7c49d2284dcc9!8m2!3d33.8598401!4d-117.816034!16s%2Fg%2F1tfcnn42!19sChIJoQaubznR3IARydyEIp3Et-Q?authuser=0&hl=en&rclk=1
Cal Fresco Co,Distribution Centers,US,Anaheim CA,+1 714-690-7700,http://www.calfresco.com/,,86,https://www.google.com/maps/place/Cal+Fresco+Co/data=!4m7!3m6!1s0x80dd2b814aae2605:0x382e75f4ed6e8723!8m2!3d33.8361622!4d-117.9452201!16s%2Fg%2F1tcyxr00!19sChIJBSauSoEr3YARI4du7fR1Ljg?authuser=0&hl=en&rclk=1
ESNA Logistics,Distribution Centers,US,Anaheim CA,+1 714-278-1003,https://www.esnalogistics.com/,,17,https://www.google.com/maps/place/ESNA+Logistics/data=!4m7!3m6!1s0x80dcd5df6258e121:0x85f5841556301af5!8m2!3d33.8657634!4d-117.8977694!16s%2Fg%2F1vyswv5x!19sChIJIeFYYt_V3IAR9RowVhWE9YU?authuser=0&hl=en&rclk=1
Santa Ana Processing And Distribution Center,Distribution Centers,US,Santa Ana CA,+1 714-662-6325,,,51,https://www.google.com/maps/place/Santa+Ana+Processing+And+Distribution+Center/data=!4m7!3m6!1s0x80dcd8ba4a048bd9:0x53fa1180a3cd7a6d!8m2!3d33.6967882!4d-117.9119907!16s%2Fg%2F11c59vgnlr!19sChIJ2YsESrrY3IARbXrNo4AR-lM?authuser=0&hl=en&rclk=1
DLX8 Amazon Delivery Station,Distribution Centers,US,Santa Ana CA,,,,34,https://www.google.com/maps/place/DLX8+Amazon+Delivery+Station/data=!4m7!3m6!1s0x80dcdfc43192f885:0x246eed9d9d05fc2b!8m2!3d33.7095527!4d-117.8618316!16s%2Fg%2F11m424w4ql!19sChIJhfiSMcTf3IARK_wFnZ3tbiQ?authuser=0&hl=en&rclk=1
DSJ Logistics and Fulfillment,Distribution Centers,US,Santa Ana CA,+1 310-633-5677,https://dsjlfusa.com/,bee@dsjlfusa.com,7,https://www.google.com/maps/place/DSJ+Logistics+and+Fulfillment/data=!4m7!3m6!1s0x80dcd9b51f881373:0x9996c09091d4ae35!8m2!3d33.7162675!4d-117.9185159!16s%2Fg%2F11vlnjp0dt!19sChIJcxOIH7XZ3IARNa7UkZDAlpk?authuser=0&hl=en&rclk=1
"6G Logistic Solutions LLC - Warehouse, E-Commerce Delivery Solution, 3PL Fulfillment Center, Cross Docking",Distribution Centers,US,Santa Ana CA,+1 949-391-3093,https://6glogistic.com/,info@6glogistic.com,4,"https://www.google.com/maps/place/6G+Logistic+Solutions+LLC+-+Warehouse,+E-Commerce+Delivery+Solution,+3PL+Fulfillment+Center,+Cross+Docking/data=!4m7!3m6!1s0x80dcd9f3be854f7f:0xa406a28498d0eb50!8m2!3d33.7484034!4d-117.8385151!16s%2Fg%2F11r_k7n1c5!19sChIJf0-FvvPZ3IARUOvQmISiBqQ?authuser=0&hl=en&rclk=1"
Warehouse El Toro,Distribution Centers,US,Santa Ana CA,+1 714-760-4001,,,2,https://www.google.com/maps/place/Warehouse+El+Toro/data=!4m7!3m6!1s0x80dcd90955555555:0x8ca17e54e2fad9d!8m2!3d33.7464545!4d-117.8604601!16s%2Fg%2F1tf1c15r!19sChIJVVVVVQnZ3IARna0vTuUXygg?authuser=0&hl=en&rclk=1
"FBA In and Out, LLC",Distribution Centers,US,Santa Ana CA,+1 949-732-8522,http://www.fbainandout.com/,support@fbainandout.com,18,"https://www.google.com/maps/place/FBA+In+and+Out,+LLC/data=!4m7!3m6!1s0x80dcd99104a38cdd:0x478290eafd25c076!8m2!3d33.7163126!4d-117.8540938!16s%2Fg%2F11hyt2g73m!19sChIJ3YyjBJHZ3IARdsAl_eqQgkc?authuser=0&hl=en&rclk=1"
"K&C Warehousing, Cross Docking, Lumper Services, Trucking",Distribution Centers,US,Santa Ana CA,+1 714-588-2005,http://www.knclogistics.com/,info@knclogistics.com,42,"https://www.google.com/maps/place/K%26C+Warehousing,+Cross+Docking,+Lumper+Services,+Trucking/data=!4m7!3m6!1s0x80dd27fe5360fdc3:0x4bcca8fe519c3b5d!8m2!3d33.7033103!4d-117.8535689!16s%2Fg%2F11dxl722l2!19sChIJw_1gU_4n3YARXTucUf6ozEs?authuser=0&hl=en&rclk=1"
Behr Process Corporation,Distribution Centers,US,Santa Ana CA,,,,3,https://www.google.com/maps/place/Behr+Process+Corporation/data=!4m7!3m6!1s0x80dcd9076e369e23:0xc0f817b7355c743e!8m2!3d33.7049427!4d-117.8907623!16s%2Fg%2F11qpkcchz0!19sChIJI542bgfZ3IARPnRcNbcX-MA?authuser=0&hl=en&rclk=1
"Left Brain Logistics, LLC - 3PL Fulfillment Warehouse",Distribution Centers,US,Santa Ana CA,+1 949-484-9702,http://leftbrainlogistics.com/,,9,"https://www.google.com/maps/place/Left+Brain+Logistics,+LLC+-+3PL+Fulfillment+Warehouse/data=!4m7!3m6!1s0x80dcd8a62f4d16e3:0x559504b7dc70aea4!8m2!3d33.7144061!4d-117.8513453!16s%2Fg%2F11c1wysqq0!19sChIJ4xZNL6bY3IARpK5w3LcElVU?authuser=0&hl=en&rclk=1"
Behr,Distribution Centers,US,Santa Ana CA,+1 714-545-7101,https://www.behr.com/consumer,,26,https://www.google.com/maps/place/Behr/data=!4m7!3m6!1s0x80dcd9b00225ea45:0xd5cd69b2382becab!8m2!3d33.7223933!4d-117.8553474!16s%2Fg%2F11f6y714q5!19sChIJReolArDZ3IARq-wrOLJpzdU?authuser=0&hl=en&rclk=1
Santa Ana Senior Center - Food Distribution Center,Distribution Centers,US,Santa Ana CA,+1 714-647-6540,,,1,https://www.google.com/maps/place/Santa+Ana+Senior+Center+-+Food+Distribution+Center/data=!4m7!3m6!1s0x80dcd90732900001:0x112b50ff240a5734!8m2!3d33.7468225!4d-117.8720303!16s%2Fg%2F11jppwzyg_!19sChIJAQCQMgfZ3IARNFcKJP9QKxE?authuser=0&hl=en&rclk=1
Pasta Tuya Food Distribution,Distribution Centers,US,Santa Ana CA,+1 714-550-7313,http://pastatuya.com/,pastatuya@att.net,3,https://www.google.com/maps/place/Pasta+Tuya+Food+Distribution/data=!4m7!3m6!1s0x80dcd94095f5e4ff:0xe8d34513275b3083!8m2!3d33.7435577!4d-117.8526527!16s%2Fg%2F1wbry255!19sChIJ_-T1lUDZ3IARgzBbJxNF0-g?authuser=0&hl=en&rclk=1
Cantlay Food Distribution Center (Catholic Charities),Distribution Centers,US,Santa Ana CA,+1 714-347-9602,https://ccoc.org/programs/life-sustaining-services/cantlay-food-distribution-center,,64,https://www.google.com/maps/place/Cantlay+Food+Distribution+Center+%28Catholic+Charities%29/data=!4m7!3m6!1s0x80dcd8a3c82a0abf:0xcb61d36b66c6c95a!8m2!3d33.7426737!4d-117.8966517!16s%2Fg%2F1tfg7znx!19sChIJvwoqyKPY3IARWsnGZmvTYcs?authuser=0&hl=en&rclk=1
American Warehouse,Distribution Centers,US,Santa Ana CA,+1 714-835-2298,https://www.americanwhs.com/,,5,https://www.google.com/maps/place/American+Warehouse/data=!4m7!3m6!1s0x80dcd95c95156d21:0xd6cd4950f4befd87!8m2!3d33.704245!4d-117.889341!16s%2Fg%2F1tmqrnrk!19sChIJIW0VlVzZ3IARh_2-9FBJzdY?authuser=0&hl=en&rclk=1
The Dot Fulfillment Services,Distribution Centers,US,Santa Ana CA,+1 714-708-5800,http://www.dotfulfillment.net/,,14,https://www.google.com/maps/place/The+Dot+Fulfillment+Services/data=!4m7!3m6!1s0x80dcdeb37596854f:0xcaf24e704993a85e!8m2!3d33.7115709!4d-117.8478883!16s%2Fg%2F11r9sy_tl!19sChIJT4WWdbPe3IARXqiTSXBO8so?authuser=0&hl=en&rclk=1
Hi Touch Distribution,Distribution Centers,US,Santa Ana CA,,https://www.hitouchdsd.com/,contact@hitouchdsd.com,,https://www.google.com/maps/place/Hi+Touch+Distribution/data=!4m7!3m6!1s0x80dd2661d086af99:0xadf45f679d48d31f!8m2!3d33.7374864!4d-117.8532507!16s%2Fg%2F11fll6hrkm!19sChIJma-G0GEm3YARH9NInWdf9K0?authuser=0&hl=en&rclk=1
Amazon WTX5,Distribution Centers,US,Corpus Christi TX,,,,101,https://www.google.com/maps/place/Amazon+WTX5/data=!4m7!3m6!1s0x8668635c55f1fc05:0x347a92ea6dda0177!8m2!3d27.7794228!4d-97.5464229!16s%2Fg%2F11rn9r27lj!19sChIJBfzxVVxjaIYRdwHabeqSejQ?authuser=0&hl=en&rclk=1
H-E-B Distribution Center - Corpus Christi,Distribution Centers,US,Corpus Christi TX,+1 361-289-4586,http://www.heb.com/home/home.jsp,,12,https://www.google.com/maps/place/H-E-B+Distribution+Center+-+Corpus+Christi/data=!4m7!3m6!1s0x866860ec9b006029:0xbd94207f816c81cf!8m2!3d27.7862586!4d-97.4612054!16s%2Fg%2F1tg9nkpb!19sChIJKWAAm-xgaIYRz4FsgX8glL0?authuser=0&hl=en&rclk=1
Ray West Warehouses Inc,Distribution Centers,US,Corpus Christi TX,+1 361-884-5595,http://www.raywestwarehouses.com/,webmaster@company.com,44,https://www.google.com/maps/place/Ray+West+Warehouses+Inc/data=!4m7!3m6!1s0x866860bd7c5a12cd:0xd7db49a881850ba9!8m2!3d27.7945467!4d-97.4515125!16s%2Fg%2F1wn342xm!19sChIJzRJafL1gaIYRqQuFgahJ29c?authuser=0&hl=en&rclk=1
"Wholesale Electric Supply Co. of Houston, Inc. - CMMS Corpus Warehouse",Distribution Centers,US,Corpus Christi TX,,https://cmms.wes-hou.com/,cmmsrecept@wes-hou.com,11,"https://www.google.com/maps/place/Wholesale+Electric+Supply+Co.+of+Houston,+Inc.+-+CMMS+Corpus+Warehouse/data=!4m7!3m6!1s0x86686065c7acf155:0xc2c9f66e64541e7e!8m2!3d27.7873328!4d-97.4394977!16s%2Fg%2F1ts3g12b!19sChIJVfGsx2VgaIYRfh5UZG72ycI?authuser=0&hl=en&rclk=1"
Coca-Cola Bottling Co.,Distribution Centers,US,Corpus Christi TX,+1 361-693-4200,http://www.coca-cola.com/,nlcustomercontact@ccep.com,77,https://www.google.com/maps/place/Coca-Cola+Bottling+Co./data=!4m7!3m6!1s0x8668600ebb962ab9:0x592e93fa6f191cd6!8m2!3d27.7407654!4d-97.4429887!16s%2Fg%2F1tjyv0x2!19sChIJuSqWuw5gaIYR1hwZb_qTLlk?authuser=0&hl=en&rclk=1
CCISD Central Warehouse RFID,Distribution Centers,US,Corpus Christi TX,+1 361-695-7319,,,5,https://www.google.com/maps/place/CCISD+Central+Warehouse+RFID/data=!4m7!3m6!1s0x866860be4e32a57d:0xd7b5390825d2d5a2!8m2!3d27.7963175!4d-97.4565724!16s%2Fg%2F11cs5mvvgy!19sChIJfaUyTr5gaIYRotXSJQg5tdc?authuser=0&hl=en&rclk=1
CrossDock Connect,Distribution Centers,US,Corpus Christi TX,+1 361-267-5378,https://crossdockconnect.com/corpus-christi-tx/,quotes@crossdockconnect.com,2,https://www.google.com/maps/place/CrossDock+Connect/data=!4m7!3m6!1s0x8668617449427543:0x7703183114551e4d!8m2!3d27.8034749!4d-97.4554591!16s%2Fg%2F11vy_pt92g!19sChIJQ3VCSXRhaIYRTR5VFDEYA3c?authuser=0&hl=en&rclk=1
Andrews Distributing,Distribution Centers,US,Corpus Christi TX,+1 361-696-7400,http://www.andrewsdistributing.com/,,56,https://www.google.com/maps/place/Andrews+Distributing/data=!4m7!3m6!1s0x8668605b02845009:0x42532bfedcb3668f!8m2!3d27.7606109!4d-97.4679548!16s%2Fg%2F1tj89w0n!19sChIJCVCEAltgaIYRj2az3P4rU0I?authuser=0&hl=en&rclk=1
L&F Distributors of Corpus Christi (Bud Light/Budweiser),Distribution Centers,US,Corpus Christi TX,+1 361-884-8888,https://www.lnfdistributors.com/,info@lnfdist.com,90,https://www.google.com/maps/place/L%26F+Distributors+of+Corpus+Christi+%28Bud+Light%2FBudweiser%29/data=!4m7!3m6!1s0x86685e46295a32c7:0xd95e88a504a3f891!8m2!3d27.7798206!4d-97.5330519!16s%2Fg%2F1tdxfqj0!19sChIJxzJaKUZeaIYRkfijBKWIXtk?authuser=0&hl=en&rclk=1
Timeline Logistics - Corpus Christi,Distribution Centers,US,Corpus Christi TX,+1 866-973-4077,,,3,https://www.google.com/maps/place/Timeline+Logistics+-+Corpus+Christi/data=!4m7!3m6!1s0x8668609eae4dbec1:0x13869761f49aa3d7!8m2!3d27.789424!4d-97.4430973!16s%2Fg%2F12hplqnqw!19sChIJwb5Nrp5gaIYR16Oa9GGXhhM?authuser=0&hl=en&rclk=1
Pepsi Bottling Company,Distribution Centers,US,Corpus Christi TX,+1 361-853-0123,https://pepsicolacorpuschristi.com/,,78,https://www.google.com/maps/place/Pepsi+Bottling+Company/data=!4m7!3m6!1s0x8668600c17296cf9:0x28587d5908fb9c04!8m2!3d27.7430029!4d-97.4444737!16s%2Fg%2F1ts1snq9!19sChIJ-WwpFwxgaIYRBJz7CFl9WCg?authuser=0&hl=en&rclk=1
XPO,Distribution Centers,US,Corpus Christi TX,+1 361-884-1070,https://xpo.com/,ltlccg@xpo.com,13,https://www.google.com/maps/place/XPO/data=!4m7!3m6!1s0x8668608ef591251b:0xafcb142ed5a69ea4!8m2!3d27.7798127!4d-97.4522352!16s%2Fg%2F1td590yt!19sChIJGyWR9Y5gaIYRpJ6m1S4Uy68?authuser=0&hl=en&rclk=1
Furniture Outlet,Distribution Centers,US,Corpus Christi TX,+1 361-452-1706,http://www.furnitureoutletcc.com/,,218,https://www.google.com/maps/place/Furniture+Outlet/data=!4m7!3m6!1s0x86685fd9a6da0909:0xdc406ecaf7a559b2!8m2!3d27.726729!4d-97.4137749!16s%2Fg%2F11f712jkq4!19sChIJCQnaptlfaIYRslml98puQNw?authuser=0&hl=en&rclk=1
UNFI Riverside Distribution Center,Distribution Centers,US,Riverside CA,+1 951-697-0013,,,275,https://www.google.com/maps/place/UNFI+Riverside+Distribution+Center/data=!4m7!3m6!1s0x80dca5c2d15a72b9:0x1e147a26f0eeb6ec!8m2!3d33.8961955!4d-117.2811298!16s%2Fg%2F11j388b8yv!19sChIJuXJa0cKl3IAR7Lbu8CZ6FB4?authuser=0&hl=en&rclk=1
Big 5 Distribution Center,Distribution Centers,US,Riverside CA,+1 951-774-1600,http://www.big5sportinggoods.com/store/,,162,https://www.google.com/maps/place/Big+5+Distribution+Center/data=!4m7!3m6!1s0x80dcaf6fc4488203:0xdb2f4f448916e090!8m2!3d33.9603816!4d-117.3112952!16s%2Fg%2F1tdwf6xk!19sChIJA4JIxG-v3IARkOAWiURPL9s?authuser=0&hl=en&rclk=1
Burlington Distribution Center,Distribution Centers,US,Riverside CA,+1 609-387-7800,https://www.burlington.com/,,66,https://www.google.com/maps/place/Burlington+Distribution+Center/data=!4m7!3m6!1s0x80dca515840fe3bb:0x2c07fa2cce6321ee!8m2!3d33.9082459!4d-117.2903529!16s%2Fg%2F11h42stdsc!19sChIJu-MPhBWl3IAR7iFjziz6Byw?authuser=0&hl=en&rclk=1
Target Fulfillment Center,Distribution Centers,US,Riverside CA,,,,26,https://www.google.com/maps/place/Target+Fulfillment+Center/data=!4m7!3m6!1s0x80dca7f5c21cc05f:0xa06b3e08f00a33f3!8m2!3d33.8800974!4d-117.2641326!16s%2Fg%2F11kpzv0f6t!19sChIJX8AcwvWn3IAR8zMK8Ag-a6A?authuser=0&hl=en&rclk=1
Erlanger Distribution Center Inc,Distribution Centers,US,Riverside CA,+1 951-784-5147,http://www.erlangerdc.com/,info@erlangerdc.com,16,https://www.google.com/maps/place/Erlanger+Distribution+Center+Inc/data=!4m7!3m6!1s0x80dcadd9d852f517:0x239d3832c33d4630!8m2!3d34.0081558!4d-117.3276672!16s%2Fg%2F1v8j0r2d!19sChIJF_VS2Nmt3IARMEY9wzI4nSM?authuser=0&hl=en&rclk=1
McLane Riverside,Distribution Centers,US,Riverside CA,+1 951-867-3555,https://www.mclaneco.com/,,334,https://www.google.com/maps/place/McLane+Riverside/data=!4m7!3m6!1s0x80dca5c60cfbc971:0x55312e026fe6638e!8m2!3d33.8998668!4d-117.2853665!16s%2Fg%2F1x6q218d!19sChIJccn7DMal3IARjmPmbwIuMVU?authuser=0&hl=en&rclk=1
Smart & Final Warehouse,Distribution Centers,US,Riverside CA,+1 323-869-7500,https://www.smartandfinal.com/careers,,330,https://www.google.com/maps/place/Smart+%26+Final+Warehouse/data=!4m7!3m6!1s0x80dca5f4b81273f5:0xe662bd36c6f265f6!8m2!3d33.9251475!4d-117.2909108!16s%2Fg%2F11b6pdk8ty!19sChIJ9XMSuPSl3IAR9mXyxja9YuY?authuser=0&hl=en&rclk=1
Deals Distribution and Warehousing,Distribution Centers,US,Riverside CA,+1 909-693-8261,,,1,https://www.google.com/maps/place/Deals+Distribution+and+Warehousing/data=!4m7!3m6!1s0x80dcaf7384bc5e37:0x77415e4a5d112eaf!8m2!3d33.9916244!4d-117.3458793!16s%2Fg%2F11ts48hnf7!19sChIJN168hHOv3IARry4RXUpeQXc?authuser=0&hl=en&rclk=1
McLane Canyon Springs,Distribution Centers,US,Riverside CA,+1 909-912-3700,https://www.mclaneco.com/,,111,https://www.google.com/maps/place/McLane+Canyon+Springs/data=!4m7!3m6!1s0x80c34a8799886f85:0xe721c710e5122a43!8m2!3d33.9364255!4d-117.2980842!16s%2Fg%2F11ckqr9xkz!19sChIJhW-ImYdKw4ARQyoS5RDHIec?authuser=0&hl=en&rclk=1
UNFI MV2 Riverside,Distribution Centers,US,Riverside CA,+1 951-697-0013,http://unfi.com/,,35,https://www.google.com/maps/place/UNFI+MV2+Riverside/data=!4m7!3m6!1s0x80dca565f2642181:0x26a38aae3bb5eb31!8m2!3d33.8995475!4d-117.281044!16s%2Fg%2F11jnzrk3jx!19sChIJgSFk8mWl3IARMeu1O66KoyY?authuser=0&hl=en&rclk=1
F&D Distribution Center,Distribution Centers,US,Riverside CA,,,,45,https://www.google.com/maps/place/F%26D+Distribution+Center/data=!4m7!3m6!1s0x80dca7b2f0bdf547:0x2ed18cdc39878af2!8m2!3d33.8857!4d-117.241413!16s%2Fg%2F11h6gx335f!19sChIJR_W98LKn3IAR8oqHOdyM0S4?authuser=0&hl=en&rclk=1
Amazon LGB6,Distribution Centers,US,Riverside CA,,,,205,https://www.google.com/maps/place/Amazon+LGB6/data=!4m7!3m6!1s0x80dca44ec78b8c21:0xf87a2385ed523c99!8m2!3d33.880661!4d-117.2990722!16s%2Fg%2F11f3rn7vbc!19sChIJIYyLx06k3IARmTxS7YUjevg?authuser=0&hl=en&rclk=1
McLane Global,Distribution Centers,US,Riverside CA,+1 281-210-3295,https://www.mclaneglobal.com/,schedule@mclaneglobal.com,49,https://www.google.com/maps/place/McLane+Global/data=!4m7!3m6!1s0x80dca58efd6a3f47:0x70643b1d3a72e3d1!8m2!3d33.902051!4d-117.2842519!16s%2Fg%2F11h4y55kkt!19sChIJRz9q_Y6l3IAR0eNyOh07ZHA?authuser=0&hl=en&rclk=1
Wholesale Trading Distribution,Distribution Centers,US,Riverside CA,+1 951-224-5503,http://www.wholesaletradingdistribution.com/,,18,https://www.google.com/maps/place/Wholesale+Trading+Distribution/data=!4m7!3m6!1s0x80dcb73ad2b360e1:0xd107bb5f594e4524!8m2!3d34.0020116!4d-117.3380672!16s%2Fg%2F11h79r10zw!19sChIJ4WCz0jq33IARJEVOWV-7B9E?authuser=0&hl=en&rclk=1
Domino's Pizza Distribution Supply Chain Center,Distribution Centers,US,St Paul MN,+1 651-688-2929,https://jobs.dominos.com/us/career-areas/supply-chain/,,33,https://www.google.com/maps/place/Domino%27s+Pizza+Distribution+Supply+Chain+Center/data=!4m7!3m6!1s0x87f62d058ec2a2ab:0x133988a8e51bed6a!8m2!3d44.8360382!4d-93.1311489!16s%2Fg%2F1tdm8wtp!19sChIJq6LCjgUt9ocRau0b5aiIORM?authuser=0&hl=en&rclk=1
Catholic Charities Distribution Center,Distribution Centers,US,St Paul MN,,https://www.cctwincities.org/catholic-charities-distribution-center/,info@cctwincities.org,18,https://www.google.com/maps/place/Catholic+Charities+Distribution+Center/data=!4m7!3m6!1s0x87f7d513f538bf51:0x12b99a574679917d!8m2!3d44.9366569!4d-93.0725936!16s%2Fg%2F11f120z1lp!19sChIJUb849RPV94cRfZF5RleauRI?authuser=0&hl=en&rclk=1
Murphy Logistics Solutions,Distribution Centers,US,St Paul MN,+1 612-623-1200,https://www.murphylogistics.com/?utm_source=google&utm_medium=organic&utm_campaign=gbp&utm_content=st-paul-plato-blvd,,85,https://www.google.com/maps/place/Murphy+Logistics+Solutions/data=!4m7!3m6!1s0x87f7d51d919cf7eb:0xa94b85352a745548!8m2!3d44.9418295!4d-93.0745255!16s%2Fg%2F11lnmst51y!19sChIJ6_eckR3V94cRSFV0KjWFS6k?authuser=0&hl=en&rclk=1
Pentair Distribution Center,Distribution Centers,US,St Paul MN,+1 651-766-6496,,,10,https://www.google.com/maps/place/Pentair+Distribution+Center/data=!4m7!3m6!1s0x52b32c3fd4a6376f:0x41c9438c11e4df53!8m2!3d45.0166477!4d-93.2042056!16s%2Fg%2F1262xvnk_!19sChIJbzem1D8ss1IRU9_kEYxDyUE?authuser=0&hl=en&rclk=1
SBS Group Zinpro Warehouse,Distribution Centers,US,St Paul MN,,,,10,https://www.google.com/maps/place/SBS+Group+Zinpro+Warehouse/data=!4m7!3m6!1s0x52b32d293769f733:0xf9accf17ddb0bbf!8m2!3d44.9569015!4d-93.184798!16s%2Fg%2F11tn037s7j!19sChIJM_dpNykts1IRvwvbffHMmg8?authuser=0&hl=en&rclk=1
Americold Logistics Saint Paul,Distribution Centers,US,St Paul MN,+1 651-227-0741,https://www.americold.com/,,44,https://www.google.com/maps/place/Americold+Logistics+Saint+Paul/data=!4m7!3m6!1s0x87f7d56cbea9e73d:0xc34527f081b8a59c!8m2!3d44.9404619!4d-93.0720013!16s%2Fg%2F1yg4fj6wg!19sChIJPeepvmzV94cRnKW4gfAnRcM?authuser=0&hl=en&rclk=1
Co-op Partners Warehouse,Distribution Centers,US,St Paul MN,+1 651-644-7000,http://www.cooppartners.coop/,receiving@cpw.coop,30,https://www.google.com/maps/place/Co-op+Partners+Warehouse/data=!4m7!3m6!1s0x52b32cb1d4afef61:0x97c81768dca2820c!8m2!3d44.9629281!4d-93.1878808!16s%2Fg%2F1tl1n2n1!19sChIJYe-v1LEss1IRDIKi3GgXyJc?authuser=0&hl=en&rclk=1
Murphy Logistics - St. Paul Distribution Center,Distribution Centers,US,St Paul MN,+1 612-623-1200,https://www.murphylogistics.com/warehousing/mn-warehousing/,,6,https://www.google.com/maps/place/Murphy+Logistics+-+St.+Paul+Distribution+Center/data=!4m7!3m6!1s0x87f7d559f21a0f5b:0x4f95a374a044115b!8m2!3d44.9554623!4d-93.0870378!16s%2Fg%2F1tf9td1t!19sChIJWw8a8lnV94cRWxFEoHSjlU8?authuser=0&hl=en&rclk=1
Sentinel Warehousing & Distribution,Distribution Centers,US,Lexington KY,+1 859-493-2092,,,1,https://www.google.com/maps/place/Sentinel+Warehousing+%26+Distribution/data=!4m7!3m6!1s0x88424476f8473ef1:0x12a332a2e81fd792!8m2!3d38.0762433!4d-84.5194735!16s%2Fg%2F11f3_zg00d!19sChIJ8T5H-HZEQogRktcf6KIyoxI?authuser=0&hl=en&rclk=1
"Fister Distribution, Inc",Distribution Centers,US,Lexington KY,+1 859-269-5053,https://www.fisterdistribution.com/,,33,"https://www.google.com/maps/place/Fister+Distribution,+Inc/data=!4m7!3m6!1s0x884245d0ba93df7f:0x7f0266b05cf4e365!8m2!3d38.0224978!4d-84.4528748!16s%2Fg%2F11f5yh_zx5!19sChIJf9-TutBFQogRZeP0XLBmAn8?authuser=0&hl=en&rclk=1"
Amazon Fulfillment Center - LEX1,Distribution Centers,US,Lexington KY,+1 859-381-0818,https://www.amazon.jobs/en/locations/,,404,https://www.google.com/maps/place/Amazon+Fulfillment+Center+-+LEX1/data=!4m7!3m6!1s0x88424391d42efa35:0x64ca9a4ed7f81564!8m2!3d38.076042!4d-84.5335721!16s%2Fg%2F1tfyf7lz!19sChIJNfou1JFDQogRZBX4106aymQ?authuser=0&hl=en&rclk=1
UPS LEXKY Feeder Gate 4059,Distribution Centers,US,Lexington KY,,,,23,https://www.google.com/maps/place/UPS+LEXKY+Feeder+Gate+4059/data=!4m7!3m6!1s0x884243ec70c7379d:0xb5aeee5ec926ed40!8m2!3d38.0749434!4d-84.5304227!16s%2Fg%2F11rrqjtkgz!19sChIJnTfHcOxDQogRQO0myV7urrU?authuser=0&hl=en&rclk=1
Amazon Fulfillment Center - LEX2,Distribution Centers,US,Lexington KY,,,,59,https://www.google.com/maps/place/Amazon+Fulfillment+Center+-+LEX2/data=!4m7!3m6!1s0x884243f822c3ba99:0x11793b4ac2edb25f!8m2!3d38.0754374!4d-84.5500652!16s%2Fg%2F11qg9xvrzm!19sChIJmbrDIvhDQogRX7Ltwko7eRE?authuser=0&hl=en&rclk=1
Lexington Equipment Distribution Center,Distribution Centers,US,Lexington KY,+1 859-425-2075,,,404,https://www.google.com/maps/place/Lexington+Equipment+Distribution+Center/data=!4m7!3m6!1s0x8842449d8485d45d:0x213a6d0d4f11b089!8m2!3d38.0489048!4d-84.5217274!16s%2Fg%2F1tj4c50_!19sChIJXdSFhJ1EQogRibARTw1tOiE?authuser=0&hl=en&rclk=1
Save-A-Lot Distribution Center,Distribution Centers,US,Lexington KY,+1 859-737-3200,,,487,https://www.google.com/maps/place/Save-A-Lot+Distribution+Center/data=!4m7!3m6!1s0x8843b21db320d1bb:0xf6347832cafddd7d!8m2!3d38.0209693!4d-84.1900939!16s%2Fg%2F1tdn9c2b!19sChIJu9Egsx2yQ4gRfd39yjJ4NPY?authuser=0&hl=en&rclk=1
Saddle Creek Logistics Services,Distribution Centers,US,Lexington KY,+1 859-490-2400,http://www.sclogistics.com/,driverrecruitingdepartment@sclogistics.com,59,https://www.google.com/maps/place/Saddle+Creek+Logistics+Services/data=!4m7!3m6!1s0x8842440ec3fed839:0x829f7af021171180!8m2!3d38.0782115!4d-84.5163607!16s%2Fg%2F125_vk88s!19sChIJOdj-ww5EQogRgBEXIfB6n4I?authuser=0&hl=en&rclk=1
Citadel Warehouse Services,Distribution Centers,US,Lexington KY,+1 859-254-8821,https://www.citadelwarehouse.com/,info@cwslex.com,35,https://www.google.com/maps/place/Citadel+Warehouse+Services/data=!4m7!3m6!1s0x8842447c4f482301:0x43526532a504a524!8m2!3d38.0652646!4d-84.5145064!16s%2Fg%2F1tglznx3!19sChIJASNIT3xEQogRJKUEpTJlUkM?authuser=0&hl=en&rclk=1
Sale warehouse,Distribution Centers,US,Lexington KY,+1 859-285-1168,,,10,https://www.google.com/maps/place/Sale+warehouse/data=!4m7!3m6!1s0x8842451b7fc37fcb:0xd46089d5b9ce61e5!8m2!3d38.0473151!4d-84.4749596!16s%2Fg%2F11fxzrcd0j!19sChIJy3_DfxtFQogR5WHOudWJYNQ?authuser=0&hl=en&rclk=1
LEGACY distribution Center,Distribution Centers,US,Lexington KY,,https://rymaps.xyz/business/paris-ky-distribution-center-d0z9d4,worldmapscenter@yandex.com,41,https://www.google.com/maps/place/LEGACY+distribution+Center/data=!4m7!3m6!1s0x88423556ae145bdb:0x69eaeb92f83b5299!8m2!3d38.2137832!4d-84.2817306!16s%2Fg%2F11j991zx_4!19sChIJ21sUrlY1QogRmVI7-JLr6mk?authuser=0&hl=en&rclk=1
Pieratt's Warehouse,Distribution Centers,US,Lexington KY,+1 859-264-8907,http://www.pieratts.com/,,25,https://www.google.com/maps/place/Pieratt%27s+Warehouse/data=!4m7!3m6!1s0x88425aab55ede0a1:0xef979b9483172053!8m2!3d38.0217883!4d-84.4498597!16s%2Fg%2F1tcxdwz1!19sChIJoeDtVataQogRUyAXg5Sbl-8?authuser=0&hl=en&rclk=1
ENERSYS DISTRIBUTION,Distribution Centers,US,Lexington KY,,,,21,https://www.google.com/maps/place/ENERSYS+DISTRIBUTION/data=!4m7!3m6!1s0x8842fde9adc4c073:0x67683bcababeb8f8!8m2!3d37.7377481!4d-84.2731442!16s%2Fg%2F11t50f87m0!19sChIJc8DEren9QogR-Li-uso7aGc?authuser=0&hl=en&rclk=1
"Kentucky Eagle, Inc.",Distribution Centers,US,Lexington KY,+1 859-252-3434,http://www.kyeagle.net/,jgann@kyeagle.net,45,"https://www.google.com/maps/place/Kentucky+Eagle,+Inc./data=!4m7!3m6!1s0x884244048e48fa49:0x5ef3e89a6e360d1a!8m2!3d38.1027489!4d-84.5214766!16s%2Fg%2F1tdblpd3!19sChIJSfpIjgREQogRGg02bpro814?authuser=0&hl=en&rclk=1"
Coca-Cola Consolidated,Distribution Centers,US,Lexington KY,+1 859-231-6301,http://www.coca-colacompany.com/,press@coca-cola.com,79,https://www.google.com/maps/place/Coca-Cola+Consolidated/data=!4m7!3m6!1s0x884243b87c203ccf:0x2e9cbd2b62e95ed!8m2!3d38.0777316!4d-84.5382763!16s%2Fg%2F11b6qkt39z!19sChIJzzwgfLhDQogR7ZUuttLL6QI?authuser=0&hl=en&rclk=1
W T Young Storage Co,Distribution Centers,US,Lexington KY,+1 859-266-1136,https://www.wtyoung.com/,,116,https://www.google.com/maps/place/W+T+Young+Storage+Co/data=!4m7!3m6!1s0x884245488d579f67:0x3465248d98f6c202!8m2!3d38.025388!4d-84.4547691!16s%2Fg%2F1tmg773t!19sChIJZ59XjUhFQogRAsL2mI0kZTQ?authuser=0&hl=en&rclk=1
Gatorade Distribution Center,Distribution Centers,US,Stockton CA,+1 209-689-2830,,,88,https://www.google.com/maps/place/Gatorade+Distribution+Center/data=!4m7!3m6!1s0x80906d2f5ed9fcf3:0xda583ac59155f8cd!8m2!3d37.9132107!4d-121.1923843!16s%2Fg%2F11p3cwxdl2!19sChIJ8_zZXi9tkIARzfhVkcU6WNo?authuser=0&hl=en&rclk=1
Fairview Distribution Center Inc,Distribution Centers,US,Stockton CA,+1 209-942-4000,https://fairviewdci.com/,,20,https://www.google.com/maps/place/Fairview+Distribution+Center+Inc/data=!4m7!3m6!1s0x80906d1d65388e31:0x32ec105e25c23a51!8m2!3d37.938952!4d-121.230335!16s%2Fg%2F1thw6zq8!19sChIJMY44ZR1tkIARUTrCJV4Q7DI?authuser=0&hl=en&rclk=1
FDR Warehouse (Fresno Ave),Distribution Centers,US,Stockton CA,+1 209-805-0325,http://www.fdrwarehouse.com/,office@fdrwarehouse.com,15,https://www.google.com/maps/place/FDR+Warehouse+%28Fresno+Ave%29/data=!4m7!3m6!1s0x8090134631ef966b:0x562cb36b1d3aaf89!8m2!3d37.93414!4d-121.3133578!16s%2Fg%2F11rdc6s69h!19sChIJa5bvMUYTkIARia86HWuzLFY?authuser=0&hl=en&rclk=1
Amazon Logistics Center,Distribution Centers,US,Stockton CA,,,,95,https://www.google.com/maps/place/Amazon+Logistics+Center/data=!4m7!3m6!1s0x80906cc8473b253f:0xa47b3b720c70bcac!8m2!3d37.9134902!4d-121.2555923!16s%2Fg%2F11f12p43rk!19sChIJPyU7R8hskIARrLxwDHI7e6Q?authuser=0&hl=en&rclk=1
United Facilities-Prism Warehouse,Distribution Centers,US,Stockton CA,+1 209-982-5580,https://unitedfacilities.com/locations,,50,https://www.google.com/maps/place/United+Facilities-Prism+Warehouse/data=!4m7!3m6!1s0x809013314f444041:0x236c80107646c54d!8m2!3d37.9142372!4d-121.2689615!16s%2Fg%2F11b67frzm6!19sChIJQUBETzETkIARTcVGdhCAbCM?authuser=0&hl=en&rclk=1
SuperValu Warehouse,Distribution Centers,US,Stockton CA,+1 209-564-1017,,,12,https://www.google.com/maps/place/SuperValu+Warehouse/data=!4m7!3m6!1s0x80906d6d86424517:0x21ac411272447cc1!8m2!3d37.9109213!4d-121.2470722!16s%2Fg%2F11n07npq31!19sChIJF0VChm1tkIARwXxEchJBrCE?authuser=0&hl=en&rclk=1
Amazon Fulfilment Center SCK1,Distribution Centers,US,Stockton CA,+1 800-996-7566,,,92,https://www.google.com/maps/place/Amazon+Fulfilment+Center+SCK1/data=!4m7!3m6!1s0x80906d2ce76a4c61:0x60fa0509561893b5!8m2!3d37.9133406!4d-121.1982452!16s%2Fg%2F11h6hjj4ph!19sChIJYUxq5yxtkIARtZMYVgkF-mA?authuser=0&hl=en&rclk=1
Costco DDC Center,Distribution Centers,US,Stockton CA,,,,41,https://www.google.com/maps/place/Costco+DDC+Center/data=!4m7!3m6!1s0x80906d39a08952b9:0xc08466d5d95fd0b0!8m2!3d37.940143!4d-121.226353!16s%2Fg%2F11rcwhbvm0!19sChIJuVKJoDltkIARsNBf2dVmhMA?authuser=0&hl=en&rclk=1
FDR Warehouse,Distribution Centers,US,Stockton CA,+1 209-900-4990,http://fdrwarehouse.com/,office@fdrwarehouse.com,89,https://www.google.com/maps/place/FDR+Warehouse/data=!4m7!3m6!1s0x80906cb9d20ecc07:0x3da26188a6946047!8m2!3d38.1446412!4d-121.2982453!16s%2Fg%2F1v8j0pcq!19sChIJB8wO0rlskIARR2CUpohhoj0?authuser=0&hl=en&rclk=1
Spears Mfg. Co. Distribution Center,Distribution Centers,US,Stockton CA,+1 818-364-1611,http://spears.com/,,12,https://www.google.com/maps/place/Spears+Mfg.+Co.+Distribution+Center/data=!4m7!3m6!1s0x80901336b3cab461:0x9517eb7de2433f35!8m2!3d37.9124146!4d-121.2688815!16s%2Fg%2F1tcxvh1r!19sChIJYbTKszYTkIARNT9D4n3rF5U?authuser=0&hl=en&rclk=1
Stockton Unified Sch District Warehousing,Distribution Centers,US,Stockton CA,+1 209-933-7150,,,11,https://www.google.com/maps/place/Stockton+Unified+Sch+District+Warehousing/data=!4m7!3m6!1s0x80900d482dbc4327:0xda1a796facc99f6b!8m2!3d37.9838786!4d-121.2721143!16s%2Fg%2F1td9wc3d!19sChIJJ0O8LUgNkIARa5_JrG95Gto?authuser=0&hl=en&rclk=1
Super Store Industries Lathrop Distribution Center,Distribution Centers,US,Stockton CA,+1 209-858-2010,http://www.ssica.com/,,289,https://www.google.com/maps/place/Super+Store+Industries+Lathrop+Distribution+Center/data=!4m7!3m6!1s0x80903ffc5f4969f3:0xbfa0f2f4539f32fb!8m2!3d37.8061851!4d-121.2667446!16s%2Fg%2F1tfrg_qm!19sChIJ82lJX_w_kIAR-zKfU_TyoL8?authuser=0&hl=en&rclk=1
RTW Logistics INC. (Stockton Warehouse),Distribution Centers,US,Stockton CA,,https://www.rtwlogistics.net/,inquiry@rtwlogistics.net,11,https://www.google.com/maps/place/RTW+Logistics+INC.+%28Stockton+Warehouse%29/data=!4m7!3m6!1s0x80900dc518fdced5:0xa42c02b5500803e!8m2!3d37.9423535!4d-121.325115!16s%2Fg%2F11s193c109!19sChIJ1c79GMUNkIARPoAAVSvAQgo?authuser=0&hl=en&rclk=1
Culinary Depot - NV Distribution,Distribution Centers,US,Henderson NV,,,,,https://www.google.com/maps/place/Culinary+Depot+-+NV+Distribution/data=!4m7!3m6!1s0x80c8d1000249a4f9:0xd8ef8e80789fa783!8m2!3d36.0529241!4d-115.0242208!16s%2Fg%2F11z68ymd_b!19sChIJ-aRJAgDRyIARg6efeICO79g?authuser=0&hl=en&rclk=1
Amazon fulfillment center LAS1,Distribution Centers,US,Henderson NV,,,,399,https://www.google.com/maps/place/Amazon+fulfillment+center+LAS1/data=!4m7!3m6!1s0x80c8cdfa7754bd1b:0xe8d92fcec2be8e9e!8m2!3d35.9665421!4d-115.1523257!16s%2Fg%2F11h91fpc8s!19sChIJG71Ud_rNyIARno6-ws4v2eg?authuser=0&hl=en&rclk=1
Amazon (LAS),Distribution Centers,US,Henderson NV,,,,63,https://www.google.com/maps/place/Amazon+%28LAS%29/data=!4m7!3m6!1s0x80c8cd9fe085a85d:0xefaf442fd73b07da!8m2!3d35.9659465!4d-115.1519581!16s%2Fg%2F11rstgj5fj!19sChIJXaiF4J_NyIAR2gc71y9Er-8?authuser=0&hl=en&rclk=1
NRI Distribution 3PL,Distribution Centers,US,Henderson NV,,,,8,https://www.google.com/maps/place/NRI+Distribution+3PL/data=!4m7!3m6!1s0x80c8cd85a25cbcc7:0xcf55f9db353a7975!8m2!3d35.9586994!4d-115.1471851!16s%2Fg%2F11ks2l_lrl!19sChIJx7xcooXNyIARdXk6Ndv5Vc8?authuser=0&hl=en&rclk=1
Amazon DLV4,Distribution Centers,US,Henderson NV,,,,60,https://www.google.com/maps/place/Amazon+DLV4/data=!4m7!3m6!1s0x80c8cdcbc2509055:0x104dacede6d4f3bd!8m2!3d35.9765931!4d-115.153044!16s%2Fg%2F11nfxlskhk!19sChIJVZBQwsvNyIARvfPU5u2sTRA?authuser=0&hl=en&rclk=1
Smith's,Distribution Centers,US,Henderson NV,+1 702-765-0099,https://www.smithsfoodanddrug.com/,,47,https://www.google.com/maps/place/Smith%27s/data=!4m7!3m6!1s0x80c8cd7287c68289:0x79aa14643e3b06fb!8m2!3d35.9627418!4d-115.1427764!16s%2Fg%2F11h884p67y!19sChIJiYLGh3LNyIAR-wY7PmQUqnk?authuser=0&hl=en&rclk=1
AMAZON Hub Delivery,Distribution Centers,US,Henderson NV,,,,7,https://www.google.com/maps/place/AMAZON+Hub+Delivery/data=!4m7!3m6!1s0x80c8cd6975350011:0x8ae83c8dbcd1faa8!8m2!3d35.9765523!4d-115.1543165!16s%2Fg%2F11r2ht8bn0!19sChIJEQA1dWnNyIARqPrRvI086Io?authuser=0&hl=en&rclk=1
Americold Logistics Henderson,Distribution Centers,US,Henderson NV,+1 702-566-5810,https://www.americold.com/,,321,https://www.google.com/maps/place/Americold+Logistics+Henderson/data=!4m7!3m6!1s0x80c8d435b2d6507f:0xc83149b67617d41!8m2!3d36.0121548!4d-114.9553475!16s%2Fg%2F1263nyvvz!19sChIJf1DWsjXUyIARQX1hZ5sUgww?authuser=0&hl=en&rclk=1
Shipp Distribution,Distribution Centers,US,Henderson NV,+1 702-207-4477,,,9,https://www.google.com/maps/place/Shipp+Distribution/data=!4m7!3m6!1s0x80c8c68861462abf:0x66cda55dff016cf!8m2!3d35.9678341!4d-115.1520245!16s%2Fg%2F11cr_1b2f8!19sChIJvypGYYjGyIARzxbw31XabAY?authuser=0&hl=en&rclk=1
Martin-Brower NV,Distribution Centers,US,Henderson NV,+1 702-479-1116,,,28,https://www.google.com/maps/place/Martin-Brower+NV/data=!4m7!3m6!1s0x80c8cd003ab5a999:0x8935b9b8d2bea1eb!8m2!3d35.9705382!4d-115.14821!16s%2Fg%2F11x33y02v7!19sChIJmam1OgDNyIAR66G-0ri5NYk?authuser=0&hl=en&rclk=1
Core Mark International,Distribution Centers,US,Henderson NV,+1 702-876-5220,http://www.core-mark.com/,,162,https://www.google.com/maps/place/Core+Mark+International/data=!4m7!3m6!1s0x80c8d114bf099255:0xc66a9d7152fa1d7f!8m2!3d36.0347342!4d-115.0240633!16s%2Fg%2F11c5217cy1!19sChIJVZIJvxTRyIARfx36UnGdasY?authuser=0&hl=en&rclk=1
Airgas Distribution Center,Distribution Centers,US,Henderson NV,+1 725-240-9900,https://locations.airgas.com/nv/henderson/airgas-distribution-center-dc15.html?utm_arg=3rd_party_local:Google::Distribution%20Center:DC15,wecanhelp@airgas.com,2,https://www.google.com/maps/place/Airgas+Distribution+Center/data=!4m7!3m6!1s0x80c8cd007e6ad60b:0xd3388cc3927b2cac!8m2!3d35.97378!4d-115.1525684!16s%2Fg%2F11s5w2x_tp!19sChIJC9ZqfgDNyIARrCx7ksOMONM?authuser=0&hl=en&rclk=1
Ocean Spray/Tree Top,Distribution Centers,US,Henderson NV,+1 702-568-8850,http://www.oceanspray.com/,casupport@oceanspray.com,458,https://www.google.com/maps/place/Ocean+Spray%2FTree+Top/data=!4m7!3m6!1s0x80c8d121b9dad0a5:0xe7c4998742a20101!8m2!3d36.0515673!4d-115.0219963!16s%2Fg%2F11c5s95prc!19sChIJpdDauSHRyIARAQGiQoeZxOc?authuser=0&hl=en&rclk=1
Levi Strauss & Co,Distribution Centers,US,Henderson NV,+1 702-269-8700,http://www.levistrauss.com/,,113,https://www.google.com/maps/place/Levi+Strauss+%26+Co/data=!4m7!3m6!1s0x80c8cc2bb9731b7b:0x7313e0ca8e527fb6!8m2!3d35.9822377!4d-115.1447002!16s%2Fg%2F1tlndqsq!19sChIJextzuSvMyIARtn9SjsrgE3M?authuser=0&hl=en&rclk=1
Publix Super Markets Greensboro Distribution,Distribution Centers,US,Greensboro NC,+1 743-222-6220,,,462,https://www.google.com/maps/place/Publix+Super+Markets+Greensboro+Distribution/data=!4m7!3m6!1s0x885321e4ca594e8d:0x493d0fc9a455b743!8m2!3d36.0850049!4d-79.6600212!16s%2Fg%2F11rknkm_tw!19sChIJjU5ZyuQhU4gRQ7dVpMkPPUk?authuser=0&hl=en&rclk=1
Coca Cola Greensboro Warehouse.,Distribution Centers,US,Greensboro NC,+1 804-274-0882,,,20,https://www.google.com/maps/place/Coca+Cola+Greensboro+Warehouse./data=!4m7!3m6!1s0x8853224aa0227729:0x9370ae7e105f2b2e!8m2!3d36.0565567!4d-79.6960067!16s%2Fg%2F11f50hlkwl!19sChIJKXcioEoiU4gRLitfEH6ucJM?authuser=0&hl=en&rclk=1
Harris Teeter Perishable Distribution Center,Distribution Centers,US,Greensboro NC,+1 800-537-9187,http://harristeeter.jobs/,,450,https://www.google.com/maps/place/Harris+Teeter+Perishable+Distribution+Center/data=!4m7!3m6!1s0x885304ab213b4155:0x9690b2d39efdbeff!8m2!3d36.0942085!4d-79.920269!16s%2Fg%2F11b5zqmsky!19sChIJVUE7IasEU4gR_779ntOykJY?authuser=0&hl=en&rclk=1
MyEyeDr distribution center,Distribution Centers,US,Greensboro NC,,,,,https://www.google.com/maps/place/MyEyeDr+distribution+center/data=!4m7!3m6!1s0x88531f0018e85705:0xf638f189b34f80be!8m2!3d36.0987344!4d-79.7835717!16s%2Fg%2F11z0x00dph!19sChIJBVfoGAAfU4gRvoBPs4nxOPY?authuser=0&hl=en&rclk=1
Lowes Distribution Center #3290,Distribution Centers,US,Greensboro NC,+1 336-589-1120,http://www.lowes.com/,,130,https://www.google.com/maps/place/Lowes+Distribution+Center+%233290/data=!4m7!3m6!1s0x885321ed0dab1e67:0xad44d74db6e833b2!8m2!3d36.0934603!4d-79.7195665!16s%2Fg%2F11c1p6ygxl!19sChIJZx6rDe0hU4gRsjPotk3XRK0?authuser=0&hl=en&rclk=1
Harris Teeter GM Warehouse,Distribution Centers,US,Greensboro NC,+1 800-537-9187,http://www.harristeeter.jobs/,,28,https://www.google.com/maps/place/Harris+Teeter+GM+Warehouse/data=!4m7!3m6!1s0x88530560b3f6ee65:0xdefd9d9c8283f777!8m2!3d36.0958916!4d-79.9272128!16s%2Fg%2F11h04p23_d!19sChIJZe72s2AFU4gRd_eDgpyd_d4?authuser=0&hl=en&rclk=1
Harris Teeter Frozen Food Warehouse,Distribution Centers,US,Greensboro NC,+1 336-854-7261,,,23,https://www.google.com/maps/place/Harris+Teeter+Frozen+Food+Warehouse/data=!4m7!3m6!1s0x885305cca804f3cb:0x6da16aaa2323bc8c!8m2!3d36.0947993!4d-79.9280902!16s%2Fg%2F11l27twh2g!19sChIJy_MEqMwFU4gRjLwjI6pqoW0?authuser=0&hl=en&rclk=1
XRD4 AMAZON FACILITY,Distribution Centers,US,Greensboro NC,,,,22,https://www.google.com/maps/place/XRD4+AMAZON+FACILITY/data=!4m7!3m6!1s0x88530300650c8b6b:0xcb8729d729b73092!8m2!3d36.1055738!4d-79.9856937!16s%2Fg%2F11ygm_wwq5!19sChIJa4sMZQADU4gRkjC3Kdcph8s?authuser=0&hl=en&rclk=1
Triangle Warehouse,Distribution Centers,US,Greensboro NC,+1 336-668-0156,http://www.trianglewarehouse.net/,bobby@trianglewarehouse.net,8,https://www.google.com/maps/place/Triangle+Warehouse/data=!4m7!3m6!1s0x8853054f06d8a8a5:0xc81f17d849ccce5f!8m2!3d36.084284!4d-79.9254299!16s%2Fg%2F11sr71cnmg!19sChIJpajYBk8FU4gRX87MSdgXH8g?authuser=0&hl=en&rclk=1
USPS Greensboro Processing and Distribution Center,Distribution Centers,US,Greensboro NC,+1 336-931-9350,http://www.usps.com/,sfsdelivery.confirmation@usps.gov,407,https://www.google.com/maps/place/USPS+Greensboro+Processing+and+Distribution+Center/data=!4m7!3m6!1s0x88530393d20c2689:0xf7bb8c792553b217!8m2!3d36.1064488!4d-79.9789165!16s%2Fg%2F11f716pw9b!19sChIJiSYM0pMDU4gRF7JTJXmMu_c?authuser=0&hl=en&rclk=1
Harris Teeter Distribution Store Returns Building,Distribution Centers,US,Greensboro NC,,,,3,https://www.google.com/maps/place/Harris+Teeter+Distribution+Store+Returns+Building/data=!4m7!3m6!1s0x885305fba06a26bf:0xd8950b4fd789cdd2!8m2!3d36.0914563!4d-79.9330071!16s%2Fg%2F11kw4wj7zf!19sChIJvyZqoPsFU4gR0s2J108Lldg?authuser=0&hl=en&rclk=1
GSO1 Amazon Fulfillment Center,Distribution Centers,US,Greensboro NC,,http://gso1-amazon.edan.io/,,236,https://www.google.com/maps/place/GSO1+Amazon+Fulfillment+Center/data=!4m7!3m6!1s0x88530182887cd8db:0xf02898543008cb27!8m2!3d36.1063566!4d-80.0232118!16s%2Fg%2F11frjvlbz9!19sChIJ29h8iIIBU4gRJ8sIMFSYKPA?authuser=0&hl=en&rclk=1
Procter & Gamble Warehouse,Distribution Centers,US,Greensboro NC,,,,80,https://www.google.com/maps/place/Procter+%26+Gamble+Warehouse/data=!4m7!3m6!1s0x8852df7d674141e5:0xefd9185f63a12b0b!8m2!3d36.1764347!4d-79.7192662!16s%2Fg%2F11gqr5k7gt!19sChIJ5UFBZ33fUogRCyuhY18Y2e8?authuser=0&hl=en&rclk=1
AkShoprite Distribution Warehouse,Distribution Centers,US,Newark NJ,,http://www.shoprite.com/career-opportunities/distribution-listings/,,152,https://www.google.com/maps/place/AkShoprite+Distribution+Warehouse/data=!4m7!3m6!1s0x89c25407e51e5b89:0xa4b55777d84ad435!8m2!3d40.737362!4d-74.1352111!16s%2Fg%2F11bw41jlgw!19sChIJiVse5QdUwokRNdRK2HdXtaQ?authuser=0&hl=en&rclk=1
American Terminals Distribution,Distribution Centers,US,Newark NJ,+1 732-510-2702,,,10,https://www.google.com/maps/place/American+Terminals+Distribution/data=!4m7!3m6!1s0x89c25682c2fbadbb:0x59334c7de627fdb0!8m2!3d40.7659078!4d-74.1220234!16s%2Fg%2F1xn_p8tw!19sChIJu637woJWwokRsP0n5n1MM1k?authuser=0&hl=en&rclk=1
Hanover Warehouse,Distribution Centers,US,Newark NJ,+1 973-589-7387,http://hanoverwhse.com/,,53,https://www.google.com/maps/place/Hanover+Warehouse/data=!4m7!3m6!1s0x89c251509e766f1b:0x7bcaf6e47d5af0d1!8m2!3d40.7244107!4d-74.117402!16s%2Fg%2F1tk1nx8l!19sChIJG292nlBRwokR0fBafeT2yns?authuser=0&hl=en&rclk=1
Quality Warehouse & Distribution,Distribution Centers,US,Newark NJ,,,,26,https://www.google.com/maps/place/Quality+Warehouse+%26+Distribution/data=!4m7!3m6!1s0x89c25280b9d4904f:0x215b7a78acc5f90c!8m2!3d40.6665649!4d-74.1760101!16s%2Fg%2F1v_z9tnz!19sChIJT5DUuYBSwokRDPnFrHh6WyE?authuser=0&hl=en&rclk=1
Eastern Warehouse,Distribution Centers,US,Newark NJ,+1 973-465-1600,http://www.easternwarehouse.com/,office@easternwarehouse.com,68,https://www.google.com/maps/place/Eastern+Warehouse/data=!4m7!3m6!1s0x89c253b58b7880df:0x6f698b29b653bd79!8m2!3d40.7012157!4d-74.1464409!16s%2Fg%2F1tj4cd54!19sChIJ34B4i7VTwokReb1TtimLaW8?authuser=0&hl=en&rclk=1
D.A.L. Distributors,Distribution Centers,US,Newark NJ,+1 908-289-4446,,,17,https://www.google.com/maps/place/D.A.L.+Distributors/data=!4m7!3m6!1s0x89c24d7a198a3541:0x95c10677b6f265fc!8m2!3d40.6545912!4d-74.1728843!16s%2Fg%2F1tg2lkxw!19sChIJQTWKGXpNwokR_GXytncGwZU?authuser=0&hl=en&rclk=1
Fleet Distribution Centers LLC,Distribution Centers,US,Newark NJ,+1 973-485-7100,http://www.fleet3pl.com/,info@fleetnj.com,130,https://www.google.com/maps/place/Fleet+Distribution+Centers+LLC/data=!4m7!3m6!1s0x89c25477867d2e77:0x174652b78f678b4c!8m2!3d40.7418392!4d-74.1576903!16s%2Fg%2F11cly6__17!19sChIJdy59hndUwokRTItnj7dSRhc?authuser=0&hl=en&rclk=1
Salson Warehouse,Distribution Centers,US,Newark NJ,,,,30,https://www.google.com/maps/place/Salson+Warehouse/data=!4m7!3m6!1s0x89c253e090ddc4f7:0xddb19548ed6c53a8!8m2!3d40.7174748!4d-74.129987!16s%2Fg%2F1td3sdnc!19sChIJ98TdkOBTwokRqFNs7UiVsd0?authuser=0&hl=en&rclk=1
USPS Dominick V Daniels Processing & Distribution Center,Distribution Centers,US,Newark NJ,+1 201-955-9647,https://www.usps.com/,sfsdelivery.confirmation@usps.gov,355,https://www.google.com/maps/place/USPS+Dominick+V+Daniels+Processing+%26+Distribution+Center/data=!4m7!3m6!1s0x89c256bb736b5a9d:0x30522b297058e8a0!8m2!3d40.7465854!4d-74.1085809!16s%2Fg%2F1td7v2m1!19sChIJnVprc7tWwokRoOhYcCkrUjA?authuser=0&hl=en&rclk=1
Bartlett Dairy,Distribution Centers,US,Newark NJ,+1 973-623-4803,http://www.bartlettny.com/,,188,https://www.google.com/maps/place/Bartlett+Dairy/data=!4m7!3m6!1s0x89c25324cf0614f9:0x69879cb056eefaa4!8m2!3d40.716158!4d-74.2007618!16s%2Fg%2F11b66g7rvp!19sChIJ-RQGzyRTwokRpPruVrCch2k?authuser=0&hl=en&rclk=1
"Linden Warehouse & Distribution Co., Inc.",Distribution Centers,US,Newark NJ,+1 908-862-1400,http://www.lindenwarehouse.com/,info@lindenwarehouse.com,89,"https://www.google.com/maps/place/Linden+Warehouse+%26+Distribution+Co.,+Inc./data=!4m7!3m6!1s0x89c3b31439c411fd:0x2bb11c581441a110!8m2!3d40.6095608!4d-74.2422476!16s%2Fg%2F1tslknwv!19sChIJ_RHEORSzw4kREKFBFFgcsSs?authuser=0&hl=en&rclk=1"
Global Distribution Center,Distribution Centers,US,Newark NJ,+1 718-907-2800,,,5,https://www.google.com/maps/place/Global+Distribution+Center/data=!4m7!3m6!1s0x89c2550028b0b785:0xa7b644ad32711bfd!8m2!3d40.7793877!4d-74.1919432!16s%2Fg%2F11gxwsrqsv!19sChIJhbewKABVwokR_RtxMq1Etqc?authuser=0&hl=en&rclk=1
East Cost Warehouse & Distribution Building 1130,Distribution Centers,US,Newark NJ,+1 347-339-4588,,,23,https://www.google.com/maps/place/East+Cost+Warehouse+%26+Distribution+Building+1130/data=!4m7!3m6!1s0x89c253585c5af47b:0xe0ddb2910d544a51!8m2!3d40.6692468!4d-74.1680942!16s%2Fg%2F11s8h375pb!19sChIJe_RaXFhTwokRUUpUDZGy3eA?authuser=0&hl=en&rclk=1
Usa Distributions,Distribution Centers,US,Newark NJ,+1 862-450-8811,,,1,https://www.google.com/maps/place/Usa+Distributions/data=!4m7!3m6!1s0x89c2535bdac226fd:0x2112b53dc4d93dc3!8m2!3d40.7212408!4d-74.1866179!16s%2Fg%2F11wp0nbgfj!19sChIJ_SbC2ltTwokRwz3ZxD21EiE?authuser=0&hl=en&rclk=1
SNY1 Amazon Fulfillment Warehouse,Distribution Centers,US,Newark NJ,,,,19,https://www.google.com/maps/place/SNY1+Amazon+Fulfillment+Warehouse/data=!4m7!3m6!1s0x89c251007a4e8741:0xb9213c578b8427f6!8m2!3d40.7334981!4d-74.1153705!16s%2Fg%2F11wy696ytf!19sChIJQYdOegBRwokR9ieEi1c8Ibk?authuser=0&hl=en&rclk=1
Gateway Warehouses Inc,Distribution Centers,US,Newark NJ,+1 973-589-4595,http://www.telescoassoc.com/,,41,https://www.google.com/maps/place/Gateway+Warehouses+Inc/data=!4m7!3m6!1s0x89c2515b264acb19:0xde6b88fbc8fc1852!8m2!3d40.7224657!4d-74.1137829!16s%2Fg%2F1thmg98j!19sChIJGctKJltRwokRUhj8yPuIa94?authuser=0&hl=en&rclk=1
Newark Refrigerated Warehouse: Executive Office,Distribution Centers,US,Newark NJ,+1 973-824-6694,http://www.pnrw.com/,,166,https://www.google.com/maps/place/Newark+Refrigerated+Warehouse:+Executive+Office/data=!4m7!3m6!1s0x89c253090547c6e9:0x96037633c806117c!8m2!3d40.7161655!4d-74.1736223!16s%2Fg%2F1tgny3r3!19sChIJ6cZHBQlTwokRfBEGyDN2A5Y?authuser=0&hl=en&rclk=1
DOR2 Amazon,Distribution Centers,US,Norfolk VA,,,,73,https://www.google.com/maps/place/DOR2+Amazon/data=!4m7!3m6!1s0x89ba9791d51bf68d:0x41c2d0c557e1d0bd!8m2!3d36.8667721!4d-76.2271806!16s%2Fg%2F11ll5828j0!19sChIJjfYb1ZGXuokRvdDhV8XQwkE?authuser=0&hl=en&rclk=1
Crossfire Logistics,Distribution Centers,US,Norfolk VA,+1 757-828-4246,https://crossfirelogistics.com/,sales@crossfirelogistics.com,26,https://www.google.com/maps/place/Crossfire+Logistics/data=!4m7!3m6!1s0x89ba96f9386564e9:0xf7bdd2af7d921585!8m2!3d36.8916317!4d-76.2083036!16s%2Fg%2F11c4bg8nqb!19sChIJ6WRlOPmWuokRhRWSfa_Svfc?authuser=0&hl=en&rclk=1
Port Norfolk Commodity Warehouse,Distribution Centers,US,Norfolk VA,+1 757-460-7749,http://www.pncw.net/,info@pncw.net,99,https://www.google.com/maps/place/Port+Norfolk+Commodity+Warehouse/data=!4m7!3m6!1s0x89ba97bf38b66ff7:0x552a5f3acdfbf94c!8m2!3d36.8574943!4d-76.2448272!16s%2Fg%2F1vvr72yg!19sChIJ92-2OL-XuokRTPn7zTpfKlU?authuser=0&hl=en&rclk=1
Not MDV SpartanNash,Distribution Centers,US,Norfolk VA,+1 757-858-9300,http://www.mdvnf.com/,,165,https://www.google.com/maps/place/Not+MDV+SpartanNash/data=!4m7!3m6!1s0x89ba97b731968c31:0x3b54b62df126aea2!8m2!3d36.8602588!4d-76.2342763!16s%2Fg%2F11c488kfyh!19sChIJMYyWMbeXuokRoq4m8S22VDs?authuser=0&hl=en&rclk=1
SpartanNash Military,Distribution Centers,US,Norfolk VA,+1 757-858-9300,http://military.spartannash.com/,,376,https://www.google.com/maps/place/SpartanNash+Military/data=!4m7!3m6!1s0x89ba97b825282dfb:0xd1dcf2088dd6f89!8m2!3d36.8572228!4d-76.2387602!16s%2Fg%2F1thx0bg4!19sChIJ-y0oJbiXuokRiW_diCDPHQ0?authuser=0&hl=en&rclk=1
InterChange Logistics,Distribution Centers,US,Norfolk VA,+1 757-447-2070,,,30,https://www.google.com/maps/place/InterChange+Logistics/data=!4m7!3m6!1s0x89baa1f1398b4f25:0x2535d80d7f9e5cac!8m2!3d36.8044202!4d-76.378741!16s%2Fg%2F11gyb74816!19sChIJJU-LOfGhuokRrFyefw3YNSU?authuser=0&hl=en&rclk=1
Katoen Natie Norfolk Inc,Distribution Centers,US,Norfolk VA,+1 757-543-9211,,,178,https://www.google.com/maps/place/Katoen+Natie+Norfolk+Inc/data=!4m7!3m6!1s0x89babd5e316c997f:0x336ad751744c93a3!8m2!3d36.8315386!4d-76.2522488!16s%2Fg%2F1263nt0ys!19sChIJf5lsMV69uokRo5NMdFHXajM?authuser=0&hl=en&rclk=1
Padencold Inc,Distribution Centers,US,Norfolk VA,+1 757-410-3175,http://www.padencold.com/,sales@padencold.com,48,https://www.google.com/maps/place/Padencold+Inc/data=!4m7!3m6!1s0x89ba9624ce82f511:0x46829afd3fc8205a!8m2!3d36.8420449!4d-76.207967!16s%2Fg%2F1trch9xh!19sChIJEfWCziSWuokRWiDIP_2agkY?authuser=0&hl=en&rclk=1
UCI Warehouses,Distribution Centers,US,Norfolk VA,+1 757-622-1335,https://hahnauto.com/warehouse-location/,,3,https://www.google.com/maps/place/UCI+Warehouses/data=!4m7!3m6!1s0x89ba99857cb2eeef:0xaafc0f83da1e1423!8m2!3d36.8705033!4d-76.2835269!16s%2Fg%2F11g1z34_87!19sChIJ7-6yfIWZuokRIxQe2oMP_Ko?authuser=0&hl=en&rclk=1
Ison Distribution Services LLC,Distribution Centers,US,Norfolk VA,+1 757-338-8170,http://www.architecturalhomecollection.com/,,1,https://www.google.com/maps/place/Ison+Distribution+Services+LLC/data=!4m7!3m6!1s0x89baa32178b6db9f:0xe09b045a56dcfe66!8m2!3d36.8339447!4d-76.3298156!16s%2Fg%2F11nmpf0rcv!19sChIJn9u2eCGjuokRZv7cVloEm-A?authuser=0&hl=en&rclk=1
"Worldwide Wholesale Warehouse, Inc.",Distribution Centers,US,Norfolk VA,+1 701-640-0836,https://www.sheabutterwholesale.com/,worldwidewholesalewarehouse@gmail.com,8,"https://www.google.com/maps/place/Worldwide+Wholesale+Warehouse,+Inc./data=!4m7!3m6!1s0x89ba976845f5fc01:0xba32741c05c57a1c!8m2!3d36.8986904!4d-76.2576837!16s%2Fg%2F11dzz_w50y!19sChIJAfz1RWiXuokRHHrFBRx0Mro?authuser=0&hl=en&rclk=1"
Lineage Logistics,Distribution Centers,US,Norfolk VA,+1 757-929-0100,https://www.onelineage.com/facilities/portsmouth,pr@onelineage.com,93,https://www.google.com/maps/place/Lineage+Logistics/data=!4m7!3m6!1s0x89ba9fb9c4703e57:0x50776fd6b78662d!8m2!3d36.8630104!4d-76.3442993!16s%2Fg%2F11p56l6b5q!19sChIJVz5wxLmfuokRLWZ4a_12BwU?authuser=0&hl=en&rclk=1
DI DISTRIBUTION CENTER INC,Distribution Centers,US,Laredo TX,+1 956-615-2971,http://didiscenter.com/,info@didiscenter.com,34,https://www.google.com/maps/place/DI+DISTRIBUTION+CENTER+INC/data=!4m7!3m6!1s0x8660df7992c42a77:0x298f9988381f58ae!8m2!3d27.7005857!4d-99.4629875!16s%2Fg%2F11h_b_3fwl!19sChIJdyrEknnfYIYRrlgfOIiZjyk?authuser=0&hl=en&rclk=1
CoolHouse Distribution Center,Distribution Centers,US,Laredo TX,+1 956-625-6650,https://coolhousedc.com/,,79,https://www.google.com/maps/place/CoolHouse+Distribution+Center/data=!4m7!3m6!1s0x8660dbfe7474b457:0xfda0ec5c809b15d2!8m2!3d27.6978401!4d-99.4508799!16s%2Fg%2F11c6z_gh8l!19sChIJV7R0dP7bYIYR0hWbgFzsoP0?authuser=0&hl=en&rclk=1
Navistar Distribution Center,Distribution Centers,US,Laredo TX,+1 956-724-4463,,,84,https://www.google.com/maps/place/Navistar+Distribution+Center/data=!4m7!3m6!1s0x8660dfb482ad1799:0xc5b52dd8afcc8b47!8m2!3d27.6144141!4d-99.495264!16s%2Fg%2F11t27x1xxx!19sChIJmRetgrTfYIYRR4vMr9gttcU?authuser=0&hl=en&rclk=1
Rheem distribution center,Distribution Centers,US,Laredo TX,,,,19,https://www.google.com/maps/place/Rheem+distribution+center/data=!4m7!3m6!1s0x8660df0076ab7dfd:0x518c680147c77c46!8m2!3d27.6827894!4d-99.4687601!16s%2Fg%2F11lds6p314!19sChIJ_X2rdgDfYIYRRnzHRwFojFE?authuser=0&hl=en&rclk=1
"Distrubi | Cross dock, Rework, & Redelivery Warehouse",Distribution Centers,US,Laredo TX,+1 512-866-1690,https://www.distrubi.com/crossdock-laredo?utm_source=GMB,crossdock@distrubi.com,12,"https://www.google.com/maps/place/Distrubi+%7C+Cross+dock,+Rework,+%26+Redelivery+Warehouse/data=!4m7!3m6!1s0x8660df034e598131:0x62fd29c77152ed2a!8m2!3d27.6233009!4d-99.5066077!16s%2Fg%2F11p9mdry65!19sChIJMYFZTgPfYIYRKu1Scccp_WI?authuser=0&hl=en&rclk=1"
"Multimodal Logistics, Inc.",Distribution Centers,US,Laredo TX,+1 956-790-9100,http://laredoftz.com/,,124,"https://www.google.com/maps/place/Multimodal+Logistics,+Inc./data=!4m7!3m6!1s0x866120ad66fbb0e5:0xe1f6ce1da38b20c9!8m2!3d27.617918!4d-99.5125122!16s%2Fg%2F1tfbcl45!19sChIJ5bD7Zq0gYYYRySCLox3O9uE?authuser=0&hl=en&rclk=1"
100 Distribution Center,Distribution Centers,US,Laredo TX,+1 956-327-4870,https://www.100logisticscorp.com/,rterrazas@100logisticsgroup.com,5,https://www.google.com/maps/place/100+Distribution+Center/data=!4m7!3m6!1s0x8660dfd17ded7de5:0x1fc8c388717d906c!8m2!3d27.68566!4d-99.474876!16s%2Fg%2F11v3zrdj3_!19sChIJ5X3tfdHfYIYRbJB9cYjDyB8?authuser=0&hl=en&rclk=1
"Del Bravo CEDIS / Distribution Center – Laredo, TX – Warehouse 8 / Bodega 8",Distribution Centers,US,Laredo TX,+1 956-625-2100,https://www.delbravo.com/,,6,"https://www.google.com/maps/place/Del+Bravo+CEDIS+%2F+Distribution+Center+%E2%80%93+Laredo,+TX+%E2%80%93+Warehouse+8+%2F+Bodega+8/data=!4m7!3m6!1s0x8660fb9edb6e4a01:0x6f2eb77a7d55f5a5!8m2!3d27.7145927!4d-99.7255655!16s%2Fg%2F11zg9dcffr!19sChIJAUpu2577YIYRpfVVfXq3Lm8?authuser=0&hl=en&rclk=1"
"Del Bravo CEDIS / Distribution Center – Laredo, TX – Warehouse 7 / Bodega 7",Distribution Centers,US,Laredo TX,+1 956-625-2100,https://www.delbravo.com/,,,"https://www.google.com/maps/place/Del+Bravo+CEDIS+%2F+Distribution+Center+%E2%80%93+Laredo,+TX+%E2%80%93+Warehouse+7+%2F+Bodega+7/data=!4m7!3m6!1s0x8660e5121fe2f623:0x6f2b933fd9d0a58a!8m2!3d27.7156138!4d-99.7228346!16s%2Fg%2F11nqqmkq04!19sChIJI_biHxLlYIYRiqXQ2T-TK28?authuser=0&hl=en&rclk=1"
"Latin Foods Logistics, LLC",Distribution Centers,US,Laredo TX,+1 956-724-4877,https://www.latinfoodslogistics.com/,contact@latinfoodslogistics.com,112,"https://www.google.com/maps/place/Latin+Foods+Logistics,+LLC/data=!4m7!3m6!1s0x8661207dea9668b5:0x702729bb8a425085!8m2!3d27.5908282!4d-99.504162!16s%2Fg%2F11bwfk4tg6!19sChIJtWiW6n0gYYYRhVBCirspJ3A?authuser=0&hl=en&rclk=1"
Gamas Warehouse and distribution center Laredo Tx.,Distribution Centers,US,Laredo TX,+52 867 193 7575,http://gamas.com.mx/,customer.service@gamas.com.mx,34,https://www.google.com/maps/place/Gamas+Warehouse+and+distribution+center+Laredo+Tx./data=!4m7!3m6!1s0x8660df61649298bd:0x9a9c664ef312b190!8m2!3d27.6191522!4d-99.4704873!16s%2Fg%2F11r_xh6v0n!19sChIJvZiSZGHfYIYRkLES805mnJo?authuser=0&hl=en&rclk=1
"Mission Produce, Inc Laredo",Distribution Centers,US,Laredo TX,+1 956-552-6931,https://worldsfinestavocados.com/,,465,"https://www.google.com/maps/place/Mission+Produce,+Inc+Laredo/data=!4m7!3m6!1s0x8660e1f7e64b6253:0xe560aa129e923b77!8m2!3d27.6515816!4d-99.5676577!16s%2Fg%2F11kn151rft!19sChIJU2JL5vfhYIYRdzuSnhKqYOU?authuser=0&hl=en&rclk=1"
Source Logistics,Distribution Centers,US,Laredo TX,,https://sourcelogistics.com/,info@sourcelogistics.com,174,https://www.google.com/maps/place/Source+Logistics/data=!4m7!3m6!1s0x8660df8cd85ccce5:0x44ca8738398d3a60!8m2!3d27.6058574!4d-99.5220527!16s%2Fg%2F1wtbv9j4!19sChIJ5cxc2IzfYIYRYDqNOTiHykQ?authuser=0&hl=en&rclk=1
IDEA Logistics,Distribution Centers,US,Laredo TX,+1 956-722-4332,,,58,https://www.google.com/maps/place/IDEA+Logistics/data=!4m7!3m6!1s0x8660dfd97394110f:0x6d73ebcb2f5a7eb9!8m2!3d27.6275093!4d-99.5406835!16s%2Fg%2F11g697q17g!19sChIJDxGUc9nfYIYRuX5aL8vrc20?authuser=0&hl=en&rclk=1
ARS Distribution Center,Distribution Centers,US,Laredo TX,+1 956-763-3141,https://www.ars-dcs.com/?utm_source=google&utm_medium=wix_google_business_profile&utm_campaign=12711222846125918250,ops@ars-dcs.com,48,https://www.google.com/maps/place/ARS+Distribution+Center/data=!4m7!3m6!1s0x866121c283f64387:0xc6206417cb32d826!8m2!3d27.6410263!4d-99.5605771!16s%2Fg%2F11wj4ql3hs!19sChIJh0P2g8IhYYYRJtgyyxdkIMY?authuser=0&hl=en&rclk=1
Cross Docking & Warehouse Systems,Distribution Centers,US,Laredo TX,+1 956-717-8788,http://www.cws-lggroup.com/,,240,https://www.google.com/maps/place/Cross+Docking+%26+Warehouse+Systems/data=!4m7!3m6!1s0x8660e084e6da32dd:0xb254f2bd816ae4e!8m2!3d27.6488316!4d-99.5546535!16s%2Fg%2F1vqth67v!19sChIJ3TLa5oTgYIYRTq4W2CtPJQs?authuser=0&hl=en&rclk=1
Del Bravo CEDIS,Distribution Centers,US,Laredo TX,+1 956-625-2100,https://www.delbravo.com/,,9,https://www.google.com/maps/place/Del+Bravo+CEDIS/data=!4m7!3m6!1s0x8660e51c13f7ec99:0xbe990a9d075471ad!8m2!3d27.717984!4d-99.717083!16s%2Fg%2F11l1hzjgg7!19sChIJmez3ExzlYIYRrXFUB50Kmb4?authuser=0&hl=en&rclk=1
DWI4 Amazon Delivery Station,Distribution Centers,US,Madison WI,,,,100,https://www.google.com/maps/place/DWI4+Amazon+Delivery+Station/data=!4m7!3m6!1s0x88065595af1c5bd9:0x276549578c2fc9ed!8m2!3d43.099761!4d-89.323084!16s%2Fg%2F11hl3gxb5t!19sChIJ2Vscr5VVBogR7ckvjFdJZSc?authuser=0&hl=en&rclk=1
Amazon Fulfillment Center MKE3,Distribution Centers,US,Madison WI,,,,5,https://www.google.com/maps/place/Amazon+Fulfillment+Center+MKE3/data=!4m7!3m6!1s0x880659004b715b0d:0x976eb1867ccf250c!8m2!3d43.1154668!4d-89.2039427!16s%2Fg%2F11wqgm6yl4!19sChIJDVtxSwBZBogRDCXPfIaxbpc?authuser=0&hl=en&rclk=1
Central Storage & Warehouse LLC,Distribution Centers,US,Madison WI,+1 608-221-7611,http://www.csw-wi.com/,info@csw-wi.com,147,https://www.google.com/maps/place/Central+Storage+%26+Warehouse+LLC/data=!4m7!3m6!1s0x88065145a0d5ab39:0x71fdf04ab13913ea!8m2!3d43.0836085!4d-89.3085216!16s%2Fg%2F1td2bxqn!19sChIJOavVoEVRBogR6hM5sUrw_XE?authuser=0&hl=en&rclk=1
University Book Store Distribution Center,Distribution Centers,US,Madison WI,+1 608-310-5997,https://www.uwbookstore.com/StoreHours#warehouse,,1,https://www.google.com/maps/place/University+Book+Store+Distribution+Center/data=!4m7!3m6!1s0x8807ad955162fff5:0xbea9e13cbf704635!8m2!3d43.0371524!4d-89.4551053!16s%2Fg%2F11d_w602by!19sChIJ9f9iUZWtB4gRNUZwvzzhqb4?authuser=0&hl=en&rclk=1
Shopbop Fulfillment Center MSN4,Distribution Centers,US,Madison WI,,,,2,https://www.google.com/maps/place/Shopbop+Fulfillment+Center+MSN4/data=!4m7!3m6!1s0x8806534f65b4e385:0x1f086f4c472a7919!8m2!3d43.0862432!4d-89.3664797!16s%2Fg%2F11kbzfhqtw!19sChIJheO0ZU9TBogRGXkqR0xvCB8?authuser=0&hl=en&rclk=1
Uwex Dane County - Food Distribution Center,Distribution Centers,US,Madison WI,+1 608-266-4438,,,1,https://www.google.com/maps/place/Uwex+Dane+County+-+Food+Distribution+Center/data=!4m7!3m6!1s0x880655b000000001:0x8ae1236c8dbb5fbb!8m2!3d43.1438143!4d-89.3511495!16s%2Fg%2F11k6l_d_tx!19sChIJAQAAALBVBogRu1-7jWwj4Yo?authuser=0&hl=en&rclk=1
AprilAire Westport Distribution Center,Distribution Centers,US,Madison WI,+1 800-334-6011,https://www.aprilaire.com/,recruiting@aprilaire.com,8,https://www.google.com/maps/place/AprilAire+Westport+Distribution+Center/data=!4m7!3m6!1s0x8807abc3c1cfd8fd:0xf010d79ead0aa81b!8m2!3d43.1577862!4d-89.4130491!16s%2Fg%2F11ln33698c!19sChIJ_djPwcOrB4gRG6gKrZ7XEPA?authuser=0&hl=en&rclk=1
Madison Hunger Task Force - Food Distribution Center,Distribution Centers,US,Madison WI,+1 608-258-3752,,,2,https://www.google.com/maps/place/Madison+Hunger+Task+Force+-+Food+Distribution+Center/data=!4m7!3m6!1s0x880653399b377d03:0xbc1a61b214a53179!8m2!3d43.0722116!4d-89.3872633!16s%2Fg%2F11k6hghqvd!19sChIJA303mzlTBogReTGlFLJhGrw?authuser=0&hl=en&rclk=1
Chocolate Shoppe Ice Cream Company Distribution Center,Distribution Centers,US,Madison WI,,,,,https://www.google.com/maps/place/Chocolate+Shoppe+Ice+Cream+Company+Distribution+Center/data=!4m7!3m6!1s0x8806510074f63fa5:0x96eb3ac85d1fdf46!8m2!3d43.0668841!4d-89.2954982!16s%2Fg%2F11z8q4kbx_!19sChIJpT_2dABRBogRRt8fXcg665Y?authuser=0&hl=en&rclk=1
Second Harvest Foodbank of Southern WI - Distribution Center,Distribution Centers,US,Madison WI,+1 608-223-9121,https://www.secondharvestsw.org/,,3,https://www.google.com/maps/place/Second+Harvest+Foodbank+of+Southern+WI+-+Distribution+Center/data=!4m7!3m6!1s0x88065108597c6c45:0xfdf4168f8ea1d20!8m2!3d43.0583387!4d-89.2958479!16s%2Fg%2F11k75312xv!19sChIJRWx8WQhRBogRIB3q-GhB3w8?authuser=0&hl=en&rclk=1
Clopay Corporation - Madison Distribution Center,Distribution Centers,US,Madison WI,+1 608-221-9126,http://www.clopaydoor.com/,,109,https://www.google.com/maps/place/Clopay+Corporation+-+Madison+Distribution+Center/data=!4m7!3m6!1s0x880651422e9ac4ad:0x53ddb6e45b9318d5!8m2!3d43.06044!4d-89.304406!16s%2Fg%2F11ssc3ffz0!19sChIJrcSaLkJRBogR1RiTW-S23VM?authuser=0&hl=en&rclk=1
Friends Of The Center - Food Distribution Center,Distribution Centers,US,Madison WI,,,,1,https://www.google.com/maps/place/Friends+Of+The+Center+-+Food+Distribution+Center/data=!4m7!3m6!1s0x8806522b8fe38f7b:0xc45bd5e0585dac63!8m2!3d43.0497487!4d-89.3463531!16s%2Fg%2F11k6hg0wbl!19sChIJe4_jjytSBogRY6xdWODVW8Q?authuser=0&hl=en&rclk=1
Goodman Community Center Fritz Food Pantry - Food Distribution Center,Distribution Centers,US,Madison WI,+1 608-241-1574,https://www.goodmancenter.org/services/fritz-food-pantry,adungan@goodmancenter.org,17,https://www.google.com/maps/place/Goodman+Community+Center+Fritz+Food+Pantry+-+Food+Distribution+Center/data=!4m7!3m6!1s0x880654750f4394d3:0x7f5ec169f61bc8b1!8m2!3d43.0967271!4d-89.3436674!16s%2Fg%2F11jrkk54vg!19sChIJ05RDD3VUBogRscgb9mnBXn8?authuser=0&hl=en&rclk=1
Department Of Commerce - Food Distribution Center,Distribution Centers,US,Madison WI,,,,3,https://www.google.com/maps/place/Department+Of+Commerce+-+Food+Distribution+Center/data=!4m7!3m6!1s0x880656a97df881e5:0x3c146ec65f4dffd7!8m2!3d43.1000778!4d-89.3200209!16s%2Fg%2F11jrh_0gb5!19sChIJ5YH4falWBogR1_9NX8ZuFDw?authuser=0&hl=en&rclk=1
Saint Mark's Lutheran Church - Food Distribution Center,Distribution Centers,US,Madison WI,+1 608-256-8463,http://stmarksmadison.org/food-pantry.aspx,stmarks@stmarksmadison.org,1,https://www.google.com/maps/place/Saint+Mark%27s+Lutheran+Church+-+Food+Distribution+Center/data=!4m7!3m6!1s0x880652d6c782cdcd:0xf96c43ce979374a5!8m2!3d43.0526336!4d-89.3925789!16s%2Fg%2F11jprrr9gk!19sChIJzc2Cx9ZSBogRpXSTl85DbPk?authuser=0&hl=en&rclk=1
Food City Distribution Center Truck Entrance,Distribution Centers,US,Durham NC,,,,103,https://www.google.com/maps/place/Food+City+Distribution+Center+Truck+Entrance/data=!4m7!3m6!1s0x89ad014f68630d25:0x5236a661efca6899!8m2!3d36.154706!4d-78.7354969!16s%2Fg%2F11f4tgmq1f!19sChIJJQ1jaE8BrYkRmWjK72GmNlI?authuser=0&hl=en&rclk=1
C & O Warehousing Corporation,Distribution Centers,US,Durham NC,+1 919-687-0511,http://www.candowarehousing.com/,jcawley@candowarehousing.com,7,https://www.google.com/maps/place/C+%26+O+Warehousing+Corporation/data=!4m7!3m6!1s0x89ace37b4abefcb9:0x4608ff48c8a6a33b!8m2!3d36.0111656!4d-78.8722229!16s%2Fg%2F1td7zz4x!19sChIJufy-SnvjrIkRO6OmyEj_CEY?authuser=0&hl=en&rclk=1
Concept Food Service,Distribution Centers,US,Durham NC,+1 919-596-9683,http://www.conceptfoodsnc.com/,conceptfoodsnc@gmail.com,62,https://www.google.com/maps/place/Concept+Food+Service/data=!4m7!3m6!1s0x89ace3648e46c3cb:0x4a26ed5df41b585c!8m2!3d36.0100192!4d-78.8695305!16s%2Fg%2F11c1xghs85!19sChIJy8NGjmTjrIkRXFgb9F3tJko?authuser=0&hl=en&rclk=1
Durham Exchange Club Industries - Food Distribution Center,Distribution Centers,US,Durham NC,+1 919-596-1341,https://www.deci.org/,deci@deci.org,1,https://www.google.com/maps/place/Durham+Exchange+Club+Industries+-+Food+Distribution+Center/data=!4m7!3m6!1s0x89ace4f12a6dc66b:0xd1582c99a0ef1a28!8m2!3d35.975323!4d-78.877647!16s%2Fg%2F11k6hf5043!19sChIJa8ZtKvHkrIkRKBrvoJksWNE?authuser=0&hl=en&rclk=1
Staples SDO/FSDO,Distribution Centers,US,Durham NC,+1 919-695-8360,,,6,https://www.google.com/maps/place/Staples+SDO%2FFSDO/data=!4m7!3m6!1s0x89acee2c1a4f49bd:0xfcb70c77f0310791!8m2!3d35.8681131!4d-78.8441396!16s%2Fg%2F11gcz3d21f!19sChIJvUlPGizurIkRkQcx8HcMt_w?authuser=0&hl=en&rclk=1
LC Industries,Distribution Centers,US,Durham NC,+1 919-596-8277,http://www.lcindustries.com/,,41,https://www.google.com/maps/place/LC+Industries/data=!4m7!3m6!1s0x89ace5512d157d29:0x7da37d532170e5d2!8m2!3d35.921321!4d-78.846147!16s%2Fg%2F11bwh5q3s9!19sChIJKX0VLVHlrIkR0uVwIVN9o30?authuser=0&hl=en&rclk=1
Fedex Facility,Distribution Centers,US,Durham NC,+1 919-806-8919,http://www.fedex.com/,,28,https://www.google.com/maps/place/Fedex+Facility/data=!4m7!3m6!1s0x89acfb9bf8912363:0xe0c97197db29b06f!8m2!3d35.917493!4d-78.816154!16s%2Fg%2F11h0566skq!19sChIJYyOR-Jv7rIkRb7Ap25dxyeA?authuser=0&hl=en&rclk=1
Golden Warehouse & Logistics Solutions,Distribution Centers,US,Durham NC,,https://goldenwarehouse.net/,,7,https://www.google.com/maps/place/Golden+Warehouse+%26+Logistics+Solutions/data=!4m7!3m6!1s0x89ace5db4c4bedfd:0x4bcc082c08d73d2d!8m2!3d35.955664!4d-78.882108!16s%2Fg%2F11tc8ykj6b!19sChIJ_e1LTNvlrIkRLT3XCCwIzEs?authuser=0&hl=en&rclk=1
Ashley Furniture Homestore Distribution Warehouse,Distribution Centers,US,Lubbock TX,+1 806-687-0995,http://www.ashleyfurniture.com/,,48,https://www.google.com/maps/place/Ashley+Furniture+Homestore+Distribution+Warehouse/data=!4m7!3m6!1s0x86fe6cf0eb3326af:0x341d4778be910fe2!8m2!3d33.547196!4d-101.8309142!16s%2Fg%2F1tm1qxz7!19sChIJryYz6_Bs_oYR4g-RvnhHHTQ?authuser=0&hl=en&rclk=1
Great Plains Distributors,Distribution Centers,US,Lubbock TX,+1 806-745-3661,http://www.greatplainsdistributors.com/,,68,https://www.google.com/maps/place/Great+Plains+Distributors/data=!4m7!3m6!1s0x86fe69871700908b:0x25e61fa27957c185!8m2!3d33.5036709!4d-101.7462557!16s%2Fg%2F1w6_p887!19sChIJi5AAF4dp_oYRhcFXeaIf5iU?authuser=0&hl=en&rclk=1
Quality Distribution Inc,Distribution Centers,US,Winston-Salem NC,+1 336-470-5860,,,4,https://www.google.com/maps/place/Quality+Distribution+Inc/data=!4m7!3m6!1s0x8853ad23f8e8959b:0x6bbabde790a9bbf6!8m2!3d36.1467234!4d-80.2681345!16s%2Fg%2F11ll9f6v29!19sChIJm5Xo-COtU4gR9rupkOe9ums?authuser=0&hl=en&rclk=1
Carswell Distributing Co,Distribution Centers,US,Winston-Salem NC,+1 336-767-7700,https://carswelldist.com/,dbailey@carswelldist.com,6,https://www.google.com/maps/place/Carswell+Distributing+Co/data=!4m7!3m6!1s0x8853ac32c44aae53:0x7147ea5f7851da00!8m2!3d36.1365762!4d-80.230776!16s%2Fg%2F1tdc1blh!19sChIJU65KxDKsU4gRANpReF_qR3E?authuser=0&hl=en&rclk=1
"SWS Re-Distribution Company, Inc",Distribution Centers,US,Garland TX,+1 972-466-9720,http://www.swsco.net/,,39,"https://www.google.com/maps/place/SWS+Re-Distribution+Company,+Inc/data=!4m7!3m6!1s0x864c2f5837ceb26d:0x8fbeea2311011845!8m2!3d32.9033428!4d-96.6770053!16s%2Fg%2F1tgnxmgx!19sChIJbbLON1gvTIYRRRgBESPqvo8?authuser=0&hl=en&rclk=1"
DAP DC,Distribution Centers,US,Garland TX,+1 214-349-9951,,,72,https://www.google.com/maps/place/DAP+DC/data=!4m7!3m6!1s0x864c1e1d3d3e251d:0xba567a181b572c10!8m2!3d32.9033758!4d-96.6746551!16s%2Fg%2F11d_w_nnp4!19sChIJHSU-PR0eTIYRECxXGxh6Vro?authuser=0&hl=en&rclk=1
GARLAND ISD WAREHOUSE,Distribution Centers,US,Garland TX,,,,3,https://www.google.com/maps/place/GARLAND+ISD+WAREHOUSE/data=!4m7!3m6!1s0x864c1dedd2e42a03:0xcc8bb5e73cd5a2e7!8m2!3d32.919583!4d-96.632405!16s%2Fg%2F11h18jp45y!19sChIJAyrk0u0dTIYR56LVPOe1i8w?authuser=0&hl=en&rclk=1
E-Distribution,Distribution Centers,US,Garland TX,+1 866-690-4585,http://www.e-dist.com/,info@e-dist.com,5,https://www.google.com/maps/place/E-Distribution/data=!4m7!3m6!1s0x864c1b4e4c5b20ef:0xcb24e84d195fceaf!8m2!3d32.885455!4d-96.6664112!16s%2Fg%2F1ty74ns7!19sChIJ7yBbTE4bTIYRr85fGU3oJMs?authuser=0&hl=en&rclk=1
US FOODS Warehouse,Distribution Centers,US,Garland TX,+1 972-487-6200,https://careers.usfoods.com/us/en/Warehouse,,260,https://www.google.com/maps/place/US+FOODS+Warehouse/data=!4m7!3m6!1s0x864c1d4c52d23143:0x32e79b64f421dab!8m2!3d32.905006!4d-96.658382!16s%2Fg%2F11fvh7fccj!19sChIJQzHSUkwdTIYRqx1CT7Z5LgM?authuser=0&hl=en&rclk=1
Liquidity Services Warehouse,Distribution Centers,US,Garland TX,+1 877-203-2550,https://www.liquidityservices.com/company/locations/,info@liquidityservices.com,57,https://www.google.com/maps/place/Liquidity+Services+Warehouse/data=!4m7!3m6!1s0x864ea0b4f7219fd1:0xfc9651d6a9cfaee0!8m2!3d32.9059215!4d-96.6018906!16s%2Fg%2F12hrp2zw2!19sChIJ0Z8h97SgToYR4K7PqdZRlvw?authuser=0&hl=en&rclk=1
WhiteStar Logistics,Distribution Centers,US,Garland TX,+1 214-703-1000,http://www.whitestarlogistics.com/,sales@customform.com,173,https://www.google.com/maps/place/WhiteStar+Logistics/data=!4m7!3m6!1s0x864c1e02d9dca91f:0xd6082457bef79e8b!8m2!3d32.9035146!4d-96.6737851!16s%2Fg%2F1td2v979!19sChIJH6nc2QIeTIYRi573vlckCNY?authuser=0&hl=en&rclk=1
BFS- Dallas,Distribution Centers,US,Garland TX,+1 214-428-6666,https://brothersfoodservice.com/,,218,https://www.google.com/maps/place/BFS-+Dallas/data=!4m7!3m6!1s0x864c1e2b239f512b:0xc530eaec332537e2!8m2!3d32.8724139!4d-96.6750245!16s%2Fg%2F1jkz2wjcy!19sChIJK1GfIyseTIYR4jclM-zqMMU?authuser=0&hl=en&rclk=1
Costco Logistics Services,Distribution Centers,US,Garland TX,,,,52,https://www.google.com/maps/place/Costco+Logistics+Services/data=!4m7!3m6!1s0x864ea1db350068bf:0xe079341b96803f02!8m2!3d32.8964424!4d-96.6702728!16s%2Fg%2F11mpr8gd94!19sChIJv2gANduhToYRAj-Alhs0eeA?authuser=0&hl=en&rclk=1
Kraft Heinz-Garland,Distribution Centers,US,Garland TX,+1 214-703-1752,http://kraftheinz.com/,,477,https://www.google.com/maps/place/Kraft+Heinz-Garland/data=!4m7!3m6!1s0x864c1dfef2bfda05:0xaf8d372cdf66d2af!8m2!3d32.9079075!4d-96.6636842!16s%2Fg%2F1tk_k35t!19sChIJBdq_8v4dTIYRr9Jm3yw3ja8?authuser=0&hl=en&rclk=1
H&MBay,Distribution Centers,US,Garland TX,+1 800-932-7521,https://www.hmbayinc.com/,,49,https://www.google.com/maps/place/H%26MBay/data=!4m7!3m6!1s0x864ea0ced6bfd7ef:0x54e6ba18a0131730!8m2!3d32.8721277!4d-96.6720335!16s%2Fg%2F11b77qmkvn!19sChIJ79e_1s6gToYRMBcToBi65lQ?authuser=0&hl=en&rclk=1
Conair,Distribution Centers,US,Glendale AZ,+1 623-233-8112,https://www.conair.com/,,95,https://www.google.com/maps/place/Conair/data=!4m7!3m6!1s0x872b4119363e4b5b:0xb9add256ff5f4712!8m2!3d33.5390668!4d-112.2916784!16s%2Fg%2F11ght2fvft!19sChIJW0s-NhlBK4cREkdf_1bSrbk?authuser=0&hl=en&rclk=1
Circle K Distribution Center,Distribution Centers,US,Glendale AZ,,http://www.circlek.com/store-locator?language=en,,108,https://www.google.com/maps/place/Circle+K+Distribution+Center/data=!4m7!3m6!1s0x872b3fd542ba6553:0x6d55f9ceb9fc75f7!8m2!3d33.4566259!4d-112.2403394!16s%2Fg%2F11bwqlwxbp!19sChIJU2W6QtU_K4cR93X8uc75VW0?authuser=0&hl=en&rclk=1
REI Distribution Center,Distribution Centers,US,Glendale AZ,,https://www.rei.com/blog/stewardship/how-we-get-your-gear-to-you,rbruce@rei.com,80,https://www.google.com/maps/place/REI+Distribution+Center/data=!4m7!3m6!1s0x872b462b2218809f:0xc6bcdedcc74f2227!8m2!3d33.5058755!4d-112.4213234!16s%2Fg%2F11hcfs48k2!19sChIJn4AYIitGK4cRJyJPx9zevMY?authuser=0&hl=en&rclk=1
Ocean Breeze Distribution,Distribution Centers,US,Hialeah FL,+1 305-512-3466,,,11,https://www.google.com/maps/place/Ocean+Breeze+Distribution/data=!4m7!3m6!1s0x88d9b1d51b5ab55b:0x30f8651a60a3fcd2!8m2!3d25.8377089!4d-80.2560092!16s%2Fg%2F11tt8sbldl!19sChIJW7VaG9Wx2YgR0vyjYBpl-DA?authuser=0&hl=en&rclk=1
Premier Warehouse,Distribution Centers,US,Hialeah FL,+1 305-693-3500,https://sharpeproperties.com/property/premier-warehouse/,info@sharpeproperties.com,1,https://www.google.com/maps/place/Premier+Warehouse/data=!4m7!3m6!1s0x88d9bb32f5891455:0x556cd52242ce1f5e!8m2!3d25.8382368!4d-80.2995079!16s%2Fg%2F11rtq248kj!19sChIJVRSJ9TK72YgRXh_OQiLVbFU?authuser=0&hl=en&rclk=1
DPX4- Amazon,Distribution Centers,US,Scottsdale AZ,,,,33,https://www.google.com/maps/place/DPX4-+Amazon/data=!4m7!3m6!1s0x872b0f3ce811ab65:0xd5fc4dc979782f6a!8m2!3d33.4110514!4d-111.9643629!16s%2Fg%2F11mv65pxyx!19sChIJZasR6DwPK4cRai94eclN_NU?authuser=0&hl=en&rclk=1
Oak Distribution,Distribution Centers,US,Scottsdale AZ,,,,5,https://www.google.com/maps/place/Oak+Distribution/data=!4m7!3m6!1s0x872b09f3dc99607b:0x2737802c3d87ab92!8m2!3d33.3993644!4d-111.9494552!16s%2Fg%2F11jrh8pdjn!19sChIJe2CZ3PMJK4cRkquHPSyANyc?authuser=0&hl=en&rclk=1
Ferguson Phoenix Warehouse,Distribution Centers,US,Scottsdale AZ,+1 602-495-8300,,,1,https://www.google.com/maps/place/Ferguson+Phoenix+Warehouse/data=!4m7!3m6!1s0x872b0f4acf819b21:0xde5e6ec43fca10f6!8m2!3d33.4179587!4d-111.9898797!16s%2Fg%2F11vrw334mn!19sChIJIZuBz0oPK4cR9hDKP8RuXt4?authuser=0&hl=en&rclk=1
PBE Warehouse,Distribution Centers,US,Scottsdale AZ,+1 480-894-1372,,,1,https://www.google.com/maps/place/PBE+Warehouse/data=!4m7!3m6!1s0x872b08cadc849723:0xdd8179ad344613b9!8m2!3d33.405136!4d-111.951036!16s%2Fg%2F1thxljcq!19sChIJI5eE3MoIK4cRuRNGNK15gd0?authuser=0&hl=en&rclk=1
DAZ2 Amazon,Distribution Centers,US,Scottsdale AZ,,,,70,https://www.google.com/maps/place/DAZ2+Amazon/data=!4m7!3m6!1s0x872b0f595c3c661f:0x82f625376f846969!8m2!3d33.4188175!4d-112.0370281!16s%2Fg%2F11qptjccy3!19sChIJH2Y8XFkPK4cRaWmEbzcl9oI?authuser=0&hl=en&rclk=1
Portal Warehousing | Small Warehouse & Logistics Space in Phoenix,Distribution Centers,US,Scottsdale AZ,+1 602-609-6348,https://www.join-portal.com/location/phoenix,,21,https://www.google.com/maps/place/Portal+Warehousing+%7C+Small+Warehouse+%26+Logistics+Space+in+Phoenix/data=!4m7!3m6!1s0x872b09dcab92bfd1:0x87087d336665e18a!8m2!3d33.4010933!4d-111.9456352!16s%2Fg%2F11t4x7wv8w!19sChIJ0b-Sq9wJK4cRiuFlZjN9CIc?authuser=0&hl=en&rclk=1
NRS LOGISTICS AMERICA INC. Phoenix Sales Office,Distribution Centers,US,Scottsdale AZ,+1 914-422-3400,https://nrslogistics.com/,info@nrsgr.com,56,https://www.google.com/maps/place/NRS+LOGISTICS+AMERICA+INC.+Phoenix+Sales+Office/data=!4m7!3m6!1s0x872b0dad300a6021:0x91f9490517f4eed6!8m2!3d33.5000092!4d-111.9248662!16s%2Fg%2F11rhzc08lm!19sChIJIWAKMK0NK4cR1u70FwVJ-ZE?authuser=0&hl=en&rclk=1
Phoenix Warehouse Co,Distribution Centers,US,Scottsdale AZ,+1 602-278-2886,https://phxwhseco.com/,info@phxwhseco.com,9,https://www.google.com/maps/place/Phoenix+Warehouse+Co/data=!4m7!3m6!1s0x872b14a654e7e5a9:0x90b573e9fe07fe1!8m2!3d33.5008885!4d-112.1459339!16s%2Fg%2F1tlkcvd0!19sChIJqeXnVKYUK4cR4X_gnz5XCwk?authuser=0&hl=en&rclk=1
Amazon DTU8,Distribution Centers,US,Scottsdale AZ,,,,86,https://www.google.com/maps/place/Amazon+DTU8/data=!4m7!3m6!1s0x872b0fda54d6c339:0x764c9e319131e4fe!8m2!3d33.4187964!4d-111.9959781!16s%2Fg%2F11hsk9dfvs!19sChIJOcPWVNoPK4cR_uQxkTGeTHY?authuser=0&hl=en&rclk=1
Pepsi Co,Distribution Centers,US,Scottsdale AZ,+1 602-437-7000,,,28,https://www.google.com/maps/place/Pepsi+Co/data=!4m7!3m6!1s0x872b0ffb273f6273:0xa1e7b1ac101bc90b!8m2!3d33.4136383!4d-111.9908796!16s%2Fg%2F11tcjtldt3!19sChIJc2I_J_sPK4cRC8kbEKyx56E?authuser=0&hl=en&rclk=1
Atlanta Bonded Warehouse,Distribution Centers,US,Irving TX,+1 972-457-1221,,,71,https://www.google.com/maps/place/Atlanta+Bonded+Warehouse/data=!4m7!3m6!1s0x864e81f3b0f710c1:0xfefd480901d91a4f!8m2!3d32.8431865!4d-97.0228019!16s%2Fg%2F11jk_0hwzx!19sChIJwRD3sPOBToYRTxrZAQlI_f4?authuser=0&hl=en&rclk=1
Amazon DAL2,Distribution Centers,US,Irving TX,,,,179,https://www.google.com/maps/place/Amazon+DAL2/data=!4m7!3m6!1s0x864e810f20894a61:0xaf7323425459fc1d!8m2!3d32.8646347!4d-97.0303599!16s%2Fg%2F11knq61m09!19sChIJYUqJIA-BToYRHfxZVEIjc68?authuser=0&hl=en&rclk=1
RTX - Pratt & Whitney Irving Distribution Center,Distribution Centers,US,Irving TX,,,,,https://www.google.com/maps/place/RTX+-+Pratt+%26+Whitney+Irving+Distribution+Center/data=!4m7!3m6!1s0x864c29006950e72d:0xf905d3ed7a719fee!8m2!3d32.8836743!4d-97.0056329!16s%2Fg%2F11z7ns1ghw!19sChIJLedQaQApTIYR7p9xeu3TBfk?authuser=0&hl=en&rclk=1
Legendz Way Distribution Solutions,Distribution Centers,US,Irving TX,+1 469-212-9359,https://legendzway.com/,info@chilldevelopmentusa.com,50,https://www.google.com/maps/place/Legendz+Way+Distribution+Solutions/data=!4m7!3m6!1s0x864e81a8b807c347:0xc696bebafc48b455!8m2!3d32.8399162!4d-97.0293273!16s%2Fg%2F11mvg6mmd7!19sChIJR8MHuKiBToYRVbRI_Lq-lsY?authuser=0&hl=en&rclk=1
Ferrara Candy Company Distribution Center,Distribution Centers,US,Irving TX,+1 773-243-4300,http://www.ferrarausa.com/,,293,https://www.google.com/maps/place/Ferrara+Candy+Company+Distribution+Center/data=!4m7!3m6!1s0x864e84e3c29f865d:0xd5bd15ec580af2cf!8m2!3d32.7556366!4d-96.9485541!16s%2Fg%2F119w5zxbl!19sChIJXYafwuOEToYRz_IKWOwVvdU?authuser=0&hl=en&rclk=1
Peak Distribution Center I,Distribution Centers,US,North Las Vegas NV,,,,,https://www.google.com/maps/place/Peak+Distribution+Center+I/data=!4m7!3m6!1s0x80c8e1007e93307d:0x502db8b4423e45cf!8m2!3d36.3380689!4d-114.955507!16s%2Fg%2F11nps5jn3_!19sChIJfTCTfgDhyIARz0U-QrS4LVA?authuser=0&hl=en&rclk=1
Kroger NCC Warehouse,Distribution Centers,US,North Las Vegas NV,,,,14,https://www.google.com/maps/place/Kroger+NCC+Warehouse/data=!4m7!3m6!1s0x80c8e90005247a2b:0xbb98aa58033f675f!8m2!3d36.2387798!4d-115.0930839!16s%2Fg%2F11vdsd2wnx!19sChIJK3okBQDpyIARX2c_A1iqmLs?authuser=0&hl=en&rclk=1
LYNX Logistics,Distribution Centers,US,Fremont CA,+1 510-721-5969,http://www.lynxlogistics.net/,,15,https://www.google.com/maps/place/LYNX+Logistics/data=!4m7!3m6!1s0x808fc7581ce5dcdd:0xdaa2d030659e5cc4!8m2!3d37.5054015!4d-121.9772938!16s%2Fg%2F11pxwn6w3s!19sChIJ3dzlHFjHj4ARxFyeZTDQoto?authuser=0&hl=en&rclk=1
Nordstrom Warehouse,Distribution Centers,US,Fremont CA,+1 510-794-5994,http://shop.nordstrom.com/,,54,https://www.google.com/maps/place/Nordstrom+Warehouse/data=!4m7!3m6!1s0x808fbf208c57b75d:0x38b80d0cfa6ca7b1!8m2!3d37.5227828!4d-122.035932!16s%2Fg%2F1vlk1t90!19sChIJXbdXjCC_j4ARsads-gwNuDg?authuser=0&hl=en&rclk=1
North America Logistics Worldwide,Distribution Centers,US,Fremont CA,,,,20,https://www.google.com/maps/place/North+America+Logistics+Worldwide/data=!4m7!3m6!1s0x808fc6e5aa27eb55:0xc4fa8ebd28270c6!8m2!3d37.5094569!4d-121.9387892!16s%2Fg%2F1vyk2rhh!19sChIJVesnquXGj4ARxnCC0uuoTww?authuser=0&hl=en&rclk=1
JIT Distribution,Distribution Centers,US,Fremont CA,+1 510-248-0622,http://www.jittransportation.com/,,15,https://www.google.com/maps/place/JIT+Distribution/data=!4m7!3m6!1s0x808fc6facc996a87:0xb97e428a13c1c8ea!8m2!3d37.5090592!4d-121.9378843!16s%2Fg%2F11g8pwdjrs!19sChIJh2qZzPrGj4AR6sjBE4pCfrk?authuser=0&hl=en&rclk=1
Quanta Manufacturing Fremont Building 8,Distribution Centers,US,Fremont CA,+1 510-979-9308,,,15,https://www.google.com/maps/place/Quanta+Manufacturing+Fremont+Building+8/data=!4m7!3m6!1s0x808fc70139cbd835:0x54952716785a87e1!8m2!3d37.4979238!4d-121.9516063!16s%2Fg%2F11f3s6xq07!19sChIJNdjLOQHHj4AR4YdaeBYnlVQ?authuser=0&hl=en&rclk=1
"Bay Automotive Distribution Group, Inc.",Distribution Centers,US,Fremont CA,+1 650-339-1718,https://bay-automotive.com/,joe@bay-automotive.com,4,"https://www.google.com/maps/place/Bay+Automotive+Distribution+Group,+Inc./data=!4m7!3m6!1s0x808fc70398829f73:0xbdc52865cee9068d!8m2!3d37.4582493!4d-121.9209715!16s%2Fg%2F1261_26d7!19sChIJc5-CmAPHj4ARjQbpzmUoxb0?authuser=0&hl=en&rclk=1"
Three Way Logistics,Distribution Centers,US,Fremont CA,+1 408-748-3929,http://www.threeway.com/,clientsolutions@threeway.com,21,https://www.google.com/maps/place/Three+Way+Logistics/data=!4m7!3m6!1s0x808fc743e76c190f:0x834ad137b2cac854!8m2!3d37.5088561!4d-121.9776285!16s%2Fg%2F12620m0xp!19sChIJDxls50PHj4ARVMjKsjfRSoM?authuser=0&hl=en&rclk=1
DB Schenker Logistics/ US20,Distribution Centers,US,Gilbert AZ,,,,9,https://www.google.com/maps/place/DB+Schenker+Logistics%2F+US20/data=!4m7!3m6!1s0x872babdad1066713:0xe0bea0bad616a711!8m2!3d33.2788446!4d-111.7801545!16s%2Fg%2F11st9j1y76!19sChIJE2cG0dqrK4cREacW1rqgvuA?authuser=0&hl=en&rclk=1
Quaker DC San Bern CA Srv Ctr,Distribution Centers,US,San Bernardino CA,+1 909-863-4685,,,73,https://www.google.com/maps/place/Quaker+DC+San+Bern+CA+Srv+Ctr/data=!4m7!3m6!1s0x80dcab41786895b3:0xca25f8f4b5c5de95!8m2!3d34.0865953!4d-117.2488836!16s%2Fg%2F11clwhfjw3!19sChIJs5VoeEGr3IARld7FtfT4Jco?authuser=0&hl=en&rclk=1
"GLC Distribution, LLC.",Distribution Centers,US,San Bernardino CA,+1 909-312-6865,https://www.glc-inc.com/,info@glc-inc.com,33,"https://www.google.com/maps/place/GLC+Distribution,+LLC./data=!4m7!3m6!1s0x80dcab4a66b56d1b:0x2115a098eec0a37a!8m2!3d34.0787667!4d-117.209677!16s%2Fg%2F11g_z546bc!19sChIJG221Zkqr3IAReqPA7pigFSE?authuser=0&hl=en&rclk=1"
Prosource wholesale floors,Distribution Centers,US,Baton Rouge LA,,,,1,https://www.google.com/maps/place/Prosource+wholesale+floors/data=!4m7!3m6!1s0x8626bd1c8372b647:0x6501f58531425cef!8m2!3d30.4473778!4d-90.9988836!16s%2Fg%2F11h_705g9l!19sChIJR7Zygxy9JoYR71xCMYX1AWU?authuser=0&hl=en&rclk=1
Comet Distribution Services,Distribution Centers,US,Baton Rouge LA,+1 225-383-4481,,,4,https://www.google.com/maps/place/Comet+Distribution+Services/data=!4m7!3m6!1s0x8626a0fbf2842b4d:0xd2b30eadd14cd642!8m2!3d30.4697472!4d-91.1779566!16s%2Fg%2F1tdyf_dc!19sChIJTSuE8vugJoYRQtZM0a0Os9I?authuser=0&hl=en&rclk=1
RaceTrac Louisiana Distribution Center,Distribution Centers,US,Baton Rouge LA,,,,3,https://www.google.com/maps/place/RaceTrac+Louisiana+Distribution+Center/data=!4m7!3m6!1s0x8626b30040e2a93d:0x66a024c252b0cc8!8m2!3d30.2218922!4d-90.9956497!16s%2Fg%2F11x6wx4wd9!19sChIJPaniQACzJoYRyAwrJUwCagY?authuser=0&hl=en&rclk=1
"Legacy Warehouse, LLC",Distribution Centers,US,Birmingham AL,+1 205-322-2868,http://www.legacy3pl.com/,,4,"https://www.google.com/maps/place/Legacy+Warehouse,+LLC/data=!4m7!3m6!1s0x88890db6ec98c68f:0xc53f7aa7bfbaace1!8m2!3d33.5947166!4d-86.6444985!16s%2Fg%2F11v0gqzqts!19sChIJj8aY7LYNiYgR4ay6v6d6P8U?authuser=0&hl=en&rclk=1"
"Kinder Morgan MDC Warehouse, Birmingham, AL",Distribution Centers,US,Birmingham AL,,,,2,"https://www.google.com/maps/place/Kinder+Morgan+MDC+Warehouse,+Birmingham,+AL/data=!4m7!3m6!1s0x88890f58227d77c5:0x2362b5d09af7e51f!8m2!3d33.6429675!4d-86.7304037!16s%2Fg%2F11k3_p1647!19sChIJxXd9IlgPiYgRH-X3mtC1YiM?authuser=0&hl=en&rclk=1"
Goggin Warehouse,Distribution Centers,US,Birmingham AL,+1 205-783-6060,https://www.gogginwarehousing.com/,,66,https://www.google.com/maps/place/Goggin+Warehouse/data=!4m7!3m6!1s0x88891db9a39e6745:0xeb14416f471c8c99!8m2!3d33.5155496!4d-86.8734079!16s%2Fg%2F1tkvbjm1!19sChIJRWeeo7kdiYgRmYwcR29BFOs?authuser=0&hl=en&rclk=1
De Carlo Warehouse Inc,Distribution Centers,US,Birmingham AL,+1 205-788-0423,,,13,https://www.google.com/maps/place/De+Carlo+Warehouse+Inc/data=!4m7!3m6!1s0x8888e20ec8d50e0b:0x3b5a0aab7351dcf6!8m2!3d33.5045402!4d-86.9082305!16s%2Fg%2F1tfx5nrq!19sChIJCw7VyA7iiIgR9txRc6sKWjs?authuser=0&hl=en&rclk=1
Fidelis Logistics - Amware,Distribution Centers,US,Birmingham AL,+1 205-397-4346,http://www.fidelislogistics.com/,,78,https://www.google.com/maps/place/Fidelis+Logistics+-+Amware/data=!4m7!3m6!1s0x88891c8be471c6ef:0xcfd3706e39f87dcd!8m2!3d33.5390831!4d-86.838819!16s%2Fg%2F1tdn08ht!19sChIJ78Zx5IsciYgRzX34OW5w088?authuser=0&hl=en&rclk=1
Amazon fulfilment Center JFK2,Distribution Centers,US,New York NY,,,,13,https://www.google.com/maps/place/Amazon+fulfilment+Center+JFK2/data=!4m7!3m6!1s0x89c259f50f7b6b17:0x4359be6b8f7547b!8m2!3d40.7490211!4d-73.9853046!16s%2Fg%2F11lgtcsqzq!19sChIJF2t7D_VZwokRe1T3uOabNQQ?authuser=0&hl=en&rclk=1
Amazon Warehouse UNY2,Distribution Centers,US,New York NY,,,,103,https://www.google.com/maps/place/Amazon+Warehouse+UNY2/data=!4m7!3m6!1s0x89c2f50c2cebe883:0xd5491c8842f9a9a3!8m2!3d40.8114584!4d-73.8962808!16s%2Fg%2F11rqxw0z93!19sChIJg-jrLAz1wokRo6n5QogcSdU?authuser=0&hl=en&rclk=1
DYY5- Amazon Delivery Station,Distribution Centers,US,New York NY,,,,90,https://www.google.com/maps/place/DYY5-+Amazon+Delivery+Station/data=!4m7!3m6!1s0x89c2f5e7d1c25479:0x6b9065635dc7453b!8m2!3d40.8530456!4d-73.8405804!16s%2Fg%2F11nsdv2541!19sChIJeVTC0ef1wokRO0XHXWNlkGs?authuser=0&hl=en&rclk=1
SNY2 - Amazon,Distribution Centers,US,New York NY,,,,69,https://www.google.com/maps/place/SNY2+-+Amazon/data=!4m7!3m6!1s0x89c28bd9ad8959d7:0x533cadc5e83a98a4!8m2!3d40.8305133!4d-73.8414397!16s%2Fg%2F11l2y94ws6!19sChIJ11mJrdmLwokRpJg66MWtPFM?authuser=0&hl=en&rclk=1
New York Fulfillment,Distribution Centers,US,New York NY,+1 866-252-2411,http://nyfulfillments.com/,info@newyorkfulfillments.com,8,https://www.google.com/maps/place/New+York+Fulfillment/data=!4m7!3m6!1s0x89dd2d22c1eb8ad5:0x6225221d5019c05b!8m2!3d41.5118925!4d-74.0386604!16s%2Fg%2F11j0sn2cmn!19sChIJ1YrrwSIt3YkRW8AZUB0iJWI?authuser=0&hl=en&rclk=1
XPDEL Inc: Fulfillment Centers in New York,Distribution Centers,US,New York NY,,https://www.xpdel.com/location/fulfilment-center/brooklyn.html,customer.contact@xpdel.com,8,https://www.google.com/maps/place/XPDEL+Inc:+Fulfillment+Centers+in+New+York/data=!4m7!3m6!1s0x89c2590026f35cc1:0xc0d9b26509a717ac!8m2!3d40.737819!4d-73.9542642!16s%2Fg%2F11vz110kk8!19sChIJwVzzJgBZwokRrBenCWWy2cA?authuser=0&hl=en&rclk=1
L.A. Fulfillment Center,Distribution Centers,US,Los Angeles CA,+1 213-812-0717,https://lafulfillmentcenter.com/,,3,https://www.google.com/maps/place/L.A.+Fulfillment+Center/data=!4m7!3m6!1s0x80c2c124ad64591d:0x7a737ac943e700aa!8m2!3d34.1360334!4d-118.2582812!16s%2Fg%2F11h_v0fq1q!19sChIJHVlkrSTBwoARqgDnQ8l6c3o?authuser=0&hl=en&rclk=1
ShipBots - Los Angeles eCommerce Fulfillment and 3PL warehouse,Distribution Centers,US,Los Angeles CA,+1 888-988-2687,https://www.shipbots.com/?utm_source=gmb&utm_medium=gmb&utm_campaign=gmb,sales@shipbots.com,44,https://www.google.com/maps/place/ShipBots+-+Los+Angeles+eCommerce+Fulfillment+and+3PL+warehouse/data=!4m7!3m6!1s0x80c2b53820397979:0x192e377fd383990b!8m2!3d33.9019835!4d-118.3074544!16s%2Fg%2F11q2n2q_v2!19sChIJeXk5IDi1woARC5mD0383Lhk?authuser=0&hl=en&rclk=1
DLX5 Amazon,Distribution Centers,US,Los Angeles CA,+1 888-280-4331,,,110,https://www.google.com/maps/place/DLX5+Amazon/data=!4m7!3m6!1s0x80c2c17ba35ee301:0xb055fbbdc82f70f0!8m2!3d34.1388783!4d-118.2703935!16s%2Fg%2F11rwflvjq_!19sChIJAeNeo3vBwoAR8HAvyL37VbA?authuser=0&hl=en&rclk=1
UCA5 Amazon,Distribution Centers,US,Los Angeles CA,,http://www.amazon.jobs/,,93,https://www.google.com/maps/place/UCA5+Amazon/data=!4m7!3m6!1s0x80c2c127df414773:0x60677d8c86c0afad!8m2!3d34.1171564!4d-118.2506381!16s%2Fg%2F11g0j70g0j!19sChIJc0dB3yfBwoARra_Ahox9Z2A?authuser=0&hl=en&rclk=1
Sogoodseller Fulfillment Center CA,Distribution Centers,US,Los Angeles CA,+1 323-329-8107,,,3,https://www.google.com/maps/place/Sogoodseller+Fulfillment+Center+CA/data=!4m7!3m6!1s0x80c2cf83721c3bb1:0x91dd13b9fc678f2e!8m2!3d33.9975289!4d-118.1968379!16s%2Fg%2F11rn21561p!19sChIJsTsccoPPwoARLo9n_LkT3ZE?authuser=0&hl=en&rclk=1
Logix Fulfillment,Distribution Centers,US,Los Angeles CA,+1 323-215-3838,https://www.logixfulfillment.com/,mike@logixfulfillment.com,12,https://www.google.com/maps/place/Logix+Fulfillment/data=!4m7!3m6!1s0x80c2c95dc21598af:0x9ca62393abe053a!8m2!3d34.0032002!4d-118.223988!16s%2Fg%2F11z1st2xw1!19sChIJr5gVwl3JwoAROgW-Ojliygk?authuser=0&hl=en&rclk=1
Fulfillment Easy,Distribution Centers,US,Los Angeles CA,+1 844-577-9777,http://www.westempireinc.com/,,3,https://www.google.com/maps/place/Fulfillment+Easy/data=!4m7!3m6!1s0x80c297634af650d3:0x3b2362c4a23ede7e!8m2!3d34.2089911!4d-118.4250739!16s%2Fg%2F11j4dqzzzd!19sChIJ01D2SmOXwoARft4-osRiIzs?authuser=0&hl=en&rclk=1
TRG Fulfillment Warehouse,Distribution Centers,US,Los Angeles CA,+1 310-327-7321,http://fulfillmentwarehouse.com/,,16,https://www.google.com/maps/place/TRG+Fulfillment+Warehouse/data=!4m7!3m6!1s0x80c2b5c49792385d:0x37fba1dc2a91fa89!8m2!3d33.8574071!4d-118.3462441!16s%2Fg%2F11q2tvnbk9!19sChIJXTiSl8S1woARifqRKtyh-zc?authuser=0&hl=en&rclk=1
3PLGUYS FBA Prep Center | E-commerce Fulfillment Center | 3PL Warehouse | Los Angeles,Distribution Centers,US,Los Angeles CA,+1 866-373-8599,http://www.3plguys.com/,info@3plguys.com,36,https://www.google.com/maps/place/3PLGUYS+FBA+Prep+Center+%7C+E-commerce+Fulfillment+Center+%7C+3PL+Warehouse+%7C+Los+Angeles/data=!4m7!3m6!1s0x80c2c130d0b7b2db:0xbb13ed2610412e16!8m2!3d33.9014472!4d-118.1654129!16s%2Fg%2F11f7r0q5dz!19sChIJ27K30DDBwoARFi5BECbtE7s?authuser=0&hl=en&rclk=1
Fulfillment Fund,Distribution Centers,US,Los Angeles CA,+1 323-939-9707,http://www.fulfillment.org/,,5,https://www.google.com/maps/place/Fulfillment+Fund/data=!4m7!3m6!1s0x80c2b93c69f65973:0x5d66d4cba2d3ac8!8m2!3d34.0396568!4d-118.261772!16s%2Fg%2F1tc_8yf4!19sChIJc1n2aTy5woARyDotukxt1gU?authuser=0&hl=en&rclk=1
Montage Fulfillment,Distribution Centers,US,Los Angeles CA,+1 323-588-6508,http://www.montagefulfillment.com/,,24,https://www.google.com/maps/place/Montage+Fulfillment/data=!4m7!3m6!1s0x80c2ce605bb2561d:0xf1801619bab3c296!8m2!3d34.0087107!4d-118.2252578!16s%2Fg%2F1td6grpm!19sChIJHVayW2DOwoARlsKzuhkWgPE?authuser=0&hl=en&rclk=1
California 3PL Fulfillment Center,Distribution Centers,US,Los Angeles CA,+1 310-525-1134,https://www.ca3pl.com/,support@ca3pl.com,2,https://www.google.com/maps/place/California+3PL+Fulfillment+Center/data=!4m7!3m6!1s0x2b67650e89836b73:0xc10553e480462e47!8m2!3d37.2695056!4d-119.306607!16s%2Fg%2F11x0bs4gz4!19sChIJc2uDiQ5lZysRRy5GgORTBcE?authuser=0&hl=en&rclk=1
LA Warehouse Express,Distribution Centers,US,Los Angeles CA,+1 213-549-1747,https://lawarehouseexpress.com/,contact@lawarehouseexpress.com,45,https://www.google.com/maps/place/LA+Warehouse+Express/data=!4m7!3m6!1s0x80c2c95be2abf3c5:0xe6dd681d1f376a1c!8m2!3d33.9980198!4d-118.2348479!16s%2Fg%2F11nscjk3t8!19sChIJxfOr4lvJwoARHGo3Hx1o3eY?authuser=0&hl=en&rclk=1
Reflex Warehouse,Distribution Centers,US,Los Angeles CA,,,,4,https://www.google.com/maps/place/Reflex+Warehouse/data=!4m7!3m6!1s0x80c2c8cba1abe849:0x39a185486c6b50e9!8m2!3d34.0197133!4d-118.2220269!16s%2Fg%2F11gbx8yby2!19sChIJSeirocvIwoAR6VBrbEiFoTk?authuser=0&hl=en&rclk=1
FlexEtc,Distribution Centers,US,Los Angeles CA,+1 323-992-4433,https://www.flexetc.com/cowarehousing/ca/los-angeles/e-12th-st/?utm_source=GBP&utm_medium=organic,,82,https://www.google.com/maps/place/FlexEtc/data=!4m7!3m6!1s0x80c2c98a02eb6029:0xe2380f849cdbafa3!8m2!3d34.0185665!4d-118.2125731!16s%2Fg%2F11rzjl3xkr!19sChIJKWDrAorJwoARo6_bnIQPOOI?authuser=0&hl=en&rclk=1
Cefian Fashion Warehouse,Distribution Centers,US,Los Angeles CA,+1 323-491-8592,https://www.cefianfashion.com/,,5,https://www.google.com/maps/place/Cefian+Fashion+Warehouse/data=!4m7!3m6!1s0x80c2c98895442af9:0x636b36a83e841ce9!8m2!3d34.0256154!4d-118.2311919!16s%2Fg%2F1tm0tf5c!19sChIJ-SpElYjJwoAR6RyEPqg2a2M?authuser=0&hl=en&rclk=1
"XPDEL Inc, Fulfillment Centers in Chicago (Illinois)",Distribution Centers,US,Chicago IL,,https://www.xpdel.com/location/fulfilment-center/chicago.html,customer.contact@xpdel.com,78,"https://www.google.com/maps/place/XPDEL+Inc,+Fulfillment+Centers+in+Chicago+%28Illinois%29/data=!4m7!3m6!1s0x880fb10077f54205:0x4affea701f8f3c1d!8m2!3d42.0083927!4d-87.942794!16s%2Fg%2F11y3ynknbp!19sChIJBUL1dwCxD4gRHTyPH3Dq_0o?authuser=0&hl=en&rclk=1"
Chicago Fulfillment Services,Distribution Centers,US,Chicago IL,+1 773-657-9400,http://chicagofulfillmentservices.com/,sales@chicagofulfillmentservices.com,1,https://www.google.com/maps/place/Chicago+Fulfillment+Services/data=!4m7!3m6!1s0x880fc53addac6355:0xbb76d4d13cd06fa8!8m2!3d46.423669!4d-129.9427086!16s%2Fg%2F11ft4k9kg1!19sChIJVWOs3TrFD4gRqG_QPNHUdrs?authuser=0&hl=en&rclk=1
ZIPTO Fulfillment Center - Chicago,Distribution Centers,US,Chicago IL,+1 331-278-1712,http://www.ziptousa.com/,service@zipto.cn,10,https://www.google.com/maps/place/ZIPTO+Fulfillment+Center+-+Chicago/data=!4m7!3m6!1s0x880e31216e1263fd:0x8d8f5c48af79e04!8m2!3d41.8300138!4d-87.6532264!16s%2Fg%2F11k5trg66k!19sChIJ_WMSbiExDogRBJ73isT12Ag?authuser=0&hl=en&rclk=1
Quiet Logistics,Distribution Centers,US,Chicago IL,,,,18,https://www.google.com/maps/place/Quiet+Logistics/data=!4m7!3m6!1s0x880fd3972fcd4303:0x28393b35a26ca5f5!8m2!3d41.9064621!4d-87.6542895!16s%2Fg%2F11n76880mx!19sChIJA0PNL5fTD4gR9aVsojU7OSg?authuser=0&hl=en&rclk=1
Amazon Warehouse (DXH5),Distribution Centers,US,Chicago IL,,https://www.gopuff.com/,,44,https://www.google.com/maps/place/Amazon+Warehouse+%28DXH5%29/data=!4m7!3m6!1s0x880e2d8d79cdb503:0x2ccf875e0121bd4!8m2!3d41.8294806!4d-87.6644448!16s%2Fg%2F11rqkj8b3n!19sChIJA7XNeY0tDogR1BsS4HX4zAI?authuser=0&hl=en&rclk=1
Combined Warehouse,Distribution Centers,US,Chicago IL,+1 708-458-2626,http://www.combinedwarehouse.com/,ryan@combinedwarehouse.com,56,https://www.google.com/maps/place/Combined+Warehouse/data=!4m7!3m6!1s0x880e3146e83eeb41:0x23cc3ce1ad6edf34!8m2!3d41.8014336!4d-87.7637151!16s%2Fg%2F1tqpzv72!19sChIJQes-6EYxDogRNN9ureE8zCM?authuser=0&hl=en&rclk=1
Sogoodseller fulfillment Center IL,Distribution Centers,US,Chicago IL,,,,4,https://www.google.com/maps/place/Sogoodseller+fulfillment+Center+IL/data=!4m7!3m6!1s0x880fb33216b6720f:0x3407e24060f8e598!8m2!3d41.9728963!4d-87.9511212!16s%2Fg%2F11pv0f0ngr!19sChIJD3K2FjKzD4gRmOX4YEDiBzQ?authuser=0&hl=en&rclk=1
Warehouse Direct,Distribution Centers,US,Chicago IL,+1 312-313-5962,http://www.warehousedirect.com/,customerservice@warehousedirect.com,1,https://www.google.com/maps/place/Warehouse+Direct/data=!4m7!3m6!1s0x880e2cba4e03bb95:0xd22ba77039f147b!8m2!3d41.8842462!4d-87.6341779!16s%2Fg%2F1tt8cvvf!19sChIJlbsDTrosDogRexSfA3e6Ig0?authuser=0&hl=en&rclk=1
Ware-Pak LLC,Distribution Centers,US,Chicago IL,+1 708-534-2600,http://www.ware-pak.com/,sales@ware-pak.com,13,https://www.google.com/maps/place/Ware-Pak+LLC/data=!4m7!3m6!1s0x880e11c8a3f4225f:0xf363392429bd741!8m2!3d41.435201!4d-87.7465591!16s%2Fg%2F1v96mcj7!19sChIJXyL0o8gRDogRQdebQpIzNg8?authuser=0&hl=en&rclk=1
Fastenal Fulfillment Center,Distribution Centers,US,Chicago IL,+1 312-243-2932,https://www.fastenal.com/,,10,https://www.google.com/maps/place/Fastenal+Fulfillment+Center/data=!4m7!3m6!1s0x880e3186c5d3e257:0x1614fd029f24deac!8m2!3d41.8537887!4d-87.6567268!16s%2Fg%2F1td1d_fs!19sChIJV-LTxYYxDogRrN4knwL9FBY?authuser=0&hl=en&rclk=1
PEORIA PACKAGING WAREHOUSE,Distribution Centers,US,Chicago IL,,,,1,https://www.google.com/maps/place/PEORIA+PACKAGING+WAREHOUSE/data=!4m7!3m6!1s0x880e2d68f2919c45:0x51cf2213ba3a6872!8m2!3d41.8826685!4d-87.6919472!16s%2Fg%2F11q4594j5n!19sChIJRZyR8mgtDogRcmg6uhMiz1E?authuser=0&hl=en&rclk=1
Diamond Fulfillment Solutions,Distribution Centers,US,Chicago IL,+1 847-856-7700,https://www.diamondfulfillment.com/,sales@diamondfulfillment.com,19,https://www.google.com/maps/place/Diamond+Fulfillment+Solutions/data=!4m7!3m6!1s0x880f93af55f6d783:0xad71d1672b5a1f12!8m2!3d42.3254098!4d-87.8990978!16s%2Fg%2F1262nfvrb!19sChIJg9f2Va-TD4gREh9aK2fRca0?authuser=0&hl=en&rclk=1
Amazon Flex Warehouse,Distribution Centers,US,Houston TX,+1 888-281-6906,,,415,https://www.google.com/maps/place/Amazon+Flex+Warehouse/data=!4m7!3m6!1s0x8640ce0db0bf354f:0xb0e37f5d738be4db!8m2!3d29.9407672!4d-95.5443138!16s%2Fg%2F11fwbcfr1b!19sChIJTzW_sA3OQIYR2-SLc11_47A?authuser=0&hl=en&rclk=1
Amazon HOU1,Distribution Centers,US,Houston TX,+1 877-243-2915,http://amazondelivers.jobs/,,431,https://www.google.com/maps/place/Amazon+HOU1/data=!4m7!3m6!1s0x8640b38487b3c85d:0x3db0281fc0b4eafb!8m2!3d29.9998563!4d-95.302296!16s%2Fg%2F11b8zv3qtj!19sChIJXcizh4SzQIYR--q0wB8osD0?authuser=0&hl=en&rclk=1
Houston Fulfillment and Warehousing,Distribution Centers,US,Houston TX,+1 713-557-0816,http://cdavisent.com/,contact@cdavisent.com,4,https://www.google.com/maps/place/Houston+Fulfillment+and+Warehousing/data=!4m7!3m6!1s0x8640d95c63a49edb:0xcd23f4835b002716!8m2!3d29.8040163!4d-95.305213!16s%2Fg%2F11g1yz01s4!19sChIJ256kY1zZQIYRFicAW4P0I80?authuser=0&hl=en&rclk=1
Amazon IAH3,Distribution Centers,US,Houston TX,,,,254,https://www.google.com/maps/place/Amazon+IAH3/data=!4m7!3m6!1s0x8640b7c0a4964d77:0xae047ce680d0bce4!8m2!3d29.9442733!4d-95.3406778!16s%2Fg%2F11smx8kl6g!19sChIJd02WpMC3QIYR5LzQgOZ8BK4?authuser=0&hl=en&rclk=1
Accurate Fulfillment - 3PL Ecommerce Fulfillment,Distribution Centers,US,Houston TX,+1 281-906-5880,https://accuratefulfillment.com/,,22,https://www.google.com/maps/place/Accurate+Fulfillment+-+3PL+Ecommerce+Fulfillment/data=!4m7!3m6!1s0x8640e7fd00bbdc17:0xa7288d39dcbd193e!8m2!3d29.63962!4d-95.5385157!16s%2Fg%2F11mwjdqk94!19sChIJF9y7AP3nQIYRPhm93DmNKKc?authuser=0&hl=en&rclk=1
Amazon HOU7,Distribution Centers,US,Houston TX,,,,83,https://www.google.com/maps/place/Amazon+HOU7/data=!4m7!3m6!1s0x8640cf57042cce9f:0x1356f98bfa88fcd4!8m2!3d29.9422722!4d-95.5288542!16s%2Fg%2F11jl1ppdxb!19sChIJn84sBFfPQIYR1PyI-ov5VhM?authuser=0&hl=en&rclk=1
Amazon HOU6,Distribution Centers,US,Houston TX,,,,246,https://www.google.com/maps/place/Amazon+HOU6/data=!4m7!3m6!1s0x8640e1a2a04e5bdf:0xd13d09c83c19c305!8m2!3d29.6668134!4d-95.713648!16s%2Fg%2F11pd0tppbn!19sChIJ31tOoKLhQIYRBcMZPMgJPdE?authuser=0&hl=en&rclk=1
Amazon STX5,Distribution Centers,US,Houston TX,,,,366,https://www.google.com/maps/place/Amazon+STX5/data=!4m7!3m6!1s0x8640c5aaa547b65d:0xea7c6cd652b2c51b!8m2!3d29.8457434!4d-95.5328325!16s%2Fg%2F11nn79701n!19sChIJXbZHparFQIYRG8WyUtZsfOo?authuser=0&hl=en&rclk=1
Amazon DHX1,Distribution Centers,US,Houston TX,,,,202,https://www.google.com/maps/place/Amazon+DHX1/data=!4m7!3m6!1s0x86409544b5993f13:0xfcfb0d1052966f6e!8m2!3d29.6002578!4d-95.379136!16s%2Fg%2F11jx0btm76!19sChIJEz-ZtUSVQIYRbm-WUhAN-_w?authuser=0&hl=en&rclk=1
Amazon STX4,Distribution Centers,US,Houston TX,,,,248,https://www.google.com/maps/place/Amazon+STX4/data=!4m7!3m6!1s0x86409f7c5978f41b:0x32dd80b7dec64090!8m2!3d29.6092758!4d-95.0736083!16s%2Fg%2F11r8j30l58!19sChIJG_R4WXyfQIYRkEDG3reA3TI?authuser=0&hl=en&rclk=1
Amazon DHO3,Distribution Centers,US,Houston TX,,,,158,https://www.google.com/maps/place/Amazon+DHO3/data=!4m7!3m6!1s0x8640cfa83db0ecdf:0x43ba75894fec43be!8m2!3d29.9198091!4d-95.5358045!16s%2Fg%2F11qm3826x_!19sChIJ3-ywPajPQIYRvkPsT4l1ukM?authuser=0&hl=en&rclk=1
Amazon DHO2,Distribution Centers,US,Houston TX,,,,41,https://www.google.com/maps/place/Amazon+DHO2/data=!4m7!3m6!1s0x8640e9a68b4b3995:0xe37072e74e915291!8m2!3d29.6148058!4d-95.4912324!16s%2Fg%2F11h0290qhz!19sChIJlTlLi6bpQIYRkVKRTudycOM?authuser=0&hl=en&rclk=1
Amazon Fulfillment Center Tours - HOU2,Distribution Centers,US,Houston TX,,https://amazontours.com/na/onsite/hou2?utm_source=seo&utm_medium=g&utm_campaign=listings,,37,https://www.google.com/maps/place/Amazon+Fulfillment+Center+Tours+-+HOU2/data=!4m7!3m6!1s0x8640c9c035bc5c99:0x9acfb8fbcda7e850!8m2!3d29.9344604!4d-95.4290304!16s%2Fg%2F11fjbtp4cd!19sChIJmVy8NcDJQIYRUOinzfu4z5o?authuser=0&hl=en&rclk=1
Amazon Fulfillment Center HPX2,Distribution Centers,US,Phoenix AZ,,,,13,https://www.google.com/maps/place/Amazon+Fulfillment+Center+HPX2/data=!4m7!3m6!1s0x872b17668b3a5cbb:0x3caf793f42f35f52!8m2!3d33.4177258!4d-112.1854227!16s%2Fg%2F11q2y29vjy!19sChIJu1w6i2YXK4cRUl_zQj95rzw?authuser=0&hl=en&rclk=1
PHX3 Amazon Fulfillment Center,Distribution Centers,US,Phoenix AZ,,,,359,https://www.google.com/maps/place/PHX3+Amazon+Fulfillment+Center/data=!4m7!3m6!1s0x872b15c444414dfd:0x9e27a3a23a736069!8m2!3d33.434204!4d-112.2093021!16s%2Fg%2F1tfk09ly!19sChIJ_U1BRMQVK4cRaWBzOqKjJ54?authuser=0&hl=en&rclk=1
Amazon Fulfillment - GYR3 & KRB3,Distribution Centers,US,Phoenix AZ,,,,406,https://www.google.com/maps/place/Amazon+Fulfillment+-+GYR3+%26+KRB3/data=!4m7!3m6!1s0x872b15e10d7b6af3:0xa804b8723518689d!8m2!3d33.458178!4d-112.230087!16s%2Fg%2F11fwj8659s!19sChIJ82p7DeEVK4cRnWgYNXK4BKg?authuser=0&hl=en&rclk=1
Amazon - AZA4,Distribution Centers,US,Phoenix AZ,,,,24,https://www.google.com/maps/place/Amazon+-+AZA4/data=!4m7!3m6!1s0x872b17d799cd8fed:0x3d758171d44fc01a!8m2!3d33.4170047!4d-112.1843019!16s%2Fg%2F11j6_6knnr!19sChIJ7Y_NmdcXK4cRGsBP1HGBdT0?authuser=0&hl=en&rclk=1
HC Fulfillment,Distribution Centers,US,Phoenix AZ,+1 520-251-8469,https://www.hcfulfillment.com/,orders@hcfulfillment.com,11,https://www.google.com/maps/place/HC+Fulfillment/data=!4m7!3m6!1s0x872b451d87b43c39:0xe6c925a197dc2a40!8m2!3d33.5843494!4d-112.345757!16s%2Fg%2F11h8n2l3g6!19sChIJOTy0hx1FK4cRQCrcl6ElyeY?authuser=0&hl=en&rclk=1
ThredUp Distribution Center,Distribution Centers,US,Phoenix AZ,+1 480-795-3375,https://www.thredup.com/,,74,https://www.google.com/maps/place/ThredUp+Distribution+Center/data=!4m7!3m6!1s0x872b15bd2a7d1f61:0x7741a8f6c5681243!8m2!3d33.4362975!4d-112.2254495!16s%2Fg%2F11hd8vvyk3!19sChIJYR99Kr0VK4cRQxJoxfaoQXc?authuser=0&hl=en&rclk=1
Amazon Hiring/Warehouse,Distribution Centers,US,Philadelphia PA,+1 267-467-0485,,,5,https://www.google.com/maps/place/Amazon+Hiring%2FWarehouse/data=!4m7!3m6!1s0x89c6c7c86b661635:0x3a64379f85f52a1e!8m2!3d39.9630776!4d-75.1741035!16s%2Fg%2F11ny7qzm49!19sChIJNRZma8jHxokRHir1hZ83ZDo?authuser=0&hl=en&rclk=1
Shipmate Fulfillment,Distribution Centers,US,Philadelphia PA,+1 267-710-7447,https://www.shipmatefulfillment.com/,hello@shipmatefulfillment.com,23,https://www.google.com/maps/place/Shipmate+Fulfillment/data=!4m7!3m6!1s0x89c6b748e27e3957:0x8f5cebe1bb336e05!8m2!3d40.0133757!4d-75.0887376!16s%2Fg%2F11fph8jw11!19sChIJVzl-4ki3xokRBW4zu-HrXI8?authuser=0&hl=en&rclk=1
PRIME FULFILLMENT NJ,Distribution Centers,US,Philadelphia PA,+1 856-219-6722,http://primefulfillmentnj.com/,info@primefulfillmentnj.com,14,https://www.google.com/maps/place/PRIME+FULFILLMENT+NJ/data=!4m7!3m6!1s0x89c6cb73e41e7a49:0x953a3d3ff23c01b4!8m2!3d39.975934!4d-75.0404936!16s%2Fg%2F11rtlv7zn6!19sChIJSXoe5HPLxokRtAE88j89OpU?authuser=0&hl=en&rclk=1
Fulfillville,Distribution Centers,US,Philadelphia PA,+1 215-642-2470,http://www.fulfillville.com/?utm_source=google&utm_medium=wix_google_business_profile&utm_campaign=4873781157241427318,nancy@fulfillville.com,4,https://www.google.com/maps/place/Fulfillville/data=!4m7!3m6!1s0x89c6c9282ecc29f7:0xac255b6894aabb5a!8m2!3d39.9869728!4d-75.0963019!16s%2Fg%2F11mtsh6myj!19sChIJ9ynMLijJxokRWruqlGhbJaw?authuser=0&hl=en&rclk=1
Peach Warehouse,Distribution Centers,US,Philadelphia PA,+1 877-732-2402,https://peachwarehouse.com/,sales@peachwarehouse.com,9,https://www.google.com/maps/place/Peach+Warehouse/data=!4m7!3m6!1s0x89c6b309b8e3e43d:0xe1edc0251c992b61!8m2!3d40.1134663!4d-74.9988768!16s%2Fg%2F11yv2ssnc1!19sChIJPeTjuAmzxokRYSuZHCXA7eE?authuser=0&hl=en&rclk=1
Rainbow Ecommerce Fulfillment Center,Distribution Centers,US,Philadelphia PA,+1 844-572-4626,https://rainbowshops.com/,customerservice@rainbowshops.com,55,https://www.google.com/maps/place/Rainbow+Ecommerce+Fulfillment+Center/data=!4m7!3m6!1s0x89c6b3d496dcb4c5:0x35830cf208d48908!8m2!3d40.074641!4d-75.013834!16s%2Fg%2F11gx337pxy!19sChIJxbTcltSzxokRCInUCPIMgzU?authuser=0&hl=en&rclk=1
ACY2 - Amazon Warehouse,Distribution Centers,US,Philadelphia PA,,http://www.amazondelivers.jobs/warehouse-jobs/philadelphia-jobs/,,224,https://www.google.com/maps/place/ACY2+-+Amazon+Warehouse/data=!4m7!3m6!1s0x89c14f54ff38fbc7:0x254a8af1eb72a3f5!8m2!3d40.0868397!4d-74.8369913!16s%2Fg%2F11hzhfckrl!19sChIJx_s4_1RPwYkR9aNy6_GKSiU?authuser=0&hl=en&rclk=1
Amazon DSX5,Distribution Centers,US,San Antonio TX,,,,137,https://www.google.com/maps/place/Amazon+DSX5/data=!4m7!3m6!1s0x865c5121b87194b3:0x2a3b0f6d6351cac1!8m2!3d29.312192!4d-98.6180559!16s%2Fg%2F11sgqf1m6l!19sChIJs5RxuCFRXIYRwcpRY20POyo?authuser=0&hl=en&rclk=1
Amazon STX-7,Distribution Centers,US,San Antonio TX,,,,248,https://www.google.com/maps/place/Amazon+STX-7/data=!4m7!3m6!1s0x865cf34a902529e9:0x1280b9a3d7dd232c!8m2!3d29.4506753!4d-98.388258!16s%2Fg%2F11rcqhj_40!19sChIJ6SklkErzXIYRLCPd16O5gBI?authuser=0&hl=en&rclk=1
SAT4 Amazon Fulfillment Center,Distribution Centers,US,San Antonio TX,,https://www.amazon.jobs/en/,,155,https://www.google.com/maps/place/SAT4+Amazon+Fulfillment+Center/data=!4m7!3m6!1s0x865c45881edf85cf:0x6821482e2ff22f87!8m2!3d29.3768604!4d-98.6932799!16s%2Fg%2F11lllxbsrj!19sChIJz4XfHohFXIYRhy_yLy5IIWg?authuser=0&hl=en&rclk=1
Amazon SAT1,Distribution Centers,US,San Antonio TX,,https://www.amazon.jobs/en/business_categories/fulfillment-operations,,411,https://www.google.com/maps/place/Amazon+SAT1/data=!4m7!3m6!1s0x865c9214ce95b60d:0x689f97d52afe64dc!8m2!3d29.5995404!4d-98.2909164!16s%2Fg%2F1s04dr6vd!19sChIJDbaVzhSSXIYR3GT-KtWXn2g?authuser=0&hl=en&rclk=1
Amazon SAT9 Tractor Entrance,Distribution Centers,US,San Antonio TX,,,,37,https://www.google.com/maps/place/Amazon+SAT9+Tractor+Entrance/data=!4m7!3m6!1s0x865cf3637710b0bd:0x36b430dc097f7c15!8m2!3d29.4403285!4d-98.3600454!16s%2Fg%2F11l6zz44vy!19sChIJvbAQd2PzXIYRFXx_CdwwtDY?authuser=0&hl=en&rclk=1
OpTech Fulfillment Center,Distribution Centers,US,San Antonio TX,+1 210-682-2037,http://www.otcorp.com/,sales-service@otcorp.com,25,https://www.google.com/maps/place/OpTech+Fulfillment+Center/data=!4m7!3m6!1s0x865c590b88d48133:0x3e6e798d619cf97c!8m2!3d29.3865561!4d-98.5695157!16s%2Fg%2F11b72fk7r5!19sChIJM4HUiAtZXIYRfPmcYY15bj4?authuser=0&hl=en&rclk=1
Amazon -SAN3,Distribution Centers,US,San Diego CA,,,,214,https://www.google.com/maps/place/Amazon+-SAN3/data=!4m7!3m6!1s0x80d94761e16a41cd:0x857911a83311b253!8m2!3d32.5660476!4d-116.9334666!16s%2Fg%2F11lpvfg_nr!19sChIJzUFq4WFH2YARU7IRM6gReYU?authuser=0&hl=en&rclk=1
USD1 Amazon Fulfillment,Distribution Centers,US,San Diego CA,,,,66,https://www.google.com/maps/place/USD1+Amazon+Fulfillment/data=!4m7!3m6!1s0x80dbffb015ad589f:0xc886fb7093bb2af1!8m2!3d32.8287973!4d-117.1318413!16s%2Fg%2F11rc85gcss!19sChIJn1itFbD_24AR8Sq7k3D7hsg?authuser=0&hl=en&rclk=1
Amazon SAN5 - Sortation Center,Distribution Centers,US,San Diego CA,,,,80,https://www.google.com/maps/place/Amazon+SAN5+-+Sortation+Center/data=!4m7!3m6!1s0x80d947bc2b4e5c9d:0x9b3b6c228f16e58a!8m2!3d32.5683113!4d-116.9246305!16s%2Fg%2F11rtrj2dyp!19sChIJnVxOK7xH2YARiuUWjyJsO5s?authuser=0&hl=en&rclk=1
HSD2 Amazon,Distribution Centers,US,San Diego CA,,,,11,https://www.google.com/maps/place/HSD2+Amazon/data=!4m7!3m6!1s0x80d9472feb890d2b:0xe6684db03b5f3959!8m2!3d32.5609225!4d-116.9679695!16s%2Fg%2F11t16bk6y_!19sChIJKw2J6y9H2YARWTlfO7BNaOY?authuser=0&hl=en&rclk=1
Amazon Delivery Station (DSD8),Distribution Centers,US,San Diego CA,,,,145,https://www.google.com/maps/place/Amazon+Delivery+Station+%28DSD8%29/data=!4m7!3m6!1s0x80dbfbf84b20a74f:0x70ff82cc1f498044!8m2!3d32.9399047!4d-117.0191044!16s%2Fg%2F11k203q87_!19sChIJT6cgS_j724ARRIBJH8yC_3A?authuser=0&hl=en&rclk=1
E-Box Fulfillment,Distribution Centers,US,San Diego CA,,,,6,https://www.google.com/maps/place/E-Box+Fulfillment/data=!4m7!3m6!1s0x115a94d68b0ab5:0x6ff5ba1bb43dab85!8m2!3d32.5537889!4d-117.0473822!16s%2Fg%2F11q4k3jrvk!19sChIJtQqL1pRaEQARhas9tBu69W8?authuser=0&hl=en&rclk=1
San Diego 3PL Warehousing & Fulfillment,Distribution Centers,US,San Diego CA,+1 619-800-8671,,,11,https://www.google.com/maps/place/San+Diego+3PL+Warehousing+%26+Fulfillment/data=!4m7!3m6!1s0x80deab074fe5860b:0x735bbf5838359b3e!8m2!3d32.7563491!4d-117.2089881!16s%2Fg%2F11w8stj4td!19sChIJC4blTwer3oARPps1OFi_W3M?authuser=0&hl=en&rclk=1
XB Fulfillment,Distribution Centers,US,San Diego CA,+1 844-999-2525,https://xblogistics.com/,,14,https://www.google.com/maps/place/XB+Fulfillment/data=!4m7!3m6!1s0x80d9474c4ae107f5:0x991e33b73296a51f!8m2!3d32.5653067!4d-116.9684093!16s%2Fg%2F11fjvwp8y6!19sChIJ9QfhSkxH2YARH6WWMrczHpk?authuser=0&hl=en&rclk=1
Fulex E-Commerce Fulfillment Warehouse,Distribution Centers,US,San Diego CA,+1 619-860-0300,https://www.fulex.com/,info@fulex.com,23,https://www.google.com/maps/place/Fulex+E-Commerce+Fulfillment+Warehouse/data=!4m7!3m6!1s0x80dbfba70698789d:0x3b961762e200e09f!8m2!3d32.9398059!4d-117.0531118!16s%2Fg%2F12qfn4s0m!19sChIJnXiYBqf724ARn-AA4mIXljs?authuser=0&hl=en&rclk=1
SCA4/VCA4 Amazon,Distribution Centers,US,San Diego CA,,,,92,https://www.google.com/maps/place/SCA4%2FVCA4+Amazon/data=!4m7!3m6!1s0x80dbf7324b54fe37:0xb3dc151c220360cf!8m2!3d33.0201664!4d-117.0901571!16s%2Fg%2F11rf7s3gdm!19sChIJN_5USzL324ARz2ADIhwV3LM?authuser=0&hl=en&rclk=1
"FbaZoom Logistics, Warehousing, FBA Prep, and MultiChannel Pick & Pack",Distribution Centers,US,San Diego CA,+1 833-939-3227,http://fbazoom.com/,info@fbazoom.com,22,"https://www.google.com/maps/place/FbaZoom+Logistics,+Warehousing,+FBA+Prep,+and+MultiChannel+Pick+%26+Pack/data=!4m7!3m6!1s0x80d9597a98c53825:0x79e2269e9da04e8c!8m2!3d32.5982204!4d-117.0886443!16s%2Fg%2F11nmt7tsf2!19sChIJJTjFmHpZ2YARjE6gnZ4m4nk?authuser=0&hl=en&rclk=1"
Momentum Warehousing,Distribution Centers,US,San Diego CA,+1 833-939-3227,https://momentumwarehousing.com/,info@momentumwarehousing.com,51,https://www.google.com/maps/place/Momentum+Warehousing/data=!4m7!3m6!1s0x80d94d98cde5474f:0xa1b78ee9f5ec1744!8m2!3d32.5740242!4d-117.0064468!16s%2Fg%2F11kqlwq3bk!19sChIJT0flzZhN2YARRBfs9emOt6E?authuser=0&hl=en&rclk=1
BML Fulfillment Center,Distribution Centers,US,San Diego CA,+1 619-499-5455,https://www.buymyliquor.com/,support@buymyliquor.com,5,https://www.google.com/maps/place/BML+Fulfillment+Center/data=!4m7!3m6!1s0x80dbf97520ace4b9:0xd45ec0a6501f31f8!8m2!3d32.8890096!4d-117.1486719!16s%2Fg%2F11l30glb7n!19sChIJueSsIHX524AR-DEfUKbAXtQ?authuser=0&hl=en&rclk=1
Amazon San Diego Tech Hub (Corp Office),Distribution Centers,US,San Diego CA,,,,29,https://www.google.com/maps/place/Amazon+San+Diego+Tech+Hub+%28Corp+Office%29/data=!4m7!3m6!1s0x80dc0714981cc457:0xecc08ab22db3afa4!8m2!3d32.8925578!4d-117.2226942!16s%2Fg%2F11f6gj230q!19sChIJV8QcmBQH3IARpK-zLbKKwOw?authuser=0&hl=en&rclk=1
WestFBA | Storage | E-commerce Fulfillment Center | Pack & Ship services,Distribution Centers,US,San Diego CA,+1 858-527-8197,https://westfba.com/,info@westfba.com,13,https://www.google.com/maps/place/WestFBA+%7C+Storage+%7C+E-commerce+Fulfillment+Center+%7C+Pack+%26+Ship+services/data=!4m7!3m6!1s0x80db8b12ee2b7e69:0xf358be696e4e188e!8m2!3d33.138282!4d-117.137231!16s%2Fg%2F11vqyzh4bx!19sChIJaX4r7hKL24ARjhhObmm-WPM?authuser=0&hl=en&rclk=1
Olympus Warehouse Logistics Inc.,Distribution Centers,US,San Diego CA,+1 619-339-3290,https://www.olympuswarehouselogistics.com/,info@olympuswarehouselogistics.com,3,https://www.google.com/maps/place/Olympus+Warehouse+Logistics+Inc./data=!4m7!3m6!1s0x80d947753cf58bf9:0x583e4bb590bd5ca2!8m2!3d32.5518814!4d-116.951023!16s%2Fg%2F11vt1bm1vs!19sChIJ-Yv1PHVH2YARoly9kLVLPlg?authuser=0&hl=en&rclk=1
"ShipLab - Warehousing, 3PL, & Logistics Services",Distribution Centers,US,San Diego CA,+1 844-474-4752,http://www.shiplabsd.com/,alan@shiplabsd.com,60,"https://www.google.com/maps/place/ShipLab+-+Warehousing,+3PL,+%26+Logistics+Services/data=!4m7!3m6!1s0x80dc75c70bc6da41:0x54c4eb372e7bd999!8m2!3d33.1441416!4d-117.2248181!16s%2Fg%2F11tsk5c_w1!19sChIJQdrGC8d13IARmdl7LjfrxFQ?authuser=0&hl=en&rclk=1"
IAH1 - Amazon,Distribution Centers,US,Dallas TX,,,,72,https://www.google.com/maps/place/IAH1+-+Amazon/data=!4m7!3m6!1s0x864ebdd710412a3d:0xb5e1efb86338d796!8m2!3d32.6361283!4d-96.7474465!16s%2Fg%2F11hj9zdfz0!19sChIJPSpBENe9ToYRltc4Y7jv4bU?authuser=0&hl=en&rclk=1
Amazon FTW8,Distribution Centers,US,Dallas TX,,,,136,https://www.google.com/maps/place/Amazon+FTW8/data=!4m7!3m6!1s0x864e960cfd00c5f5:0x4f9fe42b66234694!8m2!3d32.6342112!4d-96.7703006!16s%2Fg%2F11dfxgw5zc!19sChIJ9cUA_QyWToYRlEYjZivkn08?authuser=0&hl=en&rclk=1
Amazon DAL3,Distribution Centers,US,Dallas TX,,https://www.amazon.jobs/en/,,418,https://www.google.com/maps/place/Amazon+DAL3/data=!4m7!3m6!1s0x864e9bc8436ea527:0x1ea03cc08ad412d5!8m2!3d32.7558565!4d-96.9041442!16s%2Fg%2F11j1xp1sj6!19sChIJJ6VuQ8ibToYR1RLUisA8oB4?authuser=0&hl=en&rclk=1
Amazon UTX4,Distribution Centers,US,Dallas TX,,,,198,https://www.google.com/maps/place/Amazon+UTX4/data=!4m7!3m6!1s0x864e9c3ccb0298d5:0xd8fdba0f8395a0a6!8m2!3d32.8287564!4d-96.8455925!16s%2Fg%2F11j2343ckw!19sChIJ1ZgCyzycToYRpqCVgw-6_dg?authuser=0&hl=en&rclk=1
3PL Fulfillment & Prep - FBA Prep & FBM,Distribution Centers,US,Dallas TX,+1 469-927-6177,http://www.3plfulfillmentprep.com/,support@3plfulfillmentprep.com,61,https://www.google.com/maps/place/3PL+Fulfillment+%26+Prep+-+FBA+Prep+%26+FBM/data=!4m7!3m6!1s0x864ea096caf19f05:0xea5d756db0c709de!8m2!3d32.8847825!4d-96.6904108!16s%2Fg%2F11pv8l8bq8!19sChIJBZ_xypagToYR3gnHsG11Xeo?authuser=0&hl=en&rclk=1
O Z Fulfillment,Distribution Centers,US,Dallas TX,+1 972-247-9955,http://www.ozfulfillment.com/,sara@ozfulfillment.com,10,https://www.google.com/maps/place/O+Z+Fulfillment/data=!4m7!3m6!1s0x864c2783544f0faf:0x7c48af1ed34da5d5!8m2!3d32.9005018!4d-96.8833927!16s%2Fg%2F1v6qj0cd!19sChIJrw9PVIMnTIYR1aVN0x6vSHw?authuser=0&hl=en&rclk=1
Jp fulfillment logistic,Distribution Centers,US,Dallas TX,+1 682-990-8900,,,31,https://www.google.com/maps/place/Jp+fulfillment+logistic/data=!4m7!3m6!1s0x864e91ca3243ce6b:0x80c9d40c011ddb4e!8m2!3d32.6806646!4d-96.8808582!16s%2Fg%2F11j0k0qlqp!19sChIJa85DMsqRToYRTtsdAQzUyYA?authuser=0&hl=en&rclk=1
Cart.com Dallas Fulfillment Center,Distribution Centers,US,Dallas TX,+1 214-258-0100,https://www.cart.com/,media@cart.com,25,https://www.google.com/maps/place/Cart.com+Dallas+Fulfillment+Center/data=!4m7!3m6!1s0x864ea130ac2036d5:0xa0060d6a43a801b4!8m2!3d32.8885023!4d-96.6923219!16s%2Fg%2F11hfr2lwl_!19sChIJ1TYgrDChToYRtAGoQ2oNBqA?authuser=0&hl=en&rclk=1
QuickBox Fulfillment - Dallas,Distribution Centers,US,Dallas TX,+1 720-990-5642,https://www.quickbox.com/,sales@quickbox.com,31,https://www.google.com/maps/place/QuickBox+Fulfillment+-+Dallas/data=!4m7!3m6!1s0x864e7fc8d1e8dfef:0x65b3f943d576ff42!8m2!3d32.8300084!4d-97.0547012!16s%2Fg%2F1tppscm4!19sChIJ79_o0ch_ToYRQv921UP5s2U?authuser=0&hl=en&rclk=1
Selery Fulfillment,Distribution Centers,US,Dallas TX,+1 469-687-7107,http://www.seleryfulfillment.com/,support@selery.com,95,https://www.google.com/maps/place/Selery+Fulfillment/data=!4m7!3m6!1s0x864c27ca6e568875:0x27f88b23ed7f45eb!8m2!3d32.9904757!4d-96.9372205!16s%2Fg%2F11b6_jw_n4!19sChIJdYhWbsonTIYR60V_7SOL-Cc?authuser=0&hl=en&rclk=1
Chewy Fulfillment Center DFW1,Distribution Centers,US,Dallas TX,,http://www.chewy.com/,,2,https://www.google.com/maps/place/Chewy+Fulfillment+Center+DFW1/data=!4m7!3m6!1s0x864e8f0006eacdd9:0x6c7bd5b5897bda14!8m2!3d32.6902442!4d-96.9537928!16s%2Fg%2F11xvr9sbsh!19sChIJ2c3qBgCPToYRFNp7ibXVe2w?authuser=0&hl=en&rclk=1
DSF7,Distribution Centers,US,San Jose CA,,,,59,https://www.google.com/maps/place/DSF7/data=!4m7!3m6!1s0x808fc91a88f84a25:0xa8c4242b9e6036f!8m2!3d37.4390106!4d-121.9244903!16s%2Fg%2F11n7423d1z!19sChIJJUr4iBrJj4ARbwPmuUJCjAo?authuser=0&hl=en&rclk=1
Amazon USF1,Distribution Centers,US,San Jose CA,,,,49,https://www.google.com/maps/place/Amazon+USF1/data=!4m7!3m6!1s0x808fcb207e6de21b:0xe0856a2d3f741e5e!8m2!3d37.3793937!4d-121.9478364!16s%2Fg%2F11jbd3ptvy!19sChIJG-JtfiDLj4ARXh50Py1qheA?authuser=0&hl=en&rclk=1
Fastenal Fulfillment Center - Appointment Only,Distribution Centers,US,San Jose CA,+1 408-324-1944,https://www.fastenal.com/,,5,https://www.google.com/maps/place/Fastenal+Fulfillment+Center+-+Appointment+Only/data=!4m7!3m6!1s0x808fcc7341b1a575:0x2597f69e67a8d099!8m2!3d37.4009626!4d-121.9022155!16s%2Fg%2F1ptzvvjz0!19sChIJdaWxQXPMj4ARmdCoZ572lyU?authuser=0&hl=en&rclk=1
AFTER FIVE Fulfillment Center,Distribution Centers,US,San Jose CA,+1 408-634-8010,http://afivecreativefulfillment.com/,afterfive@afivecreative.com,1,https://www.google.com/maps/place/AFTER+FIVE+Fulfillment+Center/data=!4m7!3m6!1s0x808e356523b6abd9:0x5e49fa45eb9b7176!8m2!3d37.2639557!4d-121.9838135!16s%2Fg%2F11hrx5h004!19sChIJ2au2I2U1joARdnGb60X6SV4?authuser=0&hl=en&rclk=1
Amazon DAU2,Distribution Centers,US,Austin TX,,,,219,https://www.google.com/maps/place/Amazon+DAU2/data=!4m7!3m6!1s0x8644b33744dab50d:0x5035b0cebf8383c3!8m2!3d30.2064476!4d-97.7045571!16s%2Fg%2F11h4f_s743!19sChIJDbXaRDezRIYRw4ODv86wNVA?authuser=0&hl=en&rclk=1
Amazon AUS2,Distribution Centers,US,Austin TX,,,,217,https://www.google.com/maps/place/Amazon+AUS2/data=!4m7!3m6!1s0x8644c5bc330c7f61:0x652efc3161341b92!8m2!3d30.4297391!4d-97.5995672!16s%2Fg%2F11llzx1f53!19sChIJYX8MM7zFRIYRkhs0YTH8LmU?authuser=0&hl=en&rclk=1
ATX Fulfillment,Distribution Centers,US,Austin TX,+1 512-531-9599,http://www.atxfulfillment.com/,,10,https://www.google.com/maps/place/ATX+Fulfillment/data=!4m7!3m6!1s0x8644b6cea61f3c2f:0x2708e4b5da5f14ee!8m2!3d30.2092693!4d-97.7153442!16s%2Fg%2F11hbfh2yn_!19sChIJLzwfps62RIYR7hRf2rXkCCc?authuser=0&hl=en&rclk=1
Amazon KAUS,Distribution Centers,US,Austin TX,,,,10,https://www.google.com/maps/place/Amazon+KAUS/data=!4m7!3m6!1s0x8644b7b03a8f8bc5:0x8da10deeb3e94cc3!8m2!3d30.2142671!4d-97.6706259!16s%2Fg%2F11rnzl2rds!19sChIJxYuPOrC3RIYRw0zps-4NoY0?authuser=0&hl=en&rclk=1
STX9 Amazon,Distribution Centers,US,Austin TX,,,,6,https://www.google.com/maps/place/STX9+Amazon/data=!4m7!3m6!1s0x8644c700781ed4d5:0xcbbbd668e67d1844!8m2!3d30.324608!4d-97.6091598!16s%2Fg%2F11mlvmnn3r!19sChIJ1dQeeADHRIYRRBh95mjWu8s?authuser=0&hl=en&rclk=1
Simpl Fulfillment 3PL,Distribution Centers,US,Austin TX,+1 512-631-8522,https://simplfulfillment.com/,hey@simplfulfillment.com,43,https://www.google.com/maps/place/Simpl+Fulfillment+3PL/data=!4m7!3m6!1s0x8644b476898f1db9:0x3eef1578d491a914!8m2!3d30.2760172!4d-97.6732598!16s%2Fg%2F11c467tj1k!19sChIJuR2PiXa0RIYRFKmR1HgV7z4?authuser=0&hl=en&rclk=1
Fluffle Fulfillment,Distribution Centers,US,Austin TX,+1 512-814-8940,https://flufflefulfill.com/,info@flufflefulfill.com,16,https://www.google.com/maps/place/Fluffle+Fulfillment/data=!4m7!3m6!1s0x865b53893bd8d311:0x346d7ce0a275d11e!8m2!3d30.0593983!4d-97.8008502!16s%2Fg%2F11wplmrx26!19sChIJEdPYO4lTW4YRHtF1ouB8bTQ?authuser=0&hl=en&rclk=1
e53 Fulfillment,Distribution Centers,US,Austin TX,+1 512-920-8652,https://e53fulfillment.us/,sales@e53fulfillment.com,50,https://www.google.com/maps/place/e53+Fulfillment/data=!4m7!3m6!1s0x8644cd458477be19:0x91782c57b37350f0!8m2!3d30.6440598!4d-97.6281432!16s%2Fg%2F11r5bxwj1j!19sChIJGb53hEXNRIYR8FBzs1cseJE?authuser=0&hl=en&rclk=1
LMS Fulfillment,Distribution Centers,US,Austin TX,+1 512-371-7028,http://lmsfulfillment.com/,info@lmsfulfillment.com,1,https://www.google.com/maps/place/LMS+Fulfillment/data=!4m7!3m6!1s0x8644cbf1fabadc9d:0x837f1373648819b3!8m2!3d30.3818806!4d-97.7140229!16s%2Fg%2F1tf7mz1f!19sChIJndy6-vHLRIYRsxmIZHMTf4M?authuser=0&hl=en&rclk=1
VTX9 Amazon,Distribution Centers,US,Austin TX,,,,133,https://www.google.com/maps/place/VTX9+Amazon/data=!4m7!3m6!1s0x8644c7b4f38122bb:0xc9e3af5af938ca66!8m2!3d30.3245761!4d-97.6095634!16s%2Fg%2F11l5w163k0!19sChIJuyKB87THRIYRZso4-Vqv48k?authuser=0&hl=en&rclk=1
Amazon (AUS16),Distribution Centers,US,Austin TX,,https://www.endeavor-re.com/properties/domain-10/,,50,https://www.google.com/maps/place/Amazon+%28AUS16%29/data=!4m7!3m6!1s0x8644cda7d45961bf:0x5c22d152c79164f8!8m2!3d30.40487!4d-97.7184876!16s%2Fg%2F11rg8twxwg!19sChIJv2FZ1KfNRIYR-GSRx1LRIlw?authuser=0&hl=en&rclk=1
Lakeside Fulfillment LLC,Distribution Centers,US,Austin TX,+1 917-426-7736,https://lakesidefulfillment.com/,,,https://www.google.com/maps/place/Lakeside+Fulfillment+LLC/data=!4m7!3m6!1s0x865b317351d2a6f1:0xf3ee8df31b100984!8m2!3d30.3911287!4d-97.9323458!16s%2Fg%2F11yy_1cpxf!19sChIJ8abSUXMxW4YRhAkQG_ON7vM?authuser=0&hl=en&rclk=1
Fulfill.com,Distribution Centers,US,Austin TX,,https://fulfill.com/,,45,https://www.google.com/maps/place/Fulfill.com/data=!4m7!3m6!1s0x8644b5b5553fbc73:0x903e18f7e39e36e0!8m2!3d46.423669!4d-129.9427086!16s%2Fg%2F11v0360rv7!19sChIJc7w_VbW1RIYR4Dae4_cYPpA?authuser=0&hl=en&rclk=1
"Amazon Fulfillment Center, HJX2, HJX8",Distribution Centers,US,Jacksonville FL,,,,2,"https://www.google.com/maps/place/Amazon+Fulfillment+Center,+HJX2,+HJX8/data=!4m7!3m6!1s0x88e5b3002bd74be9:0x415e8f9cd5115d71!8m2!3d30.4332762!4d-81.5761942!16s%2Fg%2F11yff0y27b!19sChIJ6UvXKwCz5YgRcV0R1ZyPXkE?authuser=0&hl=en&rclk=1"
Amazon JAX7,Distribution Centers,US,Jacksonville FL,,,,169,https://www.google.com/maps/place/Amazon+JAX7/data=!4m7!3m6!1s0x88e5b126689bf03d:0x1c68fe39e143241b!8m2!3d30.4233667!4d-81.6234008!16s%2Fg%2F11nnn5_hvl!19sChIJPfCbaCax5YgRGyRD4Tn-aBw?authuser=0&hl=en&rclk=1
Amazon JAX2,Distribution Centers,US,Jacksonville FL,,,,126,https://www.google.com/maps/place/Amazon+JAX2/data=!4m7!3m6!1s0x88e5af4ef1af5461:0x65f738ed4e67dcf6!8m2!3d30.4653484!4d-81.6803288!16s%2Fg%2F11kg74__hp!19sChIJYVSv8U6v5YgR9txnTu0492U?authuser=0&hl=en&rclk=1
Amazon JAX5,Distribution Centers,US,Jacksonville FL,,,,264,https://www.google.com/maps/place/Amazon+JAX5/data=!4m7!3m6!1s0x88e5bc72b7d0e06d:0xbd19f92a6aa635b0!8m2!3d30.3855218!4d-81.7895828!16s%2Fg%2F11d_t_9rlx!19sChIJbeDQt3K85YgRsDWmair5Gb0?authuser=0&hl=en&rclk=1
Amazon JAX9 Sort Center,Distribution Centers,US,Jacksonville FL,,,,124,https://www.google.com/maps/place/Amazon+JAX9+Sort+Center/data=!4m7!3m6!1s0x88e5eb40dee13ec3:0x3f71a952df848a26!8m2!3d30.2708616!4d-81.8875708!16s%2Fg%2F11rgym6b8q!19sChIJwz7h3kDr5YgRJoqE31KpcT8?authuser=0&hl=en&rclk=1
SJA1 (Amazon SSD),Distribution Centers,US,Jacksonville FL,,,,13,https://www.google.com/maps/place/SJA1+%28Amazon+SSD%29/data=!4m7!3m6!1s0x88e5b9003a565c19:0x3002c73db1bf5a3!8m2!3d30.3437926!4d-81.773672!16s%2Fg%2F11y0z7p5c4!19sChIJGVxWOgC55YgRo_Ub23MsAAM?authuser=0&hl=en&rclk=1
Jacksonville Fulfillment Center,Distribution Centers,US,Jacksonville FL,+1 904-732-5534,,,4,https://www.google.com/maps/place/Jacksonville+Fulfillment+Center/data=!4m7!3m6!1s0x88e5b6012affdd7f:0x7dd817cd4708bad8!8m2!3d30.2635949!4d-81.6070434!16s%2Fg%2F11g9jkt5t9!19sChIJf93_KgG25YgR2LoIR80X2H0?authuser=0&hl=en&rclk=1
Florida Fulfillment Center,Distribution Centers,US,Jacksonville FL,+1 904-798-3500,,,4,https://www.google.com/maps/place/Florida+Fulfillment+Center/data=!4m7!3m6!1s0x88e5b7ec64ebaced:0xdbecec6ef5805341!8m2!3d30.3328585!4d-81.6339802!16s%2Fg%2F11h5rmb231!19sChIJ7azrZOy35YgRQVOA9W7s7Ns?authuser=0&hl=en&rclk=1
Amazon DJX4,Distribution Centers,US,Jacksonville FL,,,,36,https://www.google.com/maps/place/Amazon+DJX4/data=!4m7!3m6!1s0x88e44ba4f5501beb:0xbd4716e8fab7cd0d!8m2!3d30.3292328!4d-81.5093225!16s%2Fg%2F11y7xnd4fq!19sChIJ6xtQ9aRL5IgRDc23-ugWR70?authuser=0&hl=en&rclk=1
Amazon DJX1 HJX8,Distribution Centers,US,Jacksonville FL,,,,104,https://www.google.com/maps/place/Amazon+DJX1+HJX8/data=!4m7!3m6!1s0x88e5b273fbb0d755:0x6ed9411118749e25!8m2!3d30.4336555!4d-81.5765751!16s%2Fg%2F11g8nyvn7p!19sChIJVdew-3Oy5YgRJZ50GBFB2W4?authuser=0&hl=en&rclk=1
On-Demand Warehousing and Fulfillment,Distribution Centers,US,Jacksonville FL,+1 904-515-6393,https://ondemandwf.com/,dustinbrearton@ondemandwf.com,29,https://www.google.com/maps/place/On-Demand+Warehousing+and+Fulfillment/data=!4m7!3m6!1s0x88e5b5006ca09cb9:0x9c86b7cd0e594aa3!8m2!3d30.3765501!4d-81.7564946!16s%2Fg%2F11wq300f6d!19sChIJuZygbAC15YgRo0pZDs23hpw?authuser=0&hl=en&rclk=1
Amazon Fulfillment Center Tours - JAX2,Distribution Centers,US,Jacksonville FL,,https://amazontours.com/na/virtual?utm_source=seo&utm_medium=g&utm_campaign=listings,you@your.email,42,https://www.google.com/maps/place/Amazon+Fulfillment+Center+Tours+-+JAX2/data=!4m7!3m6!1s0x88e5afc87e8b2bf9:0x2d16f5c38ab04a57!8m2!3d30.464871!4d-81.6799458!16s%2Fg%2F11fjwzv7x1!19sChIJ-SuLfsiv5YgRV0qwisP1Fi0?authuser=0&hl=en&rclk=1
FBMFulfillment.com Warehouse and Fulfillment Center ANNEX,Distribution Centers,US,Jacksonville FL,+1 866-521-1118 ext. 4,https://www.fbmfulfillment.com/,sales@fbmfulfillment.com,10,https://www.google.com/maps/place/FBMFulfillment.com+Warehouse+and+Fulfillment+Center+ANNEX/data=!4m7!3m6!1s0x88e5b7de077a749f:0xf36afe399a1a63a!8m2!3d30.2707324!4d-81.6344003!16s%2Fg%2F11kzxs1lxf!19sChIJn3R6B9635YgROqahmeOvNg8?authuser=0&hl=en&rclk=1
Amazon AFW1,Distribution Centers,US,Fort Worth TX,+1 682-324-2000,,,121,https://www.google.com/maps/place/Amazon+AFW1/data=!4m7!3m6!1s0x864e774fa0594663:0x5421898e21ebbdc9!8m2!3d32.8418482!4d-97.3275075!16s%2Fg%2F11rbyhfxc7!19sChIJY0ZZoE93ToYRyb3rIY6JIVQ?authuser=0&hl=en&rclk=1
Amazon FTW3 / FTW4,Distribution Centers,US,Fort Worth TX,+1 866-216-1072,,,223,https://www.google.com/maps/place/Amazon+FTW3+%2F+FTW4/data=!4m7!3m6!1s0x864ddaf128587461:0xdd8c7cee95107a00!8m2!3d33.009404!4d-97.294286!16s%2Fg%2F11cry3hkg_!19sChIJYXRYKPHaTYYRAHoQle58jN0?authuser=0&hl=en&rclk=1
Amazon KAFW,Distribution Centers,US,Fort Worth TX,,,,85,https://www.google.com/maps/place/Amazon+KAFW/data=!4m7!3m6!1s0x864ddbc3b4ecc6e1:0x4b3e6b816391c7c4!8m2!3d32.9823722!4d-97.3230438!16s%2Fg%2F11fqt8kc5m!19sChIJ4cbstMPbTYYRxMeRY4FrPks?authuser=0&hl=en&rclk=1
Walmart Distribution Center #3005,Distribution Centers,US,Fort Worth TX,+1 682-354-2430,,,17,https://www.google.com/maps/place/Walmart+Distribution+Center+%233005/data=!4m7!3m6!1s0x864ddb4d43b2667b:0x627613d20ff9e9ad!8m2!3d32.9964904!4d-97.338829!16s%2Fg%2F11n72qmrwl!19sChIJe2ayQ03bTYYRren5D9ITdmI?authuser=0&hl=en&rclk=1
Amazon Fulfillment Center Tours - DFW7,Distribution Centers,US,Fort Worth TX,+1 866-216-1072,https://www.aboutamazon.com/amazon-fulfillment-center-tours,,72,https://www.google.com/maps/place/Amazon+Fulfillment+Center+Tours+-+DFW7/data=!4m7!3m6!1s0x864ddb7bf3711a25:0xa8a5de5c86f84cee!8m2!3d32.9707467!4d-97.3357906!16s%2Fg%2F11h3jhgh4m!19sChIJJRpx83vbTYYR7kz4hlzepag?authuser=0&hl=en&rclk=1
Rent the Runway Fulfillment Center,Distribution Centers,US,Fort Worth TX,+1 469-501-7200,http://renttherunway.com/,,34,https://www.google.com/maps/place/Rent+the+Runway+Fulfillment+Center/data=!4m7!3m6!1s0x864e6369b1f745c5:0x310de8afddafc7b0!8m2!3d32.7321673!4d-97.3274929!16s%2Fg%2F11f6y4k5y5!19sChIJxUX3sWljToYRsMev3a_oDTE?authuser=0&hl=en&rclk=1
ITS Logistics - Fort Worth Center,Distribution Centers,US,Fort Worth TX,+1 855-562-3487,https://www.its4logistics.com/,,42,https://www.google.com/maps/place/ITS+Logistics+-+Fort+Worth+Center/data=!4m7!3m6!1s0x864e73b46754bb5b:0xfe92d73902c8f766!8m2!3d32.7508493!4d-97.3569409!16s%2Fg%2F11wtq3q46m!19sChIJW7tUZ7RzToYRZvfIAjnXkv4?authuser=0&hl=en&rclk=1
Target Fulfillment Center T3724,Distribution Centers,US,Fort Worth TX,+1 817-693-6000,http://www.target.com/careers,,66,https://www.google.com/maps/place/Target+Fulfillment+Center+T3724/data=!4m7!3m6!1s0x864ddb004abf40d1:0x7441764d68e56dd2!8m2!3d32.9805643!4d-97.3049019!16s%2Fg%2F11w_c2xnlh!19sChIJ0UC_SgDbTYYR0m3laE12QXQ?authuser=0&hl=en&rclk=1
Amazon Return Center IND8,Distribution Centers,US,Indianapolis IN,,,,114,https://www.google.com/maps/place/Amazon+Return+Center+IND8/data=!4m7!3m6!1s0x886ca731d3996c09:0xa6152634d6ec2d53!8m2!3d39.7561492!4d-86.2954438!16s%2Fg%2F11h23wxtsv!19sChIJCWyZ0zGnbIgRUy3s1jQmFaY?authuser=0&hl=en&rclk=1
Amazon Fulfilment Center IND2,Distribution Centers,US,Indianapolis IN,,,,265,https://www.google.com/maps/place/Amazon+Fulfilment+Center+IND2/data=!4m7!3m6!1s0x886ca4225401c927:0xa790ee954ec6b124!8m2!3d39.7006591!4d-86.3435118!16s%2Fg%2F11b70k44kf!19sChIJJ8kBVCKkbIgRJLHGTpXukKc?authuser=0&hl=en&rclk=1
Fulfillment-Box,Distribution Centers,US,Indianapolis IN,+1 463-272-9127,https://fulfillment-box.com/fulfillment-centers/center-united-states/indianapolis-indiana/,info@fulfillment-box.com,7,https://www.google.com/maps/place/Fulfillment-Box/data=!4m7!3m6!1s0x8814b5210650e05d:0x7ae943e04720b1b7!8m2!3d39.962486!4d-86.0114362!16s%2Fg%2F11lt_p7bj4!19sChIJXeBQBiG1FIgRt7EgR-BD6Xo?authuser=0&hl=en&rclk=1
BDA Midwest Fulfillment Center,Distribution Centers,US,Indianapolis IN,+1 800-451-4764,http://www.bdainc.com/,,49,https://www.google.com/maps/place/BDA+Midwest+Fulfillment+Center/data=!4m7!3m6!1s0x886ca40d54a6cced:0x8905725ffbe3802b!8m2!3d39.663085!4d-86.374142!16s%2Fg%2F1ptz2_nsj!19sChIJ7cymVA2kbIgRK4Dj-19yBYk?authuser=0&hl=en&rclk=1
NicePak Customer Fulfillment Center,Distribution Centers,US,Indianapolis IN,+1 317-839-0373,http://www.nicepak.com/,consumer.affairs@nicepak.com,234,https://www.google.com/maps/place/NicePak+Customer+Fulfillment+Center/data=!4m7!3m6!1s0x886ca5d4c81a312f:0x63f143c2a07b58d7!8m2!3d39.716854!4d-86.3427809!16s%2Fg%2F11bc8yv2r7!19sChIJLzEayNSlbIgR11h7oMJD8WM?authuser=0&hl=en&rclk=1
Walgreens Micro Fulfillment Center,Distribution Centers,US,Indianapolis IN,,,,6,https://www.google.com/maps/place/Walgreens+Micro+Fulfillment+Center/data=!4m7!3m6!1s0x886ca70012ed93b3:0xdb666cb130f3dd6a!8m2!3d39.7041911!4d-86.3340044!16s%2Fg%2F11vm0btjrw!19sChIJs5PtEgCnbIgRat3zMLFsZts?authuser=0&hl=en&rclk=1
Hayneedle Fulfillment Center,Distribution Centers,US,Indianapolis IN,+1 937-285-1090,,,6,https://www.google.com/maps/place/Hayneedle+Fulfillment+Center/data=!4m7!3m6!1s0x88405932130c3887:0xc829dc5dd1f6685b!8m2!3d39.9008618!4d-86.2642628!16s%2Fg%2F11c38g6nl0!19sChIJhzgMEzJZQIgRW2j20V3cKcg?authuser=0&hl=en&rclk=1
newegg Indy logistics: 3PL services | eCommerce fulfillment services provider,Distribution Centers,US,Indianapolis IN,+1 317-857-3166,http://www.newegglogistics.com/,logistics@newegg.com,57,https://www.google.com/maps/place/newegg+Indy+logistics:+3PL+services+%7C+eCommerce+fulfillment+services+provider/data=!4m7!3m6!1s0x886ca12ce9ac053b:0x6175247e154e660f!8m2!3d39.6736535!4d-86.3037725!16s%2Fg%2F11b7dznvd3!19sChIJOwWs6SyhbIgRD2ZOFX4kdWE?authuser=0&hl=en&rclk=1
Indiana Warehouse,Distribution Centers,US,Indianapolis IN,+1 317-506-7117,https://indianawarehouse.com/,info@indianawarehouse.com,4,https://www.google.com/maps/place/Indiana+Warehouse/data=!4m7!3m6!1s0x886b5b3877a6104b:0x13d0ff738d154d8a!8m2!3d39.7341336!4d-86.097641!16s%2Fg%2F11j1c3fg01!19sChIJSxCmdzhba4gRik0VjXP_0BM?authuser=0&hl=en&rclk=1
Lessgistics,Distribution Centers,US,Indianapolis IN,,https://lessgistics.com/,,49,https://www.google.com/maps/place/Lessgistics/data=!4m7!3m6!1s0x886b5b29f0fad949:0x5e75cdcee901a07d!8m2!3d39.7205242!4d-86.1403924!16s%2Fg%2F11my81wmvl!19sChIJSdn68Clba4gRfaAB6c7NdV4?authuser=0&hl=en&rclk=1
Walmart eCommerce Fulfillment Center - IND1,Distribution Centers,US,Indianapolis IN,+1 317-406-8139,http://189.64.184.92/,,190,https://www.google.com/maps/place/Walmart+eCommerce+Fulfillment+Center+-+IND1/data=!4m7!3m6!1s0x886ca55260b7099d:0x6c6e63b8550ad856!8m2!3d46.423669!4d-129.9427086!16s%2Fg%2F11b6ggg65l!19sChIJnQm3YFKlbIgRVtgKVbhjbmw?authuser=0&hl=en&rclk=1
AMAZON SNC2 VNC2 WAREHOUSE,Distribution Centers,US,Charlotte NC,,,,189,https://www.google.com/maps/place/AMAZON+SNC2+VNC2+WAREHOUSE/data=!4m7!3m6!1s0x8856a78b24c75c11:0x20137bc5a2cf3967!8m2!3d35.3733002!4d-80.8240363!16s%2Fg%2F11q8stp_7g!19sChIJEVzHJIunVogRZznPosV7EyA?authuser=0&hl=en&rclk=1
CLT6 Amazon Fulfillment Center,Distribution Centers,US,Charlotte NC,,,,99,https://www.google.com/maps/place/CLT6+Amazon+Fulfillment+Center/data=!4m7!3m6!1s0x88569bfc9887120d:0xc3bbc88a82370997!8m2!3d35.099665!4d-80.9132284!16s%2Fg%2F11p106fw6f!19sChIJDRKHmPybVogRlwk3gorIu8M?authuser=0&hl=en&rclk=1
CLT9 Amazon Sort Center,Distribution Centers,US,Charlotte NC,,https://www.amazon.jobs/en/,,165,https://www.google.com/maps/place/CLT9+Amazon+Sort+Center/data=!4m7!3m6!1s0x8856a3799de0bf31:0x7638713bdd216ee7!8m2!3d35.2625465!4d-80.982872!16s%2Fg%2F11k172lnq9!19sChIJMb_gnXmjVogR524h3TtxOHY?authuser=0&hl=en&rclk=1
Amazon Sort Center CLT5,Distribution Centers,US,Charlotte NC,+1 866-446-5467,,,269,https://www.google.com/maps/place/Amazon+Sort+Center+CLT5/data=!4m7!3m6!1s0x885404a8de41d271:0x8d68cf5bdf7e62d3!8m2!3d35.3892276!4d-80.7181679!16s%2Fg%2F11bw4znpjr!19sChIJcdJB3qgEVIgR02J-31vPaI0?authuser=0&hl=en&rclk=1
Amazon Dcd6,Distribution Centers,US,Charlotte NC,,,,58,https://www.google.com/maps/place/Amazon+Dcd6/data=!4m7!3m6!1s0x885699002db5d6cd:0x53f1b3c8eff7b255!8m2!3d35.1844273!4d-80.9297059!16s%2Fg%2F11vrvl740k!19sChIJzda1LQCZVogRVbL378iz8VM?authuser=0&hl=en&rclk=1
CLT3 Amazon,Distribution Centers,US,Charlotte NC,+1 980-781-3492,,,219,https://www.google.com/maps/place/CLT3+Amazon/data=!4m7!3m6!1s0x885405faa71b5255:0x95c7a591b4f7305e!8m2!3d35.4399656!4d-80.6847112!16s%2Fg%2F11gnfs7d42!19sChIJVVIbp_oFVIgRXjD3tJGlx5U?authuser=0&hl=en&rclk=1
Amazon Fulfillment Center Tours - CLT4,Distribution Centers,US,Charlotte NC,,https://amazontours.com/na/onsite/clt4?utm_source=seo&utm_medium=g&utm_campaign=listings,,5,https://www.google.com/maps/place/Amazon+Fulfillment+Center+Tours+-+CLT4/data=!4m7!3m6!1s0x89ac61cc42cd2ff9:0x61f5bfd87c14b84d!8m2!3d35.2417368!4d-80.9651831!16s%2Fg%2F11v9_jhydr!19sChIJ-S_NQsxhrIkRTbgUfNi_9WE?authuser=0&hl=en&rclk=1
Amazon XLDS HCL2,Distribution Centers,US,Charlotte NC,,,,20,https://www.google.com/maps/place/Amazon+XLDS+HCL2/data=!4m7!3m6!1s0x8856a154d3af8495:0x12e437ec792700bb!8m2!3d35.1007795!4d-80.9156337!16s%2Fg%2F11rhrrwgh3!19sChIJlYSv01ShVogRuwAneew35BI?authuser=0&hl=en&rclk=1
Hartsfield Warehouse,Distribution Centers,US,Charlotte NC,+1 704-392-8204,http://www.hwclogistics.com/,info@hwclogistics.com,4,https://www.google.com/maps/place/Hartsfield+Warehouse/data=!4m7!3m6!1s0x8856a2c63e5cd40b:0x41ed2e4c01bc5354!8m2!3d35.2541735!4d-80.9753435!16s%2Fg%2F1vl9s611!19sChIJC9RcPsaiVogRVFO8AUwu7UE?authuser=0&hl=en&rclk=1
Big Sky Fulfillment,Distribution Centers,US,Charlotte NC,+1 406-214-3806,http://www.bigskyfulfillment.com/,team@bigskyfulfillment.com,12,https://www.google.com/maps/place/Big+Sky+Fulfillment/data=!4m7!3m6!1s0x88569b3aff1c21d3:0x4ff9a29ab3a5c2a7!8m2!3d35.1081221!4d-80.9544657!16s%2Fg%2F11p56mskvv!19sChIJ0yEc_zqbVogRp8Kls5qi-U8?authuser=0&hl=en&rclk=1
DLT3 Amazon Delivery Station,Distribution Centers,US,Charlotte NC,,,,188,https://www.google.com/maps/place/DLT3+Amazon+Delivery+Station/data=!4m7!3m6!1s0x8854059b8cb2f7d3:0x303153f2a0d98e28!8m2!3d35.4079017!4d-80.6966934!16s%2Fg%2F11lgkzs_nk!19sChIJ0_eyjJsFVIgRKI7ZoPJTMTA?authuser=0&hl=en&rclk=1
Fox Box 3PL - Fulfillment Center | Cross Dock | Amazon 3PL | Prep Center | DTC,Distribution Centers,US,Charlotte NC,+1 704-290-7876,https://foxbox3pl.com/,,2,https://www.google.com/maps/place/Fox+Box+3PL+-+Fulfillment+Center+%7C+Cross+Dock+%7C+Amazon+3PL+%7C+Prep+Center+%7C+DTC/data=!4m7!3m6!1s0x885699e8976d87a3:0xba1eb7154520cdf9!8m2!3d35.1697685!4d-80.9500027!16s%2Fg%2F11x_zzf_5w!19sChIJo4dtl-iZVogR-c0gRRW3Hro?authuser=0&hl=en&rclk=1
Bonded Logistics,Distribution Centers,US,Charlotte NC,+1 704-597-9638,http://www.bondedlogistics.com/,sales@bondedlogistics.com,83,https://www.google.com/maps/place/Bonded+Logistics/data=!4m7!3m6!1s0x88541e04d5e73e31:0x1a29afcc7b7f4140!8m2!3d35.2920188!4d-80.8006286!16s%2Fg%2F1tpllfnz!19sChIJMT7n1QQeVIgRQEF_e8yvKRo?authuser=0&hl=en&rclk=1
Corporate Fulfillment Systems,Distribution Centers,US,San Francisco CA,+1 415-552-6697,,,22,https://www.google.com/maps/place/Corporate+Fulfillment+Systems/data=!4m7!3m6!1s0x808f7e3abe20e4b1:0xe9a57f5c901861b3!8m2!3d37.7630763!4d-122.4140297!16s%2Fg%2F1tdcb0tc!19sChIJseQgvjp-j4ARs2EYkFx_pek?authuser=0&hl=en&rclk=1
Axcess Fulfillment and Prep Center,Distribution Centers,US,San Francisco CA,,https://www.axcessfulfillment.com/,support@axcessfulfillment.com,4,https://www.google.com/maps/place/Axcess+Fulfillment+and+Prep+Center/data=!4m7!3m6!1s0x808f7989095adfd5:0xc16b041ac39a0e28!8m2!3d37.646334!4d-122.4197578!16s%2Fg%2F11ybry1y8h!19sChIJ1d9aCYl5j4ARKA6awxoEa8E?authuser=0&hl=en&rclk=1
DSF5 - Amazon Delivery Station,Distribution Centers,US,San Francisco CA,,,,79,https://www.google.com/maps/place/DSF5+-+Amazon+Delivery+Station/data=!4m7!3m6!1s0x808f784a43cafac3:0x929cd943b9400159!8m2!3d37.6466079!4d-122.3976047!16s%2Fg%2F11c6t96hks!19sChIJw_rKQ0p4j4ARWQFAuUPZnJI?authuser=0&hl=en&rclk=1
Amazon Fulfillment Center- BFI4,Distribution Centers,US,Seattle WA,+1 866-216-1072,,,331,https://www.google.com/maps/place/Amazon+Fulfillment+Center-+BFI4/data=!4m7!3m6!1s0x54905c7df37af181:0x5151fb85a4c9c77e!8m2!3d47.4137515!4d-122.2578145!16s%2Fg%2F11bw5m3csy!19sChIJgfF6831ckFQRfsfJpIX7UVE?authuser=0&hl=en&rclk=1
"XPDEL Inc, Fulfillment Center Seattle",Distribution Centers,US,Seattle WA,,https://www.xpdel.com/location/fulfilment-center/seattle.html,customer.contact@xpdel.com,,"https://www.google.com/maps/place/XPDEL+Inc,+Fulfillment+Center+Seattle/data=!4m7!3m6!1s0x54905d002edee4ed:0x9821fa740c2ce596!8m2!3d47.4539083!4d-122.2476416!16s%2Fg%2F11vz5jw8lk!19sChIJ7eTeLgBdkFQRluUsDHT6IZg?authuser=0&hl=en&rclk=1"
UWA2 Amazon Fulfillment,Distribution Centers,US,Seattle WA,,,,4,https://www.google.com/maps/place/UWA2+Amazon+Fulfillment/data=!4m7!3m6!1s0x54901136c130209b:0x7add11c024f3661f!8m2!3d47.7279869!4d-122.3459414!16s%2Fg%2F11w7nvmck7!19sChIJmyAwwTYRkFQRH2bzJMAR3Xo?authuser=0&hl=en&rclk=1
AMAZON PRIME NOW (UCO1),Distribution Centers,US,Denver CO,+1 731-453-4719,,,96,https://www.google.com/maps/place/AMAZON+PRIME+NOW+%28UCO1%29/data=!4m7!3m6!1s0x876c79e20303810d:0x2f77fd8f1af4062d!8m2!3d39.7930774!4d-104.9815708!16s%2Fg%2F11ftg10hhs!19sChIJDYEDA-J5bIcRLQb0Go_9dy8?authuser=0&hl=en&rclk=1
DDE6 - Amazon,Distribution Centers,US,Denver CO,+1 303-579-2642,,,53,https://www.google.com/maps/place/DDE6+-+Amazon/data=!4m7!3m6!1s0x876c7969117d091f:0xa189f95a35fb511c!8m2!3d39.8079757!4d-104.9730224!16s%2Fg%2F11h4_b_50q!19sChIJHwl9EWl5bIcRHFH7NVr5iaE?authuser=0&hl=en&rclk=1
EIKZ Amazon,Distribution Centers,US,Denver CO,,,,53,https://www.google.com/maps/place/EIKZ+Amazon/data=!4m7!3m6!1s0x876c796fb64d5b01:0x2fe06d9c7a9e6ad7!8m2!3d39.8075981!4d-104.9741058!16s%2Fg%2F11mvg2c31z!19sChIJAVtNtm95bIcR12qeepxt4C8?authuser=0&hl=en&rclk=1
Bring Fulfillment,Distribution Centers,US,Denver CO,+1 775-813-1373,https://bringfulfillment.com/contact-us-lp/,info@bringfulfillment.com,4,https://www.google.com/maps/place/Bring+Fulfillment/data=!4m7!3m6!1s0x876c78589842b92d:0xaaeba159470a331!8m2!3d39.7771107!4d-105.0015888!16s%2Fg%2F11rghpzz7w!19sChIJLblCmFh4bIcRMaNwlBW6rgo?authuser=0&hl=en&rclk=1
QuickBox Fulfillment - Denver,Distribution Centers,US,Denver CO,+1 303-757-6500,http://www.quickbox.com/,sales@quickbox.com,99,https://www.google.com/maps/place/QuickBox+Fulfillment+-+Denver/data=!4m7!3m6!1s0x876c649ebc41d587:0xccc129b5f3f87be7!8m2!3d39.7819164!4d-104.8551498!16s%2Fg%2F11c74kmrd7!19sChIJh9VBvJ5kbIcR53v487Upwcw?authuser=0&hl=en&rclk=1
Elite Warehousing and Fulfillment,Distribution Centers,US,Denver CO,+1 720-826-4660,https://www.elitewarehousingandfulfillment.com/,info@elitewarehousingandfulfillment.com,10,https://www.google.com/maps/place/Elite+Warehousing+and+Fulfillment/data=!4m7!3m6!1s0x876c7b3fda03b5d7:0x6850e0ab5d7ed935!8m2!3d39.793054!4d-104.8668609!16s%2Fg%2F11pysz2h0v!19sChIJ17UD2j97bIcRNdl-XavgUGg?authuser=0&hl=en&rclk=1
VCO1 Amazon,Distribution Centers,US,Denver CO,,,,56,https://www.google.com/maps/place/VCO1+Amazon/data=!4m7!3m6!1s0x876c79bebdfbe127:0xd147e68a5ee3a9d1!8m2!3d39.8075981!4d-104.9741058!16s%2Fg%2F11sv105whm!19sChIJJ-H7vb55bIcR0anjXormR9E?authuser=0&hl=en&rclk=1
Davinci Micro Fulfillment,Distribution Centers,US,Denver CO,,https://davincimicrofulfillment.com/,,3,https://www.google.com/maps/place/Davinci+Micro+Fulfillment/data=!4m7!3m6!1s0x876c7b987b583199:0xe4c094163c3e4853!8m2!3d39.7965545!4d-104.8529411!16s%2Fg%2F11vj3tc0py!19sChIJmTFYe5h7bIcRU0g-PBaUwOQ?authuser=0&hl=en&rclk=1
FMG Denver Warehouse,Distribution Centers,US,Denver CO,+1 303-293-8440,http://fmgdenver.com/,contact@fmgdenver.com,74,https://www.google.com/maps/place/FMG+Denver+Warehouse/data=!4m7!3m6!1s0x876c785bf9400333:0x8649a26503b3df4d!8m2!3d39.7815118!4d-105.003707!16s%2Fg%2F1tfk0bdq!19sChIJMwNA-Vt4bIcRTd-zA2WiSYY?authuser=0&hl=en&rclk=1
Symbia Logistics,Distribution Centers,US,Denver CO,+1 720-941-6400,https://www.symbia.com/,,32,https://www.google.com/maps/place/Symbia+Logistics/data=!4m7!3m6!1s0x876c6f880ceb96d3:0x12f71755c1ade4aa!8m2!3d39.8495648!4d-104.7891405!16s%2Fg%2F11p068hyw4!19sChIJ05brDIhvbIcRquStwVUX9xI?authuser=0&hl=en&rclk=1
NewTrac Fulfillment Solutions,Distribution Centers,US,Denver CO,+1 303-993-7777,http://www.newtracfulfillmentsolutions.com/,info@newtracfulfillmentsolutions.com,12,https://www.google.com/maps/place/NewTrac+Fulfillment+Solutions/data=!4m7!3m6!1s0x876c7ffe4842f845:0xdb7cdc2f8d6b3d3a!8m2!3d39.5673472!4d-105.0045287!16s%2Fg%2F11g6xrnwj7!19sChIJRfhCSP5_bIcROj1rjS_cfNs?authuser=0&hl=en&rclk=1
Amazon Fulfillment Center (BNA2),Distribution Centers,US,Nashville TN,+1 866-216-1072,,,341,https://www.google.com/maps/place/Amazon+Fulfillment+Center+%28BNA2%29/data=!4m7!3m6!1s0x8864198d7ca1c473:0x14d976a479b23297!8m2!3d36.1202335!4d-86.4095511!16s%2Fg%2F1ptxnd85d!19sChIJc8ShfI0ZZIgRlzKyeaR22RQ?authuser=0&hl=en&rclk=1
MQY1 - Amazon Fulfillment Center work,Distribution Centers,US,Nashville TN,,,,230,https://www.google.com/maps/place/MQY1+-+Amazon+Fulfillment+Center+work/data=!4m7!3m6!1s0x886417ca046746ed:0x8c265771c14b49a1!8m2!3d36.1911437!4d-86.4798015!16s%2Fg%2F11pww9jb0b!19sChIJ7UZnBMoXZIgRoUlLwXFXJow?authuser=0&hl=en&rclk=1
Amazon STN1,Distribution Centers,US,Nashville TN,,,,137,https://www.google.com/maps/place/Amazon+STN1/data=!4m7!3m6!1s0x88646fa2b7465b11:0x22df3c6441eb2d8f!8m2!3d36.1080317!4d-86.6815922!16s%2Fg%2F11ft6sqh2w!19sChIJEVtGt6JvZIgRjy3rQWQ83yI?authuser=0&hl=en&rclk=1
Amazon HBN2,Distribution Centers,US,Nashville TN,+1 857-506-7477,,,23,https://www.google.com/maps/place/Amazon+HBN2/data=!4m7!3m6!1s0x8864694eb97127d3:0x817686685b852770!8m2!3d36.1519924!4d-86.7140489!16s%2Fg%2F11rxp7cklm!19sChIJ0ydxuU5pZIgRcCeFW2iGdoE?authuser=0&hl=en&rclk=1
Chewy Fulfillment Center BNA1,Distribution Centers,US,Nashville TN,+1 615-549-2320,http://www.chewy.com/,,119,https://www.google.com/maps/place/Chewy+Fulfillment+Center+BNA1/data=!4m7!3m6!1s0x886411bcef6c42a1:0x4aa465ab9648780f!8m2!3d36.0696943!4d-86.4448702!16s%2Fg%2F11tnhpdf0_!19sChIJoUJs77wRZIgRD3hIlqtlpEo?authuser=0&hl=en&rclk=1
Packaging Fulfillment,Distribution Centers,US,Nashville TN,+1 800-385-0289,http://www.packagingfulfillment.com/,,28,https://www.google.com/maps/place/Packaging+Fulfillment/data=!4m7!3m6!1s0x886472e0f395a6ed:0xd04395a932433464!8m2!3d36.0005872!4d-86.6028101!16s%2Fg%2F1th87w1d!19sChIJ7aaV8-ByZIgRZDRDMqmVQ9A?authuser=0&hl=en&rclk=1
Amazon Fulfillment Center - MQY1,Distribution Centers,US,Nashville TN,,https://amazontours.com/na/onsite/mqy1?utm_source=seo&utm_medium=g&utm_campaign=listings,,11,https://www.google.com/maps/place/Amazon+Fulfillment+Center+-+MQY1/data=!4m7!3m6!1s0x88641700786fd927:0xc13950d742c78fce!8m2!3d36.19114!4d-86.47981!16s%2Fg%2F11v9_jt0cz!19sChIJJ9lveAAXZIgRzo_HQtdQOcE?authuser=0&hl=en&rclk=1
Nom Nom Warehouse,Distribution Centers,US,Nashville TN,,http://nomnomnow.com/,care@nomnomnow.com,11,https://www.google.com/maps/place/Nom+Nom+Warehouse/data=!4m7!3m6!1s0x886467a7c4e5bf15:0xd4e9b39ec8b7b6a0!8m2!3d36.2087428!4d-86.7933334!16s%2Fg%2F11ql_6zlbv!19sChIJFb_lxKdnZIgRoLa3yJ6z6dQ?authuser=0&hl=en&rclk=1
Amazon OKC5 / OKC9 / HOK1,Distribution Centers,US,Oklahoma City OK,,,,296,https://www.google.com/maps/place/Amazon+OKC5+%2F+OKC9+%2F+HOK1/data=!4m7!3m6!1s0x87b20e5577126a6d:0x28cd319243fde958!8m2!3d35.4507851!4d-97.6527446!16s%2Fg%2F11f0ktgm73!19sChIJbWoSd1UOsocRWOn9Q5IxzSg?authuser=0&hl=en&rclk=1
Amazon DOK4,Distribution Centers,US,Oklahoma City OK,,,,149,https://www.google.com/maps/place/Amazon+DOK4/data=!4m7!3m6!1s0x87b23f500059d24d:0xa11c925705db0e0b!8m2!3d35.3980395!4d-97.4085871!16s%2Fg%2F11kyb117_b!19sChIJTdJZAFA_socRCw7bBVeSHKE?authuser=0&hl=en&rclk=1
Cytovance B100 - Warehouse,Distribution Centers,US,Oklahoma City OK,,,,4,https://www.google.com/maps/place/Cytovance+B100+-+Warehouse/data=!4m7!3m6!1s0x87b217eb0a8aa46f:0xb9d5a109db55c7a!8m2!3d35.5!4d-97.5091934!16s%2Fg%2F11h24tprtg!19sChIJb6SKCusXsocRely1nRBanQs?authuser=0&hl=en&rclk=1
Encore Fulfillment,Distribution Centers,US,Oklahoma City OK,+1 888-466-1981,https://www.encorefulfills.com/?utm_source=gbp&utm_medium=organic&utm_campaign=gbp,info@encore3pl.com,9,https://www.google.com/maps/place/Encore+Fulfillment/data=!4m7!3m6!1s0x87b21128328df135:0xc60af7e238c05435!8m2!3d35.47343!4d-97.5952282!16s%2Fg%2F11sm740w2g!19sChIJNfGNMigRsocRNVTAOOL3CsY?authuser=0&hl=en&rclk=1
705 Flex Warehouse,Distribution Centers,US,Oklahoma City OK,+1 405-721-6680,,,,https://www.google.com/maps/place/705+Flex+Warehouse/data=!4m7!3m6!1s0x87b21111bb9800eb:0xecaf13512b841ba6!8m2!3d35.474203!4d-97.602256!16s%2Fg%2F11x7d3j9g7!19sChIJ6wCYuxERsocRphuEK1ETr-w?authuser=0&hl=en&rclk=1
Moyer's Factory Warehouse,Distribution Centers,US,Oklahoma City OK,+1 405-235-2828,,,14,https://www.google.com/maps/place/Moyer%27s+Factory+Warehouse/data=!4m7!3m6!1s0x87b217254912073f:0x198e1ce82b4f4713!8m2!3d35.4732562!4d-97.5370858!16s%2Fg%2F11c3s8h3rh!19sChIJPwcSSSUXsocRE0dPK-gcjhk?authuser=0&hl=en&rclk=1
Metro Tech Warehouse,Distribution Centers,US,Oklahoma City OK,+1 405-776-9548,,,4,https://www.google.com/maps/place/Metro+Tech+Warehouse/data=!4m7!3m6!1s0x87b219d4f9d16813:0x625e2f708aa9fe7f!8m2!3d35.5119994!4d-97.4839037!16s%2Fg%2F11f35bkm_k!19sChIJE2jR-dQZsocRf_6pinAvXmI?authuser=0&hl=en&rclk=1
SOK1,Distribution Centers,US,Oklahoma City OK,+1 405-243-5109,,,45,https://www.google.com/maps/place/SOK1/data=!4m7!3m6!1s0x87b215007492b7c1:0x83f15366693c095e!8m2!3d35.3805807!4d-97.4881217!16s%2Fg%2F11vz5plm6c!19sChIJwbeSdAAVsocRXgk8aWZT8YM?authuser=0&hl=en&rclk=1
Endeavor Industries,Distribution Centers,US,Oklahoma City OK,+1 405-456-9967,https://endeavorinds.com/,info@dheshconstruction.com,18,https://www.google.com/maps/place/Endeavor+Industries/data=!4m7!3m6!1s0x87b211ba348d8451:0x804ca1f48e3ce4a9!8m2!3d35.4550155!4d-97.5957456!16s%2Fg%2F11t53k__rp!19sChIJUYSNNLoRsocRqeQ8jvShTIA?authuser=0&hl=en&rclk=1
Americold Logistics Oklahoma City,Distribution Centers,US,Oklahoma City OK,+1 405-235-4444,https://www.americold.com/,,93,https://www.google.com/maps/place/Americold+Logistics+Oklahoma+City/data=!4m7!3m6!1s0x87b211050632a5f3:0x4d3bd45600834119!8m2!3d35.4516685!4d-97.5595314!16s%2Fg%2F1trsyj5j!19sChIJ86UyBgURsocRGUGDAFbUO00?authuser=0&hl=en&rclk=1
ATC Logistics Center,Distribution Centers,US,Oklahoma City OK,+1 405-350-3612,http://www.atcreman.com/,,47,https://www.google.com/maps/place/ATC+Logistics+Center/data=!4m7!3m6!1s0x87b21758baab4471:0x8df1f617ead9d328!8m2!3d35.506357!4d-97.509175!16s%2Fg%2F11gfdd3mh0!19sChIJcUSrulgXsocRKNPZ6hf28Y0?authuser=0&hl=en&rclk=1
Food Saver Warehouse,Distribution Centers,US,Oklahoma City OK,+1 405-943-1200,http://www.foodsaverwarehouse.com/,,9,https://www.google.com/maps/place/Food+Saver+Warehouse/data=!4m7!3m6!1s0x87b210278612a6b3:0xabaffc1ae0797324!8m2!3d35.4703926!4d-97.6125832!16s%2Fg%2F1tgnml7k!19sChIJs6YShicQsocRJHN54Br8r6s?authuser=0&hl=en&rclk=1
One Fulfillment,Distribution Centers,US,Oklahoma City OK,+1 877-818-5195 ext. 2,https://www.onefulfillment.com/contactus.php,info@thedigitalgenerator.com,26,https://www.google.com/maps/place/One+Fulfillment/data=!4m7!3m6!1s0x87b21644036d3601:0xa14bd48bc07dafb3!8m2!3d35.4504031!4d-97.4654391!16s%2Fg%2F11cs4f6xvv!19sChIJATZtA0QWsocRs699wIvUS6E?authuser=0&hl=en&rclk=1
Amazon Fulfillment Center LAS8,Distribution Centers,US,Las Vegas NV,,,,4,https://www.google.com/maps/place/Amazon+Fulfillment+Center+LAS8/data=!4m7!3m6!1s0x80c8e700577371c5:0x98cbfc70d5f66629!8m2!3d36.26642!4d-115.0488275!16s%2Fg%2F11wnkrx8xn!19sChIJxXFzVwDnyIARKWb21XD8y5g?authuser=0&hl=en&rclk=1
Amazon Fulfillment Center VGT1,Distribution Centers,US,Las Vegas NV,,,,114,https://www.google.com/maps/place/Amazon+Fulfillment+Center+VGT1/data=!4m7!3m6!1s0x80c8e7c0fc000d9f:0xa2e7fdedc0b292e6!8m2!3d36.2711507!4d-115.0447718!16s%2Fg%2F11rh0kgr50!19sChIJnw0A_MDnyIAR5pKywO3956I?authuser=0&hl=en&rclk=1
DLV7 Amazon,Distribution Centers,US,Las Vegas NV,,,,115,https://www.google.com/maps/place/DLV7+Amazon/data=!4m7!3m6!1s0x80c8c3d463a39997:0x996d29ccfc0a270!8m2!3d36.1889954!4d-115.1312535!16s%2Fg%2F11qptjl6kg!19sChIJl5mjY9TDyIARcKLAz5zSlgk?authuser=0&hl=en&rclk=1
Amazon SC - VGT5,Distribution Centers,US,Las Vegas NV,,,,51,https://www.google.com/maps/place/Amazon+SC+-+VGT5/data=!4m7!3m6!1s0x80c8e7fe09bbcea3:0x1d02db111f9f9447!8m2!3d36.261179!4d-115.0267807!16s%2Fg%2F11q7g5f9dj!19sChIJo867Cf7nyIARR5SfHxHbAh0?authuser=0&hl=en&rclk=1
Amazon SNV1,Distribution Centers,US,Las Vegas NV,,,,122,https://www.google.com/maps/place/Amazon+SNV1/data=!4m7!3m6!1s0x80c8cf8b43c92a3d:0x9d38c3d8a5078ac4!8m2!3d36.0449536!4d-115.1891551!16s%2Fg%2F11p5jhh0l2!19sChIJPSrJQ4vPyIARxIoHpdjDOJ0?authuser=0&hl=en&rclk=1
LAS2 - Amazon Returns Center,Distribution Centers,US,Las Vegas NV,,https://www.amazon.jobs/,,231,https://www.google.com/maps/place/LAS2+-+Amazon+Returns+Center/data=!4m7!3m6!1s0x80c8c2b04f7060c3:0xaf723d859e57ef30!8m2!3d36.2288902!4d-115.1052715!16s%2Fg%2F11c56rdr1m!19sChIJw2BwT7DCyIARMO9XnoU9cq8?authuser=0&hl=en&rclk=1
Global Logistics and Fulfillment,Distribution Centers,US,Las Vegas NV,+1 702-505-9269,http://www.glogisticsfulfillment.com/,sales@glogisticsfulfillment.com,33,https://www.google.com/maps/place/Global+Logistics+and+Fulfillment/data=!4m7!3m6!1s0x80c8dd2f751c7c5d:0xab5b4ed515e1b9d9!8m2!3d36.2259559!4d-115.077156!16s%2Fg%2F11hbqdyd04!19sChIJXXwcdS_dyIAR2bnhFdVOW6s?authuser=0&hl=en&rclk=1
Amazon LAS5 Sort Center,Distribution Centers,US,Las Vegas NV,+1 888-280-4331,,,161,https://www.google.com/maps/place/Amazon+LAS5+Sort+Center/data=!4m7!3m6!1s0x80c8e7e90da031df:0xb8ac26d2d9ff9bf1!8m2!3d36.2633012!4d-115.0779064!16s%2Fg%2F11gbkshnp6!19sChIJ3zGgDennyIAR8Zv_2dImrLg?authuser=0&hl=en&rclk=1
Amazon IXD - VGT2,Distribution Centers,US,Las Vegas NV,,,,153,https://www.google.com/maps/place/Amazon+IXD+-+VGT2/data=!4m7!3m6!1s0x80c8e786b9d4ca17:0xdad283cffd3f7dce!8m2!3d36.257947!4d-115.0322437!16s%2Fg%2F11qnr7flv_!19sChIJF8rUuYbnyIARzn0__c-D0to?authuser=0&hl=en&rclk=1
Santa Fe Fulfillment,Distribution Centers,US,Las Vegas NV,+1 702-448-6090,http://www.santafefulfillment.com/,info@santafefulfillment.com,8,https://www.google.com/maps/place/Santa+Fe+Fulfillment/data=!4m7!3m6!1s0x80c8e74df89ab85f:0x5ac1fe39810c1f91!8m2!3d36.2701923!4d-115.0258007!16s%2Fg%2F11lssq4wy1!19sChIJX7ia-E3nyIARkR8MgTn-wVo?authuser=0&hl=en&rclk=1
Black Mountain Fulfillment,Distribution Centers,US,Las Vegas NV,+1 702-208-2463,http://www.blackmountainfulfillment.com/,sales@blackmountainfulfillment.com,10,https://www.google.com/maps/place/Black+Mountain+Fulfillment/data=!4m7!3m6!1s0x80c8d1badde644e7:0xab16a65d020e255b!8m2!3d36.2079746!4d-115.0805682!16s%2Fg%2F11ghg2y16_!19sChIJ50Tm3brRyIARWyUOAl2mFqs?authuser=0&hl=en&rclk=1
LAS2 Amazon Truck Entrance,Distribution Centers,US,Las Vegas NV,,,,36,https://www.google.com/maps/place/LAS2+Amazon+Truck+Entrance/data=!4m7!3m6!1s0x80c8c2a54bf6fcad:0x2a0a4b0bc17b2bc5!8m2!3d36.22979!4d-115.1074954!16s%2Fg%2F11c61f3tkr!19sChIJrfz2S6XCyIARxSt7wQtLCio?authuser=0&hl=en&rclk=1
Your Logistics Las Vegas,Distribution Centers,US,Las Vegas NV,+1 469-410-6224,https://yourlogisticscorp.com/las-vegas-fulfillment-center/,contact@yourlogisticscorp.com,2,https://www.google.com/maps/place/Your+Logistics+Las+Vegas/data=!4m7!3m6!1s0x80c8dd4744584d6d:0x41d1d49c78e287ab!8m2!3d36.2265939!4d-115.0772391!16s%2Fg%2F11p0vxgv1s!19sChIJbU1YREfdyIARq4fieJzU0UE?authuser=0&hl=en&rclk=1
Advantage Warehousing & Logistics,Distribution Centers,US,Las Vegas NV,+1 702-750-9911,https://www.advantagewarehousing.com/,,61,https://www.google.com/maps/place/Advantage+Warehousing+%26+Logistics/data=!4m7!3m6!1s0x80c8c63cced4cf01:0x8e0b6de86513ce1c!8m2!3d36.0617258!4d-115.2132406!16s%2Fg%2F11c3k518bn!19sChIJAc_UzjzGyIARHM4TZehtC44?authuser=0&hl=en&rclk=1
Amazon EUG5,Distribution Centers,US,Portland OR,,,,77,https://www.google.com/maps/place/Amazon+EUG5/data=!4m7!3m6!1s0x5495a77958c96f97:0xacf7bd34d3d9fb85!8m2!3d45.588398!4d-122.6704154!16s%2Fg%2F11rf9x0yr1!19sChIJl2_JWHmnlVQRhfvZ0zS996w?authuser=0&hl=en&rclk=1
Amazon FC (VOR3),Distribution Centers,US,Portland OR,,,,126,https://www.google.com/maps/place/Amazon+FC+%28VOR3%29/data=!4m7!3m6!1s0x5495a7604a5cf13d:0x34e58343dd87d243!8m2!3d45.588613!4d-122.6726502!16s%2Fg%2F11s9ysx4rt!19sChIJPfFcSmCnlVQRQ9KH3UOD5TQ?authuser=0&hl=en&rclk=1
Amazon (DPD2),Distribution Centers,US,Portland OR,,,,137,https://www.google.com/maps/place/Amazon+%28DPD2%29/data=!4m7!3m6!1s0x5495a755c425bc07:0xd687ea61caf1278e!8m2!3d45.5907648!4d-122.6779482!16s%2Fg%2F11mqgnctw9!19sChIJB7wlxFWnlVQRjifxymHqh9Y?authuser=0&hl=en&rclk=1
Amazon XLDS HPD1,Distribution Centers,US,Portland OR,,,,2,https://www.google.com/maps/place/Amazon+XLDS+HPD1/data=!4m7!3m6!1s0x5495a965a36384bd:0xbeabbe3ec2a116b!8m2!3d45.6332204!4d-122.7675441!16s%2Fg%2F11pcnkpypn!19sChIJvYRjo2WplVQRaxEq7OO76gs?authuser=0&hl=en&rclk=1
PDX9 Amazon,Distribution Centers,US,Portland OR,+1 888-892-7180,,,457,https://www.google.com/maps/place/PDX9+Amazon/data=!4m7!3m6!1s0x5495bd38120b8751:0xfc040883e1d4913e!8m2!3d45.5541633!4d-122.4000797!16s%2Fg%2F11qs92y8v_!19sChIJUYcLEji9lVQRPpHU4YMIBPw?authuser=0&hl=en&rclk=1
DPD8 (Amazon Fulfillment Center),Distribution Centers,US,Portland OR,,,,44,https://www.google.com/maps/place/DPD8+%28Amazon+Fulfillment+Center%29/data=!4m7!3m6!1s0x54950502ce9b5feb:0xb127cdf6b728e8c6!8m2!3d45.5548235!4d-122.9363992!16s%2Fg%2F11vkttl_53!19sChIJ61-bzgIFlVQRxugot_bNJ7E?authuser=0&hl=en&rclk=1
Amazon Sort Center - PDX5 Driver’s check in,Distribution Centers,US,Portland OR,,,,331,https://www.google.com/maps/place/Amazon+Sort+Center+-+PDX5+Driver%E2%80%99s+check+in/data=!4m7!3m6!1s0x549505a3b2225aff:0x1d2ee21a7b167552!8m2!3d45.5591724!4d-122.9204344!16s%2Fg%2F11c5gdxjdh!19sChIJ_1oisqMFlVQRUnUWexriLh0?authuser=0&hl=en&rclk=1
Annex Fulfillment,Distribution Centers,US,Portland OR,+1 503-287-0481,http://www.annexfulfillment.com/,hello@annexfulfillment.com,2,https://www.google.com/maps/place/Annex+Fulfillment/data=!4m7!3m6!1s0x5495a0d0346df0e7:0x3fb4a9495ac18dc6!8m2!3d45.5349981!4d-122.6290032!16s%2Fg%2F11c52c4r4c!19sChIJ5_BtNNCglVQRxo3BWkmptD8?authuser=0&hl=en&rclk=1
NW Industrial Amazon Prime Now (UOR2),Distribution Centers,US,Portland OR,,,,63,https://www.google.com/maps/place/NW+Industrial+Amazon+Prime+Now+%28UOR2%29/data=!4m7!3m6!1s0x549509499c507691:0x6e4c03c620225530!8m2!3d45.5573667!4d-122.7333244!16s%2Fg%2F11jbpy7wmm!19sChIJkXZQnEkJlVQRMFUiIMYDTG4?authuser=0&hl=en&rclk=1
"Fulfillment Corporation of America, A Source Logistics Company",Distribution Centers,US,Portland OR,+1 503-906-4101,https://sourcelogistics.com/,info@sourcelogistics.com,4,"https://www.google.com/maps/place/Fulfillment+Corporation+of+America,+A+Source+Logistics+Company/data=!4m7!3m6!1s0x54950c19d8a1d421:0x6ffb63c8204b0c9f!8m2!3d45.636055!4d-122.7628142!16s%2Fg%2F1vp6zx2f!19sChIJIdSh2BkMlVQRnwxLIMhj-28?authuser=0&hl=en&rclk=1"
Nike North America Logistics Campus,Distribution Centers,US,Memphis TN,+1 901-755-6453,,,364,https://www.google.com/maps/place/Nike+North+America+Logistics+Campus/data=!4m7!3m6!1s0x887f7f774fbb9ca5:0xa26676895b6acfd3!8m2!3d35.2230628!4d-89.9602488!16s%2Fg%2F11c18dkj__!19sChIJpZy7T3d_f4gR089qW4l2ZqI?authuser=0&hl=en&rclk=1
Amazon MEM5 - Sortation Center,Distribution Centers,US,Memphis TN,+1 901-805-3500,,,74,https://www.google.com/maps/place/Amazon+MEM5+-+Sortation+Center/data=!4m7!3m6!1s0x887f8fa198abb4cb:0x62ff1a343c816e25!8m2!3d35.0065966!4d-89.909604!16s%2Fg%2F11gxs06m__!19sChIJy7SrmKGPf4gRJW6BPDQa_2I?authuser=0&hl=en&rclk=1
TJX Warehouse,Distribution Centers,US,Memphis TN,+1 901-844-6400,,,83,https://www.google.com/maps/place/TJX+Warehouse/data=!4m7!3m6!1s0x887f88c5a14f3e51:0x63594ce1ee484495!8m2!3d35.0069656!4d-89.9355392!16s%2Fg%2F11dxjnwzm1!19sChIJUT5PocWIf4gRlURI7uFMWWM?authuser=0&hl=en&rclk=1
Staples Fufillment Center,Distribution Centers,US,Memphis TN,+1 901-365-1249,https://www.staples.com/,,43,https://www.google.com/maps/place/Staples+Fufillment+Center/data=!4m7!3m6!1s0x887f8f69dd28ef43:0xdfe2eb2d920dc948!8m2!3d35.0230683!4d-89.9055519!16s%2Fg%2F1262h7k1w!19sChIJQ-8o3WmPf4gRSMkNki3r4t8?authuser=0&hl=en&rclk=1
Alert Terminal Warehouse,Distribution Centers,US,Memphis TN,+1 901-525-6856,https://alertwarehouse.com/,info@alertwarehouse.com,16,https://www.google.com/maps/place/Alert+Terminal+Warehouse/data=!4m7!3m6!1s0x87d57fb51a2e6361:0x9b6349627363bddf!8m2!3d35.172645!4d-90.0207946!16s%2Fg%2F1tdxldqb!19sChIJYWMuGrV_1YcR371jc2JJY5s?authuser=0&hl=en&rclk=1
Amazon Fulfillment Center (SDF4),Distribution Centers,US,Louisville KY,,,,227,https://www.google.com/maps/place/Amazon+Fulfillment+Center+%28SDF4%29/data=!4m7!3m6!1s0x886901558a154adf:0x584dfbd71863cf75!8m2!3d37.9796751!4d-85.6843995!16s%2Fg%2F1vd76nj2!19sChIJ30oVilUBaYgRdc9jGNf7TVg?authuser=0&hl=en&rclk=1
Amazon (DKY8),Distribution Centers,US,Louisville KY,,,,163,https://www.google.com/maps/place/Amazon+%28DKY8%29/data=!4m7!3m6!1s0x88690f12bc057563:0xa8e6d528aa639c57!8m2!3d38.0690075!4d-85.6985015!16s%2Fg%2F11q2xmh89s!19sChIJY3UFvBIPaYgRV5xjqijV5qg?authuser=0&hl=en&rclk=1
Zappos (Amazon),Distribution Centers,US,Louisville KY,,,,56,https://www.google.com/maps/place/Zappos+%28Amazon%29/data=!4m7!3m6!1s0x88690fcbf301f4fd:0xed908ccdbccc255!8m2!3d38.1399955!4d-85.702373!16s%2Fg%2F11rvhvfgs1!19sChIJ_fQB88sPaYgRVcLM28wI2Q4?authuser=0&hl=en&rclk=1
PPM Fulfillment,Distribution Centers,US,Louisville KY,+1 502-426-8750,http://home.ppmfulfillment.com/,info@ppmfulfillment.com,16,https://www.google.com/maps/place/PPM+Fulfillment/data=!4m7!3m6!1s0x88699eb4dd8166a9:0xd562a6042cef6646!8m2!3d38.161911!4d-85.6609268!16s%2Fg%2F1tfmjkfh!19sChIJqWaB3bSeaYgRRmbvLASmYtU?authuser=0&hl=en&rclk=1
Fulfillment Concepts,Distribution Centers,US,Louisville KY,+1 800-357-2800,https://www.fulfillmentconcepts.com/,,9,https://www.google.com/maps/place/Fulfillment+Concepts/data=!4m7!3m6!1s0x8869a1baea6c58f7:0x2742ca43522cf7aa!8m2!3d38.2121768!4d-85.5485065!16s%2Fg%2F1tk8pb7l!19sChIJ91hs6rqhaYgRqvcsUkPKQic?authuser=0&hl=en&rclk=1
Louisville Seventh 3PL LLC,Distribution Centers,US,Louisville KY,+1 502-636-5817,https://www.louisvilleseventh.com/,rgallegos@industriallogisticsgroup.com,56,https://www.google.com/maps/place/Louisville+Seventh+3PL+LLC/data=!4m7!3m6!1s0x8869125709ec130f:0xf918d08c05f92497!8m2!3d38.2095233!4d-85.7874687!16s%2Fg%2F1tjz8ppw!19sChIJDxPsCVcSaYgRlyT5BYzQGPk?authuser=0&hl=en&rclk=1
Launch Fulfillment,Distribution Centers,US,Louisville KY,+1 502-901-7506,https://launchfulfillment.com/,,4,https://www.google.com/maps/place/Launch+Fulfillment/data=!4m7!3m6!1s0x88690579ef02834b:0x8508d9e1b2592563!8m2!3d38.0340611!4d-85.7100704!16s%2Fg%2F11t3c44f8p!19sChIJS4MC73kFaYgRYyVZsuHZCIU?authuser=0&hl=en&rclk=1
Comoto Inc Distribution Center,Distribution Centers,US,Louisville KY,,https://ridecomoto.com/,,37,https://www.google.com/maps/place/Comoto+Inc+Distribution+Center/data=!4m7!3m6!1s0x8869129e504afacb:0x5add8e916b1b8d2b!8m2!3d38.2165455!4d-85.7683121!16s%2Fg%2F11gy7zgs_v!19sChIJy_pKUJ4SaYgRK40ba5GO3Vo?authuser=0&hl=en&rclk=1
ShipMonk,Distribution Centers,US,Louisville KY,+1 855-222-4601,https://www.shipmonk.com/?utm_source=gmb_listing&utm_medium=organic,,60,https://www.google.com/maps/place/ShipMonk/data=!4m7!3m6!1s0x886917d1c2ba7a79:0x9406de38c43e6329!8m2!3d38.1572494!4d-85.8878854!16s%2Fg%2F11jcfx76v2!19sChIJeXq6wtEXaYgRKWM-xDjeBpQ?authuser=0&hl=en&rclk=1
DCA1 Amazon Fulfillment Center,Distribution Centers,US,Baltimore MD,,,,407,https://www.google.com/maps/place/DCA1+Amazon+Fulfillment+Center/data=!4m7!3m6!1s0x89c8011af9c02223:0x45482141db669144!8m2!3d39.2309156!4d-76.4703293!16s%2Fg%2F11gxh571j8!19sChIJIyLA-RoByIkRRJFm20EhSEU?authuser=0&hl=en&rclk=1
BWI2 Amazon Truck Entrance,Distribution Centers,US,Baltimore MD,,,,28,https://www.google.com/maps/place/BWI2+Amazon+Truck+Entrance/data=!4m7!3m6!1s0x89c8037a3389230f:0x24bce306d198c7d1!8m2!3d39.2674171!4d-76.5490269!16s%2Fg%2F11rhwj6m80!19sChIJDyOJM3oDyIkR0ceY0QbjvCQ?authuser=0&hl=en&rclk=1
DMD5 Amazon,Distribution Centers,US,Baltimore MD,,,,29,https://www.google.com/maps/place/DMD5+Amazon/data=!4m7!3m6!1s0x89c801be6e52aa67:0xb88bbd5348a92fce!8m2!3d39.2653346!4d-76.5390451!16s%2Fg%2F11q97t789j!19sChIJZ6pSbr4ByIkRzi-pSFO9i7g?authuser=0&hl=en&rclk=1
"Wantable, Inc. Fulfillment Center",Distribution Centers,US,Milwaukee WI,+1 855-926-8225,https://www.wantable.com/,,15,"https://www.google.com/maps/place/Wantable,+Inc.+Fulfillment+Center/data=!4m7!3m6!1s0x880517849cc9caed:0xad8b1f2cf1a80ccf!8m2!3d42.94775!4d-87.9161148!16s%2Fg%2F11gy2p1lrk!19sChIJ7crJnIQXBYgRzwyo8Swfi60?authuser=0&hl=en&rclk=1"
Amazon SWI1,Distribution Centers,US,Milwaukee WI,+1 262-746-2546,,,148,https://www.google.com/maps/place/Amazon+SWI1/data=!4m7!3m6!1s0x8805a928351586ab:0x68d184fad6700c2b!8m2!3d43.0732293!4d-88.2096808!16s%2Fg%2F11nnv3y62h!19sChIJq4YVNSipBYgRKwxw1vqE0Wg?authuser=0&hl=en&rclk=1
Amazon HMK4,Distribution Centers,US,Milwaukee WI,,,,31,https://www.google.com/maps/place/Amazon+HMK4/data=!4m7!3m6!1s0x88050978782d3847:0x95cae8d7dd4d4d3e!8m2!3d42.9364698!4d-88.12089!16s%2Fg%2F11q3q3z600!19sChIJRzgteHgJBYgRPk1N3dfoypU?authuser=0&hl=en&rclk=1
Pattawatamy bingo warehouse,Distribution Centers,US,Milwaukee WI,,,,,https://www.google.com/maps/place/Pattawatamy+bingo+warehouse/data=!4m7!3m6!1s0x88051b007f4c2a7f:0x53a2802b0bca37a4!8m2!3d43.0095937!4d-87.9753058!16s%2Fg%2F11zgqyhhr6!19sChIJfypMfwAbBYgRpDfKCyuAolM?authuser=0&hl=en&rclk=1
MKE1 Fulfillment Center,Distribution Centers,US,Milwaukee WI,,https://amazontours.com/na/onsite/mke2,,51,https://www.google.com/maps/place/MKE1+Fulfillment+Center/data=!4m7!3m6!1s0x880563722c5fa001:0x3023f6ab944db617!8m2!3d42.6081936!4d-87.9482655!16s%2Fg%2F11h01w_509!19sChIJAaBfLHJjBYgRF7ZNlKv2IzA?authuser=0&hl=en&rclk=1
DML6 Amazon Delivery Station,Distribution Centers,US,Milwaukee WI,,,,43,https://www.google.com/maps/place/DML6+Amazon+Delivery+Station/data=!4m7!3m6!1s0x8805051a71df5d69:0x9215aee8ffc62284!8m2!3d43.0771345!4d-88.0592993!16s%2Fg%2F11qg33dw12!19sChIJaV3fcRoFBYgRhCLG_-iuFZI?authuser=0&hl=en&rclk=1
warehouse no 1,Distribution Centers,US,Milwaukee WI,+1 414-276-9500,,,1,https://www.google.com/maps/place/warehouse+no+1/data=!4m7!3m6!1s0x880519aff8555555:0x6deb9097f635e88!8m2!3d43.0301309!4d-87.9039321!16s%2Fg%2F11fx7wy6yh!19sChIJVVVV-K8ZBYgRiF5jfwm53gY?authuser=0&hl=en&rclk=1
"Lincoln Warehouse, Inc.",Distribution Centers,US,Milwaukee WI,+1 414-744-2018,http://www.lincolnwarehouse.com/,,57,"https://www.google.com/maps/place/Lincoln+Warehouse,+Inc./data=!4m7!3m6!1s0x880519dc4ed1040b:0x82ebf558bd045070!8m2!3d43.0070194!4d-87.9106494!16s%2Fg%2F1tfq9t5v!19sChIJCwTRTtwZBYgRcFAEvVj164I?authuser=0&hl=en&rclk=1"
Lakefront Brewery Warehouse,Distribution Centers,US,Milwaukee WI,,,,2,https://www.google.com/maps/place/Lakefront+Brewery+Warehouse/data=!4m7!3m6!1s0x88051fb9cb902e3f:0xd805e746e9fd92d2!8m2!3d43.0826379!4d-87.9090107!16s%2Fg%2F11tdl9vv51!19sChIJPy6Qy7kfBYgR0pL96UbnBdg?authuser=0&hl=en&rclk=1
Brandt Warehouse,Distribution Centers,US,Fresno CA,,,,5,https://www.google.com/maps/place/Brandt+Warehouse/data=!4m7!3m6!1s0x8094f59319199e25:0xc12bf3d9077704fd!8m2!3d36.68311!4d-119.72112!16s%2Fg%2F11dxdcqvfp!19sChIJJZ4ZGZP1lIAR_QR3B9nzK8E?authuser=0&hl=en&rclk=1
Amazon HOU8 Truck Entrance,Distribution Centers,US,Fresno CA,,,,40,https://www.google.com/maps/place/Amazon+HOU8+Truck+Entrance/data=!4m7!3m6!1s0x8640ef033ef24623:0x70a95fbe5da040d5!8m2!3d29.5429677!4d-95.4969359!16s%2Fg%2F11l2ffgrx_!19sChIJI0byPgPvQIYR1UCgXb5fqXA?authuser=0&hl=en&rclk=1
Flex Warehouse,Distribution Centers,US,Fresno CA,,,,45,https://www.google.com/maps/place/Flex+Warehouse/data=!4m7!3m6!1s0x80945ffe39d95171:0x15e959379d9526ac!8m2!3d36.7600893!4d-119.7051832!16s%2Fg%2F11y3t6mkx3!19sChIJcVHZOf5flIARrCaVnTdZ6RU?authuser=0&hl=en&rclk=1
Fresno City College: Warehouse/Receiving,Distribution Centers,US,Fresno CA,,,,,https://www.google.com/maps/place/Fresno+City+College:+Warehouse%2FReceiving/data=!4m7!3m6!1s0x8094670038e32433:0xfdeb5a72e1d0bfcf!8m2!3d36.7685611!4d-119.7958352!16s%2Fg%2F11xgs68hbd!19sChIJMyTjOABnlIARz7_Q4XJa6_0?authuser=0&hl=en&rclk=1
Steel & O'Brien - West Coast Fulfillment Center,Distribution Centers,US,Fresno CA,+1 585-492-5800,https://www.steelobrien.com/,,4,https://www.google.com/maps/place/Steel+%26+O%27Brien+-+West+Coast+Fulfillment+Center/data=!4m7!3m6!1s0x80945f90cccb12d9:0x51a511eb677cf89a!8m2!3d36.6863052!4d-119.7720991!16s%2Fg%2F11lcmbzvr2!19sChIJ2RLLzJBflIARmvh8Z-sRpVE?authuser=0&hl=en&rclk=1
Amazon SMF6,Distribution Centers,US,Sacramento CA,,,,119,https://www.google.com/maps/place/Amazon+SMF6/data=!4m7!3m6!1s0x809b2b7132b7dd1d:0x967e9729df7c985c!8m2!3d38.7069684!4d-121.5728921!16s%2Fg%2F11mwhbbd9b!19sChIJHd23MnErm4ARXJh83ymXfpY?authuser=0&hl=en&rclk=1
Atlanta Equipment Fulfillment Center,Distribution Centers,US,Atlanta GA,+1 404-629-4029,,,1,https://www.google.com/maps/place/Atlanta+Equipment+Fulfillment+Center/data=!4m7!3m6!1s0x88f51efd275c74cb:0x2c5331527685e36c!8m2!3d33.731829!4d-84.5615683!16s%2Fg%2F11c30tvn_g!19sChIJy3RcJ_0e9YgRbOOFdlIxUyw?authuser=0&hl=en&rclk=1
Porter Logistics Atlanta 3PL Warehouse - Facility 2,Distribution Centers,US,Atlanta GA,+1 404-574-4641,https://www.porter-logistics.com/locations/atlanta/atlanta-3pl-warehouse-facility-2,,168,https://www.google.com/maps/place/Porter+Logistics+Atlanta+3PL+Warehouse+-+Facility+2/data=!4m7!3m6!1s0x88f51eebcb67b443:0xf5b7b7ba4298d8b9!8m2!3d33.7405906!4d-84.5479603!16s%2Fg%2F1v6wq4xl!19sChIJQ7Rny-se9YgRudiYQrq3t_U?authuser=0&hl=en&rclk=1
Porter Logistics Atlanta 3PL Warehouse - Facility 1,Distribution Centers,US,Atlanta GA,+1 404-574-4641,https://www.porter-logistics.com/locations/atlanta/atlanta-3pl-warehouse-facility-1,,42,https://www.google.com/maps/place/Porter+Logistics+Atlanta+3PL+Warehouse+-+Facility+1/data=!4m7!3m6!1s0x88f51f2cdc78a9b7:0x2097badc4072c31f!8m2!3d33.7410485!4d-84.545873!16s%2Fg%2F11xfr1d7dt!19sChIJt6l43Cwf9YgRH8NyQNy6lyA?authuser=0&hl=en&rclk=1
QuickBox Fulfillment - Atlanta,Distribution Centers,US,Atlanta GA,+1 303-757-6500,http://www.quickbox.com/,sales@quickbox.com,35,https://www.google.com/maps/place/QuickBox+Fulfillment+-+Atlanta/data=!4m7!3m6!1s0x88f4fdee0343e3df:0x2c433dc5803aa260!8m2!3d33.6143219!4d-84.5065784!16s%2Fg%2F11j0yb9fq8!19sChIJ3-NDA-799IgRYKI6gMU9Qyw?authuser=0&hl=en&rclk=1
All Points Third-Party Logistics,Distribution Centers,US,Atlanta GA,+1 404-352-5508,https://allpointsatl.com/,info@allpointsatl.com,68,https://www.google.com/maps/place/All+Points+Third-Party+Logistics/data=!4m7!3m6!1s0x88f504d47e4ee8ad:0x394f4d00276bd0b8!8m2!3d33.7518484!4d-84.5469585!16s%2Fg%2F1tx8v16y!19sChIJrehOftQE9YgRuNBrJwBNTzk?authuser=0&hl=en&rclk=1
Stord Fulfillment- ATL,Distribution Centers,US,Atlanta GA,,http://stord.com/,sales@stord.com,64,https://www.google.com/maps/place/Stord+Fulfillment-+ATL/data=!4m7!3m6!1s0x88f4e142373a4a2f:0x407e432175294040!8m2!3d33.6173142!4d-84.5505542!16s%2Fg%2F11rd9jq1y0!19sChIJL0o6N0Lh9IgRQEApdSFDfkA?authuser=0&hl=en&rclk=1
Atlanta warehouse,Distribution Centers,US,Atlanta GA,,,,6,https://www.google.com/maps/place/Atlanta+warehouse/data=!4m7!3m6!1s0x88f4e182242cbf83:0xe88277f1bad7d82c!8m2!3d33.6372463!4d-84.5225878!16s%2Fg%2F11nm_tmnrw!19sChIJg78sJILh9IgRLNjXuvF3gug?authuser=0&hl=en&rclk=1
"Atlanta Service Warehouse, INC.",Distribution Centers,US,Atlanta GA,+1 404-699-5999,http://www.aswdl.com/,,18,"https://www.google.com/maps/place/Atlanta+Service+Warehouse,+INC./data=!4m7!3m6!1s0x88f51f21bffc2c3f:0xa8fd7d8f76a2528e!8m2!3d33.7453601!4d-84.5683664!16s%2Fg%2F1xcbqgb4!19sChIJPyz8vyEf9YgRjlKido99_ag?authuser=0&hl=en&rclk=1"
Bridge Distribution and Fulfillment,Distribution Centers,US,Atlanta GA,+1 678-224-6196,https://bridgedist.com/,info@bridgedist.com,5,https://www.google.com/maps/place/Bridge+Distribution+and+Fulfillment/data=!4m7!3m6!1s0x88f51478a6bfffff:0x15dc24dbeb9db1ff!8m2!3d33.8304334!4d-84.5095882!16s%2Fg%2F11k6f6_8n7!19sChIJ__-_pngU9YgR_7Gd69sk3BU?authuser=0&hl=en&rclk=1
Amazon Fulfillment Center MCI4,Distribution Centers,US,Kansas City MO,,,,5,https://www.google.com/maps/place/Amazon+Fulfillment+Center+MCI4/data=!4m7!3m6!1s0x87c05d002cfc3605:0xf99617bded92715e!8m2!3d39.3397251!4d-94.7029517!16s%2Fg%2F11zcddnn6h!19sChIJBTb8LABdwIcRXnGS7b0Xlvk?authuser=0&hl=en&rclk=1
Amazon Fulfillment Center VSK1/FOE1,Distribution Centers,US,Kansas City MO,,,,195,https://www.google.com/maps/place/Amazon+Fulfillment+Center+VSK1%2FFOE1/data=!4m7!3m6!1s0x87c08b58e825ce55:0xe1edbb0e8b6abe83!8m2!3d39.1488401!4d-94.8003354!16s%2Fg%2F11mtjf6v1l!19sChIJVc4l6FiLwIcRg75qiw677eE?authuser=0&hl=en&rclk=1
Amazon DLI3,Distribution Centers,US,Kansas City MO,,http://amazon.jobs/,,135,https://www.google.com/maps/place/Amazon+DLI3/data=!4m7!3m6!1s0x87c0f51d98b9b627:0xe66097baab687707!8m2!3d39.1686847!4d-94.6519231!16s%2Fg%2F11qwxn2wbb!19sChIJJ7a5mB31wIcRB3doq7qXYOY?authuser=0&hl=en&rclk=1
Fulfillment Plus Inc,Distribution Centers,US,Kansas City MO,+1 816-221-4700,https://www.fulfillment-kc.com/,questions@fulfillment-kc.com,13,https://www.google.com/maps/place/Fulfillment+Plus+Inc/data=!4m7!3m6!1s0x87c0fa0f2bbb694b:0xdf92ddc6a14065f1!8m2!3d39.1359487!4d-94.5571069!16s%2Fg%2F1td25zj5!19sChIJS2m7Kw_6wIcR8WVAocbdkt8?authuser=0&hl=en&rclk=1
National Fulfillment Service,Distribution Centers,US,Kansas City MO,,http://www.nfsrv.com/,,3,https://www.google.com/maps/place/National+Fulfillment+Service/data=!4m7!3m6!1s0x87c0fb1439d6bc1b:0x3599bda89077c526!8m2!3d39.1435904!4d-94.5187996!16s%2Fg%2F11nns22nt6!19sChIJG7zWORT7wIcRJsV3kKi9mTU?authuser=0&hl=en&rclk=1
Staples Fulfilment Center #741,Distribution Centers,US,Kansas City MO,,,,7,https://www.google.com/maps/place/Staples+Fulfilment+Center+%23741/data=!4m7!3m6!1s0x87c0ff069bd3b615:0xd56b6651ebd44a12!8m2!3d39.1686368!4d-94.4343535!16s%2Fg%2F11h0b601sy!19sChIJFbbTmwb_wIcREkrU61Fma9U?authuser=0&hl=en&rclk=1
OpenStore Fulfillment Center,Distribution Centers,US,Kansas City MO,,https://www.jackarcher.com/,press@jackarcher.com,1,https://www.google.com/maps/place/OpenStore+Fulfillment+Center/data=!4m7!3m6!1s0x87c0fb68f1856e11:0x71cc511de941267e!8m2!3d39.1425998!4d-94.4969042!16s%2Fg%2F11m5zthtq_!19sChIJEW6F8Wj7wIcRfiZB6R1RzHE?authuser=0&hl=en&rclk=1
Amazon MCI5,Distribution Centers,US,Kansas City MO,+1 855-254-8971,,,365,https://www.google.com/maps/place/Amazon+MCI5/data=!4m7!3m6!1s0x87c095afebba122b:0xee8b409c71ca7665!8m2!3d38.921271!4d-94.782689!16s%2Fg%2F11b6d9fc95!19sChIJKxK666-VwIcRZXbKcZxAi-4?authuser=0&hl=en&rclk=1
U-Haul Fulfillment Center of Kansas City,Distribution Centers,US,Kansas City MO,+1 816-231-8210,http://www.uhaul.com/,,40,https://www.google.com/maps/place/U-Haul+Fulfillment+Center+of+Kansas+City/data=!4m7!3m6!1s0x87c0fbce42bb8d17:0x94eaf0425f60a941!8m2!3d39.1422928!4d-94.5094962!16s%2Fg%2F11c1xq6_lw!19sChIJF427Qs77wIcRQalgX0Lw6pQ?authuser=0&hl=en&rclk=1
Advanced Logistics & Fulfillment,Distribution Centers,US,Kansas City MO,+1 816-452-0600,http://advancedlogisticsandfulfillment.com/,,22,https://www.google.com/maps/place/Advanced+Logistics+%26+Fulfillment/data=!4m7!3m6!1s0x87c0feb01c93c35f:0x8e713f9109d6550b!8m2!3d39.1604325!4d-94.4738587!16s%2Fg%2F1tfvhr0r!19sChIJX8OTHLD-wIcRC1XWCZE_cY4?authuser=0&hl=en&rclk=1
Fast Fulfillment,Distribution Centers,US,Kansas City MO,+1 913-387-3213,https://fastfulfillment.com/,info@fastfulfillment.com,7,https://www.google.com/maps/place/Fast+Fulfillment/data=!4m7!3m6!1s0x87c095274d2d7313:0x169edf27b0f82c7f!8m2!3d38.929809!4d-94.7593622!16s%2Fg%2F11wx71f68q!19sChIJE3MtTSeVwIcRfyz4sCffnhY?authuser=0&hl=en&rclk=1
"Logic Warehouse, LLC",Distribution Centers,US,Kansas City MO,+1 816-897-8002,http://www.logic-warehouse.com/,info@logic-warehouse.com,4,"https://www.google.com/maps/place/Logic+Warehouse,+LLC/data=!4m7!3m6!1s0x87c0ff2c0ed40467:0x6967b44df04ff19c!8m2!3d39.1687229!4d-94.472546!16s%2Fg%2F11m9nc30vf!19sChIJZwTUDiz_wIcRnPFP8E20Z2k?authuser=0&hl=en&rclk=1"
Logic Warehouse,Distribution Centers,US,Kansas City MO,,https://www.logic-warehouse.com/,info@logic-warehouse.com,3,https://www.google.com/maps/place/Logic+Warehouse/data=!4m7!3m6!1s0x87c0fb316b374d7f:0x6fbed18a3c481781!8m2!3d39.1331712!4d-94.5618625!16s%2Fg%2F11vkcfck3v!19sChIJf003azH7wIcRgRdIPIrRvm8?authuser=0&hl=en&rclk=1
Amazon RDU2,Distribution Centers,US,Raleigh NC,,,,263,https://www.google.com/maps/place/Amazon+RDU2/data=!4m7!3m6!1s0x89ac6d006b41590b:0xd89d9765f1672b5f!8m2!3d35.5393188!4d-78.3751898!16s%2Fg%2F11vsj86h64!19sChIJC1lBawBtrIkRXytn8WWXndg?authuser=0&hl=en&rclk=1
Great Outdoor Provision Co. (Fulfillment Center),Distribution Centers,US,Raleigh NC,,https://www.greatoutdoorprovision.com/,,1,https://www.google.com/maps/place/Great+Outdoor+Provision+Co.+%28Fulfillment+Center%29/data=!4m7!3m6!1s0x89acf5fad202123f:0x575d4a4852fa34f3!8m2!3d35.793392!4d-78.6923426!16s%2Fg%2F11vdy849j6!19sChIJPxIC0vr1rIkR8zT6UkhKXVc?authuser=0&hl=en&rclk=1
RDU1 Amazon Fulfillment Center Tours,Distribution Centers,US,Raleigh NC,,https://amazontours.com/na/onsite/rdu1?utm_source=seo&utm_medium=g&utm_campaign=listings,,6,https://www.google.com/maps/place/RDU1+Amazon+Fulfillment+Center+Tours/data=!4m7!3m6!1s0x89ac61e838c924d7:0x318cb2fff73ad428!8m2!3d35.7156141!4d-78.5883074!16s%2Fg%2F11vd8hld11!19sChIJ1yTJOOhhrIkRKNQ69_-yjDE?authuser=0&hl=en&rclk=1
NCSU Materials Support Warehouse,Distribution Centers,US,Raleigh NC,+1 919-515-2197,https://procurement.ofa.ncsu.edu/our-services/warehouse-services/,mswarehouse@ncsu.edu,1,https://www.google.com/maps/place/NCSU+Materials+Support+Warehouse/data=!4m7!3m6!1s0x89acf55c157b8a23:0xe7caaa1b4b69efd6!8m2!3d35.7885391!4d-78.7003044!16s%2Fg%2F11l1d645dp!19sChIJI4p7FVz1rIkR1u9pSxuqyuc?authuser=0&hl=en&rclk=1
Carolina Ballet Warehouse,Distribution Centers,US,Raleigh NC,,https://www.carolinaballet.com/,,1,https://www.google.com/maps/place/Carolina+Ballet+Warehouse/data=!4m7!3m6!1s0x89ac5ea67baf5e97:0xc4e6729fe879f612!8m2!3d35.7907078!4d-78.5712849!16s%2Fg%2F11clgrds4s!19sChIJl16ve6ZerIkREvZ56J9y5sQ?authuser=0&hl=en&rclk=1
"The Open Source Fulfillment Center, Inc",Distribution Centers,US,Raleigh NC,+1 919-881-7546,,,,"https://www.google.com/maps/place/The+Open+Source+Fulfillment+Center,+Inc/data=!4m7!3m6!1s0x89acf708d41b01d3:0x9a24bd2dd1c0aa70!8m2!3d46.423669!4d-129.9427086!16s%2Fg%2F11clsyn1_n!19sChIJ0wEb1Aj3rIkRcKrA0S29JJo?authuser=0&hl=en&rclk=1"
Amazon Fulfillment Center Tours - GEG1,Distribution Centers,US,Raleigh NC,,https://amazontours.com/na/onsite/geg1?utm_source=seo&utm_medium=g&utm_campaign=listings,,17,https://www.google.com/maps/place/Amazon+Fulfillment+Center+Tours+-+GEG1/data=!4m7!3m6!1s0x89ac610986bf9ca7:0x7988d3f2412c2c25!8m2!3d35.7158746!4d-78.5881921!16s%2Fg%2F11l22d04yw!19sChIJp5y_hglhrIkRJSwsQfLTiHk?authuser=0&hl=en&rclk=1
Raleigh Founded - Warehouse,Distribution Centers,US,Raleigh NC,+1 919-300-6917,http://raleighfounded.com/,leasing@raleighfounded.com,155,https://www.google.com/maps/place/Raleigh+Founded+-+Warehouse/data=!4m7!3m6!1s0x89ac5f64915fb76d:0xd1d2e1a0cb4d4dee!8m2!3d35.776569!4d-78.6454146!16s%2Fg%2F1pp2wzvrd!19sChIJbbdfkWRfrIkR7k1Ny6Dh0tE?authuser=0&hl=en&rclk=1
Amazon SMN1,Distribution Centers,US,Minneapolis MN,,,,90,https://www.google.com/maps/place/Amazon+SMN1/data=!4m7!3m6!1s0x52b3396f34b62a83:0xdb0c1199e6511630!8m2!3d45.1199317!4d-93.3795485!16s%2Fg%2F11nwwxbkwc!19sChIJgyq2NG85s1IRMBZR5pkRDNs?authuser=0&hl=en&rclk=1
Amazon Prime Now,Distribution Centers,US,Minneapolis MN,+1 888-280-4331,https://www.amazon.jobs/,,159,https://www.google.com/maps/place/Amazon+Prime+Now/data=!4m7!3m6!1s0x52b32cfcbea1d869:0x9db385f57d0b96f2!8m2!3d44.9834623!4d-93.2172447!16s%2Fg%2F11bwzybcqp!19sChIJadihvvwss1IR8pYLffWFs50?authuser=0&hl=en&rclk=1
Murphy Logistics Solutions - New Hope Distribution Center,Distribution Centers,US,Minneapolis MN,+1 612-623-1200,https://www.murphylogistics.com/?utm_source=google&utm_medium=organic&utm_campaign=gbp&utm_content=new-hope-winnetka-ave,,70,https://www.google.com/maps/place/Murphy+Logistics+Solutions+-+New+Hope+Distribution+Center/data=!4m7!3m6!1s0x52b336f1c8e70d45:0x80adf63ad889f648!8m2!3d45.049962!4d-93.381898!16s%2Fg%2F1tmqq_s6!19sChIJRQ3nyPE2s1IRSPaJ2Dr2rYA?authuser=0&hl=en&rclk=1
Rogue Fulfillment,Distribution Centers,US,Minneapolis MN,+1 612-290-9366,https://www.roguefulfillment.com/,,1,https://www.google.com/maps/place/Rogue+Fulfillment/data=!4m7!3m6!1s0x52b32d1671b8f277:0x7e4b9714459edbbb!8m2!3d44.9894496!4d-93.2428156!16s%2Fg%2F11xfrvblts!19sChIJd_K4cRYts1IRu9ueRRSXS34?authuser=0&hl=en&rclk=1
KMSP WFS FACILITY,Distribution Centers,US,Minneapolis MN,+1 612-772-8212,,,7,https://www.google.com/maps/place/KMSP+WFS+FACILITY/data=!4m7!3m6!1s0x87f62f6f3bf1834d:0x66c14f8390d42eaf!8m2!3d44.8655655!4d-93.2403617!16s%2Fg%2F11ss6w89_r!19sChIJTYPxO28v9ocRry7UkINPwWY?authuser=0&hl=en&rclk=1
Amazon MSP6,Distribution Centers,US,Minneapolis MN,,,,42,https://www.google.com/maps/place/Amazon+MSP6/data=!4m7!3m6!1s0x87f647171fe22b65:0x70ff4edfcc99d6f3!8m2!3d44.634937!4d-93.2666456!16s%2Fg%2F11qh1g1_m0!19sChIJZSviHxdH9ocR89aZzN9O_3A?authuser=0&hl=en&rclk=1
KSP Fulfillment,Distribution Centers,US,Minneapolis MN,+1 763-296-1288,http://www.ksp3pl.com/,sales@ksp3pl.com,27,https://www.google.com/maps/place/KSP+Fulfillment/data=!4m7!3m6!1s0x52b339ec4afaa239:0x1d2cce6b1e26f3a!8m2!3d45.1455617!4d-93.3870697!16s%2Fg%2F11sfdn7j7b!19sChIJOaL6Suw5s1IROm_isebM0gE?authuser=0&hl=en&rclk=1
