name,cuisine,rating,reviews,price_level,address,phone,website,latitude,longitude,url
المطعم اليمني انسخيده Yemeni Restaurant Enschede,Jemenitisch restaurant,4.7,47,·€ 20-30,"Noorderhagen 42, 7511 EL Enschede",06 55577555,,52.2216338,6.8960811,https://www.google.com/maps/place/%D8%A7%D9%84%D9%85%D8%B7%D8%B9%D9%85+%D8%A7%D9%84%D9%8A%D9%85%D9%86%D9%8A+%D8%A7%D9%86%D8%B3%D8%AE%D9%8A%D8%AF%D9%87+Yemeni+Restaurant+Enschede%E2%80%AD/data=!4m7!3m6!1s0x47b81582429c1263:0x7840424291bd7f3d!8m2!3d52.2216338!4d6.8960811!16s%2Fg%2F11n51z62bn!19sChIJYxKcQoIVuEcRPX-9kUJCQHg?authuser=0&hl=nl&g_ep=EgoyMDI2MDkzMC4wIJJjKgBIAVAD&rclk=1
La Cocina,Steakhouse,4.9,49,·€ 20-50,"Zuiderhagen 16, 7511 GL Enschede",053 569 9689,http://www.lacocina-enschede.nl/,52.2199939,6.8935229,https://www.google.com/maps/place/La+Cocina/data=!4m7!3m6!1s0x47b81548a8ed6091:0xa1e3d36c0d990524!8m2!3d52.2199939!4d6.8935229!16s%2Fg%2F11s7csyncp!19sChIJkWDtqEgVuEcRJAWZDWzT46E?authuser=0&hl=nl&g_ep=EgoyMDI2MDkzMC4wIJJjKgBIAVAD&rclk=1
Shabeng,Steakhouse,4.8,48,·€ 40-70,"Oude Markt 26, 7511 GB Enschede",053 234 0076,https://shabeng.nl/,52.2204306,6.8963893,https://www.google.com/maps/place/Shabeng/data=!4m7!3m6!1s0x47b815dcc06a448f:0xedd03d216d98ef9b!8m2!3d52.2204306!4d6.8963893!16s%2Fg%2F11mlbwgsyb!19sChIJj0RqwNwVuEcRm--YbSE90O0?authuser=0&hl=nl&g_ep=EgoyMDI2MDkzMC4wIJJjKgBIAVAD&rclk=1
Steakhouse El Gaucho,Steakhouse,4.8,48,·€ 40-80,"Walstraat 73-75, 7511 GR Enschede",053 478 6738,http://www.el-gaucho-enschede.nl/,52.2207393,6.893966,https://www.google.com/maps/place/Steakhouse+El+Gaucho/data=!4m7!3m6!1s0x47b814740c8343bb:0x5ed31f0c6e7ef2d7!8m2!3d52.2207393!4d6.893966!16s%2Fg%2F11c0xd1cdr!19sChIJu0ODDHQUuEcR1_J-bgwf014?authuser=0&hl=nl&g_ep=EgoyMDI2MDkzMC4wIJJjKgBIAVAD&rclk=1
Café Coberco,Modern-Frans restaurant,4.8,48,·€ 40-90,"De Coöperatie 15, 7514 JK Enschede",,https://www.cafecoberco.nl/,52.2257971,6.8901048,https://www.google.com/maps/place/Caf%C3%A9+Coberco/data=!4m7!3m6!1s0x47b81388c2140bc3:0xa91d63bb56105aa!8m2!3d52.2257971!4d6.8901048!16s%2Fg%2F11t4b1ly8l!19sChIJwwsUwogTuEcRqgVhtTvWkQo?authuser=0&hl=nl&g_ep=EgoyMDI2MDkzMC4wIJJjKgBIAVAD&rclk=1
Bistro Cinq,Frans restaurant,4.8,48,·€ 70-80,"Walstraat 5, 7511 GE Enschede",06 44101130,https://bistrocinq.nl/,52.2190262,6.8949187,https://www.google.com/maps/place/Bistro+Cinq/data=!4m7!3m6!1s0x47b815004a0698ab:0x94ce34274c655a6!8m2!3d52.2190262!4d6.8949187!16s%2Fg%2F11zb424v25!19sChIJq5gGSgAVuEcRplXGdELjTAk?authuser=0&hl=nl&g_ep=EgoyMDI2MDkzMC4wIJJjKgBIAVAD&rclk=1
THE GRANT.,Restaurant met kleine porties,4.7,47,·€ 50-90,"Marktstraat 2, 7511 GD Enschede",053 204 5115,https://www.thegrant.nl/,52.2210403,6.8945205,https://www.google.com/maps/place/THE+GRANT./data=!4m7!3m6!1s0x47b8152af98fa61f:0xda647562ceb2cf42!8m2!3d52.2210403!4d6.8945205!16s%2Fg%2F11vdrps_wy!19sChIJH6aP-SoVuEcRQs-yzmJ1ZNo?authuser=0&hl=nl&g_ep=EgoyMDI2MDkzMC4wIJJjKgBIAVAD&rclk=1
Restaurant Lazuli,Haute-cuisinerestaurant,4.9,49,·€ 100+,"Pijpenstraat 20, 7511 GM Enschede",053 230 3036,http://www.restaurantlazuli.nl/,52.2194997,6.8937288,https://www.google.com/maps/place/Restaurant+Lazuli/data=!4m7!3m6!1s0x47b815fc1949ef17:0xdc3b6bbf909d6b81!8m2!3d52.2194997!4d6.8937288!16s%2Fg%2F11jt91b9y8!19sChIJF-9JGfwVuEcRgWudkL9rO9w?authuser=0&hl=nl&g_ep=EgoyMDI2MDkzMC4wIJJjKgBIAVAD&rclk=1
Bistro Bleu,Bistro,4.8,48,,"Van Lochemstraat 226, 7551PM Enschede",06 41191634,https://www.bistrobleu.nl/,52.2212847,6.8971113,https://www.google.com/maps/place/Bistro+Bleu/data=!4m7!3m6!1s0x47b8154f0e771da5:0xe0ddeb39b8c363b2!8m2!3d52.2212847!4d6.8971113!16s%2Fg%2F11z60jg37g!19sChIJpR13Dk8VuEcRsmPDuDnr3eA?authuser=0&hl=nl&g_ep=EgoyMDI2MDkzMC4wIJJjKgBIAVAD&rclk=1
NOVI Enschede | Italiaans restaurant,Italiaans restaurant,4.4,44,·€ 10-30,"Oude Markt 2, 7511 GA Enschede",053 740 0123,https://www.novi-enschede.nl/,52.2204246,6.8950443,https://www.google.com/maps/place/NOVI+Enschede+%7C+Italiaans+restaurant/data=!4m7!3m6!1s0x47b81559655e2691:0x8406985b63409504!8m2!3d52.2204246!4d6.8950443!16s%2Fg%2F11r9nm6k6l!19sChIJkSZeZVkVuEcRBJVAY1uYBoQ?authuser=0&hl=nl&g_ep=EgoyMDI2MDkzMC4wIJJjKgBIAVAD&rclk=1
The Saloon (Mexicaanse & Argentijns steakhouse restaurant) 🥩,Steakhouse,4.7,47,·€ 30-40,"Walstraat 63, 7511 NS Enschede",053 431 2274,http://www.the-saloon.nl/,52.2203708,6.8940468,https://www.google.com/maps/place/The+Saloon+%28Mexicaanse+%26+Argentijns+steakhouse+restaurant%29+%F0%9F%A5%A9/data=!4m7!3m6!1s0x47b814746d2968f5:0xc59255032137cd03!8m2!3d52.2203708!4d6.8940468!16s%2Fg%2F1td2yk15!19sChIJ9WgpbXQUuEcRA803IQNVksU?authuser=0&hl=nl&g_ep=EgoyMDI2MDkzMC4wIJJjKgBIAVAD&rclk=1
Restaurant Joann *,Haute-cuisinerestaurant,4.9,49,·€ 100+,"Nijverheidstraat 2, 7511 JM Enschede",053 720 0820,https://www.restaurantjoann.nl/,52.2201824,6.8909313,https://www.google.com/maps/place/Restaurant+Joann+*/data=!4m7!3m6!1s0x47b815c5ed2132f7:0x6cee6aa8c423df0e!8m2!3d52.2201824!4d6.8909313!16s%2Fg%2F11g_zf62fq!19sChIJ9zIh7cUVuEcRDt8jxKhq7mw?authuser=0&hl=nl&g_ep=EgoyMDI2MDkzMC4wIJJjKgBIAVAD&rclk=1
Frank & Charlie,Ontbijtrestaurant,4.9,49,·€ 10-20,"Windbrugstraat 12, 7511 HR Enschede",,http://frankencharlie.nl/,52.2187027,6.8961267,https://www.google.com/maps/place/Frank+%26+Charlie/data=!4m7!3m6!1s0x47b81589a89ed977:0xb309698cfcb82199!8m2!3d52.2187027!4d6.8961267!16s%2Fg%2F11mpd1pym8!19sChIJd9meqIkVuEcRmSG4_IxpCbM?authuser=0&hl=nl&g_ep=EgoyMDI2MDkzMC4wIJJjKgBIAVAD&rclk=1
Bardot Enschede,Frans restaurant,4.4,44,·€ 10-60,"Langestraat 47c, 7511 HB Enschede",053 303 4020,http://www.bardot.nl/,52.2198944,6.8955144,https://www.google.com/maps/place/Bardot+Enschede/data=!4m7!3m6!1s0x47b815053c274ffd:0x8fda2ed7aa28f600!8m2!3d52.2198944!4d6.8955144!16s%2Fg%2F11fk4npb6t!19sChIJ_U8nPAUVuEcRAPYoqtcu2o8?authuser=0&hl=nl&g_ep=EgoyMDI2MDkzMC4wIJJjKgBIAVAD&rclk=1
Poco Mucho,Argentijns restaurant,4.6,46,·€ 20-70,"Korte Haaksbergerstraat 9, 7511 JV Enschede",06 20308259,https://poco-mucho.nl/,52.2201956,6.8929767,https://www.google.com/maps/place/Poco+Mucho/data=!4m7!3m6!1s0x47b814746d2968f5:0x6b5f1ac7c7ed91cf!8m2!3d52.2201956!4d6.8929767!16s%2Fg%2F1hc2tn_1s!19sChIJ9WgpbXQUuEcRz5Htx8caX2s?authuser=0&hl=nl&g_ep=EgoyMDI2MDkzMC4wIJJjKgBIAVAD&rclk=1
Bistro Dreams,Bistro,,,·€ 20-50,"Walstraat 41, 7511 GG Enschede",053 573 8411,https://www.bistrodreams.nl/,52.2197955,6.8940623,https://www.google.com/maps/place/Bistro+Dreams/data=!4m7!3m6!1s0x47b81473e3930dcf:0x2d96bc3a458b1e44!8m2!3d52.2197955!4d6.8940623!16s%2Fg%2F1th81050!19sChIJzw2T43MUuEcRRB6LRTq8li0?authuser=0&hl=nl&g_ep=EgoyMDI2MDkzMC4wIJJjKgBIAVAD&rclk=1
Carlina's Latin Cuisine,Latijns-Amerikaans restaurant,4.6,46,,"Walstraat 69, 7511 GG Enschede",053 750 2525,http://www.carlinas.nl/,52.2204886,6.8939672,https://www.google.com/maps/place/Carlina%27s+Latin+Cuisine/data=!4m7!3m6!1s0x47b8146dafe659b1:0xbe9792d77ab16956!8m2!3d52.2204886!4d6.8939672!16s%2Fg%2F1tddr8bd!19sChIJsVnmr20UuEcRVmmxeteSl74?authuser=0&hl=nl&g_ep=EgoyMDI2MDkzMC4wIJJjKgBIAVAD&rclk=1
Eastside BBQ,Barbecuerestaurant,4.9,49,·€ 80-90,"Korte Hengelosestraat 12a, 7511 JB Enschede",06 29590211,http://www.eastsidebbq.nl/,52.2216187,6.8932312,https://www.google.com/maps/place/Eastside+BBQ/data=!4m7!3m6!1s0x47b8736a419541b1:0x341fa6dadb3d4aac!8m2!3d52.2216187!4d6.8932312!16s%2Fg%2F11ss6gz63y!19sChIJsUGVQWpzuEcRrEo929qmHzQ?authuser=0&hl=nl&g_ep=EgoyMDI2MDkzMC4wIJJjKgBIAVAD&rclk=1
De Ouwe Compagnie,Nederlands restaurant,4.5,45,·€ 30-50,"Walstraat 39, 7511 GG Enschede",053 430 8160,http://www.deouwecompagnie.nl/,52.2197959,6.8943264,https://www.google.com/maps/place/De+Ouwe+Compagnie/data=!4m7!3m6!1s0x47b81473f41bf52b:0xc34f1ae90874bf7d!8m2!3d52.2197959!4d6.8943264!16s%2Fg%2F1tgf6w79!19sChIJK_Ub9HMUuEcRfb90COkaT8M?authuser=0&hl=nl&g_ep=EgoyMDI2MDkzMC4wIJJjKgBIAVAD&rclk=1
Lovely Local,Biologisch restaurant,4.9,49,·€ 60-70,"Walstraat 7, 7511 GE Enschede",06 83800103,http://www.lovelylocal.nl/,52.2190509,6.894844,https://www.google.com/maps/place/Lovely+Local/data=!4m7!3m6!1s0x47b81473e386cc47:0xa8a192055c4a8648!8m2!3d52.2190509!4d6.894844!16s%2Fg%2F11g6rn930s!19sChIJR8yG43MUuEcRSIZKXAWSoag?authuser=0&hl=nl&g_ep=EgoyMDI2MDkzMC4wIJJjKgBIAVAD&rclk=1
Fabels,Modern-Europees restaurant,4.3,43,·€ 10-50,"Oude Markt 4, 7511 GA Enschede",053 430 4590,http://www.fabels-enschede.nl/,52.2206045,6.8948919,https://www.google.com/maps/place/Fabels/data=!4m7!3m6!1s0x47b814738fc7cde5:0x72805c4401aaf953!8m2!3d52.2206045!4d6.8948919!16s%2Fg%2F11b6vdzrlj!19sChIJ5c3Hj3MUuEcRU_mqAURcgHI?authuser=0&hl=nl&g_ep=EgoyMDI2MDkzMC4wIJJjKgBIAVAD&rclk=1
Stoet,Restaurant,4.6,46,·€ 10-20,"Pijpenstraat 15, 7511 GM Enschede",06 40598007,http://www.stoet-enschede.nl/,52.219232,6.8936741,https://www.google.com/maps/place/Stoet/data=!4m7!3m6!1s0x47b814740714a2ad:0x741d021d590efdf8!8m2!3d52.219232!4d6.8936741!16s%2Fg%2F11c5zzg01c!19sChIJraIUB3QUuEcR-P0OWR0CHXQ?authuser=0&hl=nl&g_ep=EgoyMDI2MDkzMC4wIJJjKgBIAVAD&rclk=1
Japans Restaurant TAO 🇯🇵,Japans restaurant,4.7,47,·€ 50-100,"Deurningerstraat 17, 7514 BC Enschede",053 432 0106,http://www.restauranttao.nl/,52.2240814,6.8915012,https://www.google.com/maps/place/Japans+Restaurant+TAO+%F0%9F%87%AF%F0%9F%87%B5/data=!4m7!3m6!1s0x47b814752aa203cf:0x9a3bb13c77f7d31c!8m2!3d52.2240814!4d6.8915012!16s%2Fg%2F1tdxzzmh!19sChIJzwOiKnUUuEcRHNP3dzyxO5o?authuser=0&hl=nl&g_ep=EgoyMDI2MDkzMC4wIJJjKgBIAVAD&rclk=1
De Branderie,Ontbijtrestaurant,4.6,46,·€ 10-20,"Hendrik Jan van Heekplein 35, 7511 HM Enschede",06 30896109,http://www.debranderie.nl/,52.2182756,6.8958393,https://www.google.com/maps/place/De+Branderie/data=!4m7!3m6!1s0x47b8147163e44057:0xb75b9cb8e2e2f702!8m2!3d52.2182756!4d6.8958393!16s%2Fg%2F1tf234r0!19sChIJV0DkY3EUuEcRAvfi4ricW7c?authuser=0&hl=nl&g_ep=EgoyMDI2MDkzMC4wIJJjKgBIAVAD&rclk=1
Heel Bijzonder Lunchroom Enschede,Lunchrestaurant,4.7,47,·€ 10-20,"De Heurne 47, 7511 GZ Enschede",06 15168336,http://www.heelbijzonder.com/,52.2214605,6.8988838,https://www.google.com/maps/place/Heel+Bijzonder+Lunchroom+Enschede/data=!4m7!3m6!1s0x47b81472f6bf4065:0xc71fb0403047e017!8m2!3d52.2214605!4d6.8988838!16s%2Fg%2F11g9vsj5f3!19sChIJZUC_9nIUuEcRF-BHMECwH8c?authuser=0&hl=nl&g_ep=EgoyMDI2MDkzMC4wIJJjKgBIAVAD&rclk=1
Restaurant Amelie,Restaurant,4.2,42,·€ 100+,"Parkweg 39 Parkweg 37, Parkweg 35, 7513 AR Enschede",053 574 8394,https://www.restaurantamelie.nl/,52.2207237,6.8827757,https://www.google.com/maps/place/Restaurant+Amelie/data=!4m7!3m6!1s0x47b813c5cad494f5:0x4a4f34f3a5b97e61!8m2!3d52.2207237!4d6.8827757!16s%2Fg%2F11vwrv3678!19sChIJ9ZTUysUTuEcRYX65pfM0T0o?authuser=0&hl=nl&g_ep=EgoyMDI2MDkzMC4wIJJjKgBIAVAD&rclk=1
Panache | Restaurant & club in Enschede,Dansrestaurant,4.2,42,·€ 40-50,"Bolwerkstraat 2, 7511 GP Enschede",053 234 0484,https://panache-enschede.nl/?utm_source=google-mijn-bedrijf&utm_medium=organic&utm_campaign=gmb,52.2215127,6.8953244,https://www.google.com/maps/place/Panache+%7C+Restaurant+%26+club+in+Enschede/data=!4m7!3m6!1s0x47b815e44bf52dd7:0xdd5068e0a695d90f!8m2!3d52.2215127!4d6.8953244!16s%2Fg%2F11lnw56b1n!19sChIJ1y31S-QVuEcRD9mVpuBoUN0?authuser=0&hl=nl&g_ep=EgoyMDI2MDkzMC4wIJJjKgBIAVAD&rclk=1
de Broodbode Haverstraatpassage,Broodjeswinkel,4.6,46,·€ 10-20,"Haverstraatpassage 70, 7511 EX Enschede",053 303 3078,https://www.broodbode.nl/locatie/broodbode-enschede-haverstraatpassage,52.2206139,6.8975056,https://www.google.com/maps/place/de+Broodbode+Haverstraatpassage/data=!4m7!3m6!1s0x47b81473ad49daa9:0x33ef63c34673fd86!8m2!3d52.2206139!4d6.8975056!16s%2Fg%2F11bw50shl3!19sChIJqdpJrXMUuEcRhv1zRsNj7zM?authuser=0&hl=nl&g_ep=EgoyMDI2MDkzMC4wIJJjKgBIAVAD&rclk=1
Sam Sam,Eclectisch restaurant,4.2,42,·€ 20-30,"Oude Markt 15, 7511 GB Enschede",053 430 3929,http://www.samsam-enschede.nl/,52.2210697,6.8959525,https://www.google.com/maps/place/Sam+Sam/data=!4m7!3m6!1s0x47b814739f735ebd:0x95316760fe60bd62!8m2!3d52.2210697!4d6.8959525!16s%2Fg%2F1vtzg8yk!19sChIJvV5zn3MUuEcRYr1g_mBnMZU?authuser=0&hl=nl&g_ep=EgoyMDI2MDkzMC4wIJJjKgBIAVAD&rclk=1
CopaCabana Steakhouse & Tapasrestaurant,Tapas restaurant,4.1,41,·€ 20-30,"Oude Markt 31, 7511 GB Enschede",053 434 3535,http://copacabana-cafe.nl/,52.2204456,6.8957773,https://www.google.com/maps/place/CopaCabana+Steakhouse+%26+Tapasrestaurant/data=!4m7!3m6!1s0x47b814739617b931:0x9f19690bd13c91e9!8m2!3d52.2204456!4d6.8957773!16s%2Fg%2F1w345pnm!19sChIJMbkXlnMUuEcR6ZE80QtpGZ8?authuser=0&hl=nl&g_ep=EgoyMDI2MDkzMC4wIJJjKgBIAVAD&rclk=1
Mazza,Libanees restaurant,4.6,46,·€ 20-60,"Walstraat 1, 7511 GE Enschede",053 750 4170,http://www.restaurantmazza.nl/,52.2189113,6.8949969,https://www.google.com/maps/place/Mazza/data=!4m7!3m6!1s0x47b81473e17dec4f:0xf7c031c2d4aa293d!8m2!3d52.2189113!4d6.8949969!16s%2Fg%2F11cks6yy9y!19sChIJT-x94XMUuEcRPSmq1MIxwPc?authuser=0&hl=nl&g_ep=EgoyMDI2MDkzMC4wIJJjKgBIAVAD&rclk=1
Craft District Enschede,Brouwerijcafé,4.6,46,·€ 10-40,"Stadsgravenstraat 59, 7511 ER Enschede",053 203 2470,http://www.craftdistrictenschede.nl/,52.2212486,6.8967479,https://www.google.com/maps/place/Craft+District+Enschede/data=!4m7!3m6!1s0x47b81473a78d400b:0x8f7933095d7864a7!8m2!3d52.2212486!4d6.8967479!16s%2Fg%2F11c5s78zb1!19sChIJC0CNp3MUuEcRp2R4XQkzeY8?authuser=0&hl=nl&g_ep=EgoyMDI2MDkzMC4wIJJjKgBIAVAD&rclk=1
Grieks Restaurant Rhodos,Grieks restaurant,4.7,47,·€ 20-50,"Korte Haaksbergerstraat 13, 7511 JV Enschede",053 431 4050,https://grieksrestaurantrhodos.makro.rest/,52.2200981,6.8928709,https://www.google.com/maps/place/Grieks+Restaurant+Rhodos/data=!4m7!3m6!1s0x47b81474133d6ec1:0x13b3ade0ee2e82b2!8m2!3d52.2200981!4d6.8928709!16s%2Fg%2F1v26l5kn!19sChIJwW49E3QUuEcRsoIu7uCtsxM?authuser=0&hl=nl&g_ep=EgoyMDI2MDkzMC4wIJJjKgBIAVAD&rclk=1
Grand Café Farfalla,Café,4.6,46,·€ 20-30,"Bolwerkstraat 9, 7511 GP Enschede",053 785 2632,http://www.grandcafefarfalla.nl/,52.2217402,6.8950298,https://www.google.com/maps/place/Grand+Caf%C3%A9+Farfalla/data=!4m7!3m6!1s0x47b815005f00b2c1:0x91e378eab18e0c8a!8m2!3d52.2217402!4d6.8950298!16s%2Fg%2F11y3xs93kh!19sChIJwbIAXwAVuEcRigyOsep445E?authuser=0&hl=nl&g_ep=EgoyMDI2MDkzMC4wIJJjKgBIAVAD&rclk=1
Bar Bistro Loev Enschede,Bistro,3.8,38,·€ 10-50,"Oude Markt 3, 7511 GA Enschede",053 483 7763,https://enschede.loev.nl/,52.2204858,6.8948892,https://www.google.com/maps/place/Bar+Bistro+Loev+Enschede/data=!4m7!3m6!1s0x47b81543cf11d643:0x5dab05d54d81573f!8m2!3d52.2204858!4d6.8948892!16s%2Fg%2F11l2x6cpqx!19sChIJQ9YRz0MVuEcRP1eBTdUFq10?authuser=0&hl=nl&g_ep=EgoyMDI2MDkzMC4wIJJjKgBIAVAD&rclk=1
Sage Enschede,Aziatisch fusion-restaurant,4.5,45,,"Langestraat 58-60, 7511 HC Enschede",053 785 1027,https://sageenschede.nl/,52.220249,6.8958325,https://www.google.com/maps/place/Sage+Enschede/data=!4m7!3m6!1s0x47b81573fa66c8eb:0x82ca791a53f9f4c9!8m2!3d52.220249!4d6.8958325!16s%2Fg%2F11kb15dwc8!19sChIJ68hm-nMVuEcRyfT5Uxp5yoI?authuser=0&hl=nl&g_ep=EgoyMDI2MDkzMC4wIJJjKgBIAVAD&rclk=1
Tentje Teman²,Aziatisch fusion-restaurant,4.8,48,·€ 20-30,"Korte Haaksbergerstraat 46, 7511 JS Enschede",06 44851144,http://www.tentjeteman2.nl/,52.2197585,6.892291,https://www.google.com/maps/place/Tentje+Teman%C2%B2/data=!4m7!3m6!1s0x47b8151466091059:0xb20e7b2a0c4729c1!8m2!3d52.2197585!4d6.892291!16s%2Fg%2F11j2fqfyf_!19sChIJWRAJZhQVuEcRwSlHDCp7DrI?authuser=0&hl=nl&g_ep=EgoyMDI2MDkzMC4wIJJjKgBIAVAD&rclk=1
Restaurant Het Middelpunt,Restaurant,4.6,46,·€ 20-80,"Rembrandtlaan 56, 7545 ZL Enschede",053 431 7020,http://www.middelpunt-enschede.nl/,52.2161555,6.8598876,https://www.google.com/maps/place/Restaurant+Het+Middelpunt/data=!4m7!3m6!1s0x47b81397f1db689d:0xfb8d504d5969a76a!8m2!3d52.2161555!4d6.8598876!16s%2Fg%2F1tcy3ct2!19sChIJnWjb8ZcTuEcRaqdpWU1Qjfs?authuser=0&hl=nl&g_ep=EgoyMDI2MDkzMC4wIJJjKgBIAVAD&rclk=1
Eetcafé De Fusting,Eetcafé,4.6,46,·€ 20-30,"Hengelosestraat 281, 7521 AD Enschede",053 430 4321,https://defusting.nl/,52.2295473,6.871597,https://www.google.com/maps/place/Eetcaf%C3%A9+De+Fusting/data=!4m7!3m6!1s0x47b813ec3788ddd1:0x35b673d479b32f3a!8m2!3d52.2295473!4d6.871597!16s%2Fg%2F1tf6wf6p!19sChIJ0d2IN-wTuEcROi-zedRztjU?authuser=0&hl=nl&g_ep=EgoyMDI2MDkzMC4wIJJjKgBIAVAD&rclk=1
Moeke Enschede,Nederlands restaurant,4.3,43,·€ 20-30,"Oude Markt 8, 7511 GA Enschede",053 241 1227,https://moeke.nl/enschede/?utm_source=Google&utm_medium=organic&utm_campaign=Google_My_Business,52.2210161,6.8948419,https://www.google.com/maps/place/Moeke+Enschede/data=!4m7!3m6!1s0x47b8147384883e73:0xd39bf94d642e707f!8m2!3d52.2210161!4d6.8948419!16s%2Fg%2F11ggtfmz74!19sChIJcz6IhHMUuEcRf3AuZE35m9M?authuser=0&hl=nl&g_ep=EgoyMDI2MDkzMC4wIJJjKgBIAVAD&rclk=1
De Kater,Eetcafé,4.2,42,·€ 10-20,"Oude Markt 5, 7511 GA Enschede",053 430 6004,http://www.dekater.com/,52.2206929,6.8948291,https://www.google.com/maps/place/De+Kater/data=!4m7!3m6!1s0x47b814738f731a2d:0x55b0d2c19eaa6fdf!8m2!3d52.2206929!4d6.8948291!16s%2Fg%2F1tc_7rdn!19sChIJLRpzj3MUuEcR32-qnsHSsFU?authuser=0&hl=nl&g_ep=EgoyMDI2MDkzMC4wIJJjKgBIAVAD&rclk=1
Lunchroom Het Rigtpunt,Restaurant,4.8,48,·€ 1-10,"Rigtersbleek-Aalten 4, 7521 RB Enschede",053 432 8089,http://www.lunchroomrigtpunt.nl/,52.2241144,6.8695723,https://www.google.com/maps/place/Lunchroom+Het+Rigtpunt/data=!4m7!3m6!1s0x47b8139315a2df0f:0xc405fcb60f07bf76!8m2!3d52.2241144!4d6.8695723!16s%2Fg%2F1wg5x281!19sChIJD9-iFZMTuEcRdr8HD7b8BcQ?authuser=0&hl=nl&g_ep=EgoyMDI2MDkzMC4wIJJjKgBIAVAD&rclk=1
Meisje Enschede,Koffiebar,4.5,45,·€ 10-20,"Raadhuisstraat 23, 7511 HJ Enschede",,http://www.meisje-enschede.nl/,52.2184224,6.8966781,https://www.google.com/maps/place/Meisje+Enschede/data=!4m7!3m6!1s0x47b814717e8d004d:0xdf7ad8f0018c6d47!8m2!3d52.2184224!4d6.8966781!16s%2Fg%2F11d_wxrf0l!19sChIJTQCNfnEUuEcRR22MAfDYet8?authuser=0&hl=nl&g_ep=EgoyMDI2MDkzMC4wIJJjKgBIAVAD&rclk=1
Willemientje,Lunchrestaurant,4.3,43,·€ 10-20,"De Heurne 16-A, 7511 GX Enschede",053 430 1637,http://www.willemientje.nl/,52.2206264,6.8988488,https://www.google.com/maps/place/Willemientje/data=!4m7!3m6!1s0x47b814725cbadd5d:0x16221c2db719c998!8m2!3d52.2206264!4d6.8988488!16s%2Fg%2F1tgy_nz7!19sChIJXd26XHIUuEcRmMkZty0cIhY?authuser=0&hl=nl&g_ep=EgoyMDI2MDkzMC4wIJJjKgBIAVAD&rclk=1
Het Paradijs,Veganistisch restaurant,4.6,46,·€ 20-40,"Nicolaas Beetsstraat 48, 7514 CW Enschede",053 436 7919,http://www.hetparadijs.com/,52.2272388,6.8944862,https://www.google.com/maps/place/Het+Paradijs/data=!4m7!3m6!1s0x47b8140b996f188d:0x3cf5914d58d6af9d!8m2!3d52.2272388!4d6.8944862!16s%2Fg%2F1tyyw5sl!19sChIJjRhvmQsUuEcRna_WWE2R9Tw?authuser=0&hl=nl&g_ep=EgoyMDI2MDkzMC4wIJJjKgBIAVAD&rclk=1
Schenkerij Wattez (Aveleijn),Restaurant,4.5,45,·€ 10-20,"Roessinghsbleekweg 20, 7522 AJ Enschede",053 434 4511,https://schenkerijwattez.nl/,52.2290612,6.8773883,https://www.google.com/maps/place/Schenkerij+Wattez+%28Aveleijn%29/data=!4m7!3m6!1s0x47b813f26ac8c961:0x63c437729b6ac436!8m2!3d52.2290612!4d6.8773883!16s%2Fg%2F1hc9fw48c!19sChIJYcnIavITuEcRNsRqm3I3xGM?authuser=0&hl=nl&g_ep=EgoyMDI2MDkzMC4wIJJjKgBIAVAD&rclk=1
Foodbar BLUFF,Bar & Grill,4.4,44,·€ 10-50,"Oude Markt 6, 7511 GA Enschede",053 432 6242,https://www.bluff.nl/diner/,52.220751,6.8947554,https://www.google.com/maps/place/Foodbar+BLUFF/data=!4m7!3m6!1s0x47b814738588a059:0xc836a224ca46de7f!8m2!3d52.220751!4d6.8947554!16s%2Fg%2F11dxpgh2tx!19sChIJWaCIhXMUuEcRf95GyiSiNsg?authuser=0&hl=nl&g_ep=EgoyMDI2MDkzMC4wIJJjKgBIAVAD&rclk=1
Cafetaria De Keizer 🍟,Cafetaria,4.6,46,·€ 1-10,"Thomas de Keyserstraat 2, 7545 NL Enschede",053 431 2897,https://www.cafetariadekeizer.nl/,52.2148252,6.8603835,https://www.google.com/maps/place/Cafetaria+De+Keizer+%F0%9F%8D%9F/data=!4m7!3m6!1s0x47b813982318c931:0x1cab7d732e11fe95!8m2!3d52.2148252!4d6.8603835!16s%2Fg%2F1vgw_tz5!19sChIJMckYI5gTuEcRlf4RLnN9qxw?authuser=0&hl=nl&g_ep=EgoyMDI2MDkzMC4wIJJjKgBIAVAD&rclk=1
De Lunchkamer,Lunchrestaurant,4.3,43,·€ 10-20,"Roomweg 75, 7523 BL Enschede",053 789 1841,http://www.lunchkamer.com/,52.2314956,6.8932677,https://www.google.com/maps/place/De+Lunchkamer/data=!4m7!3m6!1s0x47b81409af7838c9:0x84d3937d6ac629ac!8m2!3d52.2314956!4d6.8932677!16s%2Fg%2F1tgs000y!19sChIJyTh4rwkUuEcRrCnGan2T04Q?authuser=0&hl=nl&g_ep=EgoyMDI2MDkzMC4wIJJjKgBIAVAD&rclk=1
Eetcafé Jeruzalem,Restaurant,4.1,41,·€ 10-20,"Maanstraat 153-155, 7521 GW Enschede",053 432 6356,http://www.eetcafejeruzalem.nl/,52.2296126,6.8583222,https://www.google.com/maps/place/Eetcaf%C3%A9+Jeruzalem/data=!4m7!3m6!1s0x47b813c1aaef4f8d:0xc98c3d88d7a5c688!8m2!3d52.2296126!4d6.8583222!16s%2Fg%2F1v26l5k5!19sChIJjU_vqsETuEcRiMal14g9jMk?authuser=0&hl=nl&g_ep=EgoyMDI2MDkzMC4wIJJjKgBIAVAD&rclk=1
Brasserie Kachel,Partycentrum,4.6,46,,"Bentrotstraat 45, 7531 AA Enschede",06 22797057,http://www.brasseriekachel.nl/,52.2290251,6.903347,https://www.google.com/maps/place/Brasserie+Kachel/data=!4m7!3m6!1s0x47b81411f8d5d80b:0x4ce5ab378bd1ca0d!8m2!3d52.2290251!4d6.903347!16s%2Fg%2F1tcw77rz!19sChIJC9jV-BEUuEcRDcrRizer5Uw?authuser=0&hl=nl&g_ep=EgoyMDI2MDkzMC4wIJJjKgBIAVAD&rclk=1
Angolino Lunch & More,Lunchrestaurant,4.9,49,·€ 10-20,"Langestraat 22, 7511 HC Enschede",053 431 2114,https://www.angolino.nl/,52.2194652,6.897567,https://www.google.com/maps/place/Angolino+Lunch+%26+More/data=!4m7!3m6!1s0x47b815f983e8c5e7:0x54fb39bb53a25193!8m2!3d52.2194652!4d6.897567!16s%2Fg%2F11njxfq54y!19sChIJ58Xog_kVuEcRk1GiU7s5-1Q?authuser=0&hl=nl&g_ep=EgoyMDI2MDkzMC4wIJJjKgBIAVAD&rclk=1
Sapori e Ricordi,Zuid-Italiaans restaurant,4.6,46,·€ 50-80,"Haverstraatpassage 21, 7511 ET Enschede",053 478 9526,http://www.saporiericordi.com/,52.2202141,6.8975934,https://www.google.com/maps/place/Sapori+e+Ricordi/data=!4m7!3m6!1s0x47b814724b4daf01:0xabf6ee78d0f4ff4b!8m2!3d52.2202141!4d6.8975934!16s%2Fg%2F11xdvjnm8!19sChIJAa9NS3IUuEcRS__00Hju9qs?authuser=0&hl=nl&g_ep=EgoyMDI2MDkzMC4wIJJjKgBIAVAD&rclk=1
La Casa Di Pasta,Italiaans restaurant,5.0,50,,"Het Bijvank 91A, 7544 DA Enschede",,,52.1954894,6.8752143,https://www.google.com/maps/place/La+Casa+Di+Pasta/data=!4m7!3m6!1s0x47b813004d7640ad:0xdfec0ddf00f8f4d1!8m2!3d52.1954894!4d6.8752143!16s%2Fg%2F11z56y5pbg!19sChIJrUB2TQATuEcR0fT4AN8N7N8?authuser=0&hl=nl&g_ep=EgoyMDI2MDkzMC4wIJJjKgBIAVAD&rclk=1
Verso Cucina Italiana 'd Intenzo,Italiaans restaurant,4.6,46,·€ 100+,"Deurningerstraat 11, 7514 BC Enschede",053 727 1023,http://www.restaurantverso.nl/,52.223995,6.891558,https://www.google.com/maps/place/Verso+Cucina+Italiana+%27d+Intenzo/data=!4m7!3m6!1s0x47b81474d58065c5:0x4d0f8462e9615101!8m2!3d52.223995!4d6.891558!16s%2Fg%2F1ptzmbw6p!19sChIJxWWA1XQUuEcRAVFh6WKED00?authuser=0&hl=nl&g_ep=EgoyMDI2MDkzMC4wIJJjKgBIAVAD&rclk=1
puntoPASTA,Italiaans restaurant,4.2,42,·€ 10-30,"Hendrik Jan van Heekplein 62, 7511 HN Enschede",053 432 1224,http://www.puntopasta.nl/,52.2167209,6.8995774,https://www.google.com/maps/place/puntoPASTA/data=!4m7!3m6!1s0x47b814719026188b:0x9107511972ac414c!8m2!3d52.2167209!4d6.8995774!16s%2Fg%2F1tkksyqv!19sChIJixgmkHEUuEcRTEGschlRB5E?authuser=0&hl=nl&g_ep=EgoyMDI2MDkzMC4wIJJjKgBIAVAD&rclk=1
Sorrentino,Italiaans restaurant,4.1,41,·€ 20-30,"Stadsgravenstraat 34, 36a, 7511 ES Enschede",053 750 5166,http://www.sorrentino.nl/,52.2210814,6.8968759,https://www.google.com/maps/place/Sorrentino/data=!4m7!3m6!1s0x47b81473a62990f7:0xed8376c31529ab73!8m2!3d52.2210814!4d6.8968759!16s%2Fg%2F1tj1r4fk!19sChIJ95AppnMUuEcRc6spFcN2g-0?authuser=0&hl=nl&g_ep=EgoyMDI2MDkzMC4wIJJjKgBIAVAD&rclk=1
Pulcinella B.V.,Pizzeria,4.6,46,·€ 10-20,"De Coöperatie 17, 7514 JK Enschede",053 435 1693,http://pizzeria-pulcinella.nl/,52.2258704,6.8903693,https://www.google.com/maps/place/Pulcinella+B.V./data=!4m7!3m6!1s0x47b8140af4ebfbf3:0xdcdd9cfc373a015b!8m2!3d52.2258704!4d6.8903693!16s%2Fg%2F1tlbhn1q!19sChIJ8_vr9AoUuEcRWwE6N_yc3dw?authuser=0&hl=nl&g_ep=EgoyMDI2MDkzMC4wIJJjKgBIAVAD&rclk=1
Pizzeria La Candela,Pizzeria,4.4,44,·€ 20-30,"Boulevard 1945 292, 7511 AJ Enschede",053 431 0917,http://www.pizzerialacandela.nl/menukaart/,52.2172677,6.8944811,https://www.google.com/maps/place/Pizzeria+La+Candela/data=!4m7!3m6!1s0x47b81471464a68d1:0x7a5b1381610eda96!8m2!3d52.2172677!4d6.8944811!16s%2Fg%2F1tmbv5sd!19sChIJ0WhKRnEUuEcRltoOYYETW3o?authuser=0&hl=nl&g_ep=EgoyMDI2MDkzMC4wIJJjKgBIAVAD&rclk=1
Aquilani Italian Bakery,Italiaans restaurant,4.4,44,·€ 10-20,"Stadsgravenstraat 39, 7511 EP Enschede",053 211 0018,https://www.aquilanibakery.nl/,52.2214362,6.8957704,https://www.google.com/maps/place/Aquilani+Italian+Bakery/data=!4m7!3m6!1s0x47b815fe5f65b345:0xf3bbd716e64b4e1!8m2!3d52.2214362!4d6.8957704!16s%2Fg%2F11t2xc9kmf!19sChIJRbNlX_4VuEcR4bRkbnG9Ow8?authuser=0&hl=nl&g_ep=EgoyMDI2MDkzMC4wIJJjKgBIAVAD&rclk=1
Pizzeria Antonio 🍕,Pizzeria,4.9,49,·€ 10-20,"Elferinksweg 1, 7545 KA Enschede",053 785 4480,https://www.pizzeria-antonio.nl/,52.2158944,6.8717009,https://www.google.com/maps/place/Pizzeria+Antonio+%F0%9F%8D%95/data=!4m7!3m6!1s0x47b8132a221d683d:0x4fe00a728c029378!8m2!3d52.2158944!4d6.8717009!16s%2Fg%2F11mdmmnnw5!19sChIJPWgdIioTuEcReJMCjHIK4E8?authuser=0&hl=nl&g_ep=EgoyMDI2MDkzMC4wIJJjKgBIAVAD&rclk=1
Artizan Pizza,Afhaalpizza,4.8,48,·€ 10-20,"Sumatrastraat 1, 7512 CS Enschede",06 40697881,http://artizan-pizza.nl/,52.2117667,6.8949935,https://www.google.com/maps/place/Artizan+Pizza/data=!4m7!3m6!1s0x47b81542e7b51f97:0xfbd84a54d5da2c5f!8m2!3d52.2117667!4d6.8949935!16s%2Fg%2F11pz13g603!19sChIJlx-150IVuEcRXyza1VRK2Ps?authuser=0&hl=nl&g_ep=EgoyMDI2MDkzMC4wIJJjKgBIAVAD&rclk=1
Cappello d'Oro Glanerbrug - Cucina Classica Italiana,Afhaalrestaurant,4.9,49,·€ 10-20,"Gronausestraat 1303, 7534 AK Enschede",053 785 3318,http://cappellodoro.sitedish.shop/,52.2153827,6.9739105,https://www.google.com/maps/place/Cappello+d%27Oro+Glanerbrug+-+Cucina+Classica+Italiana/data=!4m7!3m6!1s0x47b8159e42ab7df1:0xe5ae2a9e8804ffe0!8m2!3d52.2153827!4d6.9739105!16s%2Fg%2F11q2p8f9dy!19sChIJ8X2rQp4VuEcR4P8EiJ4qruU?authuser=0&hl=nl&g_ep=EgoyMDI2MDkzMC4wIJJjKgBIAVAD&rclk=1
Happy Italy Enschede,Italiaans restaurant,3.9,39,·€ 10-20,"Willem Wilminkplein 31, 7511 PP Enschede",053 744 0520,https://happyitaly.nl/locaties/enschede/?utm_source=google&utm_medium=organic&utm_campaign=gbp-listing&utm_content=enschede,52.2223067,6.8936688,https://www.google.com/maps/place/Happy+Italy+Enschede/data=!4m7!3m6!1s0x47b81474830fb075:0x956e3d579c0202e2!8m2!3d52.2223067!4d6.8936688!16s%2Fg%2F11b8t98wb3!19sChIJdbAPg3QUuEcR4gICnFc9bpU?authuser=0&hl=nl&g_ep=EgoyMDI2MDkzMC4wIJJjKgBIAVAD&rclk=1
Elat Roma,Italiaans restaurant,4.0,40,·€ 10-20,"Schietbaanweg 107, 7521 DA Enschede",053 430 8959,http://www.elat-roma.nl/,52.2304676,6.8627359,https://www.google.com/maps/place/Elat+Roma/data=!4m7!3m6!1s0x47b813ea08d0fa17:0xb66c25857c8f67e!8m2!3d52.2304676!4d6.8627359!16s%2Fg%2F1t_hy1mq!19sChIJF_rQCOoTuEcRfvbIV1jCZgs?authuser=0&hl=nl&g_ep=EgoyMDI2MDkzMC4wIJJjKgBIAVAD&rclk=1
Traditionele Pizzeria Da Enrico,Afhaalpizza,4.5,45,·€ 10-20,"Zweringweg 210, 7545 DA Enschede",053 431 0892,https://www.da-enrico.nl/,52.2104856,6.8632217,https://www.google.com/maps/place/Traditionele+Pizzeria+Da+Enrico/data=!4m7!3m6!1s0x47b813994fbe049d:0x75e2f540bb6eb1f4!8m2!3d52.2104856!4d6.8632217!16s%2Fg%2F1tdy_0ps!19sChIJnQS-T5kTuEcR9LFuu0D14nU?authuser=0&hl=nl&g_ep=EgoyMDI2MDkzMC4wIJJjKgBIAVAD&rclk=1
Pizzeria Stroinkslanden,Pizzeria,4.5,45,·€ 10-20,"Veldhoflanden 14, 7542 LA Enschede",053 785 4924,https://pizzeria-stroinkslanden.nl/,52.1935626,6.9015538,https://www.google.com/maps/place/Pizzeria+Stroinkslanden/data=!4m7!3m6!1s0x47b8159ac339e01b:0xcfa15c8dcd3b1a28!8m2!3d52.1935626!4d6.9015538!16s%2Fg%2F11ltls1ry0!19sChIJG-A5w5oVuEcRKBo7zY1coc8?authuser=0&hl=nl&g_ep=EgoyMDI2MDkzMC4wIJJjKgBIAVAD&rclk=1
Domino's Pizza Enschede Boulevard 1945,Pizzeria,3.9,39,·€ 10-20,"Boulevard 1945 347, 7511 AD Enschede",053 482 4000,https://www.dominos.nl/?utm_source=google&utm_medium=local&utm_campaign=yext,52.2172259,6.9012725,https://www.google.com/maps/place/Domino%27s+Pizza+Enschede+Boulevard+1945/data=!4m7!3m6!1s0x47b8147103da7157:0xbe33a434480331a1!8m2!3d52.2172259!4d6.9012725!16s%2Fg%2F1tx14f_l!19sChIJV3HaA3EUuEcRoTEDSDSkM74?authuser=0&hl=nl&g_ep=EgoyMDI2MDkzMC4wIJJjKgBIAVAD&rclk=1
Pizzeria & Grillroom Boekelo,Pizzeria,4.6,46,·€ 10-20,"Beckumerstraat 3c, 7548 BD Enschede",053 851 1831,https://www.pizzeria-boekelo.nl/,52.203868,6.7993687,https://www.google.com/maps/place/Pizzeria+%26+Grillroom+Boekelo/data=!4m7!3m6!1s0x47b8130d6f6e3ad9:0xcb8652455941c2d0!8m2!3d52.203868!4d6.7993687!16s%2Fg%2F11fjvtkjk2!19sChIJ2Tpubw0TuEcR0MJBWUVShss?authuser=0&hl=nl&g_ep=EgoyMDI2MDkzMC4wIJJjKgBIAVAD&rclk=1
Twentsche Foodhal,Restaurant,4.4,44,·€ 20-30,"Hoge Bothofstraat 39a, 7511 ZA Enschede",053 203 2312,https://twentschefoodhal.nl/,52.2226044,6.9021764,https://www.google.com/maps/place/Twentsche+Foodhal/data=!4m7!3m6!1s0x47b8146d5609b683:0x350d236276c412d4!8m2!3d52.2226044!4d6.9021764!16s%2Fg%2F11dxc7wryt!19sChIJg7YJVm0UuEcR1BLEdmIjDTU?authuser=0&hl=nl&g_ep=EgoyMDI2MDkzMC4wIJJjKgBIAVAD&rclk=1
Turtles Pizza 🍕,Pizzeria,3.9,39,·€ 10-20,"Hengelosestraat 172, 7521 AK Enschede",053 850 7325,http://turtlepizza-app.nl/,52.227152,6.878925,https://www.google.com/maps/place/Turtles+Pizza+%F0%9F%8D%95/data=!4m7!3m6!1s0x47b813f303097dad:0xc6d467ba449ced52!8m2!3d52.227152!4d6.878925!16s%2Fg%2F11c1s3s0sw!19sChIJrX0JA_MTuEcRUu2cRLpn1MY?authuser=0&hl=nl&g_ep=EgoyMDI2MDkzMC4wIJJjKgBIAVAD&rclk=1
Pinna Delicatessen,Kaaswinkel,4.6,46,,"Chrysantstraat 80, 7531 KD Enschede",053 785 2724,http://www.pinnadelicatessen.nl/,52.2289972,6.9214139,https://www.google.com/maps/place/Pinna+Delicatessen/data=!4m7!3m6!1s0x47b81415e42ab9e3:0xb8946538d6df37c8!8m2!3d52.2289972!4d6.9214139!16s%2Fg%2F11fy91zm9l!19sChIJ47kq5BUUuEcRyDff1jhllLg?authuser=0&hl=nl&g_ep=EgoyMDI2MDkzMC4wIJJjKgBIAVAD&rclk=1
A'Maggiore,Catering,4.8,48,,"Bamshoevelaan 21, 7523 JJ Enschede",06 41854854,http://www.amaggiore-enschede.nl/,52.2286727,6.8935934,https://www.google.com/maps/place/A%27Maggiore/data=!4m7!3m6!1s0x47b8140ead83ea99:0x6938e5256daf68da!8m2!3d52.2286727!4d6.8935934!16s%2Fg%2F1tpljtg_!19sChIJmeqDrQ4UuEcR2mivbSXlOGk?authuser=0&hl=nl&g_ep=EgoyMDI2MDkzMC4wIJJjKgBIAVAD&rclk=1
Sensazia All-in restaurant,Familierestaurant,4.0,40,·€ 30-40,"Colosseum 80, 7521 PT Enschede",053 820 0300,http://www.sensazia.nl/,52.2376634,6.8344858,https://www.google.com/maps/place/Sensazia+All-in+restaurant/data=!4m7!3m6!1s0x47b81232832e682f:0x18fddd9276bebc45!8m2!3d52.2376634!4d6.8344858!16s%2Fg%2F1tflwzdp!19sChIJL2gugzISuEcRRby-dpLd_Rg?authuser=0&hl=nl&g_ep=EgoyMDI2MDkzMC4wIJJjKgBIAVAD&rclk=1
Pizzeria Le Due Isole,Restaurant,4.3,43,·€ 10-20,"Burgemeester van Veenlaan 104, 7543 AB Enschede",053 476 1902,https://ledue-isole.nl/,52.2058784,6.8792029,https://www.google.com/maps/place/Pizzeria+Le+Due+Isole/data=!4m7!3m6!1s0x47b81381a761f193:0x5868f9d2ab900e9b!8m2!3d52.2058784!4d6.8792029!16s%2Fg%2F1tfkk7qc!19sChIJk_Fhp4ETuEcRmw6Qq9L5aFg?authuser=0&hl=nl&g_ep=EgoyMDI2MDkzMC4wIJJjKgBIAVAD&rclk=1
Olio61 Italiaanse Extra Vergine Olijfolie,Delicatessenwinkel,5.0,50,,"C.J. Snuifstraat 16, 7511 ZK Enschede",,,52.221567,6.9062664,https://www.google.com/maps/place/Olio61+Italiaanse+Extra+Vergine+Olijfolie/data=!4m7!3m6!1s0x47b815e4f0b76cf9:0xbcfb39a09573ea9!8m2!3d52.221567!4d6.9062664!16s%2Fg%2F11k_n8y152!19sChIJ-Wy38OQVuEcRqT5XCZqzzws?authuser=0&hl=nl&g_ep=EgoyMDI2MDkzMC4wIJJjKgBIAVAD&rclk=1
Maxigrill,Pizzeria,4.6,46,·€ 10-20,"Tolstraat 25, 7534 CG Enschede",053 230 0257,https://www.maxigrill.nl/,52.2139327,6.9745014,https://www.google.com/maps/place/Maxigrill/data=!4m7!3m6!1s0x47b815bedc2efb23:0x5d601731255914a1!8m2!3d52.2139327!4d6.9745014!16s%2Fg%2F11ltq4_2zc!19sChIJI_su3L4VuEcRoRRZJTEXYF0?authuser=0&hl=nl&g_ep=EgoyMDI2MDkzMC4wIJJjKgBIAVAD&rclk=1
Steakhouse Enschede,Restaurant,4.5,45,·€ 10-20,"Haaksbergerstraat 402, 7545 GA Enschede",053 433 8855,http://www.steakhouse-enschede.nl/,52.2105296,6.8778425,https://www.google.com/maps/place/Steakhouse+Enschede/data=!4m7!3m6!1s0x47b813f849bfe1d5:0x870e304680bef1e5!8m2!3d52.2105296!4d6.8778425!16s%2Fg%2F11h3njh5b4!19sChIJ1eG_SfgTuEcR5fG-gEYwDoc?authuser=0&hl=nl&g_ep=EgoyMDI2MDkzMC4wIJJjKgBIAVAD&rclk=1
Pizzeria de tweede kamer,Afhaalrestaurant,4.2,42,·€ 10-20,"Kuipersdijk 3, 7512 CA Enschede",053 478 7644,https://hollandsa.org/details/pizzeria-de-tweede-kamer-ChIJg01,52.216196,6.8967496,https://www.google.com/maps/place/Pizzeria+de+tweede+kamer/data=!4m7!3m6!1s0x47b815d823504d83:0x2fc19948014877bb!8m2!3d52.216196!4d6.8967496!16s%2Fg%2F11v19xb5mw!19sChIJg01QI9gVuEcRu3dIAUiZwS8?authuser=0&hl=nl&g_ep=EgoyMDI2MDkzMC4wIJJjKgBIAVAD&rclk=1
Restaurant Haifa,Pizzeria,4.6,46,·€ 10-20,"Gronausestraat 1241, 7534 AJ Enschede",053 461 6966,https://bestellen.haifaenschede.nl/,52.2156131,6.9711613,https://www.google.com/maps/place/Restaurant+Haifa/data=!4m7!3m6!1s0x47b81596aa4e87e7:0xfa37debe9b160b06!8m2!3d52.2156131!4d6.9711613!16s%2Fg%2F1vc6cgks!19sChIJ54dOqpYVuEcRBgsWm77eN_o?authuser=0&hl=nl&g_ep=EgoyMDI2MDkzMC4wIJJjKgBIAVAD&rclk=1
Pizzaboertje - Enschede - Pizzaboertje.nl🍕,Pizzeria,4.2,42,·€ 10-20,"Velveweg 73, 7533 XE Enschede",053 231 0727,http://pizzaboertje-app.nl/,52.2205945,6.9205624,https://www.google.com/maps/place/Pizzaboertje+-+Enschede+-+Pizzaboertje.nl%F0%9F%8D%95/data=!4m7!3m6!1s0x47b8155d522d6b2d:0xdf879a93c1370dba!8m2!3d52.2205945!4d6.9205624!16s%2Fg%2F11rh_4d21r!19sChIJLWstUl0VuEcRug03wZOah98?authuser=0&hl=nl&g_ep=EgoyMDI2MDkzMC4wIJJjKgBIAVAD&rclk=1
Pizzakiosk UT,Afhaalpizza,3.3,33,·€ 10-20,"Promenade 134, 7522 NM Enschede",06 38633383,http://www.elat-roma.nl/,52.2431792,6.8529864,https://www.google.com/maps/place/Pizzakiosk+UT/data=!4m7!3m6!1s0x47b813417015ad9b:0xc92bdda86aa54bb7!8m2!3d52.2431792!4d6.8529864!16s%2Fg%2F11v0y4f2h0!19sChIJm60VcEETuEcRt0ulaqjdK8k?authuser=0&hl=nl&g_ep=EgoyMDI2MDkzMC4wIJJjKgBIAVAD&rclk=1
La Riviera Pizzeria,Pizzeria,3.9,39,·€ 10-20,"Wesseler-Nering 45, 7544 JC Enschede",053 477 6046,http://www.pizzerialariviera.nl/,52.191297,6.879008,https://www.google.com/maps/place/La+Riviera+Pizzeria/data=!4m7!3m6!1s0x47b81362a2e67861:0xaca6d77d32ee402c!8m2!3d52.191297!4d6.879008!16s%2Fg%2F1tdqsm78!19sChIJYXjmomITuEcRLEDuMn3Xpqw?authuser=0&hl=nl&g_ep=EgoyMDI2MDkzMC4wIJJjKgBIAVAD&rclk=1
Pizzeria La Scala,Pizzeria,4.2,42,·€ 10-20,"Gronausestraat 1078, 7534 AP Glanerbrug",053 461 7172,http://www.lascala.nl/,52.2154974,6.9683621,https://www.google.com/maps/place/Pizzeria+La+Scala/data=!4m7!3m6!1s0x47b81595f5946619:0x8722dfb71cddfab7!8m2!3d52.2154974!4d6.9683621!16s%2Fg%2F1tvw3_wm!19sChIJGWaU9ZUVuEcRt_rdHLffIoc?authuser=0&hl=nl&g_ep=EgoyMDI2MDkzMC4wIJJjKgBIAVAD&rclk=1
Restaurant De Broeierd,Restaurant,4.1,41,·€ 20-30,"Hengelosestraat 725, 7521 PA Enschede",053 850 6500,https://www.restaurantdebroeierd.nl/nl/?utm_campaign=debroeierd_business-listening-maps&utm_medium=organic&utm_source=google-mijn-bedrijf,52.2400131,6.8438554,https://www.google.com/maps/place/Restaurant+De+Broeierd/data=!4m7!3m6!1s0x47b81355c1aa00c9:0x7760b26bed829d16!8m2!3d52.2400131!4d6.8438554!16s%2Fg%2F11n60lq8wr!19sChIJyQCqwVUTuEcRFp2C7WuyYHc?authuser=0&hl=nl&g_ep=EgoyMDI2MDkzMC4wIJJjKgBIAVAD&rclk=1
AYA-Japanese Kitchen ＆Craft,Japans restaurant,5.0,50,·€ 1-10,"Hengelosestraat 190, 7521 AK Enschede",,https://www.ayaorigamitea.nl/,52.2274542,6.8782993,https://www.google.com/maps/place/AYA-Japanese+Kitchen+%EF%BC%86Craft/data=!4m7!3m6!1s0x47b813bcfe889f61:0xb20be1542b44fe94!8m2!3d52.2274542!4d6.8782993!16s%2Fg%2F11z584hbqk!19sChIJYZ-I_rwTuEcRlP5EK1ThC7I?authuser=0&hl=nl&g_ep=EgoyMDI2MDkzMC4wIJJjKgBIAVAD&rclk=1
CHILIN,Aziatisch restaurant,4.9,49,·€ 10-20,"Zuiderhagen 43, 7511 GJ Enschede",053 432 2820,http://www.instagram.com/chilinstreetfood,52.2195798,6.8938454,https://www.google.com/maps/place/CHILIN/data=!4m7!3m6!1s0x47b8156d926faceb:0x83b6d5b5f212ac5d!8m2!3d52.2195798!4d6.8938454!16s%2Fg%2F11nk8hbsj0!19sChIJ66xvkm0VuEcRXawS8rXVtoM?authuser=0&hl=nl&g_ep=EgoyMDI2MDkzMC4wIJJjKgBIAVAD&rclk=1
Restaurant Koneo,Aziatisch fusion-restaurant,4.5,45,·€ 10-20,"Stationsplein 1, 7511 JD Enschede",053 303 4030,https://restaurantkoneo.nl/,52.2222994,6.8925994,https://www.google.com/maps/place/Restaurant+Koneo/data=!4m7!3m6!1s0x47b8150027d9494b:0x9aab150444a32e6d!8m2!3d52.2222994!4d6.8925994!16s%2Fg%2F11y4b22fjk!19sChIJS0nZJwAVuEcRbS6jRAQVq5o?authuser=0&hl=nl&g_ep=EgoyMDI2MDkzMC4wIJJjKgBIAVAD&rclk=1
Yuzu Asian Grand Cafe,Aziatisch restaurant,4.5,45,·€ 50-100,"Van Loenshof 35, 7511 HE Enschede",053 303 1799,http://www.yuzuenschede.nl/,52.2181888,6.8946961,https://www.google.com/maps/place/Yuzu+Asian+Grand+Cafe/data=!4m7!3m6!1s0x47b814715b12ec47:0xc5d4ea8e543c7108!8m2!3d52.2181888!4d6.8946961!16s%2Fg%2F11dfhtfypv!19sChIJR-wSW3EUuEcRCHE8VI7q1MU?authuser=0&hl=nl&g_ep=EgoyMDI2MDkzMC4wIJJjKgBIAVAD&rclk=1
Big Rabbit Enschede,Aziatisch restaurant,4.4,44,·€ 10-20,"Koningstraat 11, 7511 AG Enschede",053 478 9917,http://www.bigrabbit.nl/,52.2175076,6.8942819,https://www.google.com/maps/place/Big+Rabbit+Enschede/data=!4m7!3m6!1s0x47b81500581aea3b:0x8266c8328b02c955!8m2!3d52.2175076!4d6.8942819!16s%2Fg%2F11w592f7qt!19sChIJO-oaWAAVuEcRVckCizLIZoI?authuser=0&hl=nl&g_ep=EgoyMDI2MDkzMC4wIJJjKgBIAVAD&rclk=1
Aziatisch Hotpot Restaurant Asian Taste,Aziatisch restaurant,4.5,45,·€ 30-40,"De Klomp 152, 7511 DJ Enschede",053 435 9997,https://asian-taste.nl/?utm_source=google-mijn-bedrijf&utm_medium=organic&utm_campaign=gmb,52.2197627,6.9020151,https://www.google.com/maps/place/Aziatisch+Hotpot+Restaurant+Asian+Taste/data=!4m7!3m6!1s0x47b81473b8c0d1c1:0xbb6a9811bea529c2!8m2!3d52.2197627!4d6.9020151!16s%2Fg%2F1tcv5d2p!19sChIJwdHAuHMUuEcRwimlvhGYars?authuser=0&hl=nl&g_ep=EgoyMDI2MDkzMC4wIJJjKgBIAVAD&rclk=1
ToKook,Aziatisch restaurant,5.0,50,,"Hoge Bothofstraat 39, 7511 ZA Enschede",06 48938560,http://tokook.nl/,52.2226673,6.9023702,https://www.google.com/maps/place/ToKook/data=!4m7!3m6!1s0x47b815004a5258a1:0x6b76d243284e22a1!8m2!3d52.2226673!4d6.9023702!16s%2Fg%2F11x_bjfq66!19sChIJoVhSSgAVuEcRoSJOKEPSdms?authuser=0&hl=nl&g_ep=EgoyMDI2MDkzMC4wIJJjKgBIAVAD&rclk=1
Blue Sakura,Japans restaurant,4.3,43,·€ 50-60,"Oude Markt 21, 7511 GB Enschede",053 750 3891,https://www.bluesakura.nl/enschede/,52.2209557,6.8965493,https://www.google.com/maps/place/Blue+Sakura/data=!4m7!3m6!1s0x47b81473a465b15d:0x67698250f63777b7!8m2!3d52.2209557!4d6.8965493!16s%2Fg%2F1pp2wwf44!19sChIJXbFlpHMUuEcRt3c39lCCaWc?authuser=0&hl=nl&g_ep=EgoyMDI2MDkzMC4wIJJjKgBIAVAD&rclk=1
Oriëntal City,Chinees restaurant,4.4,44,·€ 10-50,"Haaksbergerstraat 594-596, 7545 GE Enschede",053 432 8586,https://orientalcity-enschede.nl/,52.2071891,6.8682448,https://www.google.com/maps/place/Ori%C3%ABntal+City/data=!4m7!3m6!1s0x47b8139ce16606b3:0xab095d9f5890b8e!8m2!3d52.2071891!4d6.8682448!16s%2Fg%2F1tgtdkrc!19sChIJswZm4ZwTuEcRjguJ9dmVsAo?authuser=0&hl=nl&g_ep=EgoyMDI2MDkzMC4wIJJjKgBIAVAD&rclk=1
Chinese Restaurant International,Chinees restaurant,4.4,44,·€ 20-30,"Boulevard 1945 322, 7511 AH Enschede",053 431 2420,http://www.chineesrestaurantenschede.nl/,52.2172423,6.8947334,https://www.google.com/maps/place/Chinese+Restaurant+International/data=!4m7!3m6!1s0x47b814713ee359a3:0xea6ba0aab01c87f3!8m2!3d52.2172423!4d6.8947334!16s%2Fg%2F1td379v4!19sChIJo1njPnEUuEcR84ccsKqga-o?authuser=0&hl=nl&g_ep=EgoyMDI2MDkzMC4wIJJjKgBIAVAD&rclk=1
Pinto Thai 🇹🇭,Thais restaurant,4.5,45,·€ 20-60,"Korte Haaksbergerstraat 11, 7511 JV Enschede",053 785 8728,http://www.pintothai.nl/,52.2201531,6.892834,https://www.google.com/maps/place/Pinto+Thai+%F0%9F%87%B9%F0%9F%87%AD/data=!4m7!3m6!1s0x47b8158cd1ded3b5:0x30cdc81391f26f6f!8m2!3d52.2201531!4d6.892834!16s%2Fg%2F11fl5wk2_t!19sChIJtdPe0YwVuEcRb2_ykRPIzTA?authuser=0&hl=nl&g_ep=EgoyMDI2MDkzMC4wIJJjKgBIAVAD&rclk=1
Hu's Garden,Chinees restaurant,4.3,43,·€ 10-50,"Oldenzaalsestraat 266, 7523 AG Enschede",053 433 3678,http://www.husgarden.nl/,52.229653,6.901336,https://www.google.com/maps/place/Hu%27s+Garden/data=!4m7!3m6!1s0x47b8140e7209085b:0x7309bbd8e8206a91!8m2!3d52.229653!4d6.901336!16s%2Fg%2F1tls1y06!19sChIJWwgJcg4UuEcRkWog6Ni7CXM?authuser=0&hl=nl&g_ep=EgoyMDI2MDkzMC4wIJJjKgBIAVAD&rclk=1
HAOHAO,Restaurant,4.4,44,·€ 10-20,"Langestraat 19, 7511 HA Enschede",053 569 9467,https://foodtown.nl/haohao/,52.2191251,6.897258,https://www.google.com/maps/place/HAOHAO/data=!4m7!3m6!1s0x47b814722d24c4a7:0xc0b2666011daacfc!8m2!3d52.2191251!4d6.897258!16s%2Fg%2F11c0rqt54z!19sChIJp8QkLXIUuEcR_KzaEWBmssA?authuser=0&hl=nl&g_ep=EgoyMDI2MDkzMC4wIJJjKgBIAVAD&rclk=1
Thaise Lepel,Thais restaurant,4.9,49,·€ 10-20,"Fresiastraat 29, 7531 VH Enschede",053 569 8777,https://www.thaiselepel.nl/menu,52.2292236,6.9209185,https://www.google.com/maps/place/Thaise+Lepel/data=!4m7!3m6!1s0x47b8157c299eae01:0x17d28a1b85b65e12!8m2!3d52.2292236!4d6.9209185!16s%2Fg%2F11rmy9gpl6!19sChIJAa6eKXwVuEcREl62hRuK0hc?authuser=0&hl=nl&g_ep=EgoyMDI2MDkzMC4wIJJjKgBIAVAD&rclk=1
Fusion Wok,Chinees restaurant,4.6,46,·€ 10-20,"Boulevard 1945 306, 7511 AH Enschede",053 430 9996,https://www.fusion-wok.nl/contact,52.217307,6.894699,https://www.google.com/maps/place/Fusion+Wok/data=!4m7!3m6!1s0x47b814716b057485:0x6543508a07ef2e2e!8m2!3d52.217307!4d6.894699!16s%2Fg%2F1tfq_hlx!19sChIJhXQFa3EUuEcRLi7vB4pQQ2U?authuser=0&hl=nl&g_ep=EgoyMDI2MDkzMC4wIJJjKgBIAVAD&rclk=1
Nyonya Meneer Indonesisch Eethuis,Indonesisch restaurant,4.6,46,·€ 20-30,"Walstraat 9, 7511 GE Enschede",053 890 0911,http://nyonyameneer.nl/,52.2190445,6.8947849,https://www.google.com/maps/place/Nyonya+Meneer+Indonesisch+Eethuis/data=!4m7!3m6!1s0x47b81473e47d16cd:0x4360b63834249660!8m2!3d52.2190445!4d6.8947849!16s%2Fg%2F11c526fvvb!19sChIJzRZ95HMUuEcRYJYkNDi2YEM?authuser=0&hl=nl&g_ep=EgoyMDI2MDkzMC4wIJJjKgBIAVAD&rclk=1
Khai's,Aziatisch restaurant,4.3,43,·€ 1-10,"Hendrik Jan van Heekplein 60F, 7511 HN Enschede",,https://facebook.com/khaisloempia/,52.2170652,6.8985119,https://www.google.com/maps/place/Khai%27s/data=!4m7!3m6!1s0x47b81471c0414fcf:0xed90f8b5438f278a!8m2!3d52.2170652!4d6.8985119!16s%2Fg%2F1tdkwrt8!19sChIJz09BwHEUuEcRiiePQ7X4kO0?authuser=0&hl=nl&g_ep=EgoyMDI2MDkzMC4wIJJjKgBIAVAD&rclk=1
De Lange Muur,Chinees afhaalrestaurant,4.5,45,·€ 10-20,"Oogstplein 25, 7545 HP Enschede",053 430 6901,http://www.delangemuur-enschede.nl/,52.2121398,6.8647888,https://www.google.com/maps/place/De+Lange+Muur/data=!4m7!3m6!1s0x47b8139bd303ba2b:0x37f4e74b81e61692!8m2!3d52.2121398!4d6.8647888!16s%2Fg%2F1tf0ppnr!19sChIJK7oD05sTuEcRkhbmgUvn9Dc?authuser=0&hl=nl&g_ep=EgoyMDI2MDkzMC4wIJJjKgBIAVAD&rclk=1
Asaka,Sushirestaurant,4.3,43,·€ 40-50,"Zuiderhagen 53, 7511 GK Enschede",053 574 5950,https://www.asaka.nl/,52.2192522,6.8940665,https://www.google.com/maps/place/Asaka/data=!4m7!3m6!1s0x47b81473f96030e5:0xc5d09e23bb67289c!8m2!3d52.2192522!4d6.8940665!16s%2Fg%2F11b7j3ggk4!19sChIJ5TBg-XMUuEcRnChnuyOe0MU?authuser=0&hl=nl&g_ep=EgoyMDI2MDkzMC4wIJJjKgBIAVAD&rclk=1
Bulgogi House,Koreaans barbecuerestaurant,4.2,42,·€ 40-50,"Korte Hengelosestraat 35, 7511 JA Enschede",053 303 3010,https://bulgogihouse.nl/,52.2223106,6.8927509,https://www.google.com/maps/place/Bulgogi+House/data=!4m7!3m6!1s0x47b8150fd160e0f9:0x456d5efdaa92382!8m2!3d52.2223106!4d6.8927509!16s%2Fg%2F11wq3pp9r5!19sChIJ-eBg0Q8VuEcRgiOp2u_VVgQ?authuser=0&hl=nl&g_ep=EgoyMDI2MDkzMC4wIJJjKgBIAVAD&rclk=1
Ginza Sushi,Sushirestaurant,4.3,43,·€ 40-50,"Klanderij 50 A, 7511 HS Enschede",053 574 8354,https://ginzasushi.nl/,52.2170446,6.8996404,https://www.google.com/maps/place/Ginza+Sushi/data=!4m7!3m6!1s0x47b81471e4d0d229:0x66703a18c031c45d!8m2!3d52.2170446!4d6.8996404!16s%2Fg%2F11b6_c2n_2!19sChIJKdLQ5HEUuEcRXcQxwBg6cGY?authuser=0&hl=nl&g_ep=EgoyMDI2MDkzMC4wIJJjKgBIAVAD&rclk=1
The FoodClub,Eclectisch restaurant,4.4,44,·€ 50-60,"Gronausestraat 100, 7533 BP Enschede",053 200 5565,https://thefoodclub053.nl/,52.2187226,6.9198478,https://www.google.com/maps/place/The+FoodClub/data=!4m7!3m6!1s0x47b81593447e4b53:0x5e2803c5c09a1ed0!8m2!3d52.2187226!4d6.9198478!16s%2Fg%2F11qngb1g7n!19sChIJU0t-RJMVuEcR0B6awMUDKF4?authuser=0&hl=nl&g_ep=EgoyMDI2MDkzMC4wIJJjKgBIAVAD&rclk=1
Tim Nung Thai Streetfood,Snackbar,4.7,47,,"Palatijn, 7521 PN Enschede",06 11432005,http://www.tim-nung.nl/,52.2385407,6.8427663,https://www.google.com/maps/place/Tim+Nung+Thai+Streetfood/data=!4m7!3m6!1s0x47b81374dad4de19:0x88c10dfa6afa0ab8!8m2!3d52.2385407!4d6.8427663!16s%2Fg%2F11h3lfr6zh!19sChIJGd7U2nQTuEcRuAr6avoNwYg?authuser=0&hl=nl&g_ep=EgoyMDI2MDkzMC4wIJJjKgBIAVAD&rclk=1
Mr. Hu Asian Supermarket,Aziatische kruidenierswinkel,4.5,45,,"De Klomp 146, 7511 DJ Enschede",053 536 3433,,52.2196819,6.9016518,https://www.google.com/maps/place/Mr.+Hu+Asian+Supermarket/data=!4m7!3m6!1s0x47b8146d92ef8389:0xa480502cdb45d369!8m2!3d52.2196819!4d6.9016518!16s%2Fg%2F1th7xf4p!19sChIJiYPvkm0UuEcRadNF2yxQgKQ?authuser=0&hl=nl&g_ep=EgoyMDI2MDkzMC4wIJJjKgBIAVAD&rclk=1
DownTown Sushi,Sushirestaurant,4.7,47,·€ 10-20,"Hoge Bothofstraat 39a, 7511 ZA Enschede",06 21196277,http://www.downtown-sushi.nl/,52.222613,6.9023578,https://www.google.com/maps/place/DownTown+Sushi/data=!4m7!3m6!1s0x47b81531e31e73c9:0x294e99088f1d9d54!8m2!3d52.222613!4d6.9023578!16s%2Fg%2F11s74pgk10!19sChIJyXMe4zEVuEcRVJ0djwiZTik?authuser=0&hl=nl&g_ep=EgoyMDI2MDkzMC4wIJJjKgBIAVAD&rclk=1
Wok & Cafetaria Young's,Pan-Aziatisch restaurant,4.3,43,·€ 10-20,"Korte Hengelosestraat 16A, 7511 JB Enschede",,https://amsterdambusi.org/details/wok-cafetaria-youngs-ChIJVUX,52.2217316,6.8931163,https://www.google.com/maps/place/Wok+%26+Cafetaria+Young%27s/data=!4m7!3m6!1s0x47b814748bd94555:0x5a41bd7062e21bb3!8m2!3d52.2217316!4d6.8931163!16s%2Fg%2F11f6d8xp80!19sChIJVUXZi3QUuEcRsxviYnC9QVo?authuser=0&hl=nl&g_ep=EgoyMDI2MDkzMC4wIJJjKgBIAVAD&rclk=1
I Love Sushi Enschede 🍣,Sushirestaurant,3.9,39,·€ 10-40,"Deurningerstraat 5A, 7514 BC Enschede",053 231 7364,http://www.ilovesushi-enschede.nl/,52.223793,6.8916176,https://www.google.com/maps/place/I+Love+Sushi+Enschede+%F0%9F%8D%A3/data=!4m7!3m6!1s0x47b81474d709e161:0xf1faa3ca8d98241b!8m2!3d52.223793!4d6.8916176!16s%2Fg%2F11f1ldwxd8!19sChIJYeEJ13QUuEcRGySYjcqj-vE?authuser=0&hl=nl&g_ep=EgoyMDI2MDkzMC4wIJJjKgBIAVAD&rclk=1
Lim's Wok: bestel via limswok.nl,Chinees restaurant,3.8,38,·€ 10-20,"Rijnstraat 76, 7523 GG Enschede",053 432 8228,https://www.limswok.nl/,52.239479,6.892205,https://www.google.com/maps/place/Lim%27s+Wok:+bestel+via+limswok.nl/data=!4m7!3m6!1s0x47b8147057c7005b:0x1e3640644f0457a!8m2!3d52.239479!4d6.892205!16s%2Fg%2F1hc97xqcp!19sChIJWwDHV3AUuEcRekXwRAZk4wE?authuser=0&hl=nl&g_ep=EgoyMDI2MDkzMC4wIJJjKgBIAVAD&rclk=1
Saigon Vietnamese Specialiteiten,Vietnamees restaurant,4.2,42,,"Sterkerstraat 28, 7545 TH Enschede",053 431 1872,https://nlcompanies.org/details/saigon-vietnamese-specialiteiten-ChIJ2ZB,52.2139677,6.8744151,https://www.google.com/maps/place/Saigon+Vietnamese+Specialiteiten/data=!4m7!3m6!1s0x47b81385654490d9:0x372a2df39bdac5fd!8m2!3d52.2139677!4d6.8744151!16s%2Fg%2F1v6qgp_q!19sChIJ2ZBEZYUTuEcR_cXam_MtKjc?authuser=0&hl=nl&g_ep=EgoyMDI2MDkzMC4wIJJjKgBIAVAD&rclk=1
Indian summer 🇮🇳,Indiaas restaurant,4.5,45,·€ 20-30,"Walstraat 15, 7511 GE Enschede",06 25455754,http://www.indiansummerenschede.nl/,52.2192722,6.8946166,https://www.google.com/maps/place/Indian+summer+%F0%9F%87%AE%F0%9F%87%B3/data=!4m7!3m6!1s0x47b815fbe384f42f:0x52e859e03d3c4c07!8m2!3d52.2192722!4d6.8946166!16s%2Fg%2F11t1r1g0wr!19sChIJL_SE4_sVuEcRB0w8PeBZ6FI?authuser=0&hl=nl&g_ep=EgoyMDI2MDkzMC4wIJJjKgBIAVAD&rclk=1
De Mandarijn,Chinees restaurant,4.2,42,·€ 10-20,"Wesseler-Nering 40, 7544 JC Enschede",053 476 0613,http://www.demandarijnenschede.nl/,52.1913356,6.8802874,https://www.google.com/maps/place/De+Mandarijn/data=!4m7!3m6!1s0x47b8149d61145115:0x9a30d46a8a68c0ba!8m2!3d52.1913356!4d6.8802874!16s%2Fg%2F1tf3m_cw!19sChIJFVEUYZ0UuEcRusBoimrUMJo?authuser=0&hl=nl&g_ep=EgoyMDI2MDkzMC4wIJJjKgBIAVAD&rclk=1
Golden Star,Chinees afhaalrestaurant,4.7,47,·€ 10-20,"Schoolstraat 54, 7534 CC Enschede",053 461 6917,,52.2132352,6.9704389,https://www.google.com/maps/place/Golden+Star/data=!4m7!3m6!1s0x47b8159666611777:0x5ee6b968b9c36618!8m2!3d52.2132352!4d6.9704389!16s%2Fg%2F1tnpdhw0!19sChIJdxdhZpYVuEcRGGbDuWi55l4?authuser=0&hl=nl&g_ep=EgoyMDI2MDkzMC4wIJJjKgBIAVAD&rclk=1
Mito Sushi,Sushirestaurant,4.2,42,·€ 20-30,"Kevelhamhoek 93, 7546 EN Enschede",053 573 8190,http://mitosushi.nl/,52.1938388,6.8557406,https://www.google.com/maps/place/Mito+Sushi/data=!4m7!3m6!1s0x47b81398b26810db:0x582797641e9ba8a5!8m2!3d52.1938388!4d6.8557406!16s%2Fg%2F11pbtlzdgd!19sChIJ2xBospgTuEcRpaibHmSXJ1g?authuser=0&hl=nl&g_ep=EgoyMDI2MDkzMC4wIJJjKgBIAVAD&rclk=1
Oka Sushi Enschede,Afhaalrestaurant,4.9,49,·€ 10-20,"Brouwerijstraat 54, 7523 XC Enschede",053 574 5314,https://www.okasushi.nl/,52.2316888,6.8905219,https://www.google.com/maps/place/Oka+Sushi+Enschede/data=!4m7!3m6!1s0x47b815007168edbf:0x9d80c84f6a518d10!8m2!3d52.2316888!4d6.8905219!16s%2Fg%2F11z4lw87lv!19sChIJv-1ocQAVuEcREI1Rak_IgJ0?authuser=0&hl=nl&g_ep=EgoyMDI2MDkzMC4wIJJjKgBIAVAD&rclk=1
Ninja-Sushi 🍣,Sushirestaurant,4.6,46,·€ 20-30,"Velveweg 65, 7533 XE Enschede",053 301 1016,https://www.ninja-sushi.nl/,52.2207754,6.9202519,https://www.google.com/maps/place/Ninja-Sushi+%F0%9F%8D%A3/data=!4m7!3m6!1s0x47b81440c37e2fed:0x5b0d977ff91c5c0f!8m2!3d52.2207754!4d6.9202519!16s%2Fg%2F11fm34604x!19sChIJ7S9-w0AUuEcRD1wc-X-XDVs?authuser=0&hl=nl&g_ep=EgoyMDI2MDkzMC4wIJJjKgBIAVAD&rclk=1
Sushi Daily,Sushi takeaway,5.0,50,,"Hendrik Jan van Heekplein 63, 7511 HN Enschede",053 432 5011,https://sushidaily.com/nl-nl/,52.2169249,6.8984967,https://www.google.com/maps/place/Sushi+Daily/data=!4m7!3m6!1s0x47b81544776c4681:0xebb0cbcd172a631b!8m2!3d52.2169249!4d6.8984967!16s%2Fg%2F11z4r_k6vg!19sChIJgUZsd0QVuEcRG2MqF83LsOs?authuser=0&hl=nl&g_ep=EgoyMDI2MDkzMC4wIJJjKgBIAVAD&rclk=1
Soralicious Sushi Enschede,Sushi takeaway,3.5,35,·€ 20-30,"Brouwerijplein 2, 7523 MA Enschede",053 303 4596,https://www.soralicioussushi.nl/,52.2314851,6.8895352,https://www.google.com/maps/place/Soralicious+Sushi+Enschede/data=!4m7!3m6!1s0x47b813007f34b5f3:0xc1a5068b3397286d!8m2!3d52.2314851!4d6.8895352!16s%2Fg%2F11ltp1nzg9!19sChIJ87U0fwATuEcRbSiXM4sGpcE?authuser=0&hl=nl&g_ep=EgoyMDI2MDkzMC4wIJJjKgBIAVAD&rclk=1
Restaurant Umami Hengelo,Aziatisch restaurant,4.6,46,·€ 40-90,"Deldenerstraat 24, 7551 AG Hengelo",074 291 9290,http://www.umamihengelo.nl/,52.2666412,6.7887927,https://www.google.com/maps/place/Restaurant+Umami+Hengelo/data=!4m7!3m6!1s0x47b80e1df68e49ed:0xd9b73da97e0f8bac!8m2!3d52.2666412!4d6.7887927!16s%2Fg%2F11gzmlxx3!19sChIJ7UmO9h0OuEcRrIsPfqk9t9k?authuser=0&hl=nl&g_ep=EgoyMDI2MDkzMC4wIJJjKgBIAVAD&rclk=1
Sushi House Enschede,Sushi takeaway,3.3,33,·€ 10-20,"Zweringweg 214, 7545 DA Enschede",053 303 4595,https://sushihouse-enschede.nl/,52.2104767,6.8630469,https://www.google.com/maps/place/Sushi+House+Enschede/data=!4m7!3m6!1s0x47b8136bda249b75:0x8b70cd670a5a1d57!8m2!3d52.2104767!4d6.8630469!16s%2Fg%2F11nxsybshx!19sChIJdZsk2msTuEcRVx1aCmfNcIs?authuser=0&hl=nl&g_ep=EgoyMDI2MDkzMC4wIJJjKgBIAVAD&rclk=1
Golden Sakura,Sushirestaurant,4.6,46,·€ 40-50,"Marktstraat 9, 7551 DR Hengelo",074 852 6707,http://www.goldensakura.nl/,52.2647527,6.7919253,https://www.google.com/maps/place/Golden+Sakura/data=!4m7!3m6!1s0x47b811cad623df5d:0xb4354364d6628f44!8m2!3d52.2647527!4d6.7919253!16s%2Fg%2F11rqs82cqx!19sChIJXd8j1soRuEcRRI9i1mRDNbQ?authuser=0&hl=nl&g_ep=EgoyMDI2MDkzMC4wIJJjKgBIAVAD&rclk=1
Sushi & poke delivery,Catering,3.9,98,,"Binnenhaven, 7547 BH Enschede",06 82093053,https://www.sushipokedelivery.nl/,52.2216388,6.8540653,https://www.google.com/maps/place/Sushi+%26+poke+delivery/data=!4m7!3m6!1s0x47b813082ac2ef81:0x5052e2545b218d7b!8m2!3d52.2216388!4d6.8540653!16s%2Fg%2F11nvct95j1!19sChIJge_CKggTuEcRe40hW1TiUlA?authuser=0&hl=nl&g_ep=EgoyMDI2MDkzMC4wIJJjKgBIAVAD&rclk=1
The LocAsian,Supermarkt,4.7,47,,"Drienerstraat 20, 7551 HG Hengelo",074 357 4550,https://thelocasian.com/,52.2648232,6.797237,https://www.google.com/maps/place/The+LocAsian/data=!4m7!3m6!1s0x47b811b1552ee127:0xa95122df6ebe9987!8m2!3d52.2648232!4d6.797237!16s%2Fg%2F11bz_4ncjb!19sChIJJ-EuVbERuEcRh5m-bt8iUak?authuser=0&hl=nl&g_ep=EgoyMDI2MDkzMC4wIJJjKgBIAVAD&rclk=1
Sushi Mau,Sushi takeaway,3.9,39,·€ 20-30,"Gronausestraat 1233A, 7534 AJ Enschede",053 234 0024,http://sushimau.nl/,52.2155985,6.9709539,https://www.google.com/maps/place/Sushi+Mau/data=!4m7!3m6!1s0x47b815c68d0b380f:0x9f9cd188ad1f8e06!8m2!3d52.2155985!4d6.9709539!16s%2Fg%2F11vd8wxzkf!19sChIJDzgLjcYVuEcRBo4frYjRnJ8?authuser=0&hl=nl&g_ep=EgoyMDI2MDkzMC4wIJJjKgBIAVAD&rclk=1
Miss Ciğköfte,Restaurant,5.0,50,·€ 1-10,"Wethouder Nijhuisstraat 256, 7545 NR Enschede",06 16053886,https://www.misscigkofte.nl/,52.2105786,6.8632243,https://www.google.com/maps/place/Miss+Ci%C4%9Fk%C3%B6fte/data=!4m7!3m6!1s0x47b8131d21069769:0x7cccebea7625e72c!8m2!3d52.2105786!4d6.8632243!16s%2Fg%2F11y14mvp6_!19sChIJaZcGIR0TuEcRLOcldurrzHw?authuser=0&hl=nl&g_ep=EgoyMDI2MDkzMC4wIJJjKgBIAVAD&rclk=1
Yume Takeaway Enschede,Sushi takeaway,4.8,48,,"Janninksweg 58, 7513 DL Enschede",,https://nlcompanies.org/details/yume-takeaway-enschede-ChIJkwI,52.2133793,6.87934,https://www.google.com/maps/place/Yume+Takeaway+Enschede/data=!4m7!3m6!1s0x47b813e3b2120293:0xe39852ba45352b92!8m2!3d52.2133793!4d6.87934!16s%2Fg%2F11rkm96r_c!19sChIJkwISsuMTuEcRkis1RbpSmOM?authuser=0&hl=nl&g_ep=EgoyMDI2MDkzMC4wIJJjKgBIAVAD&rclk=1
Sushi Daily Kiosk,Sushi takeaway,5.0,50,,"Noord Esmarkerrondweg, 7533 BL Enschede",053 432 0155,http://sushidaily.com/,52.2192078,6.9295372,https://www.google.com/maps/place/Sushi+Daily+Kiosk/data=!4m7!3m6!1s0x47b815c4a45d6a0f:0xf527bd8b6d13ea50!8m2!3d52.2192078!4d6.9295372!16s%2Fg%2F11fmy_ctk7!19sChIJD2pdpMQVuEcRUOoTbYu9J_U?authuser=0&hl=nl&g_ep=EgoyMDI2MDkzMC4wIJJjKgBIAVAD&rclk=1
Let's Poké | Poke Bowls & Bubble Tea Enschede,Afhaalrestaurant,5.0,50,·€ 10-20,"Sterkerstraat 28, 7545 TH Enschede",06 15525124,http://www.letspoke.nl/,52.2139677,6.8744151,https://www.google.com/maps/place/Let%27s+Pok%C3%A9+%7C+Poke+Bowls+%26+Bubble+Tea+Enschede/data=!4m7!3m6!1s0x47b8130cfcb39791:0x3a4eb56a9c42525a!8m2!3d52.2139677!4d6.8744151!16s%2Fg%2F11s1pqr47c!19sChIJkZez_AwTuEcRWlJCnGq1Tjo?authuser=0&hl=nl&g_ep=EgoyMDI2MDkzMC4wIJJjKgBIAVAD&rclk=1
Soralicious Bubbletea Enschede,Bubbeltheewinkel,4.4,44,"Lekkere bubble tea maar 12 ijsklonten in een large. Dus je betaald bijna €7 voor een grote bubble tea en de helft is ijs.
Sushi sandwich is lekker maar heel vettig.","Korte Hengelosestraat 13, 7511 JA Enschede",053 303 1767,https://www.soraliciousbubbletea.nl/,52.221419,6.8927893,https://www.google.com/maps/place/Soralicious+Bubbletea+Enschede/data=!4m7!3m6!1s0x47b8156d93654df3:0x470b8d2ae2e71b18!8m2!3d52.221419!4d6.8927893!16s%2Fg%2F11jz1_m052!19sChIJ801lk20VuEcRGBvn4iqNC0c?authuser=0&hl=nl&g_ep=EgoyMDI2MDkzMC4wIJJjKgBIAVAD&rclk=1
Mishoo. BBQ & Broodjes,Döner kebab-restaurant,4.8,48,·€ 10-20,"Burgemeester van Veenlaan 96, 7543 AB Enschede",06 39492061,https://mishoo.nl/,52.2063234,6.8795064,https://www.google.com/maps/place/Mishoo.+BBQ+%26+Broodjes/data=!4m7!3m6!1s0x47b813c2aa9f6d45:0xca949fb2743294c8!8m2!3d52.2063234!4d6.8795064!16s%2Fg%2F11kk6_dfch!19sChIJRW2fqsITuEcRyJQydLKflMo?authuser=0&hl=nl&g_ep=EgoyMDI2MDkzMC4wIJJjKgBIAVAD&rclk=1
De Griek Enschede,Restaurant,4.7,47,·€ 10-20,"Wethouder Gerbertstraat 61, 7543 AV Enschede",06 24737147,https://degriekenschede.nl/,52.2055309,6.8794347,https://www.google.com/maps/place/De+Griek+Enschede/data=!4m7!3m6!1s0x47b81381b04a4f17:0xda084046e62e9836!8m2!3d52.2055309!4d6.8794347!16s%2Fg%2F11ydbjbgzs!19sChIJF09KsIETuEcRNpgu5kZACNo?authuser=0&hl=nl&g_ep=EgoyMDI2MDkzMC4wIJJjKgBIAVAD&rclk=1
Saray Ocakbasi,Turks restaurant,4.6,46,·€ 10-20,"Deurningerstraat 91C, 7514 BA Enschede",053 573 8415,https://www.sarayocakbasi.nl/,52.2265851,6.8902718,https://www.google.com/maps/place/Saray+Ocakbasi/data=!4m7!3m6!1s0x47b8140af4a45683:0xfc9ce15d3be2924c!8m2!3d52.2265851!4d6.8902718!16s%2Fg%2F11dxbs7t4z!19sChIJg1ak9AoUuEcRTJLiO13hnPw?authuser=0&hl=nl&g_ep=EgoyMDI2MDkzMC4wIJJjKgBIAVAD&rclk=1
Domino's Pizza Enschede West,Pizzeria,3.8,38,·€ 10-20,"G.J. van Heekstraat 223, 7521 EE Enschede",053 430 0081,https://www.dominos.nl/?utm_source=google&utm_medium=local&utm_campaign=yext,52.2293144,6.8590034,https://www.google.com/maps/place/Domino%27s+Pizza+Enschede+West/data=!4m7!3m6!1s0x47b813c1aec63917:0xce714bda546aa9d9!8m2!3d52.2293144!4d6.8590034!16s%2Fg%2F11g_60jy9!19sChIJFznGrsETuEcR2alqVNpLcc4?authuser=0&hl=nl&g_ep=EgoyMDI2MDkzMC4wIJJjKgBIAVAD&rclk=1
Raj Curry House,Zuid-Indiaas restaurant,4.5,45,·€ 20-30,"Deurningerstraat 91B, 7514 BE Enschede",06 23338547,https://raj-curry-house-nl.sides-shop.com/articles,52.2267048,6.8904463,https://www.google.com/maps/place/Raj+Curry+House/data=!4m7!3m6!1s0x47b81590397bfedd:0xf2a33200a1dec21b!8m2!3d52.2267048!4d6.8904463!16s%2Fg%2F11yr9npl40!19sChIJ3f57OZAVuEcRG8LeoQAyo_I?authuser=0&hl=nl&g_ep=EgoyMDI2MDkzMC4wIJJjKgBIAVAD&rclk=1
Chinees-Indisch Surinaams Afhaalcentrum Jumbo,Aziatisch restaurant,4.6,46,·€ 10-20,"Maanstraat 157, 7521 EE Enschede",053 435 0909,,52.2295302,6.8582103,https://www.google.com/maps/place/Chinees-Indisch+Surinaams+Afhaalcentrum+Jumbo/data=!4m7!3m6!1s0x47b813c10ec0e095:0x5f26b08206f2ff7b!8m2!3d52.2295302!4d6.8582103!16s%2Fg%2F1th5ywg7!19sChIJleDADsETuEcRe__yBoKwJl8?authuser=0&hl=nl&g_ep=EgoyMDI2MDkzMC4wIJJjKgBIAVAD&rclk=1
Spice King India Enschede 🇮🇳,Indiaas restaurant,4.5,45,·€ 20-30,"Stadsgravenstraat 55, 7511 ER Enschede",053 785 6043,http://www.spicekingindia.com/,52.2213053,6.8964106,https://www.google.com/maps/place/Spice+King+India+Enschede+%F0%9F%87%AE%F0%9F%87%B3/data=!4m7!3m6!1s0x47b813eaf0e8dec1:0xaac7a52b78209de5!8m2!3d52.2213053!4d6.8964106!16s%2Fg%2F11fm328nwb!19sChIJwd7o8OoTuEcR5Z0geCulx6o?authuser=0&hl=nl&g_ep=EgoyMDI2MDkzMC4wIJJjKgBIAVAD&rclk=1
Light of India,Indiaas restaurant,4.5,45,·€ 20-30,"Noorderhagen 9, 7511 EJ Enschede",06 30767921,https://lightofindia-enschede.nl/,52.2216389,6.8937329,https://www.google.com/maps/place/Light+of+India/data=!4m7!3m6!1s0x47b81372c6709a99:0xc03a3df6110dcd8a!8m2!3d52.2216389!4d6.8937329!16s%2Fg%2F11c1s3b80r!19sChIJmZpwxnITuEcRis0NEfY9OsA?authuser=0&hl=nl&g_ep=EgoyMDI2MDkzMC4wIJJjKgBIAVAD&rclk=1
Chinees-Indisch Afhaalcentrum De Diamant,Chinees afhaalrestaurant,4.1,41,·€ 10-20,"Het Bijvank 81, 7544 DA Enschede",053 476 6222,https://www.dediamant-hetbijvank.nl/,52.19545,6.8757402,https://www.google.com/maps/place/Chinees-Indisch+Afhaalcentrum+De+Diamant/data=!4m7!3m6!1s0x47b8137c8d24e185:0xf6b35da2541144fe!8m2!3d52.19545!4d6.8757402!16s%2Fg%2F1thz0rgk!19sChIJheEkjXwTuEcR_kQRVKJds_Y?authuser=0&hl=nl&g_ep=EgoyMDI2MDkzMC4wIJJjKgBIAVAD&rclk=1
Sheer of India,Indiaas restaurant,3.5,35,,"Kuipersdijk 206A, 7512 CN Enschede",06 42841517,https://hollandsa.org/details/sheer-of-india-ChIJy8I,52.2104951,6.8944956,https://www.google.com/maps/place/Sheer+of+India/data=!4m7!3m6!1s0x47b815521a28c2cb:0x7fa6a1f52bd0dc8b!8m2!3d52.2104951!4d6.8944956!16s%2Fg%2F11tg87pyxf!19sChIJy8IoGlIVuEcRi9zQK_Whpn8?authuser=0&hl=nl&g_ep=EgoyMDI2MDkzMC4wIJJjKgBIAVAD&rclk=1
Restaurant Thessaloniki 🇬🇷,Grieks restaurant,4.5,45,·€ 20-30,"Langestraat 52, 7511 HC Enschede",053 431 9320,https://thessalonikienschede.nl/,52.2199602,6.8959252,https://www.google.com/maps/place/Restaurant+Thessaloniki+%F0%9F%87%AC%F0%9F%87%B7/data=!4m7!3m6!1s0x47b81473c085e34f:0xe4933fa14cae7657!8m2!3d52.2199602!4d6.8959252!16s%2Fg%2F1tj9b23z!19sChIJT-OFwHMUuEcRV3auTKE_k-Q?authuser=0&hl=nl&g_ep=EgoyMDI2MDkzMC4wIJJjKgBIAVAD&rclk=1
Gyropolis - Authentic Greek Street Food,Grieks restaurant,4.8,48,·€ 10-20,"G.J. van Heekstraat 245, 7521 EE Enschede",053 569 9918,https://www.gyropolis.nl/#menu,52.229506,6.8587201,https://www.google.com/maps/place/Gyropolis+-+Authentic+Greek+Street+Food/data=!4m7!3m6!1s0x47b81361b014454f:0xc281bb2bb217637f!8m2!3d52.229506!4d6.8587201!16s%2Fg%2F11ykghy7f2!19sChIJT0UUsGETuEcRf2MXsiu7gcI?authuser=0&hl=nl&g_ep=EgoyMDI2MDkzMC4wIJJjKgBIAVAD&rclk=1
Yamas 🇬🇷,Grieks restaurant,4.4,44,·€ 20-50,"Korte Haaksbergerstraat 4, 7511 JS Enschede",053 430 9036,https://tavernayamas.nl/,52.220852,6.892974,https://www.google.com/maps/place/Yamas+%F0%9F%87%AC%F0%9F%87%B7/data=!4m7!3m6!1s0x47b8147465f69aa7:0x6c06df6b530c1b04!8m2!3d52.220852!4d6.892974!16s%2Fg%2F1wfcn6z6!19sChIJp5r2ZXQUuEcRBBsMU2vfBmw?authuser=0&hl=nl&g_ep=EgoyMDI2MDkzMC4wIJJjKgBIAVAD&rclk=1
Gözleme,Supermarkt,4.6,46,,"Korte Hengelosestraat 18, 7511 JB Enschede",06 17291777,https://www.yaprakdonerenschede.nl/,52.2218535,6.8931974,https://www.google.com/maps/place/G%C3%B6zleme/data=!4m7!3m6!1s0x47b815ffb67f3027:0xca7e8c29d25e81d6!8m2!3d52.2218535!4d6.8931974!16s%2Fg%2F11l59nb_m6!19sChIJJzB_tv8VuEcR1oFe0imMfso?authuser=0&hl=nl&g_ep=EgoyMDI2MDkzMC4wIJJjKgBIAVAD&rclk=1
Restaurant Turquoise,Turks restaurant,4.3,43,·€ 20-30,"Korte Haaksbergerstraat 3, 7511 JV Enschede",053 430 9180,https://turquoise-enschede.nl/,52.2205485,6.8932255,https://www.google.com/maps/place/Restaurant+Turquoise/data=!4m7!3m6!1s0x47b814746e23c37b:0x4034f5f4b9dc4328!8m2!3d52.2205485!4d6.8932255!16s%2Fg%2F1tdcqlts!19sChIJe8MjbnQUuEcRKEPcufT1NEA?authuser=0&hl=nl&g_ep=EgoyMDI2MDkzMC4wIJJjKgBIAVAD&rclk=1
Eethuis Zeytin,Turks restaurant,4.1,41,·€ 20-30,"Haaksbergerstraat 98, 7513 EA Enschede",053 432 1750,http://www.restaurant-zeytin.nl/,52.2170307,6.8896902,https://www.google.com/maps/place/Eethuis+Zeytin/data=!4m7!3m6!1s0x47b8147657f51861:0xa53cb2fbce560226!8m2!3d52.2170307!4d6.8896902!16s%2Fg%2F1td9pl_v!19sChIJYRj1V3YUuEcRJgJWzvuyPKU?authuser=0&hl=nl&g_ep=EgoyMDI2MDkzMC4wIJJjKgBIAVAD&rclk=1
Yaprak Döner Enschede,Turks restaurant,4.9,49,·€ 1-10,"Korte Hengelosestraat 18, 7511 JB Enschede",06 17291777,http://www.yaprakdonerenschede.nl/,52.2218966,6.8930952,https://www.google.com/maps/place/Yaprak+D%C3%B6ner+Enschede/data=!4m7!3m6!1s0x47b8153f47dff185:0xc893c27eb2ec4fad!8m2!3d52.2218966!4d6.8930952!16s%2Fg%2F11z0zd8wk3!19sChIJhfHfRz8VuEcRrU_ssn7Ck8g?authuser=0&hl=nl&g_ep=EgoyMDI2MDkzMC4wIJJjKgBIAVAD&rclk=1
Eethuis Toros,Turks restaurant,4.4,44,·€ 10-20,"Brouwerijplein 28, 7523 MB Enschede",06 33635343,http://www.eethuistoros.nl/,52.2309913,6.8894902,https://www.google.com/maps/place/Eethuis+Toros/data=!4m7!3m6!1s0x47b81409c12c16a1:0xd38628e6046e8ba3!8m2!3d52.2309913!4d6.8894902!16s%2Fg%2F11cjj7ngrw!19sChIJoRYswQkUuEcRo4tuBOYohtM?authuser=0&hl=nl&g_ep=EgoyMDI2MDkzMC4wIJJjKgBIAVAD&rclk=1
Stokhorst Doner,Afhaalrestaurant,4.9,49,·€ 10-20,"Fresiastraat 19, 7531 VH Enschede",053 478 7358,http://stokhorstdoner.nl/,52.2290883,6.9207257,https://www.google.com/maps/place/Stokhorst+Doner/data=!4m7!3m6!1s0x47b815004e767ba1:0x919cfa1e994f99b8!8m2!3d52.2290883!4d6.9207257!16s%2Fg%2F11zktz84z5!19sChIJoXt2TgAVuEcRuJlPmR76nJE?authuser=0&hl=nl&g_ep=EgoyMDI2MDkzMC4wIJJjKgBIAVAD&rclk=1
Le Mans EET-DRINK & GENIET,Turks restaurant,4.3,43,·€ 10-20,"Brouwerijplein 18, 7523 MB Enschede",053 574 4805,http://www.lemansenschede.nl/,52.2311837,6.8903262,https://www.google.com/maps/place/Le+Mans+EET-DRINK+%26+GENIET/data=!4m7!3m6!1s0x47b81409dc248657:0x55bcf63d73abe2a5!8m2!3d52.2311837!4d6.8903262!16s%2Fg%2F1hc13gcd5!19sChIJV4Yk3AkUuEcRpeKrcz32vFU?authuser=0&hl=nl&g_ep=EgoyMDI2MDkzMC4wIJJjKgBIAVAD&rclk=1
POTAÉ,Turks restaurant,4.8,48,·€ 10-20,"Klanderij 60, 7511 HS Enschede",053 209 2500,https://www.potae.nl/,52.2171485,6.8988374,https://www.google.com/maps/place/POTA%C3%89/data=!4m7!3m6!1s0x47b815e637a4ead1:0x1762b6c9debf432f!8m2!3d52.2171485!4d6.8988374!16s%2Fg%2F11w1hcn9lt!19sChIJ0eqkN-YVuEcRL0O_3sm2Yhc?authuser=0&hl=nl&g_ep=EgoyMDI2MDkzMC4wIJJjKgBIAVAD&rclk=1
DönerMax,Döner kebab-restaurant,4.4,44,·€ 1-10,"Langestraat 48, 7511 HC Enschede",053 737 0096,https://www.donermaxtogoenschede.nl/,52.2198238,6.8959908,https://www.google.com/maps/place/D%C3%B6nerMax/data=!4m7!3m6!1s0x47b815d79fd99ea1:0x283d54762af460ed!8m2!3d52.2198238!4d6.8959908!16s%2Fg%2F11h56w2pfp!19sChIJoZ7Zn9cVuEcR7WD0KnZUPSg?authuser=0&hl=nl&g_ep=EgoyMDI2MDkzMC4wIJJjKgBIAVAD&rclk=1
Ali baba Ocakbaşı 🇹🇷,Turks restaurant,4.2,42,·€ 20-30,"Deurningerstraat 60, 7514 BJ Enschede",053 436 5080,https://www.grillalibaba.nl/,52.2268568,6.8908317,https://www.google.com/maps/place/Ali+baba+Ocakba%C5%9F%C4%B1+%F0%9F%87%B9%F0%9F%87%B7/data=!4m7!3m6!1s0x47b8140af5bae445:0x57ab0483da6dd8b!8m2!3d52.2268568!4d6.8908317!16s%2Fg%2F1tv3ms0m!19sChIJReS69QoUuEcRi92mPUiwegU?authuser=0&hl=nl&g_ep=EgoyMDI2MDkzMC4wIJJjKgBIAVAD&rclk=1
Hatay Dürüm Kebab,Turks restaurant,4.6,46,·€ 10-20,"Gronausestraat 1180A, 7534 AT Enschede",053 785 2625,https://hataydurumkebab.nl/,52.2150318,6.9738945,https://www.google.com/maps/place/Hatay+D%C3%BCr%C3%BCm+Kebab/data=!4m7!3m6!1s0x47b81525abb76b2d:0xf0577650a948bcc2!8m2!3d52.2150318!4d6.9738945!16s%2Fg%2F11vptckr2f!19sChIJLWu3qyUVuEcRwrxIqVB2V_A?authuser=0&hl=nl&g_ep=EgoyMDI2MDkzMC4wIJJjKgBIAVAD&rclk=1
Hanzade Cigkofte Enschede,Vegetarisch restaurant,4.5,45,·€ 10-20,"Kuipersdijk 7, 7512 CA Enschede",053 431 1106,http://enschede.hanzadecigkofte.nl/,52.2160405,6.8962578,https://www.google.com/maps/place/Hanzade+Cigkofte+Enschede/data=!4m7!3m6!1s0x47b81471003d5637:0x6cc00771c5066ed6!8m2!3d52.2160405!4d6.8962578!16s%2Fg%2F11cjxdm90r!19sChIJN1Y9AHEUuEcR1m4GxXEHwGw?authuser=0&hl=nl&g_ep=EgoyMDI2MDkzMC4wIJJjKgBIAVAD&rclk=1
Turkse Bakkerij Haaksberger,Bakkerij,4.4,44,·€ 10-20,"Haaksbergerstraat 300, 7513 EH Enschede",053 434 3408,,52.212479,6.881725,https://www.google.com/maps/place/Turkse+Bakkerij+Haaksberger/data=!4m7!3m6!1s0x47b813864b121ce7:0x9664aae790e9b29c!8m2!3d52.212479!4d6.881725!16s%2Fg%2F1tp_5gg9!19sChIJ5xwSS4YTuEcRnLLpkOeqZJY?authuser=0&hl=nl&g_ep=EgoyMDI2MDkzMC4wIJJjKgBIAVAD&rclk=1
Grill Café Royal,Döner kebab-restaurant,3.9,39,·€ 10-20,"Oliemolensingel 62, 7511 BD Enschede",053 430 0706,https://www.grillroyal.nl/,52.221078,6.911763,https://www.google.com/maps/place/Grill+Caf%C3%A9+Royal/data=!4m7!3m6!1s0x47b8146ae354eab7:0x49a4c5cfd4065423!8m2!3d52.221078!4d6.911763!16s%2Fg%2F1td1nz4_!19sChIJt-pU42oUuEcRI1QG1M_FpEk?authuser=0&hl=nl&g_ep=EgoyMDI2MDkzMC4wIJJjKgBIAVAD&rclk=1
Real Kebap,Turks restaurant,5.0,50,·€ 10-20,"Enscheder Str. 316b, 48599 Gronau (Westfalen), Duitsland",+49 15560 564205,http://www.realkebap.de/,52.2150779,6.9856421,https://www.google.com/maps/place/Real+Kebap/data=!4m7!3m6!1s0x47b81517f726c73b:0x10d497768a70d17a!8m2!3d52.2150779!4d6.9856421!16s%2Fg%2F11xcxs4cy6!19sChIJO8cm9xcVuEcRetFwinaX1BA?authuser=0&hl=nl&g_ep=EgoyMDI2MDkzMC4wIJJjKgBIAVAD&rclk=1
Constantinople Grill-Lunchroom,Maaltijdbezorging,4.0,40,"Het eten was niet vers. Kipvleugels waren niet lekker je kan proeven dat het van een aantal dagen geleden is. En dan heb ik het ook nog niet over de aardappelschijfjes die volop in te veel olie zijn gebakken. Voor €60,- mag je wel wat fatsoenlijks verwachten","Haaksbergerstraat 303, 7545 GJ Enschede",053 434 0106,http://www.eetcafeconstantinople.nl/,52.2091928,6.8755303,https://www.google.com/maps/place/Constantinople+Grill-Lunchroom/data=!4m7!3m6!1s0x47b81384766f6959:0x9ded4aaf1b1289b5!8m2!3d52.2091928!4d6.8755303!16s%2Fg%2F1tgdmn2t!19sChIJWWlvdoQTuEcRtYkSG69K7Z0?authuser=0&hl=nl&g_ep=EgoyMDI2MDkzMC4wIJJjKgBIAVAD&rclk=1
Smaakie,Restaurant met kleine porties,4.2,42,·€ 1-10,"Hendrik Jan van Heekplein 60H, 7511 HN Enschede",,https://www.facebook.com/Smaakie-108985594155385/,52.2170291,6.8988114,https://www.google.com/maps/place/Smaakie/data=!4m7!3m6!1s0x47b815a731612225:0x6bdcba52fb7000f1!8m2!3d52.2170291!4d6.8988114!16s%2Fg%2F11j6bjx3dx!19sChIJJSJhMacVuEcR8QBw-1K63Gs?authuser=0&hl=nl&g_ep=EgoyMDI2MDkzMC4wIJJjKgBIAVAD&rclk=1
Damascus Fastfood مطعم سوري,Syrisch restaurant,4.2,42,·€ 10-20,"Kuipersdijk 43, 7512 DX Enschede",053 210 2002,http://www.damascusfastfood.nl/,52.2154354,6.8963974,https://www.google.com/maps/place/Damascus+Fastfood+%D9%85%D8%B7%D8%B9%D9%85+%D8%B3%D9%88%D8%B1%D9%8A%E2%80%AD/data=!4m7!3m6!1s0x47b8152ce74d5e9f:0x533350daf4bbf922!8m2!3d52.2154354!4d6.8963974!16s%2Fg%2F11r8j527l2!19sChIJn15N5ywVuEcRIvm79NpQM1M?authuser=0&hl=nl&g_ep=EgoyMDI2MDkzMC4wIJJjKgBIAVAD&rclk=1
Anteplioğlu,Dessertrestaurant,4.0,40,·€ 1-20,"Deurningerstraat 1, 7514 BC Enschede",053 569 9567,http://www.anteplioglu.nl/,52.2234143,6.8917735,https://www.google.com/maps/place/Anteplio%C4%9Flu/data=!4m7!3m6!1s0x47b81474d99d4279:0xde519738a398dd33!8m2!3d52.2234143!4d6.8917735!16s%2Fg%2F11g8bbjknm!19sChIJeUKd2XQUuEcRM92YoziXUd4?authuser=0&hl=nl&g_ep=EgoyMDI2MDkzMC4wIJJjKgBIAVAD&rclk=1
Bab Tuma,Syrisch restaurant,4.1,41,·€ 20-30,"Noorderhagen 3, 7511 EJ Enschede",053 230 4305,https://babtuma1.com/,52.2214658,6.8934584,https://www.google.com/maps/place/Bab+Tuma/data=!4m7!3m6!1s0x47b814747d515555:0x1bcc7e01f43862ce!8m2!3d52.2214658!4d6.8934584!16s%2Fg%2F11j00s4rrk!19sChIJVVVRfXQUuEcRzmI49AF-zBs?authuser=0&hl=nl&g_ep=EgoyMDI2MDkzMC4wIJJjKgBIAVAD&rclk=1
Famly,Döner kebab-restaurant,3.4,34,·€ 1-10,"Oude Markt 9D, 7511 GA Enschede",053 569 8986,http://www.famlyenschede.nl/,52.2213217,6.8951386,https://www.google.com/maps/place/Famly/data=!4m7!3m6!1s0x47b8147382cc39ad:0x95f92139d8463023!8m2!3d52.2213217!4d6.8951386!16s%2Fg%2F11cjnmxbbg!19sChIJrTnMgnMUuEcRIzBG2Dkh-ZU?authuser=0&hl=nl&g_ep=EgoyMDI2MDkzMC4wIJJjKgBIAVAD&rclk=1
Argentijns Steakhouse Grillmasters 🇦🇷,Argentijns restaurant,4.2,42,·€ 20-30,"Langestraat 54, 7511 HC Enschede",053 436 3405,http://www.grillmasters.nl/,52.2200356,6.8959149,https://www.google.com/maps/place/Argentijns+Steakhouse+Grillmasters+%F0%9F%87%A6%F0%9F%87%B7/data=!4m7!3m6!1s0x47b81473bf7c9453:0x3a7f53efba5921e1!8m2!3d52.2200356!4d6.8959149!16s%2Fg%2F1th1t3nk!19sChIJU5R8v3MUuEcR4SFZuu9Tfzo?authuser=0&hl=nl&g_ep=EgoyMDI2MDkzMC4wIJJjKgBIAVAD&rclk=1
Habibi,Libanees restaurant,4.4,44,·€ 30-60,"Wethouder Beversstraat 185, 7543 BK Enschede",053 432 8444,http://habibienschede.nl/,52.206619,6.8913983,https://www.google.com/maps/place/Habibi/data=!4m7!3m6!1s0x47b815004dcaba09:0xa331a904027c2a86!8m2!3d52.206619!4d6.8913983!16s%2Fg%2F11g0gbbdvd!19sChIJCbrKTQAVuEcRhip8AgSpMaM?authuser=0&hl=nl&g_ep=EgoyMDI2MDkzMC4wIJJjKgBIAVAD&rclk=1
Döner & Grill & TAZA,Döner kebab-restaurant,4.2,42,·€ 10-20,"De Heurne 35, 7511 GZ Enschede",06 19878776,http://www.tazadoner.nl/,52.2209578,6.8987257,https://www.google.com/maps/place/D%C3%B6ner+%26+Grill+%26+TAZA/data=!4m7!3m6!1s0x47b8157aa346ebe9:0x82c1fa78deb2b52b!8m2!3d52.2209578!4d6.8987257!16s%2Fg%2F11j3xgggym!19sChIJ6etGo3oVuEcRK7Wy3nj6wYI?authuser=0&hl=nl&g_ep=EgoyMDI2MDkzMC4wIJJjKgBIAVAD&rclk=1
Star Grill Afhaalcentrum,Grillrestaurant,4.3,43,·€ 10-20,"Oostveenweg 5, 7533 VP Enschede",053 430 3010,http://www.instagram.com/stargrill_enschede,52.2241214,6.9155596,https://www.google.com/maps/place/Star+Grill+Afhaalcentrum/data=!4m7!3m6!1s0x47b8143fe0678f55:0x5db273e9bb98db24!8m2!3d52.2241214!4d6.9155596!16s%2Fg%2F1tkb45n0!19sChIJVY9n4D8UuEcRJNuYu-lzsl0?authuser=0&hl=nl&g_ep=EgoyMDI2MDkzMC4wIJJjKgBIAVAD&rclk=1
Mezze Delicatessen,Delicatessenwinkel,4.8,48,,"Brouwerijstraat 74-76, 7523 MA Enschede",053 851 5500,http://www.mezzedelicatessen.nl/,52.231566,6.8911419,https://www.google.com/maps/place/Mezze+Delicatessen/data=!4m7!3m6!1s0x47b813f62656d6b7:0x17bdddb874625637!8m2!3d52.231566!4d6.8911419!16s%2Fg%2F11c6cq7l9g!19sChIJt9ZWJvYTuEcRN1ZidLjdvRc?authuser=0&hl=nl&g_ep=EgoyMDI2MDkzMC4wIJJjKgBIAVAD&rclk=1
Cleopatra,Pizzeria,4.1,41,·€ 10-20,"Wethouder Gerbertstraat 6, 7543 AX Enschede",053 432 8251,https://www.cleopatra-enschede.nl/,52.206139,6.8770877,https://www.google.com/maps/place/Cleopatra/data=!4m7!3m6!1s0x47b8139aae7bbd01:0xa7a311b0047891c7!8m2!3d52.206139!4d6.8770877!16s%2Fg%2F1tm09x44!19sChIJAb17rpoTuEcRx5F4BLARo6c?authuser=0&hl=nl&g_ep=EgoyMDI2MDkzMC4wIJJjKgBIAVAD&rclk=1
OH MY GRILL & PIZZA,Restaurant,4.0,40,·€ 10-20,"G.J. van Heekstraat 249, 7521 EE Enschede",053 851 0210,http://www.ohmygrill.nl/,52.2294444,6.8586111,https://www.google.com/maps/place/OH+MY+GRILL+%26+PIZZA/data=!4m7!3m6!1s0x47b81335a62aed03:0x1e235d8c446f034d!8m2!3d52.2294444!4d6.8586111!16s%2Fg%2F11ft_5vb1t!19sChIJA-0qpjUTuEcRTQNvRIxdIx4?authuser=0&hl=nl&g_ep=EgoyMDI2MDkzMC4wIJJjKgBIAVAD&rclk=1
Ribhouse Texas Boekelo,Steakhouse,4.4,44,·€ 30-60,"Dirk Papestraat 30, 7548 AR Enschede",053 428 2624,http://www.ribhousetexas.nl/boekelo,52.2030857,6.7993257,https://www.google.com/maps/place/Ribhouse+Texas+Boekelo/data=!4m7!3m6!1s0x47b8128b5ef74601:0x85ffcb0300e7e8a1!8m2!3d52.2030857!4d6.7993257!16s%2Fg%2F1tl1mjh7!19sChIJAUb3XosSuEcRoejnAAPL_4U?authuser=0&hl=nl&g_ep=EgoyMDI2MDkzMC4wIJJjKgBIAVAD&rclk=1
Loetje Enschede,Restaurant,4.1,41,·€ 30-60,"Parkweg 49, 7513 CN Enschede",053 200 0555,https://www.loetje.nl/locaties/enschede/?utm_source=google&utm_medium=organic&utm_campaign=gbp-listing&utm_content=enschede,52.2202679,6.87831,https://www.google.com/maps/place/Loetje+Enschede/data=!4m7!3m6!1s0x47b8138c22400001:0x38fb6beb4ffd89fa!8m2!3d52.2202679!4d6.87831!16s%2Fg%2F11j1hy9n1g!19sChIJAQBAIowTuEcR-on9T-tr-zg?authuser=0&hl=nl&g_ep=EgoyMDI2MDkzMC4wIJJjKgBIAVAD&rclk=1
Steakhouse Lutscher Alm,Restaurant,4.6,46,·€ 30-40,"Lossersestraat 189, 7525 PE Enschede",053 435 4424,http://www.lutscheralm.nl/,52.2481549,6.9289692,https://www.google.com/maps/place/Steakhouse+Lutscher+Alm/data=!4m7!3m6!1s0x47b8169c04bc2691:0xb656fa84f824ee8c!8m2!3d52.2481549!4d6.9289692!16s%2Fg%2F1tdcw57q!19sChIJkSa8BJwWuEcRjO4k-IT6VrY?authuser=0&hl=nl&g_ep=EgoyMDI2MDkzMC4wIJJjKgBIAVAD&rclk=1
Steakhouse Milano,Steakhouse,4.4,44,·€ 20-30,"Kuipersdijk 65, 7512 CB Enschede",053 211 0336,http://steakhousemilano.nl/,52.2148672,6.8964954,https://www.google.com/maps/place/Steakhouse+Milano/data=!4m7!3m6!1s0x47b8159760584cb1:0xaa8f6035b4d6651d!8m2!3d52.2148672!4d6.8964954!16s%2Fg%2F11g1hkj7pz!19sChIJsUxYYJcVuEcRHWXWtDVgj6o?authuser=0&hl=nl&g_ep=EgoyMDI2MDkzMC4wIJJjKgBIAVAD&rclk=1
Bistro Hölterhof,,4.6,46,€ 142,"Huize Holterhoflaan 10, 7534 PH Enschede",053 460 5570,https://www.bistroholterhof.nl/,52.1952283,6.9423804,https://www.google.com/maps/place/Bistro+H%C3%B6lterhof/data=!4m7!3m6!1s0x47b8150159555555:0x841bccf86b589020!8m2!3d52.1952283!4d6.9423804!16s%2Fg%2F11f53dj0s_!19sChIJVVVVWQEVuEcRIJBYa_jMG4Q?authuser=0&hl=nl&g_ep=EgoyMDI2MDkzMC4wIJJjKgBIAVAD&rclk=1
Bistro Hanninkshof,Restaurant,4.5,45,·€ 20-70,"Usselerhofweg 5, 7548 RZ Enschede",053 200 5671,https://hanninkshof.nl/bistro-hanninkshof/,52.2033438,6.8325102,https://www.google.com/maps/place/Bistro+Hanninkshof/data=!4m7!3m6!1s0x47b813011ca71edd:0xfe5eb0f10ff9f1ed!8m2!3d52.2033438!4d6.8325102!16s%2Fg%2F1xfsmttf!19sChIJ3R6nHAETuEcR7fH5D_GwXv4?authuser=0&hl=nl&g_ep=EgoyMDI2MDkzMC4wIJJjKgBIAVAD&rclk=1
The Gallery Enschede,Restaurant,4.3,43,·€ 10-20,"The Gallery, Hengelosestraat 500, 7521 AN Enschede",,http://www.thegalleryenschede.nl/,52.2371788,6.854943,https://www.google.com/maps/place/The+Gallery+Enschede/data=!4m7!3m6!1s0x47b813c266ed1207:0xbfa33f323e275323!8m2!3d52.2371788!4d6.854943!16s%2Fg%2F1pxqfj7fl!19sChIJBxLtZsITuEcRI1MnPjI_o78?authuser=0&hl=nl&g_ep=EgoyMDI2MDkzMC4wIJJjKgBIAVAD&rclk=1
Restaurant ZIN,Nederlands restaurant,4.4,44,·€ 20-30,"Noord Esmarkerrondweg 421-2, 7533 BL Enschede",053 432 4490,https://www.restaurantzin.nl/,52.2196644,6.9291162,https://www.google.com/maps/place/Restaurant+ZIN/data=!4m7!3m6!1s0x47b81447ce3d3be9:0xdf61c8fef40ff89d!8m2!3d52.2196644!4d6.9291162!16s%2Fg%2F1pt_lfqsr!19sChIJ6Ts9zkcUuEcRnfgP9P7IYd8?authuser=0&hl=nl&g_ep=EgoyMDI2MDkzMC4wIJJjKgBIAVAD&rclk=1
Labras Kitchen & Bar,Modern-Europees restaurant,4.7,47,,"Gronausestraat 1214, 7534 AT Enschede",053 300 1756,http://www.labras.nl/,52.214954,6.9760259,https://www.google.com/maps/place/Labras+Kitchen+%26+Bar/data=!4m7!3m6!1s0x47b81593edd7bdf7:0x39d6b2d39e5cd33!8m2!3d52.214954!4d6.9760259!16s%2Fg%2F11dfk090mk!19sChIJ973X7ZMVuEcRM83lOS1rnQM?authuser=0&hl=nl&g_ep=EgoyMDI2MDkzMC4wIJJjKgBIAVAD&rclk=1
Fletcher Hotel-Restaurant De Broeierd-Enschede,,4.0,40,€ 68,"Hengelosestraat 725, 7521 PA Enschede",053 850 6500,https://www.fletcherhotelenschede.nl/nl/?utm_campaign=FH105-debroeierd_business-listening-maps&utm_medium=organic&utm_source=google-mijn-bedrijf,52.2396404,6.8447906,https://www.google.com/maps/place/Fletcher+Hotel-Restaurant+De+Broeierd-Enschede/data=!4m10!3m9!1s0x47b813d22ebcbe2b:0xd7fc46cf9cc51757!5m2!4m1!1i2!8m2!3d52.2396404!4d6.8447906!16s%2Fg%2F1tfwcl1v!19sChIJK768LtITuEcRVxfFnM9G_Nc?authuser=0&hl=nl&g_ep=EgoyMDI2MDkzMC4wIJJjKgBIAVAD&rclk=1
Proeflokaal Enschede,Café,4.4,44,·€ 20-30,"Oude Markt 20, 7511 GB Enschede",053 574 5616,https://proeflokaal-enschede.nl/,52.221012,6.896368,https://www.google.com/maps/place/Proeflokaal+Enschede/data=!4m7!3m6!1s0x47b81473a157048f:0x84cb391114dec17c!8m2!3d52.221012!4d6.896368!16s%2Fg%2F1jgm1m__n!19sChIJjwRXoXMUuEcRfMHeFBE5y4Q?authuser=0&hl=nl&g_ep=EgoyMDI2MDkzMC4wIJJjKgBIAVAD&rclk=1
De Beiaard,Café,4.5,45,·€ 20-30,"Oude Markt 24, 7511 GB Enschede",053 430 6267,http://beiaardenschede.nl/,52.2206195,6.8965247,https://www.google.com/maps/place/De+Beiaard/data=!4m7!3m6!1s0x47b81473bace0acf:0x49b0392b9b5774f8!8m2!3d52.2206195!4d6.8965247!16s%2Fg%2F1td0xk0q!19sChIJzwrOunMUuEcR-HRXmys5sEk?authuser=0&hl=nl&g_ep=EgoyMDI2MDkzMC4wIJJjKgBIAVAD&rclk=1
Sprakel eten & drinken,Restaurant,4.5,45,·€ 20-30,"Dorpsstraat 137, 7524 CH Enschede",053 433 4340,http://www.sprakel.nl/,52.2497604,6.9111081,https://www.google.com/maps/place/Sprakel+eten+%26+drinken/data=!4m7!3m6!1s0x47b816a6783c794f:0x856bf7a6824c2d18!8m2!3d52.2497604!4d6.9111081!16s%2Fg%2F1tl4c2y6!19sChIJT3k8eKYWuEcRGC1Mgqb3a4U?authuser=0&hl=nl&g_ep=EgoyMDI2MDkzMC4wIJJjKgBIAVAD&rclk=1
ETN - breakfast - lunch - bakery,Koffiehuis,4.9,49,·€ 10-20,"Haverstraatpassage 26, 7511 EW Enschede",06 51877745,http://www.etnsaladebar.com/,52.2203685,6.8977393,https://www.google.com/maps/place/ETN+-+breakfast+-+lunch+-+bakery/data=!4m7!3m6!1s0x47b814724c514ca7:0x11ba19756d82ed40!8m2!3d52.2203685!4d6.8977393!16s%2Fg%2F11c6cy3lwl!19sChIJp0xRTHIUuEcRQO2CbXUZuhE?authuser=0&hl=nl&g_ep=EgoyMDI2MDkzMC4wIJJjKgBIAVAD&rclk=1
Van Doorn en Doorn,Health Food-restaurant,4.4,44,·€ 20-30,"Steenbeltweg 48, 7523 VZ Enschede",053 230 7000,http://www.vandoornendoorn.nl/,52.2357951,6.8984664,https://www.google.com/maps/place/Van+Doorn+en+Doorn/data=!4m7!3m6!1s0x47b8140604b0ca2d:0xbaf4f4469dbefced!8m2!3d52.2357951!4d6.8984664!16s%2Fg%2F11f5jn_0hj!19sChIJLcqwBAYUuEcR7fy-nUb09Lo?authuser=0&hl=nl&g_ep=EgoyMDI2MDkzMC4wIJJjKgBIAVAD&rclk=1
Broodbode Kennispark,Lunchrestaurant,4.5,45,·€ 10-20,"Capitool 11, 7521 PL Enschede",053 740 0100,https://www.broodbode.nl/locatie/broodbode-enschede-kennispark,52.2388178,6.8419374,https://www.google.com/maps/place/Broodbode+Kennispark/data=!4m7!3m6!1s0x47b81309381d61a1:0x8d07fc89c87e2ad0!8m2!3d52.2388178!4d6.8419374!16s%2Fg%2F11jg8pc621!19sChIJoWEdOAkTuEcR0Cp-yIn8B40?authuser=0&hl=nl&g_ep=EgoyMDI2MDkzMC4wIJJjKgBIAVAD&rclk=1
Lunch Time broodjeszaak,Broodjeswinkel,4.6,46,·€ 1-10,"Kuipersdijk 92, 7512 CK Enschede",053 430 3343,http://www.lunchtime.nl/,52.2137027,6.8960059,https://www.google.com/maps/place/Lunch+Time+broodjeszaak/data=!4m7!3m6!1s0x47b814707c25bd93:0x544f04abe392c649!8m2!3d52.2137027!4d6.8960059!16s%2Fg%2F1w0qz_75!19sChIJk70lfHAUuEcRScaS46sET1Q?authuser=0&hl=nl&g_ep=EgoyMDI2MDkzMC4wIJJjKgBIAVAD&rclk=1
Délifrance Enschede 🇫🇷,Frans restaurant,4.2,42,·€ 10-20,"Haverstraatpassage 7, 7511 ET Enschede",053 431 8039,https://delifrancerestaurants.com/enschede,52.2197546,6.8977865,https://www.google.com/maps/place/D%C3%A9lifrance+Enschede+%F0%9F%87%AB%F0%9F%87%B7/data=!4m7!3m6!1s0x47b81472367864b1:0x65b60b2492d8de82!8m2!3d52.2197546!4d6.8977865!16s%2Fg%2F1tctkw8z!19sChIJsWR4NnIUuEcRgt7YkiQLtmU?authuser=0&hl=nl&g_ep=EgoyMDI2MDkzMC4wIJJjKgBIAVAD&rclk=1
Brownies&downieS Enschede,Lunchrestaurant,4.6,46,·€ 10-20,"Langestraat 47a, 7511 HB Enschede",053 303 1681,http://www.browniesanddownies.nl/,52.2197608,6.8957052,https://www.google.com/maps/place/Brownies%26downieS+Enschede/data=!4m7!3m6!1s0x47b815ea7a660d5d:0xf84bdd488db3529f!8m2!3d52.2197608!4d6.8957052!16s%2Fg%2F11hnvpyd9s!19sChIJXQ1meuoVuEcRn1KzjUjdS_g?authuser=0&hl=nl&g_ep=EgoyMDI2MDkzMC4wIJJjKgBIAVAD&rclk=1
Bagels & Beans,Koffiebar,4.5,45,·€ 10-20,"Korte Hengelosestraat 33, 7511 JA Enschede",053 436 4830,http://www.bagelsbeans.nl/,52.2222351,6.8927731,https://www.google.com/maps/place/Bagels+%26+Beans/data=!4m7!3m6!1s0x47b81474ed42ca4d:0x9cd6a78e89cef53!8m2!3d52.2222351!4d6.8927731!16s%2Fg%2F1tdhkxfh!19sChIJTcpC7XQUuEcRU--c6HhqzQk?authuser=0&hl=nl&g_ep=EgoyMDI2MDkzMC4wIJJjKgBIAVAD&rclk=1
Brasserie De Bakspieker,Restaurant,3.7,37,·€ 20-60,"Hengelosestraat 725, 7521 PA Enschede",053 850 6500,https://www.bakspieker.nl/nl/?utm_campaign=bakspieker_business-listening-maps&utm_medium=organic&utm_source=google-mijn-bedrijf,52.2400591,6.8435826,https://www.google.com/maps/place/Brasserie+De+Bakspieker/data=!4m7!3m6!1s0x47b8134db57ff11d:0x39a674e091c919c8!8m2!3d52.2400591!4d6.8435826!16s%2Fg%2F11fk4ldh9d!19sChIJHfF_tU0TuEcRyBnJkeB0pjk?authuser=0&hl=nl&g_ep=EgoyMDI2MDkzMC4wIJJjKgBIAVAD&rclk=1
Het Gouden Randje,Theewinkel,,,,"Zuiderhagen 21, 7511 GJ Enschede",06 46443409,http://www.goudenrandjeenschede.nl/,52.2200423,6.8937179,https://www.google.com/maps/place/Het+Gouden+Randje/data=!4m7!3m6!1s0x47b814740b17ef65:0x9165ad79de505592!8m2!3d52.2200423!4d6.8937179!16s%2Fg%2F1tjdkv6t!19sChIJZe8XC3QUuEcRklVQ3nmtZZE?authuser=0&hl=nl&g_ep=EgoyMDI2MDkzMC4wIJJjKgBIAVAD&rclk=1
Cafetaria shi,Snackbar,4.6,46,·€ 1-30,"Poolmansweg 23, 7545 LL Enschede",053 430 1338,https://nlcompanies.org/details/cafetaria-shi-ChIJI_1,52.2164762,6.8699922,https://www.google.com/maps/place/Cafetaria+shi/data=!4m7!3m6!1s0x47b81377d34bfd23:0x3dc4554ce54c6259!8m2!3d52.2164762!4d6.8699922!16s%2Fg%2F11jcjj0mhq!19sChIJI_1L03cTuEcRWWJM5UxVxD0?authuser=0&hl=nl&g_ep=EgoyMDI2MDkzMC4wIJJjKgBIAVAD&rclk=1
Cafetaria 't Zwik,Cafetaria,4.1,41,·€ 1-10,"Hengelosestraat 188, 7521 AK Enschede",053 435 8820,,52.2274126,6.8783692,https://www.google.com/maps/place/Cafetaria+%27t+Zwik/data=!4m7!3m6!1s0x47b813f2fea46fb9:0x300a00bd392622f1!8m2!3d52.2274126!4d6.8783692!16s%2Fg%2F1vc_pfct!19sChIJuW-k_vITuEcR8SImOb0ACjA?authuser=0&hl=nl&g_ep=EgoyMDI2MDkzMC4wIJJjKgBIAVAD&rclk=1
Cafetaria Trio,Cafetaria,4.6,46,·€ 10-20,"Wooldriksweg 29, 7512 AN Enschede",053 432 2453,http://www.cafetariatrio.nl/,52.2135887,6.8943777,https://www.google.com/maps/place/Cafetaria+Trio/data=!4m7!3m6!1s0x47b814709e8b653b:0xb9601281d52e6b57!8m2!3d52.2135887!4d6.8943777!16s%2Fg%2F1tdnk5vx!19sChIJO2WLnnAUuEcRV2su1YESYLk?authuser=0&hl=nl&g_ep=EgoyMDI2MDkzMC4wIJJjKgBIAVAD&rclk=1
Cafetaria Mercurius,Snackbar,3.8,38,·€ 10-20,"Mercuriusstraat 18, 7521 WS Enschede",053 433 4205,http://mercurius.sitedish.shop/,52.234578,6.849351,https://www.google.com/maps/place/Cafetaria+Mercurius/data=!4m7!3m6!1s0x47b813cf7fa91abd:0x4b049eaed699a2eb!8m2!3d52.234578!4d6.849351!16s%2Fg%2F1tdc493z!19sChIJvRqpf88TuEcR66KZ1q6eBEs?authuser=0&hl=nl&g_ep=EgoyMDI2MDkzMC4wIJJjKgBIAVAD&rclk=1
Snackbar Liberty,Snackbar,4.6,46,·€ 10-20,"Hortensiastraat 128, 7531 GX Enschede",053 433 7929,,52.2300033,6.9212542,https://www.google.com/maps/place/Snackbar+Liberty/data=!4m7!3m6!1s0x47b8143c3f115411:0xf4aecd7c5d2d048f!8m2!3d52.2300033!4d6.9212542!16s%2Fg%2F1wk4c41c!19sChIJEVQRPzwUuEcRjwQtXXzNrvQ?authuser=0&hl=nl&g_ep=EgoyMDI2MDkzMC4wIJJjKgBIAVAD&rclk=1
Cafetaria Stadsveld,Snackbar,4.6,46,·€ 1-20,"Zweringweg 224, 7545 DA Enschede",053 431 1614,,52.2103799,6.8626011,https://www.google.com/maps/place/Cafetaria+Stadsveld/data=!4m7!3m6!1s0x47b8139948357a9f:0x91995c2cd5a6ef6b!8m2!3d52.2103799!4d6.8626011!16s%2Fg%2F1tg2jrhv!19sChIJn3o1SJkTuEcRa--m1SxcmZE?authuser=0&hl=nl&g_ep=EgoyMDI2MDkzMC4wIJJjKgBIAVAD&rclk=1
Cafetaria het Centrum🍟,Cafetaria,4.5,45,·€ 1-10,"Langestraat 50, 7511 HC Enschede",053 432 3748,https://www.cafetariahetcentrum.nl/,52.219879,6.895966,https://www.google.com/maps/place/Cafetaria+het+Centrum%F0%9F%8D%9F/data=!4m7!3m6!1s0x47b8156365a8f8cd:0x50eda129917a1a01!8m2!3d52.219879!4d6.895966!16s%2Fg%2F11qm63vd6b!19sChIJzfioZWMVuEcRARp6kSmh7VA?authuser=0&hl=nl&g_ep=EgoyMDI2MDkzMC4wIJJjKgBIAVAD&rclk=1
Restaria Boswinkel,Cafetaria,4.6,46,·€ 10-20,"Wethouder Elhorststraat 112, 7543 TG Enschede",053 430 4574,https://www.restariaboswinkel.nl/,52.2072226,6.8775516,https://www.google.com/maps/place/Restaria+Boswinkel/data=!4m7!3m6!1s0x47b81381648fae31:0x3d12e6163e472f22!8m2!3d52.2072226!4d6.8775516!16s%2Fg%2F1tslht77!19sChIJMa6PZIETuEcRIi9HPhbmEj0?authuser=0&hl=nl&g_ep=EgoyMDI2MDkzMC4wIJJjKgBIAVAD&rclk=1
De Pieper🍟,Snackbar,4.1,41,·€ 1-10,"Pathmossingel 172-174, 7513 CM Enschede",053 436 3800,https://nlmaphub.org/details/de-pieper-ChIJu0z,52.2163459,6.877224,https://www.google.com/maps/place/De+Pieper%F0%9F%8D%9F/data=!4m7!3m6!1s0x47b8140dd7f74cbb:0x24f8390cc135fed7!8m2!3d52.2163459!4d6.877224!16s%2Fg%2F12vt62lhz!19sChIJu0z31w0UuEcR1_41wQw5-CQ?authuser=0&hl=nl&g_ep=EgoyMDI2MDkzMC4wIJJjKgBIAVAD&rclk=1
Cafetaria Het Eikpunt,Cafetaria,4.4,44,·€ 10-20,"Esmarkelaan 6, 7534 JH Enschede",053 461 7177,https://bestellen.taurusbizzcloud.com/bestellen?bedrijf=HetEikpunt,52.2163975,6.9506834,https://www.google.com/maps/place/Cafetaria+Het+Eikpunt/data=!4m7!3m6!1s0x47b815b6c4c22d2d:0xd8c40d97c4cf96f7!8m2!3d52.2163975!4d6.9506834!16s%2Fg%2F1vg4hwn4!19sChIJLS3CxLYVuEcR95bPxJcNxNg?authuser=0&hl=nl&g_ep=EgoyMDI2MDkzMC4wIJJjKgBIAVAD&rclk=1
Cafetaria De Vijfsprong,Cafetaria,4.2,42,·€ 10-20,"Deurningerstraat 223-225, 7522 CB Enschede",053 434 0010,http://www.cafetariadevijfsprong.nl/,52.2311513,6.8881153,https://www.google.com/maps/place/Cafetaria+De+Vijfsprong/data=!4m7!3m6!1s0x47b813f640ae3bd9:0x4912ac7caea22338!8m2!3d52.2311513!4d6.8881153!16s%2Fg%2F1vnrppp_!19sChIJ2TuuQPYTuEcROCOirnysEkk?authuser=0&hl=nl&g_ep=EgoyMDI2MDkzMC4wIJJjKgBIAVAD&rclk=1
Xing - Xing,Restaurant,4.4,44,·€ 1-10,"Haaksbergerstraat 356 A, 7513 EJ Enschede",053 430 5907,https://www.cafetariaxingxing-enschede.nl/,52.2116349,6.8797661,https://www.google.com/maps/place/Xing+-+Xing/data=!4m7!3m6!1s0x47b813868a9d3677:0x777af545bdc238a4!8m2!3d52.2116349!4d6.8797661!16s%2Fg%2F1vp72vx9!19sChIJdzadioYTuEcRpDjCvUX1enc?authuser=0&hl=nl&g_ep=EgoyMDI2MDkzMC4wIJJjKgBIAVAD&rclk=1
Cafeteria Faber🍟,Cafetaria,4.4,44,·€ 1-10,"Faberstraat 41, 7531 BE Enschede",053 435 4054,http://cafetariafaber.nl/,52.2271058,6.911654,https://www.google.com/maps/place/Cafeteria+Faber%F0%9F%8D%9F/data=!4m7!3m6!1s0x47b8141438a81767:0x10a5362b17a1a56f!8m2!3d52.2271058!4d6.911654!16s%2Fg%2F1tyt4f75!19sChIJZxeoOBQUuEcRb6WhFys2pRA?authuser=0&hl=nl&g_ep=EgoyMDI2MDkzMC4wIJJjKgBIAVAD&rclk=1
Toons Snelbuffet,Cafetaria,4.3,43,·€ 1-20,"G.J. van Heekstraat 258, 7521 EL Enschede",053 433 2778,https://www.toonssnelbuffet.nl/,52.2280291,6.8659232,https://www.google.com/maps/place/Toons+Snelbuffet/data=!4m7!3m6!1s0x47b813eb05ec9103:0x997d61212d5e13f3!8m2!3d52.2280291!4d6.8659232!16s%2Fg%2F1thxzwnq!19sChIJA5HsBesTuEcR8xNeLSFhfZk?authuser=0&hl=nl&g_ep=EgoyMDI2MDkzMC4wIJJjKgBIAVAD&rclk=1
Restaria het Stroink,Frituur,4.1,41,·€ 10-20,"Veldhoflanden 4B, 7542 LA Enschede",053 303 4506,https://www.restariahetstroink.nl/,52.1929866,6.9010489,https://www.google.com/maps/place/Restaria+het+Stroink/data=!4m7!3m6!1s0x47b81579b93dde2f:0x7c1d94fc5e8d80b0!8m2!3d52.1929866!4d6.9010489!16s%2Fg%2F11jxdy8vd9!19sChIJL949uXkVuEcRsICNXvyUHXw?authuser=0&hl=nl&g_ep=EgoyMDI2MDkzMC4wIJJjKgBIAVAD&rclk=1
Snackbar 't Hogeland Enschede,Snackbar,4.2,42,·€ 1-10,"Madioenstraat 45, 7541 ZM Enschede",053 230 3413,https://www.snackbarhogeland.nl/,52.210653,6.9048914,https://www.google.com/maps/place/Snackbar+%27t+Hogeland+Enschede/data=!4m7!3m6!1s0x47b81465d0da5445:0x80e7d45af6b6cdb0!8m2!3d52.210653!4d6.9048914!16s%2Fg%2F1hc0wnq_y!19sChIJRVTa0GUUuEcRsM229lrU54A?authuser=0&hl=nl&g_ep=EgoyMDI2MDkzMC4wIJJjKgBIAVAD&rclk=1
Snackbar Deppenbroek,Cafetaria,4.2,42,·€ 1-10,"Voortsweg 371, 7523 CG Enschede",053 433 4054,,52.2417667,6.9002374,https://www.google.com/maps/place/Snackbar+Deppenbroek/data=!4m7!3m6!1s0x47b81403d02f3b39:0x786fb785b77931f4!8m2!3d52.2417667!4d6.9002374!16s%2Fg%2F1tfm0jrf!19sChIJOTsv0AMUuEcR9DF5t4W3b3g?authuser=0&hl=nl&g_ep=EgoyMDI2MDkzMC4wIJJjKgBIAVAD&rclk=1
Cafetaria De Helmerhoek,Cafetaria,4.1,41,·€ 10-20,"Kevelhamhoek 99, 7546 EX Enschede",053 478 0509,,52.1941114,6.8557434,https://www.google.com/maps/place/Cafetaria+De+Helmerhoek/data=!4m7!3m6!1s0x47b8136d5e0ead99:0x7c30ad1b81e9c6fe!8m2!3d52.1941114!4d6.8557434!16s%2Fg%2F1tl1mjhb!19sChIJma0OXm0TuEcR_sbpgRutMHw?authuser=0&hl=nl&g_ep=EgoyMDI2MDkzMC4wIJJjKgBIAVAD&rclk=1
Snackbar Voortsweg🍟,Snackbar,4.4,44,·€ 1-10,"Voortsweg 3, 7523 CB Enschede",053 435 8427,http://snackbar-voortsweg-enschede.nl/,52.2291114,6.8998575,https://www.google.com/maps/place/Snackbar+Voortsweg%F0%9F%8D%9F/data=!4m7!3m6!1s0x47b8140e7f82f75b:0xb9d3c39ee7ff3d9e!8m2!3d52.2291114!4d6.8998575!16s%2Fg%2F1th48gpg!19sChIJW_eCfw4UuEcRnj3_557D07k?authuser=0&hl=nl&g_ep=EgoyMDI2MDkzMC4wIJJjKgBIAVAD&rclk=1
Cafetaria Lunchroom Zuid,Cafetaria,4.1,41,·€ 1-10,"Wesseler-Nering 21 F, 7544 JB Enschede",053 574 6615,http://www.cafetaria-enschedezuid.nl/,52.1918113,6.8782648,https://www.google.com/maps/place/Cafetaria+Lunchroom+Zuid/data=!4m7!3m6!1s0x47b81317249388cf:0x2637dbb5b331d849!8m2!3d52.1918113!4d6.8782648!16s%2Fg%2F11hzfhvydr!19sChIJz4iTJBcTuEcRSdgxs7XbNyY?authuser=0&hl=nl&g_ep=EgoyMDI2MDkzMC4wIJJjKgBIAVAD&rclk=1
Cafetaria Alexander 🍟,Cafetaria,4.6,46,·€ 1-10,"Burgemeester van Veenlaan 250A, 7543 AD Enschede",053 476 3095,,52.2034455,6.8797183,https://www.google.com/maps/place/Cafetaria+Alexander+%F0%9F%8D%9F/data=!4m7!3m6!1s0x47b8137f81c95733:0xcd92189c699c6a33!8m2!3d52.2034455!4d6.8797183!16s%2Fg%2F1v83059x!19sChIJM1fJgX8TuEcRM2qcaZwYks0?authuser=0&hl=nl&g_ep=EgoyMDI2MDkzMC4wIJJjKgBIAVAD&rclk=1
Cafetaria Wouter,Snackbar,4.8,48,·€ 1-10,"Brinkstraat 263, 7541 AP Enschede",053 432 8887,,52.2117309,6.9058607,https://www.google.com/maps/place/Cafetaria+Wouter/data=!4m7!3m6!1s0x47b8146609d19167:0xcba77cd40e7b2ecc!8m2!3d52.2117309!4d6.9058607!16s%2Fg%2F1tdjq6sv!19sChIJZ5HRCWYUuEcRzC57DtR8p8s?authuser=0&hl=nl&g_ep=EgoyMDI2MDkzMC4wIJJjKgBIAVAD&rclk=1
Cafétaria De Bleek,Cafetaria,4.3,43,·€ 1-20,"G.J. van Heekstraat 64, 7521 EH Enschede",053 428 2800,,52.2272847,6.8709768,https://www.google.com/maps/place/Caf%C3%A9taria+De+Bleek/data=!4m7!3m6!1s0x47b813ece5888875:0x7868b310cb6ed4dc!8m2!3d52.2272847!4d6.8709768!16s%2Fg%2F1ttyvtrv!19sChIJdYiI5ewTuEcR3NRuyxCzaHg?authuser=0&hl=nl&g_ep=EgoyMDI2MDkzMC4wIJJjKgBIAVAD&rclk=1
Cafetaria Automatiek De Heurne🍟,Cafetaria,4.5,45,·€ 10-20,"De Heurne 2, 7511 GX Enschede",053 431 1118,https://nlcompanies.org/details/cafetaria-automatiek-de-heurne-bv-ChIJ_bf,52.2197305,6.8989566,https://www.google.com/maps/place/Cafetaria+Automatiek+De+Heurne%F0%9F%8D%9F/data=!4m7!3m6!1s0x47b814723fc6b7fd:0x11965fc309cb2eda!8m2!3d52.2197305!4d6.8989566!16s%2Fg%2F1ptwzyftm!19sChIJ_bfGP3IUuEcR2i7LCcNflhE?authuser=0&hl=nl&g_ep=EgoyMDI2MDkzMC4wIJJjKgBIAVAD&rclk=1
"Cafetaria ""Snack to Go""",Snackbar,3.7,37,·€ 10-20,"Korte Hengelosestraat 14, 7511 JB Enschede",053 432 2177,http://www.snack-to-go-enschede.nl/,52.2216888,6.8931999,https://www.google.com/maps/place/Cafetaria+%22Snack+to+Go%22/data=!4m7!3m6!1s0x47b814748bd768f5:0x6a31e1ea7fa54fad!8m2!3d52.2216888!4d6.8931999!16s%2Fg%2F1w97tgs5!19sChIJ9WjXi3QUuEcRrU-lf-rhMWo?authuser=0&hl=nl&g_ep=EgoyMDI2MDkzMC4wIJJjKgBIAVAD&rclk=1
Cafetaria 't Trefpunt,Cafetaria,4.5,45,·€ 10-20,"Gronausestraat 1275A, 7534 AK Enschede",053 461 1429,https://www.cafetariahettrefpunt.nl/,52.2155375,6.9727394,https://www.google.com/maps/place/Cafetaria+%27t+Trefpunt/data=!4m7!3m6!1s0x47b81594399486db:0xf9df281262ec5e1b!8m2!3d52.2155375!4d6.9727394!16s%2Fg%2F1tjjng21!19sChIJ24aUOZQVuEcRG17sYhIo3_k?authuser=0&hl=nl&g_ep=EgoyMDI2MDkzMC4wIJJjKgBIAVAD&rclk=1
Snekkie 🍟,Cafetaria,4.0,40,·€ 10-20,"Wethouder Nijhuisstraat 222, 7545 NP Enschede",053 431 7636,http://www.snekkie.nl/,52.2119277,6.8629576,https://www.google.com/maps/place/Snekkie+%F0%9F%8D%9F/data=!4m7!3m6!1s0x47b813651f29d37f:0x6e19361902471523!8m2!3d52.2119277!4d6.8629576!16s%2Fg%2F1ptvvhp3x!19sChIJf9MpH2UTuEcRIxVHAhk2GW4?authuser=0&hl=nl&g_ep=EgoyMDI2MDkzMC4wIJJjKgBIAVAD&rclk=1
De Snackhoek 🍟,Snackbar,4.3,43,·€ 10-20,"Poolmansweg 278, 7545 LX Enschede",053 430 6456,https://nlcompanies.org/details/de-snackhoek-ChIJo7N,52.21837,6.859328,https://www.google.com/maps/place/De+Snackhoek+%F0%9F%8D%9F/data=!4m7!3m6!1s0x47b813962a70b3a3:0x329b81c8d66771b0!8m2!3d52.21837!4d6.859328!16s%2Fg%2F1tq8hmyh!19sChIJo7NwKpYTuEcRsHFn1siBmzI?authuser=0&hl=nl&g_ep=EgoyMDI2MDkzMC4wIJJjKgBIAVAD&rclk=1
Snackbar Cafetaria de Posten,Cafetaria,4.1,41,·€ 1-10,"De Posten 157-159, 7544 LR Enschede",053 851 0122,http://www.cafetariadeposten.nl/,52.1863452,6.8825503,https://www.google.com/maps/place/Snackbar+Cafetaria+de+Posten/data=!4m7!3m6!1s0x47b8149e768c68af:0xccf3459e8e67450b!8m2!3d52.1863452!4d6.8825503!16s%2Fg%2F11c5640fv0!19sChIJr2iMdp4UuEcRC0Vnjp5F88w?authuser=0&hl=nl&g_ep=EgoyMDI2MDkzMC4wIJJjKgBIAVAD&rclk=1
Cafetaria Moksi,Restaurant,3.2,32,·€ 10-20,"Zuiderhagen 9, 7511 GJ Enschede",06 82159082,https://nlcompanies.org/details/cafetaria-moksi-ChIJa2B,52.22039,6.893582,https://www.google.com/maps/place/Cafetaria+Moksi/data=!4m7!3m6!1s0x47b815a39677606b:0xc9c35bc7321a0ca1!8m2!3d52.22039!4d6.893582!16s%2Fg%2F11s2lg955t!19sChIJa2B3lqMVuEcRoQwaMsdbw8k?authuser=0&hl=nl&g_ep=EgoyMDI2MDkzMC4wIJJjKgBIAVAD&rclk=1
De Geveltoerist,Snackbar,4.4,44,·€ 1-10,"Wesseler-Nering 42, 7544 JC Enschede",053 476 5364,http://www.geveltoerist.nl/,52.1912503,6.8794299,https://www.google.com/maps/place/De+Geveltoerist/data=!4m7!3m6!1s0x47b813629bddc16d:0x11256c0f9d13a895!8m2!3d52.1912503!4d6.8794299!16s%2Fg%2F1vlk0n25!19sChIJbcHdm2ITuEcRlagTnQ9sJRE?authuser=0&hl=nl&g_ep=EgoyMDI2MDkzMC4wIJJjKgBIAVAD&rclk=1
Snackbar Fresh3p,Snackbar,4.8,48,·€ 1-10,"Raadhuisstraat 11, 7511 HJ Enschede",,,52.2185398,6.8966381,https://www.google.com/maps/place/Snackbar+Fresh3p/data=!4m7!3m6!1s0x47b81509b09b8a0d:0x958fd73a405d6d6a!8m2!3d52.2185398!4d6.8966381!16s%2Fg%2F11gtyvn2nm!19sChIJDYqbsAkVuEcRam1dQDrXj5U?authuser=0&hl=nl&g_ep=EgoyMDI2MDkzMC4wIJJjKgBIAVAD&rclk=1
Snelbuffet De Heurne,Snackbar,4.2,42,·€ 1-10,"De Heurne 75-77, 7511 GS Enschede",053 430 5030,https://holmsi.org/details/snelbuffet-de-heurne-ChIJR0Y,52.2223737,6.8992842,https://www.google.com/maps/place/Snelbuffet+De+Heurne/data=!4m7!3m6!1s0x47b81472ea214647:0x591910d8e90ea287!8m2!3d52.2223737!4d6.8992842!16s%2Fg%2F1tfcmdzd!19sChIJR0Yh6nIUuEcRh6IO6dgQGVk?authuser=0&hl=nl&g_ep=EgoyMDI2MDkzMC4wIJJjKgBIAVAD&rclk=1
De Muur,Snackbar,4.0,40,·€ 1-10,"Oude Markt 9-A, 7511 GA Enschede",053 432 7047,https://www.thuisbezorgd.nl/de-muur-automatiek,52.2212977,6.8952193,https://www.google.com/maps/place/De+Muur/data=!4m7!3m6!1s0x47b814738363da1d:0x596850297b49a223!8m2!3d52.2212977!4d6.8952193!16s%2Fg%2F1trppwfb!19sChIJHdpjg3MUuEcRI6JJeylQaFk?authuser=0&hl=nl&g_ep=EgoyMDI2MDkzMC4wIJJjKgBIAVAD&rclk=1
Burger Bro’s🍔,Hamburgerrestaurant,4.5,45,·€ 10-20,"Hofstraat 1, 7511 HD Enschede",053 574 4147,https://www.burger-bros.nl/,52.2198223,6.8961736,https://www.google.com/maps/place/Burger+Bro%E2%80%99s%F0%9F%8D%94/data=!4m7!3m6!1s0x47b815b57eb7ddf9:0xaaeec419017c9b15!8m2!3d52.2198223!4d6.8961736!16s%2Fg%2F11t0mgs_g7!19sChIJ-d23frUVuEcRFZt8ARnE7qo?authuser=0&hl=nl&g_ep=EgoyMDI2MDkzMC4wIJJjKgBIAVAD&rclk=1
Crispy chicken,Snackbar,4.1,41,·€ 1-20,"Marktstraat 11, 7511 GC Enschede",053 303 1680,https://www.crispy-chicken.nl/,52.2207433,6.8938974,https://www.google.com/maps/place/Crispy+chicken/data=!4m7!3m6!1s0x47b81532e2c05807:0x1509e1d882e54837!8m2!3d52.2207433!4d6.8938974!16s%2Fg%2F11mvsnpx4f!19sChIJB1jA4jIVuEcRN0jlgtjhCRU?authuser=0&hl=nl&g_ep=EgoyMDI2MDkzMC4wIJJjKgBIAVAD&rclk=1
HK Burgers & Fast Food,Hamburgerrestaurant,4.9,49,·€ 10-20,"De Heurne 37, 7511 GZ Enschede",06 43819664,https://www.hkburgersandfastfood.nl/,52.2209571,6.8987671,https://www.google.com/maps/place/HK+Burgers+%26+Fast+Food/data=!4m7!3m6!1s0x47b815007340e7a9:0xb67dc466cf189da2!8m2!3d52.2209571!4d6.8987671!16s%2Fg%2F11yz7_b21b!19sChIJqedAcwAVuEcRop0Yz2bEfbY?authuser=0&hl=nl&g_ep=EgoyMDI2MDkzMC4wIJJjKgBIAVAD&rclk=1
DönerMax Burger,Hamburgerrestaurant,4.7,47,·€ 1-10,"Marktstraat 6, 7511 GD Enschede",053 230 0002,,52.2210774,6.894304,https://www.google.com/maps/place/D%C3%B6nerMax+Burger/data=!4m7!3m6!1s0x47b8156ea82b62d3:0x1fa9221d24b5601!8m2!3d52.2210774!4d6.894304!16s%2Fg%2F11m5d7gct1!19sChIJ02IrqG4VuEcRAVZL0iGS-gE?authuser=0&hl=nl&g_ep=EgoyMDI2MDkzMC4wIJJjKgBIAVAD&rclk=1
Ji-NOS,Hamburgerrestaurant,4.4,44,·€ 10-20,"Oude Markt 28, 7511 GB Enschede",053 430 0494,https://www.jinos.nl/,52.22045,6.896059,https://www.google.com/maps/place/Ji-NOS/data=!4m7!3m6!1s0x47b81473bc4d9a6b:0x1f6154d2963248c4!8m2!3d52.22045!4d6.896059!16s%2Fg%2F11bx0b5jzz!19sChIJa5pNvHMUuEcRxEgyltJUYR8?authuser=0&hl=nl&g_ep=EgoyMDI2MDkzMC4wIJJjKgBIAVAD&rclk=1
KCC King Crispy Chicken,Afhaalrestaurant,4.0,40,·€ 10-20,"Stationsplein 15, 7511 JD Enschede",053 433 2927,http://www.kcc-enschede-app.nl/,52.2215884,6.8901989,https://www.google.com/maps/place/KCC+King+Crispy+Chicken/data=!4m7!3m6!1s0x47b81583eb5f747f:0x37b21d4a21f1594a!8m2!3d52.2215884!4d6.8901989!16s%2Fg%2F11lgkt_pjj!19sChIJf3Rf64MVuEcRSlnxIUodsjc?authuser=0&hl=nl&g_ep=EgoyMDI2MDkzMC4wIJJjKgBIAVAD&rclk=1
Top & Tasty,Restaurant,4.9,49,·€ 10-20,"Kottendijk 4, 7514 BA Enschede",053 231 0493,https://topntasty.nl/,52.2265321,6.8902194,https://www.google.com/maps/place/Top+%26+Tasty/data=!4m7!3m6!1s0x47b8151fa8c95d19:0x65e43cec81634d67!8m2!3d52.2265321!4d6.8902194!16s%2Fg%2F11vj_nc2dp!19sChIJGV3JqB8VuEcRZ01jgew85GU?authuser=0&hl=nl&g_ep=EgoyMDI2MDkzMC4wIJJjKgBIAVAD&rclk=1
burgerme Enschede,Hamburgerrestaurant,3.7,37,·€ 10-20,"Willem Wilminkplein 27, 7511 PP Enschede",053 203 2385,https://burgerme.nl/,52.222474,6.8934636,https://www.google.com/maps/place/burgerme+Enschede/data=!4m7!3m6!1s0x47b81474972a42c3:0x27695521f9af6aa6!8m2!3d52.222474!4d6.8934636!16s%2Fg%2F11gdz_fccp!19sChIJw0Iql3QUuEcRpmqv-SFVaSc?authuser=0&hl=nl&g_ep=EgoyMDI2MDkzMC4wIJJjKgBIAVAD&rclk=1
McDonald's Enschede Zuiderval,Hamburgerrestaurant,3.7,37,·€ 10-20,"Spaansland 2, 7543 BG Enschede",053 435 8510,https://mcdonaldsrestaurant.nl/enschede-zuiderval,52.20615,6.891727,https://www.google.com/maps/place/McDonald%27s+Enschede+Zuiderval/data=!4m7!3m6!1s0x47b8147e828a6bf5:0xe14734918d6cbdb4!8m2!3d52.20615!4d6.891727!16s%2Fg%2F1q65dh_9n!19sChIJ9WuKgn4UuEcRtL1sjZE0R-E?authuser=0&hl=nl&g_ep=EgoyMDI2MDkzMC4wIJJjKgBIAVAD&rclk=1
Burger King,Hamburgerrestaurant,3.7,37,·€ 10-20,"Stationsplein 33, 7511 JD Enschede",053 808 0289,https://www.burgerking.nl/store-locator/store/restaurant_8780,52.2223656,6.890313,https://www.google.com/maps/place/Burger+King/data=!4m7!3m6!1s0x47b814751ab9e341:0xdb6b3ff8bd624510!8m2!3d52.2223656!4d6.890313!16s%2Fg%2F1v1sk97c!19sChIJQeO5GnUUuEcREEVivfg_a9s?authuser=0&hl=nl&g_ep=EgoyMDI2MDkzMC4wIJJjKgBIAVAD&rclk=1
Burger Business,Hamburgerrestaurant,4.4,44,·€ 10-20,"Brouwerijstraat 44, 7523 XD Enschede",053 369 0240,http://www.burgerbusiness.nl/vestiging/enschede,52.231622,6.8903293,https://www.google.com/maps/place/Burger+Business/data=!4m7!3m6!1s0x47b815007bca7643:0x2f32ac3b04717530!8m2!3d52.231622!4d6.8903293!16s%2Fg%2F11xf4n6lgj!19sChIJQ3bKewAVuEcRMHVxBDusMi8?authuser=0&hl=nl&g_ep=EgoyMDI2MDkzMC4wIJJjKgBIAVAD&rclk=1
KFC,Snackbar,3.4,34,·€ 10-20,"Spaansland 2A, 2543 BG Enschede",,https://www.kfc.nl/,52.2058051,6.8905221,https://www.google.com/maps/place/KFC/data=!4m7!3m6!1s0x47b8147db607371b:0xfcb93c95fe48e12f!8m2!3d52.2058051!4d6.8905221!16s%2Fg%2F11b649bnz9!19sChIJGzcHtn0UuEcRL-FI_pU8ufw?authuser=0&hl=nl&g_ep=EgoyMDI2MDkzMC4wIJJjKgBIAVAD&rclk=1
Big Belly's Tavern,Iers restaurant,4.6,46,·€ 30-40,"Van Lochemstraat 230, 7511 PM Enschede",053 434 5304,http://www.big-bellys.nl/,52.2211471,6.896992,https://www.google.com/maps/place/Big+Belly%27s+Tavern/data=!4m7!3m6!1s0x47b81473a86cc6a9:0x78b5d17b2a56ae61!8m2!3d52.2211471!4d6.896992!16s%2Fg%2F124svs9xy!19sChIJqcZsqHMUuEcRYa5WKnvRtXg?authuser=0&hl=nl&g_ep=EgoyMDI2MDkzMC4wIJJjKgBIAVAD&rclk=1
McDonald's Enschede Woonplein,Hamburgerrestaurant,3.6,36,·€ 10-20,"Schuttersveld 1D, 7514 AC Enschede",053 303 0120,https://mcdonaldsrestaurant.nl/enschede-woonplein,52.224927,6.881383,https://www.google.com/maps/place/McDonald%27s+Enschede+Woonplein/data=!4m7!3m6!1s0x47b813f3590750e5:0x64e0df1b61efe999!8m2!3d52.224927!4d6.881383!16s%2Fg%2F1t_kfllx!19sChIJ5VAHWfMTuEcRmenvYRvf4GQ?authuser=0&hl=nl&g_ep=EgoyMDI2MDkzMC4wIJJjKgBIAVAD&rclk=1
La Bamba 2.0,Cafetaria,4.5,45,·€ 1-10,"Kalanderstraat 6B, 7511 HX Enschede",053 569 9777,https://nlcompanies.org/details/la-bamba-20-ChIJRbs,52.2190581,6.8986705,https://www.google.com/maps/place/La+Bamba+2.0/data=!4m7!3m6!1s0x47b814722301bb45:0x5116c6a21afb88c3!8m2!3d52.2190581!4d6.8986705!16s%2Fg%2F11dxkzh6x8!19sChIJRbsBI3IUuEcRw4j7GqLGFlE?authuser=0&hl=nl&g_ep=EgoyMDI2MDkzMC4wIJJjKgBIAVAD&rclk=1
McDonald's Enschede Centrum,Hamburgerrestaurant,3.3,33,·€ 10-20,"Kalanderstraat 15, 7511 HW Enschede",053 431 0066,https://mcdonaldsrestaurant.nl/enschede-centrum,52.218855,6.898792,https://www.google.com/maps/place/McDonald%27s+Enschede+Centrum/data=!4m7!3m6!1s0x47b8147218a8c8cb:0x5eb987067d7ef0bd!8m2!3d52.218855!4d6.898792!16s%2Fg%2F1hc2m6csh!19sChIJy8ioGHIUuEcRvfB-fQaHuV4?authuser=0&hl=nl&g_ep=EgoyMDI2MDkzMC4wIJJjKgBIAVAD&rclk=1
Los Tacos Hermanos,Mexicaans restaurant,4.3,43,·€ 10-20,"Hoge Bothofstraat 39a, 7511 ZA Enschede",,,52.222613,6.9023578,https://www.google.com/maps/place/Los+Tacos+Hermanos/data=!4m7!3m6!1s0x47b81561aa65ce81:0xdff0e29ac11da262!8m2!3d52.222613!4d6.9023578!16s%2Fg%2F11tsn8lkzx!19sChIJgc5lqmEVuEcRYqIdwZri8N8?authuser=0&hl=nl&g_ep=EgoyMDI2MDkzMC4wIJJjKgBIAVAD&rclk=1
Mexican Restaurants 🇲🇽,Mexicaans restaurant,4.4,44,·€ 20-30,"Korte Haaksbergerstraat 2, 7511 JG Enschede",,,52.2209355,6.8927762,https://www.google.com/maps/place/Mexican+Restaurants+%F0%9F%87%B2%F0%9F%87%BD/data=!4m7!3m6!1s0x47b8147465ddf5cb:0x79b2f47a9aa6806c!8m2!3d52.2209355!4d6.8927762!16s%2Fg%2F11j2yql5zr!19sChIJy_XdZXQUuEcRbICmmnr0snk?authuser=0&hl=nl&g_ep=EgoyMDI2MDkzMC4wIJJjKgBIAVAD&rclk=1
Taco Mundo,Mexicaans restaurant,3.6,36,·€ 10-20,"Kuipersdijk 5, 7512 CA Enschede",0900 1238226,https://shop.tacomundo.com/,52.2162441,6.8962988,https://www.google.com/maps/place/Taco+Mundo/data=!4m7!3m6!1s0x47b81471ab9f6171:0x821235755c9e73f3!8m2!3d52.2162441!4d6.8962988!16s%2Fg%2F1hg519qtn!19sChIJcWGfq3EUuEcR83OeXHU1EoI?authuser=0&hl=nl&g_ep=EgoyMDI2MDkzMC4wIJJjKgBIAVAD&rclk=1
Los Ponchos 🇲🇽,Mexicaans restaurant,4.1,41,·€ 20-30,"Korte Haaksbergerstraat 2, 7511 JS Enschede",053 431 1787,http://losponchos.nl/,52.2209442,6.8929571,https://www.google.com/maps/place/Los+Ponchos+%F0%9F%87%B2%F0%9F%87%BD/data=!4m7!3m6!1s0x47b8147465ddf5cb:0x540effb8a8e378ec!8m2!3d52.2209442!4d6.8929571!16s%2Fg%2F1tx1s8bw!19sChIJy_XdZXQUuEcR7HjjqLj_DlQ?authuser=0&hl=nl&g_ep=EgoyMDI2MDkzMC4wIJJjKgBIAVAD&rclk=1
El Corru,Tapas restaurant,,,·€ 20-30,"Poolmansweg 3-B, 7545 LL Enschede",053 430 8852,http://www.elcorru.nl/,52.2162393,6.8711131,https://www.google.com/maps/place/El+Corru/data=!4m7!3m6!1s0x47b813903e791495:0xf9624a27d9757486!8m2!3d52.2162393!4d6.8711131!16s%2Fg%2F1x5f9fk1!19sChIJlRR5PpATuEcRhnR12SdKYvk?authuser=0&hl=nl&g_ep=EgoyMDI2MDkzMC4wIJJjKgBIAVAD&rclk=1
La Cubanita Enschede,,3.9,39,·€ 30-40,"Oude Markt 26, 7511 GB Enschede",053 204 5055,http://www.lacubanita.nl/tapas-enschede,52.2204544,6.8962816,https://www.google.com/maps/place/La+Cubanita+Enschede/data=!4m7!3m6!1s0x47b81473bbbb5215:0x6b087c74b19493e8!8m2!3d52.2204544!4d6.8962816!16s%2Fg%2F11bw5y8rl9!19sChIJFVK7u3MUuEcR6JOUsXR8CGs?authuser=0&hl=nl&g_ep=EgoyMDI2MDkzMC4wIJJjKgBIAVAD&rclk=1
"Bar Restaurant ""Los Sueños""",,4.2,42,·€ 20-50,"Walstraat 41, 7511 GG Enschede",053 573 8411,,52.2198437,6.8943127,https://www.google.com/maps/place/Bar+Restaurant+%22Los+Sue%C3%B1os%22/data=!4m7!3m6!1s0x47b815ab6112c913:0xee849aef8b623d6a!8m2!3d52.2198437!4d6.8943127!16s%2Fg%2F11fq8rmk27!19sChIJE8kSYasVuEcRaj1ii--ahO4?authuser=0&hl=nl&g_ep=EgoyMDI2MDkzMC4wIJJjKgBIAVAD&rclk=1
Foodbar RAUW,Veganistisch restaurant,4.5,45,·€ 10-20,"Hoge Bothofstraat 39A Gunnerstraat 39A Weerselo, 7511 ZA Enschede",06 30104993,http://www.foodbarrauw.nl/,52.222613,6.9023578,https://www.google.com/maps/place/Foodbar+RAUW/data=!4m7!3m6!1s0x47b81581e249afe1:0x66fe6e49389ca665!8m2!3d52.222613!4d6.9023578!16s%2Fg%2F11f7g2834g!19sChIJ4a9J4oEVuEcRZaacOElu_mY?authuser=0&hl=nl&g_ep=EgoyMDI2MDkzMC4wIJJjKgBIAVAD&rclk=1
Ecocentrum Emma,Natuurvoedingswinkel,4.6,46,,"Emmastraat 189, 7513 BC Enschede",053 434 8145,http://www.earthcafeandmarket.com/,52.2173984,6.8825857,https://www.google.com/maps/place/Ecocentrum+Emma/data=!4m7!3m6!1s0x47b813890f53a00b:0x43770f902708500a!8m2!3d52.2173984!4d6.8825857!16s%2Fg%2F1tsjcr2z!19sChIJC6BTD4kTuEcRClAIJ5APd0M?authuser=0&hl=nl&g_ep=EgoyMDI2MDkzMC4wIJJjKgBIAVAD&rclk=1
Tankstation Cultureel Vulpunt,Cultureel centrum,4.8,48,,"Emmastraat 189, 7513 BC Enschede",,https://tankstationenschede.nl/,52.2173984,6.8825857,https://www.google.com/maps/place/Tankstation+Cultureel+Vulpunt/data=!4m7!3m6!1s0x47b8150c5f3b4b9f:0x35fc3680971b4aa!8m2!3d52.2173984!4d6.8825857!16s%2Fg%2F11p5n86s98!19sChIJn0s7XwwVuEcRqrRxCWjDXwM?authuser=0&hl=nl&g_ep=EgoyMDI2MDkzMC4wIJJjKgBIAVAD&rclk=1
Oude Markt,,4.7,47,,"Langestraat 24, 7511 EZ Enschede",,,52.220754,6.8967183,https://www.google.com/maps/place/Oude+Markt/data=!4m7!3m6!1s0x47b81473cebfffff:0x38ccb17bbc30a2ce!8m2!3d52.220754!4d6.8967183!16s%2Fg%2F11fnwh3dpl!19sChIJ__-_znMUuEcRzqIwvHuxzDg?authuser=0&hl=nl&g_ep=EgoyMDI2MDkzMC4wIJJjKgBIAVAD&rclk=1
Stadscafé BLAUW,Café,4.2,42,·€ 10-60,"Oude Markt 12, 7511 GA Enschede",06 49868848,https://www.stadscafeblauw.nl/,52.2212448,6.8955785,https://www.google.com/maps/place/Stadscaf%C3%A9+BLAUW/data=!4m7!3m6!1s0x47b81561fd717289:0x389af6949dc4bdaf!8m2!3d52.2212448!4d6.8955785!16s%2Fg%2F11n9xpqlp2!19sChIJiXJx_WEVuEcRr73EnZT2mjg?authuser=0&hl=nl&g_ep=EgoyMDI2MDkzMC4wIJJjKgBIAVAD&rclk=1
Café De Pimpelaar,Café,4.3,43,·€ 10-20,"Oude Markt 22, 7511 GB Enschede",06 15835793,https://nl-nl.facebook.com/depimpelaar/,52.2209142,6.8966858,https://www.google.com/maps/place/Caf%C3%A9+De+Pimpelaar/data=!4m7!3m6!1s0x47b81473a5c01a55:0x8322f93af00a0792!8m2!3d52.2209142!4d6.8966858!16s%2Fg%2F1tl9lnql!19sChIJVRrApXMUuEcRkgcK8Dr5IoM?authuser=0&hl=nl&g_ep=EgoyMDI2MDkzMC4wIJJjKgBIAVAD&rclk=1
Studentencafé 't Gat in de Markt,Bar,4.1,41,·€ 1-10,"Oude Markt 13, 7511 GA Enschede",053 432 8384,http://tgatindemarkt.nl/,52.220996,6.8953918,https://www.google.com/maps/place/Studentencaf%C3%A9+%27t+Gat+in+de+Markt/data=!4m7!3m6!1s0x47b814739f098b31:0x933379501bd23684!8m2!3d52.220996!4d6.8953918!16s%2Fg%2F1hc37tw94!19sChIJMYsJn3MUuEcRhDbSG1B5M5M?authuser=0&hl=nl&g_ep=EgoyMDI2MDkzMC4wIJJjKgBIAVAD&rclk=1
The Tosti Club Enschede,Broodjeswinkel,4.2,42,·€ 1-10,"Marktstraat 13, 7511 GC Enschede",053 203 0166,https://thetosticlub.nl/?utm_campaign=The+Tosti+Club+Enschede&utm_content=794&utm_medium=Localistico&utm_source=google_gmb,52.220841,6.8935945,https://www.google.com/maps/place/The+Tosti+Club+Enschede/data=!4m7!3m6!1s0x47b8155735eb4fb7:0x25832fe8fea57ad!8m2!3d52.220841!4d6.8935945!16s%2Fg%2F11nyrdvhww!19sChIJt0_rNVcVuEcRrVfqj_4yWAI?authuser=0&hl=nl&g_ep=EgoyMDI2MDkzMC4wIJJjKgBIAVAD&rclk=1
Crash Vinyl & Booze,Platenwinkel,4.9,49,,"Oude Markt 8A, 7511 GA Enschede",06 27557798,http://www.crashvinyl.nl/,52.221,6.8947456,https://www.google.com/maps/place/Crash+Vinyl+%26+Booze/data=!4m7!3m6!1s0x47b815f4a71b713f:0x635db894962a1928!8m2!3d52.221!4d6.8947456!16s%2Fg%2F11tcbzlr4q!19sChIJP3Ebp_QVuEcRKBkqlpS4XWM?authuser=0&hl=nl&g_ep=EgoyMDI2MDkzMC4wIJJjKgBIAVAD&rclk=1
Café San Remo,Bar,4.7,47,·€ 30-40,"Stadsgravenstraat 53, 7511 ER Enschede",06 53369994,http://www.cafesanremo.nl/,52.2213218,6.8963231,https://www.google.com/maps/place/Caf%C3%A9+San+Remo/data=!4m7!3m6!1s0x47b814730a6c5d47:0x5d46bbba6adc8da0!8m2!3d52.2213218!4d6.8963231!16s%2Fg%2F1tj7d3rd!19sChIJR11sCnMUuEcRoI3carq7Rl0?authuser=0&hl=nl&g_ep=EgoyMDI2MDkzMC4wIJJjKgBIAVAD&rclk=1
Coffeeshop 24 7 Enschede,Koffiebar,3.7,37,,"Oude Markt 28, 7511 GB Enschede",,https://charliechaplincoffeeshop.com/,52.2204332,6.8959884,https://www.google.com/maps/place/Coffeeshop+24+7+Enschede/data=!4m7!3m6!1s0x47b8155b5867daa3:0x77192a02754a1b32!8m2!3d52.2204332!4d6.8959884!16s%2Fg%2F11z90y88r9!19sChIJo9pnWFsVuEcRMhtKdQIqGXc?authuser=0&hl=nl&g_ep=EgoyMDI2MDkzMC4wIJJjKgBIAVAD&rclk=1
Van der Poel IJs Enschede,Sundaerestaurant,4.6,46,·€ 1-10,"Raadhuisstraat 9, 7511 HJ Enschede",053 430 4242,http://www.vanderpoelijs.nl/,52.218655,6.8966461,https://www.google.com/maps/place/Van+der+Poel+IJs+Enschede/data=!4m7!3m6!1s0x47b81473a59accdd:0xd31062da53b1453f!8m2!3d52.218655!4d6.8966461!16s%2Fg%2F1tw1cxvl!19sChIJ3cyapXMUuEcRP0WxU9piENM?authuser=0&hl=nl&g_ep=EgoyMDI2MDkzMC4wIJJjKgBIAVAD&rclk=1
Toko Switi,Supermarkt,4.8,48,,"Zuiderhagen 39, 7511 GJ Enschede",06 18781258,,52.2196373,6.8939157,https://www.google.com/maps/place/Toko+Switi/data=!4m7!3m6!1s0x47b815ee5e5bc077:0xf1d5b3d414a819f3!8m2!3d52.2196373!4d6.8939157!16s%2Fg%2F11ngth8xq2!19sChIJd8BbXu4VuEcR8xmoFNSz1fE?authuser=0&hl=nl&g_ep=EgoyMDI2MDkzMC4wIJJjKgBIAVAD&rclk=1
Van Der Poel Wilminkplein,IJssalon,4.6,46,,"Willem Wilminkplein 21, 7511 PP Enschede",053 483 7421,http://www.vanderpoelijs.nl/,52.2223911,6.8930243,https://www.google.com/maps/place/Van+Der+Poel+Wilminkplein/data=!4m7!3m6!1s0x47b81474936fe9d7:0xa902a3d78bbec6ad!8m2!3d52.2223911!4d6.8930243!16s%2Fg%2F11b5wrk6q4!19sChIJ1-lvk3QUuEcRrca-i9ejAqk?authuser=0&hl=nl&g_ep=EgoyMDI2MDkzMC4wIJJjKgBIAVAD&rclk=1
Shivani's Surinaams Eethuis,Surinaams restaurant,4.3,43,·€ 10-20,"Lipperkerkstraat 33, 7511 CT Enschede",053 432 5226,http://www.shivanis.nl/,52.2205107,6.9046797,https://www.google.com/maps/place/Shivani%27s+Surinaams+Eethuis/data=!4m7!3m6!1s0x47b8146c547efc01:0xb21e31de4513dfb0!8m2!3d52.2205107!4d6.9046797!16s%2Fg%2F1tks5dgy!19sChIJAfx-VGwUuEcRsN8TRd4xHrI?authuser=0&hl=nl&g_ep=EgoyMDI2MDkzMC4wIJJjKgBIAVAD&rclk=1
Rebelse Broodjes & Pokébowls,Broodjeswinkel,4.6,46,·€ 10-20,"Schuttersveld 20, 7514 AL Enschede",06 13685273,http://www.rebelsebroodjes.nl/,52.2239057,6.8798373,https://www.google.com/maps/place/Rebelse+Broodjes+%26+Pok%C3%A9bowls/data=!4m7!3m6!1s0x47b813522111fef9:0x43eff828a71f243b!8m2!3d52.2239057!4d6.8798373!16s%2Fg%2F11rttqxzwd!19sChIJ-f4RIVITuEcROyQfpyj470M?authuser=0&hl=nl&g_ep=EgoyMDI2MDkzMC4wIJJjKgBIAVAD&rclk=1
Smaakie 2,Turks restaurant,4.2,46,,"De Heurne 52, 7511 GW Enschede",,,52.2219967,6.8994841,https://www.google.com/maps/place/Smaakie+2/data=!4m7!3m6!1s0x47b815006f097295:0x5a89927dea0345d0!8m2!3d52.2219967!4d6.8994841!16s%2Fg%2F11z6c4z6wd!19sChIJlXIJbwAVuEcR0EUD6n2SiVo?authuser=0&hl=nl&g_ep=EgoyMDI2MDkzMC4wIJJjKgBIAVAD&rclk=1
Camel Middle East Grill House B.V.,Shoarma restaurant,3.4,34,·€ 10-20,"Oude Markt 9A, 7511 GA Enschede",053 432 4663,https://grillroomcamel.nl/,52.2211829,6.8950131,https://www.google.com/maps/place/Camel+Middle+East+Grill+House+B.V./data=!4m7!3m6!1s0x47b814738363da1d:0x2851145ec5925b2a!8m2!3d52.2211829!4d6.8950131!16s%2Fg%2F1tdj38sk!19sChIJHdpjg3MUuEcRKluSxV4UUSg?authuser=0&hl=nl&g_ep=EgoyMDI2MDkzMC4wIJJjKgBIAVAD&rclk=1
Stichting Sociëteit Antigoon,Bar,4.8,48,,"Oude Markt 24, 7511 GB Enschede",053 432 6238,http://www.asvtaste.nl/,52.2205831,6.8965441,https://www.google.com/maps/place/Stichting+Soci%C3%ABteit+Antigoon/data=!4m7!3m6!1s0x47b81473bac56d4b:0xe582b5ac21323173!8m2!3d52.2205831!4d6.8965441!16s%2Fg%2F11b75fcq9s!19sChIJS23FunMUuEcRczEyIay1guU?authuser=0&hl=nl&g_ep=EgoyMDI2MDkzMC4wIJJjKgBIAVAD&rclk=1
Café Friends Enschede🍺,Café,4.4,44,·€ 10-20,"Langestraat 62, 7511 HC Enschede",053 430 5435,http://friendsenschede.nl/,52.2203648,6.8957562,https://www.google.com/maps/place/Caf%C3%A9+Friends+Enschede%F0%9F%8D%BA/data=!4m7!3m6!1s0x47b81473960f2ec5:0xe2fd9c51aba6069f!8m2!3d52.2203648!4d6.8957562!16s%2Fg%2F1tf5_cgf!19sChIJxS4PlnMUuEcRnwamq1Gc_eI?authuser=0&hl=nl&g_ep=EgoyMDI2MDkzMC4wIJJjKgBIAVAD&rclk=1
Molly Malone Irish Pub,Ierse pub,4.5,45,·€ 10-20,"Oude Markt 11, 7511 GA Enschede",053 430 5094,http://www.molly-malone.nl/,52.2212648,6.8954385,https://www.google.com/maps/place/Molly+Malone+Irish+Pub/data=!4m7!3m6!1s0x47b814739dba4ebd:0x7d0989248012f122!8m2!3d52.2212648!4d6.8954385!16s%2Fg%2F1tz751bl!19sChIJvU66nXMUuEcRIvESgCSJCX0?authuser=0&hl=nl&g_ep=EgoyMDI2MDkzMC4wIJJjKgBIAVAD&rclk=1
Lunch by Siebelink,Lunchrestaurant,4.0,40,·€ 10-20,"Van Loenshof 2, 7511 HG Enschede",053 750 1186,https://www.lunchbysiebelink.nl/,52.2192252,6.8958762,https://www.google.com/maps/place/Lunch+by+Siebelink/data=!4m7!3m6!1s0x47b81473dced5c55:0x71477e908db8347a!8m2!3d52.2192252!4d6.8958762!16s%2Fg%2F1thxk4cz!19sChIJVVzt3HMUuEcRejS4jZB-R3E?authuser=0&hl=nl&g_ep=EgoyMDI2MDkzMC4wIJJjKgBIAVAD&rclk=1
La Place,Restaurant,4.0,40,·€ 10-20,"Raadhuisstraat 12, 7511 HK Enschede",06 12396754,https://www.laplace.com/,52.2185849,6.8963165,https://www.google.com/maps/place/La+Place/data=!4m7!3m6!1s0x47b81472255f585b:0x28d2fc5482a310e9!8m2!3d52.2185849!4d6.8963165!16s%2Fg%2F1thd0wtv!19sChIJW1hfJXIUuEcR6RCjglT80ig?authuser=0&hl=nl&g_ep=EgoyMDI2MDkzMC4wIJJjKgBIAVAD&rclk=1
Romy's vis,Visrestaurant,4.4,44,·€ 1-20,"Hendrik Jan van Heekplein 60I, 7511 HN Enschede",06 38768081,https://romysvis.nl/,52.2170114,6.8992945,https://www.google.com/maps/place/Romy%27s+vis/data=!4m7!3m6!1s0x47b8155b5531f711:0xda8d9393946bf86d!8m2!3d52.2170114!4d6.8992945!16s%2Fg%2F11lsr54sp1!19sChIJEfcxVVsVuEcRbfhrlJOTjdo?authuser=0&hl=nl&g_ep=EgoyMDI2MDkzMC4wIJJjKgBIAVAD&rclk=1
Mainstreet Streetfood,Amerikaans restaurant,4.9,49,,"Willem Wilminkplein 27A, 7511 PP Enschede",053 230 0323,https://mylightspeed.app/DRPPSHNC/C-ordering/menu,52.2224399,6.8933674,https://www.google.com/maps/place/Mainstreet+Streetfood/data=!4m7!3m6!1s0x47b815215de6797d:0xbbf7047e3d7d4314!8m2!3d52.2224399!4d6.8933674!16s%2Fg%2F11zdntv565!19sChIJfXnmXSEVuEcRFEN9PX4E97s?authuser=0&hl=nl&g_ep=EgoyMDI2MDkzMC4wIJJjKgBIAVAD&rclk=1
FRIDA Book Café,Koffiebar,4.9,49,·€ 1-10,"Stadsgravenstraat 56, 7511 ES Enschede",06 15653005,https://thefrida.nl/,52.2206405,6.8973404,https://www.google.com/maps/place/FRIDA+Book+Caf%C3%A9/data=!4m7!3m6!1s0x47b815b2a97e59cd:0x74d3667c6d2eb68!8m2!3d52.2206405!4d6.8973404!16s%2Fg%2F11vynysj50!19sChIJzVl-qbIVuEcRaOvSxmc2TQc?authuser=0&hl=nl&g_ep=EgoyMDI2MDkzMC4wIJJjKgBIAVAD&rclk=1
Fancy Beans,Koffiebar,5.0,50,·€ 1-10,"Zuiderhagen 28, 7511 GL Enschede",,https://fancybeans.nl/,52.2196757,6.8936732,https://www.google.com/maps/place/Fancy+Beans/data=!4m7!3m6!1s0x47b8138fa7408e25:0x8e314eed53c6390d!8m2!3d52.2196757!4d6.8936732!16s%2Fg%2F11stgl6584!19sChIJJY5Ap48TuEcRDTnGU-1OMY4?authuser=0&hl=nl&g_ep=EgoyMDI2MDkzMC4wIJJjKgBIAVAD&rclk=1
Mamma Mia burgers & pizza,Maaltijdbezorging,3.7,37,,"Kuipersdijk 125 A, 7512 CD Enschede",06 87952519,,52.2123466,6.8961754,https://www.google.com/maps/place/Mamma+Mia+burgers+%26+pizza/data=!4m7!3m6!1s0x47b8147a8eacf8ed:0xdf3cc158b020ee13!8m2!3d52.2123466!4d6.8961754!16s%2Fg%2F1tdcl0sb!19sChIJ7fisjnoUuEcRE-4gsFjBPN8?authuser=0&hl=nl&g_ep=EgoyMDI2MDkzMC4wIJJjKgBIAVAD&rclk=1
centrum enschede,Restaurant,4.4,44,·€ 1-60,"Zuiderval 140, 7543 EZ Enschede",,,52.2035819,6.8892297,https://www.google.com/maps/place/centrum+enschede/data=!4m7!3m6!1s0x47b815005d5c8907:0xc966b275057ef9d3!8m2!3d52.2035819!4d6.8892297!16s%2Fg%2F11z0n9mt7_!19sChIJB4lcXQAVuEcR0_l-BXWyZsk?authuser=0&hl=nl&g_ep=EgoyMDI2MDkzMC4wIJJjKgBIAVAD&rclk=1
Het Vrijdag,Brasserie,3.7,37,,"Steenbeltweg 48, 7523 VZ Enschede",053 230 8000,https://nlcompanies.org/details/het-vrijdag-ChIJLcq,52.2358364,6.8985514,https://www.google.com/maps/place/Het+Vrijdag/data=!4m7!3m6!1s0x47b8140604b0ca2d:0xc65542a4c19b89b!8m2!3d52.2358364!4d6.8985514!16s%2Fg%2F12mkvnd59!19sChIJLcqwBAYUuEcRm7gZTCpUZQw?authuser=0&hl=nl&g_ep=EgoyMDI2MDkzMC4wIJJjKgBIAVAD&rclk=1
Van der Valk Hotel Enschede,,4.5,45,€ 135,"Zuiderval 140, 7543 EZ Enschede",053 800 0800,https://www.vandervalkhotelenschede.nl/?utm_campaign=gmb-ens,52.2034298,6.8891526,https://www.google.com/maps/place/Van+der+Valk+Hotel+Enschede/data=!4m10!3m9!1s0x47b8147e754114c5:0xebfac1ce5ecf71fd!5m2!4m1!1i2!8m2!3d52.2034298!4d6.8891526!16s%2Fg%2F11c45tj18x!19sChIJxRRBdX4UuEcR_XHPXs7B-us?authuser=0&hl=nl&g_ep=EgoyMDI2MDkzMC4wIJJjKgBIAVAD&rclk=1
Coffee Fellows,Koffiehuis,4.2,42,·€ 1-10,"Marktstraat 14, 7511 GD Enschede",053 303 1684,https://coffee-fellows.com/locations/niederlande-enschede,52.2211803,6.8933027,https://www.google.com/maps/place/Coffee+Fellows/data=!4m7!3m6!1s0x47b8147463671443:0xabbaf3b63c1f9882!8m2!3d52.2211803!4d6.8933027!16s%2Fg%2F11fzf2yl8j!19sChIJQxRnY3QUuEcRgpgfPLbzuqs?authuser=0&hl=nl&g_ep=EgoyMDI2MDkzMC4wIJJjKgBIAVAD&rclk=1
Döner Company,Kebabzaak,3.7,37,·€ 1-10,"Stationsplein 33E, 7511 JD Enschede",053 303 1647,http://www.donercompany.nl/,52.2223898,6.8900797,https://www.google.com/maps/place/D%C3%B6ner+Company/data=!4m7!3m6!1s0x47b814751ab9e341:0x20f88370cc7af891!8m2!3d52.2223898!4d6.8900797!16s%2Fg%2F1tf9xhg2!19sChIJQeO5GnUUuEcRkfh6zHCD-CA?authuser=0&hl=nl&g_ep=EgoyMDI2MDkzMC4wIJJjKgBIAVAD&rclk=1
Earth Cafe & Market Enschede,,4.8,48,·€ 20-30,"Emmastraat 189, 7513 BC Enschede",,http://www.earthcafeandmarket.com/,52.2173984,6.8825857,https://www.google.com/maps/place/Earth+Cafe+%26+Market+Enschede/data=!4m7!3m6!1s0x47b813bf7b644d41:0x633e06db7168a4cb!8m2!3d52.2173984!4d6.8825857!16s%2Fg%2F11rvlrczd7!19sChIJQU1ke78TuEcRy6RocdsGPmM?authuser=0&hl=nl&g_ep=EgoyMDI2MDkzMC4wIJJjKgBIAVAD&rclk=1
Ksara Restaurant en Lounge,Libanees restaurant,4.3,43,·€ 30-60,"Hengelosestraat 200, 7521 AL Enschede",053 781 1000,http://www.restaurantksara.nl/,52.2276192,6.8779179,https://www.google.com/maps/place/Ksara+Restaurant+en+Lounge/data=!4m7!3m6!1s0x47b813f367dcf6a5:0x4eb1a1683ccf8e61!8m2!3d52.2276192!4d6.8779179!16s%2Fg%2F11v19p72lw!19sChIJpfbcZ_MTuEcRYY7PPGihsU4?authuser=0&hl=nl&g_ep=EgoyMDI2MDkzMC4wIJJjKgBIAVAD&rclk=1
Selam Market Roombeek,Supermarkt,4.4,44,,"Roomweg 73, 7523 BL Enschede",053 852 2059,,52.2314452,6.8929481,https://www.google.com/maps/place/Selam+Market+Roombeek/data=!4m7!3m6!1s0x47b81518e414c5e5:0x90651ffa09f14915!8m2!3d52.2314452!4d6.8929481!16s%2Fg%2F11j0y9ywvx!19sChIJ5cUU5BgVuEcRFUnxCfofZZA?authuser=0&hl=nl&g_ep=EgoyMDI2MDkzMC4wIJJjKgBIAVAD&rclk=1
Bakkers van Alink Brouwerijstraat Enschede,Bakkerij,4.6,46,·€ 1-10,"Brouwerijstraat 50, 7523 XE Enschede",053 435 9943,https://bakkerijalink.nl/,52.2318044,6.8906716,https://www.google.com/maps/place/Bakkers+van+Alink+Brouwerijstraat+Enschede/data=!4m7!3m6!1s0x47b813f6322145ad:0xce810a93066f77b6!8m2!3d52.2318044!4d6.8906716!16s%2Fg%2F11bw5yk_v9!19sChIJrUUhMvYTuEcRtndvBpMKgc4?authuser=0&hl=nl&g_ep=EgoyMDI2MDkzMC4wIJJjKgBIAVAD&rclk=1
Stichting Huis van Verhalen Enschede,Koffiebar,4.9,49,,"Lonnekerspoorlaan 120, 7523 JM Enschede",053 431 6288,https://huisvanverhalen053.nl/,52.2320308,6.8959396,https://www.google.com/maps/place/Stichting+Huis+van+Verhalen+Enschede/data=!4m7!3m6!1s0x47b814092407b321:0xa6c86c2cfc911bb9!8m2!3d52.2320308!4d6.8959396!16s%2Fg%2F1tczjk6h!19sChIJIbMHJAkUuEcRuRuR_CxsyKY?authuser=0&hl=nl&g_ep=EgoyMDI2MDkzMC4wIJJjKgBIAVAD&rclk=1
De Kookklas-kookworkshops en uitjes.,Kookschool,4.9,49,,"Twentsche Foodhal, Hoge Bothofstraat 39a, 7511 ZA Enschede",06 49116431,http://www.dekookklas.nl/,52.2225,6.9025,https://www.google.com/maps/place/De+Kookklas-kookworkshops+en+uitjes./data=!4m7!3m6!1s0x47b8149b6941bcc3:0x831a96c55c25a1a8!8m2!3d52.2225!4d6.9025!16s%2Fg%2F11b70pt562!19sChIJw7xBaZsUuEcRqKElXMWWGoM?authuser=0&hl=nl&g_ep=EgoyMDI2MDkzMC4wIJJjKgBIAVAD&rclk=1
Masada,Restaurant,3.7,37,·€ 10-20,"Wethouder Nijhuisstraat 241, 7545 NH Enschede",053 203 4123,http://www.masada.nl/,52.2107207,6.8639838,https://www.google.com/maps/place/Masada/data=!4m7!3m6!1s0x47b813fdf250c1e9:0xe578c313d131d2f0!8m2!3d52.2107207!4d6.8639838!16s%2Fg%2F11thnh111s!19sChIJ6cFQ8v0TuEcR8NIx0RPDeOU?authuser=0&hl=nl&g_ep=EgoyMDI2MDkzMC4wIJJjKgBIAVAD&rclk=1
London Pizza,Pizzeria,3.6,36,·€ 10-20,"Deurningerstraat 119a, 7514 BG Enschede",053 574 5317,https://holmsi.org/details/london-pizza-peri-peri-chicken-ChIJ4WN,52.2281182,6.889907,https://www.google.com/maps/place/London+Pizza/data=!4m7!3m6!1s0x47b8140a726a63e1:0x7c66fd1c9919e85c!8m2!3d52.2281182!4d6.889907!16s%2Fg%2F11hyzyr08t!19sChIJ4WNqcgoUuEcRXOgZmRz9Znw?authuser=0&hl=nl&g_ep=EgoyMDI2MDkzMC4wIJJjKgBIAVAD&rclk=1
Empire Lounge,Loungebar,4.6,46,·€ 10-20,"Hengelosestraat 170, 7521 AK Enschede",053 851 0210,https://nlcompanies.org/details/empire-lounge-ChIJk23,52.2271241,6.8789825,https://www.google.com/maps/place/Empire+Lounge/data=!4m7!3m6!1s0x47b813d216f46d93:0x2d6eec695dce6e48!8m2!3d52.2271241!4d6.8789825!16s%2Fg%2F11j48w17qk!19sChIJk230FtITuEcRSG7OXWnsbi0?authuser=0&hl=nl&g_ep=EgoyMDI2MDkzMC4wIJJjKgBIAVAD&rclk=1
Bakkerij Dalyan - Uw Specialist in Lahmacun en Doner Brood,Bakkerij,5.0,50,,"Het Poolman 29, 7545 LX Enschede",053 211 1056,http://www.bakkerijdalyan.nl/,52.2173484,6.8704116,https://www.google.com/maps/place/Bakkerij+Dalyan+-+Uw+Specialist+in+Lahmacun+en+Doner+Brood/data=!4m7!3m6!1s0x47b813904decd5a5:0xa9a1424f638ce6a0!8m2!3d52.2173484!4d6.8704116!16s%2Fg%2F11h50mlxp1!19sChIJpdXsTZATuEcRoOaMY09Coak?authuser=0&hl=nl&g_ep=EgoyMDI2MDkzMC4wIJJjKgBIAVAD&rclk=1
Roti Corner Enschede,Afhaalrestaurant,3.5,35,·€ 10-20,"Kuipersdijk 168, 7512 CM Enschede",053 430 0082,https://deroticorner-enschede.nl/,52.2116271,6.8951976,https://www.google.com/maps/place/Roti+Corner+Enschede/data=!4m7!3m6!1s0x47b8138551592f3d:0x59d18c86ce64826!8m2!3d52.2116271!4d6.8951976!16s%2Fg%2F1tcywhky!19sChIJPS9ZUYUTuEcRJkjmbMgYnQU?authuser=0&hl=nl&g_ep=EgoyMDI2MDkzMC4wIJJjKgBIAVAD&rclk=1
Mumbai Masala,Voedselproducent,4.5,251,,"Noorderhagen 50, 6, 7511 EM Enschede",06 26257110,https://www.homemademeals.net/en/m/mumbai-masala/65fc10c3ecc79424060c57ba,52.2215134,6.896839,https://www.google.com/maps/place/Mumbai+Masala/data=!4m7!3m6!1s0x47b8159b5db8754b:0x3e213265dbc203a2!8m2!3d52.2215134!4d6.896839!16s%2Fg%2F11vzv4r55n!19sChIJS3W4XZsVuEcRogPC22UyIT4?authuser=0&hl=nl&g_ep=EgoyMDI2MDkzMC4wIJJjKgBIAVAD&rclk=1
American Steakhouse Enschede,,,,,"Brinkstraat 83, 7512 EC Enschede",053 888 0568,,52.215697,6.9003455,https://www.google.com/maps/place/American+Steakhouse+Enschede/data=!4m7!3m6!1s0x47b8146fd337c3c5:0xf66c3e7576e20dd!8m2!3d52.215697!4d6.9003455!16s%2Fg%2F1xgz9wck!19sChIJxcM3028UuEcR3SBuV-fDZg8?authuser=0&hl=nl&g_ep=EgoyMDI2MDkzMC4wIJJjKgBIAVAD&rclk=1
Gastrobar Bij Rozendaal,Restaurant,4.2,42,·€ 10-20,"Het Rozendaal 10, 7523 XG Enschede",053 480 7695,https://mymenuweb.com/nl/restaurants/589803/?utm_source=google_profile&utm_medium=google_profile&utm_campaign=admin,52.2319626,6.8948597,https://www.google.com/maps/place/Gastrobar+Bij+Rozendaal/data=!4m7!3m6!1s0x47b814090529e525:0x707dff618b8a9d72!8m2!3d52.2319626!4d6.8948597!16s%2Fg%2F11dzwlyqj8!19sChIJJeUpBQkUuEcRcp2Ki2H_fXA?authuser=0&hl=nl&g_ep=EgoyMDI2MDkzMC4wIJJjKgBIAVAD&rclk=1
Café Rootz Enschede,Bar,5.0,50,,"Noorderhagen 18, 7511 EL Enschede",06 45572391,,52.2217634,6.8948007,https://www.google.com/maps/place/Caf%C3%A9+Rootz+Enschede/data=!4m7!3m6!1s0x47b81555a35789a7:0xb5627ca05435e9e5!8m2!3d52.2217634!4d6.8948007!16s%2Fg%2F11ntd8hz3b!19sChIJp4lXo1UVuEcR5ek1VKB8YrU?authuser=0&hl=nl&g_ep=EgoyMDI2MDkzMC4wIJJjKgBIAVAD&rclk=1
Wijnkoperij Henri Bloem Enschede,Wijnhandel,4.8,48,,"Deurningerstraat 228, 7522 CL Enschede",053 430 6745,https://henribloem.nl/enschede/wijnkoperij-henri-bloem-enschede/,52.2329826,6.8872189,https://www.google.com/maps/place/Wijnkoperij+Henri+Bloem+Enschede/data=!4m7!3m6!1s0x47b813f7a8524765:0x9b104a8df528bcda!8m2!3d52.2329826!4d6.8872189!16s%2Fg%2F1tctqrf1!19sChIJZUdSqPcTuEcR2rwo9Y1KEJs?authuser=0&hl=nl&g_ep=EgoyMDI2MDkzMC4wIJJjKgBIAVAD&rclk=1
Big Bread Kitchen Twekkelerveld,Cafetaria,4.3,43,·€ 1-10,"G.J. van Heekstraat 237, 7521 EE Enschede",053 433 2194,http://www.bigbreadenschede.nl/,52.2294631,6.8588117,https://www.google.com/maps/place/Big+Bread+Kitchen+Twekkelerveld/data=!4m7!3m6!1s0x47b813c1a88eb527:0xeecbe1c61520cd6f!8m2!3d52.2294631!4d6.8588117!16s%2Fg%2F1vg_byfn!19sChIJJ7WOqMETuEcRb80gFcbhy-4?authuser=0&hl=nl&g_ep=EgoyMDI2MDkzMC4wIJJjKgBIAVAD&rclk=1
Suus Visspecialiteiten Roombeek,Viswinkel,4.6,46,,"Brouwerijstraat 220, 7523 XE Enschede",053 433 0647,http://www.suusvisspecialiteiten.nl/,52.2317745,6.891288,https://www.google.com/maps/place/Suus+Visspecialiteiten+Roombeek/data=!4m7!3m6!1s0x47b81409d6b7f955:0xf3c002ee73428122!8m2!3d52.2317745!4d6.891288!16s%2Fg%2F1hc1b56bh!19sChIJVfm31gkUuEcRIoFCc-4CwPM?authuser=0&hl=nl&g_ep=EgoyMDI2MDkzMC4wIJJjKgBIAVAD&rclk=1
Jumbo,Supermarkt,4.1,41,,"Brouwerijplein 55, 7523 MA Enschede",053 475 6160,http://www.jumbo.com/winkels/jumbo-enschede-brouwerijplein,52.23137,6.8913796,https://www.google.com/maps/place/Jumbo/data=!4m7!3m6!1s0x47b81409dc248657:0x84e38b47b7c7e7b4!8m2!3d52.23137!4d6.8913796!16s%2Fg%2F1td0xk0j!19sChIJV4Yk3AkUuEcRtOfHt0eL44Q?authuser=0&hl=nl&g_ep=EgoyMDI2MDkzMC4wIJJjKgBIAVAD&rclk=1
Caballeros 🇲🇽,Mexicaans restaurant,4.5,45,·€ 30-70,"Marktstraat 26, 7551 DV Hengelo",074 303 0293,http://www.restaurantcaballeros.nl/,52.2653312,6.7909583,https://www.google.com/maps/place/Caballeros+%F0%9F%87%B2%F0%9F%87%BD/data=!4m7!3m6!1s0x47b811e25a4ba9af:0x7e0ba33fa2ec3e1e!8m2!3d52.2653312!4d6.7909583!16s%2Fg%2F11b6ljf8ck!19sChIJr6lLWuIRuEcRHj7soj-jC34?authuser=0&hl=nl&g_ep=EgoyMDI2MDkzMC4wIJJjKgBIAVAD&rclk=1
Go Planet Parc,Bedrijvenpark,4.3,43,· €€,"Colosseum 72, 7521 PT Enschede",,https://www.go-planet.nl/,52.2392284,6.8332628,https://www.google.com/maps/place/Go+Planet+Parc/data=!4m7!3m6!1s0x47b8122d9eba4b37:0xa8f16e1b16c913f6!8m2!3d52.2392284!4d6.8332628!16s%2Fg%2F11hbt46435!19sChIJN0u6ni0SuEcR9hPJFhtu8ag?authuser=0&hl=nl&g_ep=EgoyMDI2MDkzMC4wIJJjKgBIAVAD&rclk=1
Kennispark Twente,Bedrijvenpark,4.6,46,,"Hengelosestraat 500, 7521 AN Enschede",053 483 6800,http://www.kennispark.nl/nl,52.2373961,6.8551278,https://www.google.com/maps/place/Kennispark+Twente/data=!4m7!3m6!1s0x47b813da389ae993:0xc95541ab898c82!8m2!3d52.2373961!4d6.8551278!16s%2Fg%2F1tvm1vd6!19sChIJk-maONoTuEcRgoyJq0FVyQA?authuser=0&hl=nl&g_ep=EgoyMDI2MDkzMC4wIJJjKgBIAVAD&rclk=1
Theatercafé Vrijhof,Restaurant,4.0,40,·€ 10-20,"Vrijhof, Promenade, 7522 NM Enschede",053 489 2380,https://www.utwente.nl/fb/diensten_abc/per_onderdeel/catering/vrijhof/,52.2431144,6.8535304,https://www.google.com/maps/place/Theatercaf%C3%A9+Vrijhof/data=!4m7!3m6!1s0x47b813d9f2a82765:0xa0cbe0a7afda6b07!8m2!3d52.2431144!4d6.8535304!16s%2Fg%2F12j3wt0w8!19sChIJZSeo8tkTuEcRB2var6fgy6A?authuser=0&hl=nl&g_ep=EgoyMDI2MDkzMC4wIJJjKgBIAVAD&rclk=1
Mensa,Restaurant,3.3,33,·€ 1-10,7522 NH Enschede,053 489 1010,https://www.utwente.nl/fb/diensten_abc/per_onderdeel/catering/studentrestaurant/,52.2383333,6.8566667,https://www.google.com/maps/place/Mensa/data=!4m7!3m6!1s0x47b813db6c000cb7:0xb2a4c4aa3190e62a!8m2!3d52.2383333!4d6.8566667!16s%2Fg%2F1hhgl3krk!19sChIJtwwAbNsTuEcRKuaQMarEpLI?authuser=0&hl=nl&g_ep=EgoyMDI2MDkzMC4wIJJjKgBIAVAD&rclk=1
U Parkhotel,,4.5,45,€ 99,"De Veldmaat 8, 7522 NM Enschede",053 433 1366,http://www.uparkhotel.nl/,52.2430232,6.8555314,https://www.google.com/maps/place/U+Parkhotel/data=!4m10!3m9!1s0x47b813c89a5f5b5d:0xb418abdfcf79aa17!5m2!4m1!1i2!8m2!3d52.2430232!4d6.8555314!16s%2Fg%2F11gynz4770!19sChIJXVtfmsgTuEcRF6p5z9-rGLQ?authuser=0&hl=nl&g_ep=EgoyMDI2MDkzMC4wIJJjKgBIAVAD&rclk=1
Enschede Kennispark,Treinstation,4.1,41,,7521 PM Enschede,,,52.23734,6.83894,https://www.google.com/maps/place/Enschede+Kennispark/data=!4m7!3m6!1s0x47b813cd66fc2d43:0x34f5d92274cd270a!8m2!3d52.23734!4d6.83894!16s%2Fm%2F051w1dh!19sChIJQy38Zs0TuEcRCifNdCLZ9TQ?authuser=0&hl=nl&g_ep=EgoyMDI2MDkzMC4wIJJjKgBIAVAD&rclk=1
Domino's Pizza Enschede Wesseler-Nering,Pizzeria,3.7,37,·€ 10-20,"Wesseler-Nering 19D, 7544 JB Enschede",053 210 0300,https://www.dominos.nl/?utm_source=google&utm_medium=local&utm_campaign=yext,52.1919012,6.8792514,https://www.google.com/maps/place/Domino%27s+Pizza+Enschede+Wesseler-Nering/data=!4m7!3m6!1s0x47b8130b015345b1:0x9a19f34ec4769cc!8m2!3d52.1919012!4d6.8792514!16s%2Fg%2F11g_rz_7g4!19sChIJsUVTAQsTuEcRzGlH7DSfoQk?authuser=0&hl=nl&g_ep=EgoyMDI2MDkzMC4wIJJjKgBIAVAD&rclk=1
Ochama Pickup Point NL Young＊s station,Aziatisch restaurant,4.3,30,,7511 JA Enschede,,https://www.ochama.com/,52.2218535,6.8928795,https://www.google.com/maps/place/Ochama+Pickup+Point+NL+Young%EF%BC%8As+station/data=!4m7!3m6!1s0x47b81474894cea01:0x89532b07615f4b49!8m2!3d52.2218535!4d6.8928795!16s%2Fg%2F11y4nd2db5!19sChIJAepMiXQUuEcRSUtfYQcrU4k?authuser=0&hl=nl&g_ep=EgoyMDI2MDkzMC4wIJJjKgBIAVAD&rclk=1
Tim-Nung Thai Streetfood,Snackbar,,,,"Tinsteden 36, 7547 TG Enschede",06 11432005,http://www.tim-nung.nl/,52.2139199,6.8129079,https://www.google.com/maps/place/Tim-Nung+Thai+Streetfood/data=!4m7!3m6!1s0x47b8139d3950de57:0x4942f4deefafd410!8m2!3d52.2139199!4d6.8129079!16s%2Fg%2F11gjj2ssft!19sChIJV95QOZ0TuEcRENSv7970Qkk?authuser=0&hl=nl&g_ep=EgoyMDI2MDkzMC4wIJJjKgBIAVAD&rclk=1
Kami Sushi: Restaurant Hengelo🍣,Sushirestaurant,4.5,45,·€ 40-50,"Drienerstraat 5, 7551 HJ Hengelo",074 853 1547,http://kamisushi.nl/,52.2647321,6.7956959,https://www.google.com/maps/place/Kami+Sushi:+Restaurant+Hengelo%F0%9F%8D%A3/data=!4m7!3m6!1s0x47b811e47ee966a9:0xc585e3b35682515!8m2!3d52.2647321!4d6.7956959!16s%2Fg%2F1hc2v7xh5!19sChIJqWbpfuQRuEcRFSVoNTteWAw?authuser=0&hl=nl&g_ep=EgoyMDI2MDkzMC4wIJJjKgBIAVAD&rclk=1
Domino's Pizza Enschede Stokhorst,Pizzeria,3.7,37,·€ 10-20,"Hortensiastraat 130, 7531 GX Enschede",053 210 2000,https://www.dominos.nl/?utm_source=google&utm_medium=local&utm_campaign=yext,52.2299649,6.9213121,https://www.google.com/maps/place/Domino%27s+Pizza+Enschede+Stokhorst/data=!4m7!3m6!1s0x47b8143c44cef3a1:0x83cb21618fca70d9!8m2!3d52.2299649!4d6.9213121!16s%2Fg%2F11dzth3y9f!19sChIJofPORDwUuEcR2XDKj2Ehy4M?authuser=0&hl=nl&g_ep=EgoyMDI2MDkzMC4wIJJjKgBIAVAD&rclk=1
Shoarma & Pizzeria Ninive,Europees restaurant,4.2,42,·€ 10-20,"Pastoor Geertmanstraat 4, 7535 BZ Enschede",053 434 0784,http://ninive.sitedish.shop/,52.2138679,6.9105593,https://www.google.com/maps/place/Shoarma+%26+Pizzeria+Ninive/data=!4m7!3m6!1s0x47b8146842f2450d:0xce3a36426ab1dc3!8m2!3d52.2138679!4d6.9105593!16s%2Fg%2F1tl0wf0q!19sChIJDUXyQmgUuEcRwx2rJmSj4ww?authuser=0&hl=nl&g_ep=EgoyMDI2MDkzMC4wIJJjKgBIAVAD&rclk=1
Marcook's Smokehouse & BBQ,Barbecuerestaurant,4.6,46,·€ 20-60,"Weerseloseweg 356, 7522 PT Enschede",053 433 0244,http://www.marcooks.nl/,52.2650411,6.8765944,https://www.google.com/maps/place/Marcook%27s+Smokehouse+%26+BBQ/data=!4m7!3m6!1s0x47b8144cca289cfd:0x775f8af87edc243e!8m2!3d52.2650411!4d6.8765944!16s%2Fg%2F11cm_n8y1_!19sChIJ_ZwoykwUuEcRPiTcfviKX3c?authuser=0&hl=nl&g_ep=EgoyMDI2MDkzMC4wIJJjKgBIAVAD&rclk=1
Stichting Kantine Sportcentrum Universiteit Twente,Sportcafé,4.4,44,·€ 1-10,"De Hems 20, 7522 NL Enschede",053 489 6839,http://www.sportkantine-ut.nl/,52.2441636,6.8505588,https://www.google.com/maps/place/Stichting+Kantine+Sportcentrum+Universiteit+Twente/data=!4m7!3m6!1s0x47b813d76baccac5:0xc570b196a5ebfb39!8m2!3d52.2441636!4d6.8505588!16s%2Fg%2F1tfgc9kt!19sChIJxcqsa9cTuEcROfvrpZaxcMU?authuser=0&hl=nl&g_ep=EgoyMDI2MDkzMC4wIJJjKgBIAVAD&rclk=1
Paviljoen 6,Restaurant,4.4,16,,"Dienstweg, 7522 ND Enschede",,,52.2393195,6.8527478,https://www.google.com/maps/place/Paviljoen+6/data=!4m7!3m6!1s0x47b813daf3aaa82d:0xbd0ad03755b10333!8m2!3d52.2393195!4d6.8527478!16s%2Fg%2F11t_sf5tvv!19sChIJLaiq89oTuEcRMwOxVTfQCr0?authuser=0&hl=nl&g_ep=EgoyMDI2MDkzMC4wIJJjKgBIAVAD&rclk=1
Het Theehuis,Restaurant,5.0,1,,"Minister de Savornin Lohmanlaan 15, 7522 AP Enschede",,https://www.stanislausatthepark.nl/,52.2289827,6.8843742,https://www.google.com/maps/place/Het+Theehuis/data=!4m7!3m6!1s0x47b8130d30a5b90d:0x1302e046f6700aa9!8m2!3d52.2289827!4d6.8843742!16s%2Fg%2F11vcr89cpt!19sChIJDbmlMA0TuEcRqQpw9kbgAhM?authuser=0&hl=nl&g_ep=EgoyMDI2MDkzMC4wIJJjKgBIAVAD&rclk=1
Broodje Nu bezorgservice,Broodjeswinkel,4.3,43,·€ 1-30,"De Klomp 105, 7511 DH Enschede",053 231 2891,https://broodjenu.nl/?utm_source=Google%20mijn%20bedrijf&utm_medium=Organic&utm_campaign=gmb,52.2200915,6.9025159,https://www.google.com/maps/place/Broodje+Nu+bezorgservice/data=!4m7!3m6!1s0x47b8147896ccc217:0x1c5ce40886d83a58!8m2!3d52.2200915!4d6.9025159!16s%2Fg%2F11b67mqw5m!19sChIJF8LMlngUuEcRWDrYhgjkXBw?authuser=0&hl=nl&g_ep=EgoyMDI2MDkzMC4wIJJjKgBIAVAD&rclk=1
ITC Restaurant,Restaurant,,,,"Hallenweg 8, 7522 NH Enschede",,,52.2379075,6.8542004,https://www.google.com/maps/place/ITC+Restaurant/data=!4m7!3m6!1s0x47b813005902da79:0xb37c3922e2058fb9!8m2!3d52.2379075!4d6.8542004!16s%2Fg%2F11p1cypghj!19sChIJedoCWQATuEcRuY8F4iI5fLM?authuser=0&hl=nl&g_ep=EgoyMDI2MDkzMC4wIJJjKgBIAVAD&rclk=1
Delicieux West (Tango Kip),Broodjeswinkel,4.5,45,·€ 1-20,"Westerval 30, 7545 MZ Enschede",053 432 7622,https://delicieuxbroodjesenschede.nl/,52.2188506,6.8682882,https://www.google.com/maps/place/Delicieux+West+%28Tango+Kip%29/data=!4m7!3m6!1s0x47b81391120dc2e3:0x3d3d17fa23cee7b9!8m2!3d52.2188506!4d6.8682882!16s%2Fg%2F1vk6y94m!19sChIJ48INEpETuEcRuefOI_oXPT0?authuser=0&hl=nl&g_ep=EgoyMDI2MDkzMC4wIJJjKgBIAVAD&rclk=1
Bakker Teunis / Supervlaai Enschede,Bakkerij,4.0,40,·€ 1-20,"Zonstraat 26, 7521 HH Enschede",053 432 9676,https://www.limburgiavlaai.nl/enschede,52.2287279,6.8592476,https://www.google.com/maps/place/Bakker+Teunis+%2F+Supervlaai+Enschede/data=!4m7!3m6!1s0x47b813c10091690f:0x1b15a7c814100d70!8m2!3d52.2287279!4d6.8592476!16s%2Fg%2F1thk_y7c!19sChIJD2mRAMETuEcRcA0QFMinFRs?authuser=0&hl=nl&g_ep=EgoyMDI2MDkzMC4wIJJjKgBIAVAD&rclk=1
Roadbode,Broodjeswinkel,4.6,46,·€ 1-10,"Palatijn 14, 7521 PN Enschede",06 11859209,http://www.roadbode.nl/,52.2385882,6.8434512,https://www.google.com/maps/place/Roadbode/data=!4m7!3m6!1s0x47b8132234665a93:0x686fe3f8c69c83d5!8m2!3d52.2385882!4d6.8434512!16s%2Fg%2F11r279hfj1!19sChIJk1pmNCITuEcR1YOcxvjjb2g?authuser=0&hl=nl&g_ep=EgoyMDI2MDkzMC4wIJJjKgBIAVAD&rclk=1
Sranang Taste,Restaurant,4.9,49,·€ 1-10,"Burgemeester van Veenlaan, 7543 AB Enschede",06 28888002,http://sranangtaste.nl/,52.2053261,6.8800066,https://www.google.com/maps/place/Sranang+Taste/data=!4m7!3m6!1s0x47b813edfd377059:0xad5ddf3c61eb5456!8m2!3d52.2053261!4d6.8800066!16s%2Fg%2F11ynytghz9!19sChIJWXA3_e0TuEcRVlTrYTzfXa0?authuser=0&hl=nl&g_ep=EgoyMDI2MDkzMC4wIJJjKgBIAVAD&rclk=1
Lunchroom Brood & Babbels,Lunchrestaurant,4.5,45,·€ 1-10,"Wethouder Nijhuisstraat 248, 7545 NR Enschede",053 234 0143,https://broodenbabbels.nl/,52.2105936,6.8632108,https://www.google.com/maps/place/Lunchroom+Brood+%26+Babbels/data=!4m7!3m6!1s0x47b813006685cefd:0xd9cc7d99cbef5cd3!8m2!3d52.2105936!4d6.8632108!16s%2Fg%2F11zf61fj5b!19sChIJ_c6FZgATuEcR01zvy5l9zNk?authuser=0&hl=nl&g_ep=EgoyMDI2MDkzMC4wIJJjKgBIAVAD&rclk=1
Hush,Broodjeswinkel,4.2,42,·€ 10-20,"Twekkeler Es 53, 7547 ST Enschede",088 134 4002,https://www.hush.nl/,52.2233409,6.8374762,https://www.google.com/maps/place/Hush/data=!4m7!3m6!1s0x47b813b46818c89d:0xfef3eeb9f0735e3c!8m2!3d52.2233409!4d6.8374762!16s%2Fg%2F1tj49k7d!19sChIJncgYaLQTuEcRPF5z8Lnu8_4?authuser=0&hl=nl&g_ep=EgoyMDI2MDkzMC4wIJJjKgBIAVAD&rclk=1
O'Learys Enschede,Restaurant,4.0,40,,"Colosseum 62, 7521 PT Enschede",053 850 4720,https://olearys.com/nl-nl/enschede/,52.2386955,6.8351555,https://www.google.com/maps/place/O%27Learys+Enschede/data=!4m7!3m6!1s0x47b813d284125a9d:0x9bbc3afdba15db07!8m2!3d52.2386955!4d6.8351555!16s%2Fg%2F11ntrz8zzl!19sChIJnVoShNITuEcRB9sVuv06vJs?authuser=0&hl=nl&g_ep=EgoyMDI2MDkzMC4wIJJjKgBIAVAD&rclk=1
Cafetaria De Zusjes,Cafetaria,3.9,39,·€ 10-20,"Haaksbergerstraat 508, 7545 GC Enschede",053 574 9739,https://www.cafetaria-dezusjes.nl/,52.2085766,6.8727626,https://www.google.com/maps/place/Cafetaria+De+Zusjes/data=!4m7!3m6!1s0x47b81300418714ed:0x2fddabfbbe744dac!8m2!3d52.2085766!4d6.8727626!16s%2Fg%2F11wtwmrsls!19sChIJ7RSHQQATuEcRrE10vvur3S8?authuser=0&hl=nl&g_ep=EgoyMDI2MDkzMC4wIJJjKgBIAVAD&rclk=1
Hollywood Entertainment Center Enschede,Midgetgolfbaan,,,,"Colosseum 72, 7521 PT Enschede",088 303 2853,https://hollywood.nl/enschede,52.2392284,6.8332628,https://www.google.com/maps/place/Hollywood+Entertainment+Center+Enschede/data=!4m7!3m6!1s0x47b81463bb343e75:0x27bd8696f54a1a3b!8m2!3d52.2392284!4d6.8332628!16s%2Fg%2F11b_3h369t!19sChIJdT40u2MUuEcROxpK9ZaGvSc?authuser=0&hl=nl&g_ep=EgoyMDI2MDkzMC4wIJJjKgBIAVAD&rclk=1
Maestro grill B.V.,Barbecuerestaurant,4.0,40,·€ 10-20,"Hendrik Smeltweg 9, 7541 XM Enschede",053 434 3925,http://www.maestrogrill.nl/,52.2099742,6.9008137,https://www.google.com/maps/place/Maestro+grill+B.V./data=!4m7!3m6!1s0x47b81464e48d6989:0xce3bbd3ed8c7fd90!8m2!3d52.2099742!4d6.9008137!16s%2Fg%2F1tdhkxff!19sChIJiWmN5GQUuEcRkP3H2D69O84?authuser=0&hl=nl&g_ep=EgoyMDI2MDkzMC4wIJJjKgBIAVAD&rclk=1
Frosty's Pokey Bowl - Bubble Ice Tea - Ice cream - IJssalon,Poke bar,4.3,43,·€ 1-10,"De Hems 10, 7522 NL Enschede",06 10138921,https://nlcompanies.org/details/frostys-pokey-bowl-bubble-ice-tea-ice-cream-ijssalon-ChIJhaU,52.2433953,6.8524083,https://www.google.com/maps/place/Frosty%27s+Pokey+Bowl+-+Bubble+Ice+Tea+-+Ice+cream+-+IJssalon/data=!4m7!3m6!1s0x47b813b0ac1ea585:0xbbe4d64c3b07cf1b!8m2!3d52.2433953!4d6.8524083!16s%2Fg%2F11s2k4s1d1!19sChIJhaUerLATuEcRG88HO0zW5Ls?authuser=0&hl=nl&g_ep=EgoyMDI2MDkzMC4wIJJjKgBIAVAD&rclk=1
Theetuin Driene,Koffiehuis,4.7,47,·€ 20-30,"Drienerschoolweg 11, 7552 PC Hengelo",06 14760088,http://www.theetuindriene.nl/,52.2559895,6.8368853,https://www.google.com/maps/place/Theetuin+Driene/data=!4m7!3m6!1s0x47b811a1adc7049b:0x69d843f00a262893!8m2!3d52.2559895!4d6.8368853!16s%2Fg%2F11mxpzgv5x!19sChIJmwTHraERuEcRkygmCvBD2Gk?authuser=0&hl=nl&g_ep=EgoyMDI2MDkzMC4wIJJjKgBIAVAD&rclk=1
Harry's foodbar,Restaurant,,,·€ 10-20,"Binnenhaven 50, 7547 BH Enschede",06 57436601,https://harrysfoodbar.nl/,52.2227784,6.8528256,https://www.google.com/maps/place/Harry%27s+foodbar/data=!4m7!3m6!1s0x47b81318011a967b:0x1728ad4c9b69084!8m2!3d52.2227784!4d6.8528256!16s%2Fg%2F11ym7pl76f!19sChIJe5YaARgTuEcRhJC2ydSKcgE?authuser=0&hl=nl&g_ep=EgoyMDI2MDkzMC4wIJJjKgBIAVAD&rclk=1
Habhab,Shoarma restaurant,4.3,43,·€ 1-10,"Het Bijvank 75, 7544 DA Enschede",053 478 7819,https://www.pizzeriahabhab.nl/#menu,52.1954302,6.8758347,https://www.google.com/maps/place/Habhab/data=!4m7!3m6!1s0x47b8134b52a09d2d:0xf0dd23466106ca45!8m2!3d52.1954302!4d6.8758347!16s%2Fg%2F11l73p9rx5!19sChIJLZ2gUksTuEcRRcoGYUYj3fA?authuser=0&hl=nl&g_ep=EgoyMDI2MDkzMC4wIJJjKgBIAVAD&rclk=1
Dutch premium grill @Home,Maaltijdbezorging,4.7,47,,"Janninksweg 58, 7513 DL Enschede",,http://www.dutchpg.nl/,52.2133793,6.87934,https://www.google.com/maps/place/Dutch+premium+grill+@Home/data=!4m7!3m6!1s0x47b8137d6b03d353:0xac333a3966bb3702!8m2!3d52.2133793!4d6.87934!16s%2Fg%2F11fct3zptx!19sChIJU9MDa30TuEcRAje7Zjk6M6w?authuser=0&hl=nl&g_ep=EgoyMDI2MDkzMC4wIJJjKgBIAVAD&rclk=1
Layali Beirut,Trouwlocatie,4.2,42,,"Twekkelerweg 327 A, 7554 SC Hengelo",06 17693399,,52.2447677,6.8074042,https://www.google.com/maps/place/Layali+Beirut/data=!4m7!3m6!1s0x47b81218d787ed31:0x3800f0bb9d5d2bd7!8m2!3d52.2447677!4d6.8074042!16s%2Fg%2F11c2njfh4k!19sChIJMe2H1xgSuEcR1ytdnbvwADg?authuser=0&hl=nl&g_ep=EgoyMDI2MDkzMC4wIJJjKgBIAVAD&rclk=1
Gazi Köşk,Haute-cuisinerestaurant,4.7,47,·€ 20-30,"Enscheder Str. 12, 48599 Gronau (Westfalen), Duitsland",+49 2562 9414665,https://gazikosk.de/,52.212236,7.0208938,https://www.google.com/maps/place/Gazi+K%C3%B6%C5%9Fk/data=!4m7!3m6!1s0x47b83f614be1a68d:0x390b3cb78c4b8baa!8m2!3d52.212236!4d7.0208938!16s%2Fg%2F11yqly31ky!19sChIJjabhS2E_uEcRqotLjLc8Czk?authuser=0&hl=nl&g_ep=EgoyMDI2MDkzMC4wIJJjKgBIAVAD&rclk=1
de Broodbode,Broodjeswinkel,4.5,45,·€ 10-20,"Brinkstraat 290, 7541 AV Enschede",053 879 5635,http://broodbode.nl/,52.2106952,6.9072655,https://www.google.com/maps/place/de+Broodbode/data=!4m7!3m6!1s0x47b8146642c4e145:0xcc708ed3057f71aa!8m2!3d52.2106952!4d6.9072655!16s%2Fg%2F1hc3qbbgh!19sChIJReHEQmYUuEcRqnF_BdOOcMw?authuser=0&hl=nl&g_ep=EgoyMDI2MDkzMC4wIJJjKgBIAVAD&rclk=1
Snackbar Excellent,Snackbar,4.5,45,·€ 1-10,"Gronausestraat 1076, 7534 AP Enschede",053 461 2728,,52.2154678,6.9682556,https://www.google.com/maps/place/Snackbar+Excellent/data=!4m7!3m6!1s0x47b815be1e2771cd:0xedebfe810070f7ae!8m2!3d52.2154678!4d6.9682556!16s%2Fg%2F1w0p4q32!19sChIJzXEnHr4VuEcRrvdwAIH-6-0?authuser=0&hl=nl&g_ep=EgoyMDI2MDkzMC4wIJJjKgBIAVAD&rclk=1
Café & Cafetaria 't Hoekje GLANERBRUG Bultsweg 192 7532XK ENSCHEDE,Café,4.5,45,·€ 10-20,"Bultsweg 192, 7532 XK Enschede",053 230 7611,https://nlbusa.org/details/caf-cafetaria-t-hoekje-glanerbrug-bultsweg-192-7532xk-enschede-ChIJD22,52.2208333,6.9644444,https://www.google.com/maps/place/Caf%C3%A9+%26+Cafetaria+%27t+Hoekje+GLANERBRUG+Bultsweg+192+7532XK+ENSCHEDE/data=!4m7!3m6!1s0x47b815c0bd9c6d0f:0xc4ebe0fb4981d878!8m2!3d52.2208333!4d6.9644444!16s%2Fg%2F1thzmzvp!19sChIJD22cvcAVuEcReNiBSfvg68Q?authuser=0&hl=nl&g_ep=EgoyMDI2MDkzMC4wIJJjKgBIAVAD&rclk=1
Cafetaria Marco,Cafetaria,4.0,40,·€ 10-20,"Lage Bothofstraat 179, 7533 AS Enschede",053 436 6168,https://www.cafetaria-marco.nl/,52.2241959,6.9111313,https://www.google.com/maps/place/Cafetaria+Marco/data=!4m7!3m6!1s0x47b8146daffb726f:0x49cb34f7ee8f619e!8m2!3d52.2241959!4d6.9111313!16s%2Fg%2F1tdk47m9!19sChIJb3L7r20UuEcRnmGP7vc0y0k?authuser=0&hl=nl&g_ep=EgoyMDI2MDkzMC4wIJJjKgBIAVAD&rclk=1
HogeBoekel Events,Familierestaurant,4.3,43,·€ 10-20,"Hoge Boekelerweg 410, 7532 RE Enschede",06 43439713,https://www.instagram.com/hogeboekel?igsi=MXJzamNrbGZleDg3NA==,52.2357013,6.9551056,https://www.google.com/maps/place/HogeBoekel+Events/data=!4m7!3m6!1s0x47b815d13c155555:0x8ba21fd8d45f912d!8m2!3d52.2357013!4d6.9551056!16s%2Fg%2F11j2yqf6vf!19sChIJVVUVPNEVuEcRLZFf1Ngfoos?authuser=0&hl=nl&g_ep=EgoyMDI2MDkzMC4wIJJjKgBIAVAD&rclk=1
Spice Road,Maaltijdbezorging,,,,"Clara Peeterslaan 9, 7545 BG Enschede",06 47205983,https://www.homemademeals.net/chefs/?locationId=123d5d30-2aa8-4cfb-855b-3fbd296b7bee,52.2151415,6.8551817,https://www.google.com/maps/place/Spice+Road/data=!4m7!3m6!1s0x47b81305dc07c723:0x930d53a64e0cfdc4!8m2!3d52.2151415!4d6.8551817!16s%2Fg%2F11vkcl0gtz!19sChIJI8cH3AUTuEcRxP0MTqZTDZM?authuser=0&hl=nl&g_ep=EgoyMDI2MDkzMC4wIJJjKgBIAVAD&rclk=1
De Vluchte,Bar,4.6,46,·€ 1-30,"Oldenzaalsestraat 153a, 7523 AA Enschede",06 23152124,http://www.devluchte.nl/,52.2281034,6.8994964,https://www.google.com/maps/place/De+Vluchte/data=!4m7!3m6!1s0x47b813c1ebbdf001:0x80fbdaffbfc00d7f!8m2!3d52.2281034!4d6.8994964!16s%2Fg%2F1tczjk6b!19sChIJAfC968ETuEcRfw3Av__a-4A?authuser=0&hl=nl&g_ep=EgoyMDI2MDkzMC4wIJJjKgBIAVAD&rclk=1
De Vestingbar,Bar,4.3,43,·€ 10-20,"Bastille, De Hems 10, 7522 NL Enschede",053 489 4530,https://www.vestingbar.nl/,52.242967,6.852284,https://www.google.com/maps/place/De+Vestingbar/data=!4m7!3m6!1s0x47b813da389ae993:0xb38b89d76ac699b!8m2!3d52.242967!4d6.852284!16s%2Fg%2F1w4f759_!19sChIJk-maONoTuEcRm2msdp24OAs?authuser=0&hl=nl&g_ep=EgoyMDI2MDkzMC4wIJJjKgBIAVAD&rclk=1
Bonte Bistro,Bistro,,,,"Blikkersmaatweg 15, 7546 RJ Enschede",053 428 3141,https://www.vallei53.nl/restaurant/,52.1795474,6.8303694,https://www.google.com/maps/place/Bonte+Bistro/data=!4m7!3m6!1s0x47b813213cae3179:0x6045c77472b80d13!8m2!3d52.1795474!4d6.8303694!16s%2Fg%2F11wb15rm9v!19sChIJeTGuPCETuEcREw24cnTHRWA?authuser=0&hl=nl&g_ep=EgoyMDI2MDkzMC4wIJJjKgBIAVAD&rclk=1
"Sus & So, Salades, Groenten en Fruit",Fruit- en groentewinkel,4.5,45,,"Rijnstraat 64 c, 7523 GH Enschede",053 820 0971,http://www.susensosalades.nl/,52.23946,6.8932638,"https://www.google.com/maps/place/Sus+%26+So,+Salades,+Groenten+en+Fruit/data=!4m7!3m6!1s0x47b814748c96a50d:0x91b66d451b71e228!8m2!3d52.23946!4d6.8932638!16s%2Fg%2F11c2j4s38w!19sChIJDaWWjHQUuEcRKOJxG0VttpE?authuser=0&hl=nl&g_ep=EgoyMDI2MDkzMC4wIJJjKgBIAVAD&rclk=1"
Le Pompidou,Restaurant,4.1,41,·€ 20-30,"Wesselerweg 13, 7544 RP Enschede",053 478 0666,http://www.lepompidou.nl/,52.1906289,6.8757809,https://www.google.com/maps/place/Le+Pompidou/data=!4m7!3m6!1s0x47b81363a862a8d1:0xfcf8d18ef39f77a!8m2!3d52.1906289!4d6.8757809!16s%2Fg%2F1thd0wth!19sChIJ0ahiqGMTuEcRevc57xiNzw8?authuser=0&hl=nl&g_ep=EgoyMDI2MDkzMC4wIJJjKgBIAVAD&rclk=1
Delicieux BV Zuid (Tango Kip),Broodjeswinkel,4.7,47,·€ 1-10,"Wesseler-Nering 3B, 7544 JA Enschede",053 303 2641,http://delicieuxbroodjesenschede.nl/,52.1919546,6.8803412,https://www.google.com/maps/place/Delicieux+BV+Zuid+%28Tango+Kip%29/data=!4m7!3m6!1s0x47b8150f51e9892d:0xfee39ab7fe0815ec!8m2!3d52.1919546!4d6.8803412!16s%2Fg%2F11vdx8slns!19sChIJLYnpUQ8VuEcR7BUI_rea4_4?authuser=0&hl=nl&g_ep=EgoyMDI2MDkzMC4wIJJjKgBIAVAD&rclk=1
Estelle’s Vis,Visrestaurant,4.7,47,·€ 1-10,"Spaansland 15, 7543 BE Enschede",06 28651220,http://www.estellesvis.com/,52.2035651,6.8930358,https://www.google.com/maps/place/Estelle%E2%80%99s+Vis/data=!4m7!3m6!1s0x47b815d92d51c4f5:0xf9c89fd919a04339!8m2!3d52.2035651!4d6.8930358!16s%2Fg%2F11svb9_vxj!19sChIJ9cRRLdkVuEcROUOgGdmfyPk?authuser=0&hl=nl&g_ep=EgoyMDI2MDkzMC4wIJJjKgBIAVAD&rclk=1
Forelderij,Restaurant,4.4,44,·€ 10-20,"Usselerrietweg 50, 7546 PE Enschede",053 428 2439,http://www.forelderij.nl/,52.1900183,6.8311709,https://www.google.com/maps/place/Forelderij/data=!4m7!3m6!1s0x47b8131eaedd30fd:0x77f46d27aebed00b!8m2!3d52.1900183!4d6.8311709!16s%2Fg%2F1v29b2g8!19sChIJ_TDdrh4TuEcRC9C-ridt9Hc?authuser=0&hl=nl&g_ep=EgoyMDI2MDkzMC4wIJJjKgBIAVAD&rclk=1
Poke bowls Enschede | Tousjee,Maaltijdbezorging,3.9,39,,"Eeftinksweg 31, 7541 WE Enschede",053 303 3014,https://www.tousjee.nl/,52.2084358,6.8923857,https://www.google.com/maps/place/Poke+bowls+Enschede+%7C+Tousjee/data=!4m7!3m6!1s0x47b815ce8bd4f6c5:0x418fb819494782f5!8m2!3d52.2084358!4d6.8923857!16s%2Fg%2F11j4jzb0lt!19sChIJxfbUi84VuEcR9YJHSRm4j0E?authuser=0&hl=nl&g_ep=EgoyMDI2MDkzMC4wIJJjKgBIAVAD&rclk=1
De Sushi Tent Enschede,,4.1,41,·€ 10-20,"Wesseler-Nering 2G, 7544 JA Enschede",053 303 2647,http://www.desushitent.nl/,52.1921059,6.8803566,https://www.google.com/maps/place/De+Sushi+Tent+Enschede/data=!4m7!3m6!1s0x47b815004513bfeb:0x5869b5cae3790823!8m2!3d52.1921059!4d6.8803566!16s%2Fg%2F11vwjyx588!19sChIJ678TRQAVuEcRIwh548q1aVg?authuser=0&hl=nl&g_ep=EgoyMDI2MDkzMC4wIJJjKgBIAVAD&rclk=1
Kippie Enschede,Grillwinkel,4.6,46,,"Wesseler-Nering 21A, 7544 JB Enschede",053 737 0037,https://www.kippie.nl/winkels/enschede,52.1918795,6.8789642,https://www.google.com/maps/place/Kippie+Enschede/data=!4m7!3m6!1s0x47b81361c532a115:0xae381d181246cd82!8m2!3d52.1918795!4d6.8789642!16s%2Fg%2F11fl7dth8m!19sChIJFaEyxWETuEcRgs1GEhgdOK4?authuser=0&hl=nl&g_ep=EgoyMDI2MDkzMC4wIJJjKgBIAVAD&rclk=1
Boerske Enschede,Hamburgerrestaurant,,,·€ 1-10,"Zuiderval 175, 7543 EZ Enschede",053 720 0160,https://boerske.nl/,52.2020864,6.8914344,https://www.google.com/maps/place/Boerske+Enschede/data=!4m7!3m6!1s0x47b8154d7242b2d1:0x95986227afdea18c!8m2!3d52.2020864!4d6.8914344!16s%2Fg%2F11rvb56mnb!19sChIJ0bJCck0VuEcRjKHerydimJU?authuser=0&hl=nl&g_ep=EgoyMDI2MDkzMC4wIJJjKgBIAVAD&rclk=1
De Brasserie Glanerbrug,,,,,"De Reulver 73, 7544 RT Enschede",,,52.1924268,6.8869918,https://www.google.com/maps/place/De+Brasserie+Glanerbrug/data=!4m7!3m6!1s0x47b8149caabfffff:0xbc5249982c131057!8m2!3d52.1924268!4d6.8869918!16s%2Fg%2F11fnwgypc2!19sChIJ__-_qpwUuEcRVxATLJhJUrw?authuser=0&hl=nl&g_ep=EgoyMDI2MDkzMC4wIJJjKgBIAVAD&rclk=1
Gastrovino Vaneker,Brasserie,4.4,44,·€ 1-50,"Veldhoflanden 5B, 7542 LA Enschede",053 476 8300,http://www.gastrovinovaneker.nl/,52.1934578,6.9010105,https://www.google.com/maps/place/Gastrovino+Vaneker/data=!4m7!3m6!1s0x47b8148e76239d35:0x8901b5326cfb480a!8m2!3d52.1934578!4d6.9010105!16s%2Fg%2F1tj1r4fm!19sChIJNZ0jdo4UuEcRCkj7bDK1AYk?authuser=0&hl=nl&g_ep=EgoyMDI2MDkzMC4wIJJjKgBIAVAD&rclk=1
Cafetaria 44,Cafetaria,5.0,50,·€ 1-10,"Het Bijvank 83, 7544 DA Enschede",053 230 0346,https://mylightspeed.app/AIRJAWGS/C-ordering/menu?utm_source=ig&utm_medium=social&utm_content=link_in_bio&fbclid=PAdGRleASQ77FleHRuA2FlbQIxMQBzcnRjBmFwcF9pZA8xMjQwMjQ1NzQyODc0MTQAAadM0suNsWmjxBwfxrg091w3griKOy_ioSKhnw655iyQLSDFzsSANEJjh13r7Q_aem_gC4bpyz82YABr6xMh_tGaw,52.1953934,6.8756678,https://www.google.com/maps/place/Cafetaria+44/data=!4m7!3m6!1s0x47b8130047bd5f47:0x3fcd51e9b63866c4!8m2!3d52.1953934!4d6.8756678!16s%2Fg%2F11z7jw1yxm!19sChIJR1-9RwATuEcRxGY4tulRzT8?authuser=0&hl=nl&g_ep=EgoyMDI2MDkzMC4wIJJjKgBIAVAD&rclk=1
Chitir Chicken,Kiprestaurant,4.1,41,·€ 10-20,"44, Wesseler-Nering, 7544 JC Enschede",053 478 8805,http://www.chitirchicken-enschede.nl/,52.1912887,6.8790732,https://www.google.com/maps/place/Chitir+Chicken/data=!4m7!3m6!1s0x47b8136290adccf1:0x6347c7e8fca6d9b5!8m2!3d52.1912887!4d6.8790732!16s%2Fg%2F11f2spds3h!19sChIJ8cytkGITuEcRtdmm_OjHR2M?authuser=0&hl=nl&g_ep=EgoyMDI2MDkzMC4wIJJjKgBIAVAD&rclk=1
Los Tacos Carnal (ONLY ONLINE ORDERS),Tacorestaurant,,,,"Oogstplein 52, 7545 HR Enschede",06 19536705,https://www.homemademeals.net/en/home,52.2123149,6.8652093,https://www.google.com/maps/place/Los+Tacos+Carnal+%28ONLY+ONLINE+ORDERS%29/data=!4m7!3m6!1s0x47b813e89b167895:0x8759df4574a15ed9!8m2!3d52.2123149!4d6.8652093!16s%2Fg%2F11vs9bwg51!19sChIJlXgWm-gTuEcR2V6hdEXfWYc?authuser=0&hl=nl&g_ep=EgoyMDI2MDkzMC4wIJJjKgBIAVAD&rclk=1
bij Jacob - eten | drinken | slapen,,4.5,45,€ 142,"Dorpsstraat 149, 7524 CH Enschede",053 433 6644,http://www.bij-jacob.nl/,52.250193,6.9111992,https://www.google.com/maps/place/bij+Jacob+-+eten+%7C+drinken+%7C+slapen/data=!4m10!3m9!1s0x47b8176c8be25ce1:0xad89bd67c7784c24!5m2!4m1!1i2!8m2!3d52.250193!4d6.9111992!16s%2Fg%2F11twv1rqnc!19sChIJ4Vzii2wXuEcRJEx4x2e9ia0?authuser=0&hl=nl&g_ep=EgoyMDI2MDkzMC4wIJJjKgBIAVAD&rclk=1
Restaurant Chill Glanerbrug,Restaurant,4.7,47,·€ 20-30,"Gronausestraat 1166A, 7534 AS Enschede",053 231 6611,http://www.chillglanerbrug.nl/,52.2150866,6.9728275,https://www.google.com/maps/place/Restaurant+Chill+Glanerbrug/data=!4m7!3m6!1s0x47b815ae63b07cff:0x662f7022c7c7c798!8m2!3d52.2150866!4d6.9728275!16s%2Fg%2F11fm78rzt1!19sChIJ_3ywY64VuEcRmMfHxyJwL2Y?authuser=0&hl=nl&g_ep=EgoyMDI2MDkzMC4wIJJjKgBIAVAD&rclk=1
Restaurant Dolphia,Familierestaurant,4.5,45,·€ 40-50,"Gronausestraat 664, 7534 AM Enschede",053 461 1309,http://www.restaurantdolphia.nl/,52.2169444,6.9422222,https://www.google.com/maps/place/Restaurant+Dolphia/data=!4m7!3m6!1s0x47b815b4b990bb6d:0x7b2c315454782fe9!8m2!3d52.2169444!4d6.9422222!16s%2Fg%2F11btm0f1k9!19sChIJbbuQubQVuEcR6S94VFQxLHs?authuser=0&hl=nl&g_ep=EgoyMDI2MDkzMC4wIJJjKgBIAVAD&rclk=1
Café De Zusjes,Café,4.8,48,·€ 10-20,"Gronausestraat 1319, 7534 AL Enschede",,https://nlcompanies.org/details/caf-de-zusjes-ChIJtWr,52.2153392,6.9753927,https://www.google.com/maps/place/Caf%C3%A9+De+Zusjes/data=!4m7!3m6!1s0x47b815127eec6ab5:0x95567b9114b9cb3!8m2!3d52.2153392!4d6.9753927!16s%2Fg%2F11ss23tt26!19sChIJtWrsfhIVuEcRs5xLEblnVQk?authuser=0&hl=nl&g_ep=EgoyMDI2MDkzMC4wIJJjKgBIAVAD&rclk=1
Eetcafe Kings,Belgisch restaurant,4.4,44,,"Gronausestraat 1180, 7534 AT Enschede",053 574 8905,https://www.facebook.com/profile.php?id=100069391999261,52.2150784,6.973939,https://www.google.com/maps/place/Eetcafe+Kings/data=!4m7!3m6!1s0x47b81594118a1085:0xe678a58b42504424!8m2!3d52.2150784!4d6.973939!16s%2Fg%2F11b6dvtq_5!19sChIJhRCKEZQVuEcRJERQQouleOY?authuser=0&hl=nl&g_ep=EgoyMDI2MDkzMC4wIJJjKgBIAVAD&rclk=1
Eduardo Pizza & Pasta,Pizzeria,4.8,48,·€ 10-20,"Ribbelerbrinkstraat 63, 7531 CB Enschede",053 574 4991,https://www.eduardo-pizzeria.nl/,52.2276869,6.9150455,https://www.google.com/maps/place/Eduardo+Pizza+%26+Pasta/data=!4m7!3m6!1s0x47b815009187b3bf:0xd36664f6aa60eb4d!8m2!3d52.2276869!4d6.9150455!16s%2Fg%2F11vy5tq_c7!19sChIJv7OHkQAVuEcRTetgqvZkZtM?authuser=0&hl=nl&g_ep=EgoyMDI2MDkzMC4wIJJjKgBIAVAD&rclk=1
IJssalon Bella Italia,Sundaerestaurant,4.2,42,·€ 1-10,"Gronausestraat 1180, 7534 AT Enschede",,https://amsterdambusi.org/details/ijssalon-bella-italia-ChIJhRC,52.2150616,6.9740395,https://www.google.com/maps/place/IJssalon+Bella+Italia/data=!4m7!3m6!1s0x47b81594118a1085:0x75dbcf380f3dd5e2!8m2!3d52.2150616!4d6.9740395!16s%2Fg%2F11b6dpcmtx!19sChIJhRCKEZQVuEcR4tU9DzjP23U?authuser=0&hl=nl&g_ep=EgoyMDI2MDkzMC4wIJJjKgBIAVAD&rclk=1
Asia Haus,Aziatisch restaurant,4.7,47,·€ 10-20,"Enscheder Str. 1, 48599 Gronau (Westfalen), Duitsland",+49 2562 816263,https://www.asiahouse-liefert.de/,52.2117538,7.0222179,https://www.google.com/maps/place/Asia+Haus/data=!4m7!3m6!1s0x47b83fbdcd9f4261:0xa5a2f4bbdc4edc78!8m2!3d52.2117538!4d7.0222179!16s%2Fg%2F11p9pgs45p!19sChIJYUKfzb0_uEcReNxO3Lv0oqU?authuser=0&hl=nl&g_ep=EgoyMDI2MDkzMC4wIJJjKgBIAVAD&rclk=1
Jumbo Glanerbrug Lochan,Supermarkt,4.2,42,,"Schoolstraat 60, 7534 CC Enschede",053 460 9060,https://www.jumbo.com/,52.212865,6.970179,https://www.google.com/maps/place/Jumbo+Glanerbrug+Lochan/data=!4m7!3m6!1s0x47b8159642c8d447:0x15acc627f285ff2a!8m2!3d52.212865!4d6.970179!16s%2Fg%2F1ptxqz5c9!19sChIJR9TIQpYVuEcRKv-F8ifGrBU?authuser=0&hl=nl&g_ep=EgoyMDI2MDkzMC4wIJJjKgBIAVAD&rclk=1
De Viszaak Glanerbrug,Viswinkel,4.3,43,,"Gronausestraat 1265, 7534 AJ Enschede",085 013 3246,http://www.deviszaak.nl/,52.2154729,6.9721659,https://www.google.com/maps/place/De+Viszaak+Glanerbrug/data=!4m7!3m6!1s0x47b8159449ffadc1:0x986011524a58faf5!8m2!3d52.2154729!4d6.9721659!16s%2Fg%2F1tf56z79!19sChIJwa3_SZQVuEcR9fpYSlIRYJg?authuser=0&hl=nl&g_ep=EgoyMDI2MDkzMC4wIJJjKgBIAVAD&rclk=1
Kyoto Sushi,Sushirestaurant,4.1,41,·€ 20-30,"Christiaan Langefeldstraat 11, 7558 CW Hengelo",06 38189038,https://www.kyotohengelo.nl/,52.2846482,6.827207,https://www.google.com/maps/place/Kyoto+Sushi/data=!4m7!3m6!1s0x47b811b6d1b8a1d3:0x701a22b6b9d84df0!8m2!3d52.2846482!4d6.827207!16s%2Fg%2F11cm_qxs4z!19sChIJ06G40bYRuEcR8E3YubYiGnA?authuser=0&hl=nl&g_ep=EgoyMDI2MDkzMC4wIJJjKgBIAVAD&rclk=1
Soralicious Sushi Hengelo,Sushi takeaway,3.6,36,·€ 10-20,"Uitslagsweg 93 17, 7556 LN Hengelo",074 203 2020,https://www.soralicioussushi.nl/,52.2767828,6.792848,https://www.google.com/maps/place/Soralicious+Sushi+Hengelo/data=!4m7!3m6!1s0x47b81190473d19a3:0x54871d56356fedca!8m2!3d52.2767828!4d6.792848!16s%2Fg%2F11y825d6__!19sChIJoxk9R5ARuEcRyu1vNVYdh1Q?authuser=0&hl=nl&g_ep=EgoyMDI2MDkzMC4wIJJjKgBIAVAD&rclk=1
New York Pizza,Pizza aan huis,3.7,37,·€ 10-20,"Esmarkelaan 12, 7534 JH Enschede",053 800 1020,https://www.newyorkpizza.nl/?store=110&utm_medium=organic&utm_source=GMBlisting,52.2163307,6.9508864,https://www.google.com/maps/place/New+York+Pizza/data=!4m7!3m6!1s0x47b815b6c5832fff:0x43e6c050a4521f93!8m2!3d52.2163307!4d6.9508864!16s%2Fg%2F12jst0ddk!19sChIJ_y-DxbYVuEcRkx9SpFDA5kM?authuser=0&hl=nl&g_ep=EgoyMDI2MDkzMC4wIJJjKgBIAVAD&rclk=1
Oonk Glanerbrug,Banketbakker,4.4,44,,"Gronausestraat 1219, 7534 AH Enschede",053 461 1256,https://www.oonk.nl/,52.215641,6.9701039,https://www.google.com/maps/place/Oonk+Glanerbrug/data=!4m7!3m6!1s0x47b81595c077d131:0xcfcd2a943429bed7!8m2!3d52.215641!4d6.9701039!16s%2Fg%2F1v8x17_9!19sChIJMdF3wJUVuEcR174pNJQqzc8?authuser=0&hl=nl&g_ep=EgoyMDI2MDkzMC4wIJJjKgBIAVAD&rclk=1
Olijfje helmerhoek,Maaltijdbezorging,3.4,34,"Nou, lekker dan. Je betaalt €30 voor een pizza en dan wordt deze zo bezorgd. Ik wil het nog niet eens hebben over de manier waarop er bij de intercom werd aangebeld. Voor mij is Olijfje vanaf nu klaar.","Kevelhamhoek 81, 7546 EN Enschede",053 478 1232,https://www.olijfje-helmerhoek.nl/,52.1935787,6.8559948,https://www.google.com/maps/place/Olijfje+helmerhoek/data=!4m7!3m6!1s0x47b8136d708d79cf:0x54d0a9d62c020b08!8m2!3d52.1935787!4d6.8559948!16s%2Fg%2F11btm55nfx!19sChIJz3mNcG0TuEcRCAsCLNap0FQ?authuser=0&hl=nl&g_ep=EgoyMDI2MDkzMC4wIJJjKgBIAVAD&rclk=1
Fat Kee,Chinees restaurant,3.4,34,·€ 10-20,"Burgemeester van Veenlaan 112, 7543 AB Enschede",053 476 9261,https://www.fatkee-enschede.nl/,52.2056692,6.8795223,https://www.google.com/maps/place/Fat+Kee/data=!4m7!3m6!1s0x47b81381ae31a74b:0x334ffee8c1f3c08b!8m2!3d52.2056692!4d6.8795223!16s%2Fg%2F1thq8yfm!19sChIJS6cxroETuEcRi8Dzwej-TzM?authuser=0&hl=nl&g_ep=EgoyMDI2MDkzMC4wIJJjKgBIAVAD&rclk=1
Restaurant Azië,Chinees restaurant,4.0,40,·€ 10-20,"Willem de Merodestraat 44, 7552 WZ Hengelo",074 250 2100,https://www.aziehengelo.nl/,52.262584,6.8224335,https://www.google.com/maps/place/Restaurant+Azi%C3%AB/data=!4m7!3m6!1s0x47b81191812a4a17:0x49ffaed6c12d40c7!8m2!3d52.262584!4d6.8224335!16s%2Fg%2F1tltlfyr!19sChIJF0oqgZERuEcRx0Atwdau_0k?authuser=0&hl=nl&g_ep=EgoyMDI2MDkzMC4wIJJjKgBIAVAD&rclk=1
Gronau 🇮🇳,Indiaas restaurant,4.7,47,·€ 10-20,"Gildehauser Str. 167, 48599 Gronau (Westfalen), Duitsland",+49 2562 8158185,http://curryhaus-gronau.de/,52.2219634,7.0416605,https://www.google.com/maps/place/Gronau+%F0%9F%87%AE%F0%9F%87%B3/data=!4m7!3m6!1s0x47b83fd3281c51df:0x501d228b7027e5ed!8m2!3d52.2219634!4d7.0416605!16s%2Fg%2F11jn0kdf31!19sChIJ31EcKNM_uEcR7eUncIsiHVA?authuser=0&hl=nl&g_ep=EgoyMDI2MDkzMC4wIJJjKgBIAVAD&rclk=1
Curry Fusion Hengelo: Bangladeshi-Indian-Asian Curries & Grill - Takeaway Catering Bezorgservice,Bengaals restaurant,4.5,45,·€ 10-20,"Castorweg 374, 7557 KV Hengelo",074 259 3999,https://www.curry-fusion.nl/,52.2734412,6.815366,https://www.google.com/maps/place/Curry+Fusion+Hengelo:+Bangladeshi-Indian-Asian+Curries+%26+Grill+-+Takeaway+Catering+Bezorgservice/data=!4m7!3m6!1s0x47b811c0502c8163:0x601cb79323b45a6e!8m2!3d52.2734412!4d6.815366!16s%2Fg%2F11gb40k2np!19sChIJY4EsUMARuEcRblq0I5O3HGA?authuser=0&hl=nl&g_ep=EgoyMDI2MDkzMC4wIJJjKgBIAVAD&rclk=1
Online,Winkel,4.5,45,,"Stadsgravenstraat 55, 7511 ER Enschede",,,52.2213205,6.8963958,https://www.google.com/maps/place/Online/data=!4m7!3m6!1s0x47b815e1fd271be3:0x355d4bd7110c01c!8m2!3d52.2213205!4d6.8963958!16s%2Fg%2F11lkj_nlfk!19sChIJ4xsn_eEVuEcRHMAQcb3UVQM?authuser=0&hl=nl&g_ep=EgoyMDI2MDkzMC4wIJJjKgBIAVAD&rclk=1
After party delicatessen,Turks restaurant,3.0,30,,"Turbinestraat 18, 7556 RB Hengelo",,https://www.thuisbezorgd.nl/menu/party-unieke-delegatie,52.2725781,6.7773155,https://www.google.com/maps/place/After+party+delicatessen/data=!4m7!3m6!1s0x47b80f007cc6136f:0x3ccdfa4213cbd453!8m2!3d52.2725781!4d6.7773155!16s%2Fg%2F11nthw7l77!19sChIJbxPGfAAPuEcRU9TLE0L6zTw?authuser=0&hl=nl&g_ep=EgoyMDI2MDkzMC4wIJJjKgBIAVAD&rclk=1
Byz,Snackbar,5.0,50,·€ 1-10,"Vereinsstraße 209, 48599 Gronau (Westfalen), Duitsland",+49 2562 8166155,https://www.byz-gronau.de/,52.2135526,7.0461587,https://www.google.com/maps/place/Byz/data=!4m7!3m6!1s0x47b83f53756634ed:0x9c65618e23992b1d!8m2!3d52.2135526!4d7.0461587!16s%2Fg%2F11ylf8br67!19sChIJ7TRmdVM_uEcRHSuZI45hZZw?authuser=0&hl=nl&g_ep=EgoyMDI2MDkzMC4wIJJjKgBIAVAD&rclk=1
Bahnhofsgrill Ocakbasi,Turks restaurant,4.4,44,·€ 1-10,"Bahnhofstraße 21, 48599 Gronau (Westfalen), Duitsland",+49 2562 8185181,https://www.bahnhofsgrill-gronau.de/,52.2130204,7.0229358,https://www.google.com/maps/place/Bahnhofsgrill+Ocakbasi/data=!4m7!3m6!1s0x47b83e409958aadd:0x82e96b728fe68b4b!8m2!3d52.2130204!4d7.0229358!16s%2Fg%2F1tctkwb7!19sChIJ3apYmUA-uEcRS4vmj3Jr6YI?authuser=0&hl=nl&g_ep=EgoyMDI2MDkzMC4wIJJjKgBIAVAD&rclk=1
SifirBir Kebab,Turks restaurant,4.7,47,·€ 10-20,"Tieker Damm 92, 48599 Gronau (Westfalen), Duitsland",+49 2562 7191399,,52.2273708,7.0391025,https://www.google.com/maps/place/SifirBir+Kebab/data=!4m7!3m6!1s0x47b83fb22be88711:0x52b8b7584ef06b43!8m2!3d52.2273708!4d7.0391025!16s%2Fg%2F11pglw9grz!19sChIJEYfoK7I_uEcRQ2vwTli3uFI?authuser=0&hl=nl&g_ep=EgoyMDI2MDkzMC4wIJJjKgBIAVAD&rclk=1
Afhaal Centrum Memoli,Turks restaurant,4.8,48,·€ 10-20,"Krabbenbosweg 25, 7555 EC Hengelo",074 243 1866,https://www.instagram.com/memoli.hengelo/,52.2610949,6.7795548,https://www.google.com/maps/place/Afhaal+Centrum+Memoli/data=!4m7!3m6!1s0x47b80e0496cc1555:0x8a6f3be8661ac9d6!8m2!3d52.2610949!4d6.7795548!16s%2Fg%2F1td4tb_m!19sChIJVRXMlgQOuEcR1skaZug7b4o?authuser=0&hl=nl&g_ep=EgoyMDI2MDkzMC4wIJJjKgBIAVAD&rclk=1
Steakhouse Glanerbrug:,,3.3,33,,"Tolstraat 25, 7534 CG Enschede",053 763 3722,,52.2138964,6.9744516,https://www.google.com/maps/place/Steakhouse+Glanerbrug:/data=!4m7!3m6!1s0x47b81596aa4e87e7:0x848233277934757d!8m2!3d52.2138964!4d6.9744516!16s%2Fg%2F11cn3vscqd!19sChIJ54dOqpYVuEcRfXU0eSczgoQ?authuser=0&hl=nl&g_ep=EgoyMDI2MDkzMC4wIJJjKgBIAVAD&rclk=1
Snackbar Bakhuus,Cafetaria,4.7,47,·€ 1-10,"Gronausestraat 1156, 7534 AS Glanerbrug",053 785 2636,https://bakhuusglanerbrug.nl/,52.2151629,6.9725211,https://www.google.com/maps/place/Snackbar+Bakhuus/data=!4m7!3m6!1s0x47b815b7e518c0cf:0x3a69573993c2ea9e!8m2!3d52.2151629!4d6.9725211!16s%2Fg%2F11srq7xjql!19sChIJz8AY5bcVuEcRnurCkzlXaTo?authuser=0&hl=nl&g_ep=EgoyMDI2MDkzMC4wIJJjKgBIAVAD&rclk=1
Glanerbrug,,4.6,46,,,,,52.2128876,6.9672559,https://www.google.com/maps/place/Glanerbrug/data=!4m7!3m6!1s0x47b815bfb408a57f:0x7eb2a19c0d13ee59!8m2!3d52.2128876!4d6.9672559!16zL20vMDQyazdi!19sChIJf6UItL8VuEcRWe4TDZyhsn4?authuser=0&hl=nl&g_ep=EgoyMDI2MDkzMC4wIJJjKgBIAVAD&rclk=1
Shell ten Thij,Tankstation,4.6,46,,"Gronausestraat 1000, 7534 AN Enschede",053 461 1625,https://www.shelltenthij.nl/,52.2157144,6.9641235,https://www.google.com/maps/place/Shell+ten+Thij/data=!4m7!3m6!1s0x47b815be8c345717:0xba2a78f72be70d33!8m2!3d52.2157144!4d6.9641235!16s%2Fg%2F1tf30gpg!19sChIJF1c0jL4VuEcRMw3nK_d4Kro?authuser=0&hl=nl&g_ep=EgoyMDI2MDkzMC4wIJJjKgBIAVAD&rclk=1
Zuivelhoeve Glanerbrug,Zuivelhandel,4.8,48,,"Gronausestraat 1108B, 7534 AR Enschede",053 461 7736,https://winkels.zuivelhoeve.nl/glanerbrug,52.215373,6.969801,https://www.google.com/maps/place/Zuivelhoeve+Glanerbrug/data=!4m7!3m6!1s0x47b81595ea572b95:0x210e4112132ca267!8m2!3d52.215373!4d6.969801!16s%2Fg%2F1hc4r7tkx!19sChIJlStX6pUVuEcRZ6IsExJBDiE?authuser=0&hl=nl&g_ep=EgoyMDI2MDkzMC4wIJJjKgBIAVAD&rclk=1
Casa de Tapas,Tapas restaurant,4.6,46,·€ 30-60,"Spoorstraat 16, 7491 CK Delden",074 234 0640,https://www.casadetapas.nl/,52.2610592,6.7098875,https://www.google.com/maps/place/Casa+de+Tapas/data=!4m7!3m6!1s0x47b80f931260952f:0xb8aec98096ee868e!8m2!3d52.2610592!4d6.7098875!16s%2Fg%2F11j6qwp24r!19sChIJL5VgEpMPuEcRjobuloDJrrg?authuser=0&hl=nl&g_ep=EgoyMDI2MDkzMC4wIJJjKgBIAVAD&rclk=1
Restaurant Cozy,Eclectisch restaurant,4.5,45,·€ 40-50,"Marskant 34, 7551 BW Hengelo",074 853 9262,https://www.restaurantcozy.nl/,52.2647065,6.7896324,https://www.google.com/maps/place/Restaurant+Cozy/data=!4m7!3m6!1s0x47b811e288856a63:0xf7bb6bfbbeaedcec!8m2!3d52.2647065!4d6.7896324!16s%2Fg%2F11hcfmbfw8!19sChIJY2qFiOIRuEcR7Nyuvvtru_c?authuser=0&hl=nl&g_ep=EgoyMDI2MDkzMC4wIJJjKgBIAVAD&rclk=1
Almhütte,Restaurant,4.6,46,·€ 30-40,"Lossersestraat 197, 7525 PE Enschede",053 435 4424,http://www.alm-hutte.nl/,52.2482941,6.9300138,https://www.google.com/maps/place/Almh%C3%BCtte/data=!4m7!3m6!1s0x47b8169c0c8bd715:0x88bc0d9885e031f6!8m2!3d52.2482941!4d6.9300138!16s%2Fg%2F11j8lnf535!19sChIJFdeLDJwWuEcR9jHghZgNvIg?authuser=0&hl=nl&g_ep=EgoyMDI2MDkzMC4wIJJjKgBIAVAD&rclk=1
Restaurant Lubna,Restaurant,4.9,49,·€ 20-60,"Weerseloseweg 370, 7522 PT Enschede",06 34682277,https://www.restaurantlubna.nl/,52.2650913,6.8677992,https://www.google.com/maps/place/Restaurant+Lubna/data=!4m7!3m6!1s0x47b811fae5404c45:0x8817fb0475c95815!8m2!3d52.2650913!4d6.8677992!16s%2Fg%2F11nthxf9rz!19sChIJRUxA5foRuEcRFVjJdQT7F4g?authuser=0&hl=nl&g_ep=EgoyMDI2MDkzMC4wIJJjKgBIAVAD&rclk=1
Versbakkerij Savonije Lonneker,Bakkerij,4.4,44,·€ 10-20,"Dorpsstraat 153, 7524 CH Enschede",053 435 5924,http://www.savonije.nl/,52.250463,6.911166,https://www.google.com/maps/place/Versbakkerij+Savonije+Lonneker/data=!4m7!3m6!1s0x47b816a5d02769e1:0xa79636c0c1fdb1bc!8m2!3d52.250463!4d6.911166!16s%2Fg%2F1tflwzfk!19sChIJ4Wkn0KUWuEcRvLH9wcA2lqc?authuser=0&hl=nl&g_ep=EgoyMDI2MDkzMC4wIJJjKgBIAVAD&rclk=1
Aroma Amoris,Aziatisch fusion-restaurant,4.9,49,,"Drienerstraat 25, 7551 HK Hengelo",074 357 9155,http://www.aromaamoris.nl/,52.2649613,6.7967085,https://www.google.com/maps/place/Aroma+Amoris/data=!4m7!3m6!1s0x47b811ae8602a205:0xddbfaae16282f838!8m2!3d52.2649613!4d6.7967085!16s%2Fg%2F11vf3mbk3r!19sChIJBaIChq4RuEcROPiCYuGqv90?authuser=0&hl=nl&g_ep=EgoyMDI2MDkzMC4wIJJjKgBIAVAD&rclk=1
bij Jacob - Boetiekhotel,,4.7,47,€ 141,"Dorpsstraat 149, 7524 CH Enschede",053 433 6644,http://www.bij-jacob.nl/,52.2501858,6.9112206,https://www.google.com/maps/place/bij+Jacob+-+Boetiekhotel/data=!4m10!3m9!1s0x47b81714717deaaf:0xda13df56d3fb3835!5m2!4m1!1i2!8m2!3d52.2501858!4d6.9112206!16s%2Fg%2F11tk6xjdxm!19sChIJr-p9cRQXuEcRNTj701bfE9o?authuser=0&hl=nl&g_ep=EgoyMDI2MDkzMC4wIJJjKgBIAVAD&rclk=1
The Tosti Club Lonneker,Broodjeswinkel,4.6,692,,"Scholten Reimerstraat 53, 7524 CR Enschede",053 430 3043,https://thetosticlub.nl/?utm_campaign=The+Tosti+Club+Lonneker&utm_content=774&utm_medium=Localistico&utm_source=google_gmb,52.2493825,6.9123347,https://www.google.com/maps/place/The+Tosti+Club+Lonneker/data=!4m7!3m6!1s0x47b817c89052b115:0x48ac6101264049d3!8m2!3d52.2493825!4d6.9123347!16s%2Fg%2F11svxdfs6s!19sChIJFbFSkMgXuEcR00lAJgFhrEg?authuser=0&hl=nl&g_ep=EgoyMDI2MDkzMC4wIJJjKgBIAVAD&rclk=1
Sprakel ijs&zo,IJssalon,4.3,43,"Vanmiddag 2 softijsjes gekocht voor veel geld en smakeloos €9,80 voor 2 medium ijsjes met caramel (wat meer aan de buitenkant zat dan op het ijsje) en een paar suikernootjes……. …","Dorpsstraat 137, 7524 CH Enschede",053 433 4340,https://sprakel.nl/ijssalon/,52.2497559,6.9109808,https://www.google.com/maps/place/Sprakel+ijs%26zo/data=!4m7!3m6!1s0x47b81795e9ec0c8f:0x22ebdd4f1dc206fd!8m2!3d52.2497559!4d6.9109808!16s%2Fg%2F11s1wnb631!19sChIJjwzs6ZUXuEcR_QbCHU_d6yI?authuser=0&hl=nl&g_ep=EgoyMDI2MDkzMC4wIJJjKgBIAVAD&rclk=1
Sprakel friet&zo,Cafetaria,3.5,35,"Ik vond het toch wel aan de prijs om eerlijk te zijn, 1 bakje patat met mayo,1 bamischijf zonder saus en 1 kipburger (gewoon wit broodje met wat sla en kipburger enz) en dat dan voor om en nabij de 17€.","Dorpsstraat 137, 7524 CH Enschede",053 433 4340,https://sprakel.nl/friet-en-zo/,52.249701,6.9109104,https://www.google.com/maps/place/Sprakel+friet%26zo/data=!4m7!3m6!1s0x47b817c64b9f73fd:0x64b7cd3d4b0b8d71!8m2!3d52.249701!4d6.9109104!16s%2Fg%2F11yfq00y67!19sChIJ_XOfS8YXuEcRcY0LSz3Nt2Q?authuser=0&hl=nl&g_ep=EgoyMDI2MDkzMC4wIJJjKgBIAVAD&rclk=1
Intenzo Italian Taste,Italiaans restaurant,4.4,44,·€ 30-90,"Enschedesestraat 7, 7551 EE Hengelo",074 291 2418,http://www.intenzo.nl/,52.2651637,6.7939878,https://www.google.com/maps/place/Intenzo+Italian+Taste/data=!4m7!3m6!1s0x47b811e3984ab005:0xca597dd4b3571eea!8m2!3d52.2651637!4d6.7939878!16s%2Fg%2F1tk_hsrr!19sChIJBbBKmOMRuEcR6h5Xs9R9Wco?authuser=0&hl=nl&g_ep=EgoyMDI2MDkzMC4wIJJjKgBIAVAD&rclk=1
SPAR Lonneker,Buurtsuper,,,,"Scholten Reimerstraat 53, 7524 CR Enschede",053 430 3043,https://www.spar.nl/winkels/spar-lonneker-774/?utm_campaign=SPAR+Lonneker&utm_content=774&utm_medium=Localistico&utm_source=google_gmb,52.2493825,6.9123347,https://www.google.com/maps/place/SPAR+Lonneker/data=!4m7!3m6!1s0x47b816a6868f830f:0x14f158dd746b1f3e!8m2!3d52.2493825!4d6.9123347!16s%2Fg%2F11b6d5wb55!19sChIJD4OPhqYWuEcRPh9rdN1Y8RQ?authuser=0&hl=nl&g_ep=EgoyMDI2MDkzMC4wIJJjKgBIAVAD&rclk=1
Sushi Foodtruck,Mobiele cateraar,,,,,085 333 2209,https://sushifoodtruck.nl/,52.1909763,5.2795551,https://www.google.com/maps/place/Sushi+Foodtruck/data=!4m7!3m6!1s0x4743c5cde3e5de93:0x5b3c3dfb5b92f985!8m2!3d52.1909763!4d5.2795551!16s%2Fg%2F11z2snl144!19sChIJk97l483FQ0cRhfmSW_s9PFs?authuser=0&hl=nl&g_ep=EgoyMDI2MDkzMC4wIJJjKgBIAVAD&rclk=1
I Love Sushi Hengelo,Sushi takeaway,3.6,36,·€ 10-50,"Willem de Merodestraat 100, 7552 WZ Hengelo",074 303 2904,https://ilovesushi.nl/location/i-love-sushi-hengelo/,52.2628598,6.8208477,https://www.google.com/maps/place/I+Love+Sushi+Hengelo/data=!4m7!3m6!1s0x47b8116ac29e0ee7:0x27df419c4bddd640!8m2!3d52.2628598!4d6.8208477!16s%2Fg%2F11q3csrfgd!19sChIJ5w6ewmoRuEcRQNbdS5xB3yc?authuser=0&hl=nl&g_ep=EgoyMDI2MDkzMC4wIJJjKgBIAVAD&rclk=1
Uvape,Winkel,4.7,47,,"Drienerstraat 15, 7551 HJ Hengelo",074 853 8599,https://esigaretonline.nl/,52.2648256,6.7961523,https://www.google.com/maps/place/Uvape/data=!4m7!3m6!1s0x47b811e47c82e9af:0xf971140124ea1a6d!8m2!3d52.2648256!4d6.7961523!16s%2Fg%2F11b6v0yqx8!19sChIJr-mCfOQRuEcRbRrqJAEUcfk?authuser=0&hl=nl&g_ep=EgoyMDI2MDkzMC4wIJJjKgBIAVAD&rclk=1
Enschede,Kiprestaurant,5.0,50,,"Hendrik Jan van Heekplein 103, 7511 HN Enschede",,,52.2174836,6.8976964,https://www.google.com/maps/place/Enschede/data=!4m7!3m6!1s0x47b8150070aaff59:0x23feb37a99970d78!8m2!3d52.2174836!4d6.8976964!16s%2Fg%2F11z479htrc!19sChIJWf-qcAAVuEcReA2XmXqz_iM?authuser=0&hl=nl&g_ep=EgoyMDI2MDkzMC4wIJJjKgBIAVAD&rclk=1
China Paleis,Chinees restaurant,4.4,44,·€ 10-20,"Josef Haydnlaan 52, 7557 CT Hengelo",074 250 6518,https://chinapaleis-hengelo.nl/,52.2707098,6.8166264,https://www.google.com/maps/place/China+Paleis/data=!4m7!3m6!1s0x47b811eaafe827b3:0xaf12c5b0d3f566f7!8m2!3d52.2707098!4d6.8166264!16s%2Fg%2F1tj90mc2!19sChIJsyfor-oRuEcR92b107DFEq8?authuser=0&hl=nl&g_ep=EgoyMDI2MDkzMC4wIJJjKgBIAVAD&rclk=1
The Bombay Spice,Indiaas restaurant,4.4,44,·€ 30-40,"Wemenstraat 59, 7551 EW Hengelo",074 243 3669,http://bombayspice.nl/,52.2668907,6.7949362,https://www.google.com/maps/place/The+Bombay+Spice/data=!4m7!3m6!1s0x47b811e3e47e1bcb:0xf76fe94f9385801b!8m2!3d52.2668907!4d6.7949362!16s%2Fg%2F1tdmtpy6!19sChIJyxt-5OMRuEcRG4CFk0_pb_c?authuser=0&hl=nl&g_ep=EgoyMDI2MDkzMC4wIJJjKgBIAVAD&rclk=1
Lili's Eetcafe,Eclectisch restaurant,4.9,49,·€ 40-50,"Marktstraat 24, 7551 DV Hengelo",,https://www.liliseetcafe.nl/,52.2651621,6.791299,https://www.google.com/maps/place/Lili%27s+Eetcafe/data=!4m7!3m6!1s0x47b811be3434933f:0x787c55e8ddc6d187!8m2!3d52.2651621!4d6.791299!16s%2Fg%2F11yrxnytpk!19sChIJP5M0NL4RuEcRh9HG3ehVfHg?authuser=0&hl=nl&g_ep=EgoyMDI2MDkzMC4wIJJjKgBIAVAD&rclk=1
Grieks Restaurant Delphi 🇬🇷,Grieks restaurant,4.6,46,·€ 20-50,"Drienerstraat 12, 7551 HG Hengelo",074 291 0495,http://www.delphihengelo.nl/,52.2647666,6.7965734,https://www.google.com/maps/place/Grieks+Restaurant+Delphi+%F0%9F%87%AC%F0%9F%87%B7/data=!4m7!3m6!1s0x47b811e4639b7f43:0x5619c7bdda08b4ec!8m2!3d52.2647666!4d6.7965734!16s%2Fg%2F1tczjk65!19sChIJQ3-bY-QRuEcR7LQI2r3HGVY?authuser=0&hl=nl&g_ep=EgoyMDI2MDkzMC4wIJJjKgBIAVAD&rclk=1
Restaurant Hisar,Turks restaurant,4.0,40,·€ 10-20,"Burgemeester Jansenplein 50-54, 7551 ED Hengelo",074 243 8616,http://www.restauranthisar.nl/,52.2656378,6.791358,https://www.google.com/maps/place/Restaurant+Hisar/data=!4m7!3m6!1s0x47b811e245869afd:0x7af306cbbc6bd806!8m2!3d52.2656378!4d6.791358!16s%2Fg%2F1tslht6z!19sChIJ_ZqGReIRuEcRBthrvMsG83o?authuser=0&hl=nl&g_ep=EgoyMDI2MDkzMC4wIJJjKgBIAVAD&rclk=1
Istanbul Grill 🇹🇷,Turks restaurant,4.0,40,·€ 10-20,"Meijersweg 1, 7553 AX Hengelo",074 242 4575,https://istanbulgrill.nl/,52.2560461,6.7845345,https://www.google.com/maps/place/Istanbul+Grill+%F0%9F%87%B9%F0%9F%87%B7/data=!4m7!3m6!1s0x47b80e0195ad5d17:0x21b60bce6606898c!8m2!3d52.2560461!4d6.7845345!16s%2Fg%2F1tgh6n48!19sChIJF12tlQEOuEcRjIkGZs4LtiE?authuser=0&hl=nl&g_ep=EgoyMDI2MDkzMC4wIJJjKgBIAVAD&rclk=1
Ikram Restaurant 🇹🇷,Turks restaurant,4.4,44,·€ 20-30,"Industriestraat 59, 7553 CL Hengelo",074 349 1059,https://ikramhengelo.nl/,52.2562638,6.7866955,https://www.google.com/maps/place/Ikram+Restaurant+%F0%9F%87%B9%F0%9F%87%B7/data=!4m7!3m6!1s0x47b872beb31d909f:0xf4e0b617fa43ccf0!8m2!3d52.2562638!4d6.7866955!16s%2Fg%2F1td52j45!19sChIJn5Ads75yuEcR8MxD-he24PQ?authuser=0&hl=nl&g_ep=EgoyMDI2MDkzMC4wIJJjKgBIAVAD&rclk=1
Oesta Döner,Döner kebab-restaurant,4.7,47,·€ 10-20,"Stationsplein 71, 7551 CR Hengelo",06 11442399,https://oestahengelo.nl/,52.2626529,6.7943234,https://www.google.com/maps/place/Oesta+D%C3%B6ner/data=!4m7!3m6!1s0x47b811efbd1f2bc1:0xd30de1df74a47a8a!8m2!3d52.2626529!4d6.7943234!16s%2Fg%2F11sf6kt9qy!19sChIJwSsfve8RuEcRinqkdN_hDdM?authuser=0&hl=nl&g_ep=EgoyMDI2MDkzMC4wIJJjKgBIAVAD&rclk=1
Best Mangal Hengelo,Barbecuerestaurant,3.7,37,·€ 10-20,"Industriestraat 61, 7553 CL Hengelo",074 205 1345,https://bestmangalhengelo.foodticket.nl/foodticket/cgi/bestel.cgi,52.2562128,6.7866858,https://www.google.com/maps/place/Best+Mangal+Hengelo/data=!4m7!3m6!1s0x47b80f9aebf4c235:0x3ef2f443c9c8e9f0!8m2!3d52.2562128!4d6.7866858!16s%2Fg%2F11g0kbsxqv!19sChIJNcL065oPuEcR8OnIyUP08j4?authuser=0&hl=nl&g_ep=EgoyMDI2MDkzMC4wIJJjKgBIAVAD&rclk=1
Dönerix Hengelo,Kebabzaak,3.7,37,·€ 10-20,"Burgemeester Jansenplein 44, 7551 ED Hengelo",074 243 0249,https://www.donerix074.nl/,52.2656279,6.7914944,https://www.google.com/maps/place/D%C3%B6nerix+Hengelo/data=!4m7!3m6!1s0x47b811e24f9932a3:0x51613d14cbc460d5!8m2!3d52.2656279!4d6.7914944!16s%2Fg%2F11btmqkmhq!19sChIJozKZT-IRuEcR1WDEyxQ9YVE?authuser=0&hl=nl&g_ep=EgoyMDI2MDkzMC4wIJJjKgBIAVAD&rclk=1
Steakhouse Royal Argentina,Maaltijdbezorging,,,,"Oldenzaalsestraat 1045, 7524 RJ Enschede",053 430 1541,https://www.royalargentina.nl/,52.264436,6.9227681,https://www.google.com/maps/place/Steakhouse+Royal+Argentina/data=!4m7!3m6!1s0x47b8170eead6de1d:0xd0a1ee11cbba359b!8m2!3d52.264436!4d6.9227681!16s%2Fg%2F11zz3wqzgp!19sChIJHd7W6g4XuEcRmzW6yxHuodA?authuser=0&hl=nl&g_ep=EgoyMDI2MDkzMC4wIJJjKgBIAVAD&rclk=1
Bar Bistro Loev Hengelo,Restaurant,4.5,45,·€ 30-70,"Burgemeester Jansenplein 40, 7551 ED Hengelo",074 303 2912,http://www.loev.nl/,52.2655721,6.7915903,https://www.google.com/maps/place/Bar+Bistro+Loev+Hengelo/data=!4m7!3m6!1s0x47b811be487cc301:0x8f3477e21a3e60d5!8m2!3d52.2655721!4d6.7915903!16s%2Fg%2F11ft_fbr7h!19sChIJAcN8SL4RuEcR1WA-GuJ3NI8?authuser=0&hl=nl&g_ep=EgoyMDI2MDkzMC4wIJJjKgBIAVAD&rclk=1
Cafe de Knallende Knuppel,Bar,4.5,45,,"Lonneker Molenweg 125, 7525 PB Enschede",,,52.2499057,6.9268551,https://www.google.com/maps/place/Cafe+de+Knallende+Knuppel/data=!4m7!3m6!1s0x47b8170043f1fd49:0x2d067e0e3e4aa1b0!8m2!3d52.2499057!4d6.9268551!16s%2Fg%2F11zx26vzz3!19sChIJSf3xQwAXuEcRsKFKPg5-Bi0?authuser=0&hl=nl&g_ep=EgoyMDI2MDkzMC4wIJJjKgBIAVAD&rclk=1
Theehuis Sprakel in 't Bos,Traditioneel theehuis,4.1,41,·€ 20-30,"Overmaatweg 45, 7524 DH Enschede",053 230 0145,https://www.theehuissprakelinhetbos.nl/,52.2461169,6.897471,https://www.google.com/maps/place/Theehuis+Sprakel+in+%27t+Bos/data=!4m7!3m6!1s0x47b8179481a5e4bd:0x633d8557af25a77!8m2!3d52.2461169!4d6.897471!16s%2Fg%2F11x7n4nxxz!19sChIJveSlgZQXuEcRd1ryelXYMwY?authuser=0&hl=nl&g_ep=EgoyMDI2MDkzMC4wIJJjKgBIAVAD&rclk=1
Restaurant 't Sybrook,Restaurant,3.5,35,,"Veendijk 100, 7525 PZ Enschede",0541 530 331,https://www.golfenophetrijk.nl/restaurant/sybrook/restaurant.html,52.2738328,6.9337018,https://www.google.com/maps/place/Restaurant+%27t+Sybrook/data=!4m7!3m6!1s0x47b817641c62183f:0x30c2b4b64d531390!8m2!3d52.2738328!4d6.9337018!16s%2Fg%2F11xgyq5pt5!19sChIJPxhiHGQXuEcRkBNTTba0wjA?authuser=0&hl=nl&g_ep=EgoyMDI2MDkzMC4wIJJjKgBIAVAD&rclk=1
Lonneker,,4.0,40,,,,,52.2498317,6.9154762,https://www.google.com/maps/place/Lonneker/data=!4m7!3m6!1s0x47b816a4c43f1239:0x5cc6bace880c0e49!8m2!3d52.2498317!4d6.9154762!16s%2Fm%2F028425n!19sChIJORI_xKQWuEcRSQ4MiM66xlw?authuser=0&hl=nl&g_ep=EgoyMDI2MDkzMC4wIJJjKgBIAVAD&rclk=1
Luc's Burgers,Hamburgerrestaurant,3.4,34,·€ 10-20,"Zuiderhagen 14a, 7511 GL Enschede",053 573 8844,https://www.lucsburgers.nl/,52.2202749,6.8933521,https://www.google.com/maps/place/Luc%27s+Burgers/data=!4m7!3m6!1s0x47b81535424a222f:0xd3aa3819ae700e37!8m2!3d52.2202749!4d6.8933521!16s%2Fg%2F11h1rjykz0!19sChIJLyJKQjUVuEcRNw5wrhk4qtM?authuser=0&hl=nl&g_ep=EgoyMDI2MDkzMC4wIJJjKgBIAVAD&rclk=1
TinQ ⛽,Tankstation,3.6,36,,"Oldenzaalsestraat 726, 7524 AG Enschede",0341 439 000,https://www.tinq.nl/,52.249139,6.916047,https://www.google.com/maps/place/TinQ+%E2%9B%BD/data=!4m7!3m6!1s0x47b816a15a507527:0xe5db10457c828b00!8m2!3d52.249139!4d6.916047!16s%2Fg%2F11dyz8yn23!19sChIJJ3VQWqEWuEcRAIuCfEUQ2-U?authuser=0&hl=nl&g_ep=EgoyMDI2MDkzMC4wIJJjKgBIAVAD&rclk=1
Wiefkers ijs - Enschede,IJssalon,5.0,50,,"Wiefkerweg, 7524 PX Enschede",06 83811732,https://www.wiefkersijs.nl/,52.2610978,6.903135,https://www.google.com/maps/place/Wiefkers+ijs+-+Enschede/data=!4m7!3m6!1s0x47b817a6ed6274dd:0xdb55f7a7868dd8bd!8m2!3d52.2610978!4d6.903135!16s%2Fg%2F11vx39ytjb!19sChIJ3XRi7aYXuEcRvdiNhqf3Vds?authuser=0&hl=nl&g_ep=EgoyMDI2MDkzMC4wIJJjKgBIAVAD&rclk=1
Douwe Egberts Café,Espressobar,4.1,41,,"Pijpenstraat 4, 7511 GM Enschede",053 203 2096,http://decafes.nl/,52.2194886,6.894218,https://www.google.com/maps/place/Douwe+Egberts+Caf%C3%A9/data=!4m7!3m6!1s0x47b815c445e604e1:0x7183de1ab2aab90e!8m2!3d52.2194886!4d6.894218!16s%2Fg%2F11pdwg9dcq!19sChIJ4QTmRcQVuEcRDrmqshreg3E?authuser=0&hl=nl&g_ep=EgoyMDI2MDkzMC4wIJJjKgBIAVAD&rclk=1
FOMO sandwich bar,Broodjeswinkel,4.8,48,,"Korte Hengelosestraat 22, 7511 JB Enschede",06 45110025,https://fomosandwichbar.nl/,52.2220599,6.8931286,https://www.google.com/maps/place/FOMO+sandwich+bar/data=!4m7!3m6!1s0x47b815a1219999d5:0x3373e8973f439276!8m2!3d52.2220599!4d6.8931286!16s%2Fg%2F11yt8k1sp1!19sChIJ1ZmZIaEVuEcRdpJDP5foczM?authuser=0&hl=nl&g_ep=EgoyMDI2MDkzMC4wIJJjKgBIAVAD&rclk=1
DSR food Enschede,Catering,4.8,48,,"Josink Esweg 9, 7545 PN Enschede",06 52112205,http://www.dsrfood.nl/,52.217619,6.8509144,https://www.google.com/maps/place/DSR+food+Enschede/data=!4m7!3m6!1s0x47b8136b7926bf63:0xdedd5b74326c7ebc!8m2!3d52.217619!4d6.8509144!16s%2Fg%2F1tcxc8gd!19sChIJY78meWsTuEcRvH5sMnRb3d4?authuser=0&hl=nl&g_ep=EgoyMDI2MDkzMC4wIJJjKgBIAVAD&rclk=1
De Heren Catering en Events,Cateringgroothandel in voeding en dranken,5.0,50,,"Marssteden 128, 7547 TD Enschede",06 51427253,http://www.deherencatering.nl/?utm_source=Google-mijn-bedrijf&utm_medium=Organic&utm_campaign=gmb-profiel,52.2163171,6.8211207,https://www.google.com/maps/place/De+Heren+Catering+en+Events/data=!4m7!3m6!1s0x47b8159a5f4853bd:0xfc10e8dfc1895f9c!8m2!3d52.2163171!4d6.8211207!16s%2Fg%2F11j2p308d9!19sChIJvVNIX5oVuEcRnF-Jwd_oEPw?authuser=0&hl=nl&g_ep=EgoyMDI2MDkzMC4wIJJjKgBIAVAD&rclk=1
Mams Catering,Catering,4.5,45,,"Elferinksweg 87, 7545 KB Enschede",06 27535470,http://mamscatering.nl/,52.2146455,6.8684083,https://www.google.com/maps/place/Mams+Catering/data=!4m7!3m6!1s0x47b8139a7e8f89bd:0x3d84da58a8ccd752!8m2!3d52.2146455!4d6.8684083!16s%2Fg%2F1tp0crkk!19sChIJvYmPfpoTuEcRUtfMqFjahD0?authuser=0&hl=nl&g_ep=EgoyMDI2MDkzMC4wIJJjKgBIAVAD&rclk=1
Streekwinkel Hannink's Dientje,Sundaerestaurant,4.5,45,,"Usselerhofweg 5, 7548 RZ Enschede",053 200 5681,https://hanninkshof.nl/streekwinkel-hanninks-dientje/,52.2030668,6.8329275,https://www.google.com/maps/place/Streekwinkel+Hannink%27s+Dientje/data=!4m7!3m6!1s0x47b813f810450953:0xdb9b19edd15fc802!8m2!3d52.2030668!4d6.8329275!16s%2Fg%2F11t28d2jyj!19sChIJUwlFEPgTuEcRAshf0e0Zm9s?authuser=0&hl=nl&g_ep=EgoyMDI2MDkzMC4wIJJjKgBIAVAD&rclk=1
Holland Casino Enschede,Casino,4.1,41,,"Koningstraat 8, 7512 KZ Enschede",088 090 0500,https://hc.nl/vestigingen/enschede,52.2179312,6.8943626,https://www.google.com/maps/place/Holland+Casino+Enschede/data=!4m7!3m6!1s0x47b8146e3f2922bb:0x2847f71f229547c9!8m2!3d52.2179312!4d6.8943626!16s%2Fg%2F1tc_7x2z!19sChIJuyIpP24UuEcRyUeVIh_3Ryg?authuser=0&hl=nl&g_ep=EgoyMDI2MDkzMC4wIJJjKgBIAVAD&rclk=1
Café Rocks,Café,4.7,47,,"Hofstraat 3, 7511 HD Enschede",053 430 9609,https://www.caferocks.nl/,52.2198756,6.8963508,https://www.google.com/maps/place/Caf%C3%A9+Rocks/data=!4m7!3m6!1s0x47b81473c7a4ecb1:0x44d529ea169da827!8m2!3d52.2198756!4d6.8963508!16s%2Fg%2F1tdjw2qp!19sChIJseykx3MUuEcRJ6idFuop1UQ?authuser=0&hl=nl&g_ep=EgoyMDI2MDkzMC4wIJJjKgBIAVAD&rclk=1
Bakker Bart Enschede,Broodjeswinkel,3.9,39,,"Langestraat 14, 7511 HC Enschede",053 820 0933,https://www.bakkerbart.nl/vestigingen/bestellen-bij-bakker-bart-enschede?&utm_source=GMB&utm_medium=Organic&utm_campaign=Website,52.2196383,6.8981164,https://www.google.com/maps/place/Bakker+Bart+Enschede/data=!4m7!3m6!1s0x47b81472376fb01b:0xa4713dd6368b476d!8m2!3d52.2196383!4d6.8981164!16s%2Fg%2F11c1wwq4rp!19sChIJG7BvN3IUuEcRbUeLNtY9caQ?authuser=0&hl=nl&g_ep=EgoyMDI2MDkzMC4wIJJjKgBIAVAD&rclk=1
Coffeeshop The Black Sea,Cannabiswinkel,4.7,47,,"Stadsgravenstraat 8, 7511 ES Enschede",,https://theblacksea.nl/,52.2212448,6.8943991,https://www.google.com/maps/place/Coffeeshop+The+Black+Sea/data=!4m7!3m6!1s0x47b81473808eee1d:0xef939af9df11d265!8m2!3d52.2212448!4d6.8943991!16s%2Fg%2F1tgprpwc!19sChIJHe6OgHMUuEcRZdIR3_mak-8?authuser=0&hl=nl&g_ep=EgoyMDI2MDkzMC4wIJJjKgBIAVAD&rclk=1
Café Mix,Cannabiswinkel,4.6,46,,"Haverstraatpassage 44-46, 7511 EM Enschede",053 303 0245,,52.2207719,6.8981891,https://www.google.com/maps/place/Caf%C3%A9+Mix/data=!4m7!3m6!1s0x47b8147251752891:0x787002cf4aa43efc!8m2!3d52.2207719!4d6.8981891!16s%2Fg%2F1tjdf84z!19sChIJkSh1UXIUuEcR_D6kSs8CcHg?authuser=0&hl=nl&g_ep=EgoyMDI2MDkzMC4wIJJjKgBIAVAD&rclk=1
Coffee on Wheels Enschede,Koffiestand,5.0,50,,"W.H. Jordaansingel 20A, 7481 GP Haaksbergen",06 38775335,https://www.coffeeonwheels.nl/locaties/coffee-on-wheels-enschede/,52.1505961,6.7361799,https://www.google.com/maps/place/Coffee+on+Wheels+Enschede/data=!4m7!3m6!1s0x47b8737d728a648f:0x6118fd05989e5bad!8m2!3d52.1505961!4d6.7361799!16s%2Fg%2F11t7vj6q_y!19sChIJj2SKcn1zuEcRrVuemAX9GGE?authuser=0&hl=nl&g_ep=EgoyMDI2MDkzMC4wIJJjKgBIAVAD&rclk=1
Bitterzoet Enschede,Bakkerij,4.8,48,,"Zuiderhagen 34, 7511 GL Enschede",06 18640972,https://www.bitterzoet-enschede.nl/,52.219594,6.8936298,https://www.google.com/maps/place/Bitterzoet+Enschede/data=!4m7!3m6!1s0x47b815ba3a0bd15f:0xfd1c9ad8856b2a3e!8m2!3d52.219594!4d6.8936298!16s%2Fg%2F11wtn39b9d!19sChIJX9ELOroVuEcRPiprhdiaHP0?authuser=0&hl=nl&g_ep=EgoyMDI2MDkzMC4wIJJjKgBIAVAD&rclk=1
Café De Stadspoort🍺,Café,4.6,46,,"Stationsplein 15, 7511 JE Enschede",053 433 2927,,52.2213882,6.8906319,https://www.google.com/maps/place/Caf%C3%A9+De+Stadspoort%F0%9F%8D%BA/data=!4m7!3m6!1s0x47b81475a8155909:0xbe3c13dba01f5ff3!8m2!3d52.2213882!4d6.8906319!16s%2Fg%2F1trttd6r!19sChIJCVkVqHUUuEcR818foNsTPL4?authuser=0&hl=nl&g_ep=EgoyMDI2MDkzMC4wIJJjKgBIAVAD&rclk=1
Achai,Bubbeltheewinkel,4.6,46,,"Zuiderhagen 57, 7511 GK Enschede",053 785 2629,http://achai.nl/,52.2190334,6.8943096,https://www.google.com/maps/place/Achai/data=!4m7!3m6!1s0x47b815f5ddeb895f:0x343478970efd0654!8m2!3d52.2190334!4d6.8943096!16s%2Fg%2F11rsb0j4t1!19sChIJX4nr3fUVuEcRVAb9Dpd4NDQ?authuser=0&hl=nl&g_ep=EgoyMDI2MDkzMC4wIJJjKgBIAVAD&rclk=1
Café De Halve Maan🍺,Café,4.4,44,,"De Heurne 25, 7511 GZ Enschede",053 431 2327,https://nlcompanies.org/details/caf-de-halve-maan-ChIJI6l,52.2207175,6.8985806,https://www.google.com/maps/place/Caf%C3%A9+De+Halve+Maan%F0%9F%8D%BA/data=!4m7!3m6!1s0x47b814725a50a923:0xc8484f0fa0ccfdbb!8m2!3d52.2207175!4d6.8985806!16s%2Fg%2F1tyt4f7f!19sChIJI6lQWnIUuEcRu_3MoA9PSMg?authuser=0&hl=nl&g_ep=EgoyMDI2MDkzMC4wIJJjKgBIAVAD&rclk=1
Maartje,Banketbakkerij,,,,"Deurningerstraat 59, 7514 BD Enschede",06 24761295,https://maartje-enschede.com/,52.2257467,6.8909731,https://www.google.com/maps/place/Maartje/data=!4m7!3m6!1s0x47b815e1be0362f9:0x4070d9efde93aa10!8m2!3d52.2257467!4d6.8909731!16s%2Fg%2F11ycdj64bx!19sChIJ-WIDvuEVuEcREKqT3u_ZcEA?authuser=0&hl=nl&g_ep=EgoyMDI2MDkzMC4wIJJjKgBIAVAD&rclk=1
Koffiehuis Sharon,Cannabiswinkel,4.3,43,"Geven 0,15 gram minder bij je bestelling per bestelling. Eerder nooit problemen mee gehad. Dacht dat het eerst om een rekenfoutje ging omdat ik geen gram haal maar €10/20. Maar nee, ze geven echt per zakje ongeveer 0,15gr te weinig.","Stadsgravenstraat 42, 42-A, 7511 ES Enschede",,,52.2208881,6.8971715,https://www.google.com/maps/place/Koffiehuis+Sharon/data=!4m7!3m6!1s0x47b81473aeaf4dc1:0x30c79c832f564abf!8m2!3d52.2208881!4d6.8971715!16s%2Fg%2F1tdshw1g!19sChIJwU2vrnMUuEcRv0pWL4OcxzA?authuser=0&hl=nl&g_ep=EgoyMDI2MDkzMC4wIJJjKgBIAVAD&rclk=1
Café Ossenvoort,Café,4.7,47,,"Poolmansweg 71, 7545 LM Enschede",053 432 4259,http://www.cafeossenvoort.nl/,52.2169444,6.8677778,https://www.google.com/maps/place/Caf%C3%A9+Ossenvoort/data=!4m7!3m6!1s0x47b81390e896fba3:0x71e5ac55f9f39637!8m2!3d52.2169444!4d6.8677778!16s%2Fg%2F1tj6sxj9!19sChIJo_uW6JATuEcRN5bz-VWs5XE?authuser=0&hl=nl&g_ep=EgoyMDI2MDkzMC4wIJJjKgBIAVAD&rclk=1
Café De Stadsgraaf🍺,Café,4.9,49,,"Stadsgravenstraat 47, 7511 EP Enschede",,https://www.destadsgraaf.nl/,52.2213719,6.8959907,https://www.google.com/maps/place/Caf%C3%A9+De+Stadsgraaf%F0%9F%8D%BA/data=!4m7!3m6!1s0x47b815001136b335:0x221fcd85082f0c3a!8m2!3d52.2213719!4d6.8959907!16s%2Fg%2F11l_50kr0h!19sChIJNbM2EQAVuEcROgwvCIXNHyI?authuser=0&hl=nl&g_ep=EgoyMDI2MDkzMC4wIJJjKgBIAVAD&rclk=1
Café R. Nijmeijer V.O.F.,Koffiehuis,4.5,45,,"Brinkstraat 315, 7541 AR Enschede",053 431 8210,https://nlcompanies.org/details/caf-r-nijmeijer-vof-ChIJCUQ,52.2099282,6.9086396,https://www.google.com/maps/place/Caf%C3%A9+R.+Nijmeijer+V.O.F./data=!4m7!3m6!1s0x47b8146700044409:0x846ed7a3cab2c048!8m2!3d52.2099282!4d6.9086396!16s%2Fg%2F1v_s4ztx!19sChIJCUQEAGcUuEcRSMCyyqPXboQ?authuser=0&hl=nl&g_ep=EgoyMDI2MDkzMC4wIJJjKgBIAVAD&rclk=1
Santé,Café,4.1,41,,"Bolwerkstraat 5, 7511 GP Enschede",,https://www.facebook.com/EnschedeSante,52.2215926,6.8951005,https://www.google.com/maps/place/Sant%C3%A9/data=!4m7!3m6!1s0x47b8147379782505:0x8ed473fc423b0898!8m2!3d52.2215926!4d6.8951005!16s%2Fg%2F1tg2cl0f!19sChIJBSV4eXMUuEcRmAg7Qvxz1I4?authuser=0&hl=nl&g_ep=EgoyMDI2MDkzMC4wIJJjKgBIAVAD&rclk=1
Café De Buurvrouw,Café,4.3,43,,"Menistenstraat 3, 7511 GN Enschede",053 432 4795,https://m.facebook.com/profile.php?id=139248939480367&refid=17&__tn__=HH-R,52.2210865,6.8964171,https://www.google.com/maps/place/Caf%C3%A9+De+Buurvrouw/data=!4m7!3m6!1s0x47b81473a72836c1:0x3e696b9e01e490b!8m2!3d52.2210865!4d6.8964171!16s%2Fg%2F1tftq50x!19sChIJwTYop3MUuEcRC0ke4LmW5gM?authuser=0&hl=nl&g_ep=EgoyMDI2MDkzMC4wIJJjKgBIAVAD&rclk=1
(Café Stonewall) S.H.H.T. 🏳‍🌈,Queerbar,4.7,47,·€ 10-20,"Walstraat 12-14, 7511 GH Enschede",,http://www.stonewall.nl/,52.2193267,6.89485,https://www.google.com/maps/place/%28Caf%C3%A9+Stonewall%29+S.H.H.T.+%F0%9F%8F%B3%E2%80%8D%F0%9F%8C%88/data=!4m7!3m6!1s0x47b81473e573948b:0x76cae14690fda51d!8m2!3d52.2193267!4d6.89485!16s%2Fg%2F1td1tjdn!19sChIJi5Rz5XMUuEcRHaX9kEbhynY?authuser=0&hl=nl&g_ep=EgoyMDI2MDkzMC4wIJJjKgBIAVAD&rclk=1
De Minkmaat,Bar,4.2,42,,"Minkmaatstraat 246-248, 7531 BC Enschede",053 433 3370,,52.2303964,6.9095898,https://www.google.com/maps/place/De+Minkmaat/data=!4m7!3m6!1s0x47b814113059f3c9:0xc751770f32262ef3!8m2!3d52.2303964!4d6.9095898!16s%2Fg%2F1tvt9f42!19sChIJyfNZMBEUuEcR8y4mMg93Ucc?authuser=0&hl=nl&g_ep=EgoyMDI2MDkzMC4wIJJjKgBIAVAD&rclk=1
The Jolly Jug,Café,4.8,48,,"Oude Markt 10, 7511 GA Enschede",053 230 0064,https://www.thejollyjug.nl/,52.2212505,6.8953056,https://www.google.com/maps/place/The+Jolly+Jug/data=!4m7!3m6!1s0x47b81599ea3c439f:0x7579c41bda4368ac!8m2!3d52.2212505!4d6.8953056!16s%2Fg%2F11vwvrdtc_!19sChIJn0M86pkVuEcRrGhD2hvEeXU?authuser=0&hl=nl&g_ep=EgoyMDI2MDkzMC4wIJJjKgBIAVAD&rclk=1
Café Het Bolwerk🍺,Café,4.5,45,€ 20-30…,"Stadsgravenstraat 21, 7511 EP Enschede",053 431 8746,http://www.cafehetbolwerk.nl/,52.2214463,6.8950635,https://www.google.com/maps/place/Caf%C3%A9+Het+Bolwerk%F0%9F%8D%BA/data=!4m7!3m6!1s0x47b8147378715c41:0x1808059dabddd061!8m2!3d52.2214463!4d6.8950635!16s%2Fg%2F1vcjlb0k!19sChIJQVxxeHMUuEcRYdDdq50FCBg?authuser=0&hl=nl&g_ep=EgoyMDI2MDkzMC4wIJJjKgBIAVAD&rclk=1
Café De Grens,Bar,4.4,44,,"Oldenzaalsestraat 318, 7523 AH Enschede",053 433 1266,http://cafedegrens.nl/,52.2312117,6.903305,https://www.google.com/maps/place/Caf%C3%A9+De+Grens/data=!4m7!3m6!1s0x47b8141a828589ef:0x4c590dc641c43a48!8m2!3d52.2312117!4d6.903305!16s%2Fg%2F1txnnjvn!19sChIJ74mFghoUuEcRSDrEQcYNWUw?authuser=0&hl=nl&g_ep=EgoyMDI2MDkzMC4wIJJjKgBIAVAD&rclk=1
Theetuin en B&B De Oale Zessprong,Theehuis,4.7,47,,"Boekelosestraat 155, 7548 AS Enschede",,http://www.deoalezessprong.nl/,52.204525,6.8239453,https://www.google.com/maps/place/Theetuin+en+B%26B+De+Oale+Zessprong/data=!4m7!3m6!1s0x47b812ff1b89988b:0x607d5e0d7566f238!8m2!3d52.204525!4d6.8239453!16s%2Fg%2F1thp71wk!19sChIJi5iJG_8SuEcROPJmdQ1efWA?authuser=0&hl=nl&g_ep=EgoyMDI2MDkzMC4wIJJjKgBIAVAD&rclk=1
Theeschenkerij oldenhof,Theehuis,4.6,46,,"Van Heeksbleeklaan 25, 7522 LB Enschede",,https://www.viermarken.nl/wpv2/theeschenkerij/,52.2380212,6.8661586,https://www.google.com/maps/place/Theeschenkerij+oldenhof/data=!4m7!3m6!1s0x47b813597d0a0103:0x5651cedeb21953!8m2!3d52.2380212!4d6.8661586!16s%2Fg%2F11rst3bgn3!19sChIJAwEKfVkTuEcRUxmy3s5RVgA?authuser=0&hl=nl&g_ep=EgoyMDI2MDkzMC4wIJJjKgBIAVAD&rclk=1
Schuif 's aan,Theehuis,4.5,45,,"Honhofsweg 20, 7535 PJ Enschede",06 50846486,http://www.schuifsaan.nl/,52.2041459,6.9148217,https://www.google.com/maps/place/Schuif+%27s+aan/data=!4m7!3m6!1s0x47b815433f844fd9:0x3d3ea95393d12d13!8m2!3d52.2041459!4d6.9148217!16s%2Fg%2F11c1r438kp!19sChIJ2U-EP0MVuEcREy3Rk1OpPj0?authuser=0&hl=nl&g_ep=EgoyMDI2MDkzMC4wIJJjKgBIAVAD&rclk=1
theetuin ik & mijn moeder,Theehuis,4.6,46,,"Gronausestraat 12, 7533 BN Enschede",053 230 4123,http://www.ikenmijnmoeder.nl/,52.2160817,6.9140123,https://www.google.com/maps/place/theetuin+ik+%26+mijn+moeder/data=!4m7!3m6!1s0x47b81469f2a09de5:0xcd8a8df389c95f54!8m2!3d52.2160817!4d6.9140123!16s%2Fg%2F1hc1bsfmj!19sChIJ5Z2g8mkUuEcRVF_JifONis0?authuser=0&hl=nl&g_ep=EgoyMDI2MDkzMC4wIJJjKgBIAVAD&rclk=1
Teehuis,Theehuis,5.0,50,,"Teehuis, 7522 NH Enschede",053 489 4041,https://www.utwente.nl/nl/cfm/diensten-abc/!/product/p1100421/route-plattegrond-adressen-en-gebouwen,52.2391822,6.8575344,https://www.google.com/maps/place/Teehuis/data=!4m7!3m6!1s0x47b8137d62823d0d:0xa2040c622763bd34!8m2!3d52.2391822!4d6.8575344!16s%2Fg%2F11fjmn08_f!19sChIJDT2CYn0TuEcRNL1jJ2IMBKI?authuser=0&hl=nl&g_ep=EgoyMDI2MDkzMC4wIJJjKgBIAVAD&rclk=1
Op 't Oorbeck,,4.8,48,€ 155,"Gerinkhoekweg 31, 7547 RV Enschede",074 291 6391,http://www.oorbeck.nl/,52.2290281,6.8099362,https://www.google.com/maps/place/Op+%27t+Oorbeck/data=!4m10!3m9!1s0x47b8123f87841bcd:0x9ecf0f3383f8694c!5m2!4m1!1i2!8m2!3d52.2290281!4d6.8099362!16s%2Fg%2F1v44ph8v!19sChIJzRuEhz8SuEcRTGn4gzMPz54?authuser=0&hl=nl&g_ep=EgoyMDI2MDkzMC4wIJJjKgBIAVAD&rclk=1
De Duitse bakker,Ontbijtrestaurant,5.0,50,,"Zuiderspoorstraat 95, 7512 AZ Enschede",,,52.2108261,6.8896786,https://www.google.com/maps/place/De+Duitse+bakker/data=!4m7!3m6!1s0x47b815db3716c949:0xe4ef11e50b6bece8!8m2!3d52.2108261!4d6.8896786!16s%2Fg%2F11yz699xh7!19sChIJSckWN9sVuEcR6OxrC-UR7-Q?authuser=0&hl=nl&g_ep=EgoyMDI2MDkzMC4wIJJjKgBIAVAD&rclk=1
Joop's Broodjes,Restaurant,4.5,45,,"Deurningerstraat 57, 7514 BD Enschede",053 435 4690,http://www.joopsbroodjes.nl/,52.2256631,6.8909893,https://www.google.com/maps/place/Joop%27s+Broodjes/data=!4m7!3m6!1s0x47b8140add47bd5b:0x27d46b3fa9bebaf7!8m2!3d52.2256631!4d6.8909893!16s%2Fg%2F1tdmp3zw!19sChIJW71H3QoUuEcR97q-qT9r1Cc?authuser=0&hl=nl&g_ep=EgoyMDI2MDkzMC4wIJJjKgBIAVAD&rclk=1
Petit Bakkerie,Bakkerij,4.9,49,,"De Heurne 34a, 7511 GW Enschede",,http://www.petitbakkerie.nl/,52.2214254,6.8992861,https://www.google.com/maps/place/Petit+Bakkerie/data=!4m7!3m6!1s0x47b815b76f10a775:0x439d71f8aab4e332!8m2!3d52.2214254!4d6.8992861!16s%2Fg%2F11vplb44zz!19sChIJdacQb7cVuEcRMuO0qvhxnUM?authuser=0&hl=nl&g_ep=EgoyMDI2MDkzMC4wIJJjKgBIAVAD&rclk=1
De Broodbode zuiderhagen,Lunchrestaurant,3.9,39,,"Zuiderhagen 9, 7511 GJ Enschede",053 740 0132,http://broodbode.nl/,52.22039,6.893582,https://www.google.com/maps/place/De+Broodbode+zuiderhagen/data=!4m7!3m6!1s0x47b8150079a3161d:0x17af024a28bf08f7!8m2!3d52.22039!4d6.893582!16s%2Fg%2F11vpstk84t!19sChIJHRajeQAVuEcR9wi_KEoCrxc?authuser=0&hl=nl&g_ep=EgoyMDI2MDkzMC4wIJJjKgBIAVAD&rclk=1
DjieNie,Broodjeswinkel,4.6,46,,"Hogelandsingel 186, 7512 GK Enschede",053 431 6341,,52.2127332,6.9049811,https://www.google.com/maps/place/DjieNie/data=!4m7!3m6!1s0x47b81465f7ddf947:0x3e51742d502ca886!8m2!3d52.2127332!4d6.9049811!16s%2Fg%2F1pty1h_vn!19sChIJR_nd92UUuEcRhqgsUC10UT4?authuser=0&hl=nl&g_ep=EgoyMDI2MDkzMC4wIJJjKgBIAVAD&rclk=1
IntercityHotel Enschede,,4.2,42,€ 95,"Willem Wilminkplein 5, 7511 PG Enschede",053 207 0000,https://hrewards.com/intercityhotel-enschede?wt_mc=seo_listing.ich.yext.enschede.hotel_link.text_cta,52.2227867,6.893796,https://www.google.com/maps/place/IntercityHotel+Enschede/data=!4m10!3m9!1s0x47b81474b92454dd:0xf370d79c65fd8448!5m2!4m1!1i2!8m2!3d52.2227867!4d6.893796!16s%2Fg%2F11b63vlj4h!19sChIJ3VQkuXQUuEcRSIT9ZZzXcPM?authuser=0&hl=nl&g_ep=EgoyMDI2MDkzMC4wIJJjKgBIAVAD&rclk=1
Zondagsbrunch,,,,,"Zuiderval 140, 7543 Enschede",,,52.2035173,6.8892234,https://www.google.com/maps/place/Zondagsbrunch/data=!4m7!3m6!1s0x47b8147e04ffffff:0x830dad443f52f973!8m2!3d52.2035173!4d6.8892234!16s%2Fg%2F11fr3m0tsm!19sChIJ____BH4UuEcRc_lSP0StDYM?authuser=0&hl=nl&g_ep=EgoyMDI2MDkzMC4wIJJjKgBIAVAD&rclk=1
Last bet,Restaurant,5.0,50,,"Hengelosestraat, 7521 AK Enschede",053 785 1054,https://www.lastbet.nl/,52.2273356,6.8784595,https://www.google.com/maps/place/Last+bet/data=!4m7!3m6!1s0x47b813567fa0402b:0xbc4cc3e356a39a01!8m2!3d52.2273356!4d6.8784595!16s%2Fg%2F11ypyc0ksm!19sChIJK0Cgf1YTuEcRAZqjVuPDTLw?authuser=0&hl=nl&g_ep=EgoyMDI2MDkzMC4wIJJjKgBIAVAD&rclk=1
Broodjes van Oost,Broodjeswinkel,4.8,48,,"Kerkstraat 3, 7532 AP Enschede",053 574 4703,http://broodjesvanoost.nl/,52.2158214,6.9738024,https://www.google.com/maps/place/Broodjes+van+Oost/data=!4m7!3m6!1s0x47b815483ff99935:0xc6c4f57b9119011!8m2!3d52.2158214!4d6.9738024!16s%2Fg%2F11z2vwthlt!19sChIJNZn5P0gVuEcREZARuVdPbAw?authuser=0&hl=nl&g_ep=EgoyMDI2MDkzMC4wIJJjKgBIAVAD&rclk=1
O'Delices,Broodjeswinkel,4.5,45,,"Kevelhamhoek 83, 7546 EX Enschede",053 574 6588,https://www.odelices.nl/,52.1938345,6.8555467,https://www.google.com/maps/place/O%27Delices/data=!4m7!3m6!1s0x47b813004776d8bd:0xd098ee508ea6aa9c!8m2!3d52.1938345!4d6.8555467!16s%2Fg%2F11vr56xrzf!19sChIJvdh2RwATuEcRnKqmjlDumNA?authuser=0&hl=nl&g_ep=EgoyMDI2MDkzMC4wIJJjKgBIAVAD&rclk=1
Versbakkerij Savonije Stadsveld,Bakkerij,4.1,41,,"Zweringweg 218, 7545 DA Enschede",053 431 1889,http://www.savonije.nl/,52.2103745,6.8628505,https://www.google.com/maps/place/Versbakkerij+Savonije+Stadsveld/data=!4m7!3m6!1s0x47b813994ef18e45:0x72051182e9ae6c0d!8m2!3d52.2103745!4d6.8628505!16s%2Fg%2F1v62gr5d!19sChIJRY7xTpkTuEcRDWyu6YIRBXI?authuser=0&hl=nl&g_ep=EgoyMDI2MDkzMC4wIJJjKgBIAVAD&rclk=1
Delifresh Enschede,Bakkerij,3.9,39,,"Wethouder Elhorststraat 2, 7543 TD Enschede",053 303 1649,https://www.delifreshbroodjes.nl/,52.2099432,6.8806166,https://www.google.com/maps/place/Delifresh+Enschede/data=!4m7!3m6!1s0x47b813066cda69d3:0x6ddab467ff26dd8e!8m2!3d52.2099432!4d6.8806166!16s%2Fg%2F11ych_69lb!19sChIJ02nabAYTuEcRjt0m_2e02m0?authuser=0&hl=nl&g_ep=EgoyMDI2MDkzMC4wIJJjKgBIAVAD&rclk=1
VanTon.nl - AVIA Diekman,Bakkerij,4.2,42,,"Kuipersdijk 420, 7541 WK Enschede",088 134 4008,https://www.vanton.nl/,52.2035631,6.8940818,https://www.google.com/maps/place/VanTon.nl+-+AVIA+Diekman/data=!4m7!3m6!1s0x47b8147d655a5ab9:0x3a93c0391f6f8ec2!8m2!3d52.2035631!4d6.8940818!16s%2Fg%2F1vqtfwg9!19sChIJuVpaZX0UuEcRwo5vHznAkzo?authuser=0&hl=nl&g_ep=EgoyMDI2MDkzMC4wIJJjKgBIAVAD&rclk=1
Bakker IJs Heinink,Bakkerij,4.4,44,,"Veldhoflanden 17, 7542 LA Enschede",053 231 5234,http://www.bakker-ijsheinink.nl/,52.1937984,6.9012775,https://www.google.com/maps/place/Bakker+IJs+Heinink/data=!4m7!3m6!1s0x47b815f883c93379:0xdc0c66c04523aacd!8m2!3d52.1937984!4d6.9012775!16s%2Fg%2F11t7tqkgs1!19sChIJeTPJg_gVuEcRzaojRcBmDNw?authuser=0&hl=nl&g_ep=EgoyMDI2MDkzMC4wIJJjKgBIAVAD&rclk=1
Oonk,Bakkerij,4.5,45,,"Kuipersdijk 21, 7512 CA Enschede",053 432 4567,https://www.oonk.nl/,52.2158838,6.8962568,https://www.google.com/maps/place/Oonk/data=!4m7!3m6!1s0x47b81470ffb1266f:0xf1d0359c5fa245ea!8m2!3d52.2158838!4d6.8962568!16s%2Fg%2F1tfk_8gj!19sChIJbyax_3AUuEcR6kWiX5w10PE?authuser=0&hl=nl&g_ep=EgoyMDI2MDkzMC4wIJJjKgBIAVAD&rclk=1
Bakkerij Nollen 🍞,Bakkerij,4.3,43,,"Wethouder Nijhuisstraat 235, 7545 NH Enschede",053 760 0105,https://www.bakkerijnollen.nl/winkels/enschede-stadsveld/?utm_source=google&utm_medium=gmb&utm_campaign=enschede_stadsveld,52.2108921,6.8640166,https://www.google.com/maps/place/Bakkerij+Nollen+%F0%9F%8D%9E/data=!4m7!3m6!1s0x47b8139958b0dc27:0xb5167d0f39adaef6!8m2!3d52.2108921!4d6.8640166!16s%2Fg%2F1q6j5stdl!19sChIJJ9ywWJkTuEcR9q6tOQ99FrU?authuser=0&hl=nl&g_ep=EgoyMDI2MDkzMC4wIJJjKgBIAVAD&rclk=1
Broodjes Kampioen,Broodjeswinkel,,,,"Welnahorst 16, 7531 GK Enschede",06 22228870,http://www.broodjeskampioen.nl/,52.2249883,6.9256345,https://www.google.com/maps/place/Broodjes+Kampioen/data=!4m7!3m6!1s0x47b814390194a159:0x59862c9e1f62524b!8m2!3d52.2249883!4d6.9256345!16s%2Fg%2F1vh_7g9y!19sChIJWaGUATkUuEcRS1JiH54shlk?authuser=0&hl=nl&g_ep=EgoyMDI2MDkzMC4wIJJjKgBIAVAD&rclk=1
Bakker Bart Enschede Wesseler Nering,Bakkerij,3.7,37,,"Wesseler-Nering 1 D, 7544 JA Enschede",053 820 0972,https://www.bakkerbart.nl/?store=303&utm_source=GMB&utm_medium=Organic&utm_campaign=450,52.1916181,6.8810708,https://www.google.com/maps/place/Bakker+Bart+Enschede+Wesseler+Nering/data=!4m7!3m6!1s0x47b813c07870e4c5:0x309f4a501bb85431!8m2!3d52.1916181!4d6.8810708!16s%2Fg%2F11ql_251vm!19sChIJxeRweMATuEcRMVS4G1BKnzA?authuser=0&hl=nl&g_ep=EgoyMDI2MDkzMC4wIJJjKgBIAVAD&rclk=1
BackWerk,Bakkerij,4.3,43,,"Klanderij 7, 7511 HS Enschede",053 303 4046,https://www.back-werk.nl/,52.2177971,6.8990181,https://www.google.com/maps/place/BackWerk/data=!4m7!3m6!1s0x47b8158b3e724019:0xace8ac3dc7d06dfd!8m2!3d52.2177971!4d6.8990181!16s%2Fg%2F11f6dj771n!19sChIJGUByPosVuEcR_W3Qxz2s6Kw?authuser=0&hl=nl&g_ep=EgoyMDI2MDkzMC4wIJJjKgBIAVAD&rclk=1
Banketbakkerij Oonk Enschede Zuid,Bakkerij,4.4,44,,"Wesseler-Nering 9, 7544 JC Enschede",053 476 1075,https://www.oonk.nl/,52.1915462,6.8799668,https://www.google.com/maps/place/Banketbakkerij+Oonk+Enschede+Zuid/data=!4m7!3m6!1s0x47b81362a0020233:0x7b29f77bbf2b0d78!8m2!3d52.1915462!4d6.8799668!16s%2Fg%2F1tdd8y40!19sChIJMwICoGITuEcReA0rv3v3KXs?authuser=0&hl=nl&g_ep=EgoyMDI2MDkzMC4wIJJjKgBIAVAD&rclk=1
Luxe Brood- en Banketbakkerij Bonjour 🍞🥨,Bakkerij,4.4,44,,"Fresiastraat 31, 7531 VH Enschede",053 432 0423,,52.2291774,6.9207874,https://www.google.com/maps/place/Luxe+Brood-+en+Banketbakkerij+Bonjour+%F0%9F%8D%9E%F0%9F%A5%A8/data=!4m7!3m6!1s0x47b8143c3619c149:0x20d09bbc72f7489c!8m2!3d52.2291774!4d6.9207874!16s%2Fg%2F1tkrkwjw!19sChIJScEZNjwUuEcRnEj3cryb0CA?authuser=0&hl=nl&g_ep=EgoyMDI2MDkzMC4wIJJjKgBIAVAD&rclk=1
Bakkerij Dust 🍞,Bakkerij,4.1,41,Vind het helemaal niet erg om wat extra te betalen voor een broodje tegenwoordig maar ik moet net bijna €12 afrekenen voor twee belegde kaas ui broodjes die nog wel wat langer in de oven hadden gemogen. Aangezien het geen standaard broodje …,"Hortensiastraat 142, 7531 VJ Enschede",053 303 2644,,52.2296186,6.9211484,https://www.google.com/maps/place/Bakkerij+Dust+%F0%9F%8D%9E/data=!4m7!3m6!1s0x47b8143c44cdf8c7:0xdd80fa8ef1185493!8m2!3d52.2296186!4d6.9211484!16s%2Fg%2F11hbv6ln0h!19sChIJx_jNRDwUuEcRk1QY8Y76gN0?authuser=0&hl=nl&g_ep=EgoyMDI2MDkzMC4wIJJjKgBIAVAD&rclk=1
"Lust, Bakery & Bistro",Restaurant,4.3,43,,"Hazemeijerstraat 350, Gebouw C05, 7555 RJ Hengelo",074 303 2914,https://www.lusthengelo.nl/,52.2623932,6.7834772,"https://www.google.com/maps/place/Lust,+Bakery+%26+Bistro/data=!4m7!3m6!1s0x47b80f2d163e5bf3:0x8b92378089b7b9a1!8m2!3d52.2623932!4d6.7834772!16s%2Fg%2F11nm9l86k0!19sChIJ81s-Fi0PuEcRobm3iYA3kos?authuser=0&hl=nl&g_ep=EgoyMDI2MDkzMC4wIJJjKgBIAVAD&rclk=1"
Bakkerij Nollen Enschede Miro Center,Bakkerij,3.9,39,,"Noord Esmarkerrondweg 421-6, 7533 BL Enschede",053 206 8021,https://www.bakkerijnollen.nl/winkels/enschede-miro-center/?utm_source=google&utm_medium=gmb&utm_campaign=enschede_miro,52.2193357,6.9284419,https://www.google.com/maps/place/Bakkerij+Nollen+Enschede+Miro+Center/data=!4m7!3m6!1s0x47b81447d56d7cd3:0x574edacd3674042!8m2!3d52.2193357!4d6.9284419!16s%2Fg%2F11dx9hmwyg!19sChIJ03xt1UcUuEcRQkBn06ztdAU?authuser=0&hl=nl&g_ep=EgoyMDI2MDkzMC4wIJJjKgBIAVAD&rclk=1
Bakkerij Oonk Hengelo,Bakkerij,4.5,45,,"De Wetstraat 27, 7551 GA Hengelo",074 259 0995,http://www.oonk.nl/,52.2657869,6.7962369,https://www.google.com/maps/place/Bakkerij+Oonk+Hengelo/data=!4m7!3m6!1s0x47b811e473485a81:0xfd5bd7b357f60988!8m2!3d52.2657869!4d6.7962369!16s%2Fg%2F11b6dqllj3!19sChIJgVpIc-QRuEcRiAn2V7PXW_0?authuser=0&hl=nl&g_ep=EgoyMDI2MDkzMC4wIJJjKgBIAVAD&rclk=1
Bakkerij Nollen Enschede Zuid,Bakkerij,4.4,44,,"Wesseler-Nering 21B, 7544 JB Enschede",053 200 5858,https://www.bakkerijnollen.nl/winkels/enschede-zuid/?utm_source=google&utm_medium=gmb&utm_campaign=enschede_zuid,52.1919665,6.878682,https://www.google.com/maps/place/Bakkerij+Nollen+Enschede+Zuid/data=!4m7!3m6!1s0x47b8130ec26222e3:0xb7b833997aeef603!8m2!3d52.1919665!4d6.878682!16s%2Fg%2F11h3tnbw_m!19sChIJ4yJiwg4TuEcRA_buepkzuLc?authuser=0&hl=nl&g_ep=EgoyMDI2MDkzMC4wIJJjKgBIAVAD&rclk=1
Appeltjes van Oranje,Catering,4.9,49,,"Rigtersbleek-Zandvoort 10, 0 20, 7521 BE Enschede",06 13531464,https://www.appeltjes-van-oranje.nl/,52.2225212,6.8718815,https://www.google.com/maps/place/Appeltjes+van+Oranje/data=!4m7!3m6!1s0x47b813a12e7310c1:0x52244d8ad3f24a26!8m2!3d52.2225212!4d6.8718815!16s%2Fg%2F11h8d0zq65!19sChIJwRBzLqETuEcRJkry04pNJFI?authuser=0&hl=nl&g_ep=EgoyMDI2MDkzMC4wIJJjKgBIAVAD&rclk=1
Røllesmølle LunsjKafe,Lunchrestaurant,4.6,46,,"Wemenstraat 37, 7551 EV Hengelo",074 737 0031,https://rullesmulle.nl/,52.266325,6.794311,https://www.google.com/maps/place/R%C3%B8llesm%C3%B8lle+LunsjKafe/data=!4m7!3m6!1s0x47b8112d18a65d83:0x695694aacc014a48!8m2!3d52.266325!4d6.794311!16s%2Fg%2F11fn8nw176!19sChIJg12mGC0RuEcRSEoBzKqUVmk?authuser=0&hl=nl&g_ep=EgoyMDI2MDkzMC4wIJJjKgBIAVAD&rclk=1
Bakkerij Glanerbrug,Bakkerij,4.3,43,,"Gronausestraat 1169, 7534 AG Enschede",053 211 0088,,52.2158302,6.9676714,https://www.google.com/maps/place/Bakkerij+Glanerbrug/data=!4m7!3m6!1s0x47b8154d488b5f4f:0x83b6e160f9fabcf6!8m2!3d52.2158302!4d6.9676714!16s%2Fg%2F11t6kwyb8r!19sChIJT1-LSE0VuEcR9rz6-WDhtoM?authuser=0&hl=nl&g_ep=EgoyMDI2MDkzMC4wIJJjKgBIAVAD&rclk=1
Bakkers van Alink Daalweg Enschede,Bakkerij,4.3,43,,"Daalweg 48, 7541 AN Enschede",053 432 2644,https://bakkerijalink.nl/,52.2117921,6.9092814,https://www.google.com/maps/place/Bakkers+van+Alink+Daalweg+Enschede/data=!4m7!3m6!1s0x47b81467cd782003:0xfa76c388ad12f340!8m2!3d52.2117921!4d6.9092814!16s%2Fg%2F1tg6p5vp!19sChIJAyB4zWcUuEcRQPMSrYjDdvo?authuser=0&hl=nl&g_ep=EgoyMDI2MDkzMC4wIJJjKgBIAVAD&rclk=1
Bakkerij Duesmann Dagmarkt,Bakkerij,4.3,43,,"Hendrik Jan van Heekplein 60D, 7511 HN Enschede",053 434 5464,http://www.duesmann.de/,52.2171381,6.8981306,https://www.google.com/maps/place/Bakkerij+Duesmann+Dagmarkt/data=!4m7!3m6!1s0x47b81471be311227:0x458569b0040ce26d!8m2!3d52.2171381!4d6.8981306!16s%2Fg%2F11cm9jygkd!19sChIJJxIxvnEUuEcRbeIMBLBphUU?authuser=0&hl=nl&g_ep=EgoyMDI2MDkzMC4wIJJjKgBIAVAD&rclk=1
Banketbakkerij Gustaf,Banketbakker,4.5,45,,"Wemenstraat 61, 7551 EW Hengelo",074 291 4361,http://www.gustaf.nl/,52.267024,6.794954,https://www.google.com/maps/place/Banketbakkerij+Gustaf/data=!4m7!3m6!1s0x47b811e3c23f41af:0x9442c59e118ef6e!8m2!3d52.267024!4d6.794954!16s%2Fg%2F1vd944vq!19sChIJr0E_wuMRuEcRbu8Y4VksRAk?authuser=0&hl=nl&g_ep=EgoyMDI2MDkzMC4wIJJjKgBIAVAD&rclk=1
Sham Baklava - Enschede,Patisserie,3.8,38,,"Zuiderhagen 15, 7511 GJ Enschede",053 211 0096,http://www.shamsweets-enschede.nl/,52.2201636,6.8936292,https://www.google.com/maps/place/Sham+Baklava+-+Enschede/data=!4m7!3m6!1s0x47b815301377b6a5:0x8a45e9305767363c!8m2!3d52.2201636!4d6.8936292!16s%2Fg%2F11grc1xhks!19sChIJpbZ3EzAVuEcRPDZnVzDpRYo?authuser=0&hl=nl&g_ep=EgoyMDI2MDkzMC4wIJJjKgBIAVAD&rclk=1
Bakker Bart Hengelo 🍞,Bakkerij,4.2,42,,"Markt 5, 7551 CG Hengelo",074 242 7491,https://www.bakkerbart.nl/?store=259&utm_source=GMB&utm_medium=Organic&utm_campaign=322,52.2640107,6.7933378,https://www.google.com/maps/place/Bakker+Bart+Hengelo+%F0%9F%8D%9E/data=!4m7!3m6!1s0x47b811e30d7b8be3:0xf3668909e9a4d559!8m2!3d52.2640107!4d6.7933378!16s%2Fg%2F1vkxlbf0!19sChIJ44t7DeMRuEcRWdWk6QmJZvM?authuser=0&hl=nl&g_ep=EgoyMDI2MDkzMC4wIJJjKgBIAVAD&rclk=1
De Broodbode Tuindorp Hengelo,Broodjeswinkel,4.7,47,,"Willem de Clercqstraat 33, 7553 VA Hengelo",074 750 1985,https://www.broodbode.nl/locatie/broodbode-hengelo-tuindorp,52.2595088,6.7866968,https://www.google.com/maps/place/De+Broodbode+Tuindorp+Hengelo/data=!4m7!3m6!1s0x47b80e019a141cf7:0x68177a12f7350dc3!8m2!3d52.2595088!4d6.7866968!16s%2Fg%2F11cmcyjqpj!19sChIJ9xwUmgEOuEcRww019xJ6F2g?authuser=0&hl=nl&g_ep=EgoyMDI2MDkzMC4wIJJjKgBIAVAD&rclk=1
Damascus Sweets (Enschede) حلويات سورية,Koekjeswinkel,3.8,38,,"Kuipersdijk 39, 7512 CA Enschede",053 210 2012,,52.2154719,6.8963146,https://www.google.com/maps/place/Damascus+Sweets+%28Enschede%29+%D8%AD%D9%84%D9%88%D9%8A%D8%A7%D8%AA+%D8%B3%D9%88%D8%B1%D9%8A%D8%A9%E2%80%AD/data=!4m7!3m6!1s0x47b815e308b8be5d:0xa50b0f8c7db73006!8m2!3d52.2154719!4d6.8963146!16s%2Fg%2F11tf19rdb9!19sChIJXb64COMVuEcRBjC3fYwPC6U?authuser=0&hl=nl&g_ep=EgoyMDI2MDkzMC4wIJJjKgBIAVAD&rclk=1
Bakkerij Nollen Enschede Deppenbroek,Bakkerij,2.4,24,,"Rijnstraat 40, 7523 GH Enschede",053 434 5958,https://www.bakkerijnollen.nl/winkels/enschede-deppenbroek/?utm_source=google&utm_medium=gmb&utm_campaign=enschede_deppenbroek,52.2392203,6.8946655,https://www.google.com/maps/place/Bakkerij+Nollen+Enschede+Deppenbroek/data=!4m7!3m6!1s0x47b815bad5c1d695:0xaa811d4f97943559!8m2!3d52.2392203!4d6.8946655!16s%2Fg%2F11jp01dz36!19sChIJldbB1boVuEcRWTWUl08dgao?authuser=0&hl=nl&g_ep=EgoyMDI2MDkzMC4wIJJjKgBIAVAD&rclk=1
Damascus Sweets,Koekjeswinkel,4.6,46,,"Brinkstraat 24, 7551 CD Hengelo",074 210 0012,https://www.damascussweets-hengelo.nl/,52.2642827,6.7923064,https://www.google.com/maps/place/Damascus+Sweets/data=!4m7!3m6!1s0x47b811dbc2dacb7b:0xc466355bb70100b7!8m2!3d52.2642827!4d6.7923064!16s%2Fg%2F11sf9dv718!19sChIJe8vawtsRuEcRtwABt1s1ZsQ?authuser=0&hl=nl&g_ep=EgoyMDI2MDkzMC4wIJJjKgBIAVAD&rclk=1
Bakkerij Nollen Hengelo,Bakkerij,4.0,40,,"Dikkersplein 5, 7553 CZ Hengelo",074 250 9233,https://www.bakkerijnollen.nl/winkels/hengelo/?utm_source=google&utm_medium=gmb&utm_campaign=hengelo,52.2559774,6.7894083,https://www.google.com/maps/place/Bakkerij+Nollen+Hengelo/data=!4m7!3m6!1s0x47b811fe1ce3dccb:0x7419230b488ceb98!8m2!3d52.2559774!4d6.7894083!16s%2Fg%2F1q6j93m4l!19sChIJy9zjHP4RuEcRmOuMSAsjGXQ?authuser=0&hl=nl&g_ep=EgoyMDI2MDkzMC4wIJJjKgBIAVAD&rclk=1
Bakkers van Alink,Bakkerij,4.6,46,,"De Brink 3-5, 7581 JC Losser",053 538 1011,https://www.bakkerijalink.nl/,52.26215,7.0063568,https://www.google.com/maps/place/Bakkers+van+Alink/data=!4m7!3m6!1s0x47b8175a0f26ec03:0x83051278748f1224!8m2!3d52.26215!4d7.0063568!16s%2Fg%2F11fmbdtb86!19sChIJA-wmD1oXuEcRJBKPdHgSBYM?authuser=0&hl=nl&g_ep=EgoyMDI2MDkzMC4wIJJjKgBIAVAD&rclk=1
TafeltjeVier,Organisatie voor maatschappelijk werk,4.2,42,,"Bouwhuislaan 17, 7524 GB Enschede",088 430 6200,https://www.tafeltjevier.nl/,52.2428181,6.9126546,https://www.google.com/maps/place/TafeltjeVier/data=!4m7!3m6!1s0x47b8157ebb10ed23:0x83f183d29f0e5401!8m2!3d52.2428181!4d6.9126546!16s%2Fg%2F11j0nhzx_2!19sChIJI-0Qu34VuEcRAVQOn9KD8YM?authuser=0&hl=nl&g_ep=EgoyMDI2MDkzMC4wIJJjKgBIAVAD&rclk=1
Woonplein Enschede,Winkelcentrum,4.3,43,,"Schuttersveld 12, 7514 AL Enschede",,http://www.woonpleinenschede.nl/,52.2246993,6.879765,https://www.google.com/maps/place/Woonplein+Enschede/data=!4m7!3m6!1s0x47b8138cf4e2ec51:0xfda85975ff8834f!8m2!3d52.2246993!4d6.879765!16s%2Fg%2F11c31nx_0q!19sChIJUezi9IwTuEcRT4P4X5eF2g8?authuser=0&hl=nl&g_ep=EgoyMDI2MDkzMC4wIJJjKgBIAVAD&rclk=1
Simon Lévelt koffie & thee,Koffiewinkel,4.9,49,,"Raadhuisstraat 2, 7511 HK Enschede",053 430 3130,https://www.simonlevelt.nl/winkels/enschede?utm_source=google-places&utm_medium=organic&utm_campaign=winkel-enschede,52.2188498,6.8962466,https://www.google.com/maps/place/Simon+L%C3%A9velt+koffie+%26+thee/data=!4m7!3m6!1s0x47b81473da27f435:0x96f9ad3ca1a27e03!8m2!3d52.2188498!4d6.8962466!16s%2Fg%2F1tf8s5b6!19sChIJNfQn2nMUuEcRA36ioTyt-ZY?authuser=0&hl=nl&g_ep=EgoyMDI2MDkzMC4wIJJjKgBIAVAD&rclk=1
Lá Sweet by Ela,Koekjeswinkel,5.0,50,,"Haaksbergerstraat 302, 7513 EH Enschede",,https://www.lasweetbyela.nl/?utm_source=google&utm_medium=organic&utm_campaign=bedrijfsprofiel,52.212474,6.881591,https://www.google.com/maps/place/L%C3%A1+Sweet+by+Ela/data=!4m7!3m6!1s0x47b8134130d60bd1:0x517d1e3444f33f2b!8m2!3d52.212474!4d6.881591!16s%2Fg%2F11p19zmjcd!19sChIJ0QvWMEETuEcRKz_zRDQefVE?authuser=0&hl=nl&g_ep=EgoyMDI2MDkzMC4wIJJjKgBIAVAD&rclk=1
MultiVlaai,Taartenwinkel,4.5,45,,"Kuipersdijk 55, 7512 DZ Enschede",053 430 7374,https://www.multivlaai.nl/enschede_haaksbergerstraat,52.2150972,6.8964775,https://www.google.com/maps/place/MultiVlaai/data=!4m7!3m6!1s0x47b813868a83fce9:0x6d6db658edca3b9c!8m2!3d52.2150972!4d6.8964775!16s%2Fg%2F1w4f759t!19sChIJ6fyDioYTuEcRnDvK7Vi2bW0?authuser=0&hl=nl&g_ep=EgoyMDI2MDkzMC4wIJJjKgBIAVAD&rclk=1
deKottencake,Patisserie,4.9,49,,,06 48882102,https://www.dekottencake.nl/,52.1909763,5.2795551,https://www.google.com/maps/place/deKottencake/data=!4m7!3m6!1s0x47b81375ba49d5f3:0xf286a8fb6b45c379!8m2!3d52.1909763!4d5.2795551!16s%2Fg%2F11v3q6hytl!19sChIJ89VJunUTuEcRecNFa_uohvI?authuser=0&hl=nl&g_ep=EgoyMDI2MDkzMC4wIJJjKgBIAVAD&rclk=1
Bakker IJs Heinink Boswinkel,IJssalon,,,,"Burgemeester van Veenlaan 112, 7543 AB Enschede",,https://www.bakkerijsheinink.nl/,52.2056692,6.8795223,https://www.google.com/maps/place/Bakker+IJs+Heinink+Boswinkel/data=!4m7!3m6!1s0x47b81300450f9741:0xb1746c123995556!8m2!3d52.2056692!4d6.8795223!16s%2Fg%2F11yrwg19c0!19sChIJQZcPRQATuEcRVlWZI8FGFws?authuser=0&hl=nl&g_ep=EgoyMDI2MDkzMC4wIJJjKgBIAVAD&rclk=1
Mijn Vrolijke Taartjeshoek & Koffietuin,Bakkerij,5.0,50,,"Haaksbergerstraat 1000, 7548 PC Enschede",06 41439510,https://www.mijnvrolijketaartjeshoek.nl/,52.1983486,6.8281099,https://www.google.com/maps/place/Mijn+Vrolijke+Taartjeshoek+%26+Koffietuin/data=!4m7!3m6!1s0x47b8130286e4fd3d:0xe3912b3c229780f4!8m2!3d52.1983486!4d6.8281099!16s%2Fg%2F11fl5d11tt!19sChIJPf3khgITuEcR9ICXIjwrkeM?authuser=0&hl=nl&g_ep=EgoyMDI2MDkzMC4wIJJjKgBIAVAD&rclk=1
Het Suikerhuisje 🎂,Bakkerij voor bruidstaarten,5.0,50,,"Janninksweg 118, 7513 DN Enschede",06 16770025,http://www.hetsuikerhuisje.nl/,52.215263,6.8791677,https://www.google.com/maps/place/Het+Suikerhuisje+%F0%9F%8E%82/data=!4m7!3m6!1s0x47b81388b349314b:0x8b023dc88c8ac6f1!8m2!3d52.215263!4d6.8791677!16s%2Fg%2F1hc2d6plg!19sChIJSzFJs4gTuEcR8caKjMg9Aos?authuser=0&hl=nl&g_ep=EgoyMDI2MDkzMC4wIJJjKgBIAVAD&rclk=1
Rousseau Chocolade Enschede,Chocolaterie,5.0,50,,"G.J. van Heekstraat 253, 7521 EE Enschede",06 13131033,https://www.rousseau.nl/enschede,52.2295688,6.8585473,https://www.google.com/maps/place/Rousseau+Chocolade+Enschede/data=!4m7!3m6!1s0x47b81371b62b043b:0x9200fe6a8a9cb816!8m2!3d52.2295688!4d6.8585473!16s%2Fg%2F11ntk15sgg!19sChIJOwQrtnETuEcRFricimr-AJI?authuser=0&hl=nl&g_ep=EgoyMDI2MDkzMC4wIJJjKgBIAVAD&rclk=1
Eva's Macarons,Patisserie,5.0,50,,"Noorderhagen 74, 7511 EM Enschede",06 44003561,http://evasmacarons.nl/,52.2210122,6.89801,https://www.google.com/maps/place/Eva%27s+Macarons/data=!4m7!3m6!1s0x2b2b9eabfde0d7f:0xeb395ac625dfad77!8m2!3d52.2210122!4d6.89801!16s%2Fg%2F11shkst5gw!19sChIJfw3ev-q5sgIRd63fJcZaOes?authuser=0&hl=nl&g_ep=EgoyMDI2MDkzMC4wIJJjKgBIAVAD&rclk=1
Bakker pannendekkers & timmerwerken,Dakdekker,5.0,50,,"Zwarteweg 26, 7532 XM Enschede",06 21108142,https://www.bakkerpannendekkerstimmerwerken.nl/,52.2172537,6.964887,https://www.google.com/maps/place/Bakker+pannendekkers+%26+timmerwerken/data=!4m7!3m6!1s0x2cd8725cf6892223:0x43326456d0081a1!8m2!3d52.2172537!4d6.964887!16s%2Fg%2F11ysd8tk7v!19sChIJIyKJ9lxy2CwRoYEAbUUmMwQ?authuser=0&hl=nl&g_ep=EgoyMDI2MDkzMC4wIJJjKgBIAVAD&rclk=1
Anna's Cakes,Bakkerij,5.0,50,,"Ypelobrink 106, 7544 CE Enschede",06 21552294,https://www.annascakes.nl/,52.1917712,6.8706501,https://www.google.com/maps/place/Anna%27s+Cakes/data=!4m7!3m6!1s0x47b81364e604b71b:0x42985fbf89b80502!8m2!3d52.1917712!4d6.8706501!16s%2Fg%2F1tg_w4yz!19sChIJG7cE5mQTuEcRAgW4ib9fmEI?authuser=0&hl=nl&g_ep=EgoyMDI2MDkzMC4wIJJjKgBIAVAD&rclk=1
Boutaina's_koek_en_gebak,Banketbakker,5.0,50,,"Buizerdstraat 67, 7523 WE Enschede",06 36348747,,52.2369595,6.8944935,https://www.google.com/maps/place/Boutaina%27s_koek_en_gebak/data=!4m7!3m6!1s0x47b815173a238271:0xc39d2d93d393c11d!8m2!3d52.2369595!4d6.8944935!16s%2Fg%2F11n340s86z!19sChIJcYIjOhcVuEcRHcGT05MtncM?authuser=0&hl=nl&g_ep=EgoyMDI2MDkzMC4wIJJjKgBIAVAD&rclk=1
Momo Enschede,Bakkerij,5.0,50,,"De Coöperatie 17, 7514 JK 17",06 13670294,https://www.instagram.com/momo.enschede?igsh=MWRhbGFjZ3UwMWF2cA==&utm_source=qr,52.2258851,6.8904001,https://www.google.com/maps/place/Momo+Enschede/data=!4m7!3m6!1s0x47b815e061795665:0x781e96612608e57c!8m2!3d52.2258851!4d6.8904001!16s%2Fg%2F11mlctvnmk!19sChIJZVZ5YeAVuEcRfOUIJmGWHng?authuser=0&hl=nl&g_ep=EgoyMDI2MDkzMC4wIJJjKgBIAVAD&rclk=1
Hof van E'de,Delicatessenwinkel,5.0,50,,"Korte Hengelosestraat 25a, 7511 JA Enschede",053 574 4099,https://www.hofvanenschede.nl/,52.222004,6.8928135,https://www.google.com/maps/place/Hof+van+E%27de/data=!4m7!3m6!1s0x47b815d00f8015b7:0x8fee233cbf3653e9!8m2!3d52.222004!4d6.8928135!16s%2Fg%2F11myy2jb_9!19sChIJtxWAD9AVuEcR6VM2vzwj7o8?authuser=0&hl=nl&g_ep=EgoyMDI2MDkzMC4wIJJjKgBIAVAD&rclk=1
Villa Chocola,Chocolaterie,4.3,43,"Hele lekkere chocolade. Ik koop dit wekelijks en het valt mij op dat het zelfde doosje elke keer anders gevuld wordt. Dan meer en dan minder terwijl ik altijd hetzelfde betaal. Heel gek.. ik koop altijd het doosje van €13,95","Klanderij 17, 7511 HS Enschede",053 478 9346,http://www.villachocola.com/,52.2178363,6.8990966,https://www.google.com/maps/place/Villa+Chocola/data=!4m7!3m6!1s0x47b81471e4d0d229:0x6a1e8dd8192569a9!8m2!3d52.2178363!4d6.8990966!16s%2Fg%2F12hllldgn!19sChIJKdLQ5HEUuEcRqWklGdiNHmo?authuser=0&hl=nl&g_ep=EgoyMDI2MDkzMC4wIJJjKgBIAVAD&rclk=1
Bakkerij Dust,Bakkerij,,,,"Gronausestraat 1227A, 7534 AJ Enschede",053 538 8882,,52.2156187,6.9707079,https://www.google.com/maps/place/Bakkerij+Dust/data=!4m7!3m6!1s0x47b81536dc711a4f:0x12fa026b912780fa!8m2!3d52.2156187!4d6.9707079!16s%2Fg%2F11fstnjzk4!19sChIJTxpx3DYVuEcR-oAnkWsC-hI?authuser=0&hl=nl&g_ep=EgoyMDI2MDkzMC4wIJJjKgBIAVAD&rclk=1
King of Konafa,Banketbakkerij,4.0,40,,"Kuipersdijk 3A, 7512 CA Enschede",053 785 1174,https://www.broasted-chicken.nl/,52.2161367,6.8966959,https://www.google.com/maps/place/King+of+Konafa/data=!4m7!3m6!1s0x47b8157d653d7421:0x889a5c15766c9156!8m2!3d52.2161367!4d6.8966959!16s%2Fg%2F11fpjrpgrq!19sChIJIXQ9ZX0VuEcRVpFsdhVcmog?authuser=0&hl=nl&g_ep=EgoyMDI2MDkzMC4wIJJjKgBIAVAD&rclk=1
Leen Bakker,Meubelwinkel,3.9,39,,"Schuttersveld 4, 7514 AL Enschede",053 433 8088,https://www.leenbakker.nl/,52.2255542,6.8807805,https://www.google.com/maps/place/Leen+Bakker/data=!4m7!3m6!1s0x47b813f34e515e3d:0xd3dc5057a9f7d1e3!8m2!3d52.2255542!4d6.8807805!16s%2Fg%2F1tcwf1d5!19sChIJPV5RTvMTuEcR49H3qVdQ3NM?authuser=0&hl=nl&g_ep=EgoyMDI2MDkzMC4wIJJjKgBIAVAD&rclk=1
Bakkerij Wouda De Echte Bakker,Bakkerij,4.4,44,,"Uitslagsweg 93-7, 7556 LN Hengelo",074 291 3058,http://www.bakkerwouda.nl/,52.2767828,6.792848,https://www.google.com/maps/place/Bakkerij+Wouda+De+Echte+Bakker/data=!4m7!3m6!1s0x47b811df69ad937d:0x27a59b11f9943205!8m2!3d52.2767828!4d6.792848!16s%2Fg%2F1tfsgg_g!19sChIJfZOtad8RuEcRBTKU-RGbpSc?authuser=0&hl=nl&g_ep=EgoyMDI2MDkzMC4wIJJjKgBIAVAD&rclk=1
Van der Poel Ijs,IJssalon,4.7,47,,"Bornsestraat 10, 7556 BG Hengelo",074 291 2093,https://www.vanderpoelijs.nl/,52.2683889,6.7916978,https://www.google.com/maps/place/Van+der+Poel+Ijs/data=!4m7!3m6!1s0x47b811e197848559:0x245697b7937ca9b1!8m2!3d52.2683889!4d6.7916978!16s%2Fg%2F1tp26bzt!19sChIJWYWEl-ERuEcRsal8k7eXViQ?authuser=0&hl=nl&g_ep=EgoyMDI2MDkzMC4wIJJjKgBIAVAD&rclk=1
de_Kottencake,Patisserie,5.0,50,,,06 48882102,https://www.dekottencake.nl/,52.4861422,6.4252747,https://www.google.com/maps/place/de_Kottencake/data=!4m7!3m6!1s0x5365f67c4769269:0xcf43d5f6f6de14d4!8m2!3d52.4861422!4d6.4252747!16s%2Fg%2F11v608r5b1!19sChIJaZJ2xGdfNgUR1BTe9vbVQ88?authuser=0&hl=nl&g_ep=EgoyMDI2MDkzMC4wIJJjKgBIAVAD&rclk=1
Craev,Dessertrestaurant,,,,"Zuiderhagen, 7511 GL Enschede",,https://www.craevcookies.com/,52.2194654,6.8939358,https://www.google.com/maps/place/Craev/data=!4m7!3m6!1s0x47b8151727b894cb:0xbdc882858cc84352!8m2!3d52.2194654!4d6.8939358!16s%2Fg%2F11nvxlzkx0!19sChIJy5S4JxcVuEcRUkPIjIWCyL0?authuser=0&hl=nl&g_ep=EgoyMDI2MDkzMC4wIJJjKgBIAVAD&rclk=1
"IJssalon ""De Singel""",IJssalon,4.7,47,,"Hogelandsingel 32, 7512 GE Enschede",053 430 3087,http://www.ijssalondesingel.nl/,52.215046,6.9095685,https://www.google.com/maps/place/IJssalon+%22De+Singel%22/data=!4m7!3m6!1s0x47b81468fe69e233:0xafeef99cb31b1dba!8m2!3d52.215046!4d6.9095685!16s%2Fg%2F1w0qz_74!19sChIJM-Jp_mgUuEcRuh0bs5z57q8?authuser=0&hl=nl&g_ep=EgoyMDI2MDkzMC4wIJJjKgBIAVAD&rclk=1
Onze IJsfiets,IJssalon,5.0,50,,"Boekelosestraat 53, 7548 AS Enschede",06 25159181,http://www.onzeijsfiets.nl/,52.2039183,6.8303784,https://www.google.com/maps/place/Onze+IJsfiets/data=!4m7!3m6!1s0x47b813bc201c2925:0xc59b6ede97982571!8m2!3d52.2039183!4d6.8303784!16s%2Fg%2F11rstkshp0!19sChIJJSkcILwTuEcRcSWYl95um8U?authuser=0&hl=nl&g_ep=EgoyMDI2MDkzMC4wIJJjKgBIAVAD&rclk=1
Di Paulos,IJssalon,4.4,44,"voor maar €8.""","Marktstraat 9, 7511 GC Enschede",06 44003533,https://httpsijssalon-dipauloslovableapp.lovable.app/,52.2208919,6.8941549,https://www.google.com/maps/place/Di+Paulos/data=!4m7!3m6!1s0x47b815917203443b:0x6e81009e8e43613e!8m2!3d52.2208919!4d6.8941549!16s%2Fg%2F11rnk9dz35!19sChIJO0QDcpEVuEcRPmFDjp4AgW4?authuser=0&hl=nl&g_ep=EgoyMDI2MDkzMC4wIJJjKgBIAVAD&rclk=1
Van der Poel Miro BV,IJssalon,4.3,43,,"Noord Esmarkerrondweg 431-2, 7533 BL Enschede",053 569 9996,http://www.vanderpoelijs.nl/,52.2190852,6.9270834,https://www.google.com/maps/place/Van+der+Poel+Miro+BV/data=!4m7!3m6!1s0x47b815004d87e9f7:0x553fedc0308e67c0!8m2!3d52.2190852!4d6.9270834!16s%2Fg%2F11y2yt70j_!19sChIJ9-mHTQAVuEcRwGeOMMDtP1U?authuser=0&hl=nl&g_ep=EgoyMDI2MDkzMC4wIJJjKgBIAVAD&rclk=1
IJssalon Hanninks Dientje,IJssalon,5.0,50,,"Usselerhofweg 2, 7548 RZ Enschede",,https://hanninkshof.nl/streekwinkel-hanninks-dientje/ijssalon/,52.2029958,6.8329865,https://www.google.com/maps/place/IJssalon+Hanninks+Dientje/data=!4m7!3m6!1s0x47b813006686760b:0xb4b04d1bc2af3e32!8m2!3d52.2029958!4d6.8329865!16s%2Fg%2F11nqm07g29!19sChIJC3aGZgATuEcRMj6vwhtNsLQ?authuser=0&hl=nl&g_ep=EgoyMDI2MDkzMC4wIJJjKgBIAVAD&rclk=1
Dedert IJs,IJssalon,,,,"Staalsteden 17, 7547 TA Enschede",,,52.2138457,6.8248811,https://www.google.com/maps/place/Dedert+IJs/data=!4m7!3m6!1s0x47b81253c4baa21f:0x73a4c8930022e18d!8m2!3d52.2138457!4d6.8248811!16s%2Fg%2F11fmtn8sfp!19sChIJH6K6xFMSuEcRjeEiAJPIpHM?authuser=0&hl=nl&g_ep=EgoyMDI2MDkzMC4wIJJjKgBIAVAD&rclk=1
Gelato Cafe Dolce Vita,Lunchrestaurant,3.8,38,,"Klanderij 19, 7511 HS Enschede",053 434 1180,https://nlcompanies.org/details/gelato-cafe-dolce-vita-ChIJKdL,52.2177987,6.8992273,https://www.google.com/maps/place/Gelato+Cafe+Dolce+Vita/data=!4m7!3m6!1s0x47b81471e4d0d229:0xec45eb03c38c57f8!8m2!3d52.2177987!4d6.8992273!16s%2Fg%2F1td52j1s!19sChIJKdLQ5HEUuEcR-FeMwwPrRew?authuser=0&hl=nl&g_ep=EgoyMDI2MDkzMC4wIJJjKgBIAVAD&rclk=1
Daniels ijs,Catering,4.9,49,,"Ketelmakerij 21, F, 7553 ZP Hengelo",06 13211261,https://www.daniels-ijs.nl/,52.2499447,6.7929858,https://www.google.com/maps/place/Daniels+ijs/data=!4m7!3m6!1s0x47b813f59e661217:0x38bb2d3bc42b7620!8m2!3d52.2499447!4d6.7929858!16s%2Fg%2F11vwk2yy3g!19sChIJFxJmnvUTuEcRIHYrxDstuzg?authuser=0&hl=nl&g_ep=EgoyMDI2MDkzMC4wIJJjKgBIAVAD&rclk=1
IJssalon 't Hoekje,IJssalon,4.7,47,,"G.J. van Heekstraat 20, 7521 EG Enschede",053 785 0412,,52.2269401,6.8727741,https://www.google.com/maps/place/IJssalon+%27t+Hoekje/data=!4m7!3m6!1s0x47b813ed16c24757:0xae501e28d01630f1!8m2!3d52.2269401!4d6.8727741!16s%2Fg%2F11g9mknyrm!19sChIJV0fCFu0TuEcR8TAW0CgeUK4?authuser=0&hl=nl&g_ep=EgoyMDI2MDkzMC4wIJJjKgBIAVAD&rclk=1
De Mini Bar,Bar,4.4,44,,"Bolwerkstraat 7, 7511 GP Enschede",,http://www.deminibarenschede.nl/,52.221661,6.895061,https://www.google.com/maps/place/De+Mini+Bar/data=!4m7!3m6!1s0x47b81473799b2245:0x6045f19e57c87913!8m2!3d52.221661!4d6.895061!16s%2Fg%2F11cmrbq0nb!19sChIJRSKbeXMUuEcRE3nIV57xRWA?authuser=0&hl=nl&g_ep=EgoyMDI2MDkzMC4wIJJjKgBIAVAD&rclk=1
Aspen Valley Enschede,Discotheek,3.0,30,,"18, Oude Markt, 7511 GB Enschede",,http://www.aspenvalleyenschede.nl/,52.2210416,6.8960838,https://www.google.com/maps/place/Aspen+Valley+Enschede/data=!4m7!3m6!1s0x47b81473a1e97a71:0xdb629c79c2c0677!8m2!3d52.2210416!4d6.8960838!16s%2Fg%2F1tdndb28!19sChIJcXrpoXMUuEcRdwYsnMcptg0?authuser=0&hl=nl&g_ep=EgoyMDI2MDkzMC4wIJJjKgBIAVAD&rclk=1
ANTIA,Nachtclub,4.7,47,,"Noorderhagen 2, 7511 EL Enschede",,http://antia.nl/,52.2214789,6.8940592,https://www.google.com/maps/place/ANTIA/data=!4m7!3m6!1s0x47b8150048752437:0xf0e58f80917b5f8e!8m2!3d52.2214789!4d6.8940592!16s%2Fg%2F11zjpj8t3p!19sChIJNyR1SAAVuEcRjl97kYCP5fA?authuser=0&hl=nl&g_ep=EgoyMDI2MDkzMC4wIJJjKgBIAVAD&rclk=1
Zing It! | Enschede,Karaokebar,5.0,50,,"Stadsgravenstraat 51, 7511 EP Enschede",,https://zingit.nl/index.php/enschede/,52.22136,6.8962051,https://www.google.com/maps/place/Zing+It!+%7C+Enschede/data=!4m7!3m6!1s0x47b81592fb77a3c3:0x8be9d5bbd3246493!8m2!3d52.22136!4d6.8962051!16s%2Fg%2F11kpzv3r0z!19sChIJw6N3-5IVuEcRk2Qk07vV6Ys?authuser=0&hl=nl&g_ep=EgoyMDI2MDkzMC4wIJJjKgBIAVAD&rclk=1
RGB Silent Disco Bar,Discotheek,4.4,44,,"Stadsgravenstraat 13, 7511 EP Enschede",06 17071713,https://www.rgb.nl/,52.2214025,6.8946378,https://www.google.com/maps/place/RGB+Silent+Disco+Bar/data=!4m7!3m6!1s0x47b815c2a7ca9237:0x9fb0c261eaf9246!8m2!3d52.2214025!4d6.8946378!16s%2Fg%2F11wmt9x4h6!19sChIJN5LKp8IVuEcRRpKvHiYM-wk?authuser=0&hl=nl&g_ep=EgoyMDI2MDkzMC4wIJJjKgBIAVAD&rclk=1
The Old Irish Pub - Enschede,Ierse pub,3.2,32,,"Bolwerkstraat 4, 7511 GP Enschede",06 25121781,https://oldirishpub.nl/nl/page/voorpagina,52.2217261,6.8953382,https://www.google.com/maps/place/The+Old+Irish+Pub+-+Enschede/data=!4m7!3m6!1s0x47b815179264e85b:0xa9ad1058df9ab54b!8m2!3d52.2217261!4d6.8953382!16s%2Fg%2F11y7c__7fh!19sChIJW-hkkhcVuEcRS7Wa31gQrak?authuser=0&hl=nl&g_ep=EgoyMDI2MDkzMC4wIJJjKgBIAVAD&rclk=1
Hey Joe! Bar & Loft,Bar,4.4,44,€ 20-30…,"Klokkenplas 1, 7511 NN Enschede",053 231 4101,https://heyjoe.bar/,52.2199721,6.8963841,https://www.google.com/maps/place/Hey+Joe!+Bar+%26+Loft/data=!4m7!3m6!1s0x47b815fd8867f4d1:0x525ec7461b1bcd8b!8m2!3d52.2199721!4d6.8963841!16s%2Fg%2F11l26s7sdv!19sChIJ0fRniP0VuEcRi80bG0bHXlI?authuser=0&hl=nl&g_ep=EgoyMDI2MDkzMC4wIJJjKgBIAVAD&rclk=1
Podium Enschede,Karaokebar,3.8,38,,"Geen, 7511 EL Enschede",,https://nlcompanies.org/details/podium-enschede-ChIJa8p,52.221756,6.894698,https://www.google.com/maps/place/Podium+Enschede/data=!4m7!3m6!1s0x47b815d23043ca6b:0x9dfc535d06d342e6!8m2!3d52.221756!4d6.894698!16s%2Fg%2F11l888v81l!19sChIJa8pDMNIVuEcR5kLTBl1T_J0?authuser=0&hl=nl&g_ep=EgoyMDI2MDkzMC4wIJJjKgBIAVAD&rclk=1
Tex Town Tigers,Sportclub,4.6,46,,"Kotkampweg 119, 7531 AS Enschede",053 434 3057,https://www.textowntigers.nl/,52.2336111,6.9116667,https://www.google.com/maps/place/Tex+Town+Tigers/data=!4m7!3m6!1s0x47b814175644fa37:0x39d7c6e39b29f059!8m2!3d52.2336111!4d6.9116667!16s%2Fg%2F1tfdxy9v!19sChIJN_pEVhcUuEcRWfApm-PG1zk?authuser=0&hl=nl&g_ep=EgoyMDI2MDkzMC4wIJJjKgBIAVAD&rclk=1
Bowling Enschede🎳,Bowlingbaan,4.0,40,,"Colosseum 72, 7521 PT Enschede",053 475 3456,http://www.bowling-enschede.nl/?utm_source=Google%20Business%20Profile&utm_medium=URL&utm_campaign=Website,52.2392655,6.8331957,https://www.google.com/maps/place/Bowling+Enschede%F0%9F%8E%B3/data=!4m7!3m6!1s0x47b8122d9e2eb61b:0x9363331163e67966!8m2!3d52.2392655!4d6.8331957!16s%2Fg%2F1tf_ghcl!19sChIJG7Yuni0SuEcRZnnmYxEzY5M?authuser=0&hl=nl&g_ep=EgoyMDI2MDkzMC4wIJJjKgBIAVAD&rclk=1
Midgetgolf Enschede,Midgetgolfbaan,4.2,42,(€9ppp,"Colosseum 80, 7521 PT Enschede",053 820 0300,http://www.midgetgolf-enschede.nl/,52.2380705,6.8341543,https://www.google.com/maps/place/Midgetgolf+Enschede/data=!4m7!3m6!1s0x47b8122d6de15059:0xd21484b241062d5e!8m2!3d52.2380705!4d6.8341543!16s%2Fg%2F11fmtmpst2!19sChIJWVDhbS0SuEcRXi0GQbKEFNI?authuser=0&hl=nl&g_ep=EgoyMDI2MDkzMC4wIJJjKgBIAVAD&rclk=1
Stichting Borrelbeheer TAP,Bar,4.8,48,,"Carré 5251, Hallenweg 23, 7522 NH Enschede",053 489 3050,,52.2380053,6.8583672,https://www.google.com/maps/place/Stichting+Borrelbeheer+TAP/data=!4m7!3m6!1s0x47b813dcbc24a7bd:0x9ffa08a3686b3b48!8m2!3d52.2380053!4d6.8583672!16s%2Fg%2F11dx8__v9g!19sChIJvackvNwTuEcRSDtraKMI-p8?authuser=0&hl=nl&g_ep=EgoyMDI2MDkzMC4wIJJjKgBIAVAD&rclk=1
Borrelruimte MBasement,Bar,4.4,44,,7522 NH Enschede,053 489 3756,https://sbz.utwente.nl/,52.2390984,6.8560307,https://www.google.com/maps/place/Borrelruimte+MBasement/data=!4m7!3m6!1s0x47b813db72ebc6ab:0x4f378a4056d24b6b!8m2!3d52.2390984!4d6.8560307!16s%2Fg%2F11b7c400rg!19sChIJq8brctsTuEcRa0vSVkCKN08?authuser=0&hl=nl&g_ep=EgoyMDI2MDkzMC4wIJJjKgBIAVAD&rclk=1
Technobar,Bar,4.3,43,,"Hallenweg 5, 7521 AN Enschede",053 489 2491,https://www.paradoks.utwente.nl/vereniging/afstudeerborrel,52.2370573,6.8557916,https://www.google.com/maps/place/Technobar/data=!4m7!3m6!1s0x47b8131eab7cbb21:0xfbbffcd34951270e!8m2!3d52.2370573!4d6.8557916!16s%2Fg%2F11h_4sm97w!19sChIJIbt8qx4TuEcRDidRSdP8v_s?authuser=0&hl=nl&g_ep=EgoyMDI2MDkzMC4wIJJjKgBIAVAD&rclk=1
Borrelkelder Diepzat,Bar,,,"Spot goedkoop bier. €0,50 voor een biertje, goedkoper dan dat ga je het niet krijgen in Enschede. Knappe tappers. Helaas niet altijd open.","De Achterhorst 50, 7522 LW Enschede",053 489 2531,,52.2377238,6.8610991,https://www.google.com/maps/place/Borrelkelder+Diepzat/data=!4m7!3m6!1s0x47b813dd2153985f:0x74dd2f8c9dc77f32!8m2!3d52.2377238!4d6.8610991!16s%2Fg%2F11g6xh8cm7!19sChIJX5hTId0TuEcRMn_HnYwv3XQ?authuser=0&hl=nl&g_ep=EgoyMDI2MDkzMC4wIJJjKgBIAVAD&rclk=1
Café Buurman & Buurman,Bar,4.9,49,,"Hoge Bothofstraat 25, 7524 AA Enschede",,,52.2225453,6.9004373,https://www.google.com/maps/place/Caf%C3%A9+Buurman+%26+Buurman/data=!4m7!3m6!1s0x47b815003142a76d:0x18e453845b380887!8m2!3d52.2225453!4d6.9004373!16s%2Fg%2F11z80mq7s8!19sChIJbadCMQAVuEcRhwg4W4RT5Bg?authuser=0&hl=nl&g_ep=EgoyMDI2MDkzMC4wIJJjKgBIAVAD&rclk=1
Sociëteit De Sevende Camer,Sportcafé,4.8,48,€ 10-20…,"Auke Vleerstraat 99, 7547 AN Enschede",,https://sevendecamer.nl/,52.2310591,6.8407809,https://www.google.com/maps/place/Soci%C3%ABteit+De+Sevende+Camer/data=!4m7!3m6!1s0x47b813cbadd85be3:0x36d9ed7505a0c08e!8m2!3d52.2310591!4d6.8407809!16s%2Fg%2F1vpprlwh!19sChIJ41vYrcsTuEcRjsCgBXXt2TY?authuser=0&hl=nl&g_ep=EgoyMDI2MDkzMC4wIJJjKgBIAVAD&rclk=1
Breurs Boekelo,Restaurant,4.9,49,,"Beckumerstraat 20, 7548 BG Enschede",053 428 1902,http://breursboekelo.nl/,52.2039546,6.7979905,https://www.google.com/maps/place/Breurs+Boekelo/data=!4m7!3m6!1s0x47b813e24bd62d41:0x342fd5b64aba3988!8m2!3d52.2039546!4d6.7979905!16s%2Fg%2F11s1pvqbp8!19sChIJQS3WS-ITuEcRiDm6SrbVLzQ?authuser=0&hl=nl&g_ep=EgoyMDI2MDkzMC4wIJJjKgBIAVAD&rclk=1
Bar Mood,Bar,4.1,41,€ 40-50…,"Walstraat 4, 7511 GH Enschede",06 50265496,https://nlnavimap.top/details/bar-mood-ChIJf0N,52.2190845,6.8950095,https://www.google.com/maps/place/Bar+Mood/data=!4m7!3m6!1s0x47b81529bd51437f:0x91b6cb45cef811af!8m2!3d52.2190845!4d6.8950095!16s%2Fg%2F11j8lhrc7_!19sChIJf0NRvSkVuEcRrxH4zkXLtpE?authuser=0&hl=nl&g_ep=EgoyMDI2MDkzMC4wIJJjKgBIAVAD&rclk=1
Cafe/Partycenter Vrieler,Café,,,,"Brinkstraat 301-303, 7541 AR Enschede",053 432 3719,https://vrieler.nl/,52.2102089,6.9080808,https://www.google.com/maps/place/Cafe%2FPartycenter+Vrieler/data=!4m7!3m6!1s0x47b8146650de1b63:0x93c16d1075ea1c26!8m2!3d52.2102089!4d6.9080808!16s%2Fg%2F1xtf0n7l!19sChIJYxveUGYUuEcRJhzqdRBtwZM?authuser=0&hl=nl&g_ep=EgoyMDI2MDkzMC4wIJJjKgBIAVAD&rclk=1
The Jungle Bar,Bar,,,,"Stadsgravenstraat 19, 7511 EP Enschede",085 400 4488,https://littlemonkeystudenthousing.com/,52.2214109,6.8949425,https://www.google.com/maps/place/The+Jungle+Bar/data=!4m7!3m6!1s0x47b815453ff69d15:0x2c289360191feda2!8m2!3d52.2214109!4d6.8949425!16s%2Fg%2F11yvg7vzw2!19sChIJFZ32P0UVuEcRou0fGWCTKCw?authuser=0&hl=nl&g_ep=EgoyMDI2MDkzMC4wIJJjKgBIAVAD&rclk=1
Magic Bar,Bar,3.8,38,,"Stadsgravenstraat 9, 7511 EP Enschede",06 28423888,https://www.facebook.com/magicenschede/,52.221363,6.8944798,https://www.google.com/maps/place/Magic+Bar/data=!4m7!3m6!1s0x47b81473803a7799:0xf9e39a4ce8bf4905!8m2!3d52.221363!4d6.8944798!16s%2Fg%2F11c3283c24!19sChIJmXc6gHMUuEcRBUm_6Eya4_k?authuser=0&hl=nl&g_ep=EgoyMDI2MDkzMC4wIJJjKgBIAVAD&rclk=1
Bar,,,,,,,,52.2431695,6.8522255,https://www.google.com/maps/place/Bar/data=!4m7!3m6!1s0x47b813d9fb5eb55f:0xab01cbd06c7a68f9!8m2!3d52.2431695!4d6.8522255!16s%2Fg%2F1ptwx_h54!19sChIJX7Ve-9kTuEcR-Wh6bNDLAas?authuser=0&hl=nl&g_ep=EgoyMDI2MDkzMC4wIJJjKgBIAVAD&rclk=1
't Kroegje,Bar,4.6,46,,"Stadsgravenstraat 16, 7511 ES Enschede",,https://nlcompanies.org/details/t-kroegje-ChIJC5f,52.2213081,6.8945205,https://www.google.com/maps/place/%27%27t+Kroegje%27/data=!4m7!3m6!1s0x47b815a606ff970b:0xa121a2bee82b1d7c!8m2!3d52.2213081!4d6.8945205!16s%2Fg%2F11pxlrz1kv!19sChIJC5f_BqYVuEcRfB0r6L6iIaE?authuser=0&hl=nl&g_ep=EgoyMDI2MDkzMC4wIJJjKgBIAVAD&rclk=1
The Beautique Bar Enschede,Schoonheidssalon,5.0,50,,"Laaressingel 127, 7514 EN Enschede",06 42259747,https://www.thebeautiquebar.nl/,52.2285464,6.9075032,https://www.google.com/maps/place/The+Beautique+Bar+Enschede/data=!4m7!3m6!1s0x47b815cec2c3f943:0xbf58a764f1415c17!8m2!3d52.2285464!4d6.9075032!16s%2Fg%2F11w7hktbbt!19sChIJQ_nDws4VuEcRF1xB8WSnWL8?authuser=0&hl=nl&g_ep=EgoyMDI2MDkzMC4wIJJjKgBIAVAD&rclk=1
Cafetaria post,Snackbar,5.0,50,,"Lipperkerkstraat 246, 7533 AJ Enschede",053 431 8878,https://www.cafetariapost.nl/,52.2227002,6.914929,https://www.google.com/maps/place/Cafetaria+post/data=!4m7!3m6!1s0x47b815006ce99007:0x3b071b27356b3438!8m2!3d52.2227002!4d6.914929!16s%2Fg%2F11ltsq3r59!19sChIJB5DpbAAVuEcRODRrNScbBzs?authuser=0&hl=nl&g_ep=EgoyMDI2MDkzMC4wIJJjKgBIAVAD&rclk=1
Café Berfloplein,Cafetaria,4.4,44,,"Berfloplein 6, 7553 JZ Hengelo",074 242 9907,,52.2533616,6.7987324,https://www.google.com/maps/place/Caf%C3%A9+Berfloplein/data=!4m7!3m6!1s0x47b811f82de09129:0x873d8d0db6eb73!8m2!3d52.2533616!4d6.7987324!16s%2Fg%2F1tgprpvk!19sChIJKZHgLfgRuEcRc-u2DY09hwA?authuser=0&hl=nl&g_ep=EgoyMDI2MDkzMC4wIJJjKgBIAVAD&rclk=1
Cafetaria Peho,Frituur,4.3,43,,"Boekeloseweg 81, 7553 DL Hengelo",074 250 9773,http://www.cafetariapeho.nl/,52.2535889,6.7878872,https://www.google.com/maps/place/Cafetaria+Peho/data=!4m7!3m6!1s0x47b811ffb9c34e5b:0x68506b49dec2b743!8m2!3d52.2535889!4d6.7878872!16s%2Fg%2F1vd944vw!19sChIJW07Duf8RuEcRQ7fC3klrUGg?authuser=0&hl=nl&g_ep=EgoyMDI2MDkzMC4wIJJjKgBIAVAD&rclk=1
"Snack & Grillroom ""Groot-Driene""",Frituur,4.1,41,,"Willem de Merodestraat 104, 7552 WZ Hengelo",074 291 9965,http://www.snackbargrootdriene.nl/,52.2628619,6.8206196,https://www.google.com/maps/place/Snack+%26+Grillroom+%22Groot-Driene%22/data=!4m7!3m6!1s0x47b811922fc31bfd:0x16ad011d92470558!8m2!3d52.2628619!4d6.8206196!16s%2Fg%2F1tmqkw1x!19sChIJ_RvDL5IRuEcRWAVHkh0BrRY?authuser=0&hl=nl&g_ep=EgoyMDI2MDkzMC4wIJJjKgBIAVAD&rclk=1
Cafetaria 't Centrum,Cafetaria,3.6,36,,"Willemstraat 50, 7551 DN Hengelo",074 243 0914,https://www.hengelocentrum.nl/,52.2655347,6.790493,https://www.google.com/maps/place/Cafetaria+%27t+Centrum/data=!4m7!3m6!1s0x47b811e26802c4e3:0x7899c8b2ed80b13!8m2!3d52.2655347!4d6.790493!16s%2Fg%2F1td9v5p5!19sChIJ48QCaOIRuEcREwvYLouciQc?authuser=0&hl=nl&g_ep=EgoyMDI2MDkzMC4wIJJjKgBIAVAD&rclk=1
Cafetaria Twente Corner XL,Cafetaria,4.4,44,,"Mozartlaan 21, 7557 DK Hengelo",074 303 0503,http://www.twentecornerxl.nl/,52.2677749,6.8104631,https://www.google.com/maps/place/Cafetaria+Twente+Corner+XL/data=!4m7!3m6!1s0x47b811f7257fbfc7:0x17789375bf8ca97e!8m2!3d52.2677749!4d6.8104631!16s%2Fg%2F11sqqk040q!19sChIJx79_JfcRuEcRfqmMv3WTeBc?authuser=0&hl=nl&g_ep=EgoyMDI2MDkzMC4wIJJjKgBIAVAD&rclk=1
Eetcafé Wooldrik,Cafetaria,3.9,39,,"Wooldrikshoekweg 48, 7535 DC Enschede",053 432 9495,https://www.eetcafewooldrik.nl/#menu,52.2175619,6.9209636,https://www.google.com/maps/place/Eetcaf%C3%A9+Wooldrik/data=!4m7!3m6!1s0x47b81446ac6bc6dd:0xe90ae382b6327f8b!8m2!3d52.2175619!4d6.9209636!16s%2Fg%2F1tql3vw8!19sChIJ3cZrrEYUuEcRi38ytoLjCuk?authuser=0&hl=nl&g_ep=EgoyMDI2MDkzMC4wIJJjKgBIAVAD&rclk=1
AnyTyme Veldwijk,Cafetaria,4.0,40,,"Apolloplein 2a, 7552 VG Hengelo",074 234 0020,http://www.anytymeveldwijk.nl/,52.2541808,6.8056878,https://www.google.com/maps/place/AnyTyme+Veldwijk/data=!4m7!3m6!1s0x47b811869070013f:0x87b7894ef6b1299d!8m2!3d52.2541808!4d6.8056878!16s%2Fg%2F11wh6j9q0h!19sChIJPwFwkIYRuEcRnSmx9k6Jt4c?authuser=0&hl=nl&g_ep=EgoyMDI2MDkzMC4wIJJjKgBIAVAD&rclk=1
Cafetaria de Snieder,Cafetaria,4.6,46,,"Bornsestraat 78, 7556 BH Hengelo",074 349 2326,http://www.eetcafedesnieder.nl/,52.2699143,6.7901417,https://www.google.com/maps/place/Cafetaria+de+Snieder/data=!4m7!3m6!1s0x47b811e1d4361523:0x4a8675c511879fc9!8m2!3d52.2699143!4d6.7901417!16s%2Fg%2F1hc7xxcch!19sChIJIxU21OERuEcRyZ-HEcV1hko?authuser=0&hl=nl&g_ep=EgoyMDI2MDkzMC4wIJJjKgBIAVAD&rclk=1
Cafetaria De Es🍟,Restaurant,4.2,42,,"Industriestraat 67, 7553 CL Hengelo",074 291 5526,https://www.cafetaria-de-es-hengelo.nl/,52.2561368,6.7863623,https://www.google.com/maps/place/Cafetaria+De+Es%F0%9F%8D%9F/data=!4m7!3m6!1s0x47b80e01e26a4ba9:0xc202099ca22c06fa!8m2!3d52.2561368!4d6.7863623!16s%2Fg%2F1tcwvt1w!19sChIJqUtq4gEOuEcR-gYsopwJAsI?authuser=0&hl=nl&g_ep=EgoyMDI2MDkzMC4wIJJjKgBIAVAD&rclk=1
The 49,Hamburgerrestaurant,4.5,45,,"Molenstraat 13, 7551 DA Hengelo",074 785 0431,http://www.the49hengelo.nl/,52.263484,6.7939996,https://www.google.com/maps/place/The+49/data=!4m7!3m6!1s0x47b81153e5030dc9:0x24b60009c0698f83!8m2!3d52.263484!4d6.7939996!16s%2Fg%2F11vlsvpf7c!19sChIJyQ0D5VMRuEcRg49pwAkAtiQ?authuser=0&hl=nl&g_ep=EgoyMDI2MDkzMC4wIJJjKgBIAVAD&rclk=1
De Blije Belg🍟,Cafetaria,4.3,43,,"Oldenzaalsestraat 213, 7557 GK Hengelo",074 852 7744,http://www.deblijebelg.nl/,52.270547,6.805536,https://www.google.com/maps/place/De+Blije+Belg%F0%9F%8D%9F/data=!4m7!3m6!1s0x47b811e8405c882b:0xfb87d50676dc093c!8m2!3d52.270547!4d6.805536!16s%2Fg%2F1tdxzzlz!19sChIJK4hcQOgRuEcRPAncdgbVh_s?authuser=0&hl=nl&g_ep=EgoyMDI2MDkzMC4wIJJjKgBIAVAD&rclk=1
Cafetaria Tuindorp Catering,Cafetaria,,,,"Dieselstraat 1, 7553 TH Hengelo",074 291 4313,http://www.cafetariatuindorp.nl/,52.2543683,6.7769989,https://www.google.com/maps/place/Cafetaria+Tuindorp+Catering/data=!4m7!3m6!1s0x47b80e0719f50431:0xca26f568cd126664!8m2!3d52.2543683!4d6.7769989!16s%2Fg%2F1td9v5nl!19sChIJMQT1GQcOuEcRZGYSzWj1Jso?authuser=0&hl=nl&g_ep=EgoyMDI2MDkzMC4wIJJjKgBIAVAD&rclk=1
Cafetaria De Kastelein,Cafetaria,4.3,43,,"Wilderinksstraat 2, 7555 DT Hengelo",074 291 7825,https://www.dekasteleinhengelo.nl/,52.2585812,6.7760348,https://www.google.com/maps/place/Cafetaria+De+Kastelein/data=!4m7!3m6!1s0x47b80e05cf47a04d:0xe467c18e5c21de0!8m2!3d52.2585812!4d6.7760348!16s%2Fg%2F1tdg28zj!19sChIJTaBHzwUOuEcR4B3C5Rh8Rg4?authuser=0&hl=nl&g_ep=EgoyMDI2MDkzMC4wIJJjKgBIAVAD&rclk=1
"Automatiek ""De Markt""",Cafetaria,4.0,40,,"Marktstraat 7, 7551 DR Hengelo",074 243 5678,http://www.automatiek-demarkt-hengelo.nl/,52.2647103,6.7920207,https://www.google.com/maps/place/Automatiek+%22De+Markt%22/data=!4m7!3m6!1s0x47b811e300063a1f:0xfef00dc61317405e!8m2!3d52.2647103!4d6.7920207!16s%2Fg%2F1tppr0yb!19sChIJHzoGAOMRuEcRXkAXE8YN8P4?authuser=0&hl=nl&g_ep=EgoyMDI2MDkzMC4wIJJjKgBIAVAD&rclk=1
Cafetaria Li Corner ( Voorheen Marcel ),Cafetaria,4.3,43,,"Wolter ten Catestraat 11, 7551 HW Hengelo",074 291 7661,https://www.licornerhengelo.nl/,52.2646569,6.800536,https://www.google.com/maps/place/Cafetaria+Li+Corner+%28+Voorheen+Marcel+%29/data=!4m7!3m6!1s0x47b811e5a2151899:0xbc82f21f4300c2d3!8m2!3d52.2646569!4d6.800536!16s%2Fg%2F1tmz601p!19sChIJmRgVouURuEcR08IAQx_ygrw?authuser=0&hl=nl&g_ep=EgoyMDI2MDkzMC4wIJJjKgBIAVAD&rclk=1
Late Night Snack Shop,Maaltijdbezorging,1.6,16,,"Kuipersdijk 168, 7512 CM Enschede",053 851 2913,https://www.late-night-snack-shop-enschede.nl/contact,52.2116008,6.8951743,https://www.google.com/maps/place/Late+Night+Snack+Shop/data=!4m7!3m6!1s0x47b8147a58eeaaab:0x9bacdb8f521f7364!8m2!3d52.2116008!4d6.8951743!16s%2Fg%2F11hyzydl8k!19sChIJq6ruWHoUuEcRZHMfUo_brJs?authuser=0&hl=nl&g_ep=EgoyMDI2MDkzMC4wIJJjKgBIAVAD&rclk=1
Frank's Snackbar,Snackbar,4.2,42,,"Twekkelerweg 126, 7553 LN Hengelo",074 291 6615,https://www.facebook.com/p/Franks-snackbar-100093014610141/,52.2548735,6.8016329,https://www.google.com/maps/place/Frank%27s+Snackbar/data=!4m7!3m6!1s0x47b811f7156076c7:0x80807991b4e830ba!8m2!3d52.2548735!4d6.8016329!16s%2Fg%2F1td41kvm!19sChIJx3ZgFfcRuEcRujDotJF5gIA?authuser=0&hl=nl&g_ep=EgoyMDI2MDkzMC4wIJJjKgBIAVAD&rclk=1
Broasted Chicken,Kiprestaurant,4.1,41,,"Kuipersdijk 5A, 7512 CA Enschede",053 785 9785,https://www.broasted-chicken.nl/,52.2161681,6.8962882,https://www.google.com/maps/place/Broasted+Chicken/data=!4m7!3m6!1s0x47b8147100fa0aa7:0xe425f997744c3a29!8m2!3d52.2161681!4d6.8962882!16s%2Fg%2F11cly7r8nn!19sChIJpwr6AHEUuEcRKTpMdJf5JeQ?authuser=0&hl=nl&g_ep=EgoyMDI2MDkzMC4wIJJjKgBIAVAD&rclk=1
Hola,Grillrestaurant,4.1,41,,"Kuipersdijk 110, 7512 CL Enschede",053 431 5609,http://www.holagrill-app.nl/,52.213079,6.8957774,https://www.google.com/maps/place/Hola/data=!4m7!3m6!1s0x47b815c82a8c7963:0xa5f0cde933961013!8m2!3d52.213079!4d6.8957774!16s%2Fg%2F11jx634tl8!19sChIJY3mMKsgVuEcRExCWM-nN8KU?authuser=0&hl=nl&g_ep=EgoyMDI2MDkzMC4wIJJjKgBIAVAD&rclk=1
De Helmer Pizzeria en Grillroom,Restaurant,3.6,36,,"Kevelhamhoek 95, 7546 EX Enschede",053 478 7561,http://www.dehelmer.com/,52.1938465,6.8556049,https://www.google.com/maps/place/De+Helmer+Pizzeria+en+Grillroom/data=!4m7!3m6!1s0x47b8136d64529c19:0x21edef053e8eb706!8m2!3d52.1938465!4d6.8556049!16s%2Fg%2F1td4tc09!19sChIJGZxSZG0TuEcRBreOPgXv7SE?authuser=0&hl=nl&g_ep=EgoyMDI2MDkzMC4wIJJjKgBIAVAD&rclk=1
AKAY Kebab (Foodtruck),Kebabzaak,4.6,46,,"Wethouder Nijhuisstraat, 7545 BP Enschede",06 21562285,https://akaykebap.nl/,52.2126364,6.8624143,https://www.google.com/maps/place/AKAY+Kebab+%28Foodtruck%29/data=!4m7!3m6!1s0x47b813004be3b1ff:0x5b8772f7226ea8db!8m2!3d52.2126364!4d6.8624143!16s%2Fg%2F11xz4bw81h!19sChIJ_7HjSwATuEcR26huIvdyh1s?authuser=0&hl=nl&g_ep=EgoyMDI2MDkzMC4wIJJjKgBIAVAD&rclk=1
Ozlem Groothandel in Shoarmavlees,Groothandelaar,4.4,44,,"De Giem 16, 7547 SV Enschede",053 430 1259,http://www.ozlemfood.nl/,52.2213301,6.8375431,https://www.google.com/maps/place/Ozlem+Groothandel+in+Shoarmavlees/data=!4m7!3m6!1s0x47b813b391ac6b25:0x35b6ea1238862226!8m2!3d52.2213301!4d6.8375431!16s%2Fg%2F1td1chcx!19sChIJJWuskbMTuEcRJiKGOBLqtjU?authuser=0&hl=nl&g_ep=EgoyMDI2MDkzMC4wIJJjKgBIAVAD&rclk=1
Aras Bezorg & Afhaal Service,Restaurant,3.8,38,,"Oostveenweg 40, 7533 VV Enschede",053 231 5418,http://www.arasgrill.nl/,52.2227109,6.9152078,https://www.google.com/maps/place/Aras+Bezorg+%26+Afhaal+Service/data=!4m7!3m6!1s0x47b81440002b6dbf:0xc80ef88a8dcb6dc9!8m2!3d52.2227109!4d6.9152078!16s%2Fg%2F11h50l4nw0!19sChIJv20rAEAUuEcRyW3LjYr4Dsg?authuser=0&hl=nl&g_ep=EgoyMDI2MDkzMC4wIJJjKgBIAVAD&rclk=1
Houseofdoner,Afhaalrestaurant,5.0,50,,"De Posten 163, 7544 LR Enschede",06 20551554,http://houseofdonerenschede.nl/,52.1865162,6.8822557,https://www.google.com/maps/place/Houseofdoner/data=!4m7!3m6!1s0x47b815ba754f9779:0xd947cc5f1c6482f5!8m2!3d52.1865162!4d6.8822557!16s%2Fg%2F11z14y2b7z!19sChIJeZdPdboVuEcR9YJkHF_MR9k?authuser=0&hl=nl&g_ep=EgoyMDI2MDkzMC4wIJJjKgBIAVAD&rclk=1
VIP Döner,Kebabzaak,4.7,47,,"Enscheder Str. 69, 48599 Gronau (Westfalen), Duitsland",,,52.2130606,7.0103592,https://www.google.com/maps/place/VIP+D%C3%B6ner/data=!4m7!3m6!1s0x47b83f0986c8dfa5:0x74b80571f31fd662!8m2!3d52.2130606!4d7.0103592!16s%2Fg%2F11s8g3w428!19sChIJpd_Ihgk_uEcRYtYf83EFuHQ?authuser=0&hl=nl&g_ep=EgoyMDI2MDkzMC4wIJJjKgBIAVAD&rclk=1
Bakkerij Zuid,Bakkerij,5.0,50,,"Wesseler-Nering 2G, 7544 JA Enschede",053 230 0078,,52.192068,6.8803801,https://www.google.com/maps/place/Bakkerij+Zuid/data=!4m7!3m6!1s0x47b815000ac80ed9:0x4fbb4bb0839f873a!8m2!3d52.192068!4d6.8803801!16s%2Fg%2F11z6svvb9r!19sChIJ2Q7ICgAVuEcROoefg7BLu08?authuser=0&hl=nl&g_ep=EgoyMDI2MDkzMC4wIJJjKgBIAVAD&rclk=1
Restaurant Pars,Perzisch restaurant,4.9,49,,"Brinkstraat 83, 7512 EC Enschede",053 574 5663,https://restaurantpars.nl/,52.215697,6.9003455,https://www.google.com/maps/place/Restaurant+Pars/data=!4m7!3m6!1s0x47b81514eb053005:0xed2a097410becf71!8m2!3d52.215697!4d6.9003455!16s%2Fg%2F11z0kr7vvt!19sChIJBTAF6xQVuEcRcc--EHQJKu0?authuser=0&hl=nl&g_ep=EgoyMDI2MDkzMC4wIJJjKgBIAVAD&rclk=1
Smokeys BBQ,Barbecuerestaurant,4.4,44,,"Zweringweg 20, 7545 CW Enschede",06 18847188,https://www.smokeys-bbq.nl/,52.2142729,6.8715167,https://www.google.com/maps/place/Smokeys+BBQ/data=!4m7!3m6!1s0x47b813387034aaf9:0x58bdf400e56a8ad9!8m2!3d52.2142729!4d6.8715167!16s%2Fg%2F11wg5159rn!19sChIJ-ao0cDgTuEcR2Ypq5QD0vVg?authuser=0&hl=nl&g_ep=EgoyMDI2MDkzMC4wIJJjKgBIAVAD&rclk=1
Crown Food | Taste The Difference,Groothandelaar,4.5,45,,"De Ossenboer 15, 7547 SJ Enschede",053 431 4071,https://crownfoodxl.nl/,52.2211371,6.8444598,https://www.google.com/maps/place/Crown+Food+%7C+Taste+The+Difference/data=!4m7!3m6!1s0x47b813b22db44de1:0xf95114f045dfb4a9!8m2!3d52.2211371!4d6.8444598!16s%2Fg%2F1thk_y7b!19sChIJ4U20LbITuEcRqbTfRfAUUfk?authuser=0&hl=nl&g_ep=EgoyMDI2MDkzMC4wIJJjKgBIAVAD&rclk=1
Daily Burgers,Hamburgerrestaurant,3.8,38,,"Kuipersdijk 3B, 7512 CA Enschede",053 478 7644,https://dailyburgers-enschede.nl/,52.2161677,6.8967569,https://www.google.com/maps/place/Daily+Burgers/data=!4m7!3m6!1s0x47b815011a368d0d:0xf352c4f917946096!8m2!3d52.2161677!4d6.8967569!16s%2Fg%2F11g4jpm74j!19sChIJDY02GgEVuEcRlmCUF_nEUvM?authuser=0&hl=nl&g_ep=EgoyMDI2MDkzMC4wIJJjKgBIAVAD&rclk=1
Burger en Grill,Maaltijdbezorging,1.8,18,,"Elferinksweg 99, 7545 KC Enschede",053 230 3036,,52.2144709,6.8679928,https://www.google.com/maps/place/Burger+en+Grill/data=!4m7!3m6!1s0x47b813a52d561e31:0xd2db4c381fea3e54!8m2!3d52.2144709!4d6.8679928!16s%2Fg%2F11hdqjyscn!19sChIJMR5WLaUTuEcRVD7qHzhM29I?authuser=0&hl=nl&g_ep=EgoyMDI2MDkzMC4wIJJjKgBIAVAD&rclk=1
Brinkers Food B.V.,Groothandel in levensmiddelen,4.8,48,,"Marssteden 58, 7547 TD Enschede",053 428 2725,http://www.brinkers.com/,52.215498,6.814509,https://www.google.com/maps/place/Brinkers+Food+B.V./data=!4m7!3m6!1s0x47b8125a555b0803:0xb29ac63d128974f7!8m2!3d52.215498!4d6.814509!16s%2Fg%2F1tdm2t67!19sChIJAwhbVVoSuEcR93SJEj3GmrI?authuser=0&hl=nl&g_ep=EgoyMDI2MDkzMC4wIJJjKgBIAVAD&rclk=1
Chicken House,Kiprestaurant,4.3,43,,"Markt 6, 7551 CG Hengelo",074 259 2969,http://www.chicken-house.nl/,52.2639444,6.7932618,https://www.google.com/maps/place/Chicken+House/data=!4m7!3m6!1s0x47b81177866abc25:0xf541cb2ec14e5ec6!8m2!3d52.2639444!4d6.7932618!16s%2Fg%2F11j3t3khhq!19sChIJJbxqhncRuEcRxl5OwS7LQfU?authuser=0&hl=nl&g_ep=EgoyMDI2MDkzMC4wIJJjKgBIAVAD&rclk=1
Edwin van der Kooi,Afhaalrestaurant voor gefrituurde kip,4.6,46,,"Hendrik Jan van Heekplein 60-J, 7511 HN Enschede",053 431 5786,https://facebook.com/poeliervdkooi/,52.216988,6.8993323,https://www.google.com/maps/place/Edwin+van+der+Kooi/data=!4m7!3m6!1s0x47b81471bd7186f1:0x52466db7ffa789b4!8m2!3d52.216988!4d6.8993323!16s%2Fg%2F1tcxhvm3!19sChIJ8YZxvXEUuEcRtImn_7dtRlI?authuser=0&hl=nl&g_ep=EgoyMDI2MDkzMC4wIJJjKgBIAVAD&rclk=1
Wok to Go,Restaurant,3.5,35,,"Korte Hengelosestraat 4, 7511 JB Enschede",053 432 2055,http://www.woktogo-enschede.nl/,52.221357,6.893114,https://www.google.com/maps/place/Wok+to+Go/data=!4m7!3m6!1s0x47b81474624d1cf5:0xd56142e0580e0058!8m2!3d52.221357!4d6.893114!16s%2Fg%2F1wbrww2w!19sChIJ9RxNYnQUuEcRWAAOWOBCYdU?authuser=0&hl=nl&g_ep=EgoyMDI2MDkzMC4wIJJjKgBIAVAD&rclk=1
Maaltijdservice Leering,Maaltijdbezorging,,,,"Gasfabriekstraat 45, 7541 WD Enschede",053 432 3359,https://www.maaltijdservice-leering.nl/,52.2076898,6.8920124,https://www.google.com/maps/place/Maaltijdservice+Leering/data=!4m7!3m6!1s0x47b8147c050e6ec7:0x7f1dbc2f3a983d2d!8m2!3d52.2076898!4d6.8920124!16s%2Fg%2F11mv_4sc_1!19sChIJx24OBXwUuEcRLT2YOi-8HX8?authuser=0&hl=nl&g_ep=EgoyMDI2MDkzMC4wIJJjKgBIAVAD&rclk=1
De Kokkerette,Delicatessenwinkel,4.4,44,,"Deurningerstraat 19-21, 7514 BC Enschede",053 740 0180,https://www.dekokkerette.nl/,52.2243103,6.8914208,https://www.google.com/maps/place/De+Kokkerette/data=!4m7!3m6!1s0x47b814752ace766b:0xc233b2d4a95c566b!8m2!3d52.2243103!4d6.8914208!16s%2Fg%2F11f11pnbyq!19sChIJa3bOKnUUuEcRa1ZcqdSyM8I?authuser=0&hl=nl&g_ep=EgoyMDI2MDkzMC4wIJJjKgBIAVAD&rclk=1
Geheim van de Kok maaltijdservice,Maaltijdbezorging,4.3,43,,"Kottendijk 127, 7522 BP Enschede",06 21933619,http://geheimvandekok.nl/,52.229578,6.8865558,https://www.google.com/maps/place/Geheim+van+de+Kok+maaltijdservice/data=!4m7!3m6!1s0x47b813f5d68e9c11:0x555bf53b5bef419f!8m2!3d52.229578!4d6.8865558!16s%2Fg%2F11c5g9r12p!19sChIJEZyO1vUTuEcRn0HvWzv1W1U?authuser=0&hl=nl&g_ep=EgoyMDI2MDkzMC4wIJJjKgBIAVAD&rclk=1
apetito maaltijdservice - SC Enschede,Maaltijdbezorging,4.8,48,,"Rigtersbleek-Aalten 4b8, 7521 RB Enschede",088 201 2123,http://www.apetito.nl/,52.2241007,6.8696985,https://www.google.com/maps/place/apetito+maaltijdservice+-+SC+Enschede/data=!4m7!3m6!1s0x47b8139311104c5f:0xac7d5a4b5d237ed5!8m2!3d52.2241007!4d6.8696985!16s%2Fg%2F11cn76qxp4!19sChIJX0wQEZMTuEcR1X4jXUtafaw?authuser=0&hl=nl&g_ep=EgoyMDI2MDkzMC4wIJJjKgBIAVAD&rclk=1
Lekker eten van Judith,Maaltijdbezorging,4.9,49,,"Auskamplanden 134, 7542 AZ Enschede",06 24188204,http://www.lekkeretenvanjudith.nl/,52.1893742,6.899102,https://www.google.com/maps/place/Lekker+eten+van+Judith/data=!4m7!3m6!1s0x47b8152fd33e9fdd:0xb36967fd28c8649d!8m2!3d52.1893742!4d6.899102!16s%2Fg%2F11lgkymnxk!19sChIJ3Z8-0y8VuEcRnWTIKP1nabM?authuser=0&hl=nl&g_ep=EgoyMDI2MDkzMC4wIJJjKgBIAVAD&rclk=1
Oma's Keuken,Maaltijdbezorging,4.5,45,,"Kalimantanstraat 2, 7512 HM Enschede",053 574 8635,http://www.omaskeuken.com/,52.2110602,6.8946742,https://www.google.com/maps/place/Oma%27s+Keuken/data=!4m7!3m6!1s0x47b8147bd20ef26b:0xf449efb3180a3c22!8m2!3d52.2110602!4d6.8946742!16s%2Fg%2F1264ljh52!19sChIJa_IO0nsUuEcRIjwKGLPvSfQ?authuser=0&hl=nl&g_ep=EgoyMDI2MDkzMC4wIJJjKgBIAVAD&rclk=1
Miamaria Catering,Catering,5.0,50,,,06 16463496,https://www.miamaria-catering.nl/,52.1909763,5.2795551,https://www.google.com/maps/place/Miamaria+Catering/data=!4m7!3m6!1s0xa3060114781983cf:0x5f7ecf7ca691f624!8m2!3d52.1909763!4d5.2795551!16s%2Fg%2F11mdjl6_2m!19sChIJz4MZeBQBBqMRJPaRpnzPfl8?authuser=0&hl=nl&g_ep=EgoyMDI2MDkzMC4wIJJjKgBIAVAD&rclk=1
Picnic Hub Enschede,Boodschappenbezorgdienst,4.3,43,,"Overijssel, Twekkeler Es 30, 7547 SM Enschede",088 374 2642,https://picnic.app/nl/,52.2210647,6.8403036,https://www.google.com/maps/place/Picnic+Hub+Enschede/data=!4m7!3m6!1s0x47b813a511100811:0xb87094e658be9e55!8m2!3d52.2210647!4d6.8403036!16s%2Fg%2F11h_71gzjd!19sChIJEQgQEaUTuEcRVZ6-WOaUcLg?authuser=0&hl=nl&g_ep=EgoyMDI2MDkzMC4wIJJjKgBIAVAD&rclk=1
Beimer Winkel Enschede,Slagerij,4.6,46,,"Getfertsingel 162c, 7513 GE Enschede",053 461 3000,https://www.beimer.nl/,52.211061,6.8840948,https://www.google.com/maps/place/Beimer+Winkel+Enschede/data=!4m7!3m6!1s0x47b813dfa1c17f4f:0x6254cb9ce478922a!8m2!3d52.211061!4d6.8840948!16s%2Fg%2F11jv1b9mf_!19sChIJT3_Bod8TuEcRKpJ45JzLVGI?authuser=0&hl=nl&g_ep=EgoyMDI2MDkzMC4wIJJjKgBIAVAD&rclk=1
China Catering,Chinees restaurant,3.8,38,,"Velveweg 67, 7533 XE Enschede",053 434 5977,https://www.chinacatering053.nl/,52.2207439,6.9202188,https://www.google.com/maps/place/China+Catering/data=!4m7!3m6!1s0x47b81440c364bc69:0xec6ed526aec369e4!8m2!3d52.2207439!4d6.9202188!16s%2Fg%2F1tfmgx48!19sChIJabxkw0AUuEcR5GnDribVbuw?authuser=0&hl=nl&g_ep=EgoyMDI2MDkzMC4wIJJjKgBIAVAD&rclk=1
Bloemetje Bezorgen Enschede,Bloemist,5.0,50,,"Zweringweg 226, 7545 DA Enschede",053 478 5105,https://bloemetjebezorgen.nl/enschede/?utm_source=google&utm_medium=organic&utm_campaign=mijnbedrijf,52.2104496,6.8625035,https://www.google.com/maps/place/Bloemetje+Bezorgen+Enschede/data=!4m7!3m6!1s0x47b8134672b37c27:0xbc53d8f4fa1fab50!8m2!3d52.2104496!4d6.8625035!16s%2Fg%2F11hn5lf4qn!19sChIJJ3yzckYTuEcRUKsf-vTYU7w?authuser=0&hl=nl&g_ep=EgoyMDI2MDkzMC4wIJJjKgBIAVAD&rclk=1
Couscous & Curry,Catering,5.0,50,,,06 40021942,http://couscouscurry.nl/,52.412668,5.9004906,https://www.google.com/maps/place/Couscous+%26+Curry/data=!4m7!3m6!1s0x47b8139aeba599af:0x58bb3a1c2b839378!8m2!3d52.412668!4d5.9004906!16s%2Fg%2F11cltt75zl!19sChIJr5ml65oTuEcReJODKxw6u1g?authuser=0&hl=nl&g_ep=EgoyMDI2MDkzMC4wIJJjKgBIAVAD&rclk=1
Alex Bierservice Enschede,Biergroothandel,4.5,45,,"Lonnekerbrugstraat 88, 7547 AJ Enschede",053 433 8460,,52.2278239,6.8532568,https://www.google.com/maps/place/Alex+Bierservice+Enschede/data=!4m7!3m6!1s0x47b813c740831b59:0xf03ede1d1499e81d!8m2!3d52.2278239!4d6.8532568!16s%2Fg%2F1tdrdfyd!19sChIJWRuDQMcTuEcRHeiZFB3ePvA?authuser=0&hl=nl&g_ep=EgoyMDI2MDkzMC4wIJJjKgBIAVAD&rclk=1
Twentseborrelplanken.nl,Catering,5.0,50,,,06 26120173,https://twentseborrelplanken.nl/,52.2586818,6.7892902,https://www.google.com/maps/place/Twentseborrelplanken.nl/data=!4m7!3m6!1s0x8f6319b367cb172b:0x2416d84583044802!8m2!3d52.2586818!4d6.7892902!16s%2Fg%2F11n3m6d9zn!19sChIJKxfLZ7MZY48RAkgEg0XYFiQ?authuser=0&hl=nl&g_ep=EgoyMDI2MDkzMC4wIJJjKgBIAVAD&rclk=1
Bam.Design Catering,Catering,4.8,48,,"Langelobrink 41, 7544 MC Enschede",06 50453343,http://bamdesign.nl/,52.1879738,6.8864242,https://www.google.com/maps/place/Bam.Design+Catering/data=!4m7!3m6!1s0x47b8149bf0cb146d:0xb731046954568541!8m2!3d52.1879738!4d6.8864242!16s%2Fg%2F11fx_5nrn6!19sChIJbRTL8JsUuEcRQYVWVGkEMbc?authuser=0&hl=nl&g_ep=EgoyMDI2MDkzMC4wIJJjKgBIAVAD&rclk=1
catering m&k,Catering,3.6,36,,"Johan Wijnoltsstraat 194, 7521 SW Enschede",06 26888750,https://www.catering-mk.nl/,52.2254239,6.861101,https://www.google.com/maps/place/catering+m%26k/data=!4m7!3m6!1s0x47b8139557ec1be9:0x382aae0bab78485d!8m2!3d52.2254239!4d6.861101!16s%2Fg%2F11gcm08w_d!19sChIJ6RvsV5UTuEcRXUh4qwuuKjg?authuser=0&hl=nl&g_ep=EgoyMDI2MDkzMC4wIJJjKgBIAVAD&rclk=1
Sanders Vers,Slagerij,4.7,47,,"Wesseler-Nering 8, 7544 JA Enschede",053 750 2550,http://www.sandersvers.nl/,52.1915368,6.8801873,https://www.google.com/maps/place/Sanders+Vers/data=!4m7!3m6!1s0x47b8149d5fe2eabf:0xdbe208d1cb88eeb4!8m2!3d52.1915368!4d6.8801873!16s%2Fg%2F1trxcsd9!19sChIJv-riX50UuEcRtO6Iy9EI4ts?authuser=0&hl=nl&g_ep=EgoyMDI2MDkzMC4wIJJjKgBIAVAD&rclk=1
Slagerij Lohmann,Slagerij,4.3,43,,"Rijnstraat 28, 7523 GH Enschede",053 435 7349,http://www.slagerijlohman.nl/,52.2390215,6.8940308,https://www.google.com/maps/place/Slagerij+Lohmann/data=!4m7!3m6!1s0x47b81407509ca071:0xb50963d5497d8599!8m2!3d52.2390215!4d6.8940308!16s%2Fg%2F1tfp1jqr!19sChIJcaCcUAcUuEcRmYV9SdVjCbU?authuser=0&hl=nl&g_ep=EgoyMDI2MDkzMC4wIJJjKgBIAVAD&rclk=1
Care-catering / Eurobal,Catering,4.5,45,,"Lonnekerbrugstraat 106, 7547 AL Enschede",06 55866880,https://care-catering.jouwweb.nl/,52.230311,6.8490711,https://www.google.com/maps/place/Care-catering+%2F+Eurobal/data=!4m7!3m6!1s0x47b813c63bb58377:0xa496666cdd590e73!8m2!3d52.230311!4d6.8490711!16s%2Fg%2F1tj9sf2m!19sChIJd4O1O8YTuEcRcw5Z3WxmlqQ?authuser=0&hl=nl&g_ep=EgoyMDI2MDkzMC4wIJJjKgBIAVAD&rclk=1
Smaakti,Catering,5.0,50,,,06 52650319,http://www.smaakti.nl/,52.4861422,6.4252747,https://www.google.com/maps/place/Smaakti/data=!4m7!3m6!1s0x47b811710d199ccf:0x56db50232c086dea!8m2!3d52.4861422!4d6.4252747!16s%2Fg%2F11j59qm2jf!19sChIJz5wZDXERuEcR6m0ILCNQ21Y?authuser=0&hl=nl&g_ep=EgoyMDI2MDkzMC4wIJJjKgBIAVAD&rclk=1
Creatieve Kookstudio,Catering,5.0,50,,"Nieuwedijk 20, 7524 BE Enschede",053 433 3549,https://creatievekookstudio.nl/,52.2530604,6.9104642,https://www.google.com/maps/place/Creatieve+Kookstudio/data=!4m7!3m6!1s0x47b816a5723a36e7:0xfc877f559e0261f1!8m2!3d52.2530604!4d6.9104642!16s%2Fg%2F1v5k22bz!19sChIJ5zY6cqUWuEcR8WECnlV_h_w?authuser=0&hl=nl&g_ep=EgoyMDI2MDkzMC4wIJJjKgBIAVAD&rclk=1
Chez Pientje,Catering,5.0,50,,"Kotkampplein 20, 7531 HN Enschede",06 24696657,,52.2324294,6.9162003,https://www.google.com/maps/place/Chez+Pientje/data=!4m7!3m6!1s0x47b8146f35b2ad6d:0xbdfb5b891d961973!8m2!3d52.2324294!4d6.9162003!16s%2Fg%2F113hsz38c!19sChIJba2yNW8UuEcRcxmWHYlb-70?authuser=0&hl=nl&g_ep=EgoyMDI2MDkzMC4wIJJjKgBIAVAD&rclk=1
Chef Horeca & Catering,Catering,,,,"The Gallery Enschede, The Gallery, Hengelosestraat 500, 7521 AN Enschede",053 850 4760,,52.2373589,6.8550773,https://www.google.com/maps/place/Chef+Horeca+%26+Catering/data=!4m7!3m6!1s0x47c7ff1ef8d79d3d:0xe52d1dc7170ceea6!8m2!3d52.2373589!4d6.8550773!16s%2Fg%2F1wh4f2sd!19sChIJPZ3X-B7_x0cRpu4MF8cdLeU?authuser=0&hl=nl&g_ep=EgoyMDI2MDkzMC4wIJJjKgBIAVAD&rclk=1
Mleczko Delikatesy Enschede Supermarket 🇵🇱 🛒,Kruidenier,4.4,44,,"Thomas de Keyserstraat 63, 7545 BC Enschede",06 39121904,https://www.facebook.com/pages/category/Shopping---Retail/Mleczko-Delikatesy-Enschede-113055526849572/,52.2142593,6.860299,https://www.google.com/maps/place/Mleczko+Delikatesy+Enschede+Supermarket+%F0%9F%87%B5%F0%9F%87%B1+%F0%9F%9B%92/data=!4m7!3m6!1s0x47b81313d12f29a7:0xdc88d4ac3a388bd5!8m2!3d52.2142593!4d6.860299!16s%2Fg%2F11jnpqj4_x!19sChIJpykv0RMTuEcR1Ys4OqzUiNw?authuser=0&hl=nl&g_ep=EgoyMDI2MDkzMC4wIJJjKgBIAVAD&rclk=1
't Smelt catering & evenementen,Catering,4.5,45,,"Weerseloseweg 380, 7522 PT Enschede",06 52206261,https://www.tsmelt.nl/,52.2668137,6.8630881,https://www.google.com/maps/place/%27%27t+Smelt+catering+%26+evenementen%27/data=!4m7!3m6!1s0x47b811e90d536bdf:0x49d4c7d8a1c20e45!8m2!3d52.2668137!4d6.8630881!16s%2Fg%2F11kj_ngyr3!19sChIJ32tTDekRuEcRRQ7CodjH1Ek?authuser=0&hl=nl&g_ep=EgoyMDI2MDkzMC4wIJJjKgBIAVAD&rclk=1
Jacobeé,Catering,,,,,06 10425314,,52.2522351,6.777346,https://www.google.com/maps/place/Jacobe%C3%A9/data=!4m7!3m6!1s0xf35726dd8181885:0x6c7c249a4fc41938!8m2!3d52.2522351!4d6.777346!16s%2Fg%2F11qh6zht2r!19sChIJhRgY2G1yNQ8ROBnET5okfGw?authuser=0&hl=nl&g_ep=EgoyMDI2MDkzMC4wIJJjKgBIAVAD&rclk=1
Zuivelhoeve Deppenbroek,Delicatessenwinkel,4.5,45,,"Rijnstraat 62b, 7523 GH Enschede",053 432 6383,http://www.zuivelhoeve.nl/,52.2392225,6.8931213,https://www.google.com/maps/place/Zuivelhoeve+Deppenbroek/data=!4m7!3m6!1s0x47b81407413fd03b:0xe37ce6178e89a2a3!8m2!3d52.2392225!4d6.8931213!16s%2Fg%2F1ptwrphsg!19sChIJO9A_QQcUuEcRo6KJjhfmfOM?authuser=0&hl=nl&g_ep=EgoyMDI2MDkzMC4wIJJjKgBIAVAD&rclk=1
RvdB Party Verhuur,Verhuurbedrijf voor feestapparatuur,5.0,50,,"Veilingstraat 7, 7545 LZ Enschede",06 17850919,https://www.rvdbpartyverhuur.nl/,52.2178664,6.8710737,https://www.google.com/maps/place/RvdB+Party+Verhuur/data=!4m7!3m6!1s0x47b813a192ec02cf:0x50e7cff62b8ff9c0!8m2!3d52.2178664!4d6.8710737!16s%2Fg%2F11xm_nt68r!19sChIJzwLskqETuEcRwPmPK_bP51A?authuser=0&hl=nl&g_ep=EgoyMDI2MDkzMC4wIJJjKgBIAVAD&rclk=1
Van Raaij Evenementen,Catering,,,,"Helenastraat 22, 7543 TT Enschede",053 432 8845,https://www.vanraaij-evenementen.nl/,52.2082062,6.8750635,https://www.google.com/maps/place/Van+Raaij+Evenementen/data=!4m7!3m6!1s0x47b8138391546d7d:0x7a03f01a6bc360b1!8m2!3d52.2082062!4d6.8750635!16s%2Fg%2F1tg80jxb!19sChIJfW1UkYMTuEcRsWDDaxrwA3o?authuser=0&hl=nl&g_ep=EgoyMDI2MDkzMC4wIJJjKgBIAVAD&rclk=1
Siwifood,Catering,4.0,40,,"Wulpstraat 6, 7523 VX Enschede",06 35648891,https://www.siwifood.nl/,52.2365785,6.8954343,https://www.google.com/maps/place/Siwifood/data=!4m7!3m6!1s0x47b815117a4e1ad5:0x288c8bcf0b366c69!8m2!3d52.2365785!4d6.8954343!16s%2Fg%2F11v_2qgpp2!19sChIJ1RpOehEVuEcRaWw2C8-LjCg?authuser=0&hl=nl&g_ep=EgoyMDI2MDkzMC4wIJJjKgBIAVAD&rclk=1
BBQ Bandits,Catering,5.0,50,,"Varviksweg 32, 7512 DJ Enschede",085 500 0680,https://www.bbqbandits.nl/,52.2115934,6.8978661,https://www.google.com/maps/place/BBQ+Bandits/data=!4m7!3m6!1s0xa2674669fab8b833:0x423ca437360470ca!8m2!3d52.2115934!4d6.8978661!16s%2Fg%2F11y432g2f7!19sChIJM7i4-mlGZ6IRynAENjekPEI?authuser=0&hl=nl&g_ep=EgoyMDI2MDkzMC4wIJJjKgBIAVAD&rclk=1
Catering & Broodjes Enschede,Catering,,,,"Buurserstraat 250, 7544 RT Enschede",06 13775662,http://www.cateringenbroodjes.nl/,52.1908655,6.887905,https://www.google.com/maps/place/Catering+%26+Broodjes+Enschede/data=!4m7!3m6!1s0x47b813793f5434fd:0x372753b533a862e9!8m2!3d52.1908655!4d6.887905!16s%2Fg%2F1ptyxmy7d!19sChIJ_TRUP3kTuEcR6WKoM7VTJzc?authuser=0&hl=nl&g_ep=EgoyMDI2MDkzMC4wIJJjKgBIAVAD&rclk=1
Jacks Oesters Catering,Catering,5.0,50,,,06 35622647,http://www.jacksoesterscatering.nl/,51.175807,9.1867482,https://www.google.com/maps/place/Jacks+Oesters+Catering/data=!4m7!3m6!1s0x8ce16912a55e1cad:0x7090110c7e312468!8m2!3d51.175807!4d9.1867482!16s%2Fg%2F11khx_th8w!19sChIJrRxepRJp4YwRaCQxfgwRkHA?authuser=0&hl=nl&g_ep=EgoyMDI2MDkzMC4wIJJjKgBIAVAD&rclk=1
Don Juan the Mansion,Club,5.0,50,,"Viermarkenweg 15, 7522 LC Enschede",,,52.2368466,6.8751008,https://www.google.com/maps/place/Don+Juan+the+Mansion/data=!4m7!3m6!1s0x47b8130b54649701:0x149fcba54d4f4a57!8m2!3d52.2368466!4d6.8751008!16s%2Fg%2F11n5g8wqyn!19sChIJAZdkVAsTuEcRV0pPTaXLnxQ?authuser=0&hl=nl&g_ep=EgoyMDI2MDkzMC4wIJJjKgBIAVAD&rclk=1
DCW Winkel en Catering,Fruit- en groentewinkel,,,,"Blijdensteinbleekweg 30, 7524 DD Enschede",06 25265249,,52.2412958,6.9059953,https://www.google.com/maps/place/DCW+Winkel+en+Catering/data=!4m7!3m6!1s0x47b815f80c7e4195:0xeb5381c82177061e!8m2!3d52.2412958!4d6.9059953!16s%2Fg%2F11npsk22zl!19sChIJlUF-DPgVuEcRHgZ3IciBU-s?authuser=0&hl=nl&g_ep=EgoyMDI2MDkzMC4wIJJjKgBIAVAD&rclk=1
HvDoriginals,Catering,5.0,50,,,06 19936451,http://www.hvdoriginals.com/,52.223284,6.8685214,https://www.google.com/maps/place/HvDoriginals/data=!4m7!3m6!1s0x47b8156daeb56429:0x9bc871a7dbbc44b!8m2!3d52.223284!4d6.8685214!16s%2Fg%2F11fpfpp0gv!19sChIJKWS1rm0VuEcRS8S7fRqHvAk?authuser=0&hl=nl&g_ep=EgoyMDI2MDkzMC4wIJJjKgBIAVAD&rclk=1
DeKoekenbakker.nl,Catering,5.0,50,,"Hendrik Jan van Heekplein 103, 7511 HN Enschede",06 53930884,https://www.dekoekenbakker.nl/,52.2175561,6.8975117,https://www.google.com/maps/place/DeKoekenbakker.nl/data=!4m7!3m6!1s0x47b815c04daaea63:0xad328d6695eb3eb5!8m2!3d52.2175561!4d6.8975117!16s%2Fg%2F11yltv6p8w!19sChIJY-qqTcAVuEcRtT7rlWaNMq0?authuser=0&hl=nl&g_ep=EgoyMDI2MDkzMC4wIJJjKgBIAVAD&rclk=1
Zuivelhoeve Enschede Wesselerbrink (Zuid),Kaaswinkel,4.6,46,,"Wesseler-Nering 2A, 7544 JA Enschede",053 476 5164,https://winkels.zuivelhoeve.nl/enschede-wesselerbrink,52.1917711,6.8810395,https://www.google.com/maps/place/Zuivelhoeve+Enschede+Wesselerbrink+%28Zuid%29/data=!4m7!3m6!1s0x47b81362a4bdb0ed:0x1fd015e44377ac3e!8m2!3d52.1917711!4d6.8810395!16s%2Fg%2F11dx9f72ft!19sChIJ7bC9pGITuEcRPqx3Q-QV0B8?authuser=0&hl=nl&g_ep=EgoyMDI2MDkzMC4wIJJjKgBIAVAD&rclk=1
Oil & Vinegar,Delicatessenwinkel,4.6,46,,"Langestraat 17, 7511 HA Enschede",053 434 4342,https://www.oilvinegar.com/nl-nl/winkels/enschede/,52.219162,6.897314,https://www.google.com/maps/place/Oil+%26+Vinegar/data=!4m7!3m6!1s0x47b814722da3fbfb:0x12fa485326ce3092!8m2!3d52.219162!4d6.897314!16s%2Fg%2F1hc2p_5l8!19sChIJ-_ujLXIUuEcRkjDOJlNI-hI?authuser=0&hl=nl&g_ep=EgoyMDI2MDkzMC4wIJJjKgBIAVAD&rclk=1
Meat Boutique,Slagerij,4.9,49,,"Kuipersdijk 6c, 7512 CH Enschede",053 303 0293,https://www.meatboutique.nl/,52.2170123,6.8957923,https://www.google.com/maps/place/Meat+Boutique/data=!4m7!3m6!1s0x47c70f305cabb019:0x2cd528bbd16e6990!8m2!3d52.2170123!4d6.8957923!16s%2Fg%2F11lkgq5wsn!19sChIJGbCrXDAPx0cRkGlu0bso1Sw?authuser=0&hl=nl&g_ep=EgoyMDI2MDkzMC4wIJJjKgBIAVAD&rclk=1
Firma Mattemaker Poeliersbedrijf,Poelier,4.9,49,,"Pijpenstraat 24, 7511 GM Enschede",053 432 3906,https://poelier-mattemaker.nl/,52.2193964,6.8933173,https://www.google.com/maps/place/Firma+Mattemaker+Poeliersbedrijf/data=!4m7!3m6!1s0x47b81471554d166f:0xcdc090935acaed91!8m2!3d52.2193964!4d6.8933173!16s%2Fg%2F1tj4xsqw!19sChIJbxZNVXEUuEcRke3KWpOQwM0?authuser=0&hl=nl&g_ep=EgoyMDI2MDkzMC4wIJJjKgBIAVAD&rclk=1
"van Rongen Catering, Homecoocking & Outdoorcooking",Catering,5.0,50,,"Goormaatweg 4, 7545 TA Enschede",06 41307708,,52.2153473,6.8761956,"https://www.google.com/maps/place/van+Rongen+Catering,+Homecoocking+%26+Outdoorcooking/data=!4m7!3m6!1s0x47b813a474a6ae1d:0x734d0d17be389e80!8m2!3d52.2153473!4d6.8761956!16s%2Fg%2F1tgbzvj5!19sChIJHa6mdKQTuEcRgJ44vhcNTXM?authuser=0&hl=nl&g_ep=EgoyMDI2MDkzMC4wIJJjKgBIAVAD&rclk=1"
Proef Eet,Evenementenlocatie,4.0,40,,"Oude Markt 1, 7511 GA Enschede",,https://www.proefeet.nl/,52.2204942,6.8940385,https://www.google.com/maps/place/Proef+Eet/data=!4m7!3m6!1s0x47b8150ff926a985:0x45de5c82cbeb22e9!8m2!3d52.2204942!4d6.8940385!16s%2Fg%2F11f7flxdn0!19sChIJhakm-Q8VuEcR6SLry4Jc3kU?authuser=0&hl=nl&g_ep=EgoyMDI2MDkzMC4wIJJjKgBIAVAD&rclk=1
Bourgondische Planken catering Enschede,Cateringgroothandel in voeding en dranken,4.8,48,,,06 50501356,https://bourgondischeplanken.nl/,52.2158118,6.802576,https://www.google.com/maps/place/Bourgondische+Planken+catering+Enschede/data=!4m7!3m6!1s0x47b8137df6c8ed13:0xf751b60bc2fc303c!8m2!3d52.2158118!4d6.802576!16s%2Fg%2F11lffybdzb!19sChIJE-3I9n0TuEcRPDD8wgu2Ufc?authuser=0&hl=nl&g_ep=EgoyMDI2MDkzMC4wIJJjKgBIAVAD&rclk=1
Marie's en Big-J's top keuken,Catering,3.3,33,,"Ribbeltsweg 30, 7531 BK Enschede",,,52.2255772,6.9099101,https://www.google.com/maps/place/Marie%27s+en+Big-J%27s+top+keuken/data=!4m7!3m6!1s0x47b815df294474ff:0xfe7caf090cec5a57!8m2!3d52.2255772!4d6.9099101!16s%2Fg%2F11kr_s17rn!19sChIJ_3REKd8VuEcRV1rsDAmvfP4?authuser=0&hl=nl&g_ep=EgoyMDI2MDkzMC4wIJJjKgBIAVAD&rclk=1
Van Raay,Mobiele cateraar,4.5,45,,"Robinson Crusoëstraat 15, 7541 WC Enschede",053 432 4074,,52.2083413,6.8928187,https://www.google.com/maps/place/Van+Raay/data=!4m7!3m6!1s0x47b8147b8ad603d1:0x807b97882c617664!8m2!3d52.2083413!4d6.8928187!16s%2Fg%2F1ts2zbt5!19sChIJ0QPWinsUuEcRZHZhLIiXe4A?authuser=0&hl=nl&g_ep=EgoyMDI2MDkzMC4wIJJjKgBIAVAD&rclk=1
Dana's Kitchen,Catering,4.9,49,,"Steenmeijerstraat 13, 7555 NV Hengelo",06 10135515,https://www.danaskitchen.nl/,52.2701321,6.7752515,https://www.google.com/maps/place/Dana%27s+Kitchen/data=!4m7!3m6!1s0x47b811ff33db8b19:0x6962d6df4f9ec07b!8m2!3d52.2701321!4d6.7752515!16s%2Fg%2F11l3dwpsds!19sChIJGYvbM_8RuEcRe8CeT9_WYmk?authuser=0&hl=nl&g_ep=EgoyMDI2MDkzMC4wIJJjKgBIAVAD&rclk=1
TwenteCatering De Ruijter Cateringservice,Catering,4.7,47,,"Gildestraat 11A, 7622 AZ Borne",06 51211172,https://twentecatering.nl/,52.309072,6.738982,https://www.google.com/maps/place/TwenteCatering+De+Ruijter+Cateringservice/data=!4m7!3m6!1s0x47b80f2b4d6896b3:0x4b42695fdce9c498!8m2!3d52.309072!4d6.738982!16s%2Fg%2F11s34_8lsy!19sChIJs5ZoTSsPuEcRmMTp3F9pQks?authuser=0&hl=nl&g_ep=EgoyMDI2MDkzMC4wIJJjKgBIAVAD&rclk=1
Peter-catering,Catering,5.0,50,,,06 42147778,,52.3423075,6.7555729,https://www.google.com/maps/place/Peter-catering/data=!4m7!3m6!1s0x47b8136381647063:0x942c109cf6e20165!8m2!3d52.3423075!4d6.7555729!16s%2Fg%2F1ptz66b1d!19sChIJY3BkgWMTuEcRZQHi9pwQLJQ?authuser=0&hl=nl&g_ep=EgoyMDI2MDkzMC4wIJJjKgBIAVAD&rclk=1
de Roadbode,Mobiele cateraar,5.0,50,,,06 11859209,https://www.roadbode.nl/,52.223284,6.8685214,https://www.google.com/maps/place/de+Roadbode/data=!4m7!3m6!1s0x882c20ac4c14abef:0xaf33d4e14bd9fe39!8m2!3d52.223284!4d6.8685214!16s%2Fg%2F11v9_rcz46!19sChIJ76sUTKwgLIgROf7ZS-HUM68?authuser=0&hl=nl&g_ep=EgoyMDI2MDkzMC4wIJJjKgBIAVAD&rclk=1
Het Twentse Ros,Partycentrum,4.5,45,,"Twekkelerweg 227, 7553 LX Hengelo",06 39426853,http://www.het-twentseros-hengelo.nl/,52.2523724,6.8011917,https://www.google.com/maps/place/Het+Twentse+Ros/data=!4m7!3m6!1s0x47b811f7bef08cb1:0x40e97150187fc80f!8m2!3d52.2523724!4d6.8011917!16s%2Fg%2F1tfzldxp!19sChIJsYzwvvcRuEcRD8h_GFBx6UA?authuser=0&hl=nl&g_ep=EgoyMDI2MDkzMC4wIJJjKgBIAVAD&rclk=1
Boenders Catering,Catering,4.6,46,,"Beckumerkerkweg 20, 7554 PV Hengelo",074 367 6565,https://boenderscatering.nl/,52.211797,6.7427752,https://www.google.com/maps/place/Boenders+Catering/data=!4m7!3m6!1s0x47b812f6ca82208b:0xfeed9f21b767a3f9!8m2!3d52.211797!4d6.7427752!16s%2Fg%2F11f1zl0xrn!19sChIJiyCCyvYSuEcR-aNntyGf7f4?authuser=0&hl=nl&g_ep=EgoyMDI2MDkzMC4wIJJjKgBIAVAD&rclk=1
Opperman Catering & Evenementenservice,Catering,4.9,49,,"Enschedesestraat 16, 7582 AG Losser",085 773 9950,https://www.oppermancatering.nl/?utm_source=google-mijn-bedrijf&utm_medium=organic&utm_campaign=gmb,52.2635915,7.0010524,https://www.google.com/maps/place/Opperman+Catering+%26+Evenementenservice/data=!4m7!3m6!1s0x47b83e77960bba87:0xd67b71eda52767a2!8m2!3d52.2635915!4d7.0010524!16s%2Fg%2F1td57pvs!19sChIJh7oLlnc-uEcRomcnpe1xe9Y?authuser=0&hl=nl&g_ep=EgoyMDI2MDkzMC4wIJJjKgBIAVAD&rclk=1
Holy Pasta,Mobiele cateraar,,,,,06 23494646,http://www.holy-pasta.nl/,52.1909763,5.2795551,https://www.google.com/maps/place/Holy+Pasta/data=!4m7!3m6!1s0xad135a3a68344543:0xdde1bf04f93afac5!8m2!3d52.1909763!4d5.2795551!16s%2Fg%2F11rq62gh2b!19sChIJQ0U0aDpaE60Rxfo6-QS_4d0?authuser=0&hl=nl&g_ep=EgoyMDI2MDkzMC4wIJJjKgBIAVAD&rclk=1
Mattie's Grill,Catering,4.8,48,,,053 478 8733,https://mattiesgrill.nl/,52.1074722,7.4649326,https://www.google.com/maps/place/Mattie%27s+Grill/data=!4m7!3m6!1s0x47b8146568c5bbc3:0x570d1f97c65a74be!8m2!3d52.1074722!4d7.4649326!16s%2Fg%2F11c67sbd96!19sChIJw7vFaGUUuEcRvnRaxpcfDVc?authuser=0&hl=nl&g_ep=EgoyMDI2MDkzMC4wIJJjKgBIAVAD&rclk=1
Gerrit Jan van Heekpark,Park,4.8,48,,7522 AP Enschede,,https://www.uitinenschede.nl/locaties/g-j-van-heekpark,52.228085,6.8831471,https://www.google.com/maps/place/Gerrit+Jan+van+Heekpark/data=!4m7!3m6!1s0x47b813f465555555:0xff02c82c273afe4c!8m2!3d52.228085!4d6.8831471!16s%2Fg%2F11xzhwh627!19sChIJVVVVZfQTuEcRTP46JyzIAv8?authuser=0&hl=nl&g_ep=EgoyMDI2MDkzMC4wIJJjKgBIAVAD&rclk=1
Spare Rib Express Enschede,Maaltijdbezorging,4.3,43,,"Kuipersdijk 66, 7512 CJ Enschede",053 569 9366,,52.214392,6.8961287,https://www.google.com/maps/place/Spare+Rib+Express+Enschede/data=!4m7!3m6!1s0x47b815e00537eb05:0x1cfe8e1632c171bf!8m2!3d52.214392!4d6.8961287!16s%2Fg%2F11f66thmvy!19sChIJBes3BeAVuEcRv3HBMhaO_hw?authuser=0&hl=nl&g_ep=EgoyMDI2MDkzMC4wIJJjKgBIAVAD&rclk=1
"KLAUWE, the bbq & smoking drum",Hoofdkantoor,4.8,48,,"Heutinkstraat 32, 7512 GM Enschede",085 002 6300,https://www.klauwe.com/nl,52.2154976,6.9065846,"https://www.google.com/maps/place/KLAUWE,+the+bbq+%26+smoking+drum/data=!4m7!3m6!1s0x47b8147c1ce33cc7:0xe46bdc7a1f41de66!8m2!3d52.2154976!4d6.9065846!16s%2Fg%2F11by_xc1wx!19sChIJxzzjHHwUuEcRZt5BH3rca-Q?authuser=0&hl=nl&g_ep=EgoyMDI2MDkzMC4wIJJjKgBIAVAD&rclk=1"
Pizzakar Twente,Catering,4.9,49,,"Oldenzaalsestraat 29, 7551 AN Hengelo",06 14371862,https://pizzakartwente.nl/,52.2680306,6.7954561,https://www.google.com/maps/place/Pizzakar+Twente/data=!4m7!3m6!1s0x47b811dfba656df5:0xf0afd22eea7ab620!8m2!3d52.2680306!4d6.7954561!16s%2Fg%2F11svtgy4pc!19sChIJ9W1lut8RuEcRILZ66i7Sr_A?authuser=0&hl=nl&g_ep=EgoyMDI2MDkzMC4wIJJjKgBIAVAD&rclk=1
Kifra Camping & Vrije Tijd,Kampeerwinkel,4.2,42,,"Industriestraat 124, 7543 CJ Enschede",053 461 1768,http://www.kifra.nl/,52.2073941,6.8887887,https://www.google.com/maps/place/Kifra+Camping+%26+Vrije+Tijd/data=!4m7!3m6!1s0x47b8147ec6eeefdb:0x8fc22bb785e165bd!8m2!3d52.2073941!4d6.8887887!16s%2Fg%2F1tfsm1j2!19sChIJ2-_uxn4UuEcRvWXhhbcrwo8?authuser=0&hl=nl&g_ep=EgoyMDI2MDkzMC4wIJJjKgBIAVAD&rclk=1
Pizzeria Pizza Pazza,Pizzeria,3.6,36,,"Velveweg 73, 7533 XE Enschede",053 231 0727,https://nlcompanies.org/details/pizzeria-pizza-pazza-ChIJoWV,52.2205825,6.9205454,https://www.google.com/maps/place/Pizzeria+Pizza+Pazza/data=!4m7!3m6!1s0x47b81440c37065a1:0xf7c340d10a62091b!8m2!3d52.2205825!4d6.9205454!16s%2Fg%2F1ptz3s5_s!19sChIJoWVww0AUuEcRGwliCtFAw_c?authuser=0&hl=nl&g_ep=EgoyMDI2MDkzMC4wIJJjKgBIAVAD&rclk=1
Las Carretas,Restaurant,4.3,43,,"Marktstraat 1, 7622 CP Borne",074 266 7303,http://www.lascarretas.nl/,52.3014755,6.7578559,https://www.google.com/maps/place/Las+Carretas/data=!4m7!3m6!1s0x47b80fb1f59edf7b:0xa9b90995773bdf14!8m2!3d52.3014755!4d6.7578559!16s%2Fg%2F1tjwgtvy!19sChIJe9-e9bEPuEcRFN87d5UJuak?authuser=0&hl=nl&g_ep=EgoyMDI2MDkzMC4wIJJjKgBIAVAD&rclk=1
La Argentina,Steakhouse,4.7,47,,"Schoolstraat 15, 2511 AW Den Haag",070 364 7399,https://la-argentina.nl/,52.076734,4.3079288,https://www.google.com/maps/place/La+Argentina/data=!4m7!3m6!1s0x47c5b7a5467a978d:0x9c2a8d9fabeeb1b6!8m2!3d52.076734!4d4.3079288!16s%2Fg%2F11mrr11jzh!19sChIJjZd6RqW3xUcRtrHuq5-NKpw?authuser=0&hl=nl&g_ep=EgoyMDI2MDkzMC4wIJJjKgBIAVAD&rclk=1
Restaurant La Vida,Steakhouse,,,,"Dorpsstraat 71, 7468 CE Enter",0547 388 323,https://www.lavidaenter.nl/,52.295855,6.577918,https://www.google.com/maps/place/Restaurant+La+Vida/data=!4m7!3m6!1s0x47b809d7f99aedf7:0xaa2ef2614befaf8e!8m2!3d52.295855!4d6.577918!16s%2Fg%2F11c0rmdgsc!19sChIJ9-2a-dcJuEcRjq_vS2HyLqo?authuser=0&hl=nl&g_ep=EgoyMDI2MDkzMC4wIJJjKgBIAVAD&rclk=1
Triple B Hengelo,Hamburgerrestaurant,4.4,44,,"Telgen 8, 7551 CL Hengelo",074 291 4390,http://www.tripleb-hengelo.nl/,52.264511,6.793656,https://www.google.com/maps/place/Triple+B+Hengelo/data=!4m7!3m6!1s0x47b811e30ac55895:0xb0cdffa9bf18285f!8m2!3d52.264511!4d6.793656!16s%2Fg%2F1tgj7xbw!19sChIJlVjFCuMRuEcRXygYv6n_zbA?authuser=0&hl=nl&g_ep=EgoyMDI2MDkzMC4wIJJjKgBIAVAD&rclk=1
Formosa Argentina,Argentijns restaurant,4.8,48,,"Nieuwezijds Kolk 16, 1012 PV Amsterdam",020 233 8031,https://formosa-argentina.nl/,52.376367,4.8946389,https://www.google.com/maps/place/Formosa+Argentina/data=!4m7!3m6!1s0x47c609c7c19ac4f9:0x873139139c8aeb84!8m2!3d52.376367!4d4.8946389!16s%2Fg%2F11c0qgl5tr!19sChIJ-cSawccJxkcRhOuKnBM5MYc?authuser=0&hl=nl&g_ep=EgoyMDI2MDkzMC4wIJJjKgBIAVAD&rclk=1
Uno Mas - Argentinian Grill,Argentijns restaurant,4.8,48,,"Rozengracht 5, 1016 LP Amsterdam",,https://unomasgrill.nl/,52.3736709,4.8824682,https://www.google.com/maps/place/Uno+Mas+-+Argentinian+Grill/data=!4m7!3m6!1s0x47c609ed0a2f9c73:0x7778ad1d2751613c!8m2!3d52.3736709!4d4.8824682!16s%2Fg%2F11wvt1vb7r!19sChIJc5wvCu0JxkcRPGFRJx2teHc?authuser=0&hl=nl&g_ep=EgoyMDI2MDkzMC4wIJJjKgBIAVAD&rclk=1
Saint Morris Argentijns Restaurant,Argentijns restaurant,4.7,47,,"Oudezijds Voorburgwal 163, 1012 ET Amsterdam",020 422 7313,https://saint-morris.nl/,52.3721058,4.8965026,https://www.google.com/maps/place/Saint+Morris+Argentijns+Restaurant/data=!4m7!3m6!1s0x47c609b8b3a9acfd:0x70a564d32d9e59!8m2!3d52.3721058!4d4.8965026!16s%2Fg%2F1tj_4ft8!19sChIJ_ayps7gJxkcRWZ4t02SlcAA?authuser=0&hl=nl&g_ep=EgoyMDI2MDkzMC4wIJJjKgBIAVAD&rclk=1
Las Banderas,Restaurant,4.6,46,,"Bentheimerstraat 73, 7587 NG De Lutte",0541 552 240,http://www.lasbanderas.nl/,52.316062,6.9954934,https://www.google.com/maps/place/Las+Banderas/data=!4m7!3m6!1s0x47b81713eff8ff2f:0xdf611b063634f93b!8m2!3d52.316062!4d6.9954934!16s%2Fg%2F11q2szm0cj!19sChIJL__47xMXuEcRO_k0NgYbYd8?authuser=0&hl=nl&g_ep=EgoyMDI2MDkzMC4wIJJjKgBIAVAD&rclk=1
La Boca – Tapas & Steaks Since 1995,Restaurant,4.4,44,"We hadden nacho’s besteld bij dit Zuid-Amerikaanse restaurant, maar dat viel helaas erg tegen. Voor €15 kregen we een klein bakje chips met goedkope gesmolten kaas en wat guacamole. Dit kun je thuis voor veel minder geld zelf maken en …","Paleisstraat 15, 1012 RB Amsterdam",020 423 5200,http://laboca-restaurant.nl/,52.3725904,4.8913024,https://www.google.com/maps/place/La+Boca+%E2%80%93+Tapas+%26+Steaks+Since+1995/data=!4m7!3m6!1s0x47c609c6ce4189d1:0x4ed614e48e7f802!8m2!3d52.3725904!4d4.8913024!16s%2Fg%2F1td4nx7b!19sChIJ0YlBzsYJxkcRAvjnSE5h7QQ?authuser=0&hl=nl&g_ep=EgoyMDI2MDkzMC4wIJJjKgBIAVAD&rclk=1
Vaca Negra Steak & Grill,Argentijns restaurant,4.5,45,"We zijn begonnen met de stokbrood met kruidenboter. De smaak van het brood en kruidenboter was lekker. Helaas waren de broodjes iets te hard afgebakken.  Hoofdgerecht was een dry-aged Côte de Boeuf van 900 gram. Met €88,00 (voor 2 personen) …","Melkmarkt 18, 8011 MC Zwolle",038 421 4837,http://www.vacanegra.nl/,52.5128764,6.091841,https://www.google.com/maps/place/Vaca+Negra+Steak+%26+Grill/data=!4m7!3m6!1s0x47c7df2fc9e880e9:0x3359f975c1dd91d9!8m2!3d52.5128764!4d6.091841!16s%2Fg%2F12qfn2fpk!19sChIJ6YDoyS_fx0cR2ZHdwXX5WTM?authuser=0&hl=nl&g_ep=EgoyMDI2MDkzMC4wIJJjKgBIAVAD&rclk=1
Angus Grill,Steakhouse,4.8,48,,"Maliestraat 5, 2514 CA Den Haag",06 24208127,https://angusgrill.nl/,52.0843521,4.313753,https://www.google.com/maps/place/Angus+Grill/data=!4m7!3m6!1s0x47c5b77cc66f62e7:0xa65233b758be5930!8m2!3d52.0843521!4d4.313753!16s%2Fg%2F11yrc6yy84!19sChIJ52Jvxny3xUcRMFm-WLczUqY?authuser=0&hl=nl&g_ep=EgoyMDI2MDkzMC4wIJJjKgBIAVAD&rclk=1
Carne Argentina,Argentijns restaurant,4.7,47,,"Damstraat 21, 1012 JL Amsterdam",020 422 0116,http://carne-argentina.nl/,52.3722222,4.8952778,https://www.google.com/maps/place/Carne+Argentina/data=!4m7!3m6!1s0x47c609c7549224a1:0x16a18df7bcbb29bb!8m2!3d52.3722222!4d4.8952778!16s%2Fg%2F1hc363kdp!19sChIJoSSSVMcJxkcRuym7vPeNoRY?authuser=0&hl=nl&g_ep=EgoyMDI2MDkzMC4wIJJjKgBIAVAD&rclk=1
Steakhouse Grill Tango,Argentijns restaurant,4.5,45,,"Reguliersdwarsstraat 125, 1017 BL Amsterdam",020 334 6692,https://tangogrillsteakhouse.nl/reserveren,52.3658669,4.8951323,https://www.google.com/maps/place/Steakhouse+Grill+Tango/data=!4m7!3m6!1s0x47c609954fa0ac37:0x8bd00b3fec4beb53!8m2!3d52.3658669!4d4.8951323!16s%2Fg%2F11c30wkcfd!19sChIJN6ygT5UJxkcRU-tL7D8L0Is?authuser=0&hl=nl&g_ep=EgoyMDI2MDkzMC4wIJJjKgBIAVAD&rclk=1
La Casona,Argentijns restaurant,4.6,46,,"Utrechtsestraat 42, 1017 VP Amsterdam",,https://www.lacasonarestaurant.nl/,52.3641827,4.8980242,https://www.google.com/maps/place/La+Casona/data=!4m7!3m6!1s0x47c60995adc572fb:0x20d4f60e8e6d6196!8m2!3d52.3641827!4d4.8980242!16s%2Fg%2F12qfy2mjp!19sChIJ-3LFrZUJxkcRlmFtjg721CA?authuser=0&hl=nl&g_ep=EgoyMDI2MDkzMC4wIJJjKgBIAVAD&rclk=1
Asado argentijns grill restaurant,Argentijns restaurant,4.7,47,,"Tilburgseweg 5A, 4902 TL Oosterhout",0162 436 743,https://asadosteaks.nl/,51.6354879,4.8687168,https://www.google.com/maps/place/Asado+argentijns+grill+restaurant/data=!4m7!3m6!1s0x47c6994a2f49a3a9:0xc6415da575212d4b!8m2!3d51.6354879!4d4.8687168!16s%2Fg%2F11h9l0hx56!19sChIJqaNJL0qZxkcRSy0hdaVdQcY?authuser=0&hl=nl&g_ep=EgoyMDI2MDkzMC4wIJJjKgBIAVAD&rclk=1
Rancho Bravo Argentijns Grill-Restaurant,Argentijns restaurant,4.5,45,,"Orthenstraat 53, 5211 SV 's-Hertogenbosch",073 613 0167,http://www.ranchobravo.nl/,51.6919645,5.3011945,https://www.google.com/maps/place/Rancho+Bravo+Argentijns+Grill-Restaurant/data=!4m7!3m6!1s0x47c6ee5f0aade759:0x98a09ac2940d7721!8m2!3d51.6919645!4d5.3011945!16s%2Fg%2F1tkc1b7f!19sChIJWeetCl_uxkcRIXcNlMKaoJg?authuser=0&hl=nl&g_ep=EgoyMDI2MDkzMC4wIJJjKgBIAVAD&rclk=1
Argentino Tango,Argentijns restaurant,4.5,45,,"Woldpromenade 50, 8331 JJ Steenwijk",0521 517 073,http://www.argentinotango.nl/,52.7871053,6.1133979,https://www.google.com/maps/place/Argentino+Tango/data=!4m7!3m6!1s0x47c86eb8e9434619:0xc7935a7ca59f726d!8m2!3d52.7871053!4d6.1133979!16s%2Fg%2F1vxw7j2g!19sChIJGUZD6bhuyEcRbXKfpXxak8c?authuser=0&hl=nl&g_ep=EgoyMDI2MDkzMC4wIJJjKgBIAVAD&rclk=1
Los Che,Argentijns restaurant,4.6,46,,"Voorstraat 107, 8261 HR Kampen",038 333 3786,http://www.losche.nl/,52.558399,5.917663,https://www.google.com/maps/place/Los+Che/data=!4m7!3m6!1s0x47c87883af4a4527:0xdbfc37c22391cb37!8m2!3d52.558399!4d5.917663!16s%2Fg%2F1vfn5xd6!19sChIJJ0VKr4N4yEcRN8uRI8I3_Ns?authuser=0&hl=nl&g_ep=EgoyMDI2MDkzMC4wIJJjKgBIAVAD&rclk=1
La Guapa Argentijns Grill Restaurant,Argentijns restaurant,4.8,48,,"Dubbele Buurt 28, 1621 JW Hoorn",0229 507 818,https://laguapa.nl/,52.6430714,5.0526507,https://www.google.com/maps/place/La+Guapa+Argentijns+Grill+Restaurant/data=!4m7!3m6!1s0x47c8a90663ec0183:0x46d86fe14313f97e!8m2!3d52.6430714!4d5.0526507!16s%2Fg%2F11fhvmmq12!19sChIJgwHsYwapyEcRfvkTQ-Fv2EY?authuser=0&hl=nl&g_ep=EgoyMDI2MDkzMC4wIJJjKgBIAVAD&rclk=1
El Gaucho,Argentijns restaurant,4.5,45,,"Steenstraat 59, 2312 BV Leiden",071 513 2530,http://www.gaucholeiden.nl/,52.1619403,4.4846506,https://www.google.com/maps/place/El+Gaucho/data=!4m7!3m6!1s0x47c5c6ec2cffa6cf:0x72f90d64c7ef28fc!8m2!3d52.1619403!4d4.4846506!16s%2Fg%2F1tpljxxq!19sChIJz6b_LOzGxUcR_Cjvx2QN-XI?authuser=0&hl=nl&g_ep=EgoyMDI2MDkzMC4wIJJjKgBIAVAD&rclk=1
Cubanos,Cubaans restaurant,4.5,45,,"Markt 8, 7141 AA Groenlo",0544 762 928,https://cubanos.nl/,52.0427766,6.6170598,https://www.google.com/maps/place/Cubanos/data=!4m7!3m6!1s0x47b8774265529baf:0x71c4b1b828c1387!8m2!3d52.0427766!4d6.6170598!16s%2Fg%2F11t9lj8jjt!19sChIJr5tSZUJ3uEcRhxOMghtLHAc?authuser=0&hl=nl&g_ep=EgoyMDI2MDkzMC4wIJJjKgBIAVAD&rclk=1
Grill Restaurant El Torado,Argentijns restaurant,4.5,45,,"Reguliersbreestraat 25, 1017 CL Amsterdam",020 625 6600,http://eltorado.com/,52.366681,4.894712,https://www.google.com/maps/place/Grill+Restaurant+El+Torado/data=!4m7!3m6!1s0x47c609bfffd61c6d:0xbc5ce4d30e70ad0!8m2!3d52.366681!4d4.894712!16s%2Fg%2F1tgn8tpy!19sChIJbRzW_78JxkcR0ArnME3OxQs?authuser=0&hl=nl&g_ep=EgoyMDI2MDkzMC4wIJJjKgBIAVAD&rclk=1
Argentijns Restaurant El Rancho 🇦🇷,Argentijns restaurant,4.6,46,,"Jan Steenlaan 73, 3904 XN Veenendaal",0318 541 027,https://elranchoveenendaal.nl/,52.0210084,5.5419084,https://www.google.com/maps/place/Argentijns+Restaurant+El+Rancho+%F0%9F%87%A6%F0%9F%87%B7/data=!4m7!3m6!1s0x47c65181a19674e7:0x4bf8fdcdd5cace92!8m2!3d52.0210084!4d5.5419084!16s%2Fg%2F1td12gnj!19sChIJ53SWoYFRxkcRks7K1c39-Es?authuser=0&hl=nl&g_ep=EgoyMDI2MDkzMC4wIJJjKgBIAVAD&rclk=1
Buena Vista Tapas and Drinks,Tapas restaurant,4.5,45,,"Wierdensestraat 50, 7461 BJ Rijssen",0548 512 439,http://www.buenavistarijssen.nl/,52.3094814,6.5241074,https://www.google.com/maps/place/Buena+Vista+Tapas+and+Drinks/data=!4m7!3m6!1s0x47c7f70021c20657:0x89d213eb86742a27!8m2!3d52.3094814!4d6.5241074!16s%2Fg%2F11b5qwd9br!19sChIJVwbCIQD3x0cRJyp0husT0ok?authuser=0&hl=nl&g_ep=EgoyMDI2MDkzMC4wIJJjKgBIAVAD&rclk=1
Amigo Grill Restaurant,Argentijns restaurant,4.5,45,,"Prinsengracht 188, H, 1016 HC Amsterdam",020 845 1081,https://amigogrill.nl/en/,52.3736532,4.8826525,https://www.google.com/maps/place/Amigo+Grill+Restaurant/data=!4m7!3m6!1s0x47c609c4b4fa91df:0x476ae64da17ba404!8m2!3d52.3736532!4d4.8826525!16s%2Fg%2F11c5n8f5vy!19sChIJ35H6tMQJxkcRBKR7oU3makc?authuser=0&hl=nl&g_ep=EgoyMDI2MDkzMC4wIJJjKgBIAVAD&rclk=1
EL Ternero,Argentijns restaurant,4.5,45,,"Lieve Vrouwestraat 22, 3811 BR Amersfoort",033 463 8705,http://www.elternero.nl/,52.1557475,5.3879196,https://www.google.com/maps/place/EL+Ternero/data=!4m7!3m6!1s0x47c6469f8331460d:0xb2c77393ab8a7372!8m2!3d52.1557475!4d5.3879196!16s%2Fg%2F1tfmh06r!19sChIJDUYxg59GxkcRcnOKq5Nzx7I?authuser=0&hl=nl&g_ep=EgoyMDI2MDkzMC4wIJJjKgBIAVAD&rclk=1
Al Argentino Steakhouse 🇦🇷,Argentijns restaurant,4.2,42,"Het eten is okay, de bediening vriendelijk. Maar 6,90€ voor een Heineken 0,0 is belachelijk. En toen ik daar wat van zei was de reactie: “komt u wel uit Amsterdam…?”","Zeedijk 29-A, 1012 AP Amsterdam",020 638 9340,http://www.alargentino.nl/,52.3756956,4.9009719,https://www.google.com/maps/place/Al+Argentino+Steakhouse+%F0%9F%87%A6%F0%9F%87%B7/data=!4m7!3m6!1s0x47c609b9bfa4090f:0xf95deb3005ff9bdc!8m2!3d52.3756956!4d4.9009719!16s%2Fg%2F1tcyr0lb!19sChIJDwmkv7kJxkcR3Jv_BTDrXfk?authuser=0&hl=nl&g_ep=EgoyMDI2MDkzMC4wIJJjKgBIAVAD&rclk=1
Restaurant El Capricho Amsterdam,Restaurant,4.8,48,,"Korte Leidsedwarsstraat 103, 1017 PX Amsterdam",020 420 0066,http://www.elcaprichoamsterdam.nl/,52.3636844,4.8842221,https://www.google.com/maps/place/Restaurant+El+Capricho+Amsterdam/data=!4m7!3m6!1s0x47c6099a1403ba5f:0xbb708b07a9d6ed75!8m2!3d52.3636844!4d4.8842221!16s%2Fg%2F11xr_nz96x!19sChIJX7oDFJoJxkcRde3WqQeLcLs?authuser=0&hl=nl&g_ep=EgoyMDI2MDkzMC4wIJJjKgBIAVAD&rclk=1
Los Argentinos,Argentijns restaurant,4.3,43,,"Kettingstraat 14, 2511 AJ Den Haag",070 346 8523,http://www.los-argentinos.nl/,52.0780584,4.3100581,https://www.google.com/maps/place/Los+Argentinos/data=!4m7!3m6!1s0x47c5b725a823a4f3:0xa534d80e2fe31832!8m2!3d52.0780584!4d4.3100581!16s%2Fg%2F1tjdkymf!19sChIJ86QjqCW3xUcRMhjjLw7YNKU?authuser=0&hl=nl&g_ep=EgoyMDI2MDkzMC4wIJJjKgBIAVAD&rclk=1
La Casa Argentina,Argentijns restaurant,4.3,43,,"Zeedijk 32A, 1012 AZ Amsterdam",020 627 1174,https://lacasaargentina.amsterdam/,52.375347,4.9009396,https://www.google.com/maps/place/La+Casa+Argentina/data=!4m7!3m6!1s0x47c609b9bdf84f8f:0xcc62f6cf42a35b0c!8m2!3d52.375347!4d4.9009396!16s%2Fg%2F1th7m2r1!19sChIJj0_4vbkJxkcRDFujQs_2Ysw?authuser=0&hl=nl&g_ep=EgoyMDI2MDkzMC4wIJJjKgBIAVAD&rclk=1
Villa Maria Steakhouse,Steakhouse,4.5,45,,"Lange Leidsedwarsstraat 45, 1017 NG Amsterdam",020 622 3759,http://www.restaurantvillamaria.nl/,52.3640146,4.8846737,https://www.google.com/maps/place/Villa+Maria+Steakhouse/data=!4m7!3m6!1s0x47c609e90414e71b:0xb97815d1ed7a741!8m2!3d52.3640146!4d4.8846737!16s%2Fg%2F124stg9lr!19sChIJG-cUBOkJxkcRQafXHl2Blws?authuser=0&hl=nl&g_ep=EgoyMDI2MDkzMC4wIJJjKgBIAVAD&rclk=1
Argentijns grill restaurant El Puerto,Restaurant,4.2,42,,"Haven 11, 4811 WK Breda",06 15507008,https://elpuerto.nl/,51.5890212,4.7725413,https://www.google.com/maps/place/Argentijns+grill+restaurant+El+Puerto/data=!4m7!3m6!1s0x47c69fff71784feb:0xeb6818f56d44d449!8m2!3d51.5890212!4d4.7725413!16s%2Fg%2F11nnhks35v!19sChIJ6094cf-fxkcRSdREbfUYaOs?authuser=0&hl=nl&g_ep=EgoyMDI2MDkzMC4wIJJjKgBIAVAD&rclk=1
Restaurant Toro,Spaans restaurant,4.0,40,,"Groenmarkt 37, 7201 HW Zutphen",,https://www.restaurant-toro.nl/,52.141692,6.1949368,https://www.google.com/maps/place/Restaurant+Toro/data=!4m7!3m6!1s0x47c794694a058a93:0x1f2edcab5682169c!8m2!3d52.141692!4d6.1949368!16s%2Fg%2F1vxz8vt0!19sChIJk4oFSmmUx0cRnBaCVqvcLh8?authuser=0&hl=nl&g_ep=EgoyMDI2MDkzMC4wIJJjKgBIAVAD&rclk=1
Restaurant Argentinos Loosdrecht,Restaurant,4.5,45,,"Nieuw-Loosdrechtsedijk 211, 1231 KT Loosdrecht",035 577 9798,http://argentinos.nl/,52.187904,5.098639,https://www.google.com/maps/place/Restaurant+Argentinos+Loosdrecht/data=!4m7!3m6!1s0x47c66c4416e465bb:0x53fba338c9dc4c0c!8m2!3d52.187904!4d5.098639!16s%2Fg%2F1tdbq2bc!19sChIJu2XkFkRsxkcRDEzcyTij-1M?authuser=0&hl=nl&g_ep=EgoyMDI2MDkzMC4wIJJjKgBIAVAD&rclk=1
Restaurant Argentino Luna,Argentijns restaurant,4.7,47,"€26,00 voor 8 gamba's (geen King prawns, gewone medium dingen) is erg veel. Met twee personen hebben wij voor € 77,00 gegeten: de al reeds genoemde gamba's, een potrtie zeer flauwe spare ribs, een cola, 2 wijn en een mini flesje plat water. …","Lindengracht 152, 1015 KK Amsterdam",020 627 4149,https://restaurantluna.nl/,52.3803791,4.8845047,https://www.google.com/maps/place/Restaurant+Argentino+Luna/data=!4m7!3m6!1s0x47c609cfd298455f:0x6429a8daa291c7fe!8m2!3d52.3803791!4d4.8845047!16s%2Fg%2F1tvt9k5q!19sChIJX0WY0s8JxkcR_seRotqoKWQ?authuser=0&hl=nl&g_ep=EgoyMDI2MDkzMC4wIJJjKgBIAVAD&rclk=1
La Rosario Heemstede Argentijns Grill Restaurant,Restaurant,4.8,48,,"Raadhuisstraat 58, 2101 HH Heemstede",023 547 6633,http://www.larosario.nl/heemstede/,52.3490237,4.6213664,https://www.google.com/maps/place/La+Rosario+Heemstede+Argentijns+Grill+Restaurant/data=!4m7!3m6!1s0x47c5e9d31dffe15d:0xc7b090521c2b4f90!8m2!3d52.3490237!4d4.6213664!16s%2Fg%2F11tn4rp4kt!19sChIJXeH_HdPpxUcRkE8rHFKQsMc?authuser=0&hl=nl&g_ep=EgoyMDI2MDkzMC4wIJJjKgBIAVAD&rclk=1
Mi Sueño,Argentijns restaurant,4.5,45,,"Maasstraat 40, 1078 HK Amsterdam",020 471 1103,http://www.mi-sueno.nl/,52.3458663,4.8947416,https://www.google.com/maps/place/Mi+Sue%C3%B1o/data=!4m7!3m6!1s0x47c6098a7afc0085:0xe0e1220a7475fc4!8m2!3d52.3458663!4d4.8947416!16s%2Fg%2F1tdwd3zg!19sChIJhQD8eooJxkcRxF9HpyASDg4?authuser=0&hl=nl&g_ep=EgoyMDI2MDkzMC4wIJJjKgBIAVAD&rclk=1
La Reinita 🇦🇷,Argentijns restaurant,5.0,50,,"Oosterspoorplein 1, 1221 JW Hilversum",06 48602467,https://lareinita.nl/,52.2269528,5.182336,https://www.google.com/maps/place/La+Reinita+%F0%9F%87%A6%F0%9F%87%B7/data=!4m7!3m6!1s0x47c66b64dd7fdd81:0xa54cb31058100ae0!8m2!3d52.2269528!4d5.182336!16s%2Fg%2F11ngqj4lk4!19sChIJgd1_3WRrxkcR4AoQWBCzTKU?authuser=0&hl=nl&g_ep=EgoyMDI2MDkzMC4wIJJjKgBIAVAD&rclk=1
Buenos Aires,Argentijns restaurant,4.5,45,,"Dorpsstraat 23, 1182 JA Amstelveen",020 641 8931,http://www.baires.nl/,52.302864,4.8464043,https://www.google.com/maps/place/Buenos+Aires/data=!4m7!3m6!1s0x47c5e02d1b9e4281:0x6b199cfd3a87257!8m2!3d52.302864!4d4.8464043!16s%2Fg%2F1w96fydy!19sChIJgUKeGy3gxUcRV3Ko08-ZsQY?authuser=0&hl=nl&g_ep=EgoyMDI2MDkzMC4wIJJjKgBIAVAD&rclk=1
Los Latinos Argentijns-Grill- Restaurant,Argentijns restaurant,4.6,46,,"Raadhuisstraat 55A, 4701 PM Roosendaal",0165 540 405,http://www.loslatinos.nl/,51.5322846,4.4597176,https://www.google.com/maps/place/Los+Latinos+Argentijns-Grill-+Restaurant/data=!4m7!3m6!1s0x47c416dc13e19cf7:0x35b49fe3224c6d2e!8m2!3d51.5322846!4d4.4597176!16s%2Fg%2F1tf9mf05!19sChIJ95zhE9wWxEcRLm1MIuOftDU?authuser=0&hl=nl&g_ep=EgoyMDI2MDkzMC4wIJJjKgBIAVAD&rclk=1
Goodfella`s,Steakhouse,4.4,44,,"Meerdijk 71, 7825 TH Emmen",0591 621 433,http://www.steakhousegoodfellas.nl/,52.7726356,6.9464784,https://www.google.com/maps/place/Goodfella%60s/data=!4m7!3m6!1s0x47b7e8c6d66a78d9:0xead0a4e9242526f2!8m2!3d52.7726356!4d6.9464784!16s%2Fg%2F1tfdxy6z!19sChIJ2Xhq1sbot0cR8iYlJOmk0Oo?authuser=0&hl=nl&g_ep=EgoyMDI2MDkzMC4wIJJjKgBIAVAD&rclk=1
Cantina Dos Pimientos,Mexicaans restaurant,4.8,48,,"Smederijstraat 4, 7772 VG Hardenberg",0523 225 131,https://www.dospimientos.nl/,52.57594,6.6197956,https://www.google.com/maps/place/Cantina+Dos+Pimientos/data=!4m7!3m6!1s0x47c801483927a4bf:0x11ce355ca957c0e!8m2!3d52.57594!4d6.6197956!16s%2Fg%2F11s6629_th!19sChIJv6QnOUgByEcRDnyVylXjHAE?authuser=0&hl=nl&g_ep=EgoyMDI2MDkzMC4wIJJjKgBIAVAD&rclk=1
La Tabla,Argentijns restaurant,4.7,47,,"Denneweg 41a, 2514 CD Den Haag",070 406 2900,http://www.latablarestaurant.nl/,52.0856108,4.31224,https://www.google.com/maps/place/La+Tabla/data=!4m7!3m6!1s0x47c5b73b4535fbff:0x4fbc0fdc7b14c087!8m2!3d52.0856108!4d4.31224!16s%2Fg%2F11fpsqygz0!19sChIJ__s1RTu3xUcRh8AUe9wPvE8?authuser=0&hl=nl&g_ep=EgoyMDI2MDkzMC4wIJJjKgBIAVAD&rclk=1
Balkan Grill Delivery,,5.0,50,,"Kalimantanstraat 50-4, 7512 HM Enschede",053 234 0886,,52.210587,6.8924487,https://www.google.com/maps/place/Balkan+Grill+Delivery/data=!4m7!3m6!1s0x47b815a7fa387abf:0xba34162590b0f11!8m2!3d52.210587!4d6.8924487!16s%2Fg%2F11p5dlpr5f!19sChIJv3o4-qcVuEcREQ8LWWJBows?authuser=0&hl=nl&g_ep=EgoyMDI2MDkzMC4wIJJjKgBIAVAD&rclk=1
Balkan Restaurant,,4.1,41,,"Drienerstraat 29, 7551 HK Hengelo",,,52.2650798,6.7967758,https://www.google.com/maps/place/Balkan+Restaurant/data=!4m7!3m6!1s0x47b811e4665ef8e7:0x55c83be33821ae58!8m2!3d52.2650798!4d6.7967758!16s%2Fg%2F1tdcqlsy!19sChIJ5_heZuQRuEcRWK4hOOM7yFU?authuser=0&hl=nl&g_ep=EgoyMDI2MDkzMC4wIJJjKgBIAVAD&rclk=1
Kardem Slagerij,Slagerij,4.6,46,,"Wesseler-Nering 22, 7544 JB Enschede",053 303 0292,http://kardemslagerij.nl/,52.1916192,6.879033,https://www.google.com/maps/place/Kardem+Slagerij/data=!4m7!3m6!1s0x47b8130078604f75:0xfadcf5e935a846a4!8m2!3d52.1916192!4d6.879033!16s%2Fg%2F11x2b9rw6l!19sChIJdU9geAATuEcRpEaoNen13Po?authuser=0&hl=nl&g_ep=EgoyMDI2MDkzMC4wIJJjKgBIAVAD&rclk=1
Compact Europe B.V.,Vleesgroothandel,3.9,39,,"Twekkeler Es 28, 7547 SM Enschede",053 785 0633,http://www.compact-eu.com/,52.2205509,6.84024,https://www.google.com/maps/place/Compact+Europe+B.V./data=!4m7!3m6!1s0x47b813b0a34fec3d:0xeb9cdd2c53da5a03!8m2!3d52.2205509!4d6.84024!16s%2Fg%2F11c1xgqxms!19sChIJPexPo7ATuEcRA1raUyzdnOs?authuser=0&hl=nl&g_ep=EgoyMDI2MDkzMC4wIJJjKgBIAVAD&rclk=1
Ana market,Supermarkt,4.5,45,,"Zonstraat 38, 7521 HJ Enschede",053 574 4455,http://www.anamarket.nl/,52.229213,6.8587689,https://www.google.com/maps/place/Ana+market/data=!4m7!3m6!1s0x47b813c11c06b461:0x7a9c46a683657f57!8m2!3d52.229213!4d6.8587689!16s%2Fg%2F11b90dv17k!19sChIJYbQGHMETuEcRV39lg6ZGnHo?authuser=0&hl=nl&g_ep=EgoyMDI2MDkzMC4wIJJjKgBIAVAD&rclk=1
Thunderbird,Cannabiswinkel,4.4,44,,"Wilhelminastraat 3, 7511 DM Enschede",,,52.2207193,6.899127,https://www.google.com/maps/place/Thunderbird/data=!4m7!3m6!1s0x47b814725db61879:0x51f3be2890f64d0!8m2!3d52.2207193!4d6.899127!16s%2Fg%2F1tg5yq9c!19sChIJeRi2XXIUuEcR0GQPieI7HwU?authuser=0&hl=nl&g_ep=EgoyMDI2MDkzMC4wIJJjKgBIAVAD&rclk=1
Coffeeshop The Edge,Cannabiswinkel,3.7,37,"Als je graag in een donker hol wilt gaan zitten is dit dè ideale plek! Nog nooit meegemaakt. Vies en vuil. Alsook de dames toilet die met ducktape aan elkaar hing, de klink durfde ik niet aan te raken en heb nochtans geen smetvrees.  14€ …","Noorderhagen 56, 7511 EM Enschede",,,52.2214567,6.8971769,https://www.google.com/maps/place/Coffeeshop+The+Edge/data=!4m7!3m6!1s0x47b8147306f6ff3b:0xf437cb04c9119cd5!8m2!3d52.2214567!4d6.8971769!16s%2Fg%2F1tdy3kbg!19sChIJO__2BnMUuEcR1ZwRyQTLN_Q?authuser=0&hl=nl&g_ep=EgoyMDI2MDkzMC4wIJJjKgBIAVAD&rclk=1
Poolcafé The Bridge,Poolcentrum,4.0,40,,"Oude Markt 9-A, 7511 GA Enschede",053 852 5993,https://www.poolcafethebridge.nl/,52.2212995,6.8951759,https://www.google.com/maps/place/Poolcaf%C3%A9+The+Bridge/data=!4m7!3m6!1s0x47b814738363da1d:0xe197545748f0bb53!8m2!3d52.2212995!4d6.8951759!16s%2Fg%2F1td2szsx!19sChIJHdpjg3MUuEcRU7vwSFdUl-E?authuser=0&hl=nl&g_ep=EgoyMDI2MDkzMC4wIJJjKgBIAVAD&rclk=1
Markt Enschede,Markt,4.7,47,,"Hendrik Jan van Heekplein 103, 7511 HN Enschede",06 41608901,https://www.marktenschede.nl/,52.2175561,6.8975117,https://www.google.com/maps/place/Markt+Enschede/data=!4m7!3m6!1s0x47b81522c6c4126b:0x68ad11516905b208!8m2!3d52.2175561!4d6.8975117!16s%2Fg%2F11x5kcrt48!19sChIJaxLExiIVuEcRCLIFaVERrWg?authuser=0&hl=nl&g_ep=EgoyMDI2MDkzMC4wIJJjKgBIAVAD&rclk=1
Theehuis Okide,,,,,"Hofstraat 13-1, 7511 HC Enschede",,,52.2200028,6.8959926,https://www.google.com/maps/place/Theehuis+Okide/data=!4m7!3m6!1s0x47b81473c09f69ef:0x9dd4750d79545e02!8m2!3d52.2200028!4d6.8959926!16s%2Fg%2F11f4r1kfww!19sChIJ72mfwHMUuEcRAl5UeQ111J0?authuser=0&hl=nl&g_ep=EgoyMDI2MDkzMC4wIJJjKgBIAVAD&rclk=1
Broodje Aap,Restaurant,,,,"De Heurne 19b, 7511 GV Enschede",,,52.2203853,6.8985302,https://www.google.com/maps/place/Broodje+Aap/data=!4m7!3m6!1s0x47b81472450524e1:0xf59b3d12c67ba6b3!8m2!3d52.2203853!4d6.8985302!16s%2Fg%2F11hzrtlg2t!19sChIJ4SQFRXIUuEcRs6Z7xhI9m_U?authuser=0&hl=nl&g_ep=EgoyMDI2MDkzMC4wIJJjKgBIAVAD&rclk=1
HEMA,Warenhuis,4.0,40,,"Hendrik Jan van Heekplein 74, 7511 HN Enschede",053 432 2765,https://winkels.hema.nl/nl/enschede/hema-enschede?y_source=1_MTU0NTcyNDYtNzE1LWxvY2F0aW9uLndlYnNpdGU%3D,52.2169947,6.8981008,https://www.google.com/maps/place/HEMA/data=!4m7!3m6!1s0x47b814721625ed71:0xd61162a066ed5de1!8m2!3d52.2169947!4d6.8981008!16s%2Fg%2F1tmqkw2l!19sChIJce0lFnIUuEcR4V3tZqBiEdY?authuser=0&hl=nl&g_ep=EgoyMDI2MDkzMC4wIJJjKgBIAVAD&rclk=1
Hollandse Poffertjes (Dutch Mini Pancakes),Bakkerij,5.0,50,,"Klanderij 90, 7511 DV Enschede",,,52.217714,6.8980495,https://www.google.com/maps/place/Hollandse+Poffertjes+%28Dutch+Mini+Pancakes%29/data=!4m7!3m6!1s0x47b8150020f2707d:0xa8435e2f30ad1780!8m2!3d52.217714!4d6.8980495!16s%2Fg%2F11z35bmmqs!19sChIJfXDyIAAVuEcRgBetMC9eQ6g?authuser=0&hl=nl&g_ep=EgoyMDI2MDkzMC4wIJJjKgBIAVAD&rclk=1
Bakkers van Alink Stadsveld Enschede,Bakkerij,,,,"Zweringweg 218, 7545 DA Enschede",053 431 1889,https://www.bakkersvanalink.nl/,52.210454,6.8628695,https://www.google.com/maps/place/Bakkers+van+Alink+Stadsveld+Enschede/data=!4m7!3m6!1s0x47b813e6288386a7:0xa0af7d09f1878ff8!8m2!3d52.210454!4d6.8628695!16s%2Fg%2F11nvxkt0w1!19sChIJp4aDKOYTuEcR-I-H8Ql9r6A?authuser=0&hl=nl&g_ep=EgoyMDI2MDkzMC4wIJJjKgBIAVAD&rclk=1
Hollandia Matzes B.V.,Bakkerij,3.7,37,,"Nieuwstraat 10-14, 7513 DC Enschede",053 431 0366,http://www.hollandiamatzes.nl/,52.2167586,6.8829007,https://www.google.com/maps/place/Hollandia+Matzes+B.V./data=!4m7!3m6!1s0x47b8138900021a4b:0x69e9b88730fd7a31!8m2!3d52.2167586!4d6.8829007!16s%2Fg%2F1tdzvszj!19sChIJSxoCAIkTuEcRMXr9MIe46Wk?authuser=0&hl=nl&g_ep=EgoyMDI2MDkzMC4wIJJjKgBIAVAD&rclk=1
La Stans,Chocolaterie,4.8,48,,"Marktstraat 5, 7511 GC Enschede",053 230 7239,http://www.lastans.nl/,52.2208424,6.8944183,https://www.google.com/maps/place/La+Stans/data=!4m7!3m6!1s0x47b815e3b2ab8fbd:0x88ad1037f7a3120a!8m2!3d52.2208424!4d6.8944183!16s%2Fg%2F11g2wqscfm!19sChIJvY-rsuMVuEcRChKj9zcQrYg?authuser=0&hl=nl&g_ep=EgoyMDI2MDkzMC4wIJJjKgBIAVAD&rclk=1
BlijMijBaksels🎂,Taartenwinkel,,,,"Van Leeuwenhoekstraat 149, 7533 WD Enschede",06 18348316,,52.2219014,6.9217518,https://www.google.com/maps/place/BlijMijBaksels%F0%9F%8E%82/data=!4m7!3m6!1s0x47b815d4df398df5:0x160c97ac915ff5fa!8m2!3d52.2219014!4d6.9217518!16s%2Fg%2F11hhl77sgx!19sChIJ9Y0539QVuEcR-vVfkayXDBY?authuser=0&hl=nl&g_ep=EgoyMDI2MDkzMC4wIJJjKgBIAVAD&rclk=1
Jamin,Snoepwinkel,,,"Abnormaal wat een woegerprijzen, zag een 300gram doosje Schoko Bananen die ik vroeger in Duitsland ook vaker kocht, doordat mijn dochter nog veel ander spul kocht heb ik tijdens het afrekenen niet echt op de prijs gelet!
14,-€😳😳😳! Deze kosten normaal 2,99€ per 300 gram! Nooit meer deze winkel! …","Raadhuisstraat 1, 7511 HB Enschede",053 432 1769,https://www.jamin.nl/,52.2190347,6.8964162,https://www.google.com/maps/place/Jamin/data=!4m7!3m6!1s0x47b81473d0c87987:0x171c01575f7d2cf6!8m2!3d52.2190347!4d6.8964162!16s%2Fg%2F1v44d12j!19sChIJh3nI0HMUuEcR9ix9X1cBHBc?authuser=0&hl=nl&g_ep=EgoyMDI2MDkzMC4wIJJjKgBIAVAD&rclk=1
ijswinkel regenboog🍦,,,,,"Oude Markt 23, 7511 EZ Enschede",06 17675800,,52.2208071,6.8967242,https://www.google.com/maps/place/ijswinkel+regenboog%F0%9F%8D%A6/data=!4m7!3m6!1s0x47b815cb188f7021:0xf422519332b9089b!8m2!3d52.2208071!4d6.8967242!16s%2Fg%2F11whr8t6dt!19sChIJIXCPGMsVuEcRmwi5MpNRIvQ?authuser=0&hl=nl&g_ep=EgoyMDI2MDkzMC4wIJJjKgBIAVAD&rclk=1
Snooker & Poolcentrum Enschede,Poolcentrum,4.3,43,,"Marktstraat 10A, 7511 GD Enschede",053 430 1925,http://www.snookerenpoolenschede.nl/,52.2210478,6.8939163,https://www.google.com/maps/place/Snooker+%26+Poolcentrum+Enschede/data=!4m7!3m6!1s0x47b81471342532dd:0x3640b4a540d3bba3!8m2!3d52.2210478!4d6.8939163!16s%2Fg%2F1tyktg43!19sChIJ3TIlNHEUuEcRo7vTQKW0QDY?authuser=0&hl=nl&g_ep=EgoyMDI2MDkzMC4wIJJjKgBIAVAD&rclk=1
Saloon de Wigwam,Karaokebar,4.1,41,,"Stadsgravenstraat 75, 7511 ER Enschede",06 34512797,http://www.saloondewigwam.eu/,52.2208133,6.8973992,https://www.google.com/maps/place/Saloon+de+Wigwam/data=!4m7!3m6!1s0x47b81473aceca0e1:0x2398450978a2f235!8m2!3d52.2208133!4d6.8973992!16s%2Fg%2F1w345pnn!19sChIJ4aDsrHMUuEcRNfKieAlFmCM?authuser=0&hl=nl&g_ep=EgoyMDI2MDkzMC4wIJJjKgBIAVAD&rclk=1
Sociëteit Flux,Bar,4.8,48,,"Oude Markt 24, 7511 GB Enschede",,http://www.societeitflux.nl/,52.2206085,6.8965473,https://www.google.com/maps/place/Soci%C3%ABteit+Flux/data=!4m7!3m6!1s0x47b81473bb4f8ed1:0xd34d8ff000f82e5d!8m2!3d52.2206085!4d6.8965473!16s%2Fg%2F1vlz9fp1!19sChIJ0Y5Pu3MUuEcRXS74APCPTdM?authuser=0&hl=nl&g_ep=EgoyMDI2MDkzMC4wIJJjKgBIAVAD&rclk=1
Grote Kerk,Protestantse kerk,4.5,45,,"Oude Markt 32, 7511 GB Enschede",053 485 8585,http://www.pgenschede.nl/grotekerk,52.2206907,6.8958917,https://www.google.com/maps/place/Grote+Kerk/data=!4m7!3m6!1s0x47b814739634d427:0xff75bef8d740f697!8m2!3d52.2206907!4d6.8958917!16s%2Fg%2F121ts_1r!19sChIJJ9Q0lnMUuEcRl_ZA1_i-df8?authuser=0&hl=nl&g_ep=EgoyMDI2MDkzMC4wIJJjKgBIAVAD&rclk=1
"Laadperron - Events, boules & borrelen",Restaurant,4.5,45,,"Getfertsingel 43, 7513 GA Enschede",,https://www.laadperron.com/,52.2095026,6.8874856,"https://www.google.com/maps/place/Laadperron+-+Events,+boules+%26+borrelen/data=!4m7!3m6!1s0x47b8158fdd0d99cd:0x52d0d3bac0718901!8m2!3d52.2095026!4d6.8874856!16s%2Fg%2F11vsrsp8_g!19sChIJzZkN3Y8VuEcRAYlxwLrT0FI?authuser=0&hl=nl&g_ep=EgoyMDI2MDkzMC4wIJJjKgBIAVAD&rclk=1"
Vergaderen in de Melkhal,Multifunctionele ruimte,4.3,43,,"De Coöperatie 15, 7514 JK Enschede",,https://www.indemelkhal.nl/,52.2252614,6.8904646,https://www.google.com/maps/place/Vergaderen+in+de+Melkhal/data=!4m7!3m6!1s0x47b8147941e55555:0x902c5b9183055478!8m2!3d52.2252614!4d6.8904646!16s%2Fg%2F11hzn4hz6c!19sChIJVVXlQXkUuEcReFQFg5FbLJA?authuser=0&hl=nl&g_ep=EgoyMDI2MDkzMC4wIJJjKgBIAVAD&rclk=1
Vinovie Wijnbar,Wijnbar,5.0,50,,"Korte Haaksbergerstraat 15, 7511 JV Enschede",,http://www.vinovie.nl/,52.2200715,6.8928408,https://www.google.com/maps/place/Vinovie+Wijnbar/data=!4m7!3m6!1s0x8ed8d74cda269f77:0xdb1a02285082ef8b!8m2!3d52.2200715!4d6.8928408!16s%2Fg%2F11vs10js5j!19sChIJd58m2kzX2I4Ri--CUCgCGts?authuser=0&hl=nl&g_ep=EgoyMDI2MDkzMC4wIJJjKgBIAVAD&rclk=1
Rico Latino,Dansschool,4.8,48,,"De Heurne 19b, 7511 GV Enschede",053 234 0678,http://www.ricolatino.nl/,52.2203853,6.8985302,https://www.google.com/maps/place/Rico+Latino/data=!4m7!3m6!1s0x47b81472450524e1:0xed36ea521d0174e6!8m2!3d52.2203853!4d6.8985302!16s%2Fg%2F1tdgnxp3!19sChIJ4SQFRXIUuEcR5nQBHVLqNu0?authuser=0&hl=nl&g_ep=EgoyMDI2MDkzMC4wIJJjKgBIAVAD&rclk=1
Crazy Kangeroe,Discotheek,3.9,39,"😅 leuk kinderfeestje voor mijn dochter 21 euro per kind betalen is al een boel geld, dan zelf nog een gewoon biertje drinken voor 3.50€ en dan 35 minuten wachten voor de kinderen op de patatjes met snack, ja ja 3 kipnukkets. We gaan hier geen geld meer uitgeven. …","Oude Markt 3, 7511 GB Enschede",06 36466096,,52.2204542,6.8946049,https://www.google.com/maps/place/Crazy+Kangeroe/data=!4m7!3m6!1s0x47b814738e322db7:0xa3682117b347e82d!8m2!3d52.2204542!4d6.8946049!16s%2Fg%2F11b78pwdn9!19sChIJty0yjnMUuEcRLehHsxchaKM?authuser=0&hl=nl&g_ep=EgoyMDI2MDkzMC4wIJJjKgBIAVAD&rclk=1
Jazzpodium de Tor,Jazzclub,4.5,45,,"Walstraat 21, 7511 GE Enschede",053 431 8060,http://www.jazzpodiumdetor.nl/,52.2193829,6.8945237,https://www.google.com/maps/place/Jazzpodium+de+Tor/data=!4m7!3m6!1s0x47b81473fa9b29d7:0x5efc4fffc0c139c5!8m2!3d52.2193829!4d6.8945237!16s%2Fg%2F1217tf9v!19sChIJ1ymb-nMUuEcRxTnBwP9P_F4?authuser=0&hl=nl&g_ep=EgoyMDI2MDkzMC4wIJJjKgBIAVAD&rclk=1
SPAR FoodClub Enschede,Broodjeswinkel,2.0,20,,"Marktstraat 13, 7511 GC Enschede",053 203 0166,https://spar.nl/foodservice/?utm_campaign=SPAR+FoodClub+Enschede&utm_content=794&utm_medium=Localistico&utm_source=google_gmb,52.2209,6.89363,https://www.google.com/maps/place/SPAR+FoodClub+Enschede/data=!4m7!3m6!1s0x47b815b25c035a8d:0x34f1cd968345ddef!8m2!3d52.2209!4d6.89363!16s%2Fg%2F11wjk28_6k!19sChIJjVoDXLIVuEcR791Fg5bN8TQ?authuser=0&hl=nl&g_ep=EgoyMDI2MDkzMC4wIJJjKgBIAVAD&rclk=1
Meerdanvlees,Winkel,4.8,48,,"Strootsweg 40, 7547 RW Enschede",,http://www.culinarius.nl/,52.2212813,6.8348875,https://www.google.com/maps/place/Meerdanvlees/data=!4m7!3m6!1s0x47b813b36e1352c7:0x8cd377744bbcc59a!8m2!3d52.2212813!4d6.8348875!16s%2Fg%2F1tdj_p00!19sChIJx1ITbrMTuEcRmsW8S3R304w?authuser=0&hl=nl&g_ep=EgoyMDI2MDkzMC4wIJJjKgBIAVAD&rclk=1
Arabica,Libanees restaurant,4.6,46,,"Drienerstraat 29, 7551 HK Hengelo",074 357 9163,https://arabica.sitedish.shop/,52.2651014,6.7967137,https://www.google.com/maps/place/Arabica/data=!4m7!3m6!1s0x47b8114ccb76ab9d:0x3cdbefc9ea8758d9!8m2!3d52.2651014!4d6.7967137!16s%2Fg%2F11yp5ryyn3!19sChIJnat2y0wRuEcR2ViH6snv2zw?authuser=0&hl=nl&g_ep=EgoyMDI2MDkzMC4wIJJjKgBIAVAD&rclk=1
Eetcafé Yam Yam,Döner kebab-restaurant,4.1,41,,"Willemstraat 35, 7551 DL Hengelo",074 250 9474,https://www.yamyam-hengelo.nl/,52.265422,6.790732,https://www.google.com/maps/place/Eetcaf%C3%A9+Yam+Yam/data=!4m7!3m6!1s0x47b811e25cda37a1:0x2df825bafb365004!8m2!3d52.265422!4d6.790732!16s%2Fg%2F1v3lp0cd!19sChIJoTfaXOIRuEcRBFA2-7ol-C0?authuser=0&hl=nl&g_ep=EgoyMDI2MDkzMC4wIJJjKgBIAVAD&rclk=1
Dille & Kamille - Enschede,Woonwinkel,4.6,46,,"Langestraat 47b, 7511 HB Enschede",053 434 3344,https://www.dille-kamille.nl/winkels/enschede/?utm_source=googlemybusiness&utm_medium=organic&utm_campaign=enschede,52.2198572,6.8957213,https://www.google.com/maps/place/Dille+%26+Kamille+-+Enschede/data=!4m7!3m6!1s0x47b81473c1e31e45:0x697825870355ee28!8m2!3d52.2198572!4d6.8957213!16s%2Fg%2F1ptw1k5ry!19sChIJRR7jwXMUuEcRKO5VA4cleGk?authuser=0&hl=nl&g_ep=EgoyMDI2MDkzMC4wIJJjKgBIAVAD&rclk=1
't Brèukes (unieke vergaderlocatie in Twentse natuur),Evenementenlocatie,4.9,49,,"Burgemeester Stroinkstraat 400, 7547 RJ Enschede",06 53370169,https://www.breukes.nl/,52.2350619,6.8304944,https://www.google.com/maps/place/%27%27t+Br%C3%A8ukes+%28unieke+vergaderlocatie+in+Twentse+natuur%29%27/data=!4m7!3m6!1s0x47b8130b7617d6e3:0x1c2f8f9ddb02e95f!8m2!3d52.2350619!4d6.8304944!16s%2Fg%2F11tg2xw3qv!19sChIJ49YXdgsTuEcRX-kC252PLxw?authuser=0&hl=nl&g_ep=EgoyMDI2MDkzMC4wIJJjKgBIAVAD&rclk=1
Breukers Horeca Verhuur,Verhuurbedrijf voor feestapparatuur,4.5,45,,"Staalsteden 4b, 7547 TA Enschede",053 450 0445,http://www.breukersverhuur.nl/?utm_source=google-mijn-bedrijf&utm_medium=website-bezoek,52.2138376,6.8256155,https://www.google.com/maps/place/Breukers+Horeca+Verhuur/data=!4m7!3m6!1s0x47b81253c7428d43:0x1165a15cf56357fd!8m2!3d52.2138376!4d6.8256155!16s%2Fg%2F1tg5yq8x!19sChIJQ41Cx1MSuEcR_Vdj9VyhZRE?authuser=0&hl=nl&g_ep=EgoyMDI2MDkzMC4wIJJjKgBIAVAD&rclk=1
Kaashandel Borghuis,Kaaswinkel,4.5,45,,"Hendrik Jan van Heekplein 60A, 7511 HN Enschede",053 431 8426,http://kaashandel-enschede.nl/,52.2172042,6.8978841,https://www.google.com/maps/place/Kaashandel+Borghuis/data=!4m7!3m6!1s0x47b81471bdf5ef6f:0xef49b67976537735!8m2!3d52.2172042!4d6.8978841!16s%2Fg%2F11g7ywtm0h!19sChIJb-_1vXEUuEcRNXdTdnm2Se8?authuser=0&hl=nl&g_ep=EgoyMDI2MDkzMC4wIJJjKgBIAVAD&rclk=1
Bril,Cateringgroothandel in voeding en dranken,,,,"Oude Markt 7, 7511 GA Enschede",053 432 5260,,52.2208469,6.8946601,https://www.google.com/maps/place/Bril/data=!4m7!3m6!1s0x47b8147385c2f79b:0x52c69f36d5028423!8m2!3d52.2208469!4d6.8946601!16s%2Fg%2F11h4ydby8x!19sChIJm_fChXMUuEcRI4QC1TafxlI?authuser=0&hl=nl&g_ep=EgoyMDI2MDkzMC4wIJJjKgBIAVAD&rclk=1
"in het Veld groep | Schoonmaak, bedrijfscatering en housekeeping",Schoonmaakbedrijf,4.0,40,,"Marssteden 68, 7547 TD Enschede",053 428 3025,https://inhetveld.nl/?utm_source=Google&utm_medium=GMB&utm_campaign=GoogleMyBusiness,52.216242,6.819172,"https://www.google.com/maps/place/in+het+Veld+groep+%7C+Schoonmaak,+bedrijfscatering+en+housekeeping/data=!4m7!3m6!1s0x47b812506bb0eeef:0xd59e7d99135e28a3!8m2!3d52.216242!4d6.819172!16s%2Fg%2F1tf7r69r!19sChIJ7-6wa1ASuEcRoyheE5l9ntU?authuser=0&hl=nl&g_ep=EgoyMDI2MDkzMC4wIJJjKgBIAVAD&rclk=1"
Morsink's Horecaprodukten,Groothandelaar,5.0,50,,"De Giem 18, 7547 SV Enschede",053 435 3086,http://www.morsinkhoreca.nl/,52.2215204,6.8374176,https://www.google.com/maps/place/Morsink%27s+Horecaprodukten/data=!4m7!3m6!1s0x47b813b39023ed41:0x6c98b994bdfbecb8!8m2!3d52.2215204!4d6.8374176!16s%2Fg%2F1txy1dm7!19sChIJQe0jkLMTuEcRuOz7vZS5mGw?authuser=0&hl=nl&g_ep=EgoyMDI2MDkzMC4wIJJjKgBIAVAD&rclk=1
Huuskes DKW Enschede,Groothandel in levensmiddelen,4.5,45,,"Transportcentrum 24, 7547 RX Enschede",088 383 6000,http://huuskes.nl/,52.2346291,6.8341684,https://www.google.com/maps/place/Huuskes+DKW+Enschede/data=!4m7!3m6!1s0x47b812331252f25d:0xc39e686be8bd2439!8m2!3d52.2346291!4d6.8341684!16s%2Fg%2F1hc2slhj1!19sChIJXfJSEjMSuEcROSS96GtonsM?authuser=0&hl=nl&g_ep=EgoyMDI2MDkzMC4wIJJjKgBIAVAD&rclk=1
Zuivelhoeve Stadsveld,Delicatessenwinkel,4.6,46,"Ze zijn wel heel goed, maar ik kom er niet weer. Ik moest voor 1 harde worst en dit stukje kaas €28.80,- betalen.
Op de markt betaal je voor hetzelfde stuk kaas €13.00,-
Gaat helemaal nergens meer over. 🙈 …","Wethouder Nijhuisstraat 237, 7545 NH Enschede",053 478 6771,https://www.zuivelhoeve.nl/,52.2109099,6.8639415,https://www.google.com/maps/place/Zuivelhoeve+Stadsveld/data=!4m7!3m6!1s0x47b8139958bcb411:0x3d8e315ca4dfc43e!8m2!3d52.2109099!4d6.8639415!16s%2Fg%2F11c74_t2cw!19sChIJEbS8WJkTuEcRPsTfpFwxjj0?authuser=0&hl=nl&g_ep=EgoyMDI2MDkzMC4wIJJjKgBIAVAD&rclk=1
Huuskes,Groothandel in levensmiddelen,3.4,34,,"Gronausestraat 425, 7533 BM Enschede",088 383 6000,http://www.huuskes.nl/,52.2184543,6.9328568,https://www.google.com/maps/place/Huuskes/data=!4m7!3m6!1s0x47b81449063d1a41:0x71bed251ecf1a5e3!8m2!3d52.2184543!4d6.9328568!16s%2Fg%2F1tgdbh78!19sChIJQRo9BkkUuEcR46Xx7FHSvnE?authuser=0&hl=nl&g_ep=EgoyMDI2MDkzMC4wIJJjKgBIAVAD&rclk=1
M&J Supermarkt,Buurtsuper,,,,"Nicolaas Maesstraat 51, 7545 CD Enschede",06 16600566,https://www.mjsupermarkt.nl/,52.2106389,6.8624659,https://www.google.com/maps/place/M%26J+Supermarkt/data=!4m7!3m6!1s0x47b8132cb60646e5:0x61f0be7a227a4fe2!8m2!3d52.2106389!4d6.8624659!16s%2Fg%2F11q8jz4d07!19sChIJ5UYGtiwTuEcR4k96Inq-8GE?authuser=0&hl=nl&g_ep=EgoyMDI2MDkzMC4wIJJjKgBIAVAD&rclk=1
Hummel Catering,Catering,,,,"Wissinksdijk 90, 7548 PD Enschede",053 431 9785,,52.2021459,6.8259168,https://www.google.com/maps/place/Hummel+Catering/data=!4m7!3m6!1s0x47b812fe6d967513:0xd4f6ea8f3463e93b!8m2!3d52.2021459!4d6.8259168!16s%2Fg%2F1tz70gy0!19sChIJE3WWbf4SuEcRO-ljNI_q9tQ?authuser=0&hl=nl&g_ep=EgoyMDI2MDkzMC4wIJJjKgBIAVAD&rclk=1
Het Volkspark,Park,4.6,46,,"Parkweg, 7513 CN Enschede",06 53834226,http://www.volkspark.nl/,52.2207517,6.8787723,https://www.google.com/maps/place/Het+Volkspark/data=!4m7!3m6!1s0x47b8138bff1e27bf:0x136ce45fc468aad2!8m2!3d52.2207517!4d6.8787723!16s%2Fg%2F121j207m!19sChIJvyce_4sTuEcR0qpoxF_kbBM?authuser=0&hl=nl&g_ep=EgoyMDI2MDkzMC4wIJJjKgBIAVAD&rclk=1
Sham mixgrill chicken,Maaltijdbezorging,5.0,50,,"Hengelosestraat, 7521 AK Enschede",053 785 1054,http://lastbet.nl/,52.2273582,6.8785208,https://www.google.com/maps/place/Sham+mixgrill+chicken/data=!4m7!3m6!1s0x47b813730b06d60d:0x5e72162c8a03f3cd!8m2!3d52.2273582!4d6.8785208!16s%2Fg%2F11z9j2yw4t!19sChIJDdYGC3MTuEcRzfMDiiwWcl4?authuser=0&hl=nl&g_ep=EgoyMDI2MDkzMC4wIJJjKgBIAVAD&rclk=1
De Sparerib,Maaltijdbezorging,3.5,35,,"Deurningerstraat 89, 7514 BE Enschede",053 433 3365,https://www.desparerib.nl/,52.2267595,6.8906486,https://www.google.com/maps/place/De+Sparerib/data=!4m7!3m6!1s0x47b8140af3054c03:0xf7f0e0d265f4a846!8m2!3d52.2267595!4d6.8906486!16s%2Fg%2F1tz70gyl!19sChIJA0wF8woUuEcRRqj0ZdLg8Pc?authuser=0&hl=nl&g_ep=EgoyMDI2MDkzMC4wIJJjKgBIAVAD&rclk=1
Intratuin Enschede,Tuincentrum,4.2,42,"Leuke winkel, maar helaas wel een tegenvaller tijdens de 20% kortingsdag twee weken geleden. De prijzen leken toen ineens verhoogd. Ik kocht iets voor €27, maar moest na 20% korting ineens €29,40 betalen. Achteraf heb ik ook de kassabon van …","Achterhofweg 22, 7545 PB Enschede",053 431 4533,https://www.intratuin.nl/intratuin-enschede?utm_source=Adcombi&utm_medium=Google,52.2079954,6.8532286,https://www.google.com/maps/place/Intratuin+Enschede/data=!4m7!3m6!1s0x47b813a118aced29:0x875e7c28715229f0!8m2!3d52.2079954!4d6.8532286!16s%2Fg%2F1vtzg8y6!19sChIJKe2sGKETuEcR8ClScSh8Xoc?authuser=0&hl=nl&g_ep=EgoyMDI2MDkzMC4wIJJjKgBIAVAD&rclk=1
Toko Het Oosten,Aziatische kruidenierswinkel,4.3,43,,"Zuiderhagen 50, 7511 GL Enschede",053 431 5196,,52.2189828,6.8939427,https://www.google.com/maps/place/Toko+Het+Oosten/data=!4m7!3m6!1s0x47b81473ff021fad:0x480dd6df3aa6566d!8m2!3d52.2189828!4d6.8939427!16s%2Fg%2F1wc309xh!19sChIJrR8C_3MUuEcRbVamOt_WDUg?authuser=0&hl=nl&g_ep=EgoyMDI2MDkzMC4wIJJjKgBIAVAD&rclk=1
Jantana Thaise Massage,Thaise massage,4.3,43,,"Lipperkerkstraat 18, 7511 DA Enschede",06 10363293,http://www.jantanamassage.nl/,52.2204344,6.9048948,https://www.google.com/maps/place/Jantana+Thaise+Massage/data=!4m7!3m6!1s0x47b8146c578b7997:0xed6d53aadb053c93!8m2!3d52.2204344!4d6.9048948!16s%2Fg%2F11csqpt98q!19sChIJl3mLV2wUuEcRkzwF26pTbe0?authuser=0&hl=nl&g_ep=EgoyMDI2MDkzMC4wIJJjKgBIAVAD&rclk=1
Sam's Toko,Supermarkt,4.4,44,,"Spaansland 15, 7543 BE Enschede",053 476 5741,http://www.samstoko.nl/,52.2036601,6.8925971,https://www.google.com/maps/place/Sam%27s+Toko/data=!4m7!3m6!1s0x47b8147d8f0b0131:0x76a697425879b035!8m2!3d52.2036601!4d6.8925971!16s%2Fg%2F1v8gb2s_!19sChIJMQELj30UuEcRNbB5WEKXpnY?authuser=0&hl=nl&g_ep=EgoyMDI2MDkzMC4wIJJjKgBIAVAD&rclk=1
Suus Visspecialiteiten het Stroink,Visrestaurant,5.0,50,,"Veldhoflanden 4c, 7542 LA Enschede",053 220 0463,https://www.suusvisspecialiteiten.nl/,52.1934578,6.9010105,https://www.google.com/maps/place/Suus+Visspecialiteiten+het+Stroink/data=!4m7!3m6!1s0x47b815ede4c85a5d:0xb812a2be55285029!8m2!3d52.1934578!4d6.9010105!16s%2Fg%2F11nr5cm5d5!19sChIJXVrI5O0VuEcRKVAoVb6iErg?authuser=0&hl=nl&g_ep=EgoyMDI2MDkzMC4wIJJjKgBIAVAD&rclk=1
ADA,Supermarkt,4.2,42,,"Lipperkerkstraat 4, 7511 CJ Enschede",053 432 0044,http://www.adasupermarkt.nl/,52.2199667,6.9043051,https://www.google.com/maps/place/ADA/data=!4m7!3m6!1s0x47b81387b457f089:0x462c059fe4e385e0!8m2!3d52.2199667!4d6.9043051!16s%2Fg%2F1hbpwqnw2!19sChIJifBXtIcTuEcR4IXj5J8FLEY?authuser=0&hl=nl&g_ep=EgoyMDI2MDkzMC4wIJJjKgBIAVAD&rclk=1
Melan,,4.4,44,,"Langestraat 22, 7511 HC Enschede",053 431 2114,http://www.melan.nl/,52.219473,6.8975844,https://www.google.com/maps/place/Melan/data=!4m7!3m6!1s0x47b814723399010f:0x3a7398669a76f62a!8m2!3d52.219473!4d6.8975844!16s%2Fg%2F1tm8d1mf!19sChIJDwGZM3IUuEcRKvZ2mmaYczo?authuser=0&hl=nl&g_ep=EgoyMDI2MDkzMC4wIJJjKgBIAVAD&rclk=1
Flair Maison,Winkel,4.6,46,,"Langestraat 19a, 7511 HA Enschede",06 15460151,http://www.flairmaison.nl/,52.2190855,6.8972238,https://www.google.com/maps/place/Flair+Maison/data=!4m7!3m6!1s0x47b813e6e22e02c3:0xc624cafa00996cc!8m2!3d52.2190855!4d6.8972238!16s%2Fg%2F11q2yj0srn!19sChIJwwIu4uYTuEcRzJYJoK9MYgw?authuser=0&hl=nl&g_ep=EgoyMDI2MDkzMC4wIJJjKgBIAVAD&rclk=1
Fancy Beans Roastery,Koffiebranderij,5.0,50,,"De Coöperatie 17a, 7514 JK Enschede",053 234 0413,https://fancybeans.nl/,52.2258851,6.8904001,https://www.google.com/maps/place/Fancy+Beans+Roastery/data=!4m7!3m6!1s0x47b81580ba8f4459:0xce257b3580ec66d2!8m2!3d52.2258851!4d6.8904001!16s%2Fg%2F11zxf87k4y!19sChIJWUSPuoAVuEcR0mbsgDV7Jc4?authuser=0&hl=nl&g_ep=EgoyMDI2MDkzMC4wIJJjKgBIAVAD&rclk=1
De Appel,Nederlands restaurant,,,,"Nieuwstraat 1, 7551 CS Hengelo",074 204 0044,http://deappelhengelo.nl/,52.2644807,6.7951396,https://www.google.com/maps/place/De+Appel/data=!4m7!3m6!1s0x47b811e37f6b2bd1:0x673a77d02c90c79b!8m2!3d52.2644807!4d6.7951396!16s%2Fg%2F1pzyl1r48!19sChIJ0Strf-MRuEcRm8eQLNB3Omc?authuser=0&hl=nl&g_ep=EgoyMDI2MDkzMC4wIJJjKgBIAVAD&rclk=1
The Cake Kitchen,Banketbakker,3.8,38,"Broodje bal besteld om mee te nemen
Nog nooit zo’n slecht broodje gehad
Stokbroodje is zo taai als wat en de gehaktbal is koud heb het broodje weggegooid was niet te eten end af voor €6,-","Venderinklanden 9, 7542 MK Enschede",053 477 7931,https://m.facebook.com/profile.php?id=100054570724824,52.1969937,6.9019621,https://www.google.com/maps/place/The+Cake+Kitchen/data=!4m7!3m6!1s0x47b8148c0073f71d:0x98dcfc8fdd937c4d!8m2!3d52.1969937!4d6.9019621!16s%2Fg%2F1tg_f3m_!19sChIJHfdzAIwUuEcRTXyT3Y_83Jg?authuser=0&hl=nl&g_ep=EgoyMDI2MDkzMC4wIJJjKgBIAVAD&rclk=1
Het Taart Hoekje,Bakkerij,5.0,50,,"Boterkorfhoek 82, 7546 JB Enschede",06 46222425,http://www.facebook.com/hettaarthoekje,52.2001079,6.8593771,https://www.google.com/maps/place/Het+Taart+Hoekje/data=!4m7!3m6!1s0x47b8137471dc0001:0xb3bf2631e6f6187c!8m2!3d52.2001079!4d6.8593771!16s%2Fg%2F11g18__d6t!19sChIJAQDccXQTuEcRfBj25jEmv7M?authuser=0&hl=nl&g_ep=EgoyMDI2MDkzMC4wIJJjKgBIAVAD&rclk=1
Yolibri Frozen Yogurt ijssalon Enschede,,3.8,38,,"Langestraat 47, 7511 HB Enschede",053 851 0006,,52.219771,6.8957171,https://www.google.com/maps/place/Yolibri+Frozen+Yogurt+ijssalon+Enschede/data=!4m7!3m6!1s0x47b81473c1e31e45:0x5baf0f23dd44a5e2!8m2!3d52.219771!4d6.8957171!16s%2Fg%2F11g6xsl029!19sChIJRR7jwXMUuEcR4qVE3SMPr1s?authuser=0&hl=nl&g_ep=EgoyMDI2MDkzMC4wIJJjKgBIAVAD&rclk=1
Escape With Friends | Escape Room Enschede⏳,Escaperoomcentrum,4.8,48,,"Langestraat 62, 7511 HC Enschede",06 49311176,https://escapewithfriends.nl/?utm_source=mybusiness&utm_medium=mybusiness&utm_id=mybusiness,52.2202689,6.8959473,https://www.google.com/maps/place/Escape+With+Friends+%7C+Escape+Room+Enschede%E2%8F%B3/data=!4m7!3m6!1s0x47b8154d70b026e7:0x875fc7530536fc18!8m2!3d52.2202689!4d6.8959473!16s%2Fg%2F11v6xs0_ss!19sChIJ5yawcE0VuEcRGPw2BVPHX4c?authuser=0&hl=nl&g_ep=EgoyMDI2MDkzMC4wIJJjKgBIAVAD&rclk=1
GENTS Enschede,Kledingwinkel,4.7,47,,"Langestraat 8, 7511 HC Enschede",053 436 8649,https://www.gents.nl/winkels/enschede,52.219703,6.8984632,https://www.google.com/maps/place/GENTS+Enschede/data=!4m7!3m6!1s0x47b814722d4a4af7:0xf20bf405556fec1b!8m2!3d52.219703!4d6.8984632!16s%2Fg%2F12vqybyl1!19sChIJ90pKLXIUuEcRG-xvVQX0C_I?authuser=0&hl=nl&g_ep=EgoyMDI2MDkzMC4wIJJjKgBIAVAD&rclk=1
Stichting Enschede Promotie,Marketingconsultant,4.5,45,,"Langestraat 41, 7511 HB Enschede",053 480 1970,https://enschedepromotie.nl/,52.219446,6.89583,https://www.google.com/maps/place/Stichting+Enschede+Promotie/data=!4m7!3m6!1s0x47b81474fafa5fb5:0x521f8b9a4d45db4a!8m2!3d52.219446!4d6.89583!16s%2Fg%2F1tk66s3w!19sChIJtV_6-nQUuEcRSttFTZqLH1I?authuser=0&hl=nl&g_ep=EgoyMDI2MDkzMC4wIJJjKgBIAVAD&rclk=1
Automatiek De Toren,Snackbar,3.3,33,,"Burgemeester Jansenplein 60, 7551 ED Hengelo",074 234 1026,http://www.automatiekdetoren.nl/,52.2656929,6.7912572,https://www.google.com/maps/place/Automatiek+De+Toren/data=!4m7!3m6!1s0x47b811963091f3d1:0x1d43f21e18bac6e7!8m2!3d52.2656929!4d6.7912572!16s%2Fg%2F11nmpp2d4h!19sChIJ0fORMJYRuEcR58a6GB7yQx0?authuser=0&hl=nl&g_ep=EgoyMDI2MDkzMC4wIJJjKgBIAVAD&rclk=1
De Pyramiden Hengelo 🇪🇬,Egyptisch restaurant,4.4,44,,"Nieuwstraat 38, 7551 CZ Hengelo",074 243 7645,http://www.pyramiden.nl/,52.26308,6.793299,https://www.google.com/maps/place/De+Pyramiden+Hengelo+%F0%9F%87%AA%F0%9F%87%AC/data=!4m7!3m6!1s0x47b811e33f60a5d3:0xac213638729de2d4!8m2!3d52.26308!4d6.793299!16s%2Fg%2F1tfmmgm2!19sChIJ06VgP-MRuEcR1OKdcjg2Iaw?authuser=0&hl=nl&g_ep=EgoyMDI2MDkzMC4wIJJjKgBIAVAD&rclk=1
Grillroom Efes,,3.1,31,,"Langestraat 48, 7511 HC Enschede",053 436 7370,http://www.efes-enschede.nl/,52.2198113,6.8960019,https://www.google.com/maps/place/Grillroom+Efes/data=!4m7!3m6!1s0x47b81473c10d7d49:0x7169db5031b1ed73!8m2!3d52.2198113!4d6.8960019!16s%2Fg%2F1tg5yq9d!19sChIJSX0NwXMUuEcRc-2xMVDbaXE?authuser=0&hl=nl&g_ep=EgoyMDI2MDkzMC4wIJJjKgBIAVAD&rclk=1
Burgerbelangen Enschede,Politieke partij,4.3,43,,"Langestraat 24, 7511 HD Enschede",06 51421223,http://www.burgerbelangen-enschede.nl/,52.2194637,6.8967075,https://www.google.com/maps/place/Burgerbelangen+Enschede/data=!4m7!3m6!1s0x47b81473ce90264d:0xa8dfea62cf407c76!8m2!3d52.2194637!4d6.8967075!16s%2Fg%2F1tknzw7s!19sChIJTSaQznMUuEcRdnxAz2Lq36g?authuser=0&hl=nl&g_ep=EgoyMDI2MDkzMC4wIJJjKgBIAVAD&rclk=1
Guts & Gusto,Damesmode,4.9,49,,"Langestraat 15, 7511 HP Enschede",085 047 1747,https://www.gutsgusto.com/,52.2192124,6.8974209,https://www.google.com/maps/place/Guts+%26+Gusto/data=!4m7!3m6!1s0x47b81535b283ad5f:0x580d3cf71f41d27a!8m2!3d52.2192124!4d6.8974209!16s%2Fg%2F11n75z1t6j!19sChIJX62DsjUVuEcRetJBH_c8DVg?authuser=0&hl=nl&g_ep=EgoyMDI2MDkzMC4wIJJjKgBIAVAD&rclk=1
Klik & breng,Hoofdkantoor,2.9,29,,"Kuipersdijk 168, 7512 CM Enschede",053 851 2913,https://www.klikenbreng.nl/,52.2116008,6.8951743,https://www.google.com/maps/place/Klik+%26+breng/data=!4m7!3m6!1s0x47b8153b22999bd1:0x291247de93ee951e!8m2!3d52.2116008!4d6.8951743!16s%2Fg%2F11h6n_bqhv!19sChIJ0ZuZIjsVuEcRHpXuk95HEik?authuser=0&hl=nl&g_ep=EgoyMDI2MDkzMC4wIJJjKgBIAVAD&rclk=1
Grolsch Veste,Stadion,4.7,47,,"Colosseum 65, 7521 PP Enschede",053 852 5777,http://www.fctwente.nl/,52.2365385,6.8378574,https://www.google.com/maps/place/Grolsch+Veste/data=!4m7!3m6!1s0x47b813cd39350461:0xe557c9c7c7cc60a7!8m2!3d52.2365385!4d6.8378574!16zL20vMDNma3Zs!19sChIJYQQ1Oc0TuEcRp2DMx8fJV-U?authuser=0&hl=nl&g_ep=EgoyMDI2MDkzMC4wIJJjKgBIAVAD&rclk=1
Slager Entrecote,Slagerij,,,"Prima vlees maar jammer je genept wordt met de aanbiedingsprijs van de gehaktballen van 5 voor 4. Staan op de website voor € 2,60 ps wat al een stevige prijs is voor zo'n kleine bal. Maar dan zouden 5 ballen dus € 10,40 moeten kosten want 4 …","Rigtersbleek-Aalten 4, a14, 7521 RB Enschede",053 431 2375,https://www.slager-entrecote.nl/,52.2240563,6.8706454,https://www.google.com/maps/place/Slager+Entrecote/data=!4m7!3m6!1s0x47b8139315dc6887:0xfef26f541865f78a!8m2!3d52.2240563!4d6.8706454!16s%2Fg%2F11hcx9yzhq!19sChIJh2jcFZMTuEcRivdlGFRv8v4?authuser=0&hl=nl&g_ep=EgoyMDI2MDkzMC4wIJJjKgBIAVAD&rclk=1
Tafelen met Thijs | Teambuilding,Coachingscentrum,4.9,49,,"Josink Staete, Josink Esweg 11, 7545 PN Enschede",06 20185249,http://www.tafelenmetthijs.nl/?utm_source=google-mijn-bedrijf&utm_medium=organic&utm_campaign=gmb,52.2176032,6.8507602,https://www.google.com/maps/place/Tafelen+met+Thijs+%7C+Teambuilding/data=!4m7!3m6!1s0x47b8133308762585:0x22117ef4b08e81ad!8m2!3d52.2176032!4d6.8507602!16s%2Fg%2F11k9glxtvd!19sChIJhSV2CDMTuEcRrYGOsPR-ESI?authuser=0&hl=nl&g_ep=EgoyMDI2MDkzMC4wIJJjKgBIAVAD&rclk=1
Rentmasters - Tenten & Inrichting,Tentverhuurbedrijf,5.0,50,,"Chroomsteden 18, 7547 TL Enschede",053 432 0555,http://www.rentmasters.nl/,52.2147012,6.8302266,https://www.google.com/maps/place/Rentmasters+-+Tenten+%26+Inrichting/data=!4m7!3m6!1s0x47b813876fbdb3a3:0x570242705d78e09d!8m2!3d52.2147012!4d6.8302266!16s%2Fg%2F1tm67_n8!19sChIJo7O9b4cTuEcRneB4XXBCAlc?authuser=0&hl=nl&g_ep=EgoyMDI2MDkzMC4wIJJjKgBIAVAD&rclk=1
Alleskoffie,Cateringgroothandel in voeding en dranken,,,,,06 53930884,,52.1074722,7.4649326,https://www.google.com/maps/place/Alleskoffie/data=!4m7!3m6!1s0x47b8146f32c26ef7:0x86e3d1f65d92408b!8m2!3d52.1074722!4d7.4649326!16s%2Fg%2F11cs3fr032!19sChIJ927CMm8UuEcRi0CSXfbR44Y?authuser=0&hl=nl&g_ep=EgoyMDI2MDkzMC4wIJJjKgBIAVAD&rclk=1
Tourist Info Enschede,Toeristische informatie,4.2,42,,"Langestraat 41, 7511 HB Enschede",053 480 1970,http://www.uitinenschede.nl/,52.2194456,6.8958297,https://www.google.com/maps/place/Tourist+Info+Enschede/data=!4m7!3m6!1s0x47b81548ce4d6675:0x348d6a097672b023!8m2!3d52.2194456!4d6.8958297!16s%2Fg%2F11gk8q83fd!19sChIJdWZNzkgVuEcRI7BydglqjTQ?authuser=0&hl=nl&g_ep=EgoyMDI2MDkzMC4wIJJjKgBIAVAD&rclk=1
Club Merlijn,Club,3.9,39,,"Langestraat 16, 7551 DZ Hengelo",06 46041041,http://www.clubmerlijn.nl/,52.2661664,6.7908304,https://www.google.com/maps/place/Club+Merlijn/data=!4m7!3m6!1s0x47b811e23ff4667b:0x662d2fe112406cb5!8m2!3d52.2661664!4d6.7908304!16s%2Fg%2F1vcjl9_z!19sChIJe2b0P-IRuEcRtWxAEuEvLWY?authuser=0&hl=nl&g_ep=EgoyMDI2MDkzMC4wIJJjKgBIAVAD&rclk=1
Monkey Town Enschede,Indoorspeeltuin,4.5,45,,"Colosseum 82, 7521 PT Enschede",053 203 3020,http://www.monkeytown.eu/enschede,52.2382853,6.8337323,https://www.google.com/maps/place/Monkey+Town+Enschede/data=!4m7!3m6!1s0x47b8123281d94adf:0x165b615bdab4557a!8m2!3d52.2382853!4d6.8337323!16s%2Fg%2F11x9b5_5n!19sChIJ30rZgTISuEcRelW02lthWxY?authuser=0&hl=nl&g_ep=EgoyMDI2MDkzMC4wIJJjKgBIAVAD&rclk=1
Cavallaro Napoli,Kledingwinkel,4.6,46,,"Langestraat 7, 7511 HA Enschede",053 303 5290,https://www.cavallaronapoli.com/nl,52.2194661,6.8984478,https://www.google.com/maps/place/Cavallaro+Napoli/data=!4m7!3m6!1s0x47b81473e74cd1ad:0xdabd4938c288a4d6!8m2!3d52.2194661!4d6.8984478!16s%2Fg%2F1tddwvnh!19sChIJrdFM53MUuEcR1qSIwjhJvdo?authuser=0&hl=nl&g_ep=EgoyMDI2MDkzMC4wIJJjKgBIAVAD&rclk=1
Sate en zo,,4.5,45,,"Stadsgravenstraat 55, 7511 ER Enschede",053 478 5519,http://sateenzo.nl/,52.2213205,6.8963958,https://www.google.com/maps/place/Sate+en+zo/data=!4m7!3m6!1s0x47b814730a089ecb:0x2c797cbd559c271a!8m2!3d52.2213205!4d6.8963958!16s%2Fg%2F11fxy5ycwy!19sChIJy54ICnMUuEcRGiecVb18eSw?authuser=0&hl=nl&g_ep=EgoyMDI2MDkzMC4wIJJjKgBIAVAD&rclk=1
Chick'n Box Enschede,Kiprestaurant,1.0,10,,"Hengelosestraat 170, 7521 AK Enschede",053 851 0210,https://chcknbox.nl/,52.2271239,6.8789838,https://www.google.com/maps/place/Chick%27n+Box+Enschede/data=!4m7!3m6!1s0x47b8131b3c0d93fb:0x399516a55d590a6b!8m2!3d52.2271239!4d6.8789838!16s%2Fg%2F11xl43pvm9!19sChIJ-5MNPBsTuEcRawpZXaUWlTk?authuser=0&hl=nl&g_ep=EgoyMDI2MDkzMC4wIJJjKgBIAVAD&rclk=1
Gabe´s Cookies,Lunchrestaurant,4.6,46,,"De Heurne 47, 7511 GZ Enschede",06 40337653,https://gabescookies.nl/,52.2214227,6.898946,https://www.google.com/maps/place/Gabe%C2%B4s+Cookies/data=!4m7!3m6!1s0x47b815cc5e6cfe85:0x66a44929c8e1f58b!8m2!3d52.2214227!4d6.898946!16s%2Fg%2F11yvd9dqn8!19sChIJhf5sXswVuEcRi_XhyClJpGY?authuser=0&hl=nl&g_ep=EgoyMDI2MDkzMC4wIJJjKgBIAVAD&rclk=1
Brasserie Het Striekiezer,,4.3,43,,"De Heurne 23, 7511 GZ Enschede",053 436 8838,http://www.hetstriekiezer.nl/,52.220619,6.898567,https://www.google.com/maps/place/Brasserie+Het+Striekiezer/data=!4m7!3m6!1s0x47b81472f6bf4065:0xe02a1de249359f72!8m2!3d52.220619!4d6.898567!16s%2Fg%2F1wt3mg_l!19sChIJZUC_9nIUuEcRcp81SeIdKuA?authuser=0&hl=nl&g_ep=EgoyMDI2MDkzMC4wIJJjKgBIAVAD&rclk=1
Lighthouse Enschede,Koffiebar,5.0,50,€…,"De Heurne 23, 7511 GZ Enschede",,https://lighthouse-enschede.nl/,52.2206136,6.8986035,https://www.google.com/maps/place/Lighthouse+Enschede/data=!4m7!3m6!1s0x47b81500014e0263:0xf4fb921f59ef880!8m2!3d52.2206136!4d6.8986035!16s%2Fg%2F11nbjknnh1!19sChIJYwJOAQAVuEcRgPie9SG5Tw8?authuser=0&hl=nl&g_ep=EgoyMDI2MDkzMC4wIJJjKgBIAVAD&rclk=1
Bunny Tea & More,Bubbeltheewinkel,5.0,50,,"Haverstraatpassage 72, 7511 EX Enschede",06 29934648,https://bunnyteaandmore.nl/,52.2204731,6.8974439,https://www.google.com/maps/place/Bunny+Tea+%26+More/data=!4m7!3m6!1s0x47b8151272048759:0xd73acd4d92dec6cd!8m2!3d52.2204731!4d6.8974439!16s%2Fg%2F11l5b78vy0!19sChIJWYcEchIVuEcRzcbekk3NOtc?authuser=0&hl=nl&g_ep=EgoyMDI2MDkzMC4wIJJjKgBIAVAD&rclk=1
Coffeeshop De Molen - Enschede,Cannabiswinkel,4.2,42,,"Oldenzaalsestraat 103, 7511 DZ Enschede",,https://yellow.pages.wwwcafe.de/coffeeshop-mill/,52.2232894,6.8991131,https://www.google.com/maps/place/Coffeeshop+De+Molen+-+Enschede/data=!4m7!3m6!1s0x47b81472cfd9d0d1:0xaf8c3d44017cc80c!8m2!3d52.2232894!4d6.8991131!16s%2Fg%2F11b6j62qcq!19sChIJ0dDZz3IUuEcRDMh8AUQ9jK8?authuser=0&hl=nl&g_ep=EgoyMDI2MDkzMC4wIJJjKgBIAVAD&rclk=1
Eetcafé de Buren Boekelo,Eetcafé,4.2,42,,"Beckumerstraat 2, 7548 BG Enschede",053 428 1202,http://www.deburenboekelo.nl/,52.2041993,6.7995456,https://www.google.com/maps/place/Eetcaf%C3%A9+de+Buren+Boekelo/data=!4m7!3m6!1s0x47b8128b40640121:0x94ccf138ee832ce1!8m2!3d52.2041993!4d6.7995456!16s%2Fg%2F1tcyqxpq!19sChIJIQFkQIsSuEcR4SyD7jjxzJQ?authuser=0&hl=nl&g_ep=EgoyMDI2MDkzMC4wIJJjKgBIAVAD&rclk=1
Starbucks,Koffiehuis,2.8,28,,"Hendrik Jan van Heekplein 96, 7511 HN Enschede",06 18842489,https://www.starbucks.nl/,52.2180365,6.8966585,https://www.google.com/maps/place/Starbucks/data=!4m7!3m6!1s0x47b81573882d6103:0x52f9b5fd2771369!8m2!3d52.2180365!4d6.8966585!16s%2Fg%2F11kqkwv3td!19sChIJA2EtiHMVuEcRaRN30l-bLwU?authuser=0&hl=nl&g_ep=EgoyMDI2MDkzMC4wIJJjKgBIAVAD&rclk=1
Sweet Home PD,Banketbakkerij,5.0,50,,"Kerkstraat 3, 7532 AP Enschede",06 82351563,https://sweethome-pd.nl/,52.2158462,6.9738137,https://www.google.com/maps/place/Sweet+Home+PD/data=!4m7!3m6!1s0x47b815ee2d8ff487:0x9d5e9e9af273dfdf!8m2!3d52.2158462!4d6.9738137!16s%2Fg%2F11x8m1lpsz!19sChIJh_SPLe4VuEcR399z8pqeXp0?authuser=0&hl=nl&g_ep=EgoyMDI2MDkzMC4wIJJjKgBIAVAD&rclk=1
Bakker Wonen Meubelen,Woonwinkel,4.8,48,,"Gronausestraat 1088, 7534 AP Enschede",053 461 1223,http://www.bakkerwonen.nl/,52.2152746,6.9688702,https://www.google.com/maps/place/Bakker+Wonen+Meubelen/data=!4m7!3m6!1s0x47b81595f24c0dd5:0xd8c8c912dcd20308!8m2!3d52.2152746!4d6.9688702!16s%2Fg%2F1wk7pylp!19sChIJ1Q1M8pUVuEcRCAPS3BLJyNg?authuser=0&hl=nl&g_ep=EgoyMDI2MDkzMC4wIJJjKgBIAVAD&rclk=1
PoodtBroodt,Bakkerij,4.3,43,,"Hegeboerweg 102, 7524 DG Enschede",06 55916843,https://poodtbroodt.nl/,52.2466047,6.9025152,https://www.google.com/maps/place/PoodtBroodt/data=!4m7!3m6!1s0x47b86d583e9de037:0x3ac398a460d33541!8m2!3d52.2466047!4d6.9025152!16s%2Fg%2F1tgc8lwh!19sChIJN-CdPlhtuEcRQTXTYKSYwzo?authuser=0&hl=nl&g_ep=EgoyMDI2MDkzMC4wIJJjKgBIAVAD&rclk=1
Poe Poe,IJssalon,3.8,38,,"Nieuwstraat 3, 7551 CS Hengelo",074 204 0044,http://www.deappelhengelo.nl/,52.2643514,6.7950241,https://www.google.com/maps/place/Poe+Poe/data=!4m7!3m6!1s0x47b8116d6e26ee0f:0x79f93a379a6fd6d0!8m2!3d52.2643514!4d6.7950241!16s%2Fg%2F11x61400z_!19sChIJD-4mbm0RuEcR0NZvmjc6-Xk?authuser=0&hl=nl&g_ep=EgoyMDI2MDkzMC4wIJJjKgBIAVAD&rclk=1
Next Level Enschede,Amusementscentrum,4.8,48,,"Hoge Bothofstraat 49k, 7511 ZA Enschede",053 208 0000,https://www.nextlevelenschede.nl/,52.2232577,6.9029325,https://www.google.com/maps/place/Next+Level+Enschede/data=!4m7!3m6!1s0x47b81590fc3bb939:0xc6de6650ad082784!8m2!3d52.2232577!4d6.9029325!16s%2Fg%2F11yf5tqkv4!19sChIJObk7_JAVuEcRhCcIrVBm3sY?authuser=0&hl=nl&g_ep=EgoyMDI2MDkzMC4wIJJjKgBIAVAD&rclk=1
De Tuinen Enschede De Heurne,Tuin,,,,"De Heurne 17, 7511 GV Enschede",,,52.2201444,6.8986067,https://www.google.com/maps/place/De+Tuinen+Enschede+De+Heurne/data=!4m7!3m6!1s0x47b8147246990001:0xe2f0616af0a7c432!8m2!3d52.2201444!4d6.8986067!16s%2Fg%2F11j1hxznm4!19sChIJAQCZRnIUuEcRMsSn8Gph8OI?authuser=0&hl=nl&g_ep=EgoyMDI2MDkzMC4wIJJjKgBIAVAD&rclk=1
Club Casanova,Sexclub,3.4,34,,"Noorderhagen 1B, 7511 EJ Enschede",053 432 2840,http://www.clubcasanova.nl/,52.2213828,6.8934585,https://www.google.com/maps/place/Club+Casanova/data=!4m7!3m6!1s0x47b814747d31b061:0x318f97ee24c8c511!8m2!3d52.2213828!4d6.8934585!16s%2Fg%2F11b6_9dfyb!19sChIJYbAxfXQUuEcREcXIJO6XjzE?authuser=0&hl=nl&g_ep=EgoyMDI2MDkzMC4wIJJjKgBIAVAD&rclk=1
Döner Kiosk,,4.7,47,,"De Heurne 52, 7511 GW Enschede",06 29430040,,52.2219778,6.8994505,https://www.google.com/maps/place/D%C3%B6ner+Kiosk/data=!4m7!3m6!1s0x47b815a532869f69:0x4b08ab9851829e3e!8m2!3d52.2219778!4d6.8994505!16s%2Fg%2F11fjfd5c46!19sChIJaZ-GMqUVuEcRPp6CUZirCEs?authuser=0&hl=nl&g_ep=EgoyMDI2MDkzMC4wIJJjKgBIAVAD&rclk=1
Subway,Broodjeswinkel,3.8,38,,"De Heurne 11, 7511 GV Enschede",053 431 0307,https://restaurants.subway.com/nl/nederland/enschede/de-heurne-11?utm_source=yxt-goog&utm_medium=local&utm_term=acq&utm_content=35386&utm_campaign=evergreen-2020&y_source=1_MTQ5MjQ0ODktNzE1LWxvY2F0aW9uLndlYnNpdGU%3D,52.2199705,6.8986011,https://www.google.com/maps/place/Subway/data=!4m7!3m6!1s0x47b8147240cc7ddb:0x1372c4f12e0c0b19!8m2!3d52.2199705!4d6.8986011!16s%2Fg%2F1tjt104y!19sChIJ233MQHIUuEcRGQsMLvHEchM?authuser=0&hl=nl&g_ep=EgoyMDI2MDkzMC4wIJJjKgBIAVAD&rclk=1
Ekoplaza Enschede - biologische supermarkt,Biologische winkel,4.1,41,,"De Heurne 59, 7511 GZ Enschede",053 431 7099,https://www.ekoplaza.nl/nl/winkels/ekoplaza-enschede,52.2219913,6.8992247,https://www.google.com/maps/place/Ekoplaza+Enschede+-+biologische+supermarkt/data=!4m7!3m6!1s0x47b81472eb63cddd:0x7a0ab47ffcd0ba3e!8m2!3d52.2219913!4d6.8992247!16s%2Fg%2F1tgp9bsy!19sChIJ3c1j63IUuEcRPrrQ_H-0Cno?authuser=0&hl=nl&g_ep=EgoyMDI2MDkzMC4wIJJjKgBIAVAD&rclk=1
Holland & Barrett,Winkel voor gezondheids- en schoonheidsartikelen,4.4,44,,"De Heurne 17, 7511 GV Enschede",020 888 5031,https://www.hollandandbarrett.nl/winkels/enschede-de-heurne-7652/,52.2201704,6.8986237,https://www.google.com/maps/place/Holland+%26+Barrett/data=!4m7!3m6!1s0x47b8147246bcb34d:0x16e80720fe59b67c!8m2!3d52.2201704!4d6.8986237!16s%2Fg%2F1tl0wf0t!19sChIJTbO8RnIUuEcRfLZZ_iAH6BY?authuser=0&hl=nl&g_ep=EgoyMDI2MDkzMC4wIJJjKgBIAVAD&rclk=1
Slagerij Nar,Slagerij,5.0,50,,"Lage Bothofstraat 175, 7533 AS Enschede",06 33253895,,52.2241369,6.9108569,https://www.google.com/maps/place/Slagerij+Nar/data=!4m7!3m6!1s0x47b815003ff7690f:0xdc4961adbb86e265!8m2!3d52.2241369!4d6.9108569!16s%2Fg%2F11m6js015z!19sChIJD2n3PwAVuEcRZeKGu61hSdw?authuser=0&hl=nl&g_ep=EgoyMDI2MDkzMC4wIJJjKgBIAVAD&rclk=1
Twentetap,Verhuurbedrijf voor feestapparatuur,4.9,49,,"Lijsterweg 91, 7557 PM Hengelo",06 48076802,http://www.twentetap.nl/,52.268207,6.8049629,https://www.google.com/maps/place/Twentetap/data=!4m7!3m6!1s0x47b811e8ead3aced:0xc2668ad9c2d23779!8m2!3d52.268207!4d6.8049629!16s%2Fg%2F1tgc8lsn!19sChIJ7azT6ugRuEcReTfSwtmKZsI?authuser=0&hl=nl&g_ep=EgoyMDI2MDkzMC4wIJJjKgBIAVAD&rclk=1
Kookatelier Bij Panda,Taartenwinkel,,,,"Reudinkstraat 47, 7511 ZG Enschede",,,52.2219618,6.9044587,https://www.google.com/maps/place/Kookatelier+Bij+Panda/data=!4m7!3m6!1s0x47b81527caa2b627:0x170446c48be48a8e!8m2!3d52.2219618!4d6.9044587!16s%2Fg%2F11mvmw3gn5!19sChIJJ7aiyicVuEcRjorki8RGBBc?authuser=0&hl=nl&g_ep=EgoyMDI2MDkzMC4wIJJjKgBIAVAD&rclk=1
AvonturenEvents,Evenementenbureau,5.0,50,,"Piet Heinstraat 12, 7511 JE Enschede",,https://avonturenevents.nl/,52.2215791,6.8911512,https://www.google.com/maps/place/AvonturenEvents/data=!4m7!3m6!1s0x47b815c5336a7015:0x8deb702fad73b3f0!8m2!3d52.2215791!4d6.8911512!16s%2Fg%2F11nk8z83dg!19sChIJFXBqM8UVuEcR8LNzrS9w640?authuser=0&hl=nl&g_ep=EgoyMDI2MDkzMC4wIJJjKgBIAVAD&rclk=1
Bertus Workel,Hobbywinkel,4.5,45,,"De Heurne 45, 7511 GZ Enschede",053 432 2273,http://www.bertusworkel.nl/,52.2212102,6.8987719,https://www.google.com/maps/place/Bertus+Workel/data=!4m7!3m6!1s0x47b81472f696aeeb:0x5354bae86b7b7fcf!8m2!3d52.2212102!4d6.8987719!16s%2Fg%2F1tdmtpyw!19sChIJ666W9nIUuEcRz397a-i6VFM?authuser=0&hl=nl&g_ep=EgoyMDI2MDkzMC4wIJJjKgBIAVAD&rclk=1
Happy Workspace,Multifunctionele ruimte,5.0,50,,"Javastraat 123, 7512 ZE Enschede",06 13552202,https://www.wendydewit.nl/happy-workspace/,52.2134747,6.9001925,https://www.google.com/maps/place/Happy+Workspace/data=!4m7!3m6!1s0x47b815de0e95a3e7:0xba18269be1e5e17a!8m2!3d52.2134747!4d6.9001925!16s%2Fg%2F11g3ydnmrm!19sChIJ56OVDt4VuEcReuHl4ZsmGLo?authuser=0&hl=nl&g_ep=EgoyMDI2MDkzMC4wIJJjKgBIAVAD&rclk=1
De Theespijzenier,Catering,,,,,,https://www.detheespijzenier.nl/,52.2449661,6.8272476,https://www.google.com/maps/place/De+Theespijzenier/data=!4m7!3m6!1s0x42deea202c2cca13:0x679c0bb0b694c6d8!8m2!3d52.2449661!4d6.8272476!16s%2Fg%2F11vm1xmpgp!19sChIJE8osLCDq3kIR2MaUtrALnGc?authuser=0&hl=nl&g_ep=EgoyMDI2MDkzMC4wIJJjKgBIAVAD&rclk=1
Lab26 Aperitivo Club,Italiaans restaurant,4.7,47,,"Drienerstraat 24-26, 7551 HH Hengelo",06 29402229,http://www.lab26.nl/,52.2648603,6.7974796,https://www.google.com/maps/place/Lab26+Aperitivo+Club/data=!4m7!3m6!1s0x47b811c6679af7db:0xb33fb6e28f8ca213!8m2!3d52.2648603!4d6.7974796!16s%2Fg%2F11f5_f7c6r!19sChIJ2_eaZ8YRuEcRE6KMj-K2P7M?authuser=0&hl=nl&g_ep=EgoyMDI2MDkzMC4wIJJjKgBIAVAD&rclk=1
Mr sushi Enschede,,2.5,25,,"Hengelosestraat 190, 7521 AK Enschede",053 206 8818,http://www.mrsushi.nl/,52.2274617,6.8782936,https://www.google.com/maps/place/Mr+sushi+Enschede/data=!4m7!3m6!1s0x47b813f2fecb0001:0x18af588b4163a0d2!8m2!3d52.2274617!4d6.8782936!16s%2Fg%2F11f_d7xww2!19sChIJAQDL_vITuEcR0qBjQYtYrxg?authuser=0&hl=nl&g_ep=EgoyMDI2MDkzMC4wIJJjKgBIAVAD&rclk=1
Nara Sushi🍣,,4.4,44,,"De Heurne 37, 7511 GZ Enschede",053 234 0010,https://www.narasushi.nl/,52.2209597,6.898755,https://www.google.com/maps/place/Nara+Sushi%F0%9F%8D%A3/data=!4m7!3m6!1s0x47b815a75ac065e1:0xe75266bbabc7b731!8m2!3d52.2209597!4d6.898755!16s%2Fg%2F11vlp2zg7_!19sChIJ4WXAWqcVuEcRMbfHq7tmUuc?authuser=0&hl=nl&g_ep=EgoyMDI2MDkzMC4wIJJjKgBIAVAD&rclk=1
Central Restaurant-Bar Gronau,Turks restaurant,4.7,47,,"Enscheder Str. 12, 48599 Gronau (Westfalen), Duitsland",+49 2562 8185533,,52.2122373,7.020914,https://www.google.com/maps/place/Central+Restaurant-Bar+Gronau/data=!4m7!3m6!1s0x47b83ffd7a50abdb:0x260ec04ade7bf006!8m2!3d52.2122373!4d7.020914!16s%2Fg%2F11v0gkz958!19sChIJ26tQev0_uEcRBvB73krADiY?authuser=0&hl=nl&g_ep=EgoyMDI2MDkzMC4wIJJjKgBIAVAD&rclk=1
Arabisch,,,,,"De Heurne 46, 7511 GW Enschede",,,52.2218029,6.8994419,https://www.google.com/maps/place/Arabisch/data=!4m7!3m6!1s0x47b81472ed6199ab:0x5c02c861efebd27a!8m2!3d52.2218029!4d6.8994419!16s%2Fg%2F11h50mxlcp!19sChIJq5lh7XIUuEcRetLr72HIAlw?authuser=0&hl=nl&g_ep=EgoyMDI2MDkzMC4wIJJjKgBIAVAD&rclk=1
Restaurant Ward,Restaurant,4.6,46,"We hebben heerlijk gegeten bij Ward Restaurant. De kwaliteit van het eten was top en de prijs is prima in verhouding (€150 voor 3 volwassenen en 2 kinderen). De steak was echt uitstekend, maar eigenlijk was alles wat we besteld hebben …","Haaksbergerstraat 166, 7554 PB Beckum",074 822 1767,http://www.wardbeckum.nl/,52.2151117,6.7428332,https://www.google.com/maps/place/Restaurant+Ward/data=!4m7!3m6!1s0x47b80d0815a1cd8b:0x2d9837969d556a13!8m2!3d52.2151117!4d6.7428332!16s%2Fg%2F11rfrxyxky!19sChIJi82hFQgNuEcRE2pVnZY3mC0?authuser=0&hl=nl&g_ep=EgoyMDI2MDkzMC4wIJJjKgBIAVAD&rclk=1
Saha restaurant,Libanees restaurant,4.3,43,,"Willemstraat 37, 7551 DL Hengelo",,https://www.saharestaurant.nl/,52.2654012,6.7906915,https://www.google.com/maps/place/Saha+restaurant/data=!4m7!3m6!1s0x47b811e25d1ef1ef:0x30215cb401f53a60!8m2!3d52.2654012!4d6.7906915!16s%2Fg%2F1ptz3yctg!19sChIJ7_EeXeIRuEcRYDr1AbRcITA?authuser=0&hl=nl&g_ep=EgoyMDI2MDkzMC4wIJJjKgBIAVAD&rclk=1
Coffeeshop Sahara,Cannabiswinkel,3.9,39,,"Stadsgravenstraat 18, 7511 ES Enschede",053 430 2192,,52.2213323,6.8947284,https://www.google.com/maps/place/Coffeeshop+Sahara/data=!4m7!3m6!1s0x47b8147381c21ef5:0xc49ca4a4fc23a018!8m2!3d52.2213323!4d6.8947284!16s%2Fg%2F11b7r689zd!19sChIJ9R7CgXMUuEcRGKAj_KSknMQ?authuser=0&hl=nl&g_ep=EgoyMDI2MDkzMC4wIJJjKgBIAVAD&rclk=1
Coffeeshop Miami,Cannabiswinkel,4.2,42,,"Noorderhagen 5, 7511 EJ Enschede",,,52.2215062,6.8936175,https://www.google.com/maps/place/Coffeeshop+Miami/data=!4m7!3m6!1s0x47b8147487e1ac3b:0xbd33ad2d1c387d3a!8m2!3d52.2215062!4d6.8936175!16s%2Fg%2F1tdwjl5r!19sChIJO6zhh3QUuEcROn04HC2tM70?authuser=0&hl=nl&g_ep=EgoyMDI2MDkzMC4wIJJjKgBIAVAD&rclk=1
Twentse Theehuys,Theehuis,4.9,49,,"Loofrietweg 40, 7495 WR Ambt Delden",06 18934098,https://hettwentsetheehuys.nl/,52.2533573,6.7512275,https://www.google.com/maps/place/Twentse+Theehuys/data=!4m7!3m6!1s0x47b80d701c612ee5:0xac533b854e709ee2!8m2!3d52.2533573!4d6.7512275!16s%2Fg%2F11yz1jkpqs!19sChIJ5S5hHHANuEcR4p5wToU7U6w?authuser=0&hl=nl&g_ep=EgoyMDI2MDkzMC4wIJJjKgBIAVAD&rclk=1
PadelCasa Enschede,Padelclub,4.9,49,,"Spoordijkstraat 90B, 7521 CB Enschede",053 808 0680,https://www.padelcasa.com/pages/enschede-home,52.2217609,6.871587,https://www.google.com/maps/place/PadelCasa+Enschede/data=!4m7!3m6!1s0x47b813f69596bdbb:0xc9d57760885dcb8b!8m2!3d52.2217609!4d6.871587!16s%2Fg%2F11xty_t961!19sChIJu72WlfYTuEcRi8tdiGB31ck?authuser=0&hl=nl&g_ep=EgoyMDI2MDkzMC4wIJJjKgBIAVAD&rclk=1
De Frietkar,Snackbar,4.4,44,,"Amarilstraat 21-7, 7554 TV Hengelo",074 210 2101,http://www.defrietkar.nl/,52.2406108,6.7682578,https://www.google.com/maps/place/De+Frietkar/data=!4m7!3m6!1s0x47b811e84019c3c3:0xed080edc046c6a34!8m2!3d52.2406108!4d6.7682578!16s%2Fg%2F11g8w60kfp!19sChIJw8MZQOgRuEcRNGpsBNwOCO0?authuser=0&hl=nl&g_ep=EgoyMDI2MDkzMC4wIJJjKgBIAVAD&rclk=1
Bagels en Burgers,Maaltijdbezorging,5.0,50,,"Kalimantanstraat 50, 4, 7512 HM Enschede",053 234 0448,,52.210587,6.8924487,https://www.google.com/maps/place/Bagels+en+Burgers/data=!4m7!3m6!1s0x47b815e9a0e07c91:0x99ee3731ed686b0f!8m2!3d52.210587!4d6.8924487!16s%2Fg%2F11y49njmhm!19sChIJkXzgoOkVuEcRD2to7TE37pk?authuser=0&hl=nl&g_ep=EgoyMDI2MDkzMC4wIJJjKgBIAVAD&rclk=1
KLOF,Kledingwinkel,5.0,50,,"Haverstraatpassage 17, 7511 ET Enschede",053 478 6987,https://www.klof.nl/,52.2201289,6.8976257,https://www.google.com/maps/place/KLOF/data=!4m7!3m6!1s0x47b814724bac1011:0x9bae1a5dd8314e81!8m2!3d52.2201289!4d6.8976257!16s%2Fg%2F11fy2vt3bb!19sChIJERCsS3IUuEcRgU4x2F0arps?authuser=0&hl=nl&g_ep=EgoyMDI2MDkzMC4wIJJjKgBIAVAD&rclk=1
"Chin. Ind Restaurant ""De Mandarijn""",Chinees restaurant,4.3,43,,"Hoofdstraat 151, 7586 BN Overdinkel",053 538 6038,,52.2365255,7.0359051,https://www.google.com/maps/place/Chin.+Ind+Restaurant+%22De+Mandarijn%22/data=!4m7!3m6!1s0x47b83e7605c53847:0xe72bab123c318441!8m2!3d52.2365255!4d7.0359051!16s%2Fg%2F1tdwzmcj!19sChIJRzjFBXY-uEcRQYQxPBKrK-c?authuser=0&hl=nl&g_ep=EgoyMDI2MDkzMC4wIJJjKgBIAVAD&rclk=1
Restaurant Oriental Gourmet,Buffetrestaurant,4.7,47,Het was gewoon best oke. €29 voor all you can eat buffet met teppanyaki en inclusief onbeperkt soft drinks. …,"Siemensstraße 2, 48599 Gronau (Westfalen), Duitsland",+49 2562 9491255,https://gourmet-palast-gronau.eatbu.com/,52.2030259,7.0576365,https://www.google.com/maps/place/Restaurant+Oriental+Gourmet/data=!4m7!3m6!1s0x47b83efa60014c79:0xdde361cdb20a7d74!8m2!3d52.2030259!4d7.0576365!16s%2Fg%2F11bxdxmdlm!19sChIJeUwBYPo-uEcRdH0Kss1h490?authuser=0&hl=nl&g_ep=EgoyMDI2MDkzMC4wIJJjKgBIAVAD&rclk=1
Grand Oriental,Aziatisch restaurant,4.4,44,,"Deurningerstraat 302, 7558 PH Hengelo",074 267 0133,http://www.grandoriental.nl/,52.2892359,6.8211381,https://www.google.com/maps/place/Grand+Oriental/data=!4m7!3m6!1s0x47b811ca648c28e7:0x558224a4506dd7b6!8m2!3d52.2892359!4d6.8211381!16s%2Fg%2F1tfzldxh!19sChIJ5yiMZMoRuEcRttdtUKQkglU?authuser=0&hl=nl&g_ep=EgoyMDI2MDkzMC4wIJJjKgBIAVAD&rclk=1
China Tuin Hengelo,Aziatisch restaurant,4.0,40,,"Oldenzaalsestraat 547, 7558 PW Hengelo",074 291 3252,https://chinatuin.nl/?utm_source=google-mijn-bedrijf&utm_medium=organic,52.2758231,6.8241814,https://www.google.com/maps/place/China+Tuin+Hengelo/data=!4m7!3m6!1s0x47b811beb7b2bc3d:0xd6ec268b0ce86ccd!8m2!3d52.2758231!4d6.8241814!16s%2Fg%2F1tj325xv!19sChIJPbyyt74RuEcRzWzoDIsm7NY?authuser=0&hl=nl&g_ep=EgoyMDI2MDkzMC4wIJJjKgBIAVAD&rclk=1
Café Waldolala 🍺,Café,4.8,48,,"Usselerweg 11, 7545 SC Enschede",06 39693859,https://holmsi.org/details/caf-waldolala-ChIJ7f8,52.2157748,6.876794,https://www.google.com/maps/place/Caf%C3%A9+Waldolala+%F0%9F%8D%BA/data=!4m7!3m6!1s0x47b8138f6d35ffed:0xbd3b55471e4fa9eb!8m2!3d52.2157748!4d6.876794!16s%2Fg%2F11hzrrq0wx!19sChIJ7f81bY8TuEcR66lPHkdVO70?authuser=0&hl=nl&g_ep=EgoyMDI2MDkzMC4wIJJjKgBIAVAD&rclk=1
Bakkerij Nollen Enschede Van Heekplein,,3.0,30,,"Hendrik Jan van Heekplein 34, 7511 HM Enschede",053 434 5388,https://www.bakkerijnollen.nl/winkels/enschede-heekplein/?utm_source=google&utm_medium=gmb&utm_campaign=enschede_heekplein,52.2182465,6.8959084,https://www.google.com/maps/place/Bakkerij+Nollen+Enschede+Van+Heekplein/data=!4m7!3m6!1s0x47b8153b15cae56b:0x2e599e0f2236f0e9!8m2!3d52.2182465!4d6.8959084!16s%2Fg%2F11fv44gyf3!19sChIJa-XKFTsVuEcR6fA2Ig-eWS4?authuser=0&hl=nl&g_ep=EgoyMDI2MDkzMC4wIJJjKgBIAVAD&rclk=1
Plaza Padel Enschede,Padelclub,,,,"Colosseum 70, 7521 PT Enschede",088 804 8110,https://www.plazapadel.com/,52.2389267,6.8340121,https://www.google.com/maps/place/Plaza+Padel+Enschede/data=!4m7!3m6!1s0x47b813cd66cf4233:0xddfcfbe8d1856109!8m2!3d52.2389267!4d6.8340121!16s%2Fg%2F11q2rtpmhz!19sChIJM0LPZs0TuEcRCWGF0ej7_N0?authuser=0&hl=nl&g_ep=EgoyMDI2MDkzMC4wIJJjKgBIAVAD&rclk=1
ZERO55 Enschede,Amusementscentrum,4.0,40,,"Colosseum 84, 7521 PT Enschede",053 303 3030,https://www.zero55.nl/enschede,52.2386264,6.8335742,https://www.google.com/maps/place/ZERO55+Enschede/data=!4m7!3m6!1s0x47b8122d8389e3d9:0x5bf4d380581ab91a!8m2!3d52.2386264!4d6.8335742!16s%2Fg%2F11gdjnpmz2!19sChIJ2eOJgy0SuEcRGrkaWIDT9Fs?authuser=0&hl=nl&g_ep=EgoyMDI2MDkzMC4wIJJjKgBIAVAD&rclk=1
gewoon bookel,Snackbar,4.1,41,,"Beckumerstraat 10, 7548 BG Enschede",053 428 2116,https://gewoonbookel.nl/,52.2040062,6.7985272,https://www.google.com/maps/place/gewoon+bookel/data=!4m7!3m6!1s0x47b8128b6df1d1b3:0xce0ee70722e8462!8m2!3d52.2040062!4d6.7985272!16s%2Fg%2F1tg85q_j!19sChIJs9HxbYsSuEcRYoQucnDu4Aw?authuser=0&hl=nl&g_ep=EgoyMDI2MDkzMC4wIJJjKgBIAVAD&rclk=1
Koninklijke Enschedese Burger Harmonie,Muziekvereniging,4.9,49,,"Van der Waalslaan 25, 7535 CN Enschede",,http://www.kebh.nl/,52.2170241,6.9190354,https://www.google.com/maps/place/Koninklijke+Enschedese+Burger+Harmonie/data=!4m7!3m6!1s0x47b813f5b3bb2e57:0x25fa72844dc41026!8m2!3d52.2170241!4d6.9190354!16s%2Fg%2F1hc1n_x3t!19sChIJVy67s_UTuEcRJhDETYRy-iU?authuser=0&hl=nl&g_ep=EgoyMDI2MDkzMC4wIJJjKgBIAVAD&rclk=1
Optisport | IJsbaan Twente,Schaatsbaan,4.4,44,,"Colosseum 90, 7521 PT Enschede",053 460 1970,https://www.optisport.nl/schaatsbaan-twente,52.2409675,6.8306857,https://www.google.com/maps/place/Optisport+%7C+IJsbaan+Twente/data=!4m7!3m6!1s0x47b8122e7e8aaf77:0xc06ca6479d5b1949!8m2!3d52.2409675!4d6.8306857!16s%2Fg%2F1213146z!19sChIJd6-Kfi4SuEcRSRlbnUembMA?authuser=0&hl=nl&g_ep=EgoyMDI2MDkzMC4wIJJjKgBIAVAD&rclk=1
De Vrijhof,Cultureel centrum,4.5,45,· €,"Vrijhof, De Veldmaat 5, 7522 NM Enschede",053 489 8002,https://www.utwente.nl/en/lisa/,52.2429973,6.8539088,https://www.google.com/maps/place/De+Vrijhof/data=!4m7!3m6!1s0x47b813da389ae993:0x59aeb4b67f30da55!8m2!3d52.2429973!4d6.8539088!16s%2Fg%2F1tyktg3v!19sChIJk-maONoTuEcRVdowf7a0rlk?authuser=0&hl=nl&g_ep=EgoyMDI2MDkzMC4wIJJjKgBIAVAD&rclk=1
SMAAK28 Delicatessen & Wijn,Delicatessenwinkel,4.9,49,,"Drienerstraat 14, 7551 HG Hengelo",06 19112688,http://www.smaak28.nl/,52.2648266,6.7968265,https://www.google.com/maps/place/SMAAK28+Delicatessen+%26+Wijn/data=!4m7!3m6!1s0x47b81154b4a2dcc5:0x9850f227ca78b859!8m2!3d52.2648266!4d6.7968265!16s%2Fg%2F11ry3cj8l3!19sChIJxdyitFQRuEcRWbh4yifyUJg?authuser=0&hl=nl&g_ep=EgoyMDI2MDkzMC4wIJJjKgBIAVAD&rclk=1
