Name,Email,Website,Google Maps URL,Phone,Query City
Ruben's Haute Cuisine,,,https://www.google.com/maps/place/Ruben%27s+Haute+Cuisine/data=!4m7!3m6!1s0x47c609923155a41f:0x4f82a95347096c52!8m2!3d52.3582758!4d4.8984646!16s%2Fg%2F1td6fp9z!19sChIJH6RVMZIJxkcRUmwJR1Opgk8?authuser=0&hl=nl&rclk=1,Telefoon: 06 40668816,Amsterdam
Restaurant Vermeer,,https://restaurantvermeer.nl/,https://www.google.com/maps/place/Restaurant+Vermeer/data=!4m7!3m6!1s0x47c609b9ce4afb43:0x1882bfb0fe62ac60!8m2!3d52.376537!4d4.900446!16s%2Fm%2F0h3xtn8!19sChIJQ_tKzrkJxkcRYKxi_rC_ghg?authuser=0&hl=nl&rclk=1,Telefoon: 020 556 4885,Amsterdam
Arles,info@arles-amsterdam.nl,http://www.arles-amsterdam.nl/,https://www.google.com/maps/place/Arles/data=!4m7!3m6!1s0x47c609920c0bf5a3:0x87235be7b84d998d!8m2!3d52.3563052!4d4.8980834!16s%2Fg%2F11cs3jb6fz!19sChIJo_ULDJIJxkcRjZlNuOdbI4c?authuser=0&hl=nl&rclk=1,Telefoon: 020 679 8240,Amsterdam
Giovanni Nava - Private Chef,info@giovanninava.nl,https://www.giovanninava.nl/,https://www.google.com/maps/place/Giovanni+Nava+-+Private+Chef/data=!4m7!3m6!1s0x47c5efae78bbe199:0xac63eae3e66fffd!8m2!3d52.3847379!4d4.6467268!16s%2Fg%2F11fwj4dm6x!19sChIJmeG7eK7vxUcR_f9mPq4-xgo?authuser=0&hl=nl&rclk=1,Telefoon: 06 50203255,Amsterdam
Tomodachi Teppanyaki,info@restaurant-tomodachi.nl,http://www.restaurant-tomodachi.nl/,https://www.google.com/maps/place/Tomodachi+Teppanyaki/data=!4m7!3m6!1s0x47c609fbc2fb9def:0xaf8ac2de4c57a263!8m2!3d52.3630696!4d4.8988393!16s%2Fg%2F11q955y7dz!19sChIJ7537wvsJxkcRY6JXTN7Ciq8?authuser=0&hl=nl&rclk=1,Telefoon: 020 785 7055,Amsterdam
Capital Kitchen,Info@capitalkitchen.amsterdam,https://capitalc.amsterdam/kitchen/,https://www.google.com/maps/place/Capital+Kitchen/data=!4m7!3m6!1s0x47c609ec91d4f545:0xaf2629e441750756!8m2!3d52.3619902!4d4.9069378!16s%2Fg%2F11p5y1w8f3!19sChIJRfXUkewJxkcRVgd1QeQpJq8?authuser=0&hl=nl&rclk=1,Telefoon: 020 247 7040,Amsterdam
Ship Chandlers Warehouse,kyra@kyratencate.nl,http://www.shipchandlerswarehouse.nl/,https://www.google.com/maps/place/Ship+Chandlers+Warehouse/data=!4m7!3m6!1s0x47c609b9ee37295b:0x97ba97386ba800be!8m2!3d52.3762209!4d4.9019082!16s%2Fg%2F120vhdqj!19sChIJWyk37rkJxkcRvgCoaziXupc?authuser=0&hl=nl&rclk=1,Telefoon: 06 50939977,Amsterdam
Restaurant Two Chefs,West@twochefsfoodbar.com,https://twochefsbrewing.com/location/restaurant-two-chefs/293,https://www.google.com/maps/place/Restaurant+Two+Chefs/data=!4m7!3m6!1s0x47c6098452774e23:0xc78e911dcf09545!8m2!3d52.3743183!4d4.8728681!16s%2Fg%2F11j5f5lnnq!19sChIJI053UoQJxkcRRZXw3BHpeAw?authuser=0&hl=nl&rclk=1,Telefoon: 020 772 2795,Amsterdam
Namche Amsterdam,info@namche.nl,http://namche.nl/,https://www.google.com/maps/place/Namche+Amsterdam/data=!4m7!3m6!1s0x47c6091ed8c69837:0x70d0b8bebbc68d5e!8m2!3d52.3631792!4d4.8858868!16s%2Fg%2F11khzdwmh5!19sChIJN5jG2B4JxkcRXo3Gu7640HA?authuser=0&hl=nl&rclk=1,Telefoon: 020 779 0314,Amsterdam
Eat Your Heart Out,info@eatyourheartout.nl,https://www.eatyourheartout.nl/,https://www.google.com/maps/place/Eat+Your+Heart+Out/data=!4m7!3m6!1s0x416539a334ff3f8b:0xb0baada8f1f5a9d!8m2!3d52.389212!4d4.879335!16s%2Fg%2F11b6swrkz6!19sChIJiz__NKM5ZUERnVofj9qqCws?authuser=0&hl=nl&rclk=1,Telefoon: 06 48377350,Amsterdam
Restaurant Olijfje,INFO@RESTAURANTOLIJFJE.NL,https://www.restaurantolijfje.nl/en,https://www.google.com/maps/place/Restaurant+Olijfje/data=!4m7!3m6!1s0x47c609bcfd963d9b:0xb5f45db75cb5a5f5!8m2!3d52.3687767!4d4.9054562!16s%2Fg%2F1tpn1rxg!19sChIJmz2W_bwJxkcR9aW1XLdd9LU?authuser=0&hl=nl&rclk=1,Telefoon: 020 330 4444,Amsterdam
ROOT Private Dining,info@rootdining.nl,https://www.rootdining.nl/,https://www.google.com/maps/place/ROOT+Private+Dining/data=!4m7!3m6!1s0x47c609601dd75f9b:0x582ec9976403d54d!8m2!3d52.1909763!4d5.2795551!16s%2Fg%2F11mm8zv6nm!19sChIJm1_XHWAJxkcRTdUDZJfJLlg?authuser=0&hl=nl&rclk=1,Telefoon: 06 53269257,Amsterdam
Flair Culinair B.V.,info@flairculinair.nl,http://flairculinair.nl/,https://www.google.com/maps/place/Flair+Culinair+B.V./data=!4m7!3m6!1s0x47c60996b1783aa7:0x1866be320bca0604!8m2!3d52.3615021!4d4.9012694!16s%2Fg%2F1tfxx6r7!19sChIJpzp4sZYJxkcRBAbKCzK-Zhg?authuser=0&hl=nl&rclk=1,Telefoon: 06 55105972,Amsterdam
Traiterie Chef | Bistro,,,https://www.google.com/maps/place/Traiterie+Chef+%7C+Bistro/data=!4m7!3m6!1s0x47c609c17d117f3d:0xf4f2861fcc2f1a81!8m2!3d52.3701941!4d4.8886525!16s%2Fg%2F11b6d772x0!19sChIJPX8RfcEJxkcRgRovzB-G8vQ?authuser=0&hl=nl&rclk=1,Telefoon: 020 671 5500,Amsterdam
Restaurant Le Hollandais,info@lehollandais.nl,http://www.lehollandais.nl/,https://www.google.com/maps/place/Restaurant+Le+Hollandais/data=!4m7!3m6!1s0x47c6098ff8fe8c79:0x9b3b096e4070e756!8m2!3d52.3550702!4d4.9055881!16s%2Fg%2F12b02tlh2!19sChIJeYz--I8JxkcRVudwQG4JO5s?authuser=0&hl=nl&rclk=1,Telefoon: 020 679 1248,Amsterdam
Firma Kok | Koks voor horeca en catering,,http://www.firmakok.com/,https://www.google.com/maps/place/Firma+Kok+%7C+Koks+voor+horeca+en+catering/data=!4m7!3m6!1s0x47c60957313d934d:0x7bc69f8ddde77780!8m2!3d52.3608116!4d4.9364682!16s%2Fg%2F11f57skw25!19sChIJTZM9MVcJxkcRgHfn3Y2fxns?authuser=0&hl=nl&rclk=1,,Amsterdam
Club Cuisine: kookworkshops,bookings@clubcuisine.nl,https://clubcuisine.nl/,https://www.google.com/maps/place/Club+Cuisine:+kookworkshops/data=!4m7!3m6!1s0x47c609dab217a2ed:0x9cfeaf28a3ea4337!8m2!3d52.371271!4d4.9003918!16s%2Fg%2F119vc0d0t!19sChIJ7aIXstoJxkcRN0Pqoyiv_pw?authuser=0&hl=nl&rclk=1,Telefoon: 06 14189965,Amsterdam
Restaurant 21 (R21),info@r21.amsterdam,http://www.r21.amsterdam/,https://www.google.com/maps/place/Restaurant+21+%28R21%29/data=!4m7!3m6!1s0x47c60969ab2251f9:0xcd8c0f0c8056cd77!8m2!3d52.3715951!4d4.9077573!16s%2Fg%2F11v14rdq08!19sChIJ-VEiq2kJxkcRd81WgAwPjM0?authuser=0&hl=nl&rclk=1,Telefoon: 020 730 0066,Amsterdam
Pepijn's Kitchen,,https://www.pepijnskitchen.nl/,https://www.google.com/maps/place/Pepijn%27s+Kitchen/data=!4m7!3m6!1s0x47c60a02b6974a89:0xa585e04fbda20f5a!8m2!3d52.3959476!4d4.9083485!16s%2Fg%2F1tgz4p9z!19sChIJiUqXtgIKxkcRWg-ivU_ghaU?authuser=0&hl=nl&rclk=1,Telefoon: 06 21999920,Amsterdam
ByLaurens | Private Chef | Catering | Events,,http://www.bylaurens.nl/,https://www.google.com/maps/place/ByLaurens+%7C+Private+Chef+%7C+Catering+%7C+Events/data=!4m7!3m6!1s0x47c5e1e687507ef7:0x2c5470455fb8c3f1!8m2!3d52.2808351!4d4.7975314!16s%2Fg%2F11kmsc7z4q!19sChIJ935Qh-bhxUcR8cO4X0VwVCw?authuser=0&hl=nl&rclk=1,Telefoon: 020 244 0324,Amsterdam
Chef Adrienne | Private Dining Amsterdam,info@chefadrienne.nl,https://www.chefadrienne.nl/,https://www.google.com/maps/place/Chef+Adrienne+%7C+Private+Dining+Amsterdam/data=!4m7!3m6!1s0x47c5e2015207cd99:0xe04e748642899b37!8m2!3d52.3518366!4d4.8595016!16s%2Fg%2F1twyyr2f!19sChIJmc0HUgHixUcRN5uJQoZ0TuA?authuser=0&hl=nl&rclk=1,Telefoon: 06 41310010,Amsterdam
The Flavors Lab - Private Chef & Meal Prep Services,theflavorslab@outlook.com,https://theflavorslab.nl/,https://www.google.com/maps/place/The+Flavors+Lab+-+Private+Chef+%26+Meal+Prep+Services/data=!4m7!3m6!1s0x47c60923068717e7:0xd34aeefaf8b39806!8m2!3d52.4042396!4d4.941491!16s%2Fg%2F11x5j7hkwk!19sChIJ5xeHBiMJxkcRBpiz-PruStM?authuser=0&hl=nl&rclk=1,Telefoon: 06 29334001,Amsterdam
Fresh & Fabulous,Info@fresh-fabulous.nl,https://www.fresh-fabulous.nl/,https://www.google.com/maps/place/Fresh+%26+Fabulous/data=!4m7!3m6!1s0x4c679581760b413:0xd262192bded54565!8m2!3d52.3546656!4d4.9039604!16s%2Fg%2F11yxt5q3sc!19sChIJE7RgF1h5xgQRZUXV3isZYtI?authuser=0&hl=nl&rclk=1,Telefoon: 06 83508393,Amsterdam
Restaurant de Compagnon,info@decompagnon.nl,http://www.decompagnon.nl/,https://www.google.com/maps/place/Restaurant+de+Compagnon/data=!4m7!3m6!1s0x47c609b83866ba55:0xde84807a3072044!8m2!3d52.3759367!4d4.8984904!16s%2Fg%2F1td6lw14!19sChIJVbpmOLgJxkcRRCAHowdI6A0?authuser=0&hl=nl&rclk=1,Telefoon: 020 620 4225,Amsterdam
Chef Haukon,info@chefhaukon.nl,http://chefhaukon.nl/,https://www.google.com/maps/place/Chef+Haukon/data=!4m7!3m6!1s0x47c5e265a8009679:0x6bf3329af5fb7180!8m2!3d52.3964807!4d4.8691661!16s%2Fg%2F1whdhjt8!19sChIJeZYAqGXixUcRgHH79Zoy82s?authuser=0&hl=nl&rclk=1,Telefoon: 06 51552662,Amsterdam
Incanto,info@restaurant-incanto.nl,http://www.restaurant-incanto.nl/,https://www.google.com/maps/place/Incanto/data=!4m7!3m6!1s0x47c609c0037004af:0x3c1ac87366b3012d!8m2!3d52.3670112!4d4.8938636!16s%2Fg%2F1tfhyss2!19sChIJrwRwA8AJxkcRLQGzZnPIGjw?authuser=0&hl=nl&rclk=1,Telefoon: 020 423 3681,Amsterdam
Restaurant Aan de Poel,INFO@AANDEPOEL.NL,https://aandepoel.nl/,https://www.google.com/maps/place/Restaurant+Aan+de+Poel/data=!4m7!3m6!1s0x47c5e02dc925b46b:0x535708e1ff8943c5!8m2!3d52.299936!4d4.844916!16s%2Fm%2F0pdnr1j!19sChIJa7QlyS3gxUcRxUOJ_-EIV1M?authuser=0&hl=nl&rclk=1,Telefoon: 020 345 1763,Amsterdam
Saskia's Huiskamerrestaurant,saskia@huiskamerrestaurant.com,http://www.huiskamerrestaurant.com/,https://www.google.com/maps/place/Saskia%27s+Huiskamerrestaurant/data=!4m7!3m6!1s0x47c6099281cf5431:0x76c4d67439547fd6!8m2!3d52.3561614!4d4.8955662!16s%2Fg%2F1tdg6_dl!19sChIJMVTPgZIJxkcR1n9UOXTWxHY?authuser=0&hl=nl&rclk=1,Telefoon: 06 28629839,Amsterdam
Welvaars & Calkoen,info@welvaarsencalkoen.nl,https://www.welvaarsencalkoen.nl/,https://www.google.com/maps/place/Welvaars+%26+Calkoen/data=!4m7!3m6!1s0x47c609dced5137b7:0x6094a6f369f7a5b8!8m2!3d52.3571954!4d4.8983079!16s%2Fg%2F11x6lw3lnb!19sChIJtzdR7dwJxkcRuKX3afOmlGA?authuser=0&hl=nl&rclk=1,Telefoon: 020 679 6777,Amsterdam
CulinAir Catering,info@culinaircatering.com,https://www.culinaircatering.com/,https://www.google.com/maps/place/CulinAir+Catering/data=!4m7!3m6!1s0x69757698890254e7:0xbc44632327bc3550!8m2!3d52.1909763!4d5.2795551!16s%2Fg%2F11vc2yxz43!19sChIJ51QCiZh2dWkRUDW8JyNjRLw?authuser=0&hl=nl&rclk=1,Telefoon: 085 004 1168,Amsterdam
Barbolina,,http://barbolinaamsterdam.nl/,https://www.google.com/maps/place/Barbolina/data=!4m7!3m6!1s0x47c60b45e3384135:0x1c9a292eda42b202!8m2!3d52.3676418!4d4.9309945!16s%2Fg%2F11rt_6xc8f!19sChIJNUE440ULxkcRArJC2i4pmhw?authuser=0&hl=nl&rclk=1,Telefoon: 06 36294472,Amsterdam
Godenspijs,info@godenspijsamsterdam.nl,http://www.godenspijsamsterdam.nl/,https://www.google.com/maps/place/Godenspijs/data=!4m7!3m6!1s0x47c609a121f6d90b:0xcd453bcf6f0d15a2!8m2!3d52.4226082!4d4.8559657!16s%2Fg%2F11tdnl98w1!19sChIJC9n2IaEJxkcRohUNb887Rc0?authuser=0&hl=nl&rclk=1,Telefoon: 06 28211901,Amsterdam
CACHÉ Private Dining - Vergaderlocatie - Workshopruimte (kleine groepen welkom!) // CACHÉ AMSTERDAM,info@cache.amsterdam,https://www.cache.amsterdam/,https://www.google.com/maps/place/CACH%C3%89+Private+Dining+-+Vergaderlocatie+-+Workshopruimte+%28kleine+groepen+welkom!%29+%2F%2F+CACH%C3%89+AMSTERDAM/data=!4m7!3m6!1s0x47c60965277d5713:0x3d900fcaffa405e!8m2!3d52.3850282!4d4.8731685!16s%2Fg%2F11h1g3kz2m!19sChIJE1d9J2UJxkcRXkD6r_wA2QM?authuser=0&hl=nl&rclk=1,,Amsterdam
Merlijn Thuis,info@merlijnthuis.nl,https://www.merlijnthuis.nl/,https://www.google.com/maps/place/Merlijn+Thuis/data=!4m7!3m6!1s0x47c5e3d70c121ad3:0xc09bfac3c9571650!8m2!3d52.1909763!4d5.2795551!16s%2Fg%2F11jlhjhwhr!19sChIJ0xoSDNfjxUcRUBZXycP6m8A?authuser=0&hl=nl&rclk=1,Telefoon: 085 124 7595,Amsterdam
Bistro de la Mer,info@bistrodelamer.nl,http://www.bistrodelamer.com/,https://www.google.com/maps/place/Bistro+de+la+Mer/data=!4m7!3m6!1s0x47c609949a8e7f15:0xccc657994d7c5d70!8m2!3d52.3641318!4d4.8983039!16s%2Fg%2F11rqyv_j5r!19sChIJFX-OmpQJxkcRcF18TZlXxsw?authuser=0&hl=nl&rclk=1,,Amsterdam
Hinke in de keuken,hallo@hinkeindekeuken.nl,http://www.hinkeindekeuken.nl/,https://www.google.com/maps/place/Hinke+in+de+keuken/data=!4m7!3m6!1s0x47c60be087d3788b:0xa5babf44173289fa!8m2!3d52.340484!4d4.9438099!16s%2Fg%2F11f57sjnfm!19sChIJi3jTh-ALxkcR-okyF0S_uqU?authuser=0&hl=nl&rclk=1,Telefoon: 06 45466422,Amsterdam
Plated Amsterdam,info@platedamsterdam.com,http://www.platedamsterdam.com/,https://www.google.com/maps/place/Plated+Amsterdam/data=!4m7!3m6!1s0x47c6095545084b69:0x22c140216fcb5e02!8m2!3d52.3581601!4d4.8779283!16s%2Fg%2F11vylkb2f0!19sChIJaUsIRVUJxkcRAl7LbyFAwSI?authuser=0&hl=nl&rclk=1,Telefoon: 06 24798638,Amsterdam
Olivity,info@olivity.nl,http://www.olivity.net/,https://www.google.com/maps/place/Olivity/data=!4m7!3m6!1s0x47c609e26b4693ef:0xbabde5467cfd2ea2!8m2!3d52.3608829!4d4.8687891!16s%2Fg%2F1jkxcqm2l!19sChIJ75NGa-IJxkcRoi79fEblvbo?authuser=0&hl=nl&rclk=1,Telefoon: 06 43177443,Amsterdam
Gebr. Hartering,info@gebr-hartering.nl,https://www.gebr-hartering.nl/,https://www.google.com/maps/place/Gebr.+Hartering/data=!4m7!3m6!1s0x47c609bb59ea7211:0x90d34c086fa337a1!8m2!3d52.3716712!4d4.9075709!16s%2Fg%2F12j1g9sz8!19sChIJEXLqWbsJxkcRoTejbwhM05A?authuser=0&hl=nl&rclk=1,Telefoon: 020 421 0699,Amsterdam
"Caro Kookt Amsterdam, the Netherlands",info@carokookt.nl,http://www.carokookt.nl/,"https://www.google.com/maps/place/Caro+Kookt+Amsterdam,+the+Netherlands/data=!4m7!3m6!1s0x47c609c53192441b:0x5d29705b8c5c8837!8m2!3d52.3759273!4d4.8833644!16s%2Fg%2F1tn04_k3!19sChIJG0SSMcUJxkcRN4hcjFtwKV0?authuser=0&hl=nl&rclk=1",Telefoon: 06 39439406,Amsterdam
Italian Chef | Italiaanse Chef kok op locatie,,https://italianchef.nl/,https://www.google.com/maps/place/Italian+Chef+%7C+Italiaanse+Chef+kok+op+locatie/data=!4m7!3m6!1s0x47c5e3e7299a0c55:0x49cd959b84834a7!8m2!3d52.3500108!4d4.8325606!16s%2Fg%2F11y3mdt9hn!19sChIJVQyaKefjxUcRpzRIuFnZnAQ?authuser=0&hl=nl&rclk=1,Telefoon: 06 19872731,Amsterdam
The Living Kitchen: Rooftop Restaurant and Bar by Zoku Amsterdam,meetamsterdam@livezoku.com,http://www.livezoku.com/amsterdam/eat-drink,https://www.google.com/maps/place/The+Living+Kitchen:+Rooftop+Restaurant+and+Bar+by+Zoku+Amsterdam/data=!4m7!3m6!1s0x47c609dda65c31e3:0x4c031fb5eae46e6f!8m2!3d52.3639475!4d4.9066543!16s%2Fg%2F11hfk1gxvj!19sChIJ4zFcpt0JxkcRb27k6rUfA0w?authuser=0&hl=nl&rclk=1,Telefoon: 020 811 2811,Amsterdam
Chef-Kok-aan-huis l Sander Oudshoorn,sander@sanderoudshoorn.nl,https://www.sanderoudshoorn.nl/,https://www.google.com/maps/place/Chef-Kok-aan-huis+l+Sander+Oudshoorn/data=!4m7!3m6!1s0x47c6a01610766285:0x7f38c5361379ba61!8m2!3d51.5716468!4d4.7553248!16s%2Fg%2F11b90f_2cn!19sChIJhWJ2EBagxkcRYbp5EzbFOH8?authuser=0&hl=nl&rclk=1,Telefoon: 06 28877382,Amsterdam
Restaurant Vinkeles,,https://www.vinkeles.com/?utm_source=GMB&utm_medium=organic,https://www.google.com/maps/place/Restaurant+Vinkeles/data=!4m7!3m6!1s0x47c609c2fadfc683:0xc1e3b22e963b67f6!8m2!3d52.3692786!4d4.884023!16s%2Fm%2F010v_js4!19sChIJg8bf-sIJxkcR9mc7li6y48E?authuser=0&hl=nl&rclk=1,Telefoon: 020 530 2010,Amsterdam
Cheffrey,info@cheffreyfood.nl,https://www.cheffreyfood.nl/,https://www.google.com/maps/place/Cheffrey/data=!4m7!3m6!1s0x47c6655605c32f6d:0xeb7eb8a2bf0142a8!8m2!3d52.091494!4d4.9634!16s%2Fg%2F11cn3w756k!19sChIJbS_DBVZlxkcRqEIBv6K4fus?authuser=0&hl=nl&rclk=1,Telefoon: 06 19470180,Amsterdam
Vagus Culinary Studio,info@vagusculinary.com,https://www.vagusculinary.com/,https://www.google.com/maps/place/Vagus+Culinary+Studio/data=!4m7!3m6!1s0x6f1352a5663a55ff:0x52581f4bf85318dd!8m2!3d52.3947513!4d4.865943!16s%2Fg%2F11sqgdhks3!19sChIJ_1U6ZqVSE28R3RhT-EsfWFI?authuser=0&hl=nl&rclk=1,Telefoon: 06 54108764,Amsterdam
"COOK' INN Catering, events & private dining",,http://www.cookinn.nl/,"https://www.google.com/maps/place/COOK%27+INN+Catering,+events+%26+private+dining/data=!4m7!3m6!1s0x47c609df9c8ab265:0x4b34f5a84a08de12!8m2!3d52.3831081!4d4.9048592!16s%2Fg%2F1tfj2c9g!19sChIJZbKKnN8JxkcREt4ISqj1NEs?authuser=0&hl=nl&rclk=1",Telefoon: 06 47258328,Amsterdam
Lommys,,,https://www.google.com/maps/place/Lommys/data=!4m7!3m6!1s0x47c609aabdb5f4d7:0x764319a52cd23485!8m2!3d52.3554227!4d4.8984545!16s%2Fg%2F11rwy5s6w5!19sChIJ1_S1vaoJxkcRhTTSLKUZQ3Y?authuser=0&hl=nl&rclk=1,Telefoon: 06 34619644,Amsterdam
NB Hospitality BV,info@nbhospitality.nl,https://www.nbhospitality.nl/,https://www.google.com/maps/place/NB+Hospitality+BV/data=!4m7!3m6!1s0x47c60901eed5dd7f:0xa698788880ea6978!8m2!3d52.3657949!4d4.8891399!16s%2Fg%2F11whzgxm89!19sChIJf93V7gEJxkcReGnqgIh4mKY?authuser=0&hl=nl&rclk=1,Telefoon: 020 240 3000,Amsterdam
OEF. Amsterdam,,http://www.oefamsterdam.com/,https://www.google.com/maps/place/OEF.+Amsterdam/data=!4m7!3m6!1s0x6a841e92e0142b53:0xc635d00e499b4349!8m2!3d52.1909763!4d5.2795551!16s%2Fg%2F11sbl4pnyy!19sChIJUysU4JIehGoRSUObSQ7QNcY?authuser=0&hl=nl&rclk=1,Telefoon: 06 83969333,Amsterdam
Citria Restaurant,"<font dir=""auto"" style=""vertical-align: inherit;""><font dir=""auto"" style=""vertical-align: inherit;"">citriarestaurant@gmail.com</font></font>",https://www.citriarestaurantamsterdam.nl/,https://www.google.com/maps/place/Citria+Restaurant/data=!4m7!3m6!1s0x47c60914849e6b5b:0x7ae52a74a302a1a5!8m2!3d52.3666133!4d4.9020727!16s%2Fg%2F11yfg6xtvd!19sChIJW2uehBQJxkcRpaECo3Qq5Xo?authuser=0&hl=nl&rclk=1,Telefoon: 020 626 6064,Amsterdam
Chef Maarten,info@chefmaarten.nl,http://chefmaarten.nl/,https://www.google.com/maps/place/Chef+Maarten/data=!4m7!3m6!1s0x47c60bd55f94711f:0xa88ed32d81c79c5f!8m2!3d52.2054457!4d4.6211491!16s%2Fg%2F11qms5dv7n!19sChIJH3GUX9ULxkcRX5zHgS3Tjqg?authuser=0&hl=nl&rclk=1,Telefoon: 06 34553569,Amsterdam
Restaurant 212,info@restaurant-212.com,https://www.212.amsterdam/restaurant-212,https://www.google.com/maps/place/Restaurant+212/data=!4m7!3m6!1s0x47c60995fa97fb93:0x59d2b86462c2e72e!8m2!3d52.3658891!4d4.9002986!16s%2Fg%2F11f1ph3r24!19sChIJk_uX-pUJxkcRLufCYmS40lk?authuser=0&hl=nl&rclk=1,,Amsterdam
Rennies Deli,info@renniesdeli.com,https://www.renniesdeli.nl/,https://www.google.com/maps/place/Rennies+Deli/data=!4m7!3m6!1s0x8224c421f143a87d:0xf397b6fd9369a95c!8m2!3d52.1909763!4d5.2795551!16s%2Fg%2F11yc6ztt30!19sChIJfahD8SHEJIIRXKlpk_22l_M?authuser=0&hl=nl&rclk=1,Telefoon: 06 20113830,Amsterdam
Private Smaak,info@privatesmaak.com,https://privatesmaak.com/,https://www.google.com/maps/place/Private+Smaak/data=!4m7!3m6!1s0x2638372a6de27b63:0x1a6781d67bb2b394!8m2!3d52.3508261!4d4.9091838!16s%2Fg%2F11vt9kgxkx!19sChIJY3vibSo3OCYRlLOye9aBZxo?authuser=0&hl=nl&rclk=1,Telefoon: 06 82872235,Amsterdam
BROOS.A'dam,,https://www.kokenmetbroos.nl/,https://www.google.com/maps/place/BROOS.A%27dam/data=!4m7!3m6!1s0x47c6093807a6d48b:0xeee7a89fc9f5ecf0!8m2!3d52.1909763!4d5.2795551!16s%2Fg%2F11jn__dhl_!19sChIJi9SmBzgJxkcR8Oz1yZ-o5-4?authuser=0&hl=nl&rclk=1,,Amsterdam
"Bussia Lunch, Diner, Fine dining, Private dining",info@bussia.nl,http://www.bussia.nl/,"https://www.google.com/maps/place/Bussia+Lunch,+Diner,+Fine+dining,+Private+dining/data=!4m7!3m6!1s0x47c609c3587d8075:0x5ecfd15aa22d83e6!8m2!3d52.372469!4d4.8833641!16s%2Fg%2F1trc44k4!19sChIJdYB9WMMJxkcR5oMtolrRz14?authuser=0&hl=nl&rclk=1",Telefoon: 020 627 8794,Amsterdam
Le Petit Chef - Amsterdam,lepetitchef@hotelamsterdam.nl,https://lepetitchef.com/Amsterdam,https://www.google.com/maps/place/Le+Petit+Chef+-+Amsterdam/data=!4m7!3m6!1s0x47c609a1d644c815:0xc0a5928acc21c2f9!8m2!3d52.3737604!4d4.8935852!16s%2Fg%2F11vx13np6d!19sChIJFchE1qEJxkcR-cIhzIqSpcA?authuser=0&hl=nl&rclk=1,Telefoon: 020 555 0666,Amsterdam
Chanel Cuisine private chef,,,https://www.google.com/maps/place/Chanel+Cuisine+private+chef/data=!4m7!3m6!1s0x47c6099e447d957b:0xfe738fede56e950c!8m2!3d51.9939836!4d5.2036278!16s%2Fg%2F11ls_nk3cb!19sChIJe5V9RJ4JxkcRDJVu5e2Pc_4?authuser=0&hl=nl&rclk=1,Telefoon: 06 24558657,Amsterdam
Amsterdam Flavours Experience,bernadette@amsterdamflavours.com,https://amsterdamflavours.com/,https://www.google.com/maps/place/Amsterdam+Flavours+Experience/data=!4m7!3m6!1s0x47c609d5a7b7bb1f:0x1c8d2244ae1fe5a3!8m2!3d52.386099!4d4.873777!16s%2Fg%2F11b8074lcl!19sChIJH7u3p9UJxkcRo-UfrkQijRw?authuser=0&hl=nl&rclk=1,Telefoon: 06 17354009,Amsterdam
CHEFSTBL,contact@chefstbl.com,https://www.chefstbl.com/,https://www.google.com/maps/place/CHEFSTBL/data=!4m7!3m6!1s0x47c695af2dc4ae67:0xaf80041a7852376a!8m2!3d51.6954539!4d5.2800176!16s%2Fg%2F11jp005n27!19sChIJZ67ELa-VxkcRajdSeBoEgK8?authuser=0&hl=nl&rclk=1,Telefoon: 085 303 0203,Amsterdam
Pita Chef Roeterseiland,account@pitachef.nl,https://pitachef.nl/,https://www.google.com/maps/place/Pita+Chef+Roeterseiland/data=!4m7!3m6!1s0x47c6090b5e801577:0xdf498e3cc1fd3fad!8m2!3d52.3640471!4d4.9113106!16s%2Fg%2F11pd1snyf6!19sChIJdxWAXgsJxkcRrT_9wTyOSd8?authuser=0&hl=nl&rclk=1,,Amsterdam
H.Baron Catering,,https://www.instagram.com/hbaroncatering?utm_source=ig_web_button_share_sheet&igsh=ZDNlZDc0MzIxNw==,https://www.google.com/maps/place/H.Baron+Catering/data=!4m7!3m6!1s0x47c60a1315003a19:0x5b3cfdca25ebbbe6!8m2!3d52.3243894!4d4.864821!16s%2Fg%2F1v5fr2_8!19sChIJGToAFRMKxkcR5rvrJcr9PFs?authuser=0&hl=nl&rclk=1,Telefoon: 06 27440838,Amsterdam
Oysterboys Amsterdam,info@oysterboys.nl,https://www.oysterboys.nl/,https://www.google.com/maps/place/Oysterboys+Amsterdam/data=!4m7!3m6!1s0x643f4be85912fac1:0x3b382f8851d92704!8m2!3d52.383772!4d4.8710923!16s%2Fg%2F11v9jz3jgs!19sChIJwfoSWehLP2QRBCfZUYgvODs?authuser=0&hl=nl&rclk=1,,Amsterdam
Lex Kok B.V.,,,https://www.google.com/maps/place/Lex+Kok+B.V./data=!4m7!3m6!1s0x47c5e397387eab33:0xd77600a50b5ec6c9!8m2!3d52.3676297!4d4.8603955!16s%2Fg%2F11h4qlrzrd!19sChIJM6t-OJfjxUcRycZeC6UAdtc?authuser=0&hl=nl&rclk=1,Telefoon: 06 23302720,Amsterdam
Restaurant Johannes,info@restaurantjohannes.nl,https://restaurantjohannes.nl/,https://www.google.com/maps/place/Restaurant+Johannes/data=!4m7!3m6!1s0x47c609c20540cfed:0x9c2af38880b40df8!8m2!3d52.367614!4d4.887355!16s%2Fg%2F11btm5qwsd!19sChIJ7c9ABcIJxkcR-A20gIjzKpw?authuser=0&hl=nl&rclk=1,Telefoon: 020 626 9503,Amsterdam
Restaurant Black Olive,info@restaurantblackolive.nl,http://www.restaurantblackolive.nl/,https://www.google.com/maps/place/Restaurant+Black+Olive/data=!4m7!3m6!1s0x47c60953dc72697f:0x319c46d223ddb7d2!8m2!3d52.3684797!4d4.9057377!16s%2Fg%2F11qgz6t9dl!19sChIJf2ly3FMJxkcR0rfdI9JGnDE?authuser=0&hl=nl&rclk=1,Telefoon: 06 28079666,Amsterdam
Bridges,info@bridgesrestaurant.nl,https://www.bridgesrestaurant.nl/,https://www.google.com/maps/place/Bridges/data=!4m7!3m6!1s0x47c609bf585f4589:0x62034b9b57a1589!8m2!3d52.3709374!4d4.8955388!16s%2Fg%2F11clw6b1tz!19sChIJiUVfWL8JxkcRiRV6tbk0IAY?authuser=0&hl=nl&rclk=1,Telefoon: 020 555 3560,Amsterdam
Beulings,info@beulings.nl,http://www.beulings.nl/,https://www.google.com/maps/place/Beulings/data=!4m7!3m6!1s0x47c609c2195053c9:0xee01ba0d3850a52!8m2!3d52.3679974!4d4.8876906!16s%2Fg%2F1tfz9cx8!19sChIJyVNQGcIJxkcRUgqF06Ab4A4?authuser=0&hl=nl&rclk=1,Telefoon: 020 320 6100,Amsterdam
All about Cooking,info@allaboutcooking.nl,http://allaboutcooking.nl/,https://www.google.com/maps/place/All+about+Cooking/data=!4m7!3m6!1s0x4f317cf48d4bdda5:0x75d86c707dd45dc6!8m2!3d52.1909763!4d5.2795551!16s%2Fg%2F11s4tbz9w8!19sChIJpd1LjfR8MU8Rxl3UfXBs2HU?authuser=0&hl=nl&rclk=1,Telefoon: 06 38010276,Amsterdam
Private dining met chef kok aan huis,info@envy.nl,https://envy.nl/,https://www.google.com/maps/place/Private+dining+met+chef+kok+aan+huis/data=!4m7!3m6!1s0x47c609c345aa3f0b:0xf725bd31db7b30bc!8m2!3d52.3715935!4d4.8832927!16s%2Fg%2F1td4z134!19sChIJCz-qRcMJxkcRvDB72zG9Jfc?authuser=0&hl=nl&rclk=1,Telefoon: 06 23074792,Amsterdam
Restaurant Chez Fabrice,info@chezfabrice.nl,http://www.chezfabrice.nl/,https://www.google.com/maps/place/Restaurant+Chez+Fabrice/data=!4m7!3m6!1s0x47c6098e97043ec5:0xe3ae0a164190f286!8m2!3d52.362034!4d4.904054!16s%2Fg%2F11tj61f62z!19sChIJxT4El44JxkcRhvKQQRYKruM?authuser=0&hl=nl&rclk=1,Telefoon: 020 625 1071,Amsterdam
Ciao Bella,info@pixsellz.io,https://www.amsterdamciaobella.nl/,https://www.google.com/maps/place/Ciao+Bella/data=!4m7!3m6!1s0x47c60994149342f9:0xaa8d8849345d78dd!8m2!3d52.36227!4d4.8986068!16s%2Fg%2F11b6_cx674!19sChIJ-UKTFJQJxkcR3XhdNEmIjao?authuser=0&hl=nl&rclk=1,Telefoon: 020 753 1475,Amsterdam
THE DUCHESS,info@the-duchess.com,https://the-duchess.com/,https://www.google.com/maps/place/THE+DUCHESS/data=!4m7!3m6!1s0x47c609c6a8c8744b:0x749346f9c03b032b!8m2!3d52.3728631!4d4.8894089!16s%2Fg%2F11b7rtmlkm!19sChIJS3TIqMYJxkcRKwM7wPlGk3Q?authuser=0&hl=nl&rclk=1,Telefoon: 020 811 3322,Amsterdam
Zakaria Ayad Chef kok,,https://www.zakariaayad.nl/,https://www.google.com/maps/place/Zakaria+Ayad+Chef+kok/data=!4m7!3m6!1s0x47c5e340d018a34f:0x3e1ab22a7498f538!8m2!3d52.3494794!4d4.8548859!16s%2Fg%2F11lynpkwz6!19sChIJT6MY0EDjxUcROPWYdCqyGj4?authuser=0&hl=nl&rclk=1,Telefoon: 06 10025947,Amsterdam
Restaurant Flore,Reservations@restaurantflore.com,https://restaurantflore.com/?utm_source=GMB&utm_medium=organic,https://www.google.com/maps/place/Restaurant+Flore/data=!4m7!3m6!1s0x47c609c00e5b2107:0x6944d58155c4d37!8m2!3d52.3675491!4d4.8940847!16s%2Fg%2F11t7fc4s1q!19sChIJByFbDsAJxkcRN01cFVhNlAY?authuser=0&hl=nl&rclk=1,Telefoon: 020 730 3398,Amsterdam
Colette's Private Dining,colette@colettesprivatedining.com,http://colettesprivatedining.com/,https://www.google.com/maps/place/Colette%27s+Private+Dining/data=!4m7!3m6!1s0x47c609d6099bfc93:0x6e1f6b2194b9dbe1!8m2!3d52.3837211!4d4.8721328!16s%2Fg%2F11gbxfbyvr!19sChIJk_ybCdYJxkcR4du5lCFrH24?authuser=0&hl=nl&rclk=1,Telefoon: 06 11282985,Amsterdam
De Juwelier,info@restaurant-dejuwelier.nl,https://www.restaurant-dejuwelier.nl/restaurantdejuwelier,https://www.google.com/maps/place/De+Juwelier/data=!4m7!3m6!1s0x47c6097f69e87b05:0xa770ed914c9663b9!8m2!3d52.364257!4d4.8983493!16s%2Fg%2F11rgt_jcbn!19sChIJBXvoaX8JxkcRuWOWTJHtcKc?authuser=0&hl=nl&rclk=1,,Amsterdam
SECRET GARDEN,info@secretgardenamsterdam.com,http://www.secretgardenamsterdam.com/,https://www.google.com/maps/place/SECRET+GARDEN/data=!4m7!3m6!1s0x47c6094ee995d0f9:0x9146ffad00cbf2f5!8m2!3d52.3662857!4d4.8910769!16s%2Fg%2F11q4mz6v7l!19sChIJ-dCV6U4JxkcR9fLLAK3_RpE?authuser=0&hl=nl&rclk=1,Telefoon: 020 247 4060,Amsterdam
"Little Buddha Asian restaurant - Best Asian Restaurent Amsterdam .dumpling, wok noodles,wok rice",,,"https://www.google.com/maps/place/Little+Buddha+Asian+restaurant+-+Best+Asian+Restaurent+Amsterdam+.dumpling,+wok+noodles,wok+rice/data=!4m7!3m6!1s0x47c60970bbece8b9:0x9578505461b6ef44!8m2!3d52.3664845!4d4.895767!16s%2Fg%2F11sdypdjb3!19sChIJuejsu3AJxkcRRO-2YVRQeJU?authuser=0&hl=nl&rclk=1",Telefoon: 06 12738585,Amsterdam
Senses restaurant,welcome@sensesrestaurant.nl,http://www.sensesrestaurant.nl/,https://www.google.com/maps/place/Senses+restaurant/data=!4m7!3m6!1s0x47c609eabb837099:0xe42dcf6ca86c7318!8m2!3d52.3659041!4d4.8932993!16s%2Fg%2F11gzbz18f!19sChIJmXCDu-oJxkcRGHNsqGzPLeQ?authuser=0&hl=nl&rclk=1,Telefoon: 020 530 6266,Amsterdam
Chefs of KHAYBAR,,https://khaybar.nl/chefshome,https://www.google.com/maps/place/Chefs+of+KHAYBAR/data=!4m7!3m6!1s0x47c6097ef64450f7:0xa47c33de40cc81c!8m2!3d52.3864994!4d4.9271334!16s%2Fg%2F11zkp60fxn!19sChIJ91BE9n4JxkcRHMgM5D3DRwo?authuser=0&hl=nl&rclk=1,Telefoon: 06 30736181,Amsterdam
AntonellaBarbella,info@antonellabarbella.com,https://www.antonellabarbella.com/,https://www.google.com/maps/place/AntonellaBarbella/data=!4m7!3m6!1s0x47c609839717e1d3:0x31a33f69e4132a33!8m2!3d52.3518607!4d4.9130092!16s%2Fg%2F11f6dm2v26!19sChIJ0-EXl4MJxkcRMyoT5Gk_ozE?authuser=0&hl=nl&rclk=1,Telefoon: 06 19730063,Amsterdam
ChefMaison,operations@chefmaison.com,https://chefmaison.com/,https://www.google.com/maps/place/ChefMaison/data=!4m7!3m6!1s0x47c609a2eba117fb:0xee9e0daac29b6559!8m2!3d52.3333599!4d4.8508962!16s%2Fg%2F11llj1w2s1!19sChIJ-xeh66IJxkcRWWWbwqoNnu4?authuser=0&hl=nl&rclk=1,,Amsterdam
Hemelse Modder,info@hemelsemodder.nl,https://hemelsemodder.nl/,https://www.google.com/maps/place/Hemelse+Modder/data=!4m7!3m6!1s0x47c609bbc3bafe89:0x421f16b3312302a5!8m2!3d52.3731918!4d4.9034486!16s%2Fg%2F1tf74qpt!19sChIJif66w7sJxkcRpQIjMbMWH0I?authuser=0&hl=nl&rclk=1,Telefoon: 020 624 3203,Amsterdam
Chef Lesley,,https://chef.les-ley.com/,https://www.google.com/maps/place/Chef+Lesley/data=!4m7!3m6!1s0x47c5e3fbe97ab8ed:0x40c7da3e84e43345!8m2!3d52.3904882!4d4.833049!16s%2Fg%2F11k8ksd46w!19sChIJ7bh66fvjxUcRRTPkhD7ax0A?authuser=0&hl=nl&rclk=1,Telefoon: 020 758 8871,Amsterdam
CUE- Bar Restaurant Amsterdam,info@cue-amsterdam.com,https://www.cue-amsterdam.com/,https://www.google.com/maps/place/CUE-+Bar+Restaurant+Amsterdam/data=!4m7!3m6!1s0x47c6092cb1f80999:0x20135b0bed2bf895!8m2!3d52.3644265!4d4.8979664!16s%2Fg%2F11y6nlzln4!19sChIJmQn4sSwJxkcRlfgr7QtbEyA?authuser=0&hl=nl&rclk=1,Telefoon: 020 205 1332,Amsterdam
Jaap’s Private Dining,mail@jaapsprivatedining.nl,https://www.jaapsprivatedining.com/,https://www.google.com/maps/place/Jaap%E2%80%99s+Private+Dining/data=!4m7!3m6!1s0x47c609ed04ada093:0x5e89e3815b2abd73!8m2!3d52.3656141!4d4.8914945!16s%2Fg%2F11ww0lc1tf!19sChIJk6CtBO0JxkcRc70qW4HjiV4?authuser=0&hl=nl&rclk=1,Telefoon: 06 40590981,Amsterdam
Personal Chef Hans van Mierlo,Hans van Mierlo<info@personalchefhans.nl>,https://www.personalchefhans.nl/,https://www.google.com/maps/place/Personal+Chef+Hans+van+Mierlo/data=!4m7!3m6!1s0x47c5e160c3dc7b23:0x846b44536c5ed4de!8m2!3d52.4290264!4d4.8954884!16s%2Fg%2F1tfvs3_t!19sChIJI3vcw2DhxUcR3tRebFNEa4Q?authuser=0&hl=nl&rclk=1,Telefoon: 06 14035415,Amsterdam
Pasta Paradijs,pastaparadijs.ams@gmail.com,http://pasta-paradijs-amsterdam.makro.bar/,https://www.google.com/maps/place/Pasta+Paradijs/data=!4m7!3m6!1s0x47c5e203ed59729d:0x57054a8cf0f63960!8m2!3d52.3515042!4d4.8572144!16s%2Fg%2F1thbvvq4!19sChIJnXJZ7QPixUcRYDn28IxKBVc?authuser=0&hl=nl&rclk=1,Telefoon: 020 614 0240,Amsterdam
tafel,,https://tafel.life/,https://www.google.com/maps/place/tafel/data=!4m7!3m6!1s0x267c91229badf1f:0x6f906ee86a3dcf6d!8m2!3d52.3548811!4d4.9237197!16s%2Fg%2F11ywd79ly1!19sChIJH9-6KRLJZwIRbc89auhukG8?authuser=0&hl=nl&rclk=1,Telefoon: 06 57931914,Amsterdam
Banzuzi culinary services,contact@chefstbl.com,https://chefstbl.com/chef/banzuzi-culinary-services-internationaal-4-gangen-private-dining/?fbclid=PAAaYw8R_MD8ypNIzjzBXkUSkCj2VTWBZM96LChjuuAm4VeOxNNL1p9fXFqDM_aem_AZn6_9MQuhTDTVnAVAjWMQGUBj6QGYfU-YPLwtOFIa63IlHMoX9G0ayschNzYX7W5MM,https://www.google.com/maps/place/Banzuzi+culinary+services/data=!4m7!3m6!1s0x47c5c9357084e539:0x100a378228af7916!8m2!3d52.3718179!4d4.9029878!16s%2Fg%2F11mx4n3hxw!19sChIJOeWEcDXJxUcRFnmvKII3ChA?authuser=0&hl=nl&rclk=1,Telefoon: +971 52 948 8807,Amsterdam
Restaurant JA,info@restaurantja.nl,https://www.restaurantja.nl/,https://www.google.com/maps/place/Restaurant+JA/data=!4m7!3m6!1s0x47c6097aa9262b07:0xb1ae6bd276f1947b!8m2!3d52.3556638!4d4.8983294!16s%2Fg%2F11h5np9j9y!19sChIJBysmqXoJxkcRe5TxdtJrrrE?authuser=0&hl=nl&rclk=1,Telefoon: 06 50645829,Amsterdam
Chef Matt Pace,,http://www.chefmattpace.com/,https://www.google.com/maps/place/Chef+Matt+Pace/data=!4m7!3m6!1s0x47c609b47d2d812d:0xe657af05f74b8fd1!8m2!3d52.4071989!4d4.9355448!16s%2Fg%2F11vwksnxcn!19sChIJLYEtfbQJxkcR0Y9L9wWvV-Y?authuser=0&hl=nl&rclk=1,,Amsterdam
Alba Restaurant & Wijnbar,groepen@alba-amsterdam.nl,https://www.alba-amsterdam.nl/,https://www.google.com/maps/place/Alba+Restaurant+%26+Wijnbar/data=!4m7!3m6!1s0x47c60905ce6cc6d5:0x88f629d203db9f1d!8m2!3d52.3560247!4d4.9118732!16s%2Fg%2F11frq1rbvh!19sChIJ1cZszgUJxkcRHZ_bA9Ip9og?authuser=0&hl=nl&rclk=1,Telefoon: 020 239 0895,Amsterdam
Culinair voor Thuis | Kok aan huis,,http://www.culinairvoorthuis.nl/,https://www.google.com/maps/place/Culinair+voor+Thuis+%7C+Kok+aan+huis/data=!4m7!3m6!1s0x47c5cfeba23251a7:0x2dd57c11aaea1f79!8m2!3d52.049164!4d4.8227066!16s%2Fg%2F11hyygp120!19sChIJp1EyouvPxUcReR_qqhF81S0?authuser=0&hl=nl&rclk=1,Telefoon: 06 14680232,Amsterdam
Kookstudio De Laurier B.V.,kookstudio@delaurier.nl,https://www.delaurier.nl/,https://www.google.com/maps/place/Kookstudio+De+Laurier+B.V./data=!4m7!3m6!1s0x47c609dc3f83a631:0x75d38bc9cf669418!8m2!3d52.3712807!4d4.8770883!16s%2Fg%2F1vy7fsh9!19sChIJMaaDP9wJxkcRGJRmz8mL03U?authuser=0&hl=nl&rclk=1,Telefoon: 020 622 0334,Amsterdam
Stichting Thuisgekookt,info@thuisgekookt.nl,https://www.thuisgekookt.nl/,https://www.google.com/maps/place/Stichting+Thuisgekookt/data=!4m7!3m6!1s0x47c66f3cb5fbd793:0x341813bde938a21c!8m2!3d52.0848615!4d5.0937672!16s%2Fg%2F11fd6c_ggr!19sChIJk9f7tTxvxkcRHKI46b0TGDQ?authuser=0&hl=nl&rclk=1,Telefoon: 085 060 8768,Amsterdam
Wouters Keuken - Kok aan huis,,https://www.wouterskeuken.nl/,https://www.google.com/maps/place/Wouters+Keuken+-+Kok+aan+huis/data=!4m7!3m6!1s0x47c432cdbe827753:0x8b3c2d11a86ef2a4!8m2!3d51.9303057!4d4.5460122!16s%2Fg%2F11b7q1r974!19sChIJU3eCvs0yxEcRpPJuqBEtPIs?authuser=0&hl=nl&rclk=1,Telefoon: 06 41515958,Amsterdam
kok aan huis,info@kokaanhuis.net,http://www.kokaanhuis.net/,https://www.google.com/maps/place/kok+aan+huis/data=!4m7!3m6!1s0x47cf55f1aa06824b:0x2e485366c0a42cac!8m2!3d52.6150419!4d4.8258075!16s%2Fg%2F1tfss42j!19sChIJS4IGqvFVz0cRrCykwGZTSC4?authuser=0&hl=nl&rclk=1,Telefoon: 06 28563956,Amsterdam
Huischef,info@huischef.nl,http://www.huischef.nl/,https://www.google.com/maps/place/Huischef/data=!4m7!3m6!1s0x47c646dc652e28d1:0xbdf3925d8f987b66!8m2!3d52.177684!4d5.2788154!16s%2Fg%2F1ptykcvj5!19sChIJ0SguZdxGxkcRZnuYj12S870?authuser=0&hl=nl&rclk=1,Telefoon: 035 205 5045,Amsterdam
Thuiskok Edy,,,https://www.google.com/maps/place/Thuiskok+Edy/data=!4m7!3m6!1s0x47c609d9ed0d9bdb:0x751a9ed430c50275!8m2!3d52.3768994!4d4.8753201!16s%2Fg%2F1tjhww6f!19sChIJ25sN7dkJxkcRdQLFMNSeGnU?authuser=0&hl=nl&rclk=1,Telefoon: 020 682 5077,Amsterdam
Alba Private Dining,joost@alba-privatedining.nl,https://www.alba-privatedining.nl/,https://www.google.com/maps/place/Alba+Private+Dining/data=!4m7!3m6!1s0x47c5e383bf1eca2d:0xecc10714923509c0!8m2!3d52.3503159!4d4.8474786!16s%2Fg%2F11yxg4443s!19sChIJLcoev4PjxUcRwAk1khQHwew?authuser=0&hl=nl&rclk=1,,Amsterdam
Chef in huis,info@chefinhuis.nl,http://www.chefinhuis.nl/,https://www.google.com/maps/place/Chef+in+huis/data=!4m7!3m6!1s0x47c6fff583bd27d9:0x86e28c1c13f931fe!8m2!3d51.8809849!4d5.5880817!16s%2Fg%2F11c6w0xq2g!19sChIJ2Se9g_X_xkcR_jH5ExyM4oY?authuser=0&hl=nl&rclk=1,Telefoon: 06 30399385,Amsterdam
Mange-Tout,,,https://www.google.com/maps/place/Mange-Tout/data=!4m7!3m6!1s0x47c5e20fd8ff7773:0x4a6728e92d9532d3!8m2!3d52.3595473!4d4.8536784!16s%2Fg%2F1tfsb0hg!19sChIJc3f_2A_ixUcR0zKVLekoZ0o?authuser=0&hl=nl&rclk=1,Telefoon: 020 627 4955,Amsterdam
Kok aan huis Klaas Culinair,,http://www.thuiskokklaasculinair.nl/,https://www.google.com/maps/place/Kok+aan+huis+Klaas+Culinair/data=!4m7!3m6!1s0x47c825734d115f21:0x82ca1538211ef8f5!8m2!3d53.040872!4d5.6862002!16s%2Fg%2F1ptwg19l7!19sChIJIV8RTXMlyEcR9fgeITgVyoI?authuser=0&hl=nl&rclk=1,Telefoon: 06 23074792,Amsterdam
Le Premier Chef - Kok aan Huis - Diner aan huis,%20info@lepremierchef.nl,https://www.lepremierchef.nl/,https://www.google.com/maps/place/Le+Premier+Chef+-+Kok+aan+Huis+-+Diner+aan+huis/data=!4m7!3m6!1s0x47c61137ac7464e9:0xfe57960ecdda51a0!8m2!3d52.3514022!4d5.176097!16s%2Fg%2F1ttp9hpy!19sChIJ6WR0rDcRxkcRoFHazQ6WV_4?authuser=0&hl=nl&rclk=1,Telefoon: 06 11874466,Amsterdam
Chef Nicolas,,https://chefnicolas.com/,https://www.google.com/maps/place/Chef+Nicolas/data=!4m7!3m6!1s0x47c664c25e2e03ed:0x1be371166cf7e5e4!8m2!3d52.0486599!4d5.1129214!16s%2Fg%2F1tfcgztw!19sChIJ7QMuXsJkxkcR5OX3bBZx4xs?authuser=0&hl=nl&rclk=1,Telefoon: 06 17772583,Amsterdam
'Hans Kookt' uw kok aan huis,hansclaas57@gmail.com,http://www.uwkokaanhuis.nl/,https://www.google.com/maps/place/%27%27Hans+Kookt%27+uw+kok+aan+huis%27/data=!4m7!3m6!1s0x47c7204c48b8462b:0x7f792e577bc3747d!8m2!3d51.5215797!4d5.6002162!16s%2Fg%2F11cn3v9cbv!19sChIJK0a4SEwgx0cRfXTDe1cueX8?authuser=0&hl=nl&rclk=1,Telefoon: 06 20963402,Amsterdam
Aimée Experience,info@aimee-experience.nl,https://aimee-experience.nl/diner/,https://www.google.com/maps/place/Aim%C3%A9e+Experience/data=!4m7!3m6!1s0xa00b40c07519ba7d:0xeab229a8d431df36!8m2!3d52.2321828!4d4.6169512!16s%2Fg%2F11pz7ytk3h!19sChIJfboZdcBAC6ARNt8x1Kgpsuo?authuser=0&hl=nl&rclk=1,Telefoon: 06 21488630,Amsterdam
Bio Lou - kookstudio,milou@biolou.nl,https://www.biolou.nl/,https://www.google.com/maps/place/Bio+Lou+-+kookstudio/data=!4m7!3m6!1s0x47c5e21cfd6ab683:0x143ac59093b32630!8m2!3d52.3499097!4d4.8491069!16s%2Fg%2F11dfq2q8_9!19sChIJg7Zq_RzixUcRMCazk5DFOhQ?authuser=0&hl=nl&rclk=1,Telefoon: 020 792 0592,Amsterdam
Robert Kookt in Amsterdam-West!,info@thuisgekookt.nl,http://www.thuisafgehaald.nl/koks/robert-kookt-in-amsterdam-west/kok-206587,https://www.google.com/maps/place/Robert+Kookt+in+Amsterdam-West!/data=!4m7!3m6!1s0x47c5e14668f37c23:0xd0251600539020f9!8m2!3d52.1909763!4d5.2795551!16s%2Fg%2F1wcxc8f6!19sChIJI3zzaEbhxUcR-SCQUwAWJdA?authuser=0&hl=nl&rclk=1,Telefoon: 020 612 0798,Amsterdam
Eetwijn,martijn@eetwijn.com,http://www.eetwijn.com/,https://www.google.com/maps/place/Eetwijn/data=!4m7!3m6!1s0x47c5e20d4638ac75:0xd680c2db8edc286b!8m2!3d52.3848173!4d4.8723597!16s%2Fg%2F1vrq8v6h!19sChIJdaw4Rg3ixUcRayjcjtvCgNY?authuser=0&hl=nl&rclk=1,Telefoon: 06 44662520,Amsterdam
BAQ-fiets BBQ-cateraar | Culinaire BBQ-catering op locatie,info@baq-fiets.nl,https://baq-fiets.nl/,https://www.google.com/maps/place/BAQ-fiets+BBQ-cateraar+%7C+Culinaire+BBQ-catering+op+locatie/data=!4m7!3m6!1s0x47c609d5d9586411:0xd7bccc9c8bc23c81!8m2!3d52.3849974!4d4.873039!16s%2Fg%2F11c6r1t3yb!19sChIJEWRY2dUJxkcRgTzCi5zMvNc?authuser=0&hl=nl&rclk=1,,Amsterdam
Brood met Spelen,info@broodmetspelen.nl,http://www.broodmetspelen.nl/,https://www.google.com/maps/place/Brood+met+Spelen/data=!4m7!3m6!1s0x47b8064eb03aaef5:0x9470dbb095e23f7b!8m2!3d52.3741239!4d6.6407121!16s%2Fg%2F1yg4dh_5_!19sChIJ9a46sE4GuEcRez_ilbDbcJQ?authuser=0&hl=nl&rclk=1,Telefoon: 0546 232 053,Amsterdam
Home Dining BV,info@home-dining.nl,http://www.home-dining.nl/,https://www.google.com/maps/place/Home+Dining+BV/data=!4m7!3m6!1s0x47c6793546c7ac6b:0xdc7c23403f8bde80!8m2!3d52.0848398!4d4.8845878!16s%2Fg%2F11jfjmxss_!19sChIJa6zHRjV5xkcRgN6LP0AjfNw?authuser=0&hl=nl&rclk=1,Telefoon: 0348 745 825,Amsterdam
"Bahya.nl, de magische Marokkaanse catering",food@bahya.nl,http://www.bahya.nl/,"https://www.google.com/maps/place/Bahya.nl,+de+magische+Marokkaanse+catering/data=!4m7!3m6!1s0x47c609f15f756afb:0xfb19a3226bce0b04!8m2!3d52.1909763!4d5.2795551!16s%2Fg%2F11bzyx10m_!19sChIJ-2p1X_EJxkcRBAvOayKjGfs?authuser=0&hl=nl&rclk=1",Telefoon: 020 354 7757,Amsterdam
Le Sud Vegetarisch,info@lesud.nl,http://www.lesud.nl/,https://www.google.com/maps/place/Le+Sud+Vegetarisch/data=!4m7!3m6!1s0x47c609cddec68a5d:0x4a62fe3441793a59!8m2!3d52.3832835!4d4.8862408!16s%2Fg%2F1tdn38zp!19sChIJXYrG3s0JxkcRWTp5QTT-Yko?authuser=0&hl=nl&rclk=1,Telefoon: 020 622 5888,Amsterdam
Oranje Vos Catering & Kookworkshops voor jong & oud!,miranda@kookhandel.nl,http://www.kookhandel.nl/,https://www.google.com/maps/place/Oranje+Vos+Catering+%26+Kookworkshops+voor+jong+%26+oud!/data=!4m7!3m6!1s0x47c608b8113acc51:0xb8fbc31407e1328b!8m2!3d52.4073483!4d4.9672217!16s%2Fg%2F1tfdcnkk!19sChIJUcw6EbgIxkcRizLhBxTD-7g?authuser=0&hl=nl&rclk=1,Telefoon: 020 494 1306,Amsterdam
Small World Catering,info@smallworldcatering.nl,http://www.smallworldcatering.nl/,https://www.google.com/maps/place/Small+World+Catering/data=!4m7!3m6!1s0x47c609ce6316f0bf:0x7fd49a46878c7829!8m2!3d52.382265!4d4.8870355!16s%2Fg%2F1td3f6qs!19sChIJv_AWY84JxkcRKXiMh0aa1H8?authuser=0&hl=nl&rclk=1,Telefoon: 020 420 2774,Amsterdam
Boergeert,,http://www.boergeert.nl/,https://www.google.com/maps/place/Boergeert/data=!4m7!3m6!1s0x47c5e20a95e8b509:0xebfc5d43257e6aaf!8m2!3d52.3663283!4d4.8673556!16s%2Fg%2F1td0xnph!19sChIJCbXolQrixUcRr2p-JUNd_Os?authuser=0&hl=nl&rclk=1,Telefoon: 06 28561546,Amsterdam
Catering Company Amsterdam - Rond het Fornuis B.V.,,https://rondhetfornuis.nl/,https://www.google.com/maps/place/Catering+Company+Amsterdam+-+Rond+het+Fornuis+B.V./data=!4m7!3m6!1s0x47c6084c3b1706f7:0x42bf16cb3d3fad80!8m2!3d52.3854469!4d4.922894!16s%2Fg%2F1ptvv1bpl!19sChIJ9wYXO0wIxkcRgK0_PcsWv0I?authuser=0&hl=nl&rclk=1,Telefoon: 06 48771273,Amsterdam
"Kookstudio Smaak, kookworkshops, Cooking Workshop en catering Amsterdam",info@smaaknederland.nl,http://www.smaaknederland.nl/,"https://www.google.com/maps/place/Kookstudio+Smaak,+kookworkshops,+Cooking+Workshop+en+catering+Amsterdam/data=!4m7!3m6!1s0x47c6097c8bb4eb8d:0x4d56dd64c3a5f558!8m2!3d52.3659399!4d4.9340138!16s%2Fg%2F11hy_z8rq3!19sChIJjeu0i3wJxkcRWPWlw2TdVk0?authuser=0&hl=nl&rclk=1",Telefoon: 020 491 0195,Amsterdam
Floor's Surinaamse Catering,info@floorscatering.nl,http://www.floorscatering.nl/,https://www.google.com/maps/place/Floor%27s+Surinaamse+Catering/data=!4m7!3m6!1s0x47c5e20edaa5a8d9:0xb0cc9fc974fc45f0!8m2!3d52.3607545!4d4.8594543!16s%2Fg%2F1w664llb!19sChIJ2ail2g7ixUcR8EX8dMmfzLA?authuser=0&hl=nl&rclk=1,Telefoon: 020 489 4488,Amsterdam
Mama's Koelkast,info@mamaskoelkast.nl,http://www.mamaskoelkast.nl/,https://www.google.com/maps/place/Mama%27s+Koelkast/data=!4m7!3m6!1s0x47c5e283b170a3d9:0x79a6b9937b860454!8m2!3d52.3809156!4d4.8837735!16s%2Fg%2F11fylkjqrv!19sChIJ2aNwsYPixUcRVASGe5O5pnk?authuser=0&hl=nl&rclk=1,Telefoon: 06 81907897,Amsterdam
Feedr,support.uk@feedr.co,https://feedr.co/en-nl,https://www.google.com/maps/place/Feedr/data=!4m7!3m6!1s0x4691684d67ad98e3:0x3362c0344d9fa7b4!8m2!3d52.367905!4d4.8850199!16s%2Fg%2F11rrprcykq!19sChIJ45itZ01okUYRtKefTTTAYjM?authuser=0&hl=nl&rclk=1,Telefoon: 085 200 6166,Amsterdam
Toko Bersama,info@tokobersama.nl,https://tokobersama.nl/,https://www.google.com/maps/place/Toko+Bersama/data=!4m7!3m6!1s0x47c609dfd22d0b01:0x7ffd4688b422874!8m2!3d52.368465!4d4.8710075!16s%2Fg%2F11clr8rhs6!19sChIJAQst0t8JxkcRdChCi2jU_wc?authuser=0&hl=nl&rclk=1,Telefoon: 020 233 2381,Amsterdam
Boelicious Catering & Events,info@boelicious.nl,http://www.boelicious.com/,https://www.google.com/maps/place/Boelicious+Catering+%26+Events/data=!4m7!3m6!1s0x47c5e26f80829bfb:0x39b6a275a1847756!8m2!3d52.4018425!4d4.8416028!16s%2Fg%2F11hcj48kpz!19sChIJ-5uCgG_ixUcRVneEoXWitjk?authuser=0&hl=nl&rclk=1,Telefoon: 06 21235082,Amsterdam
Sinar Mas Indonesische Catering BV,info@sinarmas.nl,http://www.sinarmas.nl/,https://www.google.com/maps/place/Sinar+Mas+Indonesische+Catering+BV/data=!4m7!3m6!1s0x47c5e21cea2bece3:0x825a424aeaccf96c!8m2!3d52.3508931!4d4.8501313!16s%2Fg%2F1vqmhkbs!19sChIJ4-wr6hzixUcRbPnM6kpCWoI?authuser=0&hl=nl&rclk=1,Telefoon: 020 669 1857,Amsterdam
Josselins Catering Service,info@josselinscatering.nl,http://www.josselinscatering.nl/,https://www.google.com/maps/place/Josselins+Catering+Service/data=!4m7!3m6!1s0x47c5c5d17c09dc3d:0x85eb2b8fe543658f!8m2!3d52.1415792!4d4.5226325!16s%2Fg%2F1wl4psq9!19sChIJPdwJfNHFxUcRj2VD5Y8r64U?authuser=0&hl=nl&rclk=1,Telefoon: 071 582 0374,Amsterdam
Clubhouse West | Lunch - Diner - Catering,info@clubhouse-west.nl,https://www.clubhouse-west.nl/,https://www.google.com/maps/place/Clubhouse+West+%7C+Lunch+-+Diner+-+Catering/data=!4m7!3m6!1s0x47c5e30c09899759:0xdd84f353f969ca3f!8m2!3d52.3960325!4d4.8537701!16s%2Fg%2F11v0gzcgh4!19sChIJWZeJCQzjxUcRP8pp-VPzhN0?authuser=0&hl=nl&rclk=1,Telefoon: 020 224 6272,Amsterdam
Peperwortel,elianne@peperwortel.nl,http://www.peperwortel.nl/,https://www.google.com/maps/place/Peperwortel/data=!4m7!3m6!1s0x47c609e154a88f91:0xe4e64e6477a0294b!8m2!3d52.3625578!4d4.8737439!16s%2Fg%2F1tcxtfp1!19sChIJkY-oVOEJxkcRSymgd2RO5uQ?authuser=0&hl=nl&rclk=1,,Amsterdam
Boston Catering,,,https://www.google.com/maps/place/Boston+Catering/data=!4m7!3m6!1s0x47c60b952b02a20d:0x5aa4a23e9ba1076a!8m2!3d52.321909!4d4.9428936!16s%2Fg%2F11c749qlgy!19sChIJDaICK5ULxkcRagehmz6ipFo?authuser=0&hl=nl&rclk=1,Telefoon: 020 600 3372,Amsterdam
Hannah's,,https://hannahs.nl/,https://www.google.com/maps/place/Hannah%27s/data=!4m7!3m6!1s0x47c5e37bf9d390ab:0x7737a1b635877694!8m2!3d52.3724399!4d4.8590253!16s%2Fg%2F11j4xtpb7r!19sChIJq5DT-XvjxUcRlHaHNbahN3c?authuser=0&hl=nl&rclk=1,Telefoon: 020 779 6616,Amsterdam
MOKUMS HIGH TEA,info@mokumshightea.nl,http://www.mokumshightea.nl/,https://www.google.com/maps/place/MOKUMS+HIGH+TEA/data=!4m7!3m6!1s0x47c60bd7ed7643f5:0xd0228e4e269bc4e4!8m2!3d52.3546656!4d4.9039604!16s%2Fg%2F11qphth03_!19sChIJ9UN27dcLxkcR5MSbJk6OItA?authuser=0&hl=nl&rclk=1,Telefoon: 06 22417434,Amsterdam
Feduzzi,,http://www.feduzzi.nl/,https://www.google.com/maps/place/Feduzzi/data=!4m7!3m6!1s0x47c6098aaa8a7e53:0x7d1be25d37b408e1!8m2!3d52.345662!4d4.89119!16s%2Fg%2F1tj49p3w!19sChIJU36KqooJxkcR4Qi0N13iG30?authuser=0&hl=nl&rclk=1,Telefoon: 020 664 6365,Amsterdam
Mitsos Traiterie,info@mitsos.nl,https://www.mitsos.nl/,https://www.google.com/maps/place/Mitsos+Traiterie/data=!4m7!3m6!1s0x47c609d917a00111:0xc0730cd82169bdf6!8m2!3d52.3743593!4d4.8735391!16s%2Fg%2F1tjjnkth!19sChIJEQGgF9kJxkcR9r1pIdgMc8A?authuser=0&hl=nl&rclk=1,Telefoon: 020 684 2344,Amsterdam
Hummus & Habibis Restaurant and Catering,,http://hummusandhabibis.restaurant/,https://www.google.com/maps/place/Hummus+%26+Habibis+Restaurant+and+Catering/data=!4m7!3m6!1s0x47c609eccc440c01:0xb58c3504e48e6e56!8m2!3d52.388918!4d4.879626!16s%2Fg%2F11rfb17y3f!19sChIJAQxEzOwJxkcRVm6O5AQ1jLU?authuser=0&hl=nl&rclk=1,Telefoon: 06 19137070,Amsterdam
Alma Catering Amsterdam,info@almacateringamsterdam.com,https://www.almacateringamsterdam.com/,https://www.google.com/maps/place/Alma+Catering+Amsterdam/data=!4m7!3m6!1s0x47c5e2035e63f5a3:0x76621bb158baea7a!8m2!3d52.3406959!4d4.8423456!16s%2Fg%2F11g0208pm6!19sChIJo_VjXgPixUcReuq6WLEbYnY?authuser=0&hl=nl&rclk=1,Telefoon: 06 17377575,Amsterdam
Cork & Compass,,https://corkcompass.com/,https://www.google.com/maps/place/Cork+%26+Compass/data=!4m7!3m6!1s0x44016e02aa1ae5c3:0x5fd69e924684d364!8m2!3d52.6901019!4d4.9274547!16s%2Fg%2F11vqhq7tjh!19sChIJw-UaqgJuAUQRZNOERpKe1l8?authuser=0&hl=nl&rclk=1,Telefoon: 06 39773556,Amsterdam
Ana's Mexican Roots,ana@anasmexicanroots.nl,http://www.anasmexicanroots.nl/,https://www.google.com/maps/place/Ana%27s+Mexican+Roots/data=!4m7!3m6!1s0x47c6091d9433d81d:0xc00bdbd241c70796!8m2!3d52.3560498!4d4.9388864!16s%2Fg%2F11lltjrmfw!19sChIJHdgzlB0JxkcRlgfHQdLbC8A?authuser=0&hl=nl&rclk=1,Telefoon: 06 15481041,Amsterdam
Hapjesschaal,info@hapjesschaal.nl,https://hapjesschaal.nl/,https://www.google.com/maps/place/Hapjesschaal/data=!4m7!3m6!1s0x47c693d0a559ab13:0x2e852d9924cc0b88!8m2!3d52.1909763!4d5.2795551!16s%2Fg%2F11ckvm7bff!19sChIJE6tZpdCTxkcRiAvMJJkthS4?authuser=0&hl=nl&rclk=1,Telefoon: 06 23227983,Amsterdam
Ed`s Catering,info@edscatering.nl,http://www.edscatering.nl/,https://www.google.com/maps/place/Ed%60s+Catering/data=!4m7!3m6!1s0x47c6099c741511db:0x6cae37bf8b82d4fa!8m2!3d52.3590128!4d4.9134171!16s%2Fg%2F1tvryy0p!19sChIJ2xEVdJwJxkcR-tSCi783rmw?authuser=0&hl=nl&rclk=1,Telefoon: 06 25550633,Amsterdam
Italiaanse cateraar - Eatalia Gastronomia,mail@eataliagastronomia.nl,http://www.eataliagastronomia.nl/,https://www.google.com/maps/place/Italiaanse+cateraar+-+Eatalia+Gastronomia/data=!4m7!3m6!1s0x47c60a284d2752ff:0x965d995c40a518c6!8m2!3d52.343012!4d4.906863!16s%2Fg%2F11b6drh9jm!19sChIJ_1InTSgKxkcRxhilQFyZXZY?authuser=0&hl=nl&rclk=1,Telefoon: 020 644 5308,Amsterdam
Sterk Staaltje,food@sterkstaaltje.com.,http://www.sterkstaaltje.com/,https://www.google.com/maps/place/Sterk+Staaltje/data=!4m7!3m6!1s0x47c609bfb986856b:0xe8b42017463165c2!8m2!3d52.3682492!4d4.8970578!16s%2Fg%2F1w2yynj_!19sChIJa4WGub8JxkcRwmUxRhcgtOg?authuser=0&hl=nl&rclk=1,Telefoon: 020 624 9065,Amsterdam
FRATELLINI Amsterdam,info@fratelliniamsterdam.com,https://www.fratelliniamsterdam.com/,https://www.google.com/maps/place/FRATELLINI+Amsterdam/data=!4m7!3m6!1s0x47c609142ada9bd9:0x8ac53f0b90046c54!8m2!3d52.3802754!4d4.8922992!16s%2Fg%2F11qh7nscw2!19sChIJ2ZvaKhQJxkcRVGwEkAs_xYo?authuser=0&hl=nl&rclk=1,Telefoon: 020 820 3765,Amsterdam
Gioia Catering,,https://www.instagram.com/gioiacatering.nl/,https://www.google.com/maps/place/Gioia+Catering/data=!4m7!3m6!1s0x47c5e3604ecbe659:0x6366c8232eb2cd41!8m2!3d52.3955883!4d4.8622226!16s%2Fg%2F11n3y_h55n!19sChIJWebLTmDjxUcRQc2yLiPIZmM?authuser=0&hl=nl&rclk=1,Telefoon: 06 41390969,Amsterdam
Marloe Catering,,http://marloecatering.nl/,https://www.google.com/maps/place/Marloe+Catering/data=!4m7!3m6!1s0x47c5e1430b473015:0xb0073298be5eca61!8m2!3d52.3864686!4d4.8406781!16s%2Fg%2F11b6d025jr!19sChIJFTBHC0PhxUcRYcpevpgyB7A?authuser=0&hl=nl&rclk=1,Telefoon: 06 16769904,Amsterdam
Catering Houtop B.V.,info@houtop.nl,https://www.houtop.nl/,https://www.google.com/maps/place/Catering+Houtop+B.V./data=!4m7!3m6!1s0x47c5e39fa294e31f:0x4a66cec5bdeaa801!8m2!3d52.3901573!4d4.7909506!16s%2Fg%2F1tdn38r1!19sChIJH-OUop_jxUcRAajqvcXOZko?authuser=0&hl=nl&rclk=1,Telefoon: 020 447 0909,Amsterdam
Vicino - Italiaanse Delicatessen,info@vicino-amsterdam.nl,https://www.vicino-amsterdam.nl/,https://www.google.com/maps/place/Vicino+-+Italiaanse+Delicatessen/data=!4m7!3m6!1s0x47c609bfc2e283c9:0x7ae0d1d46fb03da4!8m2!3d52.3635341!4d4.8985583!16s%2Fg%2F11wtlvfd84!19sChIJyYPiwr8JxkcRpD2wb9TR4Ho?authuser=0&hl=nl&rclk=1,Telefoon: 020 235 1109,Amsterdam
D’CATERS,hello@dcaters.com,http://dcaters.com/,https://www.google.com/maps/place/D%E2%80%99CATERS/data=!4m7!3m6!1s0x47c609f2d8b82651:0xf9a0bc7dcaf8d122!8m2!3d52.393685!4d4.877432!16s%2Fg%2F11y7gpmrhp!19sChIJUSa42PIJxkcRItH4yn28oPk?authuser=0&hl=nl&rclk=1,,Amsterdam
Eat Your Heart Out,info@eatyourheartout.nl,https://www.eatyourheartout.nl/,https://www.google.com/maps/place/Eat+Your+Heart+Out/data=!4m7!3m6!1s0x416539a334ff3f8b:0xb0baada8f1f5a9d!8m2!3d52.3892119!4d4.8793352!16s%2Fg%2F11b6swrkz6!19sChIJiz__NKM5ZUERnVofj9qqCws?authuser=0&hl=nl&rclk=1,Telefoon: 06 48377350,Amsterdam
Cocktail Catering Amsterdam | Cocktail Workshop | Event Planning | The Cocktail Agency,welcome@thecocktailagency.nl,https://www.thecocktailagency.nl/,https://www.google.com/maps/place/Cocktail+Catering+Amsterdam+%7C+Cocktail+Workshop+%7C+Event+Planning+%7C+The+Cocktail+Agency/data=!4m7!3m6!1s0x47c6095d2c36d82b:0xdd64c4e169a57e14!8m2!3d52.372057!4d4.885396!16s%2Fg%2F11gzr9wzsq!19sChIJK9g2LF0JxkcRFH6laeHEZN0?authuser=0&hl=nl&rclk=1,Telefoon: 020 218 4676,Amsterdam
Arabia Catering,,https://arabiacatering.nl/,https://www.google.com/maps/place/Arabia+Catering/data=!4m7!3m6!1s0x47c5e26424168e49:0x1d83de2d4e48fac3!8m2!3d52.3899765!4d4.7871232!16s%2Fg%2F1tksmk65!19sChIJSY4WJGTixUcRw_pITi3egx0?authuser=0&hl=nl&rclk=1,Telefoon: 020 262 0493,Amsterdam
De Deli - Event & Bedrijfscatering Amsterdam,,http://www.de-deli.catering/,https://www.google.com/maps/place/De+Deli+-+Event+%26+Bedrijfscatering+Amsterdam/data=!4m7!3m6!1s0x47c609c617e01c7f:0xa07af88c155784ba!8m2!3d52.3669772!4d4.9120382!16s%2Fg%2F11bz00_rdn!19sChIJfxzgF8YJxkcRuoRXFYz4eqA?authuser=0&hl=nl&rclk=1,Telefoon: 020 354 2669,Amsterdam
NINOUR,hello@ninour.nl,http://www.ninour.nl/,https://www.google.com/maps/place/NINOUR/data=!4m7!3m6!1s0x47c609f2cee489b3:0xe2b85c0f81e35c6a!8m2!3d52.3831707!4d4.860558!16s%2Fg%2F11bw4tlgyp!19sChIJs4nkzvIJxkcRalzjgQ9cuOI?authuser=0&hl=nl&rclk=1,Telefoon: 06 14595417,Amsterdam
KamerKook kookworkshop & culinaire catering Amsterdam,info@kamerkook.nl,https://www.kamerkook.nl/,https://www.google.com/maps/place/KamerKook+kookworkshop+%26+culinaire+catering+Amsterdam/data=!4m7!3m6!1s0x47c60a20e6405f4b:0x5c74d52a5e991f38!8m2!3d52.3868912!4d4.9028085!16s%2Fg%2F1tdbk5j_!19sChIJS19A5iAKxkcROB-ZXirVdFw?authuser=0&hl=nl&rclk=1,Telefoon: 06 28419410,Amsterdam
The Food Line-up,info@thefoodlineup.nl,http://www.thefoodlineup.nl/,https://www.google.com/maps/place/The+Food+Line-up/data=!4m7!3m6!1s0x47c5e2815d4a8761:0x715787dfb749fa4!8m2!3d52.400563!4d4.8753299!16s%2Fg%2F11c57nr9l2!19sChIJYYdKXYHixUcRpJ90-314FQc?authuser=0&hl=nl&rclk=1,Telefoon: 020 261 5235,Amsterdam
tHuis aan de Amstel,reserveren@thuisaandeamstel.nl,http://thuisaandeamstel.nl/,https://www.google.com/maps/place/tHuis+aan+de+Amstel/data=!4m7!3m6!1s0x47c60a2b5c218791:0x34bddc864ef9bdb6!8m2!3d52.3395222!4d4.9148999!16s%2Fg%2F1q69vf7fb!19sChIJkYchXCsKxkcRtr35TobcvTQ?authuser=0&hl=nl&rclk=1,Telefoon: 020 354 7520,Amsterdam
Slagerij De Leeuw traiteur & delicatessen,info@slagerijdeleeuw.nl,http://www.slagerijdeleeuw.nl/,https://www.google.com/maps/place/Slagerij+De+Leeuw+traiteur+%26+delicatessen/data=!4m7!3m6!1s0x47c60994401dcbd1:0xeccecac293d09a6e!8m2!3d52.3624894!4d4.8986451!16s%2Fg%2F1tsbl9yz!19sChIJ0csdQJQJxkcRbprQk8LKzuw?authuser=0&hl=nl&rclk=1,Telefoon: 020 623 0235,Amsterdam
"Traiteur Beet | sandwiches, maaltijden en catering",info@traiteurbeet.nl,http://www.traiteurbeet.nl/,"https://www.google.com/maps/place/Traiteur+Beet+%7C+sandwiches,+maaltijden+en+catering/data=!4m7!3m6!1s0x47c5e3b9c6004d9b:0xe3c3e9c251d9a6ec!8m2!3d52.3493893!4d4.8492779!16s%2Fg%2F11fpgxdg1r!19sChIJm00AxrnjxUcR7KbZUcLpw-M?authuser=0&hl=nl&rclk=1",Telefoon: 020 774 7670,Amsterdam
A Culinary Affair,info@aculinaryaffair.nl,http://www.aculinaryaffair.nl/,https://www.google.com/maps/place/A+Culinary+Affair/data=!4m7!3m6!1s0x47c609ed505c3d53:0x7c717687af0cd9ac!8m2!3d52.3509073!4d4.850808!16s%2Fg%2F1hc49d2kp!19sChIJUz1cUO0JxkcRrNkMr4d2cXw?authuser=0&hl=nl&rclk=1,Telefoon: 06 81654323,Amsterdam
Kok op Stelten | Catering | Amsterdam,info@kokopstelten.nl,http://www.kokopstelten.nl/,https://www.google.com/maps/place/Kok+op+Stelten+%7C+Catering+%7C+Amsterdam/data=!4m7!3m6!1s0x47c6098f14592ed7:0x303f6e74d1c95728!8m2!3d52.3518813!4d4.903405!16s%2Fg%2F1tz7553q!19sChIJ1y5ZFI8JxkcRKFfJ0XRuPzA?authuser=0&hl=nl&rclk=1,Telefoon: 020 679 7151,Amsterdam
Matter of Taste,info@taste.nl,http://www.taste.nl/,https://www.google.com/maps/place/Matter+of+Taste/data=!4m7!3m6!1s0x47c609c8e04d34a3:0x49abca3b77ca3dfc!8m2!3d52.3799322!4d4.8919879!16s%2Fg%2F11r8txb7f!19sChIJozRN4MgJxkcR_D3KdzvKq0k?authuser=0&hl=nl&rclk=1,Telefoon: 020 625 7528,Amsterdam
Catering aan Huis,,,https://www.google.com/maps/place/Catering+aan+Huis/data=!4m7!3m6!1s0x47c609ded007cafb:0x46a4db8b431aeae!8m2!3d52.372225!4d4.8732335!16s%2Fg%2F1tk8b9r4!19sChIJ-8oH0N4JxkcRrq4xtLhNagQ?authuser=0&hl=nl&rclk=1,Telefoon: 020 662 8848,Amsterdam
IdeaalCatering B.V.,info@ideaalcatering.nl,https://ideaalcatering.nl/?utm_source=google%20my%20business&utm_medium=organic,https://www.google.com/maps/place/IdeaalCatering+B.V./data=!4m7!3m6!1s0x47c67c5be90862eb:0x43ac006c04ce3123!8m2!3d51.974545!4d4.949257!16s%2Fg%2F1pp2vflt5!19sChIJ62II6Vt8xkcRIzHOBGwArEM?authuser=0&hl=nl&rclk=1,Telefoon: 0348 553 222,Amsterdam
De Cateringfabriek - catering aan huis of werk,info@cateringfabriek.nl,http://www.cateringfabriek.nl/,https://www.google.com/maps/place/De+Cateringfabriek+-+catering+aan+huis+of+werk/data=!4m7!3m6!1s0x47c61364265131cf:0xf1bd164a49a8d8fa!8m2!3d52.3021965!4d5.152252!16s%2Fg%2F1tjf9gjf!19sChIJzzFRJmQTxkcR-tioSUoWvfE?authuser=0&hl=nl&rclk=1,Telefoon: 085 109 1077,Amsterdam
Surinaams Buffet Catering,info@surinaamsbuffet.nl,http://www.surinaamsbuffet.nl/,https://www.google.com/maps/place/Surinaams+Buffet+Catering/data=!4m7!3m6!1s0x47c60b843eb291e7:0x75f0c0d6b36281ac!8m2!3d52.3071456!4d4.9556638!16s%2Fg%2F1td5qgl1!19sChIJ55GyPoQLxkcRrIFis9bA8HU?authuser=0&hl=nl&rclk=1,Telefoon: 020 609 0966,Amsterdam
Happie Catering,sales@happiedelivery.nl,https://www.happiedelivery.nl/,https://www.google.com/maps/place/Happie+Catering/data=!4m7!3m6!1s0x47c5e3362aa82cc3:0x6c499408a202f1cc!8m2!3d52.1909763!4d5.2795551!16s%2Fg%2F11fkds_kgd!19sChIJwyyoKjbjxUcRzPECogiUSWw?authuser=0&hl=nl&rclk=1,Telefoon: 085 080 5858,Amsterdam
Nassen Amsterdam,info@nassenamsterdam.nl,http://www.nassenamsterdam.nl/,https://www.google.com/maps/place/Nassen+Amsterdam/data=!4m7!3m6!1s0x47c609efa71fca79:0x2512e1a13425da1!8m2!3d52.3687867!4d4.8853502!16s%2Fg%2F11rmtfpwmm!19sChIJecofp-8JxkcRoV1CExouUQI?authuser=0&hl=nl&rclk=1,Telefoon: 020 771 0807,Amsterdam
Zing Good Food Catering in Amsterdam,job@zingfood.nl,https://www.zingfood.nl/catering-amsterdam/,https://www.google.com/maps/place/Zing+Good+Food+Catering+in+Amsterdam/data=!4m7!3m6!1s0x47c5e21b7c261a19:0xa9a5c87a3486d83b!8m2!3d52.3527748!4d4.8492914!16s%2Fg%2F1tk8mssm!19sChIJGRomfBvixUcRO9iGNHrIpak?authuser=0&hl=nl&rclk=1,Telefoon: 06 24593128,Amsterdam
Lunch Idee,lunchidee@gmail.com,http://www.lunchidee.com/,https://www.google.com/maps/place/Lunch+Idee/data=!4m7!3m6!1s0x47c609aade88be69:0x91ec833c4a510a47!8m2!3d52.3711404!4d4.9315321!16s%2Fg%2F1tdy87yw!19sChIJab6I3qoJxkcRRwpRSjyD7JE?authuser=0&hl=nl&rclk=1,Telefoon: 06 14186655,Amsterdam
Broodje Popov,info@broodjepopov.nl,http://broodjepopov.nl/,https://www.google.com/maps/place/Broodje+Popov/data=!4m7!3m6!1s0x47c60991f67ba8ff:0xdc86fe8546605fc3!8m2!3d52.3567883!4d4.8995525!16s%2Fg%2F1tl8jxmc!19sChIJ_6h79pEJxkcRw19gRoX-htw?authuser=0&hl=nl&rclk=1,,Amsterdam
Korean Kitchen | Kookworkshop | Catering Amsterdam,info@koreankitchen.nl,http://www.koreankitchen.nl/,https://www.google.com/maps/place/Korean+Kitchen+%7C+Kookworkshop+%7C+Catering+Amsterdam/data=!4m7!3m6!1s0x47c609b97d7d286d:0x96fb4291763f08e!8m2!3d52.395786!4d4.8675521!16s%2Fg%2F11dxd06jm1!19sChIJbSh9fbkJxkcRjvBjFym0bwk?authuser=0&hl=nl&rclk=1,Telefoon: 06 30709665,Amsterdam
Mama's Ravioli & Italianchef.nl,,https://italianchef.nl/,https://www.google.com/maps/place/Mama%27s+Ravioli+%26+Italianchef.nl/data=!4m7!3m6!1s0x47c5e7293ceddde1:0x87e64df90ddeacfb!8m2!3d52.3498847!4d4.8325397!16s%2Fg%2F11k7l2yjch!19sChIJ4d3tPCnnxUcR-6zeDflN5oc?authuser=0&hl=nl&rclk=1,Telefoon: 06 19872731,Amsterdam
Food by Michel,foodbymichel@yahoo.com,http://www.foodbymichel.com/,https://www.google.com/maps/place/Food+by+Michel/data=!4m7!3m6!1s0x6b90a84f2e0989f:0x3265eac1dcc5f7b6!8m2!3d52.3546656!4d4.9039604!16s%2Fg%2F11rcs5g6p3!19sChIJn5jg8oQKuQYRtvfF3MHqZTI?authuser=0&hl=nl&rclk=1,Telefoon: 06 14459943,Amsterdam
Envy private dining met kok aan huis,info@envy.nl,https://envy.nl/,https://www.google.com/maps/place/Envy+private+dining+met+kok+aan+huis/data=!4m7!3m6!1s0x485a1e61049bb8f1:0xa1e47e6dd1150e8b!8m2!3d52.3715935!4d4.8832927!16s%2Fg%2F11yllhnqk2!19sChIJ8bibBGEeWkgRiw4V0W1-5KE?authuser=0&hl=nl&rclk=1,Telefoon: 06 23074792,Amsterdam
Amsterdam Grapes,info@amsterdamgrapes.nl,https://amsterdamgrapes.nl/,https://www.google.com/maps/place/Amsterdam+Grapes/data=!4m7!3m6!1s0x47c609a6654d4791:0xf5313f7362724aad!8m2!3d52.3838946!4d4.8644457!16s%2Fg%2F11sww_34cg!19sChIJkUdNZaYJxkcRrUpyYnM_MfU?authuser=0&hl=nl&rclk=1,Telefoon: 06 57889702,Amsterdam
Foodware,INFO@FOODWARE.NL,http://www.foodware.nl/,https://www.google.com/maps/place/Foodware/data=!4m7!3m6!1s0x47c609c2cbf74ad5:0xce5caf4c753dee64!8m2!3d52.3688496!4d4.8819963!16s%2Fg%2F1tcxcd9t!19sChIJ1Ur3y8IJxkcRZO49dUyvXM4?authuser=0&hl=nl&rclk=1,Telefoon: 020 620 8898,Amsterdam
Frank's Smoke House,info@smokehouse.nl,http://www.smokehouse.nl/,https://www.google.com/maps/place/Frank%27s+Smoke+House/data=!4m7!3m6!1s0x47c609a096dd2dbf:0x153046bd89ad0f6e!8m2!3d52.3693646!4d4.920551!16s%2Fg%2F1tddwzky!19sChIJvy3dlqAJxkcRbg-tib1GMBU?authuser=0&hl=nl&rclk=1,Telefoon: 020 585 7107,Amsterdam
De Vrouw met de Baard,devrouwmetdebaardfood@gmail.com,http://www.devrouwmetdebaard.com/,https://www.google.com/maps/place/De+Vrouw+met+de+Baard/data=!4m7!3m6!1s0x47c609c9250b429f:0x90aeda40b92ffe3a!8m2!3d52.377517!4d4.893076!16s%2Fg%2F11g86yn1t9!19sChIJn0ILJckJxkcROv4vuUDarpA?authuser=0&hl=nl&rclk=1,,Amsterdam
CHIMI Group,info@chimi-group.nl,http://www.chimi-group.nl/,https://www.google.com/maps/place/CHIMI+Group/data=!4m7!3m6!1s0x47c6092e918697cf:0xc7424ee56490814!8m2!3d52.367824!4d4.950377!16s%2Fg%2F11khzns_mb!19sChIJz5eGkS4JxkcRFAhJVu4kdAw?authuser=0&hl=nl&rclk=1,Telefoon: 085 018 8725,Amsterdam
Deli-caat,info@deli-caat,http://www.deli-caat.nl/,https://www.google.com/maps/place/Deli-caat/data=!4m7!3m6!1s0x47c5e2727c7c482b:0x5b39c2b712985419!8m2!3d52.3697238!4d4.8550035!16s%2Fg%2F1pv6z3gjh!19sChIJK0h8fHLixUcRGVSYErfCOVs?authuser=0&hl=nl&rclk=1,Telefoon: 06 24675945,Amsterdam
Cateraar in Amsterdam | De Catering Compagnon,info@decateringcompagnon.nl,https://www.decateringcompagnon.nl/,https://www.google.com/maps/place/Cateraar+in+Amsterdam+%7C+De+Catering+Compagnon/data=!4m7!3m6!1s0x47c60802b1e8a573:0xb67a125a5a28eb4d!8m2!3d52.4207066!4d4.8776952!16s%2Fg%2F1v46zk0t!19sChIJc6XosQIIxkcRTesoWloSerY?authuser=0&hl=nl&rclk=1,Telefoon: 020 482 1994,Amsterdam
Yagmur Events,info@yagmur.nl,http://www.yagmur.nl/,https://www.google.com/maps/place/Yagmur+Events/data=!4m7!3m6!1s0x47c5e3db220836af:0x54dfca1b562bd7b6!8m2!3d52.3955994!4d4.8643789!16s%2Fg%2F11hzrtlfwk!19sChIJrzYIItvjxUcRttcrVhvK31Q?authuser=0&hl=nl&rclk=1,Telefoon: 06 10454120,Amsterdam
Delight Catering,info@delight-catering.nl,https://www.delight-catering.nl/,https://www.google.com/maps/place/Delight+Catering/data=!4m7!3m6!1s0x47c6084b659748c3:0xccd022c9c806639b!8m2!3d52.3895571!4d4.7930879!16s%2Fg%2F1tfzljp_!19sChIJw0iXZUsIxkcRm2MGyMki0Mw?authuser=0&hl=nl&rclk=1,Telefoon: 020 482 5265,Amsterdam
Chef Kok aan Huis J. v. Vree,,,https://www.google.com/maps/place/Chef+Kok+aan+Huis+J.+v.+Vree/data=!4m7!3m6!1s0x47c609dd50b7eec1:0xbbe11bacf47ef7f0!8m2!3d52.3676383!4d4.8807127!16s%2Fg%2F1tfn1y73!19sChIJwe63UN0JxkcR8Pd-9Kwb4bs?authuser=0&hl=nl&rclk=1,Telefoon: 020 421 2921,Amsterdam
Cape Town Social Club,reservation@capetownsocialclub.com,http://capetownsocialclub.com/,https://www.google.com/maps/place/Cape+Town+Social+Club/data=!4m7!3m6!1s0x47c6097e2e38976f:0xcf32acfa1d6ca8af!8m2!3d52.3661206!4d4.881094!16s%2Fg%2F11s789mzsb!19sChIJb5c4Ln4JxkcRr6hsHfqsMs8?authuser=0&hl=nl&rclk=1,Telefoon: 06 44759720,Amsterdam
Lila,,http://lilarestaurant.nl/,https://www.google.com/maps/place/Lila/data=!4m7!3m6!1s0x47c609544a7b2a67:0x1ac0d164c8915193!8m2!3d52.3808246!4d4.8901931!16s%2Fg%2F11t80gzs0y!19sChIJZyp7SlQJxkcRk1GRyGTRwBo?authuser=0&hl=nl&rclk=1,Telefoon: 020 369 1256,Amsterdam
SolKitchen Catering,solkitchenfood@gmail.com,https://www.solkitchen.nl/,https://www.google.com/maps/place/SolKitchen+Catering/data=!4m7!3m6!1s0x817b6f2d41c2abf9:0x3fc83437cbb6c77b!8m2!3d52.1909763!4d5.2795551!16s%2Fg%2F11yctn_gtf!19sChIJ-avCQS1ve4ERe8e2yzc0yD8?authuser=0&hl=nl&rclk=1,Telefoon: 06 14677844,Amsterdam
Motta Private Chef,,,https://www.google.com/maps/place/Motta+Private+Chef/data=!4m7!3m6!1s0x26abaa91db41a1d1:0xd12fc3c4561e558e!8m2!3d55.9634326!4d4.9422437!16s%2Fg%2F11l1r6_ymk!19sChIJ0aFB25GqqyYRjlUeVsTDL9E?authuser=0&hl=nl&rclk=1,Telefoon: 06 13878567,Amsterdam
Vicio Il Mastro Pastaio - Italian Restaurant in Amsterdam,,http://vicioilmastropastaio.com/,https://www.google.com/maps/place/Vicio+Il+Mastro+Pastaio+-+Italian+Restaurant+in+Amsterdam/data=!4m7!3m6!1s0x47c5e3cab357ca0d:0xcca87d8788a9dc80!8m2!3d52.3665417!4d4.8723563!16s%2Fg%2F11fhw5y564!19sChIJDcpXs8rjxUcRgNypiId9qMw?authuser=0&hl=nl&rclk=1,Telefoon: 06 58738871,Amsterdam
Gopi Gopi,info@gopigopi.nl,https://www.gopigopi.nl/,https://www.google.com/maps/place/Gopi+Gopi/data=!4m7!3m6!1s0x47c5e3b8cffa3321:0xf8010c50ba96a70c!8m2!3d52.403437!4d4.917333!16s%2Fg%2F11w_s_3snj!19sChIJITP6z7jjxUcRDKeWulAMAfg?authuser=0&hl=nl&rclk=1,Telefoon: 06 24204362,Amsterdam
Restaurant Laya (Amsterdam RAI),info@restaurantlaya.nl,https://restaurantlaya.nl/,https://www.google.com/maps/place/Restaurant+Laya+%28Amsterdam+RAI%29/data=!4m7!3m6!1s0x47c60b6059ccf735:0xc7f8a772ac84dc93!8m2!3d52.3378509!4d4.894012!16s%2Fg%2F11yjnl4kw6!19sChIJNffMWWALxkcRk9yErHKn-Mc?authuser=0&hl=nl&rclk=1,Telefoon: 020 337 8619,Amsterdam
Vlees & Co Amsterdam,amsterdam@vleesenco.nl,https://www.vleesenco.nl/amsterdam,https://www.google.com/maps/place/Vlees+%26+Co+Amsterdam/data=!4m7!3m6!1s0x47c609cf9e94401f:0x98e37563aa6e3c2a!8m2!3d52.3941972!4d4.898582!16s%2Fg%2F11pq9ryzyc!19sChIJH0CUns8JxkcRKjxuqmN145g?authuser=0&hl=nl&rclk=1,Telefoon: 020 786 8922,Amsterdam
Yin's Asian Bites,yin@yinsasianbites.nl,http://yinsasianbites.nl/,https://www.google.com/maps/place/Yin%27s+Asian+Bites/data=!4m7!3m6!1s0x47c609f68df1736d:0x9fdb1a5ba606488a!8m2!3d52.3830354!4d4.8814187!16s%2Fg%2F11trwp3lsg!19sChIJbXPxjfYJxkcRikgGplsa258?authuser=0&hl=nl&rclk=1,Telefoon: 06 38222361,Amsterdam
Silk Road Dumplings,,https://www.silkroaddumplings.com/,https://www.google.com/maps/place/Silk+Road+Dumplings/data=!4m7!3m6!1s0x47c6091ec86c3483:0x87842d791d75086e!8m2!3d52.3606947!4d4.9256408!16s%2Fg%2F11y059h4mt!19sChIJgzRsyB4JxkcRbgh1HXkthIc?authuser=0&hl=nl&rclk=1,Telefoon: 06 45388762,Amsterdam
House of Catering,hello@houseofcatering.nl,https://www.houseofcatering.nl/,https://www.google.com/maps/place/House+of+Catering/data=!4m7!3m6!1s0x47c609b5fb9c0675:0xb881d47db08567d!8m2!3d52.3843561!4d4.9298503!16s%2Fg%2F11kj425_r5!19sChIJdQac-7UJxkcRfVYI20cdiAs?authuser=0&hl=nl&rclk=1,Telefoon: 06 38568950,Amsterdam
Reggae Rita,info@mysite.com,https://www.reggaerita.nl/,https://www.google.com/maps/place/Reggae+Rita/data=!4m7!3m6!1s0x47c6098c586bb597:0xaf70c4d676ed12ab!8m2!3d52.3636477!4d4.8853753!16s%2Fg%2F11f01t99xb!19sChIJl7VrWIwJxkcRqxLtdtbEcK8?authuser=0&hl=nl&rclk=1,Telefoon: 06 25310391,Amsterdam
Fstk,,https://fstk.nl/,https://www.google.com/maps/place/Fstk/data=!4m7!3m6!1s0x47c5e3966fb0efb5:0x1c23e559d36fc0d5!8m2!3d52.3848925!4d4.8583218!16s%2Fg%2F11v5rn2d1g!19sChIJte-wb5bjxUcR1cBv01nlIxw?authuser=0&hl=nl&rclk=1,Telefoon: 06 15484894,Amsterdam
PIATTINI,hello@menupiattini.nl,http://www.menupiattini.nl/,https://www.google.com/maps/place/PIATTINI/data=!4m7!3m6!1s0x47c5e34838da231b:0x7084adece949b93e!8m2!3d52.3483007!4d4.8607584!16s%2Fg%2F11y9_zff56!19sChIJGyPaOEjjxUcRPrlJ6eythHA?authuser=0&hl=nl&rclk=1,,Amsterdam
Nicole en Janneke,,http://www.nicoleenjanneke.nl/,https://www.google.com/maps/place/Nicole+en+Janneke/data=!4m7!3m6!1s0x6bb0a638444e0227:0x328cff42be467c86!8m2!3d52.18399!4d4.7045495!16s%2Fg%2F11rz2rm6br!19sChIJJwJORDimsGsRhnxGvkL_jDI?authuser=0&hl=nl&rclk=1,Telefoon: 06 55895168,Amsterdam
K&M koken,,,https://www.google.com/maps/place/K%26M+koken/data=!4m7!3m6!1s0x6e04e31b5099d1df:0x62cf5880017ebd70!8m2!3d52.1909763!4d5.2795551!16s%2Fg%2F11ms2dxkw3!19sChIJ39GZUBvjBG4RcL1-AYBYz2I?authuser=0&hl=nl&rclk=1,Telefoon: 06 42506330,Amsterdam
De Deli - Plantagebuurt,Info@de-deli.amsterdam,http://www.de-deli.amsterdam/,https://www.google.com/maps/place/De+Deli+-+Plantagebuurt/data=!4m7!3m6!1s0x47c609a268aae0df:0x793ac882f5d5e148!8m2!3d52.3669772!4d4.9120382!16s%2Fg%2F11csc8dbfj!19sChIJ3-CqaKIJxkcRSOHV9YLIOnk?authuser=0&hl=nl&rclk=1,Telefoon: 020 354 2669,Amsterdam
Cuisine of India | Authentic Indian Restaurant in Amsterdam 🇮🇳,info@cuisineofindia.nl,https://cuisineofindia.nl/,https://www.google.com/maps/place/Cuisine+of+India+%7C+Authentic+Indian+Restaurant+in+Amsterdam+%F0%9F%87%AE%F0%9F%87%B3/data=!4m7!3m6!1s0x47c609022a8e8869:0x31e80c44956fdd12!8m2!3d52.3738938!4d4.9021987!16s%2Fg%2F11l1kqzb88!19sChIJaYiOKgIJxkcREt1vlUQM6DE?authuser=0&hl=nl&rclk=1,Telefoon: 020 723 5178,Amsterdam
Ashoka Amsterdam,,http://www.ashokarestaurant.nl/,https://www.google.com/maps/place/Ashoka+Amsterdam/data=!4m7!3m6!1s0x47c609c637d5c11d:0x5a43db31b10266da!8m2!3d52.3770826!4d4.8942275!16s%2Fg%2F1yfh_krh7!19sChIJHcHVN8YJxkcR2mYCsTHbQ1o?authuser=0&hl=nl&rclk=1,Telefoon: 020 221 0446,Amsterdam
Ciel Bleu Restaurant,restaurants@okura.nl,https://www.cielbleu.nl/,https://www.google.com/maps/place/Ciel+Bleu+Restaurant/data=!4m7!3m6!1s0x47c6098b108b3a33:0xc022b578b50e9b69!8m2!3d52.3488588!4d4.8940157!16s%2Fm%2F0hhrbbk!19sChIJMzqLEIsJxkcRaZsOtXi1IsA?authuser=0&hl=nl&rclk=1,Telefoon: 020 678 7450,Amsterdam
Restaurant Lastage,,http://www.restaurantlastage.nl/,https://www.google.com/maps/place/Restaurant+Lastage/data=!4m7!3m6!1s0x47c609b97fe10dcf:0x4c031bc0cc44e734!8m2!3d52.3754494!4d4.9023726!16s%2Fg%2F120knht5!19sChIJzw3hf7kJxkcRNOdEzMAbA0w?authuser=0&hl=nl&rclk=1,Telefoon: 020 737 0811,Amsterdam
Nim,info@nim-amsterdam.nl,http://www.nim-amsterdam.nl/,https://www.google.com/maps/place/Nim/data=!4m7!3m6!1s0x47c6092d74467b5b:0x7f2d1c18d0e0a45d!8m2!3d52.3693912!4d4.8850096!16s%2Fg%2F11kk7w3153!19sChIJW3tGdC0JxkcRXaTg0BgcLX8?authuser=0&hl=nl&rclk=1,Telefoon: 085 086 2604,Amsterdam
Sijmen Louis,info@sijmenlouis.nl,https://sijmenlouis.nl/,https://www.google.com/maps/place/Sijmen+Louis/data=!4m7!3m6!1s0xa5147131f5385a21:0xfe3e0f22104dba69!8m2!3d52.3546656!4d4.9039604!16s%2Fg%2F11k4rr07tk!19sChIJIVo49TFxFKURabpNECIPPv4?authuser=0&hl=nl&rclk=1,Telefoon: 06 83595136,Amsterdam
Chez van Rijn,//reserveringen@chezvanrijn.nl,http://www.chezvanrijn.nl/,https://www.google.com/maps/place/Chez+van+Rijn/data=!4m7!3m6!1s0x47c66f5ae3e774d1:0x8ff1df31e3ccf58b!8m2!3d52.3663868!4d4.8968538!16s%2Fg%2F1hc764jvb!19sChIJ0XTn41pvxkcRi_XM4zHf8Y8?authuser=0&hl=nl&rclk=1,Telefoon: 020 450 0555,Amsterdam
Sabato Amsterdam,info@sabatoamsterdam.com,https://www.sabatoamsterdam.com/,https://www.google.com/maps/place/Sabato+Amsterdam/data=!4m7!3m6!1s0x46439127bf8b7303:0xe2813a65062ccd92!8m2!3d52.3959862!4d4.903805!16s%2Fg%2F11vlxhmltz!19sChIJA3OLvyeRQ0YRks0sBmU6geI?authuser=0&hl=nl&rclk=1,Telefoon: 06 43211713,Amsterdam
Djembe Catering,djembe-catering@janroest.nl,http://djembe-catering.nl/,https://www.google.com/maps/place/Djembe+Catering/data=!4m7!3m6!1s0x47c60925122d5359:0xaff5a2af4a876f6c!8m2!3d52.3648998!4d4.937859!16s%2Fg%2F11v0bgr38_!19sChIJWVMtEiUJxkcRbG-HSq-i9a8?authuser=0&hl=nl&rclk=1,,Amsterdam
Sampurna,info@sampurna.com,https://www.sampurna.com/,https://www.google.com/maps/place/Sampurna/data=!4m7!3m6!1s0x47c609c1d87ed283:0x3d89f92566b0244e!8m2!3d52.3701968!4d4.8776873!16s%2Fg%2F1tmbv9qv!19sChIJg9J-2MEJxkcRTiSwZiX5iT0?authuser=0&hl=nl&rclk=1,Telefoon: 020 625 3264,Amsterdam
Ken Sushi,kensushiamsterdam@gmail.com,https://kensushi.nl/,https://www.google.com/maps/place/Ken+Sushi/data=!4m7!3m6!1s0x47c5e3d0d5a924d3:0xb3bf8e2c78dac531!8m2!3d52.3755576!4d4.9024595!16s%2Fg%2F11h6np8v7x!19sChIJ0ySp1dDjxUcRMcXaeCyOv7M?authuser=0&hl=nl&rclk=1,Telefoon: 06 24267713,Amsterdam
Choux,info@choux.nl,http://choux.nl/,https://www.google.com/maps/place/Choux/data=!4m7!3m6!1s0x47c609b065679657:0x7c6de4b843954886!8m2!3d52.3775976!4d4.9072254!16s%2Fg%2F11bxb9sl04!19sChIJV5ZnZbAJxkcRhkiVQ7jkbXw?authuser=0&hl=nl&rclk=1,Telefoon: 020 210 3090,Amsterdam
Celia Amsterdam,info@celiaamsterdam.com,https://celiaamsterdam.com/,https://www.google.com/maps/place/Celia+Amsterdam/data=!4m7!3m6!1s0x47c609920287c95f:0x8ec5d0e66a7d9fb1!8m2!3d52.3775388!4d4.8959671!16s%2Fg%2F11kg_v3hpp!19sChIJX8mHApIJxkcRsZ99aubQxY4?authuser=0&hl=nl&rclk=1,Telefoon: 020 521 1755,Amsterdam
Rey&Sarthou,reyandsarthou@gmail.com,https://reyandsarthou.wixsite.com/home,https://www.google.com/maps/place/Rey%26Sarthou/data=!4m7!3m6!1s0x2e71410d5c9a864d:0xe1a95428c0bda26d!8m2!3d52.3546656!4d4.9039604!16s%2Fg%2F11mdwcvdtb!19sChIJTYaaXA1BcS4RbaK9wChUqeE?authuser=0&hl=nl&rclk=1,Telefoon: 06 18959300,Amsterdam
KookLuxe,,,https://www.google.com/maps/place/KookLuxe/data=!4m7!3m6!1s0xa903eeb02907ddb:0x9fd5974eb3ae34f!8m2!3d52.1909763!4d5.2795551!16s%2Fg%2F11wwtj6ng0!19sChIJ232QAus-kAoRT-M663RZ_Qk?authuser=0&hl=nl&rclk=1,Telefoon: 06 16753599,Amsterdam
The Morning / The Morning Circle / The Morning farm-to-table,,http://www.themorning.nl/,https://www.google.com/maps/place/The+Morning+%2F+The+Morning+Circle+%2F+The+Morning+farm-to-table/data=!4m7!3m6!1s0x47c5e3b61673ceb5:0x7d151d6adc6741d0!8m2!3d52.3948837!4d4.8656912!16s%2Fg%2F11jnspr66s!19sChIJtc5zFrbjxUcR0EFn3GodFX0?authuser=0&hl=nl&rclk=1,Telefoon: 06 29134585,Amsterdam
Catering Service Amsterdam,info@cateringserviceamsterdam.nl,https://www.cateringserviceamsterdam.nl/,https://www.google.com/maps/place/Catering+Service+Amsterdam/data=!4m7!3m6!1s0x47c609615063825d:0x66e5e92e6224aff8!8m2!3d52.402057!4d4.9322978!16s%2Fg%2F11vqwyjzwm!19sChIJXYJjUGEJxkcR-K8kYi7p5WY?authuser=0&hl=nl&rclk=1,Telefoon: 020 244 2251,Amsterdam
Chef Juzzev,,,https://www.google.com/maps/place/Chef+Juzzev/data=!4m7!3m6!1s0x47c609a49c1ffcf1:0x8f1a0f1dcf8d4d55!8m2!3d52.3558979!4d4.9006678!16s%2Fg%2F11w4njzvzl!19sChIJ8fwfnKQJxkcRVU2Nzx0PGo8?authuser=0&hl=nl&rclk=1,Telefoon: 06 22649767,Amsterdam
Cook Your Life,info@cookyourlife.nl,http://www.cookyourlife.nl/,https://www.google.com/maps/place/Cook+Your+Life/data=!4m7!3m6!1s0x47c608295d69c283:0xe88225ba12dd15a1!8m2!3d52.1909763!4d5.2795551!16s%2Fg%2F11cspjl1f1!19sChIJg8JpXSkIxkcRoRXdErolgug?authuser=0&hl=nl&rclk=1,Telefoon: 06 54681196,Amsterdam
Not Just Hummus,,https://www.notjusthummus.com/,https://www.google.com/maps/place/Not+Just+Hummus/data=!4m7!3m6!1s0x42c135930782c115:0x687933566cc5a793!8m2!3d52.3546656!4d4.9039604!16s%2Fg%2F11v42w8_lw!19sChIJFcGCB5M1wUIRk6fFbFYzeWg?authuser=0&hl=nl&rclk=1,Telefoon: 06 11422842,Amsterdam
Backyard,info@backyardrotterdam.nl,http://www.backyardrotterdam.nl/,https://www.google.com/maps/place/Backyard/data=!4m7!3m6!1s0x47c4335eb887d78b:0x2252cbe66d94299e!8m2!3d51.9196432!4d4.4823518!16s%2Fg%2F11gh46rhrd!19sChIJi9eHuF4zxEcRnimUbebLUiI?authuser=0&hl=nl&rclk=1,Telefoon: 010 842 8263,Rotterdam
VINEUM (wine)restaurant,info@vineum.nl,http://www.vineum.nl/,https://www.google.com/maps/place/VINEUM+%28wine%29restaurant/data=!4m7!3m6!1s0x47c434a0212c64f5:0xde93505856db699d!8m2!3d51.9157044!4d4.4748933!16s%2Fg%2F1tk628y5!19sChIJ9WQsIaA0xEcRnWnbVlhQk94?authuser=0&hl=nl&rclk=1,Telefoon: 010 720 0966,Rotterdam
DIAMAR Maria's Soulfood Catering & Private Cuisine Chef,diamarsoulfood@gmail.com,https://diamarsoulfood.nl/,https://www.google.com/maps/place/DIAMAR+Maria%27s+Soulfood+Catering+%26+Private+Cuisine+Chef/data=!4m7!3m6!1s0x47c4353c65c4b489:0xc0c03343d7cc3001!8m2!3d51.9060962!4d4.4466668!16s%2Fg%2F11x63nj20h!19sChIJibTEZTw1xEcRATDM10MzwMA?authuser=0&hl=nl&rclk=1,Telefoon: 06 14699774,Rotterdam
Fjord Eat & Drink,reserveringen@fjord-rotterdam.nl,http://www.fjord-rotterdam.nl/,https://www.google.com/maps/place/Fjord+Eat+%26+Drink/data=!4m7!3m6!1s0x47c4335e9bb654d7:0x6b9edabb2c2c9356!8m2!3d51.9176918!4d4.483509!16s%2Fg%2F12hrky8kj!19sChIJ11S2m14zxEcRVpMsLLvanms?authuser=0&hl=nl&rclk=1,Telefoon: 010 213 6609,Rotterdam
Madame Saigon,info@madamesaigon.nl,http://www.madamesaigon.nl/,https://www.google.com/maps/place/Madame+Saigon/data=!4m7!3m6!1s0x47c433893f47cb6d:0xadd5085e1b80d1ac!8m2!3d51.9166637!4d4.4802897!16s%2Fg%2F11m2xk6c85!19sChIJbctHP4kzxEcRrNGAG14I1a0?authuser=0&hl=nl&rclk=1,Telefoon: 010 310 7956,Rotterdam
BBCatering,,,https://www.google.com/maps/place/BBCatering/data=!4m7!3m6!1s0x47c4357887a0b909:0x4c74e0ffb721df1b!8m2!3d51.9283566!4d4.4642373!16s%2Fg%2F11jz1m9zs3!19sChIJCbmgh3g1xEcRG98ht__gdEw?authuser=0&hl=nl&rclk=1,Telefoon: 06 18481212,Rotterdam
Amin Catering & Events,,,https://www.google.com/maps/place/Amin+Catering+%26+Events/data=!4m7!3m6!1s0x47c5cb4b584c0dfb:0x34fab7b8d745add2!8m2!3d51.9502772!4d4.4660295!16s%2Fg%2F11tcw3606q!19sChIJ-w1MWEvLxUcR0q1F17i3-jQ?authuser=0&hl=nl&rclk=1,Telefoon: 06 18796045,Rotterdam
L'OUEST | Wijnbar - Shared Dining - Lunch,,http://www.louest.nl/,https://www.google.com/maps/place/L%27OUEST+%7C+Wijnbar+-+Shared+Dining+-+Lunch/data=!4m7!3m6!1s0x47c434a11285d02d:0xf1aa10019b0dc323!8m2!3d51.918891!4d4.4725784!16s%2Fg%2F1tgly4l2!19sChIJLdCFEqE0xEcRI8MNmwEQqvE?authuser=0&hl=nl&rclk=1,Telefoon: 010 280 7206,Rotterdam
2 cultures,Niklas@2cultures.nl,https://www.2cultures.nl/,https://www.google.com/maps/place/2+cultures/data=!4m7!3m6!1s0x47c4359da1c88499:0xcd64fc93ab4dd7ce!8m2!3d51.9440951!4d4.4743709!16s%2Fg%2F11jz5q4v5t!19sChIJmYTIoZ01xEcRztdNq5P8ZM0?authuser=0&hl=nl&rclk=1,Telefoon: 06 22991862,Rotterdam
Franky's Grill | Powered by Food Labs,info@fgrestaurant.nl,https://www.fgfoodlabs.nl/nl/,https://www.google.com/maps/place/Franky%27s+Grill+%7C+Powered+by+Food+Labs/data=!4m7!3m6!1s0x47c43357f0d6d19b:0xe0253ef9ad91b23e!8m2!3d51.9262482!4d4.4794958!16s%2Fm%2F0vxf7bm!19sChIJm9HW8FczxEcRPrKRrfk-JeA?authuser=0&hl=nl&rclk=1,Telefoon: 010 425 0520,Rotterdam
The Vegan Cocotte,,,https://www.google.com/maps/place/The+Vegan+Cocotte/data=!4m7!3m6!1s0x47c435a6ae4554bb:0x8215e2efdde88c34!8m2!3d51.9219931!4d4.4676093!16s%2Fg%2F11qg4pkk4w!19sChIJu1RFrqY1xEcRNIzo3e_iFYI?authuser=0&hl=nl&rclk=1,Telefoon: 06 87518848,Rotterdam
Héroine Restaurant & Bar,HELLO@RESTAURANTHEROINE.NL,https://www.restaurantheroine.nl/,https://www.google.com/maps/place/H%C3%A9roine+Restaurant+%26+Bar/data=!4m7!3m6!1s0x47c4334530bcf8d5:0xe946be6ed2abc52a!8m2!3d51.9236901!4d4.491824!16s%2Fg%2F11f3d4b1dx!19sChIJ1fi8MEUzxEcRKsWr0m6-Ruk?authuser=0&hl=nl&rclk=1,Telefoon: 06 81963763,Rotterdam
Restaurant Rotonde,info@restaurantrotonde.nl,http://www.restaurantrotonde.nl/,https://www.google.com/maps/place/Restaurant+Rotonde/data=!4m7!3m6!1s0x47c4336ca80950dd:0x58bc1ac743259fa3!8m2!3d51.9240234!4d4.4912015!16s%2Fg%2F11nn_wmlxl!19sChIJ3VAJqGwzxEcRo58lQ8cavFg?authuser=0&hl=nl&rclk=1,Telefoon: 010 303 0834,Rotterdam
Greek Food Therapy - Kookstudio,,http://www.greekfoodtherapy.com/,https://www.google.com/maps/place/Greek+Food+Therapy+-+Kookstudio/data=!4m7!3m6!1s0x47c4356c7eeb0441:0x8be53d47667a3bbb!8m2!3d51.9365455!4d4.4683205!16s%2Fg%2F11jgt7121y!19sChIJQQTrfmw1xEcRuzt6Zkc95Ys?authuser=0&hl=nl&rclk=1,Telefoon: 06 33138044,Rotterdam
Raffaello’s Pizza Table,,,https://www.google.com/maps/place/Raffaello%E2%80%99s+Pizza+Table/data=!4m7!3m6!1s0x47c433007b7787c3:0xcecbc9d30aa02d06!8m2!3d51.9291263!4d4.5082328!16s%2Fg%2F11vrrg8w1v!19sChIJw4d3ewAzxEcRBi2gCtPJy84?authuser=0&hl=nl&rclk=1,,Rotterdam
JAQ,restaurantjaq@hilton.com,https://www.restaurantjaq.nl/en/,https://www.google.com/maps/place/JAQ/data=!4m7!3m6!1s0x47c435cb21b6b05d:0xd378560d38c62aed!8m2!3d51.9233665!4d4.4771296!16s%2Fg%2F11fqddc6lj!19sChIJXbC2Ics1xEcR7SrGOA1WeNM?authuser=0&hl=nl&rclk=1,Telefoon: 010 710 8028,Rotterdam
OX Rotterdam,contact@ox-rotterdam.nl,http://ox-rotterdam.nl/,https://www.google.com/maps/place/OX+Rotterdam/data=!4m7!3m6!1s0x47c435ed49766253:0x5b985f74d2331a3f!8m2!3d51.925549!4d4.4766951!16s%2Fg%2F11rcdf7cgn!19sChIJU2J2Se01xEcRPxoz0nRfmFs?authuser=0&hl=nl&rclk=1,,Rotterdam
Cheffrey,info@cheffreyfood.nl,https://www.cheffreyfood.nl/,https://www.google.com/maps/place/Cheffrey/data=!4m7!3m6!1s0x47c6655605c32f6d:0xeb7eb8a2bf0142a8!8m2!3d52.0914938!4d4.9634003!16s%2Fg%2F11cn3w756k!19sChIJbS_DBVZlxkcRqEIBv6K4fus?authuser=0&hl=nl&rclk=1,Telefoon: 06 19470180,Rotterdam
Vessel 11,contact@vessel11.nl,https://www.vessel11.nl/,https://www.google.com/maps/place/Vessel+11/data=!4m7!3m6!1s0x47c4335dc8aaf1ef:0x1849678431a4530a!8m2!3d51.9170768!4d4.4846163!16s%2Fg%2F1thmk504!19sChIJ7_GqyF0zxEcRClOkMYRnSRg?authuser=0&hl=nl&rclk=1,Telefoon: 010 840 4730,Rotterdam
Kokend Heet,info@kokendheet.nl,https://www.kokendheet.nl/,https://www.google.com/maps/place/Kokend+Heet/data=!4m7!3m6!1s0x8ae23d46497e9a9:0x1ffa89bee6b8f904!8m2!3d52.1909763!4d5.2795551!16s%2Fg%2F11lzg546v1!19sChIJqemXZNQjrggRBPm45r6J-h8?authuser=0&hl=nl&rclk=1,Telefoon: 06 31678005,Rotterdam
Restaurant Amarone,info@restaurantamarone.nl,https://restaurantamarone.nl/,https://www.google.com/maps/place/Restaurant+Amarone/data=!4m7!3m6!1s0x47c433596fc41f93:0x79908f9307953dfc!8m2!3d51.9223786!4d4.4833885!16s%2Fm%2F0n41dt8!19sChIJkx_Eb1kzxEcR_D2VB5OPkHk?authuser=0&hl=nl&rclk=1,Telefoon: 010 720 0802,Rotterdam
Cornelis Bar & Kitchen,info@cornelisrotterdam.nl,http://www.cornelisrotterdam.nl/,https://www.google.com/maps/place/Cornelis+Bar+%26+Kitchen/data=!4m7!3m6!1s0x47c434a7648a64a7:0x22ac15783ed29343!8m2!3d51.9226114!4d4.4777996!16s%2Fg%2F11cn408m3g!19sChIJp2SKZKc0xEcRQ5PSPngVrCI?authuser=0&hl=nl&rclk=1,Telefoon: 010 792 0032,Rotterdam
Robin Kookt,robinkookt@gmail.com,https://www.robinkookt.nl/,https://www.google.com/maps/place/Robin+Kookt/data=!4m7!3m6!1s0x47c43396d9e4ff15:0xf1863ad3c0dd5fd6!8m2!3d52.1909763!4d5.2795551!16s%2Fg%2F11j2qbr9jm!19sChIJFf_k2ZYzxEcR1l_dwNM6hvE?authuser=0&hl=nl&rclk=1,Telefoon: 06 57937013,Rotterdam
Grands Rêves Catering,catering@grandsreves.com,https://grandsrevescatering.nl/,https://www.google.com/maps/place/Grands+R%C3%AAves+Catering/data=!4m7!3m6!1s0x6ef82618534270b5:0x5ee4f58641732830!8m2!3d51.859223!4d4.669794!16s%2Fg%2F11vkhn3npl!19sChIJtXBCUxgm-G4RMChzQYb15F4?authuser=0&hl=nl&rclk=1,Telefoon: 06 42339312,Rotterdam
Vava Cruz Private Chef Catering,vava@vavacruz.com,https://vavacruz.com/,https://www.google.com/maps/place/Vava+Cruz+Private+Chef+Catering/data=!4m7!3m6!1s0x47c43521fdc95dbb:0xfbda12ca41be428!8m2!3d51.9084626!4d4.4480104!16s%2Fg%2F11yr_189hm!19sChIJu13J_SE1xEcRKOQbpCyhvQ8?authuser=0&hl=nl&rclk=1,Telefoon: 06 45745539,Rotterdam
Paellaaanhuis.nl,msmprject@gmail.com,https://paellaaanhuis.nl/,https://www.google.com/maps/place/Paellaaanhuis.nl/data=!4m7!3m6!1s0x2f44ec0a02fa34cf:0xa042914fb077e445!8m2!3d51.5397395!4d4.875805!16s%2Fg%2F11xtbd1q5p!19sChIJzzT6AgrsRC8RReR3sE-RQqA?authuser=0&hl=nl&rclk=1,Telefoon: 06 29766224,Rotterdam
Global Seasons,abc@xyz.com,https://globalseasons.nl/,https://www.google.com/maps/place/Global+Seasons/data=!4m7!3m6!1s0x47c433d09382de95:0x3e1792d338bade79!8m2!3d51.8848527!4d4.4676438!16s%2Fg%2F11mhlk4_jx!19sChIJld6Ck9AzxEcRed66ONOSFz4?authuser=0&hl=nl&rclk=1,Telefoon: 06 49104681,Rotterdam
Brasserie Thuis,info@brasseriethuis.nl,https://www.brasseriethuis.nl/,https://www.google.com/maps/place/Brasserie+Thuis/data=!4m7!3m6!1s0x47c5cbf43de13ac5:0x6dda288b10f46033!8m2!3d51.9589528!4d4.4808596!16s%2Fg%2F11j8t34yd9!19sChIJxTrhPfTLxUcRM2D0EIso2m0?authuser=0&hl=nl&rclk=1,Telefoon: 010 333 5720,Rotterdam
NJ-Cook4You Catering,info@nj-cook4you.nl,https://nj-cook4you.nl/,https://www.google.com/maps/place/NJ-Cook4You+Catering/data=!4m7!3m6!1s0x47c5c980ee9e71db:0xe93ea3f94428cd2d!8m2!3d52.024579!4d4.437922!16s%2Fg%2F11clszzf7q!19sChIJ23Ge7oDJxUcRLc0oRPmjPuk?authuser=0&hl=nl&rclk=1,Telefoon: 06 15056880,Rotterdam
Restaurant On Cru,info@oncru.nl,https://www.restaurantoncru.nl/,https://www.google.com/maps/place/Restaurant+On+Cru/data=!4m7!3m6!1s0x47c433bd3310f8a3:0xaa7c566a0cb77e9!8m2!3d51.9193934!4d4.4945923!16s%2Fg%2F11lm495yw0!19sChIJo_gQM70zxEcR6XfLoGbFpwo?authuser=0&hl=nl&rclk=1,Telefoon: 010 313 8671,Rotterdam
François Geurds FG Restaurant,info@fgrestaurant.nl,https://www.fgrestaurant.nl/,https://www.google.com/maps/place/Fran%C3%A7ois+Geurds+FG+Restaurant/data=!4m7!3m6!1s0x47c4336a67a7d177:0xa1c42cdba0d3ba11!8m2!3d51.9263908!4d4.4794558!16s%2Fg%2F11t639nb3z!19sChIJd9GnZ2ozxEcREbrToNssxKE?authuser=0&hl=nl&rclk=1,Telefoon: 010 425 0520,Rotterdam
Restaurant Xīn,info@xinrotterdam.com,http://www.xinrotterdam.com/,https://www.google.com/maps/place/Restaurant+X%C4%ABn/data=!4m7!3m6!1s0x47c4350079f949a7:0x88e4e6c05573fb28!8m2!3d51.9164928!4d4.4631284!16s%2Fg%2F11w8jp81_4!19sChIJp0n5eQA1xEcRKPtzVcDm5Ig?authuser=0&hl=nl&rclk=1,,Rotterdam
Mijn Chef,,http://www.mijnchef.nl/,https://www.google.com/maps/place/Mijn+Chef/data=!4m7!3m6!1s0x47c435f647028c35:0x7e71a4e0707efc4!8m2!3d51.9173585!4d4.4443248!16s%2Fg%2F11wqzbz99k!19sChIJNYwCR_Y1xEcRxO8HB04a5wc?authuser=0&hl=nl&rclk=1,Telefoon: 010 808 5010,Rotterdam
Restaurant Tosca,info@restauranttosca.nl,http://www.restauranttosca.nl/,https://www.google.com/maps/place/Restaurant+Tosca/data=!4m7!3m6!1s0x47c433559f9bd8ad:0x63e316234b7a489c!8m2!3d51.9336134!4d4.4812767!16s%2Fg%2F11b5wngfvx!19sChIJrdibn1UzxEcRnEh6SyMW42M?authuser=0&hl=nl&rclk=1,Telefoon: 010 237 2589,Rotterdam
Restaurant De Harmonie,,http://www.deharmonierotterdam.nl/,https://www.google.com/maps/place/Restaurant+De+Harmonie/data=!4m7!3m6!1s0x47c4349fbf4ea961:0x7f329b687585dbe0!8m2!3d51.9138446!4d4.4747907!16s%2Fg%2F1tfm5v51!19sChIJYalOv580xEcR4NuFdWibMn8?authuser=0&hl=nl&rclk=1,Telefoon: 010 436 3610,Rotterdam
Restaurant Old Dutch,info@olddutchrotterdam.nl,https://olddutchrotterdam.nl/,https://www.google.com/maps/place/Restaurant+Old+Dutch/data=!4m7!3m6!1s0x47c434a1e3df8f9f:0x77eb0df3417e4952!8m2!3d51.9158238!4d4.4711216!16s%2Fm%2F0hr56j3!19sChIJn4_f46E0xEcRUkl-QfMN63c?authuser=0&hl=nl&rclk=1,Telefoon: 010 436 0344,Rotterdam
Bentō Café,,https://www.instagram.com/bento.cafe.rdam?igsh=cGZpc3RoZXJoNXF2&utm_source=qr,https://www.google.com/maps/place/Bent%C5%8D+Caf%C3%A9/data=!4m7!3m6!1s0x47c435001be77e9b:0xf5f7eed3cb48f8ea!8m2!3d51.9232074!4d4.474838!16s%2Fg%2F11y5ph0rm4!19sChIJm37nGwA1xEcR6vhIy9Pu9_U?authuser=0&hl=nl&rclk=1,,Rotterdam
STER Works,info@sterculinair.nl,https://www.sterculinair.nl/,https://www.google.com/maps/place/STER+Works/data=!4m7!3m6!1s0x47c43374435bd6fd:0xb0b984fdd6fb0144!8m2!3d51.9170714!4d4.5170051!16s%2Fg%2F11v08jh4nk!19sChIJ_dZbQ3QzxEcRRAH71v2EubA?authuser=0&hl=nl&rclk=1,,Rotterdam
Tres,info@tresrotterdam.com,http://www.tresrotterdam.com/,https://www.google.com/maps/place/Tres/data=!4m7!3m6!1s0x47c433bc40691c51:0x16eca40d10d047e6!8m2!3d51.9104437!4d4.4983108!16s%2Fg%2F11h7_rttq_!19sChIJURxpQLwzxEcR5kfQEA2k7BY?authuser=0&hl=nl&rclk=1,Telefoon: 06 18027316,Rotterdam
Memories of Damascus catering (Rotterdam),bestellen@memoriesofdamascus.nl,https://www.memoriesofdamascus.nl/,https://www.google.com/maps/place/Memories+of+Damascus+catering+%28Rotterdam%29/data=!4m7!3m6!1s0x47c433dbab7f61e5:0x62123f9933dc2ffd!8m2!3d51.9221911!4d4.4868683!16s%2Fg%2F11yzb91kvv!19sChIJ5WF_q9szxEcR_S_cM5k_EmI?authuser=0&hl=nl&rclk=1,Telefoon: 06 20777624,Rotterdam
East African Cuisine,,https://eacfoodtruck.com/,https://www.google.com/maps/place/East+African+Cuisine/data=!4m7!3m6!1s0x47c5cde9a8bf9eeb:0x2c257879b6ab1aae!8m2!3d51.9431508!4d4.4960873!16s%2Fg%2F11x_qxp2m_!19sChIJ656_qOnNxUcRrhqrtnl4JSw?authuser=0&hl=nl&rclk=1,Telefoon: 06 49950578,Rotterdam
NY Basement,info@nybasement.nl,http://www.nybasement.nl/,https://www.google.com/maps/place/NY+Basement/data=!4m7!3m6!1s0x47c4337b28cd21a3:0xe42396539c378777!8m2!3d51.9039916!4d4.4843201!16s%2Fg%2F11cjgh0bch!19sChIJoyHNKHszxEcRd4c3nFOWI-Q?authuser=0&hl=nl&rclk=1,Telefoon: 010 439 0524,Rotterdam
EAUX POSSE,,http://www.eauxposse.nl/,https://www.google.com/maps/place/EAUX+POSSE/data=!4m7!3m6!1s0x47c435c777bb6125:0xbb4f12b964dcd3ac!8m2!3d51.9101853!4d4.4239714!16s%2Fg%2F11jbdgm0jf!19sChIJJWG7d8c1xEcRrNPcZLkST7s?authuser=0&hl=nl&rclk=1,Telefoon: 010 307 2323,Rotterdam
Chef de Parties,,http://www.chefdeparties.com/,https://www.google.com/maps/place/Chef+de+Parties/data=!4m7!3m6!1s0x6b362bf9ec0cb2f:0xb59e8d4042241f18!8m2!3d52.1909763!4d5.2795551!16s%2Fg%2F11t_pnh_8v!19sChIJL8vAnr9iswYRGB8kQkCNnrU?authuser=0&hl=nl&rclk=1,Telefoon: 06 43872149,Rotterdam
Bento Master Netherlands B.V.,info@bentomasternl.com,http://www.bentomasternl.com/,https://www.google.com/maps/place/Bento+Master+Netherlands+B.V./data=!4m7!3m6!1s0x47c5cd1bb1aa4293:0xab65002dbb7666cf!8m2!3d52.1909763!4d5.2795551!16s%2Fg%2F11ykvbqqbh!19sChIJk0KqsRvNxUcRz2Z2uy0AZas?authuser=0&hl=nl&rclk=1,,Rotterdam
TOETcatering,rob@toetcatering.nl,http://www.toetcatering.nl/,https://www.google.com/maps/place/TOETcatering/data=!4m7!3m6!1s0x47c5c9355e97db5f:0xd0f9cd249bf3a385!8m2!3d52.081141!4d4.396908!16s%2Fg%2F11h5s40vr9!19sChIJX9uXXjXJxUcRhaPzmyTN-dA?authuser=0&hl=nl&rclk=1,Telefoon: 06 24283907,Rotterdam
"Morgenland koffiecafé, workshops en catering",Email@example.com,https://www.morgenland.nu/,"https://www.google.com/maps/place/Morgenland+koffiecaf%C3%A9,+workshops+en+catering/data=!4m7!3m6!1s0x47c4337f9872fd2f:0xdc9223540b994d8d!8m2!3d51.9221911!4d4.4868683!16s%2Fg%2F11ym9fm8zl!19sChIJL_1ymH8zxEcRjU2ZC1Qjktw?authuser=0&hl=nl&rclk=1",Telefoon: 06 20777624,Rotterdam
Noah Train (Cooking Money Production),info@noahtrain.nl,http://www.noahtrain.nl/,https://www.google.com/maps/place/Noah+Train+%28Cooking+Money+Production%29/data=!4m7!3m6!1s0x47c449f3cc517423:0xa8a96a667620e70b!8m2!3d51.900211!4d4.4777033!16s%2Fg%2F11j4sw4r91!19sChIJI3RRzPNJxEcRC-cgdmZqqag?authuser=0&hl=nl&rclk=1,Telefoon: 06 22128087,Rotterdam
Smaak van de Waard,info@smaakvandewaard.nl,http://www.smaakvandewaard.nl/,https://www.google.com/maps/place/Smaak+van+de+Waard/data=!4m7!3m6!1s0x47c42d235545ba21:0x67d29dcd074de781!8m2!3d51.9069155!4d4.431686!16s%2Fg%2F11fy4v5zkf!19sChIJIbpFVSMtxEcRgedNB82d0mc?authuser=0&hl=nl&rclk=1,Telefoon: 06 24441912,Rotterdam
restaurant YANO,info@restaurantyano.nl,http://www.restaurantyano.nl/,https://www.google.com/maps/place/restaurant+YANO/data=!4m7!3m6!1s0x47c5cdd2e39dc9a3:0xb3fec58870432e!8m2!3d51.946617!4d4.48455!16s%2Fg%2F11s5gzjl5p!19sChIJo8md49LNxUcRLkNwiMX-swA?authuser=0&hl=nl&rclk=1,Telefoon: 010 842 4445,Rotterdam
Mr.Green Catering,,,https://www.google.com/maps/place/Mr.Green+Catering/data=!4m7!3m6!1s0x47c4355dfd0b5d73:0xe84e5648b503237b!8m2!3d51.8968967!4d4.4619185!16s%2Fg%2F11h8frspgv!19sChIJc10L_V01xEcReyMDtUhWTug?authuser=0&hl=nl&rclk=1,,Rotterdam
Kookwinkel Habitas,Klantenservice@habitas-online.nl,http://www.habitas-online.nl/,https://www.google.com/maps/place/Kookwinkel+Habitas/data=!4m7!3m6!1s0x47c4356ae9d4d343:0x32595de2e7d3c9b1!8m2!3d51.9197797!4d4.4867966!16s%2Fg%2F1tdwjp96!19sChIJQ9PU6Wo1xEcRscnT5-JdWTI?authuser=0&hl=nl&rclk=1,Telefoon: 010 426 5331,Rotterdam
Chicken & Gambas,info@chickenandgambas.nl,http://www.chickenandgambas.nl/,https://www.google.com/maps/place/Chicken+%26+Gambas/data=!4m7!3m6!1s0x47c433875082fc2f:0x80e53d21a85ca043!8m2!3d51.9084343!4d4.4341832!16s%2Fg%2F11fw4p8y1n!19sChIJL_yCUIczxEcRQ6BcqCE95YA?authuser=0&hl=nl&rclk=1,Telefoon: 085 200 6365,Rotterdam
Restaurant The Millèn,reserveringen@restaurantthemillen.nl,http://www.restaurantthemillen.nl/,https://www.google.com/maps/place/Restaurant+The+Mill%C3%A8n/data=!4m7!3m6!1s0x47c43519045d9acf:0x46115278bfbf215a!8m2!3d51.9226302!4d4.4715951!16s%2Fg%2F11f7r0b4b8!19sChIJz5pdBBk1xEcRWiG_v3hSEUY?authuser=0&hl=nl&rclk=1,Telefoon: 010 430 2333,Rotterdam
FLOATS Restaurant Rotterdam,,https://www.restaurantfloats.nl/,https://www.google.com/maps/place/FLOATS+Restaurant+Rotterdam/data=!4m10!3m9!1s0x47c4337e41a41333:0x6136c9ee67eedf5d!5m2!4m1!1i2!8m2!3d51.9174371!4d4.487509!16s%2Fg%2F11y3my4p3h!19sChIJMxOkQX4zxEcRXd_uZ-7JNmE?authuser=0&hl=nl&rclk=1,Telefoon: 010 444 5690,Rotterdam
Gastrobar Hartig,reserveringen@gastrobarhartig.nl,http://www.gastrobarhartig.nl/,https://www.google.com/maps/place/Gastrobar+Hartig/data=!4m7!3m6!1s0x47c4335feb6cdfc3:0xf0bff366df0e3227!8m2!3d51.9165509!4d4.4782606!16s%2Fg%2F1pty_n1yd!19sChIJw99s618zxEcRJzIO32bzv_A?authuser=0&hl=nl&rclk=1,Telefoon: 010 236 7548,Rotterdam
Eet-Beleef,info@eet-beleef.nl,https://www.eet-beleef.nl/,https://www.google.com/maps/place/Eet-Beleef/data=!4m7!3m6!1s0x47c433b4a3a520b1:0x2569883a9287704b!8m2!3d51.9085938!4d4.5115409!16s%2Fg%2F11gwmy173t!19sChIJsSClo7QzxEcRS3CHkjqIaSU?authuser=0&hl=nl&rclk=1,Telefoon: 010 292 1723,Rotterdam
Chef’s Table Rotterdam,info@chefstablerotterdam.nl,https://www.chefstablerotterdam.nl/,https://www.google.com/maps/place/Chef%E2%80%99s+Table+Rotterdam/data=!4m7!3m6!1s0x47c433a702ee9711:0xbdd60e54b9d621d6!8m2!3d51.9223379!4d4.488498!16s%2Fg%2F11md0fj209!19sChIJEZfuAqczxEcR1iHWuVQO1r0?authuser=0&hl=nl&rclk=1,Telefoon: 06 14662848,Rotterdam
ASADO Creative Barbacues & Paellas / CATERING & THUISKOK / Argentijnse Barbacue en Spaanse paella,,,https://www.google.com/maps/place/ASADO+Creative+Barbacues+%26+Paellas+%2F+CATERING+%26+THUISKOK+%2F+Argentijnse+Barbacue+en+Spaanse+paella/data=!4m7!3m6!1s0x47c435a4118212a7:0x6960d3298015ca24!8m2!3d51.8925368!4d4.4687767!16s%2Fg%2F11sszlrnkw!19sChIJpxKCEaQ1xEcRJMoVgCnTYGk?authuser=0&hl=nl&rclk=1,Telefoon: 06 84463998,Rotterdam
Chef Arrivé Privé kok aan huis,,,https://www.google.com/maps/place/Chef+Arriv%C3%A9+Priv%C3%A9+kok+aan+huis/data=!4m7!3m6!1s0x47c5b3ff2f7cf357:0x91d81c180a25c5ef!8m2!3d52.0240172!4d4.2835508!16s%2Fg%2F1tqpyf8s!19sChIJV_N8L_-zxUcR78UlChgc2JE?authuser=0&hl=nl&rclk=1,,Rotterdam
La Table de Barbara,info@latabledebarbara.nl,http://www.latabledebarbara.nl/,https://www.google.com/maps/place/La+Table+de+Barbara/data=!4m7!3m6!1s0x47c4335b1aa848ff:0xa352b98866197513!8m2!3d51.9881444!4d4.4025452!16s%2Fg%2F11qmxb9d91!19sChIJ_0ioGlszxEcRE3UZZoi5UqM?authuser=0&hl=nl&rclk=1,Telefoon: 06 49948458,Rotterdam
Toko Rilah Rotterdam Zuid,,,https://www.google.com/maps/place/Toko+Rilah+Rotterdam+Zuid/data=!4m7!3m6!1s0x47c433811893fa15:0x781d5f604e1a2a78!8m2!3d51.8902765!4d4.4764955!16s%2Fg%2F1thtns2n!19sChIJFfqTGIEzxEcReCoaTmBfHXg?authuser=0&hl=nl&rclk=1,Telefoon: 010 223 5825,Rotterdam
Aceituna B.V.,info@acatering.nl,https://acatering.nl/,https://www.google.com/maps/place/Aceituna+B.V./data=!4m7!3m6!1s0x47c434aad4167dff:0x22dacdc192087577!8m2!3d51.9249942!4d4.5200315!16s%2Fg%2F1tfss1fw!19sChIJ_30W1Ko0xEcRd3UIksHN2iI?authuser=0&hl=nl&rclk=1,Telefoon: 010 265 7177,Rotterdam
Hip Catering,info@hip-catering.nl,http://www.hip-catering.nl/,https://www.google.com/maps/place/Hip+Catering/data=!4m7!3m6!1s0x47c5cd3ec0aa436d:0xd684f4e2778428e5!8m2!3d51.9607336!4d4.5889729!16s%2Fg%2F12hn49x0m!19sChIJbUOqwD7NxUcR5SiEd-L0hNY?authuser=0&hl=nl&rclk=1,Telefoon: 085 042 0014,Rotterdam
Winket,,http://www.instagram.com/winketrotterdam,https://www.google.com/maps/place/Winket/data=!4m7!3m6!1s0x47c433c4f3f8ce73:0xbdc205914df2bfb8!8m2!3d51.9337551!4d4.4821134!16s%2Fg%2F11y1wh0jvk!19sChIJc87488QzxEcRuL_yTZEFwr0?authuser=0&hl=nl&rclk=1,,Rotterdam
Buitenplaats Rozenlust,,https://rozenlust.nl/,https://www.google.com/maps/place/Buitenplaats+Rozenlust/data=!4m7!3m6!1s0x47c435fc3ae46bc7:0x7638881a2adcad48!8m2!3d51.9085035!4d4.4756094!16s%2Fg%2F11s16dr71w!19sChIJx2vkOvw1xEcRSK3cKhqIOHY?authuser=0&hl=nl&rclk=1,Telefoon: 010 300 6403,Rotterdam
Surinaams eten | Catering | Aii-food Rotterdam,info@aii-food.com,https://www.aii-food.com/,https://www.google.com/maps/place/Surinaams+eten+%7C+Catering+%7C+Aii-food+Rotterdam/data=!4m7!3m6!1s0x47c66ba8ead5f5b3:0xb594d0e1d96190b0!8m2!3d51.9296099!4d4.5020003!16s%2Fg%2F11krcdnkzf!19sChIJs_XV6qhrxkcRsJBh2eHQlLU?authuser=0&hl=nl&rclk=1,Telefoon: 06 57934488,Rotterdam
New Wave Catering,sales@newwavecatering.nl,https://www.newwavecatering.nl/,https://www.google.com/maps/place/New+Wave+Catering/data=!4m7!3m6!1s0x8a8dab5af471e36f:0x1bdefc73a9ed3b48!8m2!3d51.9252512!4d4.4785464!16s%2Fg%2F11tnkxf6dp!19sChIJb-Nx9FqrjYoRSDvtqXP83hs?authuser=0&hl=nl&rclk=1,,Rotterdam
De Palmboom,afhaaldepalmboom@gmail.com,https://depalmboom.foodticket.nl/foodticket/cgi/bestel.cgi,https://www.google.com/maps/place/De+Palmboom/data=!4m7!3m6!1s0x47c43312f2d5b203:0xf31af88d5e1ceeaa!8m2!3d51.9051403!4d4.5035896!16s%2Fg%2F1tjs42_y!19sChIJA7LV8hIzxEcRqu4cXo34GvM?authuser=0&hl=nl&rclk=1,Telefoon: 010 485 2528,Rotterdam
"Ready to Heat - Office, event and Artist & crew catering",,http://www.areyoureadytoheat.com/,"https://www.google.com/maps/place/Ready+to+Heat+-+Office,+event+and+Artist+%26+crew+catering/data=!4m7!3m6!1s0x47c5cd3238cb3743:0xa20092dd009f8d62!8m2!3d51.943661!4d4.4959266!16s%2Fg%2F11rxbppw9v!19sChIJQzfLODLNxUcRYo2fAN2SAKI?authuser=0&hl=nl&rclk=1",Telefoon: 06 53572266,Rotterdam
"Siam Kitchen, Thais eten bestellen - Afhalen, Bezorgen en Catering",,https://www.siamkitchen.nl/,"https://www.google.com/maps/place/Siam+Kitchen,+Thais+eten+bestellen+-+Afhalen,+Bezorgen+en+Catering/data=!4m7!3m6!1s0x47c5cad52e129223:0xd09d2581ac9ffe58!8m2!3d51.938883!4d4.426049!16s%2Fg%2F11ckwwdkpv!19sChIJI5ISLtXKxUcRWP6frIElndA?authuser=0&hl=nl&rclk=1",Telefoon: 06 45095524,Rotterdam
De Groene Peper,info@degroenepeper.nl,https://www.degroenepeper.nl/,https://www.google.com/maps/place/De+Groene+Peper/data=!4m7!3m6!1s0x47c435df55b44ca1:0x25f96063386b4dc5!8m2!3d51.854665!4d4.395163!16s%2Fg%2F1thxk7c2!19sChIJoUy0Vd81xEcRxU1rOGNg-SU?authuser=0&hl=nl&rclk=1,Telefoon: 06 17524106,Rotterdam
BramBus - Bram Ladage op jouw feestje of event,info@ladage.nl,https://bramladage.nl/brambus/,https://www.google.com/maps/place/BramBus+-+Bram+Ladage+op+jouw+feestje+of+event/data=!4m7!3m6!1s0x600f1c2bd657a0e5:0xb7376e71b318efc6!8m2!3d51.939255!4d4.513749!16s%2Fg%2F11xf9_7vlz!19sChIJ5aBX1iscD2ARxu8Ys3FuN7c?authuser=0&hl=nl&rclk=1,Telefoon: 010 202 6244,Rotterdam
PartyKoning.nl | Partyverhuur & Attractieverhuur,info@partykoning.nl,http://www.partykoning.nl/,https://www.google.com/maps/place/PartyKoning.nl+%7C+Partyverhuur+%26+Attractieverhuur/data=!4m7!3m6!1s0x47c449c7ff02382d:0xc5ee5712234ffa8f!8m2!3d51.7767084!4d4.910898!16s%2Fg%2F11c7t04bn9!19sChIJLTgC_8dJxEcRj_pPIxJX7sU?authuser=0&hl=nl&rclk=1,Telefoon: 010 307 4826,Rotterdam
Zin el Afrah,,http://www.zinelafrah.nl/,https://www.google.com/maps/place/Zin+el+Afrah/data=!4m7!3m6!1s0x47c434be76fa107b:0xbcbf97623b2e2904!8m2!3d51.9181452!4d4.4580788!16s%2Fg%2F1tht0mrw!19sChIJexD6dr40xEcRBCkuO2KXv7w?authuser=0&hl=nl&rclk=1,Telefoon: 010 477 7739,Rotterdam
Tafelvanzeven,info@tafelvanzeven.nl,http://www.tafelvanzeven.nl/,https://www.google.com/maps/place/Tafelvanzeven/data=!4m7!3m6!1s0x47c43498e87ce40f:0xf26a5e7e45713a34!8m2!3d51.9033905!4d4.4416627!16s%2Fg%2F1tf423zn!19sChIJD-R86Jg0xEcRNDpxRX5eavI?authuser=0&hl=nl&rclk=1,Telefoon: 06 10221873,Rotterdam
Partyboerderij,info@wapenvandegenkamp.nl,https://www.departyboerderijwapenvandegenkamp.nl/,https://www.google.com/maps/place/Partyboerderij/data=!4m7!3m6!1s0x47c433a33f36700f:0xfba52bf1457795d1!8m2!3d51.8832738!4d4.5026865!16s%2Fg%2F1tczd1rm!19sChIJD3A2P6MzxEcR0ZV3RfErpfs?authuser=0&hl=nl&rclk=1,Telefoon: 010 484 5947,Rotterdam
Afobaka,,http://afobaka.nl/,https://www.google.com/maps/place/Afobaka/data=!4m7!3m6!1s0x47c43336e1c13ca3:0x1e47561635f86398!8m2!3d51.9274216!4d4.5091853!16s%2Fg%2F1tcwkr8g!19sChIJozzB4TYzxEcRmGP4NRZWRx4?authuser=0&hl=nl&rclk=1,Telefoon: 010 404 7366,Rotterdam
The Tea Lab,info@thetealab.nl,https://www.thetealab.nl/,https://www.google.com/maps/place/The+Tea+Lab/data=!4m7!3m6!1s0x47c433594e1102f7:0xd3936d649be3fde6!8m2!3d51.9137875!4d4.4643179!16s%2Fg%2F11b6llvw0t!19sChIJ9wIRTlkzxEcR5v3jm2Rtk9M?authuser=0&hl=nl&rclk=1,Telefoon: 010 213 5044,Rotterdam
De Pizza Chef,info@depizzachef.nl,https://www.depizzachef.nl/,https://www.google.com/maps/place/De+Pizza+Chef/data=!4m7!3m6!1s0x80375e611298de01:0x27288f989fffd1b4!8m2!3d51.964377!4d4.5434402!16s%2Fg%2F11qh71h2z0!19sChIJAd6YEmFeN4ARtNH_n5iPKCc?authuser=0&hl=nl&rclk=1,Telefoon: 06 17633940,Rotterdam
Westerkaatje,centrum@westerkaatje.nl,http://www.westerkaatje.nl/,https://www.google.com/maps/place/Westerkaatje/data=!4m7!3m6!1s0x47c434aaac307f9f:0x3b349538ca99dcfe!8m2!3d51.9360284!4d4.4801003!16s%2Fg%2F1hhgfdj0x!19sChIJn38wrKo0xEcR_tyZyjiVNDs?authuser=0&hl=nl&rclk=1,Telefoon: 010 466 5243,Rotterdam
Raderstoomboot De Majesteit,info@raderstoomboot.nl,https://www.raderstoomboot.nl/,https://www.google.com/maps/place/Raderstoomboot+De+Majesteit/data=!4m7!3m6!1s0x47c433474ac9990b:0xe1c092f572e3efdb!8m2!3d51.9189543!4d4.5047701!16s%2Fg%2F1thxzznx!19sChIJC5nJSkczxEcR2-_jcvWSwOE?authuser=0&hl=nl&rclk=1,Telefoon: 010 414 6744,Rotterdam
Oestermeisje,,http://oestermannen.nl/,https://www.google.com/maps/place/Oestermeisje/data=!4m7!3m6!1s0x47c4357d81a144c5:0x4b11ea9b83b3fc5b!8m2!3d51.9353526!4d4.4739986!16s%2Fg%2F11t3bst8zr!19sChIJxUShgX01xEcRW_yzg5vqEUs?authuser=0&hl=nl&rclk=1,Telefoon: 020 320 0043,Rotterdam
"Ten to Three Bakery | Cupcakes, Macarons & Cakes",info@tentothreebakery.com,https://tentothreebakery.nl/,"https://www.google.com/maps/place/Ten+to+Three+Bakery+%7C+Cupcakes,+Macarons+%26+Cakes/data=!4m7!3m6!1s0x47c434a7557a2ff3:0x114bd258a3f509d7!8m2!3d51.9330112!4d4.4279774!16s%2Fg%2F1tdzvw_x!19sChIJ8y96Vac0xEcR1wn1o1jSSxE?authuser=0&hl=nl&rclk=1",Telefoon: 010 262 0439,Rotterdam
Pomms' Rotterdam,rotterdam@pomms.nl,https://pomms.nl/shops/pomms-rotterdam/,https://www.google.com/maps/place/Pomms%27+Rotterdam/data=!4m7!3m6!1s0x47c60a20c8aaa3b1:0xe5de0a54f5b79267!8m2!3d51.9206861!4d4.4794115!16s%2Fg%2F1tff6tl9!19sChIJsaOqyCAKxkcRZ5K39VQK3uU?authuser=0&hl=nl&rclk=1,Telefoon: 06 40433300,Rotterdam
Taibah Restaurant & Catering | مطعم طيبة,info@taibahrestaurant.nl,http://www.taibahrestaurant.nl/,https://www.google.com/maps/place/Taibah+Restaurant+%26+Catering+%7C+%D9%85%D8%B7%D8%B9%D9%85+%D8%B7%D9%8A%D8%A8%D8%A9%E2%80%AD/data=!4m7!3m6!1s0x47c433d652625d31:0xebbfc83e036c1f18!8m2!3d51.902164!4d4.4945415!16s%2Fg%2F11t158m1wn!19sChIJMV1iUtYzxEcRGB9sAz7Iv-s?authuser=0&hl=nl&rclk=1,Telefoon: 010 846 0795,Rotterdam
"Delibert | Online Ontbijt,Lunch en Borrelcatering",info@delibert.nl,https://www.delibert.nl/?utm_source=google&utm_medium=mybusiness,"https://www.google.com/maps/place/Delibert+%7C+Online+Ontbijt,Lunch+en+Borrelcatering/data=!4m7!3m6!1s0x47c4350577cda151:0xae1db258621eb32d!8m2!3d51.9046575!4d4.4112312!16s%2Fg%2F1td4cqr_!19sChIJUaHNdwU1xEcRLbMeYliyHa4?authuser=0&hl=nl&rclk=1",Telefoon: 010 473 6204,Rotterdam
Casa Reinders,info@casareinders.com,http://www.casareinders.com/,https://www.google.com/maps/place/Casa+Reinders/data=!4m7!3m6!1s0x47c4333548b484b3:0xf453f02585f137c!8m2!3d51.9290849!4d4.5023472!16s%2Fg%2F11fjmgk26d!19sChIJs4S0SDUzxEcRfBNfWAI_RQ8?authuser=0&hl=nl&rclk=1,Telefoon: 06 15118248,Rotterdam
Holie Pizza catering,info@holiepizza.nl,http://holiepizza.nl/,https://www.google.com/maps/place/Holie+Pizza+catering/data=!4m7!3m6!1s0x8c35830a7f4246f9:0x63e22a590df97797!8m2!3d52.0122737!4d4.3743381!16s%2Fg%2F11t8b833gy!19sChIJ-UZCfwqDNYwRl3f5DVkq4mM?authuser=0&hl=nl&rclk=1,Telefoon: 015 202 3623,Rotterdam
Bakehouse,,http://www.bakehouse.nl/,https://www.google.com/maps/place/Bakehouse/data=!4m7!3m6!1s0x47c4357ebc46b3d1:0xe89073670bcafe1f!8m2!3d51.9175196!4d4.456778!16s%2Fg%2F11j53hsy4j!19sChIJ0bNGvH41xEcRH_7KC2dzkOg?authuser=0&hl=nl&rclk=1,Telefoon: 010 848 9611,Rotterdam
Mexicaanse Foodtruck huren - Exotiqo,info@exotiqo.nl,https://www.exotiqo.nl/,https://www.google.com/maps/place/Mexicaanse+Foodtruck+huren+-+Exotiqo/data=!4m7!3m6!1s0x47c435b23fb474fd:0x72c764536b0b2a19!8m2!3d51.9163628!4d4.4388332!16s%2Fg%2F11k9s_jzvc!19sChIJ_XS0P7I1xEcRGSoLa1Nkx3I?authuser=0&hl=nl&rclk=1,Telefoon: 06 18815900,Rotterdam
Cateraar Rotterdam,info@partycateringrotterdam.nl,http://partycateringrotterdam.nl/,https://www.google.com/maps/place/Cateraar+Rotterdam/data=!4m7!3m6!1s0x47c433d27d1e02cf:0xf1afa9b92cf65400!8m2!3d51.9248897!4d4.5200802!16s%2Fg%2F11hz98_npb!19sChIJzwIefdIzxEcRAFT2LLmpr_E?authuser=0&hl=nl&rclk=1,Telefoon: 085 743 0362,Rotterdam
Ameny,info@ameny.nl,https://www.ameny.nl/,https://www.google.com/maps/place/Ameny/data=!4m7!3m6!1s0x47c4337964e6e0a5:0x40f026f7773fef20!8m2!3d51.9537959!4d4.5333312!16s%2Fg%2F1tfj2bgz!19sChIJpeDmZHkzxEcRIO8_d_cm8EA?authuser=0&hl=nl&rclk=1,Telefoon: 06 41577615,Rotterdam
La Vita è Bella Traiteur,info@lavitaebellatraiteur.nl,https://lavitaebellatraiteur.nl/,https://www.google.com/maps/place/La+Vita+%C3%A8+Bella+Traiteur/data=!4m7!3m6!1s0x47c43346524b8f8d:0x8e4f10456f95f625!8m2!3d51.9231126!4d4.499698!16s%2Fg%2F1tdqyx72!19sChIJjY9LUkYzxEcRJfaVb0UQT44?authuser=0&hl=nl&rclk=1,Telefoon: 06 25242354,Rotterdam
Maesstede Catering & Events,info@maesstede-catering.nl,http://www.cateringoplocatie.nl/,https://www.google.com/maps/place/Maesstede+Catering+%26+Events/data=!4m7!3m6!1s0x47c5ccb1b676673f:0x3dfe106bbf1cef8a!8m2!3d51.9435962!4d4.4972304!16s%2Fg%2F1tg_w8gf!19sChIJP2d2trHMxUcRiu8cv2sQ_j0?authuser=0&hl=nl&rclk=1,Telefoon: 010 404 6060,Rotterdam
Keurslager H.P. van Linschoten,info@hpvanlinschoten.nl,https://hpvanlinschoten.nl/,https://www.google.com/maps/place/Keurslager+H.P.+van+Linschoten/data=!4m7!3m6!1s0x47c4333a16e15e69:0x6a497e2451f489c!8m2!3d51.9234435!4d4.511508!16s%2Fg%2F1t_kfpl9!19sChIJaV7hFjozxEcRnEgfReKXpAY?authuser=0&hl=nl&rclk=1,Telefoon: 010 281 0665,Rotterdam
"De Cocktailfiets, mobiele cocktailbar & cocktailworkshop op locatie",sales@decocktailfiets.nl,https://www.decocktailfiets.nl/?utm_source=google&utm_medium=organic&utm_campaign=gmb-rotterdam,"https://www.google.com/maps/place/De+Cocktailfiets,+mobiele+cocktailbar+%26+cocktailworkshop+op+locatie/data=!4m7!3m6!1s0x47c435066b540e83:0xd8c1d85bc356841a!8m2!3d51.9225351!4d4.4717287!16s%2Fg%2F11fjv0khlw!19sChIJgw5UawY1xEcRGoRWw1vYwdg?authuser=0&hl=nl&rclk=1",Telefoon: 06 13662259,Rotterdam
Foodtruck Smullen met Smulders,Info@edwinsmulderscatering.nl,http://www.edwinsmulderscatering.nl/,https://www.google.com/maps/place/Foodtruck+Smullen+met+Smulders/data=!4m7!3m6!1s0x47c42e48be6bfdb1:0x44acfbde874ed235!8m2!3d51.8323866!4d4.6248562!16s%2Fg%2F1tjwgxtw!19sChIJsf1rvkguxEcRNdJOh977rEQ?authuser=0&hl=nl&rclk=1,Telefoon: 078 220 5070,Rotterdam
Locatie Hofboog,info@locatiehofboog.nl,http://www.locatiehofboog.nl/,https://www.google.com/maps/place/Locatie+Hofboog/data=!4m7!3m6!1s0x47c4350d82f03541:0x71b3e2d5674ce664!8m2!3d51.9334737!4d4.4691442!16s%2Fg%2F11fkr3bxtn!19sChIJQTXwgg01xEcRZOZMZ9Xis3E?authuser=0&hl=nl&rclk=1,Telefoon: 06 24671217,Rotterdam
Da Giuseppe delicatesse & Catering,info@dagiuseppe.nl,http://www.dagiuseppe.nl/,https://www.google.com/maps/place/Da+Giuseppe+delicatesse+%26+Catering/data=!4m7!3m6!1s0x47c4333732e17c2b:0x7e79d0730abb927a!8m2!3d51.9265439!4d4.5109307!16s%2Fg%2F1tf80s23!19sChIJK3zhMjczxEcRepK7CnPQeX4?authuser=0&hl=nl&rclk=1,Telefoon: 010 411 1881,Rotterdam
The Boathouse Kralingen,info@theboathousekralingen.nl,https://www.theboathousekralingen.nl/,https://www.google.com/maps/place/The+Boathouse+Kralingen/data=!4m7!3m6!1s0x47c5cccaa11f9cc5:0x97bf65b5cb3e46c5!8m2!3d51.9369295!4d4.5073459!16s%2Fg%2F11clhrhyzl!19sChIJxZwfocrMxUcRxUY-y7Vlv5c?authuser=0&hl=nl&rclk=1,Telefoon: 010 203 7827,Rotterdam
Boer Catering,info@boercatering.nl,http://www.boercatering.nl/,https://www.google.com/maps/place/Boer+Catering/data=!4m7!3m6!1s0x47c5b2daf8a903b3:0x6a889affc973ab9e!8m2!3d51.9591358!4d4.2147586!16s%2Fg%2F1tdn7vpx!19sChIJswOp-NqyxUcRnqtzyf-aiGo?authuser=0&hl=nl&rclk=1,Telefoon: 0174 512 360,Rotterdam
hotspot hutspot dc,,http://hotspothutspotdc.nl/,https://www.google.com/maps/place/hotspot+hutspot+dc/data=!4m7!3m6!1s0x47c43351d1b2bae7:0xc7010f4873e18a24!8m2!3d51.9406983!4d4.496646!16s%2Fg%2F11bw6_2gbb!19sChIJ57qy0VEzxEcRJIrhc0gPAcc?authuser=0&hl=nl&rclk=1,Telefoon: 06 51810675,Rotterdam
Wijkkeuken van Zuid,,http://wijkkeukenvanzuid.nl/,https://www.google.com/maps/place/Wijkkeuken+van+Zuid/data=!4m7!3m6!1s0x47c4330cac62dbc9:0x8f3bb26961cbf36b!8m2!3d51.8987939!4d4.5004242!16s%2Fg%2F1hdy_59ls!19sChIJydtirAwzxEcRa_PLYWmyO48?authuser=0&hl=nl&rclk=1,Telefoon: 06 82078232,Rotterdam
Westerkaatje,centrum@westerkaatje.nl,http://westerkaatje.nl/,https://www.google.com/maps/place/Westerkaatje/data=!4m7!3m6!1s0x47c5cdd8750c723d:0x26be8cb5a2ed484b!8m2!3d51.9581227!4d4.494353!16s%2Fg%2F11s83r3bdl!19sChIJPXIMddjNxUcRS0jtorWMviY?authuser=0&hl=nl&rclk=1,Telefoon: 010 303 0837,Rotterdam
The Ribtastic Brothers,eat@ribtasticbrothers.nlsubject=Website Contact The Ribtastic Brothers,https://www.ribtasticbrothers.nl/,https://www.google.com/maps/place/The+Ribtastic+Brothers/data=!4m7!3m6!1s0x47c433d972da8f1f:0x9fb9eb9e2d0d60ff!8m2!3d51.8973781!4d4.5542959!16s%2Fg%2F11fs0n7z01!19sChIJH4_actkzxEcR_2ANLZ7ruZ8?authuser=0&hl=nl&rclk=1,Telefoon: 06 40739317,Rotterdam
Traiteur sebastiaan,traiteursebastiaan@gmail.com,http://www.traiteursebastiaan.nl/,https://www.google.com/maps/place/Traiteur+sebastiaan/data=!4m7!3m6!1s0x47c5cb8da066801d:0x60776fb47eabd8d!8m2!3d51.9803771!4d4.4523325!16s%2Fg%2F11pz614yg2!19sChIJHYBmoI3LxUcRjb3qR_t2BwY?authuser=0&hl=nl&rclk=1,Telefoon: 06 41952831,Rotterdam
Kaaspaleis Blijdorp,info@taste2.nl,https://kaaspaleisblijdorp.nl/,https://www.google.com/maps/place/Kaaspaleis+Blijdorp/data=!4m7!3m6!1s0x47c434b6be69c729:0x2d3495682db16099!8m2!3d51.9308918!4d4.4584163!16s%2Fg%2F1tfs9_xn!19sChIJKcdpvrY0xEcRmWCxLWiVNC0?authuser=0&hl=nl&rclk=1,Telefoon: 010 466 5472,Rotterdam
Déli Bazar,info@delibazar.nl,https://delibazar.nl/,https://www.google.com/maps/place/D%C3%A9li+Bazar/data=!4m7!3m6!1s0x47c4354e757b5491:0xc04330f886bad27d!8m2!3d51.9423987!4d4.4100421!16s%2Fg%2F11h3g8q58n!19sChIJkVR7dU41xEcRfdK6hvgwQ8A?authuser=0&hl=nl&rclk=1,Telefoon: 010 229 8096,Rotterdam
PEC Party Exceptional Catering B.V.,info@pec-catering.nl,http://www.pec-catering.nl/,https://www.google.com/maps/place/PEC+Party+Exceptional+Catering+B.V./data=!4m7!3m6!1s0x47c5cb6ddfc346e7:0x2b5c28079c555602!8m2!3d51.913339!4d4.521114!16s%2Fg%2F1tk66wmx!19sChIJ50bD323LxUcRAlZVnAcoXCs?authuser=0&hl=nl&rclk=1,Telefoon: 010 285 4555,Rotterdam
MADINA CATERING,,,https://www.google.com/maps/place/MADINA+CATERING/data=!4m7!3m6!1s0x47c433586ce53217:0x41a527fc4fb2b95!8m2!3d51.9244591!4d4.4792866!16s%2Fg%2F11dd_qhyk7!19sChIJFzLlbFgzxEcRlSv7xH9SGgQ?authuser=0&hl=nl&rclk=1,Telefoon: 010 237 3285,Rotterdam
Vergaderlocatie The Happy Flow | Rotterdam centrum,info@thehappyflow.nl,http://www.thehappyflow.nl/,https://www.google.com/maps/place/Vergaderlocatie+The+Happy+Flow+%7C+Rotterdam+centrum/data=!4m7!3m6!1s0x47c43389e6c15779:0x89b2d40ca91a141a!8m2!3d51.9135242!4d4.4855697!16s%2Fg%2F11hz050qry!19sChIJeVfB5okzxEcRGhQaqQzUsok?authuser=0&hl=nl&rclk=1,Telefoon: 010 333 5833,Rotterdam
SweetieFood,contact@sweetiefood.nl,https://sweetiefood.nl/,https://www.google.com/maps/place/SweetieFood/data=!4m7!3m6!1s0xa6c42840f9c06b83:0xe0f7a78c375e28db!8m2!3d51.911979!4d4.2811021!16s%2Fg%2F11y3vfy88k!19sChIJg2vA-UAoxKYR2yheN4yn9-A?authuser=0&hl=nl&rclk=1,Telefoon: 06 30725683,Rotterdam
"🎉 Party and Weddings – Feestdecoratie, verhuur & catering in Rotterdam 🎉",info@partyandweddings.nl,http://partyandweddings.nl/,"https://www.google.com/maps/place/%F0%9F%8E%89+Party+and+Weddings+%E2%80%93+Feestdecoratie,+verhuur+%26+catering+in+Rotterdam+%F0%9F%8E%89/data=!4m7!3m6!1s0x47c434ab8482025d:0xc7aadbae7d1c86ef!8m2!3d51.953753!4d4.5310707!16s%2Fg%2F1pty8skn1!19sChIJXQKChKs0xEcR74Ycfa7bqsc?authuser=0&hl=nl&rclk=1",Telefoon: 06 46341381,Rotterdam
DSR food Gouda,gouda@dsrfood.nl,https://www.dsrfood.nl/gouda/,https://www.google.com/maps/place/DSR+food+Gouda/data=!4m7!3m6!1s0x47c5d3b13e7cde29:0x16c497841156fe06!8m2!3d51.9868837!4d4.6532314!16s%2Fg%2F11bwnyhr0t!19sChIJKd58PrHTxUcRBv5WEYSXxBY?authuser=0&hl=nl&rclk=1,Telefoon: 06 13533601,Rotterdam
Hapjes Aan Huis,info@hapjesaanhuis.nl,http://www.hapjesaanhuis.nl/,https://www.google.com/maps/place/Hapjes+Aan+Huis/data=!4m7!3m6!1s0x47c5ef8036892e4b:0x4836773a6c55b578!8m2!3d52.3946269!4d4.6537825!16s%2Fg%2F119tqck03!19sChIJSy6JNoDvxUcReLVVbDp3Nkg?authuser=0&hl=nl&rclk=1,Telefoon: 085 743 0362,Rotterdam
Jacky's Lunchcafé Rotterdam,info@jackyslunch.nl,http://jackyslunch.nl/,https://www.google.com/maps/place/Jacky%27s+Lunchcaf%C3%A9+Rotterdam/data=!4m7!3m6!1s0x47c43530321756ff:0x6b7b5578ac1ed7e3!8m2!3d51.9307344!4d4.4134091!16s%2Fg%2F11c0w3y0j4!19sChIJ_1YXMjA1xEcR49cerHhVe2s?authuser=0&hl=nl&rclk=1,Telefoon: 010 203 7822,Rotterdam
KOCO,info@kocorotterdam.nl,http://www.kocorotterdam.nl/,https://www.google.com/maps/place/KOCO/data=!4m7!3m6!1s0x47c433631860cc5b:0x66bf682f299c38cd!8m2!3d51.8874464!4d4.4824738!16s%2Fg%2F11h5rv9l0m!19sChIJW8xgGGMzxEcRzTicKS9ov2Y?authuser=0&hl=nl&rclk=1,Telefoon: 010 316 3116,Rotterdam
Ontbijtservice Rotterdam,mail@usercentrics.com,http://www.ontbijt.nl/ontbijtservice-rotterdam/,https://www.google.com/maps/place/Ontbijtservice+Rotterdam/data=!4m7!3m6!1s0x47c435cc710e0c9f:0x3753badfa2e5a95f!8m2!3d51.8696625!4d4.4132245!16s%2Fg%2F11x9yfvcv!19sChIJnwwOccw1xEcRX6nlot-6Uzc?authuser=0&hl=nl&rclk=1,,Rotterdam
Cateringevents,info@cateringevents.nl,https://www.cateringevents.nl/,https://www.google.com/maps/place/Cateringevents/data=!4m7!3m6!1s0x47c643feaf9f96e1:0x7df8f5e21753664!8m2!3d52.1409559!4d5.4179769!16s%2Fg%2F11f3xh68l1!19sChIJ4Zafr_5DxkcRZDZ1IV6P3wc?authuser=0&hl=nl&rclk=1,Telefoon: 033 465 5452,Rotterdam
DSR food Rotterdam Prins Alexander,,https://www.dsrfood.nl/,https://www.google.com/maps/place/DSR+food+Rotterdam+Prins+Alexander/data=!4m7!3m6!1s0x47c5cd1891ed958b:0x953880908c010b0b!8m2!3d51.9868885!4d4.6532236!16s%2Fg%2F1ptz8zvgz!19sChIJi5XtkRjNxUcRCwsBjJCAOJU?authuser=0&hl=nl&rclk=1,Telefoon: 06 13533601,Rotterdam
The Pani Puri Bar,,http://www.thepanipuribar.nl/,https://www.google.com/maps/place/The+Pani+Puri+Bar/data=!4m7!3m6!1s0x47c433d2a5fa73dd:0xcc9facf043f9f05b!8m2!3d51.9029331!4d4.4494937!16s%2Fg%2F11qqwz17md!19sChIJ3XP6pdIzxEcRW_D5Q_Csn8w?authuser=0&hl=nl&rclk=1,Telefoon: 06 42142023,Rotterdam
Spirit Rotterdam,,http://spiritrestaurants.nl/,https://www.google.com/maps/place/Spirit+Rotterdam/data=!4m7!3m6!1s0x47c4335af5cf5675:0x93d3733c55811819!8m2!3d51.9239668!4d4.4880241!16s%2Fg%2F1thl0080!19sChIJdVbP9VozxEcRGRiBVTxz05M?authuser=0&hl=nl&rclk=1,Telefoon: 010 411 6356,Rotterdam
De Kookfabriek Rotterdam,info@kookfabriek.nl,https://www.kookfabriek.nl/locaties/rotterdam,https://www.google.com/maps/place/De+Kookfabriek+Rotterdam/data=!4m7!3m6!1s0x47c4348f9618dc25:0x19c694a1e324070d!8m2!3d51.9035017!4d4.4606978!16s%2Fg%2F1hm3p1hc9!19sChIJJdwYlo80xEcRDQck46GUxhk?authuser=0&hl=nl&rclk=1,Telefoon: 010 268 0063,Rotterdam
Joelia,info@joelia.eu,https://joelia.eu/,https://www.google.com/maps/place/Joelia/data=!4m7!3m6!1s0x47c434a79d41b103:0x54168a39eb848392!8m2!3d51.9237438!4d4.4775625!16s%2Fg%2F11c3ymvtl8!19sChIJA7FBnac0xEcRkoOE6zmKFlQ?authuser=0&hl=nl&rclk=1,Telefoon: 010 710 8034,Rotterdam
Saté Lounge - PA Rotterdam,,,https://www.google.com/maps/place/Sat%C3%A9+Lounge+-+PA+Rotterdam/data=!4m7!3m6!1s0x47c433a12b914f15:0x2474f0cafe67a424!8m2!3d51.9202982!4d4.4872415!16s%2Fg%2F11ghg29m61!19sChIJFU-RK6EzxEcRJKRn_srwdCQ?authuser=0&hl=nl&rclk=1,,Rotterdam
Kookworkshops 🇮🇩,,,https://www.google.com/maps/place/Kookworkshops+%F0%9F%87%AE%F0%9F%87%A9/data=!4m7!3m6!1s0x47c5cbe03ae0f487:0x322cb9eb56663ec0!8m2!3d51.9404506!4d4.4816126!16s%2Fg%2F11h618yyr0!19sChIJh_TgOuDLxUcRwD5mVuu5LDI?authuser=0&hl=nl&rclk=1,,Rotterdam
Itami,info@restaurantitami.nl,http://www.restaurantitami.com/,https://www.google.com/maps/place/Itami/data=!4m7!3m6!1s0x47c4336f0628e759:0xa1f80d4921152bb9!8m2!3d51.9067141!4d4.4899369!16s%2Fg%2F1tplph15!19sChIJWecoBm8zxEcRuSsVIUkN-KE?authuser=0&hl=nl&rclk=1,Telefoon: 010 215 0751,Rotterdam
Punjabi Food Stadhuisplein,info@punjabifood.nl,http://www.punjabifood.com/,https://www.google.com/maps/place/Punjabi+Food+Stadhuisplein/data=!4m7!3m6!1s0x47c43553d736fcc1:0xe5dafaa4cc7ec0ab!8m2!3d51.9220014!4d4.4769505!16s%2Fg%2F11k747fn2k!19sChIJwfw211M1xEcRq8B-zKT62uU?authuser=0&hl=nl&rclk=1,Telefoon: 010 210 4719,Rotterdam
Baker&Moore,info@bakerandmoore.nl,http://www.bakerandmoore.nl/,https://www.google.com/maps/place/Baker%26Moore/data=!4m7!3m6!1s0x47c434a041aae8e5:0xaca66d1262009b28!8m2!3d51.9169771!4d4.4751981!16s%2Fg%2F11b76d0czw!19sChIJ5eiqQaA0xEcRKJsAYhJtpqw?authuser=0&hl=nl&rclk=1,Telefoon: 06 19989843,Rotterdam
Visrestaurant Miomar B.V,info@miomar.nl,https://miomar.nl/,https://www.google.com/maps/place/Visrestaurant+Miomar+B.V/data=!4m7!3m6!1s0x47c43581781ee319:0x3f89f50fe1b298f!8m2!3d51.932822!4d4.479171!16s%2Fg%2F11rbs4sxw9!19sChIJGeMeeIE1xEcRjykb_lCf-AM?authuser=0&hl=nl&rclk=1,Telefoon: 010 314 0572,Rotterdam
Bombay Curry House - Indiaas restaurant 🇮🇳,info@bombaycurryhouse.nl,https://bombaycurryhouse.nl/nl/?utm_source=google&utm_medium=googlemijnbedrijf&utm_campaign=bombaycurryhouse&utm_id=googlemijnbedrijf,https://www.google.com/maps/place/Bombay+Curry+House+-+Indiaas+restaurant+%F0%9F%87%AE%F0%9F%87%B3/data=!4m7!3m6!1s0x47c435134a2c42d7:0xfa029b334c7ca2f0!8m2!3d51.913297!4d4.4613774!16s%2Fg%2F11fr8by_22!19sChIJ10IsShM1xEcR8KJ8TDObAvo?authuser=0&hl=nl&rclk=1,Telefoon: 010 210 7974,Rotterdam
Restaurant Huson,,http://www.huson.nl/,https://www.google.com/maps/place/Restaurant+Huson/data=!4m7!3m6!1s0x47c4336175d72181:0x8638eb171eee130f!8m2!3d51.9107791!4d4.478356!16s%2Fg%2F1tdvny0_!19sChIJgSHXdWEzxEcRDxPuHhfrOIY?authuser=0&hl=nl&rclk=1,Telefoon: 010 413 0371,Rotterdam
Cate Dak,catedak@163.com,https://catedak.nl/,https://www.google.com/maps/place/Cate+Dak/data=!4m7!3m6!1s0x47c433526a76a2d3:0xac1c793423d455ae!8m2!3d51.9232081!4d4.495917!16s%2Fg%2F11gmz02g4z!19sChIJ06J2alIzxEcRrlXUIzR5HKw?authuser=0&hl=nl&rclk=1,Telefoon: 06 26892198,Rotterdam
The Iron Lady,book@ironladysteak.nl,http://ironladysteak.nl/,https://www.google.com/maps/place/The+Iron+Lady/data=!4m7!3m6!1s0x47c433cf351f2d4d:0xbf6cf344be357c53!8m2!3d51.9238751!4d4.4871269!16s%2Fg%2F11frnbsy02!19sChIJTS0fNc8zxEcRU3w1vkTzbL8?authuser=0&hl=nl&rclk=1,Telefoon: 010 303 2546,Rotterdam
Loetje Rotterdam Centrum,pers@rce.eu,https://www.loetje.nl/locaties/rotterdam-centrum/?utm_source=google&utm_medium=organic&utm_campaign=gbp-listing&utm_content=rotterdam-centrum,https://www.google.com/maps/place/Loetje+Rotterdam+Centrum/data=!4m7!3m6!1s0x47c4337365bcb0f1:0xde9168ce335a47e7!8m2!3d51.9216656!4d4.4873917!16s%2Fg%2F11h0bcc0zl!19sChIJ8bC8ZXMzxEcR50daM85okd4?authuser=0&hl=nl&rclk=1,Telefoon: 010 268 1869,Rotterdam
Bertmans,INFO@BERTMANS.NL,https://bertmans.nl/,https://www.google.com/maps/place/Bertmans/data=!4m7!3m6!1s0x47c435274e23ee0b:0x70c3d5224833120a!8m2!3d51.9210061!4d4.4747512!16s%2Fg%2F11gh9fzx0q!19sChIJC-4jTic1xEcRChIzSCLVw3A?authuser=0&hl=nl&rclk=1,Telefoon: 010 742 0910,Rotterdam
Cappadocia restaurant,info@cappadociarestaurant.nl,https://cappadoarestaurantrotterdam.nl/,https://www.google.com/maps/place/Cappadocia+restaurant/data=!4m7!3m6!1s0x47c5cd46ae6d0c21:0x6c8b7674350df670!8m2!3d51.9329914!4d4.478716!16s%2Fg%2F11qr44nsr_!19sChIJIQxtrkbNxUcRcPYNNXR2i2w?authuser=0&hl=nl&rclk=1,Telefoon: 010 302 0075,Rotterdam
Pesca Rotterdam,hamburg@pesca.restaurant,http://www.pesca.restaurant/,https://www.google.com/maps/place/Pesca+Rotterdam/data=!4m7!3m6!1s0x47c433312251506d:0x748b81a345ad0c3d!8m2!3d51.9226992!4d4.4868283!16s%2Fg%2F11t317685w!19sChIJbVBRIjEzxEcRPQytRaOBi3Q?authuser=0&hl=nl&rclk=1,Telefoon: 010 307 1381,Rotterdam
De Club Room - ss Rotterdam,reserveringen@ssrotterdam.nl,https://ssrotterdam.nl/eten/club-room/,https://www.google.com/maps/place/De+Club+Room+-+ss+Rotterdam/data=!4m7!3m6!1s0x47c43481dd0c5125:0x2a8185f751145f5f!8m2!3d51.8981423!4d4.4732576!16s%2Fg%2F11ggrm3kk3!19sChIJJVEM3YE0xEcRX18UUfeFgSo?authuser=0&hl=nl&rclk=1,Telefoon: 010 297 3090,Rotterdam
Obba's Foodbar Markthal,info@obbasfoodbar.nl,http://www.obbasfoodbar.nl/,https://www.google.com/maps/place/Obba%27s+Foodbar+Markthal/data=!4m7!3m6!1s0x47c4335c773009e1:0x46ddf85045ead535!8m2!3d51.920002!4d4.4868531!16s%2Fg%2F11c5zrc64z!19sChIJ4Qkwd1wzxEcRNdXqRVD43UY?authuser=0&hl=nl&rclk=1,Telefoon: 010 210 5198,Rotterdam
Cannibale Royale Westblaak,bookingcra@cannibaleroyale.nl,http://www.cannibaleroyale.nl/,https://www.google.com/maps/place/Cannibale+Royale+Westblaak/data=!4m7!3m6!1s0x47c433c4fdcae34f:0x835599c0114222fe!8m2!3d51.9170158!4d4.4770834!16s%2Fg%2F11rx2zfl5l!19sChIJT-PK_cQzxEcR_iJCEcCZVYM?authuser=0&hl=nl&rclk=1,Telefoon: 010 820 9849,Rotterdam
Little V Rotterdam,,https://www.littlev.nl/,https://www.google.com/maps/place/Little+V+Rotterdam/data=!4m7!3m6!1s0x47c4335be49566d1:0x94a7c44302c0fb92!8m2!3d51.9218977!4d4.4845935!16s%2Fg%2F1tgw927d!19sChIJ0WaV5FszxEcRkvvAAkPEp5Q?authuser=0&hl=nl&rclk=1,Telefoon: 010 413 1191,Rotterdam
Proef bij Platenburg,info@proefbijplatenburg.nl,https://proefbijplatenburg.nl/,https://www.google.com/maps/place/Proef+bij+Platenburg/data=!4m7!3m6!1s0x47c43310ea92d09d:0xc561a4af10f6e68!8m2!3d51.9242622!4d4.4869378!16s%2Fg%2F11stphpzxh!19sChIJndCS6hAzxEcRaG4P8UoaVgw?authuser=0&hl=nl&rclk=1,Telefoon: 010 310 6080,Rotterdam
Wakame Rotterdam,,http://wa.me/31611126920,https://www.google.com/maps/place/Wakame+Rotterdam/data=!4m7!3m6!1s0x47c43321eede0bd3:0xc3103b770bbbe620!8m2!3d51.9246227!4d4.4857435!16s%2Fg%2F11tchcgmhv!19sChIJ0wve7iEzxEcRIOa7C3c7EMM?authuser=0&hl=nl&rclk=1,Telefoon: 06 11126920,Rotterdam
Café Putaine,hello@restaurantputaine.nl,https://restaurantputaine.nl/,https://www.google.com/maps/place/Caf%C3%A9+Putaine/data=!4m7!3m6!1s0x47c433d6a09798f1:0xb3806e45528fadc!8m2!3d51.903955!4d4.4881776!16s%2Fg%2F11rwwvm_h2!19sChIJ8ZiXoNYzxEcR3PooVeQGOAs?authuser=0&hl=nl&rclk=1,Telefoon: 06 28510545,Rotterdam
Karakus Home,info@karakushome.com,https://www.karakushome.com/,https://www.google.com/maps/place/Karakus+Home/data=!4m7!3m6!1s0x47c433c592ea94ef:0xa9c6fbb019aea261!8m2!3d51.9170626!4d4.4797314!16s%2Fg%2F11vbsgpvy9!19sChIJ75TqksUzxEcRYaKuGbD7xqk?authuser=0&hl=nl&rclk=1,Telefoon: 010 413 0913,Rotterdam
Happy Food & Health,happyfood@ecetinkaya.com,http://happyfoodandhealth.nl/,https://www.google.com/maps/place/Happy+Food+%26+Health/data=!4m7!3m6!1s0x47c4351236878895:0xe158c5ebd1c8c34c!8m2!3d51.9015753!4d4.4933889!16s%2Fg%2F11g4f9cdxz!19sChIJlYiHNhI1xEcRTMPI0evFWOE?authuser=0&hl=nl&rclk=1,Telefoon: 06 85391666,Rotterdam
91Spices,info@91spices.nl,https://91spices.nl/?utm_source=google&utm_medium=mijn-bedrijf&utm_campaign=mijnbedrijf,https://www.google.com/maps/place/91Spices/data=!4m7!3m6!1s0x47c4335cb514ec6d:0x424be7de9a6c516c!8m2!3d51.9188321!4d4.490225!16s%2Fg%2F11f122y07b!19sChIJbewUtVwzxEcRbFFsmt7nS0I?authuser=0&hl=nl&rclk=1,Telefoon: 010 310 0701,Rotterdam
Chef Hero,,,https://www.google.com/maps/place/Chef+Hero/data=!4m7!3m6!1s0x47c435a0fa21131d:0x2cf9837926428528!8m2!3d51.9192205!4d4.4386711!16s%2Fg%2F11pqb5c33v!19sChIJHRMh-qA1xEcRKIVCJnmD-Sw?authuser=0&hl=nl&rclk=1,Telefoon: 06 87831886,Rotterdam
De Kade,info@dekaderotterdam.nl,http://www.dekaderotterdam.nl/,https://www.google.com/maps/place/De+Kade/data=!4m7!3m6!1s0x47c434a3f4274a87:0xcba47976a495cf76!8m2!3d51.9207255!4d4.4698885!16s%2Fg%2F11c1w0f7tc!19sChIJh0on9KM0xEcRds-VpHZ5pMs?authuser=0&hl=nl&rclk=1,Telefoon: 010 845 3239,Rotterdam
NOTK Wine Restaurant & Bar,info@notk-rotterdam.nl,https://www.notk-rotterdam.nl/,https://www.google.com/maps/place/NOTK+Wine+Restaurant+%26+Bar/data=!4m7!3m6!1s0x47c435920cb17d73:0xfbd5dd3c495cb84d!8m2!3d51.901335!4d4.485919!16s%2Fg%2F11k57fv7tm!19sChIJc32xDJI1xEcRTbhcSTzd1fs?authuser=0&hl=nl&rclk=1,Telefoon: 010 307 1684,Rotterdam
Restaurant Habibi,info@habibirotterdam.nl,https://www.habibirotterdam.nl/,https://www.google.com/maps/place/Restaurant+Habibi/data=!4m7!3m6!1s0x47c434a2833f7851:0x794c13b496334a3!8m2!3d51.9129675!4d4.4640586!16s%2Fg%2F1td6lv7q!19sChIJUXg_g6I0xEcRozRjSTvBlAc?authuser=0&hl=nl&rclk=1,Telefoon: 06 24774422,Rotterdam
Casa Thai Eendrachtsweg,info@casathairotterdam.nl,https://www.casathairotterdam.nl/,https://www.google.com/maps/place/Casa+Thai+Eendrachtsweg/data=!4m7!3m6!1s0x47c43544f3316563:0xfe9fc2b8a98b9340!8m2!3d51.9149787!4d4.4752821!16s%2Fg%2F11wx12yr96!19sChIJY2Ux80Q1xEcRQJOLqbjCn_4?authuser=0&hl=nl&rclk=1,Telefoon: 010 313 0701,Rotterdam
The Duck Truck & Corndogs Binnenweg,,http://www.the-duck-truck-rotterdam.nl/,https://www.google.com/maps/place/The+Duck+Truck+%26+Corndogs+Binnenweg/data=!4m7!3m6!1s0x47c4351c004c78a9:0x4e0239dd23801ea0!8m2!3d51.9134321!4d4.4609396!16s%2Fg%2F11v5b273rj!19sChIJqXhMABw1xEcRoB6AI905Ak4?authuser=0&hl=nl&rclk=1,Telefoon: 06 57379149,Rotterdam
The Duck Truck Markthal,,http://www.theducktruck.nl/,https://www.google.com/maps/place/The+Duck+Truck+Markthal/data=!4m7!3m6!1s0x47c5c68d53359a2d:0x8882cae8dbf1a836!8m2!3d51.9199641!4d4.4865845!16s%2Fg%2F11hcdsdkgc!19sChIJLZo1U43GxUcRNqjx2-jKgog?authuser=0&hl=nl&rclk=1,Telefoon: 06 57862073,Rotterdam
Steak & Bier,info@steakenbier.nl,https://www.steakenbier.nl/,https://www.google.com/maps/place/Steak+%26+Bier/data=!4m7!3m6!1s0x47c434a72bd7bb0b:0x34e58017b548271b!8m2!3d51.9211026!4d4.4746741!16s%2Fg%2F12qf91pvh!19sChIJC7vXK6c0xEcRGydItReA5TQ?authuser=0&hl=nl&rclk=1,Telefoon: 010 433 2582,Rotterdam
Klaargemaakt,info@klaargemaakt.nl,http://www.klaargemaakt.nl/,https://www.google.com/maps/place/Klaargemaakt/data=!4m7!3m6!1s0x47c4358560eed20f:0x33f3d8528e1b01ef!8m2!3d51.9283474!4d4.4745107!16s%2Fg%2F11fl5tsnp3!19sChIJD9LuYIU1xEcR7wEbjlLY8zM?authuser=0&hl=nl&rclk=1,Telefoon: 06 25117725,Rotterdam
Cook4u,info@cook4u.be,http://www.cook4u.be/,https://www.google.com/maps/place/Cook4u/data=!4m7!3m6!1s0x47c1353bd284ebaf:0xbd27dd2dac3594a0!8m2!3d51.222266!4d5.113588!16s%2Fg%2F1tffyn9g!19sChIJr-uE0js1wUcRoJQ1rC3dJ70?authuser=0&hl=nl&rclk=1,Telefoon: +32 14 32 15 69,Rotterdam
Hudson Bar & Kitchen Rotterdam,rotterdam@restauranthudson.nl,https://www.restauranthudson.nl/locations/rotterdam,https://www.google.com/maps/place/Hudson+Bar+%26+Kitchen+Rotterdam/data=!4m7!3m6!1s0x47c4335e4cc96aa3:0xe30fc6b1352529ee!8m2!3d51.9170016!4d4.4803248!16s%2Fg%2F1yh9txgrw!19sChIJo2rJTF4zxEcR7iklNbHGD-M?authuser=0&hl=nl&rclk=1,Telefoon: 010 414 6028,Rotterdam
Urban Tapri,hello@urbantapri.nl,http://urbantapri.nl/,https://www.google.com/maps/place/Urban+Tapri/data=!4m7!3m6!1s0x47c4334a347c95b7:0x1ad3aefcb5af6897!8m2!3d51.9285129!4d4.4741243!16s%2Fg%2F11vb1gjbj0!19sChIJt5V8NEozxEcRl2ivtfyu0xo?authuser=0&hl=nl&rclk=1,Telefoon: 06 23953951,Rotterdam
Grand Café-restaurant Blij,,https://www.blijrotterdam.com/,https://www.google.com/maps/place/Grand+Caf%C3%A9-restaurant+Blij/data=!4m7!3m6!1s0x47c434afd065088f:0xe10ef16dc2f624c5!8m2!3d51.928513!4d4.4666253!16s%2Fg%2F1vq740bv!19sChIJjwhl0K80xEcRxST2wm3xDuE?authuser=0&hl=nl&rclk=1,Telefoon: 010 203 6342,Rotterdam
Blokker Rotterdam Mathenesserplein,,https://www.blokker.nl/winkels/rotterdam/mathenesserplein-81?utm_medium=organic&utm_source=gmblisting,https://www.google.com/maps/place/Blokker+Rotterdam+Mathenesserplein/data=!4m7!3m6!1s0x47c434c1f71b2cc3:0x246aab651fee13e5!8m2!3d51.9173617!4d4.4448087!16s%2Fg%2F1tnmqx3r!19sChIJwywb98E0xEcR5RPuH2WraiQ?authuser=0&hl=nl&rclk=1,Telefoon: 010 303 1914,Rotterdam
Kaaskop,info@kaaskoppasta.nl,https://kaaskoppasta.nl/,https://www.google.com/maps/place/Kaaskop/data=!4m7!3m6!1s0x47c43303c31bb713:0xdc00004577f9e724!8m2!3d51.9220709!4d4.4881051!16s%2Fg%2F11v0tl7jch!19sChIJE7cbwwMzxEcRJOf5d0UAANw?authuser=0&hl=nl&rclk=1,Telefoon: 085 369 5520,Rotterdam
Old Town,info@oldtown.nl,https://www.oldtown.nl/,https://www.google.com/maps/place/Old+Town/data=!4m7!3m6!1s0x47c4335ec1cdbc0b:0x610df3c94bbf7550!8m2!3d51.9192156!4d4.4820871!16s%2Fg%2F11f29xxxdc!19sChIJC7zNwV4zxEcRUHW_S8nzDWE?authuser=0&hl=nl&rclk=1,Telefoon: 06 39229768,Rotterdam
SHIN - True Japan Flavours,info@shinrotterdam.nl,http://www.shinrotterdam.nl/,https://www.google.com/maps/place/SHIN+-+True+Japan+Flavours/data=!4m7!3m6!1s0x47c43397a8f01cd3:0x29f7a10b79d2a5f0!8m2!3d51.9209064!4d4.4815435!16s%2Fg%2F11t0t852lt!19sChIJ0xzwqJczxEcR8KXSeQuh9yk?authuser=0&hl=nl&rclk=1,Telefoon: 010 210 4531,Rotterdam
Dutch Dukes,info@dutchdukes.com,https://www.dutchdukes.com/,https://www.google.com/maps/place/Dutch+Dukes/data=!4m7!3m6!1s0x47c435971f6da23d:0x548d683271d40b5!8m2!3d51.9153962!4d4.4758231!16s%2Fg%2F11rscx41wl!19sChIJPaJtH5c1xEcRtUAdJ4PWSAU?authuser=0&hl=nl&rclk=1,,Rotterdam
Chef shop,,,https://www.google.com/maps/place/Chef+shop/data=!4m7!3m6!1s0x47c5cdc3f807fcf5:0x5ba3301e365eef57!8m2!3d51.9415601!4d4.5567982!16s%2Fg%2F11x121n9y8!19sChIJ9fwH-MPNxUcRV-9eNh4wo1s?authuser=0&hl=nl&rclk=1,Telefoon: 06 42956110,Rotterdam
Dino’s Kitchen & Bar,info@dinoskitchenbar.nl,https://dinoskitchenbar.nl/,https://www.google.com/maps/place/Dino%E2%80%99s+Kitchen+%26+Bar/data=!4m7!3m6!1s0x47c434a727f8879b:0x8868d106bdf1f692!8m2!3d51.9214714!4d4.4744816!16s%2Fg%2F1td1clg6!19sChIJm4f4J6c0xEcRkvbxvQbRaIg?authuser=0&hl=nl&rclk=1,Telefoon: 010 414 4514,Rotterdam
Kookstudio Koken in Rotterdam,info@kokeninrotterdam.nl,https://www.kokeninrotterdam.nl/,https://www.google.com/maps/place/Kookstudio+Koken+in+Rotterdam/data=!4m7!3m6!1s0x47c43345a5758b41:0x9e4651dc60e73bfb!8m2!3d51.9233808!4d4.4948831!16s%2Fg%2F1tfns53g!19sChIJQYt1pUUzxEcR-zvnYNxRRp4?authuser=0&hl=nl&rclk=1,Telefoon: 06 52614280,Rotterdam
Bouz Al Jedi Rotterdam- بوز الجدي روتردام,,https://www.bouzajedi.nl/,https://www.google.com/maps/place/Bouz+Al+Jedi+Rotterdam-+%D8%A8%D9%88%D8%B2+%D8%A7%D9%84%D8%AC%D8%AF%D9%8A+%D8%B1%D9%88%D8%AA%D8%B1%D8%AF%D8%A7%D9%85%E2%80%AD/data=!4m7!3m6!1s0x47c433bd1b861de7:0xe8d46053d0b9d1e3!8m2!3d51.8903667!4d4.5118086!16s%2Fg%2F11x1lhq_y7!19sChIJ5x2GG70zxEcR49G50FNg1Og?authuser=0&hl=nl&rclk=1,Telefoon: 06 48201185,Rotterdam
Tasty Dishes,Info@Tasty-Dishes.nl,https://www.tasty-dishes.nl/,https://www.google.com/maps/place/Tasty+Dishes/data=!4m7!3m6!1s0x47c433258aabd28d:0x2a3e3f909ba1986a!8m2!3d51.9229946!4d4.4944757!16s%2Fg%2F11vxmwl4x_!19sChIJjdKriiUzxEcRapihm5A_Pio?authuser=0&hl=nl&rclk=1,Telefoon: 010 261 4107,Rotterdam
Italian Kitchen Club,info@italiankitchenclub.com,http://www.italiankitchenclub.nl/,https://www.google.com/maps/place/Italian+Kitchen+Club/data=!4m7!3m6!1s0x47c4351b4379c5cd:0x3352ddf16e2f0063!8m2!3d51.9358093!4d4.4710627!16s%2Fg%2F11jrnxj4_c!19sChIJzcV5Qxs1xEcRYwAvbvHdUjM?authuser=0&hl=nl&rclk=1,Telefoon: 06 48139144,Rotterdam
Punjabi Food Markthal,info@punjabifood.nl,http://www.punjabifood.com/,https://www.google.com/maps/place/Punjabi+Food+Markthal/data=!4m7!3m6!1s0x47c4333b9000dee9:0xb45d22ae1f3edf11!8m2!3d51.9199641!4d4.4865845!16s%2Fg%2F11s_v9_5rb!19sChIJ6d4AkDszxEcREd8-H64iXbQ?authuser=0&hl=nl&rclk=1,Telefoon: 010 230 8882,Rotterdam
Latadia Patisserie,,,https://www.google.com/maps/place/Latadia+Patisserie/data=!4m7!3m6!1s0x47c43342815e63c9:0xb32bc8ba04604c7d!8m2!3d51.9145427!4d4.4816718!16s%2Fg%2F11k7tmpk6d!19sChIJyWNegUIzxEcRfUxgBLrIK7M?authuser=0&hl=nl&rclk=1,Telefoon: 06 27435300,Rotterdam
Blokker Rotterdam Lusthofstraat,,https://www.blokker.nl/winkels/rotterdam/lusthofstraat-124?utm_medium=organic&utm_source=gmblisting,https://www.google.com/maps/place/Blokker+Rotterdam+Lusthofstraat/data=!4m7!3m6!1s0x47c43339dfa57f97:0x5580b4f90d4e8593!8m2!3d51.9246398!4d4.5089317!16s%2Fg%2F11c6q7dv_g!19sChIJl3-l3zkzxEcRk4VODfm0gFU?authuser=0&hl=nl&rclk=1,Telefoon: 010 303 3773,Rotterdam
Switi Sranan,,https://lekker-suriname.nl/,https://www.google.com/maps/place/Switi+Sranan/data=!4m7!3m6!1s0x47c434a37796fe05:0xfbbceab141bf7d72!8m2!3d51.9203638!4d4.4676229!16s%2Fg%2F11gb3r3qg5!19sChIJBf6Wd6M0xEcRcn2_QbHqvPs?authuser=0&hl=nl&rclk=1,Telefoon: 010 341 7667,Rotterdam
Bahlna Restaurant,,https://bahlnarestaurant.com/,https://www.google.com/maps/place/Bahlna+Restaurant/data=!4m7!3m6!1s0x47c43564e1361fcb:0x11ba33b8780338ce!8m2!3d51.9194042!4d4.4643727!16s%2Fg%2F11w8xfg1pc!19sChIJyx824WQ1xEcRzjgDeLgzuhE?authuser=0&hl=nl&rclk=1,Telefoon: 06 82594383,Rotterdam
Søstrene Grene,kontakt@sostrenegrene.com,https://sostrenegrene.com/nl/winkel/hoogstraat-rotterdam-s-3004?utm_campaign=gbpg&utm_source=googlebusiness&utm_medium=google,https://www.google.com/maps/place/S%C3%B8strene+Grene/data=!4m7!3m6!1s0x47c4335952e67c05:0xf15f74ff9037ee6!8m2!3d51.920747!4d4.4834339!16s%2Fg%2F11by_f79c4!19sChIJBXzmUlkzxEcR5n4D-U_3FQ8?authuser=0&hl=nl&rclk=1,,Rotterdam
Ezzo Restaurant,,http://restaurantezzo.nl/,https://www.google.com/maps/place/Ezzo+Restaurant/data=!4m7!3m6!1s0x47c433fda08261e1:0xd3ff94b3f7f9add7!8m2!3d51.9276973!4d4.4868735!16s%2Fg%2F11h0g_n2zl!19sChIJ4WGCoP0zxEcR163597OU_9M?authuser=0&hl=nl&rclk=1,Telefoon: 010 785 4232,Rotterdam
Gamasot,gamasot.nl@gmail.com,http://www.gamasot.nl/,https://www.google.com/maps/place/Gamasot/data=!4m7!3m6!1s0x47c4335b14097273:0x540a7f50753ada78!8m2!3d51.9218807!4d4.4888105!16s%2Fg%2F1tsynz0f!19sChIJc3IJFFszxEcReNo6dVB_ClQ?authuser=0&hl=nl&rclk=1,Telefoon: 010 213 3048,Rotterdam
Erikucha Arepera,,,https://www.google.com/maps/place/Erikucha+Arepera/data=!4m7!3m6!1s0x47c4333ce959cd61:0x52aadc66cb8b3b99!8m2!3d51.9202206!4d4.4869613!16s%2Fg%2F11stwpfm31!19sChIJYc1Z6TwzxEcRmTuLy2bcqlI?authuser=0&hl=nl&rclk=1,,Rotterdam
Little Chef,,https://verkenrotterdam.nl/places/little-chef-authentieke-surinaamse-keuken-in-rotterdam-prins-alexander/,https://www.google.com/maps/place/Little+Chef/data=!4m7!3m6!1s0x47c5cddd4ffc0dc7:0x45147dc44d24fd0e!8m2!3d51.9467979!4d4.556425!16s%2Fg%2F11jktzyfjs!19sChIJxw38T93NxUcRDv0kTcR9FEU?authuser=0&hl=nl&rclk=1,Telefoon: 010 228 0155,Rotterdam
Marhaba,,,https://www.google.com/maps/place/Marhaba/data=!4m7!3m6!1s0x47c43355899846cf:0x223ab6a6b92d418d!8m2!3d51.9328711!4d4.4797271!16s%2Fg%2F1tdb3fv6!19sChIJz0aYiVUzxEcRjUEtuaa2OiI?authuser=0&hl=nl&rclk=1,Telefoon: 010 786 3148,Rotterdam
Kookpunt,winkel@kookpunt.nl,https://www.kookpunt.nl/,https://www.google.com/maps/place/Kookpunt/data=!4m7!3m6!1s0x47c433540248ddfd:0x96ccbc5de0a35a91!8m2!3d51.9311018!4d4.4852488!16s%2Fg%2F1hm44y9gy!19sChIJ_d1IAlQzxEcRkVqj4F28zJY?authuser=0&hl=nl&rclk=1,Telefoon: 010 443 1075,Rotterdam
Restaurant Hong-Kong,welkom@hong-kong.nl,http://www.hong-kong.nl/,https://www.google.com/maps/place/Restaurant+Hong-Kong/data=!4m7!3m6!1s0x47c434a15c504d05:0x15f9317aec53bf54!8m2!3d51.9197511!4d4.4714558!16s%2Fg%2F1tgbzyln!19sChIJBU1QXKE0xEcRVL9T7Hox-RU?authuser=0&hl=nl&rclk=1,Telefoon: 010 466 4566,Rotterdam
Heart Melt bar,info@heartmeltbar.com,http://www.heartmeltbar.com/,https://www.google.com/maps/place/Heart+Melt+bar/data=!4m7!3m6!1s0x47c433a64c7add39:0x8073495ab7ad16fc!8m2!3d51.9156378!4d4.4784844!16s%2Fg%2F11vz62db50!19sChIJOd16TKYzxEcR_Batt1pJc4A?authuser=0&hl=nl&rclk=1,,Rotterdam
Broox Rotterdam,info@brooxrotterdam.nl,http://www.brooxrotterdam.nl/,https://www.google.com/maps/place/Broox+Rotterdam/data=!4m7!3m6!1s0x47c4335a38573b1d:0xb3bd6178741104de!8m2!3d51.9237841!4d4.4860668!16s%2Fg%2F1ptx88v51!19sChIJHTtXOFozxEcR3gQRdHhhvbM?authuser=0&hl=nl&rclk=1,Telefoon: 06 53539207,Rotterdam
Dok Boa Thai & Laos Food,,http://www.dok-boa.nl/,https://www.google.com/maps/place/Dok+Boa+Thai+%26+Laos+Food/data=!4m7!3m6!1s0x47c434925e528eb3:0x4d947bcdf203cc34!8m2!3d51.9071121!4d4.4529099!16s%2Fg%2F11nmflm_jg!19sChIJs45SXpI0xEcRNMwD8s17lE0?authuser=0&hl=nl&rclk=1,Telefoon: 010 503 6006,Rotterdam
Zayt & Za’atar/ زيت وزعتر,Zaytenzaatar@gmail.com,http://zaytenzaatar.com/,https://www.google.com/maps/place/Zayt+%26+Za%E2%80%99atar%2F+%D8%B2%D9%8A%D8%AA+%D9%88%D8%B2%D8%B9%D8%AA%D8%B1%E2%80%AD/data=!4m7!3m6!1s0x47c43500583861bf:0x78fc4b743f29f9a6!8m2!3d51.9176062!4d4.4757252!16s%2Fg%2F11vjtcb7d6!19sChIJv2E4WAA1xEcRpvkpP3RL_Hg?authuser=0&hl=nl&rclk=1,Telefoon: 06 25640753,Rotterdam
Dille & Kamille - Rotterdam,klantenservice@dille-kamille.com,https://www.dille-kamille.nl/winkels/rotterdam/?utm_source=googlemybusiness&utm_medium=organic&utm_campaign=rotterdam,https://www.google.com/maps/place/Dille+%26+Kamille+-+Rotterdam/data=!4m7!3m6!1s0x47c4335ebf6cccbd:0xebde611e59032ea3!8m2!3d51.9193738!4d4.482354!16s%2Fg%2F1tzly3sn!19sChIJvcxsv14zxEcRoy4DWR5h3us?authuser=0&hl=nl&rclk=1,Telefoon: 010 411 3338,Rotterdam
Uw Chef,info@uwchef.nl,http://www.uwchef.nl/,https://www.google.com/maps/place/Uw+Chef/data=!4m7!3m6!1s0x47c6f5909cdab583:0x88900e4595effd5!8m2!3d51.8897875!4d5.2701223!16s%2Fg%2F11bv382ylx!19sChIJg7XanJD1xkcR1f9eWeQAiQg?authuser=0&hl=nl&rclk=1,Telefoon: 0345 572 111,Rotterdam
Kampong Express,info@kampongexpress.nl,https://kampongexpress.nl/,https://www.google.com/maps/place/Kampong+Express/data=!4m7!3m6!1s0x47c434a392cd0a23:0x454fe5429a7f12e7!8m2!3d51.9201855!4d4.4693899!16s%2Fg%2F11c2pnvfvj!19sChIJIwrNkqM0xEcR5xJ_mkLlT0U?authuser=0&hl=nl&rclk=1,Telefoon: 010 752 3978,Rotterdam
WES eettentje,,,https://www.google.com/maps/place/WES+eettentje/data=!4m7!3m6!1s0x47c435be30232667:0xe5e77ad965bc6b91!8m2!3d51.9350836!4d4.4794061!16s%2Fg%2F11g5s_z3c1!19sChIJZyYjML41xEcRkWu8Zdl65-U?authuser=0&hl=nl&rclk=1,Telefoon: 010 818 1040,Rotterdam
Morena,booking@morenarotterdam.nl,https://morenarotterdam.nl/,https://www.google.com/maps/place/Morena/data=!4m7!3m6!1s0x47c4333fef493983:0xd1f7f27bba6109f5!8m2!3d51.923077!4d4.486893!16s%2Fg%2F11xp48rmj9!19sChIJgzlJ7z8zxEcR9Qlhunvy99E?authuser=0&hl=nl&rclk=1,Telefoon: 010 313 6258,Rotterdam
O'Pazzo Blaak,,http://www.opazzo.nl/,https://www.google.com/maps/place/O%27Pazzo+Blaak/data=!4m7!3m6!1s0x47c4335b31dc5f17:0x2020de04f57deb16!8m2!3d51.9220835!4d4.490335!16s%2Fg%2F1tdykctz!19sChIJF1_cMVszxEcRFut99QTeICA?authuser=0&hl=nl&rclk=1,Telefoon: 010 282 7107,Rotterdam
Sushito Rotterdam,,http://www.sushito.nl/,https://www.google.com/maps/place/Sushito+Rotterdam/data=!4m7!3m6!1s0x47c43360b8b10671:0x523914e99be15d6!8m2!3d51.9216364!4d4.4888993!16s%2Fg%2F11spzn6_r0!19sChIJcQaxuGAzxEcR1hW-mU6RIwU?authuser=0&hl=nl&rclk=1,Telefoon: 010 844 6528,Rotterdam
Pho - Vietnamese restaurant & Noodle bar,INFO@RESTAURANTPHO.NL,http://www.restaurantpho.nl/,https://www.google.com/maps/place/Pho+-+Vietnamese+restaurant+%26+Noodle+bar/data=!4m7!3m6!1s0x47c434a1557312cf:0x25e70b634b3a170d!8m2!3d51.9205406!4d4.4722823!16s%2Fg%2F1q62kbvxw!19sChIJzxJzVaE0xEcRDRc6S2ML5yU?authuser=0&hl=nl&rclk=1,Telefoon: 010 307 0387,Rotterdam
restaurant LUX,,https://restaurantlux.nl/,https://www.google.com/maps/place/restaurant+LUX/data=!4m7!3m6!1s0x47c43499d54aae7b:0x84080c16488583ac!8m2!3d51.9132413!4d4.4634425!16s%2Fg%2F1tcv5h3w!19sChIJe65K1Zk0xEcRrIOFSBYMCIQ?authuser=0&hl=nl&rclk=1,Telefoon: 010 476 2206,Rotterdam
Ter Marsch & Co - Rotterdam,info.rotterdam@termarschco.nl,https://www.termarschco.nl/nl/rotterdam/home,https://www.google.com/maps/place/Ter+Marsch+%26+Co+-+Rotterdam/data=!4m7!3m6!1s0x47c4349fff960765:0x7c8fc9ee1a0a7124!8m2!3d51.9153745!4d4.4766031!16s%2Fg%2F11cm0lfjqy!19sChIJZQeW_580xEcRJHEKGu7Jj3w?authuser=0&hl=nl&rclk=1,,Rotterdam
Casa Thai คาซ่า ไทย Witte de With,info@casathairotterdam.nl,https://www.casathairotterdam.nl/,https://www.google.com/maps/place/Casa+Thai+%E0%B8%84%E0%B8%B2%E0%B8%8B%E0%B9%88%E0%B8%B2+%E0%B9%84%E0%B8%97%E0%B8%A2+Witte+de+With/data=!4m7!3m6!1s0x47c435ec9d77f369:0x4bb5d4e22a699190!8m2!3d51.9150458!4d4.4755484!16s%2Fg%2F11k46kf27q!19sChIJafN3new1xEcRkJFpKuLUtUs?authuser=0&hl=nl&rclk=1,Telefoon: 010 818 9498,Rotterdam
The Harvest,,http://www.theharvest.nl/,https://www.google.com/maps/place/The+Harvest/data=!4m7!3m6!1s0x47c435bb51a06a01:0x1541e1440cb952e8!8m2!3d51.9271199!4d4.4729567!16s%2Fg%2F11g0l4s__4!19sChIJAWqgUbs1xEcR6FK5DEThQRU?authuser=0&hl=nl&rclk=1,Telefoon: 010 261 3414,Rotterdam
Sabor Sabor,info@saborsabor.nl,https://www.saborsabor.nl/catering?y_source=1_MTA5MDc1ODAwNi03MTUtbG9jYXRpb24ud2Vic2l0ZQ%3D%3D,https://www.google.com/maps/place/Sabor+Sabor/data=!4m7!3m6!1s0x47c43314204fc52f:0x4d279a90384e43fa!8m2!3d51.9200859!4d4.4530845!16s%2Fg%2F1tgjkg9p!19sChIJL8VPIBQzxEcR-kNOOJCaJ00?authuser=0&hl=nl&rclk=1,Telefoon: 06 15620025,Rotterdam
Biryani House | Authentic Pakistani Restaurant in Rotterdam,info@biryanihouse-rotterdam.com,http://biryanihouse-rotterdam.com/,https://www.google.com/maps/place/Biryani+House+%7C+Authentic+Pakistani+Restaurant+in+Rotterdam/data=!4m7!3m6!1s0x47c434bcdd18194f:0xcaaadde6592b8b46!8m2!3d51.9191439!4d4.462896!16s%2Fg%2F11j00s74l6!19sChIJTxkY3bw0xEcRRosrWebdqso?authuser=0&hl=nl&rclk=1,Telefoon: 06 26624004,Rotterdam
Roffa Streetfoodbar,streetfoodbar@roffafood.nl,https://www.roffafood.nl/,https://www.google.com/maps/place/Roffa+Streetfoodbar/data=!4m7!3m6!1s0x47c433618b88bee9:0x8ef325b4552b7e6!8m2!3d51.9103692!4d4.4778173!16s%2Fg%2F11bxg3f0jn!19sChIJ6b6Ii2EzxEcR5rdSRVsy7wg?authuser=0&hl=nl&rclk=1,Telefoon: 010 226 6705,Rotterdam
Lunchroom De Koffiebar,,https://www.lunchroomdekoffiebar.nl/,https://www.google.com/maps/place/Lunchroom+De+Koffiebar/data=!4m7!3m6!1s0x47c434a0ecb332d3:0x3a3855e144dd5ac5!8m2!3d51.9190401!4d4.4759365!16s%2Fg%2F11c42n6vsj!19sChIJ0zKz7KA0xEcRxVrdROFVODo?authuser=0&hl=nl&rclk=1,,Rotterdam
Markthal,,https://www.markthal.nl/en/,https://www.google.com/maps/place/Markthal/data=!4m7!3m6!1s0x47c4335c73d3117b:0x436e791ba797fb18!8m2!3d51.9199641!4d4.4865845!16s%2Fg%2F11b6c9npk5!19sChIJexHTc1wzxEcRGPuXpxt5bkM?authuser=0&hl=nl&rclk=1,Telefoon: 030 234 6464,Rotterdam
Diner Thuis,info@dinerthuis.com,https://www.dinerthuis.com/,https://www.google.com/maps/place/Diner+Thuis/data=!4m7!3m6!1s0x47c5b7478cdcdcbf:0x913b72a3ebd368ee!8m2!3d52.0917985!4d4.3114318!16s%2Fg%2F1tcxy_t7!19sChIJv9zcjEe3xUcR7mjT66NyO5E?authuser=0&hl=nl&rclk=1,Telefoon: 070 360 7558,Haag
De Kookfabriek Den Haag,info@kookfabriek.nl,http://www.kookfabriek.nl/locaties/den-haag,https://www.google.com/maps/place/De+Kookfabriek+Den+Haag/data=!4m7!3m6!1s0x47c5b6cfc70bf089:0xfa47618729711fab!8m2!3d52.0574074!4d4.3027525!16s%2Fg%2F1tjymx83!19sChIJifALx8-2xUcRqx9xKYdhR_o?authuser=0&hl=nl&rclk=1,Telefoon: 070 388 8546,Haag
Kookstudio Koken Op Maat | MY Horeca Events | Kookworkshop Den Haag | workshop koken Den Haag,,https://www.my-horeca.nl/,https://www.google.com/maps/place/Kookstudio+Koken+Op+Maat+%7C+MY+Horeca+Events+%7C+Kookworkshop+Den+Haag+%7C+workshop+koken+Den+Haag/data=!4m7!3m6!1s0x47c5b72897c01d21:0xa9bb881b57d80af2!8m2!3d52.074084!4d4.3061185!16s%2Fg%2F1tds5wwy!19sChIJIR3Alyi3xUcR8grYVxuIu6k?authuser=0&hl=nl&rclk=1,Telefoon: 06 41414416,Haag
RootsandCook - Unique Cooking Workshops - Kookworkshop vanaf 1 persoon,info@rootsandcook.com,https://rootsandcook.com/cooking-workshops-kookworkshop-den-haag/,https://www.google.com/maps/place/RootsandCook+-+Unique+Cooking+Workshops+-+Kookworkshop+vanaf+1+persoon/data=!4m7!3m6!1s0x841a156834818837:0xdca91f9258860dc7!8m2!3d52.0733818!4d4.3058676!16s%2Fg%2F11rcktpdqg!19sChIJN4iBNGgVGoQRxw2GWJIfqdw?authuser=0&hl=nl&rclk=1,Telefoon: 06 26676754,Haag
Kookstudio Eric Jan Fransen,info@ericjanfransen.nl,http://ericjanfransen.nl/,https://www.google.com/maps/place/Kookstudio+Eric+Jan+Fransen/data=!4m7!3m6!1s0x47c5b736f2a53461:0xb39a6bf28c66c153!8m2!3d52.0882999!4d4.3042696!16s%2Fg%2F11cndbc_g4!19sChIJYTSl8ja3xUcRU8FmjPJrmrM?authuser=0&hl=nl&rclk=1,Telefoon: 06 22029056,Haag
Kok aan huis • Thuiskok • Prive kok • Jan van de Nieuwenhof,info@janvandenieuwenhof.nl,http://janvandenieuwenhof.nl/,https://www.google.com/maps/place/Kok+aan+huis+%E2%80%A2+Thuiskok+%E2%80%A2+Prive+kok+%E2%80%A2+Jan+van+de+Nieuwenhof/data=!4m7!3m6!1s0x47c7211fbbc555e9:0x9415d4041b7ffc7!8m2!3d51.529713!4d5.6284721!16s%2Fg%2F11kn3pgbkw!19sChIJ6VXFux8hx0cRx_-3QUBdQQk?authuser=0&hl=nl&rclk=1,Telefoon: 06 23988824,Haag
Max kookt...,info@maxkookt.nl,http://www.maxkookt.nl/,https://www.google.com/maps/place/Max+kookt.../data=!4m7!3m6!1s0x47c5b732bb83b6f5:0x1040e911e5299964!8m2!3d52.0821204!4d4.2962896!16s%2Fg%2F1tdbvycv!19sChIJ9baDuzK3xUcRZJkp5RHpQBA?authuser=0&hl=nl&rclk=1,Telefoon: 06 54280860,Haag
Taste of Moments,tom@tasteofmoments.nl,http://www.tasteofmoments.nl/,https://www.google.com/maps/place/Taste+of+Moments/data=!4m7!3m6!1s0x47c5c93dd5b9d1db:0xbebdfeecaa7e77e6!8m2!3d52.0744111!4d4.4981746!16s%2Fg%2F11r30gd20s!19sChIJ29G51T3JxUcR5nd-quz-vb4?authuser=0&hl=nl&rclk=1,Telefoon: 06 55836759,Haag
NJ-Cook4You Catering,info@nj-cook4you.nl,https://nj-cook4you.nl/,https://www.google.com/maps/place/NJ-Cook4You+Catering/data=!4m7!3m6!1s0x47c5b6147d4bc191:0x6330576229c1f2f2!8m2!3d52.04201!4d4.370267!16s%2Fg%2F1tm87lxx!19sChIJkcFLfRS2xUcR8vLBKWJXMGM?authuser=0&hl=nl&rclk=1,Telefoon: 06 15056880,Haag
Thuiskok Zwaneveld,caroline@thuiskokzwaneveld.nl,http://www.thuiskokzwaneveld.nl/,https://www.google.com/maps/place/Thuiskok+Zwaneveld/data=!4m7!3m6!1s0x47c5d76b130cff31:0x6cc596fd470d7e18!8m2!3d52.0764938!4d4.743187!16s%2Fg%2F11b6d41sh8!19sChIJMf8ME2vXxUcRGH4NR_2WxWw?authuser=0&hl=nl&rclk=1,Telefoon: 0172 617 981,Haag
Ron Belt Kok aan Huis,,http://www.kokaanhuis.com/,https://www.google.com/maps/place/Ron+Belt+Kok+aan+Huis/data=!4m7!3m6!1s0x47c5c6105dc4efa1:0x1d4cfaf4988f137f!8m2!3d52.1178307!4d4.4936599!16s%2Fg%2F1v44plsf!19sChIJoe_EXRDGxUcRfxOPmPT6TB0?authuser=0&hl=nl&rclk=1,Telefoon: 071 541 4234,Haag
Prive-kok,,http://prive-kok.nl/,https://www.google.com/maps/place/Prive-kok/data=!4m7!3m6!1s0x27f350b3d6cb2085:0xa1f56c6bb576ad26!8m2!3d52.0869818!4d4.2544564!16s%2Fg%2F11x5lgz6vk!19sChIJhSDL1rNQ8ycRJq12tWts9aE?authuser=0&hl=nl&rclk=1,Telefoon: 06 10765723,Haag
Cucina Excellent Italiaanse catering en events,info@cucina-excellent.nl,http://www.cucina-excellent.nl/,https://www.google.com/maps/place/Cucina+Excellent+Italiaanse+catering+en+events/data=!4m7!3m6!1s0x47c5b7a9e697cd35:0xdcb5f7bb7c17bd15!8m2!3d52.0624113!4d4.3619156!16s%2Fg%2F1tplphdr!19sChIJNc2X5qm3xUcRFb0XfLv3tdw?authuser=0&hl=nl&rclk=1,Telefoon: 06 53903815,Haag
KandyKurries,,https://kandykurries.com/,https://www.google.com/maps/place/KandyKurries/data=!4m7!3m6!1s0x28f4209609b5974d:0x85d909dd962276a4!8m2!3d52.0952724!4d4.3556701!16s%2Fg%2F11nxsp8307!19sChIJTZe1CZYg9CgRpHYilt0J2YU?authuser=0&hl=nl&rclk=1,Telefoon: 06 33960562,Haag
Verdeli • Vega Catering & Events,hi@verdeli.nl,https://verdeli.nl/,https://www.google.com/maps/place/Verdeli+%E2%80%A2+Vega+Catering+%26+Events/data=!4m7!3m6!1s0x47cf376aef06ca53:0xc24018a3a87418ec!8m2!3d52.1063605!4d4.2734993!16s%2Fg%2F11pv8xw1cw!19sChIJU8oG72o3z0cR7Bh0qKMYQMI?authuser=0&hl=nl&rclk=1,,Haag
Toko Paatje,info@tokopaatje.nl,http://tokopaatje.nl/,https://www.google.com/maps/place/Toko+Paatje/data=!4m7!3m6!1s0x47c5b12d7c873abb:0xea7f30aa1c05321e!8m2!3d52.0716542!4d4.3098684!16s%2Fg%2F11c209gr5w!19sChIJuzqHfC2xxUcRHjIFHKowf-o?authuser=0&hl=nl&rclk=1,Telefoon: 06 57061009,Haag
Mood4Food Catering & Events,aanvragen@mood4food.nl,http://www.mood4food.nl/,https://www.google.com/maps/place/Mood4Food+Catering+%26+Events/data=!4m7!3m6!1s0x47c5b701ec759d53:0x2b14afcdb76239f0!8m2!3d52.0701128!4d4.3400192!16s%2Fg%2F11cmcc4zwf!19sChIJU5117AG3xUcR8Dlit82vFCs?authuser=0&hl=nl&rclk=1,Telefoon: 070 364 5389,Haag
Jamie's sate,,http://www.jamiesatecatering.nl/,https://www.google.com/maps/place/Jamie%27s+sate/data=!4m7!3m6!1s0x47c5b13dd8d8e231:0xc6c6e843666aa755!8m2!3d52.0750759!4d4.2730936!16s%2Fg%2F11stvhccwh!19sChIJMeLY2D2xxUcRVadqZkPoxsY?authuser=0&hl=nl&rclk=1,Telefoon: 06 40610982,Haag
Rijk Catering,info@rijk-catering.nl,http://www.rijk-catering.nl/,https://www.google.com/maps/place/Rijk+Catering/data=!4m7!3m6!1s0x47c5b63ca181cd3d:0x5b98df8229442272!8m2!3d52.0967725!4d4.3449081!16s%2Fg%2F11cs24ykv5!19sChIJPc2BoTy2xUcRciJEKYLfmFs?authuser=0&hl=nl&rclk=1,Telefoon: 070 381 4920,Haag
Happas Catering,happascatering@gmail.com,http://www.happascatering.nl/,https://www.google.com/maps/place/Happas+Catering/data=!4m7!3m6!1s0x47c5b0d024e4e663:0x670cdf3429fd47a0!8m2!3d52.077664!4d4.2829915!16s%2Fg%2F11cn8yv0ng!19sChIJY-bkJNCwxUcRoEf9KTTfDGc?authuser=0&hl=nl&rclk=1,Telefoon: 06 21309532,Haag
How Love Tastes,ziwei@howlovetastes.nl,http://www.howlovetastes.nl/,https://www.google.com/maps/place/How+Love+Tastes/data=!4m7!3m6!1s0x47c609412e3e53d7:0x69287f8f1f12ab0d!8m2!3d52.0838084!4d4.2825772!16s%2Fg%2F11j8l90fwx!19sChIJ11M-LkEJxkcRDasSH49_KGk?authuser=0&hl=nl&rclk=1,Telefoon: 06 10549967,Haag
Le Gone,,https://traiteurlegone.com/,https://www.google.com/maps/place/Le+Gone/data=!4m7!3m6!1s0x47c5b731a86b9fdb:0x3cbf01270b335120!8m2!3d52.0835126!4d4.3042921!16s%2Fg%2F1wf210hw!19sChIJ259rqDG3xUcRIFEzCycBvzw?authuser=0&hl=nl&rclk=1,Telefoon: 070 362 5026,Haag
Pepaella,info@pepaella.nl,http://www.pepaella.nl/,https://www.google.com/maps/place/Pepaella/data=!4m7!3m6!1s0x64b224c6f22c2651:0xa5fe9705782a4348!8m2!3d51.9177994!4d4.8283877!16s%2Fg%2F11trnght2r!19sChIJUSYs8sYksmQRSEMqeAWX_qU?authuser=0&hl=nl&rclk=1,Telefoon: 06 28179081,Haag
Yulia's Kitchen,yulia-stuti@hotmail.com,https://yuliaskitchen.nl/,https://www.google.com/maps/place/Yulia%27s+Kitchen/data=!4m7!3m6!1s0x47c5b62687e82fff:0x4fba599bce00d21!8m2!3d52.0538543!4d4.3890817!16s%2Fg%2F11dzdsb0pm!19sChIJ_y_ohya2xUcRIQ3gvJml-wQ?authuser=0&hl=nl&rclk=1,Telefoon: 06 31003532,Haag
Slagerij Dungelmann,info@slagerijdungelmann.nl,http://slagerijdungelmann.nl/,https://www.google.com/maps/place/Slagerij+Dungelmann/data=!4m7!3m6!1s0x47c5b72569237739:0xb85ded3aff91d135!8m2!3d52.078797!4d4.3090145!16s%2Fg%2F1tp1x_dh!19sChIJOXcjaSW3xUcRNdGR_zrtXbg?authuser=0&hl=nl&rclk=1,Telefoon: 070 346 2300,Haag
De Vrijdagborrel,info@vrijdagborrel.nl,http://www.vrijdagborrel.nl/,https://www.google.com/maps/place/De+Vrijdagborrel/data=!4m7!3m6!1s0x47c5b7716f1df4d1:0xbbdf8e2c6d21e5be!8m2!3d52.0798144!4d4.3084964!16s%2Fg%2F11j9csst__!19sChIJ0fQdb3G3xUcRvuUhbSyO37s?authuser=0&hl=nl&rclk=1,Telefoon: 070 213 1165,Haag
That's Amore,info@thatsamore.nl,http://www.thatsamore.nl/,https://www.google.com/maps/place/That%27s+Amore/data=!4m7!3m6!1s0x47c5b0d1dd9a48fb:0xf2ad566ced39fb30!8m2!3d52.0810592!4d4.2868566!16s%2Fg%2F1tfrwp2c!19sChIJ-0ia3dGwxUcRMPs57WxWrfI?authuser=0&hl=nl&rclk=1,Telefoon: 070 324 7090,Haag
Lunchroom Jimmy's Broodje,bestel@jimmysbroodje.nl,http://www.jimmysbroodje.nl/,https://www.google.com/maps/place/Lunchroom+Jimmy%27s+Broodje/data=!4m7!3m6!1s0x47c5b7310710abf9:0xeb75d9fab16e47e0!8m2!3d52.0837566!4d4.3046166!16s%2Fg%2F1tdz8lxl!19sChIJ-asQBzG3xUcR4EdusfrZdes?authuser=0&hl=nl&rclk=1,,Haag
Boosty: thoughtful food,info@boosty.nl,https://www.boosty.nl/menu/,https://www.google.com/maps/place/Boosty:+thoughtful+food/data=!4m7!3m6!1s0x47c5b0c122d32a5f:0xb510d5efd090f4c0!8m2!3d52.0892975!4d4.2752319!16s%2Fg%2F1tlqp4zy!19sChIJXyrTIsGwxUcRwPSQ0O_VELU?authuser=0&hl=nl&rclk=1,,Haag
Het Spaansche Hof,info@spaanschehof.nl,https://spaanschehof.nl//?utm_source=lokaal_gmb_zwolle&utm_medium=organic,https://www.google.com/maps/place/Het+Spaansche+Hof/data=!4m7!3m6!1s0x47c5b72f38d83e39:0x20543b9186ee7b5d!8m2!3d52.076549!4d4.3053583!16s%2Fg%2F11f555dcd8!19sChIJOT7YOC-3xUcRXXvuhpE7VCA?authuser=0&hl=nl&rclk=1,Telefoon: 088 665 4672,Haag
PITA'S VAN PENELOPE,info@pitasvanpenelope.nl,https://www.pitasvanpenelope.nl/,https://www.google.com/maps/place/PITA%27S+VAN+PENELOPE/data=!4m7!3m6!1s0x47ef235ead5c6c83:0x2b428b915051f4bc!8m2!3d51.9881444!4d4.4025452!16s%2Fg%2F11rq3cjklb!19sChIJg2xcrV4j70cRvPRRUJGLQis?authuser=0&hl=nl&rclk=1,Telefoon: 06 26401283,Haag
Toko Frederik Indonesisch Restaurant,tokofrederik@hotmail.com,http://www.tokofrederik.nl/,https://www.google.com/maps/place/Toko+Frederik+Indonesisch+Restaurant/data=!4m7!3m6!1s0x47c5b73996f2d081:0xe477a8433a93731e!8m2!3d52.0872285!4d4.3110478!16s%2Fg%2F1tks5hpb!19sChIJgdDyljm3xUcRHnOTOkOod-Q?authuser=0&hl=nl&rclk=1,Telefoon: 070 360 3125,Haag
Pieter Overgaag Partyverzorg. & Organis. B.V.,info@pieterovergaag.nl,http://www.pieterovergaag.nl/,https://www.google.com/maps/place/Pieter+Overgaag+Partyverzorg.+%26+Organis.+B.V./data=!4m7!3m6!1s0x47c5b60c61b303ad:0x45652f67a3d33bb0!8m2!3d52.032113!4d4.3685774!16s%2Fg%2F1vzv2vz5!19sChIJrQOzYQy2xUcRsDvTo2cvZUU?authuser=0&hl=nl&rclk=1,Telefoon: 015 889 0862,Haag
Meza Libanese Traiteur,info@meza.nl,http://www.meza.nl/,https://www.google.com/maps/place/Meza+Libanese+Traiteur/data=!4m7!3m6!1s0x47c5b73f9729f797:0x1a76904d96e89d4e!8m2!3d52.0933701!4d4.2761076!16s%2Fg%2F1vf9bjyx!19sChIJl_cplz-3xUcRTp3olk2Qdho?authuser=0&hl=nl&rclk=1,Telefoon: 070 324 7871,Haag
Lunchroom Engelhard,contact@lunchroom-engelhard.nl,http://www.lunchroom-engelhard.nl/,https://www.google.com/maps/place/Lunchroom+Engelhard/data=!4m7!3m6!1s0x47c5b70dc82941e5:0xb1459e7ef2996db4!8m2!3d52.0855989!4d4.3353283!16s%2Fg%2F1vyxhlqk!19sChIJ5UEpyA23xUcRtG2Z8n6eRbE?authuser=0&hl=nl&rclk=1,Telefoon: 070 385 8261,Haag
Donato Delicatessen,info@donatodelicatessen.nl,http://www.donatodelicatessen.nl/,https://www.google.com/maps/place/Donato+Delicatessen/data=!4m7!3m6!1s0x47c5b76adca50f25:0xdae949d946d2d875!8m2!3d52.0918451!4d4.3251909!16s%2Fg%2F1tf_0832!19sChIJJQ-l3Gq3xUcRddjSRtlJ6do?authuser=0&hl=nl&rclk=1,Telefoon: 070 324 6022,Haag
Mara Zago,mara@marazago.com,http://marazago.com/,https://www.google.com/maps/place/Mara+Zago/data=!4m7!3m6!1s0x47c5b177a5cf3543:0x6c5350f06562bd56!8m2!3d52.1071932!4d4.2873987!16s%2Fg%2F11j5zw90ss!19sChIJQzXPpXexxUcRVr1iZfBQU2w?authuser=0&hl=nl&rclk=1,Telefoon: 06 12896762,Haag
KOM Catering & Events,,https://kenjekom.nl/,https://www.google.com/maps/place/KOM+Catering+%26+Events/data=!4m7!3m6!1s0x47c5b1e59b6cc233:0xa5a9851927b8fa6c!8m2!3d52.009806!4d4.316544!16s%2Fg%2F11q383_tp_!19sChIJM8Jsm-WxxUcRbPq4JxmFqaU?authuser=0&hl=nl&rclk=1,Telefoon: 085 060 1678,Haag
AVA Embassy Catering,,,https://www.google.com/maps/place/AVA+Embassy+Catering/data=!4m7!3m6!1s0x85a7becb7d3922b5:0x4b530c397a47c65b!8m2!3d52.18399!4d4.7045495!16s%2Fg%2F11n51kdr7f!19sChIJtSI5fcu-p4URW8ZHejkMU0s?authuser=0&hl=nl&rclk=1,Telefoon: 06 28148184,Haag
Saur Catering,info@saur-catering.nl,http://www.saur-catering.nl/,https://www.google.com/maps/place/Saur+Catering/data=!4m7!3m6!1s0x47c5b0d976528db3:0x216a3336dff2d202!8m2!3d52.0630167!4d4.3661835!16s%2Fg%2F11b6dpmzjs!19sChIJs41SdtmwxUcRAtLy3zYzaiE?authuser=0&hl=nl&rclk=1,Telefoon: 070 346 1324,Haag
Chef aan Huis P. Dullaart,,http://www.chef-aan-huis.nl/,https://www.google.com/maps/place/Chef+aan+Huis+P.+Dullaart/data=!4m7!3m6!1s0x47c5b0e4bf65b6b9:0xd10a65df84354597!8m2!3d52.0786571!4d4.2569115!16s%2Fg%2F1tk1y6sh!19sChIJubZlv-SwxUcRl0U1hN9lCtE?authuser=0&hl=nl&rclk=1,Telefoon: 070 362 6240,Haag
Viva la Mexico,contact@vivalamexico.nl,http://www.vivalamexico.nl/,https://www.google.com/maps/place/Viva+la+Mexico/data=!4m7!3m6!1s0x47c5b744c82be05d:0x7bcff61c8b3647e7!8m2!3d52.0596297!4d4.3435109!16s%2Fg%2F11h7fnqbfx!19sChIJXeAryES3xUcR50c2ixz2z3s?authuser=0&hl=nl&rclk=1,Telefoon: 070 820 9860,Haag
De Keukenlakei,,,https://www.google.com/maps/place/De+Keukenlakei/data=!4m7!3m6!1s0x47c5b7959aaaf4fd:0x2802f15452eb3084!8m2!3d52.0750784!4d4.3073433!16s%2Fg%2F11qg9v2m2r!19sChIJ_fSqmpW3xUcRhDDrUlTxAig?authuser=0&hl=nl&rclk=1,Telefoon: 06 11329729,Haag
Tim's Table - Chef aan huis,info@timstable.nl,https://timstable.nl/,https://www.google.com/maps/place/Tim%27s+Table+-+Chef+aan+huis/data=!4m7!3m6!1s0x8d0dceb494321057:0x83a30f5426fd7c51!8m2!3d52.1909763!4d5.2795551!16s%2Fg%2F11svbynm0n!19sChIJVxAylLTODY0RUXz9JlQPo4M?authuser=0&hl=nl&rclk=1,Telefoon: 06 43983834,Haag
"Koffiehuis ""Oude Haag""",Koffiehuis58@hotmail.com,https://www.facebook.com/pg/Koffiehuisoudehaag/,https://www.google.com/maps/place/Koffiehuis+%22Oude+Haag%22/data=!4m7!3m6!1s0x47c5b10e91e0f609:0x504b4d2ed1f09431!8m2!3d52.0574072!4d4.2480652!16s%2Fg%2F1tftq8b5!19sChIJCfbgkQ6xxUcRMZTw0S5NS1A?authuser=0&hl=nl&rclk=1,Telefoon: 06 18663471,Haag
kerst catering,info@chefontour.nl,http://www.chefsontour.nl/,https://www.google.com/maps/place/kerst+catering/data=!4m7!3m6!1s0x47c5b71cb450ceaf:0x26df2531343ffa19!8m2!3d52.0734802!4d4.3325885!16s%2Fg%2F11b6qmsl7_!19sChIJr85QtBy3xUcRGfo_NDEl3yY?authuser=0&hl=nl&rclk=1,Telefoon: 06 15080449,Haag
menuthuis.nl,info@menu-thuis.nl,http://www.menuthuis.nl/,https://www.google.com/maps/place/menuthuis.nl/data=!4m7!3m6!1s0x47c5b7035020cc2b:0x728a21ac05d864cc!8m2!3d52.0741299!4d4.3351096!16s%2Fg%2F12hvhldpl!19sChIJK8wgUAO3xUcRzGTYBawhinI?authuser=0&hl=nl&rclk=1,Telefoon: 070 212 3886,Haag
LOF Catering & Evenementen | Den Haag,info@lofcatering.nl,http://www.lofcatering.nl/,https://www.google.com/maps/place/LOF+Catering+%26+Evenementen+%7C+Den+Haag/data=!4m7!3m6!1s0x47c5b7ac2b702ba3:0x7f3a3cae313bfce8!8m2!3d52.0558003!4d4.290225!16s%2Fg%2F1txfnb67!19sChIJoytwK6y3xUcR6Pw7Ma48On8?authuser=0&hl=nl&rclk=1,Telefoon: 070 870 2339,Haag
Hof Catering,info@hofcatering.nl,http://hofcatering.nl/,https://www.google.com/maps/place/Hof+Catering/data=!4m7!3m6!1s0x47c5b73f18b34729:0x79c274f06cb1647c!8m2!3d52.0427324!4d4.3318842!16s%2Fg%2F1td0s1j3!19sChIJKUezGD-3xUcRfGSxbPB0wnk?authuser=0&hl=nl&rclk=1,Telefoon: 085 877 0734,Haag
Meneerdekok | Cateringbedrijf & cateringdiensten,info@meneerdekok.nl,https://meneerdekok.nl/?utm_source=google&utm_medium=mijn-bedrijf&utm_campaign=mijnbedrijf,https://www.google.com/maps/place/Meneerdekok+%7C+Cateringbedrijf+%26+cateringdiensten/data=!4m7!3m6!1s0x47c5b68ef3f89b63:0xa2c50e2b916e908d!8m2!3d52.0409992!4d4.3310651!16s%2Fg%2F1tffcch5!19sChIJY5v48462xUcRjZBukSsOxaI?authuser=0&hl=nl&rclk=1,Telefoon: 070 778 0617,Haag
Karsten & Kuiper,info@karstenkuiper.nl,https://karstenkuiper.nl/,https://www.google.com/maps/place/Karsten+%26+Kuiper/data=!4m7!3m6!1s0x47c5b0ce1731f44f:0xf06b1e89e29373e0!8m2!3d52.0811784!4d4.2911755!16s%2Fg%2F11b6dppq8k!19sChIJT_QxF86wxUcR4HOT4okea_A?authuser=0&hl=nl&rclk=1,Telefoon: 070 221 0344,Haag
Cater & Co Zoetermeer,,https://caterenco.nl/,https://www.google.com/maps/place/Cater+%26+Co+Zoetermeer/data=!4m7!3m6!1s0x47c5ced9db59a623:0x48e17f97d45d115a!8m2!3d52.0588427!4d4.513731!16s%2Fg%2F1tx4njzx!19sChIJI6ZZ29nOxUcRWhFd1Jd_4Ug?authuser=0&hl=nl&rclk=1,Telefoon: 06 24992045,Haag
Local Heroes Horeca uitzendbureau Catering & Events,info@thelocalheroes.nl,http://www.thelocalheroes.nl/,https://www.google.com/maps/place/Local+Heroes+Horeca+uitzendbureau+Catering+%26+Events/data=!4m7!3m6!1s0x47c5b0e17dea8ebd:0x3e93cb7d16857e43!8m2!3d52.063356!4d4.3183018!16s%2Fg%2F1pt_vcblm!19sChIJvY7qfeGwxUcRQ36FFn3Lkz4?authuser=0&hl=nl&rclk=1,Telefoon: 070 358 8889,Haag
HealthyMade B.V.,,http://healthymade.nl/,https://www.google.com/maps/place/HealthyMade+B.V./data=!4m7!3m6!1s0x47c5b7059bf13381:0x5624ac9636c55a2b!8m2!3d52.0683206!4d4.3525673!16s%2Fg%2F11g8xgl23t!19sChIJgTPxmwW3xUcRK1rFNpasJFY?authuser=0&hl=nl&rclk=1,Telefoon: 06 43208997,Haag
Restaurant Villani 🇮🇹,info@villani.nl,https://villani.nl/,https://www.google.com/maps/place/Restaurant+Villani+%F0%9F%87%AE%F0%9F%87%B9/data=!4m7!3m6!1s0x47c5b190d803fac1:0x878f51e4cae6f592!8m2!3d52.0959116!4d4.2643013!16s%2Fg%2F1vg_c0ml!19sChIJwfoD2JCxxUcRkvXmyuRRj4c?authuser=0&hl=nl&rclk=1,Telefoon: 070 219 6196,Haag
St. Vinologisch,,http://www.stvinologisch.nl/,https://www.google.com/maps/place/St.+Vinologisch/data=!4m7!3m6!1s0xa8c19c1ba7f8d55:0xaf92580cd007187!8m2!3d52.0716542!4d4.3098684!16s%2Fg%2F11sd7mgz1f!19sChIJVY1_usEZjAoRh3EAzYAl-Qo?authuser=0&hl=nl&rclk=1,Telefoon: 06 54265197,Haag
Appels & Peren Eten en Drinken,info@appelsenperen070.nl,https://www.appelsenperen.restaurant/,https://www.google.com/maps/place/Appels+%26+Peren+Eten+en+Drinken/data=!4m7!3m6!1s0x47c5b104b007e415:0x243b4cbde8ae57a9!8m2!3d52.0661933!4d4.2528313!16s%2Fg%2F11c3l7pdv3!19sChIJFeQHsASxxUcRqVeu6L1MOyQ?authuser=0&hl=nl&rclk=1,Telefoon: 070 220 5572,Haag
Your Private Chef,info@yourprivatechef.nl,http://yourprivatechef.nl/,https://www.google.com/maps/place/Your+Private+Chef/data=!4m7!3m6!1s0x47c5b1b4ca4ed7bb:0xc0f734b99e2be97a!8m2!3d52.0766873!4d4.283322!16s%2Fg%2F11qlh9khd0!19sChIJu9dOyrSxxUcReukrnrk098A?authuser=0&hl=nl&rclk=1,,Haag
Lisa & Sophie catering,,http://lisaensophie.nl/,https://www.google.com/maps/place/Lisa+%26+Sophie+catering/data=!4m7!3m6!1s0x47c5b11977580d87:0x38aa4223d8fd406!8m2!3d52.1002051!4d4.2726973!16s%2Fg%2F11c2nrcnc_!19sChIJhw1YdxmxxUcRBtSPPSKkigM?authuser=0&hl=nl&rclk=1,Telefoon: 06 57943688,Haag
Anatolian Chefs,info@anatolianchefs.com,http://www.anatolianchefs.com/,https://www.google.com/maps/place/Anatolian+Chefs/data=!4m7!3m6!1s0x47c5b1da97a3b1ef:0x9db89e84b685a16e!8m2!3d52.0428301!4d4.2603831!16s%2Fg%2F11nnjdwvbm!19sChIJ77Gjl9qxxUcRbqGFtoSeuJ0?authuser=0&hl=nl&rclk=1,Telefoon: 070 359 6433,Haag
My Cookery,info@mycookery.nl,http://www.mycookery.nl/,https://www.google.com/maps/place/My+Cookery/data=!4m7!3m6!1s0x47c5b155167fbf5b:0x4d94ba2915ab3e65!8m2!3d52.0815127!4d4.2927883!16s%2Fg%2F11fhxzk9t2!19sChIJW79_FlWxxUcRZT6rFSm6lE0?authuser=0&hl=nl&rclk=1,Telefoon: 070 568 0835,Haag
Cucina Braccini,Info@dabraccini.nl,http://www.cucinabraccini.nl/,https://www.google.com/maps/place/Cucina+Braccini/data=!4m7!3m6!1s0x47c5b0d080847ddd:0x7d4e9d762c16a00f!8m2!3d52.0790917!4d4.2818767!16s%2Fg%2F1ptwzlgg3!19sChIJ3X2EgNCwxUcRD6AWLHadTn0?authuser=0&hl=nl&rclk=1,Telefoon: 06 51828056,Haag
The Healthy Chef,info@fatboysexy.nl,http://www.fatboysexy.nl/,https://www.google.com/maps/place/The+Healthy+Chef/data=!4m7!3m6!1s0x47c5b7ada121ff0f:0xf5a3223e1239967d!8m2!3d52.0732364!4d4.3109219!16s%2Fg%2F11rq3_8vmb!19sChIJD_8hoa23xUcRfZY5Ej4io_U?authuser=0&hl=nl&rclk=1,Telefoon: 06 12345678,Haag
SAAI HOME FOODS,,,https://www.google.com/maps/place/SAAI+HOME+FOODS/data=!4m7!3m6!1s0x47c5c91f174d8149:0xac188cf48252aac1!8m2!3d52.067713!4d4.4025867!16s%2Fg%2F11p73d260h!19sChIJSYFNFx_JxUcRwapSgvSMGKw?authuser=0&hl=nl&rclk=1,Telefoon: 06 85671333,Haag
Bistro Le Petit Chef,info@bistrolepetitchef.nl,http://www.bistrolepetitchef.nl/,https://www.google.com/maps/place/Bistro+Le+Petit+Chef/data=!4m7!3m6!1s0x47c5b72fb29a5d71:0x853bb705203fc876!8m2!3d52.0546843!4d4.3354608!16s%2Fg%2F11qb0j1htb!19sChIJcV2asi-3xUcRdsg_IAW3O4U?authuser=0&hl=nl&rclk=1,Telefoon: 070 785 7945,Haag
Restaurant Fouquet By Meere | Private Dining Den Haag,info@fouquet.nl,https://www.fouquet.nl/,https://www.google.com/maps/place/Restaurant+Fouquet+By+Meere+%7C+Private+Dining+Den+Haag/data=!4m7!3m6!1s0x47c5b737828d55b5:0x9f6cd071e8150e9d!8m2!3d52.088792!4d4.308571!16s%2Fg%2F1tdqmv9s!19sChIJtVWNgje3xUcRnQ4V6HHQbJ8?authuser=0&hl=nl&rclk=1,Telefoon: 070 209 9454,Haag
La Mozza Den Haag,,https://lamozza.nl/,https://www.google.com/maps/place/La+Mozza+Den+Haag/data=!4m7!3m6!1s0x47c5b7e3cd088981:0x24b4b677cf8039f8!8m2!3d52.0780204!4d4.3180915!16s%2Fg%2F11x6mv9w3n!19sChIJgYkIzeO3xUcR-DmAz3e2tCQ?authuser=0&hl=nl&rclk=1,Telefoon: 070 449 5394,Haag
MasterCheff Pasta & Pizza,,https://www.mastercheff.nl/,https://www.google.com/maps/place/MasterCheff+Pasta+%26+Pizza/data=!4m7!3m6!1s0x47c5b7606dda62f5:0x8a41e304cd68!8m2!3d52.0653078!4d4.3066108!16s%2Fg%2F11q22xg082!19sChIJ9WLabWC3xUcRaM0E40GKAAA?authuser=0&hl=nl&rclk=1,Telefoon: 070 200 2454,Haag
megu dining,info@megudining.nl,https://www.megudining.nl/,https://www.google.com/maps/place/megu+dining/data=!4m7!3m6!1s0x47c5b71587bd31f5:0x1095e1b8a89d0202!8m2!3d52.0791371!4d4.3044553!16s%2Fg%2F11y3lwwxzw!19sChIJ9TG9hxW3xUcRAgKdqLjhlRA?authuser=0&hl=nl&rclk=1,Telefoon: 06 23231004,Haag
Eethuis en Lunchroom Chef,mapdetailscom@gmail.com,https://nlbusa.org/details/eethuis-en-lunchroom-chef-ChIJI4j,https://www.google.com/maps/place/Eethuis+en+Lunchroom+Chef/data=!4m7!3m6!1s0x47c5b1638ccf8823:0x820d991955a49431!8m2!3d52.049238!4d4.2754613!16s%2Fg%2F11q8y5qnlk!19sChIJI4jPjGOxxUcRMZSkVRmZDYI?authuser=0&hl=nl&rclk=1,Telefoon: 070 359 8232,Haag
Kookwinkel La Mesa,info@lamesa.nl,http://www.lamesa.nl/,https://www.google.com/maps/place/Kookwinkel+La+Mesa/data=!4m7!3m6!1s0x47c5b0d01de6fd93:0x88f543cfb46fb8b3!8m2!3d52.0816675!4d4.2831033!16s%2Fg%2F11gzw0jmv!19sChIJk_3mHdCwxUcRs7hvtM9D9Yg?authuser=0&hl=nl&rclk=1,Telefoon: 070 744 9910,Haag
Restaurant 6&24,info@restaurant6en24.nl,http://www.restaurant6en24.nl/,https://www.google.com/maps/place/Restaurant+6%2624/data=!4m7!3m6!1s0x47c5b72f9f975b73:0x2a6190a286bd1eaa!8m2!3d52.0783568!4d4.3059936!16s%2Fg%2F11gcg4ydh4!19sChIJc1uXny-3xUcRqh69hqKQYSo?authuser=0&hl=nl&rclk=1,Telefoon: 070 219 6848,Haag
Restaurant at Home,info@restaurantathome.nl,http://www.restaurantathome.nl/,https://www.google.com/maps/place/Restaurant+at+Home/data=!4m7!3m6!1s0x47c5b12cf3d217a5:0x93d7f65c48234548!8m2!3d52.1909763!4d5.2795551!16s%2Fg%2F11cl_n1vzl!19sChIJpRfS8yyxxUcRSEUjSFz215M?authuser=0&hl=nl&rclk=1,Telefoon: 06 17351403,Haag
Chef bulbol مطعم لبناني,chefbulbol1@gmail.com,https://chefbulbolrestaurant.nl/,https://www.google.com/maps/place/Chef+bulbol+%D9%85%D8%B7%D8%B9%D9%85+%D9%84%D8%A8%D9%86%D8%A7%D9%86%D9%8A%E2%80%AD/data=!4m7!3m6!1s0x47c5b7951b2f75e9:0xdf03f5ed5980565d!8m2!3d52.0804797!4d4.3179253!16s%2Fg%2F11y30sznkm!19sChIJ6XUvG5W3xUcRXVaAWe31A98?authuser=0&hl=nl&rclk=1,Telefoon: 06 36461137,Haag
Kookwinkel Oldenhof Den Haag,klantenservice@kookwinkel.nl,https://www.kookwinkel.nl/,https://www.google.com/maps/place/Kookwinkel+Oldenhof+Den+Haag/data=!4m7!3m6!1s0x47c5b724f6b382f9:0xc4f538534e2bcee3!8m2!3d52.0781374!4d4.3107033!16s%2Fg%2F1vf9bjyn!19sChIJ-YKz9iS3xUcR484rTlM49cQ?authuser=0&hl=nl&rclk=1,Telefoon: 070 346 9696,Haag
Home Food & Drinks,Info@homedenhaag.nl,http://www.homedenhaag.nl/,https://www.google.com/maps/place/Home+Food+%26+Drinks/data=!4m7!3m6!1s0x47c5b7110ed63dd7:0x473c7350afdc2805!8m2!3d52.0835685!4d4.3307792!16s%2Fg%2F11fy_45p1s!19sChIJ1z3WDhG3xUcRBSjcr1BzPEc?authuser=0&hl=nl&rclk=1,Telefoon: 070 406 0995,Haag
shi kitchen restaurant,,https://shikitchen.nl/,https://www.google.com/maps/place/shi+kitchen+restaurant/data=!4m7!3m6!1s0x47c5b768bee018b3:0xfae79dd9787c0ea2!8m2!3d52.0772671!4d4.3060663!16s%2Fg%2F11vcczcnzf!19sChIJsxjgvmi3xUcRog58eNmd5_o?authuser=0&hl=nl&rclk=1,Telefoon: 070 406 2002,Haag
Kari Kitchen,,,https://www.google.com/maps/place/Kari+Kitchen/data=!4m7!3m6!1s0x4c4de885cc6f0583:0x28831a80a91d9c12!8m2!3d52.0841868!4d5.0824915!16s%2Fg%2F11sd2_9wq7!19sChIJgwVvzIXoTUwREpwdqYAagyg?authuser=0&hl=nl&rclk=1,Telefoon: 06 48657416,Utrecht
Veldkampcatering,info@veldkampcatering.nl,http://www.veldkampcatering.nl/,https://www.google.com/maps/place/Veldkampcatering/data=!4m7!3m6!1s0x47c66feace287e8b:0x4287ef1b1532a799!8m2!3d52.1035226!4d5.0948223!16s%2Fg%2F11rz2ssyhz!19sChIJi34ozupvxkcRmacyFRvvh0I?authuser=0&hl=nl&rclk=1,Telefoon: 030 221 8802,Utrecht
Goesting,reserveringen@restaurantgoesting.nl,http://www.restaurantgoesting.nl/,https://www.google.com/maps/place/Goesting/data=!4m7!3m6!1s0x47c66f4ad314e87b:0x4af671139b82cca8!8m2!3d52.0985031!4d5.1374416!16s%2Fg%2F1tt8bgrv!19sChIJe-gU00pvxkcRqMyCmxNx9ko?authuser=0&hl=nl&rclk=1,,Utrecht
BlendHouse Indian Fusion Restaurant,blendhousenl@gmail.com,http://www.blendhouse.nl/,https://www.google.com/maps/place/BlendHouse+Indian+Fusion+Restaurant/data=!4m7!3m6!1s0x47c66ff1865b0ff7:0xb95e48d1a2c2adf3!8m2!3d52.0952335!4d5.1228687!16s%2Fg%2F11l2xyjy7h!19sChIJ9w9bhvFvxkcR863CotFIXrk?authuser=0&hl=nl&rclk=1,Telefoon: 06 57321181,Utrecht
Huiskruid,huiskruid@gmail.com,http://www.huiskruid.nl/,https://www.google.com/maps/place/Huiskruid/data=!4m7!3m6!1s0x47c66f7277c7aa39:0x4c5ef034e220b7fc!8m2!3d52.0939481!4d5.0871794!16s%2Fg%2F11tw_vt2ps!19sChIJOarHd3JvxkcR_Lcg4jTwXkw?authuser=0&hl=nl&rclk=1,Telefoon: 06 28265447,Utrecht
Sisters and Flavours,,https://www.sistersandflavours.nl/,https://www.google.com/maps/place/Sisters+and+Flavours/data=!4m7!3m6!1s0x2c89e40d34cf037d:0xb1b23f129668da3d!8m2!3d52.1909763!4d5.2795551!16s%2Fg%2F11wnqqwmyt!19sChIJfQPPNA3kiSwRPdpolhI_srE?authuser=0&hl=nl&rclk=1,Telefoon: 06 39312400,Utrecht
Héron,,http://www.heronrestaurant.nl/,https://www.google.com/maps/place/H%C3%A9ron/data=!4m7!3m6!1s0x47c66f519f9927bf:0x1627a8ef886f0f6c!8m2!3d52.0880246!4d5.1273875!16s%2Fg%2F11c2ld4vst!19sChIJvyeZn1FvxkcRbA9viO-oJxY?authuser=0&hl=nl&rclk=1,Telefoon: 06 45049921,Utrecht
Restaurant Zuiver Utrecht,,https://www.restaurantzuiver.nl/,https://www.google.com/maps/place/Restaurant+Zuiver+Utrecht/data=!4m7!3m6!1s0x47c66fdc95b77515:0x652e4f5c69a1035a!8m2!3d52.1089342!4d5.0450809!16s%2Fg%2F1tfm0n_r!19sChIJFXW3ldxvxkcRWgOhaVxPLmU?authuser=0&hl=nl&rclk=1,Telefoon: 030 202 0160,Utrecht
Restaurant Concours,info@restaurantconcours.nl,http://www.restaurantconcours.nl/,https://www.google.com/maps/place/Restaurant+Concours/data=!4m7!3m6!1s0x47c66f4eda6ab20f:0x66c44c048ffa29af!8m2!3d52.0952232!4d5.1275334!16s%2Fg%2F1tgyvxyf!19sChIJD7Jq2k5vxkcRryn6jwRMxGY?authuser=0&hl=nl&rclk=1,Telefoon: 030 223 1158,Utrecht
El Qatarijne,info@elqatarijne.nl,http://www.elqatarijne.nl/,https://www.google.com/maps/place/El+Qatarijne/data=!4m7!3m6!1s0x47c66f5b60920c7f:0x38d39aca6cf1e0ae!8m2!3d52.0896265!4d5.1162889!16s%2Fg%2F11cmsd24lv!19sChIJfwySYFtvxkcRruDxbMqa0zg?authuser=0&hl=nl&rclk=1,Telefoon: 030 231 8485,Utrecht
Manna Kook,mannakooknl@gmail.com,https://www.mannakook.nl/,https://www.google.com/maps/place/Manna+Kook/data=!4m7!3m6!1s0x47c66f79692cecf1:0x9b17aeb63d81b528!8m2!3d52.11003!4d5.1168241!16s%2Fg%2F11xkzj3yg0!19sChIJ8ewsaXlvxkcRKLWBPbauF5s?authuser=0&hl=nl&rclk=1,,Utrecht
KEUKENvuur | kookworkshop | kok aan huis,info@keukenvuur.nl,http://www.keukenvuur.nl/,https://www.google.com/maps/place/KEUKENvuur+%7C+kookworkshop+%7C+kok+aan+huis/data=!4m7!3m6!1s0x47c66ff2bd25a729:0xb24bb5c4945282e5!8m2!3d52.112271!4d5.0580961!16s%2Fg%2F1v1kp20b!19sChIJKaclvfJvxkcR5YJSlMS1S7I?authuser=0&hl=nl&rclk=1,Telefoon: 030 737 0051,Utrecht
Zen in eten,zenineten@gmail.com,http://zenineten.nl/,https://www.google.com/maps/place/Zen+in+eten/data=!4m7!3m6!1s0x8859a26a328eb1f:0x805be99c648af7de!8m2!3d52.1909763!4d5.2795551!16s%2Fg%2F11wpk918m2!19sChIJH-sooyaahQgR3veKZJzpW4A?authuser=0&hl=nl&rclk=1,Telefoon: 06 28617183,Utrecht
Kokthuis | kok aan huis | koken op locatie,info@kokthuis.nl,https://www.kokthuis.nl/,https://www.google.com/maps/place/Kokthuis+%7C+kok+aan+huis+%7C+koken+op+locatie/data=!4m7!3m6!1s0x47c66f1757f0cd8f:0x6cf9851d30513966!8m2!3d52.112358!4d5.057542!16s%2Fg%2F11nfq7286r!19sChIJj83wVxdvxkcRZjlRMB2F-Ww?authuser=0&hl=nl&rclk=1,Telefoon: 030 737 0051,Utrecht
Restaurant Amicus,,http://www.restaurantamicus.nl/,https://www.google.com/maps/place/Restaurant+Amicus/data=!4m7!3m6!1s0x47c66fc93db5dd01:0x4fe15cd5a368c31!8m2!3d52.0897018!4d5.1349536!16s%2Fg%2F11t7tvngl4!19sChIJAd21PclvxkcRMYw2Ws0V_gQ?authuser=0&hl=nl&rclk=1,Telefoon: 06 41118658,Utrecht
De Heeren van Leeuw,info@deheerenvanleeuw.nl,http://www.deheerenvanleeuw.nl/,https://www.google.com/maps/place/De+Heeren+van+Leeuw/data=!4m7!3m6!1s0x47c66f570a6ccbe3:0xdb0df6e8072c4728!8m2!3d52.0827745!4d5.1228662!16s%2Fg%2F1wk6yzvm!19sChIJ48tsCldvxkcRKEcsB-j2Dds?authuser=0&hl=nl&rclk=1,Telefoon: 030 238 0595,Utrecht
Brasserie Goeie Louisa,info@karelv.nl,https://www.karelv.nl/goeie-louisa/?utm_source=GMB&utm_medium=organic,https://www.google.com/maps/place/Brasserie+Goeie+Louisa/data=!4m7!3m6!1s0x47c66fa8606992ef:0xd1d3ab0f589af29f!8m2!3d52.0876766!4d5.1177855!16s%2Fg%2F11svk6cg9y!19sChIJ75JpYKhvxkcRn_KaWA-r09E?authuser=0&hl=nl&rclk=1,Telefoon: 030 233 7595,Utrecht
De Goedheyd,info@dedegoedheyd.nl,http://www.degoedheyd.nl/,https://www.google.com/maps/place/De+Goedheyd/data=!4m7!3m6!1s0x47c66f507a5bd165:0x2763e267267f1365!8m2!3d52.088608!4d5.1229777!16s%2Fg%2F1tznlkv3!19sChIJZdFbelBvxkcRZRN_JmfiYyc?authuser=0&hl=nl&rclk=1,Telefoon: 030 246 8472,Utrecht
Peppino's Pizza's,,https://www.peppinos.nl/,https://www.google.com/maps/place/Peppino%27s+Pizza%27s/data=!4m7!3m6!1s0xe12ecded86fc23:0xf951c926df8ab174!8m2!3d52.1547085!4d4.961983!16s%2Fg%2F11yhjhwhmg!19sChIJI_yG7c0u4QARdLGK3ybJUfk?authuser=0&hl=nl&rclk=1,Telefoon: 06 20448625,Utrecht
Pand 33 Utrecht,info@pand-33.nl,http://www.pand-33.nl/,https://www.google.com/maps/place/Pand+33+Utrecht/data=!4m7!3m6!1s0x47c66fafcdc95f55:0x12630076e4c1dd2c!8m2!3d52.0887454!4d5.1241295!16s%2Fg%2F11nnhz57r5!19sChIJVV_Jza9vxkcRLN3B5HYAYxI?authuser=0&hl=nl&rclk=1,Telefoon: 030 231 7494,Utrecht
Restaurant de Watertoren Utrecht,info@watertorenutrecht.nl,https://watertorenutrecht.nl/,https://www.google.com/maps/place/Restaurant+de+Watertoren+Utrecht/data=!4m7!3m6!1s0x47c665f9eff5d0a3:0xcfc22a65eb17964c!8m2!3d52.0754909!4d5.1208182!16s%2Fg%2F11bwfmgpnm!19sChIJo9D17_llxkcRTJYX62Uqws8?authuser=0&hl=nl&rclk=1,Telefoon: 030 303 1216,Utrecht
Club Claar,events@clubclaar.nl,https://clubclaar.nl/,https://www.google.com/maps/place/Club+Claar/data=!4m7!3m6!1s0x47c66f5cab9728f3:0x6911bc5d3b7c17c6!8m2!3d52.0908!4d5.1158832!16s%2Fg%2F11b6_bfwz3!19sChIJ8yiXq1xvxkcRxhd8O128EWk?authuser=0&hl=nl&rclk=1,Telefoon: 030 214 5704,Utrecht
MOAK Pancakes,info@moakpancakes.nl,https://moakpancakes.nl/,https://www.google.com/maps/place/MOAK+Pancakes/data=!4m7!3m6!1s0x47c609df1a0731cb:0x4b40e7aa2243a747!8m2!3d52.0923367!4d5.1180035!16s%2Fg%2F11ckfnl2xb!19sChIJyzEHGt8JxkcRR6dDIqrnQEs?authuser=0&hl=nl&rclk=1,,Utrecht
Roemer - wine & food,info@roemer-utrecht.nl,http://www.roemer-utrecht.nl/,https://www.google.com/maps/place/Roemer+-+wine+%26+food/data=!4m7!3m6!1s0x47c66fdf0952c56b:0x6963bb794c1326b1!8m2!3d52.0978782!4d5.0688793!16s%2Fg%2F11p0ztkc3x!19sChIJa8VSCd9vxkcRsSYTTHm7Y2k?authuser=0&hl=nl&rclk=1,Telefoon: 030 320 1229,Utrecht
Le Jardin,info@lejardinutrecht.nl,http://www.lejardinutrecht.nl/,https://www.google.com/maps/place/Le+Jardin/data=!4m7!3m6!1s0x47c66f5b121535ad:0x81c8ab7e3f7b77c5!8m2!3d52.0890377!4d5.1179066!16s%2Fg%2F11bwn69gcw!19sChIJrTUVEltvxkcRxXd7P36ryIE?authuser=0&hl=nl&rclk=1,Telefoon: 030 400 4242,Utrecht
Restaurant C'est Ça,info@restaurant-cestca.nl,http://www.restaurant-cestca.nl/,https://www.google.com/maps/place/Restaurant+C%27est+%C3%87a/data=!4m7!3m6!1s0x47c66f4aef76251d:0xa5acd7a2b4412198!8m2!3d52.0988917!4d5.1352241!16s%2Fg%2F1ttyvz3h!19sChIJHSV270pvxkcRmCFBtKLXrKU?authuser=0&hl=nl&rclk=1,Telefoon: 030 271 0105,Utrecht
Licht Spicy,licht.spicy@gmail.com,http://lichtspicy.nl/,https://www.google.com/maps/place/Licht+Spicy/data=!4m7!3m6!1s0x47c66f26f1d77283:0xa2d7f9492ea2128d!8m2!3d52.1190618!4d5.1239658!16s%2Fg%2F11g888s1p6!19sChIJg3LX8SZvxkcRjRKiLkn516I?authuser=0&hl=nl&rclk=1,Telefoon: 06 19621119,Utrecht
Bistro aan de werf,info@bistroaandewerf.nl,http://www.bistroaandewerf.nl/,https://www.google.com/maps/place/Bistro+aan+de+werf/data=!4m7!3m6!1s0x47c66f7c69f0f33f:0x30474063f858ac54!8m2!3d52.0926371!4d5.1172175!16s%2Fg%2F11kjl_ff83!19sChIJP_PwaXxvxkcRVKxY-GNARzA?authuser=0&hl=nl&rclk=1,Telefoon: 030 303 1336,Utrecht
Levi Pekelder | Freelance and Private chef,levipekelder@gmail.com,https://www.levipekelder.com/,https://www.google.com/maps/place/Levi+Pekelder+%7C+Freelance+and+Private+chef/data=!4m7!3m6!1s0x47c66f8d8b2da505:0x15f8f2ba8441d7f5!8m2!3d50.9640546!4d4.4661!16s%2Fg%2F11ftmfc2r4!19sChIJBaUti41vxkcR9ddBhLry-BU?authuser=0&hl=nl&rclk=1,,Utrecht
Chefs to go,info@chefsfoodprep.nl,https://www.chef2go.eu/,https://www.google.com/maps/place/Chefs+to+go/data=!4m7!3m6!1s0xa9ed5195ef7f2077:0x3113fface574426e!8m2!3d52.1909763!4d5.2795551!16s%2Fg%2F11vln06bg9!19sChIJdyB_75VR7akRbkJ05az_EzE?authuser=0&hl=nl&rclk=1,,Utrecht
Restaurant Karel 5*,info@karelv.nl,https://www.karelv.nl/eten-drinken/restaurant-karel-5,https://www.google.com/maps/place/Restaurant+Karel+5*/data=!4m7!3m6!1s0x47c66ffd9cf7a99f:0x7b618bd583007706!8m2!3d52.0876766!4d5.1177855!16s%2Fg%2F11gv16r5lp!19sChIJn6n3nP1vxkcRBncAg9WLYXs?authuser=0&hl=nl&rclk=1,Telefoon: 030 233 7555,Utrecht
Florent le Bistro,utrecht@restaurant-florent.nl,https://www.restaurant-florent.nl/,https://www.google.com/maps/place/Florent+le+Bistro/data=!4m7!3m6!1s0x47c66f5b1e34b441:0xa9b7d488e2ea8a5c!8m2!3d52.0893995!4d5.1192085!16s%2Fg%2F11b6cx089b!19sChIJQbQ0HltvxkcRXIrq4ojUt6k?authuser=0&hl=nl&rclk=1,Telefoon: 030 233 3008,Utrecht
Le Mignon,,http://www.lemignonutrecht.nl/,https://www.google.com/maps/place/Le+Mignon/data=!4m7!3m6!1s0x47c66f5adea662eb:0x5212bc95b32af4d4!8m2!3d52.0899494!4d5.1196587!16s%2Fg%2F1tdxk20k!19sChIJ62Km3lpvxkcR1PQqs5W8ElI?authuser=0&hl=nl&rclk=1,Telefoon: 030 633 2370,Utrecht
Restaurant Maeve,info@restaurantmaeve.nl,http://www.restaurantmaeve.nl/,https://www.google.com/maps/place/Restaurant+Maeve/data=!4m7!3m6!1s0x47c66ff8c1396f69:0x475145896815f14e!8m2!3d52.0923992!4d5.1242603!16s%2Fg%2F11n8wtf31q!19sChIJaW85wfhvxkcRTvEVaIlFUUc?authuser=0&hl=nl&rclk=1,Telefoon: 030 200 6767,Utrecht
Pastoe Foodbar,reserveren@pastoe-foodbar.nl,https://www.pastoe-foodbar.nl/,https://www.google.com/maps/place/Pastoe+Foodbar/data=!4m7!3m6!1s0x47c66573b8319f8b:0x3659025016b93b62!8m2!3d52.07422!4d5.120212!16s%2Fg%2F11vdhktg8r!19sChIJi58xuHNlxkcRYju5FlACWTY?authuser=0&hl=nl&rclk=1,Telefoon: 030 400 4080,Utrecht
Dapur Cinta,dapurcinta.nl@hotmail.com,https://www.dapurcinta.nl/,https://www.google.com/maps/place/Dapur+Cinta/data=!4m7!3m6!1s0x47c6694ef83f8a5d:0xd9c281aae227cf7!8m2!3d52.0952477!4d5.1227741!16s%2Fg%2F11g2xqtd6_!19sChIJXYo_-E5pxkcR93wirhoonA0?authuser=0&hl=nl&rclk=1,Telefoon: 06 15342022,Utrecht
Concours Wine & Foodbar,info@restaurantconcours.nl,https://restaurantconcours.nl/wine-foodbar,https://www.google.com/maps/place/Concours+Wine+%26+Foodbar/data=!4m7!3m6!1s0x47c66f0021c81739:0x78010f6d26c39f66!8m2!3d52.0949199!4d5.127468!16s%2Fg%2F11ln1slry5!19sChIJORfIIQBvxkcRZp_DJm0PAXg?authuser=0&hl=nl&rclk=1,Telefoon: 030 879 0527,Utrecht
Bistro Madeleine,info@madeleineutrecht.nl,https://www.madeleine-utrecht.nl/madeleine-utrecht/,https://www.google.com/maps/place/Bistro+Madeleine/data=!4m7!3m6!1s0x47c66f5abbf30785:0xcd7aff19327dfdf7!8m2!3d52.0898765!4d5.1215661!16s%2Fg%2F1jkyh41pt!19sChIJhQfzu1pvxkcR9_19Mhn_es0?authuser=0&hl=nl&rclk=1,Telefoon: 030 231 0100,Utrecht
Restaurant San Siro,info@sansiro.nl,http://www.sansiro.nl/,https://www.google.com/maps/place/Restaurant+San+Siro/data=!4m7!3m6!1s0x47c66f4525135b8d:0x3ed2e841e9e96d80!8m2!3d52.0915251!4d5.1204843!16s%2Fg%2F1tflx2rv!19sChIJjVsTJUVvxkcRgG3p6UHo0j4?authuser=0&hl=nl&rclk=1,Telefoon: 030 232 1683,Utrecht
Kaatje's Restaurant,,http://www.restaurantkaatje.com/,https://www.google.com/maps/place/Kaatje%27s+Restaurant/data=!4m7!3m6!1s0x47c668abd1940871:0x1ec010ced996c62d!8m2!3d52.0823784!4d5.1404138!16s%2Fg%2F1tkp45s7!19sChIJcQiU0atoxkcRLcaW2c4QwB4?authuser=0&hl=nl&rclk=1,Telefoon: 030 251 1182,Utrecht
Chefs Street,info@chefs-street.com,https://www.chefs-street.com/,https://www.google.com/maps/place/Chefs+Street/data=!4m7!3m6!1s0xa2284422adc534fd:0x177dd057fa9a944c!8m2!3d51.5642759!4d4.875805!16s%2Fg%2F11y03mxf41!19sChIJ_TTFrSJEKKIRTJSa-lfQfRc?authuser=0&hl=nl&rclk=1,Telefoon: 06 39490582,Utrecht
Restaurant Hemel & Aarde,commission@privacycommission.be,http://www.hemel-aarde.nl/,https://www.google.com/maps/place/Restaurant+Hemel+%26+Aarde/data=!4m7!3m6!1s0x47c66fc894216789:0x393482bd532868d2!8m2!3d52.09235!4d5.123005!16s%2Fg%2F11l0jf7_q_!19sChIJiWchlMhvxkcR0mgoU72CNDk?authuser=0&hl=nl&rclk=1,Telefoon: 030 880 4500,Utrecht
Restaurant 273,info@restaurant273.com,http://www.restaurant273.com/,https://www.google.com/maps/place/Restaurant+273/data=!4m7!3m6!1s0x47c66fb8edb1be4d:0x73d95a397e189cec!8m2!3d52.0864911!4d5.121775!16s%2Fg%2F11kp7q9fbm!19sChIJTb6x7bhvxkcR7JwYfjla2XM?authuser=0&hl=nl&rclk=1,Telefoon: 030 633 6887,Utrecht
Café-Restaurant Terroir,info@caferestaurantterroir.nl,http://www.caferestaurantterroir.nl/,https://www.google.com/maps/place/Caf%C3%A9-Restaurant+Terroir/data=!4m7!3m6!1s0x47c66fa79605b009:0x9a4fa649e61f0999!8m2!3d52.0859862!4d5.1246745!16s%2Fg%2F11p10hh109!19sChIJCbAFlqdvxkcRmQkf5kmmT5o?authuser=0&hl=nl&rclk=1,Telefoon: 030 272 2944,Utrecht
Make it nice,,,https://www.google.com/maps/place/Make+it+nice/data=!4m7!3m6!1s0x47c66571132eeb89:0xd5bdb38b551225ee!8m2!3d52.0394349!4d5.1489293!16s%2Fg%2F11k9dw7h1k!19sChIJiesuE3FlxkcR7iUSVYuzvdU?authuser=0&hl=nl&rclk=1,Telefoon: 06 57761954,Utrecht
cuPPas - pasta to go - Utrecht,INFO@CUPPAS.EU,https://www.cuppas.eu/,https://www.google.com/maps/place/cuPPas+-+pasta+to+go+-+Utrecht/data=!4m7!3m6!1s0x47c66f46fe62f2c1:0x4e12419496b1f6cf!8m2!3d52.0906504!4d5.1173056!16s%2Fg%2F11zjlv36kz!19sChIJwfJi_kZvxkcRz_axlpRBEk4?authuser=0&hl=nl&rclk=1,Telefoon: 06 15136353,Utrecht
Cater-in,info@cater-in.nl,https://cater-in.nl/,https://www.google.com/maps/place/Cater-in/data=!4m7!3m6!1s0xaec6c49743681bd5:0x739077d88c052d8c!8m2!3d52.0972857!4d5.1258776!16s%2Fg%2F11y46rm1jv!19sChIJ1RtoQ5fExq4RjC0FjNh3kHM?authuser=0&hl=nl&rclk=1,,Utrecht
Restaurant Badhuis,info@restaurantbadhuis.nl,https://www.restaurantbadhuis.nl/,https://www.google.com/maps/place/Restaurant+Badhuis/data=!4m7!3m6!1s0x47c66f3841a5b1fb:0x544bc26a74512eaf!8m2!3d52.1028912!4d5.1231799!16s%2Fg%2F1vbnnm38!19sChIJ-7GlQThvxkcRry5RdGrCS1Q?authuser=0&hl=nl&rclk=1,Telefoon: 030 743 7207,Utrecht
De BBQ Chef,info@debbqchef.nl,http://www.debbqchef.nl/,https://www.google.com/maps/place/De+BBQ+Chef/data=!4m7!3m6!1s0x47c7fe05a21773af:0x952224812044ed26!8m2!3d52.5138136!4d6.5295181!16s%2Fg%2F1hc2r1pkh!19sChIJr3MXogX-x0cRJu1EIIEkIpU?authuser=0&hl=nl&rclk=1,Telefoon: 06 15600490,Utrecht
Farina - Italian Comfort Food,farinautrecht@gmail.com,https://farinacatering.nl/,https://www.google.com/maps/place/Farina+-+Italian+Comfort+Food/data=!4m7!3m6!1s0x47c66f9a392c55e3:0xb95b25c9ead14e06!8m2!3d52.0825596!4d5.1232664!16s%2Fg%2F11w3bwc5wt!19sChIJ41UsOZpvxkcRBk7R6sklW7k?authuser=0&hl=nl&rclk=1,Telefoon: 06 16397335,Utrecht
De Klub,info@deklub.nl,http://www.deklub.nl/,https://www.google.com/maps/place/De+Klub/data=!4m7!3m6!1s0x47c6658ca7c9920b:0x8d4694f295a6000f!8m2!3d52.0931744!4d5.1133415!16s%2Fg%2F11b5pk3f3w!19sChIJC5LJp4xlxkcRDwCmlfKURo0?authuser=0&hl=nl&rclk=1,Telefoon: 030 204 0531,Utrecht
Pampalini Lunchroom & Coffee - Utrecht (2014),info@pampalini.nl,https://www.pampalini.nl/,https://www.google.com/maps/place/Pampalini+Lunchroom+%26+Coffee+-+Utrecht+%282014%29/data=!4m7!3m6!1s0x47c66f4f5a454ac5:0xcfa0101993bddbc0!8m2!3d52.0952081!4d5.1242375!16s%2Fg%2F11btm9_p2_!19sChIJxUpFWk9vxkcRwNu9kxkQoM8?authuser=0&hl=nl&rclk=1,,Utrecht
Restaurant Fico,info@ficoutrecht.nl,http://www.ficoutrecht.nl/,https://www.google.com/maps/place/Restaurant+Fico/data=!4m7!3m6!1s0x47c66fdbd60ee1d5:0xf8505b925e417958!8m2!3d52.0826997!4d5.1068452!16s%2Fg%2F12qfr0m9q!19sChIJ1eEO1ttvxkcRWHlBXpJbUPg?authuser=0&hl=nl&rclk=1,Telefoon: 030 296 6001,Utrecht
The Bombay Spice,info@bombayspice.nl,http://bombayspice.nl/,https://www.google.com/maps/place/The+Bombay+Spice/data=!4m7!3m6!1s0x47b811e3e47e1bcb:0xf76fe94f9385801b!8m2!3d52.2668907!4d6.7949362!16s%2Fg%2F1tdmtpy6!19sChIJyxt-5OMRuEcRG4CFk0_pb_c?authuser=0&hl=nl&rclk=1,Telefoon: 074 243 3669,Utrecht
Vliegende Keukenmeiden,,https://vliegendekeukenmeiden.nl/,https://www.google.com/maps/place/Vliegende+Keukenmeiden/data=!4m7!3m6!1s0x4e869210e740d3c3:0xb4843960439109ba!8m2!3d52.0841868!4d5.0824915!16s%2Fg%2F11ltp40364!19sChIJw9NA5xCShk4RugmRQ2A5hLQ?authuser=0&hl=nl&rclk=1,Telefoon: 06 24990356,Utrecht
TROON Events,info@troonevents.nl,https://www.troonevents.nl/,https://www.google.com/maps/place/TROON+Events/data=!4m7!3m6!1s0x47c6650f791e424f:0xc3499469e402a131!8m2!3d52.0809693!4d5.0587269!16s%2Fg%2F11ww51y0qy!19sChIJT0IeeQ9lxkcRMaEC5GmUScM?authuser=0&hl=nl&rclk=1,Telefoon: 06 35650108,Utrecht
Bar Bet,info@bar-bet.nl,http://www.bar-bet.nl/,https://www.google.com/maps/place/Bar+Bet/data=!4m7!3m6!1s0x47c66f723942029b:0xaf3a31877f877c87!8m2!3d52.0897805!4d5.1214525!16s%2Fg%2F11vjhqq0f3!19sChIJmwJCOXJvxkcRh3yHf4cxOq8?authuser=0&hl=nl&rclk=1,Telefoon: 030 202 3443,Utrecht
Wapen van Hengelo Restaurant & Hotel,info@wapenvanhengelo.com,http://www.wapenvanhengelo.com/,https://www.google.com/maps/place/Wapen+van+Hengelo+Restaurant+%26+Hotel/data=!4m10!3m9!1s0x47b811f25efeefef:0x1ff396ab189804bf!5m2!4m1!1i2!8m2!3d52.2596821!4d6.7945403!16s%2Fg%2F11rxndr_kq!19sChIJ7-_-XvIRuEcRvwSYGKuW8x8?authuser=0&hl=nl&rclk=1,Telefoon: 074 205 1224,Utrecht
Cuisonne - Privé Chef aan huis,olaf.bouman@cuisonne.nl,https://www.cuisonne.nl/,https://www.google.com/maps/place/Cuisonne+-+Priv%C3%A9+Chef+aan+huis/data=!4m7!3m6!1s0x47c66f609d62fbcb:0xf855c7401491e066!8m2!3d52.0494683!4d5.1116114!16s%2Fg%2F1ptwb3857!19sChIJy_tinWBvxkcRZuCRFEDHVfg?authuser=0&hl=nl&rclk=1,Telefoon: 06 53529557,Utrecht
De mobiele Kok/ catering aan huis/ bbq aan huis/ broodjes bezorgen,%20info@demobielekok.nl,https://www.demobielekok.nl/,https://www.google.com/maps/place/De+mobiele+Kok%2F+catering+aan+huis%2F+bbq+aan+huis%2F+broodjes+bezorgen/data=!4m7!3m6!1s0x47c66e2af18e04df:0xe79e324cffe739ed!8m2!3d52.0394359!4d5.1489293!16s%2Fg%2F1tdq56mj!19sChIJ3wSO8SpuxkcR7Tnn_0wynuc?authuser=0&hl=nl&rclk=1,Telefoon: 0346 580 580,Utrecht
The Thai Utrecht,utrecht@thethai.nl,http://www.thethai.nl/,https://www.google.com/maps/place/The+Thai+Utrecht/data=!4m7!3m6!1s0x47c66f09171f3665:0xede0a0eafb773f23!8m2!3d52.0897246!4d5.1349062!16s%2Fg%2F11wwmv52pr!19sChIJZTYfFwlvxkcRIz93--qg4O0?authuser=0&hl=nl&rclk=1,Telefoon: 030 207 4484,Utrecht
Betsies Kookwinkel,info@betsieskookwinkel.nl,http://www.betsieskookwinkel.nl/,https://www.google.com/maps/place/Betsies+Kookwinkel/data=!4m7!3m6!1s0x47c66f452e5e68e3:0x52666202850ae4e2!8m2!3d52.0912445!4d5.120325!16s%2Fg%2F1vn_y4_8!19sChIJ42heLkVvxkcR4uQKhQJiZlI?authuser=0&hl=nl&rclk=1,Telefoon: 030 232 1933,Utrecht
The Garden of Vegan - KP,thegardenofvegankp@gmail.com,https://kitchenpunx.com/,https://www.google.com/maps/place/The+Garden+of+Vegan+-+KP/data=!4m7!3m6!1s0x47c66fc81d6c89d7:0x8b30ade520487622!8m2!3d52.080937!4d5.1144207!16s%2Fg%2F11g0tspv_c!19sChIJ14lsHchvxkcRInZIIOWtMIs?authuser=0&hl=nl&rclk=1,Telefoon: 06 17780374,Utrecht
Crazy Chef Traiteur,info@crazycheftraiteur.nl,http://www.crazycheftraiteur.nl/,https://www.google.com/maps/place/Crazy+Chef+Traiteur/data=!4m7!3m6!1s0x47c66da73a517a65:0xe1ae75cc1724816c!8m2!3d52.0395087!4d5.1493531!16s%2Fg%2F11sj757p9t!19sChIJZXpROqdtxkcRbIEkF8x1ruE?authuser=0&hl=nl&rclk=1,Telefoon: 06 13239943,Utrecht
Jeroen,jbdvannijnatten@outlook.nl,http://www.jeroentraiteur.nl/,https://www.google.com/maps/place/Jeroen/data=!4m7!3m6!1s0x47c668ad482b09b9:0x6ea6e80bd0bb3b9e!8m2!3d52.0842273!4d5.1336538!16s%2Fg%2F1tgy_t1d!19sChIJuQkrSK1oxkcRnju70Avopm4?authuser=0&hl=nl&rclk=1,Telefoon: 06 51222973,Utrecht
M'Haya,,http://www.mhayaeethuis.nl/,https://www.google.com/maps/place/M%27Haya/data=!4m7!3m6!1s0x47c66f18437e4c47:0x6ba6c1560b0fcc4e!8m2!3d52.1139466!4d5.1123753!16s%2Fg%2F12hsrqppf!19sChIJR0x-QxhvxkcRTswPC1bBpms?authuser=0&hl=nl&rclk=1,Telefoon: 030 751 0539,Utrecht
Bigoli,bigoli@bigoli.nl,http://bigoli.nl/,https://www.google.com/maps/place/Bigoli/data=!4m7!3m6!1s0x47c66f44e59fa327:0xb21abdbaee86ec2e!8m2!3d52.0927019!4d5.1192045!16s%2Fg%2F1tjv2ql7!19sChIJJ6Of5URvxkcRLuyG7rq9GrI?authuser=0&hl=nl&rclk=1,Telefoon: 030 230 4595,Utrecht
Restaurant Het Oude Tolhuys,informatie@hetoudetolhuys.nl,http://www.hetoudetolhuys.nl/,https://www.google.com/maps/place/Restaurant+Het+Oude+Tolhuys/data=!4m7!3m6!1s0x47c668a1b65b216d:0x8cebba8848aa7fbb!8m2!3d52.0818986!4d5.1596083!16s%2Fg%2F1tflx2q3!19sChIJbSFbtqFoxkcRu3-qSIi664w?authuser=0&hl=nl&rclk=1,Telefoon: 030 251 1215,Utrecht
Catering aan huis,,https://www.cateringaanhuis.nl/,https://www.google.com/maps/place/Catering+aan+huis/data=!4m7!3m6!1s0x47c65d21ce90e7d9:0xe1a5b11bf53cafb!8m2!3d52.0638803!4d5.2576148!16s%2Fg%2F11c55twd9q!19sChIJ2eeQziFdxkcR-8pTvxFbGg4?authuser=0&hl=nl&rclk=1,Telefoon: 030 227 2917,Utrecht
Fleut eetwinkel,info@fleut.nl,http://www.fleut.nl/,https://www.google.com/maps/place/Fleut+eetwinkel/data=!4m7!3m6!1s0x47c66f6585aab2c3:0x9c032eabb478292!8m2!3d52.0937223!4d5.0962577!16s%2Fg%2F11ngjr4nyg!19sChIJw7KqhWVvxkcRkoJHu-oywAk?authuser=0&hl=nl&rclk=1,Telefoon: 06 21808563,Utrecht
Puur Utrecht Bedrijfsuitjes,info@puurutrecht.nl,https://puurutrecht.nl/?utm_source=GMB&utm_medium=organic&utm_campaign=website,https://www.google.com/maps/place/Puur+Utrecht+Bedrijfsuitjes/data=!4m7!3m6!1s0x47c66f5ae472ba57:0x86f30b066259c922!8m2!3d52.0858627!4d5.1247884!16s%2Fg%2F1vbl6t36!19sChIJV7py5FpvxkcRIslZYgYL84Y?authuser=0&hl=nl&rclk=1,Telefoon: 030 214 5099,Utrecht
Puur Catering Utrecht,info@puurcateringutrecht.nl,http://www.puurcateringutrecht.nl/,https://www.google.com/maps/place/Puur+Catering+Utrecht/data=!4m7!3m6!1s0x47c673b2274363bd:0xdd3f1152a7224cef!8m2!3d52.0377266!4d5.0928818!16s%2Fg%2F11fv51kvwj!19sChIJvWNDJ7JzxkcR70wip1IRP90?authuser=0&hl=nl&rclk=1,Telefoon: 06 25088097,Utrecht
DADO eetwinkel & catering,info@dado.nl,http://www.dado.nl/,https://www.google.com/maps/place/DADO+eetwinkel+%26+catering/data=!4m7!3m6!1s0x47c66f4dda5e8457:0x607b7c81bc5d6d5a!8m2!3d52.09234!4d5.130417!16s%2Fg%2F1tj49plg!19sChIJV4Re2k1vxkcRWm1dvIF8e2A?authuser=0&hl=nl&rclk=1,Telefoon: 030 230 0860,Utrecht
ZiZo,info@zizoutrecht.nl,https://www.zizoutrecht.nl/,https://www.google.com/maps/place/ZiZo/data=!4m7!3m6!1s0x47c66f50a806aabd:0xd230cf9a12a9612f!8m2!3d52.0861339!4d5.1219127!16s%2Fg%2F1tczzqvg!19sChIJvaoGqFBvxkcRL2GpEprPMNI?authuser=0&hl=nl&rclk=1,Telefoon: 030 230 0463,Utrecht
Layali,,,https://www.google.com/maps/place/Layali/data=!4m7!3m6!1s0x47c665e64ecc35db:0x46ee1263ddc8cf20!8m2!3d52.104239!4d5.08198!16s%2Fg%2F1thhjqkc!19sChIJ2zXMTuZlxkcRIM_I3WMS7kY?authuser=0&hl=nl&rclk=1,Telefoon: 06 14544244,Utrecht
Prins Caspian (Caspian Catering),contact@caspiancatering.nl,https://prinscaspian.nl/,https://www.google.com/maps/place/Prins+Caspian+%28Caspian+Catering%29/data=!4m7!3m6!1s0x47c665994cd33639:0x944c7f20db4eada6!8m2!3d52.0756542!4d5.0919391!16s%2Fg%2F11jrctxy8j!19sChIJOTbTTJllxkcRpq1O2yB_TJQ?authuser=0&hl=nl&rclk=1,Telefoon: 06 84270048,Utrecht
Lunchroom Sofia,,https://www.lunchroomsofia.nl/,https://www.google.com/maps/place/Lunchroom+Sofia/data=!4m7!3m6!1s0x47c665fcd5bb351d:0xff9fd671fdf75fe6!8m2!3d52.0744111!4d5.0907085!16s%2Fg%2F11mrd7hs70!19sChIJHTW71fxlxkcR5l_3_XHWn_8?authuser=0&hl=nl&rclk=1,Telefoon: 030 662 4531,Utrecht
De Frietkar,info@defrietkar.nl,http://www.defrietkar.nl/,https://www.google.com/maps/place/De+Frietkar/data=!4m7!3m6!1s0x47b811e84019c3c3:0xed080edc046c6a34!8m2!3d52.2406108!4d6.7682578!16s%2Fg%2F11g8w60kfp!19sChIJw8MZQOgRuEcRNGpsBNwOCO0?authuser=0&hl=nl&rclk=1,Telefoon: 074 210 2101,Utrecht
THUIS - de Showroom,,http://www.thuis-deshowroom.nl/,https://www.google.com/maps/place/THUIS+-+de+Showroom/data=!4m7!3m6!1s0x47c5ef2570a1f3c9:0x127edd1b0b992760!8m2!3d52.0241364!4d5.1452849!16s%2Fg%2F11gmwb014b!19sChIJyfOhcCXvxUcRYCeZCxvdfhI?authuser=0&hl=nl&rclk=1,Telefoon: 030 634 7979,Utrecht
De Ridder Catering Utrecht,catering@bbqenbites.nl,http://www.bbqenbites.nl/catering/,https://www.google.com/maps/place/De+Ridder+Catering+Utrecht/data=!4m7!3m6!1s0x47c66f331650767f:0x24b3fbbaa77df5cd!8m2!3d52.1282155!4d5.0913323!16s%2Fg%2F11b6bq7jxt!19sChIJf3ZQFjNvxkcRzfV9p7r7syQ?authuser=0&hl=nl&rclk=1,Telefoon: 030 743 8074,Utrecht
Mama's Maaltijd Utrecht,utrecht@mamasmaaltijd.nl,http://www.mamasmaaltijd.nl/,https://www.google.com/maps/place/Mama%27s+Maaltijd+Utrecht/data=!4m7!3m6!1s0x47c66f350c31bcc7:0x7b4eefff15803f9c!8m2!3d52.1024301!4d5.1355108!16s%2Fg%2F11fxz8lst4!19sChIJx7wxDDVvxkcRnD-AFf_vTns?authuser=0&hl=nl&rclk=1,Telefoon: 06 15923258,Utrecht
Familie van Rijk,info@familievanrijk.nl,http://www.familievanrijk.nl/,https://www.google.com/maps/place/Familie+van+Rijk/data=!4m7!3m6!1s0x47c66f0c92e70a9f:0x9c3ee455372a8580!8m2!3d52.1044828!4d5.0938765!16s%2Fg%2F11c2kcb8lc!19sChIJnwrnkgxvxkcRgIUqN1XkPpw?authuser=0&hl=nl&rclk=1,Telefoon: 030 743 1776,Utrecht
Thuis te Gast,info@thuistegast.nl,https://thuistegast.nl/,https://www.google.com/maps/place/Thuis+te+Gast/data=!4m7!3m6!1s0xabe3e906843da709:0xf39b19196b26bf63!8m2!3d52.1909763!4d5.2795551!16s%2Fg%2F11n3z0xz1j!19sChIJCac9hAbp46sRY78maxkZm_M?authuser=0&hl=nl&rclk=1,Telefoon: 06 14069675,Utrecht
Mereveld,info@mereveld.nl,https://mereveld.nl/?utm_source=google&utm_medium=mijn-bedrijf&utm_campaign=mijnbedrijf,https://www.google.com/maps/place/Mereveld/data=!4m7!3m6!1s0x47c66613f94f3379:0x53e638e6b1f1aeb!8m2!3d52.0621522!4d5.1503702!16s%2Fg%2F120xjdqw!19sChIJeTNP-RNmxkcR6xofa45jPgU?authuser=0&hl=nl&rclk=1,Telefoon: 030 251 4780,Utrecht
Little World Kitchen,littleworldkitchen@gmail.com,http://www.littleworld.kitchen/,https://www.google.com/maps/place/Little+World+Kitchen/data=!4m7!3m6!1s0x47c66520e6d9bd63:0xeb9ea42c5990d9bd!8m2!3d52.0786416!4d5.1200505!16s%2Fg%2F11rxhr9v9m!19sChIJY73Z5iBlxkcRvdmQWSyknus?authuser=0&hl=nl&rclk=1,Telefoon: 06 87883853,Utrecht
Crazy Chef Catering Loosdrecht/ kok aan huis/ diner/ buffetten/ BBQ op locatie,info@crazychef.nl,https://www.crazychef.nl/,https://www.google.com/maps/place/Crazy+Chef+Catering+Loosdrecht%2F+kok+aan+huis%2F+diner%2F+buffetten%2F+BBQ+op+locatie/data=!4m7!3m6!1s0x47c66c6542880e4d:0x1d4b112a1fbcd55e!8m2!3d52.1971679!4d5.1409688!16s%2Fg%2F11c2j87vqt!19sChIJTQ6IQmVsxkcRXtW8HyoRSx0?authuser=0&hl=nl&rclk=1,Telefoon: 06 49334584,Utrecht
GrachtenAtelier CreatiefAtelier,info@grachtenatelier.nl,https://www.grachtenatelier.nl/,https://www.google.com/maps/place/GrachtenAtelier+CreatiefAtelier/data=!4m7!3m6!1s0x47c66f5a8d783ceb:0xe39e0fad8c9c1efe!8m2!3d52.0887562!4d5.1210894!16s%2Fg%2F1vgqc96f!19sChIJ6zx4jVpvxkcR_h6cjK0PnuM?authuser=0&hl=nl&rclk=1,Telefoon: 06 43755744,Utrecht
Natuurlijk Catering,natuurlijkcatering@gmail.com,http://www.natuurlijkhome.nl/,https://www.google.com/maps/place/Natuurlijk+Catering/data=!4m7!3m6!1s0x47c66f0b4def2113:0xc314dfb23bb79134!8m2!3d52.1030225!4d5.0911681!16s%2Fg%2F11gb3jhdcb!19sChIJEyHvTQtvxkcRNJG3O7LfFMM?authuser=0&hl=nl&rclk=1,Telefoon: 06 24282355,Utrecht
Bedrijfscatering Utrecht,info@bedrijfscateringutrecht.nl,https://bedrijfscateringutrecht.nl/,https://www.google.com/maps/place/Bedrijfscatering+Utrecht/data=!4m7!3m6!1s0x47c66fba68eeaa1f:0xde716443012a737d!8m2!3d52.1085109!4d5.0868337!16s%2Fg%2F11tmyzmtf6!19sChIJH6ruaLpvxkcRfXMqAUNkcd4?authuser=0&hl=nl&rclk=1,Telefoon: 030 888 0889,Utrecht
Villa Jongerius,info@villajongerius.nl,http://www.villajongerius.nl/,https://www.google.com/maps/place/Villa+Jongerius/data=!4m7!3m6!1s0x47c66f60299a5b17:0xa348d38e25950048!8m2!3d52.0807208!4d5.1043459!16s%2Fg%2F121wcbpt!19sChIJF1uaKWBvxkcRSACVJY7TSKM?authuser=0&hl=nl&rclk=1,Telefoon: 030 293 0510,Utrecht
Mamma Mia Trattoria,bestellen@mammamiatrattoria.nl,http://www.mammamiatrattoria.nl/,https://www.google.com/maps/place/Mamma+Mia+Trattoria/data=!4m7!3m6!1s0x47c66f22041d19d1:0xb4df9805ca3f8236!8m2!3d52.0967034!4d5.0639225!16s%2Fg%2F11t6n72cp8!19sChIJ0RkdBCJvxkcRNoI_ygWY37Q?authuser=0&hl=nl&rclk=1,Telefoon: 030 785 1619,Utrecht
The Colour Kitchen De Hoge Weide | Restaurant | Vergaderen,hogeweide.utrecht@thecolourkitchen.com,https://thecolourkitchen.com/restaurant-hoge-weide/,https://www.google.com/maps/place/The+Colour+Kitchen+De+Hoge+Weide+%7C+Restaurant+%7C+Vergaderen/data=!4m7!3m6!1s0x47c66f8b4d781ad7:0xb9f03f31e0559ad9!8m2!3d52.087599!4d5.056419!16s%2Fg%2F1td7166f!19sChIJ1xp4TYtvxkcR2ZpV4DE_8Lk?authuser=0&hl=nl&rclk=1,Telefoon: 030 670 2100,Utrecht
de reiger catering / lunch op locatie / bbq aan huis / buffet utrecht / tapas catering,info@dereiger.nl,https://www.dereiger.nl/,https://www.google.com/maps/place/de+reiger+catering+%2F+lunch+op+locatie+%2F+bbq+aan+huis+%2F+buffet+utrecht+%2F+tapas+catering/data=!4m7!3m6!1s0x4b6647b5df826615:0x45de633f53abbfe9!8m2!3d52.138337!4d5.2092393!16s%2Fg%2F11wfq_1f0r!19sChIJFWaC37VHZksR6b-rUz9j3kU?authuser=0&hl=nl&rclk=1,Telefoon: 06 21545284,Utrecht
De Vuurplaats,info@devuurplaats.net,https://www.devuurplaats.net/,https://www.google.com/maps/place/De+Vuurplaats/data=!4m7!3m6!1s0x47c66b2644f96e89:0x4aef3fb2ff49f4ff!8m2!3d52.0993134!4d5.201764!16s%2Fg%2F11nns1sz61!19sChIJiW75RCZrxkcR__RJ_7I_70o?authuser=0&hl=nl&rclk=1,Telefoon: 06 24819858,Utrecht
Broodjes-catering | Lunch bestellen | Broodjes en lunch bezorgen door heel Nederland,info@demobielekok.nl,http://www.broodjes-catering.nl/,https://www.google.com/maps/place/Broodjes-catering+%7C+Lunch+bestellen+%7C+Broodjes+en+lunch+bezorgen+door+heel+Nederland/data=!4m7!3m6!1s0x47c66e2af18de529:0x5005f1822865299c!8m2!3d52.0395087!4d5.1493531!16s%2Fg%2F124sthrr1!19sChIJKeWN8SpuxkcRnCllKILxBVA?authuser=0&hl=nl&rclk=1,Telefoon: 0346 580 580,Utrecht
Rosco & Party-Service,info@rosco-catering.nl,https://rosco-catering.nl/,https://www.google.com/maps/place/Rosco+%26+Party-Service/data=!4m7!3m6!1s0x47c66fdcaadd7551:0x754aaa65a11db7b4!8m2!3d52.1093469!4d5.0466839!16s%2Fg%2F1v6l6q2q!19sChIJUXXdqtxvxkcRtLcdoWWqSnU?authuser=0&hl=nl&rclk=1,Telefoon: 030 241 2205,Utrecht
De Moestuin Utrecht,info@moestuinutrecht.nl,https://www.moestuinutrecht.nl/,https://www.google.com/maps/place/De+Moestuin+Utrecht/data=!4m7!3m6!1s0x47c6661d9173e69d:0xed050ed76717c9fd!8m2!3d52.0780029!4d5.1516127!16s%2Fg%2F1tj2mp33!19sChIJneZzkR1mxkcR_ckXZ9cOBe0?authuser=0&hl=nl&rclk=1,Telefoon: 030 214 4869,Utrecht
Ikwilcocktails: cocktailbar catering bruiloften & events,info@ikwilcocktails.nl,https://ikwilcocktails.nl/,https://www.google.com/maps/place/Ikwilcocktails:+cocktailbar+catering+bruiloften+%26+events/data=!4m7!3m6!1s0x47c66f7ea6319401:0x4c4fc21980cf0d14!8m2!3d52.1232914!4d5.0485203!16s%2Fg%2F11cr_g1sw5!19sChIJAZQxpn5vxkcRFA3PgBnCT0w?authuser=0&hl=nl&rclk=1,Telefoon: 030 310 0518,Utrecht
Panino di Pino,info@paninodipino.nl,http://www.paninodipino.nl/,https://www.google.com/maps/place/Panino+di+Pino/data=!4m7!3m6!1s0x47c6700e58790d23:0x524d5412901690b7!8m2!3d52.0926808!4d5.012881!16s%2Fg%2F1ttq19rn!19sChIJIw15WA5wxkcRt5AWkBJUTVI?authuser=0&hl=nl&rclk=1,Telefoon: 06 23633070,Utrecht
Très Joli Catering,info@tresjolicatering.nl,https://www.tresjolicatering.nl/,https://www.google.com/maps/place/Tr%C3%A8s+Joli+Catering/data=!4m7!3m6!1s0x47c66c7b40d332ef:0xd624c6d91222a3f2!8m2!3d52.1595462!4d5.4307168!16s%2Fg%2F11f03bd9bh!19sChIJ7zLTQHtsxkcR8qMiEtnGJNY?authuser=0&hl=nl&rclk=1,Telefoon: 035 888 4268,Utrecht
Happy Graze,,,https://www.google.com/maps/place/Happy+Graze/data=!4m7!3m6!1s0x47c66facbae20351:0x2fa2aaf7aaab8351!8m2!3d52.0841868!4d5.0824915!16s%2Fg%2F11ll576jgh!19sChIJUQPiuqxvxkcRUYOrqveqoi8?authuser=0&hl=nl&rclk=1,,Utrecht
DUKKAH deli & koffie,info@dukkahdeli.nl,https://www.dukkahdeli.nl/,https://www.google.com/maps/place/DUKKAH+deli+%26+koffie/data=!4m7!3m6!1s0x47c66f0bb3823d9d:0x6ac78f0f1fcd0767!8m2!3d52.095216!4d5.0641492!16s%2Fg%2F11y47xjpdx!19sChIJnT2CswtvxkcRZwfNHw-Px2o?authuser=0&hl=nl&rclk=1,Telefoon: 06 35630669,Utrecht
Tutti a Tavola,info@tuttiatavola.nl,http://www.tuttiatavola.nl/,https://www.google.com/maps/place/Tutti+a+Tavola/data=!4m7!3m6!1s0x47c66f52a8cbc645:0xa18c64983d34c13e!8m2!3d52.089885!4d5.1351939!16s%2Fg%2F1hbpwqt5z!19sChIJRcbLqFJvxkcRPsE0PZhkjKE?authuser=0&hl=nl&rclk=1,Telefoon: 030 251 5533,Utrecht
Huur pizza oven,info@pizzahoutoven.com,http://www.pizzahoutoven.com/,https://www.google.com/maps/place/Huur+pizza+oven/data=!4m7!3m6!1s0x47c66e57895c8443:0xa4664d8551fcde7a!8m2!3d52.1583278!4d5.1668748!16s%2Fg%2F11hyzxzx1z!19sChIJQ4RciVduxkcRet78UYVNZqQ?authuser=0&hl=nl&rclk=1,Telefoon: 06 50633669,Utrecht
Kitchen life with chef Phily,,,https://www.google.com/maps/place/Kitchen+life+with+chef+Phily/data=!4m7!3m6!1s0x47c66fd876372027:0xe3db47e4cdb52a38!8m2!3d52.1083959!4d5.0523263!16s%2Fg%2F11m6qrt3_1!19sChIJJyA3dthvxkcROCq1zeRH2-M?authuser=0&hl=nl&rclk=1,Telefoon: 06 15196311,Utrecht
Trai Vegan | Kookworkshops | Catering | Vergaderen | Utrecht,info@traivegan.com,http://www.traivegan.com/,https://www.google.com/maps/place/Trai+Vegan+%7C+Kookworkshops+%7C+Catering+%7C+Vergaderen+%7C+Utrecht/data=!4m7!3m6!1s0x47c66f16275a6335:0x375e05c3f818d1da!8m2!3d52.0954118!4d5.064912!16s%2Fg%2F11h04lgsn3!19sChIJNWNaJxZvxkcR2tEY-MMFXjc?authuser=0&hl=nl&rclk=1,,Utrecht
Anjappar Utrecht,,https://anjappar.nl/,https://www.google.com/maps/place/Anjappar+Utrecht/data=!4m7!3m6!1s0x47c66ffb820d4ce3:0x143bbff8b6cbc883!8m2!3d52.0931204!4d5.1131508!16s%2Fg%2F11sw48n1l6!19sChIJ40wNgvtvxkcRg8jLtvi_OxQ?authuser=0&hl=nl&rclk=1,Telefoon: 030 310 7228,Utrecht
HEMA,hemaklantenservice@hema.nl,https://www.hema.nl/winkel-zoeken,https://www.google.com/maps/place/HEMA/data=!4m7!3m6!1s0x47c66ff8c54bf8f5:0xf7aa6f69d7b2b507!8m2!3d52.1068169!4d5.1352126!16s%2Fg%2F11p07xs7xj!19sChIJ9fhLxfhvxkcRB7Wy12lvqvc?authuser=0&hl=nl&rclk=1,Telefoon: 030 227 3140,Utrecht
Café Ddadi,info@ddadi.nl,http://www.ddadi.nl/,https://www.google.com/maps/place/Caf%C3%A9+Ddadi/data=!4m7!3m6!1s0x47c66fe3c48ec20f:0x217bead410d27609!8m2!3d52.0991537!4d5.1114019!16s%2Fg%2F11j2ccw55r!19sChIJD8KOxONvxkcRCXbSENTqeyE?authuser=0&hl=nl&rclk=1,Telefoon: 06 42498899,Utrecht
Taste of India Utrecht,info@tasteofindiautrecht.nl,http://www.tasteofindiautrecht.nl/,https://www.google.com/maps/place/Taste+of+India+Utrecht/data=!4m7!3m6!1s0x47c66f6296f93c07:0x3f4ed999527956be!8m2!3d52.0914821!4d5.1183618!16s%2Fg%2F11np2z622m!19sChIJBzz5lmJvxkcRvlZ5UpnZTj8?authuser=0&hl=nl&rclk=1,Telefoon: 030 234 0400,Utrecht
J&N Veggie&Kebab,,,https://www.google.com/maps/place/J%26N+Veggie%26Kebab/data=!4m7!3m6!1s0x47c66580191c63f7:0xedebc69a4c682905!8m2!3d52.0775418!4d5.0862722!16s%2Fg%2F11rtn4p71p!19sChIJ92McGYBlxkcRBSloTJrG6-0?authuser=0&hl=nl&rclk=1,Telefoon: 030 785 6189,Utrecht
Cook Curry,cookcurry@googlemail.com,http://www.cookcurry.nl/,https://www.google.com/maps/place/Cook+Curry/data=!4m7!3m6!1s0x47c66f92285ab729:0x7b49e2b6e2a8d785!8m2!3d52.1060859!4d5.0482533!16s%2Fg%2F11hzym1g9n!19sChIJKbdaKJJvxkcRhdeo4rbiSXs?authuser=0&hl=nl&rclk=1,Telefoon: 06 42125205,Utrecht
Rum Club,utrecht@rum-club.nl,https://rum-club.nl/,https://www.google.com/maps/place/Rum+Club/data=!4m7!3m6!1s0x47c66f3c121b668b:0x65e854927ecba6d1!8m2!3d52.0922486!4d5.11647!16s%2Fg%2F11flwrs5xz!19sChIJi2YbEjxvxkcR0abLfpJU6GU?authuser=0&hl=nl&rclk=1,Telefoon: 030 304 5243,Utrecht
Damnlicious,info@damnlicious.nl,https://www.damnlicious.nl/,https://www.google.com/maps/place/Damnlicious/data=!4m7!3m6!1s0x47c66f9a92a3f6a5:0x641a200ad4010f67!8m2!3d52.0907371!4d5.1044207!16s%2Fg%2F11sfh496gr!19sChIJpfajkppvxkcRZw8B1AogGmQ?authuser=0&hl=nl&rclk=1,Telefoon: 030 555 6751,Utrecht
Toque Toque Foodcafé,info@toque.nl,https://toque.nl/,https://www.google.com/maps/place/Toque+Toque+Foodcaf%C3%A9/data=!4m7!3m6!1s0x47c66f44bb99d0e9:0x27244fd9fca9fbc8!8m2!3d52.0919058!4d5.1175242!16s%2Fg%2F1th1t7zr!19sChIJ6dCZu0RvxkcRyPup_NlPJCc?authuser=0&hl=nl&rclk=1,Telefoon: 030 231 8787,Utrecht
Homehaves,,,https://www.google.com/maps/place/Homehaves/data=!4m7!3m6!1s0x47c66fe093207e91:0x81e73a82d0698f7e!8m2!3d52.114456!4d5.105543!16s%2Fg%2F11fxdzm_qp!19sChIJkX4gk-BvxkcRfo9p0II654E?authuser=0&hl=nl&rclk=1,Telefoon: 020 261 7982,Utrecht
Kleine Max,info@kleinemax.nl,http://www.kleinemax.nl/,https://www.google.com/maps/place/Kleine+Max/data=!4m7!3m6!1s0x47c66fe63a17381f:0xd7877bb5f6320b85!8m2!3d52.0910864!4d5.0975887!16s%2Fg%2F11thjs_by_!19sChIJHzgXOuZvxkcRhQsy9rV7h9c?authuser=0&hl=nl&rclk=1,Telefoon: 06 15961596,Utrecht
Zala’s Restaurant,info@zalas.nl,https://www.zalas.nl/,https://www.google.com/maps/place/Zala%E2%80%99s+Restaurant/data=!4m7!3m6!1s0x47c66f5aa7432aad:0x82a609cd150bd7c7!8m2!3d52.0897812!4d5.1226235!16s%2Fg%2F1tfptgw0!19sChIJrSpDp1pvxkcRx9cLFc0JpoI?authuser=0&hl=nl&rclk=1,Telefoon: 030 877 9367,Utrecht
Off Smash Burgers | Utrecht,,https://www.offsmashburgers.com/,https://www.google.com/maps/place/Off+Smash+Burgers+%7C+Utrecht/data=!4m7!3m6!1s0x47c66fc10ab45b5d:0xaf63faba1a40228a!8m2!3d52.092588!4d5.117286!16s%2Fg%2F11xkgbvr2w!19sChIJXVu0CsFvxkcRiiJAGrr6Y68?authuser=0&hl=nl&rclk=1,,Utrecht
Indo food house,,http://www.indofoodhouse.nl/,https://www.google.com/maps/place/Indo+food+house/data=!4m7!3m6!1s0x47c66f8cecbd16b3:0xab2a3b9f411a7ad0!8m2!3d52.0959795!4d5.0634437!16s%2Fg%2F11qn802rq8!19sChIJsxa97IxvxkcR0HoaQZ87Kqs?authuser=0&hl=nl&rclk=1,Telefoon: 030 877 7507,Utrecht
The Madras Diaries - Utrecht,info@themadrasdiaries.nl,https://themadrasdiaries.nl/utrecht/,https://www.google.com/maps/place/The+Madras+Diaries+-+Utrecht/data=!4m7!3m6!1s0x47c66f2e52e708f3:0x8035f0bbb331ef9b!8m2!3d52.0978642!4d5.063571!16s%2Fg%2F11vqvpxd20!19sChIJ8wjnUi5vxkcRm-8xs7vwNYA?authuser=0&hl=nl&rclk=1,Telefoon: 06 47796933,Utrecht
Asian Noodles Kitchen,asiannoodleskitchen@gmail.com,https://asiannoodleskitchen.nl/,https://www.google.com/maps/place/Asian+Noodles+Kitchen/data=!4m7!3m6!1s0x47c66f39943e4ff1:0xfd5d1a0814879b31!8m2!3d52.0896927!4d5.1350102!16s%2Fg%2F11y5g1mq0q!19sChIJ8U8-lDlvxkcRMZuHFAgaXf0?authuser=0&hl=nl&rclk=1,Telefoon: 030 290 1647,Utrecht
Beers & Barrels - Utrecht Centrum,,https://www.beersbarrels.nl/nl/locaties/utrecht-centrum/?utm_source=google&utm_medium=organic&utm_campaign=gbp-listing&utm_content=utrechtcentrum,https://www.google.com/maps/place/Beers+%26+Barrels+-+Utrecht+Centrum/data=!4m7!3m6!1s0x47c66f44a0459733:0x4956eb66700ba4de!8m2!3d52.0919095!4d5.1167415!16s%2Fg%2F11b7qsytvn!19sChIJM5dFoERvxkcR3qQLcGbrVkk?authuser=0&hl=nl&rclk=1,Telefoon: 030 636 8744,Utrecht
Brothers In Law Taphouse - Cafe | Restaurant | Borrel,hello@brothersinlawtaphouse.nl,http://www.brothersinlawtaphouse.nl/,https://www.google.com/maps/place/Brothers+In+Law+Taphouse+-+Cafe+%7C+Restaurant+%7C+Borrel/data=!4m7!3m6!1s0x47c66f54855eabc9:0x3951f13b471a5ae3!8m2!3d52.0810033!4d5.1246819!16s%2Fg%2F11s42xcnzv!19sChIJyatehVRvxkcR41oaRzvxUTk?authuser=0&hl=nl&rclk=1,Telefoon: 030 785 7632,Utrecht
Restaurant Het Zuiden Fish & Wine - Steak & Beer,info@restaurant-hetzuiden.nl,https://www.restaurant-hetzuiden.nl/,https://www.google.com/maps/place/Restaurant+Het+Zuiden+Fish+%26+Wine+-+Steak+%26+Beer/data=!4m7!3m6!1s0x47c66f5b4ef4293d:0xb2d0a35d17f3e7bb!8m2!3d52.0905223!4d5.1172787!16s%2Fg%2F1tft_rqb!19sChIJPSn0TltvxkcRu-fzF12j0LI?authuser=0&hl=nl&rclk=1,Telefoon: 030 232 5848,Utrecht
Longhorn Bar & Grill,info@longhornbar.nl,https://longhornbar.nl/,https://www.google.com/maps/place/Longhorn+Bar+%26+Grill/data=!4m7!3m6!1s0x47c66f27216b76f5:0x87781acc05ea9a7c!8m2!3d52.0908416!4d5.1065433!16s%2Fg%2F11y8_47whm!19sChIJ9XZrISdvxkcRfJrqBcwaeIc?authuser=0&hl=nl&rclk=1,Telefoon: 06 13805562,Utrecht
Omelet,,,https://www.google.com/maps/place/Omelet/data=!4m7!3m6!1s0x47c66f13867eb443:0x247a467c1c65fb5e!8m2!3d52.1909763!4d5.2795551!16s%2Fg%2F11qnm1j6tp!19sChIJQ7R-hhNvxkcRXvtlHHxGeiQ?authuser=0&hl=nl&rclk=1,Telefoon: 06 82903655,Utrecht
Saowapa,info@saowapa.nl,http://www.saowapa.nl/,https://www.google.com/maps/place/Saowapa/data=!4m7!3m6!1s0x47c66f570ed75ced:0xde94ce2f2aeb0bcc!8m2!3d52.098563!4d5.1142035!16s%2Fg%2F11b6gdbzwb!19sChIJ7VzXDldvxkcRzAvrKi_OlN4?authuser=0&hl=nl&rclk=1,Telefoon: 06 28812937,Utrecht
Blij aan de Vecht,info@blijaandevecht,https://blijaandevecht.nl/,https://www.google.com/maps/place/Blij+aan+de+Vecht/data=!4m7!3m6!1s0x47c66f403c5bea07:0xfd924190acd46ee1!8m2!3d52.1002623!4d5.1124915!16s%2Fg%2F11b6swj65r!19sChIJB-pbPEBvxkcR4W7UrJBBkv0?authuser=0&hl=nl&rclk=1,Telefoon: 030 271 3080,Utrecht
Belanga Malaysia Food Heritage,info@belangamalaysiafoodheritage.nl,http://www.belangamalaysiafoodheritage.nl/,https://www.google.com/maps/place/Belanga+Malaysia+Food+Heritage/data=!4m7!3m6!1s0x47c67148b2168e93:0x9146fcb32368421d!8m2!3d52.1083959!4d5.0523263!16s%2Fg%2F11r_tp7pp_!19sChIJk44WskhxxkcRHUJoI7P8RpE?authuser=0&hl=nl&rclk=1,,Utrecht
Restaurant De Markt Utrecht centrum,info@restaurantdemarkt.nl,https://www.restaurantdemarkt.nl/,https://www.google.com/maps/place/Restaurant+De+Markt+Utrecht+centrum/data=!4m7!3m6!1s0x47c66f5d5fa794d9:0xdd5176fb53d2e65f!8m2!3d52.092128!4d5.115712!16s%2Fg%2F1tdr2j8p!19sChIJ2ZSnX11vxkcRX-bSU_t2Ud0?authuser=0&hl=nl&rclk=1,Telefoon: 030 230 0991,Utrecht
HEMA,,https://winkels.hema.nl/nl/utrecht/hema-utrecht-centrum?y_source=1_MTU0NTcyMDctNzE1LWxvY2F0aW9uLndlYnNpdGU%3D,https://www.google.com/maps/place/HEMA/data=!4m7!3m6!1s0x47c66f5b4cfcd093:0x21d5b19842d75ca!8m2!3d52.0909002!4d5.1172386!16s%2Fg%2F1tf7fwnw!19sChIJk9D8TFtvxkcRynUthBlbHQI?authuser=0&hl=nl&rclk=1,Telefoon: 030 231 2507,Utrecht
Carioca Brazilian Restaurant 🇧🇷,info@cariocarestaurant.nl,http://www.cariocarestaurant.nl/,https://www.google.com/maps/place/Carioca+Brazilian+Restaurant+%F0%9F%87%A7%F0%9F%87%B7/data=!4m7!3m6!1s0x47c66f99338449a1:0xf502aa603027c3af!8m2!3d52.0852696!4d5.1252881!16s%2Fg%2F11mscyqngn!19sChIJoUmEM5lvxkcRr8MnMGCqAvU?authuser=0&hl=nl&rclk=1,Telefoon: 030 221 8328,Utrecht
Utrecht Ramen,info@kotoya-nl.com,https://kotoya-nl.com/,https://www.google.com/maps/place/Utrecht+Ramen/data=!4m7!3m6!1s0x47c66f81fcade42b:0xad2e2f21111c8c77!8m2!3d52.0935783!4d5.1134916!16s%2Fg%2F11y3jj_whl!19sChIJK-St_IFvxkcRd4wcESEvLq0?authuser=0&hl=nl&rclk=1,,Utrecht
Ethiopisch Restaurant Sunshine,sunshine@ethiorest.nl,http://www.ethiorest.nl/,https://www.google.com/maps/place/Ethiopisch+Restaurant+Sunshine/data=!4m7!3m6!1s0x47c66f4471a0046f:0x2f936e9cf7783aa8!8m2!3d52.0945524!4d5.1174963!16s%2Fg%2F1wnf084q!19sChIJbwSgcURvxkcRqDp495xuky8?authuser=0&hl=nl&rclk=1,Telefoon: 030 223 2525,Utrecht
Landhuis in de Stad,huren@landhuisindestad.nl,http://www.landhuisindestad.nl/,https://www.google.com/maps/place/Landhuis+in+de+Stad/data=!4m7!3m6!1s0x47c66f7b7fd89c99:0xe29e2425d7889797!8m2!3d52.0867376!4d5.0925137!16s%2Fg%2F11b_2rd6ly!19sChIJmZzYf3tvxkcRl5eI1yUknuI?authuser=0&hl=nl&rclk=1,Telefoon: 030 310 7309,Utrecht
Muggen worden gegeten door vogels🍷,info@muggenwordengegetendoorvogels.nl,https://www.muggenwordengegetendoorvogels.nl/,https://www.google.com/maps/place/Muggen+worden+gegeten+door+vogels%F0%9F%8D%B7/data=!4m7!3m6!1s0x47c66f8cdc20e381:0x6375d5bc1a458a1c!8m2!3d52.0805305!4d5.1253844!16s%2Fg%2F11m6mnsd92!19sChIJgeMg3IxvxkcRHIpFGrzVdWM?authuser=0&hl=nl&rclk=1,Telefoon: 030 212 9799,Utrecht
Koreaans restaurant Meishi 김치,restaurantmeishi@gmail.com,http://www.restaurantmeishi.nl/,https://www.google.com/maps/place/Koreaans+restaurant+Meishi+%EA%B9%80%EC%B9%98/data=!4m7!3m6!1s0x47c66f4398064379:0xaf30ce27dd3c5812!8m2!3d52.0943958!4d5.1153386!16s%2Fg%2F1tp_5lt1!19sChIJeUMGmENvxkcRElg83SfOMK8?authuser=0&hl=nl&rclk=1,Telefoon: 030 231 4674,Utrecht
BijBram,,https://bij-bram.nl/,https://www.google.com/maps/place/BijBram/data=!4m7!3m6!1s0x47c66f706146519f:0x319e241910d15cb!8m2!3d52.0945864!4d5.1000859!16s%2Fg%2F11c4ywwvbc!19sChIJn1FGYXBvxkcRyxUNkUHiGQM?authuser=0&hl=nl&rclk=1,Telefoon: 030 785 3835,Utrecht
Kashmir Kitchen Utrecht,info@kashmirkitchen.nl,https://www.kashmirkitchen.nl/,https://www.google.com/maps/place/Kashmir+Kitchen+Utrecht/data=!4m7!3m6!1s0x47c66f47471baaab:0xa9df48a6dfa83239!8m2!3d52.1003374!4d5.1191052!16s%2Fg%2F11j0879l8x!19sChIJq6obR0dvxkcROTKo36ZI36k?authuser=0&hl=nl&rclk=1,Telefoon: 030 785 5538,Utrecht
Loetje Utrecht,pers@rce.eu,https://www.loetje.nl/locaties/utrecht/?utm_source=google&utm_medium=organic&utm_campaign=gbp-listing&utm_content=utrecht,https://www.google.com/maps/place/Loetje+Utrecht/data=!4m7!3m6!1s0x47c66f4540ae3767:0xc380d504eba76524!8m2!3d52.091748!4d5.121402!16s%2Fg%2F1vqmhl1p!19sChIJZzeuQEVvxkcRJGWn6wTVgMM?authuser=0&hl=nl&rclk=1,Telefoon: 030 231 5040,Utrecht
Tuttigusti,info@tuttigustiutrecht.com,http://www.tuttigustiutrecht.com/,https://www.google.com/maps/place/Tuttigusti/data=!4m7!3m6!1s0x47c66f5a827ac67d:0xd177503ee534dacd!8m2!3d52.0886156!4d5.1223648!16s%2Fg%2F1v1vcdch!19sChIJfcZ6glpvxkcRzdo05T5Qd9E?authuser=0&hl=nl&rclk=1,Telefoon: 030 238 1824,Utrecht
HEMA,,https://winkels.hema.nl/nl/utrecht/hema-utrecht-hoog-catharijne?y_source=1_MTU0NTY3OTQtNzE1LWxvY2F0aW9uLndlYnNpdGU=,https://www.google.com/maps/place/HEMA/data=!4m7!3m6!1s0x47c66f5d2730855d:0x2bcfc5df29d69a3!8m2!3d52.0894571!4d5.1136712!16s%2Fg%2F1tf7lsfp!19sChIJXYUwJ11vxkcRo2md8l38vAI?authuser=0&hl=nl&rclk=1,Telefoon: 030 231 7620,Utrecht
Jozef eten & drinken,info@jozefutrecht.nl,http://jozefutrecht.nl/,https://www.google.com/maps/place/Jozef+eten+%26+drinken/data=!4m7!3m6!1s0x47c66f5b164c4583:0xc2c5f6e764232351!8m2!3d52.0894962!4d5.1182596!16s%2Fg%2F11c1wvz28y!19sChIJg0VMFltvxkcRUSMjZOf2xcI?authuser=0&hl=nl&rclk=1,Telefoon: 030 230 0055,Utrecht
HEMA,,https://winkels.hema.nl/nl/utrecht/hema-utrecht-overvecht?y_source=1_MTU0NTY5MDMtNzE1LWxvY2F0aW9uLndlYnNpdGU=,https://www.google.com/maps/place/HEMA/data=!4m7!3m6!1s0x47c66f182e64b087:0xe6939ef0b14388ce!8m2!3d52.1133825!4d5.1108947!16s%2Fg%2F1tdvtjdr!19sChIJh7BkLhhvxkcRzohDsfCek-Y?authuser=0&hl=nl&rclk=1,Telefoon: 030 261 0011,Utrecht
SAAR café - resto,hallo@cafesaar.nl,http://www.saar-utrecht.nl/,https://www.google.com/maps/place/SAAR+caf%C3%A9+-+resto/data=!4m7!3m6!1s0x47c66f2c5b62618d:0xdfb468914742b79c!8m2!3d52.0841768!4d5.1191471!16s%2Fg%2F11gmsms8y3!19sChIJjWFiWyxvxkcRnLdCR5FotN8?authuser=0&hl=nl&rclk=1,Telefoon: 030 633 6783,Utrecht
The Pasta Company,,,https://www.google.com/maps/place/The+Pasta+Company/data=!4m7!3m6!1s0x47c66f09f9843893:0x53efe3f41652e4c0!8m2!3d52.1085387!4d5.0871255!16s%2Fg%2F11hzrrg4ff!19sChIJkziE-QlvxkcRwORSFvTj71M?authuser=0&hl=nl&rclk=1,,Utrecht
Guillotine Utrecht,%20info@guillotine-utrecht.nl,http://www.guillotine-utrecht.nl/,https://www.google.com/maps/place/Guillotine+Utrecht/data=!4m7!3m6!1s0x47c66fb62110f959:0xf729718a12dfa9d0!8m2!3d52.0897771!4d5.1205199!16s%2Fg%2F11nrqf8ph8!19sChIJWfkQIbZvxkcR0KnfEopxKfc?authuser=0&hl=nl&rclk=1,Telefoon: 030 303 9736,Utrecht
Pomp 41,management@pomp41.nl,http://www.pomp41.nl/,https://www.google.com/maps/place/Pomp+41/data=!4m7!3m6!1s0x47c668f159263925:0xd0d89916eb949925!8m2!3d52.1042626!4d5.1835516!16s%2Fg%2F11dfh1wdv5!19sChIJJTkmWfFoxkcRJZmU6xaZ2NA?authuser=0&hl=nl&rclk=1,Telefoon: 030 307 4412,Utrecht
ICI Ramen Tepan,info@ici-restaurant.nl,http://www.ici-restaurant.nl/,https://www.google.com/maps/place/ICI+Ramen+Tepan/data=!4m7!3m6!1s0x47c66f1a1bf18409:0xf4b90b93766520cf!8m2!3d52.0900947!4d5.1197165!16s%2Fg%2F11h1m563x8!19sChIJCYTxGxpvxkcRzyBldpMLufQ?authuser=0&hl=nl&rclk=1,Telefoon: 030 877 3512,Utrecht
Dar Ouled Mellouk,,https://www.darouledmellouk-bestellen.nl/,https://www.google.com/maps/place/Dar+Ouled+Mellouk/data=!4m7!3m6!1s0x47c66f31df84081d:0x86bea51cd047ccd3!8m2!3d52.1188642!4d5.1001127!16s%2Fg%2F11tnw3cqq0!19sChIJHQiE3zFvxkcR08xH0BylvoY?authuser=0&hl=nl&rclk=1,Telefoon: 030 785 8395,Utrecht
WOK! Asian Streetfood,info@wokbywoktogo.com,https://wokbywoktogo.com/,https://www.google.com/maps/place/WOK!+Asian+Streetfood/data=!4m7!3m6!1s0x47c66f24d020faf1:0xb633ab4a42a08b1e!8m2!3d52.0932!4d5.1136395!16s%2Fg%2F11h71mz_xp!19sChIJ8fog0CRvxkcRHougQkqrM7Y?authuser=0&hl=nl&rclk=1,Telefoon: 06 38387098,Utrecht
ANNA Pancakes Berlijnplein | Burgers & Pancakes |,hello@annapancakes.nl,http://www.annapancakes.nl/,https://www.google.com/maps/place/ANNA+Pancakes+Berlijnplein+%7C+Burgers+%26+Pancakes+%7C/data=!4m7!3m6!1s0x47c66fc7ff44ab11:0x773a657ada564bcf!8m2!3d52.0954142!4d5.0700465!16s%2Fg%2F11tsfy183x!19sChIJEatE_8dvxkcRz0tW2nplOnc?authuser=0&hl=nl&rclk=1,Telefoon: 06 12726778,Utrecht
The Seafood Bar,info@theseafoodbar.com,https://www.theseafoodbar.com/,https://www.google.com/maps/place/The+Seafood+Bar/data=!4m7!3m6!1s0x47c66f5d4ed31de7:0x2ab5b808385be340!8m2!3d52.0906615!4d5.1101061!16s%2Fg%2F11hcj296nl!19sChIJ5x3TTl1vxkcRQONbOAi4tSo?authuser=0&hl=nl&rclk=1,Telefoon: 030 227 2430,Utrecht
Chef At Home,Chefsamathome@gmail.com,http://www.chefsamathome.com/,https://www.google.com/maps/place/Chef+At+Home/data=!4m7!3m6!1s0x47c5fda4dbf02a91:0x952b087156743006!8m2!3d52.4405256!4d4.8196037!16s%2Fg%2F11rxjp356y!19sChIJkSrw26T9xUcRBjB0VnEIK5U?authuser=0&hl=nl&rclk=1,Telefoon: 06 37401575,Utrecht
Amazing Oriental Hoog Catharijne,info@orientalholding.com,https://amazingoriental.com/Location/winkels-utrecht-hoog-catharijne/,https://www.google.com/maps/place/Amazing+Oriental+Hoog+Catharijne/data=!4m7!3m6!1s0x47c66f56f4244359:0x8c27e82c15186da4!8m2!3d52.0917725!4d5.1105823!16s%2Fg%2F11r2jf4hk6!19sChIJWUMk9FZvxkcRpG0YFSzoJ4w?authuser=0&hl=nl&rclk=1,Telefoon: 030 820 1722,Utrecht
Restaurant Gys Utrecht,mail@usercentrics.com,https://gysutrecht.nl/locaties/amsterdamsestraatweg,https://www.google.com/maps/place/Restaurant+Gys+Utrecht/data=!4m7!3m6!1s0x47c66f6bdd36701d:0x6de0446721679556!8m2!3d52.0974242!4d5.1060164!16s%2Fg%2F11bw61mky8!19sChIJHXA23WtvxkcRVpVnIWdE4G0?authuser=0&hl=nl&rclk=1,Telefoon: 030 633 8457,Utrecht
Thai 88 🇹🇭,info@thai88.nl,http://www.thai88.nl/,https://www.google.com/maps/place/Thai+88+%F0%9F%87%B9%F0%9F%87%AD/data=!4m7!3m6!1s0x47c66f976e0979bd:0xcf9ecab153e9042f!8m2!3d52.10464!4d5.1206882!16s%2Fg%2F11rvflm3r4!19sChIJvXkJbpdvxkcRLwTpU7HKns8?authuser=0&hl=nl&rclk=1,Telefoon: 030 785 2979,Utrecht
Japans Restaurant & Bar Konnichiwa,info@konnichiwa.nl,http://www.konnichiwa.nl/,https://www.google.com/maps/place/Japans+Restaurant+%26+Bar+Konnichiwa/data=!4m7!3m6!1s0x47c66f5b473b5cc5:0xa22466bc6df664c5!8m2!3d52.0900421!4d5.1176157!16s%2Fg%2F1tdnkb45!19sChIJxVw7R1tvxkcRxWT2bbxmJKI?authuser=0&hl=nl&rclk=1,Telefoon: 030 241 6388,Utrecht
De Zwarte Vosch Pinchobar & Tapasrestaurant,bar@dezwartevosch.nl,https://www.dezwartevosch.nl/,https://www.google.com/maps/place/De+Zwarte+Vosch+Pinchobar+%26+Tapasrestaurant/data=!4m7!3m6!1s0x47c66f43f523b605:0x6f15f52f3ae559df!8m2!3d52.0950553!4d5.1168578!16s%2Fg%2F11b6394klc!19sChIJBbYj9UNvxkcR31nlOi_1FW8?authuser=0&hl=nl&rclk=1,Telefoon: 030 670 0791,Utrecht
Vuurbak.nl,mail@usercentrics.com,http://www.vuurbak.nl/,https://www.google.com/maps/place/Vuurbak.nl/data=!4m7!3m6!1s0x47c66f5b03f34987:0x2ff5c960770308e!8m2!3d52.0716444!4d5.1269205!16s%2Fg%2F11hd9qd8wl!19sChIJh0nzA1tvxkcRjjBwB5Zc_wI?authuser=0&hl=nl&rclk=1,Telefoon: 085 130 7620,Utrecht
Bang & Olufsen ter Horst Utrecht,info@bang-olufsen-terhorst.nl,http://www.onlineplayshop.nl/?y_source=1_MTExOTk2NDMtNzE1LWxvY2F0aW9uLndlYnNpdGU%3D,https://www.google.com/maps/place/Bang+%26+Olufsen+ter+Horst+Utrecht/data=!4m7!3m6!1s0x47c66f57a65dfc15:0x8bdc0f4f892d5879!8m2!3d52.09744!4d5.0653!16s%2Fg%2F1ts2zh25!19sChIJFfxdpldvxkcReVgtiU8P3Is?authuser=0&hl=nl&rclk=1,Telefoon: 030 231 3483,Utrecht
Chillz,info@chillz.nl,https://chillz.nl/,https://www.google.com/maps/place/Chillz/data=!4m7!3m6!1s0x47c66fe50a5fca93:0xb342905c04732796!8m2!3d52.0880963!4d5.1212235!16s%2Fg%2F11rv8w4dlg!19sChIJk8pfCuVvxkcRlidzBFyQQrM?authuser=0&hl=nl&rclk=1,Telefoon: 030 276 6480,Utrecht
Restaurant Dikkertje 🇬🇷,,http://www.dikkertje.nl/,https://www.google.com/maps/place/Restaurant+Dikkertje+%F0%9F%87%AC%F0%9F%87%B7/data=!4m7!3m6!1s0x47c66f72cac3b187:0xb3705a7723e0ffc7!8m2!3d52.102389!4d5.096805!16s%2Fg%2F1v44pmmn!19sChIJh7HDynJvxkcRx__gI3dacLM?authuser=0&hl=nl&rclk=1,Telefoon: 030 244 3359,Utrecht
HEMA,,https://winkels.hema.nl/nl/utrecht/hema-utrecht-kanaleneiland?y_source=1_MTU0NTczMTktNzE1LWxvY2F0aW9uLndlYnNpdGU%3D,https://www.google.com/maps/place/HEMA/data=!4m7!3m6!1s0x47c6658f4058ac35:0x2856779932340281!8m2!3d52.0747861!4d5.0953402!16s%2Fg%2F1tcvb2xk!19sChIJNaxYQI9lxkcRgQI0Mpl3Vig?authuser=0&hl=nl&rclk=1,Telefoon: 030 293 2029,Utrecht
Leeuwin's Serviezenhuis,info@leeuwin.nl,http://www.leeuwin.nl/,https://www.google.com/maps/place/Leeuwin%27s+Serviezenhuis/data=!4m7!3m6!1s0x47c66f45393babaf:0x1a51982be0ded9db!8m2!3d52.0917379!4d5.1208849!16s%2Fg%2F1tf572ms!19sChIJr6s7OUVvxkcR29ne4CuYURo?authuser=0&hl=nl&rclk=1,Telefoon: 030 231 2885,Utrecht
SUVAI Restaurant 🇮🇳,info@suvai.nl,http://www.suvai.nl/,https://www.google.com/maps/place/SUVAI+Restaurant+%F0%9F%87%AE%F0%9F%87%B3/data=!4m7!3m6!1s0x47c665ff235b90a9:0xedbf47e17e7721c0!8m2!3d52.0797055!4d5.0945253!16s%2Fg%2F11t8997bw7!19sChIJqZBbI_9lxkcRwCF3fuFHv-0?authuser=0&hl=nl&rclk=1,Telefoon: 030 276 5321,Utrecht
Restaurant Gys Utrecht,mail@usercentrics.com,https://gysutrecht.nl/locaties/voorstraat/,https://www.google.com/maps/place/Restaurant+Gys+Utrecht/data=!4m7!3m6!1s0x47c66f45ee9ca665:0x619ed3263fe99adc!8m2!3d52.0950546!4d5.1224766!16s%2Fg%2F11b6wrvrtw!19sChIJZaac7kVvxkcR3JrpPybTnmE?authuser=0&hl=nl&rclk=1,Telefoon: 030 259 1788,Utrecht
Sarban - Utrecht,,http://sarban.nl/,https://www.google.com/maps/place/Sarban+-+Utrecht/data=!4m7!3m6!1s0x47c66f44c86e73c7:0x8e3c543839393a81!8m2!3d52.0914155!4d5.1187502!16s%2Fg%2F11fx2w9k__!19sChIJx3NuyERvxkcRgTo5OThUPI4?authuser=0&hl=nl&rclk=1,Telefoon: 030 201 4373,Utrecht
IKEA Utrecht,,https://www.ikea.com/nl/nl/stores/utrecht/,https://www.google.com/maps/place/IKEA+Utrecht/data=!4m7!3m6!1s0x47c66594534db65d:0x4b2b978181940d45!8m2!3d52.0627749!4d5.0986125!16s%2Fg%2F1thn4qvr!19sChIJXbZNU5RlxkcRRQ2UgYGXK0s?authuser=0&hl=nl&rclk=1,Telefoon: 050 711 1267,Utrecht
ANNA Pancakes Voor Clarenburg | All Day Brunch |,hello@annapancakes.nl,http://www.annapancakes.nl/,https://www.google.com/maps/place/ANNA+Pancakes+Voor+Clarenburg+%7C+All+Day+Brunch+%7C/data=!4m7!3m6!1s0x47c66fe17db6faeb:0x95f37f336a6fa1bf!8m2!3d52.090773!4d5.1161444!16s%2Fg%2F11g23s78yb!19sChIJ6_q2feFvxkcRv6FvajN_85U?authuser=0&hl=nl&rclk=1,Telefoon: 06 39099521,Utrecht
Dogma Hotdogbar🌭,fun@dogmahotdogs.nl,http://www.dogmahotdogs.com/,https://www.google.com/maps/place/Dogma+Hotdogbar%F0%9F%8C%AD/data=!4m7!3m6!1s0x47c66f445a9fe8db:0x17450269c7d2eeae!8m2!3d52.0941249!4d5.1193345!16s%2Fg%2F11cmhl3cdt!19sChIJ2-ifWkRvxkcRru7Sx2kCRRc?authuser=0&hl=nl&rclk=1,Telefoon: 06 14785898,Utrecht
Buiten bij de sluis,info@buitenbijdesluis.nl,https://www.buitenbijdesluis.nl/,https://www.google.com/maps/place/Buiten+bij+de+sluis/data=!4m7!3m6!1s0x47c66f4666a3938b:0x55cd43e437d74a2c!8m2!3d52.0961198!4d5.0762241!16s%2Fg%2F11j3tmn86_!19sChIJi5OjZkZvxkcRLErXN-RDzVU?authuser=0&hl=nl&rclk=1,Telefoon: 030 303 6467,Utrecht
Vroeg - Restaurant | Bakkerij | Vergaderen,info@vroeg.nl,http://www.vroeg.nl/,https://www.google.com/maps/place/Vroeg+-+Restaurant+%7C+Bakkerij+%7C+Vergaderen/data=!4m7!3m6!1s0x47c66630ec6a1d79:0x37de3b48982a3cba!8m2!3d52.0637924!4d5.172613!16s%2Fg%2F1vfp7dqw!19sChIJeR1q7DBmxkcRujwqmEg73jc?authuser=0&hl=nl&rclk=1,Telefoon: 030 820 1010,Utrecht
Madame Cocos / Broodje Burnie,info@madamecocos.nl,https://www.madamecocos.nl/nl/home,https://www.google.com/maps/place/Madame+Cocos+%2F+Broodje+Burnie/data=!4m7!3m6!1s0x47c66f5d26d3d1b3:0xffdb2787a1ac6038!8m2!3d52.0899248!4d5.1126592!16s%2Fg%2F11gdtp43h6!19sChIJs9HTJl1vxkcROGCsoYcn2_8?authuser=0&hl=nl&rclk=1,Telefoon: 06 42950921,Utrecht
Restaurant Blauw Utrecht,Utrecht@restaurantblauw.nl,https://restaurantblauw.nl/,https://www.google.com/maps/place/Restaurant+Blauw+Utrecht/data=!4m7!3m6!1s0x47c66f5a515b4b9b:0xdb6b48bf149c1e77!8m2!3d52.0878508!4d5.1195219!16s%2Fg%2F1td52nbd!19sChIJm0tbUVpvxkcRdx6cFL9Ia9s?authuser=0&hl=nl&rclk=1,Telefoon: 030 234 2463,Utrecht
Papi’s Comfort Kitchen,info@papiscomfortkitchen.com,http://www.papiscomfortkitchen.com/,https://www.google.com/maps/place/Papi%E2%80%99s+Comfort+Kitchen/data=!4m7!3m6!1s0x47c66f8ee24874d1:0x19a58d0d70b1ed02!8m2!3d52.0832773!4d5.1232179!16s%2Fg%2F11ss4z20ws!19sChIJ0XRI4o5vxkcRAu2xcA2NpRk?authuser=0&hl=nl&rclk=1,Telefoon: 030 210 2014,Utrecht
KLOEK,kloekutrecht@gmail.com,http://www.kloekutrecht.nl/,https://www.google.com/maps/place/KLOEK/data=!4m7!3m6!1s0x47c66f42e4a6372f:0x3890400363352634!8m2!3d52.0931429!4d5.112901!16s%2Fg%2F11b75cp6jt!19sChIJLzem5EJvxkcRNCY1YwNAkDg?authuser=0&hl=nl&rclk=1,Telefoon: 030 879 2999,Utrecht
Dille & Kamille - Utrecht,klantenservice@dille-kamille.com,https://www.dille-kamille.nl/winkels/utrecht/?utm_source=googlemybusiness&utm_medium=organic&utm_campaign=utrecht,https://www.google.com/maps/place/Dille+%26+Kamille+-+Utrecht/data=!4m7!3m6!1s0x47c66f5a91408745:0x64e44132ac3173b3!8m2!3d52.0891272!4d5.1214918!16s%2Fg%2F1tgwlxbd!19sChIJRYdAkVpvxkcRs3MxrDJB5GQ?authuser=0&hl=nl&rclk=1,Telefoon: 030 238 1307,Utrecht
Belgisch Biercafé Olivier Utrecht,,https://www.cafe-olivier.be/nl/?utm_source=google&utm_medium=organic&utm_campaign=gbp-listing&utm_content=belgischbiercafeolivier,https://www.google.com/maps/place/Belgisch+Biercaf%C3%A9+Olivier+Utrecht/data=!4m7!3m6!1s0x47c66f5cb062d9fd:0xd643c263e05d7103!8m2!3d52.0906327!4d5.1156758!16s%2Fg%2F1tqpyg87!19sChIJ_dlisFxvxkcRA3Fd4GPCQ9Y?authuser=0&hl=nl&rclk=1,Telefoon: 030 236 7876,Utrecht
Ndujame,,https://ndujame.com/,https://www.google.com/maps/place/Ndujame/data=!4m7!3m6!1s0x47c66f0a260c84e7:0x62e5c5f5b98d28b!8m2!3d52.0887667!4d5.121576!16s%2Fg%2F11l38z0n5l!19sChIJ54QMJgpvxkcRi9KYW19cLgY?authuser=0&hl=nl&rclk=1,Telefoon: 06 14379438,Utrecht
Restaurant Sevilla,hola@sevilla-utrecht.nl,http://www.sevilla-utrecht.nl/,https://www.google.com/maps/place/Restaurant+Sevilla/data=!4m7!3m6!1s0x47c66fdeec45cbc1:0xc148f4a4431552b9!8m2!3d52.0922778!4d5.1222757!16s%2Fg%2F11tf_1c0zy!19sChIJwctF7N5vxkcRuVIVQ6T0SME?authuser=0&hl=nl&rclk=1,Telefoon: 030 880 4452,Utrecht
Ombretta Utrecht,,https://instagram.com/ombretta_utrecht?igshid=OGQ5ZDc2ODk2ZA==&utm_source=qr,https://www.google.com/maps/place/Ombretta+Utrecht/data=!4m7!3m6!1s0x47c66f416d1473af:0x23e1c1af55d8cb79!8m2!3d52.09464!4d5.1194398!16s%2Fg%2F11srrhvm51!19sChIJr3MUbUFvxkcRecvYVa_B4SM?authuser=0&hl=nl&rclk=1,,Utrecht
Atithi Indian Restaurant Utrecht,support@atithi.nl,https://atithi.nl/,https://www.google.com/maps/place/Atithi+Indian+Restaurant+Utrecht/data=!4m7!3m6!1s0x47c66f15bb808933:0x9d57f6d055e1ea34!8m2!3d52.0910271!4d5.1073482!16s%2Fg%2F11m69zpyrg!19sChIJM4mAuxVvxkcRNOrhVdD2V50?authuser=0&hl=nl&rclk=1,Telefoon: 085 060 6009,Utrecht
O'Panuozzo Neapolitan Pizzeria,mariastraat@o-panuozzo.nl,https://opanuozzopizzeria.com/,https://www.google.com/maps/place/O%27Panuozzo+Neapolitan+Pizzeria/data=!4m7!3m6!1s0x47c66f5b4fa8c83f:0x1fe8df9774272f5b!8m2!3d52.0904274!4d5.1171074!16s%2Fg%2F11hbg9ykp3!19sChIJP8ioT1tvxkcRWy8ndJff6B8?authuser=0&hl=nl&rclk=1,Telefoon: 030 743 9706,Utrecht
Restaurant La Cantina di David,info@cantinadidavid.nl,https://www.cantinadidavid.nl/,https://www.google.com/maps/place/Restaurant+La+Cantina+di+David/data=!4m7!3m6!1s0x47c66f447f47d715:0x6883d49e8e07e747!8m2!3d52.0937895!4d5.1167799!16s%2Fg%2F1tfxx75f!19sChIJFddHf0RvxkcRR-cHjp7Ug2g?authuser=0&hl=nl&rclk=1,Telefoon: 030 236 8436,Utrecht
Koenraad,info@koenraadutrecht.nl,http://www.koenraadutrecht.nl/,https://www.google.com/maps/place/Koenraad/data=!4m7!3m6!1s0x47c66f996abaf767:0xb5c57bbe147ccf47!8m2!3d52.0941575!4d5.1189184!16s%2Fg%2F11h875zf9y!19sChIJZ_e6aplvxkcRR898FL57xbU?authuser=0&hl=nl&rclk=1,Telefoon: 030 237 4004,Utrecht
Oscar's afleidservice,,,https://www.google.com/maps/place/Oscar%27s+afleidservice/data=!4m7!3m6!1s0x47c6d9ee4e2ff109:0x537da5c9a1d756d1!8m2!3d51.429207!4d5.454927!16s%2Fg%2F11xvvmynlq!19sChIJCfEvTu7ZxkcR0VbXocmlfVM?authuser=0&hl=nl&rclk=1,,Eindhoven
Lekker Werelds,l.vandiggelen@lekkerwerelds.nl,http://www.lekkerwerelds.nl/,https://www.google.com/maps/place/Lekker+Werelds/data=!4m7!3m6!1s0x47c6d96daaeecbed:0x6cc89512f267cd02!8m2!3d51.4435951!4d5.4507259!16s%2Fg%2F11b7rtw87f!19sChIJ7cvuqm3ZxkcRAs1n8hKVyGw?authuser=0&hl=nl&rclk=1,Telefoon: 06 41670935,Eindhoven
Mark Hagan Cooking,markhagancooking@gmail.com,https://www.markhagan.nl/,https://www.google.com/maps/place/Mark+Hagan+Cooking/data=!4m7!3m6!1s0x2182a94eb1e1f313:0x1745da28e4da2f09!8m2!3d52.1909763!4d5.2795551!16s%2Fg%2F11vx703_j4!19sChIJE_PhsU6pgiERCS_a5CjaRRc?authuser=0&hl=nl&rclk=1,Telefoon: 06 21482775,Eindhoven
Kris Studio Culinair,info@krisstudioculinair.nl,http://www.krisstudioculinair.nl/,https://www.google.com/maps/place/Kris+Studio+Culinair/data=!4m7!3m6!1s0x47c728491f12b21f:0xce4065a5ccc85d2!8m2!3d51.4517074!4d5.4529541!16s%2Fg%2F1td_9xqs!19sChIJH7ISH0kox0cR0oXMXFoG5Aw?authuser=0&hl=nl&rclk=1,Telefoon: 040 206 3993,Eindhoven
Delicious at home,info@deliciousathome.nl,http://deliciousathome.nl/,https://www.google.com/maps/place/Delicious+at+home/data=!4m7!3m6!1s0x47c6dbc7841a2edf:0x1cad87f297ec4389!8m2!3d51.4817164!4d5.4373941!16s%2Fg%2F1vp6zdn4!19sChIJ3y4ahMfbxkcRiUPsl_KHrRw?authuser=0&hl=nl&rclk=1,Telefoon: 06 41502153,Eindhoven
By Burger,Michiel@burgerfood.nl,https://www.burgerfood.nl/,https://www.google.com/maps/place/By+Burger/data=!4m7!3m6!1s0xaaee3bfc5ea3f577:0x3d460dec9de091e2!8m2!3d51.4646552!4d5.4845442!16s%2Fg%2F11xcfp_m09!19sChIJd_WjXvw77qoR4pHgnewNRj0?authuser=0&hl=nl&rclk=1,,Eindhoven
SDD Catering,info@ssdcatering.nl,http://www.ssdcatering.nl/,https://www.google.com/maps/place/SDD+Catering/data=!4m7!3m6!1s0x47c7212d51a49c8d:0x6065363e9be85c2c!8m2!3d51.4224591!4d5.5057593!16s%2Fg%2F11h75w3pvj!19sChIJjZykUS0hx0cRLFzomz42ZWA?authuser=0&hl=nl&rclk=1,Telefoon: 06 38757260,Eindhoven
Chef Jeroen @ your table,,http://www.chefjeroen.nl/,https://www.google.com/maps/place/Chef+Jeroen+@+your+table/data=!4m7!3m6!1s0x47c6d8e5b46a2d99:0xb2b3a2ad57bdb936!8m2!3d51.4427643!4d5.4946309!16s%2Fg%2F11dymnnsqd!19sChIJmS1qtOXYxkcRNrm9V62is7I?authuser=0&hl=nl&rclk=1,Telefoon: 06 53628687,Eindhoven
Chef Sander - Het Smaak Atelier,info@chefsander.nl,https://www.chefsander.nl/,https://www.google.com/maps/place/Chef+Sander+-+Het+Smaak+Atelier/data=!4m7!3m6!1s0x47c6d928c608c947:0x65ea6c98bceb213c!8m2!3d51.4393125!4d5.4648909!16s%2Fg%2F11whp2f1nv!19sChIJR8kIxijZxkcRPCHrvJhs6mU?authuser=0&hl=nl&rclk=1,Telefoon: 06 38366661,Eindhoven
GUGULA 咕咕辣,,https://www.instagram.com/gugula_eindhoven/,https://www.google.com/maps/place/GUGULA+%E5%92%95%E5%92%95%E8%BE%A3/data=!4m7!3m6!1s0x47c6db9e2b3c01d7:0xef3b79a9b95c660b!8m2!3d51.438582!4d5.3993132!16s%2Fg%2F11kr8n3n19!19sChIJ1wE8K57bxkcRC2Zcual5O-8?authuser=0&hl=nl&rclk=1,,Eindhoven
World kitchen by Shiran,info@worldkitchenbyshiran.nl,http://worldkitchenbyshiran.nl/,https://www.google.com/maps/place/World+kitchen+by+Shiran/data=!4m7!3m6!1s0x47c6d94b6de56ef9:0xa1f548af92beb0aa!8m2!3d51.4338027!4d5.4843118!16s%2Fg%2F11rb48d9yf!19sChIJ-W7lbUvZxkcRqrC-kq9I9aE?authuser=0&hl=nl&rclk=1,Telefoon: 06 21400196,Eindhoven
Cucina Sophia,Cucinasophia.info@gmail.com,https://www.cucinasophia.it/,https://www.google.com/maps/place/Cucina+Sophia/data=!4m7!3m6!1s0x47c6d85143a765ed:0x11b9b2eb06d1f75!8m2!3d51.4215512!4d5.4876431!16s%2Fg%2F11f3_r2h71!19sChIJ7WWnQ1HYxkcRdR9tsC6bGwE?authuser=0&hl=nl&rclk=1,Telefoon: 06 21925848,Eindhoven
Groos Gastronomie,Robin@groosgastronomie.nl,https://groosgastronomie.nl/,https://www.google.com/maps/place/Groos+Gastronomie/data=!4m7!3m6!1s0x491dba8b19564c8b:0xecf1df1d7d88dfcd!8m2!3d51.5642759!4d4.875805!16s%2Fg%2F11x26rj_k_!19sChIJi0xWGYu6HUkRzd-IfR3f8ew?authuser=0&hl=nl&rclk=1,Telefoon: 06 11785379,Eindhoven
Chef Robert Catering Best,chefrobertnl@gmail.com,https://www.chefrobertcatering.nl/,https://www.google.com/maps/place/Chef+Robert+Catering+Best/data=!4m7!3m6!1s0x65172289f3202f27:0x33cb3b11a87f710!8m2!3d51.510062!4d5.3851269!16s%2Fg%2F11krjd4h6l!19sChIJJy8g84kiF2UREPeHGrGzPAM?authuser=0&hl=nl&rclk=1,Telefoon: 06 39653093,Eindhoven
Sem Serveert,,https://www.semserveert.nl/,https://www.google.com/maps/place/Sem+Serveert/data=!4m7!3m6!1s0x47c6e98c753f9279:0xab1d53f80bd31c08!8m2!3d51.605075!4d5.328105!16s%2Fg%2F11lz5rbwmw!19sChIJeZI_dYzpxkcRCBzTC_hTHas?authuser=0&hl=nl&rclk=1,Telefoon: 06 40953185,Eindhoven
10Tables,info@10tables.nl,https://www.10tables.nl/,https://www.google.com/maps/place/10Tables/data=!4m7!3m6!1s0x47c6d9197283424d:0xbdc3178b19c5819c!8m2!3d51.4465772!4d5.4558749!16s%2Fg%2F11v5v67s6c!19sChIJTUKDchnZxkcRnIHFGYsXw70?authuser=0&hl=nl&rclk=1,Telefoon: 040 304 5350,Eindhoven
Tequenos Eindhoven,,https://www.tequenoseindhoven.nl/,https://www.google.com/maps/place/Tequenos+Eindhoven/data=!4m7!3m6!1s0xa34d381d0641df79:0x76af03dbfb8f237b!8m2!3d51.175807!4d8.7829981!16s%2Fg%2F11wtl7x85y!19sChIJed9BBh04TaMReyOP-9sDr3Y?authuser=0&hl=nl&rclk=1,Telefoon: 06 27268629,Eindhoven
Pim Kookt,info@pimkookt.nl,https://www.pimkookt.nl/,https://www.google.com/maps/place/Pim+Kookt/data=!4m7!3m6!1s0x47c6dbb6d3449977:0x47f9257f0ad4b4ba!8m2!3d51.4411211!4d5.4117247!16s%2Fg%2F11l2ghwvzm!19sChIJd5lE07bbxkcRurTUCn8l-Uc?authuser=0&hl=nl&rclk=1,Telefoon: 06 81322550,Eindhoven
Luca Catering,nick@lucacatering.nl,https://www.lucacatering.nl/,https://www.google.com/maps/place/Luca+Catering/data=!4m7!3m6!1s0x47c6d9e48a92d7bd:0x178fc58b107166da!8m2!3d51.3950488!4d5.4395163!16s%2Fg%2F11c6q9j5tx!19sChIJvdeSiuTZxkcR2mZxEIvFjxc?authuser=0&hl=nl&rclk=1,Telefoon: 06 14279795,Eindhoven
Thuiskok Eindhoven,,,https://www.google.com/maps/place/Thuiskok+Eindhoven/data=!4m7!3m6!1s0x47c6d9127bf8cd4f:0x9191b65d7fb8282c!8m2!3d51.4409243!4d5.4618629!16s%2Fg%2F1tpljy__!19sChIJT834exLZxkcRLCi4f122kZE?authuser=0&hl=nl&rclk=1,Telefoon: 06 12189751,Eindhoven
Vaderland,info@vaderland.nu,http://www.vaderland.nu/,https://www.google.com/maps/place/Vaderland/data=!4m7!3m6!1s0x47c6df789e703c5d:0x6e0cab7232de5fcd!8m2!3d51.4918405!4d5.5154642!16s%2Fg%2F11r9bfkb1w!19sChIJXTxwnnjfxkcRzV_eMnKrDG4?authuser=0&hl=nl&rclk=1,Telefoon: 06 41777440,Eindhoven
Frietfestijn,info@frietfestijn.nl,https://frietfestijn.nl/,https://www.google.com/maps/place/Frietfestijn/data=!4m7!3m6!1s0x47c6deb827dfee99:0xe2b9567714aaa60b!8m2!3d51.5058733!4d5.4892729!16s%2Fg%2F1tg34fjf!19sChIJme7fJ7jexkcRC6aqFHdWueI?authuser=0&hl=nl&rclk=1,Telefoon: 06 24555263,Eindhoven
Gertie's Culinaire Dienstverlening,,,https://www.google.com/maps/place/Gertie%27s+Culinaire+Dienstverlening/data=!4m7!3m6!1s0x47c6d9a6aea91801:0x9618373ce6d1088a!8m2!3d51.4251031!4d5.4620558!16s%2Fg%2F1tdg2fn4!19sChIJARiprqbZxkcRigjR5jw3GJY?authuser=0&hl=nl&rclk=1,Telefoon: 040 292 8428,Eindhoven
Afhaalcentrum Paramaribo,,http://www.paramariboeethuis.nl/,https://www.google.com/maps/place/Afhaalcentrum+Paramaribo/data=!4m7!3m6!1s0x47c6d8f58023aa2b:0xdef14294a0c76edf!8m2!3d51.4281432!4d5.5044754!16s%2Fg%2F1tddrdx2!19sChIJK6ojgPXYxkcR327HoJRC8d4?authuser=0&hl=nl&rclk=1,Telefoon: 040 212 5648,Eindhoven
Stella Marina Events,mapdetailscom@gmail.com,https://holmsi.org/details/stella-marina-events-ChIJL9m,https://www.google.com/maps/place/Stella+Marina+Events/data=!4m7!3m6!1s0x47c6d9c1a693d92f:0xa5eab97a16d0105e!8m2!3d51.449473!4d5.4741479!16s%2Fg%2F11rqtlrwnx!19sChIJL9mTpsHZxkcRXhDQFnq56qU?authuser=0&hl=nl&rclk=1,Telefoon: 06 86411971,Eindhoven
Paviljoen Genneper Parken,info@paviljoengenneperparken.nl,https://www.paviljoengenneperparken.nl/,https://www.google.com/maps/place/Paviljoen+Genneper+Parken/data=!4m7!3m6!1s0x47c6d9b18ce1be53:0x48b475a4fdedcd2a!8m2!3d51.418074!4d5.4725908!16s%2Fg%2F1tf_mjfj!19sChIJU77hjLHZxkcRKs3t_aR1tEg?authuser=0&hl=nl&rclk=1,Telefoon: 040 252 4632,Eindhoven
De BroodjesBus,info@debroodjesbus.nl,http://www.debroodjesbus.nl/,https://www.google.com/maps/place/De+BroodjesBus/data=!4m7!3m6!1s0x47c6de939261cdfb:0xad82d6a5abee3f1!8m2!3d51.4997351!4d5.4659641!16s%2Fg%2F11cm0ncqw2!19sChIJ-81hkpPexkcR8eO-Wmot2Ao?authuser=0&hl=nl&rclk=1,Telefoon: 06 18053458,Eindhoven
Heerlijck - Catering Best,info@heerlijckcatering.nl,http://www.heerlijckcatering.nl/,https://www.google.com/maps/place/Heerlijck+-+Catering+Best/data=!4m7!3m6!1s0x47c6ddaeaa8c5679:0x63a23b52bc98f65e!8m2!3d51.522429!4d5.40259!16s%2Fg%2F11f3xhp_jv!19sChIJeVaMqq7dxkcRXvaYvFI7omM?authuser=0&hl=nl&rclk=1,Telefoon: 06 27306781,Eindhoven
Mr. Au by Sun On,info@sun-on.nl,http://www.mrau.nl/,https://www.google.com/maps/place/Mr.+Au+by+Sun+On/data=!4m7!3m6!1s0x47c6decaf7fd4113:0xe13043c683aedbe2!8m2!3d51.4747318!4d5.4675891!16s%2Fg%2F1tfjpy4l!19sChIJE0H998rexkcR4tuug8ZDMOE?authuser=0&hl=nl&rclk=1,Telefoon: 040 241 7353,Eindhoven
Restaurant Het Buffet,eindhoven@valk.com,https://www.hoteleindhoven.nl/restaurants/live-cooking-restaurant-het-buffet/over-restaurant-het-buffet,https://www.google.com/maps/place/Restaurant+Het+Buffet/data=!4m7!3m6!1s0x47c6d94e9a43489f:0x3f0deb5ca8cd6634!8m2!3d51.4066039!4d5.4794146!16s%2Fg%2F11h0b63qlz!19sChIJn0hDmk7ZxkcRNGbNqFzrDT8?authuser=0&hl=nl&rclk=1,Telefoon: 040 211 6033,Eindhoven
Foodtruckbooking,,http://www.foodtruckbooking.com/,https://www.google.com/maps/place/Foodtruckbooking/data=!4m7!3m6!1s0x47c6d908bf7c89d5:0xa46144f499e81fdd!8m2!3d51.4296998!4d5.4683472!16s%2Fg%2F11c5b17fjl!19sChIJ1Yl8vwjZxkcR3R_omfREYaQ?authuser=0&hl=nl&rclk=1,,Eindhoven
Punt-C Vergader- en trainingslocatie,info@punt-c.nl,http://www.punt-c.nl/,https://www.google.com/maps/place/Punt-C+Vergader-+en+trainingslocatie/data=!4m7!3m6!1s0x47c6d9dbcab5c001:0xf1b4d33ddde0b184!8m2!3d51.4467975!4d5.5261754!16s%2Fg%2F11mv55xm7d!19sChIJAcC1ytvZxkcRhLHg3T3TtPE?authuser=0&hl=nl&rclk=1,Telefoon: 06 53728374,Eindhoven
Houben Worstenbrood,info@houbenworstenbrood.nl,https://houbenworstenbrood.nl/,https://www.google.com/maps/place/Houben+Worstenbrood/data=!4m7!3m6!1s0x47c6d8f20bc84e99:0x3c594cfa3698f7c1!8m2!3d51.4382832!4d5.4725588!16s%2Fg%2F11bwgwgf87!19sChIJmU7IC_LYxkcRwfeYNvpMWTw?authuser=0&hl=nl&rclk=1,Telefoon: 040 780 4288,Eindhoven
Smaakmakers Onvergetelijk Koffiecafé,info@bijsmaakmakers.nl,https://www.bijsmaakmakers.nl/,https://www.google.com/maps/place/Smaakmakers+Onvergetelijk+Koffiecaf%C3%A9/data=!4m7!3m6!1s0x47c6d9b0735b25bd:0x6eeb83adf42ba573!8m2!3d51.4534718!4d5.457382!16s%2Fg%2F11sdx_9l61!19sChIJvSVbc7DZxkcRc6Ur9K2D624?authuser=0&hl=nl&rclk=1,,Eindhoven
La Casserole Catering (Hoofdkantoor),info@la-casserole.nl,https://www.la-casserole.nl/,https://www.google.com/maps/place/La+Casserole+Catering+%28Hoofdkantoor%29/data=!4m7!3m6!1s0x47c6dc5cbb8601a9:0x1db7037aa6bf552b!8m2!3d51.5001795!4d5.4033956!16s%2Fg%2F1v1vcdnx!19sChIJqQGGu1zcxkcRK1W_pnoDtx0?authuser=0&hl=nl&rclk=1,Telefoon: 0499 375 537,Eindhoven
Bites and More,,http://www.bitesandmore.nl/,https://www.google.com/maps/place/Bites+and+More/data=!4m7!3m6!1s0x47c6df113993f725:0x72af63445738ebf8!8m2!3d51.5154643!4d5.5095851!16s%2Fg%2F11hqrzzp_4!19sChIJJfeTORHfxkcR-Os4V0Rjr3I?authuser=0&hl=nl&rclk=1,Telefoon: 06 12671589,Eindhoven
Rasoi Indian Food,info@rasoi.com,http://www.rasoi.nl/,https://www.google.com/maps/place/Rasoi+Indian+Food/data=!4m7!3m6!1s0x47c6deb15ef5ca47:0x90651c88c4d51980!8m2!3d51.4625246!4d5.4610626!16s%2Fg%2F1pt_s2qx5!19sChIJR8r1XrHexkcRgBnVxIgcZZA?authuser=0&hl=nl&rclk=1,,Eindhoven
Good Food Republic,eindhoven@goodfoodrepublic.nl,https://www.goodfoodrepublic.nl/,https://www.google.com/maps/place/Good+Food+Republic/data=!4m7!3m6!1s0x47c6d928c5702257:0x2698a3f001deee7a!8m2!3d51.4387016!4d5.4888559!16s%2Fg%2F11fwh0nyfs!19sChIJVyJwxSjZxkcReu7eAfCjmCY?authuser=0&hl=nl&rclk=1,Telefoon: 040 304 5566,Eindhoven
Memories of Damascus Catering (Memories of Damascus Restaurant is in Eindhoven),bestellen@memoriesofdamascus.nl,http://www.memoriesofdamascus.nl/,https://www.google.com/maps/place/Memories+of+Damascus+Catering+%28Memories+of+Damascus+Restaurant+is+in+Eindhoven%29/data=!4m7!3m6!1s0x47c6d92df280f881:0x44c605e4ecc092ae!8m2!3d51.4908252!4d5.4031981!16s%2Fg%2F11llx375py!19sChIJgfiA8i3ZxkcRrpLA7OQFxkQ?authuser=0&hl=nl&rclk=1,Telefoon: 06 20777624,Eindhoven
Indonesisch Restaurant Surabaya,,https://surabaya.ultimatumapp.com/,https://www.google.com/maps/place/Indonesisch+Restaurant+Surabaya/data=!4m7!3m6!1s0x47c6d9199d0ef0d9:0x1d5a5ceb1e25dfae!8m2!3d51.4461664!4d5.4753604!16s%2Fg%2F1tdlghy1!19sChIJ2fAOnRnZxkcRrt8lHutcWh0?authuser=0&hl=nl&rclk=1,Telefoon: 040 243 7477,Eindhoven
"Feestlocatie Auberge Eeckaerde ""BIJ STEPHAN""",info@bijstephan.nl,https://bijstephan.nl/,https://www.google.com/maps/place/Feestlocatie+Auberge+Eeckaerde+%22BIJ+STEPHAN%22/data=!4m7!3m6!1s0x47c6d8d7368e3851:0x99b1d2cc6b0e902!8m2!3d51.4617043!4d5.4945008!16s%2Fg%2F1tlvnrdx!19sChIJUTiONtfYxkcRAumwxiwdmwk?authuser=0&hl=nl&rclk=1,Telefoon: 040 231 0916,Eindhoven
Seats2meet Eindhoven Strijp-S | Vergaderlocatie Eindhoven,info@s2mstrijps.nl,https://www.seats2meetstrijps.nl/,https://www.google.com/maps/place/Seats2meet+Eindhoven+Strijp-S+%7C+Vergaderlocatie+Eindhoven/data=!4m7!3m6!1s0x47c6d96b5c43d2ab:0x7d155eecce73f107!8m2!3d51.4466222!4d5.4577337!16s%2Fg%2F11cmsfl5xm!19sChIJq9JDXGvZxkcRB_FzzuxeFX0?authuser=0&hl=nl&rclk=1,Telefoon: 040 780 5039,Eindhoven
Love my Curry,info@hightechcampus.com,https://www.hightechcampus.com/facilities-and-services#love-my-curry,https://www.google.com/maps/place/Love+my+Curry/data=!4m7!3m6!1s0x47c6d9b8ccdd7d19:0xc9f46b1af0c9cdb8!8m2!3d51.410953!4d5.459404!16s%2Fg%2F11c57rhgzc!19sChIJGX3dzLjZxkcRuM3J8Bpr9Mk?authuser=0&hl=nl&rclk=1,Telefoon: 040 230 5777,Eindhoven
Chomicha Morrocan fusion restaurant,info@chomicha.nl,http://www.chomicha.nl/,https://www.google.com/maps/place/Chomicha+Morrocan+fusion+restaurant/data=!4m7!3m6!1s0x47c6d919af23c543:0x7c2570cfafc46df0!8m2!3d51.4549624!4d5.4549597!16s%2Fg%2F1tdbk662!19sChIJQ8UjrxnZxkcR8G3Er89wJXw?authuser=0&hl=nl&rclk=1,Telefoon: 040 246 0402,Eindhoven
Rebelicious,info@rebelicious.nl,http://www.rebelicious.nl/,https://www.google.com/maps/place/Rebelicious/data=!4m7!3m6!1s0x47c6c470de45e1bb:0x53a6ee7f7d2730c4!8m2!3d51.4743022!4d5.2678098!16s%2Fg%2F11mr30fvxn!19sChIJu-FF3nDExkcRxDAnfX_uplM?authuser=0&hl=nl&rclk=1,Telefoon: 06 10094999,Eindhoven
Sharon's catering & Traiteur- Eindhoven,info@sharonscatering.nl,http://www.sharonscatering.nl/,https://www.google.com/maps/place/Sharon%27s+catering+%26+Traiteur-+Eindhoven/data=!4m7!3m6!1s0x47c6d954885c444f:0xc28a69591a8285a2!8m2!3d51.4592103!4d5.4595123!16s%2Fg%2F11s3xwmqmq!19sChIJT0RciFTZxkcRooWCGllpisI?authuser=0&hl=nl&rclk=1,Telefoon: 06 27186959,Eindhoven
"Het Ketelhuis, Landgoed de Grote Beek ( La Casserole )",info@ketelhuis-eindhoven.nl,https://www.ketelhuis-eindhoven.nl/,"https://www.google.com/maps/place/Het+Ketelhuis,+Landgoed+de+Grote+Beek+%28+La+Casserole+%29/data=!4m7!3m6!1s0x47c6d953c5a21d99:0x2a4b4dd9c2f9d774!8m2!3d51.468474!4d5.446386!16s%2Fg%2F11b6q1f_sx!19sChIJmR2ixVPZxkcRdNf5wtlNSyo?authuser=0&hl=nl&rclk=1",Telefoon: 0499 375 537,Eindhoven
Onze Frietwagen,info@onzefrietwagen.nl,http://www.onzefrietwagen.nl/,https://www.google.com/maps/place/Onze+Frietwagen/data=!4m7!3m6!1s0x47c6ddbd6ab7c373:0xd5a8c90dc54a3d28!8m2!3d51.4218209!4d5.431453!16s%2Fg%2F11ffq8__4v!19sChIJc8O3ar3dxkcRKD1KxQ3JqNU?authuser=0&hl=nl&rclk=1,Telefoon: 06 51632617,Eindhoven
Cafetaria 't Kuiperke,,http://www.kuiperke.nl/,https://www.google.com/maps/place/Cafetaria+%27t+Kuiperke/data=!4m7!3m6!1s0x47c6d99f64fd3d0d:0xa428a8f3c186bc55!8m2!3d51.4269566!4d5.4548493!16s%2Fg%2F1tjppqhy!19sChIJDT39ZJ_ZxkcRVbyGwfOoKKQ?authuser=0&hl=nl&rclk=1,Telefoon: 040 251 9107,Eindhoven
Sang Lee Rotishop,rotishopeindhoven@gmail.com,http://www.sanglee-rotishop.nl/,https://www.google.com/maps/place/Sang+Lee+Rotishop/data=!4m7!3m6!1s0x47c6d918457b3719:0xd7ce21759ad3c5da!8m2!3d51.4484074!4d5.4752083!16s%2Fg%2F1wrgjcxd!19sChIJGTd7RRjZxkcR2sXTmnUhztc?authuser=0&hl=nl&rclk=1,Telefoon: 040 246 0531,Eindhoven
Hap-Inn,info@hap-inn.nl,https://hap-inn.nl/,https://www.google.com/maps/place/Hap-Inn/data=!4m7!3m6!1s0x47c6d96d8f3c46e7:0x60c48054e70f7c03!8m2!3d51.4323045!4d5.4480678!16s%2Fg%2F1tftw5hl!19sChIJ50Y8j23ZxkcRA3wP51SAxGA?authuser=0&hl=nl&rclk=1,Telefoon: 040 251 7521,Eindhoven
Slagerij Beerens,info@slagerijbeerens.nl,http://www.slagerijbeerens.nl/,https://www.google.com/maps/place/Slagerij+Beerens/data=!4m7!3m6!1s0x47c6d91841596f8f:0x8373f9d5949aac1f!8m2!3d51.4489242!4d5.4746791!16s%2Fg%2F1tdm7jxh!19sChIJj29ZQRjZxkcRH6yalNX5c4M?authuser=0&hl=nl&rclk=1,Telefoon: 040 243 0836,Eindhoven
Catering Eindhoven,Alpnico@hotmail.com,http://www.cateringeindhoven.nl/,https://www.google.com/maps/place/Catering+Eindhoven/data=!4m7!3m6!1s0x47c6d932a4dacc53:0x73ca4101c1f44b54!8m2!3d52.1635169!4d5.2795551!16s%2Fg%2F11d_23w_s3!19sChIJU8zapDLZxkcRVEv0wQFBynM?authuser=0&hl=nl&rclk=1,Telefoon: 06 10113934,Eindhoven
La Semolina,info@semolina.nl,http://www.semolina.nl/,https://www.google.com/maps/place/La+Semolina/data=!4m7!3m6!1s0x47c6d904905438a7:0x20946175521e937a!8m2!3d51.4381522!4d5.4759966!16s%2Fg%2F1tj56_jg!19sChIJpzhUkATZxkcRepMeUnVhlCA?authuser=0&hl=nl&rclk=1,Telefoon: 040 243 8654,Eindhoven
Barbecueplein.nl,info@barbecueplein.nl,https://barbecueplein.nl/,https://www.google.com/maps/place/Barbecueplein.nl/data=!4m7!3m6!1s0x47c6dfae1a9e01e1:0xf6d7976a4c462b00!8m2!3d51.5153251!4d5.5422151!16s%2Fg%2F1hhxm11bm!19sChIJ4QGeGq7fxkcRACtGTGqX1_Y?authuser=0&hl=nl&rclk=1,Telefoon: 0499 471 568,Eindhoven
Adriaans Barbecue Catering & All-in Evenementen,info@barbecueparty.nl,https://barbecueparty.nl/,https://www.google.com/maps/place/Adriaans+Barbecue+Catering+%26+All-in+Evenementen/data=!4m7!3m6!1s0x47c7277f01e0b9cf:0x730575a732c34710!8m2!3d51.4292656!4d5.5371587!16s%2Fg%2F1tdz41cq!19sChIJz7ngAX8nx0cREEfDMqd1BXM?authuser=0&hl=nl&rclk=1,Telefoon: 040 211 4321,Eindhoven
Pure Food & Pure Taste,info@purefoodandpuretaste.nl,http://www.purefoodandpuretaste.nl/,https://www.google.com/maps/place/Pure+Food+%26+Pure+Taste/data=!4m7!3m6!1s0x47c6d9ee51d828cb:0x6ed7004fa5e09d08!8m2!3d51.464628!4d5.5346236!16s%2Fg%2F11twsj6_fn!19sChIJyyjYUe7ZxkcRCJ3gpU8A124?authuser=0&hl=nl&rclk=1,Telefoon: 06 41986438,Eindhoven
Ontbijtservice Eindhoven,info@ontbijtservice.nl,http://www.123ontbijt.nl/,https://www.google.com/maps/place/Ontbijtservice+Eindhoven/data=!4m7!3m6!1s0x47c6d924ff3aa86b:0x5d19cc98a954340e!8m2!3d51.4579792!4d5.4777167!16s%2Fg%2F1tf3n3vc!19sChIJa6g6_yTZxkcRDjRUqZjMGV0?authuser=0&hl=nl&rclk=1,Telefoon: 033 495 3471,Eindhoven
Moka,,https://www.moka-eindhoven.nl/,https://www.google.com/maps/place/Moka/data=!4m7!3m6!1s0x47c6d91b48a11ea7:0x92cff95995999191!8m2!3d51.4405484!4d5.4763677!16s%2Fg%2F1tf9xm_h!19sChIJpx6hSBvZxkcRkZGZlVn5z5I?authuser=0&hl=nl&rclk=1,Telefoon: 040 245 5230,Eindhoven
VanAlles&Co.,vanallesenco@gmail.com,http://www.vanallesenco.nl/,https://www.google.com/maps/place/VanAlles%26Co./data=!4m7!3m6!1s0x47c6d9e335dfeb89:0xf4c49b71325cac07!8m2!3d51.4543455!4d5.456403!16s%2Fg%2F11j7hnbyck!19sChIJievfNePZxkcRB6xcMnGbxPQ?authuser=0&hl=nl&rclk=1,Telefoon: 06 46308340,Eindhoven
Bierens Gebakkramen,info@bierensgebakkramen.nl,http://www.bierensgebakkramen.nl/,https://www.google.com/maps/place/Bierens+Gebakkramen/data=!4m7!3m6!1s0x47c6dd8992e0c17b:0xfe41df2cde1eef9c!8m2!3d51.479037!4d5.4218498!16s%2Fg%2F11h4g3m1wk!19sChIJe8HgkondxkcRnO8e3izfQf4?authuser=0&hl=nl&rclk=1,Telefoon: 06 17117722,Eindhoven
Ui & Knoflook,winkel@uienknoflook.nl,http://www.uienknoflook.nl/,https://www.google.com/maps/place/Ui+%26+Knoflook/data=!4m7!3m6!1s0x47c6d955ab323689:0x2b776ab6eb5351bc!8m2!3d51.4423752!4d5.4641093!16s%2Fg%2F11rsbdcjtb!19sChIJiTYyq1XZxkcRvFFT67Zqdys?authuser=0&hl=nl&rclk=1,Telefoon: 06 30325932,Eindhoven
GreenTwist Cooking School | De lekkerste online kookschool van NL,contact@greentwist.nl,https://www.greentwist.nl/,https://www.google.com/maps/place/GreenTwist+Cooking+School+%7C+De+lekkerste+online+kookschool+van+NL/data=!4m7!3m6!1s0x47c6d8d619540001:0x4130f6f433bf3c80!8m2!3d52.1595462!4d4.8844287!16s%2Fg%2F11hcjtsxkp!19sChIJAQBUGdbYxkcRgDy_M_T2MEE?authuser=0&hl=nl&rclk=1,Telefoon: 040 305 0040,Eindhoven
Frietje On Tour,info@frietjeontour.nl,http://www.frietjeontour.nl/,https://www.google.com/maps/place/Frietje+On+Tour/data=!4m7!3m6!1s0x47c72712c1e868cd:0xaf39253cbf7d420b!8m2!3d51.434179!4d5.5585608!16s%2Fg%2F11f2dr3fjj!19sChIJzWjowRInx0cRC0J9vzwlOa8?authuser=0&hl=nl&rclk=1,Telefoon: 06 19009694,Eindhoven
Saffraan Restaurant Eindhoven,in**@****************nt.nl,http://www.saffraanrestaurant.nl/,https://www.google.com/maps/place/Saffraan+Restaurant+Eindhoven/data=!4m7!3m6!1s0x47c6d8ecf1bbc829:0x5c125b6ca5110c26!8m2!3d51.4419359!4d5.5079268!16s%2Fg%2F1pt_86xwc!19sChIJKci78ezYxkcRJgwRpWxbElw?authuser=0&hl=nl&rclk=1,Telefoon: 040 845 7470,Eindhoven
Beleef Eindhoven | Bedrijfsuitjes,info@beleef-eindhoven.nl,https://www.beleef-eindhoven.nl/?utm_source=lokaal&utm_medium=organisch&utm_campaign=GMB,https://www.google.com/maps/place/Beleef+Eindhoven+%7C+Bedrijfsuitjes/data=!4m7!3m6!1s0x47c6d8da24687347:0xdd65dd6431074f15!8m2!3d51.4378735!4d5.4796977!16s%2Fg%2F12611sp_y!19sChIJR3NoJNrYxkcRFU8HMWTdZd0?authuser=0&hl=nl&rclk=1,Telefoon: 040 843 1853,Eindhoven
Catering William,info@cateringwilliam.nl,http://www.cateringwilliam.nl/,https://www.google.com/maps/place/Catering+William/data=!4m7!3m6!1s0x47c720b40f477811:0xfec7fffc1fd33878!8m2!3d51.4331515!4d5.4410703!16s%2Fg%2F1tf2rg34!19sChIJEXhHD7Qgx0cReDjTH_z_x_4?authuser=0&hl=nl&rclk=1,,Eindhoven
By Moon,info@by-moon.nl,https://www.by-moon.nl/,https://www.google.com/maps/place/By+Moon/data=!4m7!3m6!1s0x25abe834cd3a02fd:0x9797193fef75a39b!8m2!3d52.1909763!4d5.2795551!16s%2Fg%2F11x2p6zghk!19sChIJ_QI6zTToqyURm6N17z8Zl5c?authuser=0&hl=nl&rclk=1,Telefoon: 06 53207896,Eindhoven
Memories of Damascus restaurant (STR'EAT kitchens and bars),bestellen@memoriesofdamascus.nl,https://www.memoriesofdamascus.nl/,https://www.google.com/maps/place/Memories+of+Damascus+restaurant+%28STR%27EAT+kitchens+and+bars%29/data=!4m7!3m6!1s0x47c6d9623526ff5f:0x39e488231319834d!8m2!3d51.4480991!4d5.45374!16s%2Fg%2F11vs6kj69c!19sChIJX_8mNWLZxkcRTYMZEyOI5Dk?authuser=0&hl=nl&rclk=1,Telefoon: 06 20777624,Eindhoven
Anne's taste of Greece🇬🇷,Info@annestasteofgreece.nl,http://www.annestasteofgreece.nl/,https://www.google.com/maps/place/Anne%27s+taste+of+Greece%F0%9F%87%AC%F0%9F%87%B7/data=!4m7!3m6!1s0x47c6d98251b2c8e1:0x28c60307d5000e06!8m2!3d51.4530358!4d5.4595035!16s%2Fg%2F11fj4y82t9!19sChIJ4ciyUYLZxkcRBg4A1QcDxig?authuser=0&hl=nl&rclk=1,Telefoon: 040 785 8092,Eindhoven
Thais voor Thuis 🇹🇭,info@restaurantsalathai.nl,http://www.restaurantsalathai.nl/thaisvoorthuis.html,https://www.google.com/maps/place/Thais+voor+Thuis+%F0%9F%87%B9%F0%9F%87%AD/data=!4m7!3m6!1s0x47c6d906330267f5:0x6ee5e1aa6459e788!8m2!3d51.432344!4d5.4704308!16s%2Fg%2F1tfgj0wj!19sChIJ9WcCMwbZxkcRiOdZZKrh5W4?authuser=0&hl=nl&rclk=1,Telefoon: 040 243 1619,Eindhoven
De Verhuurspecialist,info@deverhuurspecialist.com,http://www.deverhuurspecialist.com/,https://www.google.com/maps/place/De+Verhuurspecialist/data=!4m7!3m6!1s0x47c7276af25eb537:0xfc5d87461c23b000!8m2!3d51.4449308!4d5.5602787!16s%2Fg%2F1tft_s7h!19sChIJN7Ve8monx0cRALAjHEaHXfw?authuser=0&hl=nl&rclk=1,Telefoon: 040 283 9366,Eindhoven
Mama Latina,,http://www.mamalatina.nl/,https://www.google.com/maps/place/Mama+Latina/data=!4m7!3m6!1s0x47c6d97a88f81b87:0x170ae1291c24f575!8m2!3d51.460521!4d5.4727876!16s%2Fg%2F11py79k50y!19sChIJhxv4iHrZxkcRdfUkHCnhChc?authuser=0&hl=nl&rclk=1,Telefoon: 040 711 4443,Eindhoven
ASdiner Catering,,https://www.asdiner.nl/?utm_source=google&utm_medium=wix_google_business_profile&utm_campaign=8214411132268495882,https://www.google.com/maps/place/ASdiner+Catering/data=!4m7!3m6!1s0x23355bec566f95ef:0xe8f43f51cdeddba!8m2!3d51.4100939!4d5.3726486!16s%2Fg%2F11ylw7s02q!19sChIJ75VvVuxbNSMRut3eHPVDjw4?authuser=0&hl=nl&rclk=1,Telefoon: 06 27920296,Eindhoven
DekeukenvanElise,elise@dekeukenvanelise.nl,http://www.dekeukenvanelise.nl/,https://www.google.com/maps/place/DekeukenvanElise/data=!4m7!3m6!1s0x47c720ac7878e2a7:0x3a81d1c880a7a023!8m2!3d51.4709929!4d5.5489579!16s%2Fg%2F11c45zv0vd!19sChIJp-J4eKwgx0cRI6CngMjRgTo?authuser=0&hl=nl&rclk=1,Telefoon: 040 309 8010,Eindhoven
Viola's Patisserie B.V.,info@violaspatisserie.nl,http://www.violaspatisserie.nl/,https://www.google.com/maps/place/Viola%27s+Patisserie+B.V./data=!4m7!3m6!1s0x47c6d9ce596110b7:0xf8199d0ecf2b1586!8m2!3d51.441226!4d5.502116!16s%2Fg%2F11c1xh35q8!19sChIJtxBhWc7ZxkcRhhUrzw6dGfg?authuser=0&hl=nl&rclk=1,Telefoon: 06 30271950,Eindhoven
Nefes Turkse Specialiteiten,,,https://www.google.com/maps/place/Nefes+Turkse+Specialiteiten/data=!4m7!3m6!1s0x47c6df5fe3fca13f:0x7f9682819c6dd024!8m2!3d51.4748603!4d5.4859612!16s%2Fg%2F11p5gc64wr!19sChIJP6H841_fxkcRJNBtnIGCln8?authuser=0&hl=nl&rclk=1,Telefoon: 085 020 4500,Eindhoven
Jungle Café,hallo@junglecafecatering.nl,http://www.junglecafecatering.nl/,https://www.google.com/maps/place/Jungle+Caf%C3%A9/data=!4m7!3m6!1s0x47c6d91b2658ff5f:0xfe2de61867431678!8m2!3d51.4545025!4d5.4558579!16s%2Fg%2F11j8f2h8tc!19sChIJX_9YJhvZxkcReBZDZxjmLf4?authuser=0&hl=nl&rclk=1,Telefoon: 040 845 3577,Eindhoven
Brasa de Lujo,,https://brasadelujo.nl/,https://www.google.com/maps/place/Brasa+de+Lujo/data=!4m7!3m6!1s0x47c6d9859f3ecf45:0xd4c953c30861896e!8m2!3d51.4225003!4d5.5057773!16s%2Fg%2F11y5bh6nw3!19sChIJRc8-n4XZxkcRbolhCMNTydQ?authuser=0&hl=nl&rclk=1,,Eindhoven
EAKERS Cocktails & Champagne,ronald@eakers.nl,http://www.eakers.nl/,https://www.google.com/maps/place/EAKERS+Cocktails+%26+Champagne/data=!4m7!3m6!1s0x47c6d94715a1bb61:0xb60f52b997b9461c!8m2!3d51.449986!4d5.465617!16s%2Fg%2F11fv3lxky2!19sChIJYbuhFUfZxkcRHEa5l7lSD7Y?authuser=0&hl=nl&rclk=1,Telefoon: 06 14584845,Eindhoven
Foodies in Heels,info@foodiesinheels.nl.,https://foodiesinheels.com/,https://www.google.com/maps/place/Foodies+in+Heels/data=!4m7!3m6!1s0x47c6d971fe578039:0x46dbd4695e7f7f41!8m2!3d51.4366218!4d5.4747172!16s%2Fg%2F11srzm23wz!19sChIJOYBX_nHZxkcRQX9_XmnU20Y?authuser=0&hl=nl&rclk=1,Telefoon: 085 303 9346,Eindhoven
Sligro Eindhoven,,https://www.sligro.nl/vestigingen/sligro-eindhoven.html,https://www.google.com/maps/place/Sligro+Eindhoven/data=!4m7!3m6!1s0x47c6d977f0a61b7f:0xf855ff7f4cd4408b!8m2!3d51.431559!4d5.4438!16s%2Fg%2F1tjbrczt!19sChIJfxum8HfZxkcRi0DUTH__Vfg?authuser=0&hl=nl&rclk=1,Telefoon: 040 251 3900,Eindhoven
Slinders Catering,,http://www.slinders.nl/,https://www.google.com/maps/place/Slinders+Catering/data=!4m7!3m6!1s0x47c6df6a9381431f:0xeeddb4ad79c8687f!8m2!3d52.1909763!4d5.2795551!16s%2Fg%2F119tnj9tg!19sChIJH0OBk2rfxkcRf2jIea203e4?authuser=0&hl=nl&rclk=1,,Eindhoven
Bourgondi Catering,info@bourgondi.nl,http://www.bourgondi.nl/,https://www.google.com/maps/place/Bourgondi+Catering/data=!4m7!3m6!1s0x47c6d9147d3684d7:0xbe0cd3707d045b02!8m2!3d51.4420779!4d5.504902!16s%2Fg%2F11hf01xrf1!19sChIJ14Q2fRTZxkcRAlsEfXDTDL4?authuser=0&hl=nl&rclk=1,Telefoon: 06 51859954,Eindhoven
Etenswaar,info@etenswaar.nl,http://www.etenswaar.nl/,https://www.google.com/maps/place/Etenswaar/data=!4m7!3m6!1s0x47c6d99f96addbe1:0x69e366ac3a388c17!8m2!3d51.435881!4d5.506408!16s%2Fg%2F1v44d5r_!19sChIJ4dutlp_ZxkcRF4w4Oqxm42k?authuser=0&hl=nl&rclk=1,,Eindhoven
Catering De Hurk,bestellen@cateringdehurk.nl,https://www.cateringdehurk.nl/,https://www.google.com/maps/place/Catering+De+Hurk/data=!4m7!3m6!1s0x47c6d970a8b6c837:0x58235c0cd626a042!8m2!3d51.4376787!4d5.4714659!16s%2Fg%2F11hcjw0djl!19sChIJN8i2qHDZxkcRQqAm1gxcI1g?authuser=0&hl=nl&rclk=1,Telefoon: 040 251 9595,Eindhoven
Liefs de Kok,Info@liefsdekok.nl,https://www.liefsdekok.nl/,https://www.google.com/maps/place/Liefs+de+Kok/data=!4m7!3m6!1s0x2d205606030d61eb:0xb84bc1da62185fc9!8m2!3d51.478359!4d5.4113634!16s%2Fg%2F11x0yl465q!19sChIJ62ENAwZWIC0RyV8YYtrBS7g?authuser=0&hl=nl&rclk=1,Telefoon: 06 40974905,Eindhoven
Foodtruck La Salsa Latina,,https://www.instagram.com/la_salsa_latina?igsh=YjVtb3Z3MWp0ZWV0,https://www.google.com/maps/place/Foodtruck+La+Salsa+Latina/data=!4m7!3m6!1s0x47c7271db1c18e8d:0x86e049620db59dd5!8m2!3d51.441079!4d5.4777654!16s%2Fg%2F11flzhzmsw!19sChIJjY7BsR0nx0cR1Z21DWJJ4IY?authuser=0&hl=nl&rclk=1,Telefoon: 06 22535777,Eindhoven
nezhakookt,,https://www.instagram.com/nezha_kookt/,https://www.google.com/maps/place/nezhakookt/data=!4m7!3m6!1s0x47c6d9a5a36d1c25:0xa531e2223aadc62!8m2!3d51.4195084!4d5.5524734!16s%2Fg%2F11j91p3gs9!19sChIJJRxto6XZxkcRYtyqIyIeUwo?authuser=0&hl=nl&rclk=1,Telefoon: 06 36028732,Eindhoven
The Next Door Chef,,,https://www.google.com/maps/place/The+Next+Door+Chef/data=!4m7!3m6!1s0x47c6d92f24b78145:0x71d631d8a7f9c11d!8m2!3d51.48082!4d5.4490691!16s%2Fg%2F11pr2qpx0y!19sChIJRYG3JC_ZxkcRHcH5p9gx1nE?authuser=0&hl=nl&rclk=1,Telefoon: 06 87302004,Eindhoven
Alba foods,,,https://www.google.com/maps/place/Alba+foods/data=!4m7!3m6!1s0x47c6d9daeb6c22f7:0x16e3f678aad9373!8m2!3d51.4484855!4d5.4515104!16s%2Fg%2F11nn3bln_j!19sChIJ9yJs69rZxkcRc5Otimc_bgE?authuser=0&hl=nl&rclk=1,,Eindhoven
Table21 by Chef Dimitris,dimitris@table21.co,https://table21.co/,https://www.google.com/maps/place/Table21+by+Chef+Dimitris/data=!4m7!3m6!1s0x4a8da2e7f1e8fab1:0x72e3c78f58f59a14!8m2!3d51.4625246!4d5.5260457!16s%2Fg%2F11yzqhqglm!19sChIJsfro8eeijUoRFJr1WI_H43I?authuser=0&hl=nl&rclk=1,Telefoon: 06 33269592,Eindhoven
Sapori & Sapere,Info@saporisapere.nl,https://www.saporisapere.nl/,https://www.google.com/maps/place/Sapori+%26+Sapere/data=!4m7!3m6!1s0x6037ce7f9b4d790f:0x8796246693f1ec63!8m2!3d51.448463!4d5.4911153!16s%2Fg%2F11xcm2wrsr!19sChIJD3lNm3_ON2ARY-zxk2Ykloc?authuser=0&hl=nl&rclk=1,,Eindhoven
Chef and porter,,http://www.chefandporter.com/,https://www.google.com/maps/place/Chef+and+porter/data=!4m7!3m6!1s0x47c6d90045da6ba1:0x613cd6c161d36529!8m2!3d51.4546989!4d5.4547096!16s%2Fg%2F11m65w4w1x!19sChIJoWvaRQDZxkcRKWXTYcHWPGE?authuser=0&hl=nl&rclk=1,Telefoon: 06 15900833,Eindhoven
Cucina Italiana,,https://cucinaitalianaeindhoven.com/,https://www.google.com/maps/place/Cucina+Italiana/data=!4m7!3m6!1s0x47c6d96b576a60b7:0xe167ddb9f903dfb4!8m2!3d51.4469616!4d5.457069!16s%2Fg%2F11hd6z6yzk!19sChIJt2BqV2vZxkcRtN8D-bndZ-E?authuser=0&hl=nl&rclk=1,,Eindhoven
DOYY,info@doyy.nl,http://www.doyy.nl/,https://www.google.com/maps/place/DOYY/data=!4m7!3m6!1s0x47c6d986c8715f61:0xa01fb72ce76f1034!8m2!3d51.4340129!4d5.4717015!16s%2Fg%2F11f90w4vzh!19sChIJYV9xyIbZxkcRNBBv5yy3H6A?authuser=0&hl=nl&rclk=1,Telefoon: 040 282 6075,Eindhoven
Little Red Kitchen,info@littleredkitchen.nl,https://www.littleredkitchen.nl/,https://www.google.com/maps/place/Little+Red+Kitchen/data=!4m4!3m3!1s0x4aecac926226f8d9:0xaacae34e064854d8!16s%2Fg%2F11vrcn34yq!19sChIJ2fgmYpKs7EoR2FRIBk7jyqo?authuser=0&hl=nl&rclk=1,Telefoon: 06 29197083,Groningen
Proef en Zie Events,info@proefenzieevents.nl,https://www.proefenzieevents.nl/,https://www.google.com/maps/place/Proef+en+Zie+Events/data=!4m7!3m6!1s0x7f1b59b377bd08f:0x7b79f4751cd7c2ce!8m2!3d53.2217785!4d6.5656933!16s%2Fg%2F11ywmgc9_7!19sChIJj9B7N5u18QcRzsLXHHX0eXs?authuser=0&hl=nl&rclk=1,Telefoon: 06 38288714,Groningen
de koning kookt,"piet@dekoningkookt.nl,",https://www.dekoningkookt.nl/,https://www.google.com/maps/place/de+koning+kookt/data=!4m7!3m6!1s0x47c8331de239829f:0x7091c4b5b33f076a!8m2!3d53.2066907!4d6.6242656!16s%2Fg%2F11n03wp8px!19sChIJn4I54h0zyEcRagc_s7XEkXA?authuser=0&hl=nl&rclk=1,Telefoon: 06 53787992,Groningen
Restaurant Joann *,info@restaurantjoann.nl,https://www.restaurantjoann.nl/,https://www.google.com/maps/place/Restaurant+Joann+*/data=!4m7!3m6!1s0x47b815c5ed2132f7:0x6cee6aa8c423df0e!8m2!3d52.2201824!4d6.8909313!16s%2Fg%2F11g_zf62fq!19sChIJ9zIh7cUVuEcRDt8jxKhq7mw?authuser=0&hl=nl&rclk=1,Telefoon: 053 720 0820,Groningen
Noor,hello@noor.nl,http://www.noor.nl/,https://www.google.com/maps/place/Noor/data=!4m7!3m6!1s0x47c9cd4ea8b90927:0x87f9b874b73b0444!8m2!3d53.2144372!4d6.5022185!16s%2Fg%2F11rk0d9w9c!19sChIJJwm5qE7NyUcRRAQ7t3S4-Yc?authuser=0&hl=nl&rclk=1,Telefoon: 050 700 1370,Groningen
RuevaKookt,info@ruevakookt.nl,https://ruevakookt.nl/,https://www.google.com/maps/place/RuevaKookt/data=!4m7!3m6!1s0x427221d7c9a18d71:0x40562e56f82b3cd3!8m2!3d53.2217785!4d6.5656933!16s%2Fg%2F11y0fkl_l3!19sChIJcY2hydchckIR0zwr-FYuVkA?authuser=0&hl=nl&rclk=1,Telefoon: 06 35695708,Groningen
De Keuken van Henk,,http://dekeukenvanhenk.nl/,https://www.google.com/maps/place/De+Keuken+van+Henk/data=!4m7!3m6!1s0x63a332dd75bf2529:0x920b2a71c3c6c69c!8m2!3d53.0759545!4d5.9555572!16s%2Fg%2F11trqvj5cc!19sChIJKSW_dd0yo2MRnMbGw3EqC5I?authuser=0&hl=nl&rclk=1,Telefoon: 06 21583693,Groningen
In 't Veen Catering,,https://intveencatering.nl/,https://www.google.com/maps/place/In+%27t+Veen+Catering/data=!4m7!3m6!1s0x47c82db7593c6de5:0xe9ff2d587ff59d98!8m2!3d53.1954484!4d6.5795318!16s%2Fg%2F11ns1khhkm!19sChIJ5W08WbctyEcRmJ31f1gt_-k?authuser=0&hl=nl&rclk=1,Telefoon: 06 53334530,Groningen
Restaurant Dorset,info@dorset.nl,http://www.dorset.nl/,https://www.google.com/maps/place/Restaurant+Dorset/data=!4m7!3m6!1s0x47b80fb269fa03b1:0x974732a8168b137d!8m2!3d52.2998071!4d6.7577783!16s%2Fg%2F1tz7519p!19sChIJsQP6abIPuEcRfROLFqgyR5c?authuser=0&hl=nl&rclk=1,Telefoon: 074 266 1925,Groningen
Restaurant Nassau,,https://prinsenhof.nl/nl/restaurants/restaurant-nassau/,https://www.google.com/maps/place/Restaurant+Nassau/data=!4m7!3m6!1s0x47c9cdc4d160a8f3:0xa4863e914f61f097!8m2!3d53.2210426!4d6.5687264!16s%2Fg%2F11fntbl58c!19sChIJ86hg0cTNyUcRl_BhT5E-hqQ?authuser=0&hl=nl&rclk=1,Telefoon: 050 317 6550,Groningen
Beijk Catering,info@beijkcatering.nl,https://beijkcatering.nl/,https://www.google.com/maps/place/Beijk+Catering/data=!4m7!3m6!1s0x47c8350d81adfaeb:0x2638e037e7957b60!8m2!3d53.1868792!4d6.3754301!16s%2Fg%2F1tdxdjb8!19sChIJ6_qtgQ01yEcRYHuV5zfgOCY?authuser=0&hl=nl&rclk=1,Telefoon: 0594 554 321,Groningen
de smaeckmakers,info@de-smaeckmakers.nl,http://www.de-smaeckmakers.nl/,https://www.google.com/maps/place/de+smaeckmakers/data=!4m7!3m6!1s0x47c9cd66821a4b63:0x93e4f2f357167f9b!8m2!3d53.2283866!4d6.5581437!16s%2Fg%2F11m7ql2xly!19sChIJY0sagmbNyUcRm38WV_Py5JM?authuser=0&hl=nl&rclk=1,Telefoon: 06 10817178,Groningen
Crijntje Pizza,crijntjecatering@gmail.com,https://www.crijntjepizza.nl/,https://www.google.com/maps/place/Crijntje+Pizza/data=!4m7!3m6!1s0x48f267b1cd4d2b5f:0x70d130426ce190ff!8m2!3d52.8288914!4d5.9107487!16s%2Fg%2F11x1clnv0r!19sChIJXytNzbFn8kgR_5DhbEIw0XA?authuser=0&hl=nl&rclk=1,Telefoon: 06 55901334,Groningen
SPIJS,info@groenstudioschone.nl,http://www.spijsgroningen.nl/,https://www.google.com/maps/place/SPIJS/data=!4m7!3m6!1s0x47c9cd9b2ab2cb4d:0xc927de72edff42fe!8m2!3d53.2224409!4d6.5718369!16s%2Fg%2F11kjhl3fzy!19sChIJTcuyKpvNyUcR_kL_7XLeJ8k?authuser=0&hl=nl&rclk=1,Telefoon: 050 785 5693,Groningen
Jamey Fitz,contact@jameyfitz.nl,https://www.jameyfitz.nl/,https://www.google.com/maps/place/Jamey+Fitz/data=!4m7!3m6!1s0x47c9cd8716267b29:0xb2884375165cd204!8m2!3d53.2157896!4d6.5698704!16s%2Fg%2F11vb7vl4m0!19sChIJKXsmFofNyUcRBNJcFnVDiLI?authuser=0&hl=nl&rclk=1,Telefoon: 050 314 8854,Groningen
CICCI’S - Trattoria & Bar,info@ciccis.nl,http://www.ciccis.nl/,https://www.google.com/maps/place/CICCI%E2%80%99S+-+Trattoria+%26+Bar/data=!4m7!3m6!1s0x47c9cde591441bd1:0x36fa8a7f6bfaafd2!8m2!3d53.2168887!4d6.559909!16s%2Fg%2F11s54ltsy2!19sChIJ0RtEkeXNyUcR0q_6a3-K-jY?authuser=0&hl=nl&rclk=1,Telefoon: 050 851 0741,Groningen
MartsMenu private dining,Info@martsmenu.nl,https://www.martsmenu.nl/,https://www.google.com/maps/place/MartsMenu+private+dining/data=!4m7!3m6!1s0xa11444ded76a9cf9:0x8240bea37751aba7!8m2!3d52.7829122!4d5.785194!16s%2Fg%2F11y09q9505!19sChIJ-Zxq195EFKERp6tRd6O-QII?authuser=0&hl=nl&rclk=1,Telefoon: 06 34696915,Groningen
"Birgit Flüg |kok-aan-huis | catering, kookworkshops ook op locatie | Private chef | meerdaagse verzorging |",info@kok-aan-huis.com,http://www.kok-aan-huis.com/,"https://www.google.com/maps/place/Birgit+Fl%C3%BCg+%7Ckok-aan-huis+%7C+catering,+kookworkshops+ook+op+locatie+%7C+Private+chef+%7C+meerdaagse+verzorging+%7C/data=!4m7!3m6!1s0x47c9cfe7a0db4179:0xb14d5937016a0fd6!8m2!3d53.3613139!4d6.5998121!16s%2Fg%2F1tw1d2b_!19sChIJeUHboOfPyUcR1g9qATdZTbE?authuser=0&hl=nl&rclk=1",Telefoon: 06 46242431,Groningen
Boccadasse Food Experiences & Academy,info@boccadassefood.com,http://www.boccadassefood.com/,https://www.google.com/maps/place/Boccadasse+Food+Experiences+%26+Academy/data=!4m7!3m6!1s0x47c9cdd8a1d52cf7:0xe74c2d6b58903487!8m2!3d53.2488985!4d6.5859062!16s%2Fg%2F11qsrcxf3w!19sChIJ9yzVodjNyUcRhzSQWGstTOc?authuser=0&hl=nl&rclk=1,Telefoon: 06 57426514,Groningen
Olijf Restaurant,info@olijfrestaurant.nl,https://olijfrestaurant.nl/,https://www.google.com/maps/place/Olijf+Restaurant/data=!4m7!3m6!1s0x47c9cd0c5e48cf3f:0x166d33b08fc9deb0!8m2!3d53.2305001!4d6.569578!16s%2Fg%2F11t7m_b3wr!19sChIJP89IXgzNyUcRsN7Jj7AzbRY?authuser=0&hl=nl&rclk=1,Telefoon: 06 48538833,Groningen
Yenvanese Kitchen,,https://www.yenvanesekitchen.com/,https://www.google.com/maps/place/Yenvanese+Kitchen/data=!4m7!3m6!1s0x47c82d4f58e3ffff:0x672b544262c64ab2!8m2!3d53.1978804!4d6.591125!16s%2Fg%2F11h4bskjnf!19sChIJ___jWE8tyEcRskrGYkJUK2c?authuser=0&hl=nl&rclk=1,Telefoon: 06 50598757,Groningen
Studentchef,,http://studentchef.nl/,https://www.google.com/maps/place/Studentchef/data=!4m7!3m6!1s0x47c9cd500e605e83:0xc2f204f9f5f91cfe!8m2!3d53.2203656!4d6.563747!16s%2Fg%2F11fm33vp91!19sChIJg15gDlDNyUcR_hz59fkE8sI?authuser=0&hl=nl&rclk=1,,Groningen
't Koetshuys Restaurant & Bar,,http://www.koetshuysgroningen.nl/,https://www.google.com/maps/place/%27%27t+Koetshuys+Restaurant+%26+Bar%27/data=!4m7!3m6!1s0x47c9cd4ea45bb7bd:0x6a3906ba6b809c49!8m2!3d53.2164101!4d6.5557483!16s%2Fg%2F1td3f8cf!19sChIJvbdbpE7NyUcRSZyAa7oGOWo?authuser=0&hl=nl&rclk=1,Telefoon: 050 313 0511,Groningen
De Oude Tijden,,https://www.debeteretijden.nl/,https://www.google.com/maps/place/De+Oude+Tijden/data=!4m7!3m6!1s0x47c9cd0ccaac69db:0xdbc362bdcc4fda0f!8m2!3d53.2171243!4d6.5685321!16s%2Fg%2F11vz8z85wq!19sChIJ22msygzNyUcRD9pPzL1iw9s?authuser=0&hl=nl&rclk=1,Telefoon: 050 589 2467,Groningen
Catering Service Paul Dekker,info@paul-dekker.nl,http://www.paul-dekker.nl/,https://www.google.com/maps/place/Catering+Service+Paul+Dekker/data=!4m7!3m6!1s0x47c833b52e9179f3:0x171ca1f60add5700!8m2!3d53.1507611!4d6.5032416!16s%2Fg%2F11c55b3t2x!19sChIJ83mRLrUzyEcRAFfdCvahHBc?authuser=0&hl=nl&rclk=1,Telefoon: 06 46517265,Groningen
Vive la Vie,info@vivelaviegroningen.nl,https://www.vivelaviegroningen.nl/,https://www.google.com/maps/place/Vive+la+Vie/data=!4m7!3m6!1s0x47c9cd56c5126be9:0xfd7fb0cd6db752de!8m2!3d53.2170714!4d6.5696501!16s%2Fg%2F1ptwldshy!19sChIJ6WsSxVbNyUcR3lK3bc2wf_0?authuser=0&hl=nl&rclk=1,Telefoon: 050 850 3970,Groningen
Culinair Onderonsje,Info@culinair-onderonsje.com,https://www.culinair-onderonsje.com/reserveer-je-chef-ervaring,https://www.google.com/maps/place/Culinair+Onderonsje/data=!4m7!3m6!1s0x47b7cd2350d80e5d:0xc57c3f5505f02027!8m2!3d39.6638277!4d-42.5595336!16s%2Fg%2F11h_d77_6q!19sChIJXQ7YUCPNt0cRJyDwBVU_fMU?authuser=0&hl=nl&rclk=1,Telefoon: 06 10820554,Groningen
Uw Kok Thuis,info@uwkokthuis.nl,https://uwkokthuis.nl/,https://www.google.com/maps/place/Uw+Kok+Thuis/data=!4m7!3m6!1s0x47c9d394ff634f13:0xf045612a708f8dfa!8m2!3d53.2236459!4d6.6509425!16s%2Fg%2F11n33mhn7f!19sChIJE09j_5TTyUcR-o2PcCphRfA?authuser=0&hl=nl&rclk=1,Telefoon: 06 28655227,Groningen
De Betere Tijden,,http://www.debeteretijden.nl/,https://www.google.com/maps/place/De+Betere+Tijden/data=!4m7!3m6!1s0x47c9cd44d1df1c93:0xe9665cdc859af7ad!8m2!3d53.2167133!4d6.5692126!16s%2Fg%2F1hc3j6r9l!19sChIJkxzf0UTNyUcRrfeahdxcZuk?authuser=0&hl=nl&rclk=1,Telefoon: 050 305 9918,Groningen
Mennoos Kookerij,info@mennooskookerij.nl,http://www.mennooskookerij.nl/,https://www.google.com/maps/place/Mennoos+Kookerij/data=!4m7!3m6!1s0x47c832a5529c789b:0x82b32988323ccdce!8m2!3d53.1988972!4d6.5575621!16s%2Fg%2F11c1xm89ws!19sChIJm3icUqUyyEcRzs08Mogps4I?authuser=0&hl=nl&rclk=1,Telefoon: 050 230 1848,Groningen
Foodfellas Catering & Organisatie,catering@foodfellas.nl,http://www.foodfellas.nl/,https://www.google.com/maps/place/Foodfellas+Catering+%26+Organisatie/data=!4m7!3m6!1s0x47c854c4d8b7e915:0x1bb625a522a6f91c!8m2!3d53.2114237!4d6.6211129!16s%2Fg%2F1ty73h_f!19sChIJFem32MRUyEcRHPmmIqUlths?authuser=0&hl=nl&rclk=1,Telefoon: 050 311 5703,Groningen
Kookworkshop Groningen,info@adgm.nl,http://www.kookworkshopgroningen.com/,https://www.google.com/maps/place/Kookworkshop+Groningen/data=!4m7!3m6!1s0x47c9cd3ad0ad38cb:0x670656425cee3aeb!8m2!3d53.2247578!4d6.5362681!16s%2Fg%2F11f3zxmxfz!19sChIJyzit0DrNyUcR6zruXEJWBmc?authuser=0&hl=nl&rclk=1,Telefoon: 050 311 5334,Groningen
Dennis Cooking Place,,https://denniscookingplace.nl/,https://www.google.com/maps/place/Dennis+Cooking+Place/data=!4m7!3m6!1s0x47c9d2c965f92679:0xdf25bd3cb4efa5ea!8m2!3d53.2136111!4d6.6080556!16s%2Fg%2F1tmql0p0!19sChIJeSb5ZcnSyUcR6qXvtDy9Jd8?authuser=0&hl=nl&rclk=1,Telefoon: 06 15092132,Groningen
Dinerbox Groningen,,,https://www.google.com/maps/place/Dinerbox+Groningen/data=!4m7!3m6!1s0x47c9d35342837c6b:0x69972543d8eecab4!8m2!3d53.2109241!4d6.6196667!16s%2Fg%2F11mvq14_83!19sChIJa3yDQlPTyUcRtMru2EMll2k?authuser=0&hl=nl&rclk=1,Telefoon: 06 24995888,Groningen
Catering Perdok,,,https://www.google.com/maps/place/Catering+Perdok/data=!4m7!3m6!1s0x47b7d4ec430125b3:0xe20ace05289c4458!8m2!3d53.1642449!4d6.8684696!16s%2Fg%2F11dzdv95p4!19sChIJsyUBQ-zUt0cRWEScKAXOCuI?authuser=0&hl=nl&rclk=1,Telefoon: 0598 717 930,Groningen
Catering Groningen,,,https://www.google.com/maps/place/Catering+Groningen/data=!4m7!3m6!1s0x47c833c0807a9b59:0x39ad4cc8b1481c29!8m2!3d53.199327!4d6.558423!16s%2Fg%2F11j1tjz0v2!19sChIJWZt6gMAzyEcRKRxIschMrTk?authuser=0&hl=nl&rclk=1,Telefoon: 050 230 1848,Groningen
bedrijfslunch-groningen,info@bedrijfslunch-groningen.nl,http://www.bedrijfslunch-groningen.nl/,https://www.google.com/maps/place/bedrijfslunch-groningen/data=!4m7!3m6!1s0x47c9d3927c7047df:0x7b02cae5b08dd5d2!8m2!3d53.2109241!4d6.6196667!16s%2Fg%2F11j0v0jl5k!19sChIJ30dwfJLTyUcR0tWNsOXKAns?authuser=0&hl=nl&rclk=1,Telefoon: 050 311 5703,Groningen
Jasmijn restaurant/catering/afhaal,,http://www.jasmijncatering.nl/,https://www.google.com/maps/place/Jasmijn+restaurant%2Fcatering%2Fafhaal/data=!4m7!3m6!1s0x47c9cd14666e3527:0x28c4e21ab59b8af1!8m2!3d53.2241559!4d6.5590476!16s%2Fg%2F1ttdxpv5!19sChIJJzVuZhTNyUcR8YqbtRrixCg?authuser=0&hl=nl&rclk=1,Telefoon: 06 24116534,Groningen
Satehuis,info@satehuis.nl,http://www.satehuis.nl/,https://www.google.com/maps/place/Satehuis/data=!4m7!3m6!1s0x47c9cd540de3eb39:0xd07f0c42c76c784e!8m2!3d53.2141667!4d6.5688889!16s%2Fg%2F1tj3k9ww!19sChIJOevjDVTNyUcRTnhsx0IMf9A?authuser=0&hl=nl&rclk=1,Telefoon: 050 311 2865,Groningen
Pepper Catering - Foodtruck Groningen - Catering Groningen,contact@peppercatering.nl,https://www.peppercatering.nl/,https://www.google.com/maps/place/Pepper+Catering+-+Foodtruck+Groningen+-+Catering+Groningen/data=!4m7!3m6!1s0x47c9cd50423f3da1:0xd94013768fc6db71!8m2!3d53.2059174!4d6.6501089!16s%2Fg%2F1jglwv9jg!19sChIJoT0_QlDNyUcRcdvGj3YTQNk?authuser=0&hl=nl&rclk=1,Telefoon: 050 205 3041,Groningen
Foodfellas Catering,catering@foodfellas.nl,http://www.foodfellas.nl/,https://www.google.com/maps/place/Foodfellas+Catering/data=!4m7!3m6!1s0x47c82d5044b42b6f:0x2240218987b8eddc!8m2!3d53.201541!4d6.579128!16s%2Fg%2F1tj2b7m0!19sChIJbyu0RFAtyEcR3O24h4khQCI?authuser=0&hl=nl&rclk=1,Telefoon: 050 311 5703,Groningen
C'salads & Appetizers,info@csalads.nl,http://www.csalads.nl/,https://www.google.com/maps/place/C%27salads+%26+Appetizers/data=!4m7!3m6!1s0x47c9cd66a4fa36e3:0x320d960b015758fe!8m2!3d53.2364816!4d6.5508447!16s%2Fg%2F11p4hrsd7x!19sChIJ4zb6pGbNyUcR_lhXAQuWDTI?authuser=0&hl=nl&rclk=1,Telefoon: 06 46023683,Groningen
Catering Noord,info@cateringnoord.nl,http://www.cateringnoord.nl/,https://www.google.com/maps/place/Catering+Noord/data=!4m7!3m6!1s0x47c835c651c1399d:0x54244fc064a2c710!8m2!3d53.1142945!4d6.0871765!16s%2Fg%2F11h03240m!19sChIJnTnBUcY1yEcREMeiZMBPJFQ?authuser=0&hl=nl&rclk=1,Telefoon: 0594 697 600,Groningen
Yhami Yhami,,https://yhamiyhami.nl/,https://www.google.com/maps/place/Yhami+Yhami/data=!4m7!3m6!1s0x47c82db8b273e2b9:0x1ebcecdb5b3923!8m2!3d53.2237258!4d6.5689388!16s%2Fg%2F11q1ggm6bz!19sChIJueJzsrgtyEcRIzlb2-y8HgA?authuser=0&hl=nl&rclk=1,,Groningen
Koks Herberg B.V.,mail@usercentrics.com,https://koksherberg.nl/,https://www.google.com/maps/place/Koks+Herberg+B.V./data=!4m7!3m6!1s0x47c9d2cafc7065d9:0x655458aa7ed541a4!8m2!3d53.2100101!4d6.6050867!16s%2Fg%2F1tdn3bm3!19sChIJ2WVw_MrSyUcRpEHVfqpYVGU?authuser=0&hl=nl&rclk=1,Telefoon: 050 314 0211,Groningen
FOODVANS,info@foodvans.nl,http://www.foodvans.nl/,https://www.google.com/maps/place/FOODVANS/data=!4m7!3m6!1s0x47c9ab94d4f257f9:0xa148811c1c0a8375!8m2!3d53.2366327!4d6.5841441!16s%2Fg%2F11pq5g85wx!19sChIJ-Vfy1JSryUcRdYMKHByBSKE?authuser=0&hl=nl&rclk=1,Telefoon: 06 12586407,Groningen
Broodjeshuis Crossroads,info@broodjegroningen.nl,https://www.broodjegroningen.nl/,https://www.google.com/maps/place/Broodjeshuis+Crossroads/data=!4m7!3m6!1s0x47c9cd4713fae2a3:0x1448589a09bfd388!8m2!3d53.2251752!4d6.5517027!16s%2Fg%2F1vd3v12d!19sChIJo-L6E0fNyUcRiNO_CZpYSBQ?authuser=0&hl=nl&rclk=1,Telefoon: 050 577 8351,Groningen
De Smaak,info@desmaak.nl,http://www.desmaak.nl/,https://www.google.com/maps/place/De+Smaak/data=!4m7!3m6!1s0x47c9d2a2666f30bd:0x41ba08f61db03ddb!8m2!3d53.2069178!4d6.5357546!16s%2Fg%2F1wj_sj7c!19sChIJvTBvZqLSyUcR2z2wHfYIukE?authuser=0&hl=nl&rclk=1,Telefoon: 050 211 2674,Groningen
Contini's Catering,,https://contini.nl/,https://www.google.com/maps/place/Contini%27s+Catering/data=!4m7!3m6!1s0x47c82d50ca0633b5:0xbce2566be3e111c1!8m2!3d53.2003295!4d6.6029577!16s%2Fg%2F1w2yypzt!19sChIJtTMGylAtyEcRwRHh42tW4rw?authuser=0&hl=nl&rclk=1,Telefoon: 050 527 5117,Groningen
Cook-Ing by VOF Barrel Cook-Ing,facturen@barrel-wijn.nl,http://www.cook-ing.nl/,https://www.google.com/maps/place/Cook-Ing+by+VOF+Barrel+Cook-Ing/data=!4m7!3m6!1s0x47c9cd4e7737d43b:0x37aa1d138a4eed3d!8m2!3d53.2231505!4d6.564317!16s%2Fg%2F11bz0rkwnh!19sChIJO9Q3d07NyUcRPe1OihMdqjc?authuser=0&hl=nl&rclk=1,Telefoon: 06 48259371,Groningen
Catering De Beleving,info@cateringdebeleving.nl,http://www.cateringdebeleving.nl/,https://www.google.com/maps/place/Catering+De+Beleving/data=!4m7!3m6!1s0x47c82da8890cf3cb:0xf39beec929b39603!8m2!3d53.2215002!4d6.5230274!16s%2Fg%2F11qyd7vm_y!19sChIJy_MMiagtyEcRA5azKcnum_M?authuser=0&hl=nl&rclk=1,,Groningen
Te Plek Catering,info@teplek.nl,https://teplek.nl/,https://www.google.com/maps/place/Te+Plek+Catering/data=!4m7!3m6!1s0x47c830ec9a33726b:0xc3685166d78ff249!8m2!3d53.0660872!4d6.4642265!16s%2Fg%2F11cn764dx1!19sChIJa3IzmuwwyEcRSfKP12ZRaMM?authuser=0&hl=nl&rclk=1,Telefoon: 06 11109836,Groningen
Het Concerthuis,info@hetconcerthuis.nl,http://www.hetconcerthuis.nl/,https://www.google.com/maps/place/Het+Concerthuis/data=!4m7!3m6!1s0x47c9cd572337fe3b:0x8cb6708033a8417f!8m2!3d53.218446!4d6.570519!16s%2Fg%2F12qfw4kf7!19sChIJO_43I1fNyUcRf0GoM4Bwtow?authuser=0&hl=nl&rclk=1,Telefoon: 050 230 4250,Groningen
Schriemer Catering,info@schriemercatering.nl,http://www.schriemercatering.nl/,https://www.google.com/maps/place/Schriemer+Catering/data=!4m7!3m6!1s0x47c9d2e7b061a921:0x79ce1de945884582!8m2!3d53.2684373!4d6.6504132!16s%2Fg%2F11c34scd6n!19sChIJIalhsOfSyUcRgkWIRekdznk?authuser=0&hl=nl&rclk=1,Telefoon: 06 53548174,Groningen
Ontbijtservice Noorderland,info@ontbijtservice-noorderland.nl,http://www.ontbijtservice-noorderland.nl/,https://www.google.com/maps/place/Ontbijtservice+Noorderland/data=!4m7!3m6!1s0x47b7d73bae819791:0x8ad58847e64528fc!8m2!3d53.0937461!4d6.9090919!16s%2Fg%2F1pp2vk4jf!19sChIJkZeBrjvXt0cR_ChF5keI1Yo?authuser=0&hl=nl&rclk=1,Telefoon: 06 16688744,Groningen
High Tea Groningen,info@cateringdebeleving.nl,https://www.cateringdebeleving.nl/,https://www.google.com/maps/place/High+Tea+Groningen/data=!4m7!3m6!1s0x47c82d0f51809ab5:0x4b2b7c9ec352012a!8m2!3d53.2193867!4d6.5664978!16s%2Fg%2F11r3snnb4n!19sChIJtZqAUQ8tyEcRKgFSw558K0s?authuser=0&hl=nl&rclk=1,,Groningen
Madame Laurine,hallo@madamelaurine.nl,https://madamelaurine.nl/,https://www.google.com/maps/place/Madame+Laurine/data=!4m7!3m6!1s0x47c9caf0e0ab3273:0xb97e92f3d61ad8a5!8m2!3d53.255462!4d6.3985639!16s%2Fg%2F11j00s8n92!19sChIJczKr4PDKyUcRpdga1vOSfrk?authuser=0&hl=nl&rclk=1,Telefoon: 06 29604035,Groningen
Stadslab,info@stadslabgroningen.nl,https://stadslabgroningen.nl/,https://www.google.com/maps/place/Stadslab/data=!4m7!3m6!1s0x47c832cca83696c9:0xdc08ade47309a093!8m2!3d53.2112848!4d6.5388341!16s%2Fg%2F11gf98k8d_!19sChIJyZY2qMwyyEcRk6AJc-StCNw?authuser=0&hl=nl&rclk=1,Telefoon: 050 211 3844,Groningen
Dé Streekcateraar,info@destreekcateraar.nl,http://www.destreekcateraar.nl/,https://www.google.com/maps/place/D%C3%A9+Streekcateraar/data=!4m7!3m6!1s0x47c82b1ca341beb5:0x197b2ea9f1a2b7be!8m2!3d53.169575!4d6.727014!16s%2Fg%2F11f3tjqt68!19sChIJtb5BoxwryEcRvrei8akuexk?authuser=0&hl=nl&rclk=1,Telefoon: 0598 393 066,Groningen
Partyservice Albertema,info@albertemapeize.nl,http://www.albertemapeize.nl/,https://www.google.com/maps/place/Partyservice+Albertema/data=!4m7!3m6!1s0x47c833ba209963a1:0xaed5c083dc29cf0!8m2!3d53.1547971!4d6.4885452!16s%2Fg%2F1tdy89cy!19sChIJoWOZILozyEcR8JzCPQhc7Qo?authuser=0&hl=nl&rclk=1,Telefoon: 050 503 4507,Groningen
Huiz van Smaak Catering,info@huizvansmaak.nl,http://www.huizvansmaak.nl/,https://www.google.com/maps/place/Huiz+van+Smaak+Catering/data=!4m7!3m6!1s0x47c835feb2b8f0ef:0x2a96c1e7520285aa!8m2!3d53.1631884!4d6.4965641!16s%2Fg%2F11v0n5rlx2!19sChIJ7_C4sv41yEcRqoUCUufBlio?authuser=0&hl=nl&rclk=1,Telefoon: 06 27431127,Groningen
Maaltijdverzorging De Jacobijn,,http://www.indejacobijn.nl/,https://www.google.com/maps/place/Maaltijdverzorging+De+Jacobijn/data=!4m7!3m6!1s0x47c82cf89175b835:0x815bbdcf3e3e22a5!8m2!3d53.2131501!4d6.6171531!16s%2Fg%2F1pv0y5k96!19sChIJNbh1kfgsyEcRpSI-Ps-9W4E?authuser=0&hl=nl&rclk=1,Telefoon: 050 312 8345,Groningen
't Gildehuus,info@gildehuus.nl,http://www.gildehuus.nl/,https://www.google.com/maps/place/%27%27t+Gildehuus%27/data=!4m7!3m6!1s0x47c9cd44c5845989:0x53a0431f136ac705!8m2!3d53.2244712!4d6.5625215!16s%2Fg%2F1tdzktp6!19sChIJiVmExUTNyUcRBcdqEx9DoFM?authuser=0&hl=nl&rclk=1,Telefoon: 050 314 7149,Groningen
Rolling Pizza,contact@rollingpizza.nl,https://rollingpizza.nl/,https://www.google.com/maps/place/Rolling+Pizza/data=!4m7!3m6!1s0x87cdccbf753fd929:0x8084079a0562e33e!8m2!3d52.1909763!4d5.2795551!16s%2Fg%2F11yy2b8q2g!19sChIJKdk_db_MzYcRPuNiBZoHhIA?authuser=0&hl=nl&rclk=1,Telefoon: 06 48553170,Groningen
Woodovenpizza,info@woodovenpizza.nl,http://www.woodovenpizza.nl/?utm_source=google&utm_medium=organic&utm_campaign=gmb,https://www.google.com/maps/place/Woodovenpizza/data=!4m7!3m6!1s0x6aed71f73b6991cd:0xdb948c80e1bce596!8m2!3d53.2467452!4d6.5743524!16s%2Fg%2F11rmv1bsnv!19sChIJzZFpO_dx7WoRluW84YCMlNs?authuser=0&hl=nl&rclk=1,Telefoon: 06 45030947,Groningen
Eterij Nieuw & Old,,http://www.eterijnieuwenold.nl/,https://www.google.com/maps/place/Eterij+Nieuw+%26+Old/data=!4m7!3m6!1s0x47c82d24f2f73e1b:0x748ae3653e9b9c4c!8m2!3d53.2045295!4d6.6081419!16s%2Fg%2F11mxwrdm14!19sChIJGz738iQtyEcRTJybPmXjinQ?authuser=0&hl=nl&rclk=1,Telefoon: 050 280 3817,Groningen
De Indische catering B.V.,jejavaanseetcafe@gmail.com,http://www.deindischecatering.nl/,https://www.google.com/maps/place/De+Indische+catering+B.V./data=!4m7!3m6!1s0x47c9d2ceb8b21703:0x15e4c2f09f92405c!8m2!3d53.2142744!4d6.6120771!16s%2Fg%2F11fxf101sd!19sChIJAxeyuM7SyUcRXECSn_DC5BU?authuser=0&hl=nl&rclk=1,Telefoon: 06 53183545,Groningen
De Margondiër,your@email,http://www.demargondier.nl/,https://www.google.com/maps/place/De+Margondi%C3%ABr/data=!4m7!3m6!1s0x47c9d33392247eb7:0x89ba540080b37149!8m2!3d53.2107797!4d6.5790196!16s%2Fg%2F11rd8tvbqn!19sChIJt34kkjPTyUcRSXGzgABUuok?authuser=0&hl=nl&rclk=1,Telefoon: 050 785 3350,Groningen
Chef's! Food & Drinks Groningen,events.groningen@chefsfoodanddrinks.nl,https://www.chefsfoodanddrinks.nl/nl/groningen/,https://www.google.com/maps/place/Chef%27s!+Food+%26+Drinks+Groningen/data=!4m7!3m6!1s0x47c83362879604dd:0xfe66a13d0c62b38b!8m2!3d53.2002654!4d6.5552424!16s%2Fg%2F11grq6chl3!19sChIJ3QSWh2IzyEcRi7NiDD2hZv4?authuser=0&hl=nl&rclk=1,Telefoon: 050 763 0070,Groningen
Dinercafé Plezant,info@plezantgroningen.nl,http://www.plezantgroningen.nl/,https://www.google.com/maps/place/Dinercaf%C3%A9+Plezant/data=!4m7!3m6!1s0x47c9cd6777a81db5:0x7243f55f191a75cc!8m2!3d53.2302025!4d6.574073!16s%2Fg%2F11fvc71q60!19sChIJtR2od2fNyUcRzHUaGV_1Q3I?authuser=0&hl=nl&rclk=1,Telefoon: 050 211 0498,Groningen
47 Anno Domini Groningen 🇮🇹,info@47annodomini-groningen.com,http://47annodomini-groningen.com/,https://www.google.com/maps/place/47+Anno+Domini+Groningen+%F0%9F%87%AE%F0%9F%87%B9/data=!4m7!3m6!1s0x47c9cdbcbecdb46f:0x89822a91a7fd1505!8m2!3d53.2155001!4d6.5712853!16s%2Fg%2F11h2qypws9!19sChIJb7TNvrzNyUcRBRX9p5Eqgok?authuser=0&hl=nl&rclk=1,Telefoon: 050 311 5555,Groningen
Healthy Way - Gezond lunchen,info@healthy-way.nl,http://healthy-way.nl/,https://www.google.com/maps/place/Healthy+Way+-+Gezond+lunchen/data=!4m7!3m6!1s0x47c9d385905e141b:0x99afc97d60fa4fe0!8m2!3d53.2163294!4d6.5696953!16s%2Fg%2F11ft_7djf3!19sChIJGxRekIXTyUcR4E_6YH3Jr5k?authuser=0&hl=nl&rclk=1,Telefoon: 050 202 0009,Groningen
Asian Food Plaza,asianfoodplazagroningen@gmail.com,http://asianfoodplaza.nl/,https://www.google.com/maps/place/Asian+Food+Plaza/data=!4m7!3m6!1s0x47c9cd5651d82471:0xc6655b2e550860ab!8m2!3d53.2172872!4d6.5659221!16s%2Fg%2F11vf79q2tj!19sChIJcSTYUVbNyUcRq2AIVS5bZcY?authuser=0&hl=nl&rclk=1,Telefoon: 050 307 0120,Groningen
Eetsmakeluc,,,https://www.google.com/maps/place/Eetsmakeluc/data=!4m7!3m6!1s0x8bb3380e469741b5:0xb41b67a958dc65c5!8m2!3d52.645529!4d5.698773!16s%2Fg%2F11x7tsdkrw!19sChIJtUGXRg44s4sRxWXcWKlnG7Q?authuser=0&hl=nl&rclk=1,Telefoon: 06 11118959,Groningen
Pura Vida,,https://lunchroompuravida.nl/,https://www.google.com/maps/place/Pura+Vida/data=!4m7!3m6!1s0x47c9cd86d59d0bd1:0xe207ae498fc4f70d!8m2!3d53.2242623!4d6.5626121!16s%2Fg%2F11ry3htw45!19sChIJ0Qud1YbNyUcRDffEj0muB-I?authuser=0&hl=nl&rclk=1,,Groningen
Delishy,delishygroningen@hotmail.com,https://www.thuisbezorgd.nl/menu/delishy,https://www.google.com/maps/place/Delishy/data=!4m7!3m6!1s0x47c9cdb87d352381:0x24cb79097ddfdb0d!8m2!3d53.2182515!4d6.5694108!16s%2Fg%2F11wmw8w58g!19sChIJgSM1fbjNyUcRDdvffQl5yyQ?authuser=0&hl=nl&rclk=1,Telefoon: 050 820 0034,Groningen
Dokjard,hello@dokjard.nl,http://www.dokjard.nl/,https://www.google.com/maps/place/Dokjard/data=!4m7!3m6!1s0x47c9cd96d4bdaa05:0x25289e0e208b772b!8m2!3d53.2199587!4d6.5571756!16s%2Fg%2F11gl20gg90!19sChIJBaq91JbNyUcRK3eLIA6eKCU?authuser=0&hl=nl&rclk=1,Telefoon: 050 364 2420,Groningen
Brussels Lof,info@brusselslof.com,http://www.brusselslof.com/,https://www.google.com/maps/place/Brussels+Lof/data=!4m7!3m6!1s0x47c9cd51d6ac56c9:0x8639aa4d81e4f0b5!8m2!3d53.2178882!4d6.5622158!16s%2Fg%2F1ts_5vp0!19sChIJyVas1lHNyUcRtfDkgU2qOYY?authuser=0&hl=nl&rclk=1,Telefoon: 050 312 7603,Groningen
Restaurant de Haan,,http://www.restaurantdehaan.nl/,https://www.google.com/maps/place/Restaurant+de+Haan/data=!4m7!3m6!1s0x47c9cd4e9aff7dc1:0xa96ff986e9427965!8m2!3d53.2163666!4d6.5569534!16s%2Fg%2F11cn6hbp4w!19sChIJwX3_mk7NyUcRZXlC6Yb5b6k?authuser=0&hl=nl&rclk=1,Telefoon: 050 204 5058,Groningen
Don Juan,tapasbar@donjuangroningen.nl,http://donjuangroningen.nl/,https://www.google.com/maps/place/Don+Juan/data=!4m7!3m6!1s0x47c9cd2ce36b6a6b:0x217b830c352ffaf1!8m2!3d53.2148385!4d6.5668708!16s%2Fg%2F11tj2r97fd!19sChIJa2pr4yzNyUcR8fovNQyDeyE?authuser=0&hl=nl&rclk=1,Telefoon: 06 29808146,Groningen
Restaurant Blumé,,https://www.restaurantblume.nl/nl/,https://www.google.com/maps/place/Restaurant+Blum%C3%A9/data=!4m7!3m6!1s0x47c9cd83e74e5733:0xcee226942ad0aa3e!8m2!3d53.2201029!4d6.5639461!16s%2Fg%2F11tp7bqh1g!19sChIJM1dO54PNyUcRPqrQKpQm4s4?authuser=0&hl=nl&rclk=1,Telefoon: 050 205 3137,Groningen
Tales Groningen,info@talesgroningen.nl,https://talesgroningen.nl/,https://www.google.com/maps/place/Tales+Groningen/data=!4m7!3m6!1s0x47c9cd4ce7309033:0x3a9bf619c60409ac!8m2!3d53.2180105!4d6.5725468!16s%2Fg%2F11x7sflync!19sChIJM5Aw50zNyUcRrAkExhn2mzo?authuser=0&hl=nl&rclk=1,Telefoon: 050 204 1840,Groningen
Semsom,info@semsom.nl,http://semsom.nl/,https://www.google.com/maps/place/Semsom/data=!4m7!3m6!1s0x47c9cd8ecd00db89:0x6e61915c2168d583!8m2!3d53.2189969!4d6.5645928!16s%2Fg%2F11ftxcx3fs!19sChIJidsAzY7NyUcRg9VoIVyRYW4?authuser=0&hl=nl&rclk=1,Telefoon: 050 553 6517,Groningen
Olijfboom Greek Canteen,,https://olijfboomgroningen.nl/,https://www.google.com/maps/place/Olijfboom+Greek+Canteen/data=!4m7!3m6!1s0x47c9cde31f7877e9:0xb97bdb29c5fa9a31!8m2!3d53.2172022!4d6.570026!16s%2Fg%2F11sf4y7qrs!19sChIJ6Xd4H-PNyUcRMZr6xSnbe7k?authuser=0&hl=nl&rclk=1,Telefoon: 050 364 6486,Groningen
Reitsma Groningen,info@reitsma-groningen.nl,http://www.reitsma-groningen.nl/,https://www.google.com/maps/place/Reitsma+Groningen/data=!4m7!3m6!1s0x47c9cd5632810095:0xd30e1ddd34e8f7ad!8m2!3d53.2173641!4d6.5749844!16s%2Fg%2F1tcvb48d!19sChIJlQCBMlbNyUcRrffoNN0dDtM?authuser=0&hl=nl&rclk=1,Telefoon: 050 312 6920,Groningen
FIER.,info@fiergroningen.nl,https://fiergroningen.nl/,https://www.google.com/maps/place/FIER./data=!4m7!3m6!1s0x47c9cdd43c4019b3:0xe50a07eccc81859!8m2!3d53.22011!4d6.5720834!16s%2Fg%2F11ydjvgb2z!19sChIJsxlAPNTNyUcRWRjIzH6gUA4?authuser=0&hl=nl&rclk=1,Telefoon: 06 20774844,Groningen
Restaurant Naud,info@restaurantnaud.nl,http://www.restaurantnaud.nl/,https://www.google.com/maps/place/Restaurant+Naud/data=!4m7!3m6!1s0x47c9cd517fc7f297:0x1f9b24002281ae8b!8m2!3d53.2154836!4d6.5650352!16s%2Fg%2F11b6dwfn8r!19sChIJl_LHf1HNyUcRi66BIgAkmx8?authuser=0&hl=nl&rclk=1,,Groningen
Bistro LouLou,info@bistroloulou.nl,https://www.bistroloulou.nl/,https://www.google.com/maps/place/Bistro+LouLou/data=!4m7!3m6!1s0x47c9cd57a0e783eb:0x1e9ad08a515e7147!8m2!3d53.2188058!4d6.573078!16s%2Fg%2F1tmqqm18!19sChIJ64PnoFfNyUcRR3FeUYrQmh4?authuser=0&hl=nl&rclk=1,Telefoon: 050 589 0009,Groningen
Florentin,work@florentingroningen.nl,http://www.florentingroningen.nl/,https://www.google.com/maps/place/Florentin/data=!4m7!3m6!1s0x47c9cdb941f90b07:0xaa0462a9fa36c3cc!8m2!3d53.2243235!4d6.5656764!16s%2Fg%2F11h51zctwc!19sChIJBwv5QbnNyUcRzMM2-qliBKo?authuser=0&hl=nl&rclk=1,Telefoon: 050 364 2062,Groningen
The Smooth Brothers - Oosterstraat,,,https://www.google.com/maps/place/The+Smooth+Brothers+-+Oosterstraat/data=!4m7!3m6!1s0x47c9cd504a9d56e1:0x44a5e190e689f257!8m2!3d53.2179281!4d6.5696005!16s%2Fg%2F11g8nhls02!19sChIJ4VadSlDNyUcRV_KJ5pDhpUQ?authuser=0&hl=nl&rclk=1,,Groningen
Cici’s kitchen,,,https://www.google.com/maps/place/Cici%E2%80%99s+kitchen/data=!4m7!3m6!1s0x47c9cdd564dceddb:0xa2d33fd7d0025524!8m2!3d53.2376485!4d6.5570118!16s%2Fg%2F11ywdq2txk!19sChIJ2-3cZNXNyUcRJFUC0Nc_06I?authuser=0&hl=nl&rclk=1,Telefoon: 06 34183904,Groningen
Chef Piri-Piri,,http://chefpiripiri.nl/,https://www.google.com/maps/place/Chef+Piri-Piri/data=!4m7!3m6!1s0x47c9cd5232bedb73:0x69de20f7b26c73d3!8m2!3d53.2146926!4d6.5637259!16s%2Fg%2F11d_q2c1qn!19sChIJc9u-MlLNyUcR03Nssvcg3mk?authuser=0&hl=nl&rclk=1,Telefoon: 050 208 9278,Groningen
De Herbivoor,herbivoor.groningen@gmail.com,http://deherbivoor.nl/,https://www.google.com/maps/place/De+Herbivoor/data=!4m7!3m6!1s0x47c9cd53e69aba2f:0xbb2363f021445f29!8m2!3d53.2149318!4d6.5670637!16s%2Fg%2F11cktt38sk!19sChIJL7qa5lPNyUcRKV9EIfBjI7s?authuser=0&hl=nl&rclk=1,Telefoon: 06 11460085,Groningen
Het zusje van André Dokter,groningen@andredokter.nl,http://groningen.andredokter.nl/,https://www.google.com/maps/place/Het+zusje+van+Andr%C3%A9+Dokter/data=!4m7!3m6!1s0x47c9cd56d77363f3:0xcb997e4c6d1f1ced!8m2!3d53.2176704!4d6.5698151!16s%2Fg%2F11bc7qmq8p!19sChIJ82Nz11bNyUcR7RwfbUx-mcs?authuser=0&hl=nl&rclk=1,Telefoon: 050 553 5500,Groningen
Amari,info@amarigroningen.nl,http://www.amarigroningen.nl/,https://www.google.com/maps/place/Amari/data=!4m7!3m6!1s0x47c9cdb9a2d34c43:0x24ed8ab5b1bcd2c7!8m2!3d53.2150032!4d6.5580827!16s%2Fg%2F11vxpmqys3!19sChIJQ0zTornNyUcRx9K8sbWK7SQ?authuser=0&hl=nl&rclk=1,Telefoon: 050 204 1909,Groningen
Al Caesar,,,https://www.google.com/maps/place/Al+Caesar/data=!4m7!3m6!1s0xaf37a5a6ab831379:0x41340a13c3a78f2f!8m2!3d53.2217785!4d6.5656933!16s%2Fg%2F11l5r2024r!19sChIJeRODq6alN68RL4-nwxMKNEE?authuser=0&hl=nl&rclk=1,Telefoon: 06 87766773,Groningen
MeatTheChef,,http://www.meatthechef.nl/,https://www.google.com/maps/place/MeatTheChef/data=!4m7!3m6!1s0x47c9d31c15c8ad25:0x81e2dee08a83c2fd!8m2!3d53.236395!4d6.522032!16s%2Fg%2F11ssrq77rm!19sChIJJa3IFRzTyUcR_cKDiuDe4oE?authuser=0&hl=nl&rclk=1,Telefoon: 06 46806939,Groningen
Moro,,https://morogroningen.leukeetcafe.nl/,https://www.google.com/maps/place/Moro/data=!4m7!3m6!1s0x47c9cd565848a15f:0x447f19a32a4ca1ab!8m2!3d53.2168661!4d6.5724242!16s%2Fg%2F1td328_s!19sChIJX6FIWFbNyUcRq6FMKqMZf0Q?authuser=0&hl=nl&rclk=1,Telefoon: 050 360 3666,Groningen
Huiskamerrestaurant De Kleine Heerlijkheid,,https://dekleineheerlijkheid.nl/,https://www.google.com/maps/place/Huiskamerrestaurant+De+Kleine+Heerlijkheid/data=!4m7!3m6!1s0x47c9cd57a05a4ea7:0xf1cb8754df8b6f1e!8m2!3d53.218884!4d6.572884!16s%2Fg%2F1th5z14d!19sChIJp05aoFfNyUcRHm-L31SHy_E?authuser=0&hl=nl&rclk=1,Telefoon: 06 83664330,Groningen
Curry Me,,http://curryme.nl/,https://www.google.com/maps/place/Curry+Me/data=!4m7!3m6!1s0x47c83379dc730625:0xf4e22237f299bb19!8m2!3d53.215736!4d6.5717956!16s%2Fg%2F11qpqv19hv!19sChIJJQZz3HkzyEcRGbuZ8jci4vQ?authuser=0&hl=nl&rclk=1,Telefoon: 06 30555652,Groningen
Foodtruck Catering Huren Groningen,info@adgm.nl,https://adgm.nl/foodtruck-catering/,https://www.google.com/maps/place/Foodtruck+Catering+Huren+Groningen/data=!4m7!3m6!1s0x47c9cdb58d4ae2a1:0xd646b019f82f1be3!8m2!3d53.2248043!4d6.5361961!16s%2Fg%2F11l2yj2rjs!19sChIJoeJKjbXNyUcR4xsv-BmwRtY?authuser=0&hl=nl&rclk=1,Telefoon: 050 311 5334,Groningen
Al Aseel Groningen,,https://al-aseel.nl/,https://www.google.com/maps/place/Al+Aseel+Groningen/data=!4m7!3m6!1s0x47c9cda4b1cfb7bf:0x3b318fcdcf563d38!8m2!3d53.2152719!4d6.5648946!16s%2Fg%2F11l6mbgzgw!19sChIJv7fPsaTNyUcROD1Wz82PMTs?authuser=0&hl=nl&rclk=1,Telefoon: 050 213 1344,Groningen
Eten & Co,info@etenencogroningen.nl,http://www.etenencogroningen.nl/,https://www.google.com/maps/place/Eten+%26+Co/data=!4m7!3m6!1s0x47c9d2b83f8589c9:0xa06587216df80dcc!8m2!3d53.2174619!4d6.6043503!16s%2Fg%2F1ptvtxsl0!19sChIJyYmFP7jSyUcRzA34bSGHZaA?authuser=0&hl=nl&rclk=1,Telefoon: 050 211 1788,Groningen
Joeri Zwart Personal Training Groningen,me@joerizwart.nl,https://www.joerizwart.nl/,https://www.google.com/maps/place/Joeri+Zwart+Personal+Training+Groningen/data=!4m7!3m6!1s0x47c9cd92ed670def:0x4bdde9a84621d271!8m2!3d53.208556!4d6.569939!16s%2Fg%2F11fjtyj4dn!19sChIJ7w1n7ZLNyUcRcdIhRqjp3Us?authuser=0&hl=nl&rclk=1,Telefoon: 06 12978036,Groningen
Kamphuis Kookgereedschap en Apparatuur,kamphuiskookgereedschap@gmail.com,https://www.happytown.nl/Groningen-Kamphuis/kookgereedschap.htm,https://www.google.com/maps/place/Kamphuis+Kookgereedschap+en+Apparatuur/data=!4m7!3m6!1s0x47c9cd4e6db30621:0xa4bd6acbf856d78e!8m2!3d53.2165144!4d6.5595208!16s%2Fg%2F1td5qj58!19sChIJIQazbU7NyUcRjtdW-MtqvaQ?authuser=0&hl=nl&rclk=1,Telefoon: 050 311 6800,Groningen
Idli Cooker - Authentic South Indian Restaurant / Cuisine,lidvincamelia@gmail.com,https://www.idlicooker.nl/,https://www.google.com/maps/place/Idli+Cooker+-+Authentic+South+Indian+Restaurant+%2F+Cuisine/data=!4m7!3m6!1s0x47c9cd00c43aeec1:0x7e56c25053a12b63!8m2!3d53.2146065!4d6.5691037!16s%2Fg%2F11xw4qmr4n!19sChIJwe46xADNyUcRYyuhU1DCVn4?authuser=0&hl=nl&rclk=1,Telefoon: 06 40008019,Groningen
Het Goudkantoor,info@goudkantoor.nl,http://www.goudkantoor.nl/,https://www.google.com/maps/place/Het+Goudkantoor/data=!4m7!3m6!1s0x47c9cd50fc055911:0xb84e060d0a9f7d3!8m2!3d53.2185075!4d6.5662985!16s%2Fm%2F03m4crg!19sChIJEVkF_FDNyUcR0_ep0GDghAs?authuser=0&hl=nl&rclk=1,Telefoon: 050 589 1888,Groningen
Soulfood Mama,,http://www.soulfoodmama.nl/,https://www.google.com/maps/place/Soulfood+Mama/data=!4m7!3m6!1s0x47c9cdd4e4aefc8f:0x4c5ff7823ae91786!8m2!3d53.2165898!4d6.5731499!16s%2Fg%2F11f61fh2ns!19sChIJj_yu5NTNyUcRhhfpOoL3X0w?authuser=0&hl=nl&rclk=1,Telefoon: 050 364 3498,Groningen
LABnul50,info@labnul50.nl,http://www.labnul50.nl/,https://www.google.com/maps/place/LABnul50/data=!4m10!3m9!1s0x47c9cd44988086e9:0x9b9211eb3b2cbf70!5m2!4m1!1i2!8m2!3d53.2258211!4d6.5623278!16s%2Fg%2F1tf7fxxy!19sChIJ6YaAmETNyUcRcL8sO-sRkps?authuser=0&hl=nl&rclk=1,Telefoon: 050 230 1637,Groningen
Restaurant Tekinev,info@tekinev.nl,http://www.tekinev.nl/,https://www.google.com/maps/place/Restaurant+Tekinev/data=!4m7!3m6!1s0x47c9cd512da4870b:0xb1092d0c8ed75693!8m2!3d53.2174637!4d6.568435!16s%2Fg%2F1v44d6q_!19sChIJC4ekLVHNyUcRk1bXjgwtCbE?authuser=0&hl=nl&rclk=1,Telefoon: 050 311 1230,Groningen
Las Sabrozas 🇻🇪,,,https://www.google.com/maps/place/Las+Sabrozas+%F0%9F%87%BB%F0%9F%87%AA/data=!4m7!3m6!1s0x47c9cd1dc75333f5:0x44e5e91a7a3eaedc!8m2!3d53.2174979!4d6.5696821!16s%2Fg%2F11l6wff1sp!19sChIJ9TNTxx3NyUcR3K4-ehrp5UQ?authuser=0&hl=nl&rclk=1,Telefoon: 06 15533132,Groningen
De Pastafabriek,info@depastafabriek.com,http://www.depastafabriek.com/,https://www.google.com/maps/place/De+Pastafabriek/data=!4m7!3m6!1s0x47c9cd51c96dec0f:0x1aaacd85fecb3e8!8m2!3d53.2177912!4d6.5634159!16s%2Fg%2F11b77v4mwq!19sChIJD-xtyVHNyUcR6LPsX9isqgE?authuser=0&hl=nl&rclk=1,Telefoon: 050 204 1681,Groningen
Mechoui,,http://www.mechoui.nl/,https://www.google.com/maps/place/Mechoui/data=!4m7!3m6!1s0x47c9cd517fc5950d:0x8fe9e487533540f3!8m2!3d53.2155629!4d6.564946!16s%2Fg%2F1tg_8qz4!19sChIJDZXFf1HNyUcR80A1U4fk6Y8?authuser=0&hl=nl&rclk=1,Telefoon: 050 318 4796,Groningen
Hap tot Sfeer BV,,https://www.haptotsfeer.nl/,https://www.google.com/maps/place/Hap+tot+Sfeer+BV/data=!4m7!3m6!1s0x81dc37257e51d24f:0x3a910231fbc91541!8m2!3d53.0759545!4d5.9555572!16s%2Fg%2F11ypjtm9ch!19sChIJT9JRfiU33IERQRXJ-zECkTo?authuser=0&hl=nl&rclk=1,,Groningen
Tafelheren,,,https://www.google.com/maps/place/Tafelheren/data=!4m7!3m6!1s0x47c9cd3239dd29e9:0xcdc46f793429a7cb!8m2!3d53.2169756!4d6.5355641!16s%2Fg%2F1thpw2fx!19sChIJ6SndOTLNyUcRy6cpNHlvxM0?authuser=0&hl=nl&rclk=1,Telefoon: 06 19805020,Groningen
"O42 interieur | design meubels, interieur- en ontwerpstudio Groningen",,https://www.o42interieur.nl/,"https://www.google.com/maps/place/O42+interieur+%7C+design+meubels,+interieur-+en+ontwerpstudio+Groningen/data=!4m7!3m6!1s0x47c9cd56c4d34429:0x507362ba41590af3!8m2!3d53.2183669!4d6.5905068!16s%2Fg%2F1tfcmlhz!19sChIJKUTTxFbNyUcR8wpZQbpic1A?authuser=0&hl=nl&rclk=1",Telefoon: 050 312 7112,Groningen
Dille & Kamille,klantenservice@dille-kamille.com,http://www.dille-kamille.nl/?utm_source=googlemybusiness&utm_medium=organic&utm_campaign=groningen,https://www.google.com/maps/place/Dille+%26+Kamille/data=!4m7!3m6!1s0x47c9cd51d4460129:0xa6a56fff86d900b8!8m2!3d53.218044!4d6.5622173!16s%2Fg%2F11c3kpq6yr!19sChIJKQFG1FHNyUcRuADZhv9vpaY?authuser=0&hl=nl&rclk=1,Telefoon: 050 313 4977,Groningen
Laberinto GastroTails,info@laberintogastrotails.nl,https://www.laberintogastrotails.nl/,https://www.google.com/maps/place/Laberinto+GastroTails/data=!4m7!3m6!1s0x47c9cd1e1ce45e3b:0xfef87149a1a4263f!8m2!3d53.2165018!4d6.5692168!16s%2Fg%2F11lzw2_nqn!19sChIJO17kHB7NyUcRPyakoUlx-P4?authuser=0&hl=nl&rclk=1,Telefoon: 06 57004788,Groningen
MAHALO,Info@mahalo.nu,http://www.mahalo.nu/,https://www.google.com/maps/place/MAHALO/data=!4m7!3m6!1s0x47c9cdb7a7237b49:0x8448e24bf0299197!8m2!3d53.2236139!4d6.5533739!16s%2Fg%2F11h18wxm6w!19sChIJSXsjp7fNyUcRl5Ep8EviSIQ?authuser=0&hl=nl&rclk=1,Telefoon: 050 750 4335,Groningen
Jaxon’s Groningen,,https://www.jaxonsgroningen.nl/,https://www.google.com/maps/place/Jaxon%E2%80%99s+Groningen/data=!4m7!3m6!1s0x47c9cdabd573c1b1:0xde763257468c5af0!8m2!3d53.2189768!4d6.5623327!16s%2Fg%2F11hyd8fcnb!19sChIJscFz1avNyUcR8FqMRlcydt4?authuser=0&hl=nl&rclk=1,Telefoon: 050 230 2480,Groningen
Paviljoen Sterrebos,info@paviljoensterrebos.nl,http://www.paviljoensterrebos.nl/,https://www.google.com/maps/place/Paviljoen+Sterrebos/data=!4m7!3m6!1s0x47c82d5397be0239:0x4c042d1bdf3bce16!8m2!3d53.2063523!4d6.5807046!16s%2Fg%2F1q62d1v27!19sChIJOQK-l1MtyEcRFs473xstBEw?authuser=0&hl=nl&rclk=1,Telefoon: 050 553 2505,Groningen
TOTT Groningen,info@tottgroningen.nl,http://www.tottgroningen.nl/,https://www.google.com/maps/place/TOTT+Groningen/data=!4m7!3m6!1s0x47c9cddd07febb9b:0xd0bdf66ed615ce0d!8m2!3d53.218729!4d6.5732707!16s%2Fg%2F11rgw1m7kd!19sChIJm7v-B93NyUcRDc4V1m72vdA?authuser=0&hl=nl&rclk=1,Telefoon: 050 211 1835,Groningen
"Pacific. Buzz, Beer & BBQ",info@pacific-groningen.nl,http://www.pacific-groningen.nl/,"https://www.google.com/maps/place/Pacific.+Buzz,+Beer+%26+BBQ/data=!4m7!3m6!1s0x47c9cd569460bb89:0x5d18165249a86e31!8m2!3d53.2162751!4d6.5704718!16s%2Fg%2F1tfkvklb!19sChIJibtglFbNyUcRMW6oSVIWGF0?authuser=0&hl=nl&rclk=1",Telefoon: 050 313 7633,Groningen
Steakhouse Bronco,info@steakhousebronco.nl,http://www.steakhousebronco.nl/,https://www.google.com/maps/place/Steakhouse+Bronco/data=!4m7!3m6!1s0x47c9cd50d0e43c5d:0x9a6046b3521146e0!8m2!3d53.2182331!4d6.5684779!16s%2Fg%2F1tj_4hk2!19sChIJXTzk0FDNyUcR4EYRUrNGYJo?authuser=0&hl=nl&rclk=1,Telefoon: 050 311 8866,Groningen
Kookwinkel Cookinglife - Hoofdkantoor & Magazijn,,https://cookinglife.nl/,https://www.google.com/maps/place/Kookwinkel+Cookinglife+-+Hoofdkantoor+%26+Magazijn/data=!4m7!3m6!1s0x47c9d2b450e6ece7:0x32efe85a4fe1fec!8m2!3d53.2005902!4d6.6013708!16s%2Fg%2F11fmtlpnwx!19sChIJ5-zmULTSyUcR7B_-pIX-LgM?authuser=0&hl=nl&rclk=1,Telefoon: 085 303 8900,Groningen
Homecookingchef.nl,info@homecookingchef.nl,http://www.homecookingchef.nl/,https://www.google.com/maps/place/Homecookingchef.nl/data=!4m7!3m6!1s0x47c8252cbec25ba1:0x4e3cb85993f9dc90!8m2!3d53.0271319!4d6.5870759!16s%2Fg%2F11qpf6dq3c!19sChIJoVvCviwlyEcRkNz5k1m4PE4?authuser=0&hl=nl&rclk=1,,Groningen
KURO by Konbu,INFO@KONBU.NL,https://kuro.konbu.nl/,https://www.google.com/maps/place/KURO+by+Konbu/data=!4m7!3m6!1s0x47c9cd389055f8a3:0x50ea66ceb65ce902!8m2!3d53.2179475!4d6.5690041!16s%2Fg%2F11wj5mdmy9!19sChIJo_hVkDjNyUcRAulcts5m6lA?authuser=0&hl=nl&rclk=1,Telefoon: 050 204 1451,Groningen
Steakhouse André Dokter,,http://www.steakhouseandredokter.nl/,https://www.google.com/maps/place/Steakhouse+Andr%C3%A9+Dokter/data=!4m7!3m6!1s0x47c9caea8a749f2d:0xdf6e828ddf4701f4!8m2!3d53.242347!4d6.388463!16s%2Fg%2F1q5bm_m36!19sChIJLZ90iurKyUcR9AFH342Cbt8?authuser=0&hl=nl&rclk=1,Telefoon: 0594 504 289,Groningen
Dinercafé De Markies,info@markiesgroningen.nl,http://www.markiesgroningen.nl/,https://www.google.com/maps/place/Dinercaf%C3%A9+De+Markies/data=!4m7!3m6!1s0x47c9cde0a04b8c59:0x4c62cff51ba6a859!8m2!3d53.2218831!4d6.5509152!16s%2Fg%2F11qf_hzjdp!19sChIJWYxLoODNyUcRWaimG_XPYkw?authuser=0&hl=nl&rclk=1,Telefoon: 050 318 0275,Groningen
Tantunio,info@tantunio.nl,https://tantunio.nl/,https://www.google.com/maps/place/Tantunio/data=!4m7!3m6!1s0x47c9cd09f317548d:0x97a22200abad983a!8m2!3d53.2166426!4d6.5727096!16s%2Fg%2F11zj0h_lnb!19sChIJjVQX8wnNyUcROpitqwAiopc?authuser=0&hl=nl&rclk=1,Telefoon: 06 44849484,Groningen
Wereldburgers,info@wereldburgersgroningen.nl%20,http://www.wereldburgersgroningen.nl/,https://www.google.com/maps/place/Wereldburgers/data=!4m7!3m6!1s0x47c9cd51e0363dd3:0x5e688b4c29d509cf!8m2!3d53.2168347!4d6.561958!16s%2Fg%2F1ptvvbtnt!19sChIJ0z024FHNyUcRzwnVKUyLaF4?authuser=0&hl=nl&rclk=1,Telefoon: 050 850 3194,Groningen
Søstrene Grene,kontakt@sostrenegrene.com,https://sostrenegrene.com/nl/winkel/grote-markt-groningen-s-3000?utm_campaign=gbpg&utm_source=googlebusiness&utm_medium=google,https://www.google.com/maps/place/S%C3%B8strene+Grene/data=!4m7!3m6!1s0x47c9cd50df124ad7:0xdc1ca32fb8281307!8m2!3d53.2180674!4d6.5675445!16s%2Fg%2F11bc7r7850!19sChIJ10oS31DNyUcRBxMouC-jHNw?authuser=0&hl=nl&rclk=1,,Groningen
Wadapartja Westerhaven,info@wadapartja.nl,http://www.wadapartja.nl/,https://www.google.com/maps/place/Wadapartja+Westerhaven/data=!4m7!3m6!1s0x47c9cdb63f2cd9f5:0xaa9da155d2ac229e!8m2!3d53.2151417!4d6.5589709!16s%2Fg%2F11h1l16bq2!19sChIJ9dksP7bNyUcRniKs0lWhnao?authuser=0&hl=nl&rclk=1,Telefoon: 06 18820628,Groningen
DIRTY JACK,info@mydirtyjack.com,http://www.mydirtyjack.com/,https://www.google.com/maps/place/DIRTY+JACK/data=!4m7!3m6!1s0x658e0e49b1761fbb:0x3c18f0d9e3e284!8m2!3d52.1909763!4d5.2795551!16s%2Fg%2F11tfk9s4k7!19sChIJux92sUkOjmURhOLj2fAYPAA?authuser=0&hl=nl&rclk=1,,Groningen
Bistro Heerlijk,info@bistroheerlijk.nl,http://www.bistroheerlijk.nl/,https://www.google.com/maps/place/Bistro+Heerlijk/data=!4m7!3m6!1s0x47c82d0f0223a71f:0x76b63a194639a518!8m2!3d53.1722916!4d6.6038018!16s%2Fg%2F11c72mjbc0!19sChIJH6cjAg8tyEcRGKU5Rhk6tnY?authuser=0&hl=nl&rclk=1,Telefoon: 050 537 0346,Groningen
Eetbar Luke,info@eetbar-luke.nl,http://eetbar-luke.nl/,https://www.google.com/maps/place/Eetbar+Luke/data=!4m7!3m6!1s0x47c9cd57a1e2f603:0x8738ca9c9bef57ae!8m2!3d53.2170436!4d6.5683985!16s%2Fg%2F11ylwv6f7n!19sChIJA_bioVfNyUcRrlfvm5zKOIc?authuser=0&hl=nl&rclk=1,Telefoon: 050 204 1939,Groningen
The Mix,info@spotgroningen.nl,https://www.spotgroningen.nl/eten-en-drinken/the-mix/,https://www.google.com/maps/place/The+Mix/data=!4m7!3m6!1s0x47c9d372997b75a9:0x3c0bcdea1ece62fb!8m2!3d53.2142041!4d6.5755214!16s%2Fg%2F11rhq27547!19sChIJqXV7mXLTyUcR-2LOHurNCzw?authuser=0&hl=nl&rclk=1,,Groningen
Brasserie Prinsenhof,,https://prinsenhof.nl/nl/restaurants/brasserie/,https://www.google.com/maps/place/Brasserie+Prinsenhof/data=!4m7!3m6!1s0x47c9cdebdb5de437:0x27931600f7eb6b0c!8m2!3d53.2209054!4d6.5690646!16s%2Fg%2F11fnqk813b!19sChIJN-Rd2-vNyUcRDGvr9wAWkyc?authuser=0&hl=nl&rclk=1,Telefoon: 050 317 6550,Groningen
Lokanta Persica,,,https://www.google.com/maps/place/Lokanta+Persica/data=!4m7!3m6!1s0x47c9cd53c3280db9:0x8f0ca23eb292d187!8m2!3d53.2147222!4d6.5636111!16s%2Fg%2F11c0xf8qdn!19sChIJuQ0ow1PNyUcRh9GSsj6iDI8?authuser=0&hl=nl&rclk=1,Telefoon: 06 48246497,Groningen
Herberg Onder de Linden,info@herbergonderdelinden.com,https://www.herbergonderdelinden.com/,https://www.google.com/maps/place/Herberg+Onder+de+Linden/data=!4m10!3m9!1s0x47c9cb77e8e638eb:0xa39c6622e65b0a98!5m2!4m1!1i2!8m2!3d53.258348!4d6.457558!16s%2Fm%2F0j65jx0!19sChIJ6zjm6HfLyUcRmApb5iJmnKM?authuser=0&hl=nl&rclk=1,Telefoon: 050 204 1235,Groningen
Cho Fah eathai,info@chofah.nl,http://www.chofah.nl/,https://www.google.com/maps/place/Cho+Fah+eathai/data=!4m7!3m6!1s0x47c9cd51266f71f1:0x6299a0fe2db15f72!8m2!3d53.2177932!4d6.5679817!16s%2Fg%2F1pv08qz2m!19sChIJ8XFvJlHNyUcRcl-xLf6gmWI?authuser=0&hl=nl&rclk=1,Telefoon: 050 280 0050,Groningen
Pulcinos,contact@pulcinos.nl,http://www.pulcinos.nl/,https://www.google.com/maps/place/Pulcinos/data=!4m7!3m6!1s0x47c6be35cb510001:0xbb61d3fb2c2b00d9!8m2!3d51.5527074!4d5.0948834!16s%2Fg%2F11hzn4m6v_!19sChIJAQBRyzW-xkcR2QArLPvTYbs?authuser=0&hl=nl&rclk=1,Telefoon: 013 591 4906,Tilburg
Maykemeal,,http://www.instagram.com/maykemeal,https://www.google.com/maps/place/Maykemeal/data=!4m7!3m6!1s0x2c5dad4a7e5058a9:0x4104c8e0b490f9ae!8m2!3d52.1909763!4d5.2795551!16s%2Fg%2F11x1vzdm2h!19sChIJqVhQfkqtXSwRrvmQtODIBEE?authuser=0&hl=nl&rclk=1,Telefoon: 06 21712437,Tilburg
44Flavours,info@44flavours.nl,https://44flavours.nl/,https://www.google.com/maps/place/44Flavours/data=!4m7!3m6!1s0x87e70eb69d2de195:0xf153dee5d0daded6!8m2!3d52.1909763!4d5.2795551!16s%2Fg%2F11yw033q9c!19sChIJleEtnbYO54cR1t7a0OXeU_E?authuser=0&hl=nl&rclk=1,Telefoon: 06 50121595,Tilburg
Rosalie Tilburg,info@rosalie-tilburg.nl,http://www.rosalie-tilburg.nl/,https://www.google.com/maps/place/Rosalie+Tilburg/data=!4m7!3m6!1s0x47c6bf82185d22c9:0x35b1bf25ff6ea282!8m2!3d51.5573965!4d5.0926414!16s%2Fg%2F11qgf4srj1!19sChIJySJdGIK_xkcRgqJu_yW_sTU?authuser=0&hl=nl&rclk=1,Telefoon: 013 822 8847,Tilburg
Herbs&Spices - Gezonde catering en maaltijdboxen,,http://herbsandspices.nl/,https://www.google.com/maps/place/Herbs%26Spices+-+Gezonde+catering+en+maaltijdboxen/data=!4m7!3m6!1s0x47c6bb6ec5cdfe39:0xfbf585a3215c25dc!8m2!3d51.4775364!4d4.9573704!16s%2Fg%2F11c6fbf40k!19sChIJOf7NxW67xkcR3CVcIaOF9fs?authuser=0&hl=nl&rclk=1,Telefoon: 06 48896789,Tilburg
Restaurant Monarh,info@Monarh.nl,http://www.monarh.nl/,https://www.google.com/maps/place/Restaurant+Monarh/data=!4m7!3m6!1s0x47c6be3f2af62377:0x60a05f3f985796d3!8m2!3d51.5555084!4d5.0698954!16s%2Fg%2F11b6ggqcfr!19sChIJdyP2Kj--xkcR05ZXmD9foGA?authuser=0&hl=nl&rclk=1,Telefoon: 013 536 5805,Tilburg
Auberge du Bonheur,auberge@bonheurhorecagroep.nl,https://www.bonheurhorecagroep.nl/auberge-du-bonheur,https://www.google.com/maps/place/Auberge+du+Bonheur/data=!4m10!3m9!1s0x47c6bde17789a0af:0x600cd54be6303120!5m2!4m1!1i2!8m2!3d51.5595175!4d5.0358578!16s%2Fg%2F1tjcnnyf!19sChIJr6CJd-G9xkcRIDEw5kvVDGA?authuser=0&hl=nl&rclk=1,Telefoon: 013 468 6942,Tilburg
Lekker gewoon uit Loon,info@lekkergewoonuitloon.nl,http://www.lekkergewoonuitloon.nl/,https://www.google.com/maps/place/Lekker+gewoon+uit+Loon/data=!4m7!3m6!1s0x47c6955f8ae5fa95:0xaf2b72e362f4fd62!8m2!3d51.6313751!4d5.0712312!16s%2Fg%2F11k4xgq1th!19sChIJlfrlil-VxkcRYv30YuNyK68?authuser=0&hl=nl&rclk=1,Telefoon: 06 26582794,Tilburg
Baxel catering,baxelcatering@gmail.com,http://www.baxelcatering.nl/,https://www.google.com/maps/place/Baxel+catering/data=!4m7!3m6!1s0x47c697b7450b1b43:0x45730a1834d0942d!8m2!3d51.5770502!4d5.0152151!16s%2Fg%2F11rvhb63q_!19sChIJQxsLRbeXxkcRLZTQNBgKc0U?authuser=0&hl=nl&rclk=1,Telefoon: 06 28622096,Tilburg
Kookstudio Arnhem 🇮🇹 - Kookers Arnhem: Evenementen | Diners | BBQ's | Catering | Kookworkshops ook op locatie,info@kookevenementen.nl,https://www.kookers.nl/kookstudio-arnhem/,https://www.google.com/maps/place/Kookstudio+Arnhem+%F0%9F%87%AE%F0%9F%87%B9+-+Kookers+Arnhem:+Evenementen+%7C+Diners+%7C+BBQ%27s+%7C+Catering+%7C+Kookworkshops+ook+op+locatie/data=!4m7!3m6!1s0x47c7a5cac2f95671:0x86d6aabbfe457598!8m2!3d51.9813336!4d5.9094868!16s%2Fg%2F11lv8dv68h!19sChIJcVb5wsqlx0cRmHVF_ruq1oY?authuser=0&hl=nl&rclk=1,Telefoon: 088 566 5377,Tilburg
BakFFiets,info@bakffiets.nl,https://bakffiets.nl/,https://www.google.com/maps/place/BakFFiets/data=!4m7!3m6!1s0x6020b27fb9862193:0xa77858f356ab14c3!8m2!3d51.5736358!4d5.0386894!16s%2Fg%2F11vf0rnmks!19sChIJkyGGuX-yIGARwxSrVvNYeKc?authuser=0&hl=nl&rclk=1,Telefoon: 06 83696254,Tilburg
Kookworkshop Tilburg,info@thetasteofwork.nl,http://www.kookworkshoptilburg.nl/,https://www.google.com/maps/place/Kookworkshop+Tilburg/data=!4m7!3m6!1s0x47c6bff31c629e67:0x11904c0bb901c048!8m2!3d51.5511184!4d5.0460389!16s%2Fg%2F11qp228xng!19sChIJZ55iHPO_xkcRSMABuQtMkBE?authuser=0&hl=nl&rclk=1,Telefoon: 06 45678265,Tilburg
De Harmonie,info@deharmonietilburg.nl,https://deharmonietilburg.nl/,https://www.google.com/maps/place/De+Harmonie/data=!4m7!3m6!1s0x47c6bfbb89d8ec0f:0x6e240598bb88c82e!8m2!3d51.5584135!4d5.0824579!16s%2Fg%2F11p10v6k80!19sChIJD-zYibu_xkcRLsiIu5gFJG4?authuser=0&hl=nl&rclk=1,Telefoon: 013 542 5843,Tilburg
Dimitri Culinair,,https://www.dimitriculinair.nl/,https://www.google.com/maps/place/Dimitri+Culinair/data=!4m7!3m6!1s0xa06ca1d0b74a46ab:0x4c70570b64924f36!8m2!3d52.1909763!4d5.2795551!16s%2Fg%2F11kqmw44xn!19sChIJq0ZKt9ChbKARNk-SZAtXcEw?authuser=0&hl=nl&rclk=1,Telefoon: 06 54347116,Tilburg
VanVinn Culinair,info@vanvinnculinair.com,http://www.vanvinnculinair.com/,https://www.google.com/maps/place/VanVinn+Culinair/data=!4m7!3m6!1s0x2d816463d02f78bd:0x649e247c1211f8e8!8m2!3d52.3367327!4d5.6668613!16s%2Fg%2F11k9qkc_6z!19sChIJvXgv0GNkgS0R6PgREnwknmQ?authuser=0&hl=nl&rclk=1,Telefoon: 06 26513806,Tilburg
Huissommelier,info@huissommelier.nl,https://huissommelier.nl/,https://www.google.com/maps/place/Huissommelier/data=!4m7!3m6!1s0x47c69f97c07eaf17:0xdfcb15f5e8cef8c6!8m2!3d51.572063!4d4.756371!16s%2Fg%2F11m9wycd9m!19sChIJF69-wJefxkcRxvjO6PUVy98?authuser=0&hl=nl&rclk=1,Telefoon: 06 55627935,Tilburg
Restaurant Hermitage | De Rooi Pannen Tilburg,info.hotel.tilburg@derooipannen.nl,https://gastvrijderooipannentilburg.nl/restaurant-hermitage,https://www.google.com/maps/place/Restaurant+Hermitage+%7C+De+Rooi+Pannen+Tilburg/data=!4m7!3m6!1s0x47c6bf34ec243f3f:0x8a15c8ed845f0d02!8m2!3d51.5699015!4d5.0639197!16s%2Fg%2F11jb8mjzp7!19sChIJPz8k7DS_xkcRAg1fhO3IFYo?authuser=0&hl=nl&rclk=1,Telefoon: 013 500 2280,Tilburg
Sogno Catering,info@sognocatering.nl,https://www.sognocatering.nl/,https://www.google.com/maps/place/Sogno+Catering/data=!4m7!3m6!1s0x47c69601dd6720f5:0x4ccf7137563ef7a5!8m2!3d51.5761073!4d5.0368994!16s%2Fg%2F1tcv5jgw!19sChIJ9SBn3QGWxkcRpfc-Vjdxz0w?authuser=0&hl=nl&rclk=1,Telefoon: 013 542 3736,Tilburg
De Groene Chef,info@degroenechef.nl,http://www.degroenechef.nl/,https://www.google.com/maps/place/De+Groene+Chef/data=!4m7!3m6!1s0x47c6be3b060c7153:0xc2583d1be5f2df84!8m2!3d51.5423692!4d5.079128!16s%2Fg%2F11h_0vhl3z!19sChIJU3EMBju-xkcRhN_y5Rs9WMI?authuser=0&hl=nl&rclk=1,Telefoon: 06 31741019,Tilburg
Villa Vredelust,info@villa-vredelust.nl,http://www.villa-vredelust.nl/,https://www.google.com/maps/place/Villa+Vredelust/data=!4m7!3m6!1s0x47c6bda6b89bead3:0x44eb0770b0feb86c!8m2!3d51.5599138!4d5.0177582!16s%2Fg%2F11m82grsf2!19sChIJ0-qbuKa9xkcRbLj-sHAH60Q?authuser=0&hl=nl&rclk=1,Telefoon: 013 208 6969,Tilburg
Firebowl Cooking,info@firebowl.nl,http://www.firebowl.nl/,https://www.google.com/maps/place/Firebowl+Cooking/data=!4m7!3m6!1s0x47c6c14d17256f33:0xdefc4e1ef5ad1fc0!8m2!3d51.9508835!4d4.8070733!16s%2Fg%2F11q_0xfcq_!19sChIJM28lF03BxkcRwB-t9R5O_N4?authuser=0&hl=nl&rclk=1,Telefoon: 06 42946043,Tilburg
Sommelier's Favourites,info@sommeliersfavourites.nl,https://www.sommeliersfavourites.nl/,https://www.google.com/maps/place/Sommelier%27s+Favourites/data=!4m7!3m6!1s0xa14910e79f990f97:0x1ae9787f5662dea6!8m2!3d51.6361889!4d5.0822162!16s%2Fg%2F11sj8tj7qm!19sChIJlw-Zn-cQSaERpt5iVn946Ro?authuser=0&hl=nl&rclk=1,Telefoon: 06 50452189,Tilburg
Restaurant Sjef's Table,,https://mymenuweb.com/nl/restaurants/817123/?utm_source=google_profile&utm_medium=google_profile&utm_campaign=admin,https://www.google.com/maps/place/Restaurant+Sjef%27s+Table/data=!4m7!3m6!1s0x47c699b04d1d72f9:0x764f62f4aad76ef4!8m2!3d51.5895372!4d4.9123596!16s%2Fg%2F11fvwkj3g0!19sChIJ-XIdTbCZxkcR9G7XqvRiT3Y?authuser=0&hl=nl&rclk=1,Telefoon: 0161 250 021,Tilburg
Passion Cuisine,,http://passioncuisine.nl/,https://www.google.com/maps/place/Passion+Cuisine/data=!4m7!3m6!1s0x47c6ea3af1307451:0x3745f0cd5c9b3e13!8m2!3d51.6012135!4d5.2268626!16s%2Fg%2F1v75r3lc!19sChIJUXQw8TrqxkcREz6bXM3wRTc?authuser=0&hl=nl&rclk=1,Telefoon: 0411 608 656,Tilburg
Nomadas Tilburg,info@nomadas-gastrobar.nl,https://nomadas-gastrobar.nl/,https://www.google.com/maps/place/Nomadas+Tilburg/data=!4m7!3m6!1s0x47c6bf4ee78db291:0x755731842e5ac84d!8m2!3d51.5576926!4d5.0557311!16s%2Fg%2F11v4lxwmxz!19sChIJkbKN506_xkcRTchaLoQxV3U?authuser=0&hl=nl&rclk=1,Telefoon: 06 41943397,Tilburg
Piushaven culinair,info@piushavenculinair.nl,http://www.piushavenculinair.nl/,https://www.google.com/maps/place/Piushaven+culinair/data=!4m7!3m6!1s0x47c6bfdb940be347:0xdded200e800b79d0!8m2!3d51.5522601!4d5.0954108!16s%2Fg%2F11q3czt1tp!19sChIJR-MLlNu_xkcR0HkLgA4g7d0?authuser=0&hl=nl&rclk=1,Telefoon: 06 11387110,Tilburg
44Flavours,info@44flavours.nl,https://44flavours.nl/,https://www.google.com/maps/place/44Flavours/data=!4m7!3m6!1s0x46e7f282438a4cd7:0xc8071cfa66b61b11!8m2!3d52.1909763!4d5.2795551!16s%2Fg%2F11yw03xhdt!19sChIJ10yKQ4Ly50YRERu2ZvocB8g?authuser=0&hl=nl&rclk=1,Telefoon: 06 50121595,Tilburg
Hapjes deluxe catering,info@ac-hapjes-deluxe.nl,https://www.ac-hapjes-deluxe.nl/,https://www.google.com/maps/place/Hapjes+deluxe+catering/data=!4m7!3m6!1s0x47c6962b2604710d:0x93a851782ac89184!8m2!3d51.5804322!4d4.9914542!16s%2Fg%2F1hc0r745p!19sChIJDXEEJiuWxkcRhJHIKnhRqJM?authuser=0&hl=nl&rclk=1,Telefoon: 013 571 4094,Tilburg
Villa la Vida,info@villa-la-vida.nl,http://www.villa-la-vida.nl/,https://www.google.com/maps/place/Villa+la+Vida/data=!4m10!3m9!1s0x47c6bfc7b595afbd:0xe0e824d6163f3113!5m2!4m1!1i2!8m2!3d51.5539882!4d5.104382!16s%2Fg%2F1pt_fdy3b!19sChIJva-Vtce_xkcREzE_FtYk6OA?authuser=0&hl=nl&rclk=1,Telefoon: 013 211 9040,Tilburg
"Chefztable, een heerlijk diner bij u thuis bereid door onze kok.",info@chefztable.nl,http://chefztable.nl/,"https://www.google.com/maps/place/Chefztable,+een+heerlijk+diner+bij+u+thuis+bereid+door+onze+kok./data=!4m7!3m6!1s0x47c697e9c85c658b:0x73924cf2f18f523a!8m2!3d51.5804487!4d4.9913372!16s%2Fg%2F11hzynnrwk!19sChIJi2VcyOmXxkcROlKP8fJMknM?authuser=0&hl=nl&rclk=1",Telefoon: 013 571 4094,Tilburg
Allround Catering,info@allroundcateringtilburg.nl,https://www.allroundcateringtilburg.nl/,https://www.google.com/maps/place/Allround+Catering/data=!4m7!3m6!1s0x8d3206d65aa317b5:0x43e33feee1173d6c!8m2!3d51.566036!4d5.0952239!16s%2Fg%2F11sf6g19wc!19sChIJtRejWtYGMo0RbD0X4e4_40M?authuser=0&hl=nl&rclk=1,Telefoon: 06 36432034,Tilburg
Creations Catering,info@creations-catering.nl,http://www.creations-catering.nl/,https://www.google.com/maps/place/Creations+Catering/data=!4m7!3m6!1s0x47c6958e04241775:0x53b852cffd47e5e!8m2!3d51.586258!4d5.1038359!16s%2Fg%2F1ptx_01_b!19sChIJdRckBI6VxkcRXn7U_yyFOwU?authuser=0&hl=nl&rclk=1,Telefoon: 06 37005169,Tilburg
De Groene Chef,info@degroenechef.nl,http://www.degroenechef.nl/,https://www.google.com/maps/place/De+Groene+Chef/data=!4m7!3m6!1s0x47c6bf31f19cc849:0x2413dcd9a5723468!8m2!3d52.1909763!4d5.2795551!16s%2Fg%2F11gh0jkf50!19sChIJScic8TG_xkcRaDRypdncEyQ?authuser=0&hl=nl&rclk=1,Telefoon: 06 31741019,Tilburg
Cookaholics,,http://www.cookaholics.nl/,https://www.google.com/maps/place/Cookaholics/data=!4m7!3m6!1s0x47c693b893024a25:0x99fa1278a02e1acb!8m2!3d51.6862949!4d5.0880064!16s%2Fg%2F11c542c9y1!19sChIJJUoCk7iTxkcRyxouoHgS-pk?authuser=0&hl=nl&rclk=1,Telefoon: 085 273 6709,Tilburg
Josjes Culinair Catering,info@josjesculinair.nl,https://www.josjesculinair.nl/,https://www.google.com/maps/place/Josjes+Culinair+Catering/data=!4m7!3m6!1s0x47c6bf293bc7add5:0x350b8a719524902d!8m2!3d51.5655467!4d5.0688594!16s%2Fg%2F11h0b55xf7!19sChIJ1a3HOym_xkcRLZAklXGKCzU?authuser=0&hl=nl&rclk=1,Telefoon: 06 45358600,Tilburg
Kookstudio Cookallure [Koeke'loere],info@cookallure.nl,http://cookallure.nl/,https://www.google.com/maps/place/Kookstudio+Cookallure+%5BKoeke%27loere%5D/data=!4m7!3m6!1s0x47c6bfc868e1640d:0x62df616f41540d06!8m2!3d51.5527782!4d5.0947971!16s%2Fg%2F1q64snwc4!19sChIJDWThaMi_xkcRBg1UQW9h32I?authuser=0&hl=nl&rclk=1,Telefoon: 06 14433660,Tilburg
De Gastro Bunker,feral.bbq.catering@gmail.com,https://www.feralcatering.com/,https://www.google.com/maps/place/De+Gastro+Bunker/data=!4m7!3m6!1s0x47c6bf426a29e383:0x70316397b3cb6cce!8m2!3d51.5686074!4d5.1110804!16s%2Fg%2F11v3plj932!19sChIJg-MpakK_xkcRzmzLs5djMXA?authuser=0&hl=nl&rclk=1,Telefoon: 06 24996937,Tilburg
Houten Bakkes Borrelplanken,info@houtenbakkes.nl,https://houtenbakkes.nl/,https://www.google.com/maps/place/Houten+Bakkes+Borrelplanken/data=!4m7!3m6!1s0x46a833f7af5962fd:0x304288b9510c8471!8m2!3d52.1909763!4d5.2795551!16s%2Fg%2F11s4_76phw!19sChIJ_WJZr_czqEYRcYQMUbmIQjA?authuser=0&hl=nl&rclk=1,Telefoon: 06 45356829,Tilburg
Silk Road Tilburg,Tilburg@silkroad.nl,http://www.silkroad.nl/,https://www.google.com/maps/place/Silk+Road+Tilburg/data=!4m7!3m6!1s0x47c6bfe3b3269dbf:0x95ebfe259e5325ed!8m2!3d51.5581711!4d5.0907673!16s%2Fg%2F11kf4h0hc4!19sChIJv50ms-O_xkcR7SVTniX-65U?authuser=0&hl=nl&rclk=1,Telefoon: 013 303 5084,Tilburg
L'Orangerie,info@lorangerietilburg.nl,http://www.lorangerietilburg.nl/,https://www.google.com/maps/place/L%27Orangerie/data=!4m7!3m6!1s0x47c6bfcb5f3fbe0b:0xb7fb48fcb30b9d94!8m2!3d51.5571319!4d5.0916126!16s%2Fg%2F1tjl53ps!19sChIJC74_X8u_xkcRlJ0Ls_xI-7c?authuser=0&hl=nl&rclk=1,Telefoon: 013 543 1132,Tilburg
44Flavours,info@44flavours.nl,https://44flavours.nl/,https://www.google.com/maps/place/44Flavours/data=!4m7!3m6!1s0x848ffa54b07f0b01:0xb335b382e437188c!8m2!3d51.5258283!4d5.1191224!16s%2Fg%2F11yz8mjxzy!19sChIJAQt_sFT6j4QRjBg35IKzNbM?authuser=0&hl=nl&rclk=1,Telefoon: 06 50121595,Tilburg
Restaurant De Houtloods,reserveren@houtloods.com,https://www.houtloods.com/,https://www.google.com/maps/place/Restaurant+De+Houtloods/data=!4m7!3m6!1s0x47c6be303f65f865:0x490342e7f0f897a5!8m2!3d51.5620804!4d5.0812774!16s%2Fg%2F11btv64jvk!19sChIJZfhlPzC-xkcRpZf48OdCA0k?authuser=0&hl=nl&rclk=1,Telefoon: 013 850 9200,Tilburg
"Kok Verhoeven Brasserij & Restaurant, Tilburg",info@kokverhoeven.nl,http://www.kokverhoeven.nl/,"https://www.google.com/maps/place/Kok+Verhoeven+Brasserij+%26+Restaurant,+Tilburg/data=!4m7!3m6!1s0x47c6bfcd156dbebb:0x2dcc15aaa1865a69!8m2!3d51.5612262!4d5.0926428!16s%2Fg%2F1tf01pnf!19sChIJu75tFc2_xkcRaVqGoaoVzC0?authuser=0&hl=nl&rclk=1",Telefoon: 013 545 1088,Tilburg
Eetbar De Wagon,reserveren@eetbardewagon.com,http://eetbardewagon.com/,https://www.google.com/maps/place/Eetbar+De+Wagon/data=!4m7!3m6!1s0x47c6be31c66d6e1d:0x8c55a0bb23fe0aa!8m2!3d51.562234!4d5.0825519!16s%2Fg%2F11df5plgfz!19sChIJHW5txjG-xkcRquA_sgtaxQg?authuser=0&hl=nl&rclk=1,Telefoon: 013 203 5051,Tilburg
The Wasted Chef,,,https://www.google.com/maps/place/The+Wasted+Chef/data=!4m7!3m6!1s0x47c6bf5bed914811:0xb6bcddacec0647e6!8m2!3d51.5736358!4d5.0386894!16s%2Fg%2F11fpqt5r4n!19sChIJEUiR7Vu_xkcR5kcG7KzdvLY?authuser=0&hl=nl&rclk=1,Telefoon: 06 16428081,Tilburg
El Blanco Food,,,https://www.google.com/maps/place/El+Blanco+Food/data=!4m7!3m6!1s0x7f3ddafec082d87:0xe160cdd8f853f2cf!8m2!3d52.1909763!4d5.2795551!16s%2Fg%2F11twfxt1v2!19sChIJhy0I7K_d8wcRz_JT-NjNYOE?authuser=0&hl=nl&rclk=1,Telefoon: 06 39634438,Tilburg
Hofstede de Blaak,,http://www.hofstededeblaak.nl/,https://www.google.com/maps/place/Hofstede+de+Blaak/data=!4m7!3m6!1s0x47c6be73e50556eb:0x29174c9b17d9d907!8m2!3d51.5493832!4d5.0443072!16s%2Fg%2F1v41zpb_!19sChIJ61YF5XO-xkcRB9nZF5tMFyk?authuser=0&hl=nl&rclk=1,Telefoon: 013 463 8899,Tilburg
L’elegance a la Maison,info@lelegancealamaison.nl,https://www.lelegancealamaison.nl/,https://www.google.com/maps/place/L%E2%80%99elegance+a+la+Maison/data=!4m7!3m6!1s0x6ec5f68f6c614aad:0x3495462afb9a6ce1!8m2!3d51.5258283!4d5.1191224!16s%2Fg%2F11ww8r95j6!19sChIJrUphbI_2xW4R4Wya-ypGlTQ?authuser=0&hl=nl&rclk=1,Telefoon: 06 41975113,Tilburg
De Burgerij,,http://www.deburgerij.nl/,https://www.google.com/maps/place/De+Burgerij/data=!4m10!3m9!1s0x47c6be30d7a7e787:0xb7353d8fc5cee7de!5m2!4m1!1i2!8m2!3d51.5584101!4d5.0804024!16s%2Fg%2F12hksv3hy!19sChIJh-en1zC-xkcR3ufOxY89Nbc?authuser=0&hl=nl&rclk=1,Telefoon: 013 822 0989,Tilburg
CateringforfoodNL,,,https://www.google.com/maps/place/CateringforfoodNL/data=!4m7!3m6!1s0x2ef0ee5532cce361:0x2c3eaf01361fce78!8m2!3d52.1909763!4d5.2795551!16s%2Fg%2F11x1lp49td!19sChIJYePMMlXu8C4ReM4fNgGvPiw?authuser=0&hl=nl&rclk=1,Telefoon: 06 19447856,Tilburg
Pijske Cocktails & Catering,marco@pijske.nl,http://www.pijske.nl/,https://www.google.com/maps/place/Pijske+Cocktails+%26+Catering/data=!4m7!3m6!1s0x47c6d98ee8b84dd1:0x5d7908d64cddd7fe!8m2!3d51.5445499!4d5.6392978!16s%2Fg%2F1ydpjtg49!19sChIJ0U246I7ZxkcR_tfdTNYIeV0?authuser=0&hl=nl&rclk=1,Telefoon: 06 15903102,Tilburg
Sarban Tilburg,,http://www.sarban.nl/,https://www.google.com/maps/place/Sarban+Tilburg/data=!4m7!3m6!1s0x47c6be2c632264bd:0x665fea818a10c178!8m2!3d51.5671246!4d5.0887332!16s%2Fg%2F1v7pxpss!19sChIJvWQiYyy-xkcReMEQioHqX2Y?authuser=0&hl=nl&rclk=1,Telefoon: 013 535 3567,Tilburg
Catering for food,,https://www.cateringforfood.com/,https://www.google.com/maps/place/Catering+for+food/data=!4m7!3m6!1s0x47c6bf6859ca5f63:0x9807e7b43505c678!8m2!3d51.5695773!4d5.1878481!16s%2Fg%2F11t7l82p8c!19sChIJY1_KWWi_xkcReMYFNbTnB5g?authuser=0&hl=nl&rclk=1,,Tilburg
Kostelijk Eten & Drinken,info@kostelijketenendrinken.nl,https://www.kostelijketenendrinken.nl/,https://www.google.com/maps/place/Kostelijk+Eten+%26+Drinken/data=!4m7!3m6!1s0x47c6bfed2b9bda7b:0x6f588ec584da8da8!8m2!3d51.5199283!4d5.0719273!16s%2Fg%2F11trgzvy5l!19sChIJe9qbK-2_xkcRqI3ahMWOWG8?authuser=0&hl=nl&rclk=1,Telefoon: 013 302 6181,Tilburg
Hapjes deluxe catering,info@ac-hapjes-deluxe.nl,https://www.ac-hapjes-deluxe.nl/,https://www.google.com/maps/place/Hapjes+deluxe+catering/data=!4m7!3m6!1s0x47c6962b2604710d:0x93a851782ac89184!8m2!3d51.580432!4d4.991454!16s%2Fg%2F1hc0r745p!19sChIJDXEEJiuWxkcRhJHIKnhRqJM?authuser=0&hl=nl&rclk=1,Telefoon: 013 571 4094,Tilburg
IKookvoorjou,,https://thuisgekookt.sumupstore.com/,https://www.google.com/maps/place/IKookvoorjou/data=!4m7!3m6!1s0x47c6d9b605ace1ef:0x8190834876696d2c!8m2!3d51.5684027!4d5.0464335!16s%2Fg%2F11qgvdzctf!19sChIJ7-GsBbbZxkcRLG1pdkiDkIE?authuser=0&hl=nl&rclk=1,Telefoon: 06 47529556,Tilburg
Trucki,,https://www.trucki.nl/,https://www.google.com/maps/place/Trucki/data=!4m7!3m6!1s0x47c695be9a928e31:0xde9988c8211f5f29!8m2!3d51.590509!4d5.0795149!16s%2Fg%2F11vt05gsy2!19sChIJMY6Smr6VxkcRKV8fIciImd4?authuser=0&hl=nl&rclk=1,Telefoon: 06 87849441,Tilburg
Atelier Jacobus,info@gastrovino-jacobus.nl,http://www.gastrovino-jacobus.nl/,https://www.google.com/maps/place/Atelier+Jacobus/data=!4m7!3m6!1s0x47c6bf4233a79fbd:0x6b3edd2d72b4161c!8m2!3d51.5528045!4d5.0968567!16s%2Fg%2F11s038fj0k!19sChIJvZ-nM0K_xkcRHBa0ci3dPms?authuser=0&hl=nl&rclk=1,Telefoon: 06 23952821,Tilburg
Gember & Sereh,gemberensereh@gmail.com,http://www.gemberensereh.nl/,https://www.google.com/maps/place/Gember+%26+Sereh/data=!4m7!3m6!1s0x47c6bfcc9d434bf1:0x5705ddacc7c5c456!8m2!3d51.5573744!4d5.0925086!16s%2Fg%2F1vp6zdkj!19sChIJ8UtDncy_xkcRVsTFx6zdBVc?authuser=0&hl=nl&rclk=1,Telefoon: 013 536 0585,Tilburg
Ontbijtservice Tilburg,mail@usercentrics.com,http://www.ontbijt.nl/ontbijtservice-tilburg/,https://www.google.com/maps/place/Ontbijtservice+Tilburg/data=!4m7!3m6!1s0x47c6c7513468b3c5:0x1140624e472ee344!8m2!3d51.480089!4d5.1343202!16s%2Fg%2F11_ptxgwk!19sChIJxbNoNFHHxkcRROMuR05iQBE?authuser=0&hl=nl&rclk=1,,Tilburg
Partycentrum 't Maoske,info@maoske.nl,http://www.maoske.nl/,https://www.google.com/maps/place/Partycentrum+%27t+Maoske/data=!4m7!3m6!1s0x47c696f72daaade9:0xe43fa4a9cdb19785!8m2!3d51.6240905!4d5.0138352!16s%2Fg%2F1tgj_vnx!19sChIJ6a2qLfeWxkcRhZexzamkP-Q?authuser=0&hl=nl&rclk=1,Telefoon: 013 515 9295,Tilburg
Ham & Kaas,,http://www.hamenkaas.nl/,https://www.google.com/maps/place/Ham+%26+Kaas/data=!4m7!3m6!1s0x47c697131ed3bbd9:0x387fa5662e755288!8m2!3d51.5873706!4d4.9888022!16s%2Fg%2F11ghnsl78x!19sChIJ2bvTHhOXxkcRiFJ1Lmalfzg?authuser=0&hl=nl&rclk=1,Telefoon: 013 822 9220,Tilburg
Dwars Tilburg / Dwars Hotdogkar,INFO@DWARSHOTDOGKAR.NL,http://www.dwarshotdogkar.nl/,https://www.google.com/maps/place/Dwars+Tilburg+%2F+Dwars+Hotdogkar/data=!4m7!3m6!1s0x47c6be480b8da157:0x5993c253a34ff536!8m2!3d51.5607089!4d5.0754965!16s%2Fg%2F11f08bszls!19sChIJV6GNC0i-xkcRNvVPo1PCk1k?authuser=0&hl=nl&rclk=1,Telefoon: 06 11135491,Tilburg
The Barbecue Company,,http://www.bbqcompany.nl/,https://www.google.com/maps/place/The+Barbecue+Company/data=!4m7!3m6!1s0x47c69529b1272305:0x12cc4c5f04779212!8m2!3d51.6114416!4d5.143028!16s%2Fg%2F11b7txb3wb!19sChIJBSMnsSmVxkcREpJ3BF9MzBI?authuser=0&hl=nl&rclk=1,Telefoon: 013 822 7888,Tilburg
De Ontbijtkeuken,,http://www.deontbijtkeuken.nl/,https://www.google.com/maps/place/De+Ontbijtkeuken/data=!4m7!3m6!1s0x47c6bf2b389e6775:0x909beb92ca8f45d2!8m2!3d51.5516534!4d5.0766095!16s%2Fg%2F11qpk22gyn!19sChIJdWeeOCu_xkcR0kWPypLrm5A?authuser=0&hl=nl&rclk=1,Telefoon: 013 303 2283,Tilburg
Poké&ZO Breda,info@pokenzo.nl,https://www.pokenzo.nl/?localutm_source=google,https://www.google.com/maps/place/Pok%C3%A9%26ZO+Breda/data=!4m7!3m6!1s0x47c6a128752776c7:0x9f6e54e3c8c342f2!8m2!3d51.578168!4d4.779218!16s%2Fg%2F11t_tvs23c!19sChIJx3YndSihxkcR8kLDyONUbp8?authuser=0&hl=nl&rclk=1,Telefoon: 076 886 7468,Tilburg
Traiteur & Catering Rommens Bavel - Breda,info@traiteurcateringrommens.nl,https://traiteurcateringrommens.nl/?utm_source=Google_Bedrijfsprofiel_Bavel&utm_medium=Organic&utm_campaign=Google_Bedrijfsprofiel_Bavel,https://www.google.com/maps/place/Traiteur+%26+Catering+Rommens+Bavel+-+Breda/data=!4m7!3m6!1s0x47c6a2240ef4df35:0x5574c3d426ca5934!8m2!3d51.5576851!4d4.8396379!16s%2Fg%2F1vlqpf3_!19sChIJNd_0DiSixkcRNFnKJtTDdFU?authuser=0&hl=nl&rclk=1,Telefoon: 0161 433 225,Tilburg
De Smaakmakerij B.V.,info@desmaakmakerij.nl,http://desmaakmakerij.nl/,https://www.google.com/maps/place/De+Smaakmakerij+B.V./data=!4m7!3m6!1s0x47c6bf5420ac7f63:0xe3e4d3d72aa7b004!8m2!3d51.6639489!4d5.0177365!16s%2Fg%2F11rk839gff!19sChIJY3-sIFS_xkcRBLCnKtfT5OM?authuser=0&hl=nl&rclk=1,Telefoon: 0416 224 164,Tilburg
De Kort Catering,info@dekortcatering.nl,http://www.dekortcatering.nl/,https://www.google.com/maps/place/De+Kort+Catering/data=!4m7!3m6!1s0x47c6bd5a2c0ddc8f:0x41e0ba9dd47f5d43!8m2!3d51.5795966!4d4.9311993!16s%2Fg%2F1tk62bbx!19sChIJj9wNLFq9xkcRQ11_1J264EE?authuser=0&hl=nl&rclk=1,Telefoon: 0161 240 402,Tilburg
Makan Indonesia,,https://makanindonesia.nl/,https://www.google.com/maps/place/Makan+Indonesia/data=!4m7!3m6!1s0x47c6c040c3530a21:0x351bb612dcc7facd!8m2!3d51.5465622!4d5.1695268!16s%2Fg%2F11xsrd4wv!19sChIJIQpTw0DAxkcRzfrH3BK2GzU?authuser=0&hl=nl&rclk=1,Telefoon: 013 211 4250,Tilburg
De Sluis Catering,info@desluiscatering.nl,http://www.desluiscatering.nl/,https://www.google.com/maps/place/De+Sluis+Catering/data=!4m7!3m6!1s0x47c6c1380d4c7d3d:0xb133f4f3fb840e26!8m2!3d51.5197076!4d5.2100707!16s%2Fg%2F1tl1h301!19sChIJPX1MDTjBxkcRJg6E-_P0M7E?authuser=0&hl=nl&rclk=1,Telefoon: 06 48855463,Tilburg
Thelma's surinaams Eethuis en Toko,Thelmas-winkel@hotmail.com,https://thelmastoko.nl/,https://www.google.com/maps/place/Thelma%27s+surinaams+Eethuis+en+Toko/data=!4m7!3m6!1s0x47c6bdff7e1463b3:0x45f593b6acd62dc0!8m2!3d51.5757909!4d5.0393057!16s%2Fg%2F11g7v5rgpw!19sChIJs2MUfv-9xkcRwC3WrLaT9UU?authuser=0&hl=nl&rclk=1,Telefoon: 06 85553006,Tilburg
Bij Wijze van Spijzen,info@bijwijzevanspijzen.nl,http://www.bijwijzevanspijzen.nl/,https://www.google.com/maps/place/Bij+Wijze+van+Spijzen/data=!4m7!3m6!1s0x47c6bb68cdd7b99d:0x52fd55ba90066e2d!8m2!3d51.545601!4d4.949282!16s%2Fg%2F11b7jk84gc!19sChIJnbnXzWi7xkcRLW4GkLpV_VI?authuser=0&hl=nl&rclk=1,Telefoon: 06 14526595,Tilburg
Broodje Per Centimeter,info@broodjepercentimeter.nl,http://www.broodjepercentimeter.nl/,https://www.google.com/maps/place/Broodje+Per+Centimeter/data=!4m7!3m6!1s0x47c69501005da12d:0xe4ae640676733ba7!8m2!3d51.5720724!4d5.1135547!16s%2Fg%2F11g_qywyxm!19sChIJLaFdAAGVxkcRpztzdgZkruQ?authuser=0&hl=nl&rclk=1,Telefoon: 013 302 0181,Tilburg
PartyHapTilburg,bestellen@partyhaptilburg.nl,http://www.partyhaptilburg.nl/,https://www.google.com/maps/place/PartyHapTilburg/data=!4m7!3m6!1s0x47c697f6ac3d4e49:0xe02e9197fb8874e9!8m2!3d47.0043289!4d-44.4685896!16s%2Fg%2F11hfsnq_f0!19sChIJSU49rPaXxkcR6XSI-5eRLuA?authuser=0&hl=nl&rclk=1,Telefoon: 06 53777831,Tilburg
De Thuis Cateraars,info@dethuiscateraars.nl,https://dethuiscateraars.nl/,https://www.google.com/maps/place/De+Thuis+Cateraars/data=!4m7!3m6!1s0x76ad58c62fde2f7:0x69a4fe4cf534dcb9!8m2!3d51.5463479!4d5.0799872!16s%2Fg%2F11rkc1yr17!19sChIJ9-L9YozVagcRudw09Uz-pGk?authuser=0&hl=nl&rclk=1,,Tilburg
Borrelplank Bestellen,info@borrelplankbestellen.com,http://www.borrelplankbestellen.com/,https://www.google.com/maps/place/Borrelplank+Bestellen/data=!4m7!3m6!1s0x47c6bfaf44a15393:0xe383848e49e27919!8m2!3d51.5593687!4d5.0792211!16s%2Fg%2F11r8vv1gp9!19sChIJk1OhRK-_xkcRGXniSY6Eg-M?authuser=0&hl=nl&rclk=1,Telefoon: 06 22480245,Tilburg
Oni Oki,onioki@onioki.com,http://www.onioki.nl/,https://www.google.com/maps/place/Oni+Oki/data=!4m7!3m6!1s0x47c6bf2b9059744b:0xf1f32233afd49933!8m2!3d51.5494302!4d5.0622491!16s%2Fg%2F11q335_3p_!19sChIJS3RZkCu_xkcRM5nUrzMi8_E?authuser=0&hl=nl&rclk=1,Telefoon: 06 11467441,Tilburg
Top Catering,,http://www.topcatering.nl/,https://www.google.com/maps/place/Top+Catering/data=!4m7!3m6!1s0x47c6be48464ececd:0x9432ae1baf60cb51!8m2!3d51.5511364!4d5.0784693!16s%2Fg%2F1tg80pfc!19sChIJzc5ORki-xkcRUctgrxuuMpQ?authuser=0&hl=nl&rclk=1,Telefoon: 013 581 1255,Tilburg
Style 'M event decoraties,info@partywallz.nl,http://partywallz.nl/,https://www.google.com/maps/place/Style+%27M+event+decoraties/data=!4m7!3m6!1s0x246e69e48c95c047:0x2d434db2a9d304a8!8m2!3d51.578688!4d4.9768459!16s%2Fg%2F11t8bxlgxg!19sChIJR8CVjORpbiQRqATTqbJNQy0?authuser=0&hl=nl&rclk=1,Telefoon: 06 20635959,Tilburg
Reeshof catering,info@ac-hapjes-deluxe.nl,http://www.reeshofcatering.nl/,https://www.google.com/maps/place/Reeshof+catering/data=!4m7!3m6!1s0x47c6962b2604710d:0x447a0462bef35d3!8m2!3d51.5804216!4d4.9913999!16s%2Fg%2F12hp6cp4w!19sChIJDXEEJiuWxkcR0zXvK0agRwQ?authuser=0&hl=nl&rclk=1,Telefoon: 013 571 4094,Tilburg
De Commanderie,info@decommanderie.nl,https://www.decommanderie.nl/,https://www.google.com/maps/place/De+Commanderie/data=!4m7!3m6!1s0x47c6be801425838f:0x4d4ee59f7ce2adf1!8m2!3d51.5323811!4d5.0349318!16s%2Fg%2F1tfn1ywv!19sChIJj4MlFIC-xkcR8a3ifJ_lTk0?authuser=0&hl=nl&rclk=1,Telefoon: 013 518 1238,Tilburg
Brabantlandcatering,,http://www.brabantland.nl/,https://www.google.com/maps/place/Brabantlandcatering/data=!4m7!3m6!1s0x47c6931de3301d99:0xdcfbaac6192600ef!8m2!3d51.6909137!4d5.1585226!16s%2Fg%2F11bxf4ly82!19sChIJmR0w4x2TxkcR7wAmGcaq-9w?authuser=0&hl=nl&rclk=1,Telefoon: 0411 642 109,Tilburg
Smeer 'm,info@smeer-m.nl,http://www.smeer-m.nl/,https://www.google.com/maps/place/Smeer+%27m/data=!4m7!3m6!1s0x47c6be32e9800cbb:0x2e8f659ad75568cc!8m2!3d51.5601277!4d5.0829175!16s%2Fg%2F11cn5pt_5w!19sChIJuwyA6TK-xkcRzGhV15pljy4?authuser=0&hl=nl&rclk=1,Telefoon: 013 781 0018,Tilburg
de Frietwagen,,https://www.defrietwagen.nl/,https://www.google.com/maps/place/de+Frietwagen/data=!4m7!3m6!1s0x47c6ec71de944b1f:0xcbbf843b86acedec!8m2!3d51.633323!4d5.235106!16s%2Fg%2F1tls21sw!19sChIJH0uU3nHsxkcR7O2shjuEv8s?authuser=0&hl=nl&rclk=1,Telefoon: 06 46471902,Tilburg
Tuinhuis Culinair,tuinhuiswestermarkt@gmail.com,http://www.tuinhuisculinair.nl/,https://www.google.com/maps/place/Tuinhuis+Culinair/data=!4m7!3m6!1s0x47c6be0351cfc53b:0x640efa6e6f7a4df8!8m2!3d51.570295!4d5.053043!16s%2Fg%2F1tm28xc1!19sChIJO8XPUQO-xkcR-E16b276DmQ?authuser=0&hl=nl&rclk=1,Telefoon: 013 463 4868,Tilburg
De lekkerste feesthapjes,info@delekkerstefeesthapjes.nl,http://www.delekkerstefeesthapjes.nl/,https://www.google.com/maps/place/De+lekkerste+feesthapjes/data=!4m7!3m6!1s0x47c6bd87c8d168e3:0x224139742ab7aeef!8m2!3d51.5749438!4d5.0013639!16s%2Fg%2F11f1zkysq8!19sChIJ42jRyIe9xkcR7663KnQ5QSI?authuser=0&hl=nl&rclk=1,Telefoon: 06 30773677,Tilburg
Puur Culinair,puur-culinair@amarant.nl,https://www.puur-culinair.nl/,https://www.google.com/maps/place/Puur+Culinair/data=!4m7!3m6!1s0x47c6bd90d2e57357:0x74050e0640998f11!8m2!3d51.5600107!4d5.0014186!16s%2Fg%2F11dfgxnj93!19sChIJV3Pl0pC9xkcREY-ZQAYOBXQ?authuser=0&hl=nl&rclk=1,Telefoon: 088 611 5446,Tilburg
De Kleine Indo,info@dekleine-indo.nl,http://www.dekleine-indo.nl/,https://www.google.com/maps/place/De+Kleine+Indo/data=!4m7!3m6!1s0x47c69581d6df3ea9:0x6085feb52f2706fa!8m2!3d51.575722!4d5.0908964!16s%2Fg%2F1tlc_d29!19sChIJqT7f1oGVxkcR-gYnL7X-hWA?authuser=0&hl=nl&rclk=1,Telefoon: 013 581 2990,Tilburg
Felix smaak en beleving,,,https://www.google.com/maps/place/Felix+smaak+en+beleving/data=!4m7!3m6!1s0x47c6bfd9348ee495:0xc03b18b91fce85a8!8m2!3d51.5686094!4d5.1116866!16s%2Fg%2F1tmgbnh4!19sChIJleSONNm_xkcRqIXOH7kYO8A?authuser=0&hl=nl&rclk=1,Telefoon: 06 83008286,Tilburg
Cru de Cacao,,https://www.crudecacao.nl/,https://www.google.com/maps/place/Cru+de+Cacao/data=!4m7!3m6!1s0x47c69581964bdff3:0x46863868f2c0839!8m2!3d51.5772309!4d5.0916659!16s%2Fg%2F11h_0vm0qv!19sChIJ899LloGVxkcROQgsj4ZjaAQ?authuser=0&hl=nl&rclk=1,,Tilburg
Bij Peerke Donders,contact@bijpeerkedonders.nl,http://www.bijpeerkedonders.nl/,https://www.google.com/maps/place/Bij+Peerke+Donders/data=!4m7!3m6!1s0x47c6959f67591a85:0x2f02176e8413bc3b!8m2!3d51.5938619!4d5.0921896!16s%2Fg%2F1ttdxnnx!19sChIJhRpZZ5-VxkcRO7wThG4XAi8?authuser=0&hl=nl&rclk=1,Telefoon: 013 455 1315,Tilburg
Wraps&Broodjeshuis,,https://www.wrapsbroodjeshuis.nl/,https://www.google.com/maps/place/Wraps%26Broodjeshuis/data=!4m7!3m6!1s0x47c6bfae17c9f8b1:0x71b671897c984fbf!8m2!3d51.540582!4d5.095178!16s%2Fg%2F11c487nlwk!19sChIJsfjJF66_xkcRv0-YfIlxtnE?authuser=0&hl=nl&rclk=1,Telefoon: 06 84974651,Tilburg
Alessandra Mignardi Photography,info@alessandramignardi.com,http://www.alessandramignardi.com/,https://www.google.com/maps/place/Alessandra+Mignardi+Photography/data=!4m7!3m6!1s0xc51372b499ab8b:0x42a69cfc21bc0ac0!8m2!3d51.5694752!4d5.0862905!16s%2Fg%2F11rpqc_qjr!19sChIJi6uZtHITxQARwAq8IfycpkI?authuser=0&hl=nl&rclk=1,Telefoon: 06 57431999,Tilburg
Stroming Tilburg,reserveren@stromingtilburg.nl,https://www.stromingtilburg.nl/,https://www.google.com/maps/place/Stroming+Tilburg/data=!4m7!3m6!1s0x47c6bf69f6387ecb:0xe7cf15dcdb980e8f!8m2!3d51.5598831!4d5.0888525!16s%2Fg%2F11w8yvj7ns!19sChIJy3449mm_xkcRjw6Y29wVz-c?authuser=0&hl=nl&rclk=1,Telefoon: 013 303 2362,Tilburg
't Veld Pro,,https://www.tveldpro.nl/,https://www.google.com/maps/place/%27%27t+Veld+Pro%27/data=!4m7!3m6!1s0x47c6bf7e81a88a89:0x7fdcb60f42de10e1!8m2!3d51.5678583!4d5.0843896!16s%2Fg%2F11vhx5n3b5!19sChIJiYqogX6_xkcR4RDeQg-23H8?authuser=0&hl=nl&rclk=1,Telefoon: 013 850 7777,Tilburg
La Nouvelle Auberge,auberge@bonheurhorecagroep.nl,https://www.bonheurhorecagroep.nl/auberge-du-bonheur,https://www.google.com/maps/place/La+Nouvelle+Auberge/data=!4m7!3m6!1s0x47c6bde17e7c0001:0xc38f5b619aed69ec!8m2!3d51.5596505!4d5.0351317!16s%2Fg%2F11lgy3smjh!19sChIJAQB8fuG9xkcR7GntmmFbj8M?authuser=0&hl=nl&rclk=1,,Tilburg
Restaurant Waanzinnig Tilburg,info@restaurantwaanzinnig.nl,http://www.restaurantwaanzinnig.nl/,https://www.google.com/maps/place/Restaurant+Waanzinnig+Tilburg/data=!4m7!3m6!1s0x47c6be33815559dd:0xf629168613ed67a0!8m2!3d51.5579122!4d5.0866402!16s%2Fg%2F12qg53nrb!19sChIJ3VlVgTO-xkcRoGftE4YWKfY?authuser=0&hl=nl&rclk=1,Telefoon: 013 542 5229,Tilburg
"Te Koop in Tilburg,-",welko%6d@tek%6f%6fpi%6etilbur%67.%6e%6c,http://www.tekoopintilburg.nl/,"https://www.google.com/maps/place/Te+Koop+in+Tilburg,-/data=!4m7!3m6!1s0x47c6bfc5ca06e8b9:0xfa46668775384cd7!8m2!3d51.5580175!4d5.1062085!16s%2Fg%2F1tkc5xh0!19sChIJuegGysW_xkcR10w4dYdmRvo?authuser=0&hl=nl&rclk=1",Telefoon: 013 577 1137,Tilburg
GIST,info@gisttilburg.nl,http://www.gisttilburg.nl/,https://www.google.com/maps/place/GIST/data=!4m7!3m6!1s0x47c6bfe9763fef2b:0xb874c6bcde92e8ca!8m2!3d51.5555086!4d5.0840613!16s%2Fg%2F11st771v1g!19sChIJK-8_dum_xkcRyuiS3rzGdLg?authuser=0&hl=nl&rclk=1,Telefoon: 013 822 8182,Tilburg
Meneer en Mevrouw van Hout,info@meneerenmevrouwvanhout.nl,http://www.meneerenmevrouwvanhout.nl/,https://www.google.com/maps/place/Meneer+en+Mevrouw+van+Hout/data=!4m7!3m6!1s0x417030e452376171:0x338ac46dea1d6ae5!8m2!3d51.5563477!4d5.0854828!16s%2Fg%2F11b6_bb4f0!19sChIJcWE3UuQwcEER5Wod6m3EijM?authuser=0&hl=nl&rclk=1,Telefoon: 013 211 0382,Tilburg
Bij Maud,maud@bijmaud.nl,http://www.bijmaud.nl/,https://www.google.com/maps/place/Bij+Maud/data=!4m7!3m6!1s0x47c6be3406107a45:0x2c61f21362315942!8m2!3d51.5573559!4d5.0844407!16s%2Fg%2F1tg2cqk2!19sChIJRXoQBjS-xkcRQlkxYhPyYSw?authuser=0&hl=nl&rclk=1,Telefoon: 06 52628899,Tilburg
Inza's Seoulkitchen,info@inzas.nl,http://www.inzas.nl/,https://www.google.com/maps/place/Inza%27s+Seoulkitchen/data=!4m7!3m6!1s0x47c6bfc854a29dd9:0xe9d6ed3de4bad10b!8m2!3d51.5585081!4d5.0865142!16s%2Fg%2F11c1s1sgpp!19sChIJ2Z2iVMi_xkcRC9G65D3t1uk?authuser=0&hl=nl&rclk=1,Telefoon: 06 21928547,Tilburg
BYVERSLOOT Goirle,klantenservice@byversloot.eu,http://www.mimikokenentafelen.nl/,https://www.google.com/maps/place/BYVERSLOOT+Goirle/data=!4m7!3m6!1s0x47c6bef1c1a5f421:0x2c4929635041bf5!8m2!3d51.5227037!4d5.0662771!16s%2Fg%2F1wd3v83v!19sChIJIfSlwfG-xkcR9RsENZaSxAI?authuser=0&hl=nl&rclk=1,Telefoon: 013 534 8796,Tilburg
Giardino d'Italia 🇮🇹,info@restaurantgiardino.nl,http://www.restaurantgiardino.nl/,https://www.google.com/maps/place/Giardino+d%27Italia+%F0%9F%87%AE%F0%9F%87%B9/data=!4m7!3m6!1s0x47c6962756ed6003:0x6bd7a388b0d5bc6d!8m2!3d51.5769259!4d5.0085692!16s%2Fg%2F12hq67wkv!19sChIJA2DtVieWxkcRbbzVsIij12s?authuser=0&hl=nl&rclk=1,Telefoon: 013 590 2363,Tilburg
Mr. Meat Tilburg,info@mrmeattilburg.nl,http://mrmeattilburg.nl/,https://www.google.com/maps/place/Mr.+Meat+Tilburg/data=!4m7!3m6!1s0x47c6bfd2296dd60d:0x4caaf477db606eba!8m2!3d51.557105!4d5.092599!16s%2Fg%2F11svj5666n!19sChIJDdZtKdK_xkcRum5g23f0qkw?authuser=0&hl=nl&rclk=1,Telefoon: 06 29153737,Tilburg
Dille & Kamille - Tilburg,klantenservice@dille-kamille.com,https://www.dille-kamille.nl/winkels/tilburg/?utm_source=googlemybusiness&utm_medium=organic&utm_campaign=tilburg,https://www.google.com/maps/place/Dille+%26+Kamille+-+Tilburg/data=!4m7!3m6!1s0x47c6bf4dfc5d06f1:0x7af519d9cb523b79!8m2!3d51.555468!4d5.08445!16s%2Fg%2F11fnvcq6pk!19sChIJ8QZd_E2_xkcReTtSy9kZ9Xo?authuser=0&hl=nl&rclk=1,Telefoon: 013 303 1877,Tilburg
Asian Boulevard - Sushi,info@asianboulevard.nl,http://www.asianboulevard.nl/,https://www.google.com/maps/place/Asian+Boulevard+-+Sushi/data=!4m7!3m6!1s0x47c6be5069673f9d:0x682d456062240b52!8m2!3d51.5417183!4d5.0754216!16s%2Fg%2F12qg0b6vr!19sChIJnT9naVC-xkcRUgskYmBFLWg?authuser=0&hl=nl&rclk=1,Telefoon: 013 590 6147,Tilburg
To Steki Tis Agapis,,http://tostekitisagapis.nl/,https://www.google.com/maps/place/To+Steki+Tis+Agapis/data=!4m7!3m6!1s0x47c6bfa227cfa791:0x4effb38747f081e5!8m2!3d51.5586457!4d5.0899397!16s%2Fg%2F11w4gsr_c1!19sChIJkafPJ6K_xkcR5YHwR4ez_04?authuser=0&hl=nl&rclk=1,Telefoon: 06 83719437,Tilburg
Grenzeloos Culinair,,,https://www.google.com/maps/place/Grenzeloos+Culinair/data=!4m7!3m6!1s0x47c6be6e71c23aa1:0xef91eea79d037e19!8m2!3d51.5511184!4d5.0460389!16s%2Fg%2F11c54xk296!19sChIJoTrCcW6-xkcRGX4Dnafuke8?authuser=0&hl=nl&rclk=1,Telefoon: 06 45678265,Tilburg
Biryani Tandoori & Sweets 🇵🇰,,https://www.biryanitandoorisweets.nl/,https://www.google.com/maps/place/Biryani+Tandoori+%26+Sweets+%F0%9F%87%B5%F0%9F%87%B0/data=!4m7!3m6!1s0x47c6bf44dd29f551:0x6321519405d99490!8m2!3d51.5575259!4d5.0840852!16s%2Fg%2F11trf8kp1_!19sChIJUfUp3US_xkcRkJTZBZRRIWM?authuser=0&hl=nl&rclk=1,Telefoon: 013 211 7919,Tilburg
boutique foyer extérieur,info@boutiquefoyerexterieur.fr,https://www.boutiquefoyerexterieur.fr/,https://www.google.com/maps/place/boutique+foyer+ext%C3%A9rieur/data=!4m7!3m6!1s0x47c6bf9123690ba5:0x1c48be4ec2a4185c!8m2!3d51.5408063!4d5.0609664!16s%2Fg%2F11rx8_kk_0!19sChIJpQtpI5G_xkcRXBikwk6-SBw?authuser=0&hl=nl&rclk=1,,Tilburg
CousCousBar,,http://www.decouscousbar.nl/,https://www.google.com/maps/place/CousCousBar/data=!4m7!3m6!1s0x47c6be3691daaac1:0xbe44dada1211e91!8m2!3d51.5551566!4d5.0834613!16s%2Fg%2F11f347zwj3!19sChIJwarakTa-xkcRkR4hoa1N5As?authuser=0&hl=nl&rclk=1,Telefoon: 06 26632961,Tilburg
30ML Tilburg Coffee & Food,tilburg@30ml.nl,https://30ml.nl/vestigingen/30ml-tilburg/,https://www.google.com/maps/place/30ML+Tilburg+Coffee+%26+Food/data=!4m7!3m6!1s0x47c6bf071fd63b25:0x468e95b859613f4c!8m2!3d51.5550239!4d5.0840106!16s%2Fg%2F11sjkrr58g!19sChIJJTvWHwe_xkcRTD9hWbiVjkY?authuser=0&hl=nl&rclk=1,Telefoon: 013 785 7862,Tilburg
StruiksBBQ,,https://www.struiksbbq.com/,https://www.google.com/maps/place/StruiksBBQ/data=!4m7!3m6!1s0x47c617cfdd32a1ff:0x827b63add4554e07!8m2!3d52.37098!4d5.254772!16s%2Fg%2F11l2c_14nc!19sChIJ_6Ey3c8XxkcRB05V1K1je4I?authuser=0&hl=nl&rclk=1,,Almere
Dinner by Dave,dinerdoordave@gmail.com,https://www.dinnerbydave.nl/,https://www.google.com/maps/place/Dinner+by+Dave/data=!4m7!3m6!1s0x2695af2c154d5f4d:0xdd1eeae349b86d40!8m2!3d52.1909763!4d5.2795551!16s%2Fg%2F11y9dw17td!19sChIJTV9NFSyvlSYRQG24SePqHt0?authuser=0&hl=nl&rclk=1,,Almere
-,,,https://www.google.com/maps/place/-/data=!4m7!3m6!1s0x47c61763a8a672d1:0xb49f21afd950150e!8m2!3d52.1909763!4d5.2795551!16s%2Fg%2F11fq__fds2!19sChIJ0XKmqGMXxkcRDhVQ2a8hn7Q?authuser=0&hl=nl&rclk=1,Telefoon: 06 44442344,Almere
De Borrel Traiteur,,https://deborreltraiteur.nl/,https://www.google.com/maps/place/De+Borrel+Traiteur/data=!4m7!3m6!1s0x47c617f26e962125:0x616125339e6a74bf!8m2!3d52.3929701!4d5.2343452!16s%2Fg%2F11h_zbjcfn!19sChIJJSGWbvIXxkcRv3RqnjMlYWE?authuser=0&hl=nl&rclk=1,Telefoon: 06 18016426,Almere
Chef-Kok.com,,http://chef-kok.com/,https://www.google.com/maps/place/Chef-Kok.com/data=!4m7!3m6!1s0x47c61136dc0497f3:0x3b76d22488c72264!8m2!3d52.35897!4d5.1765536!16s%2Fg%2F11dfwz7trw!19sChIJ85cE3DYRxkcRZCLHiCTSdjs?authuser=0&hl=nl&rclk=1,Telefoon: 06 50811169,Almere
De chef,,http://www.dechefalmere.nl/,https://www.google.com/maps/place/De+chef/data=!4m7!3m6!1s0x47c617ea104c471b:0xc7db7615f679bb30!8m2!3d52.3960281!4d5.2760462!16s%2Fg%2F11c1xczdh5!19sChIJG0dMEOoXxkcRMLt59hV228c?authuser=0&hl=nl&rclk=1,Telefoon: 036 525 8809,Almere
Thuis met Robertjan,robertjan@thuismetrobertjan.nl,http://thuismetrobertjan.nl/,https://www.google.com/maps/place/Thuis+met+Robertjan/data=!4m7!3m6!1s0x47c5e8ef53431501:0x648cc868654ce521!8m2!3d52.3314121!4d4.5801655!16s%2Fg%2F1hm67g6f3!19sChIJARVDU-_oxUcRIeVMZWjIjGQ?authuser=0&hl=nl&rclk=1,Telefoon: 06 53227727,Almere
Deli Nomads,contact@delinomads.nl,https://delinomads.nl/contact/,https://www.google.com/maps/place/Deli+Nomads/data=!4m7!3m6!1s0x47c6170d12dba1b5:0x29050f076d799e87!8m2!3d52.3467671!4d5.2195737!16s%2Fg%2F11hyzyghs8!19sChIJtaHbEg0XxkcRh555bQcPBSk?authuser=0&hl=nl&rclk=1,Telefoon: 06 18016426,Almere
De Kokende Bijl,hanne@dekokendebijl.nl,https://dekokendebijl.nl/,https://www.google.com/maps/place/De+Kokende+Bijl/data=!4m7!3m6!1s0x47c5e20bd6fb2f25:0xa199b369a551f053!8m2!3d52.4936687!4d4.599295!16s%2Fg%2F1tg4kl07!19sChIJJS_71gvixUcRU_BRpWmzmaE?authuser=0&hl=nl&rclk=1,Telefoon: 06 41334370,Almere
De Borrel Traiteur,,https://deborreltraiteur.nl/privacybeleid/,https://www.google.com/maps/place/De+Borrel+Traiteur/data=!4m7!3m6!1s0x47c617e20dc69c97:0x12334fd3e7abf7b9!8m2!3d52.3983211!4d5.2998563!16s%2Fg%2F11hyzy0jcq!19sChIJl5zGDeIXxkcRufer59NPMxI?authuser=0&hl=nl&rclk=1,Telefoon: 06 50430122,Almere
Kookei,info@kookei.nl,http://www.kookei.nl/,https://www.google.com/maps/place/Kookei/data=!4m7!3m6!1s0x47c644198648ffff:0x9aa91bdc21aa9665!8m2!3d52.1452478!4d5.3787511!16s%2Fg%2F11r2rtn_t4!19sChIJ__9IhhlExkcRZZaqIdwbqZo?authuser=0&hl=nl&rclk=1,Telefoon: 06 22793630,Almere
Sushi cateraar,,http://www.sushicateraar.nl/,https://www.google.com/maps/place/Sushi+cateraar/data=!4m7!3m6!1s0x47c6173367f9439f:0x4b553138707e3573!8m2!3d52.3729864!4d5.2309326!16s%2Fg%2F11j1xjyhyz!19sChIJn0P5ZzMXxkcRczV-cDgxVUs?authuser=0&hl=nl&rclk=1,Telefoon: 036 536 2144,Almere
El Catering,,https://elcatering.nl/,https://www.google.com/maps/place/El+Catering/data=!4m7!3m6!1s0x47c61764b42a601d:0xd8c4ce3b4fc5bca5!8m2!3d52.3987523!4d5.2934677!16s%2Fg%2F11jb93swkk!19sChIJHWAqtGQXxkcRpbzFTzvOxNg?authuser=0&hl=nl&rclk=1,Telefoon: 06 52640921,Almere
Business Catering,info@businesscateringservices.nl,http://www.businesscateringservices.nl/,https://www.google.com/maps/place/Business+Catering/data=!4m7!3m6!1s0x47c616da70bd11fd:0x77392dc2cb127978!8m2!3d52.3676564!4d5.2016424!16s%2Fg%2F1tks5j8s!19sChIJ_RG9cNoWxkcReHkSy8ItOXc?authuser=0&hl=nl&rclk=1,Telefoon: 036 535 0166,Almere
Hapjeskoning - Feestje? Wij hebben de hapjes!,info@hapjeskoning.nl,http://www.hapjeskoning.nl/,https://www.google.com/maps/place/Hapjeskoning+-+Feestje%3F+Wij+hebben+de+hapjes!/data=!4m7!3m6!1s0x475979552feaca83:0x4ffc78fa2720feaf!8m2!3d52.3786393!4d5.2575192!16s%2Fg%2F11rxwn985l!19sChIJg8rqL1V5WUcRr_4gJ_p4_E8?authuser=0&hl=nl&rclk=1,Telefoon: 06 50942233,Almere
VerTruckelijk vof,,http://www.vertruckelijk.nl/,https://www.google.com/maps/place/VerTruckelijk+vof/data=!4m7!3m6!1s0x47c63de4ad395603:0xe1f66a81df1ebc2b!8m2!3d52.4068638!4d5.3139979!16s%2Fg%2F11p5c7z5nt!19sChIJA1Y5reQ9xkcRK7we34Fq9uE?authuser=0&hl=nl&rclk=1,Telefoon: 036 525 8842,Almere
Trouwlocatie Almere | Noor Wedding & Events,info@noorwedding.nl,http://www.noorwedding.nl/,https://www.google.com/maps/place/Trouwlocatie+Almere+%7C+Noor+Wedding+%26+Events/data=!4m7!3m6!1s0x47c617e0eb9a731f:0x33b05370c6cf1bf!8m2!3d52.38733!4d5.220222!16s%2Fg%2F11fp1dxxyr!19sChIJH3Oa6-AXxkcRv_FsDDcFOwM?authuser=0&hl=nl&rclk=1,Telefoon: 06 57192888,Almere
Daily Style Almere,info@dailystyle.nl,https://dailystyle.nl/?utm_source=GMB&utm_medium=organic,https://www.google.com/maps/place/Daily+Style+Almere/data=!4m7!3m6!1s0x47c616e151d78e0f:0x38c6bd1caa21ec9d!8m2!3d52.3696989!4d5.2211666!16s%2Fg%2F11byx8rg2w!19sChIJD47XUeEWxkcRnewhqhy9xjg?authuser=0&hl=nl&rclk=1,Telefoon: 088 888 9600,Almere
falafel&zo,,http://www.falafelenzo.nl/,https://www.google.com/maps/place/falafel%26zo/data=!4m7!3m6!1s0x47c63dada3a11d23:0xe3c285ea14f6278d!8m2!3d52.3305207!4d5.3211088!16s%2Fg%2F11rhf385p4!19sChIJIx2ho609xkcRjSf2FOqFwuM?authuser=0&hl=nl&rclk=1,Telefoon: 06 43053976,Almere
Coffee on Wheels Amsterdam,dave@coffeeonwheels.nl,https://www.coffeeonwheels.nl/locaties/coffee-on-wheels-amsterdam/,https://www.google.com/maps/place/Coffee+on+Wheels+Amsterdam/data=!4m7!3m6!1s0x47c60975050f2427:0x4080afa798088eef!8m2!3d52.3644708!4d5.1728941!16s%2Fg%2F11h7bxhj95!19sChIJJyQPBXUJxkcR744ImKevgEA?authuser=0&hl=nl&rclk=1,Telefoon: 06 52051192,Almere
Broodje Hagelslag,,https://www.stichtingbroodjehagelslag.nl/,https://www.google.com/maps/place/Broodje+Hagelslag/data=!4m7!3m6!1s0x47c6119677ad822d:0xf35bd7590d8aab3b!8m2!3d52.3453666!4d5.1790532!16s%2Fg%2F11sff352t7!19sChIJLYKtd5YRxkcRO6uKDVnXW_M?authuser=0&hl=nl&rclk=1,Telefoon: 06 40495226,Almere
ABC Broodjes en Catering,,,https://www.google.com/maps/place/ABC+Broodjes+en+Catering/data=!4m7!3m6!1s0x47c6112ad56c5555:0x489fa1d06e48556d!8m2!3d52.3729045!4d5.1885723!16s%2Fg%2F11h4bsvw1k!19sChIJVVVs1SoRxkcRbVVIbtChn0g?authuser=0&hl=nl&rclk=1,Telefoon: 06 83664840,Almere
BASMA - Luxury Weddings & Events,info@basma.nl,https://basma.nl/,https://www.google.com/maps/place/BASMA+-+Luxury+Weddings+%26+Events/data=!4m7!3m6!1s0x47c64641f01953dd:0x4a280c320d08452!8m2!3d52.4088923!4d5.2459004!16s%2Fg%2F1vf9bkp0!19sChIJ3VMZ8EFGxkcRUoTQIMOAogQ?authuser=0&hl=nl&rclk=1,,Almere
"Catering ""De Vijf Sterren""",info@devijfsterren.nl,http://www.devijfsterren.nl/,https://www.google.com/maps/place/Catering+%22De+Vijf+Sterren%22/data=!4m7!3m6!1s0x47c616900478ed9b:0x194168309e15422d!8m2!3d52.342445!4d5.222614!16s%2Fg%2F1tcyr0qq!19sChIJm-14BJAWxkcRLUIVnjBoQRk?authuser=0&hl=nl&rclk=1,Telefoon: 036 531 9543,Almere
Taste of Emilia,info@tasteofemilia.nl,https://tasteofemilia.nl/,https://www.google.com/maps/place/Taste+of+Emilia/data=!4m7!3m6!1s0x2468850892e36019:0x58fd157f91b7511b!8m2!3d52.1909763!4d5.2795551!16s%2Fg%2F11mrdrvq7z!19sChIJGWDjkgiFaCQRG1G3kX8V_Vg?authuser=0&hl=nl&rclk=1,Telefoon: 06 21975195,Almere
Eksternest | Triade Vitree,%20eksternest@triadevitree.nl,http://www.eksternest.nl/,https://www.google.com/maps/place/Eksternest+%7C+Triade+Vitree/data=!4m7!3m6!1s0x47c61695759a73cd:0x6e7f88f89d3ac128!8m2!3d52.3504017!4d5.2125059!16s%2Fg%2F11_rk5l65!19sChIJzXOadZUWxkcRKME6nfiIf24?authuser=0&hl=nl&rclk=1,Telefoon: 036 521 6493,Almere
La Deutscha Vita,ingrid@ladeutschavita.nl,https://ladeutschavita.nl/,https://www.google.com/maps/place/La+Deutscha+Vita/data=!4m7!3m6!1s0x47c6170740a2ef09:0xd20b028c65684fff!8m2!3d52.3728411!4d5.1900442!16s%2Fg%2F11vst6rkd9!19sChIJCe-iQAcXxkcR_09oZYwCC9I?authuser=0&hl=nl&rclk=1,Telefoon: 06 11407127,Almere
Vega Happie,info@vegahappie.nl,http://www.vegahappie.nl/,https://www.google.com/maps/place/Vega+Happie/data=!4m7!3m6!1s0x47c6277f86ffa5bd:0x5931608d9e752490!8m2!3d52.3855347!4d5.6344533!16s%2Fg%2F11qytyygmd!19sChIJvaX_hn8nxkcRkCR1no1gMVk?authuser=0&hl=nl&rclk=1,Telefoon: 06 49008698,Almere
Restaurant Gouden Huis,,http://goudenhuisalmere.nl/,https://www.google.com/maps/place/Restaurant+Gouden+Huis/data=!4m7!3m6!1s0x47c6164517886387:0xce67159f7faa33c0!8m2!3d52.3599026!4d5.2548936!16s%2Fg%2F1tdkwwtj!19sChIJh2OIF0UWxkcRwDOqf58VZ84?authuser=0&hl=nl&rclk=1,Telefoon: 036 535 7020,Almere
Foodie's Snack Corner,,https://foodiessnackcorner.nl/,https://www.google.com/maps/place/Foodie%27s+Snack+Corner/data=!4m7!3m6!1s0x47c617b2ba77e9c5:0xa95504d63e526141!8m2!3d52.3753895!4d5.2469807!16s%2Fg%2F11rv5hd8bh!19sChIJxel3urIXxkcRQWFSPtYEVak?authuser=0&hl=nl&rclk=1,Telefoon: 036 785 9193,Almere
Concept-catering,,,https://www.google.com/maps/place/Concept-catering/data=!4m7!3m6!1s0x47c61132cab11ff5:0xe563f40fcb328ef9!8m2!3d52.3635639!4d5.1868408!16s%2Fg%2F11hbppx70z!19sChIJ9R-xyjIRxkcR-Y4yyw_0Y-U?authuser=0&hl=nl&rclk=1,,Almere
Op Hete Kooltjes,ophetekooltjes@outlook.com,https://www.ophetekooltjes.nl/,https://www.google.com/maps/place/Op+Hete+Kooltjes/data=!4m7!3m6!1s0x47c617ce1f9deb6f:0xd5dbf6fe66959bc3!8m2!3d52.4088835!4d5.2619928!16s%2Fg%2F11whlvc6p2!19sChIJb-udH84XxkcRw5uVZv7229U?authuser=0&hl=nl&rclk=1,Telefoon: 06 47247609,Almere
Stropie Licious,info@stropielicious.nl,https://www.stropielicious.nl/,https://www.google.com/maps/place/Stropie+Licious/data=!4m7!3m6!1s0x2e9bc7cbff577f2b:0xd56575b1516ad762!8m2!3d52.3878311!4d5.2267497!16s%2Fg%2F11w33x0rrw!19sChIJK39X_8vHmy4RYtdqUbF1ZdU?authuser=0&hl=nl&rclk=1,Telefoon: 06 16121928,Almere
Floris & van Maurik | catering en events,info@florisenvanmaurik.nl,https://florisenvanmaurik.nl/,https://www.google.com/maps/place/Floris+%26+van+Maurik+%7C+catering+en+events/data=!4m7!3m6!1s0x47c66b68d3e3cec9:0xf10c336580019b6b!8m2!3d52.3069952!4d5.2435683!16s%2Fg%2F1td52n8t!19sChIJyc7j02hrxkcRa5sBgGUzDPE?authuser=0&hl=nl&rclk=1,Telefoon: 035 206 3300,Almere
Baramaribo,info@baramaribo.com,http://baramaribo.com/,https://www.google.com/maps/place/Baramaribo/data=!4m7!3m6!1s0x47c6169beceb8635:0xe2ac9ee6117bfef5!8m2!3d52.3370904!4d5.2185192!16s%2Fg%2F11j2yqf61y!19sChIJNYbr7JsWxkcR9f57EeaerOI?authuser=0&hl=nl&rclk=1,Telefoon: 06 85571584,Almere
De Kroes BBQ Almere,info@dekroesbbq.nl,https://www.dekroesbbq.nl/,https://www.google.com/maps/place/De+Kroes+BBQ+Almere/data=!4m7!3m6!1s0x47c6175b1a055fc5:0x2cda330f5daa3d77!8m2!3d52.3403076!4d5.3111309!16s%2Fg%2F11hdqxfrpl!19sChIJxV8FGlsXxkcRdz2qXQ8z2iw?authuser=0&hl=nl&rclk=1,Telefoon: 06 18076884,Almere
Ontbijt in Almere,info@ontbijtenzo.nl.,http://www.ontbijtenzo.nl/,https://www.google.com/maps/place/Ontbijt+in+Almere/data=!4m7!3m6!1s0x47c616c58a7a7709:0x3f12e5eab75d63c4!8m2!3d52.360538!4d5.199782!16s%2Fg%2F1tq6j8lf!19sChIJCXd6isUWxkcRxGNdt-rlEj8?authuser=0&hl=nl&rclk=1,Telefoon: 06 55377880,Almere
Meat Dennis - House of BBQ,info@meatdennis.nl,http://www.meatdennis.nl/,https://www.google.com/maps/place/Meat+Dennis+-+House+of+BBQ/data=!4m7!3m6!1s0x47c617b5b80adb3f:0xa8d0702a0598b8c2!8m2!3d52.3484534!4d5.2279299!16s%2Fg%2F11nfqdy6xf!19sChIJP9sKuLUXxkcRwriYBSpw0Kg?authuser=0&hl=nl&rclk=1,Telefoon: 06 82998523,Almere
Warung Mere,,http://www.warungmere.nl/,https://www.google.com/maps/place/Warung+Mere/data=!4m7!3m6!1s0x47c61134d1088e85:0xacc7e049464dd4f3!8m2!3d52.3467055!4d5.1495336!16s%2Fg%2F1tdwjq54!19sChIJhY4I0TQRxkcR89RNRkngx6w?authuser=0&hl=nl&rclk=1,Telefoon: 036 536 9278,Almere
Het Witte Huis,reserveringen@hetwittehuis-events.nl,http://www.hetwittehuis-events.nl/,https://www.google.com/maps/place/Het+Witte+Huis/data=!4m7!3m6!1s0x47c6114c7bfc46f5:0xd5db3bd5d7bbad1d!8m2!3d52.348828!4d5.1804095!16s%2Fg%2F11c1fbjrmz!19sChIJ9Ub8e0wRxkcRHa2719U729U?authuser=0&hl=nl&rclk=1,Telefoon: 06 24399274,Almere
De Nederlandse BBQ Rebel,jeffrey@nlbbqrebel.nl,http://www.nlbbqrebel.nl/,https://www.google.com/maps/place/De+Nederlandse+BBQ+Rebel/data=!4m7!3m6!1s0x47c6176d7dfd84c3:0x22ad38108bfb096!8m2!3d52.3618755!4d5.1873682!16s%2Fg%2F11nfw4mmf9!19sChIJw4T9fW0XxkcRlrC_CIHTKgI?authuser=0&hl=nl&rclk=1,Telefoon: 06 52633901,Almere
Quality Bartending,info@qualitybartending.com,https://qualitybartending.com/QB/,https://www.google.com/maps/place/Quality+Bartending/data=!4m7!3m6!1s0x47c616d379cc8ec1:0xb919abeac32ae90e!8m2!3d52.3855599!4d5.1990672!16s%2Fg%2F113h7wfyn!19sChIJwY7MedMWxkcRDukqw-qrGbk?authuser=0&hl=nl&rclk=1,Telefoon: 06 11959354,Almere
Basilicum da Luca,info@basilicumdaluca.nl,http://www.basilicumdaluca.nl/,https://www.google.com/maps/place/Basilicum+da+Luca/data=!4m7!3m6!1s0x47c6178d5f125d6f:0x39705b4caee0aa37!8m2!3d52.3349603!4d5.2182445!16s%2Fg%2F11kpl26wp3!19sChIJb10SX40XxkcRN6rgrkxbcDk?authuser=0&hl=nl&rclk=1,Telefoon: 036 525 9834,Almere
Rey Events,,http://www.reyeventsalmere.nl/,https://www.google.com/maps/place/Rey+Events/data=!4m7!3m6!1s0x47c617cfb6197c81:0x89cd04b9d2a1f7df!8m2!3d52.37937!4d5.281632!16s%2Fg%2F11f3wkn91g!19sChIJgXwZts8XxkcR3_eh0rkEzYk?authuser=0&hl=nl&rclk=1,Telefoon: 036 202 4140,Almere
Warung Annisa,info@warungannisa.nl,http://www.warungannisa.nl/,https://www.google.com/maps/place/Warung+Annisa/data=!4m7!3m6!1s0x47c611b661902adf:0xb48a6ebcc9bfe47!8m2!3d52.346663!4d5.178207!16s%2Fg%2F11sszdbj_4!19sChIJ3yqQYbYRxkcRR_6bzOumSAs?authuser=0&hl=nl&rclk=1,Telefoon: 036 848 2800,Almere
Suri-Java,contact@suri-java.nl,http://www.suri-java.nl/,https://www.google.com/maps/place/Suri-Java/data=!4m7!3m6!1s0x47c6113895fd8005:0xd3a1e0669f9df3d2!8m2!3d52.355999!4d5.1671881!16s%2Fg%2F1vd948wx!19sChIJBYD9lTgRxkcR0vOdn2bgodM?authuser=0&hl=nl&rclk=1,Telefoon: 036 549 8480,Almere
Chef Dani - Meat and More!,,http://www.chefdani.nl/,https://www.google.com/maps/place/Chef+Dani+-+Meat+and+More!/data=!4m7!3m6!1s0x47c6171c30d3260f:0xbf8b37c9436faef5!8m2!3d52.3930591!4d5.2336838!16s%2Fg%2F11mvz2fn9f!19sChIJDybTMBwXxkcR9a5vQ8k3i78?authuser=0&hl=nl&rclk=1,Telefoon: 06 11149886,Almere
Puur koken met Passie,,http://puurkokenmetpassie.nl/,https://www.google.com/maps/place/Puur+koken+met+Passie/data=!4m7!3m6!1s0x47c6173035d0d967:0x52aa87a06dae4f25!8m2!3d52.3867981!4d5.201737!16s%2Fg%2F11c2l4546b!19sChIJZ9nQNTAXxkcRJU-ubaCHqlI?authuser=0&hl=nl&rclk=1,Telefoon: 06 41547150,Almere
The VegTable,,https://www.instagram.com/thevegtable.isabel/,https://www.google.com/maps/place/The+VegTable/data=!4m7!3m6!1s0x2cef323b0b7f89c9:0xe745e2459ec2c810!8m2!3d51.5701829!4d4.7383485!16s%2Fg%2F11w9xv8x_d!19sChIJyYl_Czsy7ywREMjCnkXiRec?authuser=0&hl=nl&rclk=1,Telefoon: 06 20226784,Breda
De Fijnproevers Breda,defijnproeversbreda@gmail.com,https://www.defijnproeversbreda.nl/,https://www.google.com/maps/place/De+Fijnproevers+Breda/data=!4m7!3m6!1s0x47c6a1bbfd043efd:0x793133e6c1b3df15!8m2!3d51.5812904!4d4.7846973!16s%2Fg%2F11k99mnss3!19sChIJ_T4E_buhxkcRFd-zweYzMXk?authuser=0&hl=nl&rclk=1,Telefoon: 06 10554948,Breda
Local Taste,info@local-taste.nl,https://www.local-taste.nl/,https://www.google.com/maps/place/Local+Taste/data=!4m7!3m6!1s0x47c6a1e6c8ba74f9:0x49e1cf71b0d63ed1!8m2!3d51.5892887!4d4.7668308!16s%2Fg%2F11fq9m2nd9!19sChIJ-XS6yOahxkcR0T7WsHHP4Uk?authuser=0&hl=nl&rclk=1,Telefoon: 06 34664780,Breda
Timo's Taste,info@timostaste.nl,http://www.timostaste.nl/,https://www.google.com/maps/place/Timo%27s+Taste/data=!4m7!3m6!1s0x47c69fc22852f9b7:0x7db5de3be9f4e762!8m2!3d51.6107748!4d4.7563144!16s%2Fg%2F11fm33dzx8!19sChIJt_lSKMKfxkcRYuf06TvetX0?authuser=0&hl=nl&rclk=1,Telefoon: 06 48016614,Breda
Horeca on Tour,info@horecaontour.nl,https://horecaontour.nl/,https://www.google.com/maps/place/Horeca+on+Tour/data=!4m7!3m6!1s0x47c6a18ba16e778b:0x945fe8f4a8161e1a!8m2!3d51.5803732!4d4.7428719!16s%2Fg%2F11lcb8cm2f!19sChIJi3duoYuhxkcRGh4WqPToX5Q?authuser=0&hl=nl&rclk=1,Telefoon: 06 53945766,Breda
LAZIZ Kookstudio Breda,info@kookstudiobreda.nl,http://www.kookstudiobreda.nl/,https://www.google.com/maps/place/LAZIZ+Kookstudio+Breda/data=!4m7!3m6!1s0x47c69f588378e00d:0xf95917220e627a76!8m2!3d51.5894264!4d4.8331988!16s%2Fg%2F11g4jh74_j!19sChIJDeB4g1ifxkcRdnpiDiIXWfk?authuser=0&hl=nl&rclk=1,Telefoon: 06 81217718,Breda
Frietfeest Breda,,,https://www.google.com/maps/place/Frietfeest+Breda/data=!4m7!3m6!1s0x9a2d65d6d1c7fc5:0xac72c8a26b4522b5!8m2!3d51.587315!4d4.6896332!16s%2Fg%2F11ypc2c138!19sChIJxX8cbV3WogkRtSJFa6LIcqw?authuser=0&hl=nl&rclk=1,Telefoon: 06 47497769,Breda
DiningWithDanjar,Info@diningwithdanjar.nl,https://diningwithdanjar.com/,https://www.google.com/maps/place/DiningWithDanjar/data=!4m7!3m6!1s0x4b1b2e82dd1b7e0f:0x675bb54166a8869f!8m2!3d52.1909763!4d5.2795551!16s%2Fg%2F11y9140n1t!19sChIJD34b3YIuG0sRn4aoZkG1W2c?authuser=0&hl=nl&rclk=1,Telefoon: 06 18892413,Breda
Arne's Tafel,,,https://www.google.com/maps/place/Arne%27s+Tafel/data=!4m7!3m6!1s0x4cbc8aab4e411f15:0x6ceec1875979dc6e!8m2!3d52.1909763!4d5.2795551!16s%2Fg%2F11mm49p_05!19sChIJFR9BTquKvEwRbtx5WYfB7mw?authuser=0&hl=nl&rclk=1,Telefoon: 06 12670588,Breda
Food Enjoyce,info@foodenjoyce.nl,http://www.foodenjoyce.nl/,https://www.google.com/maps/place/Food+Enjoyce/data=!4m7!3m6!1s0x47c6a1cd2047d05d:0x5e4714bc73ed1319!8m2!3d51.5729112!4d4.7839526!16s%2Fg%2F11b6dgbcvl!19sChIJXdBHIM2hxkcRGRPtc7wUR14?authuser=0&hl=nl&rclk=1,Telefoon: 076 565 2097,Breda
Pur Sang Levi,info@pursanglevi.nl,https://www.pursanglevi.nl/,https://www.google.com/maps/place/Pur+Sang+Levi/data=!4m7!3m6!1s0x80619a3583c5c451:0x2afc2c17c8ea0ccb!8m2!3d51.5258283!4d5.1191224!16s%2Fg%2F11w8rlg6fc!19sChIJUcTFgzWaYYARywzqyBcs_Co?authuser=0&hl=nl&rclk=1,Telefoon: 06 41900780,Breda
JanenAlleman,info@janenallemanbreda.nl,http://www.janenallemanbreda.nl/,https://www.google.com/maps/place/JanenAlleman/data=!4m7!3m6!1s0x47c69f8732dc5183:0x66ef3106b1a3f6ce!8m2!3d51.5881026!4d4.7783279!16s%2Fg%2F11bvt2ms08!19sChIJg1HcMoefxkcRzvajsQYx72Y?authuser=0&hl=nl&rclk=1,Telefoon: 076 763 4055,Breda
Chef Rody,rody@chefrody.nl,https://www.chefrody.nl/,https://www.google.com/maps/place/Chef+Rody/data=!4m7!3m6!1s0xa7498092db420bed:0x20b3d866bb9f226e!8m2!3d52.1909763!4d5.2795551!16s%2Fg%2F11x189thch!19sChIJ7QtC25KASacRbiKfu2bYsyA?authuser=0&hl=nl&rclk=1,Telefoon: 06 23347848,Breda
Bühne Breda,info@buhne-breda.nl,https://www.buhne-breda.nl/,https://www.google.com/maps/place/B%C3%BChne+Breda/data=!4m7!3m6!1s0x47c69fe99ca7eb31:0x1b57a1fdacd3d725!8m2!3d51.5878639!4d4.7774088!16s%2Fg%2F11tt45p2_h!19sChIJMeunnOmfxkcRJdfTrP2hVxs?authuser=0&hl=nl&rclk=1,Telefoon: 06 18532483,Breda
The Foodbox Catering,info@foodboxcatering.nl,http://www.foodboxcatering.nl/,https://www.google.com/maps/place/The+Foodbox+Catering/data=!4m7!3m6!1s0x47c69f573220ad3d:0xe2b5d8c3d3d3f285!8m2!3d51.5827506!4d4.8267143!16s%2Fg%2F11jgx832yl!19sChIJPa0gMlefxkcRhfLT08PYteI?authuser=0&hl=nl&rclk=1,Telefoon: 076 887 8188,Breda
Sunshine Breda,,https://www.instagram.com/sunshinebreda,https://www.google.com/maps/place/Sunshine+Breda/data=!4m7!3m6!1s0x47c69f87c234f919:0xcbabdc4a4c1cfb2c!8m2!3d52.1909763!4d5.2795551!16s%2Fg%2F11cmgd1kr1!19sChIJGfk0woefxkcRLPscTErcq8s?authuser=0&hl=nl&rclk=1,,Breda
ONS Restaurant,info@onsrestaurantbreda.nl,https://onsrestaurantbreda.nl/restaurant/,https://www.google.com/maps/place/ONS+Restaurant/data=!4m7!3m6!1s0x47c69fd463fea129:0x505cca94d9e5d75b!8m2!3d51.6072306!4d4.7956983!16s%2Fg%2F11lgqj103_!19sChIJKaH-Y9SfxkcRW9fl2ZTKXFA?authuser=0&hl=nl&rclk=1,Telefoon: 06 21173232,Breda
Restaurant Ruitersbosch,info@restaurantruitersbosch.nl,http://www.restaurantruitersbosch.nl/,https://www.google.com/maps/place/Restaurant+Ruitersbosch/data=!4m7!3m6!1s0x47c6a06c9bac8cb7:0xef9bcaad26b81e91!8m2!3d51.5647222!4d4.7480556!16s%2Fg%2F1hc12jgpp!19sChIJt4ysm2ygxkcRkR64Jq3Km-8?authuser=0&hl=nl&rclk=1,Telefoon: 076 889 8000,Breda
ROOTS Culinair,info@rootsculinair.nl,https://www.rootsculinair.nl/,https://www.google.com/maps/place/ROOTS+Culinair/data=!4m7!3m6!1s0x47c69fc2c761b6ff:0x8bfdd89ef08e3c48!8m2!3d51.5923258!4d4.7998808!16s%2Fg%2F11lcrwry4p!19sChIJ_7Zhx8KfxkcRSDyO8J7Y_Ys?authuser=0&hl=nl&rclk=1,Telefoon: 06 34984314,Breda
Restaurant Uijttewaal,info@restaurantuijttewaal.nl,http://www.restaurantuijttewaal.nl/,https://www.google.com/maps/place/Restaurant+Uijttewaal/data=!4m7!3m6!1s0x47c6a148321c9dcf:0xd35ac98e3fdd0141!8m2!3d51.5574283!4d4.792042!16s%2Fg%2F11ghn__8wx!19sChIJz50cMkihxkcRQQHdP47JWtM?authuser=0&hl=nl&rclk=1,Telefoon: 076 565 0970,Breda
Eat Me Catering,,https://www.eatmecatering.nl/,https://www.google.com/maps/place/Eat+Me+Catering/data=!4m7!3m6!1s0x49edcfdfb50348f9:0x1515ea6089a67978!8m2!3d51.5258283!4d5.1191224!16s%2Fg%2F11x7ttfkhj!19sChIJ-UgDtd_P7UkReHmmiWDqFRU?authuser=0&hl=nl&rclk=1,Telefoon: 06 44868997,Breda
The Loffly Chef,info@pluimes.nl,http://www.thelofflychef.nl/,https://www.google.com/maps/place/The+Loffly+Chef/data=!4m7!3m6!1s0x47c6a02c10b6c603:0xc02c9f1ba395e8c6!8m2!3d51.6437029!4d4.8603893!16s%2Fg%2F11c562mvk5!19sChIJA8a2ECygxkcRxuiVoxufLMA?authuser=0&hl=nl&rclk=1,Telefoon: 06 15657684,Breda
De Buitenchef,info@debuitenchef.nl,https://www.debuitenchef.nl/,https://www.google.com/maps/place/De+Buitenchef/data=!4m7!3m6!1s0xaa43e96727c07d8d:0x1756317e28e9bb18!8m2!3d51.5642759!4d4.875805!16s%2Fg%2F11lzs6nk6z!19sChIJjX3AJ2fpQ6oRGLvpKH4xVhc?authuser=0&hl=nl&rclk=1,Telefoon: 06 55627935,Breda
DILEMMA,,https://www.dilemmakitchen.nl/,https://www.google.com/maps/place/DILEMMA/data=!4m7!3m6!1s0x47c6a11aeb50baeb:0x909f3378d63e64f!8m2!3d51.5863435!4d4.7640982!16s%2Fg%2F11lzbbg4r2!19sChIJ67pQ6xqhxkcRT-ZjjTfzCQk?authuser=0&hl=nl&rclk=1,Telefoon: 076 204 5402,Breda
Latour deli,info@latourbreda.nl,https://latourbreda.nl/,https://www.google.com/maps/place/Latour+deli/data=!4m7!3m6!1s0x47c69f872b9bff2d:0x5119fec62d35866f!8m2!3d51.5885957!4d4.7783864!16s%2Fg%2F1v3hz62g!19sChIJLf-bK4efxkcRb4Y1Lcb-GVE?authuser=0&hl=nl&rclk=1,Telefoon: 076 514 7880,Breda
Green Orchid,,https://greenorchid.nl/,https://www.google.com/maps/place/Green+Orchid/data=!4m7!3m6!1s0x4c68755341b9e7f3:0x6f3103122b21af3a!8m2!3d52.1909763!4d5.2795551!16s%2Fg%2F11xt9bw3lc!19sChIJ8-e5QVN1aEwROq8hKxIDMW8?authuser=0&hl=nl&rclk=1,Telefoon: 06 15003795,Breda
Clavos Culinaire Dienstverlening,,https://www.clavosculinair.nl/,https://www.google.com/maps/place/Clavos+Culinaire+Dienstverlening/data=!4m7!3m6!1s0x1d0f60f4cf8746f:0x3d8b5ebfabcce7a!8m2!3d51.5599295!4d4.7643414!16s%2Fg%2F11vrclym83!19sChIJb3T4TA_20AERes68-uu12AM?authuser=0&hl=nl&rclk=1,Telefoon: 06 83182915,Breda
Rob Kookt,,,https://www.google.com/maps/place/Rob+Kookt/data=!4m7!3m6!1s0x43aca95eb82b26b1:0x3763a70c4d3a33b6!8m2!3d52.1909763!4d5.2795551!16s%2Fg%2F11xlzcf3_k!19sChIJsSYruF6prEMRtjM6TQynYzc?authuser=0&hl=nl&rclk=1,Telefoon: 06 23771139,Breda
Wijnrestaurant Pinot,,http://www.wijnrestaurantpinot.nl/,https://www.google.com/maps/place/Wijnrestaurant+Pinot/data=!4m7!3m6!1s0x47c69f871d5375a9:0x134d2768fb4e97bf!8m2!3d51.5890361!4d4.7762444!16s%2Fg%2F11b6d860kx!19sChIJqXVTHYefxkcRv5dO-2gnTRM?authuser=0&hl=nl&rclk=1,Telefoon: 076 532 9077,Breda
Tropicana Breda,jvhhoreca@gmail.com,https://www.tropicanabreda.nl/,https://www.google.com/maps/place/Tropicana+Breda/data=!4m7!3m6!1s0x47c69f472806e3dd:0xc41913c7d00af4e!8m2!3d51.5970013!4d4.7708043!16s%2Fg%2F11kr80q9jf!19sChIJ3eMGKEefxkcRTq8AfTyRQQw?authuser=0&hl=nl&rclk=1,Telefoon: 06 19229222,Breda
Maritz Slow Food,info@maritzslowfood.nl,http://www.maritzslowfood.nl/,https://www.google.com/maps/place/Maritz+Slow+Food/data=!4m7!3m6!1s0x47c6a02959809f21:0x692422beccb59ae7!8m2!3d51.5827116!4d4.7773368!16s%2Fg%2F11bwl3z1hz!19sChIJIZ-AWSmgxkcR55q1zL4iJGk?authuser=0&hl=nl&rclk=1,Telefoon: 06 55818814,Breda
Restaurant Wolfslaar,info@restaurantwolfslaar.com,https://www.restaurantwolfslaar.com/,https://www.google.com/maps/place/Restaurant+Wolfslaar/data=!4m7!3m6!1s0x47c6a1beefa95647:0x317ad2c15a09cc7f!8m2!3d51.5606779!4d4.8048998!16s%2Fm%2F010xfc10!19sChIJR1ap776hxkcRf8wJWsHSejE?authuser=0&hl=nl&rclk=1,Telefoon: 076 201 4975,Breda
Restaurant Markant,Info@restaurantmarkant.nl,http://www.restaurantmarkant.nl/,https://www.google.com/maps/place/Restaurant+Markant/data=!4m7!3m6!1s0x47c6a13d229dcca5:0x9939676663f91a6d!8m2!3d51.572629!4d4.7869709!16s%2Fg%2F11sm9z9b9x!19sChIJpcydIj2hxkcRbRr5Y2ZnOZk?authuser=0&hl=nl&rclk=1,Telefoon: 076 565 3835,Breda
Ingenhousz Breda,,https://ingenhouszbreda.nl/,https://www.google.com/maps/place/Ingenhousz+Breda/data=!4m10!3m9!1s0x47c6a1b730ab6a7d:0x48a337cdffd4bc4c!5m2!4m1!1i2!8m2!3d51.5836705!4d4.7609696!16s%2Fg%2F11fr11cw0l!19sChIJfWqrMLehxkcRTLzU_803o0g?authuser=0&hl=nl&rclk=1,Telefoon: 076 230 3030,Breda
Culinice Catering,info@culinicecatering.com,http://www.culinicecatering.com/,https://www.google.com/maps/place/Culinice+Catering/data=!4m7!3m6!1s0x47c69f548e16f47d:0xe50cfe17f1071029!8m2!3d51.5884209!4d4.8341511!16s%2Fg%2F11c60k5kt7!19sChIJffQWjlSfxkcRKRAH8Rf-DOU?authuser=0&hl=nl&rclk=1,Telefoon: 076 532 8411,Breda
Chef's! Food & Drinks Breda,info.breda@chefsfoodanddrinks.nl,https://www.chefsfoodanddrinks.nl/breda/,https://www.google.com/maps/place/Chef%27s!+Food+%26+Drinks+Breda/data=!4m7!3m6!1s0x47c69f88c45a87ab:0x8351f846ac7f160e!8m2!3d51.5948133!4d4.7777134!16s%2Fg%2F11wbdlb2ws!19sChIJq4daxIifxkcRDhZ_rEb4UYM?authuser=0&hl=nl&rclk=1,Telefoon: 076 522 0200,Breda
5. by Cas,info@5bycas.nl,http://www.5bycas.nl/,https://www.google.com/maps/place/5.+by+Cas/data=!4m7!3m6!1s0x47c6a1f49ed12c6d:0xa9abe4993c0a2d1a!8m2!3d51.5872428!4d4.776245!16s%2Fg%2F11j31_mb7t!19sChIJbSzRnvShxkcRGi0KPJnkq6k?authuser=0&hl=nl&rclk=1,,Breda
Barry's Catering,info@barryscatering.nl,http://barryscatering.nl/,https://www.google.com/maps/place/Barry%27s+Catering/data=!4m7!3m6!1s0x47c6a01a2e693cdb:0x34c5f19becd38733!8m2!3d51.5791704!4d4.7503997!16s%2Fg%2F11btmq27n6!19sChIJ2zxpLhqgxkcRM4fT7JvxxTQ?authuser=0&hl=nl&rclk=1,Telefoon: 076 521 4654,Breda
Il Limone,info@illimone.nl,https://www.illimone.nl/,https://www.google.com/maps/place/Il+Limone/data=!4m7!3m6!1s0x47c6a18732a46445:0x9eb80b82e52c5c40!8m2!3d51.5798965!4d4.777445!16s%2Fg%2F11v6kc818t!19sChIJRWSkMoehxkcRQFws5YILuJ4?authuser=0&hl=nl&rclk=1,Telefoon: 076 532 3667,Breda
Catering Petit Salon,info@cateringpetitsalon.nl,https://cateringpetitsalon.nl/,https://www.google.com/maps/place/Catering+Petit+Salon/data=!4m7!3m6!1s0x47c6a1bdbdc2c5e5:0xdc6be66680819f65!8m2!3d51.5745038!4d4.791158!16s%2Fg%2F11j12g5kbn!19sChIJ5cXCvb2hxkcRZZ-BgGbma9w?authuser=0&hl=nl&rclk=1,Telefoon: 06 31004418,Breda
Landhuis Wolfslaar,info@wolfslaar.com,http://www.wolfslaar.com/,https://www.google.com/maps/place/Landhuis+Wolfslaar/data=!4m7!3m6!1s0x47c6a1be3d2280fb:0x104ec1250ceae233!8m2!3d51.560884!4d4.804962!16s%2Fg%2F1tjmcwvf!19sChIJ-4AiPb6hxkcRM-LqDCXBThA?authuser=0&hl=nl&rclk=1,Telefoon: 076 560 8000,Breda
Restaurant Blossem,info@restaurantblossem.nl,http://www.restaurantblossem.nl/,https://www.google.com/maps/place/Restaurant+Blossem/data=!4m7!3m6!1s0x47c6a1f18d6a12c1:0x88297d77480e2f70!8m2!3d51.5836092!4d4.7555088!16s%2Fg%2F11shcyr8s4!19sChIJwRJqjfGhxkcRcC8OSHd9KYg?authuser=0&hl=nl&rclk=1,Telefoon: 076 303 8482,Breda
DineDeluxe,,https://dinedeluxe.nl/,https://www.google.com/maps/place/DineDeluxe/data=!4m7!3m6!1s0xad894d63fa7cd72d:0x610a4484620d8b51!8m2!3d51.7711444!4d4.9630618!16s%2Fg%2F11lybvjbv1!19sChIJLdd8-mNNia0RUYsNYoRECmE?authuser=0&hl=nl&rclk=1,Telefoon: 06 24322743,Breda
Catering & Events Guido van Wolven,info@guidovanwolven.nl,http://www.guidovanwolven.nl/,https://www.google.com/maps/place/Catering+%26+Events+Guido+van+Wolven/data=!4m7!3m6!1s0x47c4201acd0c0dad:0x6fb1e16a18fdb880!8m2!3d51.605914!4d4.7039492!16s%2Fg%2F1ptxvrz4j!19sChIJrQ0MzRogxEcRgLj9GGrhsW8?authuser=0&hl=nl&rclk=1,Telefoon: 076 762 0096,Breda
Clique,info@cliquebreda.nl,https://www.cliquebreda.nl/,https://www.google.com/maps/place/Clique/data=!4m7!3m6!1s0x47c6a17950ed86d5:0x94311bb8a1732dab!8m2!3d51.583204!4d4.7781346!16s%2Fg%2F11lcq39g_t!19sChIJ1YbtUHmhxkcRqy1zobgbMZQ?authuser=0&hl=nl&rclk=1,Telefoon: 076 785 0619,Breda
Porta Sud,info@portasud.nl,http://www.portasud.nl/,https://www.google.com/maps/place/Porta+Sud/data=!4m7!3m6!1s0x47c6a11878ada3a1:0xf764bfbef4015484!8m2!3d51.582459!4d4.7776223!16s%2Fg%2F11h8w8mx9t!19sChIJoaOteBihxkcRhFQB9L6_ZPc?authuser=0&hl=nl&rclk=1,Telefoon: 076 888 7296,Breda
Salon de Provence,,https://www.salondeprovence.nl/,https://www.google.com/maps/place/Salon+de+Provence/data=!4m7!3m6!1s0x47c6a1cd2881ffe9:0xc800447fcdae1441!8m2!3d51.5731381!4d4.7830392!16s%2Fg%2F1wyc3k6g!19sChIJ6f-BKM2hxkcRQRSuzX9EAMg?authuser=0&hl=nl&rclk=1,Telefoon: 076 561 5969,Breda
Flippingpans,,https://flippingpans.nl/,https://www.google.com/maps/place/Flippingpans/data=!4m7!3m6!1s0x47c6a13790ef737b:0xbd4761930822f4fd!8m2!3d51.569563!4d4.7993718!16s%2Fg%2F11l327q9vd!19sChIJe3PvkDehxkcR_fQiCJNhR70?authuser=0&hl=nl&rclk=1,Telefoon: 06 48900385,Breda
Chef Daim,,https://www.chefdaim.nl/,https://www.google.com/maps/place/Chef+Daim/data=!4m7!3m6!1s0xaacd80944d63bb45:0xb18d08d42973da6c!8m2!3d52.1909763!4d5.2795551!16s%2Fg%2F11zk7r1vgg!19sChIJRbtjTZSAzaoRbNpzKdQIjbE?authuser=0&hl=nl&rclk=1,,Breda
Bleue Bar Bistro,info@bleuebarbistro.nl,http://www.bleuebarbistro.nl/,https://www.google.com/maps/place/Bleue+Bar+Bistro/data=!4m7!3m6!1s0x47c69f16e9fce709:0xf31b02370af0bba!8m2!3d51.5875235!4d4.7762694!16s%2Fg%2F11gr29b4lc!19sChIJCef86RafxkcRuguvcCOwMQ8?authuser=0&hl=nl&rclk=1,Telefoon: 076 201 5795,Breda
De Botanist - Bar & Kitchen,reserveren@debotanistbreda.nl%20,https://www.debotanistbreda.nl/,https://www.google.com/maps/place/De+Botanist+-+Bar+%26+Kitchen/data=!4m7!3m6!1s0x47c69f9816b3af61:0x77682f2f256c75e5!8m2!3d51.5882135!4d4.7715059!16s%2Fg%2F11g_z270ck!19sChIJYa-zFpifxkcR5XVsJS8vaHc?authuser=0&hl=nl&rclk=1,Telefoon: 076 720 0010,Breda
CHOCOLAT RESTAURANT,reserveren@restaurant-chocolat.nl,http://www.restaurant-chocolat.nl/,https://www.google.com/maps/place/CHOCOLAT+RESTAURANT/data=!4m7!3m6!1s0x47c69f37e7413ef9:0xf89d3ccfd4128f08!8m2!3d51.584196!4d4.7797777!16s%2Fg%2F12hlk5jy0!19sChIJ-T5B5zefxkcRCI8S1M88nfg?authuser=0&hl=nl&rclk=1,Telefoon: 076 533 5975,Breda
Jagerscatering,info@jagers-catering.nl,https://www.jagers-catering.nl/?utm_source=google&utm_medium=wix_google_business_profile&utm_campaign=9794698646181526094,https://www.google.com/maps/place/Jagerscatering/data=!4m7!3m6!1s0x47c69f2d75f38e61:0x604b6c105fc9b8c5!8m2!3d51.5882045!4d4.777549!16s%2Fg%2F11y0mk61jd!19sChIJYY7zdS2fxkcRxbjJXxBsS2A?authuser=0&hl=nl&rclk=1,Telefoon: 06 31966447,Breda
Het Witte Schaap,info@hetwitteschaap.nl,http://www.hetwitteschaap.nl/,https://www.google.com/maps/place/Het+Witte+Schaap/data=!4m7!3m6!1s0x47c69ff6334c364b:0x910bbdccbb26f6b7!8m2!3d51.588486!4d4.7494766!16s%2Fg%2F1tcx0r9_!19sChIJSzZMM_afxkcRt_Ymu8y9C5E?authuser=0&hl=nl&rclk=1,Telefoon: 076 521 5149,Breda
De Ruimte Breda,hello@deruimtebreda.nl,http://www.deruimtebreda.nl/,https://www.google.com/maps/place/De+Ruimte+Breda/data=!4m7!3m6!1s0x47c6a01a141145b7:0xddc001b4e537378f!8m2!3d51.5782047!4d4.7495535!16s%2Fg%2F12cntf144!19sChIJt0URFBqgxkcRjzc35bQBwN0?authuser=0&hl=nl&rclk=1,Telefoon: 06 22500458,Breda
K-eet,zinin@k-eet.nl,https://www.k-eet.nl/,https://www.google.com/maps/place/K-eet/data=!4m7!3m6!1s0x47c6a02d9b2d8b31:0x997bd7672f179516!8m2!3d51.5812282!4d4.7810881!16s%2Fg%2F1ts2zh7b!19sChIJMYstmy2gxkcRFpUXL2fXe5k?authuser=0&hl=nl&rclk=1,Telefoon: 06 22200368,Breda
Gadjah Indonesische specialiteiten 🇮🇩,gadjah@zohomail.eu,https://www.gadjah.nl/,https://www.google.com/maps/place/Gadjah+Indonesische+specialiteiten+%F0%9F%87%AE%F0%9F%87%A9/data=!4m7!3m6!1s0x47c6a1c681b280f3:0x88138057c54aed10!8m2!3d51.5746372!4d4.7587671!16s%2Fg%2F11v3_16kx3!19sChIJ84CygcahxkcREO1KxVeAE4g?authuser=0&hl=nl&rclk=1,Telefoon: 06 29514008,Breda
DinnerTijn,info@dinnertijn.nl,http://www.dinnertijn.nl/,https://www.google.com/maps/place/DinnerTijn/data=!4m7!3m6!1s0x47c42105a0901455:0xbfc49221010835b9!8m2!3d51.5499598!4d4.8938864!16s%2Fg%2F11mv4pmsn1!19sChIJVRSQoAUhxEcRuTUIASGSxL8?authuser=0&hl=nl&rclk=1,Telefoon: 06 29492007,Breda
Breda University of Applied Sciences,servicedesk@buas.nl,https://www.buas.nl/?utm_source=gmb&utm_medium=organic&utm_campaign=gmb,https://www.google.com/maps/place/Breda+University+of+Applied+Sciences/data=!4m7!3m6!1s0x47c69f7c842233bd:0x86d18b2b99f0f778!8m2!3d51.5905039!4d4.793652!16s%2Fm%2F09g7z07!19sChIJvTMihHyfxkcRePfwmSuL0YY?authuser=0&hl=nl&rclk=1,Telefoon: 076 533 2203,Breda
Natuurhuisje,verhuren@natuurhuisje.nl,https://www.natuurhuisje.nl/?utm_source=google&utm_medium=organic&utm_campaign=gmb,https://www.google.com/maps/place/Natuurhuisje/data=!4m7!3m6!1s0x47c42018bd0b7fa3:0xe6e5b55cbedbe91!8m2!3d51.5938317!4d4.7783529!16s%2Fg%2F11gxf9sdnx!19sChIJo38LvRggxEcRkb7ty1Vbbg4?authuser=0&hl=nl&rclk=1,Telefoon: 085 888 3337,Breda
Kwalitaria Bisschopshoeve - Breda,,https://kwalitaria.nl/?utm_source=google&utm_medium=organic&utm_campaign=organic_gmb,https://www.google.com/maps/place/Kwalitaria+Bisschopshoeve+-+Breda/data=!4m7!3m6!1s0x47c69f5992f7d659:0x5804409bfc5f66a3!8m2!3d51.5890453!4d4.8220505!16s%2Fg%2F1tcxnw_z!19sChIJWdb3klmfxkcRo2Zf_JtABFg?authuser=0&hl=nl&rclk=1,Telefoon: 076 581 0641,Breda
Veul Soeps,info@veulsoeps.nl,http://veulsoeps.nl/,https://www.google.com/maps/place/Veul+Soeps/data=!4m7!3m6!1s0x47c69fc6345f953d:0xb27d8732b3d252c9!8m2!3d51.6176413!4d4.7606661!16s%2Fg%2F11dymfx231!19sChIJPZVfNMafxkcRyVLSszKHfbI?authuser=0&hl=nl&rclk=1,Telefoon: 06 19689119,Breda
De Fazant,info@defazant-ulvenhout.nl,https://www.defazant-ulvenhout.nl/,https://www.google.com/maps/place/De+Fazant/data=!4m7!3m6!1s0x47c6a184d154f1ad:0x51f7d4571b6f8f19!8m2!3d51.5499747!4d4.8174918!16s%2Fg%2F11fylshlg4!19sChIJrfFU0YShxkcRGY9vG1fU91E?authuser=0&hl=nl&rclk=1,Telefoon: 076 561 3095,Breda
Los Olivos,info@losolivosbreda.nl,http://www.losolivosbreda.nl/,https://www.google.com/maps/place/Los+Olivos/data=!4m7!3m6!1s0x47c6a00586128d63:0x1d0d20e9c90818b0!8m2!3d51.5776233!4d4.7404106!16s%2Fg%2F11css6lk4w!19sChIJY40ShgWgxkcRsBgIyekgDR0?authuser=0&hl=nl&rclk=1,Telefoon: 06 19861843,Breda
Het Horeca Huis - Horeca makelaardij en advies,info@hethorecahuis.nl,http://www.hethorecahuis.nl/,https://www.google.com/maps/place/Het+Horeca+Huis+-+Horeca+makelaardij+en+advies/data=!4m7!3m6!1s0x47c6a1ea9bd2a495:0xadb0445cebb327a!8m2!3d51.5258283!4d5.1191224!16s%2Fg%2F11jcxzkq4j!19sChIJlaTSm-qhxkcRejK7zkUE2wo?authuser=0&hl=nl&rclk=1,Telefoon: 06 43911418,Breda
Piet Kookt,,,https://www.google.com/maps/place/Piet+Kookt/data=!4m7!3m6!1s0x47c69f9b4330af87:0xae4365baa9e953d6!8m2!3d51.5979349!4d4.7792768!16s%2Fg%2F1tgh25t0!19sChIJh68wQ5ufxkcR1lPpqbplQ64?authuser=0&hl=nl&rclk=1,Telefoon: 076 520 0040,Breda
Hamsehoeve Foodtruck,,,https://www.google.com/maps/place/Hamsehoeve+Foodtruck/data=!4m7!3m6!1s0x47c42169e2f81619:0x8effbd76b71eb86a!8m2!3d52.1909763!4d5.2795551!16s%2Fg%2F1th48knw!19sChIJGRb44mkhxEcRarget3a9_44?authuser=0&hl=nl&rclk=1,Telefoon: 06 57334029,Breda
Stichting Social Catering,info@stichtingsocialcatering.nl,https://www.stichtingsocialcatering.nl/,https://www.google.com/maps/place/Stichting+Social+Catering/data=!4m7!3m6!1s0x47c6993f98b437c7:0x97947189dc3fbbf2!8m2!3d51.6443324!4d4.8461484!16s%2Fg%2F11cjhyxfrq!19sChIJxze0mD-ZxkcR8rs_3IlxlJc?authuser=0&hl=nl&rclk=1,Telefoon: 0162 462 691,Breda
Café/Zaal Het Veehandelshuis,info@hetveehandelshuis.nl,http://www.hetveehandelshuis.nl/,https://www.google.com/maps/place/Caf%C3%A9%2FZaal+Het+Veehandelshuis/data=!4m7!3m6!1s0x47c420193b839e49:0xd34069e872ba2a6e!8m2!3d51.5951972!4d4.7128956!16s%2Fg%2F1tsyjc8x!19sChIJSZ6DOxkgxEcRbiq6cuhpQNM?authuser=0&hl=nl&rclk=1,Telefoon: 076 541 3089,Breda
Festivalbruiloft,Info@wizardevents.nl,https://trouwen.wizardevents.nl/festivalbruiloft,https://www.google.com/maps/place/Festivalbruiloft/data=!4m7!3m6!1s0x47c69fb621be5a2d:0x7043e15c0bfeb0fe!8m2!3d51.5912165!4d4.7388539!16s%2Fg%2F11tg4z4xb9!19sChIJLVq-IbafxkcR_rD-C1zhQ3A?authuser=0&hl=nl&rclk=1,Telefoon: 076 785 6161,Breda
Wizard Events | Evenementenbureau Breda,Info@wizardevents.nl,https://www.wizardevents.nl/,https://www.google.com/maps/place/Wizard+Events+%7C+Evenementenbureau+Breda/data=!4m7!3m6!1s0x47c69ffec76e4813:0x7a39d31e9026b081!8m2!3d51.5912165!4d4.7388539!16s%2Fg%2F11c2pt42fd!19sChIJE0hux_6fxkcRgbAmkB7TOXo?authuser=0&hl=nl&rclk=1,Telefoon: 076 785 6161,Breda
Samba Food 🇧🇷,info@samba-food.nl,http://www.samba-food.nl/,https://www.google.com/maps/place/Samba+Food+%F0%9F%87%A7%F0%9F%87%B7/data=!4m7!3m6!1s0x47c69fc1f8e51935:0x6a0e5ecef4d19b63!8m2!3d51.5894479!4d4.7750608!16s%2Fg%2F11h6t96h56!19sChIJNRnl-MGfxkcRY5vR9M5eDmo?authuser=0&hl=nl&rclk=1,,Breda
Amore Trattoria,,https://www.amoretrattoria.nl/,https://www.google.com/maps/place/Amore+Trattoria/data=!4m7!3m6!1s0x47c69f8a01d3adb5:0x7bb57c3cc30e1d2c!8m2!3d51.5870566!4d4.7652924!16s%2Fg%2F11cllgx0x8!19sChIJta3TAYqfxkcRLB0Owzx8tXs?authuser=0&hl=nl&rclk=1,Telefoon: 076 530 9519,Breda
Bangkok Take Away,,http://www.bangkoktakeaway.nl/,https://www.google.com/maps/place/Bangkok+Take+Away/data=!4m7!3m6!1s0x47c69f7726795d49:0x9605026fcc9555f2!8m2!3d51.5986539!4d4.7921591!16s%2Fg%2F1tl0wkf1!19sChIJSV15JnefxkcR8lWVzG8CBZY?authuser=0&hl=nl&rclk=1,Telefoon: 076 581 1930,Breda
Vermeulen Catering,info@vermeulencatering.nl,http://www.vermeulencatering.nl/,https://www.google.com/maps/place/Vermeulen+Catering/data=!4m7!3m6!1s0x47c6993f98eb52f3:0x7ba3c6602c0949c4!8m2!3d51.63488!4d4.9043722!16s%2Fg%2F1th7m390!19sChIJ81LrmD-ZxkcRxEkJLGDGo3s?authuser=0&hl=nl&rclk=1,Telefoon: 0162 455 628,Breda
Partycentrum 't Maoske,info@maoske.nl,http://www.maoske.nl/,https://www.google.com/maps/place/Partycentrum+%27t+Maoske/data=!4m10!3m9!1s0x47c696f72daaade9:0xe43fa4a9cdb19785!5m2!4m1!1i2!8m2!3d51.6240905!4d5.0138352!16s%2Fg%2F1tgj_vnx!19sChIJ6a2qLfeWxkcRhZexzamkP-Q?authuser=0&hl=nl&rclk=1,Telefoon: 013 515 9295,Breda
De Colonie Breda,breda@colonie.nl,https://breda.colonie.nl/,https://www.google.com/maps/place/De+Colonie+Breda/data=!4m7!3m6!1s0x47c69f871a2669a5:0x82dc2b115839863e!8m2!3d51.588558!4d4.7764874!16s%2Fg%2F11bbwz7kh4!19sChIJpWkmGoefxkcRPoY5WBEr3II?authuser=0&hl=nl&rclk=1,Telefoon: 076 521 4082,Breda
geertkip.nl,info@geertkip.nl,http://www.geertkip.nl/,https://www.google.com/maps/place/geertkip.nl/data=!4m7!3m6!1s0x47c6a020a50ce7d5:0xdd5f69f0d035e9f4!8m2!3d51.586428!4d4.7642857!16s%2Fg%2F1tf3n3r4!19sChIJ1ecMpSCgxkcR9Ok10PBpX90?authuser=0&hl=nl&rclk=1,Telefoon: 076 521 7055,Breda
SodaStream Enterprises N.V.,info@sodastream.nl,http://www.sodastream.nl/,https://www.google.com/maps/place/SodaStream+Enterprises+N.V./data=!4m7!3m6!1s0x47c6bd55cb02d8cb:0xb4a36c8902a71b67!8m2!3d51.5910613!4d4.7621072!16s%2Fg%2F1xpwh_lc!19sChIJy9gCy1W9xkcRZxunAolso7Q?authuser=0&hl=nl&rclk=1,Telefoon: 0800 0223637,Breda
Veemarktplein,info@veemarktplein.nl,http://veemarktplein.nl/,https://www.google.com/maps/place/Veemarktplein/data=!4m7!3m6!1s0x47c69fc4671ee673:0x61e8a51f57c9d93b!8m2!3d51.5883936!4d4.7786134!16s%2Fg%2F11tk20njkz!19sChIJc-YeZ8SfxkcRO9nJVx-l6GE?authuser=0&hl=nl&rclk=1,Telefoon: 076 303 1461,Breda
Laziz Restaurant,,https://www.lazizrestaurant.nl/,https://www.google.com/maps/place/Laziz+Restaurant/data=!4m7!3m6!1s0x47c6a14e5f192a19:0x4ffceda14c12eab4!8m2!3d51.567622!4d4.7852496!16s%2Fg%2F11ny1k8vx3!19sChIJGSoZX06hxkcRtOoSTKHt_E8?authuser=0&hl=nl&rclk=1,Telefoon: 06 21864252,Breda
Maison Moes Slagerij-Traiteur,sandra@maisonmoes.nl,https://www.maisonmoes.nl/,https://www.google.com/maps/place/Maison+Moes+Slagerij-Traiteur/data=!4m7!3m6!1s0x47c6a1cf2904cde7:0x4895aef30daf2ba4!8m2!3d51.5705737!4d4.7905913!16s%2Fg%2F1tczpl2c!19sChIJ580EKc-hxkcRpCuvDfOulUg?authuser=0&hl=nl&rclk=1,Telefoon: 076 565 5815,Breda
Asian Fusion Merlina,info@restaurantmerlina.nl,http://www.restaurantmerlina.nl/,https://www.google.com/maps/place/Asian+Fusion+Merlina/data=!4m7!3m6!1s0x47c4201279b44411:0xeae8610d8ff83da8!8m2!3d51.606478!4d4.723223!16s%2Fg%2F1tlgx3jr!19sChIJEUS0eRIgxEcRqD34jw1h6Oo?authuser=0&hl=nl&rclk=1,Telefoon: 076 542 9281,Breda
Brasserie Boschdal,Boschdal@culinice.com,http://www.brasserieboschdal.nl/,https://www.google.com/maps/place/Brasserie+Boschdal/data=!4m7!3m6!1s0x47c4213481a82af1:0x8822333713149af8!8m2!3d51.6180351!4d4.6988175!16s%2Fg%2F11kc6bpdwb!19sChIJ8SqogTQhxEcR-JoUEzczIog?authuser=0&hl=nl&rclk=1,Telefoon: 076 700 2976,Breda
Bossers Vlees Breda B.V.,lauranbossers@gmail.com,http://www.bossersvlees.nl/,https://www.google.com/maps/place/Bossers+Vlees+Breda+B.V./data=!4m7!3m6!1s0x47c69fe798ade3b7:0x1d683147f06858a3!8m2!3d51.6072842!4d4.7462103!16s%2Fg%2F1tz70mcc!19sChIJt-OtmOefxkcRo1ho8EcxaB0?authuser=0&hl=nl&rclk=1,Telefoon: 076 541 8978,Breda
Boerderij Wolfslaar,Wolfslaar@breda.nl,https://www.wolfslaarbreda.nl/,https://www.google.com/maps/place/Boerderij+Wolfslaar/data=!4m7!3m6!1s0x47c6a1bee5eb454d:0xe9bcc9cf0ec43966!8m2!3d51.5611111!4d4.8016667!16s%2Fg%2F11bvt54t8j!19sChIJTUXr5b6hxkcRZjnEDs_JvOk?authuser=0&hl=nl&rclk=1,Telefoon: 076 529 4459,Breda
Hemelse broodjes,info@hemelsebroodjes.nl,http://www.hemelsebroodjes.nl/,https://www.google.com/maps/place/Hemelse+broodjes/data=!4m7!3m6!1s0x47c421dfae184e35:0xc585485c5dc6392e!8m2!3d51.5871325!4d4.6557191!16s%2Fg%2F11gcg7wcwr!19sChIJNU4Yrt8hxEcRLjnGXVxIhcU?authuser=0&hl=nl&rclk=1,Telefoon: 076 532 8115,Breda
Keurslager J. van Beijsterveldt,info@jvanbeijsterveldt.keurslager.nl,https://jvanbeijsterveldt.keurslager.nl/,https://www.google.com/maps/place/Keurslager+J.+van+Beijsterveldt/data=!4m7!3m6!1s0x47c6a03aeb0dca3d:0xce06bf0bcbb77bcf!8m2!3d51.5746774!4d4.7678884!16s%2Fg%2F1th7m3bd!19sChIJPcoN6zqgxkcRz3u3ywu_Bs4?authuser=0&hl=nl&rclk=1,Telefoon: 076 514 1929,Breda
HANOS-ISPC Breda,receptie_breda@hanos.nl,https://www.hanos.nl/nl/groothandel/HANOS-ISPC-Breda,https://www.google.com/maps/place/HANOS-ISPC+Breda/data=!4m7!3m6!1s0x47c69f95c6f77da3:0x2ab108db835fdec9!8m2!3d51.6061755!4d4.7673275!16s%2Fg%2F1vfp7dzv!19sChIJo333xpWfxkcRyd5fg9sIsSo?authuser=0&hl=nl&rclk=1,Telefoon: 076 572 6726,Breda
Coffee on Wheels Breda,danny@coffeeonwheels.nl,https://www.coffeeonwheels.nl/locaties/coffee-on-wheels-breda/,https://www.google.com/maps/place/Coffee+on+Wheels+Breda/data=!4m7!3m6!1s0x47c6995ac862924b:0xde5429da37279302!8m2!3d51.6197987!4d4.8758411!16s%2Fg%2F11dxcjccg7!19sChIJS5JiyFqZxkcRApMnN9opVN4?authuser=0&hl=nl&rclk=1,Telefoon: 06 52430986,Breda
Senang Makan,info@senangmakan.nl,http://www.senangmakan.nl/,https://www.google.com/maps/place/Senang+Makan/data=!4m7!3m6!1s0x47c6a0222e7ea3e7:0xe03fdf98b1dd43e6!8m2!3d51.5932495!4d4.8003363!16s%2Fg%2F1q629jwtt!19sChIJ56N-LiKgxkcR5kPdsZjfP-A?authuser=0&hl=nl&rclk=1,Telefoon: 076 888 8941,Breda
Don Leone 🇮🇹,,https://www.don-leone.nl/,https://www.google.com/maps/place/Don+Leone+%F0%9F%87%AE%F0%9F%87%B9/data=!4m7!3m6!1s0x47c69f9b020035d7:0x4a528579466a19e2!8m2!3d51.5890115!4d4.7798517!16s%2Fg%2F11lrk_k6w9!19sChIJ1zUAApufxkcR4hlqRnmFUko?authuser=0&hl=nl&rclk=1,Telefoon: 076 562 3756,Breda
Casa Panzerotti,info@casapanzerotti.nl,https://www.casapanzerotti.nl/,https://www.google.com/maps/place/Casa+Panzerotti/data=!4m7!3m6!1s0x47c6a18f968a14fb:0xb852d55bdd49fe7f!8m2!3d51.5729698!4d4.7735327!16s%2Fg%2F11y431m_l6!19sChIJ-xSKlo-hxkcRf_5J3VvVUrg?authuser=0&hl=nl&rclk=1,Telefoon: 06 27469030,Breda
Slagerij van Kuijk,info@slagerijvankuijk.nl,https://slagerijvankuijk.nl/,https://www.google.com/maps/place/Slagerij+van+Kuijk/data=!4m7!3m6!1s0x47c6a1f50244e517:0x8377a935cbafea3c!8m2!3d51.5653486!4d4.8294907!16s%2Fg%2F1tx8sf5t!19sChIJF-VEAvWhxkcRPOqvyzWpd4M?authuser=0&hl=nl&rclk=1,Telefoon: 0161 431 208,Breda
Lust Zevenbergen,info@lustcatering.nl,https://www.lustzevenbergen.nl/,https://www.google.com/maps/place/Lust+Zevenbergen/data=!4m7!3m6!1s0x47c69c2663d52fc3:0x8096326960c3fe26!8m2!3d51.6465764!4d4.6095366!16s%2Fg%2F11cmsrk7lc!19sChIJwy_VYyacxkcRJv7DYGkyloA?authuser=0&hl=nl&rclk=1,Telefoon: 0168 227 262,Breda
SushiPoint Breda,,http://www.sushipoint.nl/sushi-breda,https://www.google.com/maps/place/SushiPoint+Breda/data=!4m7!3m6!1s0x47c6a029059818ad:0x2c2a8def34dcbc9c!8m2!3d51.5834311!4d4.7747353!16s%2Fg%2F11b63vxfbh!19sChIJrRiYBSmgxkcRnLzcNO-NKiw?authuser=0&hl=nl&rclk=1,Telefoon: 076 514 1933,Breda
HorecaKas Makelaardij en MKHoreca,info@horecakas.nl,http://www.horecakas.nl/,https://www.google.com/maps/place/HorecaKas+Makelaardij+en+MKHoreca/data=!4m7!3m6!1s0x47c6a1cf5a32d8cd:0x172bd6ed48cdb80f!8m2!3d51.570715!4d4.794332!16s%2Fg%2F1tlbhsjm!19sChIJzdgyWs-hxkcRD7jNSO3WKxc?authuser=0&hl=nl&rclk=1,Telefoon: 06 49111649,Breda
Trumpi Time,,https://www.trumpitimebreda.nl/,https://www.google.com/maps/place/Trumpi+Time/data=!4m7!3m6!1s0x47c69f7e4b628675:0x9fcf0caa71893a34!8m2!3d51.6012504!4d4.7837883!16s%2Fg%2F11rf6qcjsy!19sChIJdYZiS36fxkcRNDqJcaoMz58?authuser=0&hl=nl&rclk=1,Telefoon: 076 200 7663,Breda
Woonboulevard Breda XXL,,https://www.woonboulevardbreda.nl/,https://www.google.com/maps/place/Woonboulevard+Breda+XXL/data=!4m7!3m6!1s0x47c6a0071ead8635:0xd56ccc2f949d073c!8m2!3d51.5808336!4d4.7319739!16s%2Fg%2F1vm_x2pn!19sChIJNYatHgegxkcRPAedlC_MbNU?authuser=0&hl=nl&rclk=1,Telefoon: 076 303 6202,Breda
Restaurant Bouvigne Paradijs,info@bouvigneparadijs.nl,http://www.bouvigneparadijs.nl/,https://www.google.com/maps/place/Restaurant+Bouvigne+Paradijs/data=!4m7!3m6!1s0x47c6a1b542170917:0xf1ccaf030176447!8m2!3d51.5642319!4d4.7822447!16s%2Fg%2F1td6rf_q!19sChIJFwkXQrWhxkcRR2QXMPDKHA8?authuser=0&hl=nl&rclk=1,Telefoon: 076 560 0600,Breda
restaurant Centwich-Smaack,,https://www.smaack.app/,https://www.google.com/maps/place/restaurant+Centwich-Smaack/data=!4m7!3m6!1s0x47c6a029f6e12567:0x8ee14d699fa62476!8m2!3d51.5856741!4d4.7776157!16s%2Fg%2F11bcch5483!19sChIJZyXh9imgxkcRdiSmn2lN4Y4?authuser=0&hl=nl&rclk=1,Telefoon: 06 16947134,Breda
Well - Healthy Food & JuiceBar,info@jeweetwell.nl,https://enjoywell.nl/,https://www.google.com/maps/place/Well+-+Healthy+Food+%26+JuiceBar/data=!4m7!3m6!1s0x47c6a136fec629ed:0x3c745deadf1919de!8m2!3d51.5812012!4d4.7777089!16s%2Fg%2F11qh1dgtqw!19sChIJ7SnG_jahxkcR3hkZ3-pddDw?authuser=0&hl=nl&rclk=1,Telefoon: 076 711 2844,Breda
Inspirium Breda,amsterdam@inspirium.nl,https://www.inspirium.nl/?utm_source=google&utm_medium=organic&utm_campaign=google_business_profile&utm_content=breda,https://www.google.com/maps/place/Inspirium+Breda/data=!4m7!3m6!1s0x47c6a0185601e82d:0x6c59c96fc197fff3!8m2!3d51.5794315!4d4.7544665!16s%2Fg%2F11bbtg31l4!19sChIJLegBVhigxkcR8_-XwW_JWWw?authuser=0&hl=nl&rclk=1,Telefoon: 076 523 0395,Breda
De meiden van ons Toos,info@demeidenvanonstoos.nl,https://www.demeidenvanonstoos.nl/,https://www.google.com/maps/place/De+meiden+van+ons+Toos/data=!4m7!3m6!1s0x47c6a1daedee9ad7:0xe2225893a1c4826b!8m2!3d51.5772995!4d4.7808999!16s%2Fg%2F11vjdv6v_k!19sChIJ15ru7dqhxkcRa4LEoZNYIuI?authuser=0&hl=nl&rclk=1,Telefoon: 076 532 1969,Breda
Blushok,info@blushok.nl,http://www.blushok.nl/,https://www.google.com/maps/place/Blushok/data=!4m7!3m6!1s0x47c69f87be74ee33:0xa0f4ecdba8c977f2!8m2!3d51.5977082!4d4.7563544!16s%2Fg%2F11sq19mjjs!19sChIJM-50voefxkcR8nfJqNvs9KA?authuser=0&hl=nl&rclk=1,Telefoon: 06 54215955,Breda
Flowers & Foodies - Hap & Hap,,,https://www.google.com/maps/place/Flowers+%26+Foodies+-+Hap+%26+Hap/data=!4m7!3m6!1s0x47c4211cb320cb1b:0x942b9a194e8de8fc!8m2!3d51.6132293!4d4.6865348!16s%2Fg%2F11nz0sj4_l!19sChIJG8sgsxwhxEcR_OiNThmaK5Q?authuser=0&hl=nl&rclk=1,Telefoon: 06 23370755,Breda
byflorus,florus@byflorus.nl,https://www.byflorus.nl/,https://www.google.com/maps/place/byflorus/data=!4m7!3m6!1s0x608c3c268204f4fb:0x2623b04e9312caba!8m2!3d52.1909763!4d5.2795551!16s%2Fg%2F11x8jrstmp!19sChIJ-_QEgiY8jGARusoSk06wIyY?authuser=0&hl=nl&rclk=1,,Breda
Koken met Anne,%20annemarie@kokenmetanne.nl,http://www.kokenmetanne.nl/,https://www.google.com/maps/place/Koken+met+Anne/data=!4m7!3m6!1s0x47c42105837534df:0xff0810d0101f4ad7!8m2!3d51.5942435!4d4.7059826!16s%2Fg%2F11g4hq0thz!19sChIJ3zR1gwUhxEcR10ofENAQCP8?authuser=0&hl=nl&rclk=1,Telefoon: 06 23227739,Breda
Siri-Sorn Thai Food,,http://siri-sorn-thaifood.nl/,https://www.google.com/maps/place/Siri-Sorn+Thai+Food/data=!4m7!3m6!1s0x47c69f72635c28d3:0x9bef074f26429cfa!8m2!3d51.5855207!4d4.7776915!16s%2Fg%2F11lrc63wsv!19sChIJ0yhcY3KfxkcR-pxCJk8H75s?authuser=0&hl=nl&rclk=1,Telefoon: 06 14752029,Breda
SatehYo,info@satehyo.nl,http://www.satehyo.nl/,https://www.google.com/maps/place/SatehYo/data=!4m7!3m6!1s0x47c6995e5df8ac81:0x68041a021158e8f3!8m2!3d51.8714654!4d5.3032539!16s%2Fg%2F11g0mjh0lx!19sChIJgaz4XV6ZxkcR8-hYEQIaBGg?authuser=0&hl=nl&rclk=1,Telefoon: 06 42504033,Breda
Indonesische Catering Enak-Enak,info@enak-enak.nl,https://www.enak-enak.nl/,https://www.google.com/maps/place/Indonesische+Catering+Enak-Enak/data=!4m7!3m6!1s0x47c69f76bc60acf1:0x45eba6c7489bd0c!8m2!3d51.6007759!4d4.7921963!16s%2Fg%2F11b6dk5bb_!19sChIJ8axgvHafxkcRDL2JdGy6XgQ?authuser=0&hl=nl&rclk=1,Telefoon: 085 876 8919,Breda
Eazie Breda - The Asian Good Food Bar,,http://www.eazie.nl/,https://www.google.com/maps/place/Eazie+Breda+-+The+Asian+Good+Food+Bar/data=!4m7!3m6!1s0x47c69f1ef12a3e45:0x7f2959d0e8ba04f!8m2!3d51.5861784!4d4.7777839!16s%2Fg%2F11h_xd0p4v!19sChIJRT4q8R6fxkcRT6CLDp2V8gc?authuser=0&hl=nl&rclk=1,Telefoon: 073 200 1088,Breda
Màrshé Breda,info@marshebreda.nl,http://www.marshebreda.nl/,https://www.google.com/maps/place/M%C3%A0rsh%C3%A9+Breda/data=!4m7!3m6!1s0x47c69fa4c8b7333b:0xe5246bfcda52daef!8m2!3d51.6143991!4d4.7772038!16s%2Fg%2F1tfdcp6b!19sChIJOzO3yKSfxkcR79pS2vxrJOU?authuser=0&hl=nl&rclk=1,Telefoon: 06 15103484,Breda
Casa Lisetta,info@casalisetta.nl,http://www.casalisetta.nl/,https://www.google.com/maps/place/Casa+Lisetta/data=!4m7!3m6!1s0x47c42010e44ecf1f:0x72b6ac660f0d1145!8m2!3d51.607547!4d4.7160366!16s%2Fg%2F1tmbv8t1!19sChIJH89O5BAgxEcRRREND2astnI?authuser=0&hl=nl&rclk=1,Telefoon: 06 48264845,Breda
Makanan Indische Specialiteiten,info@makananbreda.nl,https://www.makananbreda.nl/,https://www.google.com/maps/place/Makanan+Indische+Specialiteiten/data=!4m7!3m6!1s0x47c69f66cbe18013:0xb8a607c87e021a43!8m2!3d51.5907866!4d4.806675!16s%2Fg%2F1v16pj43!19sChIJE4Dhy2afxkcRQxoCfsgHprg?authuser=0&hl=nl&rclk=1,Telefoon: 076 514 1712,Breda
Kwalitaria De Burcht - Breda,,https://kwalitaria.nl/?utm_source=google&utm_medium=organic&utm_campaign=organic_gmb,https://www.google.com/maps/place/Kwalitaria+De+Burcht+-+Breda/data=!4m7!3m6!1s0x47c6a1c2f37f0e69:0x9767f2b667b4706b!8m2!3d51.5723352!4d4.8061278!16s%2Fg%2F11b7gqfn8g!19sChIJaQ5_88KhxkcRa3C0Z7byZ5c?authuser=0&hl=nl&rclk=1,Telefoon: 076 561 6177,Breda
Klein Java Breda,bestellingen@klein-java.nl,http://www.klein-java.nl/,https://www.google.com/maps/place/Klein+Java+Breda/data=!4m7!3m6!1s0x47c69f9b5546ca5f:0x4148570f0938f0d9!8m2!3d51.5747575!4d4.7953542!16s%2Fg%2F1tpljyxn!19sChIJX8pGVZufxkcR2fA4CQ9XSEE?authuser=0&hl=nl&rclk=1,Telefoon: 06 26661219,Breda
Vergaderen in de wei,carla@vergaderenindewei.nl,https://vergaderenindewei.nl/,https://www.google.com/maps/place/Vergaderen+in+de+wei/data=!4m7!3m6!1s0x47c421e48bf4f82d:0x8fb103ff5db33242!8m2!3d51.6081139!4d4.7167928!16s%2Fg%2F11lg2trl8l!19sChIJLfj0i-QhxEcRQjKzXf8DsY8?authuser=0&hl=nl&rclk=1,Telefoon: 06 20814916,Breda
The Streetfood Club,breda@thestreetfoodclub.nl,https://thestreetfoodclub.nl/breda/,https://www.google.com/maps/place/The+Streetfood+Club/data=!4m7!3m6!1s0x47c6a17f584dd797:0x3d19ecefd01f47b0!8m2!3d51.5828518!4d4.7778584!16s%2Fg%2F11t6j1mq66!19sChIJl9dNWH-hxkcRsEcf0O_sGT0?authuser=0&hl=nl&rclk=1,Telefoon: 085 087 9477,Breda
Landgoed Nuwenhuys | Vergaderlocatie | Dagbesteding | Vakantieverblijf,,https://www.nuwenhuys.nl/?utm_source=Google&utm_medium=MijnBedrijf&utm_campaign=Google,https://www.google.com/maps/place/Landgoed+Nuwenhuys+%7C+Vergaderlocatie+%7C+Dagbesteding+%7C+Vakantieverblijf/data=!4m7!3m6!1s0x47c6a154553e6a5d:0xf9462bee5fbda126!8m2!3d51.5508887!4d4.7856953!16s%2Fg%2F11f6cqq913!19sChIJXWo-VVShxkcRJqG9X-4rRvk?authuser=0&hl=nl&rclk=1,Telefoon: 06 82066813,Breda
"Stichting Gemeenschapshuis ""Vianden""",vianden@kpnmail.nl,http://www.vianden.nl/,https://www.google.com/maps/place/Stichting+Gemeenschapshuis+%22Vianden%22/data=!4m7!3m6!1s0x47c6a1cbe622f2b3:0x6ac9cb3a1c8b34b5!8m2!3d51.5689628!4d4.7873845!16s%2Fg%2F1tftq9jl!19sChIJs_Ii5suhxkcRtTSLHDrLyWo?authuser=0&hl=nl&rclk=1,Telefoon: 076 565 2902,Breda
Eten & Meer,,http://delightful.nl/,https://www.google.com/maps/place/Eten+%26+Meer/data=!4m7!3m6!1s0x47c69f951e6d749b:0xd72dd2030111a74d!8m2!3d51.5947638!4d4.7785423!16s%2Fg%2F11gxs28myn!19sChIJm3RtHpWfxkcRTacRAQPSLdc?authuser=0&hl=nl&rclk=1,Telefoon: 088 765 4321,Breda
Toko Ann Indonesische bezorging/catering,,http://www.tokoann.nl/,https://www.google.com/maps/place/Toko+Ann+Indonesische+bezorging%2Fcatering/data=!4m7!3m6!1s0x47c4217e7336cbf3:0x66b33e0cd2cc3e78!8m2!3d51.5599295!4d4.7643414!16s%2Fg%2F11j5nh5kn2!19sChIJ88s2c34hxEcReD7M0gw-s2Y?authuser=0&hl=nl&rclk=1,Telefoon: 06 28777110,Breda
Sccb De Poelewei,info@poelewei.nl,http://www.poelewei.nl/,https://www.google.com/maps/place/Sccb+De+Poelewei/data=!4m7!3m6!1s0x47c69f63f20f4179:0x1beae5cdd758dca0!8m2!3d51.5899703!4d4.8033197!16s%2Fg%2F1tfw27jw!19sChIJeUEP8mOfxkcRoNxY183l6hs?authuser=0&hl=nl&rclk=1,Telefoon: 076 522 4983,Breda
Wereldzaak catering,info@wereldzaak.com,http://www.wereldzaak.com/,https://www.google.com/maps/place/Wereldzaak+catering/data=!4m7!3m6!1s0x47c69f5d935822ff:0x6981ed87ef8af0c8!8m2!3d51.5915855!4d4.8125316!16s%2Fg%2F1tvryymv!19sChIJ_yJYk12fxkcRyPCK74ftgWk?authuser=0&hl=nl&rclk=1,Telefoon: 06 13615881,Breda
Kasteel van Breda,mail@usercentrics.com,https://www.explorebreda.com/nl/locaties/kasteel-van-breda,https://www.google.com/maps/place/Kasteel+van+Breda/data=!4m7!3m6!1s0x47c69f86f27e24cf:0x8c9e1d85890fe6ea!8m2!3d51.5909529!4d4.7758506!16s%2Fm%2F05f89z8!19sChIJzyR-8oafxkcR6uYPiYUdnow?authuser=0&hl=nl&rclk=1,,Breda
MICE Operations,,https://www.miceoperations.com/,https://www.google.com/maps/place/MICE+Operations/data=!4m7!3m6!1s0x47c69f8ed9de2851:0xf44527268f9e0319!8m2!3d51.5741162!4d4.7838605!16s%2Fg%2F11b7xsb_c7!19sChIJUSje2Y6fxkcRGQOejyYnRfQ?authuser=0&hl=nl&rclk=1,Telefoon: 076 204 3131,Breda
Rosie Kookt,info@rosiekookt.nl,http://www.rosiekookt.nl/,https://www.google.com/maps/place/Rosie+Kookt/data=!4m7!3m6!1s0x47c41f5b598210b9:0x906f2cc5efcd9021!8m2!3d51.5874311!4d4.6645206!16s%2Fg%2F11mv_4ksyn!19sChIJuRCCWVsfxEcRIZDN78Usb5A?authuser=0&hl=nl&rclk=1,,Breda
Hotel Keyser Breda,info@hotel-keyser.nl,http://www.hotel-keyser.nl/,https://www.google.com/maps/place/Hotel+Keyser+Breda/data=!4m7!3m6!1s0x47c66c442b7bc9f5:0xe8a4325884fc5bef!8m2!3d51.585285!4d4.7793537!16s%2Fg%2F1v93_8p9!19sChIJ9cl7K0RsxkcR71v8hFgypOg?authuser=0&hl=nl&rclk=1,Telefoon: 076 520 5173,Breda
Spare Rib Express Breda,,https://www.spareribexpress.com/bestellen?store=226,https://www.google.com/maps/place/Spare+Rib+Express+Breda/data=!4m7!3m6!1s0x47c69f71279727f5:0x78e52fe8eb2a989d!8m2!3d51.5987673!4d4.7943705!16s%2Fg%2F1tgbz_0d!19sChIJ9SeXJ3GfxkcRnZgq6-gv5Xg?authuser=0&hl=nl&rclk=1,Telefoon: 076 581 1467,Breda
DE KOLENMEESTERS,info@dekolenmeesters.nl,http://dekolenmeesters.nl/,https://www.google.com/maps/place/DE+KOLENMEESTERS/data=!4m7!3m6!1s0x47c69f6f9481b8cf:0x9dbd59a41c89e4a2!8m2!3d51.598801!4d4.7664018!16s%2Fg%2F11sqmcjfzm!19sChIJz7iBlG-fxkcRouSJHKRZvZ0?authuser=0&hl=nl&rclk=1,Telefoon: 06 21877479,Breda
Hupsaté Foodtruck; events en catering,jeroen@hupsate.nl,http://www.hupsate.nl/,https://www.google.com/maps/place/Hupsat%C3%A9+Foodtruck;+events+en+catering/data=!4m7!3m6!1s0x47c6a02473ba3ef3:0x656f67a2378fd9a2!8m2!3d51.5642759!4d4.875805!16s%2Fg%2F11h_88dq5_!19sChIJ8z66cySgxkcRotmPN6Jnb2U?authuser=0&hl=nl&rclk=1,Telefoon: 076 785 1220,Breda
Popocatepetl Breda 🇲🇽,info@popobreda.nl,http://www.popobreda.nl/,https://www.google.com/maps/place/Popocatepetl+Breda+%F0%9F%87%B2%F0%9F%87%BD/data=!4m7!3m6!1s0x47c69f864e6d47a7:0xcd3797530e39ed3a!8m2!3d51.5894477!4d4.7745937!16s%2Fg%2F1th86bdy!19sChIJp0dtToafxkcROu05DlOXN80?authuser=0&hl=nl&rclk=1,Telefoon: 076 521 1561,Breda
Clubsandwiches,,http://www.clubsandwiches.nl/,https://www.google.com/maps/place/Clubsandwiches/data=!4m7!3m6!1s0x47c69fc6363084dd:0x41724c568dab4d8c!8m2!3d51.5829224!4d4.8271893!16s%2Fg%2F11mr2_y7sj!19sChIJ3YQwNsafxkcRjE2rjVZMckE?authuser=0&hl=nl&rclk=1,Telefoon: 076 887 8188,Breda
Nayino,info@nayinobreda.nl,http://www.nayinobreda.nl/,https://www.google.com/maps/place/Nayino/data=!4m7!3m6!1s0x47c69ff2c0a57c6f:0xab9bbcbeb79d7600!8m2!3d51.587742!4d4.7691675!16s%2Fg%2F11k4njbtrs!19sChIJb3ylwPKfxkcRAHadt768m6s?authuser=0&hl=nl&rclk=1,Telefoon: 06 48676236,Breda
KiesKadoos B.V.,info@kieskadoos.nl,http://www.kieskadoos.nl/,https://www.google.com/maps/place/KiesKadoos+B.V./data=!4m7!3m6!1s0x47c69f147ad09817:0x5a8e7e6e3086661f!8m2!3d51.6214815!4d4.7677835!16s%2Fg%2F11j0byj8s0!19sChIJF5jQehSfxkcRH2aGMG5-jlo?authuser=0&hl=nl&rclk=1,Telefoon: 085 064 0594,Breda
Café-Eeterij 't Vermaeck,info@hetvermaeck.nl,http://www.hetvermaeck.nl/,https://www.google.com/maps/place/Caf%C3%A9-Eeterij+%27t+Vermaeck/data=!4m7!3m6!1s0x47c6a2a892f6d289:0x28494bec3e0ccd01!8m2!3d51.5768177!4d4.9265484!16s%2Fg%2F1tfm0p5w!19sChIJidL2kqiixkcRAc0MPuxLSSg?authuser=0&hl=nl&rclk=1,Telefoon: 0161 240 716,Breda
Bas van der Ven Catering,info@basvandervencatering.nl,http://www.basvandervencatering.nl/,https://www.google.com/maps/place/Bas+van+der+Ven+Catering/data=!4m7!3m6!1s0x47c421e242afa9a3:0x6046fdae2d11d56e!8m2!3d51.58468!4d4.6472703!16s%2Fg%2F1hc12vjqk!19sChIJo6mvQuIhxEcRbtURLa79RmA?authuser=0&hl=nl&rclk=1,Telefoon: 06 43723557,Breda
Papaya Ginneken Breda - Afhaal/Bezorgen/Catering,info@papaya.nl,https://papaya.nl/,https://www.google.com/maps/place/Papaya+Ginneken+Breda+-+Afhaal%2FBezorgen%2FCatering/data=!4m7!3m6!1s0x47c6a02d13a51de9:0x9a704cdf670eacd0!8m2!3d51.5772369!4d4.7809364!16s%2Fg%2F1hc36fmp6!19sChIJ6R2lEy2gxkcR0KwOZ99McJo?authuser=0&hl=nl&rclk=1,Telefoon: 076 521 8109,Breda
Gastrobar de Markt,sales@spinolabreda.nl,http://www.demarktbreda.nl/,https://www.google.com/maps/place/Gastrobar+de+Markt/data=!4m7!3m6!1s0x47c69f8715db4571:0xae9e376f267312c2!8m2!3d51.5880556!4d4.7766667!16s%2Fg%2F1pp2vdrjg!19sChIJcUXbFYefxkcRwhJzJm83nq4?authuser=0&hl=nl&rclk=1,Telefoon: 076 521 5122,Breda
frietwagen.nl,info@frietwagen.nl,http://www.frietwagen.nl/,https://www.google.com/maps/place/frietwagen.nl/data=!4m7!3m6!1s0x47c418746f025753:0x5fd6f40d89602dad!8m2!3d51.5616341!4d4.5989657!16s%2Fg%2F1tzly3nr!19sChIJU1cCb3QYxEcRrS1giQ301l8?authuser=0&hl=nl&rclk=1,Telefoon: 0165 504 393,Breda
Keurslagerij Piet Mutsaers,info@mutsaersrijen.keurslager.nl,http://www.mutsaersrijen.keurslager.nl/,https://www.google.com/maps/place/Keurslagerij+Piet+Mutsaers/data=!4m7!3m6!1s0x47c6980c4a206259:0x119ab785bb959e95!8m2!3d51.5884067!4d4.9177685!16s%2Fg%2F1tdkwx83!19sChIJWWIgSgyYxkcRlZ6Vu4W3mhE?authuser=0&hl=nl&rclk=1,Telefoon: 0161 227 857,Breda
Eetlokaal Zin,info@zinbreda.nl,http://www.zinbreda.nl/,https://www.google.com/maps/place/Eetlokaal+Zin/data=!4m7!3m6!1s0x47c6a1cb73a3dae7:0x5ca90cd818152180!8m2!3d51.5692321!4d4.7844163!16s%2Fg%2F11c2y906dq!19sChIJ59qjc8uhxkcRgCEVGNgMqVw?authuser=0&hl=nl&rclk=1,Telefoon: 06 30331870,Breda
Irakees Restaurant Koya,info@restaurantkoya.nl.com,https://restaurantkoya.nl/,https://www.google.com/maps/place/Irakees+Restaurant+Koya/data=!4m7!3m6!1s0x47c69f8830957d91:0xaddc0ac28ef3182d!8m2!3d51.5876202!4d4.7693713!16s%2Fg%2F11d_87nc65!19sChIJkX2VMIifxkcRLRjzjsIK3K0?authuser=0&hl=nl&rclk=1,Telefoon: 06 26797967,Breda
Goedemorgen Ontbijtservice,mapdetailscom@gmail.com,https://nlcompanies.org/details/goedemorgen-ontbijtservice-ChIJ9UF,https://www.google.com/maps/place/Goedemorgen+Ontbijtservice/data=!4m7!3m6!1s0x47c69fc4e76941f5:0x5fdd97537ad7f3e9!8m2!3d51.6159798!4d4.7525824!16s%2Fg%2F1thbvwl1!19sChIJ9UFp58SfxkcR6fPXelOX3V8?authuser=0&hl=nl&rclk=1,Telefoon: 076 541 5500,Breda
Golfpark De Haenen,receptie@dehaenen.nl,http://www.dehaenen.nl/,https://www.google.com/maps/place/Golfpark+De+Haenen/data=!4m7!3m6!1s0x47c69f321f5be1c5:0xdf433372f6a96d32!8m2!3d51.6159957!4d4.8342972!16s%2Fg%2F12302k_2!19sChIJxeFbHzKfxkcRMm2p9nIzQ98?authuser=0&hl=nl&rclk=1,Telefoon: 076 578 3950,Breda
Beers & Barrels - Breda,,https://www.beersbarrels.nl/nl/locaties/breda/?utm_source=google&utm_medium=organic&utm_campaign=gbp-listing&utm_content=breda,https://www.google.com/maps/place/Beers+%26+Barrels+-+Breda/data=!4m7!3m6!1s0x47c69f7870965807:0x2e6ecf3a0cb880a0!8m2!3d51.5946408!4d4.7865263!16s%2Fg%2F11c7nzw9nt!19sChIJB1iWcHifxkcRoIC4DDrPbi4?authuser=0&hl=nl&rclk=1,Telefoon: 076 303 6200,Breda
Moksie Djarie,info@moksiedjarie.nl,http://www.moksiedjarie.nl/,https://www.google.com/maps/place/Moksie+Djarie/data=!4m7!3m6!1s0x47c6a1bf7127d873:0x9d8b3a85e1616d98!8m2!3d51.5769907!4d4.7812718!16s%2Fg%2F11gydq8l18!19sChIJc9gncb-hxkcRmG1h4YU6i50?authuser=0&hl=nl&rclk=1,Telefoon: 076 889 2581,Breda
highfive-food,info@highfive-food.nl,http://www.highfive-food.nl/,https://www.google.com/maps/place/highfive-food/data=!4m7!3m6!1s0x47c6a1fafc10c117:0xfa74acf530ea15c1!8m2!3d51.5991578!4d4.7814693!16s%2Fg%2F11ft17lwrs!19sChIJF8EQ_PqhxkcRwRXqMPWsdPo?authuser=0&hl=nl&rclk=1,Telefoon: 06 11327355,Breda
Chef´s Table At Home,,,https://www.google.com/maps/place/Chef%C2%B4s+Table+At+Home/data=!4m7!3m6!1s0x2b53f939c1c3075b:0x91970bccd641d917!8m2!3d51.5258283!4d5.1191224!16s%2Fg%2F11tc8y6nc3!19sChIJWwfDwTn5UysRF9lB1swLl5E?authuser=0&hl=nl&rclk=1,Telefoon: 06 84908562,Breda
Gusto Di Pol 🇮🇹,info@gustodipol.nl,https://www.gustodipol.nl/,https://www.google.com/maps/place/Gusto+Di+Pol+%F0%9F%87%AE%F0%9F%87%B9/data=!4m7!3m6!1s0x47c6a0058a19763b:0x8e477f0730584ce9!8m2!3d51.5774458!4d4.7399559!16s%2Fg%2F11df7ynqgp!19sChIJO3YZigWgxkcR6UxYMAd_R44?authuser=0&hl=nl&rclk=1,Telefoon: 076 200 5227,Breda
De Kookwinkel,Info@dekookwinkel.com,https://www.dekookwinkel.com/,https://www.google.com/maps/place/De+Kookwinkel/data=!4m7!3m6!1s0x47c69f80cd40cc77:0xbef75877ea04bb8d!8m2!3d51.58821!4d4.7785683!16s%2Fg%2F1tjkd__n!19sChIJd8xAzYCfxkcRjbsE6ndY974?authuser=0&hl=nl&rclk=1,Telefoon: 076 521 0054,Breda
Amí Bistro Breda,info@amibistro.nl,https://www.amibistro.nl/,https://www.google.com/maps/place/Am%C3%AD+Bistro+Breda/data=!4m7!3m6!1s0x47c6a13f5ab484bf:0x84614645c3ae0b66!8m2!3d51.5838448!4d4.7771097!16s%2Fg%2F11ydzy79jh!19sChIJv4S0Wj-hxkcRZguuw0VGYYQ?authuser=0&hl=nl&rclk=1,Telefoon: 076 700 2621,Breda
Gastropub De Kleine Wereld,info@dekleinewereldbreda.nl,http://www.gastropubdkw.nl/,https://www.google.com/maps/place/Gastropub+De+Kleine+Wereld/data=!4m7!3m6!1s0x47c69f86fe899353:0x8c4c530c56f35844!8m2!3d51.5892552!4d4.775716!16s%2Fg%2F1tg9rxll!19sChIJU5OJ_oafxkcRRFjzVgxTTIw?authuser=0&hl=nl&rclk=1,Telefoon: 06 13223219,Breda
Fooks Kitchen,,http://www.fookskitchen.nl/,https://www.google.com/maps/place/Fooks+Kitchen/data=!4m7!3m6!1s0x47c69f3b95ab9165:0x9e31b3cc14fa9289!8m2!3d51.5894479!4d4.7750608!16s%2Fg%2F11rc42gzyk!19sChIJZZGrlTufxkcRiZL6FMyzMZ4?authuser=0&hl=nl&rclk=1,Telefoon: 06 28426046,Breda
Al Dimashqi Restaurant - مطعم الدمشقي,,https://al-dimashqi.nl/,https://www.google.com/maps/place/Al+Dimashqi+Restaurant+-+%D9%85%D8%B7%D8%B9%D9%85+%D8%A7%D9%84%D8%AF%D9%85%D8%B4%D9%82%D9%8A%E2%80%AD/data=!4m7!3m6!1s0x47c6a1d839f05b6d:0x782b6a885ce1b0f6!8m2!3d51.5775558!4d4.7800094!16s%2Fg%2F11f10g2zxh!19sChIJbVvwOdihxkcR9rDhXIhqK3g?authuser=0&hl=nl&rclk=1,Telefoon: 076 532 9500,Breda
Locale Breda,localebreda@gmail.com,https://www.locale-breda.nl/,https://www.google.com/maps/place/Locale+Breda/data=!4m7!3m6!1s0x47c6a18322f3ff93:0xe60ed10594a18b5e!8m2!3d51.5838993!4d4.7770348!16s%2Fg%2F11l2hrtqb7!19sChIJk__zIoOhxkcRXouhlAXRDuY?authuser=0&hl=nl&rclk=1,Telefoon: 06 16089135,Breda
Enjoy Vietnam,verhoeven@vierrato.nl,https://www.enjoyvietnam.nl/,https://www.google.com/maps/place/Enjoy+Vietnam/data=!4m7!3m6!1s0x47c69f56a29abed7:0xf9927adbad153f93!8m2!3d51.5894896!4d4.7756785!16s%2Fg%2F11h6yvzgrb!19sChIJ176aolafxkcRkz8Vrdt6kvk?authuser=0&hl=nl&rclk=1,Telefoon: 06 34004001,Breda
IKEA Breda,,https://www.ikea.com/nl/nl/store/breda,https://www.google.com/maps/place/IKEA+Breda/data=!4m7!3m6!1s0x47c41ffd00cb9fc7:0xb1a095dda0b83aad!8m2!3d51.5802927!4d4.7284744!16s%2Fg%2F1tscn519!19sChIJx5_LAP0fxEcRrTq4oN2VoLE?authuser=0&hl=nl&rclk=1,Telefoon: 050 711 1267,Breda
Chef's! Food & Drinks Papendrecht,,http://www.chefsfoodanddrinks.nl/,https://www.google.com/maps/place/Chef%27s!+Food+%26+Drinks+Papendrecht/data=!4m7!3m6!1s0x47c42bfd7098a085:0x7408c4fcf951e64!8m2!3d51.8345854!4d4.6930173!16s%2Fg%2F12qg7tr3y!19sChIJhaCYcP0rxEcRZB6Vz0-MQAc?authuser=0&hl=nl&rclk=1,Telefoon: 078 615 2099,Breda
De jongens van zand en klei,jongens@zandenklei.nl,http://www.zandenklei.nl/,https://www.google.com/maps/place/De+jongens+van+zand+en+klei/data=!4m7!3m6!1s0x47c69f8123905dd5:0x1c93e57fb9ba6d6!8m2!3d51.5893047!4d4.7799305!16s%2Fg%2F11dxc8h7hk!19sChIJ1V2QI4GfxkcR1qab-1c-yQE?authuser=0&hl=nl&rclk=1,Telefoon: 076 886 2372,Breda
Homemade by Timo Taste,,,https://www.google.com/maps/place/Homemade+by+Timo+Taste/data=!4m7!3m6!1s0x47c69fc22852f9b7:0xacb3e0bfd31f8d9b!8m2!3d51.6107748!4d4.7563144!16s%2Fg%2F11fm33t8tf!19sChIJt_lSKMKfxkcRm40f07_gs6w?authuser=0&hl=nl&rclk=1,Telefoon: 06 48016614,Breda
Poké&ZO Breda,info@pokenzo.nl,https://www.pokenzo.nl/?localutm_source=google,https://www.google.com/maps/place/Pok%C3%A9%26ZO+Breda/data=!4m7!3m6!1s0x47c6a128752776c7:0x9f6e54e3c8c342f2!8m2!3d51.5781679!4d4.7792184!16s%2Fg%2F11t_tvs23c!19sChIJx3YndSihxkcR8kLDyONUbp8?authuser=0&hl=nl&rclk=1,Telefoon: 076 886 7468,Breda
KookZaak,vraagmaarraak@kookzaak.nl,http://www.kookzaak.nl/,https://www.google.com/maps/place/KookZaak/data=!4m7!3m6!1s0x47c6a02c3ea16657:0x14900fc92be91fa2!8m2!3d51.579378!4d4.77835!16s%2Fg%2F1tgjkhqs!19sChIJV2ahPiygxkcRoh_pK8kPkBQ?authuser=0&hl=nl&rclk=1,Telefoon: 076 520 0444,Breda
The Chai Affairs 🇮🇳,info@thechaiaffairs.nl,https://thechaiaffairs.nl/,https://www.google.com/maps/place/The+Chai+Affairs+%F0%9F%87%AE%F0%9F%87%B3/data=!4m7!3m6!1s0x47c69f5569069d77:0x4116b3fab104cfd0!8m2!3d51.5915387!4d4.7843019!16s%2Fg%2F11m6kdzl6f!19sChIJd50GaVWfxkcR0M8EsfqzFkE?authuser=0&hl=nl&rclk=1,Telefoon: 06 86477229,Breda
Kookers: Catering | Evenementen | Diners | BBQ's | Kookworkshops ook op locatie,info@kookers.nl,https://www.kookers.nl/,https://www.google.com/maps/place/Kookers:+Catering+%7C+Evenementen+%7C+Diners+%7C+BBQ%27s+%7C+Kookworkshops+ook+op+locatie/data=!4m7!3m6!1s0x47c708450bbc6e5f:0xa24576770916381c!8m2!3d51.8460724!4d5.8677232!16s%2Fg%2F11c183lkvq!19sChIJX268C0UIx0cRHDgWCXd2RaI?authuser=0&hl=nl&rclk=1,Telefoon: 088 566 5377,Nijmegen
Kookstudio Nijmegen,info@kookevenementen.nl,http://www.kookers.nl/kookstudio-nijmegen/,https://www.google.com/maps/place/Kookstudio+Nijmegen/data=!4m7!3m6!1s0x47c708450bcd6efb:0xc98a5ac79200a146!8m2!3d51.8461015!4d5.8677333!16s%2Fg%2F11h0bl2q9z!19sChIJ-27NC0UIx0cRRqEAksdaisk?authuser=0&hl=nl&rclk=1,,Nijmegen
Ward's Wereldkeuken,wardswereldkeuken@gmail.com,https://www.wardswereldkeuken.nl/,https://www.google.com/maps/place/Ward%27s+Wereldkeuken/data=!4m7!3m6!1s0x47c709054552138f:0xedd91b9998e907ee!8m2!3d51.8474103!4d5.8591903!16s%2Fg%2F11vkcs_qzt!19sChIJjxNSRQUJx0cR7gfpmJkb2e0?authuser=0&hl=nl&rclk=1,Telefoon: 06 48901366,Nijmegen
Private dining by Pepijn Oostervink,pepijn.oostervink@gmail.com,https://privatediningbypepijnoostervink.nl/,https://www.google.com/maps/place/Private+dining+by+Pepijn+Oostervink/data=!4m7!3m6!1s0xae03733ea7a70e89:0x971cf506616ce2d5!8m2!3d51.838289!4d5.879027!16s%2Fg%2F11m68ldv_2!19sChIJiQ6npz5zA64R1eJsYQb1HJc?authuser=0&hl=nl&rclk=1,Telefoon: 06 27412266,Nijmegen
Brasserie ’t Zotte Lemke,info@zottelemke.nl,https://www.zottelemke.nl/,https://www.google.com/maps/place/Brasserie+%E2%80%99t+Zotte+Lemke/data=!4m7!3m6!1s0x47c70842480900bf:0x54c5486ff9885b0e!8m2!3d51.8479893!4d5.8592784!16s%2Fg%2F1tgbz_b3!19sChIJvwAJSEIIx0cRDluI-W9IxVQ?authuser=0&hl=nl&rclk=1,Telefoon: 024 360 2009,Nijmegen
YUCA Nijmegen,info@yucanijmegen.com,http://yucanijmegen.com/,https://www.google.com/maps/place/YUCA+Nijmegen/data=!4m7!3m6!1s0x47c709a3c39ef145:0x4037fc84ca21fe46!8m2!3d51.8460406!4d5.8632724!16s%2Fg%2F11xst9qfqn!19sChIJRfGew6MJx0cRRv4hyoT8N0A?authuser=0&hl=nl&rclk=1,,Nijmegen
Privéchef - Private Dining by Dante Montaño,mestizo.koken@gmail.com,https://www.dantemontano.nl/,https://www.google.com/maps/place/Priv%C3%A9chef+-+Private+Dining+by+Dante+Monta%C3%B1o/data=!4m7!3m6!1s0x47c70d72636a9109:0x4f93cd35b875f990!8m2!3d51.7839807!4d5.9298225!16s%2Fg%2F11vwks2pkn!19sChIJCZFqY3INx0cRkPl1uDXNk08?authuser=0&hl=nl&rclk=1,,Nijmegen
Ninety,,,https://www.google.com/maps/place/Ninety/data=!4m7!3m6!1s0x47c7089b929e2033:0x98a2a65866a92dfe!8m2!3d51.8203548!4d5.8318575!16s%2Fg%2F11c38kv13g!19sChIJMyCekpsIx0cR_i2pZlimopg?authuser=0&hl=nl&rclk=1,Telefoon: 024 359 7200,Nijmegen
Restaurant Ivory 🇫🇷,info@restaurantivory.nl,http://www.restaurantivory.nl/,https://www.google.com/maps/place/Restaurant+Ivory+%F0%9F%87%AB%F0%9F%87%B7/data=!4m7!3m6!1s0x47c7084574a27929:0xec1b976096f39532!8m2!3d51.8459533!4d5.8680264!16s%2Fg%2F11cfcgltr!19sChIJKXmidEUIx0cRMpXzlmCXG-w?authuser=0&hl=nl&rclk=1,Telefoon: 024 360 3003,Nijmegen
Martijn Kookt,,http://mkookt.nl/,https://www.google.com/maps/place/Martijn+Kookt/data=!4m7!3m6!1s0x47c6ef11c82b529f:0x6957b074aa5a49c!8m2!3d51.6852616!4d5.2877695!16s%2Fg%2F11n120hcpq!19sChIJn1IryBHvxkcRnKSlSgd7lQY?authuser=0&hl=nl&rclk=1,Telefoon: 06 43222955,Nijmegen
restaurant de Portier,info@portier-nijmegen.nl,https://www.portier-nijmegen.nl/,https://www.google.com/maps/place/restaurant+de+Portier/data=!4m7!3m6!1s0x47c7084fa005f5c5:0xde4d8c9b2467f178!8m2!3d51.8461329!4d5.8713591!16s%2Fg%2F11c3tqw_kv!19sChIJxfUFoE8Ix0cRePFnJJuMTd4?authuser=0&hl=nl&rclk=1,Telefoon: 024 679 2719,Nijmegen
Restaurant Witlof,info@restaurantwitlof.nl,http://www.restaurantwitlof.nl/,https://www.google.com/maps/place/Restaurant+Witlof/data=!4m7!3m6!1s0x47c70841523b7797:0xa6f593f2163346f6!8m2!3d51.8497145!4d5.8634312!16s%2Fg%2F1tmqffjj!19sChIJl3c7UkEIx0cR9kYzFvKT9aY?authuser=0&hl=nl&rclk=1,Telefoon: 024 322 4060,Nijmegen
Restobar Fiftyeight,info@restobar58.nl,https://restobar58.nl/,https://www.google.com/maps/place/Restobar+Fiftyeight/data=!4m7!3m6!1s0x47c7092dcee8550f:0x517c749414219af5!8m2!3d51.83833!4d5.8608425!16s%2Fg%2F11y40yc3lx!19sChIJD1Xozi0Jx0cR9ZohFJR0fFE?authuser=0&hl=nl&rclk=1,Telefoon: 024 679 1559,Nijmegen
NACIONAL,info@nacional-nijmegen.nl,http://www.nacional-nijmegen.nl/,https://www.google.com/maps/place/NACIONAL/data=!4m7!3m6!1s0x47c709322e8b919d:0xad69456b38b5ffc5!8m2!3d51.8497577!4d5.8620096!16s%2Fg%2F11r3m8r81y!19sChIJnZGLLjIJx0cRxf-1OGtFaa0?authuser=0&hl=nl&rclk=1,Telefoon: 024 845 0587,Nijmegen
Sébastiaan Kookt,sebastiaankookt@gmail.com,https://www.sebastiaankookt.nl/,https://www.google.com/maps/place/S%C3%A9bastiaan+Kookt/data=!4m7!3m6!1s0x47c709ff9f3452bf:0xc30c0e704149903!8m2!3d51.839225!4d5.87574!16s%2Fg%2F11y0_03jr3!19sChIJv1I0n_8Jx0cRA5kUBOfAMAw?authuser=0&hl=nl&rclk=1,Telefoon: 06 48467330,Nijmegen
Pizza di Valentino,info@pizzadivalentino.nl,http://pizzadivalentino.nl/,https://www.google.com/maps/place/Pizza+di+Valentino/data=!4m7!3m6!1s0x47c709c1ac84827b:0x7f258d67a179d222!8m2!3d51.8538425!4d5.8462983!16s%2Fg%2F11kq3kgmng!19sChIJe4KErMEJx0cRItJ5oWeNJX8?authuser=0&hl=nl&rclk=1,Telefoon: 06 16021211,Nijmegen
Flores,reserveren@bistroflores.nl,http://www.flores.nl/,https://www.google.com/maps/place/Flores/data=!4m7!3m6!1s0x47c7084f82a4d31f:0x5e88f86049c3405!8m2!3d51.846116!4d5.8704657!16s%2Fg%2F1tjysvf3!19sChIJH9Okgk8Ix0cRBTScBIaP6AU?authuser=0&hl=nl&rclk=1,Telefoon: 024 322 1037,Nijmegen
Thommes Frites,info@thommesfrites.nl,https://thommesfrites.nl/,https://www.google.com/maps/place/Thommes+Frites/data=!4m7!3m6!1s0x47c7072c17b95601:0x55ced31ad95dead0!8m2!3d52.1909763!4d5.2795551!16s%2Fg%2F11gkw1q072!19sChIJAVa5FywHx0cR0Opd2RrTzlU?authuser=0&hl=nl&rclk=1,Telefoon: 06 45439800,Nijmegen
Foodmanagers Werving & Selectie,info@foodmanagers.nl,http://www.foodmanagers.nl/,https://www.google.com/maps/place/Foodmanagers+Werving+%26+Selectie/data=!4m7!3m6!1s0x47c66f5add61ca05:0x79bdbaefe72d6cb8!8m2!3d51.8357597!4d5.8717825!16s%2Fg%2F11bzrkh02s!19sChIJBcph3VpvxkcRuGwt5--6vXk?authuser=0&hl=nl&rclk=1,Telefoon: 06 51263194,Nijmegen
Nook City Kitchen,info@nookcitykitchen.nl,http://nookcitykitchen.nl/,https://www.google.com/maps/place/Nook+City+Kitchen/data=!4m7!3m6!1s0x47c70907762f4599:0xf243fe731c357f92!8m2!3d51.8451627!4d5.8642479!16s%2Fg%2F11x1qr4l6x!19sChIJmUUvdgcJx0cRkn81HHP-Q_I?authuser=0&hl=nl&rclk=1,Telefoon: 024 845 7937,Nijmegen
Paella Live Cooking,info@paellalivecooking.nl,https://www.paellalivecooking.nl/,https://www.google.com/maps/place/Paella+Live+Cooking/data=!4m7!3m6!1s0x47c709dbb30d0585:0x6db1c7058f6e0f5c!8m2!3d51.8417687!4d5.8423926!16s%2Fg%2F11xkdhfrwh!19sChIJhQUNs9sJx0cRXA9ujwXHsW0?authuser=0&hl=nl&rclk=1,Telefoon: 06 55232834,Nijmegen
Bendechef,info@bendechef.nl,http://www.bendechef.nl/,https://www.google.com/maps/place/Bendechef/data=!4m7!3m6!1s0x47c705072cd11e09:0x241ac05df7e6bbd!8m2!3d51.7943597!4d5.737523!16s%2Fg%2F11spn3pk0m!19sChIJCR7RLAcFx0cRvWt-3wWsQQI?authuser=0&hl=nl&rclk=1,Telefoon: 06 14304239,Nijmegen
De Honneurs,info@dehonneurs.nl,https://dehonneurs.nl/,https://www.google.com/maps/place/De+Honneurs/data=!4m7!3m6!1s0x47c70f3a774bc225:0x478d8ea026175209!8m2!3d51.8431917!4d5.8224724!16s%2Fg%2F11bysjnr77!19sChIJJcJLdzoPx0cRCVIXJqCOjUc?authuser=0&hl=nl&rclk=1,Telefoon: 024 202 2692,Nijmegen
The Bite Club,info@thebiteclub.nl,http://www.thebiteclub.nl/,https://www.google.com/maps/place/The+Bite+Club/data=!4m7!3m6!1s0x47c7099e595591cd:0x1e76ffaa9a1fb734!8m2!3d51.8482316!4d5.858931!16s%2Fg%2F11g4j4hn_8!19sChIJzZFVWZ4Jx0cRNLcfmqr_dh4?authuser=0&hl=nl&rclk=1,Telefoon: 024 202 2478,Nijmegen
jeroenskeukenwereld - catering | events,info@jeroenskeukenwereld.nl,https://www.jeroenskeukenwereld.nl/,https://www.google.com/maps/place/jeroenskeukenwereld+-+catering+%7C+events/data=!4m7!3m6!1s0x47c7a8004a1bf4e3:0x2a04f17ada92ee10!8m2!3d51.9072356!4d5.8689489!16s%2Fg%2F1hc1tf5xr!19sChIJ4_QbSgCox0cREO6S2nrxBCo?authuser=0&hl=nl&rclk=1,Telefoon: 06 29765972,Nijmegen
Vief,,http://www.viefnijmegen.nl/,https://www.google.com/maps/place/Vief/data=!4m7!3m6!1s0x47c7099a0afb6b83:0x847691b19cf65eee!8m2!3d51.8489999!4d5.8672943!16s%2Fg%2F11ft_59hq8!19sChIJg2v7CpoJx0cR7l72nLGRdoQ?authuser=0&hl=nl&rclk=1,Telefoon: 024 848 3665,Nijmegen
Catering De Gouden Leeuw,info@cdgl.nl,https://www.cateringdegoudenleeuw.nl/,https://www.google.com/maps/place/Catering+De+Gouden+Leeuw/data=!4m7!3m6!1s0x47c700a6b73eb3cb:0x59c97fbaf29bd489!8m2!3d51.8664688!4d5.7398985!16s%2Fg%2F1tdp8vpn!19sChIJy7M-t6YAx0cRidSb8rp_yVk?authuser=0&hl=nl&rclk=1,Telefoon: 0487 522 539,Nijmegen
Buon Appetommy,,,https://www.google.com/maps/place/Buon+Appetommy/data=!4m7!3m6!1s0x47c7091127aa88ed:0x494cfc51cb41f7b!8m2!3d51.8481674!4d5.8412974!16s%2Fg%2F11wff27vqw!19sChIJ7YiqJxEJx0cRex-0HMXPlAQ?authuser=0&hl=nl&rclk=1,,Nijmegen
BuitenGewoon Catering,info@buitengewoon-catering.n,https://www.buitengewoon-catering.nl/,https://www.google.com/maps/place/BuitenGewoon+Catering/data=!4m7!3m6!1s0x657d45498fb965f9:0xe30d117ee1be02c1!8m2!3d51.842862!4d5.8331567!16s%2Fg%2F11n4xj1kp3!19sChIJ-WW5j0lFfWURwQK-4X4RDeM?authuser=0&hl=nl&rclk=1,,Nijmegen
Parkzicht,info@parkzicht-nijmegen.nl,https://www.parkzicht-nijmegen.nl/,https://www.google.com/maps/place/Parkzicht/data=!4m7!3m6!1s0x47c7084f8275bc47:0x63c8979cf7877df0!8m2!3d51.8461633!4d5.8702145!16s%2Fg%2F11g7yb698m!19sChIJR7x1gk8Ix0cR8H2H95yXyGM?authuser=0&hl=nl&rclk=1,Telefoon: 024 206 3087,Nijmegen
AYA Nijmegen,info@ayanijmegen.nl,https://ayanijmegen.nl/,https://www.google.com/maps/place/AYA+Nijmegen/data=!4m7!3m6!1s0x47c70983b8d20d39:0xb423d5bd5e456cb4!8m2!3d51.8349173!4d5.8820286!16s%2Fg%2F11kk62xgds!19sChIJOQ3SuIMJx0cRtGxFXr3VI7Q?authuser=0&hl=nl&rclk=1,Telefoon: 024 303 0376,Nijmegen
Bollyfoods,info@bollyfoods.nl,http://www.bollyfoods.nl/,https://www.google.com/maps/place/Bollyfoods/data=!4m7!3m6!1s0x47c709aac3785487:0x9c1584bbb78357bc!8m2!3d51.175807!4d8.7829981!16s%2Fg%2F11cjnq9xkh!19sChIJh1R4w6oJx0cRvFeDt7uEFZw?authuser=0&hl=nl&rclk=1,,Nijmegen
Oude Non - Afhaal Maaltijden,afhalen@oudenon.nl,https://www.oudenon.nl/,https://www.google.com/maps/place/Oude+Non+-+Afhaal+Maaltijden/data=!4m7!3m6!1s0x47c709834148d74f:0x61d644c73f8d1528!8m2!3d51.8417687!4d5.8423926!16s%2Fg%2F11ld88dj72!19sChIJT9dIQYMJx0cRKBWNP8dE1mE?authuser=0&hl=nl&rclk=1,Telefoon: 06 55232834,Nijmegen
Nina Jilesen - Acteer & Presentatiecoach,info@ninajilesen.nl,http://www.ninajilesen.nl/,https://www.google.com/maps/place/Nina+Jilesen+-+Acteer+%26+Presentatiecoach/data=!4m7!3m6!1s0x47c7085d8a7f0e15:0x5d31774a22617ac3!8m2!3d51.8434172!4d5.8713315!16s%2Fg%2F1ptx9cyn_!19sChIJFQ5_il0Ix0cRw3phIkp3MV0?authuser=0&hl=nl&rclk=1,Telefoon: 06 41475452,Nijmegen
Puur Sanh Restaurant,info@puursanh.nl,https://puursanh.nl/,https://www.google.com/maps/place/Puur+Sanh+Restaurant/data=!4m7!3m6!1s0x47c70964d303ca73:0x8871c8cb4b5e5cb9!8m2!3d51.8195888!4d5.9210123!16s%2Fg%2F11b6dqdry7!19sChIJc8oD02QJx0cRuVxeS8vIcYg?authuser=0&hl=nl&rclk=1,Telefoon: 024 684 1452,Nijmegen
Smaakcateraar,info@smaakcateraar.nl,http://www.smaakcateraar.nl/,https://www.google.com/maps/place/Smaakcateraar/data=!4m7!3m6!1s0x47c7a753404f523f:0x4f0e716cba73f437!8m2!3d51.8780842!4d5.9414414!16s%2Fg%2F1tffnl5m!19sChIJP1JPQFOnx0cRN_RzumxxDk8?authuser=0&hl=nl&rclk=1,Telefoon: 0481 421 334,Nijmegen
Kookstudio Spijs,info@kookstudiospijs.nl,http://www.kookstudiospijs.nl/,https://www.google.com/maps/place/Kookstudio+Spijs/data=!4m7!3m6!1s0x47c709cd613e6997:0x891203ea21238ead!8m2!3d51.8487985!4d5.8642614!16s%2Fg%2F11s_z235hm!19sChIJl2k-Yc0Jx0cRrY4jIeoDEok?authuser=0&hl=nl&rclk=1,Telefoon: 06 30401207,Nijmegen
Wereldkoks Nijmegen,info@wereldkoksnijmegen.nl,http://www.wereldkoksnijmegen.nl/,https://www.google.com/maps/place/Wereldkoks+Nijmegen/data=!4m7!3m6!1s0x47c7092d61298f5d:0xd0246b2417020829!8m2!3d51.8568488!4d5.8388781!16s%2Fg%2F11fkq0my8m!19sChIJXY8pYS0Jx0cRKQgCFyRrJNA?authuser=0&hl=nl&rclk=1,,Nijmegen
Bocca Catering,info@boccacatering.nl,http://www.boccacatering.nl/,https://www.google.com/maps/place/Bocca+Catering/data=!4m7!3m6!1s0x47c709807a2b97a1:0xb029a1619580f31c!8m2!3d51.8122137!4d5.8324773!16s%2Fg%2F11jvj2j1vw!19sChIJoZcreoAJx0cRHPOAlWGhKbA?authuser=0&hl=nl&rclk=1,,Nijmegen
Caupona Horeca & Catering,info@cauponahoreca.nl,http://www.cauponahoreca.nl/,https://www.google.com/maps/place/Caupona+Horeca+%26+Catering/data=!4m7!3m6!1s0x47c70936bc29fe63:0x3e30296273e9ea87!8m2!3d52.1278029!4d5.9133436!16s%2Fg%2F11rbkw44v2!19sChIJY_4pvDYJx0cRh-rpc2IpMD4?authuser=0&hl=nl&rclk=1,Telefoon: 06 25520650,Nijmegen
Het Lente-uitje,info@hetlenteuitje.nl,http://www.hetlenteuitje.nl/,https://www.google.com/maps/place/Het+Lente-uitje/data=!4m7!3m6!1s0x29b66afea08e98b:0x94ccc5957ce3978f!8m2!3d51.835181!4d5.856681!16s%2Fg%2F11rd3sg4zt!19sChIJi-kI6q9mmwIRj5fjfJXFzJQ?authuser=0&hl=nl&rclk=1,Telefoon: 06 18148902,Nijmegen
Fort Lent,info@fortlent.nl,http://www.fortlent.nl/,https://www.google.com/maps/place/Fort+Lent/data=!4m7!3m6!1s0x47c7084f22bc8969:0x7fe9c736b8cf0dca!8m2!3d51.8644129!4d5.8805443!16s%2Fg%2F1ynnq2ncp!19sChIJaYm8Ik8Ix0cRyg3PuDbH6X8?authuser=0&hl=nl&rclk=1,Telefoon: 024 323 1746,Nijmegen
Catering Nijmegen,info@catering-nijmegen.nl,http://catering-nijmegen.nl/nl/klantenservice/contact/,https://www.google.com/maps/place/Catering+Nijmegen/data=!4m7!3m6!1s0x47c70c0571fc9b19:0x4b051c604898c457!8m2!3d51.7780059!4d5.934164!16s%2Fg%2F11h_0vghm8!19sChIJGZv8cQUMx0cRV8SYSGAcBUs?authuser=0&hl=nl&rclk=1,Telefoon: 06 21597970,Nijmegen
Salas Indisch/Molukse Catering,contact@salascatering.nl,http://www.salascatering.nl/,https://www.google.com/maps/place/Salas+Indisch%2FMolukse+Catering/data=!4m7!3m6!1s0x47c7a883fdb49997:0x48c430415a575099!8m2!3d51.9133774!4d5.8611761!16s%2Fg%2F11bvt4b7hf!19sChIJl5m0_YOox0cRmVBXWkEwxEg?authuser=0&hl=nl&rclk=1,Telefoon: 06 22382125,Nijmegen
Makkie Ontbijt bezorgservice,,http://www.doemaarlekker.nl/,https://www.google.com/maps/place/Makkie+Ontbijt+bezorgservice/data=!4m7!3m6!1s0x47c709c8f181de19:0x3a621571ddcf7f42!8m2!3d51.8398117!4d5.8559144!16s%2Fg%2F11pq2sfnx6!19sChIJGd6B8cgJx0cRQn_P3XEVYjo?authuser=0&hl=nl&rclk=1,,Nijmegen
Veel Soeps,heel@veelsoeps.nl,https://www.veelsoeps.nl/,https://www.google.com/maps/place/Veel+Soeps/data=!4m7!3m6!1s0x47c7085e0f78c1f9:0xcc58226f1d921553!8m2!3d51.8562989!4d5.8388779!16s%2Fg%2F11h4br_ffs!19sChIJ-cF4D14Ix0cRUxWSHW8iWMw?authuser=0&hl=nl&rclk=1,Telefoon: 06 13011236,Nijmegen
Gazi's Spicy Indian Food,info@gaziesspicyindianfood.nl,https://www.gaziesspicyindianfood.nl/,https://www.google.com/maps/place/Gazi%27s+Spicy+Indian+Food/data=!4m7!3m6!1s0x47c7097b01064f33:0x4b3f24b7d963b0fd!8m2!3d51.8672752!4d5.8776037!16s%2Fg%2F11pkdmgrrj!19sChIJM08GAXsJx0cR_bBj2bckP0s?authuser=0&hl=nl&rclk=1,Telefoon: 024 377 1489,Nijmegen
De Hapjeskist,info@dehapjeskist.nl,http://www.dehapjeskist.nl/,https://www.google.com/maps/place/De+Hapjeskist/data=!4m7!3m6!1s0x47c7070d202cd8eb:0x45fc9e8e2250e89e!8m2!3d51.857949!4d5.7547748!16s%2Fg%2F11glx5_smg!19sChIJ69gsIA0Hx0cRnuhQIo6e_EU?authuser=0&hl=nl&rclk=1,Telefoon: 06 24416897,Nijmegen
Kimease,,https://kimease.nl/,https://www.google.com/maps/place/Kimease/data=!4m7!3m6!1s0x47c709686b8655f1:0xa2503be5ed6161ec!8m2!3d51.8315708!4d5.8388964!16s%2Fg%2F11yryrj_89!19sChIJ8VWGa2gJx0cR7GFh7eU7UKI?authuser=0&hl=nl&rclk=1,Telefoon: 06 14382567,Nijmegen
"Sushi van Kai - Japans en vega(n). Workshops, catering en take away.",hoi@sushivankai.nl,http://www.sushivankai.nl/,"https://www.google.com/maps/place/Sushi+van+Kai+-+Japans+en+vega%28n%29.+Workshops,+catering+en+take+away./data=!4m7!3m6!1s0x47c70956dbbb5dad:0xf497c014dd3f6d4f!8m2!3d51.8699941!4d5.8655558!16s%2Fg%2F11nm_7cyrs!19sChIJrV2721YJx0cRT20_3RTAl_Q?authuser=0&hl=nl&rclk=1",,Nijmegen
Cocktailbar,info@cocktailbar.nl,http://www.cocktailbar.nl/,https://www.google.com/maps/place/Cocktailbar/data=!4m7!3m6!1s0x47c7063aa9d6006d:0x7ec3146ff2ee1178!8m2!3d51.82551!4d5.811607!16s%2Fg%2F11hbqv5r_5!19sChIJbQDWqToGx0cReBHu8m8Uw34?authuser=0&hl=nl&rclk=1,Telefoon: 024 357 2761,Nijmegen
PASUNDAN Traditional Indonesian Food,,http://pasundan.nl/,https://www.google.com/maps/place/PASUNDAN+Traditional+Indonesian+Food/data=!4m7!3m6!1s0x47c7084fa3cf945f:0x5c7df22939ba8025!8m2!3d51.8457361!4d5.8715083!16s%2Fg%2F1vvyx9b5!19sChIJX5TPo08Ix0cRJYC6OSnyfVw?authuser=0&hl=nl&rclk=1,Telefoon: 024 737 0164,Nijmegen
Koffiebar Toos,linda@stichtingtoos.nl,https://www.stichtingtoos.nl/,https://www.google.com/maps/place/Koffiebar+Toos/data=!4m7!3m6!1s0x47c709d3cf935cf7:0x3f87b2ed1a998ecb!8m2!3d51.8417468!4d5.8700353!16s%2Fg%2F11q1vvf4vt!19sChIJ91yTz9MJx0cRy46ZGu2yhz8?authuser=0&hl=nl&rclk=1,Telefoon: 06 53856831,Nijmegen
van Marwijk Catering,info@vanmarwijkcatering.nl,http://www.vanmarwijkcatering.nl/,https://www.google.com/maps/place/van+Marwijk+Catering/data=!4m7!3m6!1s0x47c7a8cf40702e7b:0x61e8199f85745aaa!8m2!3d51.9189703!4d5.8430301!16s%2Fg%2F1tfsm6nw!19sChIJey5wQM-ox0cRqlp0hZ8Z6GE?authuser=0&hl=nl&rclk=1,Telefoon: 0481 376 363,Nijmegen
ROAMING CHEFS,contact@roaming-chefs.com,http://www.roaming-chefs.com/,https://www.google.com/maps/place/ROAMING+CHEFS/data=!4m7!3m6!1s0x47c7a448d748d7b1:0xdc9886f3d340ed30!8m2!3d51.9730562!4d5.9196232!16s%2Fg%2F1vd754bl!19sChIJsddI10ikx0cRMO1A0_OGmNw?authuser=0&hl=nl&rclk=1,Telefoon: 026 785 7273,Nijmegen
Qasioun Catering,info@qasioun.nl,https://qasioun.nl/,https://www.google.com/maps/place/Qasioun+Catering/data=!4m7!3m6!1s0x47c7a59f423e3ae3:0x61b481f2732b4d66!8m2!3d51.8422495!4d5.8541206!16s%2Fg%2F11j1jl9bcj!19sChIJ4zo-Qp-lx0cRZk0rc_KBtGE?authuser=0&hl=nl&rclk=1,Telefoon: 06 84671510,Nijmegen
Slagerij Keller 🥩,info@robkeller.nl,https://www.robkeller.nl/,https://www.google.com/maps/place/Slagerij+Keller+%F0%9F%A5%A9/data=!4m7!3m6!1s0x47c708720e3ddfcf:0x3f3f4e9fc784d6ba!8m2!3d51.8511099!4d5.8433485!16s%2Fg%2F1tfqkm68!19sChIJz989DnIIx0cRutaEx59OPz8?authuser=0&hl=nl&rclk=1,Telefoon: 024 377 4790,Nijmegen
D'Afrigián,info@dafrigian.nl,http://www.dafrigian.nl/,https://www.google.com/maps/place/D%27Afrigi%C3%A1n/data=!4m7!3m6!1s0x47c7094c05a3cd87:0x7c8d714b50bbd4d4!8m2!3d51.8301994!4d5.8680221!16s%2Fg%2F11mvsby1z0!19sChIJh82jBUwJx0cR1NS7UEtxjXw?authuser=0&hl=nl&rclk=1,Telefoon: 06 14591027,Nijmegen
Friet en Snacks on Wheels🍟,info@frietensnacksonwheels.nl,https://www.frietensnacksonwheels.nl/,https://www.google.com/maps/place/Friet+en+Snacks+on+Wheels%F0%9F%8D%9F/data=!4m7!3m6!1s0x47c7088f1b880e05:0x39344c4b8eb1a049!8m2!3d51.8665812!4d5.7406988!16s%2Fg%2F11cn0v9d_v!19sChIJBQ6IG48Ix0cRSaCxjktMNDk?authuser=0&hl=nl&rclk=1,Telefoon: 06 83978992,Nijmegen
IJskar huren IJstraktatie🍦,info@ijstraktatie.nl,http://www.ijstraktatie.nl/,https://www.google.com/maps/place/IJskar+huren+IJstraktatie%F0%9F%8D%A6/data=!4m7!3m6!1s0x47c708e6170c1901:0x25d4f811e3c29cde!8m2!3d51.8161949!4d5.8642976!16s%2Fg%2F1tdg2fv9!19sChIJARkMF-YIx0cR3pzC4xH41CU?authuser=0&hl=nl&rclk=1,Telefoon: 06 41966854,Nijmegen
Partyservice milder,d.milder@partyservicemilder.nl,https://www.partyservicemilder.nl/,https://www.google.com/maps/place/Partyservice+milder/data=!4m7!3m6!1s0x47c70659eef91259:0xf8c848d39d19b68e!8m2!3d51.826087!4d5.7777495!16s%2Fg%2F1ptzq7nln!19sChIJWRL57lkGx0cRjrYZndNIyPg?authuser=0&hl=nl&rclk=1,Telefoon: 024 373 1945,Nijmegen
Barbecue voor Thuis,,,https://www.google.com/maps/place/Barbecue+voor+Thuis/data=!4m7!3m6!1s0x47c70780db9538af:0xfe644fb018c039f6!8m2!3d51.8401423!4d5.8019009!16s%2Fg%2F11jlyw24tl!19sChIJrziV24AHx0cR9jnAGLBPZP4?authuser=0&hl=nl&rclk=1,Telefoon: 06 29622292,Nijmegen
Hier & Nu Comfortfood,info@hierennucomfortfood.nl,http://www.hierennucomfortfood.nl/,https://www.google.com/maps/place/Hier+%26+Nu+Comfortfood/data=!4m7!3m6!1s0x47c7a69a2274d949:0x8cbad2624296e7dd!8m2!3d51.9287931!4d5.9364446!16s%2Fg%2F11b6bw_dcs!19sChIJSdl0Ipqmx0cR3eeWQmLSuow?authuser=0&hl=nl&rclk=1,Telefoon: 06 18396525,Nijmegen
Bustro,mirjam@bustro.nl,https://www.bustro.nl/,https://www.google.com/maps/place/Bustro/data=!4m7!3m6!1s0x47c707005daf863b:0x678d803a8f982a72!8m2!3d51.8419102!4d5.8266626!16s%2Fg%2F11wg28tt2x!19sChIJO4avXQAHx0cRciqYjzqAjWc?authuser=0&hl=nl&rclk=1,Telefoon: 06 54747666,Nijmegen
Swiet Kitchen Nijmegen | Marokkaans Surinaams Eethuis | 🇸🇷,info@swietkitchen.nl,http://swietkitchen.nl/,https://www.google.com/maps/place/Swiet+Kitchen+Nijmegen+%7C+Marokkaans+Surinaams+Eethuis+%7C+%F0%9F%87%B8%F0%9F%87%B7/data=!4m7!3m6!1s0x47c7087fd209f6af:0xcec69404940f19b8!8m2!3d51.8358375!4d5.8311741!16s%2Fg%2F11g9jnykyp!19sChIJr_YJ0n8Ix0cRuBkPlASUxs4?authuser=0&hl=nl&rclk=1,Telefoon: 024 206 3779,Nijmegen
Denies Friet,offerte@deniesfriet.nl,http://www.deniesfriet.nl/,https://www.google.com/maps/place/Denies+Friet/data=!4m7!3m6!1s0x47c7074208a252d5:0xca7fe9bfd773e9b9!8m2!3d51.8677001!4d5.734988!16s%2Fg%2F1tdg70b2!19sChIJ1VKiCEIHx0cRuelz17_pf8o?authuser=0&hl=nl&rclk=1,Telefoon: 024 202 2142,Nijmegen
Frietbusje,info@frietbusje.nl,https://frietbusje.nl/,https://www.google.com/maps/place/Frietbusje/data=!4m7!3m6!1s0x47c70916c6f08dd5:0x6ed05e5588e792a5!8m2!3d52.1909763!4d5.2795551!16s%2Fg%2F11h5ty8skl!19sChIJ1Y3wxhYJx0cRpZLniFVe0G4?authuser=0&hl=nl&rclk=1,Telefoon: 06 87999264,Nijmegen
BliXem Nijmegen,info@blixemnijmegen.nl,https://www.blixemnijmegen.nl/,https://www.google.com/maps/place/BliXem+Nijmegen/data=!4m7!3m6!1s0x47c708598b63bc43:0x3daab8f2833dd2a8!8m2!3d51.8381364!4d5.8663684!16s%2Fg%2F1tf6wk_n!19sChIJQ7xji1kIx0cRqNI9g_K4qj0?authuser=0&hl=nl&rclk=1,Telefoon: 024 388 8678,Nijmegen
De BBQ Brandtweer,post@debbqbrandtweer.nl,http://www.debbqbrandtweer.nl/,https://www.google.com/maps/place/De+BBQ+Brandtweer/data=!4m7!3m6!1s0x47c7086d6a8970eb:0xb8868e0e31d61078!8m2!3d51.8539537!4d5.846397!16s%2Fg%2F11cn3dp3tl!19sChIJ63CJam0Ix0cReBDWMQ6Ohrg?authuser=0&hl=nl&rclk=1,Telefoon: 06 43259231,Nijmegen
't Sfeerhuys bij De Looimolen,info@sfeerhuys.nl,http://www.sfeerhuys.nl/,https://www.google.com/maps/place/%27%27t+Sfeerhuys+bij+De+Looimolen%27/data=!4m7!3m6!1s0x47c70862de21d193:0x420d857336a2ad34!8m2!3d51.8365403!4d5.8426247!16s%2Fg%2F1tdrdlp5!19sChIJk9Eh3mIIx0cRNK2iNnOFDUI?authuser=0&hl=nl&rclk=1,Telefoon: 024 379 0676,Nijmegen
Angela's Catering,info@angelascatering.nl,https://angelascatering.nl/contact/,https://www.google.com/maps/place/Angela%27s+Catering/data=!4m7!3m6!1s0x47c7a76bf830aac1:0x4deba2a5b963e201!8m2!3d51.8897291!4d5.912359!16s%2Fg%2F1ptw1vcgn!19sChIJwaow-Gunx0cRAeJjuaWi600?authuser=0&hl=nl&rclk=1,Telefoon: 06 37421300,Nijmegen
Chefs Culinar,info@chefsculinar.nl,http://www.chefsculinar.nl/,https://www.google.com/maps/place/Chefs+Culinar/data=!4m7!3m6!1s0x47c706f6e07a2051:0x8fb23fefddaab61b!8m2!3d51.82423!4d5.767978!16s%2Fg%2F1tgy_tkz!19sChIJUSB64PYGx0cRG7aq3e8_so8?authuser=0&hl=nl&rclk=1,Telefoon: 024 711 9801,Nijmegen
Luchtig - Lunchwinkel,%20info@luchtig.nu,http://www.luchtig.nu/,https://www.google.com/maps/place/Luchtig+-+Lunchwinkel/data=!4m7!3m6!1s0x88e10c7b34b3f9cf:0xc6775ec296fa061f!8m2!3d51.8301994!4d5.8680221!16s%2Fg%2F11sqjdndbj!19sChIJz_mzNHsM4YgRHwb6lsJed8Y?authuser=0&hl=nl&rclk=1,Telefoon: 06 43747633,Nijmegen
Black & Blue - BBQ,info@blackandbluebbq.nl,https://blackandbluebbq.nl/,https://www.google.com/maps/place/Black+%26+Blue+-+BBQ/data=!4m7!3m6!1s0x47c708f3a2415913:0x297ad45f4d2294e0!8m2!3d51.8266748!4d5.8563878!16s%2Fg%2F11cn93wp_y!19sChIJE1lBovMIx0cR4JQiTV_Ueik?authuser=0&hl=nl&rclk=1,Telefoon: 06 41841010,Nijmegen
Bar Company,info@barcompany.nl,http://www.barcompany.nl/,https://www.google.com/maps/place/Bar+Company/data=!4m7!3m6!1s0x47c70f1f4ad57a47:0xe84e45f673d77aa1!8m2!3d51.8255726!4d5.8115935!16s%2Fg%2F11b6sz1scg!19sChIJR3rVSh8Px0cRoXrXc_ZFTug?authuser=0&hl=nl&rclk=1,Telefoon: 088 203 5100,Nijmegen
Food2Go Nijmegen,food2go.nijmegen@gmail.com,https://www.food2gonijmegen.nl/,https://www.google.com/maps/place/Food2Go+Nijmegen/data=!4m7!3m6!1s0x47c7093e7eaaadd5:0x35f8a19fb4e3eef0!8m2!3d51.8074215!4d5.8242289!16s%2Fg%2F11t9t7mwzg!19sChIJ1a2qfj4Jx0cR8O7jtJ-h-DU?authuser=0&hl=nl&rclk=1,Telefoon: 024 679 3563,Nijmegen
Knettervers,info@knettervers.nl,http://www.knettervers.nl/,https://www.google.com/maps/place/Knettervers/data=!4m7!3m6!1s0x47c708580e51a741:0xb7a5bc8cd89d7139!8m2!3d51.833633!4d5.8659922!16s%2Fg%2F1tvgtknj!19sChIJQadRDlgIx0cROXGd2Iy8pbc?authuser=0&hl=nl&rclk=1,Telefoon: 06 18333537,Nijmegen
Hofmans Catering,info@hofmanscatering.nl,http://www.hofmanscatering.nl/,https://www.google.com/maps/place/Hofmans+Catering/data=!4m7!3m6!1s0x47c70f4af54429eb:0x57f91537d53e0396!8m2!3d51.8248939!4d5.7616796!16s%2Fg%2F1tjppqpx!19sChIJ6ylE9UoPx0cRlgM-1TcV-Vc?authuser=0&hl=nl&rclk=1,Telefoon: 024 358 6076,Nijmegen
"Piazzani, foodtruck, pizza, pizzacatering",jelani@piazzani.nl,http://www.piazzani.nl/,"https://www.google.com/maps/place/Piazzani,+foodtruck,+pizza,+pizzacatering/data=!4m7!3m6!1s0x47c70f3089705fdf:0x5ded0c5ac95fd5b1!8m2!3d51.7992944!4d5.806461!16s%2Fg%2F11hd6w5z9p!19sChIJ319wiTAPx0cRsdVfyVoM7V0?authuser=0&hl=nl&rclk=1",,Nijmegen
BUUR Brakkenstein,info@buurnijmegen.nl,https://buurnijmegen.nl/buur-brakkenstein/,https://www.google.com/maps/place/BUUR+Brakkenstein/data=!4m7!3m6!1s0x47c708e8136db711:0xa94d20d1d169b911!8m2!3d51.8133572!4d5.8618724!16s%2Fg%2F11csswyfjx!19sChIJEbdtE-gIx0cREblp0dEgTak?authuser=0&hl=nl&rclk=1,Telefoon: 024 663 4659,Nijmegen
Catering Van Alex,,http://www.cateringvanalex.nl/,https://www.google.com/maps/place/Catering+Van+Alex/data=!4m7!3m6!1s0x47c708439e20868d:0x8c95c3632c980395!8m2!3d51.8467273!4d5.8617272!16s%2Fg%2F1vqmhlkr!19sChIJjYYgnkMIx0cRlQOYLGPDlYw?authuser=0&hl=nl&rclk=1,Telefoon: 06 18392372,Nijmegen
Hete kip op locatie | Hete kip in Nijmegen,info@hetekipoplocatie.nl,https://www.hetekipoplocatie.nl/,https://www.google.com/maps/place/Hete+kip+op+locatie+%7C+Hete+kip+in+Nijmegen/data=!4m7!3m6!1s0x47c7070f46075cff:0x4554bbd4f4afe1e2!8m2!3d51.8260306!4d5.7780892!16s%2Fg%2F11nwbgrdqg!19sChIJ_1wHRg8Hx0cR4uGv9NS7VEU?authuser=0&hl=nl&rclk=1,Telefoon: 06 45216641,Nijmegen
Hertendave,hertendave@gmail.com,https://www.hertendave.nl/,https://www.google.com/maps/place/Hertendave/data=!4m7!3m6!1s0x47c70906504ecd03:0x17bf57889bd2ea7a!8m2!3d51.8435431!4d5.8435577!16s%2Fg%2F11v9b__9y8!19sChIJA81OUAYJx0cReurSm4hXvxc?authuser=0&hl=nl&rclk=1,,Nijmegen
Borrelmeisters,info@borrelmeisters.nl,http://www.borrelmeisters.nl/,https://www.google.com/maps/place/Borrelmeisters/data=!4m7!3m6!1s0x46b95274983579df:0x64a6eec92c77d02b!8m2!3d52.3324866!4d5.5889051!16s%2Fg%2F11tc1y8b26!19sChIJ33k1mHRSuUYRK9B3LMnupmQ?authuser=0&hl=nl&rclk=1,,Nijmegen
Maison Fatima: leeft en kookt!,info@maisonfatima.nl,https://maisonfatima.nl/,https://www.google.com/maps/place/Maison+Fatima:+leeft+en+kookt!/data=!4m7!3m6!1s0x47c70dcd5934141f:0xf28d0332624d36b8!8m2!3d51.8109865!4d5.8078442!16s%2Fg%2F11y0qk843m!19sChIJHxQ0Wc0Nx0cRuDZNYjIDjfI?authuser=0&hl=nl&rclk=1,Telefoon: 06 30876489,Nijmegen
