Name,Email,Website,Google Maps URL,Phone,Query
7Days,,,https://www.google.com/maps/place/7Days/data=!4m7!3m6!1s0x47c609aade88be69:0x8fd3fa611e2ece!8m2!3d52.3620477!4d4.9069069!16s%2Fg%2F1tdc4f3c!19sChIJab6I3qoJxkcRzi4eYfrTjwA?authuser=0&hl=nl&rclk=1,Telefoon: 020 630 4707,newspaper Amsterdam
Buro de Pijp,,http://www.burodepijp.nl/,https://www.google.com/maps/place/Buro+de+Pijp/data=!4m7!3m6!1s0x47c609aa9e66ce89:0x79e6f95053f92921!8m2!3d52.3538611!4d4.8901354!16s%2Fg%2F11n8wv3hvx!19sChIJic5mnqoJxkcRISn5U1D55nk?authuser=0&hl=nl&rclk=1,Telefoon: 085 130 5667,newspaper Amsterdam
De Correspondent,post@decorrespondent.nl,https://decorrespondent.nl/,https://www.google.com/maps/place/De+Correspondent/data=!4m7!3m6!1s0x47c609de67130101:0xa1028bc1f32d13e0!8m2!3d52.389165!4d4.890576!16s%2Fg%2F1ptxkr83y!19sChIJAQETZ94JxkcR4BMt88GLAqE?authuser=0&hl=nl&rclk=1,,newspaper Amsterdam
"Weekblad ""De Groene Amsterdammer""",abonnementen@groene.nl,http://www.groene.nl/,https://www.google.com/maps/place/Weekblad+%22De+Groene+Amsterdammer%22/data=!4m7!3m6!1s0x47c609c1e504413b:0xcb99627ebaba7753!8m2!3d52.367466!4d4.888951!16s%2Fg%2F1tq4q8rg!19sChIJO0EE5cEJxkcRU3e6un5imcs?authuser=0&hl=nl&rclk=1,Telefoon: 020 524 5555,newspaper Amsterdam
Nieuws van de Week,,http://www.nieuwsvandeweek.info/362/,https://www.google.com/maps/place/Nieuws+van+de+Week/data=!4m7!3m6!1s0x47c60a06c8df86e9:0x83fbcf0b7c43d2c8!8m2!3d52.3406545!4d4.8679979!16s%2Fg%2F11hzn4hz95!19sChIJ6YbfyAYKxkcRyNJDfAvP-4M?authuser=0&hl=nl&rclk=1,Telefoon: 020 541 2111,newspaper Amsterdam
Kidsweek,,https://www.kidsweek.nl/,https://www.google.com/maps/place/Kidsweek/data=!4m7!3m6!1s0x47c609aae738b5f1:0xda7089ebd85723fb!8m2!3d52.3620477!4d4.9069069!16s%2Fg%2F11ddw_dllc!19sChIJ8bU456oJxkcR-yNX2OuJcNo?authuser=0&hl=nl&rclk=1,Telefoon: 020 225 1224,newspaper Amsterdam
PROEFABONNEMENT KRANT,info@bespaardeals.nl,https://proefabonnementkrant.com/,https://www.google.com/maps/place/PROEFABONNEMENT+KRANT/data=!4m7!3m6!1s0x47c609749221bef3:0x7792513ed15bbcd4!8m2!3d52.363482!4d4.92592!16s%2Fg%2F11cs9w58ll!19sChIJ874hknQJxkcR1Lxb0T5Rknc?authuser=0&hl=nl&rclk=1,,newspaper Amsterdam
Het Financieele Dagblad,,https://fd.nl/,https://www.google.com/maps/place/Het+Financieele+Dagblad/data=!4m7!3m6!1s0x47c60981e79288df:0xa5921ccbad636299!8m2!3d52.3486946!4d4.9176543!16s%2Fg%2F1tfb15j8!19sChIJ34iS54EJxkcRmWJjrcsckqU?authuser=0&hl=nl&rclk=1,Telefoon: 020 592 8888,newspaper Amsterdam
De Regulist,,https://deregulist.nl/,https://www.google.com/maps/place/De+Regulist/data=!4m7!3m6!1s0x47c5b5464e3f0b89:0xe2ef84e0674b3836!8m2!3d52.3534162!4d4.8542648!16s%2Fg%2F11kk87vzqc!19sChIJiQs_Tka1xUcRNjhLZ-CE7-I?authuser=0&hl=nl&rclk=1,Telefoon: 06 57625336,newspaper Amsterdam
Boekenmarkt De Hallen Amsterdam,,,https://www.google.com/maps/place/Boekenmarkt+De+Hallen+Amsterdam/data=!4m7!3m6!1s0x47c609c1bb4fd185:0x7bf2d66e41a65a14!8m2!3d52.3688575!4d4.8899946!16s%2Fg%2F11c48p0p4f!19sChIJhdFPu8EJxkcRFFqmQW7W8ns?authuser=0&hl=nl&rclk=1,,newspaper Amsterdam
NRC Huizen,,https://nrchuizen.nl/contact/,https://www.google.com/maps/place/NRC+Huizen/data=!4m7!3m6!1s0x47c609c0c4754e13:0x27beb4fd7d803b5c!8m2!3d52.3709776!4d4.8933978!16s%2Fg%2F11c1s2h54d!19sChIJE051xMAJxkcRXDuAff20vic?authuser=0&hl=nl&rclk=1,Telefoon: 020 755 3000,newspaper Amsterdam
Foam Magazine,magazine@foam.org,http://www.foam.org/magazine/,https://www.google.com/maps/place/Foam+Magazine/data=!4m7!3m6!1s0x47c609eb13b73a69:0xaa3ba17ceae013fa!8m2!3d52.3640999!4d4.8932874!16s%2Fg%2F11b8yy6m31!19sChIJaTq3E-sJxkcR-hPg6nyhO6o?authuser=0&hl=nl&rclk=1,Telefoon: 020 551 6500,newspaper Amsterdam
Readmo,,,https://www.google.com/maps/place/Readmo/data=!4m7!3m6!1s0x47c609bc3d01fd25:0xb284a44476327c36!8m2!3d52.3661437!4d4.8938993!16s%2Fg%2F1pxw7zz0x!19sChIJJf0BPbwJxkcRNnwydkSkhLI?authuser=0&hl=nl&rclk=1,Telefoon: +1 800-605-8427,newspaper Amsterdam
Contentway Group B.V.,info@contentway.eu,http://contentway.eu/,https://www.google.com/maps/place/Contentway+Group+B.V./data=!4m7!3m6!1s0x47c609f3056fc62d:0x69b9ddedc42237e7!8m2!3d52.3683422!4d4.8839873!16s%2Fg%2F11rmncxwzv!19sChIJLcZvBfMJxkcR5zcixO3duWk?authuser=0&hl=nl&rclk=1,Telefoon: 020 241 7763,newspaper Amsterdam
Le Temps Retrouvé,info@letempsretrouve.nl,http://www.letempsretrouve.nl/,https://www.google.com/maps/place/Le+Temps+Retrouv%C3%A9/data=!4m7!3m6!1s0x47c609ea49c4bff9:0x47e2699d6285061f!8m2!3d52.36469!4d4.889262!16s%2Fg%2F11b73hh66f!19sChIJ-b_ESeoJxkcRHwaFYp1p4kc?authuser=0&hl=nl&rclk=1,Telefoon: 020 337 6125,newspaper Amsterdam
Het Parool,copyright@parool.nl,http://www.parool.nl/,https://www.google.com/maps/place/Het+Parool/data=!4m7!3m6!1s0x47c6090ec7e4bca1:0xdb445287881721e7!8m2!3d52.3724036!4d4.9293512!16s%2Fg%2F1td7mhrc!19sChIJobzkxw4JxkcR5yEXiIdSRNs?authuser=0&hl=nl&rclk=1,Telefoon: 020 558 4444,newspaper Amsterdam
Fornet Media,,,https://www.google.com/maps/place/Fornet+Media/data=!4m7!3m6!1s0x47c609ea804364bb:0xbeb443fe98527ccc!8m2!3d52.3667115!4d4.8913496!16s%2Fg%2F11sm6xlr67!19sChIJu2RDgOoJxkcRzHxSmP5DtL4?authuser=0&hl=nl&rclk=1,Telefoon: +1 856-486-8247,newspaper Amsterdam
Netherlands Muziek News,,,https://www.google.com/maps/place/Netherlands+Muziek+News/data=!4m7!3m6!1s0x47c60930cd700ac1:0x5fb0e90d9dcfd81!8m2!3d52.3602984!4d4.930847!16s%2Fg%2F11srs41k83!19sChIJwQpwzTAJxkcRgf3c2ZAO-wU?authuser=0&hl=nl&rclk=1,Telefoon: 06 87544906,newspaper Amsterdam
IamExpat Media B.V.,,https://www.iamexpat.nl/,https://www.google.com/maps/place/IamExpat+Media+B.V./data=!4m7!3m6!1s0x47c609c0ba403d89:0xaa99e50f35ae31e1!8m2!3d52.366663!4d4.8924517!16s%2Fg%2F12mk_3ghc!19sChIJiT1AusAJxkcR4TGuNQ_lmao?authuser=0&hl=nl&rclk=1,,newspaper Amsterdam
Trouw B.V.,copyright@trouw.nl,http://www.trouw.nl/,https://www.google.com/maps/place/Trouw+B.V./data=!4m7!3m6!1s0x47c609095013a427:0x5fa3ff40965005da!8m2!3d52.3713126!4d4.9277641!16s%2Fg%2F1tzvvrmk!19sChIJJ6QTUAkJxkcR2gVQlkD_o18?authuser=0&hl=nl&rclk=1,Telefoon: 020 562 9444,newspaper Amsterdam
Huis De Pinto,contact@huisdepinto.nl,https://huisdepinto.nl/,https://www.google.com/maps/place/Huis+De+Pinto/data=!4m7!3m6!1s0x47c609be90cb735b:0x18f2b2bf0e4685c8!8m2!3d52.3701393!4d4.9009011!16s%2Fg%2F121pqch1!19sChIJW3PLkL4JxkcRyIVGDr-y8hg?authuser=0&hl=nl&rclk=1,Telefoon: 020 370 0210,newspaper Amsterdam
Nu!,,https://www.nu.nl/,https://www.google.com/maps/place/Nu!/data=!4m7!3m6!1s0x47c609a0b5433bb9:0x97a1c037332af7da!8m2!3d52.3688647!4d4.9165035!16s%2Fg%2F1tg7r6g1!19sChIJuTtDtaAJxkcR2vcqMzfAoZc?authuser=0&hl=nl&rclk=1,,newspaper Amsterdam
De Westkrant,,http://www.dewestkrant.nl/,https://www.google.com/maps/place/De+Westkrant/data=!4m7!3m6!1s0x47c5e26d6760e18b:0x3fbe7524586952d4!8m2!3d52.3675734!4d4.9041389!16s%2Fg%2F11btwqkr27!19sChIJi-FgZ23ixUcR1FJpWCR1vj8?authuser=0&hl=nl&rclk=1,,newspaper Amsterdam
Budget Krant Nederland,,https://www.budgetkrantnederland.nl/contact,https://www.google.com/maps/place/Budget+Krant+Nederland/data=!4m7!3m6!1s0x47c60984c9115555:0x16ed4d1795b0b0ca!8m2!3d52.3549336!4d4.9104306!16s%2Fg%2F11kv54607x!19sChIJVVURyYQJxkcRyrCwlRdN7RY?authuser=0&hl=nl&rclk=1,Telefoon: 06 82355907,newspaper Amsterdam
Copywriter Collective,info@copywritercollective.com,https://copywritercollective.com/hire/freelance-copywriters-amsterdam/,https://www.google.com/maps/place/Copywriter+Collective/data=!4m7!3m6!1s0x47c609c0f04c9437:0x637996c36dfa7c5a!8m2!3d52.3758759!4d4.8924992!16s%2Fg%2F1t_wnk1l!19sChIJN5RM8MAJxkcRWnz6bcOWeWM?authuser=0&hl=nl&rclk=1,Telefoon: 06 34592024,newspaper Amsterdam
ONTWARD,INFO@ONTWARD.COM,http://www.ontward.com/,https://www.google.com/maps/place/ONTWARD/data=!4m7!3m6!1s0x47c609d160fd24c1:0xbcdce602a1e6fedc!8m2!3d52.3691636!4d4.8993578!16s%2Fg%2F11bx5q660d!19sChIJwST9YNEJxkcR3P7moQLm3Lw?authuser=0&hl=nl&rclk=1,Telefoon: 06 41767092,newspaper Amsterdam
Stichting Free Press Unlimited,info@freepressunlimited.org,https://freepressunlimited.org/,https://www.google.com/maps/place/Stichting+Free+Press+Unlimited/data=!4m7!3m6!1s0x47c60997d8230367:0x9abf7c396132ce9f!8m2!3d52.3660112!4d4.9053041!16s%2Fg%2F11btv65gxn!19sChIJZwMj2JcJxkcRn84yYTl8v5o?authuser=0&hl=nl&rclk=1,Telefoon: 020 800 0400,newspaper Amsterdam
G.L.M. Verweij,,,https://www.google.com/maps/place/G.L.M.+Verweij/data=!4m7!3m6!1s0x47c609d918d94663:0x2e76ba13e14dd8ae!8m2!3d52.3747779!4d4.871819!16s%2Fg%2F1ptxnp808!19sChIJY0bZGNkJxkcRrthN4RO6di4?authuser=0&hl=nl&rclk=1,Telefoon: 020 684 4924,newspaper Amsterdam
Red Light Office Boomsteeg,info@boomsteeg.nl,http://www.boomsteeg.amsterdam/,https://www.google.com/maps/place/Red+Light+Office+Boomsteeg/data=!4m7!3m6!1s0x47c609357d57411b:0x82178ff586f305cc!8m2!3d52.3741953!4d4.9000931!16s%2Fg%2F11rk8gvjx_!19sChIJG0FXfTUJxkcRzAXzhvWPF4I?authuser=0&hl=nl&rclk=1,Telefoon: 06 19351514,newspaper Amsterdam
Re-Magazine,,,https://www.google.com/maps/place/Re-Magazine/data=!4m7!3m6!1s0x47c609c346ab7e85:0x9d1b8b3a0f82007b!8m2!3d52.3714754!4d4.8833361!16s%2Fg%2F11fx7vfznq!19sChIJhX6rRsMJxkcRewCCDzqLG50?authuser=0&hl=nl&rclk=1,Telefoon: 020 320 9032,magazine Amsterdam
Tableau Media BV,,http://www.tableaumagazine.nl/contact/,https://www.google.com/maps/place/Tableau+Media+BV/data=!4m7!3m6!1s0x47c609f5a5b11bd9:0xcce80181dc1a73c2!8m2!3d52.3652672!4d4.8871315!16s%2Fg%2F1ptx4k66_!19sChIJ2RuxpfUJxkcRwnMa3IEB6Mw?authuser=0&hl=nl&rclk=1,,magazine Amsterdam
Quint Magazine,,,https://www.google.com/maps/place/Quint+Magazine/data=!4m7!3m6!1s0x47c609d9489f8ca3:0x24238d6ce32eceb9!8m2!3d52.3735232!4d4.8744723!16s%2Fg%2F11d_bc7n6l!19sChIJo4yfSNkJxkcRuc4u42yNIyQ?authuser=0&hl=nl&rclk=1,Telefoon: 020 233 3978,magazine Amsterdam
Serum Ontwerp Amsterdam,info@serumontwerp.nl,http://www.serumontwerp.nl/,https://www.google.com/maps/place/Serum+Ontwerp+Amsterdam/data=!4m7!3m6!1s0x47c609dbca1b5efb:0x8e4feb2ecc8a5d76!8m2!3d52.3749671!4d4.8776863!16s%2Fg%2F11btm556dh!19sChIJ-14bytsJxkcRdl2KzC7rT44?authuser=0&hl=nl&rclk=1,Telefoon: 020 663 7911,magazine Amsterdam
Folia,,http://www.folia.nl/,https://www.google.com/maps/place/Folia/data=!4m7!3m6!1s0x47c6099532c46419:0xb5440aa535a5be54!8m2!3d52.3630589!4d4.9142502!16s%2Fg%2F1tknjn9j!19sChIJGWTEMpUJxkcRVL6lNaUKRLU?authuser=0&hl=nl&rclk=1,Telefoon: 06 55134393,magazine Amsterdam
Vol. Magazine,,http://www.vol-magazine.nl/,https://www.google.com/maps/place/Vol.+Magazine/data=!4m7!3m6!1s0x47c6091f21112721:0x95ee3144ec3ee182!8m2!3d52.3870391!4d4.9021128!16s%2Fg%2F11r9f6vtgj!19sChIJIScRIR8JxkcRguE-7EQx7pU?authuser=0&hl=nl&rclk=1,Telefoon: 020 627 5555,magazine Amsterdam
IJpassage,,,https://www.google.com/maps/place/IJpassage/data=!4m7!3m6!1s0x47c609b7a4cd7a75:0xb730e8f34bcb048c!8m2!3d52.3791193!4d4.9001003!16s%2Fg%2F11h9y980rm!19sChIJdXrNpLcJxkcRjATLS_PoMLc?authuser=0&hl=nl&rclk=1,,magazine Amsterdam
SPRMRKT Amsterdam,,https://sprmrkt.amsterdam/,https://www.google.com/maps/place/SPRMRKT+Amsterdam/data=!4m7!3m6!1s0x47c6090056926ce1:0x87bf38d5d7ef2d09!8m2!3d52.3677552!4d4.9066119!16s%2Fg%2F11xw4v3k41!19sChIJ4WySVgAJxkcRCS3v19U4v4c?authuser=0&hl=nl&rclk=1,Telefoon: 06 50658404,magazine Amsterdam
Lychnari Magazine,marietje.wennekendonk@attica.nl,https://www.lychnari.nl/,https://www.google.com/maps/place/Lychnari+Magazine/data=!4m7!3m6!1s0x47c60978af83cc5f:0x9c90cd697265a37d!8m2!3d52.3735778!4d4.8895951!16s%2Fg%2F11j0hnpcr4!19sChIJX8yDr3gJxkcRfaNlcmnNkJw?authuser=0&hl=nl&rclk=1,,magazine Amsterdam
&C Media,,,https://www.google.com/maps/place/%26C+Media/data=!4m7!3m6!1s0x47c60907d52abfe5:0xcea6b894ea7218e4!8m2!3d52.3664289!4d4.8803551!16s%2Fg%2F11dyqvcvy6!19sChIJ5b8q1QcJxkcR5Bhy6pS4ps4?authuser=0&hl=nl&rclk=1,,magazine Amsterdam
Foam,,https://www.foam.org/,https://www.google.com/maps/place/Foam/data=!4m7!3m6!1s0x47c60974445cf937:0x102f25b88f723a01!8m2!3d52.3640863!4d4.8933224!16s%2Fm%2F080q85l!19sChIJN_lcRHQJxkcRATpyj7glLxA?authuser=0&hl=nl&rclk=1,Telefoon: 020 551 6500,magazine Amsterdam
Onze Eigen Tuin,jouw@mailadres.nl,http://www.onzeeigentuin.nl/,https://www.google.com/maps/place/Onze+Eigen+Tuin/data=!4m7!3m6!1s0x47c60997320831a7:0xa4af662791d799c0!8m2!3d52.3643406!4d4.8705026!16s%2Fg%2F1tnjhs9t!19sChIJpzEIMpcJxkcRwJnXkSdmr6Q?authuser=0&hl=nl&rclk=1,Telefoon: 020 627 9727,magazine Amsterdam
Motormond Amsterdam,,https://www.motormond.org/,https://www.google.com/maps/place/Motormond+Amsterdam/data=!4m7!3m6!1s0x47c60b1946f6898d:0x36d9845c148e9dd6!8m2!3d52.3672418!4d4.8715121!16s%2Fg%2F11txgx2_cy!19sChIJjYn2RhkLxkcR1p2OFFyE2TY?authuser=0&hl=nl&rclk=1,Telefoon: 06 43717283,magazine Amsterdam
#59 MAGAZINE,info@suite59.nl,http://59magazine.nl/,https://www.google.com/maps/place/%2359+MAGAZINE/data=!4m7!3m6!1s0x47c6091ae5fe4acd:0x804b68c083070086!8m2!3d52.3775507!4d4.9383891!16s%2Fg%2F1hc2zhqjy!19sChIJzUr-5RoJxkcRhgAHg8BoS4A?authuser=0&hl=nl&rclk=1,Telefoon: 06 54937301,magazine Amsterdam
Magazines athereum,,,https://www.google.com/maps/place/Magazines+athereum/data=!4m7!3m6!1s0x47c609c18ff62389:0xd4483b60f0240512!8m2!3d52.368923!4d4.8890528!16s%2Fg%2F11g8th4kg1!19sChIJiSP2j8EJxkcREgUk8GA7SNQ?authuser=0&hl=nl&rclk=1,,magazine Amsterdam
The Folks Magazine,hallo@dorienfranken.nl,http://www.thefolksmagazine.com/,https://www.google.com/maps/place/The+Folks+Magazine/data=!4m7!3m6!1s0x47c609a80df8dac9:0xb8a3aead9319e023!8m2!3d52.3769019!4d4.9216539!16s%2Fg%2F11d_w63983!19sChIJydr4DagJxkcRI-AZk62uo7g?authuser=0&hl=nl&rclk=1,,magazine Amsterdam
Keizershouse Amsterdam,info@keizershouse.com,https://www.keizershouse.com/,https://www.google.com/maps/place/Keizershouse+Amsterdam/data=!4m10!3m9!1s0x47c609e9d254a219:0xfbdb7b1fe7da16a8!5m2!4m1!1i2!8m2!3d52.366581!4d4.8847712!16s%2Fg%2F11g6qs_48_!19sChIJGaJU0ukJxkcRqBba5x972_s?authuser=0&hl=nl&rclk=1,Telefoon: 06 34223313,magazine Amsterdam
See All This Art Magazine,info@seeallthis.com,http://seeallthis.com/,https://www.google.com/maps/place/See+All+This+Art+Magazine/data=!4m7!3m6!1s0x47c6090569233d51:0xad42516ebe351590!8m2!3d52.3684772!4d4.8862679!16s%2Fg%2F11tx9b3klg!19sChIJUT0jaQUJxkcRkBU1vm5RQq0?authuser=0&hl=nl&rclk=1,,magazine Amsterdam
Just Be It magazine,,http://justbeitmag.nl/?page_id=100,https://www.google.com/maps/place/Just+Be+It+magazine/data=!4m7!3m6!1s0x47c609e843f56af9:0x583f4dac5ac0f4e2!8m2!3d52.3654283!4d4.88311!16s%2Fg%2F11cs2c7dyc!19sChIJ-Wr1Q-gJxkcR4vTAWqxNP1g?authuser=0&hl=nl&rclk=1,Telefoon: 06 47260463,magazine Amsterdam
BLEND\BUREAUX,,,https://www.google.com/maps/place/BLEND%5CBUREAUX/data=!4m7!3m6!1s0x47c609bb0ff17939:0x690db6423d728e31!8m2!3d52.3679884!4d4.9057853!16s%2Fg%2F1vrq8vfl!19sChIJOXnxD7sJxkcRMY5yPUK2DWk?authuser=0&hl=nl&rclk=1,Telefoon: 3475899284,magazine Amsterdam
Time Out Magazine (Europe) B.V.,,http://www.facebook.com/timeoutamsterdamfan,https://www.google.com/maps/place/Time+Out+Magazine+%28Europe%29+B.V./data=!4m7!3m6!1s0x47c609bb457fd15f:0x64c3b2e18456e79d!8m2!3d52.375208!4d4.8961014!16s%2Fg%2F1tdkwwp8!19sChIJX9F_RbsJxkcRnedWhOGyw2Q?authuser=0&hl=nl&rclk=1,,magazine Amsterdam
Splendor Amsterdam,info@splendoramsterdam.com,http://www.splendoramsterdam.com/,https://www.google.com/maps/place/Splendor+Amsterdam/data=!4m7!3m6!1s0x47c609bc38eb60e9:0x1fbf875d320087a5!8m2!3d52.369805!4d4.9029824!16s%2Fg%2F11bbrgnyln!19sChIJ6WDrOLwJxkcRpYcAMl2Hvx8?authuser=0&hl=nl&rclk=1,Telefoon: 020 845 3345,magazine Amsterdam
Mokum Magazine,,http://www.mokummagazine.nl/,https://www.google.com/maps/place/Mokum+Magazine/data=!4m7!3m6!1s0x47c609bd93b30951:0x669e35974fd50c15!8m2!3d52.3824806!4d4.8832038!16s%2Fg%2F11r_mjgvwn!19sChIJUQmzk70JxkcRFQzVT5c1nmY?authuser=0&hl=nl&rclk=1,Telefoon: 020 752 2482,magazine Amsterdam
IEX Media B.V.,marco.ruivenkamp@iexgroup.nl,https://www.iexmedia.nl/,https://www.google.com/maps/place/IEX+Media+B.V./data=!4m7!3m6!1s0x47c60bdc6fc07e4d:0xf86d42931290b4aa!8m2!3d52.3741744!4d4.8959187!16s%2Fg%2F1x6q0zgz!19sChIJTX7Ab9wLxkcRqrSQEpNCbfg?authuser=0&hl=nl&rclk=1,,magazine Amsterdam
EYEMAZING,office@eyemazing.com,http://www.eyemazing.org/,https://www.google.com/maps/place/EYEMAZING/data=!4m7!3m6!1s0x47c60924e8ad1eb1:0x5be46d2c3e4bb94f!8m2!3d52.3666174!4d4.8861337!16s%2Fg%2F11nfmjp93v!19sChIJsR6t6CQJxkcRT7lLPixt5Fs?authuser=0&hl=nl&rclk=1,Telefoon: 06 49671485,magazine Amsterdam
Mark Magazine,service@frameweb.com,http://www.frameweb.com/,https://www.google.com/maps/place/Mark+Magazine/data=!4m7!3m6!1s0x47c5e1f8f832da8d:0xfef18da90f318bf4!8m2!3d52.369292!4d4.951476!16s%2Fg%2F11btmqf_px!19sChIJjdoy-PjhxUcR9IsxD6mN8f4?authuser=0&hl=nl&rclk=1,Telefoon: 020 330 0630,magazine Amsterdam
Sterk Amsterdam,webwinkel@sterkamsterdam.nl,https://sterk.amsterdam/,https://www.google.com/maps/place/Sterk+Amsterdam/data=!4m7!3m6!1s0x47c609debf93373d:0x86afc9b565ea05ae!8m2!3d52.3715747!4d4.8736835!16s%2Fg%2F1tgwrg69!19sChIJPTeTv94JxkcRrgXqZbXJr4Y?authuser=0&hl=nl&rclk=1,Telefoon: 020 618 1727,magazine Amsterdam
Italië Magazine B.V.,italiemagazine@creditsmedia.nl,https://www.italiemagazine.nl/,https://www.google.com/maps/place/Itali%C3%AB+Magazine+B.V./data=!4m7!3m6!1s0x47c609ec9e1467ab:0x4cc62c677f9fb96d!8m2!3d52.3847935!4d4.8650278!16s%2Fg%2F1td1cm8r!19sChIJq2cUnuwJxkcRbbmff2csxkw?authuser=0&hl=nl&rclk=1,,magazine Amsterdam
Wilde Amsterdam,,https://wilde.amsterdam/,https://www.google.com/maps/place/Wilde+Amsterdam/data=!4m7!3m6!1s0x47c609ea44dbc841:0x7ee0d275aa6f4668!8m2!3d52.3701574!4d4.9028205!16s%2Fg%2F11btyvkg_x!19sChIJQcjbROoJxkcRaEZvqnXS4H4?authuser=0&hl=nl&rclk=1,Telefoon: 06 36299696,magazine Amsterdam
Lambiek,,https://www.lambiek.net/,https://www.google.com/maps/place/Lambiek/data=!4m7!3m6!1s0x47c609ebd104b349:0xef4734d02182c35c!8m2!3d52.3723841!4d4.9019363!16zL20vMDVfN3J2!19sChIJSbME0esJxkcRXMOCIdA0R-8?authuser=0&hl=nl&rclk=1,Telefoon: 020 626 7543,magazine Amsterdam
The Dylan Amsterdam,,https://www.dylanamsterdam.com/?utm_source=GMB&utm_medium=organic,https://www.google.com/maps/place/The+Dylan+Amsterdam/data=!4m10!3m9!1s0x47c609c2fadfc683:0x5e67df116418f7b2!5m2!4m1!1i2!8m2!3d52.369359!4d4.8842114!16s%2Fg%2F120sdk_8!19sChIJg8bf-sIJxkcRsvcYZBHfZ14?authuser=0&hl=nl&rclk=1,Telefoon: 020 530 2010,magazine Amsterdam
Samsam magazine,,http://www.samsam.net/,https://www.google.com/maps/place/Samsam+magazine/data=!4m7!3m6!1s0x47c6099e29cd8713:0xa4e5d4d19bfce58c!8m2!3d52.361955!4d4.9067525!16s%2Fg%2F1hm2xhc3b!19sChIJE4fNKZ4JxkcRjOX8m9HU5aQ?authuser=0&hl=nl&rclk=1,Telefoon: 020 225 1224,magazine Amsterdam
Zie Oud Zuid,info@zuid-media.nl,http://zieoudzuid.nl/,https://www.google.com/maps/place/Zie+Oud+Zuid/data=!4m7!3m6!1s0x47c5e1f9099dd465:0x3dd0085453432196!8m2!3d52.3535319!4d4.8636146!16s%2Fg%2F11f0_dkc3v!19sChIJZdSdCfnhxUcRliFDU1QI0D0?authuser=0&hl=nl&rclk=1,Telefoon: 020 218 2251,magazine Amsterdam
Veen Media B.V.,klantenservice@newscientist.nl,https://www.newscientist.nl/,https://www.google.com/maps/place/Veen+Media+B.V./data=!4m7!3m6!1s0x47c609cb71666d0b:0x9056654b67ba2b2f!8m2!3d52.3719817!4d4.9083429!16s%2Fg%2F11sf0lwn8s!19sChIJC21mccsJxkcRLyu6Z0tlVpA?authuser=0&hl=nl&rclk=1,Telefoon: 085 620 2606,magazine Amsterdam
Congres Magazine,,,https://www.google.com/maps/place/Congres+Magazine/data=!4m7!3m6!1s0x47c609ef2a2bffff:0x86072139da3f4682!8m2!3d52.361504!4d4.8834786!16s%2Fg%2F11hzn4qtlf!19sChIJ__8rKu8JxkcRgkY_2jkhB4Y?authuser=0&hl=nl&rclk=1,Telefoon: 020 679 1370,magazine Amsterdam
ZAM Magazine,info@zammagazine.com,http://www.zammagazine.com/,https://www.google.com/maps/place/ZAM+Magazine/data=!4m7!3m6!1s0x47c609cd86b6ac2f:0xcfb76239edb7a12e!8m2!3d52.3854465!4d4.8848151!16s%2Fg%2F1vs1r1rh!19sChIJL6y2hs0JxkcRLqG37Tlit88?authuser=0&hl=nl&rclk=1,Telefoon: 020 531 8497,magazine Amsterdam
Adformatie,,https://www.adformatie.nl/,https://www.google.com/maps/place/Adformatie/data=!4m7!3m6!1s0x47c5e21eed2bff2b:0xc3d0d9ea4bf58ed4!8m2!3d52.3619902!4d4.9065218!16s%2Fg%2F1wg5x5w_!19sChIJK_8r7R7ixUcR1I71S-rZ0MM?authuser=0&hl=nl&rclk=1,Telefoon: 020 246 7000,magazine Amsterdam
COMA Amsterdam | New York,,https://www.coma.design/,https://www.google.com/maps/place/COMA+Amsterdam+%7C+New+York/data=!4m7!3m6!1s0x47c5e208bd730417:0xc5612a57067a2aa1!8m2!3d52.3581259!4d4.8614001!16s%2Fg%2F1tptpt52!19sChIJFwRzvQjixUcRoSp6BlcqYcU?authuser=0&hl=nl&rclk=1,,magazine Amsterdam
Berry Amsterdam,,https://berryamsterdam.nl/,https://www.google.com/maps/place/Berry+Amsterdam/data=!4m7!3m6!1s0x47c609dfc2c462a9:0x1023f7a07b91002b!8m2!3d52.3683963!4d4.8702043!16s%2Fg%2F1pw3wv__s!19sChIJqWLEwt8JxkcRKwCRe6D3IxA?authuser=0&hl=nl&rclk=1,Telefoon: 020 370 7300,magazine Amsterdam
gr8acht V.O.F.,,http://www.elandenvanderhelst.nl/,https://www.google.com/maps/place/gr8acht+V.O.F./data=!4m7!3m6!1s0x47c609c32cf49d59:0x12fce7875713e3bf!8m2!3d52.3702823!4d4.8820943!16s%2Fg%2F11b6dqskts!19sChIJWZ30LMMJxkcRv-MTV4fn_BI?authuser=0&hl=nl&rclk=1,Telefoon: 020 625 7717,magazine Amsterdam
De Smaak Van Italië,,http://www.desmaakvanitalie.nl/,https://www.google.com/maps/place/De+Smaak+Van+Itali%C3%AB/data=!4m7!3m6!1s0x47c609cee8f66dcd:0x157a95d873091a93!8m2!3d52.3682!4d4.9060413!16s%2Fg%2F1wtbt299!19sChIJzW326M4JxkcRkxoJc9iVehU?authuser=0&hl=nl&rclk=1,Telefoon: 088 110 2014,magazine Amsterdam
Magazine Guide,,,https://www.google.com/maps/place/Magazine+Guide/data=!4m7!3m6!1s0x47c60994553e3253:0x25000af933e0d4a5!8m2!3d52.3639246!4d4.8974239!16s%2Fg%2F11h4ydfmjf!19sChIJUzI-VZQJxkcRpdTgM_kKACU?authuser=0&hl=nl&rclk=1,Telefoon: 020 428 8096,magazine Amsterdam
Bureau Fris BV,stephanie@bureaufris.nl,http://www.bureaufris.nl/,https://www.google.com/maps/place/Bureau+Fris+BV/data=!4m7!3m6!1s0x47c6099145d0756b:0x1b17595b1a3112aa!8m2!3d52.3636514!4d4.8583235!16s%2Fg%2F1td0xny1!19sChIJa3XQRZEJxkcRqhIxGltZFxs?authuser=0&hl=nl&rclk=1,Telefoon: 020 530 5000,magazine Amsterdam
Redesign Magazine,,,https://www.google.com/maps/place/Redesign+Magazine/data=!4m7!3m6!1s0x47c60bd2b5b84d0d:0x58397488cd88b080!8m2!3d52.3535979!4d4.8635695!16s%2Fg%2F11lspnr8qt!19sChIJDU24tdILxkcRgLCIzYh0OVg?authuser=0&hl=nl&rclk=1,Telefoon: 020 220 0143,magazine Amsterdam
MacGuffin Magazine,mail@macguffinmagazine.com,http://macguffinmagazine.com/,https://www.google.com/maps/place/MacGuffin+Magazine/data=!4m7!3m6!1s0x47c609c49416274d:0xa75209c534b2ba43!8m2!3d52.3774094!4d4.8917969!16s%2Fg%2F11dzt5s7vc!19sChIJTScWlMQJxkcRQ7qyNMUJUqc?authuser=0&hl=nl&rclk=1,Telefoon: 06 19910690,magazine Amsterdam
Peecho Print On Demand,sales@peecho.com,https://www.peecho.com/,https://www.google.com/maps/place/Peecho+Print+On+Demand/data=!4m7!3m6!1s0x47c609076f149463:0xc2e199f821b09db7!8m2!3d52.3693091!4d4.8863113!16s%2Fg%2F1vcq6t2_!19sChIJY5QUbwcJxkcRt52wIfiZ4cI?authuser=0&hl=nl&rclk=1,,magazine Amsterdam
Residence Media Bv,,https://www.residence.nl/,https://www.google.com/maps/place/Residence+Media+Bv/data=!4m7!3m6!1s0x47c5e28cf03fffff:0xe18f646973fb8920!8m2!3d52.3697305!4d4.8851924!16s%2Fg%2F11j8lmn1tp!19sChIJ__8_8IzixUcRIIn7c2lkj-E?authuser=0&hl=nl&rclk=1,Telefoon: 020 758 1000,magazine Amsterdam
Jan Luyken Amsterdam,hello@janluykenamsterdam.com,https://www.janluykenamsterdam.com/,https://www.google.com/maps/place/Jan+Luyken+Amsterdam/data=!4m7!3m6!1s0x47c60937dc92197d:0x16dec5b25ae78d4!8m2!3d52.3597975!4d4.881033!16s%2Fg%2F11pq5ql1bb!19sChIJfRmS3DcJxkcR1HiuJVvsbQE?authuser=0&hl=nl&rclk=1,Telefoon: 020 851 7090,magazine Amsterdam
Ibiza Magazine,,http://www.ibizamagazine.nl/,https://www.google.com/maps/place/Ibiza+Magazine/data=!4m7!3m6!1s0x47cf5766d9536745:0x8968fe6b7ade3203!8m2!3d52.3638791!4d4.8784302!16s%2Fg%2F11c1wwkq82!19sChIJRWdT2WZXz0cRAzLeemv-aIk?authuser=0&hl=nl&rclk=1,,magazine Amsterdam
MSTR Media,,,https://www.google.com/maps/place/MSTR+Media/data=!4m7!3m6!1s0x47c7cd51e2b910cf:0xacf3f277f2ed55d2!8m2!3d52.3662616!4d4.8851629!16s%2Fg%2F11fqtd0g9g!19sChIJzxC54lHNx0cR0lXt8nfy86w?authuser=0&hl=nl&rclk=1,,media company Amsterdam
Publab Media Group B.V.,,http://www.publabmediagroup.com/,https://www.google.com/maps/place/Publab+Media+Group+B.V./data=!4m7!3m6!1s0x47c69f13100500b3:0xdea336cf25dfe8c4!8m2!3d52.367905!4d4.8850199!16s%2Fg%2F11j8ln6cdt!19sChIJswAFEBOfxkcRxOjfJc82o94?authuser=0&hl=nl&rclk=1,,media company Amsterdam
Paul Roest,,http://www.paulroest.com/,https://www.google.com/maps/place/Paul+Roest/data=!4m7!3m6!1s0x47c609e845c9a7a7:0xc55b5b442a21c2dc!8m2!3d52.3654223!4d4.883357!16s%2Fg%2F11ckvfrvry!19sChIJp6fJRegJxkcR3MIhKkRbW8U?authuser=0&hl=nl&rclk=1,Telefoon: 06 41713058,media company Amsterdam
Corrino Studios B.V.,,,https://www.google.com/maps/place/Corrino+Studios+B.V./data=!4m7!3m6!1s0x47c5e2794dd0e5c5:0x5c64b59053a29acc!8m2!3d52.3697065!4d4.8984191!16s%2Fg%2F1tsynzp7!19sChIJxeXQTXnixUcRzJqiU5C1ZFw?authuser=0&hl=nl&rclk=1,Telefoon: 020 211 1750,media company Amsterdam
Namarama - Merknaam & Bedrijfsnaam bedenken Amsterdam,,http://www.namarama.nl/,https://www.google.com/maps/place/Namarama+-+Merknaam+%26+Bedrijfsnaam+bedenken+Amsterdam/data=!4m7!3m6!1s0x47c609f36227d017:0x674f1871a20f02a6!8m2!3d52.3671076!4d4.8841063!16s%2Fg%2F11tkb022dj!19sChIJF9AnYvMJxkcRpgIPonEYT2c?authuser=0&hl=nl&rclk=1,Telefoon: 06 55104447,media company Amsterdam
8Vance Media BV,,https://www.8vancemedia.com/,https://www.google.com/maps/place/8Vance+Media+BV/data=!4m7!3m6!1s0x6fedd121385037ff:0xda40c70e6f0ef117!8m2!3d52.3546656!4d4.9039604!16s%2Fg%2F11vhqgglg8!19sChIJ_zdQOCHR7W8RF_EObw7HQNo?authuser=0&hl=nl&rclk=1,Telefoon: 06 37385690,media company Amsterdam
Manify Agency B.V.,,https://www.manifyagency.com/,https://www.google.com/maps/place/Manify+Agency+B.V./data=!4m7!3m6!1s0x47c66957638c9b9d:0xa70bbebe5ec9f9a5!8m2!3d52.3722!4d4.9080262!16s%2Fg%2F11k_d4bs69!19sChIJnZuMY1dpxkcRpfnJXr6-C6c?authuser=0&hl=nl&rclk=1,Telefoon: 085 002 6012,media company Amsterdam
Mediabureau Mediamax,,https://mediamax.nl/,https://www.google.com/maps/place/Mediabureau+Mediamax/data=!4m7!3m6!1s0x47c6099be3c0d803:0x978cbd63bf63bfe5!8m2!3d52.3744485!4d4.886963!16s%2Fg%2F11y98yzn_6!19sChIJA9jA45sJxkcR5b9jv2O9jJc?authuser=0&hl=nl&rclk=1,Telefoon: 020 308 6997,media company Amsterdam
Dutchman Media,info@dutchmanmedia.com,http://www.dutchmanmedia.nl/,https://www.google.com/maps/place/Dutchman+Media/data=!4m7!3m6!1s0x47c851af67345341:0xe26e95eacc53832e!8m2!3d52.3838034!4d4.9022434!16s%2Fg%2F11h61f5drf!19sChIJQVM0Z69RyEcRLoNTzOqVbuI?authuser=0&hl=nl&rclk=1,,media company Amsterdam
Growth Amsterdam,,,https://www.google.com/maps/place/Growth+Amsterdam/data=!4m7!3m6!1s0x47c609b38aaf60b9:0xbb80965a23d88c89!8m2!3d52.3660454!4d4.8868626!16s%2Fg%2F11smr91b9y!19sChIJuWCvirMJxkcRiYzYI1qWgLs?authuser=0&hl=nl&rclk=1,Telefoon: 06 83307215,media company Amsterdam
BeFound Media,info@befoundmedia.nl,http://www.befoundmedia.nl/,https://www.google.com/maps/place/BeFound+Media/data=!4m7!3m6!1s0x47c609e7eb5d9275:0x70c156bb9197e3da!8m2!3d52.3720565!4d4.885396!16s%2Fg%2F1xg5rwd5!19sChIJdZJd6-cJxkcR2uOXkbtWwXA?authuser=0&hl=nl&rclk=1,Telefoon: 020 820 3787,media company Amsterdam
Mediatic,info@mediatic.eu,http://www.mediatic.eu/,https://www.google.com/maps/place/Mediatic/data=!4m7!3m6!1s0x47c609bc5abfae79:0x7dd6145abef10642!8m2!3d52.3688515!4d4.9020006!16s%2Fg%2F11gbldvbp2!19sChIJea6_WrwJxkcRQgbxvloU1n0?authuser=0&hl=nl&rclk=1,Telefoon: 020 760 2670,media company Amsterdam
Social Media Agency Amsterdam,info@onlizo.com,https://oxlon.nl/,https://www.google.com/maps/place/Social+Media+Agency+Amsterdam/data=!4m7!3m6!1s0x47c609c54b00ae2f:0xb30f2d502f3e24df!8m2!3d52.3662931!4d4.885206!16s%2Fg%2F11x7kvd1dm!19sChIJL64AS8UJxkcR3yQ-L1AtD7M?authuser=0&hl=nl&rclk=1,,media company Amsterdam
Enterprise Media,,http://www.enterprisemedia.tv/,https://www.google.com/maps/place/Enterprise+Media/data=!4m7!3m6!1s0x47c609940d6439e9:0x1ead998a349628f8!8m2!3d52.3618239!4d4.8987924!16s%2Fg%2F11ck8jdntk!19sChIJ6TlkDZQJxkcR-CiWNIqZrR4?authuser=0&hl=nl&rclk=1,,media company Amsterdam
Lijm Amsterdam | Social media bureau,,http://www.lijm.amsterdam/,https://www.google.com/maps/place/Lijm+Amsterdam+%7C+Social+media+bureau/data=!4m7!3m6!1s0x47c6090a32c68ccf:0x6b8491466e0efab2!8m2!3d52.3656559!4d4.8604748!16s%2Fg%2F11c1n1wv8k!19sChIJz4zGMgoJxkcRsvoObkaRhGs?authuser=0&hl=nl&rclk=1,Telefoon: 06 13777151,media company Amsterdam
Bluevent Group,thierry@blueventgroup.com,http://www.blueventgroup.com/,https://www.google.com/maps/place/Bluevent+Group/data=!4m7!3m6!1s0x47c609e8040a6e01:0x3f736f53ad127ae9!8m2!3d52.3670205!4d4.8815945!16s%2Fg%2F11byyczvc0!19sChIJAW4KBOgJxkcR6XoSrVNvcz8?authuser=0&hl=nl&rclk=1,,media company Amsterdam
DAS WERK Amsterdam,,,https://www.google.com/maps/place/DAS+WERK+Amsterdam/data=!4m7!3m6!1s0x47c609e4b6bd3d9b:0x9826db74494ba2bf!8m2!3d52.3649579!4d4.8821027!16s%2Fg%2F1q69kgzx6!19sChIJmz29tuQJxkcRv6JLSXTbJpg?authuser=0&hl=nl&rclk=1,Telefoon: 020 671 3766,media company Amsterdam
WYS Media | Podcast Studio Amsterdam,,https://wysmedia.nl/,https://www.google.com/maps/place/WYS+Media+%7C+Podcast+Studio+Amsterdam/data=!4m7!3m6!1s0x47c60958e77c1935:0xf3a585e08b8c55f1!8m2!3d52.3632009!4d4.9071868!16s%2Fg%2F11ysj1w8qh!19sChIJNRl851gJxkcR8VWMi-CFpfM?authuser=0&hl=nl&rclk=1,Telefoon: 085 060 1091,media company Amsterdam
Lumiq Benelux BV,info@lumiq.nl,http://www.lumiq.nl/,https://www.google.com/maps/place/Lumiq+Benelux+BV/data=!4m7!3m6!1s0x47c60962b243bb33:0xa184c45bd0a35e03!8m2!3d52.3696031!4d4.8875177!16s%2Fg%2F11fcnw_0z1!19sChIJM7tDsmIJxkcRA16j0FvEhKE?authuser=0&hl=nl&rclk=1,Telefoon: 020 223 0455,media company Amsterdam
GRWTH.amsterdam,,https://grwth.amsterdam/,https://www.google.com/maps/place/GRWTH.amsterdam/data=!4m7!3m6!1s0x47c5e221765c8695:0x712d2f67e16bf3b5!8m2!3d52.3654894!4d4.8865389!16s%2Fg%2F11hyzy7s5r!19sChIJlYZcdiHixUcRtfNr4WcvLXE?authuser=0&hl=nl&rclk=1,Telefoon: 06 43475107,media company Amsterdam
Atlas Internet B.V.,info@atlas-internet.com,https://www.atlas-internet.com/,https://www.google.com/maps/place/Atlas+Internet+B.V./data=!4m7!3m6!1s0x47c609e9e63cfa2f:0xc960bfb430691c54!8m2!3d52.365718!4d4.8860691!16s%2Fg%2F11g6ldh0gp!19sChIJL_o85ukJxkcRVBxpMLS_YMk?authuser=0&hl=nl&rclk=1,,media company Amsterdam
Storyboard,hello@storyboard-agency.com,http://www.storyboard-agency.com/,https://www.google.com/maps/place/Storyboard/data=!4m7!3m6!1s0x47c6099a8d4e6087:0x17d28151a641acfb!8m2!3d52.362926!4d4.892948!16s%2Fg%2F11b7q69j79!19sChIJh2BOjZoJxkcR-6xBplGB0hc?authuser=0&hl=nl&rclk=1,Telefoon: 020 303 0204,media company Amsterdam
24BicyleTV | Interactive Broadcast Group,,https://24bicycle.tv/,https://www.google.com/maps/place/24BicyleTV+%7C+Interactive+Broadcast+Group/data=!4m7!3m6!1s0x47c7d92511f4ebc1:0x1cfd43409cf314ab!8m2!3d52.3637788!4d4.8869936!16s%2Fg%2F11rqpgwgpt!19sChIJwev0ESXZx0cRqxTznEBD_Rw?authuser=0&hl=nl&rclk=1,Telefoon: 06 55699836,media company Amsterdam
SnapReblz,,,https://www.google.com/maps/place/SnapReblz/data=!4m7!3m6!1s0x47c609e7ff894ad5:0xb5b6e448856046db!8m2!3d52.3672528!4d4.8811596!16s%2Fg%2F11c5sg60t4!19sChIJ1UqJ_-cJxkcR20ZghUjktrU?authuser=0&hl=nl&rclk=1,Telefoon: 020 754 2956,media company Amsterdam
IPG Mediabrands Nederland,growth@omnicommedia.com,https://nl.ipgmediabrands.com/,https://www.google.com/maps/place/IPG+Mediabrands+Nederland/data=!4m7!3m6!1s0x47c60b9b9c9e0c35:0x3cfd900244096278!8m2!3d52.3423486!4d4.8665427!16s%2Fg%2F1pp2x00m_!19sChIJNQyenJsLxkcReGIJRAKQ_Tw?authuser=0&hl=nl&rclk=1,Telefoon: 020 799 3100,media company Amsterdam
Summerymedia,info@summerymedia.nl,https://summerymedia.nl/,https://www.google.com/maps/place/Summerymedia/data=!4m7!3m6!1s0x47c609abd7e2cb11:0xe3cbe3978125f117!8m2!3d52.3637788!4d4.8869936!16s%2Fg%2F11tn0x7ztv!19sChIJEcvi16sJxkcRF_ElgZfjy-M?authuser=0&hl=nl&rclk=1,Telefoon: 06 39201673,media company Amsterdam
Next Level,,https://nextlevel.online/,https://www.google.com/maps/place/Next+Level/data=!4m7!3m6!1s0x47c6090e379219c1:0x423dc55d1a2ddc!8m2!3d52.36728!4d4.884966!16s%2Fg%2F11w3l0qnm0!19sChIJwRmSNw4JxkcR3C0aXcU9QgA?authuser=0&hl=nl&rclk=1,Telefoon: 06 52479690,media company Amsterdam
Paramount Benelux,,http://www.paramount.com/,https://www.google.com/maps/place/Paramount+Benelux/data=!4m7!3m6!1s0x47c6083a331b454b:0xc8d15841b462a26d!8m2!3d52.3605967!4d4.8895805!16s%2Fg%2F1tft_r5c!19sChIJS0UbMzoIxkcRbaJitEFY0cg?authuser=0&hl=nl&rclk=1,Telefoon: 020 493 7000,media company Amsterdam
ReachOut B.V.,info@reachout.nl,https://reachout.nl/,https://www.google.com/maps/place/ReachOut+B.V./data=!4m7!3m6!1s0x47c609c7604da289:0xcea78e881d0a42f9!8m2!3d52.3762641!4d4.893144!16s%2Fg%2F11bxb9tspt!19sChIJiaJNYMcJxkcR-UIKHYiOp84?authuser=0&hl=nl&rclk=1,Telefoon: 020 260 0229,media company Amsterdam
Forex Unlimited,,http://www.forexunlimited.eu/,https://www.google.com/maps/place/Forex+Unlimited/data=!4m7!3m6!1s0x47c5c161245f0e7b:0x36a7c9879b6d4fcc!8m2!3d52.366764!4d4.8874598!16s%2Fg%2F11k55873cg!19sChIJew5fJGHBxUcRzE9tm4fJpzY?authuser=0&hl=nl&rclk=1,Telefoon: 06 10868075,media company Amsterdam
Webbureau Amsterdam,info@webbureau-amsterdam.nl,http://www.webbureau-amsterdam.nl/,https://www.google.com/maps/place/Webbureau+Amsterdam/data=!4m7!3m6!1s0x47c609c36f900cb5:0x3dc2ca4313066f8b!8m2!3d52.3718783!4d4.8844235!16s%2Fg%2F12cpg5p7h!19sChIJtQyQb8MJxkcRi28GE0PKwj0?authuser=0&hl=nl&rclk=1,Telefoon: 020 330 3023,media company Amsterdam
Ambassadors,,,https://www.google.com/maps/place/Ambassadors/data=!4m7!3m6!1s0x47c609c203eb1209:0x82f0074b3e70eebd!8m2!3d52.3671185!4d4.8881824!16s%2Fg%2F11dzdscl_x!19sChIJCRLrA8IJxkcRve5wPksH8II?authuser=0&hl=nl&rclk=1,Telefoon: 020 435 7171,media company Amsterdam
Match my Brand,info@matchmybrand.com,http://www.matchmybrand.com/,https://www.google.com/maps/place/Match+my+Brand/data=!4m7!3m6!1s0x47c609e82879d31d:0x318b5f3553916140!8m2!3d52.3670134!4d4.8838179!16s%2Fg%2F11c6dm5w0k!19sChIJHdN5KOgJxkcRQGGRUzVfizE?authuser=0&hl=nl&rclk=1,Telefoon: 020 894 3302,media company Amsterdam
VICE,,http://vice.com/nl,https://www.google.com/maps/place/VICE/data=!4m7!3m6!1s0x4165399c86d070e7:0x2056ed2a8e4e0523!8m2!3d52.3716993!4d4.8973097!16s%2Fg%2F1q6n2qrs5!19sChIJ53DQhpw5ZUERIwVOjirtViA?authuser=0&hl=nl&rclk=1,Telefoon: 06 28080106,media company Amsterdam
L'AGENCY,press@lagency.nl,http://www.lagency.nl/,https://www.google.com/maps/place/L%27AGENCY/data=!4m7!3m6!1s0x47c609c1498e888f:0x345fee7640fd5bbb!8m2!3d52.3752991!4d4.8890203!16s%2Fg%2F11gf21nz6c!19sChIJj4iOScEJxkcRu1v9QHbuXzQ?authuser=0&hl=nl&rclk=1,,media company Amsterdam
Friends & Foes Amsterdam - Creative Brand Agency,,http://www.friendsandfoes.com/,https://www.google.com/maps/place/Friends+%26+Foes+Amsterdam+-+Creative+Brand+Agency/data=!4m7!3m6!1s0x47c609bc22036e13:0xbcd291796735e38c!8m2!3d52.3637788!4d4.8869936!16s%2Fg%2F11j137pt9w!19sChIJE24DIrwJxkcRjOM1Z3mR0rw?authuser=0&hl=nl&rclk=1,Telefoon: 06 34200573,media company Amsterdam
Just Another Nerd,Info@justanothernerd.com,http://www.justanothernerd.com/,https://www.google.com/maps/place/Just+Another+Nerd/data=!4m7!3m6!1s0x47c6098c3f5558e9:0x6babb11e67a1b6e4!8m2!3d52.3683639!4d4.886235!16s%2Fg%2F1td1j5hm!19sChIJ6VhVP4wJxkcR5LahZx6xq2s?authuser=0&hl=nl&rclk=1,Telefoon: 06 41253027,media company Amsterdam
Lightning Media,,https://www.lightningmedia.nl/,https://www.google.com/maps/place/Lightning+Media/data=!4m7!3m6!1s0x47c6092afc7755e1:0x278ee22c6ab5efaf!8m2!3d52.3655471!4d4.8866374!16s%2Fg%2F11pdy333v5!19sChIJ4VV3_CoJxkcRr--1aizijic?authuser=0&hl=nl&rclk=1,Telefoon: 06 83110809,media company Amsterdam
Pro Motion Film,niels@promotionfilm.nl,https://www.promotionfilm.nl/,https://www.google.com/maps/place/Pro+Motion+Film/data=!4m7!3m6!1s0x47c608faf93edde1:0x8c28b34795ba223f!8m2!3d52.3667789!4d4.8874874!16s%2Fg%2F1tplphvq!19sChIJ4d0--foIxkcRPyK6lUezKIw?authuser=0&hl=nl&rclk=1,Telefoon: 020 233 3351,media company Amsterdam
Upraw Media BV,hi@uprawmedia.com,http://www.uprawmedia.com/,https://www.google.com/maps/place/Upraw+Media+BV/data=!4m7!3m6!1s0x47c60939d0dbd5b9:0x7db88887a6891f1a!8m2!3d52.365026!4d4.9060926!16s%2Fg%2F11gjhfms0l!19sChIJudXb0DkJxkcRGh-JpoeIuH0?authuser=0&hl=nl&rclk=1,,media company Amsterdam
The Media Nanny,info@themediananny.nl,http://www.themediananny.nl/,https://www.google.com/maps/place/The+Media+Nanny/data=!4m7!3m6!1s0x47c609cfd7c6e065:0xc00e71d769692b8f!8m2!3d52.3676686!4d4.894294!16s%2Fg%2F1td7sczr!19sChIJZeDG188JxkcRjytpaddxDsA?authuser=0&hl=nl&rclk=1,Telefoon: 06 83580826,media company Amsterdam
POSITIONE | Content Agency,ROBBERTDEVRIES@POSITIONE.NL,https://positione.nl/,https://www.google.com/maps/place/POSITIONE+%7C+Content+Agency/data=!4m7!3m6!1s0x47c609f6c569c09d:0x529e1a41202feee6!8m2!3d52.3686772!4d4.9039476!16s%2Fg%2F11vt7rftl9!19sChIJncBpxfYJxkcR5u4vIEEanlI?authuser=0&hl=nl&rclk=1,Telefoon: 06 50206423,media company Amsterdam
Viralistic,info@viralistic.nl,https://viralistic.nl/,https://www.google.com/maps/place/Viralistic/data=!4m7!3m6!1s0x47c609f9806330c5:0x3c13405a175e8ea!8m2!3d52.3666451!4d4.8890647!16s%2Fg%2F11tcjc2jly!19sChIJxTBjgPkJxkcR6uh1oQU0wQM?authuser=0&hl=nl&rclk=1,Telefoon: 020 210 1075,media company Amsterdam
Pinchhitters,,http://www.pinchhitters.com/,https://www.google.com/maps/place/Pinchhitters/data=!4m7!3m6!1s0x47c5e3831291270f:0xf55736742c9d5354!8m2!3d52.3663847!4d4.8864687!16s%2Fg%2F11sk3p4qy8!19sChIJDyeREoPjxUcRVFOdLHQ2V_U?authuser=0&hl=nl&rclk=1,Telefoon: 06 82619576,media company Amsterdam
Umami Media,info@umami.media,https://www.umami.media/,https://www.google.com/maps/place/Umami+Media/data=!4m7!3m6!1s0x47c5e2029ca65c6f:0x8a2293a40e185e5d!8m2!3d52.3627314!4d4.8865192!16s%2Fg%2F1hm2d9src!19sChIJb1ymnALixUcRXV4YDqSTIoo?authuser=0&hl=nl&rclk=1,,media company Amsterdam
Adwave Agency B.V.,info@adwaveagency.com,http://www.adwaveagency.com/,https://www.google.com/maps/place/Adwave+Agency+B.V./data=!4m7!3m6!1s0xa56cfc798332bf95:0x75f2a408c3f14429!8m2!3d52.3654894!4d4.8865389!16s%2Fg%2F11v01p14dn!19sChIJlb8yg3n8bKURKUTxwwik8nU?authuser=0&hl=nl&rclk=1,,media company Amsterdam
MAJA Agenzy - Social Media & Influencer Agency Amsterdam,info@maja-agenzy.com,https://maja-agenzy.com/,https://www.google.com/maps/place/MAJA+Agenzy+-+Social+Media+%26+Influencer+Agency+Amsterdam/data=!4m7!3m6!1s0x9e6956e6981675f:0x6bae8d337493aaae!8m2!3d52.3736693!4d4.8844487!16s%2Fg%2F11xvm5zb23!19sChIJX2eBaW6V5gkRrqqTdDONrms?authuser=0&hl=nl&rclk=1,Telefoon: 06 27183050,media company Amsterdam
Madelon Vos,contact@madelonvos.nl,http://www.madelonvos.nl/,https://www.google.com/maps/place/Madelon+Vos/data=!4m7!3m6!1s0x47c5e30c39217535:0xb4ee9308063ea4da!8m2!3d52.3666451!4d4.8890647!16s%2Fg%2F11jp9bhwfr!19sChIJNXUhOQzjxUcR2qQ-BgiT7rQ?authuser=0&hl=nl&rclk=1,,media company Amsterdam
Myopen Media B.V.,j.kerster@myopenmedia.nl,https://myopenmedia.nl/,https://www.google.com/maps/place/Myopen+Media+B.V./data=!4m7!3m6!1s0x47c66be36cd40c05:0x1078ed441c81d676!8m2!3d52.3782226!4d4.8881641!16s%2Fg%2F11pqvr6xd2!19sChIJBQzUbONrxkcRdtaBHETteBA?authuser=0&hl=nl&rclk=1,Telefoon: 06 23897004,media company Amsterdam
Wieden+Kennedy Amsterdam,,http://www.wkams.com/,https://www.google.com/maps/place/Wieden%2BKennedy+Amsterdam/data=!4m7!3m6!1s0x47c609c3919b2d0b:0xb323812ea609e6d0!8m2!3d52.3715529!4d4.8865868!16s%2Fg%2F1wn_5991!19sChIJCy2bkcMJxkcR0OYJpi6BI7M?authuser=0&hl=nl&rclk=1,Telefoon: 020 712 6500,media company Amsterdam
Tribes Media,HELLO@TRIBESMEDIA.COM,http://www.tribesmedia.com/,https://www.google.com/maps/place/Tribes+Media/data=!4m7!3m6!1s0x47c609f9734e977d:0x1946f7b68d73edae!8m2!3d52.3695633!4d4.886371!16s%2Fg%2F11jrfgrpg2!19sChIJfZdOc_kJxkcRru1zjbb3Rhk?authuser=0&hl=nl&rclk=1,Telefoon: 06 46835543,media company Amsterdam
Beyond Media: Elevate Your Social Pulse with Expert Video Production,contact@beyond-media.nl,https://www.beyond-media.nl/,https://www.google.com/maps/place/Beyond+Media:+Elevate+Your+Social+Pulse+with+Expert+Video+Production/data=!4m7!3m6!1s0x47c6094889697c69:0xb6a3072d1c05d681!8m2!3d52.3662616!4d4.8851629!16s%2Fg%2F11s8xjyrm3!19sChIJaXxpiUgJxkcRgdYFHC0Ho7Y?authuser=0&hl=nl&rclk=1,Telefoon: 06 30284441,media company Amsterdam
Chi Media,contact@chi-media.com,http://www.chi-media.com/,https://www.google.com/maps/place/Chi+Media/data=!4m7!3m6!1s0x47c609b264ffce0b:0xfff3ffee56266ea8!8m2!3d52.3552283!4d4.8849243!16s%2Fg%2F11j4y7lwx6!19sChIJC87_ZLIJxkcRqG4mVu7_8_8?authuser=0&hl=nl&rclk=1,Telefoon: 06 12374337,media company Amsterdam
The White List,info@thewhitelist.nl,http://thewhitelist.nl/,https://www.google.com/maps/place/The+White+List/data=!4m7!3m6!1s0x47c609c272a8e535:0x92c0459925efdbe1!8m2!3d52.367688!4d4.8863442!16s%2Fg%2F11c2np03wg!19sChIJNeWocsIJxkcR4dvvJZlFwJI?authuser=0&hl=nl&rclk=1,Telefoon: 06 10924303,media company Amsterdam
Sambros Media,info@sambrosmedia.nl,https://sambrosmedia.nl/,https://www.google.com/maps/place/Sambros+Media/data=!4m7!3m6!1s0x47c609902f0e1e2f:0x80a1073ff5bfd48d!8m2!3d52.3692172!4d4.8864211!16s%2Fg%2F11vr4k1n_6!19sChIJLx4OL5AJxkcRjdS_9T8HoYA?authuser=0&hl=nl&rclk=1,Telefoon: 06 38300163,media company Amsterdam
DRIIVN,info@driivn.nl,https://driivn.nl/,https://www.google.com/maps/place/DRIIVN/data=!4m7!3m6!1s0x47c609e693ac2961:0x7e5b05a042344fe9!8m2!3d52.3618749!4d4.8767171!16s%2Fg%2F11ddyt_q5w!19sChIJYSmsk-YJxkcR6U80QqAFW34?authuser=0&hl=nl&rclk=1,Telefoon: 020 210 1343,media company Amsterdam
Levmadia,your@example.com,http://levmedia.nl/,https://www.google.com/maps/place/Levmadia/data=!4m7!3m6!1s0x47c609c279dacbbd:0x3b1da64636d0be9f!8m2!3d52.3672883!4d4.8854606!16s%2Fg%2F11c1_vhn1c!19sChIJvcvaecIJxkcRn77QNkamHTs?authuser=0&hl=nl&rclk=1,Telefoon: 0310 622 167,media company Amsterdam
Freshmen media,info@freshmen-media.nl,http://www.freshmen-media.nl/,https://www.google.com/maps/place/Freshmen+media/data=!4m7!3m6!1s0x47cf5704b4d74d49:0xf7a9ee01bc71e014!8m2!3d52.365491!4d4.8921255!16s%2Fg%2F1tgj81_d!19sChIJSU3XtARXz0cRFOBxvAHuqfc?authuser=0&hl=nl&rclk=1,Telefoon: 020 820 8218,media company Amsterdam
BIEN.Media B.V.,info@bienmedia.nl,https://www.bienmedia.nl/,https://www.google.com/maps/place/BIEN.Media+B.V./data=!4m7!3m6!1s0x47c6093516e26eab:0x5390276284b01c01!8m2!3d52.3647553!4d4.9047973!16s%2Fg%2F11vjx_b145!19sChIJq27iFjUJxkcRARywhGInkFM?authuser=0&hl=nl&rclk=1,,media company Amsterdam
blowUP media Benelux B.V.,info@blowup-media.nl,https://www.blowup-media.nl/,https://www.google.com/maps/place/blowUP+media+Benelux+B.V./data=!4m7!3m6!1s0x47c609c3ffcd8491:0x427b224cc08ffaab!8m2!3d52.364815!4d4.88907!16s%2Fg%2F1w0p4ty5!19sChIJkYTN_8MJxkcRq_qPwEwie0I?authuser=0&hl=nl&rclk=1,Telefoon: 020 676 4164,media company Amsterdam
RTV MEDIA.,ronald@rtvmedia.nl,https://www.linkedin.com/company/rtvmedia/,https://www.google.com/maps/place/RTV+MEDIA./data=!4m7!3m6!1s0x47c6094eec20b4e5:0x9a117773f910477f!8m2!3d52.3870447!4d4.9009485!16s%2Fg%2F11h7nbjkhd!19sChIJ5bQg7E4JxkcRf0cQ-XN3EZo?authuser=0&hl=nl&rclk=1,Telefoon: 06 22799219,media company Amsterdam
Tease Media B.V.,,http://www.teasemedia.nl/,https://www.google.com/maps/place/Tease+Media+B.V./data=!4m7!3m6!1s0x47c6095d51036225:0x5c30e8fd07a598c4!8m2!3d52.3662931!4d4.885206!16s%2Fg%2F11x5cr6mnw!19sChIJJWIDUV0JxkcRxJilB_3oMFw?authuser=0&hl=nl&rclk=1,Telefoon: 085 047 8860,media company Amsterdam
Snappr | PR Bureau Amsterdam,info@snappr.nl,https://www.snappr.nl/?utm_source=google&utm_medium=GMB,https://www.google.com/maps/place/Snappr+%7C+PR+Bureau+Amsterdam/data=!4m7!3m6!1s0x47c66fe26bff9485:0x2adc4fab28e42b47!8m2!3d52.3688515!4d4.9020006!16s%2Fg%2F11frph9j29!19sChIJhZT_a-JvxkcRRyvkKKtP3Co?authuser=0&hl=nl&rclk=1,Telefoon: 020 760 2670,media company Amsterdam
Mediabirds,niels.teunissen@mediabirds.nl,https://mediabirds.nl/,https://www.google.com/maps/place/Mediabirds/data=!4m7!3m6!1s0x47c609258afd2ed1:0x8de5dd15b3762d9b!8m2!3d52.3654317!4d4.8864403!16s%2Fg%2F11nmt3gkhw!19sChIJ0S79iiUJxkcRmy12sxXd5Y0?authuser=0&hl=nl&rclk=1,Telefoon: 020 244 5304,media company Amsterdam
Jaspers Media,info@JaspersMedia.com,https://jaspersmedia.com/,https://www.google.com/maps/place/Jaspers+Media/data=!4m7!3m6!1s0x47c609164fe01693:0xb9972a5b4cf8adaa!8m2!3d52.3624497!4d4.8945995!16s%2Fg%2F1vs1r1pw!19sChIJkxbgTxYJxkcRqq34TFsql7k?authuser=0&hl=nl&rclk=1,Telefoon: 020 623 3927,media company Amsterdam
Scooperz Social Media & Influencer Agency Amsterdam,hello@scooperz.com,http://www.scooperz.com/,https://www.google.com/maps/place/Scooperz+Social+Media+%26+Influencer+Agency+Amsterdam/data=!4m7!3m6!1s0x47c6090d3e1347f5:0x1d39f6b941b403a1!8m2!3d52.3611555!4d4.88705!16s%2Fg%2F11x73c9dqq!19sChIJ9UcTPg0JxkcRoQO0Qbn2OR0?authuser=0&hl=nl&rclk=1,,media company Amsterdam
Fair Focus Communicatie,info@fairfocus.nl,https://www.fairfocus.nl/,https://www.google.com/maps/place/Fair+Focus+Communicatie/data=!4m7!3m6!1s0x47c6099326c5d6f3:0x5def0f0394bf80a5!8m2!3d52.3585123!4d4.888741!16s%2Fg%2F11btltk64w!19sChIJ89bFJpMJxkcRpYC_lAMP710?authuser=0&hl=nl&rclk=1,Telefoon: 020 261 0727,media company Amsterdam
JAMA MEDIA,jamal@jama-media.com,http://jama-media.com/,https://www.google.com/maps/place/JAMA+MEDIA/data=!4m7!3m6!1s0x47c6099bc76d45bd:0x768438bcb0faa09d!8m2!3d52.3696675!4d4.8823488!16s%2Fg%2F11j6_x4p7c!19sChIJvUVtx5sJxkcRnaD6sLw4hHY?authuser=0&hl=nl&rclk=1,Telefoon: 06 31366219,media company Amsterdam
AndAgencyAmsterdam,hello@andagency.amsterdam,https://andagency.amsterdam/,https://www.google.com/maps/place/AndAgencyAmsterdam/data=!4m7!3m6!1s0x47c609e09cd71c1d:0xf6fa39b191b85ff4!8m2!3d52.353986!4d4.8828354!16s%2Fg%2F11ptth0dqv!19sChIJHRzXnOAJxkcR9F-4kbE5-vY?authuser=0&hl=nl&rclk=1,Telefoon: 020 247 5545,media company Amsterdam
Shooting Star Filmcompany B.V.,info@shootingstar.nl,http://www.shootingstar.nl/,https://www.google.com/maps/place/Shooting+Star+Filmcompany+B.V./data=!4m7!3m6!1s0x47c609e9609b5547:0x8761ffc3ed3ec61e!8m2!3d52.3629761!4d4.8869497!16s%2Fg%2F1q6jhjtxj!19sChIJR1WbYOkJxkcRHsY-7cP_YYc?authuser=0&hl=nl&rclk=1,Telefoon: 020 624 7272,media company Amsterdam
Kale Jakhals Producties,contact@kalejakhals.nl,http://www.kalejakhals.nl/,https://www.google.com/maps/place/Kale+Jakhals+Producties/data=!4m7!3m6!1s0x47c609be2e300d9f:0xe17b91ee1496ead6!8m2!3d52.3632677!4d4.8865012!16s%2Fg%2F11gy2j0cz4!19sChIJnw0wLr4JxkcR1uqWFO6Re-E?authuser=0&hl=nl&rclk=1,,media company Amsterdam
Endeavour,info@endeavour.nl,https://endeavour.nl/,https://www.google.com/maps/place/Endeavour/data=!4m7!3m6!1s0x47c5ef6e32b344bb:0xf7b3a10d271d2de6!8m2!3d52.386735!4d4.642794!16s%2Fg%2F11cn3vvz5j!19sChIJu0SzMm7vxUcR5i0dJw2hs_c?authuser=0&hl=nl&rclk=1,Telefoon: 023 727 1077,media company Amsterdam
ArtNL,INFO@ARTNL.COM,http://www.artnl.com/,https://www.google.com/maps/place/ArtNL/data=!4m7!3m6!1s0x47c609e8cd844f0b:0x732e007586603ca4!8m2!3d52.3657071!4d4.8863218!16s%2Fg%2F1x6q0zfc!19sChIJC0-EzegJxkcRpDxghnUALnM?authuser=0&hl=nl&rclk=1,Telefoon: 020 624 8419,media company Amsterdam
EEN Media,info@eenmedia.nl,http://www.eenmedia.nl/,https://www.google.com/maps/place/EEN+Media/data=!4m7!3m6!1s0x47c609c28d97124d:0xfa40b72cbab9262b!8m2!3d52.3667579!4d4.8686931!16s%2Fg%2F1tfkkcg5!19sChIJTRKXjcIJxkcRKya5uiy3QPo?authuser=0&hl=nl&rclk=1,Telefoon: 020 710 9700,media company Amsterdam
Global Village Media,info@globalvillagemedia.nl,http://www.globalvillagemedia.nl/,https://www.google.com/maps/place/Global+Village+Media/data=!4m7!3m6!1s0x47c6084c7f064241:0xdfc04324fb8759a8!8m2!3d52.365378!4d4.884851!16s%2Fg%2F11b7vz62tg!19sChIJQUIGf0wIxkcRqFmH-yRDwN8?authuser=0&hl=nl&rclk=1,Telefoon: 020 561 1243,media company Amsterdam
About Posters,,http://www.aboutposters.com/,https://www.google.com/maps/place/About+Posters/data=!4m7!3m6!1s0x47c609c263015c31:0x76f9da5f9474949b!8m2!3d52.367905!4d4.8850199!16s%2Fg%2F11hbph220m!19sChIJMVwBY8IJxkcRm5R0lF_a-XY?authuser=0&hl=nl&rclk=1,Telefoon: 020 244 0348,media company Amsterdam
DLC Media,%20info@dlc-media.nl,https://www.dlc-media.nl/,https://www.google.com/maps/place/DLC+Media/data=!4m7!3m6!1s0x47c609ce204ebb79:0x59830ab0d53c9c58!8m2!3d52.3637788!4d4.8869936!16s%2Fg%2F11l32bv4rq!19sChIJebtOIM4JxkcRWJw81bAKg1k?authuser=0&hl=nl&rclk=1,Telefoon: 085 401 6048,media company Amsterdam
Goochem Media,info@goochemmedia.nl,http://www.goochemmedia.nl/,https://www.google.com/maps/place/Goochem+Media/data=!4m7!3m6!1s0x47c609aff836dfc7:0x7868014be65dc890!8m2!3d52.3673256!4d4.884158!16s%2Fg%2F11fsnghjv3!19sChIJx982-K8JxkcRkMhd5ksBaHg?authuser=0&hl=nl&rclk=1,Telefoon: 020 308 6084,media company Amsterdam
Mart Media Monster,info@martmediamonster.com,http://www.martmediamonster.com/,https://www.google.com/maps/place/Mart+Media+Monster/data=!4m7!3m6!1s0x47c609c6b320b5bf:0x3d92d8bcc2b8f6c5!8m2!3d52.3660404!4d4.9038417!16s%2Fg%2F11ggw89kfd!19sChIJv7Ugs8YJxkcRxfa4wrzYkj0?authuser=0&hl=nl&rclk=1,Telefoon: 06 24198166,media company Amsterdam
AlphaGamma,info@alphagamma.eu,https://www.alphagamma.eu/,https://www.google.com/maps/place/AlphaGamma/data=!4m7!3m6!1s0x47c609c3bc174653:0xcc7f7fdb56f76d63!8m2!3d52.3666451!4d4.8890647!16s%2Fg%2F11c1pv6b5x!19sChIJU0YXvMMJxkcRY233Vtt_f8w?authuser=0&hl=nl&rclk=1,Telefoon: 020 244 5670,media company Amsterdam
MOONDOCS,info@moondocs.nl,http://www.moondocs.nl/,https://www.google.com/maps/place/MOONDOCS/data=!4m7!3m6!1s0x47c609bfbe2b8e45:0xc3ffb5bd8757efb5!8m2!3d52.3684772!4d4.8862679!16s%2Fg%2F11bzz28n2n!19sChIJRY4rvr8JxkcRte9Xh721_8M?authuser=0&hl=nl&rclk=1,Telefoon: 020 218 4700,media company Amsterdam
Bureau Schrijfkracht,paulien@schrijfkracht.nl,http://www.schrijfkracht.nl/,https://www.google.com/maps/place/Bureau+Schrijfkracht/data=!4m7!3m6!1s0x47c609e85fb92885:0xeb103d4e3ce28efa!8m2!3d52.3646446!4d4.882519!16s%2Fg%2F1v41znq0!19sChIJhSi5X-gJxkcR-o7iPE49EOs?authuser=0&hl=nl&rclk=1,,media company Amsterdam
PlanB Media,,http://www.planbmedia.nu/,https://www.google.com/maps/place/PlanB+Media/data=!4m7!3m6!1s0x47c609af58ad9441:0x63c8dff93685b869!8m2!3d52.3659049!4d4.8779163!16s%2Fg%2F11vwcg8g5d!19sChIJQZStWK8JxkcRabiFNvnfyGM?authuser=0&hl=nl&rclk=1,,media company Amsterdam
Palentino Media Productions BV,,,https://www.google.com/maps/place/Palentino+Media+Productions+BV/data=!4m7!3m6!1s0x47c609c0c2665ddb:0xdf6aef123c1e1e45!8m2!3d52.3707949!4d4.8931214!16s%2Fg%2F11bcf2q07f!19sChIJ211mwsAJxkcRRR4ePBLvat8?authuser=0&hl=nl&rclk=1,Telefoon: 020 468 4681,media company Amsterdam
Tonny Media,info@tonnymedia.nl,https://tonnymedia.nl/,https://www.google.com/maps/place/Tonny+Media/data=!4m7!3m6!1s0x47c60938b07a5001:0xad83259fda8c848c!8m2!3d52.3683433!4d4.8971788!16s%2Fg%2F11q2r3_wlg!19sChIJAVB6sDgJxkcRjISM2p8lg60?authuser=0&hl=nl&rclk=1,,media company Amsterdam
FRITS CREATIVES,,,https://www.google.com/maps/place/FRITS+CREATIVES/data=!4m7!3m6!1s0x47c6094d5a5def3d:0x6329047e77bb47cb!8m2!3d52.3692067!4d4.8891554!16s%2Fg%2F11qppsd73m!19sChIJPe9dWk0JxkcRy0e7d34EKWM?authuser=0&hl=nl&rclk=1,,media company Amsterdam
Klein Media - Your next Digital Agency Amsterdam,,http://www.kleinmedia.nl/,https://www.google.com/maps/place/Klein+Media+-+Your+next+Digital+Agency+Amsterdam/data=!4m7!3m6!1s0x47c6090accf576f3:0x44699ed287888aa!8m2!3d52.359719!4d4.877666!16s%2Fg%2F1tfc16g2!19sChIJ83b1zAoJxkcRqoh4KO2ZRgQ?authuser=0&hl=nl&rclk=1,Telefoon: 020 722 5777,media company Amsterdam
Vindingrijk Media,,,https://www.google.com/maps/place/Vindingrijk+Media/data=!4m7!3m6!1s0x47c609c6e99a9cb1:0x5a67b7e7c08ec54d!8m2!3d52.3690737!4d4.8951439!16s%2Fg%2F11fr6t03t7!19sChIJsZya6cYJxkcRTcWOwOe3Z1o?authuser=0&hl=nl&rclk=1,Telefoon: 06 52730405,media company Amsterdam
Daily 4 Media,,,https://www.google.com/maps/place/Daily+4+Media/data=!4m7!3m6!1s0x47c8a3fbbba46a47:0xe5719ebe81a6863!8m2!3d52.3656059!4d4.8848914!16s%2Fg%2F11nn1y_41h!19sChIJR2qku_ujyEcRY2ga6OsZVw4?authuser=0&hl=nl&rclk=1,Telefoon: 06 19334965,media company Amsterdam
Dutch Global Media,contact@dutchglobalmedia.com,http://www.dutchglobalmedia.com/,https://www.google.com/maps/place/Dutch+Global+Media/data=!4m7!3m6!1s0x47c609c37f4aa951:0x47be8c1ef3930bb2!8m2!3d52.3717416!4d4.8844578!16s%2Fg%2F11csbvm37k!19sChIJUalKf8MJxkcRsguT8x6Mvkc?authuser=0&hl=nl&rclk=1,Telefoon: 020 880 0000,media company Amsterdam
Toazted Media B.V.,info@Toazted.com,http://toazted.com/,https://www.google.com/maps/place/Toazted+Media+B.V./data=!4m7!3m6!1s0x47c609e997fe0671:0x1cc112b8ab8fb358!8m2!3d52.3651511!4d4.8860237!16s%2Fg%2F1tg2cpxf!19sChIJcQb-l-kJxkcRWLOPq7gSwRw?authuser=0&hl=nl&rclk=1,Telefoon: 020 423 0251,media company Amsterdam
Madvertisers,,https://www.madvertisers.com/,https://www.google.com/maps/place/Madvertisers/data=!4m7!3m6!1s0xa88abc9acab05603:0xbbe187ed061d90e3!8m2!3d52.3654543!4d4.886473!16s%2Fg%2F11txy47g0h!19sChIJA1awypq8iqgR45AdBu2H4bs?authuser=0&hl=nl&rclk=1,Telefoon: 06 12341814,media company Amsterdam
Pocket Media,,http://pocketmedia.mobi/,https://www.google.com/maps/place/Pocket+Media/data=!4m7!3m6!1s0x47c609e1a7b08215:0x2270efcb7bff92ca!8m2!3d52.3642697!4d4.8707383!16s%2Fg%2F11b6d7sd0p!19sChIJFYKwp-EJxkcRypL_e8vvcCI?authuser=0&hl=nl&rclk=1,Telefoon: 020 772 7045,media company Amsterdam
Young Media B.V.,hello@young.media,https://young.media/,https://www.google.com/maps/place/Young+Media+B.V./data=!4m7!3m6!1s0x47c5b730150d9813:0xb5f8097761dba170!8m2!3d52.3630418!4d4.8907021!16s%2Fg%2F11vxpw8mdy!19sChIJE5gNFTC3xUcRcKHbYXcJ-LU?authuser=0&hl=nl&rclk=1,,media company Amsterdam
Webfluencer,hello@webfluencer.nl,https://www.webfluencer.nl/,https://www.google.com/maps/place/Webfluencer/data=!4m7!3m6!1s0x47c609b9b69f2365:0x42e9ab13e4be55ca!8m2!3d52.35926!4d4.894887!16s%2Fg%2F11h3fbkxs8!19sChIJZSOftrkJxkcRylW-5BOr6UI?authuser=0&hl=nl&rclk=1,Telefoon: 020 244 5281,media company Amsterdam
Abovo Media,hoorn@abovomaxlead.nl,https://www.abovomedia.nl/,https://www.google.com/maps/place/Abovo+Media/data=!4m7!3m6!1s0x47c8a97272682f9b:0x8feb9df255175db5!8m2!3d52.648506!4d5.047477!16s%2Fg%2F1tfmmn4l!19sChIJmy9ocnKpyEcRtV0XVfKd648?authuser=0&hl=nl&rclk=1,Telefoon: 0229 274 006,media company Amsterdam
InstaCreators,,http://www.instacreators.com/,https://www.google.com/maps/place/InstaCreators/data=!4m7!3m6!1s0x47c609e7ff894ad5:0xf9045b56ac78643d!8m2!3d52.3672528!4d4.8811596!16s%2Fg%2F11btt973xr!19sChIJ1UqJ_-cJxkcRPWR4rFZbBPk?authuser=0&hl=nl&rclk=1,Telefoon: 020 754 2954,media company Amsterdam
PEPS Media,,https://pepsmedia.nl/,https://www.google.com/maps/place/PEPS+Media/data=!4m7!3m6!1s0x47c609bc3cc2ba93:0xf7db50efc6a59947!8m2!3d52.3714949!4d4.8852478!16s%2Fg%2F1ptxlnkl3!19sChIJk7rCPLwJxkcRR5mlxu9Q2_c?authuser=0&hl=nl&rclk=1,,media company Amsterdam
Media Wise International Ltd.,info@mediawise.eu,http://www.mediawise.eu/,https://www.google.com/maps/place/Media+Wise+International+Ltd./data=!4m7!3m6!1s0x47c609e66d57f553:0xa6d344a70ef72260!8m2!3d52.3625363!4d4.8786734!16s%2Fg%2F1tvq39v_!19sChIJU_VXbeYJxkcRYCL3DqdE06Y?authuser=0&hl=nl&rclk=1,Telefoon: 020 700 9403,media company Amsterdam
HBMEO,info@hbmeo.com,http://www.hbmeo.com/,https://www.google.com/maps/place/HBMEO/data=!4m7!3m6!1s0x47c5e134e0fd162f:0x645a9adae2f0385b!8m2!3d52.3633848!4d4.8919664!16s%2Fg%2F1tfkdsf9!19sChIJLxb94DThxUcRWzjw4tqaWmQ?authuser=0&hl=nl&rclk=1,,PR agency Amsterdam
RB | PR,,https://www.rogerbrunings.com/,https://www.google.com/maps/place/RB+%7C+PR/data=!4m7!3m6!1s0x47c609c622f9b961:0x1a6810ebd104ea02!8m2!3d52.3613975!4d4.8940042!16s%2Fg%2F11b6d412jy!19sChIJYbn5IsYJxkcRAuoE0esQaBo?authuser=0&hl=nl&rclk=1,Telefoon: 020 221 8743,PR agency Amsterdam
BRANDAMBASSADORS®,hello@brandambassadors.nl,http://brandambassadors.nl/,https://www.google.com/maps/place/BRANDAMBASSADORS%C2%AE/data=!4m7!3m6!1s0x47c609e1a7b447d7:0x9425945d36d206bb!8m2!3d52.3664289!4d4.8803551!16s%2Fg%2F1tf354hh!19sChIJ10e0p-EJxkcRuwbSNl2UJZQ?authuser=0&hl=nl&rclk=1,Telefoon: 020 737 0328,PR agency Amsterdam
Kult & Ace,,http://www.kultandace.com/,https://www.google.com/maps/place/Kult+%26+Ace/data=!4m7!3m6!1s0x47c5e250940d5395:0xc16b322a85d61c3a!8m2!3d52.3698809!4d4.8655673!16s%2Fg%2F1tdpfcsz!19sChIJlVMNlFDixUcROhzWhSoya8E?authuser=0&hl=nl&rclk=1,Telefoon: 020 223 8568,PR agency Amsterdam
IMAGE PR,info@imagepr.nl,http://www.imagepr.nl/,https://www.google.com/maps/place/IMAGE+PR/data=!4m7!3m6!1s0x47c609c3d2b2c437:0x866f7d8668b456b3!8m2!3d52.369676!4d4.887518!16s%2Fg%2F11cmyll1rn!19sChIJN8Sy0sMJxkcRs1a0aIZ9b4Y?authuser=0&hl=nl&rclk=1,,PR agency Amsterdam
Blanche,,,https://www.google.com/maps/place/Blanche/data=!4m7!3m6!1s0x47c609e802b7adb1:0xf46adf65f98a09ef!8m2!3d52.3671352!4d4.8821258!16s%2Fg%2F11j130fq42!19sChIJsa23AugJxkcR7wmK-WXfavQ?authuser=0&hl=nl&rclk=1,,PR agency Amsterdam
Blyde Benelux,info@blyde.nl,http://www.blyde.nl/,https://www.google.com/maps/place/Blyde+Benelux/data=!4m7!3m6!1s0x47c609c623ee84b3:0x833a12dc92536d1!8m2!3d52.3764347!4d4.8716368!16s%2Fg%2F11b7k3g18w!19sChIJs4TuI8YJxkcR0TYlyS2hMwg?authuser=0&hl=nl&rclk=1,Telefoon: 020 760 0122,PR agency Amsterdam
Salon Waldorf,,,https://www.google.com/maps/place/Salon+Waldorf/data=!4m7!3m6!1s0x47c609c6d11e844d:0xa83f6e31de9f5c6b!8m2!3d52.3726407!4d4.8916661!16s%2Fg%2F11cr_nsdq2!19sChIJTYQe0cYJxkcRa1yf3jFuP6g?authuser=0&hl=nl&rclk=1,Telefoon: 020 320 9953,PR agency Amsterdam
Doede Jaarsma communicatie,mail@doedejaarsma.nl,https://doedejaarsma.nl/,https://www.google.com/maps/place/Doede+Jaarsma+communicatie/data=!4m7!3m6!1s0x47c609dcc75e8713:0x56e4b875bbca38cd!8m2!3d52.371748!4d4.8815474!16s%2Fg%2F1tg80ns1!19sChIJE4dex9wJxkcRzTjKu3W45FY?authuser=0&hl=nl&rclk=1,Telefoon: 020 785 2695,PR agency Amsterdam
nxt agency,info@nxt.agency,http://www.nxt.agency/,https://www.google.com/maps/place/nxt+agency/data=!4m7!3m6!1s0x47c6095722b2a581:0xa845f0aa7fe64a53!8m2!3d52.3734645!4d4.8855124!16s%2Fg%2F11hnx4mry1!19sChIJgaWyIlcJxkcRU0rmf6rwRag?authuser=0&hl=nl&rclk=1,Telefoon: 020 765 7570,PR agency Amsterdam
Lubbers De Jong & Partners,info@lubbersdejong.nl,https://www.lubbersdejong.nl/,https://www.google.com/maps/place/Lubbers+De+Jong+%26+Partners/data=!4m7!3m6!1s0x47c6099390a7416d:0x740bfb2dc5478285!8m2!3d52.360597!4d4.896854!16s%2Fg%2F1tm1pnqj!19sChIJbUGnkJMJxkcRhYJHxS37C3Q?authuser=0&hl=nl&rclk=1,Telefoon: 020 421 0565,PR agency Amsterdam
MediaMaze,info@mediamaze.nl,https://www.mediamaze.nl/,https://www.google.com/maps/place/MediaMaze/data=!4m7!3m6!1s0x47c609ec947f1c59:0x44e1d33110f48252!8m2!3d52.3524679!4d4.8678313!16s%2Fg%2F1ptvywdxk!19sChIJWRx_lOwJxkcRUoL0EDHT4UQ?authuser=0&hl=nl&rclk=1,Telefoon: 020 221 5827,PR agency Amsterdam
ID+AD strategic branding,,,https://www.google.com/maps/place/ID%2BAD+strategic+branding/data=!4m7!3m6!1s0x47c609cf67b73449:0x7fff8368abcf2510!8m2!3d52.3763771!4d4.8897709!16s%2Fg%2F1tfqq4fw!19sChIJSTS3Z88JxkcRECXPq2iD_38?authuser=0&hl=nl&rclk=1,,PR agency Amsterdam
PR STUNT BV,info@hetprbureau.nl,http://www.prstunt.nl/,https://www.google.com/maps/place/PR+STUNT+BV/data=!4m7!3m6!1s0x47c609a258f3dbf5:0x79fd2aaac1ea3f5c!8m2!3d52.3678052!4d4.9114743!16s%2Fg%2F1vhq2xm5!19sChIJ9dvzWKIJxkcRXD_qwaoq_Xk?authuser=0&hl=nl&rclk=1,Telefoon: 020 626 1438,PR agency Amsterdam
"BAM - Communication, Strategy & Experience",info@bam-works.com,http://www.bam-berlin.com/,"https://www.google.com/maps/place/BAM+-+Communication,+Strategy+%26+Experience/data=!4m7!3m6!1s0x47c5e34e907befdb:0xdec240179c718dcb!8m2!3d52.3671107!4d4.8627472!16s%2Fg%2F11jlyhf0w3!19sChIJ2-97kE7jxUcRy41xnBdAwt4?authuser=0&hl=nl&rclk=1",,PR agency Amsterdam
Xposure Today,,,https://www.google.com/maps/place/Xposure+Today/data=!4m7!3m6!1s0x47c609a51929f785:0x6b7305f6c420aae7!8m2!3d52.3635478!4d4.8919228!16s%2Fg%2F11tf23lrhz!19sChIJhfcpGaUJxkcR56ogxPYFc2s?authuser=0&hl=nl&rclk=1,Telefoon: 06 26563701,PR agency Amsterdam
UPR Agency,,http://www.upragency.com/,https://www.google.com/maps/place/UPR+Agency/data=!4m7!3m6!1s0x47c5e27ec1caeac9:0x2229435eab6decd9!8m2!3d52.384878!4d4.866459!16s%2Fg%2F1th0m2b6!19sChIJyerKwX7ixUcR2extq15DKSI?authuser=0&hl=nl&rclk=1,Telefoon: 020 626 6176,PR agency Amsterdam
Hooton,hello@hooton.co,http://www.hooton.co/,https://www.google.com/maps/place/Hooton/data=!4m7!3m6!1s0x47c609e9f48d9c59:0xe75640305cbf4616!8m2!3d52.3665859!4d4.8921853!16s%2Fg%2F11c20bkfkp!19sChIJWZyN9OkJxkcRFka_XDBAVuc?authuser=0&hl=nl&rclk=1,Telefoon: 020 261 9388,PR agency Amsterdam
Boomerang Agency,,http://boomerangagency.com/,https://www.google.com/maps/place/Boomerang+Agency/data=!4m7!3m6!1s0x47c6084b7bca1aef:0xb243a3cc2cea0e24!8m2!3d52.3903083!4d4.9052448!16s%2Fg%2F1tfgj021!19sChIJ7xrKe0sIxkcRJA7qLMyjQ7I?authuser=0&hl=nl&rclk=1,Telefoon: 020 406 1200,PR agency Amsterdam
Rhiannon Pickles PR,info@picklespr.com,http://picklespr.com/,https://www.google.com/maps/place/Rhiannon+Pickles+PR/data=!4m7!3m6!1s0x47c609e987d2dd5d:0xa7b5e476ae5d2fa3!8m2!3d52.3649886!4d4.8874526!16s%2Fg%2F1thfdmx8!19sChIJXd3Sh-kJxkcRoy9drnbktac?authuser=0&hl=nl&rclk=1,Telefoon: 020 620 0369,PR agency Amsterdam
BFF Group B.V.,info@bffgroup.eu,http://www.bffgroup.eu/,https://www.google.com/maps/place/BFF+Group+B.V./data=!4m7!3m6!1s0x47c609c378cb3a49:0xe77ce07d8adb1465!8m2!3d52.3720565!4d4.885396!16s%2Fg%2F11dzdw25gz!19sChIJSTrLeMMJxkcRZRTbin3gfOc?authuser=0&hl=nl&rclk=1,,PR agency Amsterdam
EUSA PR,info@eusapr.com,https://www.eusapr.com/,https://www.google.com/maps/place/EUSA+PR/data=!4m7!3m6!1s0x47c6095a4de98d49:0x766ce19b8272d97e!8m2!3d52.3734537!4d4.8854282!16s%2Fg%2F11yncbk99_!19sChIJSY3pTVoJxkcRftlygpvhbHY?authuser=0&hl=nl&rclk=1,Telefoon: 020 722 0867,PR agency Amsterdam
Super Stories,HELLO@SUPERSTORIES.COM,http://superstories.com/,https://www.google.com/maps/place/Super+Stories/data=!4m7!3m6!1s0x47c609958a3a2e09:0x5419f228e34eb5b5!8m2!3d52.366446!4d4.899205!16s%2Fg%2F11csrp4w8l!19sChIJCS46ipUJxkcRtbVO4yjyGVQ?authuser=0&hl=nl&rclk=1,Telefoon: 020 408 2280,PR agency Amsterdam
LIGANOVA,info@liganova.nl,https://www.liganova.nl/,https://www.google.com/maps/place/LIGANOVA/data=!4m7!3m6!1s0x47c609e3ac16ef41:0x869e1ee41dd99c58!8m2!3d52.365769!4d4.8873882!16s%2Fg%2F11j7xxcqsj!19sChIJQe8WrOMJxkcRWJzZHeQenoY?authuser=0&hl=nl&rclk=1,Telefoon: 020 257 8000,PR agency Amsterdam
DirectResearch B.V.,,https://www.directresearch.nl/,https://www.google.com/maps/place/DirectResearch+B.V./data=!4m7!3m6!1s0x47c609c7c6b24d3d:0x1470198f63e7cf08!8m2!3d52.3657527!4d4.8894426!16s%2Fg%2F1tdl5b3b!19sChIJPU2yxscJxkcRCM_nY48ZcBQ?authuser=0&hl=nl&rclk=1,Telefoon: 020 770 7579,PR agency Amsterdam
in de schijnwerpers,hilde@indeschijnwerpers.eu,https://indeschijnwerpers.eu/,https://www.google.com/maps/place/in+de+schijnwerpers/data=!4m7!3m6!1s0x47c416de06db4c89:0x21c1280464649d7a!8m2!3d52.3720774!4d4.8854271!16s%2Fg%2F12cpptjkb!19sChIJiUzbBt4WxEcRep1kZAQowSE?authuser=0&hl=nl&rclk=1,Telefoon: 06 29622599,PR agency Amsterdam
Mooi The Agency,info@mooitheagency.com,https://www.mooitheagency.com/,https://www.google.com/maps/place/Mooi+The+Agency/data=!4m7!3m6!1s0x47c5e27ca2f9fbc1:0x71ad9f2ac9cf7742!8m2!3d52.3848125!4d4.8587714!16s%2Fg%2F1v_nbq4h!19sChIJwfv5onzixUcRQnfPySqfrXE?authuser=0&hl=nl&rclk=1,Telefoon: 020 606 0773,PR agency Amsterdam
Brandfirm,info@brandfirm.nl,https://www.brandfirm.nl/?utm_source=google&utm_medium=organic&utm_campaign=gmb,https://www.google.com/maps/place/Brandfirm/data=!4m7!3m6!1s0x47c609979c160193:0x34884628aee1040f!8m2!3d52.3378147!4d4.9339059!16s%2Fg%2F11bw5tn2l3!19sChIJkwEWnJcJxkcRDwThrihGiDQ?authuser=0&hl=nl&rclk=1,Telefoon: 020 217 0358,PR agency Amsterdam
ARC Amsterdam,info@arcamsterdam.com,http://www.arcamsterdam.com/,https://www.google.com/maps/place/ARC+Amsterdam/data=!4m7!3m6!1s0x47c609b8f2aa2b6b:0x1c92cc7e63abfaef!8m2!3d52.3758748!4d4.8815452!16s%2Fg%2F11j320d98v!19sChIJayuq8rgJxkcR7_qrY37Mkhw?authuser=0&hl=nl&rclk=1,Telefoon: 020 521 3100,PR agency Amsterdam
iris Amsterdam,email@email.com,http://www.iris-worldwide.com/,https://www.google.com/maps/place/iris+Amsterdam/data=!4m7!3m6!1s0x47c609ce8d0bb381:0x4bbf22a7d2107449!8m2!3d52.3608234!4d4.8877476!16s%2Fg%2F11ckr_qxy8!19sChIJgbMLjc4JxkcRSXQQ0qciv0s?authuser=0&hl=nl&rclk=1,Telefoon: 020 627 5100,PR agency Amsterdam
Van Schuppen Communicatie & PR,,http://www.vanschuppen.nl/,https://www.google.com/maps/place/Van+Schuppen+Communicatie+%26+PR/data=!4m7!3m6!1s0x47c60b030677e4ff:0x371d53b27b3591e5!8m2!3d52.3751236!4d4.8803629!16s%2Fg%2F1tfrfzgm!19sChIJ_-R3BgMLxkcR5ZE1e7JTHTc?authuser=0&hl=nl&rclk=1,Telefoon: 020 368 1936,PR agency Amsterdam
The Spot Agency,hello@thespot.agency,http://www.thespot.agency/,https://www.google.com/maps/place/The+Spot+Agency/data=!4m7!3m6!1s0x47c609c71b36fa4f:0xf5e7d912596c2d81!8m2!3d52.3716993!4d4.8973097!16s%2Fg%2F11qnr0_dqy!19sChIJT_o2G8cJxkcRgS1sWRLZ5_U?authuser=0&hl=nl&rclk=1,,PR agency Amsterdam
Smarts,london@smarts.agency,https://www.smarts.agency/,https://www.google.com/maps/place/Smarts/data=!4m7!3m6!1s0x47c609e83ec6e3d9:0xcb0a8fc2a6e6101e!8m2!3d52.3637788!4d4.8869936!16s%2Fg%2F11w26hpp7d!19sChIJ2ePGPugJxkcRHhDmpsKPCss?authuser=0&hl=nl&rclk=1,,PR agency Amsterdam
Crocodile Agency,info@crocodile.global,http://crocodile.global/,https://www.google.com/maps/place/Crocodile+Agency/data=!4m7!3m6!1s0xad248d3fc5700105:0x6ac379bfbd1ac6a7!8m2!3d52.3732321!4d4.8854438!16s%2Fg%2F11s9ymgkm5!19sChIJBQFwxT-NJK0Rp8Yavb95w2o?authuser=0&hl=nl&rclk=1,,PR agency Amsterdam
Keplar Agency,hello@keplaragency.com,http://keplaragency.com/,https://www.google.com/maps/place/Keplar+Agency/data=!4m7!3m6!1s0x47c5e1f3ff4d5631:0xd549ddce2cdd6192!8m2!3d52.3670856!4d4.8678565!16s%2Fg%2F1yh9sqnt1!19sChIJMVZN__PhxUcRkmHdLM7dSdU?authuser=0&hl=nl&rclk=1,Telefoon: 020 893 2200,PR agency Amsterdam
Spotlights PR,hilde@spotlightspr.com,https://www.spotlightspr.com/,https://www.google.com/maps/place/Spotlights+PR/data=!4m7!3m6!1s0x47c609ab2487f4bf:0xd053c1a544dee77a!8m2!3d52.3720565!4d4.885396!16s%2Fg%2F11wg473rny!19sChIJv_SHJKsJxkcReufeRKXBU9A?authuser=0&hl=nl&rclk=1,Telefoon: 06 29622599,PR agency Amsterdam
GoodKarma Agency,hello@goodkarma.agency,http://www.goodkarma.agency/,https://www.google.com/maps/place/GoodKarma+Agency/data=!4m7!3m6!1s0x47c609d2612e78ef:0x1a407ed890aeb1da!8m2!3d52.3693404!4d4.8607985!16s%2Fg%2F11pv5s7z2d!19sChIJ73guYdIJxkcR2rGukNh-QBo?authuser=0&hl=nl&rclk=1,Telefoon: 020 308 6699,PR agency Amsterdam
ACE | PR - Creatief PR Bureau,,http://www.glasnost.amsterdam/,https://www.google.com/maps/place/ACE+%7C+PR+-+Creatief+PR+Bureau/data=!4m7!3m6!1s0x47c5e1f228574a4f:0x14b267c9d9bf008e!8m2!3d52.3992581!4d4.876781!16s%2Fg%2F11b5pk20c_!19sChIJT0pXKPLhxUcRjgC_2clnshQ?authuser=0&hl=nl&rclk=1,Telefoon: 020 261 6430,PR agency Amsterdam
FTV PR,hallo@ftvpr.nl,https://www.ftvpr.nl/,https://www.google.com/maps/place/FTV+PR/data=!4m7!3m6!1s0x3e0a68d8a0cf58b:0x1a68535fb1c8a81a!8m2!3d52.3630618!4d4.8441657!16s%2Fg%2F11w1jy5r83!19sChIJi_UMio2m4AMRGqjIsV9TaBo?authuser=0&hl=nl&rclk=1,,PR agency Amsterdam
Revitalize,michael@revitalize.nl,http://www.revitalize.nl/,https://www.google.com/maps/place/Revitalize/data=!4m7!3m6!1s0x47c5e34d06f57327:0x6c38c9f12d8b8de9!8m2!3d52.3838034!4d4.9022434!16s%2Fg%2F11ghtn04zj!19sChIJJ3P1Bk3jxUcR6Y2LLfHJOGw?authuser=0&hl=nl&rclk=1,Telefoon: 020 369 7578,PR agency Amsterdam
Press Only B.V.,,http://www.pressonly.nl/,https://www.google.com/maps/place/Press+Only+B.V./data=!4m7!3m6!1s0x47c609c0da68b519:0x6c808d68864070fb!8m2!3d52.3648757!4d4.8852165!16s%2Fg%2F1tr16s8b!19sChIJGbVo2sAJxkcR-3BAhmiNgGw?authuser=0&hl=nl&rclk=1,Telefoon: 020 421 1226,PR agency Amsterdam
Norday,geoffrey@norday.nl,https://norday.nl/,https://www.google.com/maps/place/Norday/data=!4m7!3m6!1s0x47c609eb14a274ab:0x6a0c0234076a9319!8m2!3d52.3779022!4d4.8995781!16s%2Fg%2F12m9gfyqp!19sChIJq3SiFOsJxkcRGZNqBzQCDGo?authuser=0&hl=nl&rclk=1,Telefoon: 020 320 7708,PR agency Amsterdam
MONSIEUR PR,info@monsieurpr.com,http://www.monsieurpr.com/,https://www.google.com/maps/place/MONSIEUR+PR/data=!4m7!3m6!1s0x47c609a3c48a40c5:0xc9936484fc9c2ef5!8m2!3d52.3756621!4d4.8882691!16s%2Fg%2F1wb8sx60!19sChIJxUCKxKMJxkcR9S6c_IRkk8k?authuser=0&hl=nl&rclk=1,,PR agency Amsterdam
Woedend!,rianne@woedend.nl,http://www.woedend.nl/,https://www.google.com/maps/place/Woedend!/data=!4m7!3m6!1s0x47c609c6a2d9db2d:0x4d064b09e0bd028c!8m2!3d52.3734569!4d4.8879259!16s%2Fg%2F1tdnw2sh!19sChIJLdvZosYJxkcRjAK94AlLBk0?authuser=0&hl=nl&rclk=1,Telefoon: 020 676 4999,PR agency Amsterdam
OONA/BAAS Amsterdam,info@oonabaas.com,http://www.baas.amsterdam/,https://www.google.com/maps/place/OONA%2FBAAS+Amsterdam/data=!4m7!3m6!1s0x47c6084b996daaf7:0xba31c0be68a6bec7!8m2!3d52.383905!4d4.902057!16s%2Fg%2F12hm1j983!19sChIJ96ptmUsIxkcRx76maL7AMbo?authuser=0&hl=nl&rclk=1,Telefoon: 020 223 7490,PR agency Amsterdam
HPB | Het PR Bureau,info@hetprbureau.nl,https://hetprbureau.com/?utm_source=google&utm_medium=mijnbedrijf&utm_campaign=websitelink,https://www.google.com/maps/place/HPB+%7C+Het+PR+Bureau/data=!4m7!3m6!1s0x47c609eb072d73af:0x4e8d14f4a1d77b79!8m2!3d52.3963825!4d4.8764384!16s%2Fg%2F1tdk98bn!19sChIJr3MtB-sJxkcReXvXofQUjU4?authuser=0&hl=nl&rclk=1,Telefoon: 020 670 2232,PR agency Amsterdam
PUUR PR,info@puur-pr.nl,http://www.puur-pr.nl/,https://www.google.com/maps/place/PUUR+PR/data=!4m7!3m6!1s0x47c60956f8c6b511:0x7646b2702327c8d9!8m2!3d52.3569678!4d4.9074225!16s%2Fg%2F11qgfkgzmq!19sChIJEbXG-FYJxkcR2cgnI3CyRnY?authuser=0&hl=nl&rclk=1,,PR agency Amsterdam
Neuhaus PR,,,https://www.google.com/maps/place/Neuhaus+PR/data=!4m7!3m6!1s0x47c5e20f744b09ff:0xc95a65d5c64cd590!8m2!3d52.371324!4d4.885193!16s%2Fg%2F1ptwffs7n!19sChIJ_wlLdA_ixUcRkNVMxtVlWsk?authuser=0&hl=nl&rclk=1,Telefoon: 06 52677373,PR agency Amsterdam
B2Press Online PR Platform,sales@b2press.com,https://b2press.com/,https://www.google.com/maps/place/B2Press+Online+PR+Platform/data=!4m7!3m6!1s0x47c66f5767c15e55:0x25414674089429be!8m2!3d52.3665859!4d4.8921853!16s%2Fg%2F11fjmbztfp!19sChIJVV7BZ1dvxkcRvimUCHRGQSU?authuser=0&hl=nl&rclk=1,Telefoon: 030 799 6022,PR agency Amsterdam
Bellier B.V.,info@bellierfinancial.com,http://www.bellierfinancial.com/,https://www.google.com/maps/place/Bellier+B.V./data=!4m7!3m6!1s0x47c609c4065b74a1:0x602646e07a7b03fe!8m2!3d52.3725412!4d4.8881458!16s%2Fg%2F1tc__p7n!19sChIJoXRbBsQJxkcR_gN7euBGJmA?authuser=0&hl=nl&rclk=1,Telefoon: 020 419 0901,PR agency Amsterdam
Bureau Ron de Haan,info@rondehaan.nl,http://www.rondehaan.nl/,https://www.google.com/maps/place/Bureau+Ron+de+Haan/data=!4m7!3m6!1s0x47c609c8deb7b143:0x84c5ef4c7667e649!8m2!3d52.3794942!4d4.8919753!16s%2Fg%2F1vlz9kgx!19sChIJQ7G33sgJxkcRSeZndkzvxYQ?authuser=0&hl=nl&rclk=1,Telefoon: 06 28230380,PR agency Amsterdam
Creative Clicks B.V.,ccinquiries@creativeclicks.com,http://www.creativeclicks.com/,https://www.google.com/maps/place/Creative+Clicks+B.V./data=!4m7!3m6!1s0x47c60a19b67180fd:0x5cdc381add355f6d!8m2!3d52.3608234!4d4.8877475!16s%2Fg%2F1tfbs281!19sChIJ_YBxthkKxkcRbV813Ro43Fw?authuser=0&hl=nl&rclk=1,Telefoon: 020 240 2530,PR agency Amsterdam
Edelman,,https://www.edelman.amsterdam/,https://www.google.com/maps/place/Edelman/data=!4m7!3m6!1s0x47c5e1fd57787523:0x5edc8bd0080759a0!8m2!3d52.3639101!4d4.8938953!16s%2Fg%2F1tgh6s10!19sChIJI3V4V_3hxUcRoFkHCNCL3F4?authuser=0&hl=nl&rclk=1,Telefoon: 020 301 0980,PR agency Amsterdam
The People | Creating Fans for Brands,hello@thepeople.nl,https://www.thepeople.nl/,https://www.google.com/maps/place/The+People+%7C+Creating+Fans+for+Brands/data=!4m7!3m6!1s0x47c609e1a7b447d7:0xb3fba67d965814c6!8m2!3d52.3664289!4d4.8803551!16s%2Fg%2F1w0q_31x!19sChIJ10e0p-EJxkcRxhRYln2m-7M?authuser=0&hl=nl&rclk=1,Telefoon: 06 57798066,PR agency Amsterdam
8 The Agency,info@8theagency.com,http://www.8theagency.com/,https://www.google.com/maps/place/8+The+Agency/data=!4m7!3m6!1s0x47c609eb99eaa1c1:0x6e643c15f81c5b1c!8m2!3d52.357734!4d4.8765834!16s%2Fg%2F11ns537lgt!19sChIJwaHqmesJxkcRHFsc-BU8ZG4?authuser=0&hl=nl&rclk=1,Telefoon: 020 408 3220,PR agency Amsterdam
The Romans Amsterdam,AMS@wearetheromans.com,http://www.wearetheromans.com/,https://www.google.com/maps/place/The+Romans+Amsterdam/data=!4m7!3m6!1s0x47c6091107d59871:0x12ddbdf3ec7566f!8m2!3d52.3705138!4d4.8933316!16s%2Fg%2F11ypnl3vst!19sChIJcZjVBxEJxkcRb1bHPt_bLQE?authuser=0&hl=nl&rclk=1,,PR agency Amsterdam
Wrkt Digital - Agency,contact@wrkt.nl,https://www.wrkt.nl/,https://www.google.com/maps/place/Wrkt+Digital+-+Agency/data=!4m7!3m6!1s0x47c609ea855004f1:0x4b69f5be1a9bd0a2!8m2!3d52.3683639!4d4.886235!16s%2Fg%2F1tg_kv86!19sChIJ8QRQheoJxkcRotCbGr71aUs?authuser=0&hl=nl&rclk=1,Telefoon: 020 896 5136,PR agency Amsterdam
Stark Narrative,contact@starknarrative.com,https://www.starknarrative.com/contact/,https://www.google.com/maps/place/Stark+Narrative/data=!4m7!3m6!1s0x47c609ea6a815555:0x4bf6b46da48d679!8m2!3d52.3655906!4d4.8895448!16s%2Fg%2F11fm3404c1!19sChIJVVWBauoJxkcRedZI2kZrvwQ?authuser=0&hl=nl&rclk=1,Telefoon: 020 794 4737,PR agency Amsterdam
PR-O,,https://www.pr-o.nl/,https://www.google.com/maps/place/PR-O/data=!4m7!3m6!1s0x47c6094d11122583:0x651f1f2e330addad!8m2!3d52.3716918!4d4.8843846!16s%2Fg%2F11ym114hgn!19sChIJgyUSEU0JxkcRrd0KMy4fH2U?authuser=0&hl=nl&rclk=1,Telefoon: 020 880 0000,PR agency Amsterdam
DeeBlanche,,https://www.deeblanche.com/,https://www.google.com/maps/place/DeeBlanche/data=!4m7!3m6!1s0x47c6096cce878a13:0xb563ca449c561274!8m2!3d52.3637788!4d4.8869936!16s%2Fg%2F11fsmj0jz6!19sChIJE4qHzmwJxkcRdBJWnETKY7U?authuser=0&hl=nl&rclk=1,,PR agency Amsterdam
So PR Amsterdam,social@so-pr.com,https://www.so-pr.com/,https://www.google.com/maps/place/So+PR+Amsterdam/data=!4m7!3m6!1s0x47c5e218eb7d69d7:0xe6857f705ded2f82!8m2!3d52.3704373!4d4.8635042!16s%2Fg%2F1tj95mfy!19sChIJ12l96xjixUcRgi_tXXB_heY?authuser=0&hl=nl&rclk=1,Telefoon: 020 408 1868,PR agency Amsterdam
Nightingale Amsterdam,info@weareoval.com,http://www.nightingale.world/,https://www.google.com/maps/place/Nightingale+Amsterdam/data=!4m7!3m6!1s0x47c609bbb3b7dcb3:0xb7c69f019d0e36dc!8m2!3d52.370901!4d4.879532!16s%2Fg%2F11h_794gdp!19sChIJs9y3s7sJxkcR3DYOnQGfxrc?authuser=0&hl=nl&rclk=1,Telefoon: 020 210 3993,PR agency Amsterdam
Zeekhoe Communicatie,,http://www.zeekhoe.nl/,https://www.google.com/maps/place/Zeekhoe+Communicatie/data=!4m7!3m6!1s0x47c5e7ada811dba5:0x19cded6ff380a6b1!8m2!3d52.3709357!4d4.9063278!16s%2Fg%2F1td4crdr!19sChIJpdsRqK3nxUcRsaaA82_tzRk?authuser=0&hl=nl&rclk=1,Telefoon: 06 46080656,PR agency Amsterdam
De Wolven,info@dewolven.com,http://www.dewolven.com/,https://www.google.com/maps/place/De+Wolven/data=!4m7!3m6!1s0x47c609eb13803627:0x911c8be7153de152!8m2!3d52.3711255!4d4.879012!16s%2Fg%2F1v_0hz5k!19sChIJJzaAE-sJxkcRUuE9FeeLHJE?authuser=0&hl=nl&rclk=1,Telefoon: 020 620 3354,PR agency Amsterdam
Come Amsterdam,bob@comeamsterdam.com,http://www.comeamsterdam.com/,https://www.google.com/maps/place/Come+Amsterdam/data=!4m7!3m6!1s0x47c609b3936e2d5b:0xa1880de01c80c862!8m2!3d52.3657205!4d4.8769798!16s%2Fg%2F1th22_fh!19sChIJWy1uk7MJxkcRYsiAHOANiKE?authuser=0&hl=nl&rclk=1,Telefoon: 06 42594009,PR agency Amsterdam
De Wonderneming,fusina@dewonderneming.nl,https://www.dewonderneming.nl/,https://www.google.com/maps/place/De+Wonderneming/data=!4m7!3m6!1s0x47c609968ee7edd1:0x179b5974d2ddfd5e!8m2!3d52.363322!4d4.901632!16s%2Fg%2F1tgdbm0s!19sChIJ0e3njpYJxkcRXv3d0nRZmxc?authuser=0&hl=nl&rclk=1,Telefoon: 06 26530097,PR agency Amsterdam
Maartje PR,info@maartjepr.com,http://www.maartjepr.com/,https://www.google.com/maps/place/Maartje+PR/data=!4m7!3m6!1s0x47c609ce15226c3f:0x6cf88e0108e8018!8m2!3d52.386268!4d4.901929!16s%2Fg%2F1v8kztb3!19sChIJP2wiFc4JxkcRGICOEOCIzwY?authuser=0&hl=nl&rclk=1,,PR agency Amsterdam
PRLab,,https://prlab.co/locations/amsterdam/,https://www.google.com/maps/place/PRLab/data=!4m7!3m6!1s0x47c5e38fbd36bf15:0xb2fe13722cf25f56!8m2!3d52.3717571!4d4.8865884!16s%2Fg%2F11fhw6ybd1!19sChIJFb82vY_jxUcRVl_yLHIT_rI?authuser=0&hl=nl&rclk=1,Telefoon: 020 244 3748,PR agency Amsterdam
DitisgeenPRbureau.nl,rob@ditisgeenprbureau.nl,https://www.ditisgeenprbureau.nl/,https://www.google.com/maps/place/DitisgeenPRbureau.nl/data=!4m7!3m6!1s0x6f28003c743929fb:0xc12131848c27d573!8m2!3d52.367031!4d4.934127!16s%2Fg%2F11kr9n8r93!19sChIJ-yk5dDwAKG8Rc9UnjIQxIcE?authuser=0&hl=nl&rclk=1,Telefoon: 06 82072966,PR agency Amsterdam
fs Agency,info@fsagency.nl,http://www.fsagency.nl/,https://www.google.com/maps/place/fs+Agency/data=!4m7!3m6!1s0x47c609d2011690fb:0x971d28df274eed19!8m2!3d52.3833804!4d4.8839244!16s%2Fg%2F11b6csyj65!19sChIJ-5AWAdIJxkcRGe1OJ98oHZc?authuser=0&hl=nl&rclk=1,Telefoon: 020 330 5888,PR agency Amsterdam
Corinthia Studio,georgina@corinthiastudio.com,https://www.corinthiastudio.com/,https://www.google.com/maps/place/Corinthia+Studio/data=!4m7!3m6!1s0x47c6095452dca76f:0xe866d7ad2d544f30!8m2!3d52.3637788!4d4.8869936!16s%2Fg%2F11yc1hlns8!19sChIJb6fcUlQJxkcRME9ULa3XZug?authuser=0&hl=nl&rclk=1,Telefoon: 06 11846995,PR agency Amsterdam
TEAM LEWIS,helloamsterdam@teamlewis.com,https://www.teamlewis.com/nl/,https://www.google.com/maps/place/TEAM+LEWIS/data=!4m7!3m6!1s0x47c60a19b67180fd:0xac71aa8923c46dee!8m2!3d52.3634801!4d4.905146!16s%2Fg%2F11cjgctg4v!19sChIJ_YBxthkKxkcR7m3EI4mqcaw?authuser=0&hl=nl&rclk=1,Telefoon: 020 220 0220,PR agency Amsterdam
Coebergh Communicatie & PR B.V.,contact@coebergh.nl,https://coebergh.nl/,https://www.google.com/maps/place/Coebergh+Communicatie+%26+PR+B.V./data=!4m7!3m6!1s0x47c609e82f231b29:0x50c1b47f068959b8!8m2!3d52.3667388!4d4.8839248!16s%2Fg%2F1tcxtfp7!19sChIJKRsjL-gJxkcRuFmJBn-0wVA?authuser=0&hl=nl&rclk=1,Telefoon: 020 470 8787,PR agency Amsterdam
Zapper PR,hello@zapperpr.com,http://zapperpr.com/,https://www.google.com/maps/place/Zapper+PR/data=!4m7!3m6!1s0x47c608337a74d5d1:0x78e28f331aa04f59!8m2!3d52.3633448!4d4.8919931!16s%2Fg%2F11g6wvclnk!19sChIJ0dV0ejMIxkcRWU-gGjOP4ng?authuser=0&hl=nl&rclk=1,Telefoon: 020 320 7688,PR agency Amsterdam
Spice PR,info@spicepr.nl,http://spicepr.nl/,https://www.google.com/maps/place/Spice+PR/data=!4m7!3m6!1s0x47c609dba05278a7:0x2232ed62ed488205!8m2!3d52.3659161!4d4.8836883!16s%2Fg%2F1tfxfwsj!19sChIJp3hSoNsJxkcRBYJI7WLtMiI?authuser=0&hl=nl&rclk=1,Telefoon: 020 489 1031,PR agency Amsterdam
Prappers Media Group,leonie@prappers.com,http://www.prappers.com/,https://www.google.com/maps/place/Prappers+Media+Group/data=!4m7!3m6!1s0x47c609666b74d301:0x1f693895b49b2ed0!8m2!3d52.3576776!4d4.8939285!16s%2Fg%2F11c4bk1nh7!19sChIJAdN0a2YJxkcR0C6btJU4aR8?authuser=0&hl=nl&rclk=1,Telefoon: 020 893 2400,PR agency Amsterdam
PR4ALL,,,https://www.google.com/maps/place/PR4ALL/data=!4m7!3m6!1s0x47c609ea14977901:0x8b09c45bb1ad288c!8m2!3d52.3658062!4d4.8891699!16s%2Fg%2F11c565dvb6!19sChIJAXmXFOoJxkcRjCitsVvECYs?authuser=0&hl=nl&rclk=1,Telefoon: 020 760 8877,PR agency Amsterdam
Dutch PR Group B.V.,,http://www.dutchprgroup.com/,https://www.google.com/maps/place/Dutch+PR+Group+B.V./data=!4m7!3m6!1s0x47c609c503997191:0x10a1bf7105a1086!8m2!3d52.3726407!4d4.8916661!16s%2Fg%2F11btlsfy4t!19sChIJkXGZA8UJxkcRhhBaEPcbCgE?authuser=0&hl=nl&rclk=1,Telefoon: 020 320 9954,PR agency Amsterdam
Presscloud,,https://presscloud.ai/,https://www.google.com/maps/place/Presscloud/data=!4m7!3m6!1s0x47c609e23094715f:0x20a68551cf15b7bb!8m2!3d52.3821915!4d4.8720619!16s%2Fg%2F11h4xjqs7f!19sChIJX3GUMOIJxkcRu7cVz1GFpiA?authuser=0&hl=nl&rclk=1,Telefoon: 06 14910859,PR agency Amsterdam
Dijksman Communicatie,,http://www.dijksmancommunicatie.com/,https://www.google.com/maps/place/Dijksman+Communicatie/data=!4m7!3m6!1s0x416539bb19474579:0x3bfb2c38aeb28c9b!8m2!3d52.3779519!4d4.8817622!16s%2Fg%2F11b5pj9scv!19sChIJeUVHGbs5ZUERm4yyrjgs-zs?authuser=0&hl=nl&rclk=1,Telefoon: 020 337 6076,PR agency Amsterdam
SimplyPR,m.mackay@simplypr.nl,http://www.simplypr.nl/,https://www.google.com/maps/place/SimplyPR/data=!4m7!3m6!1s0x47c609bc3cfcf673:0x76c4b3189d0fe8f1!8m2!3d52.3701411!4d4.9026172!16s%2Fg%2F1pxq5j0n2!19sChIJc_b8PLwJxkcR8egPnRizxHY?authuser=0&hl=nl&rclk=1,Telefoon: 020 776 7756,PR agency Amsterdam
Backtoback PR,maureen@backtobackpr.com,http://www.backtobackpr.com/,https://www.google.com/maps/place/Backtoback+PR/data=!4m7!3m6!1s0x47c5b25e4d92efab:0x56465632bd13d0c6!8m2!3d52.3687138!4d4.907228!16s%2Fg%2F1ptw0sh47!19sChIJq--STV6yxUcRxtATvTJWRlY?authuser=0&hl=nl&rclk=1,Telefoon: 06 41670716,PR agency Amsterdam
MMBSY Amsterdam B.V.,info@mmbsy.com,http://www.mmbsy.com/,https://www.google.com/maps/place/MMBSY+Amsterdam+B.V./data=!4m7!3m6!1s0x47c609f3a86fea61:0x59aef3da1e9d41ea!8m2!3d52.3752821!4d4.8826182!16s%2Fg%2F11t9rpt070!19sChIJYepvqPMJxkcR6kGdHtrzrlk?authuser=0&hl=nl&rclk=1,Telefoon: 020 213 8998,PR agency Amsterdam
MADE BY PR,,http://www.madebypr.com/,https://www.google.com/maps/place/MADE+BY+PR/data=!4m7!3m6!1s0x47c609bfdea22df5:0x3ac89dca8d462869!8m2!3d52.3669231!4d4.8965634!16s%2Fg%2F11btx14s_v!19sChIJ9S2i3r8JxkcRaShGjcqdyDo?authuser=0&hl=nl&rclk=1,Telefoon: 020 358 5963,PR agency Amsterdam
Rosmalen PR,stephanie@rosmalen-pr.com,https://rosmalen-pr.com/,https://www.google.com/maps/place/Rosmalen+PR/data=!4m7!3m6!1s0x47c609e5157473cf:0xd98a51194342e4f0!8m2!3d52.358115!4d4.8778995!16s%2Fg%2F11gbzbx92r!19sChIJz3N0FeUJxkcR8ORCQxlRitk?authuser=0&hl=nl&rclk=1,Telefoon: 06 37315603,PR agency Amsterdam
BOBBERY AMSTERDAM,,http://bobbery.amsterdam/,https://www.google.com/maps/place/BOBBERY+AMSTERDAM/data=!4m7!3m6!1s0x47c60993805f45a1:0x946245b4a3f03334!8m2!3d52.3734645!4d4.8855124!16s%2Fg%2F11ckr5y268!19sChIJoUVfgJMJxkcRNDPwo7RFYpQ?authuser=0&hl=nl&rclk=1,Telefoon: 06 53807567,PR agency Amsterdam
team5pm,,https://team5pm.com/?utm_source=GMB&utm_medium=organic,https://www.google.com/maps/place/team5pm/data=!4m7!3m6!1s0x47c609f452e7413b:0x5c75f83c1dbb2c7c!8m2!3d52.3655397!4d4.8603707!16s%2Fg%2F11h6nm2zrx!19sChIJO0HnUvQJxkcRfCy7HTz4dVw?authuser=0&hl=nl&rclk=1,Telefoon: 06 34493521,PR agency Amsterdam
Speak Easy Agency,info@speakeasyagency.nl,http://www.speakeasyagency.nl/,https://www.google.com/maps/place/Speak+Easy+Agency/data=!4m7!3m6!1s0x47c609c26a813fc1:0xcc4523d516e7eb23!8m2!3d52.368354!4d4.886343!16s%2Fg%2F11bwl3pwtv!19sChIJwT-BasIJxkcRI-vnFtUjRcw?authuser=0&hl=nl&rclk=1,Telefoon: 020 845 7986,PR agency Amsterdam
Glorypublisher,support@glorypublisher.com,https://glorypublisher.com/,https://www.google.com/maps/place/Glorypublisher/data=!4m7!3m6!1s0x2e5f6a3d524af227:0xc2e490e5c425d5d6!8m2!3d52.3673256!4d4.884158!16s%2Fg%2F11sw15zjlq!19sChIJJ_JKUj1qXy4R1tUlxOWQ5MI?authuser=0&hl=nl&rclk=1,,PR agency Amsterdam
HATTER Agency,info@hatter.agency,https://www.hatteragency.com/,https://www.google.com/maps/place/HATTER+Agency/data=!4m7!3m6!1s0x47c60996b16c161f:0xeaa5e661ccb22a84!8m2!3d52.376403!4d4.893071!16s%2Fg%2F11hbhtcbv_!19sChIJHxZssZYJxkcRhCqyzGHmpeo?authuser=0&hl=nl&rclk=1,,PR agency Amsterdam
pr.co,hello@pr.co,https://pr.co/,https://www.google.com/maps/place/pr.co/data=!4m7!3m6!1s0x47c609ea9dce4011:0x897b31cff8094b16!8m2!3d52.3666451!4d4.8923966!16s%2Fg%2F11c2nc6t5y!19sChIJEUDOneoJxkcRFksJ-M8xe4k?authuser=0&hl=nl&rclk=1,Telefoon: 085 208 8364,PR agency Amsterdam
icon.,,,https://www.google.com/maps/place/icon./data=!4m7!3m6!1s0x47c609171d7e8e65:0x751ff2232d50e33f!8m2!3d52.3662616!4d4.8851629!16s%2Fg%2F11nxp71f6y!19sChIJZY5-HRcJxkcRP-NQLSPyH3U?authuser=0&hl=nl&rclk=1,Telefoon: 020 369 8595,PR agency Amsterdam
Social Butter Amsterdam,,https://social-butter.com/,https://www.google.com/maps/place/Social+Butter+Amsterdam/data=!4m7!3m6!1s0x2256f8b99a5c6fdb:0x939651ee55fbac1e!8m2!3d52.3557222!4d4.870691!16s%2Fg%2F11smgpznzw!19sChIJ229cmrn4ViIRHqz7Ve5RlpM?authuser=0&hl=nl&rclk=1,Telefoon: 06 20794736,PR agency Amsterdam
Matters Most,mail@usercentrics.com,https://www.mattersmost.nl/,https://www.google.com/maps/place/Matters+Most/data=!4m7!3m6!1s0x47c66f70ebb93b49:0x9b153e250f3729bc!8m2!3d52.384339!4d4.89514!16s%2Fg%2F1td7y953!19sChIJSTu563BvxkcRvCk3DyU-FZs?authuser=0&hl=nl&rclk=1,Telefoon: 020 235 1101,PR agency Amsterdam
ALL the way UP,daphne@allthewayup.nl,http://allthewayup.nl/,https://www.google.com/maps/place/ALL+the+way+UP/data=!4m7!3m6!1s0x47c609e8dc30fc5b:0x31f69ae012756351!8m2!3d52.3629634!4d4.8832655!16s%2Fg%2F11jnm8n1nq!19sChIJW_ww3OgJxkcRUWN1EuCa9jE?authuser=0&hl=nl&rclk=1,,PR agency Amsterdam
JamJam PR,info@jamjammarketing.com,http://www.jamjampr.com/,https://www.google.com/maps/place/JamJam+PR/data=!4m7!3m6!1s0x47c609dd588c5fc9:0x7e9ff75aa712217!8m2!3d52.3954364!4d4.8384801!16s%2Fg%2F11cn5p5yhh!19sChIJyV-MWN0JxkcRFyJxqnX_6Qc?authuser=0&hl=nl&rclk=1,Telefoon: 06 41239157,PR agency Amsterdam
Reputatieherstel,,https://reputatieherstel.nl/,https://www.google.com/maps/place/Reputatieherstel/data=!4m7!3m6!1s0x47c60943a5562f75:0x40dbb2ab93c1ff94!8m2!3d52.3759528!4d4.8992807!16s%2Fg%2F11yfhscdl3!19sChIJdS9WpUMJxkcRlP_Bk6uy20A?authuser=0&hl=nl&rclk=1,Telefoon: 06 58746586,public relations Amsterdam
NOISE Film & TV,info@noisefilmpr.com,http://noisefilmpr.com/,https://www.google.com/maps/place/NOISE+Film+%26+TV/data=!4m7!3m6!1s0x47c609a407093645:0xcd877475371da2ba!8m2!3d52.3686517!4d4.9072115!16s%2Fg%2F11v9mp3k4r!19sChIJRTYJB6QJxkcRuqIdN3V0h80?authuser=0&hl=nl&rclk=1,,public relations Amsterdam
Eliane Roest,mail@elianeroest.nl,http://elianeroest.nl/,https://www.google.com/maps/place/Eliane+Roest/data=!4m7!3m6!1s0x47c5e20fca5f105d:0x7eac5b98eca0b887!8m2!3d52.360147!4d4.8550931!16s%2Fg%2F11gfd6mzfp!19sChIJXRBfyg_ixUcRh7ig7JhbrH4?authuser=0&hl=nl&rclk=1,Telefoon: 06 41967505,public relations Amsterdam
MFN Advies,info@mfnadvies.nl,http://www.mfnadvies.nl/,https://www.google.com/maps/place/MFN+Advies/data=!4m7!3m6!1s0x47c6098ec6d9e441:0x9b4998b5b0153dd2!8m2!3d52.3602255!4d4.8939803!16s%2Fg%2F11bby5hr0l!19sChIJQeTZxo4JxkcR0j0VsLWYSZs?authuser=0&hl=nl&rclk=1,Telefoon: 06 47318304,public relations Amsterdam
Xozo Communicatie,,https://www.xozo-communicatie.nl/,https://www.google.com/maps/place/Xozo+Communicatie/data=!4m7!3m6!1s0x47c5e26dec222435:0xe04554b764fc4c44!8m2!3d52.3726558!4d4.8546199!16s%2Fg%2F11cn5rk5hj!19sChIJNSQi7G3ixUcRREz8ZLdUReA?authuser=0&hl=nl&rclk=1,Telefoon: 06 22474403,public relations Amsterdam
TwitterTante,,https://twittertante.com/contact/,https://www.google.com/maps/place/TwitterTante/data=!4m7!3m6!1s0x47c609edb1095555:0xe5d7343ee117bac9!8m2!3d52.358498!4d4.8887052!16s%2Fg%2F11h4bsf44s!19sChIJVVUJse0JxkcRyboX4T401-U?authuser=0&hl=nl&rclk=1,Telefoon: 020 261 0727,public relations Amsterdam
Smart.pr – Dé PR-tool voor communicatieprofessionals,info@smart.pr,https://www.smart.pr/,https://www.google.com/maps/place/Smart.pr+%E2%80%93+D%C3%A9+PR-tool+voor+communicatieprofessionals/data=!4m7!3m6!1s0x47c609c0ebc39a5d:0x5fb267839013dd52!8m2!3d52.3705247!4d4.8931356!16s%2Fg%2F11b8_p80ht!19sChIJXZrD68AJxkcRUt0TkINnsl8?authuser=0&hl=nl&rclk=1,Telefoon: 020 751 6629,public relations Amsterdam
&.agency | social storytelling agency,,http://and-agency.com/,https://www.google.com/maps/place/%26.agency+%7C+social+storytelling+agency/data=!4m7!3m6!1s0x47c60913ac134f95:0xba4a7fb21aaa37a2!8m2!3d52.3539854!4d4.8827304!16s%2Fg%2F11hdjcqv1c!19sChIJlU8TrBMJxkcRojeqGrJ_Sro?authuser=0&hl=nl&rclk=1,Telefoon: 020 247 5545,public relations Amsterdam
Stampa Communications BV,,https://stampacommunications.com/,https://www.google.com/maps/place/Stampa+Communications+BV/data=!4m7!3m6!1s0x47c609e9750fb965:0x2c57260ba5ee29fa!8m2!3d52.3680025!4d4.9245377!16s%2Fg%2F1vs1r1rx!19sChIJZbkPdekJxkcR-inupQsmVyw?authuser=0&hl=nl&rclk=1,Telefoon: 020 404 2630,public relations Amsterdam
Sylvia Avontuur Holding B.V.,,,https://www.google.com/maps/place/Sylvia+Avontuur+Holding+B.V./data=!4m7!3m6!1s0x47c609c0da68b519:0x53a4981c7817dec6!8m2!3d52.3648624!4d4.8852371!16s%2Fg%2F1trxjgsb!19sChIJGbVo2sAJxkcRxt4XeByYpFM?authuser=0&hl=nl&rclk=1,Telefoon: 020 421 1226,public relations Amsterdam
OFFGRID agency,leroy@offgrid.agency,https://offgrid.agency/,https://www.google.com/maps/place/OFFGRID+agency/data=!4m7!3m6!1s0x47c609d03fa92fb3:0x1d91424867308102!8m2!3d52.3828717!4d4.9216524!16s%2Fg%2F11h_d7c9n3!19sChIJsy-pP9AJxkcRAoEwZ0hCkR0?authuser=0&hl=nl&rclk=1,,public relations Amsterdam
Pitch PR B.V.,info@pitchpr.nl,http://www.pitchpr.nl/,https://www.google.com/maps/place/Pitch+PR+B.V./data=!4m7!3m6!1s0x47c60bc63c32beef:0xc8fac822a7a865e2!8m2!3d52.3697443!4d4.9549221!16s%2Fg%2F1hc465w6f!19sChIJ774yPMYLxkcR4mWopyLI-sg?authuser=0&hl=nl&rclk=1,Telefoon: 020 468 3348,public relations Amsterdam
Progress Communications,contact@progresscommunications.eu,http://www.progresscommunications.eu/,https://www.google.com/maps/place/Progress+Communications/data=!4m7!3m6!1s0x47c60ba47c5efe95:0x780ef97ebbccbf75!8m2!3d52.3288162!4d4.9235956!16s%2Fg%2F1tj329wm!19sChIJlf5efKQLxkcRdb_Mu375Dng?authuser=0&hl=nl&rclk=1,Telefoon: 020 363 1152,public relations Amsterdam
What Matters?!,ask@whatmatters.agency,http://www.whatmatters.agency/,https://www.google.com/maps/place/What+Matters%3F!/data=!4m7!3m6!1s0x47c609d1f065dcdd:0x7c2274a739c83e8!8m2!3d52.3825205!4d4.883167!16s%2Fg%2F11c1ww7_z6!19sChIJ3dxl8NEJxkcR6IOcc0onwgc?authuser=0&hl=nl&rclk=1,Telefoon: 020 778 1679,public relations Amsterdam
ST. PORTMANTEAU,,http://www.st-portmanteau.com/,https://www.google.com/maps/place/ST.+PORTMANTEAU/data=!4m7!3m6!1s0xca95711b573c90d:0xc12519de63a62fc8!8m2!3d52.3613835!4d4.8629613!16s%2Fg%2F11kpbvz5hv!19sChIJDclztRFXqQwRyC-mY94ZJcE?authuser=0&hl=nl&rclk=1,Telefoon: 06 57091943,public relations Amsterdam
Hammerstein Mediation,,http://www.hammersteinmediation.nl/,https://www.google.com/maps/place/Hammerstein+Mediation/data=!4m7!3m6!1s0x47c6095eae1e54f9:0x21d5f416a11d32e6!8m2!3d52.3625986!4d4.8982008!16s%2Fg%2F11gx_7l7g4!19sChIJ-VQerl4JxkcR5jIdoRb01SE?authuser=0&hl=nl&rclk=1,Telefoon: 06 14882202,public relations Amsterdam
Our Concern,,,https://www.google.com/maps/place/Our+Concern/data=!4m7!3m6!1s0x47c5e3007725284d:0x899624bc149ec78!8m2!3d52.3493396!4d4.8486635!16s%2Fg%2F11vj_vls4l!19sChIJTSgldwDjxUcReOxJwUtimQg?authuser=0&hl=nl&rclk=1,,public relations Amsterdam
De Bruijn PR,info@debruijnpr.nl,https://www.debruijnpr.nl/,https://www.google.com/maps/place/De+Bruijn+PR/data=!4m7!3m6!1s0x47c608762f8d07eb:0xa137efa250e91216!8m2!3d52.4132765!4d4.8752576!16s%2Fg%2F11cjkphfz9!19sChIJ6weNL3YIxkcRFhLpUKLvN6E?authuser=0&hl=nl&rclk=1,Telefoon: 020 244 0075,public relations Amsterdam
CFF Communications,info@cffcommunications,http://www.cffcommunications.nl/,https://www.google.com/maps/place/CFF+Communications/data=!4m7!3m6!1s0x47c60a0c7647723d:0xaccce46450a040f0!8m2!3d52.34901!4d4.9202274!16s%2Fg%2F1tptptg0!19sChIJPXJHdgwKxkcR8ECgUGTkzKw?authuser=0&hl=nl&rclk=1,Telefoon: 020 575 4010,public relations Amsterdam
PRHive | Public Relations Software,,https://prsoftware.ai/,https://www.google.com/maps/place/PRHive+%7C+Public+Relations+Software/data=!4m7!3m6!1s0x47c6092e6e8cef49:0xa22843a4a368ad84!8m2!3d52.3717571!4d4.8865884!16s%2Fg%2F11vblp_62h!19sChIJSe-Mbi4JxkcRhK1oo6RDKKI?authuser=0&hl=nl&rclk=1,Telefoon: 020 244 3748,public relations Amsterdam
HAGENS PR & Strategie BV,,https://www.hagenspr.com/,https://www.google.com/maps/place/HAGENS+PR+%26+Strategie+BV/data=!4m7!3m6!1s0x47c609bd39b95023:0xfa520f97d9334234!8m2!3d52.3905897!4d4.8987638!16s%2Fg%2F1pty73gh2!19sChIJI1C5Ob0JxkcRNEIz2ZcPUvo?authuser=0&hl=nl&rclk=1,Telefoon: 020 625 9685,public relations Amsterdam
Merktroubadour,,,https://www.google.com/maps/place/Merktroubadour/data=!4m7!3m6!1s0x47c5e278a7c4147d:0x7e113edccdc4a05d!8m2!3d52.3829641!4d4.8707115!16s%2Fg%2F11bxdvkxrp!19sChIJfRTEp3jixUcRXaDEzdw-EX4?authuser=0&hl=nl&rclk=1,Telefoon: 06 52793791,public relations Amsterdam
Endré Communications — Award-winning PR for Climate Tech,info@endrecommunications.com,http://www.endrecommunications.com/,https://www.google.com/maps/place/Endr%C3%A9+Communications+%E2%80%94+Award-winning+PR+for+Climate+Tech/data=!4m7!3m6!1s0x47c5e34f1fb95421:0xc94c4c2b49fe43ff!8m2!3d52.3534402!4d4.863651!16s%2Fg%2F11hxn__5t4!19sChIJIVS5H0_jxUcR_0P-SStMTMk?authuser=0&hl=nl&rclk=1,Telefoon: 06 10724189,public relations Amsterdam
Mensch,jack@mensch-amsterdam.com,http://mensch-amsterdam.com/,https://www.google.com/maps/place/Mensch/data=!4m7!3m6!1s0x47c5e21b46bb9b1f:0xeb35f862f5a4fbed!8m2!3d52.353522!4d4.851636!16s%2Fg%2F11ckqjhzcj!19sChIJH5u7RhvixUcR7fuk9WL4Nes?authuser=0&hl=nl&rclk=1,Telefoon: 020 220 3780,public relations Amsterdam
Marjolijne,%20mail@marjolijne.com,http://www.marjolijne.com/,https://www.google.com/maps/place/Marjolijne/data=!4m7!3m6!1s0x47c609d02ea1dd75:0xe666b090739b10dd!8m2!3d52.3801507!4d4.8831841!16s%2Fg%2F11b6djmmk0!19sChIJdd2hLtAJxkcR3RCbc5CwZuY?authuser=0&hl=nl&rclk=1,Telefoon: 06 48621741,public relations Amsterdam
PUBLIC POLICY AGENCY,info@publicpolicy.agency,http://publicpolicyagency.info/,https://www.google.com/maps/place/PUBLIC+POLICY+AGENCY/data=!4m7!3m6!1s0x47c609c4cb43a6c7:0xce78604138bc0622!8m2!3d52.3741383!4d4.882659!16s%2Fg%2F11c602stpp!19sChIJx6ZDy8QJxkcRIga8OEFgeM4?authuser=0&hl=nl&rclk=1,Telefoon: 06 16141274,public relations Amsterdam
Maxi Meissner,,,https://www.google.com/maps/place/Maxi+Meissner/data=!4m7!3m6!1s0x47c609d40b7ff955:0xf16d875e795f5207!8m2!3d52.3845375!4d4.8769685!16s%2Fg%2F11fn1m8gv0!19sChIJVfl_C9QJxkcRB1JfeV6HbfE?authuser=0&hl=nl&rclk=1,Telefoon: 06 47941522,public relations Amsterdam
Toko VERT,esther@toko-vert.nl,https://www.toko-vert.nl/contact,https://www.google.com/maps/place/Toko+VERT/data=!4m7!3m6!1s0x47c609f1712bffff:0xc2efac50f77e0f0f!8m2!3d52.3534321!4d4.8844969!16s%2Fg%2F11hyzyzmgf!19sChIJ__8rcfEJxkcRDw9-91Cs78I?authuser=0&hl=nl&rclk=1,Telefoon: 06 42736373,public relations Amsterdam
Twotone Amsterdam,,http://www.twotoneams.nl/,https://www.google.com/maps/place/Twotone+Amsterdam/data=!4m7!3m6!1s0x47c609cc2f955d3d:0x1524dab76cde2f87!8m2!3d52.3832961!4d4.8888929!16s%2Fg%2F11ddt32sll!19sChIJPV2VL8wJxkcRhy_ebLfaJBU?authuser=0&hl=nl&rclk=1,Telefoon: 06 38146117,public relations Amsterdam
Adore Agency,hello@adore.amsterdam,https://www.adore.amsterdam/,https://www.google.com/maps/place/Adore+Agency/data=!4m7!3m6!1s0x47c5e3f6a80c6ad7:0xf183f5b32b69d8c4!8m2!3d52.3549895!4d4.862569!16s%2Fg%2F11mzpk1xjs!19sChIJ12oMqPbjxUcRxNhpK7P1g_E?authuser=0&hl=nl&rclk=1,Telefoon: 020 308 6222,public relations Amsterdam
GBE Creative Agency Amsterdam,amsterdam@gbecreativeagency.com,https://www.gbecreativeagency.com/,https://www.google.com/maps/place/GBE+Creative+Agency+Amsterdam/data=!4m7!3m6!1s0x47c5b721485929bb:0x3de978779d7b3bd3!8m2!3d52.3608054!4d4.9074769!16s%2Fg%2F1tfcsdhk!19sChIJuylZSCG3xUcR0zt7nXd46T0?authuser=0&hl=nl&rclk=1,Telefoon: 020 244 6879,public relations Amsterdam
ALEGRA COLLECTIVE,INFO@ALEGRACOLLECTIVE.COM,https://alegracollective.com/,https://www.google.com/maps/place/ALEGRA+COLLECTIVE/data=!4m7!3m6!1s0x47c6090bc8a4c061:0xdbd0edbcecd3af15!8m2!3d52.3768897!4d4.8868995!16s%2Fg%2F11xt5ykkp_!19sChIJYcCkyAsJxkcRFa_T7Lzt0Ns?authuser=0&hl=nl&rclk=1,,public relations Amsterdam
technikPR,info@technikpr.com,https://www.technikpr.com/contact/,https://www.google.com/maps/place/technikPR/data=!4m7!3m6!1s0x47c609e3fb300001:0xf4d27f6d12a18d9e!8m2!3d52.3617942!4d4.8729764!16s%2Fg%2F11hyzy8cwh!19sChIJAQAw--MJxkcRno2hEm1_0vQ?authuser=0&hl=nl&rclk=1,Telefoon: 020 808 1071,public relations Amsterdam
Socials Matter,info@socialsmatter.com,https://socialsmatter.com/,https://www.google.com/maps/place/Socials+Matter/data=!4m7!3m6!1s0x47c6096c388b9179:0x810cc6d29fca18a!8m2!3d52.3690456!4d4.8882936!16s%2Fg%2F11sbfmvv6y!19sChIJeZGLOGwJxkcRiqH8KW3MEAg?authuser=0&hl=nl&rclk=1,Telefoon: 06 84757334,public relations Amsterdam
Faselis,,http://www.faselis.com/,https://www.google.com/maps/place/Faselis/data=!4m7!3m6!1s0x47c609ecc2178761:0xe9075890e57aadc5!8m2!3d52.3597684!4d4.891746!16s%2Fg%2F11c0v9x009!19sChIJYYcXwuwJxkcRxa165ZBYB-k?authuser=0&hl=nl&rclk=1,Telefoon: 020 505 0162,public relations Amsterdam
En Serio | a B Corp,info@enserio.nl,https://www.enserio.nl/,https://www.google.com/maps/place/En+Serio+%7C+a+B+Corp/data=!4m7!3m6!1s0x47c6084e50546bb1:0x9fb8824703a7b3ac!8m2!3d52.3562992!4d4.8444317!16s%2Fg%2F12lkdgtvj!19sChIJsWtUUE4IxkcRrLOnA0eCuJ8?authuser=0&hl=nl&rclk=1,Telefoon: 020 658 9522,public relations Amsterdam
Castro,castro@castro.amsterdam,https://www.castro.amsterdam/,https://www.google.com/maps/place/Castro/data=!4m7!3m6!1s0x47c60b936a3ab817:0x646761e5a067028c!8m2!3d52.3703435!4d4.9295686!16s%2Fg%2F11fmdkwp30!19sChIJF7g6apMLxkcRjAJnoOVhZ2Q?authuser=0&hl=nl&rclk=1,Telefoon: 020 214 2138,public relations Amsterdam
Undeveloped BV,,,https://www.google.com/maps/place/Undeveloped+BV/data=!4m7!3m6!1s0x47c60981fef90975:0x53c010cd2a545493!8m2!3d52.3495282!4d4.9178316!16s%2Fg%2F11f6l9fdnh!19sChIJdQn5_oEJxkcRk1RUKs0QwFM?authuser=0&hl=nl&rclk=1,Telefoon: +1 737-218-6046,news agency Amsterdam
Basserk,,https://www.basserk.com/,https://www.google.com/maps/place/Basserk/data=!4m7!3m6!1s0x47c5e20ad52b73a3:0xa57b634eba13fcca!8m2!3d52.368037!4d4.8650812!16s%2Fg%2F1td4nx00!19sChIJo3Mr1QrixUcRyvwTuk5je6U?authuser=0&hl=nl&rclk=1,Telefoon: 06 14663774,news agency Amsterdam
NDP Nieuwsmedia,info@ndpnieuwsmedia.nl,https://www.ndpnieuwsmedia.nl/?utm_source=gmb&utm_medium=organic&utm_campaign=gmb-website,https://www.google.com/maps/place/NDP+Nieuwsmedia/data=!4m7!3m6!1s0x47c60b9c86c138d5:0xc9ac900ddd3ed62!8m2!3d52.3768521!4d4.9220382!16s%2Fg%2F11c2pmh61f!19sChIJ1TjBhpwLxkcRYu3T3QDJmgw?authuser=0&hl=nl&rclk=1,Telefoon: 020 211 7148,news agency Amsterdam
New Amsterdam Media and Publishing B.V. i.o.,,,https://www.google.com/maps/place/New+Amsterdam+Media+and+Publishing+B.V.+i.o./data=!4m7!3m6!1s0x47c5e16280b6c567:0x5a789ef27d6de364!8m2!3d52.3490354!4d4.7951808!16s%2Fg%2F11btmbs3yt!19sChIJZ8W2gGLhxUcRZONtffKeeFo?authuser=0&hl=nl&rclk=1,Telefoon: 020 691 2217,news agency Amsterdam
BNR Nieuwsradio 📻,reactie@bnr.nl,http://www.bnr.nl/,https://www.google.com/maps/place/BNR+Nieuwsradio+%F0%9F%93%BB/data=!4m7!3m6!1s0x47c60981e79288df:0xac36fd96eb95c30a!8m2!3d52.348774!4d4.9188559!16s%2Fg%2F1tct7y0w!19sChIJ34iS54EJxkcRCsOV65b9Nqw?authuser=0&hl=nl&rclk=1,Telefoon: 020 592 8500,news agency Amsterdam
NewsLab,info@newslab.nl,http://www.newslab.nl/,https://www.google.com/maps/place/NewsLab/data=!4m7!3m6!1s0x47c5e1f176e1a1ad:0x348d8307bfdb4da0!8m2!3d52.3394634!4d4.8442797!16s%2Fg%2F1tdb80jq!19sChIJraHhdvHhxUcRoE3bvweDjTQ?authuser=0&hl=nl&rclk=1,Telefoon: 06 52366767,news agency Amsterdam
Home Agency,hello@home.agency,http://www.home.agency/,https://www.google.com/maps/place/Home+Agency/data=!4m7!3m6!1s0x47c609c405c59e4b:0x892450ace28ac1b1!8m2!3d52.3891649!4d4.8905761!16s%2Fg%2F11bx2lb43c!19sChIJS57FBcQJxkcRscGK4qxQJIk?authuser=0&hl=nl&rclk=1,Telefoon: 020 233 8564,news agency Amsterdam
Kingdom of Something,roundtable@kingdomofsomething.com,http://www.kingdomofsomething.com/,https://www.google.com/maps/place/Kingdom+of+Something/data=!4m7!3m6!1s0x47c6094fabf6db1d:0xea4d7ec9c9972723!8m2!3d52.36309!4d4.8621311!16s%2Fg%2F11fkq1c790!19sChIJHdv2q08JxkcRIyeXycl-Teo?authuser=0&hl=nl&rclk=1,Telefoon: 06 29518981,news agency Amsterdam
DFFRNT Media B.V.,info@dffrntmedia.com,http://www.dffrntmedia.com/,https://www.google.com/maps/place/DFFRNT+Media+B.V./data=!4m7!3m6!1s0x47c5e1bd4f43f37b:0xbe2d990f0f42ca7d!8m2!3d52.3407865!4d4.8589202!16s%2Fg%2F11gywwzbs9!19sChIJe_NDT73hxUcRfcpCDw-ZLb4?authuser=0&hl=nl&rclk=1,Telefoon: 020 280 2400,news agency Amsterdam
Loudonliving,,http://www.loudonliving.nl/,https://www.google.com/maps/place/Loudonliving/data=!4m7!3m6!1s0x47c609c32c374df5:0xcef2f2225fa913ce!8m2!3d52.3703428!4d4.8822266!16s%2Fg%2F11dfh2pqm0!19sChIJ9U03LMMJxkcRzhOpXyLy8s4?authuser=0&hl=nl&rclk=1,Telefoon: 070 511 1075,news agency Amsterdam
Newspectives,,https://www.newspectives.com/,https://www.google.com/maps/place/Newspectives/data=!4m7!3m6!1s0x47c60a2965715ba7:0xe2cf594ce05bb3a1!8m2!3d52.3564239!4d4.9249835!16s%2Fg%2F1th09mww!19sChIJp1txZSkKxkcRobNb4ExZz-I?authuser=0&hl=nl&rclk=1,,news agency Amsterdam
OnBrand,,https://onbrand.me/,https://www.google.com/maps/place/OnBrand/data=!4m7!3m6!1s0x47c609e8d0907afb:0xa27a064e41aeccf7!8m2!3d52.3636672!4d4.8775854!16s%2Fg%2F11crzrggdr!19sChIJ-3qQ0OgJxkcR98yuQU4GeqI?authuser=0&hl=nl&rclk=1,Telefoon: 020 820 3740,news agency Amsterdam
Nieuwsblieb,,,https://www.google.com/maps/place/Nieuwsblieb/data=!4m7!3m6!1s0x47c5e20f4d5f3ee1:0xf240fc76cad69329!8m2!3d52.358113!4d4.8596646!16s%2Fg%2F11g9jhpx1j!19sChIJ4T5fTQ_ixUcRKZPWynb8QPI?authuser=0&hl=nl&rclk=1,Telefoon: 020 618 6177,news agency Amsterdam
YP Housing,info@yphousing.nl,http://www.yphousing.nl/,https://www.google.com/maps/place/YP+Housing/data=!4m7!3m6!1s0x47c609f59b848ae7:0x1e3dc54497f90043!8m2!3d52.3753623!4d4.8855231!16s%2Fg%2F1tdykdn3!19sChIJ54qEm_UJxkcRQwD5l0TFPR4?authuser=0&hl=nl&rclk=1,Telefoon: 020 208 9904,news agency Amsterdam
SkyNRG BV | SAF,,https://skynrg.com/,https://www.google.com/maps/place/SkyNRG+BV+%7C+SAF/data=!4m7!3m6!1s0x47c6099198d63fbb:0x5f1040ee6ca3cf63!8m2!3d52.3715355!4d4.9003721!16s%2Fg%2F11btltn32q!19sChIJuz_WmJEJxkcRY8-jbO5AEF8?authuser=0&hl=nl&rclk=1,,news agency Amsterdam
M2|OC Formula For Growth,contact@stroom.com,http://www.m2oc.com/,https://www.google.com/maps/place/M2%7COC+Formula+For+Growth/data=!4m7!3m6!1s0x47c66b5fa3f0d88f:0x9fdc57a54fd8f422!8m2!3d52.385046!4d4.9294214!16s%2Fg%2F1hc5pndy_!19sChIJj9jwo19rxkcRIvTYT6VX3J8?authuser=0&hl=nl&rclk=1,Telefoon: 085 018 4620,news agency Amsterdam
Uitgeverij Luitingh- Sijthoff B.V.,info@lsuitgeverij.nl,http://www.lsamsterdam.nl/,https://www.google.com/maps/place/Uitgeverij+Luitingh-+Sijthoff+B.V./data=!4m7!3m6!1s0x47c609e8764f09cf:0xbada1445db34bb6c!8m2!3d52.3638127!4d4.9068009!16s%2Fg%2F1tc__p8c!19sChIJzwlPdugJxkcRbLs020UU2ro?authuser=0&hl=nl&rclk=1,Telefoon: 020 530 7340,news agency Amsterdam
Esther Wouters,,http://ewouters.nl/,https://www.google.com/maps/place/Esther+Wouters/data=!4m7!3m6!1s0x47c6082b4b75b507:0xe835523bd86058ca!8m2!3d52.3889151!4d4.8772086!16s%2Fg%2F11d_z86yw3!19sChIJB7V1SysIxkcRylhg2DtSNeg?authuser=0&hl=nl&rclk=1,Telefoon: 06 16210383,news agency Amsterdam
Frans Verhagen,frans@meiguo.nl,https://www.meiguo.nl/,https://www.google.com/maps/place/Frans+Verhagen/data=!4m7!3m6!1s0x47c5e21acc095297:0x6b791471a80c2976!8m2!3d52.3560389!4d4.8524918!16s%2Fg%2F11b6dg9y99!19sChIJl1IJzBrixUcRdikMqHEUeWs?authuser=0&hl=nl&rclk=1,Telefoon: 020 614 2840,news agency Amsterdam
The Next Chapter Agency,ymke@thenextchapteragency.com,https://www.thenextchapteragency.com/,https://www.google.com/maps/place/The+Next+Chapter+Agency/data=!4m7!3m6!1s0x47c6096483bcae89:0xfce1138c7000b542!8m2!3d52.3850146!4d4.8876052!16s%2Fg%2F11h8k01rqp!19sChIJia68g2QJxkcRQrUAcIwT4fw?authuser=0&hl=nl&rclk=1,,news agency Amsterdam
ukbroadcastnews,info@ubcn.com,https://ukbroadcastnews.com/,https://www.google.com/maps/place/ukbroadcastnews/data=!4m7!3m6!1s0x47c60b98948fe6e9:0x9c004540f1bc6615!8m2!3d52.3400774!4d4.8741025!16s%2Fg%2F11ms0ysly_!19sChIJ6eaPlJgLxkcRFWa88UBFAJw?authuser=0&hl=nl&rclk=1,Telefoon: 0970 102 22031,news agency Amsterdam
Heincommunicatie,info@heincommunicatie.nl,http://heincommunicatie.nl/?page_id=45,https://www.google.com/maps/place/Heincommunicatie/data=!4m7!3m6!1s0x47c609c5e78c0001:0x335ed045df03b4b2!8m2!3d52.376289!4d4.8888948!16s%2Fg%2F11h4bsjn6b!19sChIJAQCM58UJxkcRsrQD30XQXjM?authuser=0&hl=nl&rclk=1,Telefoon: 06 24770067,news agency Amsterdam
Interjanet,,,https://www.google.com/maps/place/Interjanet/data=!4m7!3m6!1s0x47c5e209bab5ec43:0x4927d3d788d4715d!8m2!3d52.3606733!4d4.8644797!16s%2Fg%2F11c5_nxgsn!19sChIJQ-y1ugnixUcRXXHUiNfTJ0k?authuser=0&hl=nl&rclk=1,Telefoon: 06 24750964,news agency Amsterdam
GlobalPETS (& PETS International magazine),info@globalpetindustry.com,http://www.globalpetindustry.com/,https://www.google.com/maps/place/GlobalPETS+%28%26+PETS+International+magazine%29/data=!4m7!3m6!1s0x47c644019cb428f1:0xe61d95ccead76c6b!8m2!3d52.3549028!4d4.9367301!16s%2Fg%2F1tdq0b90!19sChIJ8Si0nAFExkcRa2zX6syVHeY?authuser=0&hl=nl&rclk=1,Telefoon: 033 422 5833,news agency Amsterdam
Atlantis Press,contact@atlantis-press.com,https://www.atlantis-press.com/,https://www.google.com/maps/place/Atlantis+Press/data=!4m7!3m6!1s0x47c6098ad709cff1:0xd16796a5e68cf283!8m2!3d52.3478417!4d4.8920403!16s%2Fg%2F1tlqp5kj!19sChIJ8c8J14oJxkcRg_KM5qWWZ9E?authuser=0&hl=nl&rclk=1,Telefoon: 020 419 2118,news agency Amsterdam
Congreskrant,roy@congreskrant.nl,http://congreskrant.nl/,https://www.google.com/maps/place/Congreskrant/data=!4m7!3m6!1s0x47c6099e6e29170f:0x7acd642baa4ad29b!8m2!3d52.3610752!4d4.9178631!16s%2Fg%2F11c2kj1r_z!19sChIJDxcpbp4JxkcRm9JKqitkzXo?authuser=0&hl=nl&rclk=1,Telefoon: 06 54230733,news agency Amsterdam
Gazette,martijn@gazette.nl,https://www.gazette.nl/,https://www.google.com/maps/place/Gazette/data=!4m7!3m6!1s0x47c609ea82d6c2df:0xed90abee11c31243!8m2!3d52.3489302!4d4.9169127!16s%2Fg%2F1q6jhjq7h!19sChIJ38LWguoJxkcRQxLDEe6rkO0?authuser=0&hl=nl&rclk=1,Telefoon: 085 401 7175,news agency Amsterdam
Alarmeringen,,https://alarmeringen.nl/,https://www.google.com/maps/place/Alarmeringen/data=!4m7!3m6!1s0x47c66c65b57cbb07:0x7b01638084692a1!8m2!3d52.3712526!4d4.9276215!16s%2Fg%2F1tfkvj95!19sChIJB7t8tWVsxkcRoZJGCDgWsAc?authuser=0&hl=nl&rclk=1,,news agency Amsterdam
Settly,,https://www.getsettly.com/,https://www.google.com/maps/place/Settly/data=!4m7!3m6!1s0x47c5e389607e3351:0xe4bb32a99668920d!8m2!3d52.3671966!4d4.8762249!16s%2Fg%2F11t2vncsrh!19sChIJUTN-YInjxUcRDZJolqkyu-Q?authuser=0&hl=nl&rclk=1,,news agency Amsterdam
Nieuws in de klas,info@nieuwsindeklas.nl,http://www.nieuwsindeklas.nl/,https://www.google.com/maps/place/Nieuws+in+de+klas/data=!4m7!3m6!1s0x47c60b9c86c138d3:0x6533165aeefdb6c5!8m2!3d52.3768521!4d4.9220382!16s%2Fg%2F1tq8hrvh!19sChIJ0zjBhpwLxkcRxbb97loWM2U?authuser=0&hl=nl&rclk=1,Telefoon: 020 430 9190,news agency Amsterdam
Persbureau Heitink,info@persbureau-heitink.nl,http://www.persbureau-heitink.nl/,https://www.google.com/maps/place/Persbureau+Heitink/data=!4m7!3m6!1s0x47c7a3026d972da9:0xefe1e13bbf4be619!8m2!3d52.3562185!4d4.8836761!16s%2Fg%2F11b6dqfddq!19sChIJqS2XbQKjx0cRGeZLvzvh4e8?authuser=0&hl=nl&rclk=1,Telefoon: 06 39502101,news agency Amsterdam
RELEASEMAG,,https://www.releasemag.net/,https://www.google.com/maps/place/RELEASEMAG/data=!4m7!3m6!1s0x47c68275301ca9e3:0xd721efc9742c8d21!8m2!3d52.3732863!4d4.8937721!16s%2Fg%2F11bwl3mxlb!19sChIJ46kcMHWCxkcRIY0sdMnvIdc?authuser=0&hl=nl&rclk=1,,news agency Amsterdam
RELUCT STUDIOS,joost@reluct.com,http://www.reluct.com/,https://www.google.com/maps/place/RELUCT+STUDIOS/data=!4m7!3m6!1s0x47c609db7c0659df:0x18368d5d9f451712!8m2!3d52.372945!4d4.879536!16s%2Fg%2F1yh4j0zdv!19sChIJ31kGfNsJxkcREhdFn12NNhg?authuser=0&hl=nl&rclk=1,Telefoon: 06 47320725,news agency Amsterdam
Luxury 4 Life PR,,,https://www.google.com/maps/place/Luxury+4+Life+PR/data=!4m7!3m6!1s0x47c609c5037362a5:0xbc7d966e4d126894!8m2!3d52.3694298!4d4.8850106!16s%2Fg%2F11cnzpgngt!19sChIJpWJzA8UJxkcRlGgSTW6Wfbw?authuser=0&hl=nl&rclk=1,Telefoon: 06 26686929,news agency Amsterdam
Out Amsterdam,email@email.com,https://www.out-amsterdam.nl/,https://www.google.com/maps/place/Out+Amsterdam/data=!4m7!3m6!1s0x47c609f3d10ab357:0xc93af450f1272971!8m2!3d52.3532884!4d4.8861526!16s%2Fg%2F11j2yq0n5v!19sChIJV7MK0fMJxkcRcSkn8VD0Osk?authuser=0&hl=nl&rclk=1,,news agency Amsterdam
Bloomberg News,,http://www.bloomberg.com/,https://www.google.com/maps/place/Bloomberg+News/data=!4m7!3m6!1s0x47c609e8ac770d7b:0xa1e2cc5c25110c66!8m2!3d52.3621924!4d4.8806498!16s%2Fg%2F1vr1vvd9!19sChIJew13rOgJxkcRZgwRJVzM4qE?authuser=0&hl=nl&rclk=1,Telefoon: 020 589 8500,news agency Amsterdam
The Next Speaker,info@thenextspeaker.com,http://thenextspeaker.com/,https://www.google.com/maps/place/The+Next+Speaker/data=!4m7!3m6!1s0x47c6099769b78b41:0x3c7880530f6fde3e!8m2!3d52.3721708!4d4.9155344!16s%2Fg%2F1wk6yzd7!19sChIJQYu3aZcJxkcRPt5vD1OAeDw?authuser=0&hl=nl&rclk=1,Telefoon: 020 820 2131,news agency Amsterdam
Proceslijn,contact@proceslijn.nl,https://proceslijn.nl/,https://www.google.com/maps/place/Proceslijn/data=!4m7!3m6!1s0x47c5e1158c923695:0xc4454ad172a3e0fb!8m2!3d52.3431327!4d4.8291255!16s%2Fg%2F11zjx1p96t!19sChIJlTaSjBXhxUcR--CjctFKRcQ?authuser=0&hl=nl&rclk=1,Telefoon: 020 233 9175,news agency Amsterdam
PsychNewsDaily,,,https://www.google.com/maps/place/PsychNewsDaily/data=!4m7!3m6!1s0x47c60940bcee6035:0xa1c64b4165228979!8m2!3d52.3727744!4d4.8973271!16s%2Fg%2F11q37jqnxv!19sChIJNWDuvEAJxkcReYkiZUFLxqE?authuser=0&hl=nl&rclk=1,Telefoon: 06 46620822,news agency Amsterdam
BodyArmorNews B.V.,,https://www.bodyarmornews.com/,https://www.google.com/maps/place/BodyArmorNews+B.V./data=!4m7!3m6!1s0x47c609a278e22a7d:0x951cb71f8f9cee5f!8m2!3d52.3730434!4d4.8882415!16s%2Fg%2F1vg6syjy!19sChIJfSrieKIJxkcRX-6cjx-3HJU?authuser=0&hl=nl&rclk=1,Telefoon: 06 12624803,news agency Amsterdam
Vostradamus,,http://www.vostradamus.nl/,https://www.google.com/maps/place/Vostradamus/data=!4m7!3m6!1s0x47c6084a2ea28eb7:0xe1403c231d98e0bf!8m2!3d52.385046!4d4.9294214!16s%2Fg%2F11c563v_qz!19sChIJt46iLkoIxkcRv-CYHSM8QOE?authuser=0&hl=nl&rclk=1,Telefoon: 020 765 1500,news agency Amsterdam
Everyone.org,support@everyone.org,http://everyone.org/,https://www.google.com/maps/place/Everyone.org/data=!4m7!3m6!1s0x47c609c283012475:0x1032ba161b128ed1!8m2!3d52.3697659!4d4.8864589!16s%2Fg%2F11c5821p4s!19sChIJdSQBg8IJxkcR0Y4SGxa6MhA?authuser=0&hl=nl&rclk=1,Telefoon: 020 808 4414,news agency Amsterdam
[Tkst & Meer],,http://www.tkstenmeer.nl/,https://www.google.com/maps/place/%5BTkst+%26+Meer%5D/data=!4m7!3m6!1s0x47c60992be3620c5:0x4e99583aaae42421!8m2!3d52.3572903!4d4.8944376!16s%2Fg%2F1tgj806v!19sChIJxSA2vpIJxkcRISTkqjpYmU4?authuser=0&hl=nl&rclk=1,Telefoon: 06 24601082,news agency Amsterdam
Sizzer B.V.,info@sizzer.nl,http://www.sizzer.nl/,https://www.google.com/maps/place/Sizzer+B.V./data=!4m7!3m6!1s0x47c609ced80e7427:0x58326b4389540409!8m2!3d52.3844129!4d4.9209581!16s%2Fg%2F1tlncmzw!19sChIJJ3QO2M4JxkcRCQRUiUNrMlg?authuser=0&hl=nl&rclk=1,Telefoon: 020 488 2067,news agency Amsterdam
XXS AMSTERDAM,,http://xxs.amsterdam/,https://www.google.com/maps/place/XXS+AMSTERDAM/data=!4m7!3m6!1s0x47c5e1aea78603db:0x89d558ba77c8700d!8m2!3d52.3850237!4d4.9291989!16s%2Fg%2F1tgprtdk!19sChIJ2wOGp67hxUcRDXDId7pY1Yk?authuser=0&hl=nl&rclk=1,Telefoon: 085 018 4640,news agency Amsterdam
HTNK International,info@htnkinternational.com,http://www.htnk.nl/,https://www.google.com/maps/place/HTNK+International/data=!4m7!3m6!1s0x47c609bf35af1775:0x3e5cc99375ac7c2a!8m2!3d52.3716993!4d4.8973097!16s%2Fg%2F1wg5x63p!19sChIJdRevNb8JxkcRKnysdZPJXD4?authuser=0&hl=nl&rclk=1,Telefoon: 020 421 1577,news agency Amsterdam
Anne-Rose Mater-Bantzinger,,http://anne-rosebantzinger.nl/,https://www.google.com/maps/place/Anne-Rose+Mater-Bantzinger/data=!4m7!3m6!1s0x47c609c884f5b195:0x5c23f0c97abb07c!8m2!3d52.3778806!4d4.892565!16s%2Fg%2F11csjhjbh9!19sChIJlbH1hMgJxkcRfLCrlww_wgU?authuser=0&hl=nl&rclk=1,Telefoon: 020 622 8077,news agency Amsterdam
AGE Media,info@ageofmedia.net,https://www.agemedia.net/,https://www.google.com/maps/place/AGE+Media/data=!4m7!3m6!1s0x47c6098bbc3664c3:0x738f871c082e6a7!8m2!3d52.3839175!4d4.9024846!16s%2Fg%2F11j3vh5_r5!19sChIJw2Q2vIsJxkcRp-aCwHH4OAc?authuser=0&hl=nl&rclk=1,Telefoon: 06 38822945,news agency Amsterdam
Omnicom Group,infoNL@omnicomprgroup.com,http://www.omnicomprgroup.nl/,https://www.google.com/maps/place/Omnicom+Group/data=!4m7!3m6!1s0x47c60a6973319957:0x6eb23444e1b41eaa!8m2!3d52.3429914!4d4.8465364!16s%2Fg%2F11d_tq3561!19sChIJV5kxc2kKxkcRqh604UQ0sm4?authuser=0&hl=nl&rclk=1,Telefoon: 020 406 5930,news agency Amsterdam
MyChannels,,,https://www.google.com/maps/place/MyChannels/data=!4m7!3m6!1s0x47c609943938d4ef:0x2b0940cbe163a616!8m2!3d52.3712457!4d4.9278071!16s%2Fg%2F11bw5zn_qc!19sChIJ79Q4OZQJxkcRFqZj4ctACSs?authuser=0&hl=nl&rclk=1,Telefoon: 020 562 9090,news agency Amsterdam
Follow the Money B.V.,,http://www.ftm.nl/,https://www.google.com/maps/place/Follow+the+Money+B.V./data=!4m7!3m6!1s0x47c609e3e35d48f7:0x5e098de9b2eddd33!8m2!3d52.3613388!4d4.8705375!16s%2Fg%2F11gxjt7hjj!19sChIJ90hd4-MJxkcRM93tsumNCV4?authuser=0&hl=nl&rclk=1,Telefoon: 085 303 2850,news agency Amsterdam
CANDID,,http://www.candidplatform.com/,https://www.google.com/maps/place/CANDID/data=!4m7!3m6!1s0x47c60849782b062d:0xfb0e01929a89254d!8m2!3d52.403124!4d4.8879928!16s%2Fg%2F11clv945kb!19sChIJLQYreEkIxkcRTSWJmpIBDvs?authuser=0&hl=nl&rclk=1,Telefoon: 085 018 4600,news agency Amsterdam
ASD Media BV,info@asdmedia.nl,https://www.asdmedia.nl/,https://www.google.com/maps/place/ASD+Media+BV/data=!4m7!3m6!1s0x47c60907f98254c5:0x360578eec265bb69!8m2!3d52.3765498!4d4.9244181!16s%2Fg%2F1tj840z7!19sChIJxVSC-QcJxkcRabtlwu54BTY?authuser=0&hl=nl&rclk=1,Telefoon: 020 486 7590,news agency Amsterdam
Producthero,support@producthero.com,https://producthero.com/,https://www.google.com/maps/place/Producthero/data=!4m7!3m6!1s0x47c609edb1095555:0x60f155c9f914e2a3!8m2!3d52.358498!4d4.8887052!16s%2Fg%2F11fnwh4_nx!19sChIJVVUJse0JxkcRo-IU-clV8WA?authuser=0&hl=nl&rclk=1,Telefoon: 020 358 6565,news agency Amsterdam
Nederlandse Vereniging van Journalisten,,http://www.nvj.nl/,https://www.google.com/maps/place/Nederlandse+Vereniging+van+Journalisten/data=!4m7!3m6!1s0x47c609f1d9814e57:0x6e6c178264125086!8m2!3d52.356159!4d4.883734!16s%2Fg%2F1vqmhkmr!19sChIJV06B2fEJxkcRhlASZIIXbG4?authuser=0&hl=nl&rclk=1,Telefoon: 020 303 9700,news agency Amsterdam
Europees Geneesmiddelenbureau,p-pv-emerging-safety-issue@ema.europa.eu,https://www.ema.europa.eu/,https://www.google.com/maps/place/Europees+Geneesmiddelenbureau/data=!4m7!3m6!1s0x47c60a19a2e64831:0xbfb7720885cc6260!8m2!3d52.3371693!4d4.8863522!16s%2Fg%2F11f_zk348q!19sChIJMUjmohkKxkcRYGLMhQhyt78?authuser=0&hl=nl&rclk=1,Telefoon: 088 781 6000,news agency Amsterdam
DolfijnGO.com,info@dolfijnfm.com,http://www.dolfijngo.com/,https://www.google.com/maps/place/DolfijnGO.com/data=!4m7!3m6!1s0x47c60997eb086ea9:0x2152a412934399ce!8m2!3d52.365026!4d4.9060926!16s%2Fg%2F11d_26fpf4!19sChIJqW4I65cJxkcRzplDkxKkUiE?authuser=0&hl=nl&rclk=1,,news agency Amsterdam
Europe Real Estate (Real Estate Publishers),info@europe-re.com,http://europe-re.com/,https://www.google.com/maps/place/Europe+Real+Estate+%28Real+Estate+Publishers%29/data=!4m7!3m6!1s0x47c5e260e76f8109:0xa3633c78c77e995!8m2!3d52.3654283!4d4.8851573!16s%2Fg%2F1hhxhnk0g!19sChIJCYFv52DixUcRlel3jMczNgo?authuser=0&hl=nl&rclk=1,Telefoon: 020 655 8855,news agency Amsterdam
Copernica,info@copernica.com,https://www.copernica.com/,https://www.google.com/maps/place/Copernica/data=!4m7!3m6!1s0x47c5ef145f4478d7:0x8e6f948c1b69b9f7!8m2!3d52.3777935!4d4.9057759!16s%2Fg%2F1tg2jw78!19sChIJ13hEXxTvxUcR97lpG4yUb44?authuser=0&hl=nl&rclk=1,Telefoon: 020 520 6190,news agency Amsterdam
Studio Goudswaard,,http://www.studiogoudswaard.com/,https://www.google.com/maps/place/Studio+Goudswaard/data=!4m7!3m6!1s0x47c5e21d09a15421:0x44da4ad0bba28175!8m2!3d52.3751386!4d4.9136368!16s%2Fg%2F1ptz0f_x3!19sChIJIVShCR3ixUcRdYGiu9BK2kQ?authuser=0&hl=nl&rclk=1,Telefoon: 06 29128748,news agency Amsterdam
Thomson Reuters Holdings BV,,http://www.reuters.com/,https://www.google.com/maps/place/Thomson+Reuters+Holdings+BV/data=!4m7!3m6!1s0x47c60a19c8c5d99d:0x4f84c0829a2c1d5d!8m2!3d52.3499368!4d4.8729233!16s%2Fg%2F1tfb15m7!19sChIJndnFyBkKxkcRXR0smoLAhE8?authuser=0&hl=nl&rclk=1,,news agency Amsterdam
Advidi,info@advidi.com,http://www.advidi.com/,https://www.google.com/maps/place/Advidi/data=!4m7!3m6!1s0x47c609c878226177:0x5536da8692d3aea1!8m2!3d52.3841424!4d4.8688248!16s%2Fg%2F12hngpy2z!19sChIJd2EieMgJxkcRoa7TkobaNlU?authuser=0&hl=nl&rclk=1,,news agency Amsterdam
AT5,,http://www.at5.nl/,https://www.google.com/maps/place/AT5/data=!4m7!3m6!1s0x47c60995371e3933:0x50f58efcb7962ea8!8m2!3d52.3758334!4d4.9083894!16s%2Fg%2F1tlzzcl2!19sChIJMzkeN5UJxkcRqC6Wt_yO9VA?authuser=0&hl=nl&rclk=1,Telefoon: 020 555 1111,news agency Amsterdam
Krista Kroon,krista@kroontekst.nl,http://kroontekst.nl/,https://www.google.com/maps/place/Krista+Kroon/data=!4m7!3m6!1s0x47c609dcf4f40725:0x6b0e788a76f5323b!8m2!3d52.3711938!4d4.8790195!16s%2Fg%2F11g8764s02!19sChIJJQf09NwJxkcROzL1dop4Dms?authuser=0&hl=nl&rclk=1,Telefoon: 020 737 0664,news agency Amsterdam
Framer B.V.,abuse@framer.com,https://www.framer.com/,https://www.google.com/maps/place/Framer+B.V./data=!4m7!3m6!1s0x47c609c3d25f68b5:0x9cb1e1dd51d96586!8m2!3d52.372435!4d4.877478!16s%2Fg%2F11b87xc2sc!19sChIJtWhf0sMJxkcRhmXZUd3hsZw?authuser=0&hl=nl&rclk=1,,news agency Amsterdam
Nederland Dot TV B.V.,,http://www.nederland.tv/,https://www.google.com/maps/place/Nederland+Dot+TV+B.V./data=!4m7!3m6!1s0x47c609c8bd723c5d:0xa4bf1fc5843410ef!8m2!3d52.3782206!4d4.8915644!16s%2Fg%2F1tc_q6b8!19sChIJXTxyvcgJxkcR7xA0hMUfv6Q?authuser=0&hl=nl&rclk=1,Telefoon: 020 622 8644,news agency Amsterdam
Us Media B.V.,info@usmedia.nl,https://www.usmedia.nl/,https://www.google.com/maps/place/Us+Media+B.V./data=!4m7!3m6!1s0x47c60827cfd56855:0x3aa8218127bfd1a0!8m2!3d52.4009546!4d4.8758853!16s%2Fg%2F1wk6yzbx!19sChIJVWjVzycIxkcRoNG_J4EhqDo?authuser=0&hl=nl&rclk=1,Telefoon: 020 428 6868,news agency Amsterdam
Zeppers Film & TV B.V.,info@zeppers.nl,https://zeppers.nl/,https://www.google.com/maps/place/Zeppers+Film+%26+TV+B.V./data=!4m7!3m6!1s0x47c609fdb9354941:0x7268c7d0efac449a!8m2!3d52.3490469!4d4.9132971!16s%2Fg%2F1tc_7wb6!19sChIJQUk1uf0JxkcRmkSs79DHaHI?authuser=0&hl=nl&rclk=1,Telefoon: 020 675 8594,news agency Amsterdam
S1.tv - Jongste zender van Nederland,,,https://www.google.com/maps/place/S1.tv+-+Jongste+zender+van+Nederland/data=!4m7!3m6!1s0x47c609e7ff894ad5:0xb0c09d1e2c84c737!8m2!3d52.3672528!4d4.8811596!16s%2Fg%2F11cjj7frmh!19sChIJ1UqJ_-cJxkcRN8eELB6dwLA?authuser=0&hl=nl&rclk=1,Telefoon: 020 754 2954,broadcast media Amsterdam
WINFORM Audio Visuele Media en Communicatie,,,https://www.google.com/maps/place/WINFORM+Audio+Visuele+Media+en+Communicatie/data=!4m7!3m6!1s0x47c609d87244cadf:0xf79efa4676f50099!8m2!3d52.3767453!4d4.8704242!16s%2Fg%2F1vhkjrhf!19sChIJ38pEctgJxkcRmQD1dkb6nvc?authuser=0&hl=nl&rclk=1,Telefoon: 06 28232012,broadcast media Amsterdam
Digicam,digicam@digicam.nl,https://digicam.nl/,https://www.google.com/maps/place/Digicam/data=!4m7!3m6!1s0x47c6090d65351199:0xc4905b8c812590e4!8m2!3d52.3733602!4d4.9054623!16s%2Fg%2F1vq9lh0w!19sChIJmRE1ZQ0JxkcR5JAlgYxbkMQ?authuser=0&hl=nl&rclk=1,Telefoon: 06 28950074,broadcast media Amsterdam
New Tree Media,hi@newtreemedia.nl,https://www.newtreemedia.nl/,https://www.google.com/maps/place/New+Tree+Media/data=!4m7!3m6!1s0x47c609c5ec4a7255:0x881af50281e5a97a!8m2!3d52.3658087!4d4.9075433!16s%2Fg%2F11y699x_7n!19sChIJVXJK7MUJxkcReqnlgQL1Gog?authuser=0&hl=nl&rclk=1,,broadcast media Amsterdam
Hello Radio,,https://dagvandevrouwen.nl/helloradio/,https://www.google.com/maps/place/Hello+Radio/data=!4m7!3m6!1s0x47c609047fc84c27:0x8b0c64203e6c4c82!8m2!3d52.3582135!4d4.8747294!16s%2Fg%2F11fmqbdr4h!19sChIJJ0zIfwQJxkcRgkxsPiBkDIs?authuser=0&hl=nl&rclk=1,Telefoon: 020 737 1393,broadcast media Amsterdam
Postoffice Amsterdam,boyo@postoffice.nl,http://www.postoffice.nl/,https://www.google.com/maps/place/Postoffice+Amsterdam/data=!4m7!3m6!1s0x47c5e20654b63223:0x75f646d46b689685!8m2!3d52.3704033!4d4.9247319!16s%2Fg%2F1263g22_q!19sChIJIzK2VAbixUcRhZZoa9RG9nU?authuser=0&hl=nl&rclk=1,Telefoon: 020 662 4745,broadcast media Amsterdam
Podcast Studio Amsterdam,info@spraakmaker.media,https://podcaststudio.amsterdam/,https://www.google.com/maps/place/Podcast+Studio+Amsterdam/data=!4m7!3m6!1s0x47c609fdc6053441:0x530aa7c484250873!8m2!3d52.3836992!4d4.8513061!16s%2Fg%2F11mvzcg_wp!19sChIJQTQFxv0JxkcRcwglhMSnClM?authuser=0&hl=nl&rclk=1,Telefoon: 020 211 7870,broadcast media Amsterdam
De Familie Film & TV,info@defamilie.net,http://www.defamilie.net/,https://www.google.com/maps/place/De+Familie+Film+%26+TV/data=!4m7!3m6!1s0x47c6098169315419:0xd8ccbc7950511529!8m2!3d52.3490518!4d4.9133161!16s%2Fg%2F1tyzy5k6!19sChIJGVQxaYEJxkcRKRVRUHm8zNg?authuser=0&hl=nl&rclk=1,Telefoon: 020 663 3303,broadcast media Amsterdam
Jazz de Ville BV,,http://jazzdeville.com/,https://www.google.com/maps/place/Jazz+de+Ville+BV/data=!4m7!3m6!1s0x47c609f70d189f6b:0xb0223aecfe13aed3!8m2!3d52.3671733!4d4.8868027!16s%2Fg%2F11hb6v0vzy!19sChIJa58YDfcJxkcR064T_uw6IrA?authuser=0&hl=nl&rclk=1,Telefoon: 06 29074434,broadcast media Amsterdam
Jean Mineur Mediavision B.V.,info@jeanmineurmediavision.nl,http://www.jeanmineurmediavision.nl/,https://www.google.com/maps/place/Jean+Mineur+Mediavision+B.V./data=!4m7!3m6!1s0x47c60a12602b5d65:0xa27e296b782d2c0e!8m2!3d52.327631!4d4.882123!16s%2Fg%2F1tcxcdbs!19sChIJZV0rYBIKxkcRDiwteGspfqI?authuser=0&hl=nl&rclk=1,Telefoon: 020 502 2388,broadcast media Amsterdam
PnP Media,coffee@pnpmedia.nl,http://www.pnpmedia.nl/,https://www.google.com/maps/place/PnP+Media/data=!4m7!3m6!1s0x47c609b60674c643:0xa90db9152ea9d857!8m2!3d52.3739745!4d4.9145275!16s%2Fg%2F11nmlvgck_!19sChIJQ8Z0BrYJxkcRV9ipLhW5Dak?authuser=0&hl=nl&rclk=1,Telefoon: 06 57277809,broadcast media Amsterdam
Hertz Media,,,https://www.google.com/maps/place/Hertz+Media/data=!4m7!3m6!1s0x47c5e20ca52e3a89:0xfc4c6018e20c8bfd!8m2!3d52.3673072!4d4.8607679!16s%2Fg%2F11cm0wx9b2!19sChIJiToupQzixUcR_YsM4hhgTPw?authuser=0&hl=nl&rclk=1,Telefoon: 06 41015726,broadcast media Amsterdam
ON A DAILY BASIS,jasper@odb.nl,https://www.odb.nl/,https://www.google.com/maps/place/ON+A+DAILY+BASIS/data=!4m7!3m6!1s0x47c60993449f4dd9:0x7da750ac528212da!8m2!3d52.3632894!4d4.8819404!16s%2Fg%2F11g7zzvsv1!19sChIJ2U2fRJMJxkcR2hKCUqxQp30?authuser=0&hl=nl&rclk=1,Telefoon: 020 770 1478,broadcast media Amsterdam
Talpa TV Productions B.V.,info@talpanetwork.com,https://talpanetwork.com/,https://www.google.com/maps/place/Talpa+TV+Productions+B.V./data=!4m7!3m6!1s0x47c6090f0c5bf26b:0x8317779de642a5ec!8m2!3d52.3741989!4d4.9318666!16s%2Fg%2F120ldj4r!19sChIJa_JbDA8JxkcR7KVC5p13F4M?authuser=0&hl=nl&rclk=1,Telefoon: 020 800 7000,broadcast media Amsterdam
Slim Radio,,http://slim.radio/,https://www.google.com/maps/place/Slim+Radio/data=!4m7!3m6!1s0x47c609c668a0a47f:0x40e9486d08f8d32b!8m2!3d52.394225!4d4.9093391!16s%2Fg%2F11sv3s377p!19sChIJf6SgaMYJxkcRK9P4CG1I6UA?authuser=0&hl=nl&rclk=1,,broadcast media Amsterdam
PolarEffect,,,https://www.google.com/maps/place/PolarEffect/data=!4m7!3m6!1s0x47c609828d533f2f:0x25c83be325400912!8m2!3d52.3667995!4d4.8875277!16s%2Fg%2F11h4ydh21t!19sChIJLz9TjYIJxkcREglAJeM7yCU?authuser=0&hl=nl&rclk=1,Telefoon: 06 27580440,broadcast media Amsterdam
Flinke Media,,http://www.flinkemedia.nl/,https://www.google.com/maps/place/Flinke+Media/data=!4m7!3m6!1s0x47c5ef4fafd48e73:0x77e420e096c69af!8m2!3d52.3630418!4d4.8907021!16s%2Fg%2F11s0tct6p5!19sChIJc47Ur0_vxUcRr2lsCQ5Cfgc?authuser=0&hl=nl&rclk=1,,broadcast media Amsterdam
Tuvalu Media,Minfo@tuvalu.nl,http://www.tuvalu.nl/,https://www.google.com/maps/place/Tuvalu+Media/data=!4m7!3m6!1s0x47c66b5a01c9df91:0xaa75c5987cb3c888!8m2!3d52.3994556!4d4.8717287!16s%2Fg%2F12hl084q3!19sChIJkd_JAVprxkcRiMizfJjFdao?authuser=0&hl=nl&rclk=1,Telefoon: 020 763 0063,broadcast media Amsterdam
Besties,hallo@mijnbesties.nl,http://mijnbesties.nl/,https://www.google.com/maps/place/Besties/data=!4m7!3m6!1s0x47c709bbd06914c1:0x58632b800919d839!8m2!3d52.3655471!4d4.8866374!16s%2Fg%2F11tjznhx2r!19sChIJwRRp0LsJx0cROdgZCYArY1g?authuser=0&hl=nl&rclk=1,Telefoon: 085 060 4292,broadcast media Amsterdam
KLOAQ audio design,info@kloaq.com,https://www.kloaq.com/,https://www.google.com/maps/place/KLOAQ+audio+design/data=!4m7!3m6!1s0x47c5e21f8a20d54b:0xb83cf86eb829ca1d!8m2!3d52.3681807!4d4.8683203!16s%2Fg%2F1tkb496m!19sChIJS9Ugih_ixUcRHcopuG74PLg?authuser=0&hl=nl&rclk=1,,broadcast media Amsterdam
Philip Klees Media / De Audio,info@deaudio.nl,http://www.deaudio.nl/,https://www.google.com/maps/place/Philip+Klees+Media+%2F+De+Audio/data=!4m7!3m6!1s0x47c6096de76ca4db:0x611b59b0b08ea005!8m2!3d52.4011!4d4.895506!16s%2Fg%2F1hc5qdv13!19sChIJ26Rs520JxkcRBaCOsLBZG2E?authuser=0&hl=nl&rclk=1,Telefoon: 06 52177077,broadcast media Amsterdam
Crimescene TV,,,https://www.google.com/maps/place/Crimescene+TV/data=!4m7!3m6!1s0x47c5e20db0170d9d:0xab6aa8d0a398d90b!8m2!3d52.3648649!4d4.8569598!16s%2Fg%2F11b723bb6d!19sChIJnQ0XsA3ixUcRC9mYo9Coaqs?authuser=0&hl=nl&rclk=1,Telefoon: 06 85506639,broadcast media Amsterdam
Asot Radio Studio,email%20to:info@armadamusic.com,http://armadamusic.com/,https://www.google.com/maps/place/Asot+Radio+Studio/data=!4m7!3m6!1s0x47c5e1f407eaaaab:0x77815e0b6f3093a6!8m2!3d52.3422293!4d4.8430544!16s%2Fg%2F11h50kjrv9!19sChIJq6rqB_ThxUcRppMwbwtegXc?authuser=0&hl=nl&rclk=1,Telefoon: +7 905 210-58-69,broadcast media Amsterdam
Monday Media Netherlands,info@mondaymedia.nl,http://mondaymedia.nl/,https://www.google.com/maps/place/Monday+Media+Netherlands/data=!4m7!3m6!1s0x47c66b5bb38c7bc9:0xf0748a3bf5e7971b!8m2!3d52.382649!4d4.920828!16s%2Fg%2F11c53rmm4_!19sChIJyXuMs1trxkcRG5fn9TuKdPA?authuser=0&hl=nl&rclk=1,Telefoon: 020 238 6060,broadcast media Amsterdam
Marije Schuurman Hess Radio- en Geluidsprodukties,,,https://www.google.com/maps/place/Marije+Schuurman+Hess+Radio-+en+Geluidsprodukties/data=!4m7!3m6!1s0x47c5e203406cbb7d:0x5dcffd0902c066b!8m2!3d52.3509871!4d4.8527911!16s%2Fg%2F1tnhxjdf!19sChIJfbtsQAPixUcRawYskND_3AU?authuser=0&hl=nl&rclk=1,Telefoon: 020 521 7177,broadcast media Amsterdam
Mals Media,info@malsmedia.com,http://www.malsmedia.com/,https://www.google.com/maps/place/Mals+Media/data=!4m7!3m6!1s0x47c609bc65258b3b:0xe5cf93c3f6dd8d56!8m2!3d52.370906!4d4.904595!16s%2Fg%2F11cjnp74__!19sChIJO4slZbwJxkcRVo3d9sOTz-U?authuser=0&hl=nl&rclk=1,Telefoon: 06 51024356,broadcast media Amsterdam
Bijker Film & TV,,,https://www.google.com/maps/place/Bijker+Film+%26+TV/data=!4m7!3m6!1s0x47c6084cdf2b4ae9:0xcb8ad8830b8a62df!8m2!3d52.3758962!4d4.8726617!16s%2Fg%2F1pycklcjz!19sChIJ6Uor30wIxkcR32KKC4PYiss?authuser=0&hl=nl&rclk=1,,broadcast media Amsterdam
Sunshine RADIO,kvogel@ggd.amsterdam.nl,https://radiosunshine.info/vredeskerk%20bericht-1.htm,https://www.google.com/maps/place/Sunshine+RADIO/data=!4m7!3m6!1s0x47c60999b93766c9:0x4f09a68da6cd0012!8m2!3d52.3624683!4d4.9090273!16s%2Fg%2F11h4brz8jj!19sChIJyWY3uZkJxkcREgDNpo2mCU8?authuser=0&hl=nl&rclk=1,Telefoon: 020 555 5581,broadcast media Amsterdam
Nederland.FM B.V.,info@nederland.fm,https://www.nederland.fm/,https://www.google.com/maps/place/Nederland.FM+B.V./data=!4m7!3m6!1s0x47c609c8bd0e8091:0x21e649154a651398!8m2!3d52.3782574!4d4.891499!16s%2Fg%2F11b6dpdy3p!19sChIJkYAOvcgJxkcRmBNlShVJ5iE?authuser=0&hl=nl&rclk=1,Telefoon: 020 622 8644,broadcast media Amsterdam
MBO | Mediacollege Amsterdam,info@ma-web.nl,http://www.ma-web.nl/,https://www.google.com/maps/place/MBO+%7C+Mediacollege+Amsterdam/data=!4m7!3m6!1s0x47c5e28849730d2f:0x5dffd675d740eddb!8m2!3d52.3910058!4d4.8560905!16s%2Fg%2F1v8gb6q7!19sChIJLw1zSYjixUcR2-1A13XW_10?authuser=0&hl=nl&rclk=1,Telefoon: 020 850 9500,broadcast media Amsterdam
Desmet Studio's Amsterdam,info@desmet.tv,https://www.desmet.tv/,https://www.google.com/maps/place/Desmet+Studio%27s+Amsterdam/data=!4m7!3m6!1s0x47c609a2966788cb:0xbfe9b1aa1eec1c64!8m2!3d52.3669678!4d4.9096777!16s%2Fg%2F122k65mx!19sChIJy4hnlqIJxkcRZBzsHqqx6b8?authuser=0&hl=nl&rclk=1,Telefoon: 020 521 7100,broadcast media Amsterdam
Brighthousemedia,,http://www.brighthousemedia.nl/,https://www.google.com/maps/place/Brighthousemedia/data=!4m7!3m6!1s0x416539a29c65ec95:0x8cb1067440e1d58f!8m2!3d52.3825326!4d4.9213299!16s%2Fg%2F11b6b4q54g!19sChIJlexlnKI5ZUERj9XhQHQGsYw?authuser=0&hl=nl&rclk=1,Telefoon: 06 53663532,broadcast media Amsterdam
More than TV,,http://morethantv.com/,https://www.google.com/maps/place/More+than+TV/data=!4m7!3m6!1s0x47c5e27524eef3ef:0xe8193f7d95814649!8m2!3d52.3688997!4d4.8657053!16s%2Fg%2F1ptwdjggx!19sChIJ7_PuJHXixUcRSUaBlX0_Geg?authuser=0&hl=nl&rclk=1,Telefoon: 06 43156773,broadcast media Amsterdam
Make Sense TV,rebecca@makesensetv.nl,https://www.makesensetv.nl/,https://www.google.com/maps/place/Make+Sense+TV/data=!4m7!3m6!1s0x47c609e92c6b1057:0x1eb2f4ce1dc893cb!8m2!3d52.3518367!4d4.9370475!16s%2Fg%2F11fslj1p_s!19sChIJVxBrLOkJxkcRy5PIHc70sh4?authuser=0&hl=nl&rclk=1,Telefoon: 06 26314048,broadcast media Amsterdam
Blammo Media,,,https://www.google.com/maps/place/Blammo+Media/data=!4m7!3m6!1s0x47c6084b7e3b8ef5:0xe0c35e69ebdb89f!8m2!3d52.4046573!4d4.8906801!16s%2Fg%2F1th1t7h0!19sChIJ9Y47fksIxkcRn7i9nuY1DA4?authuser=0&hl=nl&rclk=1,Telefoon: 020 636 6060,broadcast media Amsterdam
Z Broadcasting B.V.,,http://www.zbroadcasting.nl/,https://www.google.com/maps/place/Z+Broadcasting+B.V./data=!4m7!3m6!1s0x47c66bcb1168afed:0x27551b09ad3000c8!8m2!3d52.3697173!4d4.891978!16s%2Fg%2F11fvx6x818!19sChIJ7a9oEctrxkcRyAAwrQkbVSc?authuser=0&hl=nl&rclk=1,,broadcast media Amsterdam
Human Factor TV,info@humanfactortv.nl,https://humanfactortv.nl/,https://www.google.com/maps/place/Human+Factor+TV/data=!4m7!3m6!1s0x47c609d084e2fb45:0x91b35abca90591be!8m2!3d52.3784885!4d4.8793356!16s%2Fg%2F11c3_4fp6g!19sChIJRfvihNAJxkcRvpEFqbxas5E?authuser=0&hl=nl&rclk=1,,broadcast media Amsterdam
TV Affairs,info@tvaffairs.nl,http://www.tvaffairs.nl/,https://www.google.com/maps/place/TV+Affairs/data=!4m7!3m6!1s0x47c60987e71d2675:0xb873517a17af34d9!8m2!3d52.3459712!4d4.9047452!16s%2Fg%2F11cmr1jv52!19sChIJdSYd54cJxkcR2TSvF3pRc7g?authuser=0&hl=nl&rclk=1,,broadcast media Amsterdam
Amp.Amsterdam / The Sonic Branding Company,maurice@amp.amsterdam,http://amp.amsterdam/,https://www.google.com/maps/place/Amp.Amsterdam+%2F+The+Sonic+Branding+Company/data=!4m7!3m6!1s0x47c609c5bd7e8fcf:0x38a9f8c65bbe31f8!8m2!3d52.3671877!4d4.888219!16s%2Fg%2F11b6dxkjlp!19sChIJz49-vcUJxkcR-DG-W8b4qTg?authuser=0&hl=nl&rclk=1,Telefoon: 020 707 0655,broadcast media Amsterdam
P7S1 Broadcast. Holding I B.V.,,,https://www.google.com/maps/place/P7S1+Broadcast.+Holding+I+B.V./data=!4m7!3m6!1s0x47c609fda9929a9d:0xebb9f5ca321ebda5!8m2!3d52.3543418!4d4.8686703!16s%2Fg%2F11fxvrz26s!19sChIJnZqSqf0JxkcRpb0eMsr1ues?authuser=0&hl=nl&rclk=1,Telefoon: 020 486 4166,broadcast media Amsterdam
TV Academy,info@tvacademy.nl,http://tvacademy.nl/,https://www.google.com/maps/place/TV+Academy/data=!4m7!3m6!1s0x47c609a5cb607377:0x536960ac2a2ad0e2!8m2!3d52.3722015!4d4.9155788!16s%2Fg%2F11f03h_1vt!19sChIJd3Ngy6UJxkcR4tAqKqxgaVM?authuser=0&hl=nl&rclk=1,,broadcast media Amsterdam
Feira semanal AMS,,,https://www.google.com/maps/place/Feira+semanal+AMS/data=!4m7!3m6!1s0x47c609be86edd45d:0x1c28e55cc788b4b5!8m2!3d52.3693235!4d4.9010887!16s%2Fg%2F11bw51shbk!19sChIJXdTthr4JxkcRtbSIx1zlKBw?authuser=0&hl=nl&rclk=1,,broadcast media Amsterdam
Tobias.Media | Realestate photography Amsterdam,,https://www.tobias.media/,https://www.google.com/maps/place/Tobias.Media+%7C+Realestate+photography+Amsterdam/data=!4m7!3m6!1s0x47c609f3ba91923d:0xe02ac9bb01d54a99!8m2!3d52.4290264!4d5.3032539!16s%2Fg%2F11bwny15py!19sChIJPZKRuvMJxkcRmUrVAbvJKuA?authuser=0&hl=nl&rclk=1,Telefoon: 06 14669030,broadcast media Amsterdam
bobcat media,eline@bobcatmedia.nl,http://www.bobcatmedia.nl/,https://www.google.com/maps/place/bobcat+media/data=!4m7!3m6!1s0x47c609bb724cbc11:0x7a70d885ca3d7828!8m2!3d52.372702!4d4.906082!16s%2Fg%2F1tcxhzdz!19sChIJEbxMcrsJxkcRKHg9yoXYcHo?authuser=0&hl=nl&rclk=1,Telefoon: 06 28369456,broadcast media Amsterdam
Phoenix Media Productions,,,https://www.google.com/maps/place/Phoenix+Media+Productions/data=!4m7!3m6!1s0x47c60985aa10318d:0x36863fd697c64454!8m2!3d52.3527619!4d4.9083888!16s%2Fg%2F1vhkjrg0!19sChIJjTEQqoUJxkcRVETGl9Y_hjY?authuser=0&hl=nl&rclk=1,Telefoon: 020 364 0090,broadcast media Amsterdam
BING Film en TV BV,info@bingfilm.tv,http://bingfilm.tv/,https://www.google.com/maps/place/BING+Film+en+TV+BV/data=!4m7!3m6!1s0x47c5e141dcde60ed:0x362fd456df067686!8m2!3d52.3477997!4d4.8548617!16s%2Fg%2F1vqtfz_q!19sChIJ7WDe3EHhxUcRhnYG31bULzY?authuser=0&hl=nl&rclk=1,Telefoon: 020 760 0650,broadcast media Amsterdam
BTC MediaTest,info@mediatest.nl,http://www.mediatest.nl/,https://www.google.com/maps/place/BTC+MediaTest/data=!4m7!3m6!1s0x47c5e2227b593f59:0xff6da1c0daf4f8b!8m2!3d52.3876635!4d4.8330064!16s%2Fg%2F1v830902!19sChIJWT9ZeyLixUcRi0-vDRza9g8?authuser=0&hl=nl&rclk=1,Telefoon: 020 410 0000,broadcast media Amsterdam
مقهى البطيخةCoucou,,,https://www.google.com/maps/place/%D9%85%D9%82%D9%87%D9%89+%D8%A7%D9%84%D8%A8%D8%B7%D9%8A%D8%AE%D8%A9Coucou%E2%80%AD/data=!4m7!3m6!1s0x47c609e57a12a3af:0x67f143f33328cf9e!8m2!3d52.36747!4d4.8859418!16s%2Fg%2F11st91gmgb!19sChIJr6MSeuUJxkcRns8oM_ND8Wc?authuser=0&hl=nl&rclk=1,Telefoon: 06 89933185,broadcast media Amsterdam
Every Media B.V.,info@everymedia.nl,http://www.everymedia.nl/,https://www.google.com/maps/place/Every+Media+B.V./data=!4m7!3m6!1s0x47c6093a7b18f40b:0xeee50fdbf3615f18!8m2!3d52.329568!4d4.9242744!16s%2Fg%2F11fmdds6c6!19sChIJC_QYezoJxkcRGF9h89sP5e4?authuser=0&hl=nl&rclk=1,Telefoon: 020 333 1288,broadcast media Amsterdam
Next Level TV,,,https://www.google.com/maps/place/Next+Level+TV/data=!4m7!3m6!1s0x47c66bf300412dc5:0xe5cedfe5bb08fea1!8m2!3d52.3697173!4d4.891978!16s%2Fg%2F11hfyj8kkk!19sChIJxS1BAPNrxkcRof4Iu-XfzuU?authuser=0&hl=nl&rclk=1,,broadcast media Amsterdam
public audio • sound design and music production studio,hello@public.audio,http://public.audio/,https://www.google.com/maps/place/public+audio+%E2%80%A2+sound+design+and+music+production+studio/data=!4m7!3m6!1s0x47c609985da8f143:0x3c66b5ba33d8fddd!8m2!3d52.366894!4d4.8872342!16s%2Fg%2F11rf7n6fvn!19sChIJQ_GoXZgJxkcR3f3YM7q1Zjw?authuser=0&hl=nl&rclk=1,Telefoon: 020 895 0414,broadcast media Amsterdam
Radio Tempo Não Pára,,http://www.radio-tnp.com/,https://www.google.com/maps/place/Radio+Tempo+N%C3%A3o+P%C3%A1ra/data=!4m7!3m6!1s0x47c609b6b2c12367:0xbd0bf6ae31d3cc29!8m2!3d52.3940665!4d4.9121298!16s%2Fg%2F11rzs3b07s!19sChIJZyPBsrYJxkcRKczTMa72C70?authuser=0&hl=nl&rclk=1,,broadcast media Amsterdam
Interakt TV Film Multimedia,,,https://www.google.com/maps/place/Interakt+TV+Film+Multimedia/data=!4m7!3m6!1s0x47c609bfd7182b93:0xb11a4fd3bb034dc6!8m2!3d52.369946!4d4.8875807!16s%2Fg%2F1thbvvz2!19sChIJkysY178JxkcRxk0Du9NPGrE?authuser=0&hl=nl&rclk=1,Telefoon: 020 623 7982,broadcast media Amsterdam
Amsterdam Audio Collective,,https://www.amsterdamaudiocollective.com/,https://www.google.com/maps/place/Amsterdam+Audio+Collective/data=!4m7!3m6!1s0x47c609e28aea7231:0xd59209e8fc5df5e4!8m2!3d52.3935271!4d4.9060107!16s%2Fg%2F11fptzsxzl!19sChIJMXLqiuIJxkcR5PVd_OgJktU?authuser=0&hl=nl&rclk=1,Telefoon: 06 42126772,broadcast media Amsterdam
Herrie,info@herrie.com,http://www.herrie.com/,https://www.google.com/maps/place/Herrie/data=!4m7!3m6!1s0x47c5e2789cf10f69:0x62f234bc6b3c0f68!8m2!3d52.3686517!4d4.9072115!16s%2Fg%2F1tf0pt8t!19sChIJaQ_xnHjixUcRaA88a7w08mI?authuser=0&hl=nl&rclk=1,Telefoon: 020 486 8212,broadcast media Amsterdam
Dutch Broadcasting Company (D.B.C.),,http://www.dbc-media.com/,https://www.google.com/maps/place/Dutch+Broadcasting+Company+%28D.B.C.%29/data=!4m7!3m6!1s0x47c609c52da8276f:0x225b3280454b644b!8m2!3d52.3757103!4d4.8830584!16s%2Fg%2F1v2gcy_p!19sChIJbyeoLcUJxkcRS2RLRYAyWyI?authuser=0&hl=nl&rclk=1,Telefoon: 020 625 7914,broadcast media Amsterdam
Scheveningen radio,,,https://www.google.com/maps/place/Scheveningen+radio/data=!4m7!3m6!1s0x47c6090057690237:0x9fff59dd0308ef1b!8m2!3d52.361486!4d4.8892006!16s%2Fg%2F11ydcf44tp!19sChIJNwJpVwAJxkcRG-8IA91Z_58?authuser=0&hl=nl&rclk=1,,broadcast media Amsterdam
Radio Onda Italiana,info@ondaitaliana.org,http://www.ondaitaliana.org/,https://www.google.com/maps/place/Radio+Onda+Italiana/data=!4m7!3m6!1s0x47c609b8a3f610ad:0xeaf477a0f834fef1!8m2!3d52.3729695!4d4.896139!16s%2Fg%2F11fmqbz9p6!19sChIJrRD2o7gJxkcR8f40-KB39Oo?authuser=0&hl=nl&rclk=1,Telefoon: 06 25382491,broadcast media Amsterdam
Audio-Video Optimaal,info@audiovideo-optimaal,https://audiovideo-optimaal.nl/,https://www.google.com/maps/place/Audio-Video+Optimaal/data=!4m7!3m6!1s0x47c609f2f9dfeb0b:0xdcce0684080865d9!8m2!3d52.3542431!4d4.88935!16s%2Fg%2F1ptydx2v8!19sChIJC-vf-fIJxkcR2WUICIQGztw?authuser=0&hl=nl&rclk=1,Telefoon: 06 15014000,broadcast media Amsterdam
Bombilate Media B.V.,amsterdam@bombilate.nl,http://www.bombilatemedia.com/,https://www.google.com/maps/place/Bombilate+Media+B.V./data=!4m7!3m6!1s0x47c609985997f12d:0x3ee36da66947de91!8m2!3d52.403615!4d4.888655!16s%2Fg%2F11k0kxtdn2!19sChIJLfGXWZgJxkcRkd5HaaZt4z4?authuser=0&hl=nl&rclk=1,Telefoon: 06 30114478,broadcast media Amsterdam
Sippie B.V.,,https://www.luisterradio.online/,https://www.google.com/maps/place/Sippie+B.V./data=!4m7!3m6!1s0x47c609c666212965:0xac0a827f42b2741e!8m2!3d52.375519!4d4.8909759!16s%2Fg%2F1tkv8zbl!19sChIJZSkhZsYJxkcRHnSyQn-CCqw?authuser=0&hl=nl&rclk=1,Telefoon: 020 626 2828,broadcast media Amsterdam
Alenka Media : Background Music In Amsterdam,contact@alenkamedia.com,https://www.alenkamedia.com/,https://www.google.com/maps/place/Alenka+Media+:+Background+Music+In+Amsterdam/data=!4m7!3m6!1s0x47c60962f12e7afb:0x3d6819a90eb16e62!8m2!3d52.3680452!4d4.9057544!16s%2Fg%2F11sh21w5h2!19sChIJ-3ou8WIJxkcRYm6xDqkZaD0?authuser=0&hl=nl&rclk=1,,broadcast media Amsterdam
McPhat TV,,,https://www.google.com/maps/place/McPhat+TV/data=!4m7!3m6!1s0x47c609e3fb4b5937:0xeaffe9291c4b1aa1!8m2!3d52.3618572!4d4.8729404!16s%2Fg%2F11c1pkt73d!19sChIJN1lL--MJxkcRoRpLHCnp_-o?authuser=0&hl=nl&rclk=1,Telefoon: 020 893 4204,broadcast media Amsterdam
Visibletv B.V.,,,https://www.google.com/maps/place/Visibletv+B.V./data=!4m7!3m6!1s0x47c6084b984c608d:0x5281a9861f1d959f!8m2!3d52.3907625!4d4.9041149!16s%2Fg%2F1tdqyx_x!19sChIJjWBMmEsIxkcRn5UdH4apgVI?authuser=0&hl=nl&rclk=1,Telefoon: 020 799 0899,broadcast media Amsterdam
Douglas Audio Media Techniek,,,https://www.google.com/maps/place/Douglas+Audio+Media+Techniek/data=!4m7!3m6!1s0x47c609b8dbb7f2a9:0x478e38f20161f1d7!8m2!3d52.373933!4d4.9007!16s%2Fg%2F1v9gj5t8!19sChIJqfK327gJxkcR1_FhAfI4jkc?authuser=0&hl=nl&rclk=1,Telefoon: 06 41065789,broadcast media Amsterdam
Red Light Jazz Radio 📻,info@redlightjazzradio.nl,https://redlightjazzradio.nl/,https://www.google.com/maps/place/Red+Light+Jazz+Radio+%F0%9F%93%BB/data=!4m7!3m6!1s0x47c609003d70916d:0x10ac8a03f8aec8b5!8m2!3d52.3751177!4d4.9008196!16s%2Fg%2F11ltpz5zyr!19sChIJbZFwPQAJxkcRtciu-AOKrBA?authuser=0&hl=nl&rclk=1,Telefoon: 020 261 3587,broadcast media Amsterdam
Cinetree,info@cinetree.nl,http://www.cinetree.nl/,https://www.google.com/maps/place/Cinetree/data=!4m7!3m6!1s0x47c6090014393503:0x32b6fc3e2207726b!8m2!3d52.3652546!4d4.9041952!16s%2Fg%2F11g4j9trtq!19sChIJAzU5FAAJxkcRa3IHIj78tjI?authuser=0&hl=nl&rclk=1,,broadcast media Amsterdam
Tvbv B.V.,licenties@banijaybenelux.com,http://www.tvbv.nl/,https://www.google.com/maps/place/Tvbv+B.V./data=!4m7!3m6!1s0x47c60bbc249024d3:0xc70bf608a531593f!8m2!3d52.3152015!4d4.9346716!16s%2Fg%2F1tdz8mh5!19sChIJ0ySQJLwLxkcRP1kxpQj2C8c?authuser=0&hl=nl&rclk=1,Telefoon: 020 893 1000,broadcast media Amsterdam
Audio Brothers | Music Beds for Radio Imaging Professionals,,http://www.audiobrothers.com/,https://www.google.com/maps/place/Audio+Brothers+%7C+Music+Beds+for+Radio+Imaging+Professionals/data=!4m7!3m6!1s0x47c609bb73ae8141:0xcf62aa0e4f438778!8m2!3d52.3726877!4d4.906162!16s%2Fg%2F11bvt4zp7j!19sChIJQYGuc7sJxkcReIdDTw6qYs8?authuser=0&hl=nl&rclk=1,,broadcast media Amsterdam
Notice Branded Media (M-Cube NL),info@notice.nl,https://www.noticebrandedmedia.com/,https://www.google.com/maps/place/Notice+Branded+Media+%28M-Cube+NL%29/data=!4m7!3m6!1s0x47c60bcd6704e457:0x65ad61493dcc5a0f!8m2!3d52.3333228!4d4.9172894!16s%2Fg%2F1tjrp575!19sChIJV-QEZ80LxkcRD1rMPUlhrWU?authuser=0&hl=nl&rclk=1,Telefoon: 020 754 8600,broadcast media Amsterdam
Helder B.V.,info@helder.tv,http://www.helder.tv/,https://www.google.com/maps/place/Helder+B.V./data=!4m7!3m6!1s0x47c609932b3bd55d:0xe9fc5aff867fd072!8m2!3d52.3649377!4d4.8981013!16s%2Fg%2F1tgfvv4k!19sChIJXdU7K5MJxkcRctB_hv9a_Ok?authuser=0&hl=nl&rclk=1,Telefoon: 020 250 2600,broadcast media Amsterdam
Mediaplanet Publishing House B.V.,,http://www.mediaplanet.com/,https://www.google.com/maps/place/Mediaplanet+Publishing+House+B.V./data=!4m7!3m6!1s0x47c6099548a84d0f:0xc95e9abd410acf02!8m2!3d52.3656663!4d4.8952322!16s%2Fg%2F11bvv56xmb!19sChIJD02oSJUJxkcRAs8KQb2aXsk?authuser=0&hl=nl&rclk=1,Telefoon: 020 700 8350,publishing house Amsterdam
BIS Publishers,sales@bispublishers.com,https://www.bispublishers.com/,https://www.google.com/maps/place/BIS+Publishers/data=!4m7!3m6!1s0x47c609aaa2d5bb99:0x58f3f9d59d762a31!8m2!3d52.3650894!4d4.9359554!16s%2Fg%2F1tfg6w1s!19sChIJmbvVoqoJxkcRMSp2ndX581g?authuser=0&hl=nl&rclk=1,,publishing house Amsterdam
HarperCollins Holland,pers@harpercollins.nl,http://www.harpercollins.nl/,https://www.google.com/maps/place/HarperCollins+Holland/data=!4m7!3m6!1s0x47c60a04bd8a89f5:0x34a7c18667235a98!8m2!3d52.3924686!4d4.8460683!16s%2Fg%2F11b6dhsszh!19sChIJ9YmKvQQKxkcRmFojZ4bBpzQ?authuser=0&hl=nl&rclk=1,Telefoon: 020 662 6646,publishing house Amsterdam
Uitgeverij Prometheus B.V.,info@pbo.nl,http://www.pbo.nl/,https://www.google.com/maps/place/Uitgeverij+Prometheus+B.V./data=!4m7!3m6!1s0x47c60995109e57b5:0x5036cc0997ac86d7!8m2!3d52.3779344!4d4.8904056!16s%2Fg%2F1vd7535w!19sChIJtVeeEJUJxkcR14aslwnMNlA?authuser=0&hl=nl&rclk=1,Telefoon: 020 624 1934,publishing house Amsterdam
Amsterdam Publishers,,https://amsterdampublishers.com/,https://www.google.com/maps/place/Amsterdam+Publishers/data=!4m7!3m6!1s0x47c5c7278b8ea53d:0x565d9c9347a90166!8m2!3d52.3675734!4d4.9041389!16s%2Fg%2F1yfjpsm0z!19sChIJPaWOiyfHxUcRZgGpR5OcXVY?authuser=0&hl=nl&rclk=1,,publishing house Amsterdam
FC Hyena,info@fchyena.nl,https://fchyena.nl/,https://www.google.com/maps/place/FC+Hyena/data=!4m7!3m6!1s0x47c609005353a257:0x818251f2b14284cd!8m2!3d52.3833861!4d4.929058!16s%2Fg%2F11c1m6j26_!19sChIJV6JTUwAJxkcRzYRCsfJRgoE?authuser=0&hl=nl&rclk=1,Telefoon: 020 363 8502,journal Amsterdam
Gebroeders Winter,looiersgracht@gebroederswinter.nl,http://www.gebroederswinter.nl/,https://www.google.com/maps/place/Gebroeders+Winter/data=!4m7!3m6!1s0x47c609bc906a7795:0xcdebfb289c3971db!8m2!3d52.3680771!4d4.8791042!16s%2Fg%2F11ckpx_nwg!19sChIJlXdqkLwJxkcR23E5nCj7680?authuser=0&hl=nl&rclk=1,Telefoon: 020 623 7233,journal Amsterdam
Abydos,,,https://www.google.com/maps/place/Abydos/data=!4m7!3m6!1s0x47c60900214d2acf:0xe2380a2bc78e8611!8m2!3d52.3702888!4d4.8874331!16s%2Fg%2F11vwp18ly7!19sChIJzypNIQAJxkcREYaOxysKOOI?authuser=0&hl=nl&rclk=1,,journal Amsterdam
Property Of...,amsterdam@thepropertyof.com,https://www.thepropertyof.com/,https://www.google.com/maps/place/Property+Of.../data=!4m7!3m6!1s0x47c609c5fd235489:0xe4b31c8c5ca4744f!8m2!3d52.3770076!4d4.8895382!16s%2Fg%2F1tdzks25!19sChIJiVQj_cUJxkcRT3SkXIwcs-Q?authuser=0&hl=nl&rclk=1,Telefoon: 020 622 5909,journal Amsterdam
CEDLA,secretariaat-cedla@uva.nl,http://www.cedla.nl/,https://www.google.com/maps/place/CEDLA/data=!4m7!3m6!1s0x47c609c27d4c1b87:0x2230cda9b6bc9522!8m2!3d52.3686418!4d4.894214!16s%2Fg%2F1jgm41k5p!19sChIJhxtMfcIJxkcRIpW8tqnNMCI?authuser=0&hl=nl&rclk=1,Telefoon: 020 525 3498,journal Amsterdam
Dummy boek,info@dummyboek.nl,https://www.dummyboek.nl/contact,https://www.google.com/maps/place/Dummy+boek/data=!4m7!3m6!1s0x47c6098e413e5555:0x46c20c575213857d!8m2!3d52.354188!4d4.9009482!16s%2Fg%2F11hyzyq0rp!19sChIJVVU-QY4JxkcRfYUTUlcMwkY?authuser=0&hl=nl&rclk=1,Telefoon: 020 673 3092,journal Amsterdam
Property Of...,amsterdam@thepropertyof.com,https://thepropertyof.com/,https://www.google.com/maps/place/Property+Of.../data=!4m7!3m6!1s0x47c609957565f3d7:0x4ae3fd6581f89014!8m2!3d52.365352!4d4.897584!16s%2Fg%2F11f03ykj60!19sChIJ1_NldZUJxkcRFJD4gWX940o?authuser=0&hl=nl&rclk=1,Telefoon: 020 845 5372,journal Amsterdam
AMSj - Amsterdam Medical Student journal,info@amsj.nl,http://amsj.nl/,https://www.google.com/maps/place/AMSj+-+Amsterdam+Medical+Student+journal/data=!4m7!3m6!1s0x47c60b7c2ac63a09:0x2517b2c2c762b5b2!8m2!3d52.2944276!4d4.9581582!16s%2Fg%2F11bzt94qpk!19sChIJCTrGKnwLxkcRsrVix8KyFyU?authuser=0&hl=nl&rclk=1,Telefoon: 020 566 7943,journal Amsterdam
Urban Journalist,,http://www.urbanjournalist.com/,https://www.google.com/maps/place/Urban+Journalist/data=!4m7!3m6!1s0x47c6099a06ea8621:0x695f59412d5c1d2c!8m2!3d52.3604469!4d4.9070521!16s%2Fg%2F11hbq9pjx2!19sChIJIYbqBpoJxkcRLB1cLUFZX2k?authuser=0&hl=nl&rclk=1,,journal Amsterdam
Purpuz B.V.,clen@purpuz.com,https://www.purpuz.com/,https://www.google.com/maps/place/Purpuz+B.V./data=!4m7!3m6!1s0x47c66f57373a9287:0x911658980af14768!8m2!3d52.3534754!4d4.8645161!16s%2Fg%2F11c0rtwt8n!19sChIJh5I6N1dvxkcRaEfxCphYFpE?authuser=0&hl=nl&rclk=1,Telefoon: 06 54648231,journal Amsterdam
KattenKabinet,info@kattenkabinet.nl,https://www.kattenkabinet.nl/,https://www.google.com/maps/place/KattenKabinet/data=!4m7!3m6!1s0x47c609ea8c8ca9f5:0xdf3492ee53dcc6f7!8m2!3d52.3656325!4d4.891548!16s%2Fm%2F047qxb3!19sChIJ9amMjOoJxkcR98bcU-6SNN8?authuser=0&hl=nl&rclk=1,Telefoon: 020 626 9040,journal Amsterdam
Oranjeveste B.V.,,,https://www.google.com/maps/place/Oranjeveste+B.V./data=!4m7!3m6!1s0x47c609ea6045671b:0xa6c38b78616a0564!8m2!3d52.3656594!4d4.8909542!16s%2Fg%2F1vpfhrcp!19sChIJG2dFYOoJxkcRZAVqYXiLw6Y?authuser=0&hl=nl&rclk=1,Telefoon: 020 638 8226,journal Amsterdam
PPLE Academic Journal,,https://www.ppleacademicjournal.com/,https://www.google.com/maps/place/PPLE+Academic+Journal/data=!4m7!3m6!1s0x47c609b2c7890c47:0x44e1fec2a9280789!8m2!3d52.3639549!4d4.9115847!16s%2Fg%2F11tx1rdn4x!19sChIJRwyJx7IJxkcRiQcoqcL-4UQ?authuser=0&hl=nl&rclk=1,,journal Amsterdam
IJEHS,,https://www.ijehs.com/,https://www.google.com/maps/place/IJEHS/data=!4m7!3m6!1s0x47c6096ad9317287:0xb5108bb8f3136032!8m2!3d52.3758759!4d4.8924992!16s%2Fg%2F11wqlnn0xf!19sChIJh3Ix2WoJxkcRMmAT87iLELU?authuser=0&hl=nl&rclk=1,Telefoon: 06 53275456,journal Amsterdam
Freelance journal,,,https://www.google.com/maps/place/Freelance+journal/data=!4m7!3m6!1s0x47c60952e1f51acb:0x2a2ca5f30ae1f9c5!8m2!3d52.3753603!4d4.8971835!16s%2Fg%2F11j8smvwwr!19sChIJyxr14VIJxkcRxfnhCvOlLCo?authuser=0&hl=nl&rclk=1,Telefoon: 06 55533993,journal Amsterdam
Papelería,,,https://www.google.com/maps/place/Papeler%C3%ADa/data=!4m7!3m6!1s0x47c6090032f5c9e9:0xc983b9ea98e5c476!8m2!3d52.3706972!4d4.8908425!16s%2Fg%2F11y02xtq04!19sChIJ6cn1MgAJxkcRdsTlmOq5g8k?authuser=0&hl=nl&rclk=1,,journal Amsterdam
Amsterdam University Press,,http://www.aup.nl/,https://www.google.com/maps/place/Amsterdam+University+Press/data=!4m7!3m6!1s0x47c609c412b6186d:0xea9596d6c08d0be!8m2!3d52.364115!4d4.9081646!16s%2Fg%2F12qgkf54q!19sChIJbRi2EsQJxkcRvtAIbG1ZqQ4?authuser=0&hl=nl&rclk=1,Telefoon: 020 420 0050,journal Amsterdam
Hello Amsterdam,,,https://www.google.com/maps/place/Hello+Amsterdam/data=!4m7!3m6!1s0x47c609eb173f7cfd:0xc8d9f41bca51fbe6!8m2!3d52.3431386!4d4.8531331!16s%2Fg%2F11hd9frdw7!19sChIJ_Xw_F-sJxkcR5vtRyhv02cg?authuser=0&hl=nl&rclk=1,,journal Amsterdam
Rob van Eijbergen,rob@robvaneijbergen.com,http://robvaneijbergen.com/page127390.html,https://www.google.com/maps/place/Rob+van+Eijbergen/data=!4m7!3m6!1s0x47c6099a822e275f:0xe76d4f379712323a!8m2!3d52.3577802!4d4.9066131!16s%2Fg%2F11h4brjwc_!19sChIJXycugpoJxkcROjISlzdPbec?authuser=0&hl=nl&rclk=1,Telefoon: 06 53930293,journal Amsterdam
Xantippe Unlimited,xantippe@xs4all.nl,https://xantippe.nl/,https://www.google.com/maps/place/Xantippe+Unlimited/data=!4m7!3m6!1s0x47c609c32e42988d:0xf12f3e07a5b7ef5d!8m2!3d52.3704414!4d4.882317!16s%2Fg%2F1v4ps5qx!19sChIJjZhCLsMJxkcRXe-3pQc-L_E?authuser=0&hl=nl&rclk=1,Telefoon: 020 623 5854,journal Amsterdam
Van der Heijde Kantoorvakhandel,info@vanderheijde.nl,http://www.vanderheijde.nl/,https://www.google.com/maps/place/Van+der+Heijde+Kantoorvakhandel/data=!4m7!3m6!1s0x47c609ce7d9b3073:0xb635fda1581e2b26!8m2!3d52.3824986!4d4.8872551!16s%2Fg%2F1tf19y_b!19sChIJczCbfc4JxkcRJiseWKH9NbY?authuser=0&hl=nl&rclk=1,Telefoon: 020 624 6530,journal Amsterdam
Arya Pars Raya Hamgam,,,https://www.google.com/maps/place/Arya+Pars+Raya+Hamgam/data=!4m7!3m6!1s0x47c609a636981e89:0xd2c18de6982a4cb6!8m2!3d52.3758759!4d4.8924992!16s%2Fg%2F11wqkftg1l!19sChIJiR6YNqYJxkcRtkwqmOaNwdI?authuser=0&hl=nl&rclk=1,Telefoon: 06 53275456,journal Amsterdam
Studio Roem,jeroen@studioroem.nl,http://www.studioroem.nl/,https://www.google.com/maps/place/Studio+Roem/data=!4m7!3m6!1s0x47c6096ae2841c57:0xa5e6f2efe1550628!8m2!3d52.375231!4d4.8930541!16s%2Fg%2F11c5g5n2sq!19sChIJVxyE4moJxkcRKAZV4e_y5qU?authuser=0&hl=nl&rclk=1,Telefoon: 06 43191089,journal Amsterdam
Casperle Kinderboekenwinkel,info@casperle.nl,https://www.casperle.nl/,https://www.google.com/maps/place/Casperle+Kinderboekenwinkel/data=!4m7!3m6!1s0x47c6098df0e7fbd9:0xf2887a7b375df63a!8m2!3d52.3554552!4d4.8983121!16s%2Fg%2F1tdc8_mb!19sChIJ2fvn8I0JxkcROvZdN3t6iPI?authuser=0&hl=nl&rclk=1,Telefoon: 020 679 1101,journal Amsterdam
Black Moon Botanica Amsterdam,fmg.gardi@gmail.com,https://www.blackmoonbotanica.com/,https://www.google.com/maps/place/Black+Moon+Botanica+Amsterdam/data=!4m7!3m6!1s0x47c609d3a2ec41d7:0xb6f693a81c9da2a7!8m2!3d52.3620682!4d4.8869295!16s%2Fg%2F11l6t3y3fs!19sChIJ10HsotMJxkcRp6KdHKiT9rY?authuser=0&hl=nl&rclk=1,Telefoon: 06 87866051,journal Amsterdam
KOMONI Amsterdam,info@komoni.nl,http://komoni.amsterdam/,https://www.google.com/maps/place/KOMONI+Amsterdam/data=!4m7!3m6!1s0x47c609d1cbecf85d:0xd718c351771bafd1!8m2!3d52.3674259!4d4.8902716!16s%2Fg%2F11gbk4hfcs!19sChIJXfjsy9EJxkcR0a8bd1HDGNc?authuser=0&hl=nl&rclk=1,,journal Amsterdam
Van Beek Art Supplies,klantenservice@vanbeekart.nl,http://www.vanbeekart.nl/,https://www.google.com/maps/place/Van+Beek+Art+Supplies/data=!4m7!3m6!1s0x47c609edaf04b61d:0xe06661746d037939!8m2!3d52.3583214!4d4.8892346!16s%2Fg%2F1tfcmjtx!19sChIJHbYEr-0JxkcROXkDbXRhZuA?authuser=0&hl=nl&rclk=1,Telefoon: 020 662 1670,journal Amsterdam
Alexandra's Artjournal,info@alexandrasartjournal.nl,http://alexandrasartjournal.nl/,https://www.google.com/maps/place/Alexandra%27s+Artjournal/data=!4m7!3m6!1s0xa54e4f5d92300813:0xbbba7a2c33e250b3!8m2!3d52.3546656!4d4.9039604!16s%2Fg%2F11t5szgddv!19sChIJEwgwkl1PTqURs1DiMyx6urs?authuser=0&hl=nl&rclk=1,Telefoon: 06 81983186,journal Amsterdam
International Journal of Health and Biological Sciences,editor@ijhbs.com,http://ijhbs.com/,https://www.google.com/maps/place/International+Journal+of+Health+and+Biological+Sciences/data=!4m7!3m6!1s0x47c5e2410ff652b9:0x331d5a6f67e0e4f6!8m2!3d52.3723533!4d4.8383417!16s%2Fg%2F11k1gtnszt!19sChIJuVL2D0HixUcR9uTgZ29aHTM?authuser=0&hl=nl&rclk=1,,journal Amsterdam
Amsterdam in Motion,info@amsterdaminmotion.nl,http://www.amsterdaminmotion.nl/,https://www.google.com/maps/place/Amsterdam+in+Motion/data=!4m7!3m6!1s0x47c60931d365a4ff:0x90c82395fb280e32!8m2!3d52.3861743!4d4.8732239!16s%2Fg%2F11ycy55xxn!19sChIJ_6Rl0zEJxkcRMg4o-5UjyJA?authuser=0&hl=nl&rclk=1,,journal Amsterdam
De Posthumus Winkel,info@posthumuswinkel.nl,http://www.posthumuswinkel.nl/,https://www.google.com/maps/place/De+Posthumus+Winkel/data=!4m7!3m6!1s0x47c609c11717648d:0x7a85a726e82e475d!8m2!3d52.3706182!4d4.8908171!16s%2Fg%2F1tr9mmh7!19sChIJjWQXF8EJxkcRXUcu6CanhXo?authuser=0&hl=nl&rclk=1,Telefoon: 020 625 5812,journal Amsterdam
Caspi Europe B.V.,info@caspiusa.com,https://caspieurope.com/,https://www.google.com/maps/place/Caspi+Europe+B.V./data=!4m7!3m6!1s0x47c60957e780bafd:0xb7333a8b83e430b5!8m2!3d52.3655396!4d4.8866498!16s%2Fg%2F11k481vmj9!19sChIJ_bqA51cJxkcRtTDkg4s6M7c?authuser=0&hl=nl&rclk=1,Telefoon: 06 47911496,journal Amsterdam
"Van Beek Art Supplies (Weteringschans, Amsterdam)",klantenservice@vanbeekart.nl,http://www.vanbeekart.nl/,"https://www.google.com/maps/place/Van+Beek+Art+Supplies+%28Weteringschans,+Amsterdam%29/data=!4m7!3m6!1s0x47c609933109f45f:0xf9526bb116a891b7!8m2!3d52.359587!4d4.893767!16s%2Fg%2F1tg6793b!19sChIJX_QJMZMJxkcRt5GoFrFrUvk?authuser=0&hl=nl&rclk=1",Telefoon: 020 623 9647,journal Amsterdam
Creative Lab Amsterdam,,https://www.creativelabamsterdam.com/,https://www.google.com/maps/place/Creative+Lab+Amsterdam/data=!4m7!3m6!1s0x47c609ec74a82a17:0x2e3fa7bc77923f42!8m2!3d52.1909763!4d5.2795551!16s%2Fg%2F11g6mxn5qm!19sChIJFyqodOwJxkcRQj-Sd7ynPy4?authuser=0&hl=nl&rclk=1,Telefoon: 020 210 1288,journal Amsterdam
De Gids,,http://www.de-gids.nl/,https://www.google.com/maps/place/De+Gids/data=!4m7!3m6!1s0x47c609c1fb2a03ad:0xf88abf8f48d057f5!8m2!3d52.3674314!4d4.8888335!16s%2Fg%2F11ckvt_cb6!19sChIJrQMq-8EJxkcR9VfQSI-_ivg?authuser=0&hl=nl&rclk=1,Telefoon: 020 524 5515,journal Amsterdam
Online Media Amsterdam,,,https://www.google.com/maps/place/Online+Media+Amsterdam/data=!4m7!3m6!1s0x47c609ecc3fde231:0x16fe92aa454a8aa3!8m2!3d52.359741!4d4.8917851!16s%2Fg%2F11f01z0ljv!19sChIJMeL9w-wJxkcRo4pKRaqS_hY?authuser=0&hl=nl&rclk=1,Telefoon: 020 233 9175,online media Amsterdam
Onlizo | SEO Bureau,info@onlizo.com,https://onlizo.com/,https://www.google.com/maps/place/Onlizo+%7C+SEO+Bureau/data=!4m7!3m6!1s0x2d8854810d456fdd:0x36bb84f4c35e8b91!8m2!3d52.3655471!4d4.8866374!16s%2Fg%2F11sfplyy_5!19sChIJ3W9FDYFUiC0RkYtew_SEuzY?authuser=0&hl=nl&rclk=1,Telefoon: 06 13811936,online media Amsterdam
Antique & Prints,,,https://www.google.com/maps/place/Antique+%26+Prints/data=!4m7!3m6!1s0x47c609c1d8838b01:0xf3d709e83ce2445e!8m2!3d52.3668714!4d4.890177!16s%2Fg%2F1thlm8cr!19sChIJAYuD2MEJxkcRXkTiPOgJ1_M?authuser=0&hl=nl&rclk=1,Telefoon: 020 625 5578,tijdschrift Amsterdam
D. Meijer Antiquiteiten,,,https://www.google.com/maps/place/D.+Meijer+Antiquiteiten/data=!4m7!3m6!1s0x47c609ea4bdf33df:0x5af19bd29d2db78!8m2!3d52.3645663!4d4.8894688!16s%2Fg%2F1tdhd68h!19sChIJ3zPfS-oJxkcReNvSKb0ZrwU?authuser=0&hl=nl&rclk=1,Telefoon: 020 624 9288,tijdschrift Amsterdam
OUT OF CHAOS ATELIER,,,https://www.google.com/maps/place/OUT+OF+CHAOS+ATELIER/data=!4m7!3m6!1s0x47c609a0c052e1f3:0xdd60d055eeae4b39!8m2!3d52.3691218!4d4.9018432!16s%2Fg%2F11h5vf9cqh!19sChIJ8-FSwKAJxkcROUuu7lXQYN0?authuser=0&hl=nl&rclk=1,,tijdschrift Amsterdam
Het Lieverdje,,https://nl.wikipedia.org/wiki/Het_Lieverdje,https://www.google.com/maps/place/Het+Lieverdje/data=!4m7!3m6!1s0x47c609c18fc986ed:0xd8eeb1c34ef92c6!8m2!3d52.3687769!4d4.8890618!16s%2Fg%2F1213vgkk!19sChIJ7YbJj8EJxkcRxpLvNBzrjg0?authuser=0&hl=nl&rclk=1,Telefoon: 14 020,tijdschrift Amsterdam
Vrije Academie,info@vrijeacademie.nl,http://www.vrijeacademie.nl/,https://www.google.com/maps/place/Vrije+Academie/data=!4m7!3m6!1s0x47c609c36f989ea9:0x1539c8fd5188e5ac!8m2!3d52.3684772!4d4.8862679!16s%2Fg%2F1tmbv9qx!19sChIJqZ6Yb8MJxkcRrOWIUf3IORU?authuser=0&hl=nl&rclk=1,Telefoon: 088 518 5000,tijdschrift Amsterdam
Tom Fiege Writings,,,https://www.google.com/maps/place/Tom+Fiege+Writings/data=!4m7!3m6!1s0x47c609fd83bdfb97:0x5763e9eb5f398b5c!8m2!3d52.3685647!4d4.9031623!16s%2Fg%2F11pdgd0dsl!19sChIJl_u9g_0JxkcRXIs5X-vpY1c?authuser=0&hl=nl&rclk=1,,tijdschrift Amsterdam
@droog,reservations@droog.com,https://www.droog.com/,https://www.google.com/maps/place/%27@droog%27/data=!4m7!3m6!1s0x47c609bfb0c73791:0x13e44956c155e696!8m2!3d52.3683956!4d4.8973055!16s%2Fg%2F12qg3xj0f!19sChIJkTfHsL8JxkcRluZVwVZJ5BM?authuser=0&hl=nl&rclk=1,Telefoon: 020 523 5050,tijdschrift Amsterdam
Boom uitgevers,klantenservice@boom.nl,http://www.boom.nl/,https://www.google.com/maps/place/Boom+uitgevers/data=!4m7!3m6!1s0x47c609e976eb9f37:0x9e3bcce7f08f5ec!8m2!3d52.3641388!4d4.8862877!16s%2Fg%2F1tdn38_f!19sChIJN5_rdukJxkcR7PUIf8684wk?authuser=0&hl=nl&rclk=1,Telefoon: 088 030 1000,tijdschrift Amsterdam
The Frozen Fountain,enquiry@frozenfountain.nl,http://frozenfountain.com/,https://www.google.com/maps/place/The+Frozen+Fountain/data=!4m7!3m6!1s0x47c609c2a11ac0bb:0x66d77aed92c9eef4!8m2!3d52.3674338!4d4.8828506!16s%2Fg%2F1tfkdspv!19sChIJu8AaocIJxkcR9O7Jku1612Y?authuser=0&hl=nl&rclk=1,Telefoon: 020 622 9375,tijdschrift Amsterdam
Black Gold Amsterdam,,http://www.blackgoldamsterdam.com/,https://www.google.com/maps/place/Black+Gold+Amsterdam/data=!4m7!3m6!1s0x47c609d5e26b385f:0xbfc2f584c9547e7b!8m2!3d52.371788!4d4.9030432!16s%2Fg%2F11btlskcjb!19sChIJXzhr4tUJxkcRe35UyYT1wr8?authuser=0&hl=nl&rclk=1,,tijdschrift Amsterdam
Maad in Holland,madeline@maadinholland.nl,http://www.maadinholland.nl/,https://www.google.com/maps/place/Maad+in+Holland/data=!4m7!3m6!1s0x47c60ebd61985945:0x3720eb429cc2412f!8m2!3d52.3665958!4d4.904018!16s%2Fg%2F11b6bqr16b!19sChIJRVmYYb0OxkcRL0HCnELrIDc?authuser=0&hl=nl&rclk=1,Telefoon: 06 24551054,tijdschrift Amsterdam
Schaak- en Gowinkel Het Paard - Spellen en Puzzels sinds 1987,info@schaakengo.nl,http://www.schaakengo.nl/,https://www.google.com/maps/place/Schaak-+en+Gowinkel+Het+Paard+-+Spellen+en+Puzzels+sinds+1987/data=!4m7!3m6!1s0x47c609cdf5ed06cd:0x9b8eca2783e3f1d!8m2!3d52.3841534!4d4.8843963!16s%2Fg%2F1tgn3y9r!19sChIJzQbt9c0JxkcRHT8-eKLsuAk?authuser=0&hl=nl&rclk=1,Telefoon: 020 624 1171,tijdschrift Amsterdam
NORTVI,,https://nortvi.com/,https://www.google.com/maps/place/NORTVI/data=!4m7!3m6!1s0x47c60963a2f46151:0x28382dbab91930e!8m2!3d52.3689683!4d4.8831969!16s%2Fg%2F11j00rt10x!19sChIJUWH0omMJxkcRDpORq9uCgwI?authuser=0&hl=nl&rclk=1,Telefoon: 020 854 3111,tijdschrift Amsterdam
Uitgeverij Van Gennep B.v.,,,https://www.google.com/maps/place/Uitgeverij+Van+Gennep+B.v./data=!4m7!3m6!1s0x47c609c182b5be61:0x3f31df214fc42498!8m2!3d52.3695078!4d4.8892078!16s%2Fg%2F11lgy3mfz4!19sChIJYb61gsEJxkcRmCTETyHfMT8?authuser=0&hl=nl&rclk=1,,uitgeverij Amsterdam
Uitgeverij Bas Lubberhuizen,,http://www.lubberhuizen.nl/,https://www.google.com/maps/place/Uitgeverij+Bas+Lubberhuizen/data=!4m7!3m6!1s0x47c609c2275799eb:0xca89ec649119243!8m2!3d52.3572129!4d4.8724792!16s%2Fg%2F1tdpfd10!19sChIJ65lXJ8IJxkcRQ5IRScaeqAw?authuser=0&hl=nl&rclk=1,Telefoon: 020 570 6100,uitgeverij Amsterdam
Uitgeverij SWP,klantenservice@mailswp.com,http://www.swpbook.com/,https://www.google.com/maps/place/Uitgeverij+SWP/data=!4m7!3m6!1s0x47c60997fb0e1a7d:0xa63d471ab7bce807!8m2!3d52.32645!4d4.929796!16s%2Fg%2F1tpn1rw_!19sChIJfRoO-5cJxkcRB-i8txpHPaY?authuser=0&hl=nl&rclk=1,Telefoon: 020 330 7200,uitgeverij Amsterdam
Fabula Rosa,info@fabula-rosa.nl,https://www.fabula-rosa.com/,https://www.google.com/maps/place/Fabula+Rosa/data=!4m7!3m6!1s0x47c60994eb9e2185:0xb7df0ba04ce49835!8m2!3d52.373583!4d4.8822028!16s%2Fg%2F1tfptgd5!19sChIJhSGe65QJxkcRNZjkTKAL37c?authuser=0&hl=nl&rclk=1,Telefoon: 020 638 2505,uitgeverij Amsterdam
Het Speechboekje,post@uitgeverijpodium.nl,http://www.speechboekje.nl/contact-meer-info/,https://www.google.com/maps/place/Het+Speechboekje/data=!4m7!3m6!1s0x47c609bd86a55555:0x10145a858a76a062!8m2!3d52.3665958!4d4.904018!16s%2Fg%2F11fm34458h!19sChIJVVWlhr0JxkcRYqB2ioVaFBA?authuser=0&hl=nl&rclk=1,Telefoon: 020 420 4068,uitgeverij Amsterdam
Stichting Uitgeverij Willehalm Instituut,,http://willehalminstituut.blogspot.nl/,https://www.google.com/maps/place/Stichting+Uitgeverij+Willehalm+Instituut/data=!4m7!3m6!1s0x47c60994280cb2c5:0xfc42b4fa3d68dac9!8m2!3d52.3631736!4d4.9005247!16s%2Fg%2F1tjrp547!19sChIJxbIMKJQJxkcRydpoPfq0Qvw?authuser=0&hl=nl&rclk=1,Telefoon: 020 694 4572,uitgeverij Amsterdam
Uitgeverij de Oplichterij,,,https://www.google.com/maps/place/Uitgeverij+de+Oplichterij/data=!4m7!3m6!1s0x47c60a2aa15e7331:0xf1044aec28b82a26!8m2!3d52.3442164!4d4.9153468!16s%2Fg%2F11h4bs9s2h!19sChIJMXNeoSoKxkcRJiq4KOxKBPE?authuser=0&hl=nl&rclk=1,Telefoon: 020 354 1940,uitgeverij Amsterdam
Uitgeverij Schors,info@schors.nl,http://www.schors.nl/,https://www.google.com/maps/place/Uitgeverij+Schors/data=!4m7!3m6!1s0x47c609ec2d012381:0xcb307be2a2668da4!8m2!3d52.3736186!4d4.8822041!16s%2Fg%2F11cn3w7545!19sChIJgSMBLewJxkcRpI1mouJ7MMs?authuser=0&hl=nl&rclk=1,Telefoon: 020 638 2505,uitgeverij Amsterdam
Uitgeverij Oostenwind,,https://www.oostenwind.org/contact/,https://www.google.com/maps/place/Uitgeverij+Oostenwind/data=!4m7!3m6!1s0x47c60992bfc15555:0x9e81f7170d93c08b!8m2!3d52.35726!4d4.894451!16s%2Fg%2F11fm3452y6!19sChIJVVXBv5IJxkcRi8CTDRf3gZ4?authuser=0&hl=nl&rclk=1,Telefoon: 020 420 5979,uitgeverij Amsterdam
Uitgeverij Limited Editions,info@uitgeverijlimitededitions.nl,http://uitgeverijlimitededitions.nl/,https://www.google.com/maps/place/Uitgeverij+Limited+Editions/data=!4m7!3m6!1s0x47c609ccf6a3020f:0x2b147c2c2addf3ea!8m2!3d52.3858563!4d4.8891711!16s%2Fg%2F11g8kt4jy0!19sChIJDwKj9swJxkcR6vPdKix8FCs?authuser=0&hl=nl&rclk=1,Telefoon: 020 626 4060,uitgeverij Amsterdam
Sebes Bisseling Kleuver Literary Agency,,http://www.sebesbisseling.com/,https://www.google.com/maps/place/Sebes+Bisseling+Kleuver+Literary+Agency/data=!4m7!3m6!1s0x47c609c448b16f9b:0xa1863182921e159f!8m2!3d52.3658327!4d4.9000556!16s%2Fg%2F1v2d_q6s!19sChIJm2-xSMQJxkcRnxUekoIxhqE?authuser=0&hl=nl&rclk=1,,uitgeverij Amsterdam
Uitgeverij Scripta Manum,,,https://www.google.com/maps/place/Uitgeverij+Scripta+Manum/data=!4m7!3m6!1s0x47c609a88e6ce943:0x61324b389abf76dd!8m2!3d52.355869!4d4.932507!16s%2Fg%2F11jp08rlx3!19sChIJQ-lsjqgJxkcR3Xa_mjhLMmE?authuser=0&hl=nl&rclk=1,,uitgeverij Amsterdam
HO-uitgeverij,,,https://www.google.com/maps/place/HO-uitgeverij/data=!4m7!3m6!1s0x47c609f172a60297:0x6b285b3c4b166f84!8m2!3d52.3531626!4d4.8839051!16s%2Fg%2F11h4ydd0h9!19sChIJlwKmcvEJxkcRhG8WSzxbKGs?authuser=0&hl=nl&rclk=1,Telefoon: 06 30296653,uitgeverij Amsterdam
Fontaine Uitgevers,info@fontaineuitgevers.nl,http://www.fontaineuitgevers.nl/,https://www.google.com/maps/place/Fontaine+Uitgevers/data=!4m7!3m6!1s0x47c66b5c390d2c4b:0x9d2dd340cc2eb875!8m2!3d52.3440421!4d4.9174645!16s%2Fg%2F1vp72_2q!19sChIJSywNOVxrxkcRdbguzEDTLZ0?authuser=0&hl=nl&rclk=1,Telefoon: 020 570 6100,uitgeverij Amsterdam
Uitgeverij Van Oorschot,contact@vanoorschot.nl,http://www.vanoorschot.nl/,https://www.google.com/maps/place/Uitgeverij+Van+Oorschot/data=!4m7!3m6!1s0x47c60995ed07a799:0xaca0e7d654a1bd96!8m2!3d52.3656768!4d4.8994841!16s%2Fg%2F1tfcbchx!19sChIJmacH7ZUJxkcRlr2hVNbnoKw?authuser=0&hl=nl&rclk=1,Telefoon: 020 623 1484,uitgeverij Amsterdam
Uitgeverij De Graveinse Abeel,,http://www.degraveinseabeel.nl/,https://www.google.com/maps/place/Uitgeverij+De+Graveinse+Abeel/data=!4m7!3m6!1s0x47c609c8d5bb6ea7:0xbf82b6e644a7d339!8m2!3d52.3801297!4d4.8905371!16s%2Fg%2F1thp_xx1!19sChIJp2671cgJxkcROdOnROa2gr8?authuser=0&hl=nl&rclk=1,Telefoon: 020 626 3603,uitgeverij Amsterdam
Overamstel uitgevers,,https://www.overamsteluitgevers.com/,https://www.google.com/maps/place/Overamstel+uitgevers/data=!4m7!3m6!1s0x47c609754f016f35:0x58c2e75f75574176!8m2!3d52.3327346!4d4.9189871!16s%2Fg%2F1hc1kc9xm!19sChIJNW8BT3UJxkcRdkFXdV_nwlg?authuser=0&hl=nl&rclk=1,Telefoon: 020 462 4300,uitgeverij Amsterdam
Uitgeverij Gianotten,,,https://www.google.com/maps/place/Uitgeverij+Gianotten/data=!4m7!3m6!1s0x47c6098ace333f5d:0xd19c4c3b98a0d6b5!8m2!3d52.3474172!4d4.8917441!16s%2Fg%2F11c6cply0n!19sChIJXT8zzooJxkcRtdagmDtMnNE?authuser=0&hl=nl&rclk=1,Telefoon: 020 428 8212,uitgeverij Amsterdam
B.V. Uitgeverij De Bataafsche Leeuw,,http://www.bataafscheleeuw.nl/,https://www.google.com/maps/place/B.V.+Uitgeverij+De+Bataafsche+Leeuw/data=!4m7!3m6!1s0x47c60a20d4ffb74d:0x8623a49447ccff4d!8m2!3d52.3427061!4d4.896818!16s%2Fg%2F1tgfvv6f!19sChIJTbf_1CAKxkcRTf_MR5SkI4Y?authuser=0&hl=nl&rclk=1,Telefoon: 020 644 6458,uitgeverij Amsterdam
Singel Uitgeverijen,,http://www.singeluitgeverijen.nl/,https://www.google.com/maps/place/Singel+Uitgeverijen/data=!4m7!3m6!1s0x47c609c1a48992dd:0x9de01e170f0015e5!8m2!3d52.3595437!4d4.8966711!16s%2Fg%2F11b7hxnpv6!19sChIJ3ZKJpMEJxkcR5RUADxce4J0?authuser=0&hl=nl&rclk=1,Telefoon: 020 760 7210,uitgeverij Amsterdam
Uitgeverij De Arbeiderspers,,http://www.arbeiderspers.nl/,https://www.google.com/maps/place/Uitgeverij+De+Arbeiderspers/data=!4m7!3m6!1s0x47c60993a750729d:0x822a1cb28737d402!8m2!3d52.3595683!4d4.8966425!16s%2Fg%2F11f3_x4qk6!19sChIJnXJQp5MJxkcRAtQ3h7IcKoI?authuser=0&hl=nl&rclk=1,Telefoon: 020 760 7210,uitgeverij Amsterdam
De nieuwe uitgever,,http://denieuweuitgever.nl/,https://www.google.com/maps/place/De+nieuwe+uitgever/data=!4m7!3m6!1s0x47c6090bcd512da9:0x3c7bcda61510d285!8m2!3d52.3700779!4d4.9250774!16s%2Fg%2F11c1xq8ysm!19sChIJqS1RzQsJxkcRhdIQFabNezw?authuser=0&hl=nl&rclk=1,Telefoon: 020 626 2540,uitgeverij Amsterdam
Nijgh & van Ditmar B.V.,,http://www.nijghenvanditmar.nl/,https://www.google.com/maps/place/Nijgh+%26+van+Ditmar+B.V./data=!4m7!3m6!1s0x47c609c405e75a43:0x6a030843bb982104!8m2!3d52.3595535!4d4.8966449!16s%2Fg%2F11bwlcgls4!19sChIJQ1rnBcQJxkcRBCGYu0MIA2o?authuser=0&hl=nl&rclk=1,Telefoon: 020 760 7210,uitgeverij Amsterdam
Uitgeverij Cossee,,http://cossee.com/,https://www.google.com/maps/place/Uitgeverij+Cossee/data=!4m7!3m6!1s0x47c609945db31579:0x1dd31a49fad23613!8m2!3d52.3627912!4d4.8976673!16s%2Fg%2F1tgwlwx0!19sChIJeRWzXZQJxkcREzbS-kka0x0?authuser=0&hl=nl&rclk=1,Telefoon: 020 528 9911,uitgeverij Amsterdam
Villamedia Uitgeverij B.V.,sleliman@villamedia.nl,http://www.villamedia.nl/,https://www.google.com/maps/place/Villamedia+Uitgeverij+B.V./data=!4m7!3m6!1s0x47c609f1d9814e57:0x62f4e3a3dcf20628!8m2!3d52.3562185!4d4.8836761!16s%2Fg%2F1tgp9gr0!19sChIJV06B2fEJxkcRKAby3KPj9GI?authuser=0&hl=nl&rclk=1,Telefoon: 020 303 9738,uitgeverij Amsterdam
Polak en van Gennep B.V.,,http://www.klassieken.nl/,https://www.google.com/maps/place/Polak+en+van+Gennep+B.V./data=!4m7!3m6!1s0x47c60993a75b2e95:0x967a79207f967798!8m2!3d52.3595437!4d4.8966711!16s%2Fg%2F11dfh2vm8j!19sChIJlS5bp5MJxkcRmHeWfyB5epY?authuser=0&hl=nl&rclk=1,Telefoon: 020 551 1262,uitgeverij Amsterdam
Better Time Stories,,https://bettertimestories.com/,https://www.google.com/maps/place/Better+Time+Stories/data=!4m7!3m6!1s0xa42be211c2a988d:0x3a7e70860abb5b5e!8m2!3d52.3665859!4d4.8921853!16s%2Fg%2F11l668bh8s!19sChIJjZgqHCG-QgoRXlu7CoZwfjo?authuser=0&hl=nl&rclk=1,,uitgeverij Amsterdam
Uitgeverij Zeggenschap,,,https://www.google.com/maps/place/Uitgeverij+Zeggenschap/data=!4m7!3m6!1s0x47c609b8b88d1ac1:0x2db556f881147244!8m2!3d52.3727541!4d4.8979694!16s%2Fg%2F1x6q0zd5!19sChIJwRqNuLgJxkcRRHIUgfhWtS0?authuser=0&hl=nl&rclk=1,Telefoon: 020 627 7110,uitgeverij Amsterdam
Uitgeverij J.M. Meulenhoff,info@meulenhoff.nl,http://www.meulenhoff.nl/,https://www.google.com/maps/place/Uitgeverij+J.M.+Meulenhoff/data=!4m7!3m6!1s0x47c609ea9354483f:0x4e168054eba936d8!8m2!3d52.3441008!4d4.9175267!16s%2Fg%2F1tv23brt!19sChIJP0hUk-oJxkcR2Dap61SAFk4?authuser=0&hl=nl&rclk=1,Telefoon: 020 535 3135,uitgeverij Amsterdam
Uitgeverij Dharma,info@uitgeverijdharma.nl,http://www.uitgeverijdharma.nl/?page_id=487,https://www.google.com/maps/place/Uitgeverij+Dharma/data=!4m7!3m6!1s0x47c609951d86aaab:0x7e5f33e33dd196ab!8m2!3d52.3639765!4d4.896315!16s%2Fg%2F11fm34b8cv!19sChIJq6qGHZUJxkcRq5bRPeMzX34?authuser=0&hl=nl&rclk=1,Telefoon: 020 620 5207,uitgeverij Amsterdam
Uitgeverij IADEA,,,https://www.google.com/maps/place/Uitgeverij+IADEA/data=!4m7!3m6!1s0x47c609e742929f3b:0x9b6c8e8daa961518!8m2!3d52.3666673!4d4.8762013!16s%2Fg%2F11dxdhsrr7!19sChIJO5-SQucJxkcRGBWWqo2ObJs?authuser=0&hl=nl&rclk=1,Telefoon: 06 27034400,uitgeverij Amsterdam
Serena Libri,,,https://www.google.com/maps/place/Serena+Libri/data=!4m7!3m6!1s0x47c609ef5f3c5d5f:0x578aadfb132b6d0e!8m2!3d52.360872!4d4.8803599!16s%2Fg%2F1tffyp_9!19sChIJX108X-8JxkcRDm0rE_utilc?authuser=0&hl=nl&rclk=1,Telefoon: 020 664 2426,uitgeverij Amsterdam
Xander Uitgevers B.V.,info@xanderuitgevers.nl,http://www.xanderuitgevers.nl/,https://www.google.com/maps/place/Xander+Uitgevers+B.V./data=!4m7!3m6!1s0x47c5efb44c727f55:0x58ee4639b684d083!8m2!3d52.3505347!4d4.9207573!16s%2Fg%2F11_dzgjrv!19sChIJVX9yTLTvxUcRg9CEtjlG7lg?authuser=0&hl=nl&rclk=1,Telefoon: 020 303 3950,uitgeverij Amsterdam
Uitgeverij Ploegsma B.V.,promotie@wpgmedia.nl,http://www.ploegsma.nl/,https://www.google.com/maps/place/Uitgeverij+Ploegsma+B.V./data=!4m7!3m6!1s0x47c609c405e75a7d:0xdf55f32e9eeb40a4!8m2!3d52.3505347!4d4.9207573!16s%2Fg%2F11c3k9t449!19sChIJfVrnBcQJxkcRpEDrni7zVd8?authuser=0&hl=nl&rclk=1,Telefoon: 020 551 1250,uitgeverij Amsterdam
Das Mag Uitgevers,info@dasmag.nl,http://www.dasmag.nl/,https://www.google.com/maps/place/Das+Mag+Uitgevers/data=!4m7!3m6!1s0x47c609de3ab68857:0xeff405cc2b439e60!8m2!3d52.3683522!4d4.8974353!16s%2Fg%2F11bwkht0rf!19sChIJV4i2Ot4JxkcRYJ5DK8wF9O8?authuser=0&hl=nl&rclk=1,Telefoon: 06 44556636,uitgeverij Amsterdam
Uitgeverij Caprae,info@uitgeverijcaprae.nl,https://uitgeverijcaprae.nl/,https://www.google.com/maps/place/Uitgeverij+Caprae/data=!4m7!3m6!1s0x47c60b3616f22cb9:0xc048997b7e001b77!8m2!3d52.3413381!4d4.9079492!16s%2Fg%2F11vd8knk4h!19sChIJuSzyFjYLxkcRdxsAfnuZSMA?authuser=0&hl=nl&rclk=1,Telefoon: 06 44610743,uitgeverij Amsterdam
Lieneke Dijkzeul,info@lemniscaat.nl,http://www.lienekedijkzeul.nl/biografie.html,https://www.google.com/maps/place/Lieneke+Dijkzeul/data=!4m7!3m6!1s0x47c609ea8d700001:0x6b48663ebe1a47eb!8m2!3d52.3656014!4d4.8918035!16s%2Fg%2F11fm32y3wc!19sChIJAQBwjeoJxkcR60cavj5mSGs?authuser=0&hl=nl&rclk=1,Telefoon: 020 524 5411,uitgeverij Amsterdam
Life. Productions,,https://www.life-productions.nl/,https://www.google.com/maps/place/Life.+Productions/data=!4m7!3m6!1s0x47c6091bbb34d985:0x194c77719b1f271!8m2!3d52.3680154!4d4.8848302!16s%2Fg%2F11wtd_yw3d!19sChIJhdk0uxsJxkcRcfKxGXfHlAE?authuser=0&hl=nl&rclk=1,Telefoon: 06 46400825,uitgeverij Amsterdam
Uitgeverij Walewein,,,https://www.google.com/maps/place/Uitgeverij+Walewein/data=!4m7!3m6!1s0x47c609f227b4a3a3:0x18066cb333c7dd4a!8m2!3d52.3544236!4d4.8859847!16s%2Fg%2F11c328rjrj!19sChIJo6O0J_IJxkcRSt3HM7NsBhg?authuser=0&hl=nl&rclk=1,Telefoon: 06 54664496,uitgeverij Amsterdam
Service for Publishers NL BV,,http://serviceforpublishers.com/,https://www.google.com/maps/place/Service+for+Publishers+NL+BV/data=!4m7!3m6!1s0x47c609ea33412b21:0x6aafaf9812ea5e3c!8m2!3d52.3643363!4d4.8886364!16s%2Fg%2F11c2p9zttb!19sChIJIStBM-oJxkcRPF7qEpivr2o?authuser=0&hl=nl&rclk=1,Telefoon: 020 330 9670,uitgeverij Amsterdam
Uitgeverij Byblos B.V.,,,https://www.google.com/maps/place/Uitgeverij+Byblos+B.V./data=!4m7!3m6!1s0x47c6098fc511744f:0x5bb542ac8c4c17d4!8m2!3d52.3548801!4d4.9033718!16s%2Fg%2F11h1fwdgcc!19sChIJT3QRxY8JxkcR1BdMjKxCtVs?authuser=0&hl=nl&rclk=1,Telefoon: 020 626 8469,uitgeverij Amsterdam
BoekenBoeien,info@eenvoudigcommuniceren.nl,http://boekenboeien.nl/,https://www.google.com/maps/place/BoekenBoeien/data=!4m7!3m6!1s0x47c609c486054db9:0xc625eb6c01f50053!8m2!3d52.3730416!4d4.8853355!16s%2Fg%2F11fy_d87bw!19sChIJuU0FhsQJxkcRUwD1AWzrJcY?authuser=0&hl=nl&rclk=1,Telefoon: 020 520 6070,uitgeverij Amsterdam
WPG Uitgevers,info@wpg.nl,http://www.wpg.nl/,https://www.google.com/maps/place/WPG+Uitgevers/data=!4m7!3m6!1s0x47c609c26a9354db:0x61315fa134973a1e!8m2!3d52.3505347!4d4.9207573!16s%2Fg%2F1tfzr32l!19sChIJ21STasIJxkcRHjqXNKFfMWE?authuser=0&hl=nl&rclk=1,Telefoon: 020 521 9777,uitgeverij Amsterdam
Clavis Uitgeverij,,https://www.clavisbooks.com/,https://www.google.com/maps/place/Clavis+Uitgeverij/data=!4m7!3m6!1s0x47c6091b37351a2f:0x5e9b694e73c04606!8m2!3d52.4023009!4d4.8915839!16s%2Fg%2F11v0znbmyx!19sChIJLxo1NxsJxkcRBkbAc05pm14?authuser=0&hl=nl&rclk=1,,uitgeverij Amsterdam
Godoy Uitgevers,info@guysengodoy.nl,https://www.guysengodoy.nl/,https://www.google.com/maps/place/Godoy+Uitgevers/data=!4m7!3m6!1s0x47c609db33034c1f:0xb1ee73b96a24fa0c!8m2!3d52.3743494!4d4.8824529!16s%2Fg%2F11cn3v8m4l!19sChIJH0wDM9sJxkcRDPokarlz7rE?authuser=0&hl=nl&rclk=1,Telefoon: 010 737 0372,uitgeverij Amsterdam
Uitgeverij Hebri B.V.,hebribv@wxs.nl,http://www.hebribv.nl/,https://www.google.com/maps/place/Uitgeverij+Hebri+B.V./data=!4m7!3m6!1s0x47c609dd3ab7355f:0xaa9ff7418ee9d743!8m2!3d52.3692304!4d4.8808057!16s%2Fg%2F1tgmvgfp!19sChIJXzW3Ot0JxkcRQ9fpjkH3n6o?authuser=0&hl=nl&rclk=1,Telefoon: 020 626 8549,uitgeverij Amsterdam
Uitgeverij Nieuwezijds B.V.,,https://www.nieuwezijds.nl/,https://www.google.com/maps/place/Uitgeverij+Nieuwezijds+B.V./data=!4m7!3m6!1s0x47c609c65a2d3b21:0x1d88d01b656a2dbc!8m2!3d52.3751353!4d4.8916411!16s%2Fg%2F1tfxx6s2!19sChIJITstWsYJxkcRvC1qZRvQiB0?authuser=0&hl=nl&rclk=1,Telefoon: 020 623 4744,uitgeverij Amsterdam
Hogrefe Uitgevers BV,administratie@hogrefe.nl,https://www.hogrefe.nl/,https://www.google.com/maps/place/Hogrefe+Uitgevers+BV/data=!4m7!3m6!1s0x47c60993af4b6de1:0xb8d64e1725b09398!8m2!3d52.3591772!4d4.8969426!16s%2Fg%2F1tf868m0!19sChIJ4W1Lr5MJxkcRmJOwJRdO1rg?authuser=0&hl=nl&rclk=1,,uitgeverij Amsterdam
ig 5 Mediaproductions,,,https://www.google.com/maps/place/ig+5+Mediaproductions/data=!4m7!3m6!1s0x47c609edb40de445:0x38878f5093bccf78!8m2!3d52.3586747!4d4.8885073!16s%2Fg%2F11nxt1wq2_!19sChIJReQNtO0JxkcReM-8k1CPhzg?authuser=0&hl=nl&rclk=1,Telefoon: 06 45508529,uitgeverij Amsterdam
Uitgeverij Volt,,http://www.uitgeverijvolt.nl/,https://www.google.com/maps/place/Uitgeverij+Volt/data=!4m7!3m6!1s0x47c6094f3a90a399:0x578acd6449f3dfdb!8m2!3d52.3595437!4d4.8966711!16s%2Fg%2F11kn8lrdcw!19sChIJmaOQOk8JxkcR29_zSWTNilc?authuser=0&hl=nl&rclk=1,Telefoon: 020 760 7210,uitgeverij Amsterdam
Uitgeverij Lias BV,info@uitgeverijlias.nl,https://uitgeverijlias.nl/,https://www.google.com/maps/place/Uitgeverij+Lias+BV/data=!4m7!3m6!1s0x47c66f5b2fe465f3:0xff8d201540efa622!8m2!3d52.3721241!4d4.8501527!16s%2Fg%2F1pv0_xjcx!19sChIJ82XkL1tvxkcRIqbvQBUgjf8?authuser=0&hl=nl&rclk=1,Telefoon: 06 18467846,uitgeverij Amsterdam
Uitgeverij De Kring,info@uitgeverijdekring.nl,http://www.uitgeverijdekring.nl/,https://www.google.com/maps/place/Uitgeverij+De+Kring/data=!4m7!3m6!1s0x47c609f8091071fd:0x126db76b147f2df5!8m2!3d52.3463833!4d4.8765318!16s%2Fg%2F1pv0258qs!19sChIJ_XEQCfgJxkcR9S1_FGu3bRI?authuser=0&hl=nl&rclk=1,Telefoon: 020 379 2939,uitgeverij Amsterdam
Rubinstein B.V.,info@rubinstein.nl,https://www.rubinstein.nl/,https://www.google.com/maps/place/Rubinstein+B.V./data=!4m7!3m6!1s0x47c609cd1061ac53:0xb5676c6d0db7d6e5!8m2!3d52.386462!4d4.8872327!16s%2Fg%2F1vfp2vb3!19sChIJU6xhEM0JxkcR5da3DW1sZ7U?authuser=0&hl=nl&rclk=1,Telefoon: 020 420 0772,uitgeverij Amsterdam
Uitgeverij Voetnoot,,http://www.voetnoot-publishers.nl/,https://www.google.com/maps/place/Uitgeverij+Voetnoot/data=!4m7!3m6!1s0x47c5e20f80ecc1c9:0x12a6be8e1f610a1d!8m2!3d52.3576981!4d4.8561646!16s%2Fg%2F1tdq9s9m!19sChIJycHsgA_ixUcRHQphH46-phI?authuser=0&hl=nl&rclk=1,Telefoon: +32 3 227 24 05,uitgeverij Amsterdam
Meridiaan Uitgevers,welkom@meridiaanuitgevers.com,https://www.meridiaanuitgevers.com/contact,https://www.google.com/maps/place/Meridiaan+Uitgevers/data=!4m7!3m6!1s0x47c6090bcd5c6f7d:0xd615d9a6221b4550!8m2!3d52.3646491!4d4.8825092!16s%2Fg%2F11kv55mhy2!19sChIJfW9czQsJxkcRUEUbIqbZFdY?authuser=0&hl=nl&rclk=1,Telefoon: 020 209 3494,uitgeverij Amsterdam
Uitgeverij de Vita,,,https://www.google.com/maps/place/Uitgeverij+de+Vita/data=!4m7!3m6!1s0x47c5e37ba21bc583:0xe168c78d7cb66680!8m2!3d52.3653673!4d4.8601535!16s%2Fg%2F11rhszt4sq!19sChIJg8UbonvjxUcRgGa2fI3HaOE?authuser=0&hl=nl&rclk=1,Telefoon: 06 24557201,uitgeverij Amsterdam
novum uitgeverij,office@novumpublishing.nl,http://www.novumpublishing.nl/,https://www.google.com/maps/place/novum+uitgeverij/data=!4m7!3m6!1s0x47c5e1f82a30d23b:0x2aa88916722ce36d!8m2!3d52.3233174!4d4.8582245!16s%2Fg%2F11jzx62s5r!19sChIJO9IwKvjhxUcRbeMschaJqCo?authuser=0&hl=nl&rclk=1,,uitgeverij Amsterdam
Zenthar,info@zenthar.com,http://www.zenthar.com/,https://www.google.com/maps/place/Zenthar/data=!4m7!3m6!1s0x47c6098ea3622307:0xedb3597f41f1fc6!8m2!3d52.3800465!4d4.8774263!16s%2Fg%2F11px4zl33j!19sChIJByNio44JxkcRxh8f9Jc12w4?authuser=0&hl=nl&rclk=1,Telefoon: 020 686 8335,uitgeverij Amsterdam
Uitgeverij Podium B.V.,post@uitgeverijpodium.nl,http://www.uitgeverijpodium.nl/,https://www.google.com/maps/place/Uitgeverij+Podium+B.V./data=!4m7!3m6!1s0x47c609e353ee1dc9:0xd0bdfcc10ea7e4b5!8m2!3d52.3440326!4d4.9174421!16s%2Fg%2F11h4g906z0!19sChIJyR3uU-MJxkcRteSnDsH8vdA?authuser=0&hl=nl&rclk=1,Telefoon: 020 570 6100,uitgeverij Amsterdam
Samsara Uitgeverij B.V.,info@samsarabooks.com,https://www.samsarabooks.com/,https://www.google.com/maps/place/Samsara+Uitgeverij+B.V./data=!4m7!3m6!1s0x47c609c234071477:0xbcafe5bf981fbed!8m2!3d52.3693867!4d4.8871701!16s%2Fg%2F1td41pq0!19sChIJdxQHNMIJxkcR7fuB-Vv-ygs?authuser=0&hl=nl&rclk=1,Telefoon: 020 555 0366,uitgeverij Amsterdam
Thomas Rap B.V.,info@uitgeverijcargo.nl,https://www.thomasrap.nl/,https://www.google.com/maps/place/Thomas+Rap+B.V./data=!4m7!3m6!1s0x47c609f1d5eb1eab:0x1ce15407db3961c9!8m2!3d52.3565002!4d4.883235!16s%2Fg%2F1ths8kb8!19sChIJqx7r1fEJxkcRyWE52wdU4Rw?authuser=0&hl=nl&rclk=1,Telefoon: 020 305 9810,uitgeverij Amsterdam
LannooMeulenhoff BV,,,https://www.google.com/maps/place/LannooMeulenhoff+BV/data=!4m7!3m6!1s0x47c666fd04e19c51:0x3aff286eb17df6b4!8m2!3d52.3440783!4d4.9174014!16s%2Fg%2F11c2nbs80c!19sChIJUZzhBP1mxkcRtPZ9sW4o_zo?authuser=0&hl=nl&rclk=1,Telefoon: 020 236 4200,uitgeverij Amsterdam
Uitgeverij Ambo Anthos,info@amboanthos.nl,http://www.amboanthos.nl/,https://www.google.com/maps/place/Uitgeverij+Ambo+Anthos/data=!4m7!3m6!1s0x47c609978332e517:0x9e292f289d7d48!8m2!3d52.3638567!4d4.9069016!16s%2Fg%2F11dzt52wjl!19sChIJF-Uyg5cJxkcRSH2dKC8pngA?authuser=0&hl=nl&rclk=1,Telefoon: 020 524 5411,uitgeverij Amsterdam
Unieboek | Het Spectrum BV,promotie@unieboekspectrum.nl,http://www.unieboekspectrum.nl/,https://www.google.com/maps/place/Unieboek+%7C+Het+Spectrum+BV/data=!4m7!3m6!1s0x47c666fd22cbf245:0xafc71ddc35742071!8m2!3d52.3440421!4d4.9174645!16s%2Fg%2F1tj2h2nt!19sChIJRfLLIv1mxkcRcSB0Ndwdx68?authuser=0&hl=nl&rclk=1,Telefoon: 020 236 4200,uitgeverij Amsterdam
uitgeverij cd-id multimedia,info@cd-id.nl,https://www.cd-id.nl/,https://www.google.com/maps/place/uitgeverij+cd-id+multimedia/data=!4m7!3m6!1s0x47c60a283ab15853:0xb0f1089f638e69c5!8m2!3d52.3676418!4d4.9309945!16s%2Fg%2F1tn00f7r!19sChIJU1ixOigKxkcRxWmOY58I8bA?authuser=0&hl=nl&rclk=1,Telefoon: 06 22566296,uitgeverij Amsterdam
Uitgeverij Orlando B.V.,info@uitgeverijorlando.nl,http://www.uitgeverijorlando.nl/,https://www.google.com/maps/place/Uitgeverij+Orlando+B.V./data=!4m7!3m6!1s0x47c60968848a4263:0xb8f0c6a728eb4526!8m2!3d52.3504077!4d4.9354423!16s%2Fg%2F11cn3w9j3q!19sChIJY0KKhGgJxkcRJkXrKKfG8Lg?authuser=0&hl=nl&rclk=1,,uitgeverij Amsterdam
Uitgeverij Koppernik Bv,info@koppernik.nl,https://www.koppernik.nl/,https://www.google.com/maps/place/Uitgeverij+Koppernik+Bv/data=!4m7!3m6!1s0x47c609dda97481db:0xb075b77d67282c15!8m2!3d52.3780358!4d4.888877!16s%2Fg%2F11hzrrhs_x!19sChIJ24F0qd0JxkcRFSwoZ323dbA?authuser=0&hl=nl&rclk=1,,uitgeverij Amsterdam
Uitgeverij Lannoo (Nederland),,http://www.lannoo.com/,https://www.google.com/maps/place/Uitgeverij+Lannoo+%28Nederland%29/data=!4m7!3m6!1s0x47c666fd22cbf245:0xb541900786182454!8m2!3d52.3440421!4d4.9174645!16s%2Fg%2F1w6_n0vt!19sChIJRfLLIv1mxkcRVCQYhgeQQbU?authuser=0&hl=nl&rclk=1,Telefoon: 020 236 4270,uitgeverij Amsterdam
Uitgeverij De Bezige Bij BV,info@debezigebij.nl,http://www.debezigebij.nl/,https://www.google.com/maps/place/Uitgeverij+De+Bezige+Bij+BV/data=!4m7!3m6!1s0x47c609f1d5eb1eab:0xd1da05bd2d2a92cb!8m2!3d52.3565002!4d4.883235!16s%2Fg%2F1tr9mmj6!19sChIJqx7r1fEJxkcRy5IqLb0F2tE?authuser=0&hl=nl&rclk=1,Telefoon: 020 305 9810,uitgeverij Amsterdam
Uitgeverij Querido,,http://www.querido.nl/,https://www.google.com/maps/place/Uitgeverij+Querido/data=!4m7!3m6!1s0x47c60993a75b2e95:0xfaa6aceefd785cc6!8m2!3d52.3595535!4d4.8966449!16s%2Fg%2F11dzds8j7c!19sChIJlS5bp5MJxkcRxlx4_e6spvo?authuser=0&hl=nl&rclk=1,Telefoon: 020 760 7210,uitgeverij Amsterdam
Uitgeverij Coutinho,info@coutinho.nl,https://www.coutinho.nl/,https://www.google.com/maps/place/Uitgeverij+Coutinho/data=!4m7!3m6!1s0x47c6136feb42b1af:0x3af062e025d4bda3!8m2!3d52.3641388!4d4.8862877!16s%2Fg%2F1tdnw2wr!19sChIJr7FC628TxkcRo73UJeBi8Do?authuser=0&hl=nl&rclk=1,Telefoon: 035 694 9991,uitgeverij Amsterdam
Uitgeverij Rainbow BV,,https://www.rainbow.nl/,https://www.google.com/maps/place/Uitgeverij+Rainbow+BV/data=!4m7!3m6!1s0x47c6099539473cbb:0xef1759fd88d8ddcf!8m2!3d52.3327346!4d4.918987!16s%2Fg%2F1pv1rw3ff!19sChIJuzxHOZUJxkcRz93YiP1ZF-8?authuser=0&hl=nl&rclk=1,Telefoon: 020 462 4380,uitgeverij Amsterdam
Uitgeverij Van Zoetendaal,info@vanzoetendaal.com,http://www.vanzoetendaal.com/,https://www.google.com/maps/place/Uitgeverij+Van+Zoetendaal/data=!4m7!3m6!1s0x47c609bc152ee159:0xd11af332aac3621d!8m2!3d52.3704658!4d4.9034843!16s%2Fg%2F1tmpd3qj!19sChIJWeEuFbwJxkcRHWLDqjLzGtE?authuser=0&hl=nl&rclk=1,Telefoon: 020 624 9802,uitgeverij Amsterdam
Uitgeverij Boycott,info@uitgeverijboycott.nl,http://www.boycottbooks.com/,https://www.google.com/maps/place/Uitgeverij+Boycott/data=!4m7!3m6!1s0x47c6085187e818b9:0x597f11ef6720262a!8m2!3d52.3954027!4d4.8758428!16s%2Fg%2F11c1lh_w84!19sChIJuRjoh1EIxkcRKiYgZ-8Rf1k?authuser=0&hl=nl&rclk=1,Telefoon: 06 37408052,uitgeverij Amsterdam
Uitgeverij Natuurmedia,boeken@natuurmedia.nl,https://www.natuurmedia.nl/,https://www.google.com/maps/place/Uitgeverij+Natuurmedia/data=!4m7!3m6!1s0x47c609bd036a9b7b:0xc0ba63993e165e39!8m2!3d52.3686498!4d4.9055745!16s%2Fg%2F1wf37t7g!19sChIJe5tqA70JxkcROV4WPpljusA?authuser=0&hl=nl&rclk=1,Telefoon: 06 51792979,uitgeverij Amsterdam
Eenvoudig Communiceren,info@eenvoudigcommuniceren.nl,http://www.eenvoudigcommuniceren.nl/,https://www.google.com/maps/place/Eenvoudig+Communiceren/data=!4m7!3m6!1s0x47c609e965f427f9:0xa16fb84de4978288!8m2!3d52.3680925!4d4.8964274!16s%2Fg%2F11cjj74bpf!19sChIJ-Sf0ZekJxkcRiIKX5E24b6E?authuser=0&hl=nl&rclk=1,Telefoon: 020 520 6070,uitgeverij Amsterdam
Uitgeverij Kapstok,luuk.de.bruijn@uitgeverijkapstok.nl,https://www.uitgeverijkapstok.nl/,https://www.google.com/maps/place/Uitgeverij+Kapstok/data=!4m7!3m6!1s0x47c5e278f3ee670d:0xe0eb02958c58f24c!8m2!3d52.3814371!4d4.868468!16s%2Fg%2F1tr9mm7s!19sChIJDWfu83jixUcRTPJYjJUC6-A?authuser=0&hl=nl&rclk=1,Telefoon: 020 427 8239,uitgeverij Amsterdam
Uitgeverij Atlas Contact B.V.,info@atlascontact.nl,http://atlascontact.nl/,https://www.google.com/maps/place/Uitgeverij+Atlas+Contact+B.V./data=!4m7!3m6!1s0x47c609eb767d930f:0x7ce67e9034c23997!8m2!3d52.3638567!4d4.9069016!16s%2Fg%2F1pty7428_!19sChIJD5N9dusJxkcRlznCNJB-5nw?authuser=0&hl=nl&rclk=1,Telefoon: 020 524 9800,uitgeverij Amsterdam
Uitgeverij Balans,info@uitgeverijbalans.nl,https://www.uitgeverijbalans.nl/,https://www.google.com/maps/place/Uitgeverij+Balans/data=!4m7!3m6!1s0x47c609c24027ef3f:0x7625260134203657!8m2!3d52.3766712!4d4.8877169!16s%2Fg%2F11c3l7q6_0!19sChIJP-8nQMIJxkcRVzYgNAEmJXY?authuser=0&hl=nl&rclk=1,Telefoon: 020 261 1938,uitgeverij Amsterdam
Uitgeverij de Harmonie B.V.,info@deharmonie.nl,http://www.deharmonie.nl/,https://www.google.com/maps/place/Uitgeverij+de+Harmonie+B.V./data=!4m7!3m6!1s0x47c6099539488bb5:0x2ae0ef3512357a07!8m2!3d52.3650922!4d4.8953599!16s%2Fg%2F1wk7q1jl!19sChIJtYtIOZUJxkcRB3o1EjXv4Co?authuser=0&hl=nl&rclk=1,Telefoon: 020 624 5181,uitgeverij Amsterdam
"""Duizend en Een"" Uitgeverij",info@uitgeverij1001.nl,https://www.uitgeverij1001.nl/,https://www.google.com/maps/place/%22Duizend+en+Een%22+Uitgeverij/data=!4m7!3m6!1s0x47c5e27187aad619:0x453fb1f41eeef66e!8m2!3d52.3736175!4d4.8586743!16s%2Fg%2F1tf5jv0s!19sChIJGdaqh3HixUcRbvbuHvSxP0U?authuser=0&hl=nl&rclk=1,Telefoon: 020 689 0494,uitgeverij Amsterdam
Uitgeverij Momentum,info@uitgeverijmomentum.nl,https://www.uitgeverijmomentum.nl/?utm_source=google&utm_medium=wix_google_business_profile&utm_campaign=13545889428920273692,https://www.google.com/maps/place/Uitgeverij+Momentum/data=!4m7!3m6!1s0x47c609f508c043b7:0xeb0a606cf395bbe3!8m2!3d52.3644183!4d4.8999864!16s%2Fg%2F11vppv_h_t!19sChIJt0PACPUJxkcR47uV82xgCus?authuser=0&hl=nl&rclk=1,Telefoon: 020 416 6044,uitgeverij Amsterdam
Uitgeverij Lambo BV,info@lambo.nl,http://www.lambo.nl/,https://www.google.com/maps/place/Uitgeverij+Lambo+BV/data=!4m7!3m6!1s0x47c7a449880988d9:0x65c953c170d151d6!8m2!3d52.3522882!4d4.8485808!16s%2Fg%2F1wcxc9xx!19sChIJ2YgJiEmkx0cR1lHRcMFTyWU?authuser=0&hl=nl&rclk=1,Telefoon: 020 845 0078,uitgeverij Amsterdam
Stichting Uitgeverij Auteursdomein,info@auteursdomein.nl,http://www.auteursdomein.nl/,https://www.google.com/maps/place/Stichting+Uitgeverij+Auteursdomein/data=!4m7!3m6!1s0x47c609cf343b8ec9:0xbabe31c9e6183204!8m2!3d52.379239!4d4.8891!16s%2Fg%2F1tfbs26h!19sChIJyY47NM8JxkcRBDIY5skxvro?authuser=0&hl=nl&rclk=1,Telefoon: 020 625 2688,uitgeverij Amsterdam
Uitgeverij De Geus B.V.,,http://www.degeus.nl/,https://www.google.com/maps/place/Uitgeverij+De+Geus+B.V./data=!4m7!3m6!1s0x47c609c1a55bb8f5:0x4ba3bf263d20d1f7!8m2!3d52.3595548!4d4.8966457!16s%2Fg%2F11cs25nn85!19sChIJ9bhbpcEJxkcR99EgPSa_o0s?authuser=0&hl=nl&rclk=1,Telefoon: 020 760 7210,uitgeverij Amsterdam
Uitgeverij AIPress,,,https://www.google.com/maps/place/Uitgeverij+AIPress/data=!4m7!3m6!1s0x47c609d0589759e3:0xffe45b96bdbc2d6!8m2!3d52.3714414!4d4.8981286!16s%2Fg%2F11mrp2l57m!19sChIJ41mXWNAJxkcR1sLba7lF_g8?authuser=0&hl=nl&rclk=1,Telefoon: 06 57557117,uitgeverij Amsterdam
Lectura Cultura B.V.,info@lecturacultura.nl,http://lecturacultura.com/,https://www.google.com/maps/place/Lectura+Cultura+B.V./data=!4m7!3m6!1s0x47c609c28e2fd8e3:0xdd3327d352318f71!8m2!3d52.368!4d4.8840298!16s%2Fg%2F11c2jh8d3b!19sChIJ49gvjsIJxkcRcY8xUtMnM90?authuser=0&hl=nl&rclk=1,Telefoon: 020 261 6740,uitgeverij Amsterdam
Uitgeverij Y-Publicaties,,,https://www.google.com/maps/place/Uitgeverij+Y-Publicaties/data=!4m7!3m6!1s0x47c609c4860f3673:0x7d26c9cdde3e2c83!8m2!3d52.3633449!4d4.8863982!16s%2Fg%2F1tdgjg85!19sChIJczYPhsQJxkcRgyw-3s3JJn0?authuser=0&hl=nl&rclk=1,Telefoon: 020 520 6060,uitgeverij Amsterdam
De Boekerij,info@boekerij.nl,http://www.boekerij.nl/,https://www.google.com/maps/place/De+Boekerij/data=!4m7!3m6!1s0x47c609ea9354483f:0xe22998b2e954a0f9!8m2!3d52.3440811!4d4.917575!16s%2Fg%2F1wf37t89!19sChIJP0hUk-oJxkcR-aBU6bKYKeI?authuser=0&hl=nl&rclk=1,Telefoon: 020 535 3135,uitgeverij Amsterdam
Dimitri Verhulst,info@atlascontact.nl,http://dimitriverhulst.nl/,https://www.google.com/maps/place/Dimitri+Verhulst/data=!4m7!3m6!1s0x47c609eb75cfddb1:0x6d5ba41501764430!8m2!3d52.3625664!4d4.890651!16s%2Fg%2F11f0wy7wmx!19sChIJsd3PdesJxkcRMER2ARWkW20?authuser=0&hl=nl&rclk=1,Telefoon: 020 524 9800,uitgeverij Amsterdam
Kortdag Interim Communicatie,,,https://www.google.com/maps/place/Kortdag+Interim+Communicatie/data=!4m7!3m6!1s0x47c6093229bdc7b5:0x6ca55f44145d1ddb!8m2!3d52.3690377!4d4.8864232!16s%2Fg%2F11fl4lxjz9!19sChIJtce9KTIJxkcR2x1dFERfpWw?authuser=0&hl=nl&rclk=1,Telefoon: 06 18941336,communicatieadviesbureau Amsterdam
Unstoppable Agency B.V.,,,https://www.google.com/maps/place/Unstoppable+Agency+B.V./data=!4m7!3m6!1s0x47c609370d8d6a83:0xd8145f625729d0db!8m2!3d52.3662616!4d4.8851629!16s%2Fg%2F11mxb1t45y!19sChIJg2qNDTcJxkcR29ApV2JfFNg?authuser=0&hl=nl&rclk=1,Telefoon: 06 15146016,communicatieadviesbureau Amsterdam
Verkoopkampioenen B.V.,aanmelden@verkoopkampioenen.nl,https://www.verkoopkampioenen.nl/,https://www.google.com/maps/place/Verkoopkampioenen+B.V./data=!4m7!3m6!1s0x64e0ece73d0331a9:0xe7b97b112cbb74d0!8m2!3d52.3662616!4d4.8851629!16s%2Fg%2F11vwkqbkh8!19sChIJqTEDPefs4GQR0HS7LBF7uec?authuser=0&hl=nl&rclk=1,Telefoon: 020 244 2752,communicatieadviesbureau Amsterdam
RdB Communicatie,rico@rdbcommunicatie.nl,http://www.rdbcommunicatie.nl/,https://www.google.com/maps/place/RdB+Communicatie/data=!4m7!3m6!1s0x47c609100b83b75f:0x7623747bfdd69092!8m2!3d52.3721789!4d4.8805784!16s%2Fg%2F11frnxs1yg!19sChIJX7eDCxAJxkcRkpDW_Xt0I3Y?authuser=0&hl=nl&rclk=1,Telefoon: 06 11246868,communicatieadviesbureau Amsterdam
Seotech,info@seotech.nl,https://www.seotech.nl/,https://www.google.com/maps/place/Seotech/data=!4m7!3m6!1s0x47c617205a3ead95:0x59a338ebea3a9a7a!8m2!3d52.3655471!4d4.8866374!16s%2Fg%2F11btv64kmn!19sChIJla0-WiAXxkcRepo66us4o1k?authuser=0&hl=nl&rclk=1,Telefoon: 036 203 0049,communicatieadviesbureau Amsterdam
Brandus.amsterdam,,,https://www.google.com/maps/place/Brandus.amsterdam/data=!4m7!3m6!1s0x47c6093da434771d:0x1963d98b3b1de436!8m2!3d52.3623923!4d4.8835419!16s%2Fg%2F11gk0tbwpl!19sChIJHXc0pD0JxkcRNuQdO4vZYxk?authuser=0&hl=nl&rclk=1,Telefoon: 06 16010112,communicatieadviesbureau Amsterdam
Janneman Design & Direction,hello@janneman.co,http://www.janneman.co/,https://www.google.com/maps/place/Janneman+Design+%26+Direction/data=!4m7!3m6!1s0x47c5e26fffe1d241:0x19749b325adaebc!8m2!3d52.3647898!4d4.887743!16s%2Fg%2F113js_46w!19sChIJQdLh_2_ixUcRvK6tJbNJlwE?authuser=0&hl=nl&rclk=1,,communicatieadviesbureau Amsterdam
AWOL Agency,,https://www.awol.works/,https://www.google.com/maps/place/AWOL+Agency/data=!4m7!3m6!1s0x47c5e394368fafaf:0x6063f0bcb120bbb0!8m2!3d52.3646491!4d4.8825092!16s%2Fg%2F11kj7f_4q4!19sChIJr6-PNpTjxUcRsLsgsbzwY2A?authuser=0&hl=nl&rclk=1,Telefoon: 020 210 1777,communicatieadviesbureau Amsterdam
Jellyfish Amsterdam,dataprotection@jellyfish.com,https://www.jellyfish.com/,https://www.google.com/maps/place/Jellyfish+Amsterdam/data=!4m7!3m6!1s0x47c60be9b17f038d:0xfa9b0efd5d4279ea!8m2!3d52.3740333!4d4.8858415!16s%2Fg%2F11jgt691_r!19sChIJjQN_sekLxkcR6nlCXf0Om_o?authuser=0&hl=nl&rclk=1,Telefoon: 020 888 1821,communicatieadviesbureau Amsterdam
Yellowgrape,hello@yellowgrape.io,https://yellowgrape.io/,https://www.google.com/maps/place/Yellowgrape/data=!4m7!3m6!1s0x47c609da61ec49fd:0x91e8faf162c60fde!8m2!3d52.3677181!4d4.8872362!16s%2Fg%2F11m5yst8cj!19sChIJ_UnsYdoJxkcR3g_GYvH66JE?authuser=0&hl=nl&rclk=1,Telefoon: 020 244 0313,communicatieadviesbureau Amsterdam
Amsterdam Production Department,,,https://www.google.com/maps/place/Amsterdam+Production+Department/data=!4m7!3m6!1s0x47c609e9479c7797:0xb789f24e47b65a80!8m2!3d52.3625462!4d4.8855799!16s%2Fg%2F11c1pgcfml!19sChIJl3ecR-kJxkcRgFq2R07yibc?authuser=0&hl=nl&rclk=1,Telefoon: 06 13382198,communicatieadviesbureau Amsterdam
whYnot communicatie,info@whynotcommunicatie.nl,http://whynotcommunicatie.nl/,https://www.google.com/maps/place/whYnot+communicatie/data=!4m7!3m6!1s0x47c609e845c9a651:0x7ae02285162ca3db!8m2!3d52.365422!4d4.8833571!16s%2Fg%2F11g65f7sgn!19sChIJUabJRegJxkcR26MsFoUi4Ho?authuser=0&hl=nl&rclk=1,Telefoon: 06 10895441,communicatieadviesbureau Amsterdam
The Dutch Merchants,,https://www.thedutchmerchants.com/,https://www.google.com/maps/place/The+Dutch+Merchants/data=!4m7!3m6!1s0x47c60957aa43da93:0xffdee9c38a2fe4a5!8m2!3d52.3647898!4d4.887743!16s%2Fg%2F11vwqtwjj_!19sChIJk9pDqlcJxkcRpeQvisPp3v8?authuser=0&hl=nl&rclk=1,Telefoon: 085 060 0976,communicatieadviesbureau Amsterdam
Twofish,info@twofish.nl,https://twofish.nl/,https://www.google.com/maps/place/Twofish/data=!4m7!3m6!1s0x47c609e7f8cb32e3:0x46ff403048eccfaf!8m2!3d52.3671541!4d4.8809826!16s%2Fg%2F1tk6zpqb!19sChIJ4zLL-OcJxkcRr8_sSDBA_0Y?authuser=0&hl=nl&rclk=1,Telefoon: 020 521 8900,communicatieadviesbureau Amsterdam
Communicatiebureaus,info@search-media.nl,http://www.allecommunicatiebureaus.nl/index.php?actie=contact,https://www.google.com/maps/place/Communicatiebureaus/data=!4m7!3m6!1s0x47c609935942fb95:0x33936a3503caa819!8m2!3d52.3610293!4d4.8946795!16s%2Fg%2F11h4bshg4x!19sChIJlftCWZMJxkcRGajKAzVqkzM?authuser=0&hl=nl&rclk=1,Telefoon: 020 420 6361,communicatieadviesbureau Amsterdam
OSAGE Amsterdam,info@osage.nl,http://www.osage.nl/,https://www.google.com/maps/place/OSAGE+Amsterdam/data=!4m7!3m6!1s0x47c609dd8d10d627:0x2a2a51ba4fb3efba!8m2!3d52.3729651!4d4.8875241!16s%2Fg%2F11g_xrskxd!19sChIJJ9YQjd0JxkcRuu-zT7pRKio?authuser=0&hl=nl&rclk=1,Telefoon: 020 494 2485,communicatieadviesbureau Amsterdam
collective minds amsterdam,,https://collectiveminds.amsterdam/,https://www.google.com/maps/place/collective+minds+amsterdam/data=!4m7!3m6!1s0x47c609bfab29b645:0x59d4330764f22965!8m2!3d52.3726791!4d4.8867497!16s%2Fg%2F11bwh5d_z1!19sChIJRbYpq78JxkcRZSnyZAcz1Fk?authuser=0&hl=nl&rclk=1,,communicatieadviesbureau Amsterdam
ROI Concepts B.V.,,http://roiconcepts.nl/,https://www.google.com/maps/place/ROI+Concepts+B.V./data=!4m7!3m6!1s0x47c609e6f0c70597:0x241c9ad12562ac12!8m2!3d52.36475!4d4.886369!16s%2Fg%2F11qsm03wq7!19sChIJlwXH8OYJxkcREqxiJdGaHCQ?authuser=0&hl=nl&rclk=1,,communicatieadviesbureau Amsterdam
Cath&Co.,hello@cathenco.nl,http://www.cathenco.nl/,https://www.google.com/maps/place/Cath%26Co./data=!4m7!3m6!1s0x47c6090bf1bff991:0x91255f7c7b534fb7!8m2!3d52.3641568!4d4.8853174!16s%2Fg%2F11n0gfs_61!19sChIJkfm_8QsJxkcRt09Te3xfJZE?authuser=0&hl=nl&rclk=1,Telefoon: 06 30680399,communicatieadviesbureau Amsterdam
Train je Team,info@trainjeteam.nl,http://www.trainjeteam.nl/,https://www.google.com/maps/place/Train+je+Team/data=!4m7!3m6!1s0x47c5e203154a8383:0x4cf36bfefbc7c0c8!8m2!3d52.3654223!4d4.883357!16s%2Fg%2F12ll97n1h!19sChIJg4NKFQPixUcRyMDH-_5r80w?authuser=0&hl=nl&rclk=1,Telefoon: 085 401 0929,communicatieadviesbureau Amsterdam
Voxvisa,info@voxvisa.nl,https://voxvisa.nl/,https://www.google.com/maps/place/Voxvisa/data=!4m7!3m6!1s0x47c60959cf542589:0xdcbcf2c345cc2fae!8m2!3d52.3679054!4d4.8849736!16s%2Fg%2F11lz7qhy9x!19sChIJiSVUz1kJxkcRri_MRcPyvNw?authuser=0&hl=nl&rclk=1,Telefoon: 085 060 2722,communicatieadviesbureau Amsterdam
Ngrane,hello@ngrane.com,http://www.ngrane.com/,https://www.google.com/maps/place/Ngrane/data=!4m7!3m6!1s0x47c5c6850ea7bb37:0x1f1802f1dfaa081c!8m2!3d52.3698793!4d4.891925!16s%2Fg%2F1tg6twxx!19sChIJN7unDoXGxUcRHAiq3_ECGB8?authuser=0&hl=nl&rclk=1,Telefoon: 06 20206281,communicatieadviesbureau Amsterdam
AMS Bureau,info@amsbureau.nl,http://www.amsbureau.nl/,https://www.google.com/maps/place/AMS+Bureau/data=!4m7!3m6!1s0x47c609d2d2eedecd:0x5b2a380044bcc337!8m2!3d52.3666451!4d4.8890647!16s%2Fg%2F11q9tk04b0!19sChIJzd7u0tIJxkcRN8O8RAA4Kls?authuser=0&hl=nl&rclk=1,Telefoon: 020 214 8584,communicatieadviesbureau Amsterdam
Linkvada,info@linkvada.com,https://linkvada.com/,https://www.google.com/maps/place/Linkvada/data=!4m7!3m6!1s0x47c609f726d564db:0xd3e5b548b88e1dfb!8m2!3d52.3655471!4d4.8866374!16s%2Fg%2F11tjl4g06d!19sChIJ22TVJvcJxkcR-x2OuEi15dM?authuser=0&hl=nl&rclk=1,Telefoon: 036 203 0049,communicatieadviesbureau Amsterdam
Storytelling Studios,info@storytellingstudios.nl,https://www.storytellingstudios.nl/,https://www.google.com/maps/place/Storytelling+Studios/data=!4m7!3m6!1s0x47c60b17b701a82b:0x60e8605ac96d49e0!8m2!3d52.3683639!4d4.886235!16s%2Fg%2F11m__dmsgg!19sChIJK6gBtxcLxkcR4EltyVpg6GA?authuser=0&hl=nl&rclk=1,Telefoon: 085 303 3786,communicatieadviesbureau Amsterdam
Inspiral Growth,,https://inspiralgrowth.com/,https://www.google.com/maps/place/Inspiral+Growth/data=!4m7!3m6!1s0x2e93298a6da43cdd:0x77b7cf70205007e0!8m2!3d52.3667995!4d4.8875277!16s%2Fg%2F11qh683xqh!19sChIJ3TykbYopky4R4AdQIHDPt3c?authuser=0&hl=nl&rclk=1,Telefoon: 06 10748309,communicatieadviesbureau Amsterdam
Graffitinetwerk Amsterdam,,https://graffitinetwerk.nl/,https://www.google.com/maps/place/Graffitinetwerk+Amsterdam/data=!4m7!3m6!1s0x47c609160cfaeb11:0x4ded8a7e8c165023!8m2!3d52.3698452!4d4.8920621!16s%2Fg%2F11fjzbn46x!19sChIJEev6DBYJxkcRI1AWjH6K7U0?authuser=0&hl=nl&rclk=1,Telefoon: 085 060 0321,communicatieadviesbureau Amsterdam
Bammboo,,http://bammboo.io/,https://www.google.com/maps/place/Bammboo/data=!4m7!3m6!1s0x47c609a3c8ec3595:0x3e6a0851215c12bd!8m2!3d52.3635478!4d4.8919228!16s%2Fg%2F11c0xn8mwn!19sChIJlTXsyKMJxkcRvRJcIVEIaj4?authuser=0&hl=nl&rclk=1,Telefoon: 06 24513410,communicatieadviesbureau Amsterdam
Mattmo Creative BV,office@mattmo.nl,http://www.mattmo.nl/,https://www.google.com/maps/place/Mattmo+Creative+BV/data=!4m7!3m6!1s0x47c609bf15adb14b:0xd21b663b7cefd18!8m2!3d52.3704396!4d4.8971118!16s%2Fg%2F1thclznt!19sChIJS7GtFb8JxkcRGP3Ot2O2IQ0?authuser=0&hl=nl&rclk=1,Telefoon: 020 420 6773,communicatieadviesbureau Amsterdam
Consorto,,,https://www.google.com/maps/place/Consorto/data=!4m7!3m6!1s0x47c609c262fbffff:0x986af6c12b76f481!8m2!3d52.3679054!4d4.8849736!16s%2Fg%2F11ggr4_74f!19sChIJ___7YsIJxkcRgfR2K8H2apg?authuser=0&hl=nl&rclk=1,Telefoon: 06 47875157,communicatieadviesbureau Amsterdam
Roots Network,info@roots-network.com,http://www.roots-network.com/,https://www.google.com/maps/place/Roots+Network/data=!4m7!3m6!1s0x47c609071008fb5b:0x589604a1fd3e2805!8m2!3d52.3665859!4d4.8921853!16s%2Fg%2F11t0pldpr4!19sChIJW_sIEAcJxkcRBSg-_aEEllg?authuser=0&hl=nl&rclk=1,,communicatieadviesbureau Amsterdam
Gewoon Goede Sollicitanten,,https://www.gewoongoedesollicitanten.nl/,https://www.google.com/maps/place/Gewoon+Goede+Sollicitanten/data=!4m7!3m6!1s0x47c609c82e4491fb:0x464a070231f61d00!8m2!3d52.3667995!4d4.8875277!16s%2Fg%2F11v61r9nrv!19sChIJ-5FELsgJxkcRAB32MQIHSkY?authuser=0&hl=nl&rclk=1,Telefoon: 020 308 6306,communicatieadviesbureau Amsterdam
Galore Amsterdam,,,https://www.google.com/maps/place/Galore+Amsterdam/data=!4m7!3m6!1s0x47c609c0e245c743:0x3bd4cf5cf5c80895!8m2!3d52.3703637!4d4.8919949!16s%2Fg%2F11b75d0sm_!19sChIJQ8dF4sAJxkcRlQjI9VzP1Ds?authuser=0&hl=nl&rclk=1,Telefoon: 06 52512881,communicatieadviesbureau Amsterdam
Avenoro Group | Building Brands. Powering Growth.,,https://www.avenorogroup.nl/,https://www.google.com/maps/place/Avenoro+Group+%7C+Building+Brands.+Powering+Growth./data=!4m7!3m6!1s0x47c617a6dc1600b1:0x88d2d13b469b5be7!8m2!3d52.3655396!4d4.8866498!16s%2Fg%2F11pzx7jrrl!19sChIJsQAW3KYXxkcR51ubRjvR0og?authuser=0&hl=nl&rclk=1,Telefoon: 085 060 5080,communicatieadviesbureau Amsterdam
SO Connect,,http://www.soconnect.com/,https://www.google.com/maps/place/SO+Connect/data=!4m7!3m6!1s0x47c609c669e5ce07:0x6cbe9865f48e3700!8m2!3d52.3654394!4d4.8812757!16s%2Fg%2F1yg4d_m6y!19sChIJB87lacYJxkcRADeO9GWYvmw?authuser=0&hl=nl&rclk=1,Telefoon: 020 715 5750,communicatieadviesbureau Amsterdam
Yellowgrape,hello@yellowgrape.io,http://www.yellowgrape.io/,https://www.google.com/maps/place/Yellowgrape/data=!4m7!3m6!1s0x47c6083cc181acc7:0xc98cb30cf60c8c54!8m2!3d52.3727001!4d4.8874685!16s%2Fg%2F11bbwn9l2z!19sChIJx6yBwTwIxkcRVIwM9gyzjMk?authuser=0&hl=nl&rclk=1,Telefoon: 020 244 0313,communicatieadviesbureau Amsterdam
Cees Franke Producties B.V.,,,https://www.google.com/maps/place/Cees+Franke+Producties+B.V./data=!4m7!3m6!1s0x47c6098ca430effb:0x3bbb9e5444a0ceb8!8m2!3d52.3662616!4d4.8851629!16s%2Fg%2F11p027s96v!19sChIJ--8wpIwJxkcRuM6gRFSeuzs?authuser=0&hl=nl&rclk=1,Telefoon: 06 22823677,communicatieadviesbureau Amsterdam
Groeispurt,,https://www.groeispurt.agency/,https://www.google.com/maps/place/Groeispurt/data=!4m7!3m6!1s0x47c5ef5f7eccf6d7:0xab5ea58636131b7a!8m2!3d52.3645813!4d4.8898623!16s%2Fg%2F11td3pxmr5!19sChIJ1_bMfl_vxUcRehsTNoalXqs?authuser=0&hl=nl&rclk=1,Telefoon: 06 34622727,communicatieadviesbureau Amsterdam
SBS Digital,,https://sbs-digital.nl/,https://www.google.com/maps/place/SBS+Digital/data=!4m7!3m6!1s0x47c609390ffcf28f:0xaa48cf57b02b87f4!8m2!3d52.3666369!4d4.8890254!16s%2Fg%2F11vpfw9hk5!19sChIJj_L8DzkJxkcR9IcrsFfPSKo?authuser=0&hl=nl&rclk=1,Telefoon: 020 261 7172,communicatieadviesbureau Amsterdam
Uitblinqers,Hein.Kieffer@uitblinqers.nl,https://uitblinqers.nl/#contact,https://www.google.com/maps/place/Uitblinqers/data=!4m7!3m6!1s0x47c609c300000001:0x94c305bb2df82a89!8m2!3d52.3613684!4d4.8917207!16s%2Fg%2F11c1s137yt!19sChIJAQAAAMMJxkcRiSr4LbsFw5Q?authuser=0&hl=nl&rclk=1,Telefoon: 020 320 2091,communicatieadviesbureau Amsterdam
Adscabs,contact@adscabs.com,https://adscabs.com/,https://www.google.com/maps/place/Adscabs/data=!4m7!3m6!1s0x47c6095c71c11b23:0x3f3865b126643b3a!8m2!3d52.3666451!4d4.8890647!16s%2Fg%2F11x1lpz7n_!19sChIJIxvBcVwJxkcROjtkJrFlOD8?authuser=0&hl=nl&rclk=1,Telefoon: 06 30357582,communicatieadviesbureau Amsterdam
Intelcards,,http://www.intelcards.nl/,https://www.google.com/maps/place/Intelcards/data=!4m7!3m6!1s0x47c6093300e1d843:0xade90494bf4071c7!8m2!3d52.3666451!4d4.8890647!16s%2Fg%2F11ky6tqw50!19sChIJQ9jhADMJxkcRx3FAv5QE6a0?authuser=0&hl=nl&rclk=1,Telefoon: 06 12283241,communicatieadviesbureau Amsterdam
BOURNE Amsterdam,jason@bourneamsterdam.nl,http://www.bourneamsterdam.nl/,https://www.google.com/maps/place/BOURNE+Amsterdam/data=!4m7!3m6!1s0x47c609c157d298d1:0xd6af8b6a97b455ac!8m2!3d52.369679!4d4.8871795!16s%2Fg%2F1tvgtjqs!19sChIJ0ZjSV8EJxkcRrFW0l2qLr9Y?authuser=0&hl=nl&rclk=1,Telefoon: 020 428 2128,communicatieadviesbureau Amsterdam
Mantgem,CASPER@MANTGEM.NL,https://mantgem.nl/,https://www.google.com/maps/place/Mantgem/data=!4m7!3m6!1s0x47c60953a2c1d911:0xaaa065fd89fc1fde!8m2!3d52.3687439!4d4.8918098!16s%2Fg%2F11r365zms0!19sChIJEdnBolMJxkcR3h_8if1loKo?authuser=0&hl=nl&rclk=1,Telefoon: 06 18651849,communicatieadviesbureau Amsterdam
4yourbrand,info@4yourbrand.io,https://4yourbrand.io/,https://www.google.com/maps/place/4yourbrand/data=!4m7!3m6!1s0x47b7d7f7f8b30289:0x41eebd4dc224a4f5!8m2!3d52.3720565!4d4.885396!16s%2Fg%2F11fv3h68_m!19sChIJiQKz-PfXt0cR9aQkwk297kE?authuser=0&hl=nl&rclk=1,Telefoon: 020 261 2930,communicatieadviesbureau Amsterdam
Write Mind,,,https://www.google.com/maps/place/Write+Mind/data=!4m7!3m6!1s0x47c6096836b01217:0xeced692c6188adbf!8m2!3d52.3666451!4d4.8890647!16s%2Fg%2F11n06s095q!19sChIJFxKwNmgJxkcRv62IYSxp7ew?authuser=0&hl=nl&rclk=1,Telefoon: 06 47622307,communicatieadviesbureau Amsterdam
Whello,hello@whello.nl,https://whello.nl/?utm_source=GMB&utm_medium=organic,https://www.google.com/maps/place/Whello/data=!4m7!3m6!1s0x47c5e208cc3cf835:0x14d9ed586898246f!8m2!3d52.399904!4d4.871297!16s%2Fg%2F1ptzdm322!19sChIJNfg8zAjixUcRbySYaFjt2RQ?authuser=0&hl=nl&rclk=1,Telefoon: 085 401 3416,communicatieadviesbureau Amsterdam
Seo Page Optimizer,info@seopageoptimizer.nl,https://www.seopageoptimizer.nl/nl/default/2008356/Contact.aspx,https://www.google.com/maps/place/Seo+Page+Optimizer/data=!4m7!3m6!1s0x47c609e9cfa90001:0xc40278e199b074dc!8m2!3d52.3662616!4d4.8851629!16s%2Fg%2F11fmqc1307!19sChIJAQCpz-kJxkcR3HSwmeF4AsQ?authuser=0&hl=nl&rclk=1,Telefoon: 085 208 2730,communicatieadviesbureau Amsterdam
Living Digitals,,https://livingdigitals.com/,https://www.google.com/maps/place/Living+Digitals/data=!4m7!3m6!1s0x47c6094b03a64319:0x4d689a2032db1385!8m2!3d52.3655471!4d4.8866374!16s%2Fg%2F11j58lw63g!19sChIJGUOmA0sJxkcRhRPbMiCaaE0?authuser=0&hl=nl&rclk=1,Telefoon: 020 244 6911,communicatieadviesbureau Amsterdam
Amsterdam,,,https://www.google.com/maps/place/Amsterdam/data=!4m7!3m6!1s0x47c6091594a57747:0x81b38c16dcb81aa7!8m2!3d52.3646491!4d4.8825092!16s%2Fg%2F11kb181c0m!19sChIJR3ellBUJxkcRpxq43BaMs4E?authuser=0&hl=nl&rclk=1,,communicatieadviesbureau Amsterdam
Albers De Vries - strategie reputatie lobby,secretariaat@albersdevries.nl,http://www.albersdevries.nl/,https://www.google.com/maps/place/Albers+De+Vries+-+strategie+reputatie+lobby/data=!4m7!3m6!1s0x47c609961fb694d9:0x3cf17a6c39963dd6!8m2!3d52.365795!4d4.88914!16s%2Fg%2F1ptw0sh8l!19sChIJ2ZS2H5YJxkcR1j2WOWx68Tw?authuser=0&hl=nl&rclk=1,Telefoon: 085 773 5500,communicatieadviesbureau Amsterdam
Captuble,,https://captuble.com/,https://www.google.com/maps/place/Captuble/data=!4m7!3m6!1s0x47c609fbd5102ff7:0x935b355b45612793!8m2!3d52.3667995!4d4.8875277!16s%2Fg%2F11nyv48r2d!19sChIJ9y8Q1fsJxkcRkydhRVs1W5M?authuser=0&hl=nl&rclk=1,Telefoon: 020 262 1250,communicatieadviesbureau Amsterdam
Customer Essentials,info@customer-essentials.com,http://www.customer-essentials.com/,https://www.google.com/maps/place/Customer+Essentials/data=!4m7!3m6!1s0x47c609c502b88f3d:0xb958e2cc7d8b3e5d!8m2!3d52.3667995!4d4.8875277!16s%2Fg%2F1tlgx4gx!19sChIJPY-4AsUJxkcRXT6LfcziWLk?authuser=0&hl=nl&rclk=1,Telefoon: 020 262 1250,communicatieadviesbureau Amsterdam
Schmuki,info@schmuki.nl,https://schmuki.nl/,https://www.google.com/maps/place/Schmuki/data=!4m7!3m6!1s0x47c5e34b353815dd:0x81178186dd929275!8m2!3d52.367905!4d4.8850199!16s%2Fg%2F11sy1m9m56!19sChIJ3RU4NUvjxUcRdZKS3YaBF4E?authuser=0&hl=nl&rclk=1,Telefoon: 020 224 6380,communicatieadviesbureau Amsterdam
Volle Maan Communicatiebureau B.V.,info@volle-maan.nl,http://www.volle-maan.nl/,https://www.google.com/maps/place/Volle+Maan+Communicatiebureau+B.V./data=!4m7!3m6!1s0x47c609c5cafd98b9:0xc50917788c687da6!8m2!3d52.371758!4d4.8866012!16s%2Fg%2F1tg5b98c!19sChIJuZj9ysUJxkcRpn1ojHgXCcU?authuser=0&hl=nl&rclk=1,Telefoon: 020 524 6090,communicatieadviesbureau Amsterdam
Promoways,,,https://www.google.com/maps/place/Promoways/data=!4m7!3m6!1s0x8bfdd9ccafd98315:0x778e2108f5a8bc48!8m2!3d52.367905!4d4.8850199!16s%2Fg%2F11rgbxlx9q!19sChIJFYPZr8zZ_YsRSLyo9Qghjnc?authuser=0&hl=nl&rclk=1,Telefoon: 06 40721218,communicatieadviesbureau Amsterdam
5 seconds,,http://www.5seconds.nl/,https://www.google.com/maps/place/5+seconds/data=!4m7!3m6!1s0x47c609baa4c47ffd:0xea5924f5809e834c!8m2!3d52.3683639!4d4.886235!16s%2Fg%2F11txq18wh2!19sChIJ_X_EpLoJxkcRTIOegPUkWeo?authuser=0&hl=nl&rclk=1,Telefoon: 06 24665747,communicatieadviesbureau Amsterdam
VentureBuilders B.V.,info@venturebuilders.nl,http://www.venturebuilders.nl/,https://www.google.com/maps/place/VentureBuilders+B.V./data=!4m7!3m6!1s0x47c5e2577e271027:0xfba27729dec62a05!8m2!3d52.3657949!4d4.8891399!16s%2Fg%2F11y7w2_26!19sChIJJxAnflfixUcRBSrG3il3ovs?authuser=0&hl=nl&rclk=1,Telefoon: 020 262 4201,communicatieadviesbureau Amsterdam
Vallettasoft,,https://vallettasoft.nl/,https://www.google.com/maps/place/Vallettasoft/data=!4m7!3m6!1s0x47c60908f824c151:0xc25fb7231e50e0ec!8m2!3d52.3666451!4d4.8890647!16s%2Fg%2F11q4dt18y1!19sChIJUcEk-AgJxkcR7OBQHiO3X8I?authuser=0&hl=nl&rclk=1,Telefoon: 020 244 5715,communicatieadviesbureau Amsterdam
