name,cuisine,phone,website,rating,reviews,price_level,address
The Pantry,Dutch restaurant,+31 20 620 0922 ,https://www.thepantry.nl/?redirect=yes,4.7,8713,,"Leidsekruisstraat 21, 1017 RE Amsterdam, Netherlands "
Omelegg City Centre,Breakfast restaurant,+31 20 233 2406 ,http://www.omelegg.com/,4.6,5908,,"Nieuwebrugsteeg 24, 1012 AH Amsterdam, Netherlands "
Black and Blue,Modern European restaurant,+31 20 625 0807 ,https://www.restaurantblackandblue.nl/,4.3,3452,,"Leliegracht 46, 1015 DH Amsterdam, Netherlands "
Ashoka,Indian restaurant,+31 20 221 0446 ,http://www.ashokarestaurant.nl/,4.6,3458,,"Spuistraat 3G, 1012 SP Amsterdam, Netherlands "
Blue Amsterdam,Restaurant,+31 20 427 3901 ,http://www.blue-amsterdam.nl/,4.5,4331,,"Winkelcentrum Kalverpassage, Singel 457, 1012 WP Amsterdam, Netherlands "
Pesca Seafood Restaurant Amsterdam,Seafood restaurant,+31 20 334 5136 ,https://pesca.restaurant/,4.6,4127,,"Rozengracht 133, 1016 LV Amsterdam, Netherlands "
Restaurant De Belhamel,French restaurant,+31 20 622 1095 ,https://www.belhamel.nl/,4.5,1807,,"Brouwersgracht 60, 1013 GX Amsterdam, Netherlands "
Restaurant Olijfje,Mediterranean restaurant,+31 20 330 4444 ,https://www.restaurantolijfje.nl/en,4.7,3913,,"Valkenburgerstraat 223D, 1011 MJ Amsterdam, Netherlands "
Senses Restaurant,Restaurant,+31 20 530 6266 ,http://www.sensesrestaurant.nl/,4.6,858,,"Vijzelstraat 45, 1017 HE Amsterdam, Netherlands "
FuLu Mandarijn,Chinese restaurant,+31 20 623 0885 ,http://www.fulumandarijn.com/,4.5,4563,,"Rokin 26, 1012 KS Amsterdam, Netherlands "
China Sichuan Restaurant / Warmoesstraat,Sichuan restaurant,+31 20 420 7833 ,http://sichuan.amsterdam/,4.1,2399,,"Warmoesstraat 17, 1012 HT Amsterdam, Netherlands "
de Silveren Spiegel,Restaurant,+31 20 624 6589 ,https://www.desilverenspiegel.com/,4.8,765,,"Kattengat 4, 1012 SZ Amsterdam, Netherlands "
Namche Amsterdam,Indian restaurant,+31 20 779 0314 ,http://namche.nl/,4.8,574,,"Lange Leidsedwarsstraat 91, 1017 NH Amsterdam, Netherlands "
Gartine,Organic restaurant,+31 20 320 4132 ,http://gartine.nl/,4.8,1108,,"Taksteeg 7, 1012 PB Amsterdam, Netherlands "
Ku Kitchen & Bar,Japanese restaurant,+31 20 422 9424 ,https://www.kukitchen.nl/,4.7,1171,,"Utrechtsestraat 114, 1017 VT Amsterdam, Netherlands "
MOS,Fine dining restaurant,+31 20 638 0866 ,http://www.mosamsterdam.nl/,4.7,854,,"IJdok 185, 1013 MM Amsterdam, Netherlands "
A Beautiful Mess - Amsterdam,Restaurant,+31 20 247 0392 ,https://abeautifulmess.nl/amsterdam,4.6,1008,,"Oosterdokskade 227, 1011 DL Amsterdam, Netherlands "
ARCA Amsterdam,Restaurant,+31 20 820 5333 ,https://arcaamsterdam.com/,4.4,635,,"Martelaarsgracht 5, 1012 TM Amsterdam, Netherlands "
Choux,Restaurant,+31 20 210 3090 ,http://choux.nl/,4.6,936,,"De Ruijterkade 128, 1011 AC Amsterdam, Netherlands "
Roux Amsterdam,Restaurant,+31 20 261 3572 ,http://www.restaurantroux.nl/,4.9,455,,"Westerstraat 132, 1015 MP Amsterdam, Netherlands "
Lumbini Restaurant,Indian restaurant,+31 20 341 9040 ,https://lumbinirestaurant.nl/,4.8,1552,,"Amstel 32H, 1017 AB Amsterdam, Netherlands "
Restaurant De Utrechtsedwarstafel,Dutch restaurant,+31 20 625 4189 ,https://www.utrechtsedwarstafel.com/,4.7,352,,"Utrechtsedwarsstraat 107-109, 1017 WD Amsterdam, Netherlands "
Volkslust Amsterdam Centraal,Restaurant,+31 20 341 7592 ,https://www.volkslust.nl/,3.6,347,,"De Ruijterkade 32, 1012 AA Amsterdam, Netherlands "
Brasserie Ambassade,Restaurant,+31 20 555 0255 ,https://brasserieambassade.nl/,4.7,1047,,"Herengracht 339, 1016 AJ Amsterdam, Netherlands "
Restaurant Red,Modern European restaurant,+31 20 320 1824 ,https://restaurantred.nl/,4.1,1921,,"Keizersgracht 594, 1017 DG Amsterdam, Netherlands "
Bhatti Pasal Voetboog - Authentic Nepalese Food,Nepalese restaurant,+31 20 623 1180 ,https://www.bhattipasal.nl/voetboog,4.6,2433,,"Voetboogstraat 23, 1012 XK Amsterdam, Netherlands "
Humphrey's,Restaurant,+31 20 422 1234 ,https://www.humphreys.nl/restaurants/humphreys-amsterdam,4.3,1729,,"Nieuwezijds Kolk 23, 1012 PV Amsterdam, Netherlands "
Restaurant Black Olive Amsterdam,Restaurant,+31 6 28079666 ,http://www.restaurantblackolive.nl/,4.7,746,,"Markenplein 30 A, 1011 MV Amsterdam, Netherlands "
Bistrot des Alpes,French restaurant,+31 6 31383181 ,https://www.bistrotdesalpesamsterdam.nl/,4.7,912,,"Hobbemakade 64, 1071 XM Amsterdam, Netherlands "
Il Vicolo,Italian restaurant,+31 6 27341115 ,,4.8,2396,,"Taksteeg 3, 1012 PB Amsterdam, Netherlands "
Restaurant Wolf Atelier,Restaurant,+31 20 344 6402 ,http://www.wolfatelier.nl/,4.7,1397,,"Westerdoksplein 20, 1013 AZ Amsterdam, Netherlands "
Restaurant Bougainville,Fine dining restaurant,+31 20 218 2182 ,https://www.restaurantbougainville.com/nl/,4.8,426,,"Dam 27, 1012 JS Amsterdam, Netherlands "
Piqniq,Brunch restaurant,+31 20 320 3669 ,http://www.piqniq.nl/,4.7,1571,,"Lindengracht 59HS, 1015 KC Amsterdam, Netherlands "
Café Nieuw Amsterdam,Restaurant,+31 20 530 9848 ,http://www.cafenieuwamsterdam.nl/,4.5,863,,"Haarlemmerstraat 75, 1013 EC Amsterdam, Netherlands "
Restaurant Bellezza,Restaurant,+31 20 205 2642 ,https://restaurantbellezza.nl/,4.6,404,,"Oudezijds Achterburgwal 99, 1012 DD Amsterdam, Netherlands "
Café De Klepel,Restaurant,+31 20 623 8244 ,http://cafedeklepel.nl/,4.7,653,,"Prinsenstraat 22, 1015 DD Amsterdam, Netherlands "
Graham's Kitchen,Fine dining restaurant,+31 20 364 2560 ,http://grahamskitchen.amsterdam/,4.8,604,,"Hemonystraat 38, 1074 BS Amsterdam, Netherlands "
Lotus Thai food Amsterdam,Thai restaurant,+31 6 16980996 ,http://www.lotus-thai-food-amsterdam.nl/,4.8,329,,"Souterrain / basement, Oudezijds Achterburgwal 93, 1012 DD Amsterdam, Netherlands "
ROYAL98,Restaurant,+31 20 737 3410 ,https://royal98.nl/?utm_source=google+Maps&utm_medium=seo+maps&utm_campaign=seo+maps,4.1,984,,"Damrak 96, 1012 LP Amsterdam, Netherlands "
El Pimpi Tapas,Tapas restaurant,+31 6 20225884 ,http://www.elpimpitapas.com/,4.7,1455,,"Stromarkt 4, 1012 SW Amsterdam, Netherlands "
Seasons Restaurant,Restaurant,+31 20 330 3800 ,http://www.seasonsrestaurant.nl/,4.6,486,,"Herenstraat 16, 1015 CA Amsterdam, Netherlands "
Cape Town Social Club,Fine dining restaurant,+31 6 44759720 ,http://capetownsocialclub.com/,4.8,326,,"Raamstraat 27, 1016 XL Amsterdam, Netherlands "
Charlie's Kitchen,Restaurant,+31 20 846 3528 ,http://charlies-amsterdam.nl/,4.4,1194,,"Warmoesstraat 15f, 1012 HT Amsterdam, Netherlands "
Gió Cucina Italiana,Italian restaurant,+31 6 28540623 ,https://www.giocucinaitaliana.com/,4.7,1187,,"Sint Jacobsstraat 8, 1012 NC Amsterdam, Netherlands "
Restaurant Vermeer,Fine dining restaurant,+31 20 556 4885 ,https://restaurantvermeer.nl/,4.6,399,,"Prins Hendrikkade 59-72, 1012 AD Amsterdam, Netherlands "
THE BUTCHER Nine Streets,Hamburger restaurant,+31 20 811 3388 ,http://the-butcher.com/,4.3,4337,,"Paleisstraat 14, 1012 RB Amsterdam, Netherlands "
Café-Restaurant De Bazel Amsterdam Centrum,Brasserie,+31 20 337 6589 ,https://caferestaurantdebazel.nl/,4.4,530,,"Vijzelstraat 30, 1017 HL Amsterdam, Netherlands "
Margo's Amsterdam,Bakery,+31 20 303 1424 ,http://www.margosamsterdam.com/,4.8,1025,,"Eerste Tuindwarsstraat 2A, 1015 RV Amsterdam, Netherlands "
Rouhi,Asian restaurant,+31 20 705 5180 ,https://rouhi.nl/,4.1,652,,"Spui 10, 1012 PR Amsterdam, Netherlands "
Kaagman & Kortekaas,Restaurant,+31 20 233 6544 ,http://www.kaagmanenkortekaas.nl/,4.5,620,,"Sint Nicolaasstraat 43, 1012 NJ Amsterdam, Netherlands "
Assaggi,Italian restaurant,+31 20 420 5589 ,http://www.assaggi.nl/,4.7,5062,,"Tweede Egelantiersdwarsstraat 6, 1015 SC Amsterdam, Netherlands "
Restaurant Watergang,Fine dining restaurant,+31 6 38678170 ,https://www.restaurantwatergang.nl/,4.9,443,,"Weteringstraat 41, 1017 SM Amsterdam, Netherlands "
Madam Pancake - Breakfast - Brunch - Lunch,Breakfast restaurant,+31 20 334 6941 ,http://www.madampancake.com/,4.5,3470,,"Lange Niezel 18, 1012 GT Amsterdam, Netherlands "
PEQU,Restaurant,+31 20 624 3689 ,http://www.pequ.nl/,4.5,276,,"Noordermarkt 42, 1015 NA Amsterdam, Netherlands "
Cecconi’s Amsterdam,Italian restaurant,+31 20 888 0304 ,https://www.cecconisamsterdam.com/,4.1,1636,,"Spuistraat 210, 3HG, 1012 VT Amsterdam, Netherlands "
Restaurant Black,Modern European restaurant,+31 20 787 0398 ,https://www.restaurantblack.nl/,4.2,1667,,"Prinsengracht 703, 1017 JV Amsterdam, Netherlands "
Kaap & Tein,Restaurant,+31 20 225 0058 ,http://www.kaapentein.nl/,4.5,616,,"Zeedijk 43A, 1012 AR Amsterdam, Netherlands "
Bistro Berlage,Bistro,+31 20 530 4146 ,https://www.bistroberlage.com/,4.1,699,,"Beursplein 1, 1012 JW Amsterdam, Netherlands "
Nam Kee,Chinese restaurant,+31 20 624 3470 ,http://www.namkee.nl/,4.0,2333,,"Zeedijk 111-113, 1012 AV Amsterdam, Netherlands "
Little Buddha Asian restaurant - Best Asian Restaurant Amsterdam,Restaurant,+31 6 12738585 ,,4.9,1310,,"Halvemaansteeg 18, 1017 CR Amsterdam, Netherlands "
Café-Restaurant Amsterdam,Restaurant,+31 20 682 2666 ,https://cradam.nl/,4.2,2591,,"Watertorenplein 6, 1051 PA Amsterdam, Netherlands "
Jansz,Restaurant,+31 20 523 5282 ,https://www.janszamsterdam.com/?utm_source=google&utm_medium=GBP&utm_campaign=restaurant-jansz,4.3,1244,,"Reestraat 8, 1016 DN Amsterdam, Netherlands "
Restaurant Ava Cyril,Italian restaurant,+31 20 620 7014 ,,4.3,1252,,"Nieuwendijk 46, 1012 MN Amsterdam, Netherlands "
Celia at Kimpton De Witt,Restaurant,+31 20 521 1755 ,https://celiaamsterdam.com/,4.3,534,,"Nieuwendijk 60, 1012 MP Amsterdam, Netherlands "
CAU Steak Restaurant,Argentinian restaurant,+31 20 623 9632 ,https://www.caurestaurants.com/,4.3,3622,,"Damstraat 5, 1012 JL Amsterdam, Netherlands "
Brasserie De Roode Leeuw,Restaurant,+31 20 555 0666 ,http://www.brasseriederoodeleeuw.nl/,4.0,843,,"Damrak 93-94, 1012 LP Amsterdam, Netherlands "
The Greek Embassy - All Day Brunch & Specialty Coffee - Amsterdam Centrum,Brunch restaurant,+31 20 303 9511 ,https://thegreekembassy.com/,4.3,243,,"Spui 8, 1012 PB Amsterdam, Netherlands "
Verena Restaurant,Italian restaurant,+31 20 786 9281 ,https://restaurant-verena.nl/,4.6,1081,,"Rapenburgerplein 2, 1011 VA Amsterdam, Netherlands "
Sinck,Restaurant,+31 6 19601556 ,https://www.sinckamsterdam.nl/,4.8,307,,"Prinsengracht 422, 1016 JC Amsterdam, Netherlands "
Cafe Piazza,Pizza restaurant,+31 20 770 0665 ,http://www.cafepiazza.nl/,4.5,1742,,"Kloveniersburgwal 5, 1011 JT Amsterdam, Netherlands "
Il Pacioccone,Italian restaurant,+31 6 85287440 ,https://www.theredwinedistrict.com/il-pacioccone/,4.5,1989,,"Koggestraat 1A, 1012 TA Amsterdam, Netherlands "
The Black Dog,Restaurant,+31 20 770 6334 ,http://www.theblackdog.nl/,4.6,1026,,"Spuistraat 223a, 1012 VN Amsterdam, Netherlands "
Amigo Grill Restaurant,Argentinian restaurant,+31 20 845 1081 ,https://amigogrill.nl/en/,4.5,1525,,"Prinsengracht 188, H, 1016 HC Amsterdam, Netherlands "
Salmuera,Latin American restaurant,+31 20 624 5752 ,http://www.sal-amsterdam.nl/,4.5,3283,,"Rozengracht 106 110, 1016 NH Amsterdam, Netherlands "
Brasserie Van Speyk,Brasserie,+31 20 420 0117 ,http://vanspeyk.amsterdam/,4.5,705,,"Spuistraat 3a, 1012 SP Amsterdam, Netherlands "
Sagardi Amsterdam,Restaurant,+31 10 200 4317 ,http://sagardi.nl/,4.1,1255,,"Spuistraat 304, 1012 VX Amsterdam, Netherlands "
soupenzo - spiegel,Health food restaurant,+31 20 330 7781 ,https://soupenzo.nl/,4.6,788,,"Nieuwe Spiegelstraat 54, 1017 DG Amsterdam, Netherlands "
Cosy The Dutch Kitchen,Restaurant,+31 20 362 0054 ,https://www.instagram.com/cosy.thedutchkitchen/profilecard/?igsh=czlhbmoyNnQxNG5k,4.4,592,,"Leidsekruisstraat 26, 1017 RJ Amsterdam, Netherlands "
Eggs Benaddicted,Breakfast restaurant,+31 20 737 1170 ,http://benaddicted.com/,4.6,1573,,"Prinsengracht 474, 1017 KG Amsterdam, Netherlands "
Restaurant Antonio’s,Italian restaurant,+31 20 622 7694 ,https://antoniosrestaurant.nl/,4.4,2446,,"Leidsekruisstraat 20-22, 1017 RJ Amsterdam, Netherlands "
"""Krua Thai"" Classic",Thai restaurant,+31 20 622 9533 ,http://www.kruathai.nl/,4.7,1379,,"Staalstraat 22, 1011 JM Amsterdam, Netherlands "
TGC de Visbar | The Good Companion,Seafood restaurant,+31 20 233 8227 ,http://www.thegoodcompanion.nl/,4.6,916,,"Westerstraat 264, 1015 MT Amsterdam, Netherlands "
Restaurant Mont Blanc,French restaurant,+31 20 774 1645 ,https://www.restaurantmontblanc.nl/,4.9,228,,"Govert Flinckstraat 308, 1073 CJ Amsterdam, Netherlands "
NK Thai Noodles,Thai restaurant,+31 20 777 0154 ,http://www.nkthainoodles.nl/,4.8,1038,,"Weteringschans 187 DH, 1017 XE Amsterdam, Netherlands "
Bollywood Indian Restaurant,Indian restaurant,+31 20 489 9003 ,http://www.bollywoodfoodbar.nl/,4.2,1329,,"Lange Leidsedwarsstraat 108, 1017 NN Amsterdam, Netherlands "
Toscanini,Italian restaurant,+31 20 623 2813 ,http://restauranttoscanini.nl/,4.4,1255,,"Lindengracht 75, 1015 KD Amsterdam, Netherlands "
Café Restaurant Verlan,Restaurant,+31 20 344 6407 ,http://www.cafeverlan.com/,4.6,588,,"Prinsengracht 381HS, 1016 HL Amsterdam, Netherlands "
Tomo Sushi,Restaurant,+31 20 528 5208 ,http://www.tomosushi.nl/,4.4,1167,,"Reguliersdwarsstraat 131, 1017 BL Amsterdam, Netherlands "
De Deli - Plantagebuurt,Breakfast restaurant,+31 20 354 2669 ,http://www.de-deli.amsterdam/,4.6,1110,,"Plantage Kerklaan 41, 1018 CV Amsterdam, Netherlands "
Sombrero Mexico Restaurant,Mexican restaurant,+31 20 427 9900 ,https://sombrero-mexico-amsterdam.nl/,4.6,2294,,"Nieuwezijds Kolk 14, 1012 PV Amsterdam, Netherlands "
Bleu,Restaurant,+31 20 362 1340 ,http://www.restaurantbleu.amsterdam/,4.2,1311,,"Prinsenstraat 10HS, 1015 DC Amsterdam, Netherlands "
Dot In - Progressive Kerala Indian Restaurant,Indian restaurant,+31 6 16867987 ,https://dotin.restaurant/,4.7,463,,"IJdok 35, 1013 MM Amsterdam, Netherlands "
Quartier Putain,Breakfast restaurant,+31 20 771 5613 ,http://www.quartierputain.nl/,4.5,1228,,"Oudekerksplein 4, 1012 GZ Amsterdam, Netherlands "
The Yeti - Nepali & Indian Restaurant,Nepalese restaurant,+31 20 624 0066 ,http://www.theyeti.nl/,4.5,740,,"Spuistraat 54D, 1012 TV Amsterdam, Netherlands "
LuminAir,Bar,+31 20 530 0875 ,https://www.luminairamsterdam.com/,4.5,2598,,"Oosterdoksstraat 4, Level 11, 1011 DK Amsterdam, Netherlands "
PLUK Amsterdam,Restaurant,+31 20 330 6006 ,https://www.pluk-amsterdam.com/en/,3.3,639,,"Reestraat 19, 1016 DM Amsterdam, Netherlands "
Nomad aan het IJ,Restaurant,+31 20 776 6173 ,http://www.nomadaanhetij.nl/,4.6,528,,"IJdok 87, 1013 MM Amsterdam, Netherlands "
The SIREN Restaurant & Bar,Restaurant,+31 20 205 1057 ,https://www.thesirenamsterdam.com/,4.6,842,,"Rokin 83, 1012 KL Amsterdam, Netherlands "
Ceppi's,Italian restaurant,+31 20 213 4375 ,https://www.ceppis.com/,4.3,1139,,"Lijnbaansgracht 256, 1017 RK Amsterdam, Netherlands "
Amsterdam City Farm Tasting Room & Restaurant,Restaurant,+31 6 27051576 ,http://www.amsterdamcityfarm.com/,4.9,168,,"Czaar Peterstraat 171e, 1018 NV Amsterdam, Netherlands "
Restaurant de Compagnon,Restaurant,+31 20 620 4225 ,http://www.decompagnon.nl/,4.3,338,,"Guldehandsteeg 17, 1012 RA Amsterdam, Netherlands "
Alba Restaurant & Wijnbar,Restaurant,+31 20 239 0895 ,https://www.alba-amsterdam.nl/,4.6,356,,"Wibautstraat 105HS, 1091 GL Amsterdam, Netherlands "
Carstens Steakhouse,Restaurant,+31 20 524 0649 ,http://carstenssteakhouse.nl/,4.5,292,,"Hasselaerssteeg 1, 1012 LG Amsterdam, Netherlands "
Umami by Han Amsterdam,Asian fusion restaurant,+31 20 280 1379 ,http://umami-restaurant.com/,4.5,1793,,"Overtoom 31HS, 1054 HB Amsterdam, Netherlands "
Night Kitchen Amsterdam,Mediterranean restaurant,+31 6 25330624 ,http://nightkitchenamsterdam.com/,4.8,970,,"Jan Pieter Heijestraat 172H, 1054 ML Amsterdam, Netherlands "
Cafe Cook,Restaurant,+31 20 612 0547 ,https://cafecook.nl/,4.6,975,,"James Cookstraat 2, 1056 RZ Amsterdam, Netherlands "
Pendergast,American restaurant,+31 20 845 8507 ,https://pendergast.nl/,4.8,1416,,"Groen van Prinstererstraat 14, 1051 EE Amsterdam, Netherlands "
Staring at Jacob,Brunch restaurant,+31 20 223 7498 ,https://www.staringatjacob.nl/,4.5,2521,,"Jacob Van Lennepkade 215, 1054 ZP Amsterdam, Netherlands "
Mossel & Gin,Restaurant,+31 20 486 5869 ,http://www.mosselengin.nl/,4.5,1915,,"Gosschalklaan 12, 1014 DC Amsterdam, Netherlands "
La Casa Di Michael,Pizza restaurant,+31 20 363 6813 ,http://www.lacasadimichael.nl/,4.5,2447,,"Admiraal de Ruijterweg 535, 1055 MK Amsterdam, Netherlands "
Kartika,Indonesian restaurant,+31 20 618 1879 ,http://www.restaurantkartika.com/,4.5,1614,,"Overtoom 68H, 1054 HL Amsterdam, Netherlands "
Parallel,Spanish restaurant,+31 20 891 5803 ,http://www.parallel.amsterdam/,4.5,966,,"Overtoom 495-497, 1054 LG Amsterdam, Netherlands "
Pastai,Italian restaurant,+31 20 774 2316 ,https://www.pastairestaurant.com/,4.6,1295,,"Jan Pieter Heijestraat 118, 1054 MH Amsterdam, Netherlands "
Hannah's,Restaurant,+31 20 779 6616 ,https://hannahs.nl/,4.7,297,,"Admiraal de Ruijterweg 107, 1056 EV Amsterdam, Netherlands "
Hollands Hap Hmm Restaurant,Dutch restaurant,+31 20 770 8924 ,http://www.hap-hmm.nl/,4.7,1487,,"Eerste Helmersstraat 33, 1054 CZ Amsterdam, Netherlands "
Meatless District,Restaurant,+31 20 722 0804 ,http://www.meatlessdistrict.com/,4.5,1858,,"Bilderdijkstraat 65-67, 1053 KM Amsterdam, Netherlands "
The Pancake Club,Restaurant,+31 6 51458201 ,http://www.thepancakeclub.nl/,4.6,1484,,"Leidsebosje 5, 1054 LJ Amsterdam, Netherlands "
Moos,Restaurant,+31 20 235 7176 ,http://moos.goudvisch.nl/,4.4,252,,"Spaarndammerstraat 53, 1013 TA Amsterdam, Netherlands "
Bar Lusconi - Cucina Italiana | Italiaans Restaurant Amsterdam,Italian restaurant,+31 20 716 5933 ,https://www.barlusconi.nl/,4.2,1936,,"Mercatorplein 2b, 1057 CB Amsterdam, Netherlands "
Orontes West - Turks Restaurant Amsterdam - Mediterraans Restaurant Amsterdam,Turkish restaurant,+31 20 684 7758 ,https://restaurantoronteswest.nl/,4.7,680,,"Hugo de Grootplein 8, 1052 KW Amsterdam, Netherlands "
Oresti's taverna,Restaurant,+31 20 422 2742 ,http://www.orestistaverna.nl/,4.5,1668,,"Overtoom 5-h, 1054 HA Amsterdam, Netherlands "
L'incontro Italiaans Restaurant,Italian restaurant,+31 20 771 1495 ,,4.8,336,,"Bonairestraat 107, 1058 XG Amsterdam, Netherlands "
Pizza Project,Pizza restaurant,+31 20 223 7756 ,http://www.pizzaproject.nl/,4.7,1130,,"Wilhelminastraat 153HS, 1054 WC Amsterdam, Netherlands "
HealthCorner,Vegetarian restaurant,+31 20 770 8177 ,http://www.healthcorner.nl/,4.9,274,,"Admiraal de Ruijterweg 54H, 1056 GL Amsterdam, Netherlands "
Tuana Grill Turkish Restaurant Amsterdam,Restaurant,+31 20 341 6285 ,https://www.thuisbezorgd.nl/menu/tuana-grill?_gl=1*1ny41fr*_up*MQ..*_gs*Nw..&gclid=5de93d09edd41d1ed4c45541407b5c95&gclsrc=3p.ds,4.8,239,,"Bos en Lommerweg 313, 1055 DZ Amsterdam, Netherlands "
Restaurant Kien,Restaurant,+31 20 737 0093 ,http://www.restaurantkien.nl/,4.9,353,,"Witte de Withplein 43, 1057 ZM Amsterdam, Netherlands "
Hendrix,Bar,+31 20 221 4184 ,http://www.hendrix.nu/,4.4,950,,"De Clercqstraat 82, 1052 NK Amsterdam, Netherlands "
Teds Amsterdam Oud West - All Day Brunch,Brunch restaurant,+31 20 362 7396 ,https://teds-place.nl/amsterdam-oud-west/,4.2,2511,,"Bosboom Toussaintstraat 60, 1054 AV Amsterdam, Netherlands "
Pazzi De Clercqstraat,Italian restaurant,+31 20 618 6333 ,https://www.pazziamsterdam.nl/,4.6,1040,,"Netherlands, De Clercqstraat 93III, 1053 AG Amsterdam, Netherlands "
FIKO Restaurant Amsterdam,Italian restaurant,+31 6 87738901 ,http://www.fikoamsterdam.com/,4.4,1651,,"Eerste Constantijn Huygensstraat 60, 1054 BR Amsterdam, Netherlands "
BAK | Fine dining Restaurant Amsterdam,Fine dining restaurant,+31 20 737 2553 ,https://bakrestaurant.nl/,4.5,715,,"Van Diemenstraat 408, 1013 CR Amsterdam, Netherlands "
Ikaria Park,Restaurant,+31 6 12673320 ,https://www.ikariapark.nl/,4.8,547,,"Bilderdijkpark 1a, 1052 RZ Amsterdam, Netherlands "
Gitane,Restaurant,+31 20 235 8740 ,http://restaurantgitane.nl/,4.4,891,,"Jan Pieter Heijestraat 146, 1054 MK Amsterdam, Netherlands "
Boothuis,Restaurant,+31 20 224 6023 ,http://www.boothuis.amsterdam/,4.3,619,,"Christoffel Plantijngracht 4, 1065 DA Amsterdam, Netherlands "
Bariq - Greek Food & Wines,Restaurant,+31 6 87090313 ,https://www.bariq.nl/,4.9,567,,"Overtoom 411, 1054 JR Amsterdam, Netherlands "
Gustatio Amsterdam,Italian restaurant,+31 20 737 0752 ,https://gustatioamsterdam.nl/,4.4,1188,,"Overtoom 459 H, 1054 LE Amsterdam, Netherlands "
Elo Food Based,Restaurant,+31 6 41122688 ,https://www.elofoodbased.nl/,5.0,193,,"Admiraal de Ruijterweg 331h, 1055 LZ Amsterdam, Netherlands "
Pacific Amsterdam,Restaurant,+31 20 488 7778 ,https://www.pacificamsterdam.nl/,4.1,1718,,"Polonceaukade 23, 1014 DA Amsterdam, Netherlands "
Mountain Nepal - Amsterdam,Restaurant,+31 6 84707482 ,https://mountainnepalrestaurant.nl/,4.8,89,,"Kinkerstraat 348, 0, 1053 GE Amsterdam, Netherlands "
de Neef van Fred,Restaurant,+31 20 235 7175 ,http://www.deneefvanfred.goudvisch.nl/,4.3,366,,"Jan Evertsenstraat 41HS, 1057 BM Amsterdam, Netherlands "
Meneer De Wit Heeft Honger,Mediterranean restaurant,+31 20 737 3184 ,http://meneerdewitheefthonger.nl/,4.5,397,,"Witte de Withstraat 10, 1057 XV Amsterdam, Netherlands "
Barrica,Wine bar,+31 20 331 6624 ,http://www.barrica.nl/,4.6,379,,"Wilhelminastraat 109, 1054 WB Amsterdam, Netherlands "
Restaurant In ’t Vierde Baarsje,Restaurant,+31 20 616 6796 ,http://www.vierdebaarsje.nl/,4.8,280,,"Surinamestraat 32, 1058 GK Amsterdam, Netherlands "
Rosso Bianco,Italian restaurant,+31 20 775 0013 ,https://www.rossobianco.info/,4.7,387,,"Van Hallstraat 613, 1051 HE Amsterdam, Netherlands "
Ashoka - Kinkerstraat 🇮🇳,Indian restaurant,+31 20 341 7812 ,https://www.ashokarestaurant.nl/en/ashoka-kinkerstraat,4.6,536,,"Kinkerstraat 7, 1053 DB Amsterdam, Netherlands "
Juana La Dama,Restaurant,+31 20 223 4953 ,https://www.juanaladama.nl/,4.8,280,,"Potgieterstraat 16, 1053 XW Amsterdam, Netherlands "
Anmol restaurant,Indian restaurant,+31 20 489 6270 ,https://anmolrestaurant.nl/,4.5,526,,"Eerste Constantijn Huygensstraat 115, 1054 BV Amsterdam, Netherlands "
Restaurant Jun Indonesian Cuisine,Indonesian restaurant,+31 20 785 9185 ,http://www.restaurantjun.nl/,4.6,496,,"Frederik Hendrikstraat 98, 1052 HZ Amsterdam, Netherlands "
MOGU Malatang,Asian fusion restaurant,+31 6 42248432 ,http://mogu-food.com/,4.7,561,,"Admiraal de Ruijterweg 334A, 1055 MZ Amsterdam, Netherlands "
Mi-ami,Bar,+31 6 29576235 ,http://mi-ami.nl/,4.6,338,,"Jan van Galenstraat 169, 1056 BR Amsterdam, Netherlands "
Annapurna Kitchen Indian Restaurant,Indian restaurant,+31 20 304 4132 ,https://annapurnakitchen.nl/,4.8,615,,"Overtoom 548HS, 1054 LM Amsterdam, Netherlands "
Marhaba - Marokkaans Restaurant (Amsterdam West),Moroccan restaurant,+31 20 686 9237 ,https://marhaba-amsterdam.nl/,4.3,658,,"Bos en Lommerweg 143, 1055 DR Amsterdam, Netherlands "
Blue Pepper Restaurant and Candlelight Cruises,Indonesian restaurant,+31 20 489 7039 ,https://www.restaurantbluepepper.com/,4.6,437,,"Nassaukade 366, 1054 AB Amsterdam, Netherlands "
Café Binnenvisser,Restaurant,+31 20 221 0503 ,http://www.binnenvisser.nl/,4.3,617,,"Bilderdijkstraat 36, 1052 NB Amsterdam, Netherlands "
Trattoria Pizzeria Da Damiano,Italian restaurant,+31 20 685 0795 ,http://www.dadamiano.nl/,4.6,438,,"Jan Pieter Heijestraat 139, 1054 MG Amsterdam, Netherlands "
Kathmandu Kitchen,Indian restaurant,+31 6 35675065 ,https://kathmandukitchen.nl/,4.7,748,,"Balboastraat 24, 1057 VW Amsterdam, Netherlands "
Belly Pepper,Restaurant,+31 6 25496657 ,https://www.instagram.com/belly.pepper/,4.7,321,,"De Clercqstraat 128, 1052 NP Amsterdam, Netherlands "
Parakeet Amsterdam,Restaurant,+31 20 786 8819 ,http://www.parakeetamsterdam.nl/,4.8,500,,"Douwes Dekkerstraat 22H, 1053 SX Amsterdam, Netherlands "
Persian Orchidee Restaurant,Persian restaurant,+31 6 13312429 ,,4.8,198,,"Bilderdijkstraat 74, 1053 KW Amsterdam, Netherlands "
Chandni Chowk Indian Restaurant,Restaurant,+31 20 775 9050 ,http://www.chandnichowk.nl/,4.6,211,,"Admiraal de Ruijterweg 472, 1055 NH Amsterdam, Netherlands "
Restaurant Kenneh,Fine dining restaurant,+31 20 341 8680 ,https://www.restaurantkenneh.com/,4.9,154,,"Nassaukade 153g, 1053 LK Amsterdam, Netherlands "
Café Restaurant Piet de Gruyter,Pub,+31 20 682 3597 ,http://www.pietdegruyter.com/,4.4,493,,"Van Limburg Stirumplein 4-6, 1051 BE Amsterdam, Netherlands "
Thai Thai Poppetje,Thai restaurant,+31 20 337 4722 ,http://www.thaithaipoppetje.nl/,4.6,492,,"Van Speijkstraat 157HS, 1057 GX Amsterdam, Netherlands "
Restaurant FAAM,Pizza restaurant,+31 20 370 2354 ,http://www.restaurantfaam.nl/,4.6,577,,"Reinier Claeszenstraat 10, 1056 HX Amsterdam, Netherlands "
La Parole,French restaurant,+31 20 237 4710 ,http://www.laparole.nl/,4.4,283,,"Kwakersstraat 24, 1053 WD Amsterdam, Netherlands "
Le Début,Restaurant,+31 88 028 1820 ,http://www.hotelschool.nl/,4.9,68,,"Jan Evertsenstraat 171, 1057 BW Amsterdam, Netherlands "
Café de Toog Amsterdam,Gastropub,+31 20 618 5017 ,http://www.cafedetoog.com/,4.5,502,,"Nicolaas Beetsstraat 142 hs, 1054 XV Amsterdam, Netherlands "
De Japanner West,Japanese restaurant,+31 20 776 5535 ,http://www.dejapanner.com/,4.4,637,,"Bilderdijkstraat 203, 1053 KS Amsterdam, Netherlands "
Toko Bersama West,Indonesian restaurant,+31 20 233 2381 ,https://tokobersama.nl/,4.9,7604,,"Bilderdijkstraat 116, 1053 KZ Amsterdam, Netherlands "
THE BAB Oud-West Korean restaurant,Korean restaurant,+31 6 51549476 ,http://thebab.nl/,4.5,559,,"Eerste Constantijn Huygensstraat 41H, 1054 BR Amsterdam, Netherlands "
Plato Loco Caribbean Cuisine,Caribbean restaurant,+31 20 358 5047 ,http://www.platoloco.nl/,4.7,786,,"Rombout Hogerbeetsstraat 29, 1052 VN Amsterdam, Netherlands "
La Basta - Kosher Street Food / מסעדות כשרות באמסטרדם,Restaurant,+31 20 221 0246 ,,4.8,352,,"De Clercqstraat 16H, 1052 ND Amsterdam, Netherlands "
Trattoria Toto,Restaurant,+31 20 683 0028 ,https://www.quandoo.nl/en/place/trattoria-toto-6283,4.4,819,,"Eerste Constantijn Huygensstraat 112, 1054 BZ Amsterdam, Netherlands "
Bar Centraal,Wine bar,+31 20 779 9094 ,https://www.barcentraal.nl/,4.4,505,,"Ten Katestraat 16, 1053 CE Amsterdam, Netherlands "
Bar Kauffmann,Falafel restaurant,+31 6 16200644 ,http://barkauffmann.nl/,4.7,627,,"Reinier Claeszenstraat 4B, H, 1056 WJ Amsterdam, Netherlands "
Eetcafé Dorus Amsterdam,Restaurant,+31 6 81427217 ,https://www.dorusamsterdam.nl/,4.7,152,,"De Clercqstraat 27, 1053 AA Amsterdam, Netherlands "
Gollem's Proeflokaal,Diner,+31 20 612 9444 ,http://www.cafegollem.nl/,4.5,1701,,"Overtoom 160-162, 1054 HP Amsterdam, Netherlands "
Lalibela Restaurant,Ethiopian restaurant,+31 20 683 8332 ,http://www.lalibela.nl/,4.7,586,,"Eerste Helmersstraat 249, 1054 DX Amsterdam, Netherlands "
Fuoco Vivo,Pizza restaurant,+31 20 612 4309 ,http://www.fuocovivo.nl/,4.6,1073,,"De Clercqstraat 12, 1052 NC Amsterdam, Netherlands "
Bar Kosta,Bar,+31 20 240 2103 ,http://barkosta.com/,4.5,842,,"Derde Kostverlorenkade 42 Huis, 1054 TS Amsterdam, Netherlands "
Maharaj Indian Restaurant,Indian restaurant,+31 6 30583003 ,https://www.maharajindianrestaurant.nl/,4.9,205,,"Tweede Keucheniusstraat 12, 1051 VR Amsterdam, Netherlands "
Karavaan,Restaurant,+31 20 235 7177 ,https://www.karavaanamsterdam.nl/,4.2,1059,,"Kwakersplein 2, 1053 TZ Amsterdam, Netherlands "
Cafe Toussaint,Diner,+31 20 685 0737 ,http://www.cafe-toussaint.nl/,4.2,588,,"Bosboom Toussaintstraat 26, 1054 AS Amsterdam, Netherlands "
Wissenkerke Café & Restaurant,Restaurant,+31 20 486 9968 ,http://www.wissenkerke-sloterdijk.nl/,4.2,649,,"Radarweg 480, 1043 NV Amsterdam, Netherlands "
Restaurant Beyrouth,Lebanese restaurant,+31 20 616 0635 ,https://www.restaurantbeyrouth.nl/,4.5,797,,"Kinkerstraat 18-20, 1053 DV Amsterdam, Netherlands "
Remise47,Restaurant,+31 20 820 8675 ,http://www.remise47.com/,4.0,240,,"De Hallen, Bellamyplein 47, 1053 AT Amsterdam, Netherlands "
The Rum Barrel,Cocktail bar,+31 6 81850288 ,https://www.rumbarrel.nl/,4.9,340,,"Spaarndammerstraat 17, 1013 VN Amsterdam, Netherlands "
Volare,Italian restaurant,+31 20 235 7174 ,http://www.volare.amsterdam/,4.2,511,,"Admiraal de Ruijterweg 79, 1057 GZ Amsterdam, Netherlands "
Cafe Thuys,Bar,+31 20 612 0898 ,http://www.cafe-thuys.nl/,4.5,637,,"De Clercqstraat 129, 1053 AK Amsterdam, Netherlands "
Himalayan Kitchen Restaurant,Nepalese restaurant,+31 20 262 3880 ,https://himalayankitchen.nl/,4.5,409,,"Ten Katestraat 45H, 1053 BX Amsterdam, Netherlands "
Raina Indian Restaurant 🇮🇳,Indian restaurant,+31 20 303 0521 ,https://rainaamsterdam.nl/,4.3,1183,,"Admiraal de Ruijterweg 468, 1055 NH Amsterdam, Netherlands "
Zeeduivel Visspecialiteiten,Seafood restaurant,+31 20 774 0126 ,http://www.zee-duivel.nl/,4.9,252,,"Jan Pieter Heijestraat 84, 1053 GS Amsterdam, Netherlands "
Restaurant Maz Mez,Lebanese restaurant,+31 20 737 1799 ,http://www.restaurantmazmez.nl/,4.3,595,,"Jan Evertsenstraat 17-19, 1057 BL Amsterdam, Netherlands "
Met Restaurant Amsterdam,Restaurant,+31 20 218 4244 ,https://metrestaurant.nl/,4.4,56,,"Marius Bauerstraat 401, 1062 BK Amsterdam, Netherlands "
Shoarma & Grill by Meseuut,Turkish restaurant,+31 20 890 5690 ,http://www.bymeseuut.nl/,4.5,334,,"Bos en Lommerweg 379, 1061 DH Amsterdam, Netherlands "
Kanarie Club,Restaurant,+31 6 17993068 ,http://www.kanarieclub.nl/,4.0,720,,"Bellamyplein 51, 1053 AT Amsterdam, Netherlands "
I Love Chicken,Chicken restaurant,+31 6 57208080 ,,5.0,378,,"Postjesweg 63, 1057 DW Amsterdam, Netherlands "
Rangla Punjab - Indiaas restaurant 🇮🇳,Indian restaurant,+31 20 618 5481 ,https://www.ranglapunjab.nl/,4.8,275,,"Overtoom 350-O, 1054 JG Amsterdam, Netherlands "
Van 't Spit,Chicken restaurant,+31 20 358 3878 ,http://vantspit.nl/,4.4,660,,"De Clercqstraat 95, 1053 AH Amsterdam, Netherlands "
Warmoes,Restaurant,+31 20 728 4700 ,https://heerlijkamsterdam.nl/restaurant-warmoes/,4.8,39,,"Da Costastraat 60, 1053 ZP Amsterdam, Netherlands "
Stacks Diner,Restaurant,+31 20 854 5963 ,https://www.stacksdiner.com/,4.5,434,,"De Clercqstraat 32, 1052 NE Amsterdam, Netherlands "
Pizza Beppe Amsterdam Oud-West,Pizza restaurant,+31 20 227 9807 ,https://www.pizzabeppe.nl/en/locations/amsterdam/west?utm_source=google&utm_medium=organic&utm_campaign=bedrijfprofiel&utm_content=websiteklik,4.3,697,,"Nassaukade 379, 1054 AD Amsterdam, Netherlands "
Janana Burger,Hamburger restaurant,+31 6 38957415 ,http://jananaburger.foodticket.nl/,4.8,541,,"Willem de Zwijgerlaan 151, 1056 JL Amsterdam, Netherlands "
YamYam,Italian restaurant,+31 20 681 5097 ,http://www.yamyam.nl/,4.4,469,,"Frederik Hendrikstraat 88-90, 1052 HZ Amsterdam, Netherlands "
SALLORA Amsterdam Restaurant,Restaurant,+31 6 83671835 ,https://www.sallora.amsterdam/,4.2,1859,,"Osdorpplein 1010, 1068 HV Amsterdam, Netherlands "
The Cottage,Restaurant,+31 20 223 0835 ,http://www.thecottage.amsterdam/,4.8,1757,,"Linnaeusstraat 88, 1092 CP Amsterdam, Netherlands "
Bar Botanique,Restaurant,+31 20 358 6553 ,http://www.barbotanique.nl/,4.3,2665,,"Eerste Van Swindenstraat 581, 1093 LC Amsterdam, Netherlands "
Louie Louie,Restaurant,+31 20 370 2981 ,https://www.louielouie.nl/,4.4,2386,,"Linnaeusstraat 11A, 1093 TR Amsterdam, Netherlands "
Loetje Oost / Amsterdam Restaurant,Restaurant,+31 20 362 4709 ,https://www.loetje.nl/locaties/amsterdam-oost/?utm_source=google&utm_medium=organic&utm_campaign=gbp-listing&utm_content=amsterdamoost,4.3,2214,,"Ruyschstraat 15, 1091 BR Amsterdam, Netherlands "
Sham Oost,Syrian restaurant,+31 20 363 9036 ,http://www.restaurantsham.nl/,4.6,1637,,"Borneosteiger 1, 1019 KM Amsterdam, Netherlands "
BAUT Oost,Restaurant,+31 85 065 9619 ,https://bautoost.nl/,4.3,1300,,"Wibautstraat 125, 1091 GL Amsterdam, Netherlands "
Wilde Zwijnen,Restaurant,+31 20 463 3043 ,http://wildezwijnen.nl/,4.4,1341,,"Javaplein 23, 1095 CJ Amsterdam, Netherlands "
The Lobby Fizeaustraat,Restaurant,+31 20 758 5275 ,https://fizeaustraat.thelobby.nl/,4.5,978,,"Fizeaustraat 2, 1097 SC Amsterdam, Netherlands "
De Kas,Fine dining restaurant,+31 20 462 4562 ,http://www.restaurantdekas.nl/,4.7,3378,,"Kamerlingh Onneslaan 3, 1097 DE Amsterdam, Netherlands "
Restaurant Nomads,Restaurant,+31 20 779 0469 ,https://www.nomads-amsterdam.nl/,4.4,752,,"Oranje-Vrijstaatkade 55, 1093 KS Amsterdam, Netherlands "
Canvas,Restaurant,+31 20 261 2110 ,https://www.volkshotel.nl/canvas/?utm_source=google&utm_medium=business,4.2,1699,,"Wibautstraat 150, 1091 GR Amsterdam, Netherlands "
Bam Boa,Restaurant,+31 20 854 5424 ,http://bam-boa.com/,4.5,1440,,"Weesperzijde 135, 1091 ES Amsterdam, Netherlands "
Rijsel,Restaurant,+31 20 463 2142 ,http://www.rijsel.com/,4.6,632,,"Marcusstraat 52, 1091 TK Amsterdam, Netherlands "
tHUIS aan de AMSTEL,Diner,+31 20 354 7520 ,http://thuisaandeamstel.nl/,4.4,1877,,"Korte Ouderkerkerdijk 45, 1096 AC Amsterdam, Netherlands "
Café Restaurant De Ysbreeker,Restaurant,+31 20 468 1808 ,http://www.deysbreeker.nl/,4.2,3149,,"Weesperzijde 23, 1091 EC Amsterdam, Netherlands "
Le Due Sicilie,Italian restaurant,+31 6 27443403 ,http://www.restaurantleduesicilie.nl/,4.7,608,,"President Steynstraat 7, 1091 NB Amsterdam, Netherlands "
La Vallade,Restaurant,+31 20 665 2025 ,https://www.lavallade.nl/,4.5,482,,"Ringdijk 23, 1097 AB Amsterdam, Netherlands "
Risto Enoteca PepeNero,Restaurant,+31 6 18476264 ,http://www.restaurantpepenero.nl/,4.7,412,,"Eerste Oosterparkstraat 3-5, 1091 GT Amsterdam, Netherlands "
Food Brothers Amsterdam,Hamburger restaurant,+31 20 341 2092 ,https://www.foodbrothersamsterdam.nl/,4.8,1526,,"Overamstelstraat 1, 1091 TL Amsterdam, Netherlands "
Spring Cafe Brasserie Amsterdam,Restaurant,+31 20 802 0203 ,https://www.springcafebrasserie.com/?utm_source=GMB&utm_medium=organic,4.4,177,,"Mauritskade 61, 1092 AD Amsterdam, Netherlands "
Beste Doner,Restaurant,+31 20 210 1264 ,http://www.bestedoner.nl/,4.6,921,,"Dapperstraat 4, 1093 BT Amsterdam, Netherlands "
Bar Bukowski,Bar,+31 20 370 1685 ,http://www.barbukowski.nl/,4.4,2375,,"Oosterpark 10, 1092 AE Amsterdam, Netherlands "
Benji's,Lunch restaurant,+31 20 223 8787 ,https://benjis.amsterdam/restaurant/benjis-oost/breakfast-lunch-brunch,4.4,1364,,"Wibautstraat 196, 1091 GS Amsterdam, Netherlands "
Wijnbar Clos,Restaurant,+31 20 773 3043 ,http://www.closamsterdam.nl/,4.7,669,,"Beukenplein 50, 1091 ML Amsterdam, Netherlands "
The Meets,Restaurant,+31 6 36292069 ,http://www.themeets.nl/,4.7,666,,"Sumatrastraat 28, 1094 ND Amsterdam, Netherlands "
Drovers Dog Atjehstraat,Australian restaurant,+31 20 370 3784 ,http://widget.formitable.com/page/577c6724,4.6,760,,"62, Eerste Atjehstraat, 1094 KP Amsterdam, Netherlands "
Badhuis Amsterdam | Restaurant Amsterdam,Restaurant,+31 20 235 8770 ,https://badhuisamsterdam.nl/,4.2,394,,"Javaplein 21, 1095 CJ Amsterdam, Netherlands "
CatuaBar Amsterdam,Restaurant,+31 6 27112772 ,https://www.catuabar.nl/,5.0,385,,"Andreas Bonnstraat 40H, 1091 BA Amsterdam, Netherlands "
Café Kuijper,Pub,+31 20 665 1926 ,http://www.cafekuijper.nl/,4.5,915,,"Linnaeusstraat 79, 1093 EK Amsterdam, Netherlands "
De Plantage,Restaurant,+31 20 760 6800 ,http://www.caferestaurantdeplantage.nl/,4.2,3204,,"Plantage Kerklaan 36, 1018 CZ Amsterdam, Netherlands "
Feed Amsterdam,Restaurant,+31 20 221 3744 ,http://feedamsterdam.nl/,4.5,1326,,"Wibautstraat 206, 1091 GS Amsterdam, Netherlands "
Marhaba - Marokkaans Restaurant (Amsterdam Oost),Moroccan restaurant,+31 20 468 8330 ,https://marhaba-amsterdam.nl/,4.4,456,,"Eerste Oosterparkstraat 123 BG, 1091 GX Amsterdam, Netherlands "
VanOost Restaurant,Restaurant,+31 20 802 0202 ,https://www.vanoostrestaurant.com/?utm_source=GMB&utm_medium=organic,4.8,184,,"Mauritskade 61, 1092 AD Amsterdam, Netherlands "
Loulou Pizzabar,Pizza restaurant,+31 20 608 0077 ,https://louloupizzabar.nl/,4.5,2082,,"Weesperzijde 42A, 1091 EE Amsterdam, Netherlands "
Dappertutto,Restaurant,+31 20 772 4048 ,http://www.dappertutto.nl/,4.8,161,,"Mauritskade 110, 1093 RT Amsterdam, Netherlands "
VIJFNULVIJF Amsterdam – Urban Asian Kitchen,Asian restaurant,+31 20 358 5388 ,http://www.vijfnulvijf.nl/,4.4,1015,,"Insulindeweg 505, 1094 MK Amsterdam, Netherlands "
Elsa's Café,Restaurant,+31 20 668 5010 ,http://www.elsascafe.nl/,4.4,1070,,"Middenweg 73, 1098 AE Amsterdam, Netherlands "
Restaurant Cancún Amsterdam,Mexican restaurant,+31 20 782 7878 ,https://cancunamsterdam.nl/,4.3,368,,"Veelaan 15, 1019 AP Amsterdam, Netherlands "
The Greek Embassy - Coffee Bar Kouzina,Greek restaurant,+31 20 303 9510 ,https://thegreekembassy.com/,4.5,1197,,"Weesperzijde 85HS, 1091 EJ Amsterdam, Netherlands "
Eighty-Four Amsterdam,Restaurant,+31 20 221 0688 ,https://www.eighty-four.nl/,4.7,312,,"Oranje-Vrijstaatkade 25, 1093 KS Amsterdam, Netherlands "
Bar Restaurant 1900,Restaurant,+31 20 362 6329 ,http://www.barrestaurant1900.nl/,4.5,494,,"Hogeweg 48, 1098 CE Amsterdam, Netherlands "
Café MOJO Amsterdam,Restaurant,+31 20 233 1367 ,http://www.mojo-amsterdam.nl/,4.4,699,,"Ringdijk 3, 1097 AA Amsterdam, Netherlands "
De Biertuin East,Restaurant,+31 20 665 0956 ,http://www.debiertuin.nl/,4.4,2270,,"Linnaeusstraat 29, 1093 EE Amsterdam, Netherlands "
Bar Bachrach,Restaurant,+31 20 354 4000 ,http://www.barbachrach.nl/,4.7,249,,"Javaplein 25, 1095 HR Amsterdam, Netherlands "
Eatmosfera East,Pizza restaurant,+31 20 337 3646 ,http://www.eatmosfera.nl/,4.7,799,,"Sumatrastraat 47, 1094 LN Amsterdam, Netherlands "
NUME Amsterdam,Restaurant,+31 20 782 0289 ,http://numeamsterdam.com/,4.6,119,,"Linnaeusstraat 89, 1093 EK Amsterdam, Netherlands "
Pompstation,Restaurant,+31 20 692 2888 ,http://www.pompstation.nu/,4.3,1036,,"Zeeburgerdijk 52, 1094 AE Amsterdam, Netherlands "
Buurtcafé De Tros,Restaurant,+31 20 227 9803 ,http://detrosamsterdam.nl/,4.6,421,,"Linnaeusstraat 63H, 1093 Amsterdam, Netherlands "
Olidò - Pizzeria Amsterdam Oost,Pizza restaurant,+31 20 785 0047 ,http://www.olido.amsterdam/,4.8,991,,"Hogeweg 62, 1098 CG Amsterdam, Netherlands "
THE BAB Amsterdam Oost,Korean restaurant,+31 6 40391687 ,http://www.thebab.nl/,4.5,1064,,"Camperstraat 36, 1091 AG Amsterdam, Netherlands "
Café Restaurant Dauphine,Brasserie,+31 20 462 1646 ,https://www.caferestaurantdauphine.nl/,4.1,2473,,"Prins Bernhardplein 175, 1097 BL Amsterdam, Netherlands "
Beyoglu Restaurant & Café,Mediterranean restaurant,+31 20 786 1148 ,http://www.beyoglurestaurant.nl/,4.4,913,,"Eerste Oosterparkstraat 251 B, 1091 HA Amsterdam, Netherlands "
The Harbour Club Amsterdam - East,Restaurant,+31 20 767 0421 ,http://theharbourclub.com/amsterdam-oost,4.0,1757,,"Cruquiusweg 67, 1019 AT Amsterdam, Netherlands "
Cafe Vlaming,Restaurant,+31 20 244 7511 ,https://www.cafevlaming.nl/,4.9,85,,"Dapperstraat 10, 1093 BT Amsterdam, Netherlands "
Bar Basquiat,Restaurant,+31 20 370 8334 ,http://www.barbasquiat.nl/,4.3,1135,,"Javastraat 88-90, 1094 LN Amsterdam, Netherlands "
L'Osteria,Italian restaurant,+31 20 215 3777 ,https://losteria.net/nl/restaurants/,4.1,3346,,"Korte Ouderkerkerdijk 16, 1096 AC Amsterdam, Netherlands "
Mooie Boules Amsterdam Oost,Restaurant,+31 20 777 9147 ,https://mooieboules.nl/amsterdam/?utm_source=GoogleMijnBedrijf&utm_medium=profiel&utm_id=Amsterdam,4.5,1263,,"Zeeburgerpad 3, 1018 AJ Amsterdam, Netherlands "
The 5th | Amsterdam Oost,Pub,+31 20 751 7878 ,https://www.the5th.nl/amsterdam?utm_source=GMBlisting&utm_medium=organic,4.4,109,,"Timorplein 21, 1094 CC Amsterdam, Netherlands "
Fuku Ramen,Restaurant,+31 6 42608596 ,http://www.fukuramenamsterdam.com/,4.7,382,,"Ingogostraat 14A, 1092 HZ Amsterdam, Netherlands "
Yemen Restaurant,Yemeni restaurant,+31 6 33322286 ,http://yemen-restaurant-amsterdam.nl/,4.4,1202,,"Javastraat 28h, 1094 HH Amsterdam, Netherlands "
Le French Café - Javastraat,Restaurant,+31 20 235 7178 ,https://lefrenchcafe.nl/locaties/javastraat-amsterdam/,4.4,449,,"Javastraat 42, 1094 HJ Amsterdam, Netherlands "
LOCAL DEALER - TACOS & CEVICHES,Mexican restaurant,+31 20 363 6514 ,https://localdealer.nl/,4.4,834,,"Dapperplein 23, 1093 GP Amsterdam, Netherlands "
Spaghetteria,Restaurant,+31 20 786 9967 ,http://www.spaghetteria.com/,4.5,294,,"Javaplein 7, 1095 CH Amsterdam, Netherlands "
De Kop van Oost,Restaurant,+31 20 238 6988 ,http://dekopvanoost.com/,4.3,778,,"Zeeburgerpad 1, 1018 AH Amsterdam, Netherlands "
Axum Restaurant,Ethiopian restaurant,+31 20 663 3963 ,https://www.aksumrestaurant.nl/,4.8,166,,"Blasiusstraat 62, 1091 CV Amsterdam, Netherlands "
Eetcafé de Avonden,Western restaurant,+31 20 370 7074 ,http://www.eetcafedeavonden.nl/,4.6,547,,"Middenweg 398, 1097 VA Amsterdam, Netherlands "
Ode aan de Amstel,Restaurant,+31 20 760 2030 ,http://www.odeaandeamstel.nl/,4.2,532,,"Amstelboulevard 1, 1096 HH Amsterdam, Netherlands "
Cafe Restaurant Polder,Restaurant,+31 20 463 4303 ,http://www.cafe-restaurantpolder.nl/,4.3,1276,,"Science Park 201, 1098 XH Amsterdam, Netherlands "
Taparia Amsterdam,Tapas bar,+31 20 419 1793 ,http://www.taparia.amsterdam/,4.0,1157,,"Oostelijke Handelskade 999, 1019 BW Amsterdam, Netherlands "
Grand Café Frankendael,Restaurant,+31 20 663 6222 ,http://www.frankendael.com/,4.0,491,,"Middenweg 116, 1097 BT Amsterdam, Netherlands "
Café Jansen Bajeskwartier,Restaurant,+31 20 280 7010 ,https://www.cafejansen.nl/,4.6,100,,"H.J.E. Wenckebachweg 10, 1096 DC Amsterdam, Netherlands "
Pazzi Oost,Restaurant,+31 20 705 1008 ,https://www.pazziamsterdam.nl/,4.5,311,,"Steve Bikoplein 12, 1092 GN Amsterdam, Netherlands "
Brouwerij Poesiat & Kater,Brewpub,+31 20 333 1050 ,http://www.poesiatenkater.nl/,4.2,1530,,"Polderweg 648, 1093 KP Amsterdam, Netherlands "
Stoop Eten en Drinken,Restaurant,+31 20 693 1444 ,http://stoopetenendrinken.nl/,4.6,112,,"Buys Ballotstraat 2, 1098 ND Amsterdam, Netherlands "
Amsterdam Roest,Restaurant,+31 20 308 6484 ,https://roest-amsterdam.nl/,4.4,1529,,"Jacob Bontiusplaats 1, 1018 LG Amsterdam, Netherlands "
Tarbush,Shawarma restaurant,+31 20 304 8455 ,,4.4,2477,,"Javastraat 64HS, 1094 HK Amsterdam, Netherlands "
Saffraan,Turkish restaurant,+31 20 665 0968 ,https://www.saffraandeamstel.nl/,4.4,482,,"Weesperzijde 48, 1091 EG Amsterdam, Netherlands "
Yangon Delight,Burmese restaurant,+31 6 39327514 ,https://www.yangondelight.nl/,4.7,350,,"Linnaeusstraat 83, 1093 EK Amsterdam, Netherlands "
Restaurant Nour,Middle Eastern restaurant,+31 20 463 9786 ,http://nour-restaurant.nl/,4.3,1454,,"Javastraat 109, 1094 HC Amsterdam, Netherlands "
Oost Pizza Pasta,Italian restaurant,+31 20 692 8674 ,http://www.oostpizzapasta.nl/,4.4,446,,"Andreas Bonnstraat 44-46, 1091 BA Amsterdam, Netherlands "
Massalia Restobar,Restaurant,+31 20 235 8780 ,http://restobarmassalia.nl/,4.5,260,,"Beukenplein 21, 1092 BB Amsterdam, Netherlands "
Huize Frankendael / restaurant Merkelbach,Restaurant,+31 20 423 3930 ,http://www.huizefrankendael.nl/,4.3,416,,"Middenweg 72, 1097 BS Amsterdam, Netherlands "
Boi Boi,Thai restaurant,+31 20 233 9499 ,https://boiboi.com/,4.2,658,,"Pieter Vlamingstraat 56, 1093 AG Amsterdam, Netherlands "
Oceaan,Restaurant,+31 20 341 7515 ,http://oceaan.amsterdam/,4.6,458,,"R.J.H. Fortuynplein 29, 1019 WL Amsterdam, Netherlands "
Kilimanjaro Take Me Away,Vegan restaurant,+31 20 663 5555 ,https://social.quandoo.com/en/groups/kilimanjaro-take-me-away-107749,4.8,329,,"Beukenweg 22, 1091 KE Amsterdam, Netherlands "
Shigure,Japanese restaurant,+31 20 782 0882 ,http://www.shigure.nl/,4.9,97,,"Andreas Bonnstraat 36, 1091 BA Amsterdam, Netherlands "
Restaurant EAST,Restaurant,+31 20 207 8078 ,https://hotelcasa.nl/east/,3.9,259,,"Eerste Ringdijkstraat 2, 1097 BC Amsterdam, Netherlands "
Thaicoon Amsterdam,Thai restaurant,+31 20 362 3302 ,http://thaicoon.nl/,4.0,527,,"Beukenplein 10, 1091 KG Amsterdam, Netherlands "
Park Café-Restaurant,Restaurant,+31 20 850 2450 ,https://hotelarena.nl/en/new-park-cafe-restaurant/,4.0,500,,"'s-Gravesandestraat 55, 1092 AA Amsterdam, Netherlands "
Breman Brasserie,Restaurant,+31 20 262 5530 ,https://thehoxton.com/amsterdam/lloyd/breman-brasserie-restaurant/,4.1,161,,"Oostelijke Handelskade 34, 1019 BN Amsterdam, Netherlands "
Selam Afrika Restaurant,Eritrean restaurant,+31 20 358 4645 ,https://mymenuweb.com/nl/restaurants/834658/?utm_source=google_profile&utm_medium=google_profile&utm_campaign=admin,4.4,220,,"Dapperstraat 94H, 1093 BZ Amsterdam, Netherlands "
CAI&CAI SUSHI ALL YOU CAN EAT AMSTERDAM,Asian restaurant,+31 20 419 7710 ,http://caicairestaurant.nl/,4.5,185,,"Borneolaan 515, 1019 KP Amsterdam, Netherlands "
Pizza Beppe Amsterdam Oost,Pizza restaurant,+31 20 227 9806 ,https://www.pizzabeppe.nl/en/locations/amsterdam/oost?utm_source=google&utm_medium=organic&utm_campaign=bedrijfprofiel&utm_content=websiteklik,4.1,371,,"Middenweg 23, 1098 AB Amsterdam, Netherlands "
Wakuli specialty coffee bar,Espresso bar,+31 6 18594163 ,https://www.wakuli.com/,4.6,141,,"Linnaeusstraat 237a, 1093 EP Amsterdam, Netherlands "
Restaurant EAST,Restaurant,+31 20 207 8078 ,https://hotelcasa.nl/east/,3.9,259,,"Eerste Ringdijkstraat 2, 1097 BC Amsterdam, Netherlands "
Meram - Amsterdam Oost,Restaurant,+31 20 362 6420 ,https://www.meram.nl/,3.9,696,,"Pretoriusstraat 22-24, 1092 GG Amsterdam, Netherlands "
Indonesia Indah,Indonesian restaurant,+31 20 341 8868 ,http://www.indonesiaindah.nl/,4.4,223,,"Javastraat 73A, 1094 HB Amsterdam, Netherlands "
New Draver Restaurant,Restaurant,+31 20 663 0230 ,http://www.newdraver.nl/,4.4,439,,"Tweede Oosterparkstraat 2-4, 1091 JC Amsterdam, Netherlands "
Couscousbar Amsterdam,Restaurant,+31 20 331 4130 ,http://www.couscousbar.nl/,4.0,225,,"Javastraat 30, 1094 HH Amsterdam, Netherlands "
Lalla Rookh,Surinamese restaurant,+31 20 776 4048 ,http://www.lalla-rookh.nl/,4.4,561,,"Wijttenbachstraat 290, 1093 JK Amsterdam, Netherlands "
The Social Hub Amsterdam City - Restaurant & Bar,Restaurant,+31 20 214 9999 ,https://www.thesocialhub.co/amsterdam-city/eat-and-drink/?utm_source=googlemybusiness&utm_medium=organic,3.8,501,,"Wibautstraat 131, 1091 GL Amsterdam, Netherlands "
Krux Brouwwerf,Brewpub,+31 6 81564672 ,http://www.krux.nl/,4.7,380,,"Cruquiusweg 83D, 1019 AT Amsterdam, Netherlands "
Vegan Temple Bar,Vegan restaurant,+31 20 776 8021 ,http://vegantemplebar.nl/,4.7,1864,,"Lange Leidsedwarsstraat 17, 1017 NE Amsterdam, Netherlands "
The Pizza Vagabond,Italian restaurant,+31 20 235 2156 ,https://www.thepizzavagabond.com/,4.9,633,,"Czaar Peterstraat 106, 1018 PS Amsterdam, Netherlands "
Loetje Amsterdam ZuidAs,Restaurant,+31 20 235 7842 ,https://www.loetje.nl/locaties/amsterdam-zuidas/?utm_source=google&utm_medium=organic&utm_campaign=gbp-listing&utm_content=amsterdamzuidas,4.2,2390,,"Parnassusweg 1021, 1082 LZ Amsterdam, Netherlands "
Omelegg - de Pijp,Breakfast restaurant,+31 20 370 1134 ,http://www.omelegg.com/,4.6,3771,,"Ferdinand Bolstraat 143, 1072 LH Amsterdam, Netherlands "
NENI Amsterdam,Restaurant,+31 20 747 0098 ,https://neni-amsterdam.nl/,4.6,3581,,"Stadionplein 8, 1076 CM Amsterdam, Netherlands "
The Seafood Bar,Seafood restaurant,+31 20 670 8355 ,https://www.theseafoodbar.com/,4.7,9121,,"Van Baerlestraat 5h, 1071 AL Amsterdam, Netherlands "
Dignita Vondelpark,Brunch restaurant,+31 20 221 4458 ,http://www.eatwelldogood.nl/,4.5,2147,,"Koninginneweg 218, 1075 EL Amsterdam, Netherlands "
Osteria Bella Ciao Italian Restaurant,Italian restaurant,+31 20 794 9565 ,https://bellaciaoams.nl/,4.7,829,,"Laan der Hesperiden 66, 1076 DN Amsterdam, Netherlands "
Wurst & Schnitzelhaus Zuidas (WuSH),German restaurant,+31 20 737 1592 ,http://www.wush.nl/,4.5,2204,,"George Gershwinplein 6, 1082 MV Amsterdam, Netherlands "
Ciel Bleu,Restaurant,+31 20 678 7450 ,https://www.cielbleu.nl/,4.7,438,,"Ferdinand Bolstraat 333, 1072 PG Amsterdam, Netherlands "
The Seafood Bar,Seafood restaurant,+31 20 261 4864 ,https://www.theseafoodbar.com/,4.7,5626,,"Ferdinand Bolstraat 32, 1072 LK Amsterdam, Netherlands "
Restaurant Zaza's,Restaurant,+31 20 673 6333 ,http://www.zazas.nl/,4.8,924,,"Daniël Stalpertstraat 103, 1072 XD Amsterdam, Netherlands "
Sinne,Fine dining restaurant,+31 20 682 7290 ,http://www.restaurantsinne.nl/,4.6,609,,"Ceintuurbaan 342 Huis, 1072 GP Amsterdam, Netherlands "
The Harbour Club,Restaurant,+31 20 570 5731 ,https://theharbourclub.com/amsterdam-zuid/,4.1,1266,,"Apollolaan 2, 1077 BA Amsterdam, Netherlands "
Made's Warung Amsterdam (Zuid),Indonesian restaurant,+31 20 370 4231 ,https://madeswarungamsterdam.nl/,4.8,622,,"Cornelis Krusemanstraat 3, 1075 NB Amsterdam, Netherlands "
Visaandeschelde,Seafood restaurant,+31 20 675 1583 ,http://www.visaandeschelde.nl/,4.6,815,,"Scheldeplein 4, 1078 GR Amsterdam, Netherlands "
Yamazato,Japanese restaurant,+31 20 678 8300 ,https://www.okura.nl/yamazato,4.5,720,,"Ferdinand Bolstraat 333, 1072 LH Amsterdam, Netherlands "
Market 33,Restaurant,+31 6 57077733 ,http://www.market33.nl/,4.4,1632,,"Claude Debussylaan 33, 1082 MG Amsterdam, Netherlands "
Mezzave,Israeli restaurant,+31 20 792 0246 ,https://www.instagram.com/mezzave_amsterdam/?hl=en,4.8,1771,,"Eerste van der Helststraat 47h, 1073 AD Amsterdam, Netherlands "
Gustavino Restaurant & Vinoteca,Italian restaurant,+31 20 661 5062 ,https://www.restaurantgustavino.nl/,3.8,493,,"Gustav Mahlerplein 16, 1082 MA Amsterdam, Netherlands "
Heemelrijck De Pijp,Restaurant,+31 85 087 9409 ,http://www.heemelrijck.nl/,4.7,766,,"Van Woustraat 23, 1074 AA Amsterdam, Netherlands "
NAZKA,Fine dining restaurant,+31 20 223 4901 ,http://www.nazka.nu/,4.7,1024,,"Van Ostadestraat 354, 1073 LT Amsterdam, Netherlands "
Brasserie SenT,Restaurant,+31 20 676 2495 ,https://www.restaurantsent.nl/,4.7,826,,"Saenredamstraat 39-41, 1072 CC Amsterdam, Netherlands "
Indian Restaurant Swagat,Indian restaurant,+31 20 304 8444 ,http://www.indianrestaurantswagat.com/,4.7,2550,,"Stadionweg 247-249, 1076 NX Amsterdam, Netherlands "
Lokaal van de Stad,Diner,+31 6 18318558 ,https://www.lokaalvandestad.nl/,4.6,1484,,"Heemstedestraat 68, 1058 NP Amsterdam, Netherlands "
d&a hummus bistro,Restaurant,+31 20 778 4049 ,https://dna-hummusbistro.com/,4.7,571,,"Maasstraat 72, 1078 HL Amsterdam, Netherlands "
L'Antica Pizzeria da Michele,Pizza restaurant,+31 20 358 6942 ,http://www.pizzeriadamichele.nl/,4.4,2865,,"Eerste van der Helststraat 72H, 1072 NZ Amsterdam, Netherlands "
The Breakfast Club,Family restaurant,+31 20 771 1823 ,http://thebreakfastclub.nl/,3.9,1373,,"Gustav Mahlerplein 114, 1082 MK Amsterdam, Netherlands "
Guru Restaurant,Indian restaurant,+31 20 358 5717 ,https://the-guru.nl/,4.8,1306,,"Rijnstraat 157, 1079 HD Amsterdam, Netherlands "
Venster 33,Restaurant,+31 20 362 6423 ,http://www.venster33.nl/,4.5,2132,,"Eerste van der Helststraat 42, 1072 NV Amsterdam, Netherlands "
Bali Brunch 82,Restaurant,+31 20 705 2326 ,,4.7,878,,"Stadhouderskade 82A, 1073 AT Amsterdam, Netherlands "
Restaurant JA,Fine dining restaurant,+31 6 50645829 ,https://www.restaurantja.nl/,4.9,485,,"Tweede Jan Steenstraat 3, 1073 VK Amsterdam, Netherlands "
Brut de Mer,Seafood restaurant,+31 20 471 4099 ,http://www.brutdemer.nl/,4.5,726,,"Gerard Douplein 8, 1072 VE Amsterdam, Netherlands "
De Blauwe Engel,Restaurant,+31 20 575 2140 ,http://www.deblauweengel.nl/,4.0,501,,"Strawinskylaan 143, 1077 XW Amsterdam, Netherlands "
The Happy Bull,Hamburger restaurant,+31 20 363 6606 ,https://thehappybull.nl/,4.7,1536,,"Hoofddorpweg 9H, 1059 CS Amsterdam, Netherlands "
Rosso Pizza Bar,Restaurant,+31 6 25398170 ,https://rossopizzabar.com/,4.8,126,,"George Gershwinlaan 534, 1082 MT Amsterdam, Netherlands "
Renato's Osteria - De Pijp,Italian restaurant,+31 20 362 7233 ,http://www.renatos.nl/renatos-osteria-amsterdam,4.5,1043,,"Van der Helstplein 17h, 1073 AR Amsterdam, Netherlands "
Cannibale Royale Ruysdael,Restaurant,+31 20 233 5860 ,https://cannibaleroyale.nl/locations/ruysdaelkade/,4.4,2883,,"Ruysdaelkade 149, 1072 AR Amsterdam, Netherlands "
Restaurant Blauw Amsterdam,Indonesian restaurant,+31 20 675 5000 ,https://restaurantblauw.nl/,4.4,1330,,"Amstelveenseweg 158-160, 1075 XN Amsterdam, Netherlands "
Oliver's,Restaurant,+31 20 646 1626 ,http://www.olivers.nl/,4.2,528,,"Claude Debussylaan 78, 1082 MD Amsterdam, Netherlands "
Grand Café LIVING Amsterdam,Bar,+31 20 205 0966 ,https://grandcafeliving.nl/,4.2,89,,"De Boelelaan 1111G, 1081 HV Amsterdam, Netherlands "
Café Carbòn Zuid,Restaurant,+31 20 233 0796 ,http://www.cafecarbon.nl/,4.3,647,,"Amstelveenseweg 312, 1076 CS Amsterdam, Netherlands "
Burgerbar De Pijp,Restaurant,+31 20 370 4956 ,http://burgerbar.nl/,4.3,1833,,"62B, Eerste van der Helststraat, 1072 NX Amsterdam, Netherlands "
Mr. Sam Asian Bistro,Japanese restaurant,+31 20 664 2795 ,http://www.mrsamamsterdam.com/,4.6,819,,"Amstelveenseweg 344, 1076 CT Amsterdam, Netherlands "
"Hasta La Vista, Baby - Restaurant & Rooftop Bar",Restaurant,+31 20 261 1522 ,https://hastalavista.baby/,4.5,667,,"Eduard van Beinumstraat 40, 1077 CZ Amsterdam, Netherlands "
Restaurant ShakShuk Zuidas,Restaurant,+31 20 214 9918 ,http://www.shakshuk.nl/,4.4,163,,"Antonio Vivaldistraat 3, 1083 HP Amsterdam, Netherlands "
Restaurant Jaspers,Restaurant,+31 20 471 5233 ,http://restaurantjaspers.nl/,4.8,292,,"Ceintuurbaan 196, 1072 GC Amsterdam, Netherlands "
Dragon I,Asian fusion restaurant,+31 20 770 6420 ,http://www.dragoni-restaurant.nl/,4.6,395,,"Amstelveenseweg 154 HS, 1075 XM Amsterdam, Netherlands "
Rudi’s Original Stroopwafels | Albert Cuyp Markt Amsterdam,Bakery,+31 6 16351033 ,http://www.originalstroopwafels.com/,4.9,2025,,"Albert Cuyp Straat, t/o 182, 1073 BK Amsterdam, Netherlands "
Poppy's Restaurant de Pijp,Restaurant,+31 20 341 8799 ,https://www.poppysamsterdam.nl/,4.6,195,,"Lutmastraat 99, 1073 GR Amsterdam, Netherlands "
The Burger Room,Hamburger restaurant,+31 20 785 4773 ,http://www.theburgerroom.com/,4.4,3306,,"Paulus Potterstraat 30 H, 1071 DA Amsterdam, Netherlands "
Bonnie,Restaurant,+31 20 235 7172 ,http://barbonnie.nl/,4.3,939,,"Amstelveenseweg 226h, 1075 RN Amsterdam, Netherlands "
Nela Restaurant,Restaurant,+31 20 723 1967 ,https://nelarestaurant.com/,4.4,602,,"Beethovenstraat 515, 1083 HK Amsterdam, Netherlands "
Golden Thali,Indian restaurant,+31 20 671 2255 ,https://goldenthali.nl/,4.7,485,,"Olympiaplein 118, 1076 AK Amsterdam, Netherlands "
Tulsi Indian Restaurant,Indian restaurant,+31 20 331 6403 ,https://tulsi-restaurant.nl/,4.5,2359,,"Van Woustraat 212, 1073 NA Amsterdam, Netherlands "
Insieme,Italian restaurant,+31 20 675 7808 ,https://www.insiemerestaurant.nl/,4.5,642,,"Scheldestraat 23, 1078 GD Amsterdam, Netherlands "
Hakata Senpachi,Japanese restaurant,+31 20 662 5823 ,http://hakatasenpachi.com/,4.4,1096,,"Wielingenstraat 16, 1078 KK Amsterdam, Netherlands "
Lakhay - Nepalese & Tibetan Restaurant,Restaurant,+31 20 845 1807 ,https://www.lakhay.nl/,4.7,976,,"Albert Cuypstraat 56 H, 1072 CV Amsterdam, Netherlands "
Kitchen Impossible Amsterdam,Restaurant,+31 6 47533115 ,https://www.instagram.com/kitchenimpossibleams/,4.8,342,,"Van der Helstplein 2, 1072 PH Amsterdam, Netherlands "
La Nostra Gigi,Restaurant,+31 85 087 6048 ,https://nostragigi.com/,4.2,966,,"Marie Heinekenplein 5, 1072 MH Amsterdam, Netherlands "
Nanbu,Sushi restaurant,+31 20 675 0016 ,http://www.nanbu.nl/,4.6,344,,"Europaplein 11, 1078 GS Amsterdam, Netherlands "
Bar BAUT,Restaurant,+31 85 087 6084 ,https://www.baut.amsterdam/locatie/bar-baut,4.4,890,,"Stadionweg 320, 1076 VW Amsterdam, Netherlands "
Het Bosch Waterfront Kitchen,Modern European restaurant,+31 20 644 5800 ,https://hetbosch.com/,4.3,520,,"Jollenpad 10, 1081 KC Amsterdam, Netherlands "
Bar Kaspar,Restaurant,+31 20 240 0870 ,http://www.barkaspar.com/,4.5,841,,"Stadionweg 100, 1077 SR Amsterdam, Netherlands "
Vascobelo V-Bar NoMA House,Cafe,+31 85 888 7201 ,https://vascobelo.com/locaties/v-bar/parnassusweg/l103c15,4.3,238,,"Parnassusweg 400, 1081 LD Amsterdam, Netherlands "
Batoni Khinkali,Georgian restaurant,+31 20 358 5491 ,https://widget.formitable.com/page/72e8d185,4.3,1613,,"Willemsparkweg 177, 1071 GZ Amsterdam, Netherlands "
Maydanoz,Mediterranean restaurant,+31 20 676 1195 ,https://maydanoz-amsterdam.nl/,4.4,814,,"Ceintuurbaan 9H, 1072 ER Amsterdam, Netherlands "
Bolenius Restaurant,Dutch restaurant,+31 20 238 6985 ,http://www.bolenius-rembrandtpark.nl/,4.5,419,,"Nachtwachtlaan 20B, 1058 EA Amsterdam, Netherlands "
George W.P.A.,Restaurant,+31 20 737 1035 ,https://georgewpa.nl/,3.4,976,,"Willemsparkweg 74, 1071 HK Amsterdam, Netherlands "
Casa Nostra,Italian restaurant,+31 20 223 7436 ,http://www.casanostrakitchen.nl/,4.5,1024,,"Ceintuurbaan 233, 1074 CW Amsterdam, Netherlands "
Impero Romano Amsterdam,Italian restaurant,+31 20 752 7444 ,http://imperoromano.nl/,4.3,1352,,"Amsteldijk 25, 1074 HC Amsterdam, Netherlands "
"TOZI Restaurant & Bar, Vondelpark",Italian restaurant,+31 20 573 7100 ,https://www.toziamsterdam.com/,4.4,596,,"Koninginneweg 34, 1075 AA Amsterdam, Netherlands "
Norma,Restaurant,+31 20 737 2047 ,http://www.norma.pizza/,4.8,362,,"Haarlemmermeerstraat 27, 1058 JN Amsterdam, Netherlands "
The Traveller,Restaurant,+31 20 723 9614 ,https://zuid.thetravelleramsterdam.com/,4.3,481,,"Europaplein 2, 1078 GZ Amsterdam, Netherlands "
Spaghetteria,Restaurant,+31 20 209 1179 ,http://www.spaghetteria.com/,4.4,816,,"Van Woustraat 123, 1074 AH Amsterdam, Netherlands "
Restaurant Wils,Restaurant,+31 20 236 6522 ,http://www.restaurantwils.nl/,4.5,338,,"Stadionplein 26, 1076 CM Amsterdam, Netherlands "
Grand Café Mahler,Restaurant,+31 20 820 3477 ,http://grandcafe-mahler.nl/,3.9,121,,"Gustav Mahlerlaan 2970, 1081 LA Amsterdam, Netherlands "
Vegan Junk Food Bar,Vegan restaurant,+31 6 18955002 ,https://www.veganjunkfoodbar.com/locations/marie-heinekenplein/,4.5,3755,,"Marie Heinekenplein 9, 1072 MH Amsterdam, Netherlands "
Senor Mostachio,Mexican restaurant,+31 6 11628545 ,,4.4,888,,"Ruysdaelkade 183H, 1072 AT Amsterdam, Netherlands "
Warung Barokah,Indonesian restaurant,+31 20 773 1540 ,https://warungbarokah.nl/,4.7,661,,"Aalsmeerweg 91, 1059 AE Amsterdam, Netherlands "
L'Entrecôte et les Dames,Restaurant,+31 20 679 8888 ,http://www.entrecote-et-les-dames.nl/,4.3,778,,"Van Baerlestraat 47-49, 1071 AP Amsterdam, Netherlands "
Restaurant Visque,Restaurant,+31 20 334 3268 ,https://visque.nl/restaurant/,4.5,196,,"Willemsparkweg 220hs, 1071 HX Amsterdam, Netherlands "
Sama Sebo,Indonesian restaurant,+31 20 662 8146 ,http://www.samasebo.nl/,4.2,1228,,"Pieter Cornelisz Hooftstraat 27, 1071 BL Amsterdam, Netherlands "
Monte Verde,Italian restaurant,+31 20 675 1165 ,https://monteverde.sitedish.shop/,4.2,858,,"Albert Cuypstraat 15-17, 1072 CK Amsterdam, Netherlands "
Fa. Pekelhaaring,Restaurant,+31 20 679 0460 ,http://www.pekelhaaring.nl/,4.3,813,,"Van Woustraat 127, 1074 AH Amsterdam, Netherlands "
Pompa,Restaurant,+31 20 662 6206 ,https://www.restaurantpompa.nl/,4.1,2337,,"Willemsparkweg 6, 1071 HD Amsterdam, Netherlands "
Arles,French restaurant,+31 20 679 8240 ,http://www.arles-amsterdam.nl/,4.6,1026,,"Govert Flinckstraat 251, 1073 BX Amsterdam, Netherlands "
Carletto - Italian Osteria,Italian restaurant,+31 6 41146488 ,https://www.carlettoamsterdam.com/,4.4,459,,"Gerard Doustraat 82H, 1072 VW Amsterdam, Netherlands "
Ron Gastrobar,Fine dining restaurant,+31 20 496 1943 ,http://www.rongastrobar.nl/,4.3,1821,,"Sophialaan 55, 1075 BP Amsterdam, Netherlands "
Spaghetteria Pasta-bar,Restaurant,+31 20 737 0960 ,http://www.spaghetteria.com/,4.2,659,,"Olympiaplein 176, 1076 AM Amsterdam, Netherlands "
Brasserie Keyzer,Brasserie,+31 20 675 1866 ,http://www.brasseriekeyzer.nl/,3.9,997,,"Van Baerlestraat 96, 1071 BB Amsterdam, Netherlands "
Taj Indian Restaurant,Indian restaurant,+31 20 679 7297 ,https://www.taj-indian-restaurant.nl/,4.4,1604,,"Marie Heinekenplein 1, 1072 MH Amsterdam, Netherlands "
Ox & Bucks,Restaurant,+31 20 238 6083 ,http://www.oxxbucks.com/,3.8,404,,"Strawinskylaan 11, 1077 XX Amsterdam, Netherlands "
Calle Ocho,Latin American restaurant,+31 20 363 8077 ,http://www.calle-ocho.nl/,4.3,634,,"Albert Cuypstraat 226I, 1073 BN Amsterdam, Netherlands "
PIZZERIA DOPE,Pizza restaurant,+31 6 12291761 ,https://widget.formitable.com/page/61aef86d,4.6,1279,,"Eerste van der Helststraat 66, 1072 NZ Amsterdam, Netherlands "
Ladybird Fried Chicken Amsterdam,Restaurant,+31 6 27168644 ,https://www.ladybirdfriedchicken.com/,4.3,704,,"Sarphatipark 4, 1072 PA Amsterdam, Netherlands "
Bennies,Restaurant,+31 6 42403140 ,http://www.benniesrestaurant.nl/,4.4,191,,"Helicopterstraat 28, 1059 CG Amsterdam, Netherlands "
Eetcafé Schotsheuvel,Restaurant,+31 20 235 8882 ,http://www.schotsheuvel.nl/,4.7,196,,"Banstraat 14, 1071 JZ Amsterdam, Netherlands "
Vascobelo V-point Eurocenter.,Cafe,+31 6 18587650 ,https://vascobelo.com/cafe-brasseries/17/amsterdam-eurocenter,4.5,59,,"Barbara Strozzilaan 336, 1083 HN Amsterdam, Netherlands "
De Bakkerswinkel Oud-Zuid,Lunch restaurant,+31 20 662 3594 ,http://www.debakkerswinkelamsterdamzuid.nl/,4.6,513,,"Roelof Hartstraat 68, 1071 VM Amsterdam, Netherlands "
Café Kiebêrt,Restaurant,+31 20 845 8283 ,https://cafekiebert.nl/en/home/,4.1,735,,"Marathonweg 2, 1076 TE Amsterdam, Netherlands "
SLA,Restaurant,+31 20 771 8902 ,http://www.ilovesla.com/,4.1,427,,"Amstelveenseweg 124, 1075 XL Amsterdam, Netherlands "
De Pizzabakkers Willemsparkweg,Pizza restaurant,+31 20 235 5556 ,https://www.depizzabakkers.nl/willemsparkweg/,4.6,879,,"Willemsparkweg 178h, 1071 HT Amsterdam, Netherlands "
Sjefietshé,Restaurant,+31 20 770 3615 ,http://www.sjefietshe.nl/,4.4,589,,"Van Ostadestraat 1, 1072 SL Amsterdam, Netherlands "
De Japanner Zuid,Restaurant,+31 20 504 3636 ,https://www.dejapanner.com/zuid,4.4,185,,"George Gershwinplein 1, 1082 MV Amsterdam, Netherlands "
Sababa Amsterdam De Pijp,Restaurant,+31 20 215 6009 ,https://www.sababa.nu/,4.5,319,,"Albert Cuypstraat 22H, 1072 CT Amsterdam, Netherlands "
Poppy's Restaurant Amsterdam Zuid,Restaurant,+31 20 669 2233 ,https://www.poppysamsterdam.nl/poppys-zuid,4.0,101,,"Heemstedestraat 25, 1059 CX Amsterdam, Netherlands "
Porchetteria,Pizza restaurant,+31 6 57068202 ,https://porchetteria-amsterdam.nl/,4.7,709,,"Frans Halsstraat 63H, 1072 BM Amsterdam, Netherlands "
Mangia Pizza di Antonio Cavoto,Pizza restaurant,+31 20 331 5555 ,https://mangiapizzagroup.nl/,4.3,1268,,"Amstelveenseweg 63, 1075 VV Amsterdam, Netherlands "
Bunk Restaurant Amsterdam,Restaurant,+31 88 696 9869 ,https://wearebunk.com/amsterdam/restaurant/,4.6,745,,"Hagedoornplein 2, 1031 BV Amsterdam, Netherlands "
IJver,Restaurant,+31 20 247 1001 ,https://ijveramsterdam.nl/?utm_source=google&utm_medium=organic&utm_campaign=gmb-listing&utm_content=website_klik,4.5,2454,,"Scheepsbouwkade 72, 1033 WM Amsterdam, Netherlands "
Loetje Amsterdam aan 't IJ,Restaurant,+31 20 208 8000 ,https://www.loetje.nl/locaties/amsterdam-aan-t-ij/?utm_source=google&utm_medium=organic&utm_campaign=gbp-listing&utm_content=aantij,4.2,4574,,"Werfkade 14, 1033 RA Amsterdam, Netherlands "
Pllek,Restaurant,+31 20 290 0020 ,http://www.pllek.nl/,4.4,9250,,"T.T. Neveritaweg 59, 1033 WB Amsterdam, Netherlands "
Noorderlicht Café,Restaurant,+31 20 492 2770 ,http://noorderlichtcafe.nl/,4.3,3591,,"NDSM-Plein 102, 1033 WB Amsterdam, Netherlands "
Cannibale Royale du Nord,Restaurant,+31 20 211 1116 ,http://www.cannibaleroyale.nl/,4.4,3258,,"Mt. Ondinaweg 32, 1033 RG Amsterdam, Netherlands "
Fred's Kitchen,Restaurant,+31 20 235 8888 ,http://www.fredskitchen.nl/,4.5,595,,"Kraanspoor 5, 1033 SC Amsterdam, Netherlands "
Kebec corner,Italian restaurant,+31 6 46483643 ,,4.9,656,,"Tt. Melaniaweg 12, 1033 ST Amsterdam, Netherlands "
Restaurant Moon,Modern European restaurant,+31 20 213 4914 ,https://restaurantmoon.nl/,4.3,1572,,"Overhoeksplein 3, 1031 KS Amsterdam, Netherlands "
SmaaQt,Restaurant,+31 20 636 9063 ,http://www.smaaqt.nl/,4.4,711,,"Van der Pekstraat 79, 1031 CT Amsterdam, Netherlands "
Semai Restaurant & Lounge,Eritrean restaurant,+31 20 786 6625 ,http://www.semai.nl/,4.7,550,,"Papaverhoek 35, 1032 JZ Amsterdam, Netherlands "
Papa Thang,Vietnamese restaurant,+31 6 28137151 ,https://www.papathang.nl/,4.7,517,,"Melkdistelstraat 94, 1031 JX Amsterdam, Netherlands "
THE BUTCHER Social Club,Hamburger restaurant,+31 20 215 9515 ,http://the-butcher.com/socialclub,4.2,3834,,"Overhoeksplein 1, 1031 KS Amsterdam, Netherlands "
Café ONS,Restaurant,+31 20 774 0303 ,http://www.cafeons.nl/,4.5,1263,,"Buiksloterweg 27, 1031 CD Amsterdam, Netherlands "
Coba,Taco restaurant,+31 6 40848875 ,http://coba-taqueria.com/,4.3,832,,"Schaafstraat 4, 1021 KE Amsterdam, Netherlands "
Café de Ceuvel,Restaurant,+31 20 229 6210 ,http://cafedeceuvel.nl/,4.5,2319,,"Korte Papaverweg 4, 1032 KB Amsterdam, Netherlands "
Restaurant Barracuda Amsterdam,Seafood restaurant,+31 6 45212782 ,https://www.barracuda.amsterdam/,4.4,738,,"Aambeeldstraat 10, 1021 KB Amsterdam, Netherlands "
Polly Goudvisch,Restaurant,+31 20 235 8720 ,https://polly.goudvisch.nl/,4.3,1020,,"Buiksloterweg 3-5, 1031 CC Amsterdam, Netherlands "
Madam Amsterdam,Restaurant,+31 20 213 4915 ,http://madamamsterdam.nl/,4.0,747,,"Overhoeksplein 3, 1031 KS Amsterdam, Netherlands "
Van de Werf,Restaurant,+31 20 737 0051 ,https://vandewerf.amsterdam/,4.8,98,,"NDSM-Kade 2, 1033 PG Amsterdam, Netherlands "
Lazuur,Restaurant,+31 20 636 0154 ,http://www.restaurantlazuur.nl/,4.7,152,,"Purmerplein 8, 1023 BD Amsterdam, Netherlands "
Restaurant Europa,Restaurant,+31 20 211 1221 ,http://www.europa.rest/,4.8,94,,"Gedempt Hamerkanaal 81, 1021 KP Amsterdam, Netherlands "
Lowlander Botanical Bar & Restaurant,Restaurant,+31 20 634 4000 ,https://lowlander.nl/restaurant,4.3,700,,"Located on the waterfront, Gedempt Hamerkanaal 201, 1021 KP Amsterdam, Netherlands "
Café-Restaurant De Kleine Kapitein,Restaurant,+31 20 362 6914 ,http://www.dekleinekapitein.com/,4.7,335,,"Mosveld 47, 1031 AC Amsterdam, Netherlands "
FC Hyena,Restaurant,+31 20 363 8502 ,https://fchyena.nl/,4.4,801,,"Aambeeldstraat 24, 1021 KB Amsterdam, Netherlands "
Cafe Restaurant Metro,Restaurant,+31 6 53361784 ,http://www.caferestaurantmetro.nl/,4.2,276,,"Asterweg 22, 1031 HP Amsterdam, Netherlands "
cornerstore,Restaurant,+31 20 239 0062 ,http://www.csnoord.com/,4.4,404,,"Papaverweg 11, 1032 KD Amsterdam, Netherlands "
Papillon Bakery-Café & Restaurant,Restaurant,+31 20 303 1083 ,https://www.papillon.amsterdam/,4.6,159,,"Papaverweg 38, 1032 KJ Amsterdam, Netherlands "
Restaurant V12,Restaurant,+31 20 705 2535 ,https://www.restaurantv12.nl/,4.9,204,,"Veldbiesstraat 10, 1032 LJ Amsterdam, Netherlands "
Restaurant Turquoise Meating,Turkish restaurant,+31 20 224 6020 ,http://www.turquoisemeating.nl/,4.5,842,,"Kamperfoelieweg 160, 1032 HV Amsterdam, Netherlands "
Puspita,Indonesian restaurant,+31 20 636 8215 ,,4.7,373,,"Purmerplein 5, 1023 BC Amsterdam, Netherlands "
Hangar Amsterdam,Restaurant,+31 20 363 8657 ,http://www.hangar.amsterdam/,4.0,1275,,"Aambeeldstraat 36, 1021 KB Amsterdam, Netherlands "
Caprichosa restaurant,Restaurant,+31 6 87877810 ,https://nlcompanies.org/details/caprichosa-restaurant-ChIJMRh,4.9,127,,"J. Drijverweg 6, 1025 BH Amsterdam, Netherlands "
Café / Restaurant Tolhuistuin / Culturele hotspot,Restaurant,+31 20 760 4820 ,https://www.tolhuistuin.nl/eten-drinken,4.0,814,,"IJpromenade 2, 1031 KT Amsterdam, Netherlands "
Euro Pizza Restaurant,Restaurant,+31 20 895 0843 ,http://www.europizza.rest/,4.1,565,,"Gedempt Hamerkanaal 79, 1021 KP Amsterdam, Netherlands "
Helling 7,Restaurant,+31 20 227 9850 ,http://www.helling7.nl/,4.6,1139,,"tt. Melissaweg 57, 1033 SP Amsterdam, Netherlands "
Restaurant De Beren Amsterdam-Noord,Restaurant,+31 20 225 4858 ,https://www.beren.nl/vestigingen/amsterdam-noord-restaurant,4.0,1449,,"Buikslotermeerplein 2001, 1025 XL Amsterdam, Netherlands "
elmo's Noord,Lunch restaurant,+31 6 83507781 ,https://www.elmoscoffee.nl/,4.9,21,,"Bezaanjachtplein 237, 1034 CR Amsterdam, Netherlands "
Pont Neuf Buiksloterweg,Snack bar,+31 20 363 7772 ,https://pontneufamsterdam.nl/,4.5,403,,"Buiksloterweg 5B, 1031 CC Amsterdam, Netherlands "
halal Restaurant Arabya Eethuis halal Restaurant Amsterdam,Restaurant,+31 20 786 3958 ,https://www.arabya.nl/,4.7,743,,"Waterlandplein 282, 1024 NB Amsterdam, Netherlands "
il Pecorino,Italian restaurant,+31 20 737 1511 ,http://www.ilpecorino.nl/,4.2,1383,,"Van der Pekplein 11, 1031 EA Amsterdam, Netherlands "
Hollywood Entertainment Center Amsterdam,Restaurant,+31 20 891 4751 ,http://www.hollywood.nl/amsterdam,4.0,302,,"Buikslotermeerplein 2005, 1025 XL Amsterdam, Netherlands "
Matto NOORD,Pizza restaurant,+31 6 57553853 ,http://mattonoord.nl/,4.7,302,,"Aambeeldstraat 12, 1021 KC Amsterdam, Netherlands "
Cafe Pek,Sandwich shop,+31 20 233 8946 ,https://www.cafepek.nl/,4.9,155,,"Van der Pekplein 3A, 1031 GZ Amsterdam, Netherlands "
De VerbroederIJ,Diner,+31 20 308 6503 ,http://www.deverbroederij.nl/,4.4,918,,"Johan van Hasseltweg 21, 1021 KN Amsterdam, Netherlands "
Mount Everest Tandoori,Indian restaurant,+31 20 632 6055 ,http://mteveresttandoori.nl/,4.5,670,,"Spreeuwenpark 3D, 1021 GS Amsterdam, Netherlands "
Klaproos Amsterdam,Pizza restaurant,+31 6 42897301 ,http://www.klaproosamsterdam.nl/,4.4,723,,"Papaverhoek 39, 1032 JZ Amsterdam, Netherlands "
EZ SMASH Amsterdam,Restaurant,+31 6 87414380 ,https://ezsmash.nl/,4.7,164,,"Termini 27, 1st floor, 1025 XM Amsterdam, Netherlands "
Kannibalen en Paradijsvogels,Indonesian restaurant,+31 20 370 0348 ,,4.5,184,,"Van der Pekstraat 91 hs, 1031 CV Amsterdam, Netherlands "
Fritto,Restaurant,+31 20 786 9949 ,,4.8,22,,"Meeuwenlaan 122H, 1021 JN Amsterdam, Netherlands "
Di Luca,Pizza restaurant,+31 20 244 1510 ,http://www.diluca.nl/,4.6,454,,"Spijkerkade 31, 1021 JS Amsterdam, Netherlands "
Royal med,Restaurant,+31 20 362 0950 ,https://royalvis.nl/,4.5,70,,"Van der Pekstraat 87, 1031 CV Amsterdam, Netherlands "
Gangnam Chicken Amsterdam Noord - NDSM-kade 10b,Restaurant,+31 88 335 5504 ,https://www.gangnamchicken.nl/,4.7,80,,"NDSM-Kade 10b, 1033 PG Amsterdam, Netherlands "
Royalvis & Traiteur,Seafood restaurant,+31 6 21940990 ,https://www.royalvis.nl/,4.5,1159,,"Van der Pekstraat 88H, 1031 EG Amsterdam, Netherlands "
Little Saigon Noord,Restaurant,+31 20 895 0986 ,https://littlesaigon.nl/amsterdam/menu-noord/,4.3,337,,"Johan van Hasseltweg 104, 1022 WZ Amsterdam, Netherlands "
Erva Café & Restaurant B.V.,Turkish restaurant,+31 20 233 9454 ,https://ervacaferestaurant.nl/,4.1,531,,"Bezaanjachtplein 241, 1034 CR Amsterdam, Netherlands "
Restaurant Landwater,Restaurant,+31 20 636 1010 ,http://www.restaurantlandwater.nl/,4.6,33,,"Buikslotermeerdijk 141, 1027 AC Amsterdam, Netherlands "
Café Keppler,Diner,+31 20 737 0838 ,http://cafekeppler.nl/,4.5,647,,"Van der Pekstraat 1, 1031 CN Amsterdam, Netherlands "
Carroll’s,Restaurant,+31 20 227 5004 ,http://www.carrolls.nl/,4.0,253,,"NDSM-Kade 4, 1033 PG Amsterdam, Netherlands "
Eethuis Has Bereket,Restaurant,+31 20 331 6733 ,http://www.has-bereket.nl/,4.6,446,,"Gare du Nord 9, 1022 LD Amsterdam, Netherlands "
Hello Couscous | Traditioneel Marokkaans eten,Restaurant,+31 20 786 1273 ,http://hellocouscous.nl/,4.8,78,,"Johan van Hasseltweg 80, 1022 WX Amsterdam, Netherlands "
"Travelers Restaurant, NH Amsterdam Noord",Restaurant,+31 20 634 8000 ,,4.5,11,,"Distelkade 21, 1031 XP Amsterdam, Netherlands "
Kilo's Kitchen,Vietnamese restaurant,+31 6 30813048 ,https://kiloskitchennl.wixsite.com/home?fbclid=PAAabwaqsA_KqQMQAOKjZC8lgwN3k_-xP7YRuG75D3q1jbu-Oy-rHKfpYPBGU,4.8,138,,"Termini 27, 1025 XM Amsterdam, Netherlands "
IJ-kantine,Restaurant,+31 20 633 7162 ,https://www.ijkantine.nl/,3.7,2250,,"NDSM-Kade 5, 1033 PG Amsterdam, Netherlands "
Tai Yu (Japans & Chinees restaurant),Asian fusion restaurant,+31 20 632 4525 ,https://www.taiyu.nl/,4.6,296,,"Purmerweg 57, 1023 AX Amsterdam, Netherlands "
Café ‘t Sluisje,Pub,+31 20 636 1712 ,http://www.hetsluisje.nl/,4.6,1272,,"Nieuwendammerdijk 297, 1025 LM Amsterdam, Netherlands "
Roezemoes,Gastropub,+31 20 634 0179 ,https://roezemoesamsterdam.nl/,4.1,285,,"Buikslotermeerplein 533, 1025 XH Amsterdam, Netherlands "
REM,Restaurant,+31 20 244 5794 ,http://rem.amsterdam/,4.6,860,,"Haparandadam 45-2, 1013 AK Amsterdam, Netherlands "
Hotspot Amsterdam Noord,Restaurant,+31 20 771 1732 ,,4.2,10,,"Klaprozenweg 13, 1032 KK Amsterdam, Netherlands "
Pasoek Thai Restaurant,Thai restaurant,+31 20 637 4327 ,http://www.pasoek.nl/,4.1,406,,"Kamperfoelieweg 7, 1032 HD Amsterdam, Netherlands "
Eye Bar & Restaurant,Restaurant,+31 20 589 1402 ,https://www.eyefilm.nl/restaurant,3.7,583,,"IJpromenade 1, 1031 KT Amsterdam, Netherlands "
Brothers Bubble Bar,Lunch restaurant,+31 6 47473474 ,https://www.brothersbubblebar.nl/,4.8,131,,"Buikslotermeerplein 190, 1025 GA Amsterdam, Netherlands "
Sanaa's Kitchen,Restaurant,+31 20 778 0207 ,https://www.instagram.com/sanaa_kitchen/,4.8,36,,"Gedempt Hamerkanaal 83, 1021 KP Amsterdam, Netherlands "
Soulfood Amsterdam Noord,Surinamese restaurant,+31 20 333 2220 ,https://soulfoodamsterdamnoord.nl/,4.2,110,,"Klaprozenweg 11, 1032 KK Amsterdam, Netherlands "
Salsa Shop,Mexican restaurant,+31 20 303 3934 ,http://salsashop.com/,4.4,507,,"NDSM-Kade 10, 1033 PG Amsterdam, Netherlands "
Burger Amsterdam,Hamburger restaurant,+31 20 244 0000 ,,5.0,2,,"Termini 27, 1025 XM Amsterdam, Netherlands "
Sushi Noord,Sushi takeaway,+31 6 28700796 ,http://sushinoord.nl/,5.0,264,,"Pinasstraat 12, 1034 JW Amsterdam, Netherlands "
North Side Ribs | Spareribs Amsterdam Noord,Takeout Restaurant,+31 20 331 7323 ,https://www.sideribs.nl/spareribs-bestellen-amsterdam-pekstraat/menu,4.5,32,,"Van der Pekstraat 138, 1031 EJ Amsterdam, Netherlands "
Next Level Surinaamse Broodjes,Restaurant,+31 6 23551449 ,http://www.surinaamsebroodjes-nextlevel.nl/,4.9,26,,"Buikslotermeerplein 12, 1025 XL Amsterdam, Netherlands "
Granelli Pizza & Pasta Bar (NOORD),Pizza restaurant,+31 6 85575687 ,https://www.granellikitchen.nl/,4.6,219,,"Termini 27, 1025 XM Amsterdam, Netherlands "
Landmarkt De Proeverij,Restaurant,+31 20 490 4366 ,http://aantafelbijlandmarkt.nl/,4.0,355,,"Schellingwouderdijk 339, 1023 NK Amsterdam, Netherlands "
Kosebasi Steakhouse & Lounge,Restaurant,+31 20 341 6907 ,https://www.kosebasiamsterdam.nl/,4.3,365,,"Banne Buikslootlaan 330, 1034 DD Amsterdam, Netherlands "
The Flavors Lab - Private Chef & Meal Prep Services,Restaurant,+31 6 29334001 ,https://theflavorslab.nl/,5.0,32,,"Amerbos 310, 1025 ZV Amsterdam, Netherlands "
FINE SUSHI,Sushi restaurant,+31 20 211 7857 ,https://www.fine-sushi.nl/,4.8,327,,"Docklandsweg 7, 1031 KN Amsterdam, Netherlands "
Al Ponte - Caffe' Italiano,Espresso bar,+31 6 42087482 ,http://www.alponte.nl/,4.4,155,,"Pontplein 1, 1021 HH Amsterdam, Netherlands "
Clash'n Chill,Fast food restaurant,+31 6 20924803 ,https://clashnchill.nl/,4.8,119,,"Johan van Hasseltweg 56, 1022 WV Amsterdam, Netherlands "
Musashi Sushi,Sushi restaurant,+31 20 636 5525 ,http://www.musashi-sushi.nl/,4.6,332,,"Buikslotermeerplein 110, 1025 EX Amsterdam, Netherlands "
Toki Sushi And More,Sushi restaurant,+31 20 337 8945 ,https://tokisushi.nl/,4.4,149,,"Buikslotermeerplein 162, 1025 EZ Amsterdam, Netherlands "
Broodjeshuys Noord,Restaurant,+31 6 18570103 ,http://www.broodjeshuysnoord.nl/,4.5,15,,"Nieuwendammerdijk 6, 1025 LN Amsterdam, Netherlands "
Bottega dei Sapori Italiani,Italian restaurant,+31 20 636 8738 ,http://www.sapori-italiani-amsterdam.nl/,4.4,77,,"Johan van Hasseltweg 92, 1022 WX Amsterdam, Netherlands "
Meneer Kebab,Turkish restaurant,+31 20 637 4748 ,https://meneerkebab.nl/,4.4,910,,"Mosplein 2, 1031 BP Amsterdam, Netherlands "
Asian Dinner Express,Indian restaurant,+31 20 334 8597 ,http://www.asiandinnerexpress.nl/,4.6,128,,"Meeuwenlaan 225B, 1021 JE Amsterdam, Netherlands "
Ristorante San Remo Pizzeria,Italian restaurant,+31 20 637 2522 ,https://m.facebook.com/San-Remo-restaurant-943560422409454/,4.3,252,,"Mosveld 74, 1032 GG Amsterdam, Netherlands "
Deck Amsterdam,Bar,+31 20 787 0180 ,https://www.deckamsterdam.com/?utm_source=ExtNet&utm_medium=Yext,4.0,67,,"Asterweg 33, 1031 HM Amsterdam, Netherlands "
Burger 'n Shake Amsterdam Noord,Hamburger restaurant,+31 6 45408307 ,https://amsterdamnoord.burgernshake.nl/,4.4,451,,"Hagedoornweg 65, 1031 BP Amsterdam, Netherlands "
Kwekkeboom Banketbakkerij Noord,Bakery,+31 20 820 3770 ,https://kwekkeboom.amsterdam/,4.4,376,,"Buikslotermeerplein 152, 1025 EZ Amsterdam, Netherlands "
Loetje,Restaurant,+31 20 237 4321 ,https://www.loetje.nl/locaties/amsterdam-de-pijp/?utm_source=google&utm_medium=organic&utm_campaign=gbp-listing&utm_content=indepijp,4.2,1586,,"Ferdinand Bolstraat 188A, 1072 LV Amsterdam, Netherlands "
Florentin brunch,Brunch restaurant,+31 20 770 5984 ,http://florentinbrunch.com/,4.8,4945,,"Eerste Sweelinckstraat 20, 1073 CM Amsterdam, Netherlands "
Orontes De Pijp Amsterdam - Mediterraans restaurant - Turks restaurant,Mediterranean restaurant,+31 20 679 6225 ,https://www.restaurantorontes.nl/,4.6,880,,"Albert Cuypstraat 40, 1072 CV Amsterdam, Netherlands "
Miri Mary Indian Restaurant Amsterdam,Indian restaurant,+31 20 233 9587 ,https://www.mirimary.com/,4.8,4417,,"Van der Helstplein 15H, 1073 AR Amsterdam, Netherlands "
De Waaghals,Vegetarian restaurant,+31 20 679 9609 ,http://www.waaghals.nl/,4.6,745,,"Frans Halsstraat 29, 1072 BK Amsterdam, Netherlands "
Brouwerij Troost,Restaurant,+31 20 760 5820 ,https://brouwerijtroost.nl/depijp-amsterdam/,4.4,1272,,"Cornelis Troostplein 21, 1072 JJ Amsterdam, Netherlands "
STROOM in de Pijp,Restaurant,+31 6 15304985 ,http://www.stroomindepijp.nl/,4.3,508,,"Ferdinand Bolstraat 151, 1072 GV Amsterdam, Netherlands "
De Duvel,Restaurant,+31 20 675 7517 ,http://www.deduvel.nl/,4.3,781,,"Eerste van der Helststraat 59-61, 1073 AD Amsterdam, Netherlands "
Sojubar Amsterdam,Korean restaurant,+31 20 226 9021 ,https://www.sojubar.com/amsterdam/,4.5,2562,,"Ferdinand Bolstraat 13-15, 1072 LA Amsterdam, Netherlands "
Restaurant Le Hollandais,Restaurant,+31 20 679 1248 ,http://www.lehollandais.nl/,4.8,407,,"Amsteldijk 41, 1074 HV Amsterdam, Netherlands "
Sazanka,Teppanyaki restaurant,+31 20 678 8300 ,https://www.okura.nl/sazanka,4.8,411,,"Ferdinand Bolstraat 333, 1072 LH Amsterdam, Netherlands "
The Butcher,Hamburger restaurant,+31 20 470 7875 ,https://www.the-butcher.com/,4.2,2112,,"Albert Cuypstraat 129, 1072 CS Amsterdam, Netherlands "
Café Caron,Restaurant,+31 20 675 8668 ,https://cafecaron.nl/,4.6,782,,"Frans Halsstraat 28, 1072 BS Amsterdam, Netherlands "
Pazzi De Pijp,Pizza restaurant,+31 20 846 3729 ,https://www.pazziamsterdam.nl/,4.6,264,,"Albert Cuypstraat 41, 1072 BP Amsterdam, Netherlands "
PILSVOGEL,Diner,+31 20 664 6483 ,http://pilsvogel.nl/,4.3,1026,,"Gerard Douplein 14, 1072 VE Amsterdam, Netherlands "
The Poké Lab - De Pijp,Restaurant,+31 6 57439623 ,http://www.thepokelab.eu/,5.0,332,,"Albert Cuypstraat 136, 1073 BJ Amsterdam, Netherlands "
De Japanner,Japanese restaurant,+31 20 233 9939 ,http://www.dejapanner.com/,4.5,862,,"Albert Cuypstraat 228, 1073 BN Amsterdam, Netherlands "
En Japanese kitchen & Sake bar,Authentic Japanese restaurant,+31 20 470 3666 ,http://www.en-amsterdam.nl/,4.7,507,,"Dusartstraat 53 h, 1072 HP Amsterdam, Netherlands "
Pind Punjabi,Indian restaurant,+31 20 358 3086 ,https://www.pindpunjabi.nl/,4.6,1333,,"Van Woustraat 240, 1073 NC Amsterdam, Netherlands "
Eetcafé Wijmpje Beukers,Restaurant,+31 20 331 1138 ,http://www.wijmpjebeukers.nl/,4.7,407,,"Karel du Jardinstraat 47, 1073 TB Amsterdam, Netherlands "
Le Smash Amsterdam | De Pijp,Hamburger restaurant,+31 20 205 1146 ,https://www.le-smash.com/,4.3,1353,,"Govert Flinckstraat 122-h, 1072 EM Amsterdam, Netherlands "
Chingu Korean & Taiwanese Deli,Takeout Restaurant,+31 6 44227658 ,https://chinguamsterdam.nl/,4.9,108,,"Albert Cuypstraat 203DH, 1073 BE Amsterdam, Netherlands "
Brasserie Lolita,Restaurant,+31 20 226 2300 ,http://www.brasserielolita.nl/,4.3,675,,"Ferdinand Bolstraat 58 - 60, 1072 LM Amsterdam, Netherlands "
Kaasbar Amsterdam,Restaurant,+31 20 213 4910 ,http://kaasbar.amsterdam/,4.3,1000,,"Ferdinand Bolstraat 10, 1072 LJ Amsterdam, Netherlands "
Samba Kitchen,Brazilian restaurant,+31 6 45975771 ,https://www.samba-kitchen.nl/,4.5,1613,,"Ceintuurbaan 63, 1072 EV Amsterdam, Netherlands "
Café Carbòn,Restaurant,+31 20 370 6081 ,https://www.cafecarbon.nl/,4.5,918,,"Van Woustraat 174, 1073 LX Amsterdam, Netherlands "
Ama Sushi & Ramen De Pijp,Ramen restaurant,+31 20 223 5478 ,http://amaramen.com/,4.7,212,,"Ceintuurbaan 195h, 1074 CV Amsterdam, Netherlands "
Olive&Cookie,Vegetarian restaurant,+31 20 470 7190 ,https://oliveandcookie.framer.website/,4.9,254,,"Saenredamstraat 67HS, 1072 CD Amsterdam, Netherlands "
SOL EL LUNA,Tapas restaurant,+31 20 221 8665 ,https://solelluna.nl/,4.5,345,,"Ferdinand Bolstraat 158, 1072 LT Amsterdam, Netherlands "
Hearth,Vegan restaurant,+31 6 19284170 ,http://www.hearthamsterdam.com/,4.8,2956,,"Camperstraat 26H, 1091 AG Amsterdam, Netherlands "
Het Paardje,Restaurant,+31 20 664 3539 ,https://www.cafehetpaardje.nl/,4.1,1237,,"Gerard Douplein 1, 1073 XE Amsterdam, Netherlands "
Franggo de Pijp,Chicken restaurant,+31 20 303 1046 ,http://www.franggo.nl/,4.5,693,,"Eerste Sweelinckstraat 9h, 1073 CK Amsterdam, Netherlands "
Renato's Pizzeria - De Pijp,Pizza restaurant,+31 20 673 2300 ,https://www.renatos.nl/nl/renatos-pizzeria-amsterdam-depijp/,4.5,811,,"Karel du Jardinstraat 32, 1072 PE Amsterdam, Netherlands "
Petit Caron,Restaurant,+31 20 723 2699 ,https://restaurantscaron.nl/restaurant/petit-caron/,4.4,275,,"Frans Halsstraat 26H, 1072 BR Amsterdam, Netherlands "
Maris Piper Brasserie,Restaurant,+31 20 737 2479 ,https://www.bredagroup-amsterdam.com/restaurant-maris-piper/,4.2,541,,"Frans Halsstraat 76 HS, 1072 BV Amsterdam, Netherlands "
De Pizzakamer,Pizza restaurant,+31 20 221 1457 ,http://www.pizzakamer.nl/,4.6,870,,"Tweede van der Helststraat 16, 1072 PD Amsterdam, Netherlands "
Cabrón,Taco restaurant,+31 20 673 2277 ,http://www.cabron-amsterdam.nl/,4.4,599,,"Albert Cuypstraat 166A, 1073 BK Amsterdam, Netherlands "
The Bab de pijp Korean restaurant,Korean restaurant,+31 6 45204866 ,http://thebab.nl/,4.5,105,,"Cornelis Troostplein 3A, 1072 JJ Amsterdam, Netherlands "
"Müdavim | Mediterranean Kitchen & Bistro, Bar in De Pijp",Mediterranean restaurant,+31 6 82979791 ,https://www.mudavim.nl/,4.9,19,,"Eerste van der Helststraat 45H, 1073 AC Amsterdam, Netherlands "
Paskamer,Wine bar,+31 20 362 7468 ,http://paskamer.amsterdam/,4.5,537,,"Lutmastraat 132, 1073 KC Amsterdam, Netherlands "
Badcuyp,Restaurant,+31 6 42902310 ,https://badcuypamsterdam.nl/,4.7,190,,"Eerste Sweelinckstraat 10, 1073 CM Amsterdam, Netherlands "
De Patchka,Vegan restaurant,+31 6 84751489 ,http://www.depatchka.com/,4.8,345,,"Albert Cuypstraat 89, 1072 CP Amsterdam, Netherlands "
Caffè Pico,Restaurant,+31 20 227 9801 ,https://www.caffepico.com/,4.3,216,,"Ferdinand Bolstraat 72, 1072 LM Amsterdam, Netherlands "
Yuan’s Hot Pot Amsterdam Ferdinand Bolstraat 袁记串串香阿姆喜力博物馆店,Hot pot restaurant,+31 6 23988988 ,https://www.yuanhotpot.com/,4.8,2788,,"Ferdinand Bolstraat 18, 1072 LJ Amsterdam, Netherlands "
Mangiancora,Pizza restaurant,+31 20 471 4311 ,https://www.mangiancoraamsterdam.nl/,4.4,627,,"Ferdinand Bolstraat 170, 1072 LT Amsterdam, Netherlands "
De Pizzabakkers De Pijp,Pizza restaurant,+31 20 752 7850 ,https://www.depizzabakkers.nl/de-pijp/,4.4,823,,"Eerste Sweelinckstraat 16HS, 1073 CM Amsterdam, Netherlands "
IZAKAYA,Asian restaurant,+31 20 305 3090 ,https://www.izakaya-restaurant.com/,4.2,1198,,"Albert Cuypstraat 2-6, 1072 AP Amsterdam, Netherlands "
Auberge cuisine Française,French restaurant,+31 20 845 2005 ,http://www.aubergeamsterdam.nl/,4.5,487,,"Albert Cuypstraat 58-60, 1072 CV Amsterdam, Netherlands "
Annavilaas,South Indian restaurant,+31 20 786 4739 ,https://www.thuisbezorgd.nl/menu/annavilaas,4.5,855,,"Van Woustraat 117 - 119, 1074 AH Amsterdam, Netherlands "
Ceintuur Theater,Restaurant,+31 20 354 1104 ,http://www.ceintuurtheater.nl/,4.3,5536,,"Ceintuurbaan 282, 1072 GK Amsterdam, Netherlands "
Sugo,Pizza restaurant,+31 6 52516936 ,http://www.sugopizza.nl/,4.2,960,,"Ferdinand Bolstraat 107, 1072 LE Amsterdam, Netherlands "
Moeders,Dutch restaurant,+31 20 626 7957 ,http://www.moeders.com/,4.5,5544,,"Rozengracht 251, 1016 SX Amsterdam, Netherlands "
Café Sonneveld,European restaurant,+31 20 423 4287 ,http://www.cafesonneveld.nl/,4.5,4170,,"Egelantiersgracht 72 74, 1015 SC Amsterdam, Netherlands "
Luna,Argentinian restaurant,+31 20 627 4149 ,https://restaurantluna.nl/,4.7,1583,,"Lindengracht 152, 1015 KK Amsterdam, Netherlands "
Kessens,Lunch restaurant,+31 20 221 7431 ,http://www.kessensamsterdam.nl/,4.6,881,,"Rozengracht 24, 1016 NC Amsterdam, Netherlands "
d&a hummus bistro,Restaurant,+31 20 341 6487 ,http://www.dna-hummusbistro.com/,4.6,2057,,"Westerstraat 136, 1015 MP Amsterdam, Netherlands "
Café Restaurant De Reiger,Restaurant,+31 20 624 7426 ,https://dereigeramsterdam.nl/,4.6,632,,"Nieuwe Leliestraat 34, 1015 ST Amsterdam, Netherlands "
Venus & Adonis,Restaurant,+31 20 421 1848 ,http://www.venusenadonis.nl/,4.4,1030,,"Prinsengracht 274, 1016 HH Amsterdam, Netherlands "
Sins of Sal,Cocktail bar,+31 20 421 2670 ,http://sinsofsal.nl/,4.8,442,,"Westerstraat 86, 1015 MN Amsterdam, Netherlands "
La Oliva,Spanish restaurant,+31 20 320 4316 ,http://www.laoliva.nl/,4.3,1366,,"Egelantiersstraat 122 124, 1015 PR Amsterdam, Netherlands "
Winkel 43,Cafe,+31 20 623 0223 ,http://www.winkel43.nl/,4.5,14690,,"Noordermarkt 43, 1015 NA Amsterdam, Netherlands "
New Dutch Amsterdam,Restaurant,+31 6 20800184 ,https://newdutchamsterdam.nl/,4.6,1603,,"Prinsengracht 60-62, 1015 DX Amsterdam, Netherlands "
La Trattoria Di Donna Sofia,Italian restaurant,+31 6 44897549 ,http://www.donnasofia.nl/,4.6,715,,"Anjeliersstraat 300, 1015 NT Amsterdam, Netherlands "
Madre,Mexican restaurant,+31 20 786 5860 ,https://www.madre.amsterdam/,4.5,1952,,"Westerstraat 186, 1015 MR Amsterdam, Netherlands "
Teds Amsterdam Jordaan - All Day Brunch,Brunch restaurant,+31 20 303 3963 ,https://teds-place.nl/amsterdam-jordaan-prinsengracht/,4.1,1280,,"Prinsengracht 178, 1016 HB Amsterdam, Netherlands "
dinette,Restaurant,+31 20 227 9844 ,https://www.cafedinette.nl/,4.6,604,,"Tweede Tuindwarsstraat 10A, 1015 RZ Amsterdam, Netherlands "
Shah Jahan Indian Restaurant,Indian restaurant,+31 20 624 0122 ,http://www.shah-jahan.nl/,4.7,1322,,"Eerste Anjeliersdwarsstraat 18, 1015 NR Amsterdam, Netherlands "
Restaurant Jottum,Restaurant,+31 20 420 5262 ,http://www.restaurant-jottum.nl/,4.6,499,,"Eerste Anjeliersdwarsstraat 17, 1015 NR Amsterdam, Netherlands "
Eethuis De Jordaan,Restaurant,+31 20 789 2682 ,http://www.de-jordaan-amsterdam.nl/,4.4,460,,"Rozengracht 89, 1016 LT Amsterdam, Netherlands "
Cannibale Royale Rozengracht,Restaurant,+31 20 218 1713 ,https://cannibaleroyale.nl/,4.5,2188,,"Rozengracht 114, 1016 NH Amsterdam, Netherlands "
Café 't Smalle,Pub,+31 20 786 7748 ,http://www.t-smalle.nl/,4.6,1427,,"Egelantiersgracht 12, 1015 RL Amsterdam, Netherlands "
Restaurant Kinnaree,Thai restaurant,+31 20 627 7153 ,https://www.restaurantkinnaree.nl/,4.5,451,,"Eerste Anjeliersdwarsstraat 14, 1015 NR Amsterdam, Netherlands "
Men Impossible,Restaurant,+31 6 84544469 ,https://www.menimpossible.com/,4.9,1350,,"Hazenstraat 19H, 1016 SM Amsterdam, Netherlands "
Pizza`dam Centrum,Pizza restaurant,+31 20 248 0504 ,https://www.pizzadam.nl/,4.7,606,,"Rozengracht 35, 1016 LR Amsterdam, Netherlands "
Eetcafé Roem,Restaurant,+31 20 427 7955 ,http://www.roemlunchroom.nl/,4.4,482,,"Prinsengracht 126, 1015 EA Amsterdam, Netherlands "
Het Plantsoen,Restaurant,+31 20 524 6016 ,http://www.hetplantsoen.amsterdam/,4.6,46,,"Marnixplein 1, 1015 ZN Amsterdam, Netherlands "
Bistro Féline,Modern French restaurant,+31 20 244 7380 ,https://www.bistrofeline.nl/,4.6,157,,"Lindengracht 90, 1015 JW Amsterdam, Netherlands "
Rakang,Thai restaurant,+31 20 627 5012 ,http://www.rakang.nl/,4.6,835,,"Elandsgracht 29-31, 1016 TM Amsterdam, Netherlands "
Schout-bij-nacht,Restaurant,+31 20 774 1544 ,https://www.schout-bij-nacht.com/,4.9,74,,"Westerstraat 76, 1015 ML Amsterdam, Netherlands "
Café Parlotte,Restaurant,+31 6 25305030 ,http://www.parlotte.nl/,4.4,444,,"Westerstraat 182, 1015 MR Amsterdam, Netherlands "
Duende Tapas Bar,Tapas restaurant,+31 20 244 3653 ,http://www.cafe-duende.nl/,4.5,1288,,"Lindengracht 62, 1015 KJ Amsterdam, Netherlands "
Songkran,Thai restaurant,+31 20 320 4562 ,http://www.songkran.nl/,4.5,251,,"Marnixstraat 86-H, 1015 VX Amsterdam, Netherlands "
Mamas & Tapas,Tapas restaurant,+31 20 233 3692 ,http://www.mamasandtapas.nl/,4.8,1181,,"Hugo de Grootplein 6, 1052 KW Amsterdam, Netherlands "
Ko Chang Thai restaurant,Thai restaurant,+31 20 638 1039 ,http://www.kochangthairestaurant.nl/,4.5,496,,"Westerstraat 91, 1015 LX Amsterdam, Netherlands "
Le Petit Deli,Patisserie,+31 20 337 3228 ,http://www.lepetitdeli.nl/,4.7,569,,"Tweede Egelantiersdwarsstraat 16, 1015 SC Amsterdam, Netherlands "
Thais Afhaalrestaurant Dong Son | Rozengracht,Thai restaurant,+31 20 233 9439 ,https://thaisafhaalrestaurantdongson.nl/,4.9,179,,"Rozengracht 22, 1016 NC Amsterdam, Netherlands "
Effendy - Rozengracht Lahmacun Cafe,Turkish restaurant,+31 20 420 9384 ,http://www.effendy.nl/,4.8,2060,,"Rozengracht 148, 1016 NJ Amsterdam, Netherlands "
Restaurant Semhar,Eritrean restaurant,+31 20 638 1634 ,http://www.semhar.nl/,4.5,478,,"Marnixstraat 259-261, 1015 WH Amsterdam, Netherlands "
HINATA AMSTERDAM,Ramen restaurant,+31 20 215 9392 ,https://hinataamsterdam.nl/,4.4,1276,,"Westerstraat 40H, 1015 MK Amsterdam, Netherlands "
Fiaschetteria “Pistoia”,Italian restaurant,+31 20 622 2716 ,https://www.fiaschetteriapistoia.com/,4.4,413,,"Lindengracht 95, 1015 KD Amsterdam, Netherlands "
Duende Dos,Spanish restaurant,+31 20 427 0204 ,https://cafedos.nl/wp/,4.6,1476,,"Nieuwe Willemsstraat 1-3, 1015 JH Amsterdam, Netherlands "
SLA,Restaurant,+31 20 370 2733 ,http://ilovesla.com/,4.3,573,,"Westerstraat 34, 1015 MK Amsterdam, Netherlands "
Rosario Cocina Mexicana,Mexican restaurant,+31 20 363 6437 ,http://www.rosarioamsterdam.nl/,4.5,657,,"Tweede Egelantiersdwarsstraat 9 H, 1015 SB Amsterdam, Netherlands "
Café De Blauwe Pan,Pub,+31 6 22324344 ,http://www.blauwepan.nl/,4.3,499,,"Westerstraat 200, 1015 MS Amsterdam, Netherlands "
Het Stuivertje,Restaurant,+31 20 623 1349 ,https://hetstuivertje.nl/,4.6,255,,"Hazenstraat 58, 1016 SR Amsterdam, Netherlands "
Comestibles Kinders,Sandwich shop,+31 20 622 7983 ,http://www.broodjekinders.com/,4.8,375,,"Westerstraat 189, 1015 MA Amsterdam, Netherlands "
Indonesisch Restaurant Long Pura,Indonesian restaurant,+31 20 623 8950 ,http://www.restaurant-longpura.com/,4.2,1191,,"Rozengracht 46-48, 1016 ND Amsterdam, Netherlands "
The Pancake Bakery,Pancake restaurant,+31 20 625 1333 ,https://www.pancake.nl/?y_source=1_MzI2NTQ4MC03MTUtbG9jYXRpb24ud2Vic2l0ZQ%3D%3D,4.3,9939,,"Prinsengracht 191, 1015 DS Amsterdam, Netherlands "
Bonboon,Vegan restaurant,+31 20 810 0945 ,http://bonboon.nl/,4.7,401,,"Rozenstraat 12, 1016 NX Amsterdam, Netherlands "
Restaurant MAX Amsterdam,Indonesian restaurant,+31 6 15079521 ,https://www.restaurantmax.nl/,4.5,795,,"Herenstraat 14, 1015 CA Amsterdam, Netherlands "
Galette,Lunch restaurant,+31 20 626 2760 ,http://galette-amsterdam.nl/,4.2,83,,"Westerstraat 189, 1015 NT Amsterdam, Netherlands "
Xhani's - Albanian Street Food (Jordaan),Restaurant,+31 6 87881334 ,,4.9,81,,"Tweede Egelantiersdwarsstraat 28, 1015 SC Amsterdam, Netherlands "
Cook Kai,Thai restaurant,+31 20 528 7887 ,http://www.cookkai.nl/,4.4,292,,"Tweede Rozendwarsstraat 3, 1016 PD Amsterdam, Netherlands "
Linguini Jordaan,Restaurant,+31 20 420 2946 ,http://www.linguini.nl/,4.3,419,,"Herenstraat 22, 1015 CB Amsterdam, Netherlands "
HIKAGE,Izakaya restaurant,+31 20 412 7930 ,http://hikage.nl/,4.6,247,,"Rozenstraat 143, 1016 NP Amsterdam, Netherlands "
Trattoria Koevoet,Italian restaurant,+31 20 624 0846 ,https://www.restaurantkoevoet.com/,4.4,233,,"Lindenstraat 17, 1015 KV Amsterdam, Netherlands "
Warie's Thai Food,Delivery Restaurant,+31 20 622 3638 ,https://wariethaifood.nl/,4.5,414,,"Rozengracht 235, 1016 NA Amsterdam, Netherlands "
Caramba,Restaurant,+31 20 627 1188 ,http://restaurantcaramba.nl/,4.1,544,,"Lindengracht 336, 1015 KN Amsterdam, Netherlands "
Italiaans Restaurant Pizzeria Pepe 🇮🇹,Italian restaurant,+31 20 627 4915 ,http://www.ristorantepepe.nl/,4.2,314,,"Westerstraat 144, 1015 MP Amsterdam, Netherlands "
Pazzi Jordaan,Pizza restaurant,+31 20 320 2800 ,https://www.pazziamsterdam.nl/,4.4,877,,"Eerste Looiersdwarsstraat 4, 1016 VM Amsterdam, Netherlands "
Café de Tuin,Pub,+31 20 624 4559 ,https://www.cafedetuin.nl/,4.4,756,,"Tweede Tuindwarsstraat 13, 1015 RX Amsterdam, Netherlands "
Basilico fish & more,Italian grocery store,+31 6 17180501 ,,4.8,367,,"Willemsstraat 29A, 1015 HW Amsterdam, Netherlands "
Domenica,Restaurant,+31 20 774 6720 ,https://www.restaurantdomenica.com/,4.1,544,,"Noordermarkt 7, 1015 MV Amsterdam, Netherlands "
Chok Dee Thai Restaurant,Restaurant,+31 6 47999965 ,https://chokdeethai.nl/,4.7,436,,"Willemsstraat 16, 1015 JD Amsterdam, Netherlands "
Fou Fow Ramen,Ramen restaurant,+31 20 845 0544 ,http://foufow.nl/,4.4,2377,,"Elandsgracht 2A, 1016 TV Amsterdam, Netherlands "
Maijard Smashburgers,Hamburger restaurant,+31 20 723 1999 ,http://www.maijardsmashburgers.com/,4.2,2600,,"Rozengracht 9, 1016 LP Amsterdam, Netherlands "
La Fiorita,Restaurant,+31 20 775 4344 ,http://www.lafiorita.nl/,4.5,333,,"Tweede Tuindwarsstraat 12 H, 1015 RZ Amsterdam, Netherlands "
Mr Haz Taco Bar,Mexican restaurant,+31 20 891 5511 ,https://www.mrhaz-tacobar.nl/,4.2,809,,"Egelantiersstraat 24, 1015 PM Amsterdam, Netherlands "
Swieti Sranang,Surinamese restaurant,+31 20 620 4983 ,https://nlcompanies.org/details/swieti-sranang-ChIJPyq,4.4,87,,"Westerstraat 115, 1015 LZ Amsterdam, Netherlands "
Quattro Gatti - Ristorante e Pasticceria,Italian restaurant,+31 20 421 4585 ,http://www.quattrogatti.nl/,4.7,743,,"Hartenstraat 3, 1016 BZ Amsterdam, Netherlands "
Restaurant Pizzeria Capri,Italian restaurant,+31 20 624 4940 ,http://www.eccellenzeitaliane.com/,4.2,323,,"Lindengracht 63, 1015 KC Amsterdam, Netherlands "
Burgermeester | Jordaan,Hamburger restaurant,+31 88 287 4377 ,http://www.burgermeester.eu/,4.4,1681,,"Elandsgracht 130, 1016 VB Amsterdam, Netherlands "
Indian Restaurant Amsterdam,Indian restaurant,+31 20 624 0122 ,http://www.indianrestaurantamsterdam.nl/,4.5,51,,"Eerste Anjeliersdwarsstraat 18, 1015 NR Amsterdam, Netherlands "
"Caro Kookt Amsterdam, the Netherlands",Restaurant,+31 6 39439406 ,http://www.carokookt.nl/,4.2,33,,"Nieuwe Leliestraat 16A, 1015 SP Amsterdam, Netherlands "
The Lobby Nesplein,Restaurant,+31 20 758 5275 ,https://nesplein.thelobby.nl/,4.5,1634,,"Nes 49, 1012 KD Amsterdam, Netherlands "
Chez Georges,French restaurant,+31 20 626 3332 ,http://www.chez-georges.nl/,4.4,237,,"Herenstraat 3, 1015 BX Amsterdam, Netherlands "
Akitsu,Japanese restaurant,+31 20 625 3254 ,https://www.akitsu-amsterdam.com/,4.4,400,,"Rozengracht 228-230, 1016 SZ Amsterdam, Netherlands "
Kam Wah,Chinese restaurant,+31 20 626 8230 ,,4.5,145,,"Tweede Anjeliersdwarsstraat 18, 1015 NT Amsterdam, Netherlands "
Bbrood,Bakery,+31 20 244 3864 ,http://www.bbrood.nl/,4.6,73,,"Tweede Goudsbloemdwarsstraat 14-16, 1015 JZ Amsterdam, Netherlands "
Rafi,Italian restaurant,+31 20 358 6661 ,http://rafi.restaurant/,4.4,557,,"Palmdwarsstraat 13, 1015 HV Amsterdam, Netherlands "
Afhaalcentrum Terang Boelan,Takeout Restaurant,+31 20 620 9974 ,http://www.terangboelan.nl/,4.8,170,,"Tweede Lindendwarsstraat 3, 1015 LH Amsterdam, Netherlands "
Balthazar's Keuken,Restaurant,+31 20 420 2114 ,http://www.balthazarskeuken.nl/,4.4,430,,"Elandsgracht 108, 1016 VA Amsterdam, Netherlands "
29 Spices,Indian restaurant,+31 20 239 1600 ,http://29spices.com/,4.6,1197,,"Elandsgracht 36, 1016 TW Amsterdam, Netherlands "
"""Broodje Mokum"" Koffiehuis",Sandwich shop,+31 20 623 1966 ,http://broodje-mokum.nl/,4.5,182,,"Rozengracht 26, 1016 NC Amsterdam, Netherlands "
Café de Oude Wester,Bar & grill,+31 20 625 7502 ,https://www.facebook.com/Caferestaurant-De-Oude-wester-174526659287165,3.7,1095,,"Rozengracht 2, 1016 HB Amsterdam, Netherlands "
Kesar Indian Restaurant,Indian restaurant,+31 20 427 7955 ,https://kesar-restaurant.nl/en/,4.6,81,,"Prinsengracht 126H, 1015 EA Amsterdam, Netherlands "
Rue d’Alger,Mediterranean restaurant,+31 6 46282695 ,,4.9,862,,"Eerste Constantijn Huygensstraat 29, 1054 BP Amsterdam, Netherlands "
Osteria Moderna,Italian restaurant,+31 20 239 0270 ,http://osteriamoderna.nl/,4.7,234,,"Tweede Helmersstraat 26, 1054 CJ Amsterdam, Netherlands "
Kazik Amsterdam,Brunch restaurant,+31 6 38877867 ,http://kazikamsterdam.nl/,4.8,937,,"Bilderdijkstraat 202A, 1053 HM Amsterdam, Netherlands "
Fikissimo Restaurant,Restaurant,+31 6 81187739 ,https://www.fikissimoamsterdam.com/,4.7,1075,,"Eerste Constantijn Huygensstraat 35/37, 1054 BR Amsterdam, Netherlands "
Bosco,Lunch restaurant,+31 20 221 3480 ,http://www.cafebosco.nl/,4.4,935,,"Eerste Constantijn Huygensstraat 7, 1054 BN Amsterdam, Netherlands "
Vicio Il Mastro Pastaio - Italian Restaurant in Amsterdam,Italian restaurant,+31 6 58738871 ,http://vicioilmastropastaio.com/,4.8,707,,"Bilderdijkstraat 192 H, 1053 LE Amsterdam, Netherlands "
Pastis,French restaurant,+31 20 616 6166 ,http://www.pastisamsterdam.nl/,4.5,563,,"Eerste Constantijn Huygensstraat 15, 1054 BP Amsterdam, Netherlands "
Spaghetteria,Restaurant,+31 20 618 8410 ,http://www.spaghetteria.com/,4.3,1054,,"Jan Hanzenstraat 32, 1053 SR Amsterdam, Netherlands "
Gnoccheria,Italian restaurant,+31 6 10974267 ,https://gnoccheria.nl/,4.9,417,,"Kinkerstraat 41h, 1053 DD Amsterdam, Netherlands "
Ciro Passami L'olio,Italian restaurant,+31 20 618 8420 ,http://ciropassamilolio.nl/,4.5,368,,"Tweede Helmersstraat 3, 1054 CA Amsterdam, Netherlands "
Branie,Asian fusion restaurant,+31 6 53583932 ,http://www.branieamsterdam.com/,4.7,475,,"Ten Katestraat 26a hs, 1053 CG Amsterdam, Netherlands "
Gertrude Rest. & Bar,Restaurant,+31 20 247 0013 ,http://www.gertrudeamsterdam.nl/,4.4,554,,"Bosboom Toussaintstraat 28-H, 1054 AS Amsterdam, Netherlands "
Soenes Roti Bar & Grill,Restaurant,+31 20 777 4464 ,http://www.soenes.nl/,4.6,436,,"Bilderdijkstraat 208H, 1053 LG Amsterdam, Netherlands "
مطعم اليمن السعيد ALYEMEN ALSAEED RESTAURANT,Yemeni restaurant,+31 6 17174477 ,,4.9,109,,"De Clercqstraat 113-H, 1053 AJ Amsterdam, Netherlands "
JEJU Korean Kitchen & Bar,Korean restaurant,+31 6 16905596 ,https://www.jejukoreanbar.com/,4.5,311,,"De Clercqstraat 56-H, 1052 NH Amsterdam, Netherlands "
De Italiaan,Italian restaurant,+31 20 683 6854 ,https://mymenuweb.com/nl/restaurants/559627/?utm_source=google_profile&utm_medium=google_profile&utm_campaign=admin,4.3,1065,,"Bosboom Toussaintstraat 29, 1054 AN Amsterdam, Netherlands "
One Dim Sum,Dim sum restaurant,+31 20 689 3003 ,http://www.onedimsum.nl/,4.6,863,,"Overtoom 109, 1054 HD Amsterdam, Netherlands "
Abbey,Restaurant,+31 20 778 0042 ,http://www.abbey.nl/,4.8,609,,"Admiraal de Ruijterweg 404, 1055 ND Amsterdam, Netherlands "
Addis Ababa Restaurant,Ethiopian restaurant,+31 20 618 4472 ,http://www.addisababa.nl/,4.6,460,,"Overtoom 337, 1054 JM Amsterdam, Netherlands "
Infinity Steakhouse - Quality Steaks (Halal),Halal restaurant,+31 20 846 2896 ,http://www.facebook.nl/theinfinitykitchen,4.7,1096,,"Kinkerstraat 350, 1053 GG Amsterdam, Netherlands "
Persian parsa Restaurant,Persian restaurant,+31 6 27320222 ,http://parsarestaurant.nl/,4.1,1915,,"De Clercqstraat 2, 1052 NC Amsterdam, Netherlands "
Franggo West,Chicken wings restaurant,+31 20 280 5576 ,http://www.franggo.nl/,4.5,362,,"De Clercqstraat 106H, 1052 NM Amsterdam, Netherlands "
Barricade,Tapas bar,+31 20 786 3439 ,http://www.barricade.amsterdam/,4.5,182,,"Tweede Kostverlorenkade 70, 1053 BS Amsterdam, Netherlands "
Manoto Restaurant,Persian restaurant,+31 20 612 8827 ,http://www.manotorestaurant.nl/,4.1,1952,,"De Clercqstraat 18, 1052 ND Amsterdam, Netherlands "
BACK,Health food restaurant,+31 20 235 7460 ,https://www.back-food.nl/,4.4,178,,"Bilderdijkstraat 96-H, 1053 KX Amsterdam, Netherlands "
Pannenkoekenhuis Candela,Pancake restaurant,+31 20 689 8252 ,http://www.pannenkoekenhuiscandela.nl/,4.6,190,,"Bilderdijkstraat 61, 1053 KL Amsterdam, Netherlands "
Khorat Top Thai,Thai restaurant,+31 20 683 1297 ,https://www.khorat-topthai.nl/,4.3,444,,"Tweede Constantijn Huygensstraat 64, 1054 CW Amsterdam, Netherlands "
Thai Restaurant Sawaddee Ka,Thai restaurant,+31 6 47116644 ,http://www.sawaddeeka.nl/,4.3,444,,"Overtoom 49, 1054 HB Amsterdam, Netherlands "
Dosa South & North Indian Restaurant,Restaurant,+31 20 616 4838 ,http://www.dosarestaurant.nl/,4.2,886,,"Overtoom 146, 1054 HN Amsterdam, Netherlands "
Restaurant JOOST,Restaurant,+31 20 612 0120 ,,3.9,75,,"Vondelstraat 26, 1054 GE Amsterdam, Netherlands "
Meo's Colosseum | Surinamese Restaurant in Amsterdam,Surinamese restaurant,+31 20 489 6489 ,https://www.meoscolosseum.com/,4.7,217,,"Lootsstraat 5, 1053 NT Amsterdam, Netherlands "
Bar TWLV,Bar,+31 20 607 5527 ,http://www.bartwlv.nl/,4.2,124,,"Stadhouderskade 12, 1054 ES Amsterdam, Netherlands "
Paloma Blanca,Moroccan restaurant,+31 20 612 6485 ,http://www.palomablanca.nl/,4.4,311,,"Jan Pieter Heijestraat 145 HS, 1054 MG Amsterdam, Netherlands "
Sushito Oud-West,Sushi restaurant,+31 20 354 6512 ,http://www.sushito.nl/,4.2,332,,"Jan Pieter Heijestraat 127, 1054 ME Amsterdam, Netherlands "
The Burger Maffia Amsterdam Oud West,Hamburger restaurant,+31 85 401 7719 ,http://www.theburgermaffia.com/,4.0,221,,"Borgerstraat 228, 1053 RE Amsterdam, Netherlands "
Indian Barbecue Restaurant- Amsterdam,Indian restaurant,+31 20 248 0191 ,https://indianbarbecue.foodticket.nl/foodticket/cgi/bestel.cgi,4.1,115,,"Kinkerstraat 348 - o, 1053 GE Amsterdam, Netherlands "
HAWAWSHI,Egyptian restaurant,+31 6 23448802 ,http://hawawshi.nl/,4.1,664,,"Kinkerstraat 142 C-H, 1053 EG Amsterdam, Netherlands "
Wakuli specialty coffee bar,Cafe,+31 6 18594163 ,https://www.wakuli.com/nl/pages/coffee-bars,4.4,119,,"Jan Pieter Heijestraat 76, 1053 GS Amsterdam, Netherlands "
Cedars,Lebanese restaurant,+31 20 213 4372 ,http://www.cedars.nl/,4.2,1928,,"Heemstedestraat 80, 1058 NP Amsterdam, Netherlands "
Pizzeria Mozzico,Pizza restaurant,+31 20 786 7329 ,http://www.mozzico.nl/,4.7,231,,"Kinkerstraat 12b H, 1053 DT Amsterdam, Netherlands "
Mme Coco Brasserie- Amsterdam,Brasserie,+31 20 810 0800 ,https://westcordhotels.nl/restaurants/mme-coco/,2.6,23,,"Hendrikje Stoffelsstraat 1, 1058 GC Amsterdam, Netherlands "
Sushi sky,Japanese restaurant,+31 6 84991515 ,http://www.sushisky.nl/,4.4,110,,"Kinkerstraat 160, 1053 EH Amsterdam, Netherlands "
Café Garçon,French restaurant,+31 20 892 2040 ,http://www.cafegarcon.com/,4.5,497,,"Johannes Verhulststraat 105, 1071 MX Amsterdam, Netherlands "
Chef Adrienne | Private Dining Amsterdam,Restaurant,+31 6 41310010 ,https://www.chefadrienne.nl/,4.9,144,,"Valeriusstraat 250 H, 1075 GL Amsterdam, Netherlands "
Café Loetje,Restaurant,+31 20 662 8173 ,https://www.loetje.nl/nl/locaties/amsterdam/?utm_source=google&utm_medium=organic&utm_campaign=gbp-listing&utm_content=amsterdamcafe,4.3,3993,,"Johannes Vermeerstraat 52, 1071 DT Amsterdam, Netherlands "
Restaurant Classico,Italian restaurant,+31 20 676 0700 ,https://www.classicoamsterdam.nl/?utm_source=GMBlisting&utm_medium=organic,4.4,1796,,"Willemsparkweg 87, 1071 GT Amsterdam, Netherlands "
Brasserie Zuiderbad,Restaurant,+31 6 44939960 ,,4.6,254,,"Hobbemastraat 28, 1071 ZC Amsterdam, Netherlands "
Moods Coffee & Brunch,Brunch restaurant,+31 6 81393509 ,http://www.moods-amsterdam.nl/,4.7,1079,,"Cornelis Schuytstraat 57, 1071 JG Amsterdam, Netherlands "
MOMO,Asian fusion restaurant,+31 20 671 7474 ,https://www.momo-amsterdam.com/,4.1,1963,,"Hobbemastraat 1, 1071 ZD Amsterdam, Netherlands "
Jahagir's Kitchen,Modern Indian restaurant,+31 6 29162436 ,http://www.jahagirskitchen.nl/,4.8,438,,"Amstelveenseweg 85, 1075 VW Amsterdam, Netherlands "
Restaurant Sardegna,Italian restaurant,+31 20 673 3333 ,https://www.restaurantsardegna.nl/,4.1,650,,"Cornelis Schuytstraat 17, 1071 ZL Amsterdam, Netherlands "
Omahe Amsterdam,Restaurant,+31 6 24776879 ,http://omahe.nl/,4.8,124,,"Ruysdaelkade 251, 1072 AX Amsterdam, Netherlands "
Restaurant Di Bruno,Italian restaurant,+31 20 662 3853 ,https://www.dibruno.nl/,4.3,364,,"Willemsparkweg 155, 1071 GX Amsterdam, Netherlands "
Sita Indiaas en Nepalees,Nepalese restaurant,+31 20 662 9665 ,https://sitarestaurant.nl/,4.6,654,,"Van Baerlestraat 61 HS, 1071 AR Amsterdam, Netherlands "
CARTER,Restaurant,+31 20 752 6855 ,https://www.barcarter.nl/,4.5,810,,"Valeriusstraat 85, 1071 MG Amsterdam, Netherlands "
Toko Bersama Zuid - De Pijp,Takeout Restaurant,+31 20 303 0524 ,https://www.tokobersama.nl/,5.0,360,,"Van Woustraat 86, 1073 LP Amsterdam, Netherlands "
CHANG-I,Chinese restaurant,+31 20 470 1700 ,http://www.chang-i.nl/,4.2,204,,"Jan Willem Brouwersstraat 7, 1071 LH Amsterdam, Netherlands "
Sushi One Zuid,Restaurant,+31 6 16406967 ,http://www.sushionezuid.nl/,4.6,110,,"Heemstedestraat 13 H, 1059 CX Amsterdam, Netherlands "
Northeast Kitchen旺顺阁 东北菜 北方菜,Chinese restaurant,+31 20 845 2943 ,https://www.northeastkitchen.nl/,4.5,272,,"Ferdinand Bolstraat 26, 1072 LK Amsterdam, Netherlands "
Pasta e Pizza,Italian restaurant,+31 20 362 0982 ,http://www.pasta-e-pizza.nl/,4.6,875,,"Van Woustraat 5HS, 1074 AA Amsterdam, Netherlands "
Cafe Tepoz,Cafe,+31 6 15437070 ,https://www.instagram.com/cafetepoz,4.8,169,,"Van Woustraat 91h, 1074 AE Amsterdam, Netherlands "
Tulip Indian Restaurant,Indian restaurant,+31 20 400 4102 ,https://tulipindianrestaurant.nl/,4.5,693,,"Amstelveenseweg 71, 1075 VV Amsterdam, Netherlands "
Pinocchio Cafe-Restaurant,Italian restaurant,+31 6 84506018 ,https://pinocchioamsterdam.nl/,4.2,276,,"Van Baerlestraat 128, 1071 BD Amsterdam, Netherlands "
Café Freddy,Restaurant,+31 20 221 3421 ,https://www.cafefreddy.nl/,4.6,48,,"Quellijnstraat 104, 1072 XZ Amsterdam, Netherlands "
Wok to Walk The Restaurant,Restaurant,+31 20 737 0624 ,https://www.woktowalk.com/nl/restaurants/?utm_medium=organic&utm_source=google_maps&utm_campaign=google_maps&utm_content=web_url,4.4,177,,"Eerste van der Helststraat 62A, 1072 NX Amsterdam, Netherlands "
Jiang Nan,Chinese restaurant,+31 20 723 3639 ,https://jiangnan.nl/,4.4,168,,"Amstelveenseweg 172, 1075 XP Amsterdam, Netherlands "
Linguini de Pijp,Restaurant,+31 20 786 1278 ,https://www.linguini.nl/,4.6,154,,"Eerste Jacob van Campenstraat 41HS, 1072 BD Amsterdam, Netherlands "
Jewel of The Caribbean,Restaurant,+31 6 22015051 ,https://jewelofthecaribbean.com/,4.7,205,,"Van Woustraat 110H, 1073 LS Amsterdam, Netherlands "
Ramen City,Ramen restaurant,+31 6 46890889 ,http://www.ramencity.nl/,4.5,258,,"Ferdinand Bolstraat 48-H, 1072 LL Amsterdam, Netherlands "
Gloria's (de Tulp),Pub,+31 85 087 9470 ,https://glorias.nl/,4.0,1758,,"Marie Heinekenplein 33, 1072 MH Amsterdam, Netherlands "
Pizza Beppe,Pizza restaurant,+31 20 227 9805 ,https://www.pizzabeppe.nl/en/locations/amsterdam/oud-zuid?utm_source=google&utm_medium=organic&utm_campaign=bedrijfprofiel&utm_content=websiteklik,4.1,537,,"Roelof Hartstraat 27, 1071 VG Amsterdam, Netherlands "
Kemang,Indonesian restaurant,+31 6 42306878 ,http://www.kemang.nl/,4.5,39,,"Stadionweg 49, 1077 RX Amsterdam, Netherlands "
Yên Dining Bar,Vietnamese restaurant,+31 6 42185237 ,,4.5,80,,"Van Woustraat 58, 1073 LN Amsterdam, Netherlands "
BARBOUNIA,Restaurant,+31 20 570 0000 ,http://www.barbounia-amsterdam.com/,4.4,59,,"Paulus Potterstraat 50, 1071 DB Amsterdam, Netherlands "
Amantra the Tasty Indian Bites,Indian restaurant,+31 20 341 9970 ,http://www.tastyindianbites.nl/,4.6,372,,"Ceintuurbaan 232H, 1072 GE Amsterdam, Netherlands "
The Gyros Lab,Greek restaurant,+31 6 16589161 ,https://www.thegyroslab.nl/,4.5,209,,"Albert Cuypstraat 88, 1072 CX Amsterdam, Netherlands "
Momo Tibet,Tibetan restaurant,+31 20 786 0832 ,http://momotibet.com/,4.5,156,,"Ceintuurbaan 432H, 1074 EB Amsterdam, Netherlands "
Dragons Delight Cafe,Restaurant,+31 20 370 9640 ,,4.3,286,,"Tolstraat 200, 1074 VN Amsterdam, Netherlands "
Spaghetteria Pasta-bar,Restaurant,+31 20 737 0122 ,http://www.spaghetteria.com/,4.3,654,,"Daniël Stalpertstraat 93-95, 1072 XD Amsterdam, Netherlands "
Archive By Pestana,Restaurant,+31 20 220 6900 ,https://www.pestana.com/en/hotel/pestana-amsterdam-riverside?utm_source=google-my-business&utm_medium=organicsearch&utm_campaign=restaurante-archive-by-pestana-amsterdam#Restaurants,4.6,13,,"Amsteldijk 67, 1074 HZ Amsterdam, Netherlands "
Bar Restaurant LELY,Restaurant,+31 20 244 1788 ,http://www.lely-amsterdam.nl/,4.5,1359,,"Cornelis Lelyplein 4, 1062 HX Amsterdam, Netherlands "
Grieks restaurant Plato,Greek restaurant,+31 20 613 3933 ,http://www.grieksrestaurantplato.nl/,4.6,1000,,"Confuciusplein 14, 1064 ZK Amsterdam, Netherlands "
Floor17,Restaurant,+31 6 23392608 ,http://www.floor17.nl/,4.1,1203,,"Staalmeesterslaan 410, 1057 PH Amsterdam, Netherlands "
Kaap West,Restaurant,+31 20 358 5098 ,http://www.kaap-west.nl/,3.9,560,,"Meer en Vaart 159, 1068 LA Amsterdam, Netherlands "
Benji's,Lunch restaurant,+31 20 354 2037 ,https://benjis.amsterdam/restaurant/benjis-nieuw-west/breakfast-lunch-brunch,4.5,751,,"Maassluisstraat 243, 1062 GA Amsterdam, Netherlands "
Sahan Amsterdam,Mediterranean restaurant,+31 20 334 3286 ,http://www.sahanamsterdam.nl/,4.5,1152,,"Tussen Meer 66, 1068 GC Amsterdam, Netherlands "
KEYF CAFE RESTAURANT,Restaurant,+31 20 758 3300 ,http://www.keyfcaferestaurant.nl/,4.4,1065,,"Pieter Calandlaan 244 A-B, 1069 KV Amsterdam, Netherlands "
Corner Bakery,Restaurant,+31 6 81157537 ,https://www.cornerbakeryamsterdam.com/nieuw-west-koningin-wilhelminaplein,3.9,579,,"Kon. Wilhelminaplein 60-62, 1062 KS Amsterdam, Netherlands "
Efem Pizza en Döner,Restaurant,+31 20 611 3010 ,,4.3,528,,"Delflandplein 22, 1062 HR Amsterdam, Netherlands "
Thais restaurant Suvarnaphum,Thai restaurant,+31 20 617 6620 ,http://suvarnaphum.nl/index.html,4.5,326,,"Johan Huizingalaan 250, 1065 GN Amsterdam, Netherlands "
Bar Bistro Bureau,Restaurant,+31 20 723 8492 ,https://barbistrobureau.nl/,4.1,460,,"Johan Huizingalaan 763A, 1066 VH Amsterdam, Netherlands "
Trattoria Sorridi,Italian restaurant,+31 20 786 7833 ,http://www.sorridi.nl/,4.8,571,,"Osdorpplein 46, 1068 TC Amsterdam, Netherlands "
Restaurant-Bar De Stijl,Restaurant,+31 20 714 1087 ,https://mrwinston.app/qEmeyGYfZBEXKRpoe/reservation,4.0,53,,"John M. Keynesplein 2, 1066 EP Amsterdam, Netherlands "
Comida House,Restaurant,+31 6 55332640 ,https://www.instagram.com/housecomida_/?igsh=aXBjbGxoYjRhbXQz&utm_source=qr#,4.6,112,,"Pieter Calandlaan 244H, 1069 KS Amsterdam, Netherlands "
Sham Maza,Restaurant,+31 20 354 3164 ,http://restaurantsham.nl/,4.7,343,,"Jan Evertsenstraat 69H, 1057 BP Amsterdam, Netherlands "
Kebaphan Amsterdam,Turkish restaurant,+31 20 225 8070 ,http://www.kebaphanosdorp.nl/,4.5,979,,"Osdorper Ban 30, 1068 BZ Amsterdam, Netherlands "
Flavours of India,Indian restaurant,+31 20 341 2053 ,https://www.flavoursofindiaadam.nl/,4.4,592,,"Pieter Calandlaan 71, 1065 KJ Amsterdam, Netherlands "
San Lok,Chinese restaurant,+31 20 617 4118 ,http://www.sanlok.nl/,4.3,423,,"Johan Huizingalaan 306, 1065 JN Amsterdam, Netherlands "
Villa Borghese Amsterdam,Italian restaurant,+31 20 774 2009 ,https://villa-borghese.nl/,4.4,239,,"David Ricardostraat 566, 1066 LH Amsterdam, Netherlands "
Masie Restaurant,Restaurant,+31 20 239 0824 ,https://www.instagram.com/masierestaurant/,4.6,363,,"Tussen Meer 331, 1069 DR Amsterdam, Netherlands "
Perla di Roma,Italian restaurant,+31 20 615 9074 ,https://www.perladiroma.com/,4.3,597,,"Johan Huizingalaan 177, 1065 HZ Amsterdam, Netherlands "
Mondi Amsterdam New-West Caribbean Cuisine,Caribbean restaurant,+31 20 820 7832 ,https://www.mondirestaurant.com/mondi-amsterdam-new-west/,4.0,512,,"Aletta Jacobslaan 7, 1066 BP Amsterdam, Netherlands "
Marhaba,Moroccan restaurant,+31 20 770 1667 ,https://www.marhaba-amsterdam.nl/,4.1,351,,"Johan Huizingalaan 87, 1065 XE Amsterdam, Netherlands "
Lilly's Bistro,Lunch restaurant,+31 20 341 8408 ,http://www.bistrolillys.nl/,4.2,528,,"Tussen Meer 83, 1068 EZ Amsterdam, Netherlands "
The Foodmarket Amsterdam,Restaurant,+31 20 891 4588 ,http://www.thefoodmarket.nl/,4.3,993,,"Zuidermolenweg 36, 1069 CG Amsterdam, Netherlands "
NOAH lieven,Caucasian restaurant,+31 20 896 0586 ,https://noah.restaurant/,4.6,782,,"Rodenrijsstraat 150, 1062 JA Amsterdam, Netherlands "
NESS Amsterdam,Restaurant,+31 20 358 5568 ,http://nessamsterdam.nl/,4.0,1193,,"Meer en Vaart 157, 1068 LA Amsterdam, Netherlands "
Croissanerie Chhiwat Bladi,Moroccan restaurant,+31 20 233 4190 ,http://www.chhiwatbladiamsterdam.nl/,4.2,383,,"Pieter Calandlaan 837, 1069 SC Amsterdam, Netherlands "
ARTISANI,American restaurant,+31 6 86420408 ,https://live.tebi.co/api/u/TJTkIUp0jzo=,4.3,565,,"Tussen Meer 58-A, 1068 GB Amsterdam, Netherlands "
Kebapci Amsterdam,Turkish restaurant,+31 20 368 2253 ,,4.3,1553,,"Burgemeester de Vlugtlaan 53, 1063 BG Amsterdam, Netherlands "
Restaurant Oeverzicht,Restaurant,+31 20 765 7585 ,https://restaurantoeverzicht.nl/,4.0,518,,"Oostoever 1, 1064 GV Amsterdam, Netherlands "
Enfes Restaurant,Turkish restaurant,+31 20 669 3977 ,https://enfesamsterdam.nl/,4.3,425,,"Pieter Calandlaan 345, 1068 NH Amsterdam, Netherlands "
De Patatzaak,Fast food restaurant,+31 20 669 1868 ,http://www.bestellenbijdepatatzaak.nl/,4.3,1205,,"Langsom 5, 1066 EW Amsterdam, Netherlands "
Sortie Cafe & Restaurant,Turkish restaurant,+31 20 775 2076 ,https://sortierestaurant.nl/,3.9,924,,"Jan de Jonghkade 82, 1063 MJ Amsterdam, Netherlands "
Neva Osdorp,Restaurant,+31 6 87457731 ,,4.7,27,,"Osdorpplein 2, 1068 TC Amsterdam, Netherlands "
Sportclub Match & Eetcafé Thijs,Restaurant,+31 20 669 5880 ,https://eetcafe-thijs.nl/,4.5,349,,"Sint Gilleshof 5, 1066 PZ Amsterdam, Netherlands "
The Address Café & Restaurant,Turkish restaurant,+31 20 723 1962 ,https://adresrestaurant.nl/,4.0,386,,"Slotermeerlaan 111, 1063 JN Amsterdam, Netherlands "
GIA Restaurant,Restaurant,+31 20 786 4674 ,http://www.giarestaurant.nl/,4.2,255,,"Osdorpplein 594, 1068 TB Amsterdam, Netherlands "
Ash's Plek,Jamaican restaurant,+31 6 47756514 ,http://ashs-plek.nl/,4.9,35,,"Van der Madeweg 1, 1114 AM Amsterdam, Netherlands "
Mado,Turkish restaurant,+31 6 86225936 ,https://madoamsterdam.com/mado/qr-menu.php?lang=en,4.3,1007,,"Burgemeester de Vlugtlaan 159, 1063 BK Amsterdam, Netherlands "
Şerifoğlu Café & Patisserie,Patisserie,+31 20 611 0328 ,http://serifoglu.nl/,4.1,3227,,"Slotermeerlaan 115, 1063 JN Amsterdam, Netherlands "
Ravioli's,Italian restaurant,+31 20 239 4196 ,https://www.raviolis.nl/,4.6,180,,"Tussen Meer 61, 1068 EZ Amsterdam, Netherlands "
Restaurant Du Maroc,Moroccan restaurant,+31 20 617 3408 ,http://www.restaurantdumaroc.nl/menu/,4.4,797,,"Comeniusstraat 513, 1065 BX Amsterdam, Netherlands "
Thais Restaurant Pattaya Amsterdam,Thai restaurant,+31 20 223 0438 ,https://restaurantpattaya.nl/,4.3,201,,"Abraham Staalmanplein 1, 1066 AG Amsterdam, Netherlands "
Bollywood Foodbar,Indian restaurant,+31 20 786 8810 ,http://www.bollywoodfoodbar.nl/,4.1,197,,"Johan Huizingalaan 118, 1065 JE Amsterdam, Netherlands "
Royal Fook Long Amsterdam,Asian restaurant,+31 20 669 6787 ,https://royalfooklongamsterdam.nl/,4.1,1412,,"Hageland 67, 1066 RD Amsterdam, Netherlands "
POTAÉ™ (King Kumpir),Restaurant,+31 20 726 7071 ,https://www.potae.nl/,4.7,507,,"Osdorpplein 725, 1068 TC Amsterdam, Netherlands "
Red Elephant Thai Food,Thai restaurant,+31 20 410 2010 ,https://www.red-elephant-thai-food.nl/,4.3,362,,"Meer en Vaart 177A, 1068 LA Amsterdam, Netherlands "
Sushito Nieuw West,Japanese restaurant,+31 20 776 5485 ,http://www.sushito.nl/,4.0,118,,"Jan van Galenstraat 418H, 1061 AZ Amsterdam, Netherlands "
Restaurant Ons Dorpje,Restaurant,+31 20 331 1956 ,http://www.onsdorpje.nl/,4.1,352,,"Tussen Meer 55, 1068 EZ Amsterdam, Netherlands "
Golden House,Chinese restaurant,+31 20 613 2945 ,http://bestellen.goldenhouse-amsterdam.nl/,4.2,387,,"Burgemeester Vening Meineszlaan 58, 1063 BD Amsterdam, Netherlands "
Golden Garden Dim Sum Restaurant 今聚缘,Chinese restaurant,+31 20 617 4342 ,https://www.goldengarden-amsterdam.nl/,4.0,1234,,"Delflandplein 24-28, 1062 HR Amsterdam, Netherlands "
Shandiez Persian Restaurant,Persian restaurant,+31 6 42420754 ,http://www.shandiez.nl/,4.3,344,,"Johan Huizingalaan 142, 1065 JG Amsterdam, Netherlands "
MANGI MANGI,Pizza delivery,+31 6 27965961 ,,4.0,247,,"Schipluidenlaan 124, 1062 HE Amsterdam, Netherlands "
SKYY Bar Amsterdam,Bar,+31 20 810 0800 ,https://westcordhotels.nl/restaurants/skyy-bar/,4.1,227,,"Hendrikje Stoffelsstraat 1, 1058 GC Amsterdam, Netherlands "
Shobiyet Amsterdam Café.& Restaurant,Turkish restaurant,+31 20 308 0888 ,https://www.thuisbezorgd.nl/menu/shobiyet-amsterdam?_gl=1*1bm1pyo*_up*MQ..*_gs*MQ..&gclid=Cj0KCQjwnJfEBhCzARIsAIMtfKJkUzjA4TxESIoJV71mRc_aT8QazoxSnt1yYgMs_Qx-sZQrw_hZpAwaAiBuEALw_wcB&gclsrc=aw.ds&gbraid=0AAAAAD3ULIXZdz-7foas0lRxMPt32Mw2U,3.8,369,,"Tussen Meer 219-221, 1069 EB Amsterdam, Netherlands "
Leziz Restaurant,Turkish restaurant,+31 20 619 6275 ,http://www.leziz.nl/,3.9,559,,"Pieter Calandlaan 945, 1069 SC Amsterdam, Netherlands "
Prins & Aap,Restaurant,+31 20 523 1250 ,https://www.prinsenaap.com/,4.4,126,,"Prinsengracht 587, Ground Floor, 1016 HT Amsterdam, Netherlands "
Mari Rasa Afhaalcentrum en Cateringservice,Indonesian restaurant,+31 20 611 9206 ,http://www.marirasa.nl/,4.7,118,,"Lodewijk van Deysselstraat 95, 1064 HM Amsterdam, Netherlands "
At WEST restaurant,Restaurant,+31 20 512 6767 ,https://restaurants.accor.com/nl/restaurant-1315_R001-at-west-amsterdam.shtml,4.5,2,,"Oude Haagseweg 20, 1066 BW Amsterdam, Netherlands "
FEBO Amsterdam - Slotermeerlaan,Fast food restaurant,+31 20 613 8725 ,https://www.febo.nl/,3.9,318,,"Slotermeerlaan 133A, 1063 JN Amsterdam, Netherlands "
Steakhouse Pizzeria Osdorperban,Pizza restaurant,+31 20 737 2407 ,,4.3,387,,"Osdorper Ban 60, 1068 MJ Amsterdam, Netherlands "
Buon Gusto d’Italia,Italian restaurant,+31 20 664 6502 ,https://buongustoamsterdam.eatbu.com/?lang=nl,4.6,1191,,"Scheldestraat 85, 1078 GJ Amsterdam, Netherlands "
Graca Amsterdam,Restaurant,+31 20 370 3047 ,http://www.graca.nl/,4.2,615,,"Osdorpplein 937-K, 1068 TD Amsterdam, Netherlands "
Antep Kebap Amsterdam,Restaurant,+31 20 331 9990 ,https://serifoglu.nl/serifoglu-antep-kebap-amsterdam/,4.4,1214,,"Slotermeerlaan 115, 1063 JN Amsterdam, Netherlands "
Hard Rock Cafe Amsterdam,American restaurant,+31 20 888 1358 ,https://cafe.hardrock.com/amsterdam/#utm_source=Google&utm_medium=Yext&utm_campaign=Listings,4.3,25275,,"Max Euweplein 57-61, 1017 MA Amsterdam, Netherlands "
Marmaris Grill & Pizza Sloterdijk,Restaurant,+31 20 337 9426 ,https://marmarisorly.nl/en,4.1,2527,,"Orlyplein 159, 1043 DV Amsterdam, Netherlands "
Eethoek 10 West,Lunch restaurant,+31 20 786 4195 ,https://nlcompanies.org/details/eethoek-10-west-ChIJgZA,3.6,55,,"Tussen Meer 71, 1068 EZ Amsterdam, Netherlands "
STACH x The Social Hub Amsterdam West,Cafe,+31 20 760 4000 ,https://www.thesocialhub.co/amsterdam-west/eat-and-drink/?utm_source=googlemybusiness&utm_medium=organic&y_source=1_MTAwNDQxMzU3MC03MTUtbG9jYXRpb24ud2Vic2l0ZQ%3D%3D,4.2,20,,"van de Sande Bakhuijzenstraat 4, 1061 AG Amsterdam, Netherlands "
Restaurant Toros,Turkish restaurant,+31 20 619 5902 ,https://nlcompanies.org/details/restaurant-toros-ChIJsx8,4.0,232,,"Osdorper Ban 74, 1068 MJ Amsterdam, Netherlands "
Verona Ristorante Italiano,Restaurant,+31 20 341 3710 ,http://www.veronaristorante.nl/,4.7,4680,,"Reguliersdwarsstraat 7, 1017 BJ Amsterdam, Netherlands "
Pianeta Terra,Italian restaurant,+31 20 626 1912 ,https://pianetaterra-restaurant.nl/,4.7,651,,"Beulingstraat 7, 1017 BA Amsterdam, Netherlands "
Dal Pagliaccio - Italian Restaurant,Italian restaurant,+31 20 205 1009 ,http://www.dalpagliaccio.nl/,4.5,1247,,"Oudebrugsteeg 8, 1012 JP Amsterdam, Netherlands "
La Zoccola del Pacioccone,Pizza restaurant,+31 6 20238423 ,https://www.theredwinedistrict.com/la-zoccola-del-pacioccone/,4.5,5102,,"Nieuwe Nieuwstraat 22HS, 1012 NH Amsterdam, Netherlands "
Piazzetta Romana Amsterdam Quality & Service . Italian Restaurant,Italian restaurant,+31 20 627 0580 ,https://www.piazzettaromana.com/,4.6,1338,,"Korte Leidsedwarsstraat 69, 1017 PW Amsterdam, Netherlands "
Demetra - Italian Kitchen & Pizza,Italian restaurant,+31 20 737 2318 ,https://www.demetrarestaurant.nl/,4.5,1798,,"Korte Reguliersdwarsstraat 8, 1017 BG Amsterdam, Netherlands "
Ponte Vecchio,Italian restaurant,+31 20 427 7956 ,http://www.pontevecchioamsterdam.com/index.php,4.5,1097,,"Nieuwezijds Voorburgwal 136, 1012 SH Amsterdam, Netherlands "
Porta Aperta Amsterdam,Italian restaurant,+31 20 625 0640 ,,4.9,1203,,"Zeedijk 19, 1012 AN Amsterdam, Netherlands "
Ristorante Italiano Piccolo Mondo,Italian restaurant,+31 20 358 3875 ,http://www.restaurantpiccolomondo.nl/,4.5,1953,,"Geldersekade 93, 1011 EL Amsterdam, Netherlands "
Pasta e Basta 2.0,Restaurant,+31 20 422 2222 ,http://www.pastaebasta.nl/,4.5,1861,,"Nieuwe Spiegelstraat 8, 1017 DE Amsterdam, Netherlands "
Ristorante Italia Oggi,Italian restaurant,+31 20 620 0898 ,http://www.italiaoggi.nl/,4.4,1129,,"Binnen Bantammerstraat 11, 1011 CH Amsterdam, Netherlands "
Lolo Amsterdam - Italian Restaurant,Italian restaurant,+31 20 244 5746 ,http://lolo.amsterdam/,4.0,1121,,"Oudekerksplein 48, 1012 GZ Amsterdam, Netherlands "
Bussia,Italian restaurant,+31 20 627 8794 ,http://www.bussia.nl/,4.6,1029,,"Reestraat 28-32, 1016 GZ Amsterdam, Netherlands "
Santi & Santini - Puglia restaurant,Italian restaurant,+31 6 47505844 ,http://www.santiesantini.com/,4.8,1306,,"Hazenstraat 64, 1016 SR Amsterdam, Netherlands "
Casa di David,Italian restaurant,+31 20 624 5093 ,http://www.casadidavid.com/,4.4,2661,,"Singel 426, 1017 AV Amsterdam, Netherlands "
Incanto,Italian restaurant,+31 20 423 3681 ,http://www.restaurant-incanto.nl/,4.5,763,,"Amstel 2, 1017 AA Amsterdam, Netherlands "
La Piazza,Pizza restaurant,+31 20 774 5988 ,http://pizzerialapiazza.nl/,4.3,3700,,"Paleisstraat 3, 1012 RB Amsterdam, Netherlands "
Rossini,Italian restaurant,+31 20 639 0102 ,https://rossini-amsterdam.nl/,4.5,2509,,"Reguliersdwarsstraat 3-5, 1017 BJ Amsterdam, Netherlands "
Ristorante Pizzeria Amarone - Italian Restaurant,Italian restaurant,+31 20 205 0702 ,https://amarone.amsterdam/,4.6,907,,"Korte Leidsedwarsstraat 89, 1017 PX Amsterdam, Netherlands "
Pizzeria Bella Roma Amsterdam,Italian restaurant,+31 6 14062006 ,http://www.pizzeriabellaroma.nl/,4.5,3025,,"Lange Niezel 22G, 1012 GT Amsterdam, Netherlands "
Sapore Italiano,Italian restaurant,+31 20 625 2270 ,http://www.saporeitaliano.nl/,4.3,1043,,"Spuistraat 3B, 1012 SP Amsterdam, Netherlands "
Fiaschetteria “Pistoia”,Italian restaurant,+31 20 370 5483 ,https://www.fiaschetteriapistoia.com/,4.6,925,,"Utrechtsedwarsstraat 85A, 1017 WD Amsterdam, Netherlands "
Casa di Sergio,Italian restaurant,+31 20 370 0416 ,https://casadisergio.nl/,4.4,2281,,"Korte Leidsedwarsstraat 83, 1017 PW Amsterdam, Netherlands "
Italian Gourmet,Pizza restaurant,+31 6 87544393 ,https://spleatweb.app/restaurants/RhdQufq8yEZVKMBapxU1JKqDCVA2,4.4,821,,"Singel 494, 1017 AW Amsterdam, Netherlands "
Restaurant & Pizzeria Lucca Due,Italian restaurant,+31 20 622 0353 ,https://www.luccadue.nl/,4.4,2272,,"Haarlemmerstraat 130, 1013 EX Amsterdam, Netherlands "
Al Dente Pastalab,Italian restaurant,+31 20 223 4658 ,https://aldentepastalab.com/,4.9,282,,"Zeeburgerstraat 2a, 1018 AG Amsterdam, Netherlands "
"Il Boccalino Italian Restaurant - Pizzeria, Pizza & Pasta Vegan in Amsterdam",Restaurant,+31 6 28079879 ,https://www.ilboccalino.com/,4.4,1507,,"Utrechtsestraat 133, 1017 VM Amsterdam, Netherlands "
A Tavola,Italian restaurant,+31 20 625 4994 ,https://www.atavolarestaurant.nl/,4.6,478,,"Kadijksplein 9, 1018 AC Amsterdam, Netherlands "
5 Terre Amsterdam Italian Restaurant,Italian restaurant,+31 20 362 0279 ,https://5terreamsterdam.com/,4.3,284,,"Max Euweplein 60, 1017 MB Amsterdam, Netherlands "
Lo Stivale d'Oro Pizzeria Amsterdam,Pizza restaurant,+31 20 638 7307 ,https://www.lostivaledoropizzeria.nl/,4.6,1150,,"Amstelstraat 49, 1017 DA Amsterdam, Netherlands "
PepeNero Cucina,Italian restaurant,+31 20 246 6055 ,http://www.pepenerocucina.nl/,4.6,566,,"Sumatrakade 1295, 1019 RK Amsterdam, Netherlands "
Segugio Italian Restaurant,Italian restaurant,+31 20 330 1503 ,http://www.segugio.nl/,4.5,324,,"Utrechtsestraat 96, 1017 VS Amsterdam, Netherlands "
Pastini,Italian restaurant,+31 20 622 1701 ,http://www.pastini.nl/,4.5,320,,"Leidsegracht 29, 1017 NB Amsterdam, Netherlands "
Uliveto,Italian restaurant,+31 20 423 0099 ,http://www.uliveto.net/,4.7,212,,"Weteringschans 118, 1017 XT Amsterdam, Netherlands "
GialloArancio,Italian restaurant,+31 6 21817290 ,https://sites.google.com/view/gialloarancio/gialloarancio,4.8,376,,"Lutmastraat 189, 1074 TV Amsterdam, Netherlands "
Ristorante papa Carlo,Italian restaurant,+31 20 363 6293 ,http://www.ristorantepapacarlo.nl/,4.5,2231,,"Kloveniersburgwal 7, 1011 JT Amsterdam, Netherlands "
Trattoria That's Amore,Italian restaurant,+31 20 421 0712 ,http://www.trattoriathatsamore.nl/,4.5,1094,,"Vijzelgracht 17, 1017 HM Amsterdam, Netherlands "
Frenzi Italian Restaurant,Italian restaurant,+31 20 423 5112 ,https://www.frenzi.nl/,4.4,1227,,"Zwanenburgwal 232, 1011 JH Amsterdam, Netherlands "
il Cavallino,Italian restaurant,+31 20 675 3814 ,http://www.restaurantilcavallino.nl/,4.6,355,,"Maasstraat 67HS, 1078 HE Amsterdam, Netherlands "
Savini | Ristorante Italiano,Italian restaurant,+31 20 627 1282 ,https://www.savini.nl/,4.6,534,,"Spuistraat 1-D, 1012 SP Amsterdam, Netherlands "
PizzaPastabar,Italian restaurant,+31 20 626 1576 ,,4.2,2277,,"Damrak 19, 1012 LH Amsterdam, Netherlands "
RISTORANTE AMORE PIZZA-PASTA-STEAKHOUSE-,Italian restaurant,+31 20 308 0007 ,,4.5,544,,"Haarlemmerstraat 50, 1013 ES Amsterdam, Netherlands "
La Cucina di Georgia,Italian restaurant,+31 23 751 0332 ,https://lacucinadigeorgia.nl/,4.6,102,,"Tweede Helmersstraat 26, 1054 CJ Amsterdam, Netherlands "
Restaurant Il Re di Puglia,Restaurant,+31 20 331 5963 ,https://www.ilredipuglia.nl/,4.6,385,,"Cornelis Krusemanstraat 11, 1075 NB Amsterdam, Netherlands "
Isola Bella,Italian restaurant,+31 20 626 9582 ,https://restaurantisolabella.nl/,4.1,1076,,"Thorbeckeplein 7, 1017 CS Amsterdam, Netherlands "
Sagra Food & Wine,Sandwich shop,+31 20 320 6195 ,http://www.sagra.nl/,4.8,115,,"Plantage Kerklaan 24HS, 1018 TB Amsterdam, Netherlands "
Ristorante Il Primo,Italian restaurant,+31 20 331 9370 ,http://www.ilprimoristorante.nl/,4.0,1713,,"Reguliersdwarsstraat 13-15, 1017 BJ Amsterdam, Netherlands "
Momenti-Italian cuisine,Italian restaurant,+31 20 638 0148 ,http://www.momenti-italiancuisine.nl/,4.4,573,,"Herenstraat 25, 1015 BZ Amsterdam, Netherlands "
Ristorante Italiano Peppino,Italian restaurant,+31 20 627 1175 ,https://peppinoamsterdam.nl/,4.0,2565,,"Leidsekruisstraat 32, 1017 RJ Amsterdam, Netherlands "
Ristorante Pizzeria Piccolino,Italian restaurant,+31 20 623 1495 ,http://www.ristorantepiccolino.nl/,4.2,1372,,"Lange Leidsedwarsstraat 63-65, 1017 NH Amsterdam, Netherlands "
Restaurant Bella Regina,Italian restaurant,+31 20 627 9541 ,https://bellareginaamsterdam.nl/,4.3,1255,,"Vijzelstraat 41, 1017 HE Amsterdam, Netherlands "
Mama Impasto,Italian restaurant,+31 20 771 9030 ,https://mamaimpasto.nl/,4.4,711,,"Leidsekruisstraat 19, 1017 RE Amsterdam, Netherlands "
La Piccola Trattoria Da Tonino,Italian restaurant,+31 20 627 1305 ,http://trattoriadatonino.nl/,4.1,942,,"Nieuwezijds Voorburgwal 346, 1012 RX Amsterdam, Netherlands "
Ristorante Italiano,Restaurant,+31 6 54378828 ,,4.2,414,,"Oude Hoogstraat 9, 1012 CD Amsterdam, Netherlands "
Restaurant La Cantina,Italian restaurant,+31 20 786 7211 ,https://lacantinaamsterdam.nl/,4.2,1028,,"Gravenstraat 20, 1012 NM Amsterdam, Netherlands "
Harry's Pasta Bar,Italian restaurant,+31 20 223 9374 ,http://harrysamsterdam.nl/,4.1,375,,"Oude Hoogstraat 13, 1012 CD Amsterdam, Netherlands "
Trattoria Graziella,Italian restaurant,+31 20 531 1619 ,https://trattoriagraziella.com/?utm_source=GMB&utm_medium=organic,4.3,355,,"Nieuwe Doelenstraat 12-14, 1012 CP Amsterdam, Netherlands "
Ciao Bella,Italian restaurant,+31 20 753 1475 ,https://www.amsterdamciaobella.nl/,4.4,486,,"Prinsengracht 1055/H, 1017 JE Amsterdam, Netherlands "
Mangia Pizza & Wine di Antonio Cavoto,Pizza restaurant,+31 20 845 8632 ,https://pizzamangia.nl/,4.5,1777,,"Vijzelgracht 33, 1017 HN Amsterdam, Netherlands "
Pizzeria IL PALIO,Italian restaurant,+31 20 320 7177 ,https://pizzeriailpalio.nl/,4.3,1998,,"Leidsekruisstraat 23, 1017 RE Amsterdam, Netherlands "
BURRATA,Italian restaurant,+31 20 341 3009 ,http://www.burratarestaurant.nl/,4.1,1327,,"Halvemaansteeg 9-11, 1017 CR Amsterdam, Netherlands "
Bar Barolo,Italian restaurant,+31 20 786 8226 ,http://www.barbarolo.nl/,4.6,108,,"Valeriusstraat 90, 1075 GH Amsterdam, Netherlands "
Restaurant Sebastian,Restaurant,+31 20 625 8500 ,https://restaurantsebastian.com/,4.4,494,,"Hartenstraat 24, 1016 CC Amsterdam, Netherlands "
La Polpetta,Pizza restaurant,+31 6 26864807 ,https://nlcompanies.org/details/la-polpetta-ChIJkRW,4.5,363,,"Surinamestraat 40, 1058 GK Amsterdam, Netherlands "
Tasty Asia,Asian fusion restaurant,+31 20 334 3002 ,https://widget.thefork.com/d49a0a91-89e0-4dcb-aabb-485ba1775a06,4.7,832,,"Amstelstraat 27, 1017 DA Amsterdam, Netherlands "
Royal Thai,Thai restaurant,+31 20 626 7261 ,https://royal-thai.nl/,4.5,2187,,"Lange Leidsedwarsstraat 94, 1017 NM Amsterdam, Netherlands "
A-Fusion Food & Drinks,Southeast Asian restaurant,+31 20 330 4068 ,http://www.a-fusion.nl/,4.5,2017,,"Zeedijk 130, 1012 BC Amsterdam, Netherlands "
Miduo Chinese Cuisine,Chinese restaurant,+31 20 233 5046 ,https://miduocuisine.com/?utm_source=google-bedrijfsprofiel&utm_medium=local&utm_campaign=bedrijfsvermelding,4.7,1166,,"Lange Leidsedwarsstraat 33HS, 1017 NG Amsterdam, Netherlands "
Sea Palace Restaurant,Chinese restaurant,+31 20 626 4777 ,http://www.seapalace.nl/,4.2,8718,,"Oosterdokskade 8, 1011 AE Amsterdam, Netherlands "
ROBO-BAR,Restaurant,+31 20 774 7784 ,https://robo-bar.nl/en/reservation/,4.7,4932,,"Lange Leidsedwarsstraat 86, 1017 NM Amsterdam, Netherlands "
Nooch - Asian House,Asian fusion restaurant,+31 20 846 2755 ,http://www.noochamsterdam.nl/,4.5,940,,"Kinkerstraat 53A, 1053 DE Amsterdam, Netherlands "
Maenaam Thai Restaurant,Thai restaurant,+31 6 39051658 ,https://www.maenaam-thai.nl/,4.6,1476,,"Spuistraat 90A, 1012 TX Amsterdam, Netherlands "
New King,Mandarin restaurant,+31 20 625 2180 ,http://www.newking.nl/,4.3,4232,,"Zeedijk 115-117, 1012 AV Amsterdam, Netherlands "
Oriental City Amsterdam,Chinese restaurant,+31 20 626 8352 ,https://www.oriental-city.com/,4.2,5796,,"Oudezijds Voorburgwal 177-179, 1012 EV Amsterdam, Netherlands "
Taste of Culture,Chinese restaurant,+31 20 427 1136 ,https://tasteofcultureamsterdam.nl/,4.4,891,,"Korte Leidsedwarsstraat 139-141, 1017 PZ Amsterdam, Netherlands "
Jinja Asian Kitchen & Bar,Restaurant,+31 6 34742995 ,https://www.jinjaamsterdam.nl/,4.9,188,,"De Clercqstraat 79h, 1053 AG Amsterdam, Netherlands "
Takumi Ramen Kitchen,Ramen restaurant,+31 20 237 1750 ,https://takumiramennoodles.com/nl/amsterdam-depijp/,4.7,1500,,"Ferdinand Bolstraat 36 H, 1072 LK Amsterdam, Netherlands "
Yu Family Kitchen,Chinese restaurant,+31 20 420 9177 ,http://www.yufamilykitchen.nl/,4.4,695,,"Kolksteeg 1a, 1012 PT Amsterdam, Netherlands "
Thai Phutakun,Thai restaurant,+31 20 428 1887 ,https://phutakun.nl/,4.5,708,,"Reguliersdwarsstraat 11, 1017 BJ Amsterdam, Netherlands "
Nam Kee,Chinese restaurant,+31 20 639 2848 ,http://www.namkee.nl/,4.0,1016,,"Geldersekade 117, 1011 EN Amsterdam, Netherlands "
Miu,Asian restaurant,+31 20 420 8080 ,http://www.restaurantmiu.nl/,4.3,2004,,"Nieuwezijds Voorburgwal 161, 1012 RK Amsterdam, Netherlands "
New Season Chinese Restaurant,Chinese restaurant,+31 20 625 6125 ,http://www.noodlebarbynewseason.nl/,4.5,593,,"Warmoesstraat 39, 1012 HV Amsterdam, Netherlands "
Siam Thai Restaurant,Restaurant,+31 20 422 9018 ,http://siamthairestaurant.nl/,4.5,2498,,"Nieuwezijds Voorburgwal 105, 1012 RG Amsterdam, Netherlands "
Wok to Walk Leidsestraat,Asian restaurant,+31 6 45306903 ,https://www.woktowalk.com/nl/restaurants/?utm_medium=organic&utm_source=google_maps&utm_campaign=google_maps&utm_content=web_url,4.3,3973,,"Leidsestraat 96, 1017 PE Amsterdam, Netherlands "
Little Thai Prince,Thai restaurant,+31 20 427 9645 ,,4.6,824,,"Zeedijk 33A, 1012 AR Amsterdam, Netherlands "
Wok to Walk Warmoesstraat,Asian restaurant,+31 20 427 6960 ,https://www.woktowalk.com/nl/restaurants/?utm_medium=organic&utm_source=google_maps&utm_campaign=google_maps&utm_content=web_url,4.3,2524,,"Warmoesstraat 85, 1012 HZ Amsterdam, Netherlands "
Asian Kitchen,Chinese restaurant,+31 20 620 1816 ,http://www.asiankitchen.nl/,4.4,2047,,"Vijzelstraat 5-A, 1017 HD Amsterdam, Netherlands "
Hoi Tin,Chinese restaurant,+31 20 625 6451 ,http://www.hoitin.nl/,4.3,2168,,"Zeedijk 122, 1012 BB Amsterdam, Netherlands "
湖南常德牛肉粉,Restaurant,+31 6 21860288 ,,4.3,1171,,"Damstraat 1, 1012 JL Amsterdam, Netherlands "
Oceania,Chinese restaurant,+31 20 673 8907 ,http://www.restaurantoceania.nl/,4.4,429,,"Scheldestraat 77, 1078 GH Amsterdam, Netherlands "
OCHA Thai Restaurant,Thai restaurant,+31 20 625 9958 ,,4.6,579,,"Binnen Bantammerstraat 1, 1011 CH Amsterdam, Netherlands "
Full Moon Garden - Dim Sum & Cantonese Cuisine,Dim sum restaurant,+31 20 238 2546 ,http://www.fullmoongarden.nl/,4.0,1306,,"Leidsestraat 95, 1017 NZ Amsterdam, Netherlands "
Jinweide Lanzhou Beef Noodles Amsterdam Museum,Chinese noodle restaurant,+31 20 779 8639 ,https://www.instagram.com/jinweide.nl/,4.6,378,,"NL, Hobbemakade 63, 1071 XL Amsterdam, Netherlands "
Wok-Inn Amsterdam,Chinese restaurant,+31 6 18887666 ,https://wokinn-amsterdam.nl/,4.2,1116,,"Oudebrugsteeg 4, 1012 JP Amsterdam, Netherlands "
Noori Fusion (All You Can Eat Amsterdam),Sushi restaurant,+31 20 362 1815 ,http://www.noorifusion.nl/,4.5,683,,"Lange Leidsedwarsstraat 56, 1017 NM Amsterdam, Netherlands "
Bird Thais Restaurant,Thai restaurant,+31 20 620 1442 ,http://www.thai-bird.nl/,4.2,4187,,"Zeedijk 72-74, 1012 BA Amsterdam, Netherlands "
Ramen-Ya,Ramen restaurant,+31 20 210 3033 ,http://www.ramen-ya.nl/,4.3,5285,,"Oudezijds Voorburgwal 236, 1012 GK Amsterdam, Netherlands "
Sichuan Food,Chinese restaurant,+31 20 626 9327 ,http://www.sichuanfood.nl/,4.4,277,,"Reguliersdwarsstraat 35, 1017 BK Amsterdam, Netherlands "
Wagamama,Asian restaurant,+31 20 363 5462 ,https://www.wagamama.nl/restaurants/amsterdamcentraalstationijhal,3.9,2630,,"De Ruijterkade 36B, 1012 AA Amsterdam, Netherlands "
Lucky House,Chinese restaurant,+31 20 620 9295 ,http://www.lucky-house.nl/,4.6,478,,"Willemsstraat 22, 1015 JD Amsterdam, Netherlands "
Restaurant Dynasty,Chinese restaurant,+31 20 626 8400 ,http://www.restaurantdynasty.nl/,4.3,311,,"Reguliersdwarsstraat 30, 1017 BM Amsterdam, Netherlands "
Blue Dragon,Japanese restaurant,+31 20 670 2336 ,https://www.bluedragon.love/,4.2,622,,"Marie Heinekenplein 4, 1072 MH Amsterdam, Netherlands "
Mister Chen,Ramen restaurant,+31 20 663 7771 ,http://www.misterchen.nl/,4.3,471,,"Linnaeusstraat 18-h, 1092 CK Amsterdam, Netherlands "
China Sichuan Restaurant / Chengdu Paradise,Chinese restaurant,+31 20 624 1137 ,http://sichuan.amsterdam/,4.2,965,,"Lange Niezel 24, 1012 GT Amsterdam, Netherlands "
Nyonya Malaysian Kitchen,Restaurant,+31 20 422 2447 ,https://www.nyonyamalaysiarest.nl/,4.4,696,,"Kloveniersburgwal 38 H, 1012 CC Amsterdam, Netherlands "
Phu Thai Thai Take Away,Restaurant,+31 20 737 1009 ,http://www.phuthai.nl/,4.5,906,,"Koningsstraat 25, 1011 ET Amsterdam, Netherlands "
Michiu,Asian fusion restaurant,+31 20 671 9221 ,https://michiu.nl/,4.3,396,,"Maasstraat 102, 1078 HM Amsterdam, Netherlands "
Ô MAI,Vietnamese restaurant,+31 6 43598740 ,https://omai.nl/,4.3,1101,,"Utrechtsestraat 12, 1017 VN Amsterdam, Netherlands "
Hong Kong Kitchen,Chinese restaurant,+31 20 774 7711 ,https://m.facebook.com/hongkongkitchennl,4.0,651,,"Lange Niezel 25HS, 1012 GS Amsterdam, Netherlands "
Chengdu Hotpot+BBQ,Chinese restaurant,+31 20 419 8588 ,http://chengdu.nu/,4.3,712,,"Bogortuin 2, 1019 PC Amsterdam, Netherlands "
Surinaams Chinees Restaurant Kam Yin,Surinamese restaurant,+31 20 625 3115 ,http://www.kamyin.nl/,3.9,3022,,"Kam Yin Centrum, Warmoesstraat 6, 1012 JD Amsterdam, Netherlands "
Bhatti Pasal Klinkers - Authentic Nepalese Food,Restaurant,+31 20 421 0505 ,http://www.bhattipasal.nl/klinkers,4.7,561,,"Kerkstraat 332, 1017 JA Amsterdam, Netherlands "
Mojo Japanese Kitchen,Japanese restaurant,+31 20 740 0900 ,https://mo-jo.eu/,4.2,3751,,"Oosterdokskade 133, 1011 DL Amsterdam, Netherlands "
Shiso Asian Fusion,Sushi restaurant,+31 20 723 5900 ,https://www.shiso.nl/,4.0,1818,,"Rembrandtplein 47, 1017 CT Amsterdam, Netherlands "
China Sichuan Restaurant / Zeedijk,Delivery Chinese restaurant,+31 20 362 1147 ,http://sichuan.amsterdam/,3.9,1641,,"Zeedijk 103, 1012 AV Amsterdam, Netherlands "
Gyojasang Amsterdam Amstelstraat,Korean restaurant,+31 20 723 5297 ,https://gyojasang.com/amsterdam-amstel/?utm_source=google&utm_medium=organic&utm_campaign=mijnbedrijfprofiel&utm_content=websiteklik,4.5,172,,"Amstelstraat 8, 1017 DA Amsterdam, Netherlands "
Cafe Wu,Chinese restaurant,+31 20 224 6196 ,https://www.cafewu.nl/,4.2,220,,"Dapperstraat 1, 1093 RT Amsterdam, Netherlands "
Bangkok,Thai restaurant,+31 20 627 3030 ,http://www.bangkok.nl/,4.0,1156,,"Reguliersdwarsstraat 117, 1017 BG Amsterdam, Netherlands "
Fook Sing,Chinese restaurant,+31 20 665 5688 ,http://restaurantfooksing.nl/,4.4,163,,"Molukkenstraat 155, 1095 BD Amsterdam, Netherlands "
Seoul Food,Cafe,+31 20 331 8843 ,http://www.seoulfoodamsterdam.nl/,4.5,1036,,"Kinkerstraat 73A, 1053 DG Amsterdam, Netherlands "
Dragon City,Chinese restaurant,+31 20 623 1529 ,https://www.restaurantdragoncity.nl/,3.9,1074,,"Damstraat 18, 1012 JM Amsterdam, Netherlands "
Bistrot Neuf,French restaurant,+31 20 400 3210 ,https://neuf.amsterdam/,4.5,1079,,"Haarlemmerstraat 9, 1013 EH Amsterdam, Netherlands "
Le French Café - Admiraal de Ruijterweg,Restaurant,+31 20 235 8750 ,https://lefrenchcafe.nl/locaties/admiraal-de-ruijterweg/,4.5,343,,"Admiraal de Ruijterweg 1, 1057 JT Amsterdam, Netherlands "
Restaurant Johannes,French restaurant,+31 20 626 9503 ,https://restaurantjohannes.nl/,4.5,408,,"Herengracht 413, 1017 BP Amsterdam, Netherlands "
Vinkeles,Fine dining restaurant,+31 20 530 2010 ,https://www.vinkeles.com/?utm_source=GMB&utm_medium=organic,4.6,364,,"Keizersgracht 384, 1016 GB Amsterdam, Netherlands "
Lastage,Restaurant,+31 20 737 0811 ,http://www.restaurantlastage.nl/,4.5,386,,"Geldersekade 29, 1011 EJ Amsterdam, Netherlands "
Brasserie Margaux,French restaurant,+31 20 205 1058 ,https://www.brasseriemargaux.com/,4.4,402,,"Beethovenstraat 27-A, 1077 HM Amsterdam, Netherlands "
Bistro Bonjour,Mediterranean restaurant,+31 20 626 6040 ,http://www.bistrobonjour.nl/,4.3,548,,"Keizersgracht 770, 1017 EB Amsterdam, Netherlands "
Restaurant Chez Fabrice,Restaurant,+31 20 625 1071 ,http://www.chezfabrice.nl/,4.7,224,,"Amstel 133, 1018 EM Amsterdam, Netherlands "
Brasserie Marie,Brasserie,+31 20 531 1619 ,https://marieamsterdam.com/?utm_source=GMB&utm_medium=organic,4.4,1574,,"Nieuwe Doelenstraat 2-14, 1012 CP Amsterdam, Netherlands "
Restaurant Quartier Latin,French restaurant,+31 20 622 7419 ,http://www.restaurantquartierlatin.nl/,4.5,165,,"Utrechtsestraat 49, 1017 VJ Amsterdam, Netherlands "
Restaurant de Struisvogel,Restaurant,+31 20 423 3817 ,http://www.restaurantdestruisvogel.nl/,4.7,634,,"Keizersgracht 312, 1016 EX Amsterdam, Netherlands "
Beulings,Restaurant,+31 20 320 6100 ,http://www.beulings.nl/,4.8,250,,"Beulingstraat 9, 1017 BA Amsterdam, Netherlands "
Maison Champenoise,French restaurant,+31 6 18246407 ,https://maisonchampenoise.com/,5.0,73,,"Tweede Hugo de Grootstraat 12 h, 1052 LC Amsterdam, Netherlands "
Café Manger Ami,French restaurant,+31 20 235 8710 ,https://ami.amsterdam/,4.4,277,,"Eerste van der Helststraat 51, 1073 AD Amsterdam, Netherlands "
Restaurant The White Room by Jacob Jan Boerma,Fine dining restaurant,+31 20 554 9454 ,https://www.restaurantthewhiteroom.com/,4.7,419,,"Dam 9, 1012 HH Amsterdam, Netherlands "
Brasserie van Baerle,Restaurant,+31 20 679 1532 ,http://www.brasserievanbaerle.nl/,4.5,464,,"Van Baerlestraat 158, 1071 BG Amsterdam, Netherlands "
Restaurant 't Zwaantje,Dutch restaurant,+31 20 623 2373 ,http://www.zwaantje-restaurant.nl/,4.5,2419,,"Berenstraat 12, 1016 GH Amsterdam, Netherlands "
Bouchon du Centre,Restaurant,+31 20 330 1128 ,http://bouchonducentreamsterdam.com/,4.7,71,,"Falckstraat 3, 1017 VV Amsterdam, Netherlands "
Onze Zaak - Italiaans Restaurant,Italian restaurant,+31 20 320 6489 ,https://www.onzezaakamsterdam.com/,4.6,625,,"Begijnensteeg 8A, 1012 PN Amsterdam, Netherlands "
"The Living Room, by Bodon",Restaurant,+31 20 570 5724 ,https://www.thelivingroombybodon.com/,4.5,161,,"Apollolaan 2, 1077 RV Amsterdam, Netherlands "
Contra,French restaurant,+31 6 11223534 ,https://www.contra-amsterdam.nl/,4.5,107,,"Oudezijds Achterburgwal 235, 1012 DL Amsterdam, Netherlands "
Restaurant Franzen,Restaurant,+31 6 47664072 ,https://www.franzen.amsterdam/,4.9,43,,"Johannes Verhulststraat 64-H, 1071 NH Amsterdam, Netherlands "
até,Restaurant,+31 20 530 2010 ,http://www.ate-amsterdam.com/,4.9,105,,"Keizersgracht 384, 1016 GB Amsterdam, Netherlands "
"Restaurant DenC, Dik en Cunningham",Modern European restaurant,+31 20 422 2766 ,http://restaurantdenc.nl/,4.6,373,,"Kerkstraat 377, 1017 HW Amsterdam, Netherlands "
Tannay,Restaurant,+31 20 772 6743 ,http://www.tannay.nl/,4.7,203,,"Zandhoek 14, 1013 KT Amsterdam, Netherlands "
Bistro Bos,Restaurant,+31 20 334 2378 ,https://bistrobos.nl/,4.6,525,,"Bos en Lommerweg 77, 1055 DP Amsterdam, Netherlands "
Cantine de Caron,Restaurant,+31 20 225 0059 ,http://www.cantinedecaron.nl/,4.3,852,,"Pazzanistraat 8, 1014 DB Amsterdam, Netherlands "
Hemelse Modder,Dutch restaurant,+31 20 624 3203 ,https://hemelsemodder.nl/,4.4,1029,,"Oude Waal 11, 1011 BZ Amsterdam, Netherlands "
Markerhuisje,Restaurant,+31 6 10630000 ,https://www.markerhuisje.nl/,4.7,254,,"Tweede Wittenburgerdwarsstraat 133, 1018 LP Amsterdam, Netherlands "
Café Café Amsterdam,Restaurant,+31 20 620 9039 ,https://cafecafe.restaurant/,4.3,208,,"Amstel 1, 1011 VW Amsterdam, Netherlands "
PRESSROOM Amsterdam,Restaurant,+31 20 555 1727 ,https://pressroom.amsterdam/,4.3,247,,"Nieuwezijds Voorburgwal 67, 1012 RE Amsterdam, Netherlands "
Troef,Restaurant,+31 6 29827120 ,http://www.troefamsterdam.nl/,4.6,374,,"Schollenbrugstraat 8, 1091 EX Amsterdam, Netherlands "
Restaurant Black and Blue - Reguliersdwarsstraat,Restaurant,+31 20 218 4554 ,https://www.restaurantblackandblue.nl/,4.1,587,,"Reguliersdwarsstraat 32, 1017 BM Amsterdam, Netherlands "
Café Luxembourg,Restaurant,+31 20 620 6264 ,https://www.cafeluxembourg.amsterdam/,4.1,1558,,"Spui 24, 1012 XA Amsterdam, Netherlands "
Lucius,Fish restaurant,+31 20 624 1831 ,http://www.lucius.nl/,4.4,857,,"Spuistraat 247, 1012 VP Amsterdam, Netherlands "
Le Petit George,Restaurant,+31 20 221 9414 ,https://www.lepetitgeorge.nl/,3.6,369,,"Willemsparkweg 223, 1071 HC Amsterdam, Netherlands "
SILK Amsterdam,Restaurant,+31 6 27322317 ,https://www.silk-amsterdam.nl/,4.6,104,,"Bilderdijkstraat 140, 1053 LA Amsterdam, Netherlands "
Café George,Bistro,+31 20 737 1068 ,https://cafegeorge.nl/,4.0,1091,,"Leidsegracht 84, 1016 CR Amsterdam, Netherlands "
Paleis van de Weemoed,Restaurant,+31 6 33333562 ,http://www.paleis-van-de-weemoed.nl/,4.4,406,,"Oudezijds Voorburgwal 15, 1012 EH Amsterdam, Netherlands "
De Blauwe Hollander,Dutch restaurant,+31 20 627 0521 ,https://deblauwehollander.nl/,4.4,3693,,"Leidsekruisstraat 28, 1017 RJ Amsterdam, Netherlands "
Stamppot Amsterdam,Restaurant,+31 20 303 8314 ,https://www.stamppot-amsterdam.nl/,4.8,714,,"Leidsekruisstraat 11, 1017 RE Amsterdam, Netherlands "
Café restaurant van Kerkwijk,Restaurant,+31 20 620 3316 ,https://www.vankerkwijk.com/,4.6,3268,,"Nes 41, 1012 KC Amsterdam, Netherlands "
Hollandse pot,Restaurant,+31 20 370 1177 ,https://dehollandse-pot.nl/,4.8,550,,"Lange Leidsedwarsstraat 134, 1017 NN Amsterdam, Netherlands "
A. van Wees Tasting Locality,Dutch restaurant,+31 20 625 4334 ,http://www.proeflokaalvanwees.nl/,4.6,2461,,"Herengracht 319, 1016 AV Amsterdam, Netherlands "
d'Vijff Vlieghen,European restaurant,+31 20 530 4060 ,http://vijffvlieghen.nl/,4.4,1577,,"Spuistraat 294-302, 1012 VX Amsterdam, Netherlands "
De Haven van Texel,Bistro,+31 20 427 0768 ,https://havenvantexel.org/,4.4,1187,,"Sint Olofssteeg 11, 1012 AK Amsterdam, Netherlands "
Petit-Restaurant De Rozenboom,Dutch restaurant,+31 20 622 5024 ,http://www.derozenboom.com/,4.3,1095,,"Rozenboomsteeg 6, 1012 PR Amsterdam, Netherlands "
Stoop & Stoop eetcafé,Dutch restaurant,+31 20 620 0982 ,http://www.stoopenstoop.nl/,4.7,2162,,"Lange Leidsedwarsstraat 82, 1017 NM Amsterdam, Netherlands "
Prince Charming Bar & Kitchen,Restaurant,+31 20 428 6289 ,https://www.prince-charming.nl/,4.8,172,,"Prins Hendrikkade 56, Nieuwebrugsteeg 9, 1012 AC Amsterdam, Netherlands "
Dutch Pancake Masters,Pancake restaurant,+31 6 16958856 ,https://www.dutchpancakemasters.com/,4.5,5949,,"Damrak 44, 1012 LK Amsterdam, Netherlands "
Bistro Amsterdam,Restaurant,+31 20 627 9016 ,http://www.bistroamsterdam.nl/,4.2,1044,,"Prinsengracht 287H, 1016 GW Amsterdam, Netherlands "
At Letting,Restaurant,+31 20 627 9393 ,http://www.high-tea.net/amsterdam/letting-jordaan,4.7,836,,"Prinsenstraat 3, 1015 DA Amsterdam, Netherlands "
Scheltema,Restaurant,+31 20 623 2323 ,https://caferestaurantscheltema.nl/,4.4,730,,"Nieuwezijds Voorburgwal 242, 1012 RR Amsterdam, Netherlands "
Eetcafé t’Lieverdje Amsterdam,Dutch restaurant,+31 6 25581156 ,,3.9,477,,"Singel 415, 1012 WP Amsterdam, Netherlands "
Eetsalon Van Dobben,Cafeteria,+31 20 624 4200 ,http://www.eetsalonvandobben.nl/,4.4,2145,,"Korte Reguliersdwarsstraat 5-7-9, 1017 BH Amsterdam, Netherlands "
Pancakes Amsterdam Negen Straatjes,Pancake restaurant,+31 20 528 9797 ,https://pancakes.amsterdam/,4.2,2927,,"Berenstraat 38, 1016 GH Amsterdam, Netherlands "
Café De Koningshut,Pub,+31 20 894 4988 ,https://www.cafedekoningshut.nl/,4.6,387,,"Spuistraat 269, 1012 VR Amsterdam, Netherlands "
Frites Huys Amsterdam,Fast food restaurant,+31 20 620 0153 ,,4.7,1894,,"Paleisstraat 23, 1012 RB Amsterdam, Netherlands "
Luciens,Restaurant,+31 20 627 1209 ,http://www.luciens.nl/,4.0,1211,,"Sint Luciënsteeg 15, 1012 PM Amsterdam, Netherlands "
Pancakehouse Upstairs,Pancake restaurant,+31 20 626 5603 ,http://www.upstairspannenkoeken.nl/,4.6,2334,,"Grimburgwal 2, 1012 GA Amsterdam, Netherlands "
Café the Schreiertower,Diner,+31 20 428 8291 ,http://www.schreierstoren.nl/,4.5,2069,,"Prins Hendrikkade 95, 1012 AE Amsterdam, Netherlands "
Kop van Jut,Restaurant,+31 6 57334391 ,http://www.eetcafekopvanjut.nl/,4.5,756,,"Leidsekruisstraat 24, 1017 RJ Amsterdam, Netherlands "
Cuddle Pub,Bar & grill,+31 20 846 4680 ,http://www.cuddlepub.com/,4.6,1281,,"Nieuwe Nieuwstraat 20, 1012 NH Amsterdam, Netherlands "
Café Kobalt,Restaurant,+31 20 320 1559 ,http://www.cafekobalt.nl/,4.2,1701,,"Singel 2 A, 1013 GA Amsterdam, Netherlands "
Café Koosje,Cafe,+31 20 320 0817 ,http://www.koosjeamsterdam.nl/,4.3,1596,,"Plantage Middenlaan 37, 1018 DB Amsterdam, Netherlands "
THE DUCHESS,Fine dining restaurant,+31 20 811 3322 ,https://the-duchess.com/,4.3,1736,,"Spuistraat 172, 1012 VT Amsterdam, Netherlands "
Rijks,Fine dining restaurant,+31 20 674 7555 ,http://www.rijksrestaurant.nl/,4.4,1696,,"Museumstraat 2, 1071 ZB Amsterdam, Netherlands "
De Luwte,Restaurant,+31 20 625 8548 ,http://www.brasseriedeluwte.nl/,4.0,871,,"Leliegracht 26-28, 1015 DG Amsterdam, Netherlands "
Herengracht,Restaurant,+31 20 894 6680 ,http://www.deherengracht.nl/,4.1,1715,,"Herengracht 435, 1017 BR Amsterdam, Netherlands "
De Ballenbar,Dutch restaurant,+31 20 261 9412 ,http://www.deballenbar.com/,4.1,226,,"Hannie Dankbaarpassage 16, Stand 8, 1053 RT Amsterdam, Netherlands "
Koepelcafé,Dutch restaurant,+31 20 551 2043 ,https://koepelcafe.com/,3.9,522,,"Kattengat 1, 1012 SZ Amsterdam, Netherlands "
Bar-Restaurant Het Groene Paleis,European restaurant,+31 20 820 3535 ,https://hetgroenepaleis.nl/,4.0,1943,,"Rokin 65, 1012 KK Amsterdam, Netherlands "
Stro Brasserie,Brasserie,+31 6 14781119 ,,3.8,106,,"Stromarkt 1, 1012 SW Amsterdam, Netherlands "
Eetcafe Rosereijn,Diner,+31 20 626 8027 ,http://www.rosereijn.nl/,4.5,620,,"Haarlemmerdijk 52, 1013 JE Amsterdam, Netherlands "
Café Kompleet | Buurtcafé met Nederlandse keuken,Bar,+31 20 358 4662 ,https://www.cafekompleet.nl/,4.8,247,,"Eerste Constantijn Huygensstraat 45H, 1054 BS Amsterdam, Netherlands "
Sampurna,Indonesian restaurant,+31 20 625 3264 ,https://www.sampurna.com/,4.3,2405,,"Singel 498, 1017 AX Amsterdam, Netherlands "
Indrapura,Indonesian restaurant,+31 20 623 7329 ,https://www.indrapura.nl/,4.1,1251,,"Rembrandtplein 40, 1017 CV Amsterdam, Netherlands "
Tujuh Maret,Indonesian restaurant,+31 20 427 9865 ,http://tujuhmaret.nl/,4.4,724,,"Utrechtsestraat 73, 1017 VJ Amsterdam, Netherlands "
Dèsa,Indonesian restaurant,+31 20 671 0979 ,http://www.restaurantdesa.com/,4.4,1020,,"Ceintuurbaan 103H, 1072 EX Amsterdam, Netherlands "
Bojo Indonesian Restaurant,Indonesian restaurant,+31 20 622 7434 ,https://www.bojo.nl/,4.2,828,,"Lange Leidsedwarsstraat 49 HS, 1017 NG Amsterdam, Netherlands "
Mama Makan Restaurant & Bar,Restaurant,+31 20 554 1250 ,https://www.mamamakan.com/,4.2,724,,"Spinozastraat 61, 1018 GV Amsterdam, Netherlands "
Koeah,Indonesian restaurant,+31 20 362 0215 ,https://www.koeah.nl/,4.7,230,,"Spuistraat 106, 1012 VA Amsterdam, Netherlands "
Soenda Kelapa Indonesisch Eethuis,Indonesian restaurant,+31 20 627 9416 ,http://www.soendakelapa.com/,4.3,279,,"Utrechtsestraat 89, 1017 VK Amsterdam, Netherlands "
Cafe Kadijk,Indonesian restaurant,+31 6 17744411 ,http://www.cafekadijk.nl/,4.4,636,,"Kadijksplein, 1018 AB Amsterdam, Netherlands "
De Indo van Jan Eef,Takeout Restaurant,+31 6 85887135 ,,4.8,212,,"Jan Evertsenstraat 87H, 1057 BS Amsterdam, Netherlands "
Proper Indofood,Takeout Restaurant,+31 6 45516274 ,http://properindofood.com/,4.9,278,,"Vijzelgracht 20, 1017 HR Amsterdam, Netherlands "
Toko Mansoor,Indonesian restaurant,+31 6 50923571 ,https://www.tokomansoor.nl/,4.9,186,,"Cruquiusweg 110 A, 1019 AK Amsterdam, Netherlands "
Tashi Deleg Restaurant,Restaurant,+31 20 620 6624 ,https://tashideleg.nl/,4.6,474,,"Utrechtsestraat 65, 1017 VJ Amsterdam, Netherlands "
Indonesia Indah Amsterdam,Indonesian restaurant,+31 20 673 7878 ,http://www.indonesiaindah.nl/,4.4,199,,"Vrijheidslaan 94HS, 1078 PS Amsterdam, Netherlands "
Warung Padi Indonesian,Indonesian restaurant,+31 20 615 0055 ,,4.5,250,,"Aalsmeerweg 41, 1059 AB Amsterdam, Netherlands "
Warung Atika,Indonesian restaurant,+31 20 846 9771 ,,4.6,237,,"Van Woustraat 232, 1073 NC Amsterdam, Netherlands "
Toko Bersama Oost,Takeout Restaurant,+31 20 778 1796 ,https://tokobersama.nl/,4.8,435,,"Eerste Van Swindenstraat 423, 1093 GB Amsterdam, Netherlands "
Benteng Indonesische Delicatessen,Indonesian restaurant,+31 20 221 7744 ,https://nlcompanies.org/details/benteng-indonesische-delicatessen-ChIJ-_z,4.4,123,,"Alexander Boersstraat 31HS, 1071 KV Amsterdam, Netherlands "
Toko Ikan Mas,Indonesian restaurant,+31 20 618 4598 ,https://www.toko-ikanmas.nl/,4.7,194,,"Eerste Constantijn Huygensstraat 61, 1054 BT Amsterdam, Netherlands "
Aries Noodles,Indonesian restaurant,+31 20 669 9810 ,http://www.ariesnoodles.nl/,4.5,340,,"Kon. Wilhelminaplein 58, 1062 KS Amsterdam, Netherlands "
Bayu Food Art & Private Dining,Indonesian restaurant,+31 6 15628427 ,http://www.bayufoodandart.com/,4.5,148,,"Haarlemmerdijk 135C, 1013 KG Amsterdam, Netherlands "
Toko Bamboe,Indonesian restaurant,+31 6 13322440 ,https://nlcompanies.org/details/toko-bamboe-ChIJty_,4.7,146,,"Knollendamstraat 6A, 1013 TN Amsterdam, Netherlands "
Kemang Hugo De Grootplein,Indonesian restaurant,+31 6 41051765 ,http://www.bijkemang.nl/,4.6,113,,"Hugo de Grootplein, 1052 KW Amsterdam, Netherlands "
Batavia Amsterdam Indonesisch afhaal restaurant,Restaurant,+31 20 789 6547 ,https://www.batavia-amsterdam.nl/,4.5,103,,"Jan van Galenstraat 94, 1056 CD Amsterdam, Netherlands "
Solo Asli,Indonesian restaurant,+31 20 786 8589 ,http://www.soloasli.nl/,4.4,152,,"Bos en Lommerweg 85, 1055 DP Amsterdam, Netherlands "
Warung Spang Makandra,Surinamese restaurant,+31 20 670 5081 ,http://www.spangmakandra.nl/?utm_source=google&utm_medium=wix_google_business_profile&utm_campaign=8642589136619474235,4.2,1779,,"Gerard Doustraat 33, 1072 VK Amsterdam, Netherlands "
iBoenda,Indonesian restaurant,+31 20 489 7898 ,,4.5,155,,"De Clercqstraat 8, 1052 NC Amsterdam, Netherlands "
Indo @ Home,Restaurant,+31 6 18656940 ,https://www.instagram.com/indoathome/,4.6,114,,"Haarlemmerstraat 14 H, 1013 ER Amsterdam, Netherlands "
Stick-Up Indofood,Restaurant,+31 6 16114792 ,https://stickupfoodadam.foodticket.nl/,4.7,234,,"Buiksloterweg 5, 1031 CC Amsterdam, Netherlands "
Satay Club,Indonesian restaurant,+31 20 303 0603 ,http://www.satay-club.com/,4.7,257,,"Haarlemmerstraat 47, 1013 EJ Amsterdam, Netherlands "
Indonesisch Restaurant Betawi,Indonesian restaurant,+31 20 682 1885 ,http://www.betawi.nl/,4.2,504,,"Admiraal de Ruijterweg 337, 1055 LZ Amsterdam, Netherlands "
Dapur Lucy,Takeout Restaurant,+31 6 15060748 ,,4.7,76,,"Roelof Hartstraat 66H, 1071 VM Amsterdam, Netherlands "
Warung Tegal,Indonesian restaurant,+31 20 662 4177 ,,4.6,124,,"Stadionweg 155-Bedrijf, Stadionweg 153, 1076 NM Amsterdam, Netherlands "
Warung Celebes,Indonesian restaurant,+31 6 46405384 ,https://warungcelebes.nl/,4.4,95,,"Jan Pieter Heijestraat 131, 1054 ME Amsterdam, Netherlands "
Café Jakarta Amsterdam,Restaurant,+31 20 236 0000 ,https://hoteljakarta.amsterdam/eten-drinken/cafe-jakarta/,3.8,209,,"Javakade 766, 1019 SH Amsterdam, Netherlands "
Waroeng Soerabaja,Takeout Restaurant,+31 6 13323313 ,https://www.waroengsoerabaja.nl/,4.7,74,,"Jan van Galenstraat 157H, 1056 BP Amsterdam, Netherlands "
Toko Bandung,Indonesian restaurant,+31 20 619 9103 ,https://www.tokobandung.nl/,4.2,423,,"Pieter Calandlaan 333, 1068 NH Amsterdam, Netherlands "
Bromo Indah,Indonesian restaurant,+31 20 625 2726 ,https://www.bromo-indah-amsterdam.nl/,4.3,36,,"Elandsgracht 82, 1016 TZ Amsterdam, Netherlands "
Rabaab Indian Restaurant,Indian restaurant,+31 20 420 5225 ,https://rabaab.nl/,4.4,827,,"Geldersekade 23, 1011 EJ Amsterdam, Netherlands "
Ayo Makan!,Restaurant,+31 20 369 5475 ,https://www.ayo-makan.nl/,4.2,104,,"Wittenburgergracht 179, 1018 ZK Amsterdam, Netherlands "
Bogor Permai Indonesisch Afhaalcentrum,Takeout Restaurant,+31 20 695 9347 ,http://www.bogorpermai.nl/,4.7,382,,"Arent Krijtsstraat 11, 1111 AW Diemen, Netherlands "
Miko Amsterdam,Restaurant,+31 20 705 2323 ,https://www.mikoamsterdam.com/,4.4,54,,"Rie Mastenbroekstraat 1E, 1095 MJ Amsterdam, Netherlands "
Toko Sumatra Deli,Indonesian restaurant,+31 20 737 2721 ,http://tokosumatradeli.com/,4.2,112,,"Linnaeusstraat 227, 1093 EP Amsterdam, Netherlands "
Warung Redjo,Javanese restaurant,+31 20 618 1621 ,http://www.warungredjo.nl/,4.5,147,,"Hoofdweg 137, 1057 CN Amsterdam, Netherlands "
Sate House Senayan - Reestraat,Indonesian restaurant,+31 20 239 0220 ,https://satehousesenayan.nl/,4.0,158,,"Reestraat 11, 1016 DM Amsterdam, Netherlands "
Srikandi,Restaurant,+31 20 664 0408 ,http://www.srikandi.nl/,4.2,413,,"Stadhouderskade 31, 1071 ZD Amsterdam, Netherlands "
Waroeng Adji,Takeout Restaurant,+31 20 669 2308 ,,4.3,221,,"Johan Huizingalaan 264, 1065 GN Amsterdam, Netherlands "
Stick-up Indofood Diemen,Takeout Restaurant,+31 20 331 1943 ,http://stickupfooddiemen.foodticket.nl/,4.6,223,,"Ouddiemerlaan 15, 1111 GS Diemen, Netherlands "
Selera Anda,Indonesian restaurant,+31 20 659 9145 ,http://www.seleraanda.nl/,4.5,118,,"Lorentzplein 30, 1171 BB Badhoevedorp, Netherlands "
Warung Sranang Makmur,Takeout Restaurant,+31 20 694 1304 ,http://www.sranangmakmur.nl/,4.0,505,,"Wijttenbachstraat 14H, 1093 JB Amsterdam, Netherlands "
Warung Swietie Lelydorp,Surinamese restaurant,+31 20 671 5833 ,http://warungswietielelydorp.nl/,4.4,232,,"Eerste Sweelinckstraat 1, 1073 CK Amsterdam, Netherlands "
Toko Joyce,Restaurant,+31 20 494 5074 ,http://www.tokojoyce.nl/,4.2,172,,"Waterlandplein 256, 1024 NB Amsterdam, Netherlands "
Kediri Amsterdam,Takeout Restaurant,+31 20 463 9140 ,http://www.kediri.com/,4.3,80,,"Linnaeuskade 2, 1098 BC Amsterdam, Netherlands "
TokoMan,Restaurant,+31 20 341 3912 ,http://tokoman.nl/,4.3,362,,"Zeedijk 136C, 1012 BC Amsterdam, Netherlands "
Makachi,Restaurant,+31 20 221 8487 ,https://www.makachi.nl/,5.0,6,,"Ferdinand Bolstraat 52, 1072 LL Amsterdam, Netherlands "
Simz Exotic Food Indian & Surinaams Specialiteit,Surinamese restaurant,+31 20 370 0860 ,,4.7,416,,"Prinsenstraat 19H, 1015 DB Amsterdam, Netherlands "
Lars Amsterdam,Fine dining restaurant,+31 20 214 9729 ,http://www.larsamsterdam.nl/,4.7,402,,"Danzigerkade 179, 1013 AP Amsterdam, Netherlands "
Warung Min,Takeout Restaurant,+31 20 388 2559 ,http://www.warungmin.nl/,4.2,195,,"Aalsmeerweg 21, 1059 AA Amsterdam, Netherlands "
Warung Mini Ceintuurbaan,Surinamese restaurant,+31 20 334 2850 ,http://warungminiamsterdam.com/,4.2,604,,"Ceintuurbaan 205, 1074 CV Amsterdam, Netherlands "
Thais Afhaalrestaurant Dong Son | Houthavens,Thai restaurant,+31 20 686 9727 ,https://thaisafhaalrestaurantdongson.nl/,4.9,250,,"Spaarndammerstraat 145A, 1013 TG Amsterdam, Netherlands "
Latei,Breakfast restaurant,+31 20 625 7485 ,http://www.latei.net/,4.6,940,,"Zeedijk 143, 1012 AW Amsterdam, Netherlands "
Aguada Café-Restaurant,Restaurant,+31 20 620 3782 ,http://www.aguada.nl/wordpress/,4.5,197,,"Roetersstraat 10HS, 1018 WC Amsterdam, Netherlands "
Warung Marlon,Takeout Restaurant,+31 20 671 1526 ,https://nlcompanies.org/details/warung-marlon-ChIJH1L,4.0,159,,"Eerste van der Helststraat 55hs, 1073 AD Amsterdam, Netherlands "
Cafe Tabac,Pub,+31 20 622 4413 ,http://www.cafetabac.nl/,4.4,689,,"Brouwersgracht 101, 1015 GC Amsterdam, Netherlands "
Traiteur Indo Jaya,Takeout Restaurant,+31 20 470 0278 ,http://www.indojaya.nl/,4.1,76,,"Van Woustraat 141, 1074 AJ Amsterdam, Netherlands "
Restaurant Mchi,Asian restaurant,+31 20 776 6004 ,http://www.mchi.nl/,4.6,690,,"IJburglaan 1295, 1087 JG Amsterdam, Netherlands "
Beste red,Ikan bakar restaurant,+31 6 15093828 ,,,,,"Groenmarkt speeltuin, 1016 VV Amsterdam, Netherlands "
Toko Restu,Restaurant,+31 20 689 3994 ,https://www.dewestkrant.nl/dit-mag-je-niet-missen-bij-toko-restu-in-de-kinkerstraat/,4.1,42,,"Kinkerstraat 374, 1053 GH Amsterdam, Netherlands "
Restaurant Kamasutra,Indian restaurant,+31 20 626 0003 ,https://www.restaurantkamasutra.nl/,4.0,892,,"Lange Niezel 9, 1012 GS Amsterdam, Netherlands "
Asian Delight,Asian restaurant,+31 20 619 0500 ,https://nlcompanies.org/details/asian-delight-ChIJRUH,3.6,119,,"Osdorpplein 53, 1068 EK Amsterdam, Netherlands "
Jakarta House,Restaurant,+31 20 210 1410 ,http://www.jakartahouse.nl/,3.6,60,,"Piersonstraat 13, 1112 AV Diemen, Netherlands "
Restaurant Kyo,Authentic Japanese restaurant,+31 20 354 1219 ,https://restaurantkyo.nl/,4.7,480,,"Koningsstraat 29, 1011 ET Amsterdam, Netherlands "
Takumi Umaimon Chicken Ramen Amsterdam Leidseplein,Ramen restaurant,+31 20 261 3880 ,https://www.takumiramennoodles.com/nl/amsterdam-umaimon/,4.6,3746,,"Korte Leidsedwarsstraat 51, 1017 PW Amsterdam, Netherlands "
Otaru,Japanese restaurant,+31 20 670 8972 ,http://www.otaru.nl/,4.4,979,,"Frans Halsstraat 2, 1072 AC Amsterdam, Netherlands "
Maru Japanese Kitchen and Bar,Restaurant,+31 20 679 6641 ,http://www.restaurantmaru.nl/,4.7,375,,"Amstelveenseweg 143, 1075 VZ Amsterdam, Netherlands "
Sapporo,Teppanyaki restaurant,+31 20 471 0039 ,http://www.sapporo.nl/,4.5,529,,"Scheldestraat 99-H, 1078 GJ Amsterdam, Netherlands "
Hosokawa Teppanyaki en Sushi restaurant,Japanese restaurant,+31 20 638 8086 ,http://www.hosokawa.nl/,4.3,630,,"Max Euweplein 22, 1017 MB Amsterdam, Netherlands "
Takumi Tonkotsu Ramen and Sushi Amsterdam Centraal,Ramen restaurant,+31 20 261 1861 ,https://takumiramennoodles.com/nl/amsterdam-centraal/,4.6,1291,,"Nieuwezijds Voorburgwal 4, 1012 SP Amsterdam, Netherlands "
Genki,Japanese restaurant,+31 20 626 3727 ,http://www.restaurantgenki.nl/,4.2,1402,,"Reguliersdwarsstraat 26, 1017 BM Amsterdam, Netherlands "
Soulkitchen Amsterdam,Restaurant,+31 20 705 1320 ,https://soulkitchenamsterdam.nl/,4.7,560,,"Amstelstraat 30, 1017 DA Amsterdam, Netherlands "
Ikkoku omakase & sake bar 炉端割烹 一石,Japanese restaurant,+31 20 220 0153 ,http://www.ikkoku.nl/book-online,4.8,153,,"Ceintuurbaan 246, 1072 GG Amsterdam, Netherlands "
Japans restaurant ISSHIN,Japanese restaurant,+31 20 627 0607 ,https://www.isshin-amsterdam.nl/,4.6,466,,"Frans Halsstraat 38h, 1072 BS Amsterdam, Netherlands "
Tokyo Ramen & Dining Takeichi,Izakaya restaurant,+31 20 331 9936 ,https://takeichi-ramen.eu/,5.0,115,,"Rijnstraat 54H, 1078 RD Amsterdam, Netherlands "
Ranchi Amsterdam,Lunch restaurant,+31 6 81912883 ,http://ranchi.amsterdam/,4.6,319,,"Albert Cuypstraat 260, 1073 BR Amsterdam, Netherlands "
WAGYU KANATA - The Museum,Yakiniku restaurant,+31 20 223 2223 ,https://www.wagyukanata.com/amsterdam,4.9,162,,"Zieseniskade 26, 1017 RT Amsterdam, Netherlands "
SORA Sapporo Ramen,Ramen restaurant,+31 20 664 4396 ,https://ramensora.nl/,4.5,1712,,"Ceintuurbaan 49, 1072 ET Amsterdam, Netherlands "
AN,Japanese restaurant,+31 20 624 4672 ,http://www.japansrestaurantan.nl/,4.6,284,,"Weteringschans 76, 1017 XR Amsterdam, Netherlands "
Sushieye2,Sushi restaurant,+31 6 53328889 ,http://sushieye2.nl/,4.7,369,,"Valkenburgerstraat 8H, 1011 LZ Amsterdam, Netherlands "
Tempura,Japanese restaurant,+31 20 428 7132 ,http://www.restauranttempura.nl/,4.5,370,,"Plantage Kerklaan 26, 1018 TC Amsterdam, Netherlands "
Yakitori HANABi,Yakitori restaurant,+31 20 730 1331 ,https://hanabiamsterdam.com/yakitori/,4.5,539,,"Leidseplein 10, 1017 PT Amsterdam, Netherlands "
Tokyo Ramen Takeichi Kerk,Restaurant,+31 20 786 1281 ,https://takeichi-ramen.eu/locations/dutch-branches/kerkstraat-branch/,4.6,981,,"Kerkstraat 148A, 1017 GR Amsterdam, Netherlands "
Takumi Tonkotsu Ramen Amsterdam De Hallen,Ramen restaurant,+31 20 303 2868 ,https://takumiramennoodles.com/nl/amsterdam-dehallen/,4.7,457,,"Kinkerstraat 140A, 1053 EG Amsterdam, Netherlands "
Ken Sushi,Sushi restaurant,+31 6 24267713 ,https://kensushi.nl/,4.9,867,,"Geldersekade 19, 1011 EJ Amsterdam, Netherlands "
Azuma Amsterdam,Sushi takeaway,+31 20 358 3233 ,https://www.azumaamsterdam.nl/,4.8,100,,"Roelof Hartstraat 20HS, 1071 VH Amsterdam, Netherlands "
Orandaya,Japanese restaurant,+31 20 672 2100 ,http://orandaya-amsterdam.com/,4.4,317,,"Scheldestraat 82, 1078 GN Amsterdam, Netherlands "
Tomodachi Teppanyaki,Teppanyaki restaurant,+31 20 785 7055 ,http://www.restaurant-tomodachi.nl/,4.9,255,,"Utrechtsestraat 87H, 1017 VK Amsterdam, Netherlands "
Vatten Ramen Zeedijk,Ramen restaurant,+31 6 85431945 ,http://www.vattenramen.com/,4.5,2047,,"Zeedijk 18H, 1012 AZ Amsterdam, Netherlands "
TEWATASHI SUSHI,Sushi restaurant,+31 6 26237172 ,https://www.tewatashi.nl/,4.9,183,,"Govert Flinckstraat 326HS, 1073 CJ Amsterdam, Netherlands "
Tokyo Ramen Takeichi,Ramen restaurant,+31 20 752 0229 ,https://takeichi-ramen.eu/locations/dutch-branches/central-branch-vijzelstraat-amsterdam/,4.4,1201,,"Vijzelstraat 135, 1017 HJ Amsterdam, Netherlands "
Yuzu Dining Bar,Modern izakaya restaurant,+31 20 261 1220 ,http://www.yuzu-diningbar.nl/,4.7,516,,"Kerkstraat 59, 1017 GC Amsterdam, Netherlands "
Umeno,Japanese restaurant,+31 6 81107899 ,https://www.restaurant-umeno.com/,4.6,268,,"Agamemnonstraat 27, 1076 JA Amsterdam, Netherlands "
Sushi HANABI,Sushi restaurant,+31 20 730 1332 ,https://hanabiamsterdam.com/sushi/,4.8,306,,"Leidseplein 10, 1017 PT Amsterdam, Netherlands "
Miso Sushi,Sushi restaurant,+31 20 303 8714 ,https://www.misosushi.nl/,4.3,1511,,"Spuistraat 267, 1012 VR Amsterdam, Netherlands "
RAMEN-ISM,Ramen restaurant,+31 6 20694661 ,https://linktr.ee/ramen_ism.ams,4.8,876,,"Lange Niezel 27, 1012 GS Amsterdam, Netherlands "
Sushi Fanatics,Sushi restaurant,+31 20 782 0882 ,http://www.sushifanatics.nl/,4.5,1115,,"Andreas Bonnstraat 36, 1091 BA Amsterdam, Netherlands "
Kagetsu Hartenstraat,Japanese restaurant,+31 20 427 3828 ,http://kagetsu.nl/,4.1,242,,"Hartenstraat 17, 1016 BZ Amsterdam, Netherlands "
Shiki Restaurant,Japanese restaurant,+31 20 421 0087 ,,4.0,426,,"Zoutsteeg 5, 1012 LX Amsterdam, Netherlands "
Yokomo,Latin American restaurant,+31 6 38707381 ,https://www.yokomoamsterdam.nl/,4.5,262,,"Geleenstraat 1h, 1078 LB Amsterdam, Netherlands "
Fou Fow Udon,Udon noodle restaurant,+31 20 341 5015 ,http://www.foufow.nl/,4.4,908,,"Prinsengracht 411 H, 1016 HM Amsterdam, Netherlands "
sunny sushi Amsterdam,Sushi restaurant,+31 20 470 4238 ,https://www.sunnysushi.nl/,4.6,86,,"Stadionweg 151, 1076 NM Amsterdam, Netherlands "
Vegan Sushi Bar,Vegan restaurant,+31 6 42220259 ,http://www.vegansushibar.com/,4.7,800,,"Kinkerstraat 83, 1053 DH Amsterdam, Netherlands "
Ayumi Sushi,Sushi takeaway,+31 20 779 2783 ,http://ayumisushi.nl/,4.8,263,,"Johann Keplerstraat 2, 1098 HL Amsterdam, Netherlands "
Vatten Ramen LABO Plantage,Ramen restaurant,+31 6 17385907 ,https://vattenramen.com/,4.6,192,,"Plantage Kerklaan 28, 1018 TC Amsterdam, Netherlands "
Tanoshii Sushi,Sushi restaurant,+31 20 775 1759 ,https://www.tanoshiisushi.nl/,4.7,153,,"Tweede Tuindwarsstraat 11, 1015 RX Amsterdam, Netherlands "
Zushi,Japanese restaurant,+31 20 330 6882 ,http://www.zushi.nl/,4.2,938,,"Amstel 20, 1017 AA Amsterdam, Netherlands "
Sushi Era,Sushi restaurant,+31 20 337 9912 ,http://www.sushiera.nl/,4.9,398,,"Binnen Oranjestraat 6A, 1013 JA Amsterdam, Netherlands "
Sukina Sushi,Sushi restaurant,+31 20 362 0391 ,http://sukinasushi.com/,4.5,131,,"Zeilstraat 15, 1075 RZ Amsterdam, Netherlands "
Ippai Sake bar by Ikkoku 炉端居酒屋 今夜も もう一杯,Restaurant,+31 20 220 0153 ,http://www.ikkoku.nl/,4.2,55,,"Ceintuurbaan 246h, 1072 GG Amsterdam, Netherlands "
OSAKAsan,Okonomiyaki restaurant,+31 20 320 4447 ,http://www.osakasan.nl/,4.1,523,,"Tweede Egelantiersdwarsstraat 24, 1015 SC Amsterdam, Netherlands "
wagamama,Asian restaurant,+31 20 528 7778 ,https://www.wagamama.nl/restaurants/maxeuweplein,4.0,1777,,"Max Euweplein 10, 1017 RR Amsterdam, Netherlands "
ZuZi Bowl,Sushi restaurant,+31 20 223 1593 ,http://www.zuzibowl.nl/,4.0,355,,"Mercatorplein 28HS, 1057 CC Amsterdam, Netherlands "
I Love Sushi Amsterdam Zuid,Sushi takeaway,+31 20 723 2266 ,https://ilovesushi.nl/,4.4,109,,"Cornelis Troostplein 5 H, 1072 JJ Amsterdam, Netherlands "
Sushi Only Amsterdam | Pijp,Sushi restaurant,+31 20 737 0375 ,http://sushionly.nl/,4.2,106,,"Van Woustraat 76, 1073 LP Amsterdam, Netherlands "
Kreeftenbar,Japanese restaurant,+31 20 661 8400 ,http://www.amskreeftenbar.nl/,4.2,468,,"Europaboulevard 7, 1079 PC Amsterdam, Netherlands "
Restaurant Nomi,Korean barbecue restaurant,+31 20 722 0885 ,http://www.restaurantnomi.nl/,4.4,1141,,"Vijzelstraat 26 H, 1017 HK Amsterdam, Netherlands "
Sushito de Pijp,Sushi restaurant,+31 20 358 5207 ,http://www.sushito.nl/,4.0,285,,"Eerste van der Helststraat 74, 1072 NZ Amsterdam, Netherlands "
Origami Sushi & Pokebowl,Sushi restaurant,+31 6 84857745 ,https://www.origamisushi.nl/,4.2,107,,"Schipluidenlaan 224, 1062 HE Amsterdam, Netherlands "
Yan Yan Dumplings,Dumpling restaurant,+31 20 221 3116 ,https://yanyandumplings.com/,4.7,153,,"Tweede Egelantiersdwarsstraat 12, 1015 SC Amsterdam, Netherlands "
Yuan's Hot Pot,Hot pot restaurant,+31 6 26265858 ,https://www.yuanhotpot.com/,4.7,1837,,"Rijnstraat 51, 1078 PZ Amsterdam, Netherlands "
QQ Dumplings&Noodles,Chinese restaurant,+31 6 34058555 ,https://qqrestaurant.nl/,4.9,189,,"Netherlands, Amsterdam, Leidsekruisstraat, NL邮政编码: 1017 RH "
Fu dumplings and noodles,Chinese restaurant,+31 20 854 3184 ,https://www.instagram.com/fudumplingsnoodles.nl/,4.9,40,,"Nieuwezijds Voorburgwal 134h, 1012 SH Amsterdam, Netherlands "
Lanzhou Beef Noodles,Chinese restaurant,+31 20 644 5377 ,,4.7,262,,"Rijnstraat 67, 1079 GW Amsterdam, Netherlands "
Wang’s Flavour,Chinese restaurant,+31 20 682 4300 ,https://www.wangsflavouramsterdam.nl/,4.3,218,,"9, Tweede Nassaustraat, 1052 BJ Amsterdam, Netherlands "
Golden Chopsticks,Chinese restaurant,+31 20 620 7040 ,https://nlcompanies.org/details/golden-chopsticks-ChIJs52,3.8,743,,"Oude Doelenstraat 1, 1012 ED Amsterdam, Netherlands "
Xiao Long Kan Hot Pot Amsterdam 小龙坎 (Shoo Loong Kan),Restaurant,+31 20 303 2859 ,https://www.shooloongkan.amsterdam/,4.7,70,,"Lange Leidsedwarsstraat 120, 1017 NN Amsterdam, Netherlands "
TANGRA,Indian restaurant,+31 20 304 4010 ,https://tangras.nl/,4.9,345,,"Stadionweg 245, 1076 NX Amsterdam, Netherlands "
Uncle's Kitchen,Chinese restaurant,+31 6 47406569 ,,4.9,33,,"Van Woustraat 185, 1074 AM Amsterdam, Netherlands "
New China City,Chinese restaurant,+31 20 671 5570 ,http://www.newchinacity.nl/,4.1,212,,"Beethovenstraat 51, 1077 HN Amsterdam, Netherlands "
"Chinees Afhaalcentrum ""Oosten""",Chinese takeaway,+31 20 421 7018 ,,4.7,68,,"Zeedijk 147, 1012 AW Amsterdam, Netherlands "
Noord-Oost Chinees Eethuis,Chinese restaurant,+31 20 662 3688 ,https://noordoosteethuis.nl/,4.7,140,,"Albert Cuypstraat 65, 1072 CN Amsterdam, Netherlands "
Yu Fung,Chinese restaurant,+31 20 470 7778 ,http://www.sneleten.nl/Yu-Fung-Amsterdam,4.5,148,,"Van Woustraat 49, 1074 AC Amsterdam, Netherlands "
premium noodles,Chinese noodle restaurant,+31 6 86255667 ,,5.0,2,,"Marie Heinekenplein 27, 1072 MH Amsterdam, Netherlands "
Chinees Afhaalcentr. 'Kam-Kee',Restaurant,+31 20 664 4831 ,,4.4,159,,"Ceintuurbaan 119, 1072 EZ Amsterdam, Netherlands "
Yellow River Lanzhou hand pulled Noodles Amsterdam,Asian restaurant,+31 6 24734939 ,http://yellowriverhandpullednoodlesamsterdam.nl/,4.4,269,,"Korte Leidsedwarsstraat 26, 1017 RC Amsterdam, Netherlands "
Foer Amsterdam,Restaurant,+31 20 846 2881 ,http://foeramsterdam.nl/,4.7,345,,"Cruquiusweg 9, 1019 AT Amsterdam, Netherlands "
Restaurant New China Town,Chinese restaurant,+31 20 676 1613 ,https://www.restaurantnewchinatown.nl/,4.1,241,,"Van Woustraat 194-D, 1073 LZ Amsterdam, Netherlands "
Xi'an Delicious Foods,Restaurant,+31 20 786 1268 ,http://xianleidsedwarsstraat.nl/,4.1,1250,,"Lange Leidsedwarsstraat 21H, 1017 NE Amsterdam, Netherlands "
Eethuis A. Kong,Restaurant,+31 20 665 3555 ,https://www.facebook.com/akongeethuis,4.6,122,,"Wagenaarstraat 64HS, 1093 CV Amsterdam, Netherlands "
Hap Li Restaurant,Restaurant,+31 20 686 7893 ,http://www.hapli-restaurant.com/,4.3,434,,"Admiraal de Ruijterweg 450, 1055 NG Amsterdam, Netherlands "
Wok King,Wok restaurant,+31 20 644 5377 ,http://www.wokkingamsterdam.nl/,4.5,240,,"Rijnstraat 67, 1079 GW Amsterdam, Netherlands "
The Wokhouse Amsterdam,Takeout Restaurant,+31 6 85199532 ,http://www.thewokhouse.nl/,4.7,119,,"Jan van Galenstraat 678, 1061 AZ Amsterdam, Netherlands "
Albina,Surinamese restaurant,+31 20 675 5135 ,https://www.albina-amsterdam.nl/,4.3,732,,"Albert Cuypstraat 69, 1072 CN Amsterdam, Netherlands "
WONTON - dumpling club,Restaurant,+31 6 27916623 ,https://www.wontonams.nl/,4.3,188,,"Jan Evertsenstraat 11hs, 1057 BL Amsterdam, Netherlands "
New Happy Corner,Chinese restaurant,+31 20 624 1525 ,http://www.restauranthappycorner.nl/?id=5,3.7,302,,"Plantage Middenlaan 30, 1018 DG Amsterdam, Netherlands "
Wong Koen,Chinese restaurant,+31 20 694 6354 ,https://wong-koen.metro.rest/,4.0,206,,"Middenweg 267, 1098 AR Amsterdam, Netherlands "
Take A Wok,Delivery Restaurant,+31 20 331 7421 ,http://take-a-wok.nl/,4.1,728,,"Overtoom 97H, 1054 HD Amsterdam, Netherlands "
Chong Kee,Surinamese restaurant,+31 20 685 4478 ,https://www.chongkee.nl/,3.5,247,,"Kinkerstraat 204 A, 1053 EM Amsterdam, Netherlands "
Amazing Asia,Chinese restaurant,+31 20 776 6671 ,,2.8,78,,"Korte Leidsedwarsstraat 95, 1017 PX Amsterdam, Netherlands "
66 BBQ en hotpotbar,Dutch restaurant,+31 20 776 6671 ,https://www.66bbqhotpotbar.com/,4.1,607,,"Korte Leidsedwarsstraat 95A, 1017 PX Amsterdam, Netherlands "
Takumi Tonkotsu Ramen - Amsterdam Rivierenbuurt,Ramen restaurant,+31 20 238 6071 ,https://takumiramennoodles.com/nl/amsterdam-rivierenbuurt/,4.7,987,,"Scheldestraat 1, 1078 GD Amsterdam, Netherlands "
New Fusion,Surinamese restaurant,+31 20 379 0223 ,https://nlcompanies.org/details/new-fusion-ChIJZUg,4.4,509,,"Albert Cuypstraat 47, 1072 CL Amsterdam, Netherlands "
Wok To Go,Asian restaurant,+31 20 737 0066 ,http://www.woktogo.nl/,3.8,1114,,"Reguliersbreestraat 20, 1017 CN Amsterdam, Netherlands "
Asiadam Chinees Japans Restaurant,Asian fusion restaurant,+31 20 622 2702 ,,3.2,255,,"Damstraat 1, 1012 JL Amsterdam, Netherlands "
Joy Luck Express,Chinese restaurant,+31 20 470 3364 ,https://www.joy-luck-express.nl/,3.3,180,,"Amstelveenseweg 87, 1075 VW Amsterdam, Netherlands "
Sweet Asia 勇和烧烤,Asian restaurant,+31 20 463 8020 ,http://www.sweetasia.nl/,3.7,308,,"Eerste Van Swindenstraat 463 - 465, 1093 GB Amsterdam, Netherlands "
Orbit,Restaurant,+31 20 672 2922 ,http://www.restaurantorbit.nl/,4.3,277,,"Scheldestraat 95, 1078 GJ Amsterdam, Netherlands "
SEN VIET VIETNAMESE CUISINE,Vietnamese restaurant,+31 20 362 1198 ,https://nlcompanies.org/details/sen-viet-vietnamese-cuisine-ChIJw6v,4.1,319,,"Amstelveenseweg 91, 1075, Amstelveenseweg 91, 1075 VX Amsterdam, Netherlands "
Yasai Wok,Wok restaurant,+31 20 280 9310 ,http://yasaiwok.nl/,3.9,134,,"Linnaeuskade 1, 1098 AA Amsterdam, Netherlands "
Samrat Indian restaurant,Indian restaurant,+31 20 624 6033 ,https://samratrestaurant.nl/,4.6,2180,,"Bethaniëndwarsstraat 17, 1012 CB Amsterdam, Netherlands "
The Madras Diaries - Amsterdam,Indian restaurant,+31 6 82815224 ,https://themadrasdiaries.nl/amsterdam/,4.6,2807,,"Lange Leidsedwarsstraat 37-41, 1017 NG Amsterdam, Netherlands "
Indian Restaurant Gandhi Amsterdam,Indian restaurant,+31 20 638 3222 ,https://www.indianrestaurantgandhi.com/,3.9,3081,,"Damrak 54, 1012 LL Amsterdam, Netherlands "
"Maya, Indian Cuisine & Bar",Indian restaurant,+31 6 53711530 ,https://mayarestaurant.nl/home/,4.8,549,,"Reguliersdwarsstraat 86, 1017 BN Amsterdam, Netherlands "
Saravanaa Bhavan,Indian restaurant,+31 20 786 4880 ,https://saravanaa-bhavan.nl/,4.1,5010,,"Stadhouderskade 123-124, 1074 AV Amsterdam, Netherlands "
Holi Indian Restaurant,Modern Indian restaurant,+31 6 14174520 ,https://holiamsterdam.nl/,4.6,910,,"Holi Indian Restaurant, Kastelenstraat 105, 1082 EB Amsterdam, Netherlands "
Deep Indian Amsterdam,Indian restaurant,+31 20 613 4548 ,https://www.deepindianline.nl/,4.9,609,,"Van Moerkerkenstraat 65, 1064 KC Amsterdam, Netherlands "
Mayur Indian/Indiaas Restaurant,Indian restaurant,+31 20 623 2142 ,http://www.mayur.nl/,4.2,945,,"Korte Leidsedwarsstraat 203, 1017 RB Amsterdam, Netherlands "
Kailash Parbat,Indian restaurant,+31 20 786 1629 ,http://www.kailashparbat.nl/,4.5,1000,,"Weteringschans 175H, 1017 XD Amsterdam, Netherlands "
Surya Amsterdam | Indian & Nepalese restaurant & bar,Indian restaurant,+31 20 676 7985 ,https://suryarestaurant.nl/nl/indiaas-restaurant-amsterdam/,4.4,567,,"Ceintuurbaan 147, 1072 GB Amsterdam, Netherlands "
Cuisine of India | Authentic Indian Restaurant in Amsterdam,Indian restaurant,+31 20 723 5178 ,https://cuisineofindia.nl/,4.5,235,,"Binnen Bantammerstraat 9A, 1011 CH Amsterdam, Netherlands "
Koh-I-Noor restaurant,Indian restaurant,+31 20 623 3133 ,http://www.koh-i-noor-restaurant.nl/,4.4,1104,,"Westermarkt 29, 1016 DJ Amsterdam, Netherlands "
"Dilbar, Indian Restaurant",Indian restaurant,+31 6 53711530 ,https://dilbar.nl/,4.4,1361,,"Rokin 18, 1012 KR Amsterdam, Netherlands "
Tulsi Indian Restaurant Centrum,Indian restaurant,+31 6 46295882 ,https://tulsi-restaurant.nl/,4.4,897,,"Nieuwezijds Voorburgwal 34, 1012 SB Amsterdam, Netherlands "
SIZZ restaurant,Indian restaurant,+31 20 737 3450 ,http://www.sizzrestaurant.nl/,4.4,512,,"Weteringschans 187c, 1017 XE Amsterdam, Netherlands "
"Pakistan/Indian Restaurant ""Mogul""",Indian restaurant,+31 20 624 2416 ,http://www.mogulrestaurant.nl/,4.6,786,,"Rokin 107, 1012 KN Amsterdam, Netherlands "
Balraj Indian Restaurant,Indian restaurant,+31 20 625 1428 ,http://www.balraj.nl/,4.5,516,,"Haarlemmerdijk 28, 1013 JD Amsterdam, Netherlands "
Restaurant Shiva,Indian restaurant,+31 20 624 8713 ,http://www.shivarestaurant.nl/,4.3,724,,"Reguliersdwarsstraat 72, 1017 BN Amsterdam, Netherlands "
Rangoli South Indian Restaurant,Indian restaurant,+31 20 622 3776 ,http://www.rangoli.nl/,3.9,937,,"Haarlemmerstraat 11, 1013 EH Amsterdam, Netherlands "
Pakwaan Indian restaurant & street food,Restaurant,+31 20 786 1262 ,https://pakwaan.nl/,4.8,596,,"Rembrandtweg 689, 1181 GV Amstelveen, Netherlands "
Manzil Indian Restaurant,Restaurant,+31 20 362 0867 ,http://www.manzilrestaurant.nl/,4.6,128,,"Rijnstraat 81, 1079 GX Amsterdam, Netherlands "
Akbar Indian Restaurant,Indian restaurant,+31 20 624 2211 ,http://www.akbar.nl/,4.3,319,,"between Leidseplein, Korte Leidsedwarsstraat 15, 1017 PV Amsterdam, Netherlands "
Haweli Indian Restaurant,Indian restaurant,+31 20 616 7700 ,https://hawelirestaurant.nl/,4.4,372,,"Postjesweg 17, 1057 DT Amsterdam, Netherlands "
Neetu Dhaba Indiase & Nepalese Restaurant,Restaurant,+31 20 612 4100 ,https://www.neetudhaba.nl/,4.5,423,,"Overtoom 482 H, 1054 JZ Amsterdam, Netherlands "
Mr India Amsterdam,Restaurant,+31 20 486 5290 ,http://mrindia.nl/,4.4,167,,"Tweede Hugo de Grootstraat 15, 1052 LA Amsterdam, Netherlands "
Tandoori Express,Indian restaurant,+31 20 412 1621 ,https://www.tandooriexpress.nl/,3.9,581,,"Kinkerstraat 43 HS, 1053 DD Amsterdam, Netherlands "
Meghna,Indian restaurant,+31 20 625 1392 ,http://www.meghna.nl/,4.4,320,,"Utrechtsestraat 28, 1017 VN Amsterdam, Netherlands "
Nawaab,Indian restaurant,+31 20 675 3976 ,http://www.restaurant-nawaab.com/,4.2,596,,"Scheldestraat 100, 1078 GP Amsterdam, Netherlands "
Indian Naan | Indian and Nepalese Food Restaurant in Amsterdam,Indian restaurant,+31 20 341 8039 ,https://indiannaan.nl/,4.4,117,,"Buitenveldertselaan 28, 1081 AA Amsterdam, Netherlands "
Namaste India,Indian restaurant,+31 20 233 7761 ,https://namasteindiaamsterdam.com/en,4.3,335,,"Van Woustraat 173hs, 1074 AL Amsterdam, Netherlands "
Tandoori Hoek,Indian restaurant,+31 6 30061637 ,https://tandoorihoek.nl/,4.5,134,,"Transvaalstraat 95, 1092 HG Amsterdam, Netherlands "
Delhi-cious,Indian restaurant,+31 6 42821082 ,https://www.delhi-cious.nl/,4.7,381,,"Dalsteindreef 3008, 1112 XC Diemen, Netherlands "
Mirchi Restaurant,Restaurant,+31 6 38581062 ,https://mirchirestaurant.nl/,4.4,241,,"Javastraat 86A, 1094 HL Amsterdam, Netherlands "
India Roti Room,Restaurant,+31 20 692 8628 ,http://www.indiarotiroom.nl/,4.4,168,,"Eerste Oosterparkstraat 67, 1091 GW Amsterdam, Netherlands "
Sab Di Hatti Streetfood & Tropische Groenten en Fruit,Indian restaurant,+31 6 85543049 ,http://sabdihatti.nl/,4.1,153,,"Harriët Freezerstraat 101, 1103 JP Amsterdam, Netherlands "
TANDOORI RESTAURANT,Indian restaurant,+31 20 440 0055 ,https://www.tandoorirestaurant.nl/,4.0,323,,"Vespuccistraat 33, 1057 CK Amsterdam, Netherlands "
Indian Dinner Restaurant,Indian restaurant,+31 20 363 9823 ,https://www.indian-dinner.nl/,3.9,213,,"Surinamestraat 26, 1058 GK Amsterdam, Netherlands "
Natraj Restaurant,Indian restaurant,+31 20 663 7366 ,https://natrajrestaurant.nl/,3.8,164,,"Transvaalstraat 5, 1092 HA Amsterdam, Netherlands "
Mother India,Indian restaurant,+31 20 616 0990 ,https://www.motherindia.nl/,3.5,203,,"Ter Haarstraat 14, 1053 LJ Amsterdam, Netherlands "
Bemisal curry House,Indian restaurant,+31 20 786 6090 ,https://indian-chef.nl/,4.4,36,,"Bonairestraat 53 H, 1058 XD Amsterdam, Netherlands "
Dutch Dabbawala,Indian takeaway,+31 20 237 1791 ,https://www.dutch-dabbawala.nl/,4.0,230,,"Elandsgracht 140h, 1016 VC Amsterdam, Netherlands "
Tandoori 2 Go,Restaurant,+31 20 248 0050 ,https://www.tandoori-2go.nl/,4.7,207,,"Jan van Galenstraat 78, 1056 CD Amsterdam, Netherlands "
Golden Temple Vegetarisch Restaurant,Restaurant,+31 20 626 8560 ,http://www.restaurantgoldentemple.com/,4.5,1514,,"Utrechtsestraat 126, 1017 VT Amsterdam, Netherlands "
Indian Spices & Vibes,Indian takeaway,+31 20 786 5147 ,https://indianspicesandvibes.nl/,4.3,136,,"Ferdinand Bolstraat 172HS, 1072 LT Amsterdam, Netherlands "
Indian Express Indian Restaurant,Indian restaurant,+31 20 612 8488 ,http://www.indianexpress.nl/,4.2,250,,"Pieter Langendijkstraat 37, 1054 XX Amsterdam, Netherlands "
Atchaya,South Indian restaurant,+31 20 358 5167 ,http://www.atchaya.nl/,4.3,485,,"Amsterdamseweg 503, 1181 BS Amstelveen, Netherlands "
Indian Restaurant Gandhi,Indian restaurant,+31 6 25097294 ,https://indianrestaurantgandhi.com/,3.8,4,,"Damrak 54, 1012 LL Amsterdam, Netherlands "
Kasturi Indian Restaurant | Best Food Restaurant in Amstelveen 🇮🇳,Indian restaurant,+31 20 786 0874 ,https://kasturi.nl/,4.6,531,,"Kostverlorenhof 62, 1183 HG Amstelveen, Netherlands "
The Vegan Indian Restaurant,Restaurant,+31 20 489 9003 ,https://nlcompanies.org/details/the-vegan-indian-restaurant-ChIJDYB,2.9,113,,"Lange Leidsedwarsstraat 108, 1017 NN Amsterdam, Netherlands "
Taj Tandoori,Indian restaurant,+31 20 693 0114 ,https://www.taj-tandoori.nl/,4.5,16,,"Eerste Oosterparkstraat 69, 1091 GW Amsterdam, Netherlands "
Indian Naan | Indian and Nepalese Food Restaurant in Amsterdam,Catering food and drink supplier,+31 20 786 0573 ,https://indiannaan.nl/osdorp/,3.9,79,,"Osdorpplein 728, 1068 TC Amsterdam, Netherlands "
Curry Express,Pakistani restaurant,+31 20 422 6494 ,,3.6,205,,"Spuistraat 50, 1012 TV Amsterdam, Netherlands "
Punjab Express,Indian restaurant,+31 20 682 0017 ,http://www.punjab-express.nl/,3.3,84,,"Van Limburg Stirumstraat 71, 1051 BA Amsterdam, Netherlands "
Vegan Indian Kitchen,Indian restaurant,+31 20 616 4838 ,,3.1,18,,"Overtoom 146, 1054 HN Amsterdam, Netherlands "
Roti Ganzenpoort,Indian takeaway,+31 20 362 6738 ,http://rotiganzenpoort.nl/,4.0,162,,"Annie Romeinplein 32, 1103 JL Amsterdam, Netherlands "
Indian Kitchen,Indian restaurant,+31 20 412 1621 ,https://www.indiankitchenamsterdam.nl/,3.7,12,,"Kinkerstraat 43, 1053 DD Amsterdam, Netherlands "
Surinaams Indian Afhaalcentrum Toko Shiv,Restaurant,+31 20 610 5248 ,https://nlcompanies.org/details/surinaams-indian-afhaalcentrum-toko-shiv-ChIJlwx,4.4,80,,"Osdorper Ban 76, 1068 MJ Amsterdam, Netherlands "
Salento Latino — Colombian Traditional Food,Restaurant,+31 6 21242682 ,http://www.salentolatino.nl/,4.6,473,,"Kastelenstraat 172, 1082 EJ Amsterdam, Netherlands "
amsterdam indian food express,Indian takeaway,+31 20 616 7700 ,http://www.indianfoodexpress.nl/contact,3.3,3,,"Westerstraat 136, 1015 MP Amsterdam, Netherlands "
Golden Balti,Indian restaurant,+31 20 363 9823 ,https://goldenbalti.nl/,4.2,5,,"Surinamestraat 26, 1058 GK Amsterdam, Netherlands "
Wan Pipel,Indian Muslim restaurant,+31 20 671 8001 ,http://www.wan-pipel.nl/,2.1,86,,"Albert Cuypstraat 140, 1073 BJ Amsterdam, Netherlands "
Diwali Palace Restaurant,Indian restaurant,+31 20 364 2247 ,http://www.diwalipalace.nl/,4.5,885,,"Amsterdamseweg 114, 1182 HH Amstelveen, Netherlands "
Tacos & Tequila,Mexican restaurant,+31 6 34444299 ,https://www.tacosentequila.nl/,4.4,3164,,"Lange Leidsedwarsstraat 75H, 1017 NH Amsterdam, Netherlands "
El Vino,Mexican restaurant,+31 20 330 0093 ,http://www.elvino-amsterdam.com/#about,4.5,2072,,"Lange Leidsedwarsstraat 51, 1017 NH Amsterdam, Netherlands "
Los Pilones,Mexican restaurant,+31 20 320 4651 ,http://www.lospilones.com/,4.3,1888,,"Kerkstraat 63, 1017 GC Amsterdam, Netherlands "
The Mexican,Mexican restaurant,+31 20 421 8298 ,http://www.the-mexican.nl/,3.9,1388,,"Damstraat 36, 1012 JM Amsterdam, Netherlands "
LUPE,Mexican restaurant,+31 6 27963339 ,http://www.lupemexmex.com/,4.7,519,,"Willem de Zwijgerlaan 333, 1055 RB Amsterdam, Netherlands "
Salsa Shop,Mexican restaurant,+31 20 303 7845 ,https://salsashop.com/,4.7,1365,,"Haarlemmerstraat 97, 1013 EM Amsterdam, Netherlands "
De Margaritabar,Restaurant,+31 6 39807198 ,https://www.demargaritabar.nl/,4.6,610,,"Lange Leidsedwarsstraat 71A, 1017 NH Amsterdam, Netherlands "
Fiona - Mexican Restaurant & Cocktail Bar,Mexican restaurant,+31 20 205 1095 ,https://fiona.restaurant/,4.2,997,,"Warmoesstraat 14, 1012 JD Amsterdam, Netherlands "
Alfonso's Mexican & Grill Restaurant,Mexican restaurant,+31 20 625 9426 ,http://www.alfonsosrestaurant.com/,4.3,575,,"Utrechtsestraat 29, 1017 VH Amsterdam, Netherlands "
Salsa Shop,Mexican restaurant,+31 20 363 7369 ,http://salsashop.com/,4.4,1997,,"Ferdinand Bolstraat 1, 1072 LA Amsterdam, Netherlands "
Cantina Caliente - Cocina Latina,Latin American restaurant,+31 6 11283215 ,https://calientefood.nl/cantina/,4.3,945,,"Roetersstraat 192, 1018 WE Amsterdam, Netherlands "
JOY cocktails. tacos. Burritos. Burgers . Halal,Tex-Mex restaurant,+31 6 87883195 ,https://joyreguliers.carrd.co/,4.7,395,,"Reguliersdwarsstraat 23, 1017 BJ Amsterdam, Netherlands "
Salsa Shop,Mexican restaurant,+31 20 303 2858 ,http://www.salsashop.com/,4.5,428,,"Reguliersbreestraat 18, 1017 CN Amsterdam, Netherlands "
MasMais Cantina 🌵,Restaurant,+31 6 84976288 ,https://www.masmais.nl/cantina,4.6,223,,"Admiraal de Ruijterweg 273A, 1055 CL Amsterdam, Netherlands "
CIMA Rooftop Bar,Cocktail bar,+31 20 551 2042 ,https://cimarooftop.com/,4.9,93,,"Hekelveld 10, 1012 SN Amsterdam, Netherlands "
Don Burrito,Mexican restaurant,+31 20 239 0303 ,https://www.donburrito.nl/,4.5,216,,"Overtoom 443, 1054 KG Amsterdam, Netherlands "
Tres amigos,Mexican restaurant,+31 6 14814341 ,https://tresamigos.nl/,4.6,239,,"Wijttenbachstraat 10, 1093 JB Amsterdam, Netherlands "
Tomatillo,Restaurant,+31 20 854 5100 ,http://www.tomatillo.nl/,4.7,108,,"Majubastraat 4, 1092 KG Amsterdam, Netherlands "
Mexicaans Cafe-Restaurant La Margarita Amsterdam,Mexican restaurant,+31 20 624 0529 ,http://www.mexican.nl/,3.8,788,,"Langebrugsteeg 6, 1012 GB Amsterdam, Netherlands "
Tres amigos,Mexican restaurant,+31 20 308 6979 ,https://tresamigos.nl/,4.2,380,,"Willem de Zwijgerlaan 63h, 1056 JG Amsterdam, Netherlands "
Salsa Shop,Mexican restaurant,+31 20 334 6968 ,https://salsashop.com/,4.1,650,,"Kinkerstraat 154HS, 1053 EH Amsterdam, Netherlands "
Guadalupe Mexican Restaurant,Restaurant,+31 20 420 6114 ,https://guadalupe-restaurant.nl/,3.9,1273,,"Prins Hendrikkade 92, 1012 AE Amsterdam, Netherlands "
Camino Taqueria,Mexican restaurant,+31 6 21354072 ,https://camino-amsterdam.com/,4.3,397,,"Kinkerstraat 106, 1053 EC Amsterdam, Netherlands "
Agabi Santa Maria,South American restaurant,+31 20 412 3183 ,http://www.agabisantamaria.nl/,4.1,351,,"Waterlooplein 361, 1011 PG Amsterdam, Netherlands "
Salsa Shop,Mexican restaurant,+31 20 237 1632 ,https://www.salsashop.com/,4.2,94,,"De Ruijterkade 40B, 1012 AA Amsterdam, Netherlands "
Oaxaca Amsterdam,Restaurant,+31 20 224 6123 ,https://oaxacaamsterdam.nl/,4.4,612,,"Spuistraat 279, 1012 VR Amsterdam, Netherlands "
Tres amigos,Mexican restaurant,+31 20 308 6979 ,http://www.tresamigosamsterdam.nl/,4.4,294,,"Jacob Geelstraat 46, 1065 VT Amsterdam, Netherlands "
Salsa Shop,Mexican restaurant,+31 20 334 6838 ,https://salsashop.com/,4.1,886,,"Stationsplein 43L, 1012 AB Amsterdam, Netherlands "
Restaurant Mama Maria - Mexican & Steak,Mexican restaurant,+31 20 427 9900 ,,3.6,358,,"Netherlands, Nieuwezijds Kolk 14, 1012 PV Amsterdam, Netherlands "
Tomatillo,Restaurant,+31 20 683 3086 ,http://www.tomatillo.nl/,4.1,355,,"Overtoom 261, 1054 HW Amsterdam, Netherlands "
Burrito Boys (Burritos Anonymous),Takeout Restaurant,+31 20 233 4902 ,http://www.burritoboys.nl/,4.5,443,,"Netherlands, Zeeburgerstraat 4, 1018 AG Amsterdam, Netherlands "
Poco Loco,Diner,+31 20 624 2937 ,https://www.cafepocoloco.nl/,3.9,1160,,"Nieuwmarkt 24, 1012 CR Amsterdam, Netherlands "
Taco Mundo Amsterdam Oud-Zuid,Mexican restaurant,+31 900 1238226 ,http://www.tacomundo.com/,3.3,222,,"Ceintuurbaan 235, 1074 CX Amsterdam, Netherlands "
Taco Mundo Amsterdam-Oud West,Mexican restaurant,+31 900 1238226 ,http://www.tacomundo.com/,3.1,275,,"Eerste Constantijn Huygensstraat 1, 1054 ZH Amsterdam, Netherlands "
Spirit Amsterdam,Vegetarian restaurant,+31 20 737 1671 ,http://www.spiritamsterdam.nl/,4.4,1638,,"Czaar Peterstraat 2a, 1018 PR Amsterdam, Netherlands "
Copal,Restaurant,+31 20 777 5744 ,https://www.copal.amsterdam/,4.6,31,,"Utrechtsestraat 128, 1017 VT Amsterdam, Netherlands "
Croque Madame Gluten Free Food,Gluten-free restaurant,+31 20 221 3656 ,http://croquemadame.nl/,4.5,1202,,"Sint Annendwarsstraat 24a, 1012 HC Amsterdam, Netherlands "
Belushi's,Sports bar,+31 20 623 1380 ,https://belushis.com/amsterdam-central,4.4,2691,,"Warmoesstraat 129, 1012 JA Amsterdam, Netherlands "
Lombardo's,Hamburger restaurant,+31 20 233 0495 ,http://lombardos.nl/,4.5,3570,,"Nieuwe Spiegelstraat 50, 1017 DG Amsterdam, Netherlands "
Ritos Amsterdam - Fusion Mex & Bowls,Restaurant,+31 20 240 0109 ,http://www.ritosnederland.nl/,3.9,281,,"Van Woustraat 45H, 1074 AB Amsterdam, Netherlands "
The FENTO Foodhallen,Restaurant,+31 6 24883055 ,https://nlcompanies.org/details/the-fento-foodhallen-ChIJswf,3.8,146,,"Bellamyplein 51, 1053 AT Amsterdam, Netherlands "
TULA cantina - café & cocktail bar,Cocktail bar,+31 6 40848875 ,,4.5,71,,"Schaafstraat 4b, 1021 KE Amsterdam, Netherlands "
Mata Hari,Restaurant,+31 20 227 9843 ,https://www.matahari-amsterdam.nl/,4.3,1836,,"Oudezijds Achterburgwal 22, 1012 DM Amsterdam, Netherlands "
Bar Lempicka,Brasserie,+31 20 622 0209 ,http://www.barlempicka.com/,4.0,2500,,"Sarphatistraat 23, 1018 EV Amsterdam, Netherlands "
De Burgerfabriek,Hamburger restaurant,+31 20 362 7952 ,https://burgerfabriek.nl/,4.2,2609,,"Warmoesstraat 73HS, 1012 HX Amsterdam, Netherlands "
La Stego,Restaurant,+31 20 423 6872 ,http://www.la-stego.nl/,4.0,713,,"Damstraat 12, 1012 JM Amsterdam, Netherlands "
Birtat Restaurant,Turkish restaurant,+31 20 684 7666 ,http://www.birtat.nl/,4.2,1510,,"Bos en Lommerweg 242, 1055 EJ Amsterdam, Netherlands "
Argentinos,Argentinian restaurant,+31 20 626 9455 ,http://www.argentinosgrill.nl/,3.9,2001,,"Damstraat 34, 1012 JM Amsterdam, Netherlands "
Het Karbeel,Fondue restaurant,+31 20 627 4995 ,http://www.hetkarbeel.nl/,4.4,2535,,"Warmoesstraat 16, 1012 JD Amsterdam, Netherlands "
The Breakfast Club,Restaurant,+31 20 624 2238 ,http://thebreakfastclub.nl/,4.0,1424,,"Haarlemmerplein 31, 1013 HR Amsterdam, Netherlands "
Café Fest,Bar,+31 20 845 8412 ,http://www.cafefest.nl/,4.5,881,,"Wibauthof 1, 1091 DD Amsterdam, Netherlands "
Salsa Shop,Mexican restaurant,+31 20 303 1045 ,http://www.salsashop.com/,4.4,439,,"Claude Debussylaan 273, 1082 MC Amsterdam, Netherlands "
Dabka,Lebanese restaurant,+31 20 420 0111 ,https://dabka.nl/,4.5,3841,,"Oudezijds Kolk 69, 1012 AL Amsterdam, Netherlands "
Mezebar Bodrum,Turkish restaurant,+31 6 84894179 ,https://mezebarbodrum.eatbu.com/,4.8,300,,"Surinamestraat 5 Huis, 1058 GJ Amsterdam, Netherlands "
Levant Restaurant,Turkish restaurant,+31 20 622 5184 ,http://www.restaurantlevant.nl/,4.5,757,,"Weteringschans 93, 1017 RZ Amsterdam, Netherlands "
Restaurant Lavash,Mediterranean restaurant,+31 20 771 4344 ,https://restaurantlavash.nl/,4.5,1111,,"Korte Leidsedwarsstraat 119, 1017 RG Amsterdam, Netherlands "
The Lebanese Sajeria,Lebanese restaurant,+31 20 737 3386 ,http://www.thesajeria.com/,4.6,2898,,"Wijde Heisteeg 1, 1016 AS Amsterdam, Netherlands "
middleat,Middle Eastern restaurant,+31 6 84233442 ,http://www.middleat.nl/,4.5,2991,,"Reguliersdwarsstraat 21, 1017 BJ Amsterdam, Netherlands "
Mitts Restaurant Amsterdam,Restaurant,+31 20 223 8694 ,https://mittsamsterdam.nl/,4.7,855,,"Javastraat 49A, 1094 HA Amsterdam, Netherlands "
Zaffraan Midden Oosters Restaurant Amsterdam,Middle Eastern restaurant,+31 20 463 9339 ,https://zaffraan.nl/,4.7,1264,,"Kruislaan 239, 1097 GA Amsterdam, Netherlands "
Lila,Middle Eastern restaurant,+31 20 369 1256 ,http://lilarestaurant.nl/,4.6,2254,,"Haarlemmerstraat 117h, 1013 EM Amsterdam, Netherlands "
Rue la bastille,Mediterranean restaurant,+31 6 34563326 ,http://ruelabastille.nl/,4.8,307,,"Haarlemmerdijk 66H, 1013 JE Amsterdam, Netherlands "
Sham West,Syrian restaurant,+31 20 221 5202 ,https://restaurantsham.nl/sham-west/,4.7,1182,,"Witte de Withstraat 125-H, 1057 XR Amsterdam, Netherlands "
The Lebanese Sajeria Utrechtsestraat,Lebanese restaurant,+31 20 737 1814 ,http://www.thesajeria.com/,4.6,821,,"Utrechtsestraat 69, 1017 VJ Amsterdam, Netherlands "
Sonny,Vegetarian restaurant,+31 20 676 7612 ,http://www.sonnyfalafel.nl/,4.9,661,,"Eerste van der Helststraat 43, 1073 AC Amsterdam, Netherlands "
Mewsim,Mediterranean restaurant,+31 20 412 9203 ,https://www.mewsim.nl/,4.4,1217,,"Meer en vaart, S106 175, 1068 LA Amsterdam, Netherlands "
Le Sud Vegetarisch,Vegetarian restaurant,+31 20 622 5888 ,http://www.lesud.nl/,4.9,390,,"Haarlemmerdijk 118, 1013 JH Amsterdam, Netherlands "
Tasca Bellota,Spanish restaurant,+31 20 320 2951 ,http://www.tascabellota.com/,4.6,734,,"Bickerswerf 2, 1013 KX Amsterdam, Netherlands "
Ali Ocakbaşı,Turkish restaurant,+31 6 27522070 ,http://www.aliocakbasi.nl/,4.7,7301,,"Herengracht 558, 1017 CG Amsterdam, Netherlands "
Romios Griekse Taverna,Greek restaurant,+31 20 675 4324 ,https://romiostavernaofficial.com/,4.7,1004,,"Ceintuurbaan 350, 1072 GP Amsterdam, Netherlands "
Portugalia Tasca,Portuguese restaurant,+31 6 43705806 ,https://portugaliatasca.nl/,4.6,2099,,"Bakkersstraat 12, 1017 CW Amsterdam, Netherlands "
Adams pita,Lebanese restaurant,+31 6 23695239 ,,5.0,405,,"Albert Cuypstraat 202, 1073 BN Amsterdam, Netherlands "
Esh Pitabar,Middle Eastern restaurant,+31 20 854 3047 ,https://esh.amsterdam/,4.7,2510,,"Van Baerlestraat 51, 1071 BJ Amsterdam, Netherlands "
Florya Restaurant & Cafe,Turkish restaurant,+31 20 364 2275 ,http://www.floryarestaurant.nl/,4.2,4123,,"Bos en Lommerplantsoen 10, 1055 AA Amsterdam, Netherlands "
Mima,Restaurant,+31 20 223 6980 ,http://mimafood.nl/,4.6,113,,"Ceintuurbaan 326, 1072 GM Amsterdam, Netherlands "
Green Moon,Persian restaurant,+31 20 358 6408 ,https://www.greenmoon.nl/,4.6,348,,"Tweede Hugo de Grootstraat 17H, 1052 LA Amsterdam, Netherlands "
Mima | West,Restaurant,+31 20 237 3630 ,http://mimafood.nl/,4.6,430,,"Jan Pieter Heijestraat 180, 1054 MN Amsterdam, Netherlands "
Roum Cafe,Restaurant,+31 6 14738984 ,http://www.roumcafes.com/,4.7,245,,"Eerste Jan Steenstraat 85H, 1072 NE Amsterdam, Netherlands "
Rodja healthy deli,Diner,+31 20 770 7181 ,,4.6,237,,"Van Woustraat 43, 1047 BA Amsterdam, Netherlands "
ELA Restobar,Restaurant,+31 6 15193141 ,https://elarestobar.nl/,4.7,597,,"Elandsgracht 45, 1016 TN Amsterdam, Netherlands "
Citria Restaurant,Restaurant,+31 20 626 6064 ,https://www.citriarestaurantamsterdam.nl/,4.9,57,,"Waterlooplein 369, 1011 PG Amsterdam, Netherlands "
Kilimanjaro Restaurant,African restaurant,+31 20 622 3485 ,,4.7,562,,"Rapenburgerplein 6, 1011 VB Amsterdam, Netherlands "
Sefa Restaurant BBQ & Grill-Room,Halal restaurant,+31 20 773 9212 ,http://www.sefarestaurant.nl/,4.5,3104,,"Westermarkt 25, 1016 DJ Amsterdam, Netherlands "
Dionysos Taverna,Greek restaurant,+31 20 689 4441 ,https://www.dionysostaverna.nl/,4.5,416,,"Overtoom 176, 1054 HR Amsterdam, Netherlands "
Orontes West - Turks Restaurant Amsterdam - Mediterraans Restaurant Amsterdam,Turkish restaurant,+31 20 684 7758 ,https://restaurantoronteswest.nl/,4.7,680,,"Hugo de Grootplein 8, 1052 KW Amsterdam, Netherlands "
Mediterranean Buffet,Mediterranean restaurant,+31 6 38770074 ,http://www.mbuffet.nl/,4.6,44,,"Hembrugstraat 156, 1013 ZD Amsterdam, Netherlands "
Chef Juzzev الشيف جوزيف,Restaurant,+31 6 22649767 ,,4.6,807,,"Van Woustraat 55h, 1074 AC Amsterdam, Netherlands "
De Aardige Pers (Saman Restaurant),Persian restaurant,+31 20 400 3107 ,http://www.aardigepers.nl/,4.4,1492,,"Tweede Hugo de Grootstraat 13H, 1052 LA Amsterdam, Netherlands "
Restaurant YEMEKCI,Restaurant,+31 20 341 6285 ,https://www.yemekci.nl/,4.7,132,,"Bos en Lommerweg 313, 1055 DZ Amsterdam, Netherlands "
Mythos Greek,Greek restaurant,+31 20 620 0862 ,http://mythosgreek.nl/,4.2,740,,"Lange Leidsedwarsstraat 27, 1017 NE Amsterdam, Netherlands "
Restaurant Freud,Restaurant,+31 20 688 5548 ,http://restaurantfreud.nl/,4.6,395,,"Spaarndammerstraat 424, 1013 SZ Amsterdam, Netherlands "
Oriole Garden Bistro,Restaurant,+31 20 555 3570 ,https://www.oriolebistro.nl/,4.3,440,,"Oudezijds Voorburgwal 197, 1012 EX Amsterdam, Netherlands "
ROSSI Sandwiches,Mediterranean restaurant,+31 20 894 6630 ,https://www.rossi-sandwiches.nl/,4.4,245,,"Jan Evertsenstraat 27, 1057 BM Amsterdam, Netherlands "
Le falafel,Lebanese restaurant,+31 6 86385408 ,https://le-falafel.web.app/Le-Falafel,4.9,378,,"Van Woustraat 177, 1074 AL Amsterdam, Netherlands "
eatNeat,Takeout Restaurant,+31 6 23418020 ,https://jmap.top/eatneat,4.9,159,,"Buikslotermeerplein 149, 1025 ET Amsterdam, Netherlands "
Bepita - Pita Kitchen,Mediterranean restaurant,+31 20 209 1217 ,http://bepita.com/,4.0,102,,"Nieuwezijds Voorburgwal 182I, 1012 SJ Amsterdam, Netherlands "
Spectrum,Fine dining restaurant,+31 20 718 4635 ,http://www.restaurantspectrum.com/,4.7,291,,"Herengracht 542, 556, 1017 CG Amsterdam, Netherlands "
Restaurant 212,Fine dining restaurant,+31 20 334 8685 ,https://www.212.amsterdam/,4.6,439,,"Amstel 212, 1017 AH Amsterdam, Netherlands "
John Dory,Fine dining restaurant,+31 6 27117115 ,https://johndory.nl/,4.7,441,,"Prinsengracht 999, 1017 KM Amsterdam, Netherlands "
Bridges,Restaurant,+31 20 555 3560 ,https://www.bridgesrestaurant.nl/,4.6,624,,"Oudezijds Voorburgwal 197, 1012 EX Amsterdam, Netherlands "
Restaurant Daalder*,Fine dining restaurant,+31 20 799 5000 ,http://www.daalderamsterdam.nl/,4.4,797,,"Postjesweg 1, B46, 1057 DT Amsterdam, Netherlands "
Restaurant Showw,Fine dining restaurant,+31 20 280 0816 ,https://www.restaurantshoww.com/,4.9,163,,"Gelrestraat 28, 1079 MZ Amsterdam, Netherlands "
Restaurant 21,Modern European restaurant,+31 20 730 0066 ,http://www.r21.amsterdam/,4.8,199,,"Peperstraat 23, 1011 TZ Amsterdam, Netherlands "
Restaurant Flore,Fine dining restaurant,+31 20 730 3398 ,https://restaurantflore.com/?utm_source=GMB&utm_medium=organic,4.7,226,,"Nieuwe Doelenstraat 2-14, 1012 CP Amsterdam, Netherlands "
"MR PORTER Restaurant, Bar & Lounge",Restaurant,+31 20 811 3399 ,https://www.mrportersteakhouse.com/,4.3,2487,,"Spuistraat 175, 1012 RR Amsterdam, Netherlands "
Singel 101,Restaurant,+31 20 771 0915 ,http://www.singel101.nl/,4.6,310,,"Singel 101, 1012 VG Amsterdam, Netherlands "
Bistro de la Mer,Restaurant,+31 20 237 4790 ,http://www.bistrodelamer.com/,4.4,308,,"Utrechtsestraat 57, 1017 VJ Amsterdam, Netherlands "
Zoldering,Bistro,+31 20 765 1212 ,http://www.zoldering.nl/,4.7,355,,"Utrechtsestraat 141H, 1017 VM Amsterdam, Netherlands "
Restaurant Fyr,Restaurant,+31 6 45290653 ,https://www.restaurantfyr.nl/,4.9,143,,"Czaar Peterstraat 21, 1018 NX Amsterdam, Netherlands "
De Juwelier,Restaurant,+31 20 247 1007 ,http://www.restaurant-dejuwelier.nl/,4.1,398,,"Utrechtsestraat 51, 1017 VJ Amsterdam, Netherlands "
Restaurant Entrepot,Restaurant,+31 20 341 5722 ,http://www.restaurantentrepot.nl/,4.5,667,,"Entrepotdok 8, 1018 AD Amsterdam, Netherlands "
Restaurant-Café In de Waag,Restaurant,+31 20 422 7772 ,https://indewaag.nl/,4.1,3904,,"Nieuwmarkt 4, 1012 CR Amsterdam, Netherlands "
Restaurant De Mark,Restaurant,+31 20 218 4463 ,http://www.restaurantdemark.com/,4.4,345,,"Durgerdammerdijk 73, 1026 CB Amsterdam, Netherlands "
WE ARE EDN,Restaurant,+31 20 530 0861 ,https://www.weareedn.com/,4.6,333,,"Oosterdoksstraat 4, Ground Floor, 1011 DK Amsterdam, Netherlands "
The Seafood Bar,Seafood restaurant,+31 20 233 7452 ,http://www.theseafoodbar.com/,4.7,16053,,"Spui 15, 1012 WX Amsterdam, Netherlands "
Burgerbar Warmoesstraat,Hamburger restaurant,+31 20 774 0300 ,https://www.burgerbar.nl/,4.5,4547,,"Warmoesstraat 21-H, 1012 HT Amsterdam, Netherlands "
Scheepskameel,Restaurant,+31 20 337 9680 ,http://www.scheepskameel.nl/,4.6,856,,"Gebouw 024A, Kattenburgerstraat 5, 1018 JA Amsterdam, Netherlands "
Morlang Café Restaurant Amsterdam,Restaurant,+31 20 625 2681 ,http://www.morlang.nl/,4.3,1619,,"Keizersgracht 451, 1017 DK Amsterdam, Netherlands "
Cannibale Royale Handboogstraat,Restaurant,+31 20 233 7160 ,http://www.cannibaleroyale.nl/,4.5,6485,,"Handboogstraat 17a, 1012 XM Amsterdam, Netherlands "
Small World Catering,Restaurant,+31 20 420 2774 ,http://www.smallworldcatering.nl/,4.8,511,,"Binnen Oranjestraat 14, 1013 JV Amsterdam, Netherlands "
Bar Bouche,Restaurant,+31 20 280 7040 ,http://barbouche.nl/,4.8,664,,"Wibautstraat 107H, 1091 GL Amsterdam, Netherlands "
Brothers Hartering,Restaurant,+31 20 421 0699 ,https://www.gebr-hartering.nl/,4.6,562,,"Peperstraat 10, 1011 TX Amsterdam, Netherlands "
Cannibale Royale Lange Niezel,Restaurant,+31 20 218 2120 ,http://www.cannibaleroyale.nl/,4.5,4575,,"Lange Niezel 15, 1012 GS Amsterdam, Netherlands "
Snob Amsterdam,Restaurant,+31 6 22764622 ,http://snobamsterdam.nl/,4.5,1590,,"Thorbeckeplein 15, 1017 CS Amsterdam, Netherlands "
Restaurant Van Beeren,Restaurant,+31 20 622 2329 ,http://www.eetcafevanbeeren.nl/,4.5,601,,"Koningsstraat 54, 1011 EW Amsterdam, Netherlands "
Bella ciao Amsterdam,Pizza restaurant,+31 6 34538568 ,https://www.amsterdam-bellaciao.nl/,4.6,2118,,"Geldersekade 120, 1012 BN Amsterdam, Netherlands "
The Bull Amsterdam,Meat dish restaurant,+31 20 208 2177 ,http://www.thebullamsterdam.nl/,4.4,298,,"Oosterdokskade 135, 1011 DL Amsterdam, Netherlands "
Haring & Zo,Fish restaurant,+31 6 51952882 ,http://www.haringenzo.nl/,4.7,325,,"Nieuwezijds Voorburgwal 200, 1012 RR Amsterdam, Netherlands "
Deyacos Restaurant & Bar,Restaurant,+31 20 776 7382 ,http://www.deyacos.com/,4.3,1236,,"Nieuwmarkt 8-10, 1012 CR Amsterdam, Netherlands "
Tales & Spirits,Cocktail bar,+31 6 55356467 ,http://www.talesandspirits.com/,4.6,1944,,"Lijnbaanssteeg 5-7, 1012 TE Amsterdam, Netherlands "
Gent aan de Schinkel,Restaurant,+31 20 388 2851 ,https://www.gentaandeschinkel.nl/,4.3,1139,,"Theophile de Bockstraat 1, 1058 HH Amsterdam, Netherlands "
CUE- Bar Restaurant Amsterdam,Restaurant,+31 20 205 1332 ,https://www.cue-amsterdam.com/,4.7,205,,"Utrechtsestraat 30A, 1017 VN Amsterdam, Netherlands "
Gourmet Burger,Hamburger restaurant,+31 85 238 8879 ,https://www.gourmet-burger.nl/,4.5,2586,,"Leidsestraat 44, 1017 PC Amsterdam, Netherlands "
Eetcafé 't Pakhuis,Diner,+31 20 625 0856 ,http://www.eetcafehetpakhuis.nl/,4.4,1691,,"Voetboogstraat 10, 1012 XL Amsterdam, Netherlands "
Restaurant La Brasa amsterdam,Restaurant,+31 20 625 4438 ,http://www.labrasa.nl/,4.5,429,,"Haarlemmerdijk 16, 1013 JC Amsterdam, Netherlands "
Ristorante Italiano San Giorgio,Restaurant,+31 20 786 4760 ,,4.4,770,,"Zeedijk 56h, 1012 BA Amsterdam, Netherlands "
Café Restaurant Hoogendam,Restaurant,+31 20 370 7686 ,http://www.hoogendam.nl/,4.3,1161,,"Westerdoksplein 10, 1013 BH Amsterdam, Netherlands "
Café de Jaren,Cafe,+31 20 625 5771 ,https://cafedejaren.nl/,4.2,5337,,"Nieuwe Doelenstraat 20-20, 1012 CP Amsterdam, Netherlands "
Cafe De Pels,Cafe,+31 20 622 9037 ,http://cafedepels.nl/,4.5,527,,"Huidenstraat 25, 1016 ER Amsterdam, Netherlands "
Café Hill Street Blues,Lounge,+31 20 638 7922 ,https://www.hillstreetblues.com/,4.6,3862,,"Warmoesstraat 52A, 1012 JE Amsterdam, Netherlands "
Coffee & Bites,Breakfast restaurant,+31 6 11510053 ,http://www.coffeeandbites.amsterdam/,4.6,685,,"Plantage Middenlaan 44-HS, 1018 DH Amsterdam, Netherlands "
Monks Coffee Roasters,Cafe,+31 6 23131661 ,http://www.monkscoffee.nl/,4.7,901,,"Bilderdijkstraat 46H, 1052 NB Amsterdam, Netherlands "
Bruno’s Amsterdam,Espresso bar,+31 20 363 6544 ,http://www.brunos.amsterdam/,4.9,331,,"Tweede Goudsbloemdwarsstraat 3C, 1015 JX Amsterdam, Netherlands "
"Café ""De Eland""",Cafe,+31 20 623 7654 ,,4.5,574,,"Prinsengracht 296, 1016 HW Amsterdam, Netherlands "
Scandinavian Embassy.,Cafe,+31 6 81600140 ,http://shop.scandinavianembassy.nl/,4.4,1760,,"Sarphatipark 34, 1072 PB Amsterdam, Netherlands "
Greenwoods Singel,Brunch restaurant,+31 20 623 7071 ,http://www.greenwoods.eu/,4.6,3293,,"Singel 103, 1012 VG Amsterdam, Netherlands "
Wakuli specialty coffee bar,Cafe,+31 6 18594163 ,https://www.wakuli.com/,4.7,89,,"Wagenaarstraat 70H, 1093 CV Amsterdam, Netherlands "
Wakuli specialty coffee bar,Cafe,+31 6 18594163 ,https://www.wakuli.com/nl/pages/coffee-bars,4.5,137,,"Haarlemmerplein 43, 1013 HR Amsterdam, Netherlands "
Café Mankind,Breakfast restaurant,+31 20 638 4755 ,http://www.mankind.nl/,4.7,986,,"Weteringstraat 60, 1017 SP Amsterdam, Netherlands "
Sandwichshop Amsterdam | Damrak,Sandwich shop,+31 20 221 9283 ,https://www.sandwichshopamsterdam.com/,4.7,1910,,"Warmoesstraat 48-50, 1012 JE Amsterdam, Netherlands "
Café Van Leeuwen,Cafe,+31 20 625 8215 ,,4.2,961,,"Keizersgracht 711HS, 1017 DX Amsterdam, Netherlands "
Cafe the Barrel,Bar,+31 6 51762269 ,http://www.cafethebarrel.nl/,4.8,370,,"Jonge Roelensteeg 4 H, 1012 PL Amsterdam, Netherlands "
The Papeneiland,Cafe,+31 20 624 1989 ,http://www.papeneiland.nl/,4.5,2445,,"Prinsengracht 2, 1015 DV Amsterdam, Netherlands "
Wakuli specialty coffee bar,Cafe,+31 6 18594163 ,https://wakuli.com/nl,4.7,89,,"Vijzelgracht 37, 1017 HP Amsterdam, Netherlands "
Blushing,Restaurant,+31 20 363 8081 ,http://www.enjoyblushing.com/,4.1,3053,,"Paulus Potterstraat 30A, 1071 DA Amsterdam, Netherlands "
Cafe Eik en Linde,Pub,+31 20 622 5716 ,http://www.eikenlinde.nl/,4.6,597,,"Plantage Middenlaan 22A, 1018 DE Amsterdam, Netherlands "
Café Old Sailor,Pub,+31 20 773 7931 ,http://www.cafeoldsailor.eu/,4.5,3560,,"Oudezijds Achterburgwal 39-A, 1012 BG Amsterdam, Netherlands "
Stone's Café,Cafe,+31 20 205 1056 ,,4.4,192,,"Warmoesstraat 91, 1012 HZ Amsterdam, Netherlands "
Artista - Brunch & Specialty Coffee - Amsterdam Centrum,Brunch restaurant,+31 6 58938853 ,https://artista-amsterdam.com/,4.5,257,,"Nieuwezijds Kolk 12, 1012 PV Amsterdam, Netherlands "
Eetcafe Singel 404,Lunch restaurant,+31 20 428 0154 ,http://www.singel404.nl/,4.4,899,,"Singel 404, 1016 AK Amsterdam, Netherlands "
Café De Dokter,Bar,+31 20 626 4427 ,https://www.cafe-de-dokter.nl/,4.8,524,,"Rozenboomsteeg 4, 1012 PR Amsterdam, Netherlands "
Café Brecht,Pub,+31 20 627 2211 ,http://www.cafebrecht.nl/,4.6,1805,,"Weteringschans 157, 1017 SE Amsterdam, Netherlands "
The Coffee Virus,Espresso bar,+31 20 244 2340 ,http://thecoffeevirus.nl/,4.7,145,,"Overhoeksplein 2, 1031 KS Amsterdam, Netherlands "
Café Americain,Restaurant,+31 20 556 3010 ,http://www.cafeamericain.nl/,4.0,1983,,"Leidseplein 28, 1017 PT Amsterdam, Netherlands "
Toastable Nieuwendijk,Restaurant,+31 20 789 3905 ,http://www.toastable.nl/,4.7,1381,,"Nieuwendijk 6, 1012 MK Amsterdam, Netherlands "
Cártel Amsterdam Coffee & Cocktails,Lunch restaurant,+31 6 29314873 ,https://www.instagram.com/cartel.amsterdam/,4.6,319,,"Nieuwe Spiegelstraat 5/A, 1017 DB Amsterdam, Netherlands "
Cafe 't Molentje,Cafe,+31 20 363 5236 ,http://www.cafehetmolentjeamsterdam.nl/,4.1,716,,"Singel 278, 1016 AC Amsterdam, Netherlands "
Café Vrijdag Amsterdam,Restaurant,+31 20 779 7793 ,https://www.restaurantcafevrijdag.nl/nl/?utm_source=google&utm_medium=organic&utm_campaign=gbp-listing&utm_content=cafevrijdagamsterdam,4.2,1665,,"Amsteldijk 137, 1079 LE Amsterdam, Netherlands "
Grand Café Krasnapolsky,Restaurant,+31 20 554 6114 ,http://grandcafekrasnapolsky.nl/,4.5,582,,"Dam 9, 1012 HH Amsterdam, Netherlands "
Cafe Slijterij Oosterling,Pub,+31 20 623 4140 ,http://cafeoosterling.nl/,4.7,596,,"Utrechtsestraat 140, 1017 VT Amsterdam, Netherlands "
Café Emmelot,Bar,+31 20 622 1626 ,,3.9,1419,,"Oudezijds Voorburgwal 52, 1012 GE Amsterdam, Netherlands "
Bakhuys Amsterdam,Bakery,+31 20 370 4861 ,http://www.bakhuys-amsterdam.nl/,4.4,2277,,"Sarphatistraat 61, 1018 EX Amsterdam, Netherlands "
Rainbowls Amsterdam,Health food restaurant,+31 20 775 3522 ,http://rainbowls.amsterdam/,4.5,628,,"Frans Halsstraat 40, 1072 BS Amsterdam, Netherlands "
Bistro Baret,Restaurant,+31 20 622 5602 ,http://www.bistrobaret.nl/,4.7,527,,"Korte Amstelstraat 18, 1018 XS Amsterdam, Netherlands "
Seafood Bistro,Seafood restaurant,+31 20 423 2167 ,http://www.seafoodbistro.nl/,4.4,1227,,"Warmoesstraat 45, 1012 HV Amsterdam, Netherlands "
Bar Brasserie OCCO,Brasserie,+31 20 530 2010 ,https://www.occo.nl/?utm_source=GMB&utm_medium=google,4.5,286,,"Keizersgracht 384, 1016 GB Amsterdam, Netherlands "
Burger Bistro,Hamburger restaurant,+31 20 620 0153 ,https://burgerbistro.nl/,4.3,1677,,"Paleisstraat 21, 1012 RB Amsterdam, Netherlands "
Café Brasserie Meuwese,Restaurant,+31 20 624 1243 ,http://www.brasseriemeuwese.nl/,4.4,1544,,"Rokin 119 121, 1012 KP Amsterdam, Netherlands "
Petit Lou,Restaurant,+31 20 775 0325 ,https://www.petitlouamsterdam.nl/,4.4,642,,"Weesperstraat 101a, 1018 VN Amsterdam, Netherlands "
Vooges aan 't IJ,Restaurant,+31 20 215 9482 ,http://vooges.nl/,4.6,312,,"Westerdoksdijk 40H, 1013 AE Amsterdam, Netherlands "
BUFFET van Odette,Modern European restaurant,+31 20 423 6034 ,http://www.buffetvanodette.nl/,4.2,1021,,"Prinsengracht 598, 1017 KS Amsterdam, Netherlands "
Nomi Leidseplein,Korean barbecue restaurant,+31 20 723 8000 ,https://www.restaurantnomi.nl/,4.8,574,,"Kleine-Gartmanplantsoen 17, 1017 RP Amsterdam, Netherlands "
Mr Burger,Hamburger restaurant,+31 20 777 0240 ,http://mrburgeramsterdam.nl/,4.3,891,,"Zeedijk 51, 1012 AR Amsterdam, Netherlands "
Cafe de Walvis,Diner,+31 20 773 9374 ,http://www.walvis-amsterdam.nl/,4.1,756,,"Spaarndammerstraat 516, 1013 SM Amsterdam, Netherlands "
Cobo Club,Restaurant,+31 6 22636511 ,https://cobo.club/,4.8,27,,"Marcusstraat 55, 1091 TJ Amsterdam, Netherlands "
Restaurant Mesken,Turkish restaurant,+31 20 694 0277 ,https://restaurantmesken.nl/,4.1,968,,"Sumatrastraat 35, 37, 1094 LN Amsterdam, Netherlands "
PANCAKES Amsterdam Zuidas,Pancake restaurant,+31 20 820 8883 ,https://pancakes.amsterdam/,4.1,340,,"Gustav Mahlerlaan 525, 1082 MK Amsterdam, Netherlands "
Restaurant Heemelrijck De Pijp,Restaurant,+31 85 087 9409 ,http://www.heemelrijck.nl/,4.7,766,,"Van Woustraat 23, 1074 AA Amsterdam, Netherlands "
La Trattoria Ferilli’s Uptown,Italian restaurant,+31 20 705 9639 ,https://ferillis.amsterdam/,3.9,207,,"Beethovenstraat 781, 1083 HK Amsterdam, Netherlands "
Mizu Bar,Japanese restaurant,+31 20 642 4600 ,http://www.mizubar.nl/,4.2,259,,"Gustav Mahlerlaan 50a, 1082 ME Amsterdam, Netherlands "
wagamama,Asian restaurant,+31 20 620 3032 ,https://www.wagamama.nl/restaurants/zuidplein,3.8,1047,,"Zuidplein 12, 1077 XV Amsterdam, Netherlands "
Little Soy,Japanese restaurant,+31 6 24337525 ,https://market27.nl/little-soy/,4.4,61,,"Termini 27, 1025 XM Amsterdam, Netherlands "
I Love Sushi Amsterdam Noord,Sushi restaurant,+31 20 354 2002 ,https://amsterdam-noord.ilovesushi.nl/,4.3,376,,"Waterlandplein 261, 1024 LT Amsterdam, Netherlands "
Pad Thai Boven 't Y,Restaurant,+31 20 705 9634 ,https://padthai.nl/,3.7,116,,"Buikslotermeerplein 200a, 1025 GA Amsterdam, Netherlands "
Raïnaraï,North African restaurant,+31 20 624 9791 ,http://rainarai.nl/,3.8,1354,,"Prinsengracht 252, 1016 HG Amsterdam, Netherlands "
Ferilli's Caffè Ristorante,Italian restaurant,+31 20 262 0510 ,http://www.ferillis.amsterdam/,3.8,761,,"Beethovenstraat 14-16, 1077 JG Amsterdam, Netherlands "
Eethuis Bon Appetit,Fast food restaurant,+31 6 84743921 ,,4.4,140,,"Johan Huizingalaan 300, 1065 JN Amsterdam, Netherlands "
Cigkoftem Vlugtlaan Amsterdam,Turkish restaurant,+31 20 337 4931 ,http://www.cigkoftem-vlugtlaan.nl/,4.4,167,,"Burgemeester de Vlugtlaan 160, 1063 BS Amsterdam, Netherlands "
Satchmo,Restaurant,+31 20 820 4472 ,http://www.satchmoamsterdam.com/,4.3,898,,"Rokin 95, 1012 KE Amsterdam, Netherlands "
Turks Restaurant Kasap Amsterdam,Restaurant,+31 20 337 5108 ,https://www.kasap.nl/,3.2,158,,"Osdorpplein 937-A, 1068 TD Amsterdam, Netherlands "
Lucia's Streetfood & Bar,Restaurant,+31 20 310 1011 ,https://lucias-restaurant.com/bolo-district/,4.4,126,,"Bos en Lommerplantsoen 45a, 1055 AA Amsterdam, Netherlands "
Steakhouse Pizzeria Bos en Lommer,Restaurant,+31 20 686 2035 ,,4.0,269,,"Bos en Lommerweg 127, 1055 DR Amsterdam, Netherlands "
Lezzet grillroom,Restaurant,+31 20 364 2198 ,,4.1,197,,"Bos en Lommerweg 251, 1055 VD Amsterdam, Netherlands "
POTAÉ™ (King Kumpir),Restaurant,+31 20 765 7474 ,https://www.potae.nl/,4.7,1007,,"Bos en Lommerweg 325, 1055 DZ Amsterdam, Netherlands "
Restaurant Biladi Samir Amsterdam,Moroccan restaurant,+31 20 362 7488 ,https://www.restaurantbiladisamir.nl/,4.6,109,,"Jan van Galenstraat 90, 1056 CD Amsterdam, Netherlands "
Eetwinkel Buurman & Buurman,Pizza restaurant,+31 20 262 8262 ,https://buurman-amsterdam.pizza/vestigingen/mercatorstraat#homepage-contact,4.4,769,,"Mercatorstraat 171, 1056 RE Amsterdam, Netherlands "
Kratiam Thai,Thai restaurant,+31 20 612 2255 ,https://kratiamthai.sitedish.shop/,4.5,397,,"Bos en Lommerweg 199, 1055 DB Amsterdam, Netherlands "
Boes & Beis,Diner,+31 20 775 0412 ,http://www.boesenbeis.com/,4.6,731,,"Jan van Galenstraat 418 A, 1061 AZ Amsterdam, Netherlands "
Atilla Turkish Cuisine,Turkish restaurant,+31 6 14807956 ,https://www.atillaturkishcusine.com/,4.7,904,,"Bos en Lommerweg 363, 1061 DH Amsterdam, Netherlands "
The Villy | Amsterdam | Rhapsody,Cafe,+31 85 029 7229 ,https://thevilly.com/,4.4,366,,"Bos en Lommerplein 302, 1061 CW Amsterdam, Netherlands "
Terrasmus,Cafe,+31 20 334 3468 ,http://www.terrasmus.nl/,4.6,897,,"Erasmuspark 1, 1056 LE Amsterdam, Netherlands "
KAHVEALTI,Breakfast restaurant,+31 20 688 2233 ,http://www.kahvealti.nl/,4.5,648,,"Bos en Lommerweg 285, 1055 DX Amsterdam, Netherlands "
elmo's Bos en Lommer,Lunch restaurant,+31 6 44993491 ,http://www.elmoscoffee.nl/,4.4,232,,"Egidiusstraat 89, 1055 GP Amsterdam, Netherlands "
MasMais Taqueria 🌮,Restaurant,+31 6 26814921 ,https://masmais.nl/,4.5,521,,"Hoofdweg 456, 1056 DJ Amsterdam, Netherlands "
Restaurant Merci,Turkish restaurant,+31 20 683 7140 ,https://www.restaurant-merci-amsterdam.nl/,4.5,325,,"Jan van Galenstraat 204, 1056 CK Amsterdam, Netherlands "
Samen - Lunch and Juices,Cafe,+31 20 221 3926 ,http://samenamsterdam.nl/,4.7,369,,"Bos en Lommerweg 72, 1055 EC Amsterdam, Netherlands "
Lunchroom Nador,Delivery Restaurant,+31 20 775 2545 ,http://www.lunchroomnador.nl/,4.8,240,,"Jan van Galenstraat 676, 1061 AZ Amsterdam, Netherlands "
FEBO Amsterdam - Bos en Lommerplein,Fast food restaurant,+31 20 681 2161 ,https://bestellen.febo.nl/,3.8,482,,"Bos en Lommerplein 200, 1055 EK Amsterdam, Netherlands "
No Man's Art Gallery & de bar,Restaurant,+31 20 248 0565 ,https://www.nomansart.com/,4.6,635,,"Bos en Lommerweg 90, 1055 EC Amsterdam, Netherlands "
Eatopia,Fast food restaurant,+31 20 778 7736 ,https://www.facebook.com/EatopiaAmsterdam/,4.8,308,,"Haarlemmerweg 507, 1055 PL Amsterdam, Netherlands "
Bella Storia Bos en Lommer,Pizza restaurant,+31 20 303 2652 ,http://www.bellastoriabosenlommer.nl/,4.8,353,,"Karel Doormanstraat 141, 1055 VE Amsterdam, Netherlands "
Mabell,Cafe,+31 6 24152137 ,http://www.cafemabell.nl/,4.8,358,,"Hofwijckstraat 43, 1055 GD Amsterdam, Netherlands "
Eetcafé Edita,Restaurant,+31 20 221 8570 ,https://www.eetcafe-edita.nl/,4.8,154,,"Jan van Galenstraat 92h, 1056 CD Amsterdam, Netherlands "
Yildiz West Bakkerij,Turkish restaurant,+31 6 28831128 ,https://www.ubereats.com/nl/store/yildiz-west-bakkerij/HCD42b0RRlWrkOKoFcUgqg?srsltid=AfmBOooXGXOo6ZF8Iq6XFFVQ55Er_6cW4kukT5t4-ghKNc5c4_UPCOmW,4.8,196,,"Admiraal de Ruijterweg, 1055 MZ Amsterdam, Netherlands "
De Valentino’s — Bos & Lommer,Takeout Restaurant,+31 6 38707071 ,https://valentinoamsterdam.foodticket.nl/foodticket/cgi/bestel.cgi,4.2,62,,"Bos en Lommerplein 144, 1055 EK Amsterdam, Netherlands "
Hartje Bos,Takeout Restaurant,+31 20 233 1353 ,https://www.facebook.com/Hartje-Bos-217578155082118/,4.7,60,,"Admiraal de Ruijterweg 275, 1055 LV Amsterdam, Netherlands "
Domino's Pizza Amsterdam Bos En Lommerweg,Pizza restaurant,+31 20 684 7676 ,https://www.dominos.nl/?utm_source=google&utm_medium=local&utm_campaign=yext,3.5,396,,"Bos en Lommerweg 215, 1055 DT Amsterdam, Netherlands "
Griekse Traiterie Ela!,Takeout Restaurant,+31 20 370 8459 ,http://www.elatraiterie.nl/,4.8,243,,"Jan van Galenstraat 68, 1056 CC Amsterdam, Netherlands "
Reina Cafe & Restaurant,Turkish restaurant,+31 20 218 4546 ,https://www.reinarestaurant.nl/,4.6,72,,"Bos en Lommerplein 71, 1055 AD Amsterdam, Netherlands "
Het Goudhaantje Amsterdam,Chicken restaurant,+31 6 28713248 ,https://nlmapbu.org/business/het-goudhaantje-chija94,3.4,49,,"Bos en Lommerweg, 1055 DK Amsterdam, Netherlands "
Bella Storia,Italian restaurant,+31 20 488 0599 ,http://www.bellastoria.nl/,4.6,1225,,"Bentinckstraat 26, 1051 GL Amsterdam, Netherlands "
Lunchroom Yuya,Lunch restaurant,+31 6 41422299 ,https://www.lunchroomyuya.nl/,5.0,75,,"Haarlemmerweg 565, 1055 PN Amsterdam, Netherlands "
Michelangelo Resturante,Restaurant,+31 20 686 7794 ,https://pizzeriamichelangelo.nl/,3.8,135,,"Bos en Lommerweg 154, 1055 EE Amsterdam, Netherlands "
Zenzero Pizzeria,Pizza restaurant,+31 6 20370835 ,https://www.zenzeropizzeria.com/,4.5,138,,"Gerard Callenburgstraat 1, 1055 TV Amsterdam, Netherlands "
Hayai sushi Amsterdam West,Sushi takeaway,+31 20 280 0893 ,https://www.hayaisushi.nl/,2.5,238,,"Bos en Lommerweg 130, 1055 ED Amsterdam, Netherlands "
Ekmekci Bos en Lommerplein,Restaurant,+31 20 308 0025 ,http://www.ekmekci.nl/,4.5,1123,,"Bos en Lommerplein 164, 1055 EK Amsterdam, Netherlands "
Chef Ali,Restaurant,+31 6 44183363 ,,,,,"Bos en Lommerplein 270, 1055 RW Amsterdam, Netherlands "
Tokyo Sushi Bar,Sushi takeaway,+31 20 341 8141 ,http://www.tokyosushibar.nl/,4.3,99,,"Akbarstraat 36, 1061 EC Amsterdam, Netherlands "
Snackbar Désiree,Fast food restaurant,+31 20 358 6868 ,,4.0,69,,"De Rijpstraat 134, 1055 VP Amsterdam, Netherlands "
Delicious Fried Chicken,Hamburger restaurant,+31 6 87253991 ,https://nlcompanies.org/details/delicious-fried-chicken-ChIJb5h,3.1,18,,"Nieuwpoortkade 22, 1055 RX Amsterdam, Netherlands "
Wanica-Exotics,Sandwich shop,+31 20 689 8949 ,https://nlcompanies.org/details/wanicaexotics-ChIJ4Q6,4.3,127,,"Jan van Galenstraat 88HS, 1056 CD Amsterdam, Netherlands "
CALA IRIS Vishandel ( LANGOSTA ),Seafood restaurant,+31 20 618 7100 ,https://www.cala-iris-amsterdam.nl/,4.1,135,,"De Rijpgracht 143, 1056 XN Amsterdam, Netherlands "
Mario's pasta,Restaurant,+31 6 48302909 ,http://mariospasta.nl/,3.8,117,,"Jan Evertsenstraat 101H, 1057 BT Amsterdam, Netherlands "
The Den,Restaurant,+31 20 242 0000 ,https://www.parkinn.com/hotel-amsterdam-west/restaurants?facilitatorId=CSOSEO&csref=org_gmb_sk_en_sn_ho_AMSPD-res,3.0,64,,"La Guardiaweg 59, 1043 GM Amsterdam, Netherlands "
TonTon Club Westergas,Restaurant,+31 6 15045754 ,http://www.tontonclub.nl/,4.2,1716,,"Polonceaukade 27, 1014 DA Amsterdam, Netherlands "
Banketbakkerij Rijkhoff B.V.,Bakery,+31 20 684 6457 ,https://rijkhoffbanket.nl/,4.7,440,,"Bos en Lommerweg 319, 1055 DZ Amsterdam, Netherlands "
Foodlovers Snackbar,Fast food restaurant,+31 20 770 1684 ,,3.3,17,,"Jan van Galenstraat 260, 1061 AZ Amsterdam, Netherlands "
pfc dolopi,Fast food restaurant,+31 20 247 5564 ,https://pfcdolopi.nl/,2.6,12,,"Nieuwpoortkade 22, 1055 RX Amsterdam, Netherlands "
Lonso,Restaurant,+31 6 27158509 ,,,,,"Willem de Zwijgerlaan 371, 2, 1055 RC Amsterdam, Netherlands "
KFC,Fast food restaurant,+31 20 488 9362 ,http://www.kfc.nl/,3.6,1785,,"Gulden Winckelplantsoen 3, 1055 EK Amsterdam, Netherlands "
Perfecto Restaurant,Egyptian restaurant,+31 6 45151211 ,,5.0,10,,"Willem de Zwijgerlaan 350, 3i, 1055 RD Amsterdam, Netherlands "
Gustà Amsterdam | (Italian) Delivery restaurant,Northern Italian restaurant,+31 6 85573974 ,https://www.ubereats.com/store/gusta/sH2uRhyTSsq0NxhXSb6srg?diningMode=DELIVERY&pl=JTdCJTIyYWRkcmVzcyUyMiUzQSUyMktpbmtlcnN0cmFhdCUyMiUyQyUyMnJlZmVyZW5jZSUyMiUzQSUyMkVpbExhVzVyWlhKemRISmhZWFFzSURFd05UTWdRVzF6ZEdWeVpHRnRMQ0JPWlhSb1pYSnNZVzVrY3lJdUtpd0tGQW9TQ1JmWGZSamdDY1pIRVV2MVBPVmdyc0JMRWhRS0VnbFZkNXFVdFRfR1J4R05yOEMzVFAwQVpnJTIyJTJDJTIycmVmZXJlbmNlVHlwZSUyMiUzQSUyMmdvb2dsZV9wbGFjZXMlMjIlMkMlMjJsYXRpdHVkZSUyMiUzQTUyLjM2NjExNjElMkMlMjJsb25naXR1ZGUlMjIlM0E0Ljg2ODIzNiU3RA==&utm_source=menu-maker,4.9,24,,"Jan Evertsenstraat 98, 1056 EH Amsterdam, Netherlands "
Tweede Thuys,Restaurant,+31 20 891 4750 ,https://tweedethuys.nl/,4.7,489,,"Postjesweg 7, 1057 DT Amsterdam, Netherlands "
Bar Baarsch,Restaurant,+31 20 618 1970 ,http://www.barbaarsch.nl/,4.3,1204,,"Jan Evertsenstraat 91, 1057 BS Amsterdam, Netherlands "
Benji's,Lunch restaurant,+31 20 362 1455 ,https://benjis.amsterdam/restaurant/benjis-west/breakfast-lunch-brunch,4.4,816,,"Baarsjesweg 188, 1057 HR Amsterdam, Netherlands "
Tropico Latin Flavors - Restaurante Colombiano,Restaurant,+31 6 47773057 ,https://www.tropicolatinflavors.com/,4.6,1449,,"Hoofdweg 294, 1057 DK Amsterdam, Netherlands "
September Amsterdam,Wine bar,+31 20 854 3475 ,https://septemberamsterdam.nl/,5.0,182,,"Baffinstraat 1, 1057 SV Amsterdam, Netherlands "
Pera restaurant Grillroom,Restaurant,+31 20 683 4311 ,http://www.restaurantpera.nl/,4.4,537,,"Jan Evertsenstraat 86, 1056 EG Amsterdam, Netherlands "
Sumakh & Roses,Restaurant,+31 6 45342090 ,https://many.bio/sumakhandroses,5.0,86,,"Jan van Galenstraat 309, 1056 CB Amsterdam, Netherlands "
Pide Dünyasi,Turkish restaurant,+31 6 43441405 ,https://www.pidedunyasiamsterdam.nl/,4.5,940,,"Postjesweg 104, 1057 DA Amsterdam, Netherlands "
Broodje Daan,Sandwich shop,+31 20 683 0586 ,http://www.broodjedaan.nl/,4.7,626,,"Jan van Galenstraat 219, 1056 TG Amsterdam, Netherlands "
Turks restaurant Ufuk Amsterdam,Turkish restaurant,+31 20 689 2574 ,,4.2,619,,"Jan Evertsenstraat 64, 1056 DP Amsterdam, Netherlands "
Ram's Roti,Surinamese restaurant,+31 20 683 1499 ,http://ramsroti.nl/,4.3,690,,"Jan van Galenstraat 107, F, 1056 BK Amsterdam, Netherlands "
De Biertuin Mercatorplein,Restaurant,+31 20 233 9796 ,http://debiertuin.nl/,4.4,370,,"Jan Evertsenstraat 135, 1057 BV Amsterdam, Netherlands "
Lunch Hoek,Restaurant,+31 20 412 5846 ,https://www.lunch-hoek-amsterdam.nl/,4.3,140,,"Jan Evertsenstraat 155, 1057 BW Amsterdam, Netherlands "
Konya Etliekmek,Turkish restaurant,+31 20 845 1148 ,https://www.konyaetliekmek.nl/,4.6,554,,"Jan Evertsenstraat 25, 1057 BM Amsterdam, Netherlands "
Jerk Bay,Jamaican restaurant,+31 20 786 1074 ,https://jerkbay.com/,4.4,330,,"Mercatorplein 5H, 1057 BX Amsterdam, Netherlands "
SLA,Restaurant,+31 20 896 7924 ,http://www.ilovesla.com/,4.1,128,,"Admiraal de Ruijterweg 63, 1057 JX Amsterdam, Netherlands "
PizzaPezzi,Pizza restaurant,+31 6 25180067 ,http://pizzapezzi.nl/,5.0,51,,"Jan Evertsenstraat 65HS, 1057 BP Amsterdam, Netherlands "
Eetcafé Baraka,Restaurant,+31 20 779 0112 ,http://eetcafebaraka.nl/,4.4,101,,"Jan Evertsenstraat 67, 1057 BP Amsterdam, Netherlands "
Cafe Plan West,Pub,+31 6 42504038 ,http://www.cafeplanwest.nl/,4.4,218,,"Witte de Withstraat 188, 1057 ZL Amsterdam, Netherlands "
Iets Aparts,Lunch restaurant,+31 6 34237132 ,http://www.iets-aparts.nl/,4.8,309,,"Postjesweg 122-H, 1057 EH Amsterdam, Netherlands "
SORA Sapporo Ramen - West,Ramen restaurant,+31 20 239 0780 ,https://www.instagram.com/ramen_sora_westams,4.5,489,,"Marco Polostraat 223H, 1056 DL Amsterdam, Netherlands "
Buurman De With,Restaurant,+31 20 262 3883 ,http://buurman-amsterdam.pizza/,4.6,181,,"Witte de Withstraat 102, 1057 PS Amsterdam, Netherlands "
Steakhouse Pizzeria Baarsjes,Pizza restaurant,+31 20 737 2128 ,https://nlcompanies.org/details/steakhouse-pizzeria-baarsjes-ChIJFRH,4.2,363,,"Postjesweg 4, 1057 XD Amsterdam, Netherlands "
BARTACK,Restaurant,+31 20 261 6969 ,https://www.bartack.nl/,3.9,718,,"Postjesweg 124, 1057 EH Amsterdam, Netherlands "
Café Felperlaan,Restaurant,+31 20 303 0507 ,https://cafefelperlaan.nl/,4.4,136,,"Hoofdweg 141, 1057 CN Amsterdam, Netherlands "
Braai Westerpark,Restaurant,+31 20 223 6020 ,http://www.braaiamsterdam.nl/,4.4,730,,"Van Limburg Stirumstraat 14A, 1051 BB Amsterdam, Netherlands "
Brouwerij Troost Westergas,Restaurant,+31 20 737 1028 ,http://brouwerijtroost.nl/,4.4,1895,,"Pazzanistraat 27, 1014 DA Amsterdam, Netherlands "
Bakkerswinkel Westerpark Amsterdam,Restaurant,+31 20 688 0632 ,http://www.bakkerswinkelwesterpark.nl/,4.4,1023,,"Polonceaukade 1&2, 1014 DA Amsterdam, Netherlands "
Restaurant Bar Kantoor,Restaurant,+31 20 820 3331 ,http://www.barkantoor.nl/?utm_medium=cpc&utm_source=googlemybusiness&utm_campaign=barkantoor,4.1,933,,"Haarlemmerweg 8, 1014 BE Amsterdam, Netherlands "
Ristorante La Tarantella,Italian restaurant,+31 20 358 5517 ,http://www.latarantella.nl/,4.9,186,,"Bentinckstraat 32, 1051 GL Amsterdam, Netherlands "
Rainarai Westerpark,North African restaurant,+31 20 486 7109 ,http://www.rainarai.nl/,4.0,673,,"Polonceaukade 40, 1014 DA Amsterdam, Netherlands "
Cafe Nassau,Restaurant,+31 20 684 3562 ,http://cafenassau.com/,4.4,583,,"De Wittenkade 105A, 1052 BL Amsterdam, Netherlands "
Mitsos Greek Traiterie,Greek restaurant,+31 20 684 2344 ,https://www.mitsos.nl/,4.9,779,,"Tweede Hugo de Grootstraat 25, 1052 LB Amsterdam, Netherlands "
Piccola Storia,Pizza restaurant,+31 20 786 4947 ,https://www.piccolastoriaamsterdam.nl/,4.9,379,,"Bentinckstraat 30, 1051 GL Amsterdam, Netherlands "
30ML Coffee & Food Westerpark,Lunch restaurant,+31 20 775 3258 ,http://30ml.nl/,4.5,319,,"Van Noordtstraat 26, 1013 SM Amsterdam, Netherlands "
Pazzi Westerpark,Pizza restaurant,+31 20 723 2265 ,https://www.pazziamsterdam.nl/,4.7,105,,"Van Limburg Stirumplein 20, 1051 BE Amsterdam, Netherlands "
Westergasterras,Restaurant,+31 20 684 8496 ,http://www.westergasterras.nl/,4.1,667,,"Klönneplein 6, 1014 DD Amsterdam, Netherlands "
Chef yamen to go,Restaurant,+31 6 42405984 ,http://chefyamen2go.nl/,4.9,267,,"Jan van Galenstraat 33, 1051 KM Amsterdam, Netherlands "
Morris & Bella,Restaurant,+31 20 475 2046 ,https://www.morrisenbella.nl/,4.8,253,,"Nova Zemblastraat 586, 1013 RP Amsterdam, Netherlands "
Burger 'n Shake Westerpark,Hamburger restaurant,+31 20 237 1635 ,https://bestel.burgernshake.nl/burgers-bestellen-westerpark/menu,4.0,264,,"Van Limburg Stirumstraat 24A, 1051 BC Amsterdam, Netherlands "
Queen of Sheba,Ethiopian restaurant,+31 20 221 8765 ,https://queenofsheba.nl/,4.7,425,,"Eerste Nassaustraat 32, 1052 BH Amsterdam, Netherlands "
Grand Café Het Paviljoen,Restaurant,+31 20 486 9124 ,http://hetpaviljoen.amsterdam/,4.5,166,,"Van Beuningenplein 21, 1051 VS Amsterdam, Netherlands "
Dandy Burger,Hamburger restaurant,+31 20 786 7180 ,http://www.dandyburger.nl/,5.0,443,,"Van der Hoopstraat 94h, 1051 VL Amsterdam, Netherlands "
La Piccola Baracca,Italian restaurant,+31 20 337 7233 ,https://lapiccolabaracca.com/,4.5,429,,"Hugo de Grootplein 10 H, 1052 KW Amsterdam, Netherlands "
Juhique,Restaurant,+31 20 224 6366 ,http://www.juhique.nl/,5.0,143,,"Van der Hoopstraat 96H, 1051 VL Amsterdam, Netherlands "
Bar Coco Vin,Pizza restaurant,+31 6 41434124 ,https://barcoco.nl/,4.4,232,,"Pazzanistraat 10, 1014 DC Amsterdam, Netherlands "
Hembrug & Zaandammer - Buurt Restaurant,Restaurant,+31 6 40583200 ,https://www.mbuffet.nl/,4.7,24,,"Hembrugstraat 156, 1013 ZD Amsterdam, Netherlands "
Oakberry Acai Amsterdam - Westerpark,Health food restaurant,+31 20 779 3885 ,http://www.oakberry.com/en-NL#stores,4.6,172,,"Van Hallstraat 238, 1051 HL Amsterdam, Netherlands "
Bar Hout,Restaurant,+31 6 25233574 ,https://www.barhout.nl/,4.5,433,,"Revaleiland 1, 1014 ZG Amsterdam, Netherlands "
Restaurant Two Chefs,Restaurant,+31 20 772 2795 ,https://twochefsbrewing.com/location/restaurant-two-chefs/293,4.4,554,,"Hugo de Grootplein 11, 1052 KV Amsterdam, Netherlands "
Orient Kitchen,Asian restaurant,+31 20 223 6658 ,http://orientkitchen.nl/,4.7,56,,"Spaarndammerstraat 35h, 1013 SR Amsterdam, Netherlands "
"I.M.T. - Io, Mammeta e Tu",Pizza restaurant,+31 20 364 3355 ,https://www.ubereats.com/nl/store/io-mammeta-e-tu/-DTuAAajS_6n1FMU5Sqdfg,4.9,303,,"Oostzaanstraat 98, 1013 WN Amsterdam, Netherlands "
Nando Italian Bistro,Italian restaurant,+31 20 218 4145 ,https://www.nandoitalianbistro.com/,4.2,111,,"Haarlemmerweg 369a, 1051 LH Amsterdam, Netherlands "
Two Chefs Taproom,Brewpub,+31 20 772 2795 ,http://twochefsbrewing.com/taproom,4.7,111,,"Hugo de Grootplein 7, 1052 KV Amsterdam, Netherlands "
Pie-Nong Thai,Thai restaurant,+31 6 44105074 ,http://www.bestelthaiseten.nl/,4.6,180,,"Nassaukade 54t/o, 1052 CN Amsterdam, Netherlands "
Croissanterie Balans,Breakfast restaurant,+31 6 39562739 ,,4.9,78,,"Schaepmanstraat 1, 1051 JC Amsterdam, Netherlands "
VESSEL,Restaurant,+31 20 246 1599 ,http://www.vesselamsterdam.nl/,4.4,652,,"Revaleiland 500, 1014 ZG Amsterdam, Netherlands "
Ama Sushi & Ramen,Sushi restaurant,+31 20 341 8480 ,http://www.amasushi.nl/,4.5,192,,"Van Limburg Stirumstraat 107, 1051 BA Amsterdam, Netherlands "
De Pizzabakkers Spaarndammerstraat,Pizza restaurant,+31 20 223 4824 ,https://www.depizzabakkers.nl/vestigingen/amsterdam-spaarndammer/,4.2,316,,"Spaarndammerstraat 51H, 1013 ST Amsterdam, Netherlands "
Ristorante Pizzeria Giordano,Pizza restaurant,+31 20 686 1804 ,http://www.ristorantegiordano.nl/,4.2,260,,"De Wittenkade 91, 1052 AE Amsterdam, Netherlands "
Top Thai Thuis Bangkok Streetfood,Thai restaurant,+31 20 688 1305 ,http://www.topthaithuis.nl/,4.1,90,,"Tweede Nassaustraat 3, 1052 BJ Amsterdam, Netherlands "
Chickadee's,Restaurant,+31 20 233 7843 ,https://www.chickadeeschicken.nl/,4.6,333,,"Frederik Hendrikstraat 71H, 1052 HL Amsterdam, Netherlands "
TapasTheater,Tapas restaurant,+31 20 775 9425 ,https://www.tapastheater.nl/,5.0,2,,"Van Hallstraat 286, 1051 HM Amsterdam, Netherlands "
Robin Food Kollektief,Vegan restaurant,+31 6 12101233 ,http://robinfoodkollektief.nl/,4.7,196,,"Frederik Hendrikstraat 111A, 1052 HN Amsterdam, Netherlands "
45 Yummie Sushi & Bowls,Japanese restaurant,+31 20 239 0168 ,https://www.yummiesushi.nl/,4.7,160,,"Spaarndammerstraat 45hs, 1013 ST Amsterdam, Netherlands "
Brasserie George,Restaurant,+31 20 261 3857 ,https://www.brasseriegeorge.nl/,4.2,93,,"Houthavenkade 103, 1014 ZB Amsterdam, Netherlands "
Café Pontsteiger,Restaurant,+31 20 810 1840 ,,3.9,31,,"Pontsteiger 343, 1014 ZP Amsterdam, Netherlands "
New York Pizza,Pizza delivery,+31 20 226 0052 ,https://www.newyorkpizza.nl/?utm_medium=organic&utm_source=GMBlisting,2.8,132,,"Van Limburg Stirumstraat 67, 1051 BA Amsterdam, Netherlands "
Vleesch Noch Visch,Vegetarian restaurant,+31 6 40307785 ,http://www.vleeschnochvisch.com/,4.5,362,,"Schaepmanstraat 2, 1051 JC Amsterdam, Netherlands "
KOH - Kitchen of Happiness,Restaurant,+31 20 820 0673 ,https://www.kohkitchen.nl/,4.3,714,,"Krijn Taconiskade 372, 1087 HW Amsterdam, Netherlands "
Brasserie Vrijburcht,Brasserie,+31 20 737 3169 ,https://brasserievrijburcht.nl/,4.4,755,,"Jan Olphert Vaillantlaan 159, 1086 XZ Amsterdam, Netherlands "
"La Contessa, Ristorante Italiano & Gelateria",Restaurant,+31 20 235 1182 ,http://lacontessaamsterdam.nl/,4.0,415,,"Cruquiusweg 83A, 1019 AT Amsterdam, Netherlands "
Boulevard Café,Restaurant,+31 20 693 3299 ,http://www.boulevardcafe.nl/,4.3,342,,"Cruquiusweg 3, 1019 AT Amsterdam, Netherlands "
Anne&Max Amsterdam Zeeburg,Breakfast restaurant,+31 6 20976344 ,https://www.annemax.nl/vestigingen/amsterdam-zeeburg/,4.2,644,,"Oostelijke Handelskade 1001, 1019 CZ Amsterdam, Netherlands "
La Fucina,Pizza restaurant,+31 20 337 9897 ,http://www.lafucina.nl/,4.4,613,,"Javastraat 99, 1094 HC Amsterdam, Netherlands "
Delirium Cafe Amsterdam,Pub,+31 20 811 0381 ,https://deliriumcafeamsterdam.nl/%20en%20https://waterfrontamsterdam.nl,3.9,1635,,"Piet Heinkade 4, 1019 BR Amsterdam, Netherlands "
Bar & Kitchen De Zuid,Restaurant,+31 20 362 8776 ,http://www.dezuid.amsterdam/,4.4,603,,"Azartplein 2-A, 1019 PD Amsterdam, Netherlands "
BLUEY'S Coffee & Kitchen,Brunch restaurant,+31 6 25328946 ,,4.5,263,,"Eef Kamerbeekstraat 182, 1095 MP Amsterdam, Netherlands "
MyEtles Uyghur Restaurant,Uyghur cuisine restaurant,+31 6 48247129 ,,4.7,110,,"Insulindeweg 513, 1095 CV Amsterdam, Netherlands "
Eiburgh Snacks,Fast food restaurant,+31 6 19069650 ,http://eiburgh.nl/,4.3,348,,"Zuiderzeeweg 9, 1095 KZ Amsterdam, Netherlands "
Malabar Amsterdam,Cocktail bar,+31 20 236 0000 ,http://malabar.amsterdam/,4.4,335,,"Javakade 766, 1019 SH Amsterdam, Netherlands "
DOK48 | FOOD & DRINKS AMSTERDAM,Restaurant,+31 20 330 6817 ,http://www.dok48.nl/,4.4,489,,"Krijn Taconiskade 328-330, 1087 HW Amsterdam, Netherlands "
La Bruschetta,Italian restaurant,+31 20 226 8308 ,https://bruschetta.amsterdam/,4.6,438,,"Jean Desmetstraat 121, 1087 DH Amsterdam, Netherlands "
Bloem op IJburg,Restaurant,+31 20 416 0677 ,https://www.bloemopijburg.nl/,4.5,274,,"IJburglaan 1289, 1087 GJ Amsterdam, Netherlands "
Caña IJburg,Restaurant,+31 20 771 2554 ,http://cana-ijburg.nl/,4.1,367,,"Krijn Taconiskade 404-406, 1087 HN Amsterdam, Netherlands "
Sababa Amsterdam Oost,Restaurant,+31 20 370 4168 ,http://www.sababa.nu/,4.3,147,,"Krugerplein 2, 1091 KX Amsterdam, Netherlands "
FEBO Amsterdam - Javaplein,Fast food restaurant,+31 20 692 5667 ,https://www.febo.nl/,3.6,330,,"Javaplein 1, 1095 CH Amsterdam, Netherlands "
Vuurtoreneiland,Restaurant,+31 20 362 1664 ,http://vuurtoreneiland.nl/,4.5,478,,"1026 CG Durgerdam, Netherlands "
Sky Bar Amsterdam,Cocktail bar,+31 20 714 2040 ,https://fourelementshotel.com/skybar,4.3,89,,"Bert Haanstrakade 1074, 1087 HJ Amsterdam, Netherlands "
The Marina Club,Restaurant,+31 20 370 1200 ,http://www.themarinaclub.com/,3.6,490,,"Krijn Taconiskade 430, 1087 HW Amsterdam, Netherlands "
Sushito Oost,Restaurant,+31 20 331 9078 ,http://www.sushito.nl/,4.0,174,,"Javastraat 74H, 1094 HL Amsterdam, Netherlands "
Versmarkt Döner kebab,Turkish restaurant,+31 6 83654784 ,,3.8,54,,"Pampuslaan 104, 1087 LA Amsterdam, Netherlands "
Café Restaurant Camping Zeeburg,Restaurant,+31 20 668 6934 ,http://www.caferestaurantzeeburg.nl/,4.1,187,,"Zuider IJdijk 20A, 1095 KN Amsterdam, Netherlands "
De Jonge Admiraal,Cafe,+31 6 28873957 ,http://www.dejongeadmiraal.nl/,4.2,465,,"Javastraat 149, 1094 HE Amsterdam, Netherlands "
Ocakbaşı Koksmuts Cinar,Turkish restaurant,+31 6 20892747 ,https://ocakbasicinar.nl/,4.3,431,,"Javastraat 111, 1094 HD Amsterdam, Netherlands "
Amsterdam Rice House,Restaurant,+31 20 231 0505 ,https://amsterdamricehouse.nl/,4.8,115,,"Javastraat 34h, 1094 HH Amsterdam, Netherlands "
Restaurant Elixer,Restaurant,+31 6 21966195 ,http://restaurantelixer.com/,4.6,381,,"Batjanstraat 1a, 1094 RC Amsterdam, Netherlands "
Cafe Chantilly,Breakfast restaurant,+31 20 737 2753 ,https://www.cafe-chantilly-amsterdam.nl/,4.5,467,,"h, Molukkenstraat 53, 1095 AV Amsterdam, Netherlands "
Lunchroom Barakah,Restaurant,+31 20 308 0046 ,,4.4,57,,"Molukkenstraat 115, 1095 BA Amsterdam, Netherlands "
Eethoek 10 Oost,Sandwich shop,+31 20 210 1807 ,http://www.eethoek10.nl/,4.9,180,,"Insulindeweg 515, 1095 CV Amsterdam, Netherlands "
Yemen Seafood Restaurant مطعم اسماك اليمن,Restaurant,+31 6 10000627 ,http://www.yemenrestaurant.nl/,5.0,21,,"Javastraat 23H, 1094 GZ Amsterdam, Netherlands "
Java Markt,Restaurant,+31 6 43761468 ,,5.0,38,,"Javastraat 84, 1094 HL Amsterdam, Netherlands "
Saray,Restaurant,+31 20 665 1469 ,,4.2,243,,"Javaplein 18, 1094 HE Amsterdam, Netherlands "
Ricardo's,Surinamese restaurant,+31 20 779 1255 ,http://www.eetricardos.nl/,4.2,341,,"Javastraat 47, 1094 HA Amsterdam, Netherlands "
Gangnam chicken,Takeout Restaurant,+31 88 335 5502 ,http://www.gangnamchicken.nl/,4.2,410,,"Eerste Van Swindenstraat 389, 1093 GB Amsterdam, Netherlands "
Ela Palermo,Restaurant,+31 20 663 8685 ,,4.4,201,,"Niasstraat 16, 1095 VA Amsterdam, Netherlands "
Döner van Oost,Turkish restaurant,+31 6 84478538 ,http://www.donervanoost.nl/,4.4,85,,"Sumatrastraat 39, 1094 LN Amsterdam, Netherlands "
Amara May,Thai restaurant,+31 6 86474716 ,https://www.amara-may.nl/,4.6,115,,"Eerste Atjehstraat 106P, 1094 KS Amsterdam, Netherlands "
TSU Greek Pies & Pastries,Greek restaurant,+31 6 44566611 ,http://tsupies.com/,4.9,290,,"Dapperstraat 12 H, 1093 BV Amsterdam, Netherlands "
Sushi Only Amsterdam | Oost,Sushi takeaway,+31 20 737 0408 ,http://www.sushionly.nl/,3.6,92,,"Javastraat 108, 1094 HN Amsterdam, Netherlands "
Pizza'dam oost,Pizza restaurant,+31 20 304 8870 ,http://www.pizzadam.nl/,4.3,502,,"Sumatrastraat 68a, 1094 NH Amsterdam, Netherlands "
turbo,Restaurant,+31 20 692 2506 ,http://turboamsterdam.nl/,4.5,194,,"Reinwardtstraat 1, 1093 GT Amsterdam, Netherlands "
ZONDAG,Breakfast restaurant,+31 20 221 8522 ,https://www.eatatzondag.nl/,4.3,58,,"Javastraat 54HS, 1094 HK Amsterdam, Netherlands "
Nina's Kitchen,Catering food and drink supplier,+31 6 54918960 ,http://ninaskitchen.nl/,5.0,2,,"Soendastraat 8-3, 1094 BG Amsterdam, Netherlands "
Kwalitaria Valentijnkade - Amsterdam,Snack bar,+31 20 358 6595 ,http://kwalitaria.nl/?utm_source=google&utm_medium=organic&utm_campaign=organic_gmb,3.2,54,,"Valentijnkade 34, 1094 ST Amsterdam, Netherlands "
Tom Yum Kung,Thai restaurant,+31 20 320 3398 ,,4.0,220,,"Oostenburgergracht 31, 1018 NA Amsterdam, Netherlands "
Franggo Oost,Chicken restaurant,+31 20 303 3013 ,https://www.franggo.nl/,4.4,47,,"Javaplein 35H, 1095 CJ Amsterdam, Netherlands "
Barlotta Amsterdam,Restaurant,+31 20 233 1257 ,https://barlotta.nl/,4.7,212,,"Conradstraat 142, 1018 NM Amsterdam, Netherlands "
McDonald's,Hamburger restaurant,+31 20 463 5144 ,https://mcdonaldsrestaurant.nl/van-swindenstraat,3.0,1688,,"Eerste Van Swindenstraat 68-70, 1093 GN Amsterdam, Netherlands "
Heart-Garden Waffles & Coffee,Brunch restaurant,+31 20 737 1691 ,https://heart-garden.nl/,4.6,627,,"Czaar Peterstraat 74, 1018 PR Amsterdam, Netherlands "
Cape de L’eau,Fish restaurant,+31 6 17868324 ,,3.8,84,,"Javastraat 71, 1094 HB Amsterdam, Netherlands "
Viswinkel Romero,Seafood restaurant,+31 6 28835430 ,https://www.instagram.com/viswinkel.romero?igsh=MXE0Z3kwNXRjcnZnbw==&utm_source=qr,5.0,6,,"Javastraat 71H, 1094 HB Amsterdam, Netherlands "
KFC,Fast food restaurant,+31 20 663 9666 ,http://www.kfc.nl/,2.9,1412,,"Eerste Van Swindenstraat 371, 1093 GB Amsterdam, Netherlands "
Wonny's Eethuis,Surinamese restaurant,+31 20 663 1839 ,,3.5,90,,"Maritzstraat 28, 1091 KW Amsterdam, Netherlands "
Pasta osso,Restaurant,+31 6 16328474 ,https://nlcompanies.org/details/pasta-osso-ChIJleo,5.0,11,,"Wagenaarstraat 16h, 1093 CR Amsterdam, Netherlands "
Antep Sofrasi Restaurant,Turkish restaurant,+31 20 337 8499 ,https://holmsi.org/details/antep-sofrasi-restaurant-ChIJSUI,3.9,91,,"Borneostraat 92A, 1094 CP Amsterdam, Netherlands "
't Vliegertje,Restaurant,+31 20 679 8480 ,http://www.vliegertje.nl/,4.6,1028,,"Scheldestraat 79, 1078 GH Amsterdam, Netherlands "
De Nieuwe RAI,Lunch restaurant,+31 20 679 1612 ,http://broodjeszaakdenieuwerai.nl/,4.3,759,,"Europaplein 1, 1078 GS Amsterdam, Netherlands "
Mi Sueño,Argentinian restaurant,+31 20 471 1103 ,http://www.mi-sueno.nl/,4.5,809,,"Maasstraat 40, 1078 HK Amsterdam, Netherlands "
Knabbel en Babbel,Bistro,+31 20 337 5259 ,http://www.knabbel-babbel.nl/,4.6,476,,"Europaplein 59, 1078 GW Amsterdam, Netherlands "
At Seven,Brunch restaurant,+31 20 670 9295 ,http://at7online.nl/new/contact/,4.4,554,,"Scheldestraat 92, 1078 GN Amsterdam, Netherlands "
GOOS Amsterdam,Diner,+31 20 679 3443 ,http://www.goos.amsterdam/,4.3,518,,"Maasstraat 74, 1078 HL Amsterdam, Netherlands "
Tap Zuid,Diner,+31 20 205 2002 ,http://www.tapzuid.amsterdam/,4.3,1127,,"Maasstraat 70, 1078 HL Amsterdam, Netherlands "
Peperoncino,Southern Italian restaurant,+31 20 363 8484 ,http://peperoncinopizzeria.nl/,4.5,157,,"Maasstraat 54, 1078 HL Amsterdam, Netherlands "
De Uitsmijter,Brunch restaurant,+31 20 233 0909 ,http://www.deuitsmijter.com/,4.1,442,,"Europaplein 71, 1078 GX Amsterdam, Netherlands "
Vascobelo V-bar Rijnstraat,Brasserie,+31 85 888 1465 ,https://vascobelo.com/locaties/v-bar/rijnstraat/l101c15,4.3,595,,"Rijnstraat 117, 1079 HB Amsterdam, Netherlands "
MOKAFE,Brunch restaurant,+31 20 226 9117 ,https://instagram.com/mokafe.amsterdam?igshid=NGVhN2U2NjQ0Yg==,4.9,1194,,"Trompenburgstraat 103, 1079 TS Amsterdam, Netherlands "
Eetcafé De Rijncantine,Diner,+31 20 362 9971 ,http://rijncantine.nl/,4.4,214,,"Trompenburgstraat 147, 1079 TW Amsterdam, Netherlands "
La Maria,Italian restaurant,+31 20 644 0712 ,http://www.restaurantlamaria.com/,4.3,219,,"Vechtstraat 79, 1079 JB Amsterdam, Netherlands "
Café Blek,Pub,+31 20 370 7744 ,http://www.cafeblek.nl/,4.3,357,,"Waalstraat 48, 1078 BV Amsterdam, Netherlands "
Pho Caphe,Vietnamese restaurant,+31 20 337 4506 ,https://phocaphe.nl/,4.4,40,,"Rijnstraat 186, 1079 HS Amsterdam, Netherlands "
Mangiamore (Mangiassai),Pizza restaurant,+31 20 233 1577 ,http://www.mangiamore.nl/,4.5,637,,"Maasstraat 12, 1078 HJ Amsterdam, Netherlands "
IJsland Smaakmakers,Ice cream shop,+31 20 737 2401 ,http://www.ijsland-ijs.nl/,4.6,244,,"Maasstraat 63, 1078 HD Amsterdam, Netherlands "
Krua Buppha Thais Restaurant,Thai restaurant,+31 20 670 2103 ,http://krua-buppha.nl/,4.6,258,,"Van Woustraat 241, 1074 AS Amsterdam, Netherlands "
remouillage,Restaurant,+31 6 15315103 ,http://cafe.remouillage.com/,4.6,168,,"Trompenburgstraat 111, 1079 TV Amsterdam, Netherlands "
Kong Kha,Thai restaurant,+31 20 661 2578 ,http://www.kongkha.nl/,4.3,234,,"Rijnstraat 87, 1079 GZ Amsterdam, Netherlands "
The Foodie Hut,Asian restaurant,+31 20 337 8128 ,https://www.thefoodiehut.nl/,4.8,32,,"Uiterwaardenstraat 138, 1079 CJ Amsterdam, Netherlands "
Am sushi - de Pijp,Sushi takeaway,+31 20 341 9104 ,https://www.amsushidepijp.nl/,3.8,33,,"Van Woustraat 230, 1073 NB Amsterdam, Netherlands "
Mr. Sushi Amsterdam,Sushi restaurant,+31 20 760 1328 ,http://www.mrsushi.nl/,3.3,194,,"Vrijheidslaan 91-93, 1079 KJ Amsterdam, Netherlands "
Sushi Amsterdam,Sushi restaurant,+31 20 787 0777 ,http://www.sushipoint.nl/sushi-amsterdam,3.7,215,,"Scheldestraat 21 H, 1078 GD Amsterdam, Netherlands "
Strandzuid,Restaurant,+31 20 639 2589 ,https://strand-zuid.nl/,4.0,1550,,"Europaplein 22, 1078 GZ Amsterdam, Netherlands "
YanYan | Fly by dumpling house • The Lab,Dumpling restaurant,+31 20 221 3116 ,https://yanyandumplings.com/,4.8,73,,"Rijnstraat 229, 1079 HH Amsterdam, Netherlands "
Roberto's Restaurant Amsterdam,Italian restaurant,+31 20 710 6025 ,http://www.robertosrestaurant.nl/en/,4.4,322,,"Apollolaan 138, 1077 BG Amsterdam, Netherlands "
La Brochette,Restaurant,+31 20 642 8185 ,http://www.la-brochette.nl/,4.4,366,,"Ter Kleef 1, 1081 AH Amsterdam, Netherlands "
Gusto di Casto B.V.,Italian restaurant,+31 20 644 8903 ,http://www.gustodicasto.nl/,4.1,714,,"Van Leijenberghlaan 216, 1082 DC Amsterdam, Netherlands "
Meat Me Kosher // מסעדות כשרות באמסטרדם,Restaurant,+31 20 354 1744 ,https://www.meatmekosher.com/,4.7,858,,"Kastelenstraat 65, 1083 CD Amsterdam, Netherlands "
Bistro G.P. by George,French restaurant,+31 20 337 6663 ,https://bistrogelderlandplein.nl/,4.0,699,,"Van Leijenberghlaan 252, 1082 DC Amsterdam, Netherlands "
Restaurant Korea,Korean restaurant,+31 20 644 5273 ,http://www.restaurant-korea.nl/,4.3,848,,"Van Boshuizenstraat 207-209, 1083 AL Amsterdam, Netherlands "
Wan Shun Restaurant,Chinese restaurant,+31 20 737 1389 ,http://www.wanshunrestaurant.com/,4.5,517,,"Kastelenstraat 110, 1082 EJ Amsterdam, Netherlands "
Wagyu Kanata,Restaurant,+31 20 737 2817 ,https://www.wagyukanata.com/buitenveldert,4.7,793,,"Buitenveldertselaan 158A, 1081 AB Amsterdam, Netherlands "
De Veranda,Restaurant,+31 20 644 5814 ,http://www.deveranda.nl/,4.2,1942,,"Amstelveenseweg 764, 1081 JK Amsterdam, Netherlands "
Restaurant Khan,Korean restaurant,+31 20 646 3722 ,http://www.restaurantkhan.nl/,4.6,494,,"Nederhoven 9, 1083 AM Amsterdam, Netherlands "
't Zusje Amsterdam,Tapas restaurant,+31 20 722 0606 ,https://zusje.nl/onze-zusjes/amsterdam/,4.2,874,,"Van Leijenberghlaan 320, 1082 DD Amsterdam, Netherlands "
Saigon Caphé Gelderlandplein,Vietnamese restaurant,+31 20 661 5395 ,https://www.saigoncaphe.nl/,4.1,795,,"Willem van Weldammelaan 43, 1082 LW Amsterdam, Netherlands "
Kokohili,Sichuan restaurant,+31 20 644 7372 ,http://www.kokohili.net/,4.3,379,,"Nederhoven 7, 1083 AM Amsterdam, Netherlands "
Tanuki,Japanese restaurant,+31 20 661 5400 ,https://amsterdam.izakayatanuki.com/,3.9,710,,"Willem van Weldammelaan 41, 1082 KT Amsterdam, Netherlands "
Le Pain Quotidien,Restaurant,+31 20 362 6996 ,https://lepainquotidien.com/nl/stores/gelderlandplein?utm_source=gmb&utm_medium=business-listing,3.9,611,,"Van Leijenberghlaan 130, 1082 DC Amsterdam, Netherlands "
Domino's Pizza,Pizza restaurant,+31 20 240 0699 ,https://www.dominos.nl/?utm_source=google&utm_medium=local&utm_campaign=yext,3.7,398,,"Arent Janszoon Ernststraat 191, 1083 GV Amsterdam, Netherlands "
China Supreme,Restaurant,+31 6 33447933 ,,4.5,461,,"Buitenveldertselaan 114, 1081 AB Amsterdam, Netherlands "
lePita,Restaurant,+31 20 786 8609 ,http://www.lepita.nl/lepita/menu2024.jpg,4.9,246,,"Kastelenstraat 265, 1082 EG Amsterdam, Netherlands "
Pizza & Co,Pizza restaurant,+31 20 404 4453 ,http://pizzacoamsterdam.com/,4.7,1077,,"Kastelenstraat 105A, 1082 EB Amsterdam, Netherlands "
Hetsal,Korean restaurant,+31 20 358 3297 ,http://hetsalamsterdam.com/,4.8,137,,"Nederhoven 15, 1083 AM Amsterdam, Netherlands "
De Bosbaan,Restaurant,+31 20 404 4869 ,http://www.debosbaan.nl/,4.2,1168,,"Bosbaan 4, 1182 AG Amstelveen, Netherlands "
Bar Valdi Amsterdam Zuid,Bar,+31 20 214 9918 ,http://barvaldi.nl/,4.6,199,,"Antonio Vivaldistraat 3, 1083 HP Amsterdam, Netherlands "
Nam Kee Gelderlandplein,Chinese restaurant,+31 20 895 0818 ,https://www.namkee.nl/,4.1,163,,"Arent Janszoon Ernststraat 587, 1082 LD Amsterdam, Netherlands "
A Bao Time,Asian fusion restaurant,+31 20 221 2444 ,http://www.abaotime.nl/,4.4,73,,"Buitenveldertselaan 46, 1081 HH Amsterdam, Netherlands "
Ciao á Tutti,Italian restaurant,+31 20 358 4955 ,http://www.ciao-atutti.nl/,4.0,143,,"Buitenveldertselaan 30, 1081 AA Amsterdam, Netherlands "
RESTAURANT URBN FOOD & DRINK,Restaurant,+31 20 541 1123 ,https://www.novotelamsterdamcity.com/restaurant/,3.2,57,,"Europaboulevard 10, 1083 AD Amsterdam, Netherlands "
YALA EAT,Restaurant,+31 6 17426936 ,https://nlcompanies.org/details/yala-eat-ChIJi0y,4.4,145,,"Buitenveldertselaan 158g, 1081 AB Amsterdam, Netherlands "
Vallée Amsterdam - VALLEY,Sandwich shop,+31 20 261 5555 ,http://vallee.amsterdam/,4.5,21,,"Beethovenstraat 485, 1083 HK Amsterdam, Netherlands "
Le Grand George,Restaurant,+31 20 773 0109 ,http://www.legrandgeorge.nl/,3.8,89,,"Gustav Mahlerplein 14, 1082 MA Amsterdam, Netherlands "
7EVEN,Restaurant,+31 6 43014460 ,,4.4,32,,"Claude Debussylaan 33, 1082 MG Amsterdam, Netherlands "
Tjin's Gelderlandplein,Takeout Restaurant,+31 20 404 2175 ,,4.0,305,,"Willem van Weldammelaan 9-b, 1082 KT Amsterdam, Netherlands "
Yuan’s Hot Pot Amsterdam Valley 袁记串串香山谷店,Hot pot restaurant,+31 6 38866883 ,https://www.yuanhotpot.com/,4.9,1014,,"Beethovenstraat 633, 1083 HK Amsterdam, Netherlands "
BLUEY'S Coffee & Kitchen,Brunch restaurant,+31 6 25328946 ,,5.0,26,,"Strawinskylaan 67, 1077 XW Amsterdam, Netherlands "
SLA,Restaurant,+31 20 233 3490 ,http://www.ilovesla.com/,4.1,143,,"Claude Debussylaan 35, 1082 MC Amsterdam, Netherlands "
"Symphony's bar, brasserie en restaurant",Bar & grill,+31 20 646 4703 ,http://www.symphonys.nl/,4.3,60,,"George Gershwinlaan 22-28, 1082 MS Amsterdam, Netherlands "
De Pizzabakkers Zuidas,Pizza restaurant,+31 20 341 3545 ,https://www.depizzabakkers.nl/vestigingen/amsterdam-zuidas/,4.3,462,,"Beethovenstraat 553, 1083 HK Amsterdam, Netherlands "
Java Kuliner,Indonesian restaurant,+31 20 354 7132 ,,4.0,125,,"Buitenveldertselaan 182, 1081 AC Amsterdam, Netherlands "
Papa's Loft House,Restaurant,+31 20 517 5339 ,https://papashouses.com/papas-loft-house/,4.1,107,,"Arent Janszoon Ernststraat 577, 1082 LD Amsterdam, Netherlands "
Sushi Sando Amsterdam,Sushi restaurant,+31 6 45685937 ,https://sushisando.nl/,4.1,21,,"Claude Debussylaan 33, 1082 MG Amsterdam, Netherlands "
Granelli Pizza & Pasta (ZUIDAS),Pizza restaurant,+31 6 84926726 ,https://www.granellikitchen.nl/,4.4,55,,"Claude Debussylaan 33, 1082 MG Amsterdam, Netherlands "
BACK,Health food restaurant,+31 20 337 5631 ,https://www.back-food.nl/,4.4,186,,"Gustav Mahlerlaan 151, 1082 MK Amsterdam, Netherlands "
Kagetsu III,Japanese restaurant,+31 20 337 9383 ,https://kagetsu3.blogspot.com/,4.2,136,,"Kastelenstraat 268, 1082 EJ Amsterdam, Netherlands "
Doppio Espresso Amsterdam Zuidas,Espresso bar,+31 6 82269164 ,https://www.doppio-espresso.nl/Vestigingen/amsterdam-zuidas.html,4.5,308,,"Gustav Mahlerlaan 16, 1082 LS Amsterdam, Netherlands "
Manhattan Lounge - Bar,Bar,+31 20 504 3666 ,https://manhattanbar.nl/,4.4,195,,"George Gershwinlaan 101, 1082 MT Amsterdam, Netherlands "
Huize van Wely Gelderlandplein,Patisserie,+31 20 644 1392 ,http://www.huizevanwely.nl/,4.4,112,,"Gelderlandplein 173, 1082 KR Amsterdam, Netherlands "
Personeelsrestaurant Het Plein,Restaurant,+31 20 444 4651 ,https://www.amsterdamumc.nl/nl/locatie-vumc/winkels-en-horeca.htm,3.9,66,,"De Boelelaan 1117, 1081 HV Amsterdam, Netherlands "
Klein Kalfje,Restaurant,+31 20 823 1844 ,https://kleinkalfje.nl/,3.7,1012,,"Amsteldijk Noord 355, 1083 AB Amsterdam, Netherlands "
Dagelijks Lekker,Sandwich shop,+31 20 331 5621 ,http://www.dagelijkslekker.nl/,4.1,129,,"Claude Debussylaan 265, 1082 MC Amsterdam, Netherlands "
Mech make & take B.V.,Lunch restaurant,+31 20 422 6303 ,https://www.mech.nl/,3.9,188,,"Claude Debussylaan 35, 1082 MC Amsterdam, Netherlands "
Sushito Zuidas,Sushi takeaway,+31 20 890 5630 ,http://www.sushito.nl/,3.4,172,,"Parnassusweg 851, 1082 LZ Amsterdam, Netherlands "
Che Buono,Italian restaurant,+31 20 881 3131 ,http://www.chebuono.nl/,3.6,106,,"Strawinskylaan 77, 1077 XX Amsterdam, Netherlands "
Smullers,Fast food restaurant,+31 20 410 9700 ,https://www.smullers.nl/,3.3,221,,"Spoorslag 21, 1082MM, 1082 MM Amsterdam, Netherlands "
"Dé Brasserie, Begraafplaats Buitenveldert",Restaurant,+31 20 662 9890 ,https://netdetails.org/details/d-brasserie-begraafplaats-buitenveldert-ChIJBXk,3.8,4,,"Fred. Roeskestraat 103, 1076 EE Amsterdam, Netherlands "
Sushi Daily,Sushi takeaway,+31 20 642 3794 ,http://www.sushidaily.nl/?utm_source=google&utm_medium=local&utm_content=NL&utm_term=NL0001,3.9,14,,"Gelderlandplein 47, 1082 KZ Amsterdam, Netherlands "
Momo Factory,Momo restaurant,+31 6 29770011 ,https://momofactory.nl/,,,,"Buitenveldertselaan 28, 1081 AA Amsterdam, Netherlands "
New York Pizza,Pizza delivery,+31 20 404 5555 ,https://www.newyorkpizza.nl/?store=24&utm_medium=organic&utm_source=GMBlisting,3.6,244,,"Buitenveldertselaan 44, 1081 HH Amsterdam, Netherlands "
Hello Vietnam,Vietnamese restaurant,+31 6 21233249 ,,3.8,50,,"Claude Debussylaan 33, 1082 MG Amsterdam, Netherlands "
Burger Kitchen,Hamburger restaurant,+31 20 225 0172 ,https://www.burgerkitchen.com/,2.7,6,,"Buitenveldertselaan 44, 1081 AA Amsterdam, Netherlands "
Keuken & Bar,Restaurant,+31 20 215 3454 ,https://keukenbar.amsterdam/,3.5,56,,"Professor W.H. Keesomlaan 14, 1183 DJ Amsterdam, Netherlands "
Vermaat Winkels/Restaurants Holding B.V.,Restaurant,+31 20 444 4229 ,http://www.vermaatgroep.nl/,2.4,19,,"De Boelelaan 1117, 1081 HV Amsterdam, Netherlands "
Hind Cooking,Middle Eastern restaurant,+31 6 84936749 ,http://hindcooking.nl/,4.8,74,,"Claude Debussylaan 2, 1082 MD Amsterdam, Netherlands "
Wild & The Moon,Health food restaurant,+31 20 237 6399 ,http://www.wildandthemoon.nl/,4.3,113,,"Arnold Schönberglaan 9, 1082 MJ Amsterdam, Netherlands "
Nino’s Surinam food,Restaurant,+31 20 364 2380 ,http://www.ninosfood.nl/,4.4,72,,"Gustav Mahlerlaan 149, 1082 MK Amsterdam, Netherlands "
Broodje Snackbar Tip-Top,Family restaurant,+31 20 644 2482 ,,4.0,121,,"Kastelenstraat 71, 1083 CC Amsterdam, Netherlands "
Lebkov & Sons Zuidas,Cafe,+31 20 800 6638 ,http://www.lebkov.nl/,3.6,125,,"Claude Debussylaan 130, 1082 MD Amsterdam, Netherlands "
Restaurant Amstelle,Restaurant,+31 20 800 1100 ,http://restaurantamstelle.nl/,4.5,309,,"Joan Muyskenweg 20, 1096 CJ Amsterdam, Netherlands "
Rascasse,Seafood restaurant,+31 20 412 7933 ,http://www.rascasseamsterdam.nl/,4.6,398,,"Eerste Oosterparkstraat 76, 1091 HE Amsterdam, Netherlands "
SLA,Restaurant,+31 20 233 7705 ,http://www.ilovesla.com/,4.2,266,,"Middenweg 55B, 1098 AD Amsterdam, Netherlands "
Tramrestaurant AmsterTram - Taste the City,Restaurant,+31 20 369 5919 ,https://amstertram.nl/,4.9,44,,"Julianaplein, 1097 DN Amsterdam, Netherlands "
KhanzKitchen,Restaurant,+31 6 42392799 ,,4.9,152,,"Wethouder Frankeweg 11h, 1098 KV Amsterdam, Netherlands "
Dough Studio by Pizza Project,Lunch restaurant,+31 20 303 6089 ,https://www.doughstudio.nl/,4.8,205,,"Eerste Oosterparkstraat 7H, 1091 GT Amsterdam, Netherlands "
Baking Lab Amsterdam,Bakery,+31 20 240 0158 ,https://www.bakinglab.nl/,4.5,457,,"Linnaeusstraat 99, 1093 EL Amsterdam, Netherlands "
Cobo Club,Restaurant,+31 6 22636511 ,https://cobo.club/,4.8,27,,"Marcusstraat 55, 1091 TJ Amsterdam, Netherlands "
Amstel Restaurant,Brasserie,+31 20 622 6060 ,https://www.amstelhotel.com/nl/restaurant-bar/,4.4,241,,"Professor Tulpplein 1, 1018 GX Amsterdam, Netherlands "
Pizzeria Magna,Pizza restaurant,+31 20 665 5967 ,,4.7,313,,"Ruyschstraat 42 H, 1091 CD Amsterdam, Netherlands "
Piramide 1,Restaurant,+31 20 693 5242 ,https://nlnavii.org/details/piramide-1-ChIJQT-,4.3,58,,"Beukenweg 8, 1091 KD Amsterdam, Netherlands "
FEBO Amsterdam - Daniël Goedkoopstraat,Fast food restaurant,+31 20 737 1576 ,https://www.febo.nl/,3.8,422,,"Daniël Goedkoopstraat 13B, 1096 BD Amsterdam, Netherlands "
Italian District,Italian restaurant,+31 20 226 9444 ,https://www.italiandistrict.nl/,4.1,83,,"Helmholtzstraat 58, 1098 LL Amsterdam, Netherlands "
Floor Restaurant & Lounge,Restaurant,+31 20 721 9176 ,https://restaurants.accorhotels.com/nl/restaurant-1244_R005-floor-restaurant-lounge-amsterdam.shtml,4.0,53,,"Joan Muyskenweg 10, 1096 CJ Amsterdam, Netherlands "
George Marina,Asian restaurant,+31 20 894 5373 ,https://georgemarina.nl/,3.6,1004,,"Spaklerweg 10A, 1096 BA Amsterdam, Netherlands "
Grieks Restaurant Athene,Greek restaurant,+31 20 665 0057 ,http://www.grieks-restaurant-athene.nl/,3.6,433,,"Weesperzijde 42, 1091 EE Amsterdam, Netherlands "
Eetcafé Oerknal,Diner,+31 20 240 6411 ,https://eetcafeoerknal.nl/,4.4,98,,"Science Park 306, 1098 XH Amsterdam, Netherlands "
AmsterTram (opstapplaats) - Tram Restaurant,Restaurant,+31 20 369 5919 ,https://amstertram.nl/,5.0,4,,"Julianaplein, 1097 DN Amsterdam, Netherlands "
Sushi Daily - vitrine,Sushi takeaway,+31 20 693 0611 ,http://www.sushidaily.nl/?utm_source=google&utm_medium=local&utm_content=NL&utm_term=NL0051,5.0,1,,"Land van Cocagneplein 3, 1093 NB Amsterdam, Netherlands "
Restaurant Merza,Turkish restaurant,+31 20 416 1649 ,http://www.restaurantmerza.nl/,4.4,680,,"IJburglaan 1491, 1087 KM Amsterdam, Netherlands "
NAP Amsterdam,Restaurant,+31 20 416 4000 ,http://www.napamsterdam.nl/,4.4,765,,"Krijn Taconiskade 124, 1087 HV Amsterdam, Netherlands "
Vitaria Eeterij Family Amsterdam IJburg,Cafeteria,+31 20 416 5588 ,http://www.family-ijburg.nl/,3.8,325,,"IJburglaan 1363, 1087 JJ Amsterdam, Netherlands "
Gouden Kom IJburg,Chinese restaurant,+31 20 416 6775 ,http://degoudenkom.foodticket.nl/foodticket/cgi/bestel.cgi,3.9,157,,"Daguerrestraat 51, 1087 BR Amsterdam, Netherlands "
Restaurant FIVE,Restaurant,+31 20 714 2040 ,https://fourelementshotel.com/restaurant/,4.1,105,,"Bert Haanstrakade 1074, 1087 HJ Amsterdam, Netherlands "
Silk Road Uyghur Restaurant,Uyghur cuisine restaurant,+31 20 845 5687 ,https://silkroaduyghurrestaurant.nl/,4.0,297,,"IJburglaan 500, 1087 BT Amsterdam, Netherlands "
SuZushi,Delivery Restaurant,+31 20 369 0150 ,http://www.suzushi.nl/,4.5,97,,"IJburglaan 1291B, 1087 GJ Amsterdam, Netherlands "
Tokoh,Restaurant,+31 20 214 2132 ,https://www.to-koh.nl/,3.7,105,,"IJburglaan 725, 1087 BR Amsterdam, Netherlands "
The Burger Boss | Smash Burgers,Hamburger restaurant,+31 20 341 5104 ,http://theburgerbossamsterdam.nl/,4.9,127,,"IJburglaan 1501, 1087 KM Amsterdam, Netherlands "
Un Sogno IJburg,Pizza restaurant,+31 20 334 6939 ,https://www.unsogno.nl/,4.3,145,,"IJburglaan 905, 907, 1087 EN Amsterdam, Netherlands "
Steaky IJburg,Restaurant,+31 20 238 6082 ,http://pizzaijburg.foodticket.nl/,3.8,119,,"Pampuslaan 37, 1087 HP Amsterdam, Netherlands "
Vishandel La Dorade,Fish & chips restaurant,+31 20 779 2300 ,https://www.vishandel-la-dorade-amsterdam.nl/,4.6,50,,"Pampuslaan 24, 1087 LE Amsterdam, Netherlands "
Barstow,Restaurant,+31 20 210 3623 ,https://www.barstow.nl/,3.8,84,,"Krijn Taconiskade 374, 1087 HW Amsterdam, Netherlands "
The Poke Maniacs,Restaurant,+31 20 358 4664 ,http://www.thepokemaniacs.nl/,4.1,25,,"IJburglaan 157, 1086 ZJ Amsterdam, Netherlands "
Pizzeria en hotwings IJburg,Pizza Takeout,+31 20 362 9020 ,https://pizzeriaenhotwingsijburg.nl/,3.6,98,,"IJburglaan 1291 a, 1087 GJ Amsterdam, Netherlands "
Domino's Pizza Amsterdam Ijburg,Pizza restaurant,+31 20 240 0646 ,https://www.dominos.nl/?utm_source=google&utm_medium=local&utm_campaign=yext,3.1,93,,"Pampuslaan 34, 1087 LA Amsterdam, Netherlands "
Toko Radja,Takeout Restaurant,+31 20 308 0036 ,https://www.tokoradja.nl/,4.2,41,,"Joris Ivensplein 8, 1087 BN Amsterdam, Netherlands "
The Poké Maniacs Ijburg,Restaurant,+31 20 786 5426 ,https://thepokemaniacsijburg.nl/,3.8,17,,"Krijn Taconiskade 5, 1087 HW Amsterdam, Netherlands "
Foodcorner ijburg,Doner kebab restaurant,+31 6 17242838 ,,,,,"Pampuslaan 24, 1087 LA Amsterdam, Netherlands "
New York Pizza,Pizza delivery,+31 20 235 8875 ,https://www.newyorkpizza.nl/?store=231&utm_medium=organic&utm_source=GMBlisting,3.5,122,,"IJburglaan 1497, 1087 KM Amsterdam, Netherlands "
ijburgeats,Delivery Restaurant,+31 20 248 0087 ,http://www.ijburgeats.nl/,3.5,8,,"Krijn Taconiskade 372, 1087 HW Amsterdam, Netherlands "
Waterside Terrace,Cafe,+31 20 714 2040 ,https://fourelementshotel.com/,4.8,5,,"Bert Haanstrakade 1074, 1087 HJ Amsterdam, Netherlands "
The Poke Masters,Takeout Restaurant,+31 20 786 1180 ,http://www.thepokemasters.nl/,3.9,55,,"IJburglaan 157, 1086 ZJ Amsterdam, Netherlands "
Grill's Fastfood IJburg V.O.F.,Fast food restaurant,+31 20 416 1242 ,,3.8,106,,"Joris Ivensplein 54, 1087 BP Amsterdam, Netherlands "
Restaurant Ryo,Restaurant,+31 20 722 0660 ,https://ryo.amsterdam/,4.9,98,,"NDSM-Plein 30, 1033 WB Amsterdam, Netherlands "
Bello Gio's by the River - Italian Restaurant,Italian restaurant,+31 20 205 1164 ,https://bellogios.amsterdam/,4.3,671,,"NDSM-Kade 14, 1033 PG Amsterdam, Netherlands "
De Pizzabakkers NDSM,Pizza restaurant,+31 20 722 0303 ,https://www.depizzabakkers.nl/vestigingen/amsterdam-ndsm/,4.1,356,,"NDSM-Kade 8, 1033 GP Amsterdam, Netherlands "
Restaurant BROOKLYN Amsterdam,Restaurant,+31 20 722 0660 ,https://restaurantbrooklynamsterdam.com/,3.9,196,,"NDSM-Plein 30, 1033 WB Amsterdam, Netherlands "
Pane E Olio Toscaanse Delicatessen,Italian restaurant,+31 6 21658341 ,,4.8,481,,"Oude Leliestraat 6, 1015 AW Amsterdam, Netherlands "
Pizzeria Calata,Italian restaurant,+31 20 625 2365 ,,4.9,66,,"Damstraat 3, 1012 JL Amsterdam, Netherlands "
La Madonnina,Italian restaurant,+31 20 528 6380 ,http://www.lamadonnina.nl/,4.0,2861,,"14, Rembrandtplein 12a, 1017 CV Amsterdam, Netherlands "
Porto Carrara,Italian restaurant,+31 20 623 5672 ,https://www.portocarrara.nl/,4.3,410,,"Lange Leidsedwarsstraat 138, 1017 NN Amsterdam, Netherlands "
San Tommaso - 2,Italian restaurant,+31 20 776 6485 ,,3.7,1024,,"Martelaarsgracht 9, 1012 TN Amsterdam, Netherlands "
Little Saigon Restaurant,Vietnamese restaurant,+31 20 737 2491 ,,4.0,1569,,"Zeedijk 88-90, 1012 BB Amsterdam, Netherlands "
Cantarell Weesperplein B.V.,Restaurant,+31 20 330 7973 ,,4.1,732,,"Weesperplein 13-15, 1018 WZ Amsterdam, Netherlands "
De Hollandse Tulp,Restaurant,+31 20 341 9744 ,https://www.dehollandse-tulp.nl/,4.5,706,,"Leidsekruisstraat 18, 1017 RH Amsterdam, Netherlands "
Rembrandt Corner,Restaurant,+31 20 370 8328 ,http://www.rembrandtcorner.nl/,4.2,1559,,"Jodenbreestraat 2, 1011 JB Amsterdam, Netherlands "
Fabel Friet Oude Hoogstraat,Fast food restaurant,+31 20 303 1422 ,https://www.fabelfriet.nl/,4.7,609,,"Oude Hoogstraat 21 H, 1012 CD Amsterdam, Netherlands "
Ron Gastrobar Indonesia Ouderkerk,Indonesian restaurant,+31 20 305 2760 ,https://rongastrobar.nl/indonesia/,4.5,1537,,"Amstelzijde 51, 1184 TZ Amstelveen, Netherlands "
Sukarasa,Indonesian restaurant,+31 20 453 3067 ,https://www.facebook.com/Sukarasa-390845867724148/,4.6,66,,"Kostverlorenhof 63, 1183 HH Amstelveen, Netherlands "
Gembira Street Food,Indonesian restaurant,+31 20 786 6052 ,http://www.gembirastreetfood.nl/,4.3,211,,"Buitenplein 80, 1181 ZE Amstelveen, Netherlands "
Restaurant Tastoeamsterdam,Restaurant,+31 20 786 5077 ,http://www.tastoeamsterdam.nl/,4.4,306,,"Hoger Einde-Zuid 2A, 1191 AG Ouderkerk aan de Amstel, Netherlands "
Lemon Grass,Indonesian restaurant,+31 20 640 4396 ,https://www.restaurantlemongrass.nl/,4.2,198,,"Stationsstraat 3, 1182 JM Amstelveen, Netherlands "
Toko Madjoe B.V.,Indonesian restaurant,+31 20 647 6740 ,http://www.tokomadjoe.nl/#contact,4.5,357,,"Amsterdamseweg 183, 1182 GV Amstelveen, Netherlands "
Toko Manisan Amstelveen Bankrashof,Indonesian restaurant,+31 20 647 2824 ,http://www.tokomanisan.nl/,4.4,298,,"Bankrashof 132, 1183 NW Amstelveen, Netherlands "
Lunchroom Lastig,Lunch restaurant,+31 20 354 1676 ,http://www.lunchroomlastig.nl/,4.0,121,,"Christiaan Huygensplein 33, 1098 RA Amsterdam, Netherlands "
Ichi-E,Japanese restaurant,+31 20 691 0231 ,http://www.ichi-e.nl/,4.3,2839,,"Johan Cruijff Boulevard 175, 1101 EJ Amsterdam, Netherlands "
Takumi Umaimon Tan-Tan Men Amsterdam Centrum,Ramen restaurant,+31 20 226 9012 ,https://www.takumiramennoodles.com/nl/amsterdam-centrum/,4.7,529,,"Nieuwezijds Voorburgwal 115, 1012 RH Amsterdam, Netherlands "
Restaurant Smelt - 9 straatjes,Fondue restaurant,+31 20 820 8319 ,http://www.restaurantsmelt.nl/,4.7,639,,"Runstraat 12, 1016 GK Amsterdam, Netherlands "
C&C Asian Market Food,Asian restaurant,+31 20 694 3416 ,https://www.ccasianmarket.nl/,3.5,78,,"Albert Cuypstraat 267, 1073 VR Amsterdam, Netherlands "
Anjappar Amsterdam - Chettinad Indian restaurant,South Indian restaurant,+31 20 786 0524 ,https://anjappar.nl/branch-amsterdam/,4.4,1984,,"Van Baerlestraat 134H, 1071 BD Amsterdam, Netherlands "
Salsa Shop,Mexican restaurant,+31 20 334 5881 ,http://www.salsashop.com/,3.9,492,,"Zuidplein 22, 1077 XX Amsterdam, Netherlands "
Taco Mundo Amsterdam-Nieuw West,Mexican restaurant,+31 900 1238226 ,https://www.tacomundo.com/vestigingen/amsterdam-nieuw-west,3.3,157,,"Pieter Calandlaan 703, 1069 TD Amsterdam, Netherlands "
Taco Mundo Nederland,Mexican restaurant,+31 20 681 0715 ,http://www.tacomundo.com/,3.0,14,,"Joop Geesinkweg 801, 1114 AB Amsterdam, Netherlands "
Taco Bell,Taco restaurant,+31 20 248 0566 ,https://tacobell.nl/en/,3.1,333,,"Osdorpplein 1011, 1068 HV Amsterdam, Netherlands "
Nom Nom Vietnamese Eetwinkel,Takeout Restaurant,+31 20 776 5550 ,https://www.nomnomamsterdam.nl/?utm_source=google&utm_medium=wix_google_business_profile&utm_campaign=9779184569288804507,4.7,108,,"Hoofddorpweg 17, 1059 CT Amsterdam, Netherlands "
SLA,Restaurant,+31 20 223 7461 ,http://www.ilovesla.com/,4.3,285,,"Haarlemmerdijk 50-h, 1013 JE Amsterdam, Netherlands "
KAIA Contemporary Greek,Greek restaurant,+31 20 779 7708 ,http://www.kaiaamsterdam.com/,4.7,966,,"Europaplein 21, 1078 GT Amsterdam, Netherlands "
Mima | Zuidas,Restaurant,+31 20 261 4879 ,https://mimafood.nl/,4.9,32,,"Arnold Schönberglaan 7, 1082 MJ Amsterdam, Netherlands "
Barça,Restaurant,+31 20 470 4144 ,https://barca.nl/,4.1,2137,,"Marie Heinekenplein 30-31, 1072 MN Amsterdam, Netherlands "
Baibua Thai Restaurant,Thai restaurant,+31 20 528 9228 ,https://www.baibuathaiseethuis.nl/,4.6,857,,"Geelvincksteeg 6H, 1017 BE Amsterdam, Netherlands "
Billy Thai's Restaurant,Thai restaurant,+31 20 330 4220 ,http://www.billythai.nl/,4.5,470,,"Prinsengracht 358, 1016 JA Amsterdam, Netherlands "
Thai 2 Walk,Restaurant,+31 20 221 1727 ,https://thai2walk.nl/,4.9,296,,"Ferdinand Bolstraat 64H, 1072 LM Amsterdam, Netherlands "
Thaise Snackbar Bird,Thai restaurant,+31 20 420 6289 ,https://www.thaibird.nl/,4.5,2022,,"Zeedijk 77, 1012 AS Amsterdam, Netherlands "
Thai Street Bar,Thai restaurant,+31 20 622 6992 ,http://www.thaistreetbar.nl/,4.7,1005,,"Oudezijds Voorburgwal 32, 1012 GD Amsterdam, Netherlands "
Raan Phad Thai,Thai restaurant,+31 6 26423841 ,http://raanphadthai.nl/en,4.7,741,,"Raamgracht 9, 1011 KH Amsterdam, Netherlands "
Sukhothai Thanee,Thai restaurant,+31 20 786 6419 ,https://sukhothaithanee.nl/,4.7,353,,"Noorderstraat 19h, 1017 TR Amsterdam, Netherlands "
Pad Thai World,Restaurant,+31 20 280 7841 ,https://padthai.nl/,4.1,671,,"Zeedijk 119, 1012 AW Amsterdam, Netherlands "
Naa Thai (Original Thai Cuisine),Restaurant,+31 20 362 6803 ,https://www.naathai.nl/,4.4,202,,"Sarphatipark 18h, 1072 PA Amsterdam, Netherlands "
Zap Za Thai,Thai restaurant,+31 20 723 2569 ,https://www.zapzathai.nl/,4.5,133,,"Veerstraat 71-H, 1075 SP Amsterdam, Netherlands "
Thai Roof,Snack bar,+31 6 28326646 ,https://thairoof.sitedish.shop/,4.4,130,,"Gerard Doustraat 224, 1073 XC Amsterdam, Netherlands "
Thai Deum,Thai restaurant,+31 20 379 0705 ,http://www.thaideum.com/,4.4,201,,"Ceintuurbaan 210, 1072 GD Amsterdam, Netherlands "
Krabi Thai Classic Cuisine,Restaurant,+31 20 303 4510 ,http://www.krabi-thai.nl/,4.0,440,,"Burgemeester de Vlugtlaan 9, 1063 BV Amsterdam, Netherlands "
Yum Yum Thai Food,Thai restaurant,+31 20 470 4523 ,http://www.yumyumthai.nl/,3.9,365,,"Van Woustraat 184 A, 1073 LZ Amsterdam, Netherlands "
De Kooning van Siam,Thai restaurant,+31 20 623 7293 ,https://kooningvansiam.nl/,4.2,290,,"Oudezijds Voorburgwal 42, 1012 GE Amsterdam, Netherlands "
Som Tam Thai,Thai restaurant,+31 20 638 2530 ,https://www.somtamthai.nl/,4.2,217,,"Tweede Goudsbloemdwarsstraat 24 H, 1015 JZ Amsterdam, Netherlands "
Thai King Restaurant,Thai restaurant,+31 20 233 0371 ,http://www.thaiking.nl/,4.1,315,,"Jan Evertsenstraat 75 H, 1057 BR Amsterdam, Netherlands "
Muang Thai,Thai restaurant,+31 20 618 0024 ,https://muangthai.nl/,4.2,158,,"Overtoom 455, 1054 KH Amsterdam, Netherlands "
Tid Din Thai Cuisine,Thai restaurant,+31 6 30324264 ,http://www.tiddinthaicuisine.com/,4.7,78,,"Duivendrechtsekade 71, 1096 AH Amsterdam, Netherlands "
Funky Thai | Restaurant in Amsterdam,Thai restaurant,+31 6 84137916 ,http://www.funkythai.nl/,3.7,264,,"Kinkerstraat 178, 1053 EK Amsterdam, Netherlands "
Thai Take Away Nang Kwak,Thai restaurant,+31 20 673 8241 ,http://thaitakeawaynangkwak.nl/,4.4,156,,"Amstelveenseweg 155, 1075 XA Amsterdam, Netherlands "
Thai Kitchen The Only One,Thai restaurant,+31 20 770 8677 ,https://www.thaionly.nl/,3.4,132,,"De Clercqstraat 19HS, 1053 AA Amsterdam, Netherlands "
Chutima's Thai Food House,Thai restaurant,+31 20 471 5551 ,,4.1,168,,"Scheldestraat 112, 1078 GP Amsterdam, Netherlands "
Pad Thai Kinkerstraat,Restaurant,+31 20 280 7843 ,https://padthai.nl/,3.5,59,,"Kinkerstraat 142, 1053 EG Amsterdam, Netherlands "
Masha Thai Kitchen,Thai restaurant,+31 6 24386611 ,https://market27.nl/siam-corner/,4.4,70,,"1025 XM Amsterdam, Netherlands "
Pho Hanoi Amsterdam,Vietnamese restaurant,+31 20 233 3333 ,https://mymenuweb.com/nl/restaurants/831313/?utm_source=google_profile&utm_medium=google_profile&utm_campaign=admin,4.4,412,,"Oude Leliestraat 5, 1016 BD Amsterdam, Netherlands "
Pho King,Vietnamese restaurant,+31 20 354 2568 ,https://phoking.amsterdam/,4.6,1418,,"Regulierssteeg 4, 1017 CP Amsterdam, Netherlands "
Phở Viet,Vietnamese restaurant,+31 20 846 7770 ,https://phobanam.nl/,4.4,606,,"Haarlemmerdijk 6 H, 1013 JC Amsterdam, Netherlands "
Hanoi Old Quarter Restaurant,Vietnamese restaurant,+31 20 331 8099 ,http://hanoioq.com/,4.3,381,,"Nieuwezijds Voorburgwal 306-0, 1012 RV Amsterdam, Netherlands "
Viet View,Vietnamese restaurant,+31 6 48461831 ,https://www.vietview.nl/,4.2,261,,"Hannie Dankbaarpassage 16, 1053 AT Amsterdam, Netherlands "
Pho Le,Vietnamese restaurant,+31 20 233 3333 ,https://www.pho-le.nl/,4.5,56,,"Oude Leliestraat 5H, 1016 BD Amsterdam, Netherlands "
Saigon Caphe CS,Vietnamese restaurant,+31 20 489 7918 ,https://www.saigoncaphe.nl/,3.8,731,,"De Ruijterkade 44a, 1012 AA Amsterdam, Netherlands "
Bánh Mì Bà Mỹ Amsterdam,Vietnamese restaurant,+31 20 303 1057 ,http://banhmibamy.nl/,4.7,105,,"Rozengracht 239h, 1016 SX Amsterdam, Netherlands "
Banh Mi King Amsterdam,Restaurant,+31 20 341 8785 ,https://banhmiking.nl/,4.9,265,,"Nieuwebrugsteeg 21, 1012 AG Amsterdam, Netherlands "
THO Vietnamese Street Food,Takeout Restaurant,+31 6 45786868 ,,4.1,28,,"Ten Katestraat 1053, 1053 BZ Amsterdam, Netherlands "
Miss Hotpot,Asian restaurant,+31 6 42620988 ,http://misshotpot.nl/,4.4,121,,"Linnaeusstraat 64HS, 1092 CM Amsterdam, Netherlands "
Veganees,Restaurant,+31 20 303 9567 ,,4.5,925,,"Wibautstraat 95, 1091 GK Amsterdam, Netherlands "
Little Saigon 48 (closing after 30 november 2025),Vietnamese restaurant,+31 20 785 1228 ,,3.7,40,,"Albert Cuypstraat 48H, 1072 CV Amsterdam, Netherlands "
V CORNER Vietnamese Bistro & Bar,Vietnamese restaurant,+31 20 786 8811 ,https://nlcompanies.org/details/v-corner-vietnamese-bistro-bar-ChIJBzI,4.3,319,,"Nassaukade 153G, 1053 LK Amsterdam, Netherlands "
Istanbul Grill Restaurant,Turkish restaurant,+31 20 770 8547 ,http://www.istanbulgrillrestaurant.nl/,3.9,2306,,"Nieuwendijk 51, 1012 MB Amsterdam, Netherlands "
Effendy - Overtoom Lahmacun Cafe,Turkish restaurant,+31 20 303 6085 ,https://www.effendy.nl/,4.9,887,,"Overtoom 85, 1054 HC Amsterdam, Netherlands "
EL Turco Turkish Eatery,Restaurant,+31 20 233 9512 ,https://nlcompanies.org/details/el-turco-turkish-eatery-ChIJ7-j,4.9,174,,"Rozengracht 214, a, H, 1016 NL Amsterdam, Netherlands "
Usta Kebap,Turkish restaurant,+31 20 223 6162 ,https://www.thuisbezorgd.nl/menu/usta-kebab,4.9,530,,"Jan Evertsenstraat 74, 1056 EE Amsterdam, Netherlands "
IQRAM Restaurant,Turkish restaurant,+31 20 246 6662 ,https://www.iqram.nl/,4.7,499,,"Tussen Meer 213, 1069 EB Amsterdam, Netherlands "
Nefis,Restaurant,+31 20 362 1912 ,https://www.nefisetliekmek-amsterdam.nl/,4.4,858,,"Eerste Van Swindenstraat 40E, 1093 GE Amsterdam, Netherlands "
Mehtap,Turkish restaurant,+31 20 612 4906 ,http://www.mehtap.nl/,4.4,534,,"Admiraal de Ruijterweg 39II, 1057 JV Amsterdam, Netherlands "
Restaurant Konak,Turkish restaurant,+31 20 613 2989 ,http://www.konakrestaurant.nl/,3.8,867,,"Burgemeester de Vlugtlaan 81, 1063 BH Amsterdam, Netherlands "
Anatolia Kumpir,Turkish restaurant,+31 6 47622063 ,http://anatoliakumpir.nl/,4.9,196,,"Roetersstraat, 1018 WS Amsterdam, Netherlands "
World doner center ( WDC),Turkish restaurant,+31 20 412 7547 ,,4.9,73,,"Gustav Mahlerlaan 149, 1082 MK Amsterdam, Netherlands "
Lokanta Evden Uzakta,Restaurant,+31 20 221 0018 ,https://www.lokantaeu.nl/,4.6,146,,"Karperweg 1, 1075 LA Amsterdam, Netherlands "
El-Aziz Çiğköfte Amsterdam-West,Turkish restaurant,+31 6 16701010 ,https://www.elazizcigkofte.nl/,4.8,70,,"Jan Evertsenstraat 80 H, 1056 EE Amsterdam, Netherlands "
Restaurant Dalyan,Turkish restaurant,+31 20 737 0502 ,https://www.dalyangrill-amsterdam.nl/,4.5,284,,"Zeilstraat 30h, 1075 SH Amsterdam, Netherlands "
Dönerland Eethuis,Doner kebab restaurant,+31 20 489 5722 ,,4.6,1122,,"Kinkerstraat 312HS, 1053 GD Amsterdam, Netherlands "
Turkish kebab sabba,Restaurant,+31 20 420 4749 ,,4.1,1034,,"Halvemaansteeg 21, 1017 CR Amsterdam, Netherlands "
FarmEt Döner,Turkish restaurant,+31 20 239 0864 ,,4.8,53,,"Sam van Houtenstraat 13, 1067 JA Amsterdam, Netherlands "
Hanzade Çigköfte Amsterdam-West,Turkish restaurant,+31 6 18272291 ,https://www.amsterdam-west.hanzadecigkofte.nl/,4.5,180,,"Burgemeester de Vlugtlaan 188, 1063 BS Amsterdam, Netherlands "
Hünkar Restaurant,Turkish restaurant,+31 20 411 2386 ,http://hunkarrestaurant.nl/,4.3,428,,"Lambertus Zijlplein 25, 1067 KP Amsterdam, Netherlands "
Yavuz Usta Kebap,Turkish restaurant,+31 6 47533323 ,https://www.instagram.com/p/DBn6zewOtwU/?hl=en,4.3,136,,"Portsmuiden 20, 1046 AJ Amsterdam, Netherlands "
Bakery Eethuis Lavina,Restaurant,+31 20 221 1471 ,,4.4,709,,"Van Woustraat 32, 1073 LM Amsterdam, Netherlands "
Goreme Lunchroom,Restaurant,+31 20 411 4318 ,https://www.goremerestaurant.nl/,4.4,1002,,"Burgemeester de Vlugtlaan 162-164, 1063 BS Amsterdam, Netherlands "
Safir Bakery & Restaurant,Turkish restaurant,+31 20 308 0097 ,,4.4,246,,"Mosveld 29, 1031 AC Amsterdam, Netherlands "
Hira Restaurant,Turkish restaurant,+31 20 636 3329 ,http://www.hirarestaurant.nl/,4.3,171,,"Spreeuwenpark 1, 1021 GS Amsterdam, Netherlands "
Yaprak Döner Plein 40-45,Doner kebab restaurant,+31 6 84652363 ,,4.7,120,,"Burgemeester de Vlugtlaan 159, 1063 BK Amsterdam, Netherlands "
Lale Restaurant,Restaurant,+31 20 845 2610 ,https://nlcompanies.org/details/lale-restaurant-ChIJacU,4.3,149,,"Hoofdweg 405, 1056 CT Amsterdam, Netherlands "
Eethuis Sevil Ali Baba,Turkish restaurant,+31 20 623 8473 ,https://www.eethuis-sevil-ali-baba-amsterdam.nl/,3.9,539,,"Rozengracht 214, 1016 NL Amsterdam, Netherlands "
Yavuz Usta,Turkish restaurant,+31 6 34502500 ,,4.0,30,,"Burgemeester Vening Meineszlaan 46, 1063 BD Amsterdam, Netherlands "
Simit Paleis A.S.,Turkish restaurant,+31 20 616 1664 ,,4.4,278,,"Postjesweg 105, 1057 DZ Amsterdam, Netherlands "
Cigkoftem Dappermarkt,Turkish restaurant,+31 20 363 7932 ,http://www.cigkoftem-dappermarkt-amsterdam.nl/,4.3,89,,"Eerste Van Swindenstraat 401, 1093 GB Amsterdam, Netherlands "
Hayran Shoarma,Turkish restaurant,+31 6 22294447 ,http://www.hayran.nl/,4.4,466,,"Tweede van der Helststraat 12, 1072 PC Amsterdam, Netherlands "
Beymen BBQ,Barbecue restaurant,+31 20 802 3866 ,https://www.beymenbbq.nl/,4.4,538,,"Jan Rebelstraat 21, 1069 CA Amsterdam, Netherlands "
ADANA DÖNER - Kebab Corner Amsterdam,Turkish restaurant,+31 20 636 8411 ,http://www.adanadoner.nl/,4.1,456,,"Kamperfoelieweg 92, 1032 HR Amsterdam, Netherlands "
Safak Grill,Turkish restaurant,+31 20 368 2512 ,http://www.safak-grill-amsterdam.nl/,3.9,380,,"Linnaeusstraat 213, 1093 EP Amsterdam, Netherlands "
Grillroom Shoarma Mesut,Turkish restaurant,+31 20 683 9405 ,http://www.shoarmamesut.com/,4.2,628,,"De Clercqstraat 59, 1053 AD Amsterdam, Netherlands "
Meram - Amsterdam Oost Cafe,Pub,+31 20 223 0625 ,http://meram.nl/,3.9,230,,"Linnaeusstraat 219, 1093 EP Amsterdam, Netherlands "
Leeman Döner,Kebab shop,+31 20 662 2596 ,http://www.leemandoner.com/,4.4,1740,,"Van Woustraat 160, 1073 LW Amsterdam, Netherlands "
Havzan Restaurant,Turkish restaurant,+31 20 358 3605 ,http://www.havzanrestaurant.nl/,3.9,748,,"Burgemeester de Vlugtlaan 97, 1063 BJ Amsterdam, Netherlands "
Köfte Kitchen,Restaurant,+31 20 221 6138 ,https://nlmapgui.org/details/kfte-kitchen-ChIJrWN,4.2,247,,"Zuidermolenweg 52, 1069 CG Amsterdam, Netherlands "
Anatoliaa Street Foods,Restaurant,+31 20 667 8005 ,https://anatoliaa.nl/,4.5,141,,"Van Woustraat 158, 1073 LW Amsterdam, Netherlands "
Döner Center kapadokya,Turkish restaurant,+31 20 774 7611 ,,4.3,229,,"Spaarndammerstraat 129, 1013 TE Amsterdam, Netherlands "
Avondverkoop/Snackbar Zizi,Turkish restaurant,+31 6 14683016 ,,4.3,132,,"Maritzstraat 32, 1091 KW Amsterdam, Netherlands "
NH MIDPOINT RESTAURAN,Italian restaurant,+31 6 25302166 ,http://www.nh-midpoint.nl/,4.7,26,,"Eerste Ringdijkstraat 662, 1097 BC Amsterdam, Netherlands "
Zirve,Turkish restaurant,+31 20 622 2129 ,,3.8,326,,"Plantage Middenlaan 32, 1018 DG Amsterdam, Netherlands "
Shoarma Mesut 2,Turkish restaurant,+31 20 622 6831 ,,3.8,509,,"Rozengracht 164, 1016 NK Amsterdam, Netherlands "
The Greek Embassy - Coffee Deli & Gyros,Greek restaurant,+31 6 19065807 ,https://www.thegreekembassy.com/,4.7,95,,"Ceintuurbaan 228H, 1072 GE Amsterdam, Netherlands "
SITARI - Greek Delicacies,Greek restaurant,+31 6 25480816 ,http://www.sitari.nl/,4.9,458,,"Zeilstraat 12h, 1075 SG Amsterdam, Netherlands "
Greco taste from Greece,Fast food restaurant,+31 20 854 3446 ,,4.8,870,,"Nieuwezijds Voorburgwal 14, 1012 RZ Amsterdam, Netherlands "
Rodos,Greek restaurant,+31 20 688 8121 ,,4.3,305,,"Van Hallstraat 252, 1051 HL Amsterdam, Netherlands "
Harmani Coffee & Brunch,Brunch restaurant,+31 6 21679743 ,http://www.harmani.nl/,4.9,1310,,"Frans Halsstraat 89, 1072 BP Amsterdam, Netherlands "
Big Shots Cafe Restaurant Amsterdam,Restaurant,+31 6 85331389 ,https://www.bigshotsamsterdam.com/,4.8,284,,"Nieuwezijds Voorburgwal 87A, 1012 RE Amsterdam, Netherlands "
Lagom Amsterdam,Brunch restaurant,+31 20 786 6242 ,http://www.lagomamsterdam.nl/,4.3,1411,,"Snoekjessteeg 1-3, 1011 HA Amsterdam, Netherlands "
Grieks Restaurant Panagia,Greek restaurant,+31 20 620 5325 ,,3.0,3,,"Nieuwendijk 31, 1012 MA Amsterdam, Netherlands "
Omelegg Jordaan,Breakfast restaurant,+31 20 782 0007 ,https://www.omelegg.com/,4.8,145,,"Westerstraat 30, 1015 MK Amsterdam, Netherlands "
La Boca – Tapas & Steaks Since 1995,Restaurant,+31 20 423 5200 ,http://laboca-restaurant.nl/,4.4,2200,,"Paleisstraat 15, 1012 RB Amsterdam, Netherlands "
Lillie,Restaurant,+31 20 776 4746 ,http://www.lilliewinerebel.nl/,4.7,434,,"Van Breestraat 107A, 1071 ZJ Amsterdam, Netherlands "
Lios,Greek restaurant,+31 20 244 4623 ,,4.1,79,,"Nieuwezijds Voorburgwal 182I, 1012 SJ Amsterdam, Netherlands "
La Paella,Spanish restaurant,+31 20 625 5975 ,http://www.lapaella.nl/,4.2,986,,"Warmoesstraat 43, 1012 HV Amsterdam, Netherlands "
Tapas Amsterdam Tia Rosa,Tapas restaurant,+31 20 820 3749 ,https://www.tiarosa.nl/,4.4,1545,,"Reguliersgracht 11, 1017 LJ Amsterdam, Netherlands "
Pata Negra,Tapas restaurant,+31 20 422 6250 ,https://pata-negra.nl/,4.2,1912,,"Utrechtsestraat 124, 1017 VT Amsterdam, Netherlands "
Castillo Tapas y Steaks,Tapas restaurant,+31 20 620 1975 ,https://castillo.amsterdam/,4.2,789,,"Reguliersdwarsstraat 89, 1017 BK Amsterdam, Netherlands "
Café Josélito,Tapas bar,+31 20 622 7678 ,https://joselito.nl/,4.2,2154,,"Nieuwendijk 2, 1012 MK Amsterdam, Netherlands "
Restaurant El Capricho Amsterdam,Restaurant,+31 20 420 0066 ,http://www.elcaprichoamsterdam.nl/,4.8,245,,"Korte Leidsedwarsstraat 103, 1017 PX Amsterdam, Netherlands "
Afamiakitchen,Spanish restaurant,+31 6 42502254 ,,4.7,38,,"Henri Dunantstraat 18, 1066 AX Amsterdam, Netherlands "
Peps,Restaurant,+31 6 41937346 ,https://peps-amsterdam.nl/,4.7,190,,"Bilderdijkstraat 158H, 1053 LC Amsterdam, Netherlands "
La Casona,Argentinian restaurant,+31 20 786 0418 ,http://www.lacasonarestaurant.nl/,4.6,2042,,"Utrechtsestraat 42, 1017 VP Amsterdam, Netherlands "
Pepito Bar Tapas,Restaurant,+31 20 247 5547 ,https://www.pepitoamsterdam.nl/,4.3,210,,"Eerste Constantijn Huygensstraat 21, 1054 BP Amsterdam, Netherlands "
Café José,Tapas bar,+31 20 623 5269 ,https://cafejose.nl/,4.5,380,,"Looiersgracht 144, 1016 VT Amsterdam, Netherlands "
Luz Restobar,Restaurant,+31 20 358 4236 ,https://www.luzrestobar.nl/,4.7,62,,"Eerste Sweelinckstraat 11, 1073 CK Amsterdam, Netherlands "
Hashtag Steakhouse,Restaurant,+31 20 625 1073 ,https://www.hashtagrestaurant.nl/,3.9,1120,,"Leidsekruisstraat 13, 1017 RE Amsterdam, Netherlands "
Granada Restaurant,Spanish restaurant,+31 20 625 1073 ,https://www.granadarestaurant.nl/,3.8,22,,"Lange Leidsedwarsstraat 69, 1017 NR Amsterdam, Netherlands "
Zum Barbarossa,Cocktail bar,+31 20 700 8337 ,http://zumbarbarossa.com/,4.6,403,,"Voetboogstraat 1, 1012 XK Amsterdam, Netherlands "
Pancakes Amsterdam,Pancake restaurant,+31 20 820 4240 ,https://pancakes.amsterdam/,4.2,8506,,"Prins Hendrikkade 48, 1012 AC Amsterdam, Netherlands "
Tapas Amsterdam Tia Rosa,Tapas restaurant,+31 20 820 3749 ,https://www.tiarosa.nl/,4.4,1545,,"Reguliersgracht 11, 1017 LJ Amsterdam, Netherlands "
Mesa Mesa,Restaurant,+31 85 087 1479 ,https://www.mesamesa.nl/,4.4,120,,"Marie Heinekenplein 5, 1072 MH Amsterdam, Netherlands "
Loetje,Restaurant,+31 20 623 3777 ,https://www.loetje.nl/locaties/amsterdam-centraal/?utm_source=google&utm_medium=organic&utm_campaign=gbp-listing&utm_content=centraal,4.1,6747,,"Stationsplein 10, 1012 AB Amsterdam, Netherlands "
Maria To Go,Colombian restaurant,+31 20 330 4097 ,,4.0,402,,"Sint Jorisstraat 4, 1017 BC Amsterdam, Netherlands "
St. James's Gate,Irish pub,+31 20 422 6886 ,http://www.stjamesgate.nl/,4.2,2753,,"Rembrandtplein 10, 1017 CV Amsterdam, Netherlands "
La Casa Argentina,Argentinian restaurant,+31 20 627 1174 ,https://lacasaargentina.amsterdam/,4.2,1227,,"Zeedijk 32A, 1012 AZ Amsterdam, Netherlands "
TerraZen Centre,Vegan restaurant,+31 6 29086271 ,https://www.facebook.com/terrazencentreamsterdam,4.5,1476,,"Sint Jacobsstraat 19HS, 1012 NC Amsterdam, Netherlands "
Veganees | Vegan Aziatisch Streetfood Restaurant,Restaurant,+31 20 303 9567 ,https://www.veganees.com/,4.6,191,,"Wibautstraat 95, 1091 GK Amsterdam, Netherlands "
MaozFalafel,Vegetarian restaurant,+31 20 625 3913 ,https://maozfalafel.eu/,4.4,1267,,"Leidsestraat 85, 1017 NX Amsterdam, Netherlands "
Mr. Blou I Love You,Vegan restaurant,+31 6 26852710 ,https://www.facebook.com/mrblouiloveyou/,4.4,484,,"Elandsgracht 150, 1016 TL Amsterdam, Netherlands "
MaozFalafel,Vegetarian restaurant,+31 20 420 7435 ,https://maozfalafel.eu/,4.1,1068,,"Muntplein 1, 1017 CL Amsterdam, Netherlands "
TestTafel,Vegan restaurant,+31 6 13396194 ,https://testtafel.nl/,4.9,160,,"Dijksgracht 6, 1019 BS Amsterdam, Netherlands "
The Old Soul,Vegan restaurant,+31 20 227 8889 ,http://www.theoldsoul.nl/,4.5,321,,"Hobbemakade 71, 1071 XM Amsterdam, Netherlands "
Vegan Sushi Bar,Vegan restaurant,+31 6 34173377 ,http://www.vegansushibar.com/,4.8,463,,"Wittenburgergracht 143, 1018 MX Amsterdam, Netherlands "
MKZ,Vegan restaurant,+31 20 679 0712 ,https://binnenpret.org/mkz/,4.7,121,,"Eerste Schinkelstraat 16, 1075 TX Amsterdam, Netherlands "
soupenzo - jodenbree,Health food restaurant,+31 20 422 2243 ,https://soupenzo.nl/,4.7,636,,"Jodenbreestraat 94, 1011 NS Amsterdam, Netherlands "
Bloem Eten & Drinken,Vegan restaurant,+31 20 330 0929 ,http://www.bloem36.nl/,4.5,562,,"Entrepotdok 36, 1018 AD Amsterdam, Netherlands "
SLA,Restaurant,+31 20 896 0694 ,http://ilovesla.com/,4.4,706,,"Utrechtsestraat 10 A, 1017 VN Amsterdam, Netherlands "
Greenwoods Keizersgracht,Brunch restaurant,+31 20 420 4330 ,http://www.greenwoods.eu/,4.5,1882,,"Keizersgracht 465, 1017 DK Amsterdam, Netherlands "
Little Plant Pantry,Organic food store,+31 20 786 0802 ,http://littleplantpantry.com/,5.0,391,,"Bosboom Toussaintstraat 45-H, 1054 AN Amsterdam, Netherlands "
Pancake Company Amsterdam,Pancake restaurant,+31 20 625 5094 ,,4.6,3617,,"Singel 492A, 1017 AW Amsterdam, Netherlands "
Soupenzo - Salad & Soup Amsterdam,Restaurant,+31 20 233 9275 ,http://www.soupenzo.nl/,4.7,170,,"Haarlemmerstraat 87, 1013 EL Amsterdam, Netherlands "
Vegan Burger Brothers Amsterdam,Vegan restaurant,+31 20 223 6946 ,https://eatvbb.com/,4.0,16,,"Plantage Kerklaan 61 B, 1018 CX Amsterdam, Netherlands "
Sababa West,Falafel restaurant,+31 20 363 6131 ,https://www.sababa.nu/?utm_source=google&utm_medium=organic&utm_campaign=gmb-website&utm_content=website_button,4.5,382,,"Van Hallstraat 270, 1051 HM Amsterdam, Netherlands "
Green Farmers,Vegan restaurant,+31 20 626 2760 ,https://greenfarmers-vegan.com/en/,4.4,136,,"Westerstraat 189, 1015 MA Amsterdam, Netherlands "
Oliver Green,Restaurant,+31 20 337 9404 ,http://www.olivergreen.nl/,4.2,594,,"Kinkerstraat 74A, 1053 EA Amsterdam, Netherlands "
Kebabi,Vegan restaurant,+31 20 779 8299 ,,4.9,37,,"Overtoom 428 H, 1054 JV Amsterdam, Netherlands "
Taste Like Chicken | TLC,Restaurant,+31 20 226 9997 ,http://www.tastelikechicken.com/,4.7,388,,"Van Woustraat 29h, 1074 AB Amsterdam, Netherlands "
De Graal Health Cafe,Cafe,+31 6 19214506 ,,4.7,148,,"Albert Cuypstraat 25I, 1072 CK Amsterdam, Netherlands "
Soupenzo - Van Baerle,Health food restaurant,+31 20 354 7497 ,https://soupenzo.nl/,4.5,421,,"Van Baerlestraat 81, 1071 AS Amsterdam, Netherlands "
Yummy Bowls,Restaurant,+31 20 737 1865 ,http://www.yummybowls.nl/,4.7,235,,"Schipluidenlaan 226, 1062 HE Amsterdam, Netherlands "
Hans im Glück - Amsterdam Rembrandtplein,Restaurant,+31 20 787 1378 ,https://hansimgluck.nl/burger-restaurant/amsterdam-rembrandtplein/?utm_source=google&utm_medium=yext&utm_campaign=186,4.6,325,,"Rembrandtplein 27, 1017 CT Amsterdam, Netherlands "
Pizza Amsterdam,Pizza restaurant,+31 20 618 2216 ,http://www.pizzaamsterdam1.nl/,4.1,433,,"Bosboom Toussaintstraat 43H, 1054 AN Amsterdam, Netherlands "
Second Nature,Vegan restaurant,+31 6 29402641 ,http://2nature.co/,4.8,86,,"Potgieterstraat 47, 1053 XS Amsterdam, Netherlands "
Qitutes Plant-based,Vegan restaurant,+31 6 11484380 ,,5.0,9,,"Wijnand Nuijenstraat 72, 1061 WB Amsterdam, Netherlands "
Wild & The Moon,Health food store,+31 20 237 6399 ,http://www.wildandthemoon.nl/,4.0,280,,"Van Woustraat 138, 1073 LT Amsterdam, Netherlands "
Dishco,Vegan restaurant,+31 6 29402641 ,,4.5,33,,"Sarphatipark 106, 1073 EC Amsterdam, Netherlands "
Mr.Plaenty,Vegan restaurant,+31 6 34012731 ,http://www.mrplaenty.com/,5.0,18,,"Ten Katestraat, 1053 DN Amsterdam, Netherlands "
Trevi’s Amsterdam,Restaurant,+31 6 44465863 ,http://www.trevisamsterdam.nl/,4.8,675,,"Pijnackerstraat 6, 1072 JT Amsterdam, Netherlands "
MaozFalafel,Falafel restaurant,+31 20 370 1635 ,https://maozfalafel.eu/,4.5,339,,"Albert Cuypstraat 67, 1072 CN Amsterdam, Netherlands "
MaozFalafel,Falafel restaurant,+31 20 450 9987 ,https://maozfalafel.eu/,4.2,1849,,"Damrak 40, 1012 LK Amsterdam, Netherlands "
Organic to go,Pub,+31 20 786 9928 ,https://link.socialon.nl/organic/,4.0,321,,"Zeedijk 75 h, 1012 AS Amsterdam, Netherlands "
Abu Amr Koshari,Takeout Restaurant,+31 6 45091015 ,https://www.abu-amr.nl/,4.6,101,,"Eerste Oosterparkstraat 91, 1091 GW Amsterdam, Netherlands "
The Seafood Bar,Seafood restaurant,+31 20 261 1563 ,https://www.theseafoodbar.com/,4.8,5282,,"Damrak 213, 1012 ZH Amsterdam, Netherlands "
"One Fish, Two Fish - seafood restaurant",Restaurant,+31 20 623 2894 ,https://www.eenvistweevis.nl/,4.6,151,,"Schippersgracht 6I, 1011 TR Amsterdam, Netherlands "
Wowcrab,Restaurant,+31 20 809 5811 ,http://www.wowcrab.nl/,4.2,1002,,"Utrechtsestraat 45, 1017 VH Amsterdam, Netherlands "
Frens Haringhandel,Fish restaurant,+31 6 57089680 ,https://www.frens-haring.nl/,4.7,1723,,"Singel 470, 1017 BB Amsterdam, Netherlands "
Kras Haring,Seafood restaurant,+31 6 33915232 ,https://krasharing.nl/,4.9,352,,"Kattenburgerplein 89, 1018 KM Amsterdam, Netherlands "
Visrestaurant Calamares,Seafood restaurant,+31 20 611 0438 ,,4.1,74,,"Burgemeester Fockstraat 60, 1063 CV Amsterdam, Netherlands "
Vis Lambertus,Seafood restaurant,+31 20 363 6609 ,http://www.vislambertus.nl/,4.2,51,,"Lambertus Zijlplein 10, 1067 JS Amsterdam, Netherlands "
Restaurant Ferry - Food | Drinks | Events,Restaurant,+31 20 770 2722 ,http://www.ferry-amsterdam.com/,4.9,207,,"Haparandadam 50, 1013 AK Amsterdam, Netherlands "
Porto Marina,Moroccan restaurant,+31 20 341 7265 ,http://portomarina.nl/,4.3,376,,"Johan Huizingalaan 192, 1065 JJ Amsterdam, Netherlands "
Vishandel Omaira Eiland familie,Seafood restaurant,+31 6 87724630 ,,3.7,210,,"Burgemeester Röellstraat 7-9, 1064 BH Amsterdam, Netherlands "
Van Katwijk vis-deli,Seafood market,+31 6 24228596 ,http://www.vankatwijkvisdeli.nl/,4.9,64,,"Lindengracht 99, 1015 KD Amsterdam, Netherlands "
Le Forel,Restaurant,+31 20 226 9027 ,http://www.leforel.nl/,4.5,197,,"Bosboom Toussaintstraat 70, 1054 AV Amsterdam, Netherlands "
Steakhouse Grill Tango,Argentinian restaurant,+31 20 334 6692 ,http://tangosteakhouse.nl/,4.4,1700,,"Reguliersdwarsstraat 125, 1017 BL Amsterdam, Netherlands "
Vegas Steakhouse American Grill Bar,Restaurant,+31 6 85269010 ,https://vegassteakhouse.nl/,4.6,346,,"Gravenstraat 10, 1012 NM Amsterdam, Netherlands "
Saint Morris Argentinian Restaurant,Argentinian restaurant,+31 20 422 7313 ,https://saint-morris.nl/,4.7,4644,,"Oudezijds Voorburgwal 163, 1012 ET Amsterdam, Netherlands "
BellaBuon Italia SteakHouse,Italian restaurant,+31 6 87990649 ,https://bellabuon.com/home/,4.7,2240,,"Warmoesstraat 13, 1012 HT Amsterdam, Netherlands "
Formosa Argentina,Argentinian restaurant,+31 20 233 8031 ,https://formosa-argentina.com/,4.8,4436,,"Nieuwezijds Kolk 16, 1012 PV Amsterdam, Netherlands "
Angus American Steakhouse,Grill,+31 6 15698604 ,http://www.angussteakhouse.nl/,4.3,1549,,"Nieuwezijds Voorburgwal 61, 1012 RE Amsterdam, Netherlands "
Grill Restaurant El Torado,Argentinian restaurant,+31 20 625 6600 ,http://eltorado.com/,4.5,2587,,"Reguliersbreestraat 25, 1017 CL Amsterdam, Netherlands "
Al Argentino Steakhouse,Argentinian restaurant,+31 20 638 9340 ,http://www.alargentino.nl/,4.0,1167,,"Zeedijk 29-A, 1012 AP Amsterdam, Netherlands "
St.George,Argentinian restaurant,+31 20 625 0276 ,,4.5,948,,"Nieuwezijds Voorburgwal 93, 1012 RE Amsterdam, Netherlands "
Restaurant Maria,Argentinian restaurant,+31 6 34232289 ,http://steakhousemaria.nl/,4.4,1342,,"Zeedijk 55, 1012 AS Amsterdam, Netherlands "
New York Steak House,Restaurant,+31 6 29010253 ,http://www.newyorksteakhouse.nl/,4.0,377,,"Leidseplein 2, 1017 PT Amsterdam, Netherlands "
The Uptown Meat Club,Restaurant,+31 20 363 8142 ,https://www.theuptownmeatclub.com/,4.1,1343,,"Van Baerlestraat 7, 1071 AL Amsterdam, Netherlands "
Castell,Bar & grill,+31 20 622 8606 ,http://www.castellamsterdam.nl/,4.3,2009,,"Lijnbaansgracht 254, 252, 1017 RK Amsterdam, Netherlands "
Steakhouse Marina grill & pasta,Restaurant,+31 6 46402959 ,https://mymenuweb.com/nl/restaurants/832132/?utm_source=google_profile&utm_medium=google_profile&utm_campaign=admin,4.0,1185,,"Nieuwendijk 55 A, 1012 MB Amsterdam, Netherlands "
Rancho,Meat dish restaurant,+31 20 625 6764 ,http://www.rancho.nl/,4.3,1978,,"Spui 3, 1012 WX Amsterdam, Netherlands "
Steakhouse La Maria,Restaurant,+31 20 421 5151 ,https://steakhouselamaria.com/,3.6,515,,"Warmoesstraat 51, 1012 HW Amsterdam, Netherlands "
Rancho Leidseplein,Meat dish restaurant,+31 20 627 4754 ,http://www.rancho.nl/,4.2,980,,"Korte Leidsedwarsstraat 71, 1017 PW Amsterdam, Netherlands "
El Asador,Argentinian restaurant,+31 20 625 7220 ,,3.6,427,,"Warmoesstraat 13, 1012 HT Amsterdam, Netherlands "
Gauchos Grill Restaurant Amsterdam- Spuistraat,Argentinian restaurant,+31 20 625 7272 ,https://www.gauchosgrill.nl/amsterdam-spuistraat,4.3,636,,"Spuistraat 3E, 1012 RZ Amsterdam, Netherlands "
"Grillroom ""Roos"" VOF",Restaurant,+31 20 617 6268 ,http://www.steakhouseroos.nl/,4.7,393,,"Johan Huizingalaan 174, 1065 JH Amsterdam, Netherlands "
Allstars Steakhouse,Breakfast restaurant,+31 20 624 6121 ,,3.9,1414,,"Damrak 32, 1012 LK Amsterdam, Netherlands "
Five Bells ribs factory/steak & grill,Restaurant,+31 6 51182752 ,http://www.fivebellsamsterdam.nl/,4.0,1478,,"Nieuwezijds Kolk 17, 1012 PV Amsterdam, Netherlands "
Q Global Kitchen,Restaurant,+31 20 624 5743 ,https://qglobalkitchen.nl/,4.6,2290,,"Nieuwendijk 62D, 1012 MP Amsterdam, Netherlands "
San Thomas - WS,Argentinian restaurant,+31 20 330 9962 ,http://santhomas.nl/,4.0,878,,"Warmoesstraat 7, 1012 HT Amsterdam, Netherlands "
Black Angus,Restaurant,+31 20 772 0914 ,https://black-angus-steakhouse.b12sites.com/index#home,4.5,16,,"Halvemaansteeg 10, 1017 CR Amsterdam, Netherlands "
The Big Apple,American restaurant,+31 20 223 8172 ,http://thebigapple.nl/,4.1,1193,,"Reguliersdwarsstraat 17-19, 1017 BJ Amsterdam, Netherlands "
Steakhouse Pizzeria Oost,Restaurant,+31 20 463 0067 ,https://www.steakhousepizzeriaoost-amsterdam.nl/,3.9,294,,"Eerste Oosterparkstraat 119B, 1091 GX Amsterdam, Netherlands "
"Pizzeria Steakhouse""Amsterdam""",Pizza restaurant,+31 20 622 8656 ,https://pizzeriasteakhouseamsterdam.com/,3.4,3436,,"Damstraat 9, 1012 JL Amsterdam, Netherlands "
Mas Y Mas,Restaurant,+31 20 846 5486 ,http://www.masymas-amsterdam.com/,4.5,3751,,"Damstraat 28HS, 1012 JM Amsterdam, Netherlands "
De María Argentinian Grill,Argentinian restaurant,+31 20 528 7377 ,https://www.demaria.nl/,4.1,512,,"Rembrandtplein 38, 1017 CV Amsterdam, Netherlands "
La Colina,Restaurant,+31 20 624 7015 ,https://la-colina.nl/contact/,4.5,1012,,"Nieuwezijds Kolk 9, 1012 PV Amsterdam, Netherlands "
De Bekeerde Suster - Brouwerij & Restaurant,Restaurant,+31 20 423 0112 ,https://www.debekeerdesuster.com/,4.6,1740,,"Kloveniersburgwal 6, 1012 CT Amsterdam, Netherlands "
Steakhouse Pizzeria Slotervaart,Pizza restaurant,+31 20 233 9656 ,http://www.steakhousepizzeriaslotervaart.nl/,4.3,22,,"Comeniusstraat 501, 1065 BX Amsterdam, Netherlands "
Casa Del Toro,Argentinian restaurant,+31 6 14367149 ,https://casa-del-toro.nl/,3.7,768,,"Nieuwezijds Voorburgwal 77, 1012 RE Amsterdam, Netherlands "
Downtown,American restaurant,+31 20 233 4806 ,,3.5,1266,,"Rembrandtplein 16, 1017 CV Amsterdam, Netherlands "
Rancho Leidseplein 2,Meat dish restaurant,+31 20 420 0066 ,http://www.rancho.nl/,3.8,472,,"Korte Leidsedwarsstraat 101, 1017 PX Amsterdam, Netherlands "
Bar-B Burgers ‘N’ Beers,Hamburger restaurant,+31 20 705 9631 ,http://bar-b.nl/?utm_source=google-bedrijfsprofiel&utm_medium=local&utm_campaign=bedrijfsvermelding,4.4,2790,,"Lange Leidsedwarsstraat 29, 1017 NG Amsterdam, Netherlands "
Billy Buns 1 | Damrak,Hamburger restaurant,+31 6 41416799 ,https://billybuns.nl/,4.6,893,,"Zoutsteeg 4, 1012 LX Amsterdam, Netherlands "
Burgerbar Kolksteeg,Hamburger restaurant,+31 20 624 9049 ,https://www.burgerbar.nl/menu/,4.4,4179,,"Kolksteeg 2, 1012 PT Amsterdam, Netherlands "
Burger Bar,Hamburger restaurant,+31 20 330 5968 ,http://www.burgerbar.nl/,4.4,4409,,"Reguliersbreestraat 9, 1017 CL Amsterdam, Netherlands "
"L.A. Burger Amsterdam , Burgerbar Service & Kwaliteit",Restaurant,+31 20 337 9148 ,https://www.laburger.nl/,4.3,1187,,"Damrak 9, 1012 LG Amsterdam, Netherlands "
BurgerFabriek Express L.Niezel,Hamburger restaurant,+31 20 362 7952 ,http://www.burgerfabriek.nl/,4.6,1534,,"Lange Niezel 20h, 1012 GT Amsterdam, Netherlands "
Burger Bar,Hamburger restaurant,+31 20 777 3465 ,http://www.burgerbar.nl/,4.4,1153,,"Prinsengracht 478, 1017 KG Amsterdam, Netherlands "
Burgermeester | Artis,Hamburger restaurant,+31 88 287 4377 ,http://www.burgermeester.eu/,4.4,1048,,"Plantage Kerklaan 37, 1018 CV Amsterdam, Netherlands "
Burgermeester | Centrum,Hamburger restaurant,+31 88 287 4377 ,http://www.burgermeester.eu/,4.4,875,,"Utrechtsestraat 8, 1017 VN Amsterdam, Netherlands "
Burger Zaken,Hamburger restaurant,+31 6 20561642 ,http://www.burger-zaken.net/,4.0,1701,,"Oude Hoogstraat 2-H, 1012 CE Amsterdam, Netherlands "
Burger Zaken Oudezijds Voorburgwal Amsterdam,Hamburger restaurant,+31 20 330 1261 ,http://burger-zaken.net/,4.1,1163,,"Oudezijds Voorburgwal 222, 1012 GJ Amsterdam, Netherlands "
Burger House,Hamburger restaurant,+31 6 21980488 ,,4.4,1890,,"Martelaarsgracht 24, 1012 TR Amsterdam, Netherlands "
THE BUTCHER Smashed Burger,Hamburger restaurant,+31 6 82069144 ,https://the-butcher.com/,4.4,308,,"Albert Cuypstraat 59, 1072 CM Amsterdam, Netherlands "
Burgerfabriek Express - Nieuwendijk,Hamburger restaurant,+31 20 363 9662 ,https://burgerfabriek.nl/,4.1,1570,,"Nieuwendijk 142, 1012 MS Amsterdam, Netherlands "
Stars Burgers,Hamburger restaurant,+31 20 786 9765 ,http://www.starsburgers.nl/,4.0,306,,"Sint Antoniesbreestraat 25C, 1011 HB Amsterdam, Netherlands "
Downtown Burger,Hamburger restaurant,+31 20 422 0255 ,http://www.downtownburger.nl/,3.6,1075,,"Nieuwmarkt 26, 1012 CR Amsterdam, Netherlands "
OMG! Burger,Hamburger restaurant,+31 20 341 9158 ,https://omg-burger.restranslate.com/,3.8,1190,,"Nieuwezijds Voorburgwal 41, 41-43, 1012 RD Amsterdam, Netherlands "
Grizzly - American Restaurant,American restaurant,+31 20 221 4432 ,,4.2,2328,,"Warmoesstraat 64-H, 1012 JH Amsterdam, Netherlands "
Burger 'n Shake Oostpoort,Hamburger restaurant,+31 20 221 2856 ,http://www.burgernshake.nl/,4.2,1842,,"Land van Cocagneplein 1D, 1093 NB Amsterdam, Netherlands "
Billy Buns 2 | Zeedijk,Hamburger restaurant,+31 6 41416799 ,https://billybuns.nl/,4.5,97,,"Zeedijk 94, 1012 BB Amsterdam, Netherlands "
Bill's Burger Joint,Hamburger restaurant,+31 20 770 5302 ,https://billsburger.nl/,4.5,302,,"Amstelveenseweg 170A, 1075 XP Amsterdam, Netherlands "
Maijard Smashburgers,Hamburger restaurant,+31 20 723 1999 ,https://maijardsmashburgers.com/,4.4,614,,"Berenstraat 20HS, 1016 GH Amsterdam, Netherlands "
Oeuf Amsterdam,Restaurant,+31 20 337 9104 ,https://www.oeufamsterdam.nl/,4.2,1261,,"Daniël Stalpertstraat 36, 1072 BE Amsterdam, Netherlands "
Fat Phill’s Amstelstation,Hamburger restaurant,+31 20 341 8890 ,https://fatphillsdiner.com/,3.8,317,,"Julianaplein 2a, 1097 DN Amsterdam, Netherlands "
The Burger Lab,Hamburger restaurant,+31 20 233 9102 ,,3.9,78,,"Amstelstraat 5, 1017 DA Amsterdam, Netherlands "
24/7 Burgerhouse,Hamburger restaurant,+31 20 358 4966 ,,3.5,566,,"Rozengracht 144, 1016 NJ Amsterdam, Netherlands "
Cannibale Royale Amstelveenseweg,Bar & grill,+31 20 820 3745 ,https://www.cannibaleroyale.nl/,4.6,424,,"Amstelveenseweg 170 B-H, 1075 TJ Amsterdam, Netherlands "
WAKO,Hamburger restaurant,+31 6 40698231 ,https://www.wakosmokehouse.com/,4.3,938,,"Korte Leidsedwarsstraat 123H, 1017 PZ Amsterdam, Netherlands "
Oh My Bun! Stadionplein,Hamburger restaurant,+31 20 223 9984 ,https://ohmybun.nl/,4.1,92,,"Amazonenstraat 69, 1076 LH Amsterdam, Netherlands "
Famous Burger,Fast food restaurant,+31 6 85331389 ,,3.6,229,,"Nieuwezijds Voorburgwal 87, 1012 RE Amsterdam, Netherlands "
Fasty Burgers Ceintuurbaan,Hamburger restaurant,+31 20 235 2111 ,https://fastyburgers.sitedish.shop/,4.1,101,,"Ceintuurbaan 193-H, 1074 CV Amsterdam, Netherlands "
Monopoly Burger,Hamburger restaurant,+31 20 363 7050 ,http://www.monopolyburger.nl/,4.2,282,,"Kinkerstraat 234 H, 1053 EN Amsterdam, Netherlands "
Fat Phill's Kinkerstraat,Hamburger restaurant,+31 85 130 0075 ,https://www.fatphillsdiner.com/,3.1,137,,"Kinkerstraat 224, 1053 EM Amsterdam, Netherlands "
Snackbar Het Hoekje,Snack bar,+31 20 774 0016 ,https://www.snacksburgershethoekje-amsterdam.nl/,4.4,145,,"Warmondstraat 132 H, 1058 KZ Amsterdam, Netherlands "
Burger King,Fast food restaurant,+31 88 463 6221 ,https://www.burgerking.nl/store-locator/store/restaurant_2860,3.5,4417,,"Leidseplein 7, 1017 PR Amsterdam, Netherlands "
Burger,Hamburger restaurant,+31 6 40631114 ,http://www.burgeratelieramsterdam.nl/,4.7,481,,"Muiderstraat 18, 1011 RB Amsterdam, Netherlands "
L'Antica Pizzeria da Michele,Pizza restaurant,+31 20 786 5778 ,https://www.pizzeriadamichele.nl/,4.5,651,,"Reguliersbreestraat 37, 1017 CM Amsterdam, Netherlands "
Pizza Beppe Amsterdam Spui,Pizza restaurant,+31 20 213 4370 ,https://www.pizzabeppe.nl/en/locations/amsterdam/spui?utm_source=google&utm_medium=organic&utm_campaign=bedrijfprofiel&utm_content=websiteklik,4.6,1005,,"Rozenboomsteeg 12-14, 1012 PR Amsterdam, Netherlands "
"Il Sogno, The Italian Conceptstore",Pizza restaurant,+31 20 237 4378 ,http://www.il-sogno.nl/,4.6,1684,,"Koningsstraat 19, 1011 ES Amsterdam, Netherlands "
De Pizzabakkers Leliegracht To Go,Pizza restaurant,+31 85 483 5900 ,https://www.depizzabakkers.nl/leliegracht/,4.6,819,,"Leliegracht 34HS, 1015 DG Amsterdam, Netherlands "
New York Pizza,Pizza restaurant,+31 20 625 6354 ,https://www.newyorkpizza.nl/?store=8&utm_medium=organic&utm_source=GMBlisting,3.9,881,,"Reguliersbreestraat 51, 1017 CM Amsterdam, Netherlands "
nNea Pizza,Pizza restaurant,+31 20 362 0834 ,http://www.nneapizza.com/,4.6,4021,,"Bilderdijkstraat 92, 1053 KX Amsterdam, Netherlands "
Azzurro,Pizza restaurant,+31 20 427 2671 ,,4.5,2005,,"Zeedijk 46, 1012 BA Amsterdam, Netherlands "
Domino's Pizza Amsterdam Overtoom,Pizza restaurant,+31 20 412 2131 ,https://www.dominos.nl/?utm_source=google&utm_medium=local&utm_campaign=yext,3.4,638,,"Overtoom 71, 1054 HC Amsterdam, Netherlands "
Pizza Napolitana,Pizza restaurant,+31 20 786 4947 ,,5.0,96,,"Bentinckstraat 30, 1051 GL Amsterdam, Netherlands "
Pizza Beppe Amsterdam Amstel,Pizza restaurant,+31 20 227 9808 ,https://www.pizzabeppe.nl/en/locations/amsterdam/centrum?utm_source=google&utm_medium=organic&utm_campaign=bedrijfprofiel&utm_content=websiteklik,4.3,301,,"Amstel 84, 1017 AC Amsterdam, Netherlands "
SOTTO Pizza,Pizza restaurant,+31 20 223 9000 ,http://www.sottopizza.nl/,4.3,1072,,"Amstelveenseweg 89, 1075 VW Amsterdam, Netherlands "
Domino's,Pizza restaurant,+31 20 210 2020 ,https://www.dominos.nl/?utm_source=google&utm_medium=local&utm_campaign=yext,3.3,448,,"Rozengracht 166, 1016 NK Amsterdam, Netherlands "
Pizza Beppe Amsterdam Westermarkt,Pizza restaurant,+31 20 227 9809 ,https://www.pizzabeppe.nl/en/locations/amsterdam/westermarkt?utm_source=google&utm_medium=organic&utm_campaign=bedrijfprofiel&utm_content=websiteklik,4.4,155,,"Raadhuisstraat 42H, 1016 DG Amsterdam, Netherlands "
Pizza Taxi da Paolo e Seba,Pizza restaurant,+31 20 671 5735 ,https://www.pizzataxidapaoloeseba.nl/,4.7,470,,"Ceintuurbaan 121, 1072 GA Amsterdam, Netherlands "
Domino's Pizza,Pizza restaurant,+31 20 470 5292 ,https://www.dominos.nl/?utm_source=google&utm_medium=local&utm_campaign=yext,3.6,298,,"Ceintuurbaan 314, 1072 GL Amsterdam, Netherlands "
FireAway Pizza,Pizza restaurant,+31 20 777 6693 ,,3.8,248,,"Ferdinand Bolstraat 128H, 1072 LR Amsterdam, Netherlands "
SOTTO Pizza Kadijksplein,Pizza restaurant,+31 20 773 3120 ,http://www.sottopizza.nl/,4.4,1471,,"Kadijksplein 4, 1018 AB Amsterdam, Netherlands "
luigi pizza service,Pizza restaurant,+31 20 334 5709 ,https://www.luigipizzaservice.nl/,3.6,196,,"Haarlemmermeerstraat 72, 1058 KC Amsterdam, Netherlands "
Marco Polo Pizzeria-Steakhouse,Italian restaurant,+31 20 624 0945 ,https://marcopolo-amsterdam.com/,4.0,2041,,"Damrak 31, 1012 LJ Amsterdam, Netherlands "
De Pizzabakkers,Pizza restaurant,+31 20 303 9244 ,https://www.depizzabakkers.nl/plantage/,4.4,1707,,"Plantage Kerklaan 2, 1018 TA Amsterdam, Netherlands "
De Pizzabakkers,Pizza restaurant,+31 20 618 6554 ,https://www.depizzabakkers.nl/overtoom/,4.5,702,,"Overtoom 501, 1054 LH Amsterdam, Netherlands "
Pizza Beppe Amsterdam Schinkelbuurt,Pizza restaurant,+31 20 213 4371 ,https://www.pizzabeppe.nl/en/locations/amsterdam/schinkelbuurt?utm_source=google&utm_medium=organic&utm_campaign=bedrijfprofiel&utm_content=websiteklik,4.0,92,,"Baarsstraat 3H, 1075 RT Amsterdam, Netherlands "
New York Pizza,Pizza delivery,+31 20 468 1200 ,https://www.newyorkpizza.nl/?store=25&utm_medium=organic&utm_source=GMBlisting,2.7,225,,"Linnaeusstraat 68, 1092 CN Amsterdam, Netherlands "
Pizza Project,Pizza restaurant,+31 20 779 3045 ,http://www.pizzaproject.nl/,4.7,802,,"Maasstraat 18, 1078 HK Amsterdam, Netherlands "
Domino's Pizza Amsterdam Johan Huizingalaan,Pizza restaurant,+31 20 240 2151 ,https://www.dominos.nl/?utm_source=google&utm_medium=local&utm_campaign=yext,2.2,131,,"Johan Huizingalaan 187, 1065 JA Amsterdam, Netherlands "
Victoria pizzeria,Pizza restaurant,+31 6 28779283 ,https://nlnavii.org/details/victoria-pizzeria-ChIJbZ7,4.6,88,,"Pieter Calandlaan 79, 1065 KK Amsterdam, Netherlands "
Napoli Pizza Amsterdam Dapperbuurt,Pizza delivery,+31 20 786 1008 ,http://www.napolipizza.nl/,4.2,94,,"Dapperstraat 153, 1093 BS Amsterdam, Netherlands "
De Pizzabakkers Haarlemmerdijk,Pizza restaurant,+31 20 427 4144 ,https://www.depizzabakkers.nl/haarlemmerdijk/,4.5,745,,"Haarlemmerdijk 128 HS, 1013 JJ Amsterdam, Netherlands "
San Tommaso - 1,Italian restaurant,+31 20 330 9964 ,http://www.santommaso.nl/,3.9,652,,"Warmoesstraat 9, 1012 HT Amsterdam, Netherlands "
New York Pizza,Pizza delivery,+31 20 226 0080 ,https://www.newyorkpizza.nl/?store=124&utm_medium=organic&utm_source=GMBlisting,3.7,155,,"Eerste van der Helststraat 54A, 1072 NX Amsterdam, Netherlands "
Napoli Pizza de baarsjes,Pizza restaurant,+31 20 304 4773 ,https://napolipizza.nl/,3.5,421,,"Jan Evertsenstraat 13H, 1057 BL Amsterdam, Netherlands "
Domino's Pizza Amsterdam Linnaeusstraat,Pizza restaurant,+31 20 240 4225 ,https://www.dominos.nl/?utm_source=google&utm_medium=local&utm_campaign=yext,3.2,298,,"Linnaeusstraat 96, 1092 CP Amsterdam, Netherlands "
Renato's Pizzeria - Foodhallen,Pizza restaurant,+31 6 14781057 ,https://www.renatos.nl/it/renatos-foodhallen-amsterdam/,4.1,85,,"Bellamyplein 51, 1053 AT Amsterdam, Netherlands "
Domino's Pizza Amsterdam Jan Van Galenstraat,Pizza restaurant,+31 20 240 4600 ,https://www.dominos.nl/?utm_source=google&utm_medium=local&utm_campaign=yext,3.8,58,,"Jan van Galenstraat 174-H, 1056 CJ Amsterdam, Netherlands "
New York Pizza,Pizza delivery,+31 20 723 5173 ,https://www.newyorkpizza.nl/?store=233&utm_medium=organic&utm_source=GMBlisting,3.3,141,,"Delflandplein 188, 1062 HW Amsterdam, Netherlands "
PIZZERIA NIEUW WEST,Pizza restaurant,+31 20 613 0786 ,,4.7,98,,"Jan Tooropstraat 91, 1061 AA Amsterdam, Netherlands "
New York Pizza,Pizza delivery,+31 20 280 0811 ,https://www.newyorkpizza.nl/?store=257&utm_medium=organic&utm_source=GMBlisting,2.6,132,,"Jollemanhof 154, 1019 GW Amsterdam, Netherlands "
Papa Johns Pizza,Pizza restaurant,+31 85 484 3520 ,https://www.papajohns.co.nl/?utm_source=yext-google-my-business&utm_medium=organic-search&utm_campaign=local-listing,3.1,226,,"Eerste Van Swindenstraat 10, 1093 GC Amsterdam, Netherlands "
OBA Pizzahuis,Pizza restaurant,+31 20 614 7247 ,http://www.bellaoba.nl/,4.5,241,,"Burgemeester de Vlugtlaan 117, 1063 BJ Amsterdam, Netherlands "
Domino's,Pizza restaurant,+31 20 435 0660 ,https://www.dominos.nl/?utm_source=google&utm_medium=local&utm_campaign=yext,3.3,256,,"Oostelijke Handelskade 142, 1019 BP Amsterdam, Netherlands "
Le 4 Stagioni,Pizza restaurant,+31 20 662 0071 ,http://le4stagioni.nl/,4.2,1039,,"Johannes Verhulststraat 32, 1071 KM Amsterdam, Netherlands "
American Pizza Factory,Pizza restaurant,+31 20 262 6255 ,http://www.american-pizza-factory.nl/contact,2.6,5,,"Lanseloetstraat 22A, 1055 BG Amsterdam, Netherlands "
Isabella Pizza-Grill,Pizza restaurant,+31 20 362 7518 ,,3.7,174,,"1012 AT Amsterdam, Netherlands "
Domino's Pizza Amsterdam Slotermeerlaan,Pizza restaurant,+31 20 240 4889 ,https://www.dominos.nl/?utm_source=google&utm_medium=local&utm_campaign=yext,2.8,108,,"Slotermeerlaan 105A, 1063 JN Amsterdam, Netherlands "
Pomodoro Pizza,Pizza Takeout,+31 20 363 9420 ,https://www.pomodoropizza.nl/,4.7,100,,"Jan Pieter Heijestraat 128, 1054 MH Amsterdam, Netherlands "
Domino's Pizza,Pizza restaurant,+31 20 240 6400 ,https://www.dominos.nl/?utm_source=google&utm_medium=local&utm_campaign=yext,2.4,163,,"Stadionplein 1, 1076 CE Amsterdam, Netherlands "
Pizza Speranza,Pizza restaurant,+31 20 785 9624 ,,3.7,40,,"Jan Evertsenstraat 103, 1057 BT Amsterdam, Netherlands "
Pizzeria Vincenzo Capuano,Pizza restaurant,+31 20 233 2633 ,https://www.capvin.com/,4.0,404,,"Herengracht 88A, 1015 BS Amsterdam, Netherlands "
Pizzalijn Salvatore,Pizza restaurant,+31 20 470 6063 ,https://butlon.com/pages/bedrijven/salvatore,3.5,171,,"Hobbemakade 74II, 1071 XN Amsterdam, Netherlands "
Papa Johns Pizza,Pizza restaurant,+31 20 303 1010 ,https://www.papajohns.co.nl/?utm_source=yext-google-my-business&utm_medium=organic-search&utm_campaign=local-listing,3.2,206,,"Spaarndammerstraat 68H, 1013 SZ Amsterdam, Netherlands "
Il Forno,Pizza restaurant,+31 20 638 8735 ,,3.6,92,,"Oostenburgergracht 37, 1018 NB Amsterdam, Netherlands "
i Diavoli,Pizza restaurant,+31 20 786 4836 ,https://nlcompanies.org/details/i-diavoli-ChIJS4P,4.8,165,,"Postjesweg 91H, 1057 DX Amsterdam, Netherlands "
Pizzalicious,Pizza restaurant,+31 20 240 0880 ,http://pizzalicious.foodticket.nl/,4.6,105,,"Nicolaas Beetsstraat 49, 1053 RJ Amsterdam, Netherlands "
Sushi Misaki - Amsterdam 鮨みさき,Sushi restaurant,+31 6 85068014 ,https://bookings.zenchef.com/results?rid=376252&pid=1001,4.9,79,,"Van Woustraat 224H, 1073 NB Amsterdam, Netherlands "
Lekker Sushi,Sushi takeaway,+31 20 463 2909 ,http://www.amsterdamlekkersushi.nl/,4.9,370,,"lekker sushi, Eerste Oosterparkstraat 201, 1091 HA Amsterdam, Netherlands "
Sushi Ikigai Amsterdam,Sushi takeaway,+31 20 370 3561 ,https://www.sushi-ikigai.nl/,4.8,67,,"Albert Cuypstraat 62-O, 1072 CV Amsterdam, Netherlands "
Oh My Sushi,Takeout Restaurant,+31 20 244 1768 ,http://amsterdam.ohmysushi.nl/,4.5,168,,"Havenstraat 14, 1075 PR Amsterdam, Netherlands "
I Love Sushi & Poké Bowl Amsterdam Centrum,Sushi restaurant,+31 20 785 1209 ,https://ilovesushi.nl/,4.3,113,,"Haarlemmerdijk 2, 1013 JC Amsterdam, Netherlands "
Sushitogoamsterdam,Sushi takeaway,+31 20 334 3167 ,http://www.sushitogoamsterdam.nl/,4.4,61,,"Bos en Lommerweg 66, 1055 EC Amsterdam, Netherlands "
JAPUB,Sushi restaurant,+31 6 84939966 ,https://japub-nl.com/,4.7,82,,"Jekerstraat 114H, 1078 MJ Amsterdam, Netherlands "
Sushi Su,Sushi restaurant,+31 20 412 9646 ,http://www.sushisu.nl/,4.2,276,,"Rijnstraat 88, 1079 HL Amsterdam, Netherlands "
Jj Sushi And More,Sushi restaurant,+31 20 785 1126 ,https://www.jjsushi.nl/,4.4,73,,"Tussen Meer 77, 1068 EZ Amsterdam, Netherlands "
Umei Sushi,Delivery Restaurant,+31 20 358 3091 ,http://www.umeisushi.nl/,4.6,141,,"Zeilstraat 37, 1075 SB Amsterdam, Netherlands "
Sushi Daily,Sushi takeaway,+31 20 468 6109 ,http://www.sushidaily.nl/?utm_source=google&utm_medium=local&utm_content=NL&utm_term=NL0038,4.7,19,,"Wibautstraat 80, 1091 GN Amsterdam, Netherlands "
Soytasty,Sushi restaurant,+31 6 11628460 ,https://soytasty.nl/,4.4,108,,"Bilderdijkstraat 202 H, 1053 LE Amsterdam, Netherlands "
Watta Sushi,Sushi takeaway,+31 6 49326549 ,https://www.instagram.com/watta_sushi,4.5,37,,"Amstelveenseweg 192, 1075 XR Amsterdam, Netherlands "
Sushi House,Sushi takeaway,+31 20 358 4055 ,http://www.sushihouse.nl/,4.4,111,,"Hoofddorpweg 30, 1058 PC Amsterdam, Netherlands "
I Love Sushi Amsterdam Zuid-Oost,Sushi restaurant,+31 20 774 7393 ,https://amsterdam-zuidoost.ilovesushi.nl/,3.4,98,,"Anton de Komplein 154 D, 1102 BP Amsterdam, Netherlands "
Sushi One,Sushi restaurant,+31 20 488 4419 ,http://www.sushi1.nl/,3.9,142,,"Tweede Hugo de Grootstraat 3h, 1052 LA Amsterdam, Netherlands "
Asian King Sushi,Japanese restaurant,+31 20 341 8430 ,https://www.asianking.nl/,4.0,117,,"Kinkerstraat 238, 1053 EN Amsterdam, Netherlands "
I Love Sushi Amsterdam Oost,Sushi restaurant,+31 20 226 9023 ,https://ilovesushi.nl/location/i-love-sushi-amsterdam-oost/,4.0,109,,"Eerste Van Swindenstraat 6, 1093 GC Amsterdam, Netherlands "
Am Sushi - West,Sushi takeaway,+31 20 239 0673 ,http://www.amsushi.nl/,4.1,66,,"Hoofdweg 300 (BG, 1057 DK Amsterdam, Netherlands "
Sakura Sushi Bar,Sushi restaurant,+31 20 389 2677 ,http://www.sushi-sakura.nl/,4.0,200,,"Kinkerstraat 22hs, 1053 DV Amsterdam, Netherlands "
Sushi Daily,Sushi takeaway,+31 88 659 2213 ,https://sushidaily.com/nl-nl,4.4,15,,"Utrechtsestraat 17, 1017 VH Amsterdam, Netherlands "
Shinsei Sushi,Sushi restaurant,+31 20 754 2577 ,http://www.shinsei-sushi.nl/,4.7,258,,"Amsterdamseweg 194, 1182 HL Amstelveen, Netherlands "
OuuO Sushi,Delivery Restaurant,+31 6 86255667 ,https://www.sushiouuo.nl/,4.0,48,,"Marie Heinekenplein 26, 1072 MK Amsterdam, Netherlands "
Sushi Daily,Sushi takeaway,+31 20 662 0416 ,https://sushidaily.com/nl-nl/vind-ons/amsterdam-museumplein/,4.1,18,,"Van Baerlestraat 33A, 1071 AP Amsterdam, Netherlands "
Sushi Daily,Sushi takeaway,+31 20 624 1249 ,http://www.sushidaily.nl/?utm_source=google&utm_medium=local&utm_content=NL&utm_term=NL0037,5.0,1,,"Jodenbreestraat 21, 1011 NH Amsterdam, Netherlands "
Sanks Sushi,Sushi restaurant,+31 20 233 9807 ,https://www.sanks-sushi.nl/,4.2,351,,"Pieter Calandlaan 831, 1069 SC Amsterdam, Netherlands "
Selfie Sushi,Sushi restaurant,+31 6 86255667 ,https://www.selfiesushi-amsterdam.nl/,4.2,49,,"Marie Heinekenplein 27, 1072 MH Amsterdam, Netherlands "
Himalaya Sushi Bar,Sushi restaurant,+31 20 776 3590 ,,4.1,63,,"Kinkerstraat 342H, 1053 GE Amsterdam, Netherlands "
Sushi Only Amsterdam | West,Restaurant,+31 6 87822902 ,https://www.sushionly.nl/,3.3,115,,"Kinkerstraat 148I, 1053 EG Amsterdam, Netherlands "
Miss Korea BBQ,Korean barbecue restaurant,+31 20 679 0606 ,http://www.misskorea.eu/,4.1,2510,,"Albert Cuypstraat 70, 1072 CW Amsterdam, Netherlands "
Hayai Sushi Amsterdam-Zuid,Japanese restaurant,+31 20 235 7844 ,https://www.hayaisushi.nl/,3.4,183,,"Rijnstraat 13H, 1078 PT Amsterdam, Netherlands "
Tensai Ramen Amsterdam,Restaurant,+31 20 303 1173 ,,4.5,71,,"Reguliersdwarsstraat 49, 1017 BK Amsterdam, Netherlands "
Kim's So Korean Food Centrum,Restaurant,+31 6 12858888 ,http://kimsso.nl/,4.7,3613,,"NL, Molensteeg 13H, 1012 BB Amsterdam, Netherlands "
Taste of Ramen,Ramen restaurant,+31 20 638 1466 ,,3.2,349,,"Zeedijk 109, 1012 AV Amsterdam, Netherlands "
Hongdae Amsterdam,Korean restaurant,+31 20 369 5212 ,https://hongdae.nl/,4.4,758,,"Lange Leidsedwarsstraat 57, 1017 NH Amsterdam, Netherlands "
NŌBO | Bubble tea | noodles | café,Sandwich shop,+31 20 404 1774 ,https://noboamsterdam.com/,4.4,225,,"Nieuwe Kerkstraat 84, 1018 EC Amsterdam, Netherlands "
Dignita Hoftuin,Restaurant,+31 20 370 2723 ,http://eatwelldogood.nl/,4.4,3148,,"Nieuwe Herengracht 18a, 1018 DP Amsterdam, Netherlands "
Miss G’s Brunch Boat,Brunch restaurant,+31 6 53722109 ,https://www.missgs.nl/,4.6,476,,"Amstel 13, 1011 PT Amsterdam, Netherlands "
Box Sociaal Jordaan,Restaurant,+31 20 358 5316 ,http://boxsociaal.com/,4.6,1107,,"Bloemgracht 47, 1016 KD Amsterdam, Netherlands "
Lova - All Day Brunch & Breakfast,Brunch restaurant,+31 20 770 1619 ,http://www.lova.cafe/,4.7,595,,"Haarlemmerdijk 182, 1013 JK Amsterdam, Netherlands "
Le Pain Quotidien,Restaurant,+31 20 379 5900 ,https://lepainquotidien.com/nl/stores/oud-zuid?utm_source=gmb&utm_medium=business-listing,4.2,898,,"Johannes Verhulststraat 104, 1071 NL Amsterdam, Netherlands "
Sandwichshop Amsterdam | Rokin,Sandwich shop,+31 20 785 4847 ,https://www.sandwichshopamsterdam.com/?utm_source=local&utm_medium=organic&utm_campaign=gmb-website/,4.7,3878,,"Langebrugsteeg 11, 1012 GB Amsterdam, Netherlands "
"Lunchroom Grannies, Amsterdam",Lunch restaurant,+31 6 45055173 ,https://www.lunchroomgrannies.com/,4.8,419,,"Hoofddorpplein 19, 1059 CV Amsterdam, Netherlands "
Bar Bouwmeester,Lunch restaurant,+31 20 233 9879 ,http://www.barbouwmeester.nl/,4.8,351,,"Rijnstraat 36, 1078 RC Amsterdam, Netherlands "
Loop 51 - Vinyl Brunch Bar,Brunch restaurant,+31 20 233 8439 ,http://www.loop51.nl/,4.7,374,,"Dusartstraat 51, 1072 HN Amsterdam, Netherlands "
Cut Throat,Restaurant,+31 6 25343769 ,https://cutthroatbarber.nl/,4.7,1365,,"Beursplein 5, 1012 JW Amsterdam, Netherlands "
The Living Kitchen: Rooftop Restaurant and Bar by Zoku Amsterdam,Restaurant,+31 20 811 2811 ,http://www.livezoku.com/amsterdam/eat-drink,4.7,351,,"Weesperstraat 105, 6th Floor, 1018 VM Amsterdam, Netherlands "
Tony's NY City Bagels,Bakery,+31 20 421 5930 ,https://tonysnycitybagels.nl/,4.5,1124,,"Jodenbreestraat 15, 1011 NG Amsterdam, Netherlands "
De Drie Graefjes American Bakery - Vestiging Dam,Bakery,+31 85 822 7257 ,https://dedriegraefjes.nl/pages/dam-lunchroom?y_source=1_MTA4ODYyMzYyNC03MTUtbG9jYXRpb24ud2Vic2l0ZQ%3D%3D,4.3,1165,,"Eggertstraat 1, 1012 NN Amsterdam, Netherlands "
Le Pain Quotidien,Bakery,+31 20 622 2555 ,https://lepainquotidien.com/nl/stores/spuistraat?utm_source=gmb&utm_medium=business-listing,4.3,1227,,"Spuistraat 266 hs, 1012 VW Amsterdam, Netherlands "
Vlaamsch Broodhuys Haarlemmerstraat Amsterdam,Bakery,+31 20 528 6430 ,https://www.vlaamschbroodhuys.nl/winkels/amsterdam/haarlemmerstraat/,4.0,356,,"Haarlemmerstraat 108, 1013 EW Amsterdam, Netherlands "
Vlaamsch Broodhuys,Bakery,+31 20 400 4555 ,http://www.vlaamschbroodhuys.nl/,4.1,217,,"Van Woustraat 78H, 1073 LP Amsterdam, Netherlands "
Vlaamsch Broodhuys Elandsgracht Amsterdam,Bakery,+31 20 330 2089 ,https://www.vlaamschbroodhuys.nl/winkels/amsterdam/elandsgracht/,3.8,437,,"Elandsgracht 122 b/g, 1016 VB Amsterdam, Netherlands "
Vlaamsch Broodhuys Amstelveenseweg Amsterdam,Bakery,+31 20 225 2734 ,https://www.vlaamschbroodhuys.nl/winkels/amsterdam/amstelveenseweg/,3.9,225,,"Amstelveenseweg 176-178, 1075 XP Amsterdam, Netherlands "
Vlaamsch Broodhuys,Bakery,+31 20 689 9131 ,https://www.vlaamschbroodhuys.nl/winkels/amsterdam/eerste-constantijn-huygensstraat/,3.6,641,,"Eerste Constantijn Huygensstraat 64, 1054 BR Amsterdam, Netherlands "
The Breakfast Club,Lunch restaurant,+31 20 223 4933 ,http://thebreakfastclub.nl/,4.1,1632,,"Bellamystraat 2-h, 1053 BL Amsterdam, Netherlands "
The Breakfast Club,Breakfast restaurant,+31 20 665 5637 ,http://thebreakfastclub.nl/,3.9,1935,,"Wibautstraat 56, 1091 GN Amsterdam, Netherlands "
The Breakfast Club,Lunch restaurant,+31 20 722 0505 ,http://www.thebreakfastclub.nl/,4.4,478,,"Roetersstraat 10 A, 1018 WE Amsterdam, Netherlands "
Bij Paul @ cafe slijterij Oosterling en klein Bij Paul Hemonystraat,Breakfast restaurant,+31 20 623 4140 ,https://www.nine-t-teen.nl/,4.8,633,,"Utrechtsestraat 140, Hemonystraat 10, 1017 VT Amsterdam, Netherlands "
De Bakkerswinkel Centrum,Restaurant,+31 20 489 8000 ,http://www.debakkerswinkelcentrum.nl/,4.6,1046,,"Warmoesstraat 69, 1012 HX Amsterdam, Netherlands "
Toastable,Restaurant,+31 20 626 2969 ,http://toastable.nl/,4.6,1609,,"Singel 441, 1012 WP Amsterdam, Netherlands "
Bakkerij Wolf - Wolvenstraat,Bakery,+31 20 775 2497 ,https://bakkerijwolf.nl/,4.5,1020,,"Wolvenstraat 22, 1016 EP Amsterdam, Netherlands "
Pancakes Amsterdam at the IJ,Pancake restaurant,+31 20 820 4248 ,https://pancakes.amsterdam/,4.4,1063,,"De Ruijterkade 35, 1012 AA Amsterdam, Netherlands "
de Dakduif,Breakfast restaurant,+31 20 737 0382 ,http://www.dedakduif.nl/,4.6,450,,"Eerste Sweelinckstraat 12, 1073 CM Amsterdam, Netherlands "
Lunchroom Amarylles,Restaurant,+31 20 622 4947 ,,4.5,897,,"Singel 540, 1017 AZ Amsterdam, Netherlands "
The Breakfast Club,Restaurant,+31 20 722 0609 ,https://www.thebreakfastclub.nl/,4.0,193,,"Cornelis Troostplein 4, 1072 JK Amsterdam, Netherlands "
Broodje Bert,Restaurant,+31 20 623 0382 ,,4.7,1567,,"Singel 321, 1012 WK Amsterdam, Netherlands "
Koffiehuis 'De Hoek'.,Cafe,+31 20 625 3872 ,https://koffiehuisdehoek.nl/,4.3,948,,"Prinsengracht 341, 1016 HK Amsterdam, Netherlands "
Café Berkhout,Cafe,+31 20 420 9618 ,http://www.cafeberkhout.nl/,4.4,861,,"Stadhouderskade 77, 1072 AE Amsterdam, Netherlands "
Bake my Day,Bakery,+31 6 40791156 ,https://bakemydayamsterdam.com/contact/,4.4,1727,,"Haarlemmerstraat 71, 1013 EL Amsterdam, Netherlands "
MissB by la grotte,Restaurant,+31 20 625 3400 ,,4.4,1156,,"Haarlemmerstraat 34, 1013 ES Amsterdam, Netherlands "
Stefs Bakery,Bakery,+31 20 845 4741 ,http://www.stefs-bakery.com/,4.6,1101,,"Nieuwe Spiegelstraat 62b, 1017 DH Amsterdam, Netherlands "
Dwaze zaken,Diner,+31 20 612 4175 ,https://mymenuweb.com/nl/restaurants/830360/?utm_source=google_profile&utm_medium=google_profile&utm_campaign=admin,4.2,1321,,"Prins Hendrikkade 49, 1012 AC Amsterdam, Netherlands "
Pluk,Restaurant,+31 20 330 6006 ,http://www.pluk-amsterdam.com/nl/,3.5,2046,,"Berenstraat 19, 1016 GG Amsterdam, Netherlands "
Breakfast & Lunch Café Mensink . 🍞🥖🥨🥐🥪🥯☕️🥛🥤,Sandwich shop,+31 20 221 1135 ,https://nlcompanies.org/details/mensink-breakfast-lunch-caf-ChIJk6m,4.6,775,,"Kinkerstraat 63, 1053 DE Amsterdam, Netherlands "
Nate,Cafe,+31 20 223 6793 ,http://nate.amsterdam/,4.5,604,,"Utrechtsestraat 19, 1017 CH Amsterdam, Netherlands "
Capital Kitchen,Restaurant,+31 20 247 7040 ,https://capitalc.amsterdam/kitchen/,4.6,374,,"Weesperplein 4A, 1018 XA Amsterdam, Netherlands "
Raam Amsterdam,Lunch restaurant,+31 20 846 2267 ,http://www.raamamsterdam.nl/,4.6,149,,"Raamdwarsstraat 3, 1016 XL Amsterdam, Netherlands "
Secret Garden,Restaurant,+31 20 247 4060 ,http://www.secretgardenamsterdam.com/,4.5,2092,,"Reguliersdwarsstraat 38, 1017 BM Amsterdam, Netherlands "
Kapitein Zeppos,Restaurant,+31 20 624 2057 ,http://www.zeppos.nl/,4.4,2654,,"Gebed Zonder End 5, 1012 HS Amsterdam, Netherlands "
Restaurant Dinner Cruise Amsterdam - Rondvaart met eten,Restaurant,+31 6 22197287 ,https://rederijprinsengracht.com/eet-arrangementen/diner-op-boot-amsterdam/,5.0,1,,"Prinsengracht 648, 1017 KV Amsterdam, Netherlands "
Renvy,Restaurant,+31 20 523 1259 ,https://www.hyattrestaurants.com/en/amsterdam/restaurant/renvy,4.9,88,,"Prinsengracht 587, 1016 HT Amsterdam, Netherlands "
Parmigiano Amsterdam,Restaurant,+31 20 786 8886 ,http://www.parmigiano-amsterdam.nl/,4.1,751,,"Rokin 132-H, 1012 LD Amsterdam, Netherlands "
Coffee Culture Center,Cafe,+31 20 627 7599 ,http://www.hetkoffiecultuurcentrum.nl/,4.7,257,,"Nieuwezijds Voorburgwal 133, 1012 RJ Amsterdam, Netherlands "
De Laatste Kruimel,Bakery,+31 20 423 0499 ,https://delaatstekruimel.com/,4.6,2527,,"Langebrugsteeg 4, 1012 GB Amsterdam, Netherlands "
Café Langereis,Bar,+31 20 785 0641 ,https://cafelangereis.nl/,4.5,943,,"Amstel 202, 1017 AH Amsterdam, Netherlands "
Margo's Amsterdam,Bakery,+31 20 303 1424 ,https://www.margosamsterdam.com/,4.8,208,,"Bellamyplein 18HS, 1053 AT Amsterdam, Netherlands "
Café Het Molenpad | Café Amsterdam,Diner,+31 20 625 9680 ,http://www.cafehetmolenpad.nl/,4.3,790,,"Prinsengracht 653, 1016 HV Amsterdam, Netherlands "
Fa. Cafe-Bistro Hansel and Gretel,Restaurant,+31 20 624 6782 ,http://hansengrietjeamsterdam.nl/,4.1,2687,,"Spiegelgracht 27, 1017 JP Amsterdam, Netherlands "
Coffee & Juices.,Cafe,+31 20 767 0032 ,http://www.coffeeandjuices.nl/,4.4,254,,"Hugo de Grootplein 16I, 1052 KX Amsterdam, Netherlands "
Café Bigshots,Sports bar,+31 6 85331389 ,https://www.bigshotsamsterdam.com/,4.5,691,,"Nieuwezijds Voorburgwal 89, 1012 RE Amsterdam, Netherlands "
Cafe del Mondo,Cafe,+31 20 624 1373 ,https://www.cafedelmondo.nl/,4.0,592,,"Nieuwmarkt 28, 1012 CS Amsterdam, Netherlands "
Café Orloff Amsterdam,Pub,+31 20 320 3347 ,http://orloffamsterdam.nl/,4.2,711,,"Kadijksplein 11, 1018 AC Amsterdam, Netherlands "
Cafe the Minds,Bar,+31 20 623 6784 ,http://www.theminds.nl/,4.5,613,,"Spuistraat 245, 1012 VP Amsterdam, Netherlands "
Café Belcampo,Cafe,+31 20 303 2886 ,http://cafebelcampo.nl/,4.1,314,,"Hannie Dankbaarpassage 10, 1053 RT Amsterdam, Netherlands "
"Café ""De Blauwe Druif""",Cafe,+31 6 51686805 ,,4.3,489,,"Haarlemmerstraat 91, 1013 EL Amsterdam, Netherlands "
Selma’s (centrum),Bakery,+31 20 786 8419 ,https://www.selmasbakery.com/,4.6,194,,"Herenstraat 35, 1015 BZ Amsterdam, Netherlands "
Molly Malone's Irish Pub,Irish pub,+31 20 624 1150 ,https://mollyinamsterdam.com/,4.5,2995,,"Oudezijds Kolk 9, 1012 AL Amsterdam, Netherlands "
O'Reilly's Irish Pub,Irish pub,+31 20 624 9498 ,http://www.oreillys.com/amsterdam,4.4,3740,,"Paleisstraat 105, 1012 ZL Amsterdam, Netherlands "
Proeflokaal Arendsnest,Bar,+31 20 421 2057 ,http://www.arendsnest.nl/,4.7,4478,,"Herengracht 90, 1015 BS Amsterdam, Netherlands "
The Old Bell,Pub,+31 20 620 4135 ,http://www.oldbell.nl/,4.4,2251,,"Rembrandtplein 46, 1017 CV Amsterdam, Netherlands "
Beer Tasting Room In The Wildeman,Bar,+31 20 638 2348 ,http://www.indewildeman.nl/,4.7,2334,,"Kolksteeg 3, 1012 PT Amsterdam, Netherlands "
The Three Sisters,Sports bar,+31 20 626 3346 ,http://threesisterspubamsterdam.nl/,4.1,3700,,"Rembrandtplein 19, 1017 CT Amsterdam, Netherlands "
Proeflokaal de Ooievaar,Pub,+31 6 19716032 ,https://proeflokaaldeooievaar.nl/,4.7,679,,"Sint Olofspoort 1, 1012 AJ Amsterdam, Netherlands "
Café Oporto,Pub,+31 20 638 0702 ,https://www.facebook.com/p/Cafe-Oporto-Amsterdam-100049599733590/,4.6,669,,"Zoutsteeg 1, 1012 LX Amsterdam, Netherlands "
Cafe Gollem Raamsteeg,Pub,+31 20 612 9444 ,http://www.cafegollem.nl/,4.7,1842,,"Raamsteeg 4, 1012 VZ Amsterdam, Netherlands "
H.Murray's Amsterdam,Irish pub,+31 20 786 0799 ,http://www.hmurrays.com/,4.8,353,,"Nieuwebrugsteeg 15, 1012 AJ Amsterdam, Netherlands "
Mulligans Irish Music Bar,Irish pub,+31 20 233 5543 ,http://www.mulligans.nl/,4.6,1796,,"Amstel 100, 1017 AC Amsterdam, Netherlands "
Waterkant,Bar,+31 20 737 1126 ,http://www.waterkantamsterdam.nl/,4.4,4598,,"Marnixstraat 246, 1016 TL Amsterdam, Netherlands "
Cafe Gollem Amstelstraat,Pub,+31 20 774 0212 ,http://www.cafegollem.nl/,4.7,1375,,"Amstelstraat 34, 1017 DA Amsterdam, Netherlands "
Irish Pub Slainte,Irish pub,+31 20 625 5974 ,http://www.irishpubslainte.nl/,4.3,1849,,"Warmoesstraat 87, 1012 GZ Amsterdam, Netherlands "
Excalibur Café,Pub,+31 6 11928793 ,http://www.excaliburcafe.nl/,4.6,4035,,"Oudezijds Achterburgwal 48, 1012 DP Amsterdam, Netherlands "
Bar Regular & Jack,Sports bar,+31 20 205 2646 ,http://regularandjack.nl/,4.4,818,,"Vijzelstraat 37, 1017 HD Amsterdam, Netherlands "
BigShots Bar,Bar,+31 6 85331389 ,https://www.bigshotsamsterdam.com/,4.6,1447,,"Warmoesstraat 94, 1012 JH Amsterdam, Netherlands "
Cafe de Kroegtijger,Cocktail bar,+31 20 223 3985 ,https://cafedekroegtijger.nl/,4.8,341,,"Zeedijk 134A, 1012 BC Amsterdam, Netherlands "
Aran Irish Pub,Irish pub,+31 20 622 0416 ,http://www.aranpub.nl/,3.9,2090,,"Max Euweplein, 1017 MA Amsterdam, Netherlands "
Cafe Pollux,Pub,+31 20 624 9521 ,https://cafepollux.com/,4.7,1046,,"Prins Hendrikkade 121, 1011 AM Amsterdam, Netherlands "
Backstage Bar,Bar,+31 20 320 4301 ,http://www.backstage-bar.amsterdam/,4.9,512,,"Oudezijds Armsteeg 7, 1012 GP Amsterdam, Netherlands "
Irish Pub O'Donnell's Amsterdam,Irish pub,+31 20 676 7786 ,http://odonnellsamsterdam.nl/,4.1,2603,,"Ferdinand Bolstraat 5, 1072 LA Amsterdam, Netherlands "
Soundgarden,Bar,+31 20 620 2853 ,http://www.cafesoundgarden.nl/,4.5,2187,,"Marnixstraat 164-166, 1016 TG Amsterdam, Netherlands "
Flying Dutchmen Cocktails | Cocktail Bar Amsterdam,Cocktail bar,+31 6 28087864 ,http://www.flyingdutchmencocktails.shop/,4.6,1412,,"Singel 460, 1017 AW Amsterdam, Netherlands "
Susie's Saloon,Bar,+31 20 622 8912 ,http://www.susiessaloon.nl/,4.4,1508,,"Oudezijds Voorburgwal 254, 1012 GK Amsterdam, Netherlands "
Three Little Bottles,Pub,+31 20 624 8443 ,http://dedriefleschjes.nl/,4.8,658,,"Gravenstraat 18, 1012 NM Amsterdam, Netherlands "
Freddy's Bar,Bar,+31 20 531 1619 ,https://freddysbaramsterdam.com/,4.6,592,,"Nieuwe Doelenstraat 2-14, 1012 CP Amsterdam, Netherlands "
Cafe de Druif,Pub,+31 20 786 8619 ,http://cafededruif.nl/,4.5,550,,"Rapenburgerplein 83, 1011 VJ Amsterdam, Netherlands "
Door 74,Cocktail bar,+31 6 82042977 ,http://www.finddoor74.com/,4.5,1762,,"Reguliersdwarsstraat 74, 1017 BN Amsterdam, Netherlands "
Hannekes Boom,Restaurant,+31 20 419 9820 ,http://www.hannekesboom.nl/,4.3,3638,,"Dijksgracht 4, 1019 BS Amsterdam, Netherlands "
De Sluyswacht,Bar,+31 20 625 7611 ,http://www.sluyswacht.nl/,4.4,1831,,"Jodenbreestraat 1, 1011 NG Amsterdam, Netherlands "
Hiding in Plain Sight,Cocktail bar,+31 6 25293620 ,https://www.hpsamsterdam.com/,4.6,976,,"Rapenburg 18, 1011 TX Amsterdam, Netherlands "
Dutch Courage | Cocktail Bar Amsterdam,Cocktail bar,+31 6 47398467 ,https://www.dutchcouragecocktails.com/,4.7,807,,"Zeedijk 12, 1012 AX Amsterdam, Netherlands "
Blarney Stone,Irish pub,+31 20 623 3830 ,,4.4,877,,"Nieuwendijk 29, 1012 LZ Amsterdam, Netherlands "
Bar Oldenhof,Cocktail bar,+31 20 751 3273 ,http://www.bar-oldenhof.com/,4.7,893,,"Elandsgracht 84-H, 1016 TZ Amsterdam, Netherlands "
Dan Murphy's,Irish pub,+31 20 422 3285 ,,4.1,994,,"Leidseplein 24, 1017 PT Amsterdam, Netherlands "
Café 't Hooischip,Pub,+31 20 623 8733 ,,4.6,757,,"Amstel 31, 1011 PG Amsterdam, Netherlands "
Rosalia's Menagerie,Cocktail bar,+31 20 330 6242 ,https://www.rosalias.amsterdam/bar/,4.8,1178,,"Kloveniersburgwal 20, 1012 CV Amsterdam, Netherlands "
Bar TwentySeven,Cocktail bar,+31 20 218 2180 ,https://www.bartwentyseven.com/,4.7,490,,"Dam 27, 1012 JS Amsterdam, Netherlands "
Fitz's Bar Amsterdam,Cocktail bar,+31 20 802 0202 ,https://www.fitzsbaramsterdam.com/?utm_source=GMB&utm_medium=organic,4.9,137,,"Mauritskade 61, 1092 AD Amsterdam, Netherlands "
English Pub London Bridge Amsterdam,Pub,+31 6 25440011 ,http://www.londonbridge.nl/,4.1,874,,"Nieuwezijds Voorburgwal 36, 1012 SB Amsterdam, Netherlands "
Coco's Outback,Sports bar,+31 20 627 2423 ,https://cocosoutback.com/,4.0,3585,,"Thorbeckeplein 8-12, 1017 CS Amsterdam, Netherlands "
Law & Order Cocktail Bar,Cocktail bar,+31 20 362 6697 ,https://www.instagram.com/lawandorder_bar?igsh=NW9objhldTRuN2dm&utm_source=qr,4.7,652,,"Voetboogstraat 4, 1012 XL Amsterdam, Netherlands "
Bar Claes,Cocktail bar,+31 20 710 7277 ,https://www.parkcentraal.com/amsterdam/bar-claes/,4.6,84,,"Stadhouderskade 25, 1071 ZD Amsterdam, Netherlands "
Bubbles & Wines,Wine bar,+31 20 422 3318 ,http://bubblesandwines.com/,4.6,490,,"Nes 37, 1012 KC Amsterdam, Netherlands "
The Bulldog Palace,Restaurant,+31 20 627 1908 ,https://thebulldog.com/locations/bars/the-bulldog-palace/,4.4,6952,,"Leidseplein 15, 1017 PS Amsterdam, Netherlands "
The Black Tiger Bar Amsterdam,Bar,+31 20 362 7871 ,https://www.facebook.com/Black.Tiger.Bar.Amsterdam,4.3,927,,"Oudezijds Achterburgwal 23, 1012 DA Amsterdam, Netherlands "
Onder de Ooievaar,Pub,+31 20 624 6836 ,http://www.onderdeooievaar.nl/,4.4,960,,"Utrechtsestraat 119, 1017 JL Amsterdam, Netherlands "
Hoppe,Bar,+31 20 420 4420 ,http://cafehoppe.com/,4.4,2120,,"Spui 18-20, 1012 XA Amsterdam, Netherlands "
Bar The Tailor,Cocktail bar,+31 20 554 9455 ,http://www.barthetailor.com/,4.6,597,,"Dam 9, 1012 HH Amsterdam, Netherlands "
Vault Bar,Cocktail bar,+31 20 718 4643 ,https://www.hilton.com/en/hotels/amswawa-waldorf-astoria-amsterdam/dining/,4.7,145,,"Garden Level, Herengracht 542-556, 1017 DV Amsterdam, Netherlands "
Bar MiMi,Bistro,+31 20 770 2957 ,https://barmimi.nl/,4.7,258,,"Potgieterstraat 35, 1053 XR Amsterdam, Netherlands "
Euro Pub,Pub,+31 20 888 8882 ,https://yipgroup.com/euro-pub/,3.9,895,,"Dam 7, 1012 JS Amsterdam, Netherlands "
Bierfabriek Amsterdam,Restaurant,+31 20 528 9910 ,https://www.bierfabriek.com/amsterdam/,4.1,1958,,"Nes 67, 1012 KD Amsterdam, Netherlands "
Café Old Wembley,Sports bar,+31 6 18078862 ,,4.5,220,,"Monnikenstraat 15, 1012 BP Amsterdam, Netherlands "
De Roode Laars,Pub,+31 20 354 2799 ,https://www.amsterdamoudestad.nl/tips/drinken/de-roode-laars,4.6,319,,"Zeedijk 17, 1012 AN Amsterdam, Netherlands "
Cafe Aunt Rosie,Bar,+31 20 820 8257 ,http://www.tanteroosje.nl/,4.3,1255,,"Rembrandtplein 5, 1017 CT Amsterdam, Netherlands "
Café Little Sailor,Pub,+31 20 624 7107 ,,4.0,483,,"Zeedijk 120, 1012 BB Amsterdam, Netherlands "
BR020,Pub,+31 6 49395133 ,https://www.br020amsterdam.com/,4.8,808,,"Marnixstraat 325H, 1016 TC Amsterdam, Netherlands "
VIC's BAR,Bar,+31 20 524 0678 ,https://www.vicsbaramsterdam.nl/,4.4,210,,"Damrak 1-5, 1012 TM Amsterdam, Netherlands "
Pulitzer's Bar,Bar,+31 20 523 5235 ,https://www.pulitzeramsterdam.com/eat-drink/pulitzers-bar/?utm_source=google&utm_medium=local&utm_campaign=restuarant-pulitzersbar,4.5,704,,"Prinsengracht 323, 1016 DZ Amsterdam, Netherlands "
Super Lyan,Cocktail bar,+31 20 620 0500 ,https://www.superlyan.com/,4.7,570,,"Nieuwezijds Voorburgwal 3, 1012 RC Amsterdam, Netherlands "
Saloon Smoking Bull,Pub,+31 20 420 4201 ,http://www.smokingbull.nl/,4.3,498,,"Lange Niezel 13, 1012 GS Amsterdam, Netherlands "
Yip Fellows,Bar,+31 20 888 8884 ,http://www.amsterdam-dam.com/,4.4,449,,"Dam 11, 1012 JS Amsterdam, Netherlands "
The Queen's Head,Gay bar,+31 20 420 2475 ,http://www.queenshead.nl/,4.6,542,,"Zeedijk 20, 1012 AZ Amsterdam, Netherlands "
Café 't Mandje,Gay bar,+31 20 358 6614 ,https://www.cafetmandje.amsterdam/,4.5,495,,"Zeedijk 63, 1012 AS Amsterdam, Netherlands "
Bar Brother,Pub,+31 6 81957981 ,https://www.bar-brother.com/,4.9,245,,"Curaçaostraat 95, 1058 BS Amsterdam, Netherlands "
Café Fonteyn,Pub,+31 20 422 3599 ,http://www.cafefonteyn.nl/,4.5,1255,,"Nieuwmarkt 13- 15, 1011 JS Amsterdam, Netherlands "
Louis Bar,Bar,+31 20 624 5331 ,,4.5,855,,"Nieuwebrugsteeg 13, 1012 AG Amsterdam, Netherlands "
BrewDog Amsterdam Centraal,Bar,+31 6 42736552 ,https://www.brewdog.com/nl/amsterdam,4.2,389,,"Stationsplein, 1012 AB Amsterdam, Netherlands "
Specht Bar & Lounge,Bar,+31 20 551 2000 ,https://www.sevenrooms.com/reservations/spechtbarandloungeamsrd/goog,4.7,18,,"Kattengat 1, 1012 SZ Amsterdam, Netherlands "
BAR JOOST,Bar,+31 6 43748787 ,http://www.joost-amsterdam.nl/,4.7,595,,"Molukkenstraat 33, 1095 AT Amsterdam, Netherlands "
De Engelbewaarder,Pub,+31 20 625 3772 ,http://cafedeengelbewaarder.nl/,4.4,1033,,"Kloveniersburgwal 59HS, 1011 JZ Amsterdam, Netherlands "
BeerTemple,Pub,+31 20 627 1427 ,http://www.beertemple.nl/,4.6,3886,,"Nieuwezijds Voorburgwal 250, 1012 RR Amsterdam, Netherlands "
Bar Jones,Bar,+31 20 623 4250 ,http://www.barjones.nl/,4.5,645,,"Nes 33 HS, 1012 KC Amsterdam, Netherlands "
Brewed by Women BAR,Bar,+31 20 854 5277 ,https://www.gebrouwendoorvrouwen.nl/de-bar,4.7,471,,"Jan Pieter Heijestraat 119D, hs, 1054 MD Amsterdam, Netherlands "
Wonder Lounge,Hookah bar,+31 6 12441052 ,http://wonderbaramsterdam.nl/,4.2,1972,,"Nieuwendijk 11, 1012 LZ Amsterdam, Netherlands "
Twenty Third Bar,Cocktail bar,+31 20 678 8300 ,https://www.okura.nl/twenty-third-bar,4.4,194,,"Ferdinand Bolstraat 333, 1072 LH Amsterdam, Netherlands "
PAMELA,Bar,+31 20 778 0207 ,https://www.pamela.amsterdam/,4.5,389,,"Jacob van Lennepstraat 86H, 1053 HM Amsterdam, Netherlands "
Kalemegdan,Bar,+31 6 11397172 ,http://www.kalemegdan.nl/,4.8,149,,"Tweede van Swindenstraat 94, 1093 GS Amsterdam, Netherlands "
Shiraz Jardin des Vins,Wine bar,+31 20 778 6313 ,http://www.shirazamsterdam.nl/,4.6,866,,"Lijnbaansgracht 267 HS, 1017 RL Amsterdam, Netherlands "
Selva Restaurant,Restaurant,+31 20 800 3200 ,https://www.selva-restaurant.com/en/,4.7,1133,,"Europaboulevard 2b, 1078 RV Amsterdam, Netherlands "
A-Fusion Sushi,Restaurant,+31 20 354 7068 ,https://nlcompanies.org/details/afusion-sushi-ChIJk7R,4.4,28,,"Haparandaweg 746, 1013 BD Amsterdam, Netherlands "
Villa Nieuwmarkt,Restaurant,+31 20 420 2022 ,http://www.villanieuwmarkt.nl/,4.1,637,,"Nieuwmarkt 25, 1011 HB Amsterdam, Netherlands "
Restaurant-Café In de Waag,Restaurant,+31 20 422 7772 ,https://indewaag.nl/,4.1,3904,,"Nieuwmarkt 4, 1012 CR Amsterdam, Netherlands "
Café Stevens,Diner,+31 20 620 6970 ,https://cafestevens.nl/,4.4,1213,,"Geldersekade 123, 1011 EN Amsterdam, Netherlands "
Café Bern,Swiss restaurant,+31 20 622 0034 ,http://www.cafebern.com/,4.3,1108,,"Nieuwmarkt 9, 1011 JR Amsterdam, Netherlands "
Lokaal 't Loosje,Bar,+31 20 627 2635 ,http://www.loosje.nl/,4.3,1271,,"Nieuwmarkt 32, 1012 CS Amsterdam, Netherlands "
San Diego Restaurant,Restaurant,+31 20 786 6051 ,https://www.sandiego-restaurant.nl/,4.3,1286,,"Nieuwe Hoogstraat 2, A H, 1011 HE Amsterdam, Netherlands "
Restaurant Asmara,Eritrean restaurant,+31 6 33815311 ,,4.8,373,,"Jonas Daniël Meijerplein 8, 1011 RH Amsterdam, Netherlands "
't Tuinfeest B.V.,Restaurant,+31 20 620 8864 ,http://www.tuinfeestamsterdam.nl/,4.3,368,,"Geldersekade 109, 1011 EN Amsterdam, Netherlands "
Café Restaurant Orff,Diner,+31 20 330 0162 ,http://www.orff.nl/,4.1,708,,"Jodenbreestraat 5, 1011 NG Amsterdam, Netherlands "
GAJA Korean BBQ & Bar Amsterdam,Restaurant,+31 20 280 1337 ,https://gajabbq.com/amsterdam/?utm_source=google&utm_medium=organic&utm_campaign=google+my+business&utm_id=google+my+business,4.3,1013,,"Oosterdokskade 145, 1011 DL Amsterdam, Netherlands "
Cafe Stopera,Bar,+31 20 622 6151 ,,4.4,454,,"Nieuwe Hoogstraat 41, 1011 HD Amsterdam, Netherlands "
Gewaeght Café,Pub,+31 20 331 4305 ,http://gewaeght.nl/,4.0,681,,"Nieuwmarkt 16HS, 1012 CR Amsterdam, Netherlands "
De Staalmeesters B.V.,Restaurant,+31 20 623 4218 ,https://www.cafestaalmeesters.nl/,4.0,674,,"Kloveniersburgwal 127, 1011 KD Amsterdam, Netherlands "
Cafe Tisfris,Diner,+31 20 622 0472 ,https://www.tisfris.nl/,4.3,937,,"Sint Antoniesbreestraat 142, 1011 HB Amsterdam, Netherlands "
Cafė Pazzo,Italian restaurant,+31 6 11198964 ,http://cafepazzo.nl/,3.9,109,,"Kloveniersburgwal 131, 1011 KD Amsterdam, Netherlands "
Captein & Co,Diner,+31 20 627 8804 ,http://capteinenco.nl/,4.4,612,,"Binnen Bantammerstraat 27, 1011 CJ Amsterdam, Netherlands "
Espressobar Puccini,Espresso bar,+31 20 620 8458 ,http://www.puccini.nl/,4.6,713,,"Staalstraat 21, 1011 JK Amsterdam, Netherlands "
De Hapjeshoek,Surinamese restaurant,+31 20 423 0130 ,http://www.dehapjeshoek.nl/,4.4,715,,"Metrostation, Waterlooplein 6, 1011 MS Amsterdam, Netherlands "
NEMO Museumrestaurant,Restaurant,+31 20 531 3233 ,http://nemosciencemuseum.nl/restaurant,4.3,769,,"Oosterdok 2, 1011 VX Amsterdam, Netherlands "
Restobar NO NONSENSE,Restaurant,+31 6 34525152 ,https://restobar-nononsense.nl/,5.0,136,,"Geldersekade 5, 1011 EH Amsterdam, Netherlands "
Hemelse Modder,Dutch restaurant,+31 20 624 3203 ,https://hemelsemodder.nl/,4.4,1029,,"Oude Waal 11, 1011 BZ Amsterdam, Netherlands "
SPARGO,Bar,+31 20 694 1140 ,http://www.spargoamsterdam.nl/,3.9,578,,"Nieuwmarkt 1, 1011 JP Amsterdam, Netherlands "
Restaurant Seven Seas,Restaurant,+31 20 552 0000 ,https://www.amrathamsterdam.com/nl/restaurant.html,3.7,25,,"Prins Hendrikkade 108, 1011 AK Amsterdam, Netherlands "
San Giovanni,Italian restaurant,+31 20 427 2795 ,http://www.sangiovanniamsterdam.nl/,3.3,396,,"Waterlooplein 239, 1011 PG Amsterdam, Netherlands "
Snackbar Jan Oostrum,Fast food restaurant,+31 20 620 2029 ,,4.2,257,,"Nieuwe Hoogstraat 30, 1011 HG Amsterdam, Netherlands "
Majestic,Restaurant,+31 20 888 8883 ,http://www.amsterdam-dam.com/majestic/,3.7,2398,,"Dam 3 - 7, 1012 JS Amsterdam, Netherlands "
Barpiazza,Restaurant,+31 20 662 2655 ,http://www.barpiazza.nl/,4.3,629,,"Van Baerlestraat 35-37, 1071 AP Amsterdam, Netherlands "
FoodCrib,Sandwich shop,+31 6 13772288 ,http://www.foodcrib.nl/,4.5,636,,"Paulus Potterstraat 3C, 1071 CX Amsterdam, Netherlands "
Brasserie De Joffers,Brasserie,+31 20 673 0360 ,http://www.brasseriedejoffers.nl/,4.3,549,,"Willemsparkweg 163, 1071 GZ Amsterdam, Netherlands "
Restaurant Rufus Amsterdam,Italian restaurant,+31 6 22276442 ,http://www.rufusamsterdam.com/,4.9,335,,"Roelof Hartstraat 26H, 1071 VJ Amsterdam, Netherlands "
Brasserie Van Dam,Brasserie,+31 20 670 6570 ,http://www.vandambrasserie.nl/,4.3,2071,,"Cornelis Schuytstraat 8-10, 1071 JH Amsterdam, Netherlands "
Proeflokaal 't Blauwe Theehuis,Brewpub,+31 20 235 7170 ,https://www.brouwerijhetij.nl/proeflokaal-het-blauwe-theehuis/,4.4,3241,,"Vondelpark 5, 1071 AA Amsterdam, Netherlands "
Groot Melkhuis,Restaurant,+31 20 612 9674 ,https://grootmelkhuis.nl/,4.1,2540,,"Vondelpark 2, 1071 AA Amsterdam, Netherlands "
Café Viotta,Restaurant,+31 20 573 0244 ,https://cafeviotta.nl/,4.1,573,,"Concertgebouwplein 10, 1071 BB Amsterdam, Netherlands "
Restaurant Bellavista,Italian restaurant,+31 20 671 3888 ,http://www.restaurantbellavista.nl/,4.2,290,,"Johannes Verhulststraat 156, 1071 NP Amsterdam, Netherlands "
Cobra Café,Cafe,+31 20 470 0111 ,http://www.cobracafe.nl/,3.8,1371,,"Hobbemastraat 18, 1071 ZB Amsterdam, Netherlands "
Roberto's Deli,Sandwich shop,+31 20 210 1033 ,https://www.robertosdeli.nl/,4.9,61,,"Johannes Verhulststraat 110, 1071 NL Amsterdam, Netherlands "
Small Talk,Restaurant,+31 20 671 4864 ,http://www.smalltalkamsterdam.nl/,3.8,1878,,"Van Baerlestraat 52, 1071 GN Amsterdam, Netherlands "
Cafe Restaurant Sandberg,Restaurant,+31 6 12542909 ,https://caferestaurantsandberg.nl/,4.0,91,,"Museumplein 10, 1071 DJ Amsterdam, Netherlands "
Restaurants Elements,Restaurant,+31 20 579 1717 ,https://heerlijkamsterdam.nl/restaurant-elements/,4.4,130,,"Roelof Hartstraat 6-8, 1071 VH Amsterdam, Netherlands "
Roberto’s Deli,Restaurant,+31 20 671 3800 ,,4.4,67,,"Johannes Verhulststraat 110, 1071 NL Amsterdam, Netherlands "
Café Gruter,Diner,+31 20 679 6252 ,https://cafegruter.com/,4.1,756,,"Willemsparkweg 73/75, 1071 GT Amsterdam, Netherlands "
Café Georgette,Breakfast restaurant,+31 20 896 5859 ,https://cafegeorgette.nl/,3.7,461,,"Pieter Cornelisz Hooftstraat 87A, 1071 BP Amsterdam, Netherlands "
Bar Jules,Restaurant,+31 20 730 0057 ,http://www.barjules.nl/,4.3,266,,"Valeriusplein 2h, 1075 BG Amsterdam, Netherlands "
Coffee Boutique Amsterdam,Lunch restaurant,+31 20 662 1402 ,http://www.coffee-boutique.nl/,2.8,25,,"Pieter Cornelisz Hooftstraat 2, 1071 BX Amsterdam, Netherlands "
Rijksmuseum Café,Cafe,+31 20 674 7044 ,https://www.rijksmuseum.nl/nl/bezoek/praktische-info/het-cafe,3.7,973,,"Museumstraat 1, 1071 XX Amsterdam, Netherlands "
Cafe de Posthoorn,Restaurant,+31 20 662 8146 ,,4.2,24,,"Pieter Cornelisz Hooftstraat 27, 1071 BL Amsterdam, Netherlands "
Conservatorium Lounge,Lounge,+31 20 570 0000 ,,3.8,68,,"Paulus Potterstraat 50, 1071 DB Amsterdam, Netherlands "
LIER,Restaurant,+31 20 573 0578 ,http://www.restaurantlier.nl/,4.2,50,,"Concertgebouwplein 10, 1071 LN Amsterdam, Netherlands "
Sabor de Maria,Brazilian restaurant,+31 20 662 6276 ,http://www.sabordemaria.nl/,4.0,79,,"Roelof Hartstraat 60, 1071 VL Amsterdam, Netherlands "
Chimney Cake Bakery & Café,Bakery,+31 6 84506018 ,https://chimneyamsterdam.nl/?utm_source=gmb&utm_medium=gmb,4.2,1090,,"Van Baerlestraat 92a, 1071 BB Amsterdam, Netherlands "
THE PTOWN MEAT CLUB,Barbecue restaurant,+31 20 363 8142 ,http://theuptownmeatclub.com/,,,,"Van Baerlestraat 7, 1071 AL Amsterdam, Netherlands "
Restaurant Plancius,Restaurant,+31 20 223 6946 ,,4.1,689,,"Plantage Kerklaan 61, 1018 CX Amsterdam, Netherlands "
café smit & voogt,Diner,+31 20 737 0829 ,https://cafesmitenvoogt.nl/,4.5,652,,"Plantage Parklaan 10, 1018 ST Amsterdam, Netherlands "
Pizzeria Steakhouse La Roma,Restaurant,+31 20 421 0054 ,https://www.pizzeriasteakhouse-la-roma.nl/,4.4,579,,"Plantage Kerklaan 32HS, 1018 TC Amsterdam, Netherlands "
STAN&CO Amsterdam (restaurant),Restaurant,+31 20 205 0402 ,https://nlcompanies.org/details/stanco-amsterdam-restaurant-ChIJJSn,4.4,200,,"Weesperplein 4A, 1018 XA Amsterdam, Netherlands "
The Breakfast Club,Restaurant,+31 20 362 0302 ,https://www.thebreakfastclub.nl/,4.0,1872,,"Changiweg 110, 1043 DZ Amsterdam, Netherlands "
Grand Café Hermes,Brasserie,+31 20 488 4422 ,http://www.grandcafehermes.nl/,4.1,1267,,"Orlyplein 150, 1043 DV Amsterdam, Netherlands "
Seafood Sloterdijk,Seafood restaurant,+31 6 52681703 ,,4.6,117,,"Orlyplein, 1043 DT Amsterdam, Netherlands "
Flavours by Han,Restaurant,+31 20 221 4456 ,https://flavoursrestaurant.nl/,4.2,418,,"Radarweg 230, 1043 NS Amsterdam, Netherlands "
Wissenkerke-Sloterdijk,Restaurant,+31 20 205 1074 ,https://www.wattshub.nl/,3.7,403,,"Radarweg 480, 1043 NV Amsterdam, Netherlands "
Café brasserie Helden,Brasserie,+31 20 226 3095 ,http://www.heldensloterdijk.nl/,3.9,494,,"La Guardiaweg 66A, 1043 DJ Amsterdam, Netherlands "
The 51 gastropub,Restaurant,+31 20 820 0066 ,https://www.the51.nl/,4.0,221,,"Naritaweg 51, 1043 BP Amsterdam, Netherlands "
Studio Westpoort,Restaurant,+31 20 686 7900 ,http://www.studiowestpoort.nl/,4.4,620,,"Transformatorweg 29, 1014 AJ Amsterdam, Netherlands "
FETCHFOOD Teleport,Restaurant,+31 20 303 7500 ,https://www.fetchfood.nl/,4.1,15,,"Kingsfordweg 151, 1043 GR Amsterdam, Netherlands "
Lunchbar Amsterdam,Restaurant,+31 20 303 3422 ,http://www.lunchbar.nl/,4.6,408,,"Tijnmuiden 57, 1046 AK Amsterdam, Netherlands "
BRET,Bar,+31 85 060 0060 ,http://www.bret.bar/,4.0,1614,,"Orlyplein 76, 1043 DP Amsterdam, Netherlands "
Dilek Chicken,Chicken restaurant,+31 6 58909294 ,https://www.facebook.com/dilekchicken/,4.7,495,,"Sierenborch 8m, 1043 BA Amsterdam, Netherlands "
De Huismeesters,Espresso bar,+31 20 820 1122 ,http://www.dehuismeesters.com/,4.8,61,,"Teleportboulevard 120, 1043 EJ Amsterdam, Netherlands "
De Valentino’s Night Sloterdijk,Restaurant,+31 6 27365608 ,https://www.devalentinos.com/,4.3,20,,"Poortland 16, 1046 BD Amsterdam, Netherlands "
KabelKantine,Restaurant,+31 6 81528771 ,https://www.kabelkantine.com/,4.1,49,,"Kabelweg 57, 1014 BA Amsterdam, Netherlands "
Bongusta! | Toko Sloterdijk & Fresh Frites,Snack bar,+31 20 820 8127 ,http://www.bongusta.nl/,4.0,235,,"Zaventemweg 1, 1043 EH Amsterdam, Netherlands "
SMASHTHAT,Restaurant,+31 20 223 6592 ,https://www.smashthat.nl/,4.6,48,,"Bolstoen 4A, 1046 AT Amsterdam, Netherlands "
FEBO Amsterdam - Tijnmuiden,Fast food restaurant,+31 20 611 9973 ,https://www.febo.nl/,3.9,631,,"Tijnmuiden 53, 1046 AK Amsterdam, Netherlands "
Boerske Amsterdam,Lunch restaurant,+31 20 705 9636 ,https://www.boerske.nl/,3.3,33,,"Berchvliet 15, 1046 CB Amsterdam, Netherlands "
Smullers,Fast food restaurant,+31 20 410 9700 ,https://www.smullers.nl/,2.7,178,,"Orlyplein 103, 1043 DT Amsterdam, Netherlands "
"Taste, Brasserie & Wines",Restaurant,+31 88 090 0500 ,https://hc.nl/bar-en-restaurant/taste-amsterdam-centrum/,5.0,4,,"La Guardiaweg 61, 1043 DD Amsterdam, Netherlands "
Bar GoWest,Bar,+31 20 760 1545 ,https://www.gebouwwest.nl/gowest-bar/?utm_source=google-my-business&utm_medium=organic,4.6,9,,"Donauweg 10, 1043 AJ Amsterdam, Netherlands "
Bereket Baklava,Restaurant,+31 6 86262515 ,https://netherbusi.org/details/bereket-baklava-ChIJx77,4.7,3,,"Portsmuiden, 1046 AM Amsterdam, Netherlands "
Chicken Palace,Restaurant,+31 20 737 0634 ,https://www.chickenpalace.nl/,2.5,337,,"Schakelstraat 24a, 1014 AW Amsterdam, Netherlands "
Umai Sushi rest,Japanese restaurant,+31 71 600 3255 ,,5.0,3,,"La Guardiaweg 59, 1043 GM Amsterdam, Netherlands "
Eethuis Westpoort,Restaurant,+31 20 786 4683 ,http://www.eethuiswestpoort.nl/,3.6,18,,"Poortland 202, 1046 BD Amsterdam, Netherlands "
Burger King,Fast food restaurant,+31 88 463 6234 ,https://www.burgerking.nl/store-locator/store/restaurant_9021,3.4,2419,,"Isolatorweg 25, 1014 AS Amsterdam, Netherlands "
Saoto Kitchen,Surinamese restaurant,+31 20 209 3485 ,https://amsterdambusi.org/details/saoto-kitchen-ChIJ0fg,4.2,37,,"Elektronstraat 12, 1014 AP Amsterdam, Netherlands "
JinSo Lounge Bar & Restaurant,Restaurant,+31 20 697 4138 ,http://www.jinso.nl/,3.7,3230,,"Johan Cruijff Boulevard 155, 1101 EJ Amsterdam, Netherlands "
Booven,Restaurant,+31 20 365 9681 ,http://www.booven.nl/?utm_source=google&utm_medium=organisch&utm_campaign=mijn-bedrijf,4.8,445,,"bevindt zich in de woonmall Villa Arena, Johan Cruijff Boulevard 146, 1101 BH Amsterdam, Netherlands "
Zofusion,Restaurant,+31 20 624 0095 ,http://www.zofusion.nl/,4.0,359,,"Hoekenrode 4, 1102 BR Amsterdam, Netherlands "
BLVD 020,Restaurant,+31 20 224 0508 ,http://www.blvd020.nl/,4.0,1264,,"Johan Cruijff Boulevard 139, 1101 EJ Amsterdam, Netherlands "
Marmaris Restaurant Hoekenrode,Turkish restaurant,+31 20 697 3641 ,https://www.marmarisgrillpizzaamsterdam.nl/,4.0,2304,,"Nieuw Amsterdam, Hoekenrode 5, 1102 BR Amsterdam, Netherlands "
30ML Coffee & Food Arena,Lunch restaurant,+31 20 308 0099 ,https://30ml.nl/vestiging/30ml-arena-amsterdam/,4.3,620,,"Bijlmerplein 155, 1102 DB Amsterdam, Netherlands "
Arena Food Express,Restaurant,+31 20 786 7920 ,http://www.arenafoodexpress.nl/,4.1,365,,"Bijlmerplein 127, 1102 DB Amsterdam, Netherlands "
The Traveller Zuidoost,Restaurant,+31 20 896 0790 ,https://www.thetravelleramsterdam.com/,4.3,805,,"Bijlmerdreef 108, 1102 CT Amsterdam, Netherlands "
Easy & Fresh Falafel,Fast food restaurant,+31 20 341 7399 ,https://nlcompanies.org/details/easy-fresh-falafel-ChIJA3H,4.5,531,,"Bijlmerplein 1010, 1102 BH Amsterdam, Netherlands "
Grand Café Cascada,Restaurant,+31 20 261 4413 ,http://www.grandcafecascada.nl/,3.8,194,,"Hoekenrode 16, 1102 BR Amsterdam, Netherlands "
Asian Kitchen,Asian restaurant,+31 20 365 7971 ,http://www.asiankitchen.nl/,4.0,1700,,"Johan Cruijff Boulevard 81, 1101 DL Amsterdam-Zuidoost, Netherlands "
Ristorante 51,Italian restaurant,+31 20 241 5002 ,https://www.marriott.com/en-us/hotels/amsaa-courtyard-amsterdam-arena-atlas/dining/ristorante-51/,3.9,381,,"Hoogoorddreef 1, 1101 BA Amsterdam, Netherlands "
Eazie Amsterdam Bijlmerplein,Health food restaurant,+31 20 354 1360 ,http://www.eazie.nl/,3.8,713,,"Bijlmerplein 1008, 1102 ML Amsterdam, Netherlands "
Taco Mundo Amsterdam-Arena,Mexican restaurant,+31 900 1238226 ,http://www.tacomundo.com/,3.3,315,,"Hoekenrode 14, 1102 BR Amsterdam, Netherlands "
Brasserie Hoekenrode,Restaurant,+31 20 696 0322 ,https://www.hoekenrode.nl/,3.7,1137,,"Hoekenrode 2, 1102 BR Amsterdam, Netherlands "
Oma Ietje,Restaurant,+31 20 233 8150 ,http://www.omaietje.nl/,4.5,1176,,"Heesterveld 3, 1102 SB Amsterdam, Netherlands "
Grand Café Hoekenrode,Restaurant,+31 20 696 0322 ,https://www.hoekenrode.nl/,3.5,77,,"Hoekenrode 2, 1102 BR Amsterdam, Netherlands "
Salsa Shop,Mexican restaurant,+31 20 246 1206 ,http://www.salsashop.com/,4.5,636,,"Bijlmerplein 1006, 1102 ML Amsterdam, Netherlands "
Kam Yin,Surinamese restaurant,+31 20 409 5888 ,http://www.kamyin.nl/,3.9,1068,,"Skyloo Plaza, Bijlmerplein 525, 1102 BP Amsterdam, Netherlands "
Hawaiian Poké Bowl - Amsterdam Bijlmerplein,Hawaiian restaurant,+31 85 303 4506 ,,4.7,1216,,"Bijlmerplein 207C, 1102 DD Amsterdam, Netherlands "
Rhythms Bar + Kitchen,Bar & grill,+31 20 210 5800 ,https://www.jaz-hotel.com/en/hotels/jaz-amsterdam/eat-drink/rhythms-bar-kitchen,3.8,395,,"von, In der Nähe, De Passage 90, 1101 AX Amsterdam, Netherlands "
Eetcafé 100% Zuid-oost,Diner,+31 20 691 2593 ,https://www.eetcafezuidoost.nl/,4.3,195,,"Bijlmerplein 367, 1102 DK Amsterdam-Zuidoost, Netherlands "
Lemoene,Restaurant,+31 6 33333092 ,https://www.lemoene.nl/,4.7,357,,"Kollenbergweg 22c, 1103 AR Amsterdam, Netherlands "
Bullewijck,Dutch restaurant,+31 20 820 7520 ,https://www.bullewijck.nl/,4.0,5207,,"Hogehilweg 20, 1101 CD Amsterdam, Netherlands "
Vineyard food + drinks Amsterdam Arena,Restaurant,+31 30 303 5577 ,https://vineyardfoodanddrinks.nl/locaties/vineyard-food-drinks-b-vital-amsterdam/,5.0,6,,"De Entree 201, 1101 HG Amsterdam, Netherlands "
Grolsch Boulevard Fourteen,Restaurant,+31 20 365 1159 ,http://www.boulevardfourteen.nl/,3.2,826,,"Johan Cruijff Boulevard 598, 1101 DS Amsterdam, Netherlands "
Pasta Di Mamma,Sandwich shop,+31 20 691 3500 ,https://pastadimamma.nl/,4.6,41,,"Bijlmerplein 687-G, 1102 DZ Amsterdam, Netherlands "
Domino's,Pizza restaurant,+31 20 240 1124 ,https://www.dominos.nl/?utm_source=google&utm_medium=local&utm_campaign=yext,3.1,782,,"Bijlmerplein 997, 1102 MK Amsterdam, Netherlands "
Palais De Fromage,Sandwich shop,+31 20 365 0108 ,https://www.palaisdefromage.nl/,4.3,84,,"Bijlmerplein 88, 1102 DA Amsterdam, Netherlands "
FEBO Amsterdam - ArenA Automatiek,Fast food restaurant,+31 20 235 7468 ,https://www.febo.nl/,3.2,234,,"Johan Cruijff Boulevard 135, 1101 EJ Amsterdam, Netherlands "
Obalade Suya Restaurant,West African restaurant,+31 20 416 4705 ,https://obaladesuya.nl/,4.2,276,,"Bullewijkpad 43, 1102 LB Amsterdam, Netherlands "
McDonald's,Hamburger restaurant,+31 20 696 9452 ,https://mcdonaldsrestaurant.nl/bijlmerplein-amsterdamse-poort,3.3,2110,,"Bijlmerplein 368, 1102 DK Amsterdam, Netherlands "
Burger Bitch,Hamburger restaurant,+31 20 810 2147 ,http://burgerbitch.nl/,3.9,2661,,"Johan Cruijff Boulevard 79, 1101 DL Amsterdam, Netherlands "
Gold Coast Restaurant & Loungebar,African restaurant,+31 20 567 2444 ,http://www.goldcoast-restaurant.nl/,3.8,233,,"De Corridor 2, 1101 BD Amsterdam, Netherlands "
Atlas Taste,Brasserie,+31 20 697 7568 ,http://www.absolutetaste.nl/,3.8,515,,"Hoogoorddreef 7A, 1101 BA Amsterdam, Netherlands "
Fong Food,Takeout Restaurant,+31 20 691 3567 ,https://amsterdamsepoort.nl/winkels/fong-food/,4.3,49,,"Bijlmerplein 554N, 1102 DS Amsterdam, Netherlands "
Boston Corner,Surinamese restaurant,+31 6 84419307 ,,3.8,86,,"Bijlmerdreef 165, 1102 BP Amsterdam, Netherlands "
Villa Don,Fast food restaurant,+31 20 609 0855 ,https://nlcompanies.org/details/villa-don-ChIJf5V,3.6,104,,"Johan Cruijff Boulevard 157, 1101 EJ Amsterdam, Netherlands "
New York Pizza,Restaurant,+31 20 238 4175 ,https://www.newyorkpizza.nl/?store=254&utm_medium=organic&utm_source=GMBlisting,3.9,107,,"Johan Cruijff Boulevard 135-153, 1101 EJ Amsterdam, Netherlands "
Vittorio Arena,Pizza delivery,+31 20 358 3685 ,https://vittorio-arena-amsterdam.nl/,3.8,71,,"Kollenbergweg 2, 1101 AR Amsterdam, Netherlands "
BAUT Backstage,Restaurant,+31 85 087 9464 ,https://www.baut.amsterdam/locatie/backstage,4.3,50,,"De Passage 92, 1101 AX Amsterdam, Netherlands "
DMC Barbecue,Barbecue restaurant,+31 6 14854451 ,https://dmcbarbecue.nl/,4.7,51,,"Anton de Komplein 156C, 1102 CW Amsterdam, Netherlands "
FEBO Amsterdam - Bijlmerplein,Fast food restaurant,+31 20 691 2593 ,https://www.febo.nl/,3.5,101,,"Bijlmerplein 367A, 1102 DK Amsterdam, Netherlands "
Philadelphia Queen,American restaurant,+31 20 224 6486 ,https://www.philadelphia-queen.com/,5.0,1,,"Johan Cruijff Boulevard 135, 1101 EJ Amsterdam, Netherlands "
Ichi-2-go,Sushi restaurant,+31 6 25283643 ,https://www.ichi-2-go.nl/contact,4.2,24,,"Johan Cruijff Boulevard 175, 1101 EJ Amsterdam, Netherlands "
Traffic Lounge & Restaurant,Restaurant,+31 6 44105178 ,,5.0,3,,"Bijlmerplein 520, 1102 DP Amsterdam, Netherlands "
Red's Kitchen Amsterdam,Restaurant,+31 6 85670982 ,,3.8,18,,"Bijlmerplein 110-111, 1102 DB Amsterdam, Netherlands "
Ballini Cafe E Panini,Sandwich shop,+31 20 452 9787 ,http://ballini.nl/,3.8,71,,"Johan Cruijff Boulevard 54, 1101 BH Amsterdam, Netherlands "
Absolute Break,Restaurant,+31 20 697 2466 ,http://www.vermaatgroep.nl/,4.2,6,,"Atlas Gebouw, Hoogoorddreef 15, 1101 BA Amsterdam, Netherlands "
KFC,Fast food restaurant,+31 20 609 0025 ,http://www.kfc.nl/,3.3,2018,,"Bijlmerplein 209, 1102 DD Amsterdam, Netherlands "
Yvette's Kitchen,Caribbean restaurant,+31 6 27496076 ,https://www.yvetteskitchen.nl/,4.3,12,,"Bijlmerplein 689H, 1102 DZ Amsterdam, Netherlands "
King Döner,Doner kebab restaurant,+31 20 696 6000 ,https://kingdonerbijlmer.nl/,4.0,238,,"Bijlmerplein 517, 1102 DP Amsterdam, Netherlands "
FETCHFOOD D&V,Restaurant,+31 20 800 6794 ,http://www.fetchfood.nl/,4.0,89,,"Herikerbergweg 181, 1101 CN Amsterdam, Netherlands "
De Huismeesters,Espresso bar,+31 20 609 0090 ,http://dehuismeesters.com/,4.3,12,,"De Entree 230, 1101 EE Amsterdam, Netherlands "
Lomnava KenKey House,West African restaurant,+31 6 42618617 ,https://www.facebook.com/pages/category/African-Restaurant/Lomnava-Kenkey-House-829261053868726/,4.2,61,,"Hogevecht 1, 1102 AH Amsterdam, Netherlands "
Pattaya,Thai restaurant,+31 20 354 2349 ,https://www.pattayaamsterdam.nl/,3.0,89,,"Bullewijkpad 41, 1102 LB Amsterdam, Netherlands "
Keynes Club,Restaurant,+31 6 27055763 ,,5.0,6,,"Hogehilweg 8, 1101 CC Amsterdam, Netherlands "
Vermaat Leisure B.V.,Restaurant,+31 20 452 4615 ,https://www.vermaatgroep.nl/,1.6,10,,"Villa ArenA, Johan Cruijff Boulevard 242, 1101 DJ Amsterdam, Netherlands "
Nakaash Snacks,Restaurant,+31 20 696 7183 ,,3.0,4,,"Abcouderpad Nabij -viaduct, 1101 CK Netherlands "
New York Pizza,Pizza delivery,+31 20 226 0044 ,https://www.newyorkpizza.nl/?store=136&utm_medium=organic&utm_source=GMBlisting,3.1,276,,"Hoekenrode 12, 1102 BR Amsterdam, Netherlands "
Chang thai kitchen,Restaurant,+31 20 248 0206 ,https://nlcompanies.org/details/chang-thai-kitchen-ChIJS2Z,1.8,25,,"Bullewijkpad 31B, 1102 LB Amsterdam, Netherlands "
Sophia’s Sandwiches & Juices,Sandwich shop,+31 6 86127947 ,,4.6,47,,"Kollenbergweg 12G, 1101 AR Amsterdam, Netherlands "
Miss Scarlett,Restaurant,+31 20 290 0010 ,https://miss-scarlett.nl/,4.4,450,,"Markelerbergpad 1917, 1105 AW Amsterdam, Netherlands "
The Doner Company,Kebab shop,+31 6 43923996 ,http://donercompany.nl/,2.9,106,,"Hoekenrode 20, 1101 DT Amsterdam, Netherlands "
Pizzeria Zuidoost,Pizza restaurant,+31 20 363 2497 ,,5.0,5,,"Kollenbergweg 12, 1101 AR Amsterdam, Netherlands "
Snackbar Kraampje Bullewijk,Fast food restaurant,+31 6 85096935 ,https://nlnavii.org/details/snackbar-kraampje-bullewijk-ChIJNYT,4.5,33,,"Abcouderpad, 1102 LB Amsterdam, Netherlands "
Subway,Sandwich shop,+31 20 452 5451 ,https://restaurants.subway.com/nl/nederland/amsterdam/bijlmerplein-999?utm_source=yxt-goog&utm_medium=local&utm_term=acq&utm_content=41640&utm_campaign=evergreen-2020&y_source=1_MTQ5MjQyODctNzE1LWxvY2F0aW9uLmdvb2dsZV93ZWJzaXRlX292ZXJyaWRl,3.8,483,,"Bijlmerplein 999, 1102 MK Amsterdam, Netherlands "
keuken van linn,Restaurant,+31 20 261 9266 ,http://www.keukenvanlinn.nl/,3.6,14,,"Bullewijkpad 39, 1102 LB Amsterdam, Netherlands "
De Lunchkoerier,Sandwich shop,+31 20 695 6032 ,http://delunchkoerier.nl/,4.2,48,,"Kollenbergweg, 1101 AR Amsterdam, Netherlands "
my thai,Thai restaurant,+31 20 248 0167 ,http://www.mythaiamsterdam.nl/,2.6,87,,"Bullewijkpad 27, 1102 LB Amsterdam, Netherlands "
Burger King,Hamburger restaurant,+31 20 241 7077 ,https://www.burgerking.nl/store-locator/store/restaurant_9804,3.0,1027,,"Hoogoordplein 604, 1101 DS Amsterdam, Netherlands "
Pizzaria,Pizza restaurant,+31 6 18317279 ,,3.5,4,,"Bullewijkpad 17, 1102 LB Amsterdam, Netherlands "
Restaurant Asian Fantasy,Pan-Asian restaurant,+31 20 696 8242 ,http://asianfantasy.nl/,4.4,521,,"Bijlmerplein 519, 1102 ML Amsterdam, Netherlands "
SoulFaya BBQ & Grill,Takeout Restaurant,+31 20 705 2320 ,https://www.soulfaya.nl/,4.8,24,,"Keienbergweg 43, 1101 EX Amsterdam, Netherlands "
Vle's keuken,Restaurant,+31 20 363 7119 ,,3.1,113,,"Bijlmerplein 207B, 1102 DD Amsterdam, Netherlands "
Pizzeria mussie,Pizza restaurant,+31 6 86428673 ,,5.0,1,,"Bullewijkpad, 271102 LB Amsterdam, Netherlands "
Bistrot Les Zazous,French restaurant,+31 20 854 3361 ,http://www.leszazous.nl/,4.9,131,,"Piraeusplein 59, 1019 NM Amsterdam, Netherlands "
Eetcafé KANIS,Restaurant,+31 20 737 0674 ,https://kanis.amsterdam/,4.4,612,,"Levantkade 127, 1019 MJ Amsterdam, Netherlands "
Fosco Amsterdam,Diner,+31 20 363 8430 ,https://www.fosco.amsterdam/,4.8,118,,"Rietlandpark 373, 1019 EM Amsterdam, Netherlands "
End of the world,Restaurant,+31 20 419 0222 ,http://www.eindevandewereld.nl/,4.4,103,,"Javakade 61, 1019 SZ Amsterdam, Netherlands "
De KHL,Restaurant,+31 20 779 1575 ,http://www.dekhl.nl/,4.4,298,,"Oostelijke Handelskade 44, 1019 BN Amsterdam, Netherlands "
Cafe de Zwijger,Restaurant,+31 20 788 4433 ,,4.8,5,,"1019 HC Amsterdam, Netherlands "
Papa Aswa,Surinamese restaurant,+31 20 782 2220 ,http://www.papaaswa.nl/,4.6,519,,"Metselstraat 44, 1019 VH Amsterdam, Netherlands "
Kanteen25,Restaurant,+31 20 700 9977 ,https://kanteen25.nl/restaurantevents/menu/,4.5,705,,"Kattenburgerstraat 5, Building 025, 1018 JA Amsterdam, Netherlands "
Snackbar Tony,Fast food restaurant,+31 6 53735945 ,,4.9,150,,"J.M. van der Meylaan 38, 1019 ES Amsterdam, Netherlands "
Your Daily Cruquius,Restaurant,+31 20 235 7494 ,https://www.yourdaily.life/,4.7,65,,"Amsterdam Rijnkanaalkade 55, 1019 VA Amsterdam, Netherlands "
Late Night BBQ,Restaurant,+31 20 785 2640 ,,4.2,25,,"Veemarkt 54, 1019 DD Amsterdam, Netherlands "
Mövenpick Restaurant,Restaurant,+31 20 519 1245 ,https://restaurantsandbars.accor.com/en/restaurant/B4I7_R001?date=2025-03-26&guests=2,4.6,5,,"Piet Heinkade 11, 1019 BR Amsterdam, Netherlands "
Dudok Aan 't IJ,Brasserie,+31 20 303 8655 ,https://www.dudokaanhetij.nl/,3.2,55,,"Piet Heinkade 1, 1019 BR Amsterdam, Netherlands "
Cruquius Local,Restaurant,+31 6 38014226 ,,4.6,132,,"Metselstraat 44, 1019 VH Amsterdam, Netherlands "
Seven Chakra Indian Restaurant,Restaurant,+31 20 303 2869 ,https://sevenchakra.nl/,4.5,227,,"Sumatrakade 613, 1019 PS Amsterdam, Netherlands "
Youn Authentic Korean Cuisine,Korean restaurant,+31 20 737 2262 ,https://www.youn.nl/,4.7,24,,"Willem van Weldammelaan 4, 1082 KV Amsterdam, Netherlands "
Bubudang Amsterdam,Korean restaurant,+31 6 42198589 ,https://www.bubudang.nl/,4.8,38,,"Jan Evertsenstraat 61, 1057 BN Amsterdam, Netherlands "
SEOUL SISTA,Korean barbecue restaurant,+31 20 247 0888 ,https://www.seoulsista.nl/eng/amsterdam-reguliersdwars-en,4.1,846,,"Reguliersdwarsstraat 20, 1017 BM Amsterdam, Netherlands "
Kim's So Korean Food Oost,Restaurant,+31 20 308 6388 ,http://kimsso.nl/,4.7,1290,,"NL, Linnaeusstraat 35F, 1093 EE Amsterdam, Netherlands "
Korean Restaurant NAMU,Korean restaurant,+31 20 341 5164 ,https://www.namu.today/,4.7,462,,"Kostverlorenhof 54, 1183 HG Amstelveen, Netherlands "
Jeju Do Korean Food,Korean restaurant,+31 20 362 9955 ,,5.0,1,,"Brisselkerkstraat 17H, 1069 ZL Amsterdam, Netherlands "
Jinsa BBQ Amsterdam Sloten,Korean barbecue restaurant,+31 20 221 4096 ,https://www.jinsabbq.nl/,4.4,122,,"Sloterweg 1345, 1066 CM Amsterdam, Netherlands "
Gotchu Gang,Korean restaurant,+31 20 223 1593 ,https://www.gochu-gang.com/,5.0,2,,"Mercatorplein 28, 1057 CC Amsterdam, Netherlands "
Restaurant Kaya,Korean restaurant,+31 20 345 2555 ,http://www.restaurantkaya.nl/,4.6,195,,"Karel Doormanweg 4, 1181 WE Amstelveen, Netherlands "
WOWPOCHA Amsterdam,Restaurant,+31 6 28191957 ,https://www.wowpocha.com/,4.6,26,,"Utrechtsestraat 45, 1017 VH Amsterdam, Netherlands "
OASIS korean NoReaBang (Karaoke),Self service restaurant,+31 20 337 5914 ,http://www.oasisoasis.nl/,5.0,73,,"Uilenstede 348, 1183 DB Amstelveen, Netherlands "
Seoul House,Korean restaurant,+31 20 854 3184 ,,3.9,215,,"Nieuwezijds Voorburgwal 134H, 1012 SH Amsterdam, Netherlands "
InSaeng,Restaurant,+31 6 29457751 ,http://www.insaeng.art/,4.4,302,,"Goudsbloemstraat 211, 1015 JN Amsterdam, Netherlands "
The Lebanese Sajeria Haarlemmerstraat,Middle Eastern restaurant,+31 20 612 7324 ,https://www.thesajeria.com/,4.5,579,,"Haarlemmerstraat 54, 1013 ES Amsterdam, Netherlands "
Restaurant MOZO,Moroccan restaurant,+31 20 239 0612 ,http://www.restaurantmozo.nl/,4.4,677,,"Van Woustraat 89, 1074 AE Amsterdam, Netherlands "
Chef Chaouan Amsterdam,Moroccan restaurant,+31 6 43435636 ,https://chefchaouan.nl/,4.5,278,,"Pieter Calandlaan 820, 1060 TZ Amsterdam, Netherlands "
Deli Maroc,Moroccan restaurant,+31 20 771 4175 ,https://nlcompanies.org/details/deli-maroc-ChIJ5fE,4.1,432,,"Burgemeester de Vlugtlaan 184, 1063 BS Amsterdam, Netherlands "
Biladi Borgerstraat,Moroccan restaurant,+31 20 412 5796 ,http://www.restaurantbiladi.nl/,4.6,254,,"Borgerstraat 189, 1053 PK Amsterdam, Netherlands "
El Mauri,Restaurant,+31 20 752 6137 ,,4.7,203,,"Van Woustraat 180, 1073 LZ Amsterdam, Netherlands "
CousCous Club,North African restaurant,+31 20 673 3539 ,http://www.couscousclub.nl/,4.6,132,,"Ceintuurbaan 346, 1072 GP Amsterdam, Netherlands "
Lunchroom Soussi,Restaurant,+31 20 370 2804 ,https://lunchroomsoussi.nl/,4.3,268,,"Osdorper Ban 94, 1068 MK Amsterdam, Netherlands "
La casa di josper,Restaurant,+31 6 24944771 ,https://lacasadijosper.nl/,4.9,356,,"Meer en Vaart 195, 1068 LA Amsterdam, Netherlands "
Avenida,Restaurant,+31 20 408 1830 ,http://www.restaurantavenida.nl/,4.4,71,,"Jan Tooropstraat 45, 1062 BK Amsterdam, Netherlands "
Patisserie Rahmouni,Patisserie,+31 6 25218531 ,https://lapatisserierahmouni.com/,4.1,232,,"Bos en Lommerweg 359-B, 1061 DC Amsterdam, Netherlands "
Casa Del Maroccan,Moroccan restaurant,+31 20 440 3504 ,https://www.casadelmaroccan.nl/,4.8,107,,"Muiderstraatweg 2, 1112 PS Diemen, Netherlands "
Tajine Restaurant - Lelystad,Moroccan restaurant,+31 6 48068742 ,,3.2,135,,"Torresstraat 78, 1056 NE Amsterdam, Netherlands "
Reggae Rita's,Jamaican restaurant,+31 6 25310391 ,https://www.reggaerita.nl/,4.3,650,,"Leidsekruisstraat 13, 1017 RE Amsterdam, Netherlands "
Carifesa Caribbean foodcafe,Diner,+31 6 57400322 ,https://www.carifesa-amsterdam.nl/,4.8,175,,"Frederik Hendrikstraat 22, 1052 HV Amsterdam, Netherlands "
Caribbean Grill Amsterdam,Barbecue area,+31 20 280 5568 ,https://caribbeangrill.nl/,3.3,203,,"Cabralstraat 49 H, 1057 CE Amsterdam, Netherlands "
Ed's Caribbean Street Food,Restaurant,+31 6 25343769 ,http://www.cutthroatbarber.nl/,4.5,34,,"Beursplein 5, 1012 JW Amsterdam, Netherlands "
Jamaica Lounge,Lounge,+31 6 84945308 ,,4.6,55,,"De Clercqstraat 117, 1053 AJ Amsterdam, Netherlands "
Labyrinth Cocktail Soul Food & Poetry Bar,Cocktail bar,+31 20 845 0972 ,http://www.labyrinthamsterdam.nl/,4.6,582,,"Amstelveenseweg 53, 1075 VT Amsterdam, Netherlands "
African Kitchen Restaurant,West African restaurant,+31 20 365 1686 ,https://africankitchen.nl/nl/,4.0,413,,"Bijlmerdreef 1288, 1103 JZ Amsterdam, Netherlands "
Fenan Klein Afrika,Eritrean restaurant,+31 20 412 4442 ,https://www.fenankleinafrika-amsterdam.nl/,4.8,655,,"Jan Pieter Heijestraat 147, 1054 MG Amsterdam, Netherlands "
Cafe Restaurant Malva South African Halal Breakfast Lunch Dinner,Restaurant,+31 20 221 0448 ,https://malva.amsterdam/,4.9,570,,"Rooseveltlaan 67, 1079 AE Amsterdam, Netherlands "
Mama’s Pot,West African restaurant,+31 6 20529952 ,https://nlzoommap.org/details/mamas-pot-ChIJHVR,4.4,31,,"Annie Romeinplein 34, 1103 JL Amsterdam, Netherlands "
Axum Restaurant,Ethiopian restaurant,+31 20 663 3963 ,,4.4,260,,"Blasiusstraat 62, 1091 CV Amsterdam, Netherlands "
Tropicana Lounge African Restaurant,African restaurant,+31 20 854 3267 ,http://www.tropicanalounge.nl/,4.2,121,,"Wisseloord 85, 1107 NB Amsterdam, Netherlands "
Abyssinia Restaurant,Ethiopian restaurant,+31 6 14141833 ,http://www.abyssinia.nl/,4.3,519,,"Jan Pieter Heijestraat 190, 1054 JS Amsterdam, Netherlands "
Fresh Leaves,African restaurant,+31 6 38014553 ,http://www.freshleaves.nl/,4.3,112,,"Snellerwaardgracht 11, 1107 EX Amsterdam, Netherlands "
Fenan klein afrika,Ethiopian restaurant,+31 6 49122156 ,https://fenankleinafrika.nl/,4.9,78,,"Bilderdijkstraat 82, 1053 KW Amsterdam, Netherlands "
Aleppo Top,Lunch restaurant,+31 6 20047470 ,http://aleppotop.nl/,4.7,328,,"Kinkerstraat 339 H, 1053 EW Amsterdam, Netherlands "
LAFFA - Utrechtsestraat,Restaurant,+31 20 358 4779 ,http://www.laffa.nl/,4.3,478,,"Utrechtsestraat 55 HS, 1017 VJ Amsterdam, Netherlands "
Yalla Yalla Amsterdam Buffet All You Can Eat Restaurant رستورانت افغاني عربي فارسي حلال,Restaurant,+31 20 662 6025 ,https://social.quandoo.com/en/groups/yalla-yalla-amsterdam-104121,4.2,734,,"Zeilstraat 32, 1075 SJ Amsterdam, Netherlands "
Baba Restaurant,Restaurant,+31 6 33771805 ,http://babarestaurant.nl/,4.0,635,,"Oudezijds Voorburgwal 47H, 1012 EJ Amsterdam, Netherlands "
Crystal,Meat dish restaurant,+31 20 330 6171 ,https://crystalgrillhouse.com/,4.0,1318,,"Leidsestraat 89, 1017 NZ Amsterdam, Netherlands "
BEMS Restaurant,Restaurant,+31 20 358 6398 ,https://www.bemsrestaurant.nl/,4.6,274,,"Nieuwezijds Voorburgwal 171, 1012 RK Amsterdam, Netherlands "
Makan - مكان,Syrian restaurant,+31 6 20544442 ,https://makanamsterdam.nl/,4.4,370,,"Buikslotermeerplein 286, 1025 GB Amsterdam, Netherlands "
The Lebanese Falaferia,Restaurant,+31 20 737 1814 ,,4.6,8,,"Utrechtsestraat 69, 1017 VJ Amsterdam, Netherlands "
Hummus & Habibis Restaurant and Catering,Restaurant,+31 6 19137070 ,http://hummusandhabibis.restaurant/,4.6,319,,"Spaarndammerstraat 49 H, 1013 ST Amsterdam, Netherlands "
Arabesque Restaurant,Restaurant,+31 6 23545600 ,,3.7,218,,"Reguliersbreestraat 43, 1017 CM Amsterdam, Netherlands "
Restaurant Tehran,Persian restaurant,+31 6 22776180 ,https://restaurantehran.nl/,4.4,264,,"Rozengracht 192h, 1016 NK Amsterdam, Netherlands "
Grillhouse Zion,Restaurant,+31 20 613 1016 ,http://www.grillhousezion-amsterdam.nl/,4.5,213,,"Burgemeester Fockstraat 54, 1063 CV Amsterdam, Netherlands "
Restaurant Dizinghof,Bar & grill,+31 20 617 9841 ,,4.2,608,,"HS, Heemstedestraat 18, 1058 NM Amsterdam, Netherlands "
Carne Argentina,Argentinian restaurant,+31 20 422 0116 ,https://carneargentinanl.shop/,4.7,5519,,"Damstraat 21, 1012 JL Amsterdam, Netherlands "
The Chicken Bar,Restaurant,+31 85 303 7142 ,http://www.thechickenbar.nl/?utm_source=googlemybusiness&utm_medium=organic&utm_campaign=googlemybusiness,4.4,1984,,"Voetboogstraat 6, 1012 XL Amsterdam, Netherlands "
Steakhouse San Pedro,Argentinian restaurant,+31 20 422 3977 ,https://sanpedro.nl/,4.5,1047,,"Haarlemmerstraat 83 H, 1013 EL Amsterdam, Netherlands "
Los Santos Argentina,Restaurant,+31 20 785 6485 ,,3.7,419,,"Spuistraat 285 RES, 1012 VR Amsterdam, Netherlands "
Argentango steak house,Restaurant,+31 6 81936601 ,https://www.argentango.nl/,4.2,182,,"Westerlengte 10, 1034 SW Amsterdam, Netherlands "
Chicano's,Argentinian restaurant,+31 20 420 0435 ,,3.0,132,,"Korte Leidsedwarsstraat 105, 1017 PX Amsterdam, Netherlands "
BARRACA Rodizio Grill & Bar,Brazilian restaurant,+31 23 556 0051 ,http://www.barraca.nl/,4.6,2011,,"Bosweg 19, 2131 LX Hoofddorp, Netherlands "
Perzisch restaurant Cyrus de Grote,Persian restaurant,+31 20 854 0747 ,https://www.cyrusdegrote.nl/,3.9,481,,"Hueseplein 1, 1185 HH Amstelveen, Netherlands "
Lurrito,Persian restaurant,+31 85 060 9667 ,https://www.lurrito.nl/,,,,"Kinkerstraat, 1053 DC Amsterdam, Netherlands "
Tarim Uyghur Restaurant - Halal Food,Restaurant,+31 6 49834479 ,,4.8,261,,"Aalsmeerweg 34H, 1059 AK Amsterdam, Netherlands "
Dana Halal Food,Halal restaurant,+31 6 84419820 ,,3.8,428,,"Lange Leidsedwarsstraat 5A, 1017 NE Amsterdam, Netherlands "
Halal Fried Chicken,Restaurant,+31 20 737 0426 ,http://www.halalfriedchicken.nl/,3.7,973,,"Plein '40-'45 3, 1063 KP Amsterdam, Netherlands "
Le Panam (Halal),Restaurant,+31 6 13582646 ,https://www.lepanam.nl/,4.4,284,,"Kinkerstraat 321h, 1053 EV Amsterdam, Netherlands "
Bella ciao Amsterdam 2,Italian restaurant,+31 6 14681012 ,https://share.google/GckGfGeIPCw8fuzei,4.6,1187,,"Haringpakkerssteeg 8h, 1012 LR Amsterdam, Netherlands "
Halal Fried Chicken,Restaurant,+31 6 42740974 ,http://halalfriedchicken.nl/,3.1,556,,"Waterlandplein 280, 1024 NB Amsterdam, Netherlands "
Snack Bar ( Halal Food ),Fast food restaurant,+31 20 624 7745 ,,4.1,54,,"Spuistraat 332, 1012 VX Amsterdam, Netherlands "
HBC Osdorp - Halal Burgers & Chicken,Restaurant,+31 20 802 2233 ,http://www.hbcosdorp.nl/,4.5,223,,"Osdorper Ban 54, 1068 MJ Amsterdam, Netherlands "
Grillroom Baba,Halal restaurant,+31 6 22514111 ,,3.1,190,,"Halvemaansteeg 3, 1017 CR Amsterdam, Netherlands "
Marrakech Cuisine,Halal restaurant,+31 6 85634534 ,https://www.marrakechcuisine.nl/,2.3,3,,"Vredenhofweg 9B, 1051 LM Amsterdam, Netherlands "
"HFK – Halal Food Kitchen Amsterdam | Halal Restaurant with Döner, Lamb Chops, Shoarma, Turkish Pizza & Kapsalon",Halal restaurant,+31 6 43460927 ,http://www.hfkamsterdam.nl/,4.2,29,,"Jan Evertsenstraat 68, 1056 EE Amsterdam, Netherlands "
Machane Yehuda,Kosher restaurant,+31 20 421 2770 ,https://machaneyehuda.nl/,4.7,315,,"Albert Cuypstraat 165, 1073 BC Amsterdam, Netherlands "
Food Court Amsterdam City South,Restaurant,+31 20 213 5555 ,https://foodcourtamsterdam.nl/,4.7,50,,"Professor J.H. Bavincklaan 5, 1183 AT Amstelveen, Netherlands "
Sal Meijer,Kosher restaurant,+31 20 213 5555 ,http://www.sal-meijer.com/,4.3,171,,"Professor J.H. Bavincklaan 5, 1183 AT Amstelveen, Netherlands "
Dock 20,Kosher restaurant,+31 20 213 5555 ,,5.0,1,,"Professor J.H. Bavincklaan 5, 1183 AT Amstelveen, Netherlands "
Sushi Daily,Sushi takeaway,+31 20 679 1840 ,https://sushidaily.com/nl-nl,,,,"Gerrit van der Veenstraat 57, 1077 DP Amsterdam, Netherlands "
La Biss Kosher Street Food,Kosher restaurant,+31 6 11116263 ,https://www.labisskosher.com/,4.7,649,,"Albert Cuypstraat 278, 1073 BR Amsterdam, Netherlands "
PANCAKES Amsterdam Westermarkt,Pancake restaurant,+31 20 820 0404 ,https://pancakes.amsterdam/,4.1,4403,,"Prinsengracht 277, 1016 GW Amsterdam, Netherlands "
Burro & Parmigiano Sapori Di Sicilia,Bistro,+31 20 233 5920 ,http://burro-parmigiano-amsterdam.eatbu.com/,4.9,493,,"Eerste Oosterparkstraat 129, 1091 GZ Amsterdam, Netherlands "
Casa Lisa,Restaurant,+31 20 737 1621 ,http://www.casalisa.nl/,4.8,179,,"Dorpsplein 72, 1115 CX Duivendrecht, Netherlands "
Scala | foodbar & theater,Restaurant,+31 20 779 3306 ,https://www.scala-amsterdam.nl/,4.7,300,,"Van Hallstraat 286, 1051 HM Amsterdam, Netherlands "
Cantina L'Esquina,Restaurant,+31 20 662 9627 ,https://www.cantinalesquina.nl/,4.3,71,,"Scheldeplein 2, 1078 GR Amsterdam, Netherlands "
Clandestino,Restaurant,+31 20 221 0598 ,https://www.clandestinoamsterdam.com/,4.9,140,,"Lassusstraat 6, 1075 GV Amsterdam, Netherlands "
Munchroom,Restaurant,+31 6 87983492 ,,4.7,50,,"Mosveld 71, 1031 AD Amsterdam, Netherlands "
Taco Mundo Amsterdam-Noord,Mexican restaurant,+31 900 1238226 ,http://www.tacomundo.com/,3.4,133,,"Gentiaanstraat 9, 1031 AE Amsterdam, Netherlands "
Star BBQ Amsterdam - كباب ستار,Restaurant,+31 6 47968038 ,http://www.starbbq.nl/,4.4,983,,"Tafelbergweg 4 b, 1105 BN Amsterdam, Netherlands "
Sizzler Grill & More,Restaurant,+31 20 341 8451 ,http://www.sizzlergrillmore.nl/,4.8,1021,,"Sperwerlaan 25H, 1021 EM Amsterdam, Netherlands "
Grill Donny,Restaurant,+31 20 620 6994 ,,4.4,818,,"Warmoesstraat 63, 1012 HW Amsterdam, Netherlands "
Braai Vondelpark,Barbecue restaurant,+31 6 38294828 ,http://www.braaiamsterdam.nl/,3.9,286,,"Schinkelhavenkade 1, 1075 VS Amsterdam, Netherlands "
Serri's Grill,Restaurant,+31 20 233 7425 ,https://www.serrisgrill-amsterdam.nl/,4.7,54,,"Hoofddorpweg 15h, 1059 CS Amsterdam, Netherlands "
Hany's Grill,Meat dish restaurant,+31 20 670 2191 ,https://nlcompanies.org/details/hanys-grill-ChIJ50r,4.7,432,,"Scheldestraat 87, 1078 GJ Amsterdam, Netherlands "
Bar Grill Marathonweg,Restaurant,+31 20 370 3731 ,http://www.marathonweg.com/,4.5,821,,"Marathonweg 1, 1076 SW Amsterdam, Netherlands "
bbq baaz,Barbecue restaurant,+31 6 42750996 ,http://www.bbqbaaz.nl/,4.4,56,,"Jacobus Spijkerdreef 274, 2132 PZ Hoofddorp, Netherlands "
Grill Bar Rooz Amstelveen,Restaurant,+31 20 643 2443 ,http://rooz.nl/,4.5,489,,"Amsterdamseweg 470, 1181 BW Amstelveen, Netherlands "
Night Food BBQ,Grill,+31 20 324 2223 ,https://www.nightfoodbbq.nl/,2.7,29,,"Weesperzijde 78, 1091 EJ Amsterdam, Netherlands "
Harmony BBQ kip,Barbecue restaurant,+31 6 84597486 ,https://www.harmonybbq.nl/,2.2,10,,"Reigersbos 165, 1107 EW Amsterdam, Netherlands "
Hotbox BBQ,Meat dish restaurant,+31 6 18942281 ,https://www.hotboxbbq.nl/,4.3,6,,"Duivendrechtsekade 71, Keuken 07, 1096 AH Amsterdam, Netherlands "
Peijie Hotpot Amsterdam Chinatown 珮姐重庆火锅阿姆斯特丹唐人街店,Chinese restaurant,+31 20 221 2245 ,https://peijiehotpot.com/,4.9,258,,"Zeedijk 57, 1012 AS Amsterdam, Netherlands "
Dolan Uyghur Restaurant Lan zhou handpulled noodle soup,Uyghur cuisine restaurant,+31 20 341 6955 ,http://dolanuyghurrestaurant.eu/,4.1,178,,"Van Woustraat 159-H, 1074 AK Amsterdam, Netherlands "
Wok Inn - Amsterdam Zuid,Restaurant,+31 20 221 0231 ,https://wokinnamsterdamzuid.foodticket.nl/foodticket/cgi/bestel.cgi,4.7,44,,"Zeilstraat 61, 1075 SE Amsterdam, Netherlands "
Yummy Wok,Asian restaurant,+31 20 362 0389 ,https://www.bestelyummy.nl/,4.8,72,,"Jan Evertsenstraat 14HS, 1056 EC Amsterdam, Netherlands "
FEBO Amsterdam - Oudezijds Voorburgwal,Fast food restaurant,+31 20 626 0360 ,https://www.febo.nl/,4.3,2066,,"Oudezijds Voorburgwal 33, 1012 EJ Amsterdam, Netherlands "
FEBO Amsterdam - Nieuwendijk 50,Fast food restaurant,+31 20 422 9291 ,https://www.febo.nl/,4.2,1817,,"Nieuwendijk 50, 1012 MN Amsterdam, Netherlands "
Frites & Frites,Snack bar,+31 20 363 8942 ,,4.7,819,,"Kinkerstraat 29, 1053 DC Amsterdam, Netherlands "
Fabel Friet Runstraat,Fast food restaurant,+31 20 303 1422 ,https://fabelfriet.nl/,4.5,7591,,"Runstraat 1, 1016 GJ Amsterdam, Netherlands "
FEBO Amsterdam - Leidsestraat,Fast food restaurant,+31 20 620 8615 ,https://www.febo.nl/,4.2,1553,,"Leidsestraat 94, 1017 PE Amsterdam, Netherlands "
FEBO Amsterdam - Reguliersbreestraat,Fast food restaurant,+31 20 623 5304 ,https://www.febo.nl/,4.2,785,,"Reguliersbreestraat 38, 1017 CN Amsterdam, Netherlands "
Pandy Food Amsterdam,Fast food restaurant,+31 6 27871297 ,,3.5,47,,"Van Woustraat 170, 1073 LX Amsterdam, Netherlands "
Pita Queen,Restaurant,+31 20 776 6705 ,http://orders.pitaqueen.nl/,4.4,323,,"Eerste Van Swindenstraat 68, 1093 GG Amsterdam, Netherlands "
Fat Phill's Diner,Fast food restaurant,+31 20 244 7128 ,http://fatphillsdiner.com/,3.7,1092,,"Geelvincksteeg 2h, 1017 AZ Amsterdam, Netherlands "
Cafe De Klos,Restaurant,+31 20 625 3730 ,http://www.cafedeklos.nl/,4.5,4372,,"Kerkstraat 41, 1017 GB Amsterdam, Netherlands "
FEBO Amsterdam - Eerste van Swindenstraat,Fast food restaurant,+31 20 695 5182 ,https://www.febo.nl/,3.8,138,,"Eerste Van Swindenstraat 229, 1093 GB Amsterdam, Netherlands "
Cultureel Eetcafé 'Skek,Restaurant,+31 20 427 0551 ,http://skekamsterdam.cargo.site/,4.5,927,,"Zeedijk 4-8, 1012 AX Amsterdam, Netherlands "
De Belg,Fast food restaurant,+31 20 626 6614 ,http://www.houseoffries.nl/,3.9,282,,"Reguliersbreestraat 49-A, 1017 CM Amsterdam, Netherlands "
La Place,Restaurant,+31 6 83158616 ,https://www.laplace.com/,4.0,1694,,"Kalverstraat 201-203, 1012 WR Amsterdam, Netherlands "
Manneken Pis Damrak,Fast food restaurant,+31 20 638 4568 ,https://mannekenpis.nl/,4.2,11659,,"Damrak 41, 1012 LK Amsterdam, Netherlands "
KFC,Fast food restaurant,+31 20 627 9185 ,http://www.kfc.nl/,3.6,10171,,"Damrak 87, 1012 LP Amsterdam, Netherlands "
FEBO Amsterdam - Amsteldijk,Fast food restaurant,+31 20 673 3330 ,https://www.febo.nl/,3.9,642,,"Amsteldijk 132-133, 1078 RT Amsterdam, Netherlands "
McDonald's,Hamburger restaurant,+31 20 624 5330 ,https://mcdonaldsrestaurant.nl/amsterdam-nieuwendijk-70,3.6,4949,,"Nieuwendijk 70, 1012 MP Amsterdam, Netherlands "
McDonald's,Hamburger restaurant,+31 20 622 4087 ,https://mcdonaldsrestaurant.nl/amsterdam-muntplein,3.4,5543,,"Muntplein 9, 1017 CK Amsterdam, Netherlands "
LoBites Amsterdam,Restaurant,+31 6 41648409 ,http://famishrestaurant.nl/,3.9,68,,"Van Woustraat 170 HS, 1073 LX Amsterdam, Netherlands "
Burger King,Hamburger restaurant,+31 6 11326812 ,https://www.burgerking.nl/store-locator/store/restaurant_6718,3.5,1548,,"Stationsplein 5, 1012 AB Amsterdam, Netherlands "
Kabab Corner,Restaurant,+31 6 22415744 ,,3.1,315,,"Oudebrugsteeg 6, 1012 JP Amsterdam, Netherlands "
Kinky streetfood,Restaurant,+31 20 337 6620 ,https://www.kinky-streetfood.nl/,3.9,86,,"Kinkerstraat 27, 1053 DC Amsterdam, Netherlands "
Tiba Cafetaria and street food,Fast food restaurant,+31 20 663 2630 ,,4.6,150,,"Camperstraat 54, 1091 CZ Amsterdam, Netherlands "
Caldi e freddi,Takeout Restaurant,+31 20 320 2024 ,http://www.caldiefreddi.nl/,4.8,1614,,"Spuistraat 102, 1012 VA Amsterdam, Netherlands "
Manneken Pis Nieuwendijk,Restaurant,+31 30 208 0638 ,https://www.mannekenpis.nl/,4.0,686,,"Nieuwendijk 222, 1012 MX Amsterdam, Netherlands "
Herring Stall Jonk,Seafood restaurant,+31 6 33933103 ,http://haringhandeljonk.com/,4.6,927,,"Spui 7a, 1012 WX Amsterdam, Netherlands "
Oche,Dart bar,+31 20 245 6893 ,https://oche.com/nl/amsterdam/,4.6,390,,"Utrechtsestraat 11, 1017 VH Amsterdam, Netherlands "
Exki,Fast food restaurant,+31 20 737 2689 ,https://www.exki.com/restaurants,4.0,893,,"De Ruijterkade 36c, 1012 AA Amsterdam, Netherlands "
Dilek Chicken,Fast food restaurant,+31 6 46465044 ,http://www.dilek-chicken.nl/,4.6,1051,,"Osdorper Ban 156, 1069 ZR Amsterdam, Netherlands "
Le Fournil de Sébastien Amsterdam,Bakery,+31 20 672 4211 ,http://www.lefournil.nl/,4.8,1512,,"Olympiaplein 119, 1077 CW Amsterdam, Netherlands "
Patisserie Holtkamp,Patisserie,+31 20 624 8757 ,https://www.patisserieholtkamp.nl/,4.7,1073,,"Vijzelgracht 15, 1017 HM Amsterdam, Netherlands "
Patisserie Linnick,Patisserie,+31 20 233 5824 ,http://www.linnick.nl/,4.8,553,,"Amstelveenseweg 75, 1075 VV Amsterdam, Netherlands "
La Panetteria Amsterdam,Bakery,+31 20 737 2433 ,http://www.lapanetteria.nl/,4.6,359,,"Rokin 118A, 1012 LB Amsterdam, Netherlands "
Hartog's Wholegrain Bakery and Milling,Bakery,+31 20 220 0044 ,http://www.volkorenbrood.nl/,4.8,793,,"Wibautstraat 77, 1091 GK Amsterdam, Netherlands "
Brothers Niemeijer,Bakery,+31 20 707 6752 ,http://www.gebroedersniemeijer.nl/,4.5,932,,"Nieuwendijk 35, 1012 MA Amsterdam, Netherlands "
Bakery DAM,Bakery,+31 20 428 6547 ,,4.7,357,,"Nieuwezijds Voorburgwal 157, 1012 RK Amsterdam, Netherlands "
Rene's Croissanterie,Dessert shop,+31 20 638 8348 ,http://www.renescroissanterie.nl/,4.4,2554,,"Damstraat 20, 1012 JM Amsterdam, Netherlands "
WALDO Chocolade & Patisserie,Patisserie,+31 6 21979518 ,http://www.waldopatisserie.nl/,4.9,239,,"Elandsgracht 91, 1016 TS Amsterdam, Netherlands "
De Drie Graefjes,Bakery,+31 85 822 7257 ,https://dedriegraefjes.nl/pages/custom-cakes?y_source=1_MTA4ODQ5OTg2Ny03MTUtbG9jYXRpb24ud2Vic2l0ZQ%3D%3D,4.1,1912,,"Rokin 130, 1012 LC Amsterdam, Netherlands "
De beste Lekkernij Herenstraat,Bakery,+31 20 722 5108 ,,4.9,183,,"Herenstraat 24A, 1015 CB Amsterdam, Netherlands "
Cup a la Cake,Bakery,+31 20 638 5840 ,http://cupalacake.nl/,4.4,197,,"Westermarkt 19, 1016 DJ Amsterdam, Netherlands "
Patisserie Tout,Patisserie,+31 20 676 2620 ,https://toutpatisserie.nl/,4.7,266,,"Maasstraat 77, 1078 HE Amsterdam, Netherlands "
Bbrood,Bakery,+31 20 626 2919 ,http://www.bbrood.nl/,4.6,237,,"Zeedijk 66, 1012 BA Amsterdam, Netherlands "
Dam Brownie,Bakery,+31 6 57706515 ,http://www.dambrownie.com/,5.0,51,,"Albert Cuypstraat 216, 218, 1073 BN Amsterdam, Netherlands "
bakery Westerbos,Bakery,+31 20 684 5512 ,,4.7,177,,"Hugo de Grootplein 4, 1052 KW Amsterdam, Netherlands "
Bakery van der Heijden,Bakery,+31 20 684 4029 ,http://www.broodbakkerijvanderheijden.nl/,4.6,201,,"Bos en Lommerweg 207, 1055 DT Amsterdam, Netherlands "
Broodbakker Simon Meijssen,Bakery,+31 20 675 7136 ,http://www.simonmeijssen.nl/,4.2,430,,"Van Baerlestraat 23 BG, 1071 AN Amsterdam, Netherlands "
Bbrood,Bakery,+31 20 379 5844 ,http://www.bbrood.nl/,4.6,127,,"Eerste van der Helststraat 49, 1073 AD Amsterdam, Netherlands "
Deguelle Patisserie,Patisserie,+31 20 223 3722 ,http://www.deguelle-patisserie.nl/,4.8,203,,"Eerste Oosterparkstraat 128hs, 1091 HH Amsterdam, Netherlands "
Bakker Jongejans,Bakery,+31 20 624 7611 ,https://bakkerjongejans.nl/,4.4,96,,"Haarlemmerstraat 4, 1013 ER Amsterdam, Netherlands "
Chocolaterie Pompadour,Patisserie,+31 20 623 9554 ,http://www.pompadour.amsterdam/,4.7,907,,"Huidenstraat 12, 1016 ES Amsterdam, Netherlands "
Bakery Hicret,Bakery,+31 6 41140303 ,,4.6,218,,"Jan Evertsenstraat 82, 1056 EG Amsterdam, Netherlands "
Bakkerij Kwakman Leidsestraat,Bakery,+31 20 624 6943 ,,3.9,204,,"Leidsestraat 81, 1017 NX Amsterdam, Netherlands "
`Bakkerij Verhagen,Bakery,+31 20 623 6374 ,https://www.bakkerijverhagen.nl/,4.2,125,,"Utrechtsestraat 61, Kerkbuurt 64, 1017 VJ Amsterdam, Netherlands "
"Bakkerij ""Mediterrane""",Bakery,+31 20 620 3550 ,,4.7,234,,"Haarlemmerdijk 184, 1, 1013 JK Amsterdam, Netherlands "
brioche.,Bakery,+31 6 11805227 ,https://briocheamsterdam.nl/en/?fbclid=PAAaaHrjlqAQq7foVXca398uAn_lh-Tix-sj_p0HrSGEDBO7qhCjs-IfRUuaQ_aem_AZMkYMvLGccfZvSvnq5qEOu3PIGwpBHV7D6bRGRSLb29_DubF-2kUVm24Y6pvVZQtNs,4.7,599,,"Bilderdijkstraat 164 H, 1053 LC Amsterdam, Netherlands "
Patisserie Kuyt,Bakery,+31 20 623 4833 ,http://www.patisseriekuyt.nl/,4.5,294,,"Utrechtsestraat 109-111, 1017 VL Amsterdam, Netherlands "
Dutch Bakery,Bakery,+31 6 84143101 ,,2.5,267,,"Leidsestraat 6, 1017 PA Amsterdam, Netherlands "
Klopper and Stolk,Bakery,+31 20 675 1252 ,,4.5,195,,"Amstelveenseweg 95, 1075 VX Amsterdam, Netherlands "
Confectionery Arnold Cornelis,Bakery,+31 20 662 1228 ,http://www.cornelis.nl/,4.6,161,,"Van Baerlestraat 93, 1071 AT Amsterdam, Netherlands "
Kardas Bakery,Bakery,+31 20 463 5676 ,http://www.bakkerijkardas.nl/,4.6,212,,"Javastraat 29, 1094 GZ Amsterdam, Netherlands "
Bbrood,Bakery,+31 20 261 8979 ,http://www.bbrood.nl/,4.5,104,,"Jan Pieter Heijestraat 115, 1054 MD Amsterdam, Netherlands "
Bakkerij Verboom,Bakery,+31 20 662 1409 ,http://www.bakkerijverboom.nl/,4.1,132,,"Ceintuurbaan 278, 1072 GJ Amsterdam, Netherlands "
Chez Rosie,Patisserie,+31 20 389 2001 ,https://www.foodchezrosie.com/,4.9,282,,"Kinkerstraat 51, 1053 DE Amsterdam, Netherlands "
Bakery Cafe,Bakery,+31 20 334 6128 ,http://icebakery.nl/,2.8,266,,"Leidsestraat 6, 1017 PA Amsterdam, Netherlands "
English Cake Lady,Bakery,+31 6 14776429 ,https://www.englishcakelady.com/,4.8,24,,
Bakkerij NAZAR,Bakery,+31 20 618 2925 ,,4.7,107,,"Admiraal de Ruijterweg 69 H, 1057 JX Amsterdam, Netherlands "
Broodbakker Mensink,Bakery,+31 20 679 0058 ,https://nlcompanies.org/details/broodbakker-mensink-ChIJu6M,4.3,225,,"Zeilstraat 55, 1075 SE Amsterdam, Netherlands "
Bbrood,Bakery,+31 85 109 1201 ,http://bbrood.nl/,4.9,43,,"Haarlemmerdijk 67, 1013 KC Amsterdam, Netherlands "
Kwekkeboom Banketbakkerij Zuid,Bakery,+31 20 673 7114 ,https://kwekkeboom.amsterdam/,4.4,312,,"Ferdinand Bolstraat 119, 1072 LG Amsterdam, Netherlands "
Stadsbakkerij As,Bakery,+31 6 59332196 ,https://broodvanas.nl/,4.7,101,,"Conradstraat 471, 1018 NE Amsterdam, Netherlands "
Bakery Kara Firin (Ferdinand Bolstraat),Bakery,+31 20 767 0027 ,http://www.karafirin.nl/,4.6,148,,"Ferdinand Bolstraat 102III, 1072 LN Amsterdam, Netherlands "
van Vessem,Bakery,+31 20 820 3454 ,http://www.bakkerijvanvessem.nl/,4.3,166,,"Maasstraat 90, 1078 HM Amsterdam, Netherlands "
Bbrood,Bakery,+31 20 686 3799 ,https://www.bbrood.nl/,4.4,108,,"Bos en Lommerweg 305, 1055 DX Amsterdam, Netherlands "
Bbrood,Bakery,+31 20 261 9172 ,http://www.bbrood.nl/,4.4,146,,"Rozengracht 180-182, 1016 NK Amsterdam, Netherlands "
Bakery Bos En Lommerplein,Bakery,+31 20 486 7415 ,http://bosenlommerplein.com/mkb-winkels/bakkerij-bos-en-lommerplein,4.2,167,,"Bos en Lommerplein 190, 1055 EK Amsterdam, Netherlands "
Taarten van Linn,Bakery,+31 6 46190202 ,https://taartenvanlinn.nl/,4.8,124,,"Wittenburgergracht 141, 1018 MX Amsterdam, Netherlands "
Cheesecake Project,Bakery,+31 20 221 1996 ,http://www.cheesecakeproject.nl/,4.5,536,,"Laurierstraat 160, 1016 PR Amsterdam, Netherlands "
De Drie Graefjes Zuid,Bakery,+31 85 822 7257 ,https://dedriegraefjes.nl/pages/custom-cakes?y_source=1_MTA4ODYyMzYyMS03MTUtbG9jYXRpb24ud2Vic2l0ZQ%3D%3D,4.1,749,,"Stadionplein 110, 1076 CK Amsterdam, Netherlands "
Selma's,Bakery,+31 20 221 2785 ,https://www.selmasbakery.com/,4.4,497,,"Jan van Galenstraat 70h, 1056 CC Amsterdam, Netherlands "
Massimo Gelato De Pijp,Ice cream shop,+31 20 737 2131 ,http://www.massimogelato.nl/,4.7,2634,,"Van Ostadestraat 147 H, 1072 SW Amsterdam, Netherlands "
Monte Pelmo,Ice cream shop,+31 20 623 0959 ,https://www.montepelmo.nl/,4.6,1124,,"Tweede Anjeliersdwarsstraat 17, 1015 NS Amsterdam, Netherlands "
pancake&co,Pancake restaurant,+31 6 39028819 ,,4.7,333,,"Warmoesstraat 70 JH, 1012 JH Amsterdam, Netherlands "
Van der Linde,Ice cream shop,+31 20 624 8213 ,https://www.facebook.com/pages/Van-der-Linde/198945143473172,4.4,2295,,"Nieuwendijk 183, 1012 MG Amsterdam, Netherlands "
Chocolate Heaven,Dessert shop,+31 6 86462378 ,http://www.chocolateheaven.nl/,5.0,68,,"Hoofdweg 298H, 1057 DK Amsterdam, Netherlands "
Tiramizoetje - TIRAMISU' SHOP,Dessert shop,+31 6 34504245 ,https://www.instagram.com/tiramizoetjeamsterdam/,4.4,126,,"Ferdinand Bolstraat 65, 1072 LC Amsterdam, Netherlands "
Sugar rush,Ice cream shop,+31 6 28115335 ,https://sugar-rush.nl/,4.0,149,,"Jodenbreestraat 52, 1011 NR Amsterdam, Netherlands "
Casa Infante,Ice cream shop,+31 20 233 7828 ,https://www.casainfante.nl/,4.3,754,,"Eerste van der Helststraat 78h, 1072 NZ Amsterdam, Netherlands "
WALDO chocolade & patisserie,Patisserie,+31 6 21979518 ,http://www.waldopatisserie.nl/,4.8,162,,"Eerste Sweelinckstraat 14, 1073 CM Amsterdam, Netherlands "
Patisserie Al-Yassamin,Patisserie,+31 20 341 6503 ,,4.7,70,,"Eerste Oosterparkstraat 251A, 1091 HA Amsterdam, Netherlands "
"Oh là là, Charlotte ! Patisserie Taartenwinkel en Catering Bos en Lommer Amsterdam West",Patisserie,+31 6 11279246 ,https://www.ohlalacharlotte.com/,5.0,161,,"Nieuwpoortkade 9, 1055 RX Amsterdam, Netherlands "
Miuz Gelato & Coffee,Dessert shop,+31 20 785 2994 ,https://www.miuz.nl/,4.5,923,,"Overtoom 117, 1054 HE Amsterdam, Netherlands "
Dolce & Gelato Bio,Ice cream shop,+31 20 000 0000 ,,1.7,789,,"Damstraat 25, 1012 JL Amsterdam, Netherlands "
Sweet Tree,Bakery,+31 20 370 6049 ,,3.6,316,,"Paleisstraat 13, 1012 RB Amsterdam, Netherlands "
Traiterie Chef | Traiteur & Patisserie,Bistro,+31 20 671 5500 ,https://traiteriechef.nl/?utm_source=GMB&utm_medium=organic&utm_campaign=GMB,4.6,155,,"Raamsteeg 5, 1012 VZ Amsterdam, Netherlands "
IJsboutique,Ice cream shop,+31 20 664 2155 ,http://www.frietboutique.nl/,4.3,223,,"Johannes Verhulststraat 107, 1071 MX Amsterdam, Netherlands "
Massimo Gelato Marathonweg,Ice cream shop,+31 20 737 0971 ,https://www.massimogelato.nl/,4.7,266,,"Marathonweg 10, 1076 TE Amsterdam, Netherlands "
Miuz Gelato De Pijp,Ice cream shop,+31 20 223 1372 ,https://www.miuz.nl/,4.4,265,,"Ferdinand Bolstraat 4, 1072 LJ Amsterdam, Netherlands "
C'est Magnifique,Sandwich shop,+31 20 422 7014 ,http://www.cest-magnifique.nl/,3.7,250,,"Leidsestraat 18, 1017 PA Amsterdam, Netherlands "
het paradijs is zacht en zoet (home made ice cream),Ice cream shop,+31 6 19726672 ,https://paradijs.it/,5.0,637,,"Oosterpark, 1092 AD Amsterdam, Netherlands "
Sunny Side Jordaan,Patisserie,+31 6 86250972 ,,4.7,227,,"Prinsengracht 158H, 1016 HA Amsterdam, Netherlands "
IJssalon Tofani,Ice cream shop,+31 20 624 3073 ,,4.3,856,,"Kloveniersburgwal 16, 1012 CT Amsterdam, Netherlands "
Patisserie de Bijenkorf,Patisserie,+31 88 245 3939 ,https://www.debijenkorf.nl/patisserie,4.3,253,,"Warmoesstraat 170, 1012 JK Amsterdam, Netherlands "
WOW,Dessert shop,+31 20 341 9307 ,http://www.wowsweetbar.com/,4.8,27,,"Van Woustraat 132, 1073 LT Amsterdam, Netherlands "
IJssalon Da Vinci Amsterdam,Ice cream shop,+31 20 737 0837 ,http://www.ijssalondavinci.nl/,4.7,230,,"Stadionplein 251, 1076 CK Amsterdam, Netherlands "
☀️Jan Pieter IJsje 🍨,Ice cream shop,+31 20 261 6065 ,http://janpieterijsje.nl/,4.1,66,,"Jan Pieter Heijestraat 117, 1054 MD Amsterdam, Netherlands "
Patisserie by Barbara,Patisserie,+31 6 53445592 ,,4.7,178,,"Valkenburgerstraat 208H, 1011 ND Amsterdam, Netherlands "
Madame Croissant Amsterdam,Patisserie,+31 6 47788599 ,https://croissant-catering.com/,4.8,1321,,"Hartenstraat 29H, 1016 CA Amsterdam, Netherlands "
Boulangerie - Patisserie Du Paris,Patisserie,+31 6 44403866 ,,4.4,139,,"Ottho Heldringstraat 7, 1066 AZ Amsterdam, Netherlands "
Levant Pastry,Patisserie,+31 6 21499007 ,,4.6,94,,"Haarlemmerdijk 127, 1013 KE Amsterdam, Netherlands "
Chimney Cake Café,Cafe,+31 20 775 3914 ,https://chimneyamsterdam.nl/?utm_source=gmb&utm_medium=gmb,4.4,395,,"Warmoesstraat 46, 1012 JE Amsterdam, Netherlands "
Divan Baklava Amsterdam,Bakery,+31 20 665 0689 ,http://www.divanpastanesi.nl/,4.6,142,,"Javastraat 121, 1094 HD Amsterdam, Netherlands "
Tugra Baklava,Patisserie,+31 6 84497773 ,,4.7,47,,"Javastraat 60, 1094 HK Amsterdam, Netherlands "
Afaker Boulangerie - Patisserie,Bakery,+31 20 341 7171 ,,3.9,52,,"Javastraat 59D, 1094 HA Amsterdam, Netherlands "
Tom's Bread & More,Bakery,+31 20 423 4937 ,,4.7,184,,"Tweede Egelantiersdwarsstraat 1, 1015 SB Amsterdam, Netherlands "
Halil Patisserie 2,Bakery,+31 6 33529801 ,,4.3,71,,"Bos en Lommerweg 225, 1055 DT Amsterdam, Netherlands "
boulangerie Nador,Bakery,+31 6 84331412 ,,4.3,77,,"Bos en Lommerweg 295III, 1055 DX Amsterdam, Netherlands "
Cake me Cup ! Patisserie,Patisserie,+31 6 11279246 ,https://cakemecup.nl/,5.0,2,,"Nieuwpoortkade 9, 1055 RX Amsterdam, Netherlands "
bakery Westerpark,Bakery,+31 20 684 4180 ,http://www.bakkerijwesterpark.com/,4.6,134,,"Van Limburg Stirumstraat 34, 1051 BC Amsterdam, Netherlands "
Baking with Passion,Bakery,+31 20 670 1376 ,http://www.bakkenmetpassie.nl/,3.8,305,,"Albert Cuypstraat 53, 1072 CM Amsterdam, Netherlands "
Peacock Alley,Restaurant,+31 20 718 4643 ,https://www.hilton.com/en/hotels/amswawa-waldorf-astoria-amsterdam/dining,4.6,82,,"Herengracht 542-556, Ground Floor, 1017 DV Amsterdam, Netherlands "
AMAI High Tea's,Bistro,+31 6 87007102 ,https://www.amai-food.nl/,4.9,48,,"Emmikhovenstraat 6, 1069 DH Amsterdam, Netherlands "
Hortus café (The Orangery),Cafe,+31 20 702 5405 ,https://www.dehortus.nl/bezoek/hortus-store/,4.3,420,,"Plantage Middenlaan 2A, 1018 DD Amsterdam, Netherlands "
Amstel Afternoon Tea,Lounge,+31 20 622 6060 ,https://www.amstelhotel.com/nl/restaurant-bar/,4.2,52,,"Professor Tulpplein 1, 1018 GX Amsterdam, Netherlands "
Café Thijssen,Cafe,+31 20 623 8994 ,http://www.cafethijssen.nl/,4.2,1976,,"Brouwersgracht 107, 1015 GD Amsterdam, Netherlands "
Caffè Belmondo WTC,Cafe,+31 6 40378187 ,http://www.caffebelmondo.nl/,4.1,187,,"Zuidplein 18, 1077 XX Amsterdam, Netherlands "
IJssalon Madaq,Ice cream shop,+31 20 723 5295 ,https://www.madaq.com/,4.9,289,,"Spui 10, 1012 PR Amsterdam, Netherlands "
IJs van Oost,Ice cream shop,+31 20 244 0675 ,https://www.instagram.com/ijsvanoost/,4.7,395,,"Javastraat 79, 1094 HB Amsterdam, Netherlands "
IJssalon IJskoud de Beste,Ice cream shop,+31 6 44927415 ,,4.5,1241,,"Meeuwenlaan 331, 1022 AL Amsterdam, Netherlands "
Doardi,Ice cream shop,+31 20 486 1010 ,https://www.instagram.com/doardi_amsterdam/,4.3,342,,"Van Limburg Stirumstraat 15, 1051 AZ Amsterdam, Netherlands "
Massimo Gelato Oost,Ice cream shop,+31 20 737 0564 ,https://massimogelato.nl/,4.7,608,,"Pretoriusstraat 89, 1092 GD Amsterdam, Netherlands "
Bubble Trouble Bubble Tea & IJscuypje,Ice cream shop,+31 6 24292466 ,,4.6,170,,"Javastraat 131, 1094 HE Amsterdam, Netherlands "
Hazel noten & zuidvruchten,Ice cream shop,+31 20 489 2192 ,http://www.hazelnoten.net/,4.7,60,,"Kinkerstraat 306 H, 1053 GC Amsterdam, Netherlands "
Venetië IJs,Ice cream shop,+31 20 247 9949 ,,4.4,454,,"Scheldestraat 68, 1078 GM Amsterdam, Netherlands "
Frank & Lydia's Italiaanse IJssalon,Ice cream shop,+31 20 682 1424 ,http://www.frankenlydia.nl/,3.8,112,,"Bos en Lommerweg 156, 1055 EE Amsterdam, Netherlands "
LAWA - Ice cream & Cafe,Ice cream shop,+31 20 239 6528 ,http://www.lawacafe.nl/,4.3,785,,"Slotermeerlaan 117 A, 1063 JN Amsterdam, Netherlands "
Satellite Sportscafé,Sports bar,+31 20 427 2529 ,http://www.satellitesportscafe.nl/,3.8,4030,,"Leidseplein 11, 1017 PS Amsterdam, Netherlands "
La La Ijs,Ice cream shop,+31 20 737 1517 ,http://lalaijs.nl/,4.4,269,,"Tollensstraat 65 F, 1053 RS Amsterdam, Netherlands "
SottoZero Gelatobar,Ice cream shop,+31 6 24949553 ,,4.8,396,,"Bosboom Toussaintstraat 49, 1054 AN Amsterdam, Netherlands "
IJscuypje Westergasfabriek,Ice cream shop,+31 6 19730483 ,http://www.ijscuypje.nl/,4.4,366,,"Gosschalklaan 7, 1014 DC Amsterdam, Netherlands "
Scoops and Bubbles,Ice cream shop,+31 6 27207466 ,,5.0,228,,"Rozengracht 51, 1016 LS Amsterdam, Netherlands "
Pont Neuf ice cream,Ice cream shop,+31 20 363 7772 ,https://www.pontneuficecream.nl/,4.2,84,,"Van der Pekplein 1b, 1032 CN Amsterdam, Netherlands "
IJspraktijk,Ice cream shop,+31 20 221 2233 ,http://www.ijspraktijk.nl/,4.6,172,,"Waterlandplein 28 (Naast Aldi, 1024 LW Amsterdam, Netherlands "
Ijscuypje Zeeburg,Ice cream shop,+31 6 24292466 ,http://www.ijscuypje.nl/,4.1,47,,"Oostelijke Handelskade 1071M, 1019 BW Amsterdam, Netherlands "
Pisa IJs,Ice cream shop,+31 20 671 5577 ,,4.6,1032,,"Scheldeplein 22, 1072 GR Amsterdam, Netherlands "
Gastropub Rokin 85,Gastropub,+31 85 760 8730 ,https://rokin85.com/,4.7,135,,"Rokin 85, 1012 KL Amsterdam, Netherlands "
Restaurant & Bar Lagerhuys,Restaurant,+31 6 23593153 ,http://lagerhuys.amsterdam/,4.6,663,,"Rokin 84, 1012 NT Amsterdam, Netherlands "
La Dilettante Amsterdam - Natural Wine Bar,Wine bar,+31 20 854 3518 ,http://ladilettante.amsterdam/,4.8,308,,"Saenredamstraat 37, 1072 CB Amsterdam, Netherlands "
Wijnbar Vindict,Wine bar,+31 20 331 1394 ,http://www.wijnbarvindict.nl/,4.8,91,,"Docklandsweg 3, 1031 KN Amsterdam, Netherlands "
Bar Parry,Wine bar,+31 20 334 8578 ,http://www.barparry.nl/,4.6,265,,"Eerste Looiersdwarsstraat 15, 1016 VL Amsterdam, Netherlands "
"De Nada - Music, Wine & Food Bar",Wine bar,+31 20 303 0667 ,https://denada.amsterdam/,4.8,189,,"Uiterwaardenstraat 99, 1079 BT Amsterdam, Netherlands "
Wijnbar Rijp,Wine bar,+31 6 55688815 ,http://www.wijnbarrijp.nl/,5.0,9,,"Danie Theronstraat 13C, 1091 XV Amsterdam, Netherlands "
WC Bar,Wine bar,+31 6 24799804 ,https://www.instagram.com/wcbar.amsterdam?igsh=ZTY1dnZzbTZxYmRh&utm_source=qr,5.0,13,,"Czaar Peterstraat 21, 1018 NW Amsterdam, Netherlands "
Rayleigh & Ramsay Van Wou,Wine bar,+31 20 244 0898 ,http://www.rr.wine/,4.5,513,,"Van Woustraat 97, 1074 XK Amsterdam, Netherlands "
QV Winebar,Restaurant,+31 20 290 0006 ,https://qvwinebar.com/,4.7,238,,"Beethovenstraat 58, 1077 JK Amsterdam, Netherlands "
De Kat in de Wijngaert,Bar,+31 20 622 4554 ,http://www.dekatindewijngaert.nl/,4.4,369,,"Lindengracht 160, 1015 KL Amsterdam, Netherlands "
Bar du Champagne,Bar,+31 6 19577751 ,http://www.barduchampagne.nl/,4.7,92,,"Rokin 91a, 1012 KL Amsterdam, Netherlands "
Vermeers Wijnkamer,Wine bar,+31 20 556 4900 ,,4.5,66,,"Zeedijk 11, 1012 AN Amsterdam, Netherlands "
Rayleigh & Ramsay Westerpark,Wine bar,+31 20 244 4848 ,http://rr.wine/,4.5,147,,"Van Noordtstraat 28, 1013 SM Amsterdam, Netherlands "
Belly of the Beast,Cocktail bar,+31 6 28146167 ,https://www.bellyofthebeastbar.com/,4.5,440,,"Singel 460, 1017 AW Amsterdam, Netherlands "
Plan No.3,Cocktail bar,+31 6 45650582 ,https://planno3.nl/,5.0,252,,"Oostenburgergracht 3, 1018 NA Amsterdam, Netherlands "
The Brokers Bar,Cocktail bar,+31 20 261 0903 ,https://thebrokersbar.com/,4.7,61,,"Oudebrugsteeg 9, 1012 JN Amsterdam, Netherlands "
Bar Feijoa,Cocktail bar,+31 6 21710434 ,https://www.feijoaamsterdam.com/,4.6,705,,"Vijzelstraat 39, 1017 HE Amsterdam, Netherlands "
Duke of Tokyo,Karaoke bar,+31 20 777 9332 ,https://dukeoftokyo.com/en/locations,4.6,2019,,"Reguliersdwarsstraat 37, 1017 BK Amsterdam, Netherlands "
Bar Maeve,Restaurant,+31 20 786 6220 ,https://www.barmaeve.nl/,4.5,122,,"Eerste van der Helststraat 50, 1072 NV Amsterdam, Netherlands "
Cocktail Workshop Amsterdam | Shake and Serve Amsterdam,Cocktail bar,+31 6 81166391 ,http://www.shakeandserve.nl/,4.4,5,,"Haarlemmerstraat 75, 1058 JR Amsterdam, Netherlands "
Bar Americain Amsterdam,Cocktail bar,+31 20 556 3000 ,https://mymenuweb.com/int/restaurants/2332748/?utm_source=google_profile&utm_medium=google_profile&utm_campaign=admin,4.3,149,,"Leidsekade 97, 1017 PN Amsterdam, Netherlands "
"De Cocktailfiets, mobiele cocktailbar & cocktailworkshop op locatie",Cocktail bar,+31 6 13662259 ,https://www.decocktailfiets.nl/?utm_source=google&utm_medium=organic&utm_campaign=gmb-amsterdam,5.0,23,,"Kingsfordweg 151, 1043 GR Amsterdam, Netherlands "
Bar Mokum,Cocktail bar,+31 20 530 1818 ,https://www.inntelhotelsamsterdamcentre.nl/eten-drinken/,5.0,4,,"Nieuwezijds Kolk, 1012 NE Amsterdam, Netherlands "
Chapter 1896,Cocktail bar,+31 20 531 1777 ,https://chapter1896.com/?utm_source=GMB&utm_medium=organic,5.0,16,,"Nieuwe Doelenstraat 2-14, 1012 CP Amsterdam, Netherlands "
Kopstootbar Amsterdam,Bar,+31 20 308 6522 ,http://www.kopstootbar.amsterdam/,4.0,542,,"Marnixstraat 429, 1017 PK Amsterdam, Netherlands "
SHU Amsterdam,Cocktail bar,+31 20 261 3145 ,https://shuamsterdam.com/,4.0,85,,"Handboogstraat 15 H, 1012 XM Amsterdam, Netherlands "
The Velvet Vixen,Cocktail bar,+31 20 776 8055 ,https://velvetvixencocktailbar.com/,4.4,55,,"Korte Leidsedwarsstraat 36, 1017 RC Amsterdam, Netherlands "
W Lounge,Cocktail bar,+31 20 811 2609 ,https://www.wloungeamsterdam.com/?scid=f2ae0541-1279-4f24-b197-a979c79310b0,4.0,902,,"W Hotel, Spuistraat 175, 1016 DB Amsterdam, Netherlands "
The Tequila Club | Amsterdam,Cocktail bar,+31 6 16432928 ,https://thetequilaclub.nl/,4.1,38,,"Korte Leidsedwarsstraat 28, 1017 RC Amsterdam, Netherlands "
Karakter,Bar,+31 20 737 0843 ,http://www.bar-karakter.nl/,4.4,412,,"De Clercqstraat 75 H, 1053 AE Amsterdam, Netherlands "
Wonder Bar One,Bar,+31 6 12441052 ,https://wonderbaramsterdam.nl/,4.5,93,,"Nieuwendijk 3, 1012 TK Amsterdam, Netherlands "
The Magpie,Bar,+31 20 337 7926 ,https://nlcompanies.org/details/the-magpie-ChIJOXs,4.4,210,,"Rietwijkerstraat 34, 1059 XA Amsterdam, Netherlands "
Taiko Bar,Cocktail bar,+31 20 570 0000 ,https://www.taikocuisine.com/en/taiko-bar/,4.4,22,,"Paulus Potterstraat 50, 1071 DB Amsterdam, Netherlands "
Bordello Aperitivo,Bar,+31 20 237 4796 ,http://www.bordelloaperitivo.com/,4.6,114,,"Zeedijk 41, 1012 AR Amsterdam, Netherlands "
Café aan de Amstel - Bar Amsterdam,Bar,+31 20 782 0808 ,,4.6,55,,"Amstel 54, 1017 AB Amsterdam, Netherlands "
Amstel A-Bar,Cocktail bar,+31 20 622 6060 ,https://www.amstelhotel.com/nl/restaurant-bar/,4.3,36,,"Professor Tulpplein 1, 1018 GX Amsterdam, Netherlands "
Crazy Karaoke,Karaoke bar,+31 6 14397936 ,http://www.crazykaraoke.nl/,4.1,374,,"Halvemaansteeg 14, 1017 CR Amsterdam, Netherlands "
SUPPER Intimate,Cocktail bar,+31 20 205 0221 ,https://supper.nl/intimate/,4.2,30,,"Singel 462, 1017 AW Amsterdam, Netherlands "
Café t Genootschap der Geneugten,Pub,+31 20 625 0934 ,http://cafetgdg.wordpress.com/,4.6,152,,"Kerkstraat 54, 1017 GM Amsterdam, Netherlands "
Café CHA CHA,Restaurant,+31 6 26632534 ,http://www.cafechacha.nl/,4.0,806,,"Rokin 103, 1012 KM Amsterdam, Netherlands "
Craft & Draft,Bar,+31 20 223 0725 ,http://www.craftanddraft.nl/,4.7,1278,,"Overtoom 417, 1054 JR Amsterdam, Netherlands "
Brouwerij De Prael,Restaurant,+31 20 408 4469 ,http://www.depraelamsterdam.nl/,4.4,4291,,"Oudezijds Armsteeg 26, 1012 GP Amsterdam, Netherlands "
Mikkeller at Morebeer,Bar,+31 20 223 7562 ,http://www.mikkelleratmorebeer.nl/,4.7,1557,,"Lange Leidsedwarsstraat 4, 1017 NL Amsterdam, Netherlands "
Café Gollem,Pub,+31 20 737 0273 ,http://www.cafegollem.nl/,4.6,1486,,"Daniël Stalpertstraat 74, 1072 XK Amsterdam, Netherlands "
Café De Spuyt,Bar,+31 20 624 8901 ,http://www.cafedespuyt.nl/,4.7,613,,"Korte Leidsedwarsstraat 86, 1017 RD Amsterdam, Netherlands "
Café De Nieuwe Lelie,Pub,+31 20 845 2067 ,http://www.cafedenieuwelelie.nl/,4.6,611,,"Nieuwe Leliestraat 83, 1015 SL Amsterdam, Netherlands "
Café ZILT,Bar,+31 20 421 5416 ,https://www.cafezilt.nl/,4.8,1036,,"Zeedijk 49, 1012 AR Amsterdam, Netherlands "
Barney's Uptown,Bar,+31 20 427 9469 ,https://www.barneysamsterdam.com/,4.6,1754,,"Haarlemmerstraat 105, 1013 EM Amsterdam, Netherlands "
Heineken Bier,Bar,+31 20 623 7654 ,,4.7,54,,"Prinsengracht 296K, 1016 HW Amsterdam, Netherlands "
Café Pieper,Pub,+31 20 626 4775 ,https://cafepieper.nl/,4.4,606,,"Prinsengracht 424, 1016 JC Amsterdam, Netherlands "
Dopey's Elixer,Bar,+31 20 671 6946 ,http://www.dopeyselixer.nl/,4.6,567,,"Lutmastraat 49, 1072 JP Amsterdam, Netherlands "
De Pilsener Club (Engelse Reet),Pub,+31 20 623 1777 ,https://nl-nl.facebook.com/pages/De-Pilsner-Club/275781662434425,4.7,785,,"Begijnensteeg 4, 1012 PN Amsterdam, Netherlands "
De Zotte,Cafe,+31 20 233 8790 ,http://cafedezotte.nl/,4.5,874,,"Raamstraat 29, 1016 XL Amsterdam, Netherlands "
De Blauwe Parade,Bar,+31 20 714 2000 ,http://www.deblauweparade.com/,4.4,120,,"Nieuwezijds Voorburgwal 178, 1012 SJ Amsterdam, Netherlands "
Cafe Scharrebier,Pub,+31 20 624 8101 ,https://www.instagram.com/cafescharrebier/,4.5,328,,"Rapenburgerplein 1, 1011 VA Amsterdam, Netherlands "
Saloon,Bar,+31 20 623 0466 ,,4.1,905,,"Lijnbaansgracht 271, 1017 RL Amsterdam, Netherlands "
Le Patron,Pub,+31 20 774 0788 ,,4.3,455,,"Vijzelgracht 63, 1017 HP Amsterdam, Netherlands "
Café Eddy Bar,Bar,+31 6 19423000 ,https://www.facebook.com/Eddy-Bar-115150835240334/,4.5,444,,"Gerard Doustraat 58, 1072 VV Amsterdam, Netherlands "
Louis,Pub,+31 20 303 2451 ,http://www.louis-amsterdam.nl/,4.5,1117,,"Centrum, Singel 43, 1012 VC Amsterdam, Netherlands "
Bar Shaffy,Bar,+31 20 233 3118 ,https://www.barshaffy.nl/,4.8,343,,"Nieuwe Vijzelstraat 1, 1017 HT Amsterdam, Netherlands "
Café Karpershoek,Pub,+31 20 331 1427 ,https://cafekarpershoek.nl/,4.0,1340,,"Martelaarsgracht 2, 1012 TM Amsterdam, Netherlands "
Bar Strangelove,Bar,+31 20 616 9994 ,https://www.lab111.nl/strangelove/,4.5,191,,"Arie Biemondstraat 111, 1054 PD Amsterdam, Netherlands "
Café Bax,Cafe,+31 20 612 2343 ,http://www.cafebax.nl/,4.3,465,,"Ten Katestraat 119, 1053 CC Amsterdam, Netherlands "
Morebeer,Bar,+31 6 53812807 ,http://morebeertour.nl/,4.7,3,,"Herengracht 90, 1015 BS Amsterdam, Netherlands "
Walhalla Brewery & Taproom,Bar,+31 6 11391675 ,http://walhallacraftbeer.nl/,4.8,363,,"Asterweg 2, 1031 HN Amsterdam, Netherlands "
Brouwerij en Proeflokaal Breugem,Restaurant,+31 20 215 3400 ,http://www.breugemmeetingpoint.nl/,4.4,868,,"Nieuwe Hemweg 2, 1013 BG Amsterdam, Netherlands "
Oslo Beers,Restaurant,+31 20 669 9663 ,https://www.oslobeers.nl/,4.2,1095,,"Sloterkade 1a, 1058 HD Amsterdam, Netherlands "
Hoofdkantoor Lowlander,Restaurant,+31 20 752 9726 ,http://www.lowlander.nl/,4.3,44,,"near the waterfront, Gedempt Hamerkanaal 201, 1021 KP Amsterdam, Netherlands "
De Eeuwige Jeugd,Bar,+31 20 235 7171 ,https://www.cafe-dejeugd.nl/,4.4,271,,"Linnaeusstraat 37A, 1093 EG Amsterdam, Netherlands "
House of Bird Diemerbos,Restaurant,+31 20 214 6555 ,https://www.houseofbird.nl/,4.3,1262,,"Diemerbospad 1a, 1111 PZ Diemen, Netherlands "
Wispe Brewery,Restaurant,+31 294 785 587 ,https://wispe.nl/,4.2,374,,"Herengracht 16, 1382 AE Weesp, Netherlands "
Market 27,Food court,+31 6 13733327 ,https://market27.nl/,4.4,282,,"Termini 27, 1025 XM Amsterdam, Netherlands "
Osspot,Food court,+31 20 341 8181 ,,4.6,147,,"Osdorpplein 692, 1068 TC Amsterdam, Netherlands "
Grand café 't plein,Restaurant,+31 20 771 9379 ,http://www.grandcafetplein.nl/,4.3,273,,"Buikslotermeerplein 537, 1025 XH Amsterdam, Netherlands "
Warung Noord,Restaurant,+31 6 43297678 ,http://www.warungnoord.nl/,3.6,203,,"Johan van Hasseltweg 46, 1022 WV Amsterdam, Netherlands "
Brasserie Blazer,Restaurant,+31 20 620 9690 ,https://brasserieblazer.nl/,4.4,774,,"Lijnbaansgracht 190, 1016 XA Amsterdam, Netherlands "
Festina Lente,Cafe,+31 6 81631532 ,http://www.cafefestinalente.nl/,4.4,682,,"Looiersgracht 40B, 1016 VL Amsterdam, Netherlands "
Restaurant Palladio,Restaurant,+31 20 627 7442 ,http://www.restaurantpalladio.nl/,4.1,312,,"Elandsgracht 64, 1016 TX Amsterdam, Netherlands "
Bar Brandstof,Diner,+31 20 422 0813 ,,4.3,737,,"Marnixstraat 357, 1016 TD Amsterdam, Netherlands "
Pastaria,Restaurant,+31 20 778 4943 ,http://www.pastaria.nl/,4.4,148,,"Westerstraat 132, 1015 MP Amsterdam, Netherlands "
Cartagena Restaurant Bar,Colombian restaurant,+31 6 27476740 ,http://www.restaurantcartagena.nl/,4.5,198,,"Kinkerstraat 230, 1053 EN Amsterdam, Netherlands "
Bakkie & Broodje,Brunch restaurant,+31 6 38396938 ,,5.0,12,,"Mercatorplein 24HS, 1057 CC Amsterdam, Netherlands "
Vanni,Restaurant,+31 20 358 3745 ,https://vanni-adam.nl/,4.5,69,,"Dapperplein 9, 1093 GN Amsterdam, Netherlands "
"Egyptische Grillroom ""IRIS""",Fast food restaurant,+31 6 19081071 ,,3.8,61,,"Czaar Peterstraat 1, 1018 NW Amsterdam, Netherlands "
The Hattie Company,Restaurant,+31 6 39663757 ,https://holbusi.org/details/the-hattie-company-ChIJwf3,,,,"Sumatrastraat 60, 1094 NG Amsterdam, Netherlands "
Rivièra,Diner,+31 20 664 4367 ,http://www.caferiviera.nl/,4.6,412,,"Rijnstraat 11, 1078 PT Amsterdam, Netherlands "
Resto vanHarte,Family restaurant,+31 900 9003030 ,https://www.restovanharte.nl/locaties/amsterdam,4.8,12,,"Oranje-Vrijstaatplein 2, 1093 NG Amsterdam, Netherlands "
Café Gambrinus,Restaurant,+31 20 671 7389 ,http://www.gambrinus.nl/,4.4,536,,"Ferdinand Bolstraat 180, 1072 LV Amsterdam, Netherlands "
Little Chinatown,Restaurant,+31 20 400 1726 ,http://www.littlechinatown.nl/,3.9,520,,"Bijlmerplein 992, 1102 MK Amsterdam, Netherlands "
Lucky King en Hong,Restaurant,+31 20 365 2738 ,http://www.luckykingenhong.nl/,4.2,453,,"Bijlmerplein 518, 1102 DP Amsterdam, Netherlands "
Café Baco,Bar,+31 20 363 2668 ,http://www.cafebaco.nl/,4.5,246,,"De Passage 118, 1101 AX Amsterdam, Netherlands "
Grolsch Pub,Cafe,+31 20 365 1159 ,https://m.facebook.com/Caf%C3%A9-Grolsch-Pub-217015121654770/?locale2=nl_NL,4.1,143,,"Johan Cruijff Boulevard 77, 1101 DZ Amsterdam, Netherlands "
Champions Lounge Johan Cruyff ArenA,Lounge,+31 20 311 1555 ,http://www.championslounge.nl/,4.3,41,,"Johan Cruijff Boulevard 1, 1101 AX Amsterdam, Netherlands "
Gunay Burger,Restaurant,+31 20 354 1620 ,,4.2,168,,"Harriët Freezerstraat 102, 1103 JZ Amsterdam, Netherlands "
Boston Catering,Restaurant,+31 20 600 3372 ,,4.4,171,,"Agatha Christiesingel 24, 1102 WK Amsterdam, Netherlands "
La liya,Restaurant,+31 20 221 2675 ,,4.5,13,,"Karspeldreef 1231, 1104 SE Amsterdam, Netherlands "
Sushi Daily,Sushi takeaway,+31 88 659 2236 ,https://sushidaily.com/,,,,"Johan Cruijff Boulevard 77, 1101 DL Amsterdam, Netherlands "
Wereldrestaurant A2,Buffet restaurant,+31 20 723 1940 ,https://a2wereldrestaurant.com/,4.2,1763,,"Sijsjesbergweg 16, 1105 AL Amsterdam, Netherlands "
Fish & Chicken Corner,Chicken restaurant,+31 6 28361933 ,,4.2,170,,"Winkelcentrum de kameleon, Kruitbergstraat 1, 1104 BB Amsterdam, Netherlands "
Grandcafé Holendrecht,Restaurant,+31 20 786 4587 ,,4.9,19,,"Holendrechtplein 30, 1106 LP Amsterdam, Netherlands "
"Ernos Holendrecht🌰🥪.,",Snack bar,+31 20 705 2322 ,,4.9,220,,"Holendrechtplein 29, 1106 LP Amsterdam, Netherlands "
Altijd Lekker Amsterdam (Always Tasty),Surinamese restaurant,+31 20 363 7188 ,,4.2,134,,"Reigersbos 186, 1107 ES Amsterdam, Netherlands "
Amore Mio restaurant,Pizza restaurant,+31 20 691 9533 ,https://www.amoremiozuidoost.nl/,3.0,267,,"Holendrechtplein 28, 1106 LP Amsterdam-Zuidoost, Netherlands "
Lucky Garden,Chinese restaurant,+31 20 697 7234 ,https://luckygarden.nl/,4.2,582,,"Snellerwaardgracht 7, 1107 EX Amsterdam, Netherlands "
Yemayá’s Vegan Corner,Restaurant,+31 6 87618106 ,https://yemaya.estate/,4.8,304,,"Reigersbos 3A, 1106 AP Amsterdam, Netherlands "
McDonald's,Hamburger restaurant,+31 20 697 1062 ,https://mcdonaldsrestaurant.nl/amsterdam-muntbergweg,3.8,4655,,"Muntbergweg 16-18, 1101 ED Amsterdam, Netherlands "
SKY Restaurant Pi Amsterdam,Restaurant,+31 20 311 3670 ,https://www.skyrestaurantpi.nl/nl/?utm_campaign=skyrestaurantpi_business-listening-maps&utm_medium=organic&utm_source=google-mijn-bedrijf,3.7,457,,"Schepenbergweg 50, 1105 AT Amsterdam, Netherlands "
Snackbar Holendrecht,Fast food restaurant,+31 6 86470938 ,https://snackbar-holendrecht.nl/,3.8,104,,"Holendrechtplein 32, 1106 LP Amsterdam, Netherlands "
China Town,Chinese restaurant,+31 20 696 1290 ,https://www.020chinatown.nl/,3.4,119,,"Holendrechtplein 9, 1106 LN Amsterdam, Netherlands "
Grand-Cafe ZO,Restaurant,+31 20 697 2535 ,http://www.grandcafezo.nl/,3.9,292,,"Paasheuvelweg 26, 1105 BJ Amsterdam, Netherlands "
Tadka Indian Kitchen Amsterdam,Indian restaurant,+31 6 42982524 ,http://www.tadka.nl/,3.9,122,,"Reigersbos 141, 1107 EW Amsterdam, Netherlands "
mixed kitchen 020,Restaurant,+31 20 244 5737 ,https://www.mixedkitchen020.nl/,4.2,117,,"H ingang terras zijde tegenover, paasheuvelweg 34, Paasheuvelweg 25, 1105 BJ Amsterdam, Netherlands "
Parkhof 37,Restaurant,+31 20 435 6300 ,https://nlmapway.org/details/parkhof-37-ChIJdbQ,4.4,5,,"Parkhof 100, 1106 TA Amsterdam, Netherlands "
Roti House,Surinamese restaurant,+31 20 363 2284 ,https://rotihouse.sitedish.shop/,3.8,106,,"Holendrechtplein 31b, 1106 LN Amsterdam, Netherlands "
Restaurant Campanile Amsterdam Zuidoost,French restaurant,+31 20 696 1129 ,http://www.campanile-amsterdam-zuidoost.nl/#tabs-restaurant/?utm_source=google&utm_medium=maps&utm_content=NLD4&utm_campaign=Campanile,4.2,13,,"Loosdrechtdreef 3, 1108 AX Amsterdam, Netherlands "
Etnea,Pizza restaurant,+31 20 305 3380 ,https://etneapizzeria.nl/,4.8,353,,"Paasbergpad 1, 1105 AH Amsterdam, Netherlands "
Brasserie De Hoge Dijk,Brasserie,+31 294 284 281 ,https://www.dehogedijk.nl/,3.9,164,,"Abcouderstraatweg 46, 1105 AA Amsterdam, Netherlands "
Afandina,Fast food restaurant,+31 20 341 7751 ,,4.0,11,,"Reigersbos 32, 1106 AS Amsterdam, Netherlands "
New Fook Long,Restaurant,+31 20 600 4128 ,,4.2,148,,"Agatha Christiesingel 20, 1102 WK Amsterdam, Netherlands "
Villa Break,Restaurant,+31 20 409 5050 ,https://www.villabreak.nl/,4.6,193,,"Johan Cruijff Boulevard 40, 1101 BH Amsterdam, Netherlands "
KFC,Fast food restaurant,+31 20 452 9304 ,http://www.kfc.nl/,3.7,5320,,"Tafelbergweg 2B, 1105 BN Amsterdam, Netherlands "
Rednek's,Restaurant,+31 6 85526795 ,,,,,"Holendrechtplein 30, 1106 LP Amsterdam, Netherlands "
IM'S Food Truck,Restaurant,+31 6 24132758 ,,5.0,55,,"Pietersbergweg 283, 1105 BM Amsterdam, Netherlands "
IKEA Restaurant Amsterdam,Swedish restaurant,+31 50 711 1267 ,https://www.ikea.com/nl/nl/stores/amsterdam/,3.6,127,,"Hullenbergweg 2, 1101 BL Amsterdam, Netherlands "
Annie's place,Takeout Restaurant,+31 20 341 3317 ,https://nlcompanies.org/details/annies-place-ChIJmZL,4.0,144,,"Agatha Christiesingel 28, 1102 WK Amsterdam, Netherlands "
Döner & Zo...,Fast food restaurant,+31 20 341 7751 ,https://nlcompanies.org/details/dner-zo-ChIJJ9i,3.9,45,,"Reigersbos 32, 1106 AS Amsterdam, Netherlands "
Zones Amsterdam,Lunch restaurant,+31 182 622 744 ,,4.4,7,,"Laarderhoogtweg 25, 1101 EB Amsterdam, Netherlands "
New York Pizza,Pizza delivery,+31 20 409 0011 ,https://www.newyorkpizza.nl/?store=26&utm_medium=organic&utm_source=GMBlisting,3.4,114,,"Metrostation, Reigersbos, 1106 AS Amsterdam, Netherlands "
Orange Heart Coffee,Cafe,+31 6 14667686 ,http://orangeheartcoffee.metro.rest/,4.9,76,,"Tafelbergweg 51, 1105 BD Amsterdam, Netherlands "
VegaSoulfood,Vegan restaurant,+31 6 29537939 ,,3.0,2,,"Remmerdenplein 100, 1106 AK Amsterdam, Netherlands "
Kon esi Baka,Restaurant,+31 20 365 9087 ,https://www.konesibaka.nl/,4.0,279,,"Renooiplein 60, 1107 ES Amsterdam, Netherlands "
Cafetaria Reigersbos,Snack bar,+31 20 752 9672 ,,,,,"Reigersbos 102B, 1107 ES Amsterdam, Netherlands "
OBA Reigersbos,Public library,+31 20 523 0900 ,http://www.oba.nl/reigersbos,4.1,36,,"Rossumplein 1, 1106 AR Amsterdam, Netherlands "
Ali snacks,Fast food restaurant,+31 6 85862080 ,https://nlcompanies.org/details/ali-snacks-ChIJBT_,4.9,19,,"Gein Noord, 1107 KB Abcoude, Netherlands "
Margherita Tutta La Vita,Pizza restaurant,+31 20 561 8176 ,https://www.margheritapizza.nl/,4.6,1929,,"Dalsteindreef 2040, 1112 XC Diemen, Netherlands "
Walee,Sandwich shop,+31 20 402 0390 ,,4.4,157,,"Albert Camuslaan 109, 1102 WG Amsterdam, Netherlands "
Shanta's Roti's Afhaalcenter,Indian takeaway,+31 20 368 1843 ,https://nlcompanies.org/details/shantas-rotis-afhaalcenter-ChIJmZL,3.1,103,,"Agatha Christiesingel 30, 1102 WK Amsterdam, Netherlands "
Snackbar Ernos,Fast food restaurant,+31 20 695 3637 ,,4.4,329,,"Agatha Christiesingel 129, 1102 VW Amsterdam-Zuidoost, Netherlands "
Smeltkroes ZuidOost,Surinamese restaurant,+31 20 495 2076 ,http://www.smeltkroeszo.nl/,3.6,787,,"Bijlmerdreef 1315, 1103 TV Amsterdam-Zuidoost, Netherlands "
Lola's,Restaurant,+31 20 700 8891 ,http://www.lola-s.nl/,4.5,411,,"Herman Broodhof 103, 1112ZG Diemen, Netherlands "
Pannenkoekerij Gansi,Family restaurant,+31 6 19423062 ,https://www.instagram.com/pannenkoekerij_gansi/,4.8,15,,"Geldershoofd 79, 1103 BG Amsterdam, Netherlands "
Porto Pescara,Pizza restaurant,+31 6 86283820 ,https://portopescara.sitedish.shop/,3.6,182,,"Kruidenhof 8, 1112 PS Diemen, Netherlands "
Otra Más Brasserie,Brasserie,+31 20 221 0921 ,https://otramas.metro.rest/,4.0,320,,"Hartveldseweg 26, 1111 BG Diemen, Netherlands "
Nederlands Restaurant Het Wapen van Diemen,Dutch restaurant,+31 20 695 0855 ,http://www.hetwapenvandiemen.nl/,4.2,431,,"Ouderkerkerlaan 8, 1112 BE Diemen, Netherlands "
Le Bistro,Restaurant,+31 20 773 2908 ,https://www.lebistrodiemen.nl/,4.6,173,,"Muiderstraatweg 55, 1111 PT Diemen, Netherlands "
Grand Café Cheers,Restaurant,+31 20 233 3150 ,http://www.cheers-diemen.nl/,4.2,570,,"Diemerplein 194, 1111 JD Diemen, Netherlands "
Restaurant Judo,Asian restaurant,+31 20 600 2536 ,https://www.restaurantjudo.com/,4.1,659,,"Pr. Beatrixlaan 5, 1111 EX Diemen, Netherlands "
Japans Restaurant Hachi,Japanese restaurant,+31 20 416 6158 ,https://hachi-diemen.nl/,4.3,487,,"Muiderstraatweg 6, 1111 PS Diemen, Netherlands "
Louffee Coffee,Cafe,+31 6 25157497 ,http://www.louffee.com/,4.8,379,,"Dalsteindreef 2037, 1112 XC Diemen, Netherlands "
Greetbana,Bakery,+31 6 36111554 ,https://www.greetbana.nl/,5.0,46,,"Dostojevskisingel 19, 1102 XJ Amsterdam, Netherlands "
BUITEN | Café & Restaurant,Restaurant,+31 20 341 3437 ,https://www.buiten-amsterdam.nl/,4.4,171,,"Th.J. Lammerslaan 3, 1064 DH Amsterdam, Netherlands "
Vis Mediteranee West,Fish restaurant,+31 20 411 1294 ,https://nlcompanies.org/details/vis-mediteranee-west-ChIJc6j,4.4,101,,"Burgemeester van Leeuwenlaan 31, 1064 KJ Amsterdam, Netherlands "
Bar Content,Pub,+31 6 41544161 ,http://www.bar-content.nl/,4.5,240,,"Slotermeerlaan 75, 1064 HA Amsterdam, Netherlands "
Raja's broti's corner,Sandwich shop,+31 6 17732377 ,,4.8,36,,"Plein '40-'45 11a, 1063 KR Amsterdam, Netherlands "
Eetcafé Riad,Restaurant,+31 20 358 5043 ,https://www.eetcaferiad.com/,4.2,324,,"Burgemeester van Leeuwenlaan 13, 1064 LL Amsterdam, Netherlands "
New York Pizza,Pizza delivery,+31 20 447 0770 ,https://www.newyorkpizza.nl/?utm_medium=organic&utm_source=GMBlisting,3.4,196,,"Burgemeester van Leeuwenlaan 67-69, 1064 KL Amsterdam, Netherlands "
De Rotonde Kebab,Lunch restaurant,+31 20 611 3029 ,http://www.derotondekebab.nl/,3.9,322,,"Slotermeerlaan 3, 1064 GX Amsterdam, Netherlands "
Steakhouse Pizzeria Slotermeer,Pizza restaurant,+31 20 611 9261 ,https://www.steakhousepizzeriaslotermeer.nl/,3.7,151,,"Burgemeester van Leeuwenlaan 34H, 1064 KT Amsterdam, Netherlands "
Kiosk West Restaurant (Amsterdam),Restaurant,+31 6 33444462 ,http://www.kioskwest.nl/,4.4,17,,"Ruys de Beerenbrouckstraat 3, 1067 BL Amsterdam, Netherlands "
Brasserie 't Siertje,Restaurant,+31 20 617 6271 ,https://brasserietsiertje.nl/,4.1,201,,"Sierplein 2, 1065 LM Amsterdam, Netherlands "
Manhattan Food & Drinks,Restaurant,+31 20 223 9900 ,http://www.manhattanfood020.nl/,4.9,65,,"Pieter Calandlaan 11, 1065 KH Amsterdam, Netherlands "
De Valentino's Lelylaan,Restaurant,+31 20 614 1120 ,http://devalentinos.com/,4.6,215,,"Pieter Calandlaan 13, 1065 KH Amsterdam, Netherlands "
Pronk Culinair,Sandwich shop,+31 20 615 9755 ,https://pronkculinair.nl/,4.9,44,,"Pieter Calandlaan 75, 1065 KK Amsterdam, Netherlands "
Broodjeszaak Oguz,Restaurant,+31 20 785 0144 ,,4.8,53,,"Johan Huizingalaan 81, 1065 XE Amsterdam, Netherlands "
Amsterdam Argana,Restaurant,+31 6 26090026 ,,4.0,25,,"Johan Huizingalaan 108, 1065 JE Amsterdam, Netherlands "
Friet van Huizinga,Snack bar,+31 6 19344549 ,http://www.frietvanhuizinga.nl/,4.6,39,,"Johan Huizingalaan 174A, 1065 JH Amsterdam, Netherlands "
Boem Boem Chicken,Takeout Restaurant,+31 20 705 8789 ,http://www.boemboemchicken.nl/,4.7,193,,"Sierplein 82, 1065 LN Amsterdam, Netherlands "
Paris Broodjeszaak B.V.,Lunch restaurant,+31 20 785 9931 ,,4.3,68,,"Comeniusstraat 281, 1065 BR Amsterdam, Netherlands "
Resto vanHarte Amsterdam (Calvijn College),Family restaurant,+31 900 9003030 ,https://www.restovanharte.nl/locaties/amsterdam,4.7,15,,"Pieter Calandlaan 3, 1069 KW Amsterdam, Netherlands "
Eethuis sierplein,Restaurant,+31 20 304 4984 ,,3.4,127,,"Sierplein 49, 1065 LN Amsterdam, Netherlands "
Arabisca,Restaurant,+31 20 370 4892 ,https://www.arabisca-amsterdam.nl/contact,3.0,2,,"Johan Huizingalaan 87, 1065 XE Amsterdam, Netherlands "
Snack 88,Restaurant,+31 20 610 1399 ,https://www.snack88.nl/,4.3,356,,"Pieter Calandlaan 88, 1068 NP Amsterdam, Netherlands "
Pasha Lounge,Restaurant,+31 6 84709838 ,https://www.pasharestaurant.nl/,4.1,139,,"Pieter Calandlaan 83, 1068 NP Amsterdam, Netherlands "
Café Casa Sofia,Cafe,+31 6 10500545 ,https://www.casasofia.nl/,5.0,1,,"Louis Bouwmeesterstraat 265, 1065 NP Amsterdam, Netherlands "
Burger House,Hamburger restaurant,+31 20 337 7247 ,https://www.burger-house.nl/,3.2,269,,"Johan Huizingalaan 104, 1065 JE Amsterdam, Netherlands "
Ouss Ribs&More,Delivery Restaurant,+31 6 83238087 ,http://www.oussribsandmore.nl/,4.8,26,,"Cornelis van Alkemadestraat 69, 1065 AB Amsterdam, Netherlands "
Broodjeszaak Polat,Kebab shop,+31 20 388 0049 ,,4.4,71,,"Pieter Calandlaan 73, 1065 KK Amsterdam, Netherlands "
Café De Rooseboom,Bar,+31 20 615 6503 ,http://www.cafederooseboom.com/,4.6,173,,"Jacques Veltmanstraat 56, 1065 EM Amsterdam, Netherlands "
Restaurant Vermaat (Hospital Restaurant),Restaurant,+31 20 614 2670 ,http://www.vermaatgroep.nl/,3.4,69,,"Plesmanlaan 121, 1066 CX Amsterdam, Netherlands "
Dr. Chicken Amsterdam,Chicken wings restaurant,+31 20 363 9526 ,https://drchicken.nl/,3.8,165,,"Cornelis van Alkemadestraat 67, 1065 AB Amsterdam, Netherlands "
Zeytin Eethuis Amsterdam,Diner,+31 6 41476146 ,,3.7,6,,"Jacob Geelstraat 46, 1065 VT Amsterdam, Netherlands "
I Love Sushi Amsterdam Slotervaart werk,Sushi restaurant,+31 6 30041270 ,https://amsterdam-slotervaart.ilovesushi.nl/,3.3,60,,"Sierplein 50, 1065 LL Amsterdam, Netherlands "
The Coffeebrand,Lunch restaurant,+31 20 233 0607 ,http://www.thecoffeebrand.com/,4.2,227,,"Hoofddorpplein 16, 1058 PD Amsterdam, Netherlands "
Beller Bedrogen Bistro,Restaurant,+31 85 080 6140 ,,,,,"Henri Dunantstraat 10 - 12, 1066 AX Amsterdam, Netherlands "
Cafe amore,Bar,+31 20 617 7864 ,,4.3,85,,"Johan Huizingalaan 88, 1065 JD Amsterdam, Netherlands "
Pasha Lounge,Lounge,+31 6 34117088 ,,3.9,10,,"Pieter Calandlaan 85, 1065 KK Amsterdam, Netherlands "
Café Osdorp,Cafe,+31 20 619 1763 ,https://www.koffiebar-osdorp.nl/,4.3,63,,"Pieter Calandlaan 329, 1068 NH Amsterdam, Netherlands "
Spare Rib Express Amsterdam West,Delivery Restaurant,+31 20 668 0802 ,https://www.spareribexpress.com/bestellen?localization,3.3,82,,"37R, Ottho Heldringstraat 37P, 1066 XT Amsterdam, Netherlands "
HFC2GO Halal Fried Chicken,Fast food restaurant,+31 6 86386465 ,,2.6,43,,"Pieter Calandlaan 25, 1065 KH Amsterdam, Netherlands "
Little India,Indian grocery store,+31 20 358 6144 ,https://littleindiaeurope.nl/,4.4,934,,"Johan Huizingalaan 179, 1065 JA Amsterdam, Netherlands "
broodjeszaak alvi,Sandwich shop,+31 20 669 5994 ,http://www.broodjeszaakalvi-amsterdam.nl/contact,,,,"Johan Huizingalaan 174A, 1065 JH Amsterdam, Netherlands "
Bikano India Bazaar,Indian grocery store,+31 20 614 2676 ,http://indiabazaaramsterdam.nl/,4.3,641,,"Johan Huizingalaan 190, 1065 JJ Amsterdam, Netherlands "
Tajine de maroc,Restaurant,+31 6 18266013 ,https://nlviewmap.org/details/tajine-de-maroc-ChIJI8L,4.7,25,,"Jan Rebelstraat 14-G, 1069 CC Amsterdam, Netherlands "
Cookies&Waffles,Restaurant,+31 20 786 4241 ,http://www.jacksandwaffles.nl/,4.0,540,,"Osdorper Ban 106, 1068 CC Amsterdam, Netherlands "
Eazie Amsterdam Osdorp | Asian Wok - Poké bowl - Bites and Drinks,Health food restaurant,+31 20 218 4334 ,http://www.eazie.nl/,3.5,221,,"Osdorpplein 501, 1068 TA Amsterdam, Netherlands "
Lunchroom Amira,Lunch restaurant,+31 20 786 3464 ,,5.0,2,,"Tussen Meer 333, 1069 DR Amsterdam, Netherlands "
Pizza'dam Osdorp,Restaurant,+31 20 239 0622 ,http://www.pizzadam.nl/,4.7,516,,"Pieter Calandlaan 148, 1068 NR Amsterdam, Netherlands "
Umami Bowls & Sushi,Sushi takeaway,+31 6 14709264 ,http://www.umamibowls.nl/,4.7,126,,"Jan Rebelstraat 14 C, 1069 CC Amsterdam, Netherlands "
Burger 'n Shake Osdorp,Diner,+31 20 802 0080 ,https://bestel.burgernshake.nl/burgers-bestellen-osdorp/menu,4.2,250,,"Osdorpplein 47, 1068 TC Amsterdam, Netherlands "
Surinaams Eethuis Rose,Restaurant,+31 20 358 6038 ,https://nlcompanies.org/details/surinaams-eethuis-rose-ChIJOyQ,3.8,149,,"Osdorpplein 693-694, 1068 EK Amsterdam, Netherlands "
I Love Tantuni,Restaurant,+31 20 737 1143 ,https://www.i-love-tantuni.nl/,4.6,88,,"Pieter Calandlaan 144, 1068 NR Amsterdam, Netherlands "
McDonald's Osdorp,Hamburger restaurant,+31 20 367 0924 ,https://mcdonaldsrestaurant.nl/amsterdam-osdorp-drive,3.7,2988,,"Fogostraat 8, 1060 LJ Amsterdam, Netherlands "
Pizzeria Osdorp,Pizza restaurant,+31 20 610 3847 ,https://osdorp.pizzeriaosdorp.nl/,4.0,460,,"Tussen Meer 282A, 1069 DM Amsterdam, Netherlands "
elmo's Osdorp,Lunch restaurant,+31 6 23241572 ,http://www.elmoscoffee.nl/,3.7,67,,"Pieter Calandlaan 228H, 1069 KJ Amsterdam, Netherlands "
Il Delfino Blu,Restaurant,+31 20 610 4460 ,https://www.ildelfinoblu.nl/,3.3,304,,"Pieter Calandlaan 228K, 1069 KJ Amsterdam, Netherlands "
FEBO Amsterdam - Osdorpplein,Fast food restaurant,+31 20 303 3894 ,https://www.febo.nl/,4.0,228,,"Osdorpplein 501A, 1068 TA Amsterdam, Netherlands "
Het tuinterras,Lunch restaurant,+31 20 667 6080 ,https://nlcompanies.org/details/het-tuinterras-ChIJ-z5,3.9,30,,"Osdorperweg 247, 1069 LL Amsterdam, Netherlands "
Lunchroom Plaza Primo,Restaurant,+31 20 751 1237 ,http://www.plaza-primo.nl/,4.3,78,,"Dijkgraafplein 30, 1069 EW Amsterdam, Netherlands "
Eetcafé Tetouan,Diner,+31 6 34110095 ,https://nlcompanies.org/details/eetcaf-tetouan-ChIJm1Z,4.5,28,,"Dijkgraafplein 191, 1069 EN Amsterdam, Netherlands "
Blanche,Lunch restaurant,+31 20 358 5394 ,https://cafe-blanche.nl/,3.8,89,,"Osdorper Ban 110, 1068 MK Amsterdam, Netherlands "
Turks Restaurant Eethuis Cesme,Turkish restaurant,+31 20 362 6560 ,,4.4,19,,"Osdorper Ban 40, 1068 MH Amsterdam, Netherlands "
Döner Room,Diner,+31 20 785 1425 ,https://donerroom.nl/,3.9,390,,"Tussen Meer 375C, 1069 DR Amsterdam, Netherlands "
Smash Brothers Amsterdam,Restaurant,+31 20 782 0278 ,https://smashbrothers.nl/,5.0,9,,"Osdorperweg 518T, 1067 SX Amsterdam, Netherlands "
New York Pizza,Pizza delivery,+31 20 408 3993 ,https://www.newyorkpizza.nl/?store=13&utm_medium=organic&utm_source=GMBlisting,3.2,160,,"Pieter Calandlaan 347-349, 1068 NH Amsterdam, Netherlands "
Chef De Haan,Pizza restaurant,+31 20 705 9966 ,,3.7,3,,"Tussen Meer 73, 1068 EZ Amsterdam, Netherlands "
Playa Sende,Seafood restaurant,+31 20 786 3443 ,https://www.playasende.nl/,3.8,154,,"Osdorper Ban 88, 1068 MJ Amsterdam, Netherlands "
Massimo's,Delivery Restaurant,+31 20 362 7183 ,,5.0,1,,"Brisselkerkstraat 16, 1069 ZP Amsterdam, Netherlands "
Burgerlicious,Hamburger restaurant,+31 20 751 1738 ,,4.0,12,,"Jan Rebelstraat 14A, 1069 CC Amsterdam, Netherlands "
Wamo’s Kitchen,Restaurant,+31 20 239 1036 ,https://www.wamoskitchen.nl/,4.0,60,,"Pieter Calandlaan 146, 1068 NR Amsterdam, Netherlands "
Restaurant CE,Syrian restaurant,+31 20 785 6757 ,https://m.facebook.com/pages/category/Restaurant/Restaurant-CE-Adam-Osdorp-108676034245345/,,,,"Tussen Meer 71, 1068 EZ Amsterdam, Netherlands "
Bun 'n Burger,Takeout Restaurant,+31 20 210 1556 ,https://www.bunnburger.nl/,4.2,222,,"Jan Rebelstraat 14B, 1069 CC Amsterdam, Netherlands "
Sweets House,Restaurant,+31 20 341 2139 ,,5.0,1,,"Jan Rebelstraat 14g, 1069 CC Amsterdam, Netherlands "
Frietzza’s,Restaurant,+31 20 324 2131 ,https://www.frietzzas.nl/,3.7,18,,"Tussen Meer 73, 1068 EZ Amsterdam, Netherlands "
Afhaal Centrum Valentino 3,Restaurant,+31 20 785 0522 ,https://www.devalentinos.com/lunch-bestellen-amsterdam-west-jan-rebelstraat/menu,3.9,47,,"Jan Rebelstraat 14H, 1069 CB Amsterdam, Netherlands "
McDonald's,Hamburger restaurant,+31 20 610 9067 ,https://mcdonaldsrestaurant.nl/winkelcentrum-osdorpplein-amsterdam,3.5,1117,,"Osdorpplein 126, 1068 EN Amsterdam, Netherlands "
KFC,Chicken restaurant,+31 20 723 3636 ,http://www.kfc.nl/,3.4,1861,,"Zuidermolenweg 27, 1069 CE Amsterdam, Netherlands "
Snackbar Van Vliet,Fast food restaurant,+31 20 619 0321 ,https://www.facebook.com/Snackbar-van-Vliet-Osdorp-190596230965714,4.2,388,,"Osdorper Ban 44, 1068 MH Amsterdam, Netherlands "
Taco's & Burgers,Restaurant,+31 20 358 3523 ,https://nlnavii.org/details/tacos-burgers-ChIJQfV,3.9,84,,"Dijkgraafplein 26, 1069 EW Amsterdam, Netherlands "
Noodle House,Restaurant,+31 20 341 2139 ,https://www.noodle-house.nl/,3.8,25,,"Jan Rebelstraat 14G, 1069 CC Amsterdam, Netherlands "
Il caso,Pizza restaurant,+31 20 619 3224 ,,3.9,14,,"Dijkgraafplein 24, 1069 EW Amsterdam, Netherlands "
Dim Sum Osdorp,Chinese restaurant,+31 20 700 9848 ,,3.8,53,,"Fogostraat 10, 1060 LJ Amsterdam, Netherlands "
Saigón Wok & Poké,Thai restaurant,+31 20 785 0812 ,https://www.saigon-wokpoke.nl/,4.4,59,,"Pieter Calandlaan 140, 1068 NR Amsterdam, Netherlands "
Wilde Chefs,Restaurant,+31 20 638 5908 ,https://www.thebeach.nu/nl/page/6943/wilde-chefs,4.0,1,,"Notweg 38K, 1068 LL Amsterdam, Netherlands "
Burgers 'N Ribs,Hamburger restaurant,+31 20 669 0903 ,http://www.burgersnribs.nl/,3.8,224,,"Pieter Calandlaan 142, 1068 NR Amsterdam, Netherlands "
Yasami Wok West,Restaurant,+31 20 337 5376 ,https://yasami.nl/,3.5,154,,"Dijkgraafplein 28, 1069 EW Amsterdam, Netherlands "
Restaurant chez-moussa,Restaurant,+31 6 28541381 ,,3.5,2,,"Meer en Vaart 195, 1068 LA Amsterdam, Netherlands "
Foodiez A’DAM,Restaurant,+31 20 786 8953 ,https://www.foodiez020.nl/,3.2,11,,"Adingerdorphof 33, 1069 ZP Amsterdam, Netherlands "
Sushi Daily,Sushi takeaway,+31 20 619 3944 ,https://sushidaily.com/nl-nl,4.0,4,,"Osdorpplein 469, 1068 SZ Amsterdam, Netherlands "
Mamma Rosa,Italian restaurant,+31 20 613 2996 ,http://www.mamma-rosa.nl/,3.9,132,,"Ruys de Beerenbrouckstraat 123, 1067 BP Amsterdam, Netherlands "
Tokyo garden,Restaurant,+31 20 362 0669 ,http://www.tokyogarden.nl/,4.3,435,,"Burgemeester Rendorpstraat 17, 1064 GC Amsterdam, Netherlands "
Broodje panini,Sandwich shop,+31 20 411 1921 ,https://nlcompanies.org/details/broodje-panini-ChIJEdI,4.6,52,,"Louis Couperusstraat 23I, 1064 BZ Amsterdam, Netherlands "
Al Madina Snack,Restaurant,+31 6 86266169 ,https://www.almadinasnack-amsterdam.nl/,4.2,196,,"29, Lodewijk van Deysselstraat, 1064 HL Amsterdam, Netherlands "
Sehzade Ocakbasi Amsterdam,Restaurant,+31 20 740 1313 ,https://www.sehzadeocakbasi.nl/,4.3,9,,"Burgemeester de Vlugtlaan 159, 1063 BK Amsterdam, Netherlands "
Espresso love,Restaurant,+31 20 363 9695 ,https://www.espressolove.nl/,4.4,141,,"Lambertus Zijlplein 29, 1067 JR Amsterdam, Netherlands "
HFC Burgemeester de Vlugtlaan,Restaurant,+31 20 233 3675 ,http://www.hfcnederland.nl/,3.7,1061,,"Burgemeester de Vlugtlaan 60-62, 1063 BR Amsterdam, Netherlands "
"Snackbar-Eethuisje ""De Noodstop""",Fast food restaurant,+31 20 613 7752 ,,4.0,102,,"Ruys de Beerenbrouckstraat 106, 1067 BZ Amsterdam, Netherlands "
Le Petit Fournil,Bakery,+31 20 223 0238 ,http://www.lepetitfournil.nl/,4.9,13,,"Lambertus Zijlplein, 1067 JR Amsterdam, Netherlands "
Patisserie en eethuis Corner,Lunch restaurant,+31 20 412 7934 ,,4.4,46,,"Burgemeester van Leeuwenlaan 36, 1064 KT Amsterdam, Netherlands "
Dell Amore Pizza,Restaurant,+31 20 614 8732 ,http://www.dellamore-amsterdam.nl/,3.8,399,,"Aalbersestraat 290, 1067 GR Amsterdam, Netherlands "
Bereket Baklava,Restaurant,+31 20 681 3732 ,http://bereketbaklava.nl/,4.1,518,,"Burgemeester de Vlugtlaan 33, 1063 BG Amsterdam, Netherlands "
DE SMULHOEK GEUZEN AMSTERDAM,Fast food restaurant,+31 20 613 2677 ,https://nlcompanies.org/details/de-smulhoek-geuzen-amsterdam-ChIJxwW,4.0,124,,"Aalbersestraat 258, 1067 GN Amsterdam, Netherlands "
Gaziantep Serif Oglu,Patisserie,+31 20 611 0328 ,http://serifoglu.nl/,4.4,321,,"Bernard Loderstraat 15, 1063 NZ Amsterdam, Netherlands "
Soesila Surinam Kitchen,Takeout Restaurant,+31 6 27897413 ,http://www.soesila.com/,5.0,2,,"Plein 40-45 ( Marktplein, 1063 KR Amsterdam, Netherlands "
Eype Snacks,Snack bar,+31 20 613 1323 ,,4.5,62,,"Burgemeester de Vlugtlaan 73, 1063 BH Amsterdam, Netherlands "
Active Fresh Food,Restaurant,+31 20 684 6121 ,http://www.winkelcentrum-plein4045.nl/winkels/goreme-actief-fresh-food/,3.8,4,,"Burgemeester de Vlugtlaan 162, 1063 MG Amsterdam, Netherlands "
Snack & Pizza To Go,Pizza Takeout,+31 20 786 4683 ,https://snackenpizzatogo.nl/,4.8,27,,"Burgemeester Rendorpstraat 5, 1064 EL Amsterdam, Netherlands "
Ankara Simit,Fast food restaurant,+31 6 18397149 ,,3.4,52,,"Lambertus Zijlplein 17A, 1067 KN Amsterdam, Netherlands "
HBC Go,Hamburger restaurant,+31 20 737 3077 ,http://hbac.nl/,3.7,201,,"Burgemeester Fockstraat 58, 1063 CV Amsterdam, Netherlands "
Salernitana Pizzeria,Pizza restaurant,+31 20 613 1130 ,https://www.salernitana-amsterdam.nl/,4.1,34,,"Van Moerkerkenstraat 65, 1064 KC Amsterdam, Netherlands "
Sanny's Place,Cafe,+31 20 613 4172 ,http://www.sannysplace.nl/,4.5,12,,"Nicolaas Ruychaverstraat 40, 1067 NH Amsterdam, Netherlands "
Café 't Ruysje,Cafe,+31 6 21454573 ,https://amsterdambusi.org/details/caf-t-ruysje-ChIJfcV,4.1,52,,"Ruys de Beerenbrouckstraat 108, 1067 BZ Amsterdam, Netherlands "
Kapsalon Express,Lunch restaurant,+31 20 331 7883 ,http://www.kapsalonexpress020.nl/,2.5,33,,"Slotermeerlaan 5, 1064 GX Amsterdam, Netherlands "
Sushi en grill restaurant Tokyo,Restaurant,+31 6 47181554 ,https://tokyogarden.nl/?ved=2ahUKEwij4eTypbaGAxUs3QIHHcMjM-4QgU96BAghEAQ,,,,"Burgemeester Rendorpstraat 17, 1064 GC Amsterdam, Netherlands "
Grillyz restaurant,Grill,+31 20 362 0669 ,http://www.grillyz.com/,2.6,15,,"Burgemeester Rendorpstraat 17, 1064 GC Amsterdam, Netherlands "
Il Sardo Avondverkoop,Pizza restaurant,+31 20 611 7848 ,http://www.pizzeriailsardo-amsterdam.nl/,3.6,47,,"De Savornin Lohmanstraat 33-35, 1064 NA Amsterdam, Netherlands "
Café Zomerlust,Cafe,+31 20 613 1276 ,https://nlcompanies.org/details/caf-zomerlust-ChIJtd5,3.9,30,,"Burgemeester de Vlugtlaan 156, 1063 BS Amsterdam, Netherlands "
Bar Baggerbeest / Club Baggerbeest,Restaurant,+31 20 308 0013 ,https://www.barbaggerbeest.nl/,4.6,134,,"Rudi van Dantzigstraat 1, 1095 PK Amsterdam, Netherlands "
Kom Habibi,Restaurant,+31 20 337 7894 ,https://nlmaphub.org/details/kom-habibi-ChIJCWP,4.3,149,,"Rie Mastenbroekstraat 1c, 1095 MJ Amsterdam, Netherlands "
Colette's Private Dining,Restaurant,+31 6 11282985 ,http://colettesprivatedining.com/,4.9,92,,"Groen van Prinstererstraat 27, 1051 EH Amsterdam, Netherlands "
Theater Restaurant 't Sluisje,Restaurant,+31 20 624 0813 ,http://www.sluisje.nl/,4.6,434,,"Torensteeg 1, 1012 TH Amsterdam, Netherlands "
Happy Italy Amsterdam,Restaurant,+31 20 262 5426 ,https://www.happyitaly.nl/nl/locaties/amsterdam/?utm_source=google&utm_medium=organic&utm_campaign=gbp-listing&utm_content=amsterdam,3.6,2891,,"Zuidelijke Wandelweg 78, 1079 RP Amsterdam, Netherlands "
Dio’s keuken,Restaurant,+31 6 27110156 ,,4.1,8,,"Rie Mastenbroekstraat 1d, 1095 MJ Amsterdam, Netherlands "
Bico,Restaurant,+31 6 13618581 ,,4.7,55,,"Carolina MacGillavrylaan 3198, 1098 XK Amsterdam, Netherlands "
Pita Chef Science Park,Restaurant,+31 6 17127511 ,https://pitachef.nl/,4.6,7,,"inside, Science Park 904, 1098 XH Amsterdam, Netherlands "
Safartas,Fast food restaurant,+31 6 22133408 ,,2.3,3,,"Science Park 637, G, 1098 XH Amsterdam, Netherlands "
Amstel Boathouse,Restaurant,+31 20 221 1505 ,http://www.amstelboathouse.nl/,4.2,1241,,"Amsteldijk 223, 1079 LK Amsterdam, Netherlands "
Café De Amstel,Diner,+31 20 679 1586 ,http://www.cafedeamstel.nl/,4.7,482,,"Amstelkade 39, 1078 AG Amsterdam, Netherlands "
Café Blooker,Bar,+31 20 694 4773 ,http://www.blooker.nl/,4.3,407,,"Amstelplein 4, 1096 BC Amsterdam, Netherlands "
Amstelhaven,Pub,+31 20 665 2672 ,http://www.amstelhaven.nl/,4.0,755,,"Op Professor Tulpplein / naast Amstelhotel, Mauritskade 1, 1091 EW Amsterdam, Netherlands "
Serre,Restaurant,+31 20 678 8300 ,https://www.okura.nl/serre,4.5,279,,"Ferdinand Bolstraat 333, 1072 LH Amsterdam, Netherlands "
Bar Restaurant Het Amstelhuis,Restaurant,+31 20 679 4080 ,http://hetamstelhuis.nl/,4.4,18,,"1074 JK Amsterdam, Netherlands "
Everything for the Lunch,Lunch restaurant,+31 20 644 8663 ,https://www.allesvoordelunch.nl/,4.6,173,,"Uiterwaardenstraat 98-HS, 1079 CE Amsterdam, Netherlands "
Renato's Spaarndammerbuurt,Italian restaurant,+31 20 225 5496 ,https://www.renatos.nl/renatos-amsterdam-spaarndammerbuurt/,4.6,358,,"Spaarndammerstraat 772, 1013 TJ Amsterdam, Netherlands "
Het Punt,Diner,+31 6 20665988 ,https://nlcompanies.org/details/het-punt-ChIJEbm,4.4,24,,"Spaarndammerstraat 792, 1013 TK Amsterdam, Netherlands "
Erol Döner,Kebab shop,+31 20 682 9827 ,http://www.eroldoner.nl/,4.5,719,,"Spaarndammerstraat 67, 1013 TA Amsterdam, Netherlands "
Cafe Heilig Leven,Bar,+31 6 19697840 ,http://www.heiligleven.nl/,4.9,94,,"Spaarndammerstraat 872, 1013 TK Amsterdam, Netherlands "
Jelle snacks - ijssalon,Dutch restaurant,+31 20 684 9078 ,https://snackbar-jelle.netlify.app/,4.2,199,,"Spaarndammerstraat 87-A, 1013 TC Amsterdam, Netherlands "
Yayang – gezonder & bijzonder,Takeout Restaurant,+31 20 337 9376 ,http://www.yayang.nl/,4.6,91,,"Spaarndammerstraat 91A, 1013 TC Amsterdam, Netherlands "
Café De Kaaiman🍺,Pub,+31 20 682 8549 ,,4.9,28,,"Spaarndammerdijk 19, 1013 ZM Amsterdam, Netherlands "
't Blaauwhooft,Diner,+31 20 623 8721 ,http://www.blaauwhooft.nl/,4.5,790,,"Hendrik Jonkerplein 1, 1013 KM Amsterdam, Netherlands "
"Snackbar ""Dave""",Fast food restaurant,+31 20 682 4014 ,,4.8,107,,"Oostzaanstraat 88, 1013 WN Amsterdam, Netherlands "
Bbrood,Bakery,+31 20 261 9619 ,http://bbrood.nl/,4.6,79,,"Spaarndammerstraat 113, 1013 TD Amsterdam, Netherlands "
PONG - Ping Pong bar,Bar,+31 6 15322080 ,http://www.pongbar.nl/,4.7,1192,,"Jan van Galenstraat 315, 1056 CB Amsterdam, Netherlands "
Johnny's Pizza,Pizza restaurant,+31 20 684 7181 ,https://www.johnnyspizzabezorgd.nl/,4.4,112,,"Spaarndammerstraat 93A, 1013 TC Amsterdam, Netherlands "
surikitchen,Restaurant,+31 20 475 1021 ,,3.9,190,,"Tweede Nassaustraat 38, 1052 BP Amsterdam, Netherlands "
Cafe Kosmos,Diner,+31 20 400 3341 ,http://www.kosmosamsterdam.nl/,4.8,141,,"De Wittenkade 190, 1051 AP Amsterdam, Netherlands "
Onze Hanny,Fast food restaurant,+31 20 684 0065 ,https://nlcompanies.org/details/onze-hanny-ChIJJ_o,4.3,225,,"Van der Hoopstraat 129, 1051 VE Amsterdam, Netherlands "
Las Marias,Restaurant,+31 20 623 3260 ,,4.4,857,,"Haarlemmerstraat 32, 1013 ER Amsterdam, Netherlands "
Café Schinkelhaven,Diner,+31 20 671 9509 ,http://www.cafeschinkelhaven.nl/,4.2,1045,,"Amstelveenseweg 126, 1075 XL Amsterdam, Netherlands "
Stadscafé van Mechelen,Gastropub,+31 6 80059921 ,https://www.stadscafevanmechelen.nl/,4.3,1398,,"Sloterkade 96/97, 1058 HK Amsterdam, Netherlands "
Gianna Homemade Pasta,Italian restaurant,+31 6 44972723 ,https://giannahomemadepasta.com/,4.8,122,,"Amstelveenseweg 164H, 1075 XN Amsterdam, Netherlands "
Foodbar 63 Graden,Restaurant,+31 20 370 5028 ,http://www.63graden.nl/,4.8,567,,"Woestduinstraat 63, 1058 TB Amsterdam, Netherlands "
Nana coffee house,Restaurant,+31 20 341 9015 ,http://www.nanacoffeehouse.com/,4.8,385,,"Hoofddorpplein 29 h, 1059 CW Amsterdam, Netherlands "
Cafe Wiesje,Restaurant,+31 6 18966145 ,https://cafewiesje.nl/,5.0,44,,"Sluisstraat 66, 1075 TA Amsterdam, Netherlands "
Lavinia Good Food,Health food restaurant,+31 6 24649499 ,http://www.laviniagoodfood.nl/,4.2,742,,"Kerkstraat 176, 1017 GT Amsterdam, Netherlands "
FEBO Amsterdam - Zeilstraat,Fast food restaurant,+31 20 235 7186 ,https://www.febo.nl/,3.8,212,,"Zeilstraat 14, 1075 AZ Amsterdam, Netherlands "
La Gondolina,Pizza restaurant,+31 20 786 0717 ,https://www.lagondelina.nl/,3.6,109,,"Karperweg 3, 1075 LA Amsterdam, Netherlands "
Restaurant 95,Restaurant,+31 6 87110748 ,http://www.restaurant95.nl/,4.0,238,,"Amstelveenseweg 152, 1075 XM Amsterdam, Netherlands "
Koeman's Belegde Broodjes,Sandwich shop,+31 20 679 9433 ,http://www.koemancatering.nl/,4.4,327,,"Amstelveenseweg 284, 1075 XW Amsterdam, Netherlands "
SoupBio,Soup restaurant,+31 6 84088206 ,,,,,"Amstelveenseweg 304, 1075 AD Amsterdam, Netherlands "
Sunny Side Crafted Food,Restaurant,+31 6 38707313 ,,4.5,133,,"Amstelveenseweg 192, 1075 XR Amsterdam, Netherlands "
HET ANDERE RESTAURANT,Restaurant,+31 6 44373420 ,,,,,"Sluisstraat 50-66, 1075 TA Amsterdam, Netherlands "
Avalon Wine and Food,Restaurant,+31 6 10130846 ,http://www.avalonwijnenspijs.nl/,4.5,15,,"Sluisstraat 56, 1075 TH Amsterdam, Netherlands "
Jack Dish,Restaurant,+31 20 223 8333 ,http://www.jackdish.nl/,4.2,631,,"Stadionplein 19, 1076 CG Amsterdam, Netherlands "
Vascobelo V-bar Stadionplein,Brasserie,+31 85 888 2765 ,https://vascobelo.com/locaties/v-bar/stadionplein/l84c15,4.3,645,,"Stadionplein 100, 1076 CK Amsterdam, Netherlands "
Burgerbar Zuid,Restaurant,+31 20 358 4580 ,http://www.burgerbar.nl/,4.4,343,,"Stadionweg 255, 1076 NX Amsterdam, Netherlands "
Wils Bakery Café,Restaurant,+31 20 236 6521 ,http://www.wilsbakerycafe.nl/,4.5,235,,"Stadionplein 24, 1076 CM Amsterdam, Netherlands "
Super Sushi S,Restaurant,+31 20 470 4238 ,https://www.supersushis.nl/,4.9,113,,"Netherlands, Amsterdam, Stadionweg, NL邮政编码: 1076 NM "
Borrelbar,Bar,+31 6 87630643 ,http://www.borrelbar.nl/,4.5,124,,"Stadionplein 5, 1076 CE Amsterdam, Netherlands "
De Pits Keuken,Restaurant,+31 6 28554714 ,http://www.depitskeuken.nl/contact,4.7,43,,"IJsbaanpad 9, 1076 CV Amsterdam, Netherlands "
l'Arena,Restaurant,+31 20 679 0435 ,http://www.arenaristorante.nl/,4.1,362,,"Olympiaplein 105, 1077 CT Amsterdam, Netherlands "
Olympic Restaurant Amsterdam,Restaurant,+31 20 240 5050 ,https://www.olympichotel.nl/,3.7,86,,"Olympic Hotel begane grond, IJsbaanpad 12, 1076 CV Amsterdam, Netherlands "
Coja Snacks,Fast food restaurant,+31 20 370 2636 ,https://facebook.com/coja.snacks,4.5,459,,"Marathonweg 25, 1076 TA Amsterdam, Netherlands "
Febo,Fast food restaurant,+31 20 675 5745 ,https://www.febo.nl/,3.7,696,,"Stadionplein 132, 1076 CK Amsterdam, Netherlands "
Vlaamsch Broodhuys Stadionplein Amsterdam,Bakery,+31 20 214 9382 ,https://www.vlaamschbroodhuys.nl/winkels/amsterdam/stadionplein/,3.2,361,,"Stadionplein 113, 1076 CK Amsterdam, Netherlands "
Claudias Delight,Spanish restaurant,+31 6 18000000 ,,3.6,9,,"Olympisch Stadion II, 1076 CK Amsterdam, Netherlands "
Lemonman Bar,Bar,+31 20 747 0098 ,https://www.thelemonmanbar.nl/,4.5,11,,"Stadionplein 8 I, 1076 CM Amsterdam, Netherlands "
Swagat Oriental Asian Cuisine,Restaurant,+31 20 304 4010 ,https://swagatoriental.nl/,4.2,9,,"Stadionweg 245, 1076 NX Amsterdam, Netherlands "
Sportcafé Zuid,Sports bar,+31 6 22401939 ,http://www.sportcafezuid.nl/,2.5,6,,"Burgerweeshuispad 54, 1076 EP Amsterdam, Netherlands "
Marathon Doner,Doner kebab restaurant,+31 20 772 9555 ,https://marathon-doner-amsterdam.nl/,3.6,165,,"Marathonweg 12, 1076 TG Amsterdam, Netherlands "
Sushi Daily - vitrine,Sushi restaurant,+31 20 846 8384 ,http://www.sushidaily.nl/?utm_source=google&utm_medium=local&utm_content=NL&utm_term=NL0047,,,,"Stadionplein 115, 1076 CK Amsterdam, Netherlands "
Veggies and Spice,Food and beverage consultant,+31 6 20204542 ,http://www.veggiesandspice.nl/,4.9,17,,"Sportstraat, 1076 TZ Amsterdam, Netherlands "
New York Pizza,Pizza delivery,+31 20 280 1860 ,https://www.newyorkpizza.nl/?store=183&utm_medium=organic&utm_source=GMBlisting,2.9,120,,"Olympiaplein 134-H, 1076 AK Amsterdam, Netherlands "
La Casa di Angelo Amsterdam,Restaurant,+31 6 14685858 ,https://lacasadi-angelo.nl/,4.6,2626,,"Reguliersdwarsstraat 82, 1017 BN Amsterdam, Netherlands "
Spanjer en van Twist,Restaurant,+31 20 639 0109 ,http://www.spanjerenvantwist.nl/,4.3,862,,"Leliegracht 60, 1015 DJ Amsterdam, Netherlands "
Van Puffelen,Restaurant,+31 20 624 6270 ,http://www.restaurantvanpuffelen.com/,4.1,931,,"Prinsengracht 375-377, 1016 HL Amsterdam, Netherlands "
Café Kramer,Restaurant,+31 20 320 8175 ,http://www.cafekramer.nl/,4.1,1390,,"Herengracht 515, 1017 BV Amsterdam, Netherlands "
Brasserie Bink Amsterdam,Pancake restaurant,+31 20 623 9136 ,http://www.brasseriebink.com/,4.5,728,,"Singel 504, 1017 AX Amsterdam, Netherlands "
Heck's Amsterdam,Gastropub,+31 20 450 0600 ,https://hecksamsterdam.nl/,3.8,986,,"Rembrandtplein 15, 1017 CT Amsterdam, Netherlands "
Café Schiller,Restaurant,+31 20 624 9846 ,http://cafeschiller.nl/,4.3,612,,"Rembrandtplein 24-A, 1017 CV Amsterdam, Netherlands "
Ponte arcari,Italian restaurant,+31 20 625 0853 ,,4.1,491,,"Herengracht 534, 1017 CG Amsterdam, Netherlands "
Il Panorama,Restaurant,+31 20 627 9577 ,,4.2,2058,,"Herengracht 194, 1016 BS Amsterdam, Netherlands "
Nim,Restaurant,+31 85 086 2604 ,http://www.nim-amsterdam.nl/,4.9,89,,"Keizersgracht 335-H, 1016 EG Amsterdam, Netherlands "
Vennington,Restaurant,+31 20 625 9398 ,,4.6,207,,"Prinsenstraat 2, 1015 DC Amsterdam, Netherlands "
Little Bonfire,Restaurant,+31 20 370 0100 ,https://www.littlebonfire.amsterdam/,4.7,129,,"Keizersgracht 449, 1017 DK Amsterdam, Netherlands "
Lotti's Restaurant & Bar,Restaurant,+31 20 888 5500 ,https://thehoxton.com/amsterdam/lottis-restaurant/?utm_source=google&utm_medium=local&utm_campaign=restaurant-lottis,4.0,979,,"Herengracht 255, 1016 BJ Amsterdam, Netherlands "
Kikkie van de Prinsensluis,Diner,+31 20 224 6022 ,http://www.kikkie.amsterdam/,4.2,652,,"Prinsenstraat, 1015 DD Amsterdam, Netherlands "
Brasserie Bâton/ Espressamente Baton,Brasserie,+31 20 624 8195 ,http://www.brasseriebaton.nl/,4.5,995,,"Herengracht 82, 1015 BS Amsterdam, Netherlands "
ABC Clubsandwich,Lunch restaurant,+31 20 330 3226 ,,4.7,433,,"Herengracht 309, 1016 AV Amsterdam, Netherlands "
Café de Doffer,Pub,+31 20 622 6686 ,http://www.cafededoffer.nl/,4.4,918,,"Runstraat 14, 1016 GK Amsterdam, Netherlands "
Casa Perú,Peruvian restaurant,+31 20 620 3749 ,http://www.casaperu.nl/,4.1,1672,,"Leidsegracht 68, 1016 CP Amsterdam, Netherlands "
Supper Restaurant,Restaurant,+31 20 205 0221 ,http://www.supper.nl/,3.9,1644,,"Singel 460, 1017 AW Amsterdam, Netherlands "
Heertje Friet,Fast food restaurant,+31 6 48261179 ,http://www.heertjefriet.com/,4.6,1302,,"Herengracht 169, 1015 BJ Amsterdam, Netherlands "
Bar Rouge,Restaurant,+31 20 205 2018 ,https://www.barrouge.nl/,4.0,786,,"Singel 460, 1017 AW Amsterdam, Netherlands "
The Joan Amsterdam,Restaurant,+31 20 846 6234 ,https://www.thejoanamsterdam.nl/,4.0,106,,"Spuistraat 320, 1012 VX Amsterdam, Netherlands "
Basis Brunch,Restaurant,+31 85 303 4229 ,,,,,"Herengracht 270, 1016 BW Amsterdam, Netherlands "
Kitchen & Bar Van Rijn B.V.,Restaurant,+31 20 450 0555 ,http://www.vanrijnamsterdam.nl/,4.1,1034,,"Rembrandtplein 17, 1017 CT Amsterdam, Netherlands "
Pita Queen,Restaurant,+31 20 324 2014 ,https://www.pitaqueen.nl/,4.8,142,,"Utrechtsestraat 18, 1017 VN Amsterdam, Netherlands "
Maoz Falafel,Falafel restaurant,+31 20 223 6094 ,https://maozfalafel.eu/,4.7,265,,"Haarlemmerstraat 42, 1013 ES Amsterdam, Netherlands "
Joe's Hot-Shop,Restaurant,+31 20 555 0346 ,https://joeshotshop.com/,4.8,200,,"Haarlemmerstraat 46, 1013 ES Amsterdam, Netherlands "
"Café ""Marcella""",Pub,+31 20 235 8730 ,http://cafemarcella.nl/,4.3,815,,"Amstelveld 21, 1017 JD Amsterdam, Netherlands "
Zero Zero,Sandwich shop,+31 20 227 9802 ,https://www.zero-zero.store/nl,4.6,1523,,"Nieuwe Spiegelstraat 3A, 1017 DB Amsterdam, Netherlands "
Restaurant Hulscher's,Restaurant,+31 20 714 2087 ,https://www.hulschers.com/,4.4,486,,"Nieuwezijds Voorburgwal 178, 1012 SJ Amsterdam, Netherlands "
Ship Chandlers Warehouse,Restaurant,+31 6 50939977 ,http://www.shipchandlerswarehouse.nl/,4.7,51,,"Geldersekade 8, 1012 BH Amsterdam, Netherlands "
Amsterdam Poke Bowl,Hawaiian restaurant,+31 20 846 6527 ,http://www.amsterdampokebowl.nl/,4.5,136,,"Bosboom Toussaintstraat 43, 1054 AN Amsterdam, Netherlands "
The Craftsmen Kitchen,Sandwich shop,+31 20 218 1023 ,http://www.thecraftsmenkitchen.com/,4.6,249,,"Lijnbaanssteeg 10, 1012 TE Amsterdam, Netherlands "
Leo | Bistro Amsterdam,Bistro,+31 20 693 3555 ,https://leo.goudvisch.nl/,4.3,72,,"Beukenplein 22, 1091 KH Amsterdam, Netherlands "
Roef,Restaurant,+31 20 210 1683 ,https://roef-amsterdam.nl/,4.8,30,,"Middenweg 35, 1098 AB Amsterdam, Netherlands "
Durbar Indian & Nepalese Restaurant,Indian restaurant,+31 6 85763481 ,https://indian-chef.nl/,4.2,86,,"Lange Leidsedwarsstraat 114, 1017 NN Amsterdam, Netherlands "
't Nieuwe Kafé,Restaurant,+31 20 627 2830 ,http://www.nieuwe-kafe.nl/,4.1,614,,"Eggertstraat 8, 1012 NN Amsterdam, Netherlands "
House Of Fries,Restaurant,+31 20 765 7868 ,http://www.houseoffries.nl/,3.9,918,,"Damstraat 22, 1012 JM Amsterdam, Netherlands "
Flemish Fries Snackland,Fast food restaurant,+31 6 23994126 ,https://www.snackland1980.com/,4.2,1889,,"Damrak 58, 1012 LL Amsterdam, Netherlands "
Cafe Schuim,Bar & grill,+31 20 638 9357 ,https://nl-nl.facebook.com/cafeschuim/,4.2,1303,,"Spuistraat 189, 1012 VM Amsterdam, Netherlands "
FEBO Amsterdam - Nieuwendijk 220,Fast food restaurant,+31 20 625 9906 ,https://www.febo.nl/,4.2,146,,"Nieuwendijk 220, 1012 MX Amsterdam, Netherlands "
New York Pizza,Pizza restaurant,+31 20 422 2123 ,https://www.newyorkpizza.nl/?store=6&utm_medium=organic&utm_source=GMBlisting,4.0,1699,,"Damstraat 24, 1012 JM Amsterdam, Netherlands "
Ava Thomas,Italian restaurant,+31 20 622 0413 ,,4.1,685,,"Nieuwezijds Kolk 3, 1012 PV Amsterdam, Netherlands "
Ristorante Doria,Italian restaurant,+31 20 625 2365 ,https://doriaristorante.nl/,3.8,330,,"Damstraat 3, 1012 JL Amsterdam, Netherlands "
Mappa,Italian restaurant,+31 6 20664919 ,http://www.restaurantmappa.nl/,4.3,621,,"Nes 59, 1012 KD Amsterdam, Netherlands "
Trattoria Fantasia,Italian restaurant,+31 20 638 5665 ,http://www.trattoriafantasia.nl/,4.4,1019,,"Marnixstraat 417, 1017 PK Amsterdam, Netherlands "
Café | Brasserie Internationaal Theater Amsterdam,Cafe,+31 20 795 9995 ,https://ita.nl/nl/cafe-brasserie/,4.2,632,,"Leidseplein 26, 1017 PT Amsterdam, Netherlands "
Palladium,Restaurant,+31 20 767 0034 ,https://www.palladiumamsterdam.nl/,3.8,960,,"Kleine-Gartmanplantsoen 7, 1017 RP Amsterdam, Netherlands "
"Pizzeria ""O' Sole Mio""",Pizza restaurant,+31 20 623 7360 ,https://www.osolemio.nl/,4.2,543,,"Lange Leidsedwarsstraat 19, 1017 NE Amsterdam, Netherlands "
Le Pub,Restaurant,+31 20 620 9077 ,http://www.lepub.nl/,3.3,593,,"Leidseplein 2, 1017 PG Amsterdam, Netherlands "
Casa Italiana,Italian restaurant,+31 20 221 8863 ,http://www.casa-italiana.amsterdam/,3.8,444,,"Korte Leidsedwarsstraat 109, 1017 PX Amsterdam, Netherlands "
Casa Di Leo,Italian restaurant,+31 20 233 1913 ,http://www.casa-di-leo.nl/,3.8,528,,"Lijnbaansgracht 274, 1017 RL Amsterdam, Netherlands "
De Smoeshaan,Restaurant,+31 20 625 0368 ,https://www.theaterbellevue.nl/pQGpsK/eten-en-drinken/eten-en-drinken,4.3,134,,"Leidsekade 90, 1017 PN Amsterdam, Netherlands "
Cafe in the City,Restaurant,+31 20 330 4000 ,http://www.cafeinthecity.nl/,3.6,911,,"Kleine-Gartmanplantsoen 5, 1017 RP Amsterdam, Netherlands "
Topkapi,Restaurant,+31 6 30030185 ,,3.7,404,,"Lange Leidsedwarsstraat 37, 1017 NG Amsterdam, Netherlands "
Poké Perfect,Restaurant,+31 20 221 5435 ,https://pokeperfect.nl/,4.3,1027,,"Prinsengracht 502, 1017 KH Amsterdam, Netherlands "
Mayur Brasserie,Brasserie,+31 20 623 2142 ,https://www.cafe1981.nl/,5.0,9,,"Korte Leidsedwarsstraat 203, 1, 1017 RB Amsterdam, Netherlands "
Little Italy Pizza & Pasta,Italian restaurant,+31 20 420 0435 ,,3.6,88,,"Korte Leidsedwarsstraat 107, 1017 PX Amsterdam, Netherlands "
Café Restaurant De Kroon,Restaurant,+31 20 625 2011 ,http://www.dekroon.nl/,4.0,1031,,"Rembrandtplein 17-I, 1017 AC Amsterdam, Netherlands "
Titus Parrillas,Bar & grill,+31 20 358 4561 ,https://www.titusparrilla.nl/,3.5,456,,"Rembrandtplein 7h, 1017 CT Amsterdam, Netherlands "
Eetcafé Frame,Gastropub,+31 20 626 9922 ,,3.8,207,,"Rembrandtplein 6 HS, 1017 CV Amsterdam, Netherlands "
Café Kuyl,Bar,+31 20 737 0438 ,http://www.cafekuyl.nl/,4.2,159,,"Rembrandtplein 26, 1017 CV Amsterdam, Netherlands "
Vapiano,Italian restaurant,+31 20 810 2000 ,https://vapiano.nl/,3.4,4987,,"Amstelstraat 2-4, 1017 DA Amsterdam, Netherlands "
Vertigo,Restaurant,+31 20 820 5006 ,https://www.cafevertigo.nl/,4.5,93,,"Vondelpark 3, 1071 AA Amsterdam, Netherlands "
Kinderkookkafé,Restaurant,+31 20 625 3257 ,http://www.kinderkookkafe.nl/,4.2,210,,"Vondelpark 6B, 1071 AA Amsterdam, Netherlands "
New York Pizza,Pizza restaurant,+31 6 41555236 ,https://www.newyorkpizza.nl/?store=5&utm_medium=organic&utm_source=GMBlisting,3.7,558,,"Stationsplein 13, 1012 AB Amsterdam, Netherlands "
Smullers,Fast food restaurant,+31 20 410 9700 ,https://www.smullers.nl/,2.6,343,,"Stationsplein 35D, 1012 AB Amsterdam, Netherlands "
Restaurant At James,Restaurant,+31 6 43682172 ,http://www.atjames.nl/,3.9,711,,"Damrak 45, 1012 LK Amsterdam, Netherlands "
Café de Magere Brug,Restaurant,+31 20 221 3400 ,http://demagerebrug.nl/,4.2,950,,"Amstel 81, 1018 EK Amsterdam, Netherlands "
Café Hesp,Diner,+31 20 665 1202 ,https://www.caferestauranthesp.nl/,4.3,1545,,"Weesperzijde 130-131, 1091 ER Amsterdam, Netherlands "
House of Watt,Restaurant,+31 20 210 1315 ,http://www.houseofwatt.nl/,4.3,700,,"James Wattstraat 73, 1097 DL Amsterdam, Netherlands "
Burger King,Hamburger restaurant,+31 20 241 7139 ,https://www.burgerking.nl/store-locator/store/restaurant_9202,3.3,708,,"Julianaplein 1, 1097 JT Amsterdam, Netherlands "
Trattoria Boretti,Italian restaurant,+31 20 261 4404 ,https://trattoriaboretti.com/,4.3,151,,"Weesperzijde 147, 1091 EX Amsterdam, Netherlands "
McDonald's Amsterdam Amstel Towers,Hamburger restaurant,+31 20 723 9609 ,https://www.mcdonaldsrestaurant.nl/amsterdam-amstel-towers,2.8,240,,"Julianaplein 41-42, 1097 ED Amsterdam, Netherlands "
Ctaste,Restaurant,+31 20 675 2831 ,http://www.ctaste.nl/,4.4,934,,"Amsteldijk 55, 1074 HX Amsterdam, Netherlands "
The Poke Maniacs Amstel,Restaurant,+31 20 412 9962 ,http://www.thepokemaniacs.nl/,4.2,85,,"Amstelboulevard 234, 1096 HM Amsterdam, Netherlands "
Smullers,Fast food restaurant,+31 20 410 9700 ,https://www.smullers.nl/,2.4,49,,"Julianapassage 8, 1097 JT Amsterdam, Netherlands "
Bottleshop,Restaurant,+31 20 233 9511 ,http://www.bottleshopams.nl/,4.7,153,,"Wibautstraat 130, 1091 GP Amsterdam, Netherlands "
Friet van Oost,Fast food restaurant,+31 20 221 7048 ,https://www.frietvanoost.nl/,4.6,326,,"Fizeaustraat 15, 1097 SC Amsterdam, Netherlands "
The Döner Company,Kebab shop,+31 6 43169292 ,http://donercompany.nl/,3.4,134,,"Julianaplein 1A, 1097 DZ Amsterdam, Netherlands "
Azura Amsterdam,Restaurant,+31 6 33277670 ,https://azura-amsterdam.nl/,4.2,264,,"La Guardiaweg 55, 1043 DE Amsterdam, Netherlands "
A'DAMS Wereldkeuken Sloterdijk,Buffet restaurant,+31 20 767 0528 ,https://www.adamswereldkeuken.nl/,4.1,1561,,"Sierenborch 10d, 1043 BA Amsterdam, Netherlands "
Istanbul to Go,Fast food restaurant,+31 20 301 4049 ,http://www.istanbultogo.nl/,4.5,171,,"Admiraal de Ruijterweg 549, 1055 MK Amsterdam, Netherlands "
Powerfull Pizza,Pizza delivery,+31 20 614 7700 ,https://www.powerfullpizza.nl/,4.1,361,,"Arlandaweg 35, 1043 EW Amsterdam, Netherlands "
Amara Food B.V.,Snack bar,+31 6 43926980 ,http://www.amarafood.com/,5.0,2,,"Kapoeasweg 8, 1043 AD Amsterdam, Netherlands "
IBIS KITCHEN,Restaurant,+31 20 721 9174 ,https://restaurants.accorhotels.com/netherlands/index.nl.shtml,3.4,12,,"Transformatorweg 36, 1014 AK Amsterdam, Netherlands "
Burger en Pizza,Pizza restaurant,+31 20 341 2064 ,http://www.burgerenpizza.nl/,2.1,12,,"Bullewijkpad 25, 1102 LB Amsterdam, Netherlands "
Bit'n Bite Fresh Mini Tapas B.V.,Restaurant,+31 20 452 7660 ,,,,,"Hogehilweg 7M, 1101 DA Amsterdam, Netherlands "
Piri Piri Bugers & Pizza,Pizza delivery,+31 20 358 3685 ,https://nlcompanies.org/details/piri-piri-bugers-pizza-ChIJO05,3.3,14,,"Kollenbergweg 2, 1101 AR Amsterdam, Netherlands "
Grand Café Rox,Cafe,+31 20 409 4805 ,http://www.grandcaferox.nl/,2.7,81,,"Villa ArenA, Johan Cruijff Boulevard 156, 1101 BH Amsterdam, Netherlands "
Döner Baba,Turkish restaurant,+31 20 341 7715 ,http://www.donerbaba.com/,3.3,426,,"Kruitbergstraat 3, 1104 BB Amsterdam, Netherlands "
Strandpaviljoen a/d PLAS,Restaurant,+31 6 46415683 ,https://aandeplas.nl/reserveren/,4.1,230,,"Aan de Wind 10, 1191 LD Ouderkerk aan de Amstel, Netherlands "
Burger Boys - Wok Rice and Spice,Restaurant,+31 20 331 2334 ,https://www.burgerboys.nl/,3.5,20,,"Kollenbergweg 2D, 2, 1101 AR Amsterdam, Netherlands "
Loetje aan de Amstel,Restaurant,+31 20 472 1090 ,https://www.loetje.nl/nl/locaties/aan-de-amstel/?utm_source=google&utm_medium=organic&utm_campaign=gbp-listing&utm_content=aan-de-amstel,4.3,3842,,"Amstelzijde 37, 1184 TX Amstelveen, Netherlands "
Le Safaja,Restaurant,+31 6 49938474 ,https://netherbusinesses.org/details/le-safaja-ChIJW8T,5.0,2,,"Le Safaja, Laarderhoogtweg 18, 1101 EA Amsterdam, Netherlands "
Villa Tante Bep,Diner,+31 6 27563820 ,http://www.villatantebep.nl/,4.8,229,,"Lange Stammerdijk 3A, 1109 BK Amsterdam, Netherlands "
Yvette's (Johnny) Cake Corner,Restaurant,+31 6 27496076 ,http://www.yvetteskitchen.nl/,4.1,15,,"CB, Kraaiennest 67-68, 1104 CD Netherlands "
Pizza 2 Go,Pizza restaurant,+31 20 331 3034 ,http://www.pizza-2go.nl/,3.7,130,,"Kruitberghof 34, 1104 BC Amsterdam, Netherlands "
Jaspers catering company,Catering food and drink supplier,+31 88 374 5220 ,http://www.jasperscateringcompany.nl/,4.4,8,,"Provincialeweg 38, 1108 AB Amsterdam, Netherlands "
Vle's keuken wisseloord 164B Gein,Restaurant,+31 20 358 5234 ,,,,,"Wisseloord 164B, 1106 MC Amsterdam, Netherlands "
Aarti 2 Roti,Surinamese restaurant,+31 20 486 7112 ,https://www.aarti2.nl/,3.3,349,,"Tweede Hugo de Grootstraat 20, 1052 LD Amsterdam, Netherlands "
De Piraat,Fast food restaurant,+31 20 419 4237 ,https://snackbardepiraat.nl/,3.7,83,,"Sumatrakade 7, 1019 BJ Amsterdam, Netherlands "
Indian Cuisine To Go,Delivery Restaurant,+31 20 785 3577 ,http://indiantogo.nl/,3.7,98,,"Burgemeester de Kievietstraat 9 hs, 1111 GJ Diemen, Netherlands "
Cafe Mazazik,Hookah bar,+31 20 777 0068 ,http://mazazikamsterdam.com/,4.5,780,,"Sperwerlaan 27, 1021 EM Amsterdam, Netherlands "
Hooyo's Kitchen,Restaurant,+31 6 40688150 ,https://hooyoskitchen.nl/,4.4,62,,"Johan van Hasseltweg 48, 1022 WV Amsterdam, Netherlands "
Belqees Restaurant & Cafe — مطعم وكافيه بلقيس,Yemeni restaurant,+31 6 10000675 ,,4.6,938,,"Oranje-Vrijstaatkade 66, 1093 KS Amsterdam, Netherlands "
Ristorante-Pizzeria 'Firenze',Restaurant,+31 20 627 3360 ,,3.1,23,,"Halvemaansteeg 9-- 11, 1017 CR Amsterdam, Netherlands "
Papa Johns Pizza,Pizza restaurant,+31 20 215 3222 ,https://www.papajohns.co.nl/?utm_source=yext-google-my-business&utm_medium=organic-search&utm_campaign=local-listing,3.4,446,,"Overtoom 496, 1054 KJ Amsterdam, Netherlands "
Pizza Boy's,Pizza restaurant,+31 20 488 8888 ,http://www.pizzaboy10.nl/,3.9,88,,"Spaarndammerstraat 62, 1013 SZ Amsterdam, Netherlands "
Domino's Pizza Amsterdam Rijnstraat,Pizza restaurant,+31 20 240 9909 ,https://www.dominos.nl/?utm_source=google&utm_medium=local&utm_campaign=yext,2.4,185,,"Rijnstraat 61A, 1079 GW Amsterdam, Netherlands "
Pizza'Dam Noord,Pizza restaurant,+31 20 248 0506 ,http://www.pizzadam.nl/,4.6,236,,"Buikslotermeerplein 288, 1025 GB Amsterdam, Netherlands "
Sushi Top,Sushi takeaway,+31 20 786 8524 ,https://www.sushitop.nl/,4.7,153,,"De Clercqstraat 60, 1052 NJ Amsterdam, Netherlands "
Ichisin Ramen Hokkaido,Ramen restaurant,+31 20 363 5559 ,,4.5,167,,"Amstelstraat 18, 1017 DA Amsterdam, Netherlands "
Baía Burger,Restaurant,+31 6 36175850 ,https://www.instagram.com/baia_burger,4.8,226,,"Dapperstraat 151, 1093 BS Amsterdam, Netherlands "
Angus Burger bar,Fast food restaurant,+31 20 626 0765 ,,3.4,58,,"Lijnbaanssteeg 1, 1012 TE Amsterdam, Netherlands "
Burger King,Hamburger restaurant,+31 88 463 6227 ,https://www.burgerking.nl/store-locator/store/restaurant_7886,3.5,1876,,"Reguliersbreestraat 15-17, 1017 CL Amsterdam, Netherlands "
Simply Fish,Restaurant,+31 6 22505878 ,http://www.simplyfish.nl/,4.6,345,,"Koninginneweg 212, 1075 EL Amsterdam, Netherlands "
Poké Bowl Olakino Amsterdam,Restaurant,+31 20 786 4346 ,http://www.olakinobowls.nl/,4.8,629,,"Ferdinand Bolstraat 6A, 1072 LJ Amsterdam, Netherlands "
Hawaiian Poké Bowl - Amsterdam Ferdinand Bolstraat,Hawaiian restaurant,+31 85 303 4505 ,,4.8,1439,,"Ferdinand Bolstraat 53, 1072 CP Amsterdam, Netherlands "
Poke bowl & juice bar,Restaurant,+31 6 84438554 ,,4.9,72,,"Oude Doelenstraat 16, 1012 ED Amsterdam, Netherlands "
Poké Sisters,Restaurant,+31 20 622 3072 ,https://www.pokesisters.nl/,4.5,592,,"Rozenboomsteeg 8, 1012 PR Amsterdam, Netherlands "
Poké Perfect,Restaurant,+31 20 370 9140 ,https://www.pokeperfect.nl/,4.3,682,,"Nieuwendijk 13HS, 1012 LZ Amsterdam, Netherlands "
Poké Perfect,Restaurant,+31 20 737 2503 ,https://www.pokeperfect.nl/,4.0,408,,"Kinkerstraat 71A, 1053 DG Amsterdam, Netherlands "
The Boulevard - Brioche & Poké Boxes,Restaurant,+31 6 22577840 ,https://www.boulevardnederland.nl/,4.9,414,,"Eerste Constantijn Huygensstraat 69H, 1054 BT Amsterdam, Netherlands "
GoldFish Sushi & Poke,Sushi takeaway,+31 20 786 9790 ,https://www.goldfishsushi.nl/,4.6,166,,"Pretoriusstraat 69-H, 1092 GB Amsterdam, Netherlands "
Pokébowl & Co,Sushi restaurant,+31 20 636 5525 ,https://www.pokebowlco.nl/,4.3,31,,"Buikslotermeerplein 108, 1025 EX Amsterdam, Netherlands "
Poké Perfect,Restaurant,+31 20 774 1091 ,https://www.pokeperfect.nl/,4.0,193,,"Linnaeusstraat 16, 1092 CK Amsterdam, Netherlands "
Poké Perfect,Restaurant,+31 20 244 2369 ,https://www.pokeperfect.nl/,3.9,131,,"Strawinskylaan 11, 1077 XX Amsterdam, Netherlands "
The Bowl,Restaurant,+31 20 778 9093 ,https://thebowl.orderingclub.com/en/thebowl2?menu=6467469139a0940f2d5ac27f_2,4.4,170,,"Beethovenstraat 92, 1077 JN Amsterdam, Netherlands "
BACK,Health food restaurant,+31 20 705 2329 ,https://www.back-food.nl/,4.8,199,,"Oostenburgermiddenstraat 117, 1018 LH Amsterdam, Netherlands "
SLA,Restaurant,+31 20 233 4391 ,http://www.ilovesla.com/,4.2,430,,"Ceintuurbaan 149, 1072 GB Amsterdam, Netherlands "
BACK,Health food restaurant,+31 20 363 9940 ,https://www.back-food.nl/,3.9,264,,"Ceintuurbaan 344, H, 1072 GP Amsterdam, Netherlands "
Het Stadspaleis,Organic restaurant,+31 20 625 6542 ,http://www.stadspaleis.com/,4.6,451,,"Nieuwezijds Voorburgwal 277, 1012 RL Amsterdam, Netherlands "
Café Katoen,Pub,+31 20 626 2635 ,http://www.cafekatoen.nl/,4.3,882,,"Oude Turfmarkt 153, 1012 GC Amsterdam, Netherlands "
Lebkov & Sons Roeterseiland,Restaurant,+31 20 215 9600 ,http://lebkov.nl/,3.3,234,,"Roetersstraat 15, 1018 WB Amsterdam, Netherlands "
Ree 7,Breakfast restaurant,+31 20 330 1254 ,https://nlcompanies.org/details/ree-7-ChIJUTG,3.7,971,,"Reestraat 7, 1016 DM Amsterdam, Netherlands "
Kop van Jut,Restaurant,+31 6 57334391 ,http://www.eetcafekopvanjut.nl/,4.5,756,,"Leidsekruisstraat 24, 1017 RJ Amsterdam, Netherlands "
Koffie Academie,Cafe,+31 20 370 7981 ,http://www.koffie-academie.nl/,4.6,882,,"Overtoom 95, 1054 HD Amsterdam, Netherlands "
Café Zeepost (Schele Greet),Cafe,+31 6 41301930 ,,4.3,144,,"Prins Hendrikkade 88, 1012 AE Amsterdam, Netherlands "
Motion Coffee,Espresso bar,+31 6 57544293 ,https://eerstevanswindenstraat.amsterdam/motion-coffee,4.4,265,,"Eerste Van Swindenstraat 547, 1093 LC Amsterdam, Netherlands "
"Café ""De Nieuwe Stek""",Cafe,+31 6 42375134 ,http://denieuwestek.nl/,4.6,72,,"Dapperstraat 92-D, 1093 BZ Amsterdam, Netherlands "
Café - Koffiehuis Nieuwland,Cafe,+31 20 331 7236 ,,4.5,60,,"Pieter Nieuwlandstraat 33, 1093 XK Amsterdam, Netherlands "
Café Maxwell,Restaurant,+31 20 772 6748 ,http://www.maxwellcafe.nl/,4.3,1054,,"Beukenplein 27, 1092 BB Amsterdam, Netherlands "
Blend Coffee & Wine,Pub,+31 20 737 1034 ,http://blendcoffeewine.nl/,4.0,402,,"Oranje-Vrijstaatplein 40, 1093 NG Amsterdam, Netherlands "
Café Oost,Cafe,+31 20 693 0522 ,http://www.cafe-oost.nl/,3.8,48,,"Krugerplein 40, 1091 LA Amsterdam, Netherlands "
De Lachende Gulden,Cafe,+31 20 786 8526 ,,4.5,162,,"Dapperstraat 24, 1093 BV Amsterdam, Netherlands "
Boefzak,Lunch restaurant,+31 6 29123296 ,https://www.instagram.com/boefzakamsterdam/?utm_source=ig_web_button_share_sheet,5.0,86,,"Cruquiusweg 108, 1019 AK Amsterdam, Netherlands "
Werkplaats,Cafe,+31 20 261 2100 ,,4.3,64,,"Wibautstraat 150, 1091 GR Amsterdam, Netherlands "
Millie Vanillie,Bakery,+31 20 771 0857 ,https://www.millievanillie.nl/,4.8,225,,"Bottelarijstraat 1, 1019 VC Amsterdam, Netherlands "
Nescio Cafe & Terrace,Cafe,+31 20 708 5600 ,https://staygenerator.com/hostels/amsterdam?utm_source=google-my-business&utm_medium=organic&utm_campaign=nescio_cafe,3.6,62,,"Mauritskade 57, 1092 AD Amsterdam, Netherlands "
Noi Coffee and Eatery,Cafe,+31 6 85578355 ,,4.9,159,,"Jan Evertsenstraat 123, 1057 BT Amsterdam, Netherlands "
Buongiorno Espresso bar,Cafe,+31 20 331 9481 ,http://www.buongiorno-espressobar.nl/Home,4.3,277,,"Admiraal de Ruijterweg 328, 1055 MX Amsterdam, Netherlands "
Café Mads.,Cafe,+31 20 303 4525 ,http://www.cafemads.nl/,4.4,492,,"Zoutkeetsplein 1h, 1013 LD Amsterdam, Netherlands "
Kattencafé Kopjes,Cat cafe,+31 20 737 0999 ,http://www.kattencafekopjes.nl/,4.4,1508,,"Marco Polostraat 211, 1057 TB Amsterdam, Netherlands "
Buongiorno espresso bar,Espresso bar,+31 20 682 2074 ,http://buongiorno-espressobar.nl/,4.3,31,,"Gulden Winckelplantsoen 1, 1055 EK Amsterdam, Netherlands "
Pizza Beppe Amsterdam De Pijp,Pizza restaurant,+31 20 227 9810 ,https://www.pizzabeppe.nl/en/locations/amsterdam/de-pijp?utm_source=google&utm_medium=organic&utm_campaign=bedrijfprofiel&utm_content=websiteklik,4.2,289,,"Van Woustraat 47, 1074 AC Amsterdam, Netherlands "
Café Cress,Restaurant,+31 20 786 7111 ,https://www.cafecress.nl/,4.9,242,,"Johan van Hasseltkade 322, 1032 LP Amsterdam, Netherlands "
I Dock,Restaurant,+31 20 891 4891 ,https://www.idockrestaurant.nl/,4.1,325,,"IJdok 4, 1013 MM Amsterdam, Netherlands "
Ventuno Skylounge,Restaurant,+31 20 723 4821 ,https://www.ventunoskylounge.com/,4.5,847,,"Amstelvlietstraat 4, 1096 GG Amsterdam, Netherlands "
The Amsterdam Pancake Boat,Pancake restaurant,+31 20 636 8817 ,https://amsterdam.pannenkoekenboot.nl/,4.4,1925,,"Ms. van Riemsdijkweg 33, 1033 RC Amsterdam, Netherlands "
Smidtje Canal Café Dialoog,Pub,+31 20 623 9991 ,https://smidtjecanalcafe.nl/,3.7,201,,"Prinsengracht 261a, 1016 GV Amsterdam, Netherlands "
Pink Beach by WONDR,Bar,+31 85 888 0261 ,http://www.pinkbeach.nl/,4.6,1522,,"Meeuwenlaan 88-A, 1021 JK Amsterdam, Netherlands "
Aan de Poel,Fine dining restaurant,+31 20 345 1763 ,https://aandepoel.nl/,4.7,663,,"Handweg 1, 1185 TS Amstelveen, Netherlands "
Restaurant Rivièra,Restaurant,+31 20 303 2640 ,https://www.restaurantriviera.nl/,4.0,129,,"Achterdijk 2 - 4, 1191 JK Ouderkerk aan de Amstel, Netherlands "
Global Streetfood,Takeout Restaurant,+31 20 786 0711 ,,4.8,37,,"Surinamestraat 9 H, 1058 GJ Amsterdam, Netherlands "
FEBO Amsterdam - Kinkerstraat,Fast food restaurant,+31 20 618 2441 ,https://www.febo.nl/,4.0,215,,"Kinkerstraat 166, 1053 EJ Amsterdam, Netherlands "
Happy Snack,Fast food restaurant,+31 20 616 7261 ,https://nlcompanies.org/details/happy-snack-ChIJI2C,4.6,264,,"Kinkerstraat 360, 1053 GG Amsterdam, Netherlands "
Snackbar Constantijn,Fast food restaurant,+31 20 683 3904 ,http://www.constantijn.nl/,4.5,281,,"1, Eerste Constantijn Huygensstraat 84, 1054 BX Amsterdam, Netherlands "
McDonald's,Hamburger restaurant,+31 20 616 7026 ,https://mcdonaldsrestaurant.nl/amsterdam-kinkerstraat,3.7,1763,,"Kinkerstraat 194, 1053 EL Amsterdam, Netherlands "
Colombialand,Western restaurant,+31 6 84145772 ,,5.0,441,,"Albert Cuypstraat 228, 1073 BN Amsterdam, Netherlands "
Saskia's Huiskamerrestaurant,Restaurant,+31 6 28629839 ,http://www.huiskamerrestaurant.com/,4.6,71,,"Albert Cuypstraat 203-C, 1073 BE Amsterdam, Netherlands "
McDonald's,Hamburger restaurant,+31 20 672 0500 ,https://mcdonaldsrestaurant.nl/amsterdam-albert-cuyp,3.4,3641,,"Albert Cuypstraat 75, 1072 LM Amsterdam, Netherlands "
"Koffiehuis ""De Markt""",Cafe,+31 20 662 0105 ,,4.5,104,,"Albert Cuypstraat 122-B, 1072 EA Amsterdam, Netherlands "
Kebab King Grillroom,Doner kebab restaurant,+31 6 85002390 ,https://www.kebabkingamsterdam.nl/,3.7,206,,"Albert Cuypstraat 50, 1072 CV Amsterdam, Netherlands "
Cafe Flinck,Grill,+31 20 846 2101 ,,3.9,404,,"Eerste van der Helststraat 51, 1073 AD Amsterdam, Netherlands "
Pasta Pasta Ferdinand Bolstraat 67,Restaurant,+31 20 334 3140 ,https://nlcompanies.org/details/pasta-pasta-ferdinand-bolstraat-67-ChIJC7h,4.3,1459,,"Ferdinand Bolstraat 67, 1072 LC Amsterdam, Netherlands "
Lunchcafé Bozz,Cafe,+31 6 50601806 ,http://lunchcafebozz.nl/,4.4,322,,"Albert Cuypstraat 240, 1073 BP Amsterdam, Netherlands "
Cafe Krull,Pub,+31 20 662 0214 ,,4.0,563,,"Sarphatipark 2, 1072 PA Amsterdam, Netherlands "
Samuel's,Restaurant,+31 20 354 1575 ,https://www.samuel-s.nl/,4.5,146,,"Tweede Jan Steenstraat 1, 1073 VK Amsterdam, Netherlands "
Eethuis Spicy,Restaurant,+31 20 379 0223 ,,,,,"Albert Cuypstraat 47, 1072 CL Amsterdam, Netherlands "
"Breakfast, Lunch & Dinner",Breakfast restaurant,+31 20 737 0990 ,,3.6,178,,"Mandenmakerssteeg 8, 1012 MD Amsterdam, Netherlands "
The Lunch Club,Lunch restaurant,+31 20 624 6800 ,http://www.lunchclubamsterdam.nl/,4.3,105,,"Haarlemmerplein 3, 1013 HP Amsterdam, Netherlands "
Café de Huyskamer,Pub,+31 20 627 0575 ,https://www.cafedehuyskamer.com/,4.3,466,,"Utrechtsestraat 137, 1017 VM Amsterdam, Netherlands "
Café De Poort Amsterdam,Pub,+31 20 624 7283 ,http://cafedepoort.amsterdam/,4.5,314,,"Haarlemmerdijk 44, 1013 JD Amsterdam, Netherlands "
Café Hegeraad,Cafe,+31 20 624 5565 ,https://www.cafehegeraad.eu/,4.3,729,,"Noordermarkt 34, 1015 NA Amsterdam, Netherlands "
ASOP Café by Amplify - specialty coffee,Cafe,+31 6 38859195 ,,5.0,58,,"Willemsstraat 141, 1015 JC Amsterdam, Netherlands "
Tazzina,Espresso bar,+31 20 330 4649 ,http://www.espressobartazzina.nl/,4.4,404,,"Brouwersgracht 139, 1015 GG Amsterdam, Netherlands "
Sham Delights,Dessert shop,+31 6 12274902 ,http://shamdelights.nl/,4.4,604,,"Haarlemmerdijk 127, 1013 KE Amsterdam, Netherlands "
Koffiehuis Amsterdam,Cafe,+31 20 854 5180 ,https://koffiehuis.amsterdam/,5.0,7,,"Haarlemmerstraat 146, 1013 EZ Amsterdam, Netherlands "
Mister Nata,Patisserie,+31 6 12604917 ,https://www.misternata.com/,4.8,173,,"Haarlemmerdijk 37, 1013 KA Amsterdam, Netherlands "
Café Restaurant Czaar,Restaurant,+31 20 775 2772 ,http://www.czaaramsterdam.nl/,4.3,857,,"Czaar Peterstraat 281, 1018 PL Amsterdam, Netherlands "
Papa Zatarra,Restaurant,+31 20 223 5891 ,http://www.papazatarra.com/,4.8,234,,"Jacob Bontiusplaats 10, 1018 LL Amsterdam, Netherlands "
Ruk en Pluk,Pub,+31 20 665 3248 ,https://www.facebook.com/pages/category/Pub/Caf%C3%A9-Ruk-Pluk-515468515135229/,4.6,580,,"Linnaeusstraat 48, 1092 CM Amsterdam, Netherlands "
Bar Douwes,Bar,+31 6 27224278 ,https://www.bardouwes.nl/,4.6,105,,"Tweede Boerhaavestraat 52, 1091 AP Amsterdam, Netherlands "
OOSTerBAR,Bar,+31 20 708 5606 ,https://www.instagram.com/oosterbar/,4.3,118,,"Mauritskade 57, 1092 AD Amsterdam, Netherlands "
Café Sport,Bar,+31 20 754 9133 ,https://www.facebook.com/pages/category/Sports-Bar/Caf%C3%A9-Sport-674730702610874/,4.2,53,,"Linnaeusstraat 102, 1092 CP Amsterdam, Netherlands "
Amstelcampus café,Sports bar,+31 20 240 6420 ,https://www.uscsport.nl/huur/amstelcampus-cafe/,3.6,33,,"Tweede Boerhaavestraat 10, 1091 BD Amsterdam, Netherlands "
Café Struis,Pub,+31 20 235 8760 ,https://www.brouwerijhetij.nl/cafe-struis/,4.1,86,,"Zeeburgerstraat 1, 1018 AG Amsterdam, Netherlands "
Cafe Dorst,Bar,+31 20 668 5797 ,http://www.cafedorst.nl/,3.9,217,,"Zeeburgerdijk 3, 1093 SJ Amsterdam, Netherlands "
Q-Café,Pub,+31 20 760 6789 ,https://www.q-factory-amsterdam.nl/,3.5,109,,"Atlantisplein 1, 1093 NE Amsterdam, Netherlands "
De groene olifant,Bar,+31 20 776 9596 ,http://www.degroeneolifant.nl/,4.5,566,,"Sarphatistraat 510, 1018 AV Amsterdam, Netherlands "
Snackbar sabrine.,Restaurant,+31 6 11616425 ,,3.6,69,,"Plantage Kerklaan 49A, 1018 CV Amsterdam, Netherlands "
Italiaanse Delicatessen Nuraghe,Pizza restaurant,+31 20 752 2099 ,http://www.nuraghe.nl/,4.8,329,,"Purmerplein 6, 1023 BD Amsterdam, Netherlands "
Bakkerij De Lekkernij Betondorp,Bakery,+31 20 665 1492 ,http://www.delekkernijamsterdam.jouwweb.nl/,4.7,98,,"Brinkstraat 157, 1097 VK Amsterdam, Netherlands "
Roux,Restaurant,+31 20 261 3572 ,https://www.restaurantroux.nl/,4.9,456,,"Westerstraat 132, 1015 MP Amsterdam, Netherlands "
Cafe Maurits,Restaurant,+31 20 331 2735 ,http://www.cafemaurits.nl/,4.9,151,,"Hoofddorpplein 1, 1059 CV Amsterdam, Netherlands "
Mafaldo,Falafel restaurant,+31 20 614 1452 ,http://www.mafaldo.nl/,4.9,68,,"Weissenbruchstraat 6, 1058 KM Amsterdam, Netherlands "
"Traiteur Beet | sandwiches, maaltijden en catering",Takeout Restaurant,+31 20 774 7670 ,http://www.traiteurbeet.nl/,4.7,107,,"Aalsmeerweg 55-hs, 1059 AC Amsterdam, Netherlands "
Pizza'dam Heemstedestraat,Pizza restaurant,+31 20 751 3313 ,http://pizzadam.nl/,4.6,505,,"Heemstedestraat 17, 1059 CX Amsterdam, Netherlands "
Roti King,Surinamese restaurant,+31 6 17081166 ,https://rotikingxl.nl/,3.9,481,,"Hoofddorpplein 27H, 1059 CW Amsterdam, Netherlands "
Pimmie snacks,Restaurant,+31 6 22224282 ,,4.8,29,,"Anthony Fokkerweg, 1059 CP Amsterdam, Netherlands "
Snackbar EL Hefnawy,Fast food restaurant,+31 20 669 6102 ,https://el-hefnawy.weebly.com/,4.1,137,,"Heemstedestraat 7, 1059 CX Amsterdam, Netherlands "
Snackcorner 't Vogeltje,Restaurant,+31 20 388 0188 ,http://www.snackcorner-vogeltje.nl/,4.2,353,,"Sassenheimstraat 52, 1059 BJ Amsterdam, Netherlands "
Toko Afhaalcentrum Bandung,Takeout Restaurant,+31 20 669 2562 ,https://nldirectnova.top/details/toko-afhaalcentrum-bandung-ChIJ-Ym,4.8,8,,"Aalsmeerweg 41III, 1059 AB Amsterdam, Netherlands "
Café Rexi Amsterdam,Pub,+31 6 52447877 ,,4.9,37,,"Aalsmeerweg 38 H, 1059 AK Amsterdam, Netherlands "
Kebab 2 brothers,Kebab shop,+31 6 24030203 ,,4.2,198,,"Hoofddorpplein 20-hs, 1058 PD Amsterdam, Netherlands "
Pizzarella,Pizza delivery,+31 20 617 0004 ,https://pizzarella.foodticket.nl/,4.1,102,,"Aalsmeerweg 39, 1059 AB Amsterdam, Netherlands "
De Lekkere Bakkerij Sloterkade,Bakery,+31 20 614 0190 ,https://www.delekkerebakkerijsloterkade.nl/,4.6,130,,"Sloterkade 129, 1058 HM Amsterdam, Netherlands "
Bar Dancing Multipla,Restaurant,+31 6 43783445 ,http://multipla.amsterdam/,4.3,130,,"Valschermkade 16, 1059 CD Amsterdam, Netherlands "
Bar Café Louis-Davids Schinkel,Bar,+31 6 10112669 ,http://www.louisdavids.nl/,4.4,114,,"Rijnsburgstraat 85, 1059 AT Amsterdam, Netherlands "
By Yakhlaf,Restaurant,+31 20 363 5231 ,https://www.byyakhlaf.nl/,2.6,100,,"Heemstedestraat 38, 1058 TC Amsterdam, Netherlands "
Chicken Xpress,Chicken restaurant,+31 20 669 3430 ,http://www.chicken-xpress.nl/,1.9,10,,"Heemstedestraat 66HS, 1058 TT Amsterdam, Netherlands "
MMA Burger,Restaurant,+31 6 57983042 ,https://amsterdambusi.org/details/mma-burger-ChIJqy5,4.4,33,,"Helicopterstraat 20, 1059 CG Amsterdam, Netherlands "
Burger Blaze,Hamburger restaurant,+31 6 25576562 ,https://burger-blaze.nl/,5.0,8,,"Helicopterstraat 20, 1059 CG Amsterdam, Netherlands "
Arepa Shop Amsterdam,Catering food and drink supplier,+31 6 17377575 ,https://www.arepashopamsterdam.nl/,3.6,42,,"Anthony Fokkerweg 61, 1059 CP Amsterdam, Netherlands "
Amsterdam Eet the Deli,Lunch restaurant,+31 6 15067063 ,https://amsterdameet.nl/,4.3,37,,"Purmerplein 15-17, 1023 BC Amsterdam, Netherlands "
Lunchroom Snackbar de Boei,Fast food restaurant,+31 20 636 4833 ,http://www.snackbardeboei.nl/,4.3,234,,"Purmerplein 34, 1023 BD Amsterdam, Netherlands "
Café Enté,Diner,+31 6 10547729 ,https://www.enteamsterdam.nl/,4.8,170,,"Lindengracht 31h, 1015 KB Amsterdam, Netherlands "
Libertine Petit Café,Restaurant,+31 20 760 1224 ,http://www.libertine.amsterdam/,3.8,326,,"Noordermarkt 4, 1015 MV Amsterdam, Netherlands "
Danske Dog,Family restaurant,+31 6 38615726 ,,,,,"Noordermarkt, 1015 NA Amsterdam, Netherlands "
Osteria Mediterranea Amsterdam,Restaurant,+31 6 82574013 ,https://osteriamediterranea.nl/,,,,"Tweede Anjeliersdwarsstraat 6, 1015 NT Amsterdam, Netherlands "
Café Brel🍺,Pub,+31 20 341 5341 ,http://www.cafe-brel.nl/,4.6,177,,"Van Hallstraat 37, 1051 VN Amsterdam, Netherlands "
Stomy's Snackbar,Fast food restaurant,+31 20 684 1444 ,,3.5,82,,"Van Limburg Stirumstraat 69, 1051 BA Amsterdam, Netherlands "
De Tuinkeuken,Restaurant,+31 6 13325958 ,http://www.depizzakeuken.com/,5.0,181,,"Mercuriusplein 9, 1033 AZ Amsterdam, Netherlands "
Chinees Restaurant Far East,Chinese restaurant,+31 20 493 0811 ,https://www.fareastamsterdam.com/,4.3,404,,"Pomonastraat 22, 1033 TH Amsterdam, Netherlands "
Masala Bar,Restaurant,+31 6 10089428 ,https://www.masalabar.nl/,4.5,67,,"Kometensingel 184H, 1033 BZ Amsterdam, Netherlands "
"Snackbar ""Orion""",Cafeteria,+31 20 631 2219 ,https://mapbon.com/snackbar-orion-873456-nl,4.5,136,,"Meteorenweg 248, 1033 HL Amsterdam, Netherlands "
Eetcafé Menora,Fast food restaurant,+31 20 631 6386 ,,3.4,219,,"Nieuwe Maanstraat 1, 1033 JK Amsterdam, Netherlands "
Tuindorp Deli-cious,Restaurant,+31 6 41896690 ,https://nlcompanies.org/details/tuindorp-delicious-ChIJcyt,4.8,55,,"Zonneplein 18a, 1033 EK Amsterdam, Netherlands "
Restaurant Pof,Restaurant,+31 20 331 2351 ,https://www.pofamsterdam.nl/,4.7,331,,"Meteorenweg 280, 1035 RN Amsterdam, Netherlands "
Café Soleil Amsterdam,Restaurant,+31 20 737 1388 ,http://cafesoleilamsterdam.nl/,4.6,127,,"Papaverhoek 31, 1032 JZ Amsterdam, Netherlands "
Copain Amsterdam,Restaurant,+31 6 24956358 ,http://copain.amsterdam/,4.6,45,,"Tt. Vasumweg 42, 1033 SC Amsterdam, Netherlands "
Pelusa,Restaurant,+31 20 303 1468 ,http://www.pelusa.amsterdam/,4.9,205,,"Leen Jongewaardkade 41, 1031 HS Amsterdam, Netherlands "
BBROOD,Bakery,+31 20 244 0803 ,https://www.bbrood.nl/,4.2,594,,"Ms. van Riemsdijkweg 192, 1033 RD Amsterdam, Netherlands "
Vasum,Sandwich shop,+31 20 492 2456 ,https://www.broodjevasum.nl/,4.5,286,,"Tt. Vasumweg 97, 1033 SG Amsterdam, Netherlands "
The Fabulous Shaker Boys,Catering food and drink supplier,+31 88 050 5255 ,http://www.fabulousshakerboys.com/,4.8,36,,"Back-Upstraat 20, 1033 NX Amsterdam, Netherlands "
Mr. Waffel & Chicken,Takeout Restaurant,+31 6 23746356 ,http://www.mrwaffelenchicken.nl/,4.7,48,,"Tt. Vasumweg 4d, 1033 SC Amsterdam, Netherlands "
Mei Wah,Chinese restaurant,+31 20 637 0785 ,http://www.meiwah.net/,3.8,322,,"Buikslotermeerplein 102, 1025 EX Amsterdam, Netherlands "
NRD,Cafe,+31 20 637 0932 ,https://www.locatienrd.nl/,4.1,171,,"Asterweg 14, 1031 HN Amsterdam, Netherlands "
Wong Kee,Chinese restaurant,+31 20 636 6538 ,http://www.wongkeeamsterdam.nl/,3.5,121,,"Buikslotermeerplein 391, 1025 XE Amsterdam, Netherlands "
Pasta King 020,Takeout Restaurant,+31 6 84791244 ,,4.5,48,,"Slijperweg 7, 1032 KT Amsterdam, Netherlands "
Smokey Burger,Hamburger restaurant,+31 20 702 0638 ,https://www.smokeyburger.nl/,3.4,195,,"Buikslotermeerplein 140, 1025 EZ Amsterdam, Netherlands "
Gigi's Food,Takeout Restaurant,+31 20 362 1824 ,https://www.gigisfood.nl/,3.6,30,,"Slijperweg 16B1, 1032 KV Amsterdam, Netherlands "
Halal Chicken Delivery,Restaurant,+31 6 84516838 ,https://www.halal-chicken-delivery-amsterdam.nl/contact,3.0,1,,"Polijsterweg 9h, 1032 KP Amsterdam, Netherlands "
Dokzicht B.V.,Restaurant,+31 20 303 0791 ,https://www.dokzicht.nl/,5.0,2,,"Netwerkweg 3, 1033 MV Amsterdam, Netherlands "
Lunchroom Cafe St. Paul's,Restaurant,+31 20 627 7044 ,http://www.stpauls.nl/contact.php,4.1,446,,"Gravenstraat 24-B, 1012 NM Amsterdam, Netherlands "
McDonald's Amsterdam Buikslotermeerplein,Hamburger restaurant,+31 20 238 2198 ,https://mcdonaldsrestaurant.nl/amsterdam-buikslotermeerplein,3.1,925,,"Buikslotermeerplein 60-62, 1025 EW Amsterdam, Netherlands "
Meat The Balls,Sandwich shop,+31 6 17137515 ,https://www.meattheballs.nl/,4.9,265,,"Kinkerstraat 142, 1053 EG Amsterdam, Netherlands "
Mer du Nord,Restaurant,+31 6 53405834 ,https://www.instagram.com/merdunordfoodhallen/,3.6,66,,"Netherlands, Amsterdam, Bellamyplein 51 [ Foodhallen "
Pita,Falafel restaurant,+31 6 27998202 ,https://www.bredagroup-amsterdam.com/restaurant-pita-amsterdam/?lang=en,4.2,180,,"Bellamyplein 51, 1053 AT Amsterdam, Netherlands "
Smokey Goodness Amsterdam,Restaurant,+31 6 41696916 ,https://www.smokeygoodness.nl/,3.4,37,,"Bellamyplein 51, 1053 AT Amsterdam, Netherlands "
Chez ABG,Restaurant,+31 6 28685010 ,,4.6,31,,"Ten Katestraat 21, 1053 CG Amsterdam, Netherlands "
Meatball Rollers,Restaurant,+31 20 261 9412 ,https://amsterdambusi.org/details/meatball-rollers-ChIJ4Z1,4.4,32,,"Hannie Dankbaarpassage 16, 1053 RT Amsterdam, Netherlands "
Café Panache,Pub,+31 20 221 1736 ,http://cafepanache.nl/,4.2,777,,"Ten Katestraat 117, 1053 CC Amsterdam, Netherlands "
Maud Amsterdam,Restaurant,+31 20 786 6241 ,https://www.maudamsterdam.nl/,4.6,148,,"Bilderdijkstraat 205, 1053 HD Amsterdam, Netherlands "
Restaurant Riaz,Surinamese restaurant,+31 20 683 6453 ,http://www.riaz.nl/,4.2,215,,"Bilderdijkstraat 193, 1053 KS Amsterdam, Netherlands "
H. Burger,Hamburger restaurant,+31 20 304 4984 ,,4.6,498,,"De Clercqstraat 128, 1052 NP Amsterdam, Netherlands "
Doner & Pizza Imperium,Restaurant,+31 20 239 5180 ,https://holmsi.org/details/doner-pizza-imperium-ChIJdSD,3.9,145,,"Rie Mastenbroekstraat 1 A, 1095 MJ Amsterdam, Netherlands "
Oliver Green,Health food restaurant,+31 20 723 2521 ,https://www.olivergreen.nl/,4.4,222,,"Olympiaplein 127, 1077 CX Amsterdam, Netherlands "
De Huismeesters,Espresso bar,+31 20 820 1122 ,http://dehuismeesters.com/,4.6,20,,"Duivendrecht NL, Entrada 100, 1114 AA Amsterdam, Netherlands "
Dickys Grand Café,Cafe,+31 6 25338504 ,http://www.dickys-grandcafe.nl/,3.9,493,,"Gustav Mahlerplein 110, 1082 MA Amsterdam, Netherlands "
d'Overkant,Restaurant,+31 20 679 7366 ,https://overkant.nl/nl/doverkant/,4.1,693,,"Scheldestraat 101-105, 1078 GJ Amsterdam, Netherlands "
Strandzuid – Zomereditie Zuidpool,Restaurant,+31 20 639 2589 ,https://strand-zuid.nl/,4.0,1550,,"Europaplein 22, 1078 GZ Amsterdam, Netherlands "
Zero Zero,Sandwich shop,+31 20 227 9802 ,https://www.zero-zero.store/,4.4,82,,"Gustav Mahlerlaan 399, 1082 MK Amsterdam, Netherlands "
Bream at the Joan,Restaurant,+31 6 25174634 ,https://www.bream.nl/,4.4,5,,"Joan Muyskenweg 30, 1114 AN Amsterdam, Netherlands "
Bakker Jongejans,Bakery,+31 20 442 0766 ,https://bakkerjongejans.nl/,3.8,152,,"Van Leijenberghlaan 176, 1082 DC Amsterdam, Netherlands "
McDonald's,Hamburger restaurant,+31 20 465 0466 ,https://mcdonaldsrestaurant.nl/amsterdam-spaklerweg,3.3,2914,,"Spaklerweg 38, 1096 BA Amsterdam, Netherlands "
"Buffet restaurant ""'t IJ""",Restaurant,+31 2080001100 ,https://www.vandervalkamsterdam.com/restaurant/buffet-t-ij,3.0,2,,"Joan Muyskenweg 20, 1096 CJ Amsterdam, Netherlands "
Cooper & Cecile,Restaurant,+31 20 820 4410 ,https://postillionhotels.com/nl-nl/hotels/postillion-hotel-amsterdam/coopercecile,2.5,29,,"Paul van Vlissingenstraat 9, 1096 BK Amsterdam, Netherlands "
Chez Favié,Cafe,+31 20 643 6994 ,https://boschplankiosken.nl/index.php/chez-favie/,2.9,615,,"De Duizendmeterweg 2, 1182 DC Amstelveen, Netherlands "
Shakes & Breaks Gustav Mahlerplein,Espresso bar,+31 6 39668396 ,https://www.instagram.com/shakes.breaks?igsh=MXVkdm4xYzAycHg2eg==,5.0,5,,"Gustav Mahlerplein, 1082 MS Amsterdam, Netherlands "
Wanakam,Cafe,+31 6 82441447 ,https://wanakam.club/,5.0,42,,"Ruyschstraat 34, 1091 CC Amsterdam, Netherlands "
Le Pain Quotidien,Restaurant,+31 20 664 4144 ,https://lepainquotidien.com/nl/stores/beethovenstraat?utm_source=gmb&utm_medium=business-listing,4.2,508,,"Beethovenstraat 56 hs, 1077 JK Amsterdam, Netherlands "
Bbrood,Bakery,+31 20 673 5249 ,http://www.bbrood.nl/,4.2,73,,"Beethovenstraat 17, 1077 HL Amsterdam, Netherlands "
Café 't Gasthuys,Gastropub,+31 20 624 8230 ,http://www.gasthuys.nl/,4.4,1182,,"Grimburgwal 7, 1012 GA Amsterdam, Netherlands "
Omber Restaurant,Restaurant,+31 20 554 0600 ,https://www.tivolihotels.com/en/tivoli-doelen/restaurants/omber,4.8,37,,"Nieuwe Doelenstraat 26, 1012 CP Amsterdam, Netherlands "
Café 't Spui-tje,Pub,+31 20 626 7684 ,http://www.cafehetspui-tje.nl/,4.3,535,,"Spuistraat 318, 1012 VX Amsterdam, Netherlands "
Café Lange Leo - Heineken Star Serve Bar,Bar,+31 20 233 4192 ,http://www.cafelangeleo.nl/,4.5,329,,"Spuistraat 326-A, 1012 VX, Spuistraat 326A, 1012 VX Amsterdam, Netherlands "
De Vlieg,Bar,+31 20 530 4060 ,http://bardevlieg.nl/,4.6,50,,"Spuistraat 294, 1012 VX Amsterdam, Netherlands "
Café De Zwart,Cafe,+31 20 260 0826 ,https://cafedezwartamsterdam.nl/,3.9,404,,"Spuistraat 334, 1012 VX Amsterdam, Netherlands "
Cafe the Palace,Pub,+31 20 625 0996 ,http://www.cafethepalace.nl/,4.5,480,,"Spuistraat 46, 1012 TV Amsterdam, Netherlands "
Dante Kitchen & Bar,Italian restaurant,+31 20 846 6234 ,http://restaurantdante.nl/,3.8,1985,,"Spuistraat 320, 1012 VX Amsterdam, Netherlands "
SOHO Amsterdam,Gay bar,+31 6 85686027 ,https://www.soho-amsterdam.com/,3.6,561,,"Reguliersdwarsstraat 36, 1017 BM Amsterdam, Netherlands "
Do Not Disturb,Lounge,+31 50 215 5567 ,https://www.dnd-amsterdam.com/,3.9,52,,"Spuistraat 175, 1016 DB Amsterdam, Netherlands "
ARIE,Restaurant,+31 20 235 7173 ,http://www.arie.goudvisch.nl/,4.5,778,,"Ferdinand Bolstraat 24HS, 1072 LK Amsterdam, Netherlands "
"Lunchroom ""Hannibal""",Restaurant,+31 20 673 5488 ,,4.6,496,,"Ferdinand Bolstraat 92, 1072 LN Amsterdam, Netherlands "
Café Sarphaat,Pub,+31 20 675 1565 ,https://www.sarphaat.nl/,4.0,966,,"Ceintuurbaan 157, 1072 GB Amsterdam, Netherlands "
Babel,Restaurant,+31 6 19750280 ,http://www.babel.amsterdam/,3.0,82,,"Oosterdokskade 143, 1011 DL Amsterdam, Netherlands "
Restaurant-café,Restaurant,+31 20 523 2222 ,https://www.hetscheepvaartmuseum.nl/bezoek/restaurant,3.6,27,,"Kattenburgerplein 1, 1018 KK Amsterdam, Netherlands "
Mama Pancake,Pancake restaurant,+31 20 362 1724 ,,3.4,339,,"Oosterdokskade 63, 1011 DD Amsterdam, Netherlands "
Café Noir,Restaurant,+31 20 623 0901 ,http://www.cafenoiramsterdam.nl/,4.1,349,,"Weesperplein 19-21, 1018 WZ Amsterdam, Netherlands "
CIRO 1939,Italian restaurant,+31 20 412 7543 ,http://www.ciro1939.nl/,4.2,185,,"Commelinstraat 67, 1093 TL Amsterdam, Netherlands "
Restaurant Oké,Kebab shop,+31 6 14670727 ,,4.5,51,,"Dapperstraat 2, 1093 BT Amsterdam, Netherlands "
Roopram Roti,Surinamese restaurant,+31 20 693 2902 ,http://www.roopramroti.nl/,4.3,1371,,"Eerste Van Swindenstraat 4, 1093 GC Amsterdam, Netherlands "
Amsterdamsche Eetsalon de Waal,Lunch restaurant,+31 20 261 1717 ,https://www.eetsalondewaal.nl/,4.9,53,,"Zamenhofstraat 150, unit 3, 1022 AG Amsterdam, Netherlands "
Restaurant Van Noord,Restaurant,+31 20 205 0970 ,https://nethermaps.org/details/restaurant-van-noord-ChIJNZS,5.0,1,,"Gedempt Hamerkanaal 267, 1021 KP Amsterdam, Netherlands "
Trees Rest. & Bar,Restaurant,+31 20 280 1334 ,https://www.treesamsterdam.nl/,4.4,109,,"Zeedijk 14A, 1012 AX Amsterdam, Netherlands "
't Houtskooltje,Restaurant,+31 20 422 2925 ,https://www.houtskooltje.nl/,4.1,201,,"Johan van Hasseltweg 118, 1022 WZ Amsterdam, Netherlands "
Buurtboerderij Centraal,Restaurant,+31 20 337 6820 ,https://www.buurtboerderijcentraal.nl/,4.5,10,,"Kattenburgerstraat 5, gebouw 027 E, 1018 JA Amsterdam, Netherlands "
SMUSHY,Lunch restaurant,+31 6 46190202 ,,5.0,17,,"Wittenburgergracht 141, 1018 MX Amsterdam, Netherlands "
Da Filippo,Restaurant,+31 6 10663705 ,,3.4,344,,"Nieuwezijds Voorburgwal 289HS, 1012 RL Amsterdam, Netherlands "
Chop Chop Amsterdam,Restaurant,+31 20 782 2788 ,https://www.chopchopamsterdam.com/,5.0,351,,"Voetboogstraat 13, 1012 XK Amsterdam, Netherlands "
Calf & Bloom,Restaurant,+31 20 422 8890 ,http://calfandbloom.nl/,4.2,746,,"Singel 461, 1012 WP Amsterdam, Netherlands "
De Vergulde Lantaarn,Restaurant,+31 20 737 0990 ,,3.3,188,,"Nieuwendijk 145, 1012 MD Amsterdam, Netherlands "
Café De Spaanse Ruiter,Cafe,+31 6 83216692 ,https://www.facebook.com/De-Spaanse-Ruiter-171766056247830/timeline/,4.0,202,,"Nieuwezijds Voorburgwal 90A, 1012 SG Amsterdam, Netherlands "
Café Van Daele,Cafe,+31 20 620 1435 ,https://www.cafevandaele.com/,4.3,799,,"Paleisstraat 101, 1012 ZL Amsterdam, Netherlands "
Café the Star,Cafe,+31 20 420 9692 ,https://www.facebook.com/Cafedesteramsterdam/,4.4,1207,,"Martelaarsgracht 20-22, 1012 TR Amsterdam, Netherlands "
Café Mooy,Bar,+31 20 624 0294 ,https://www.facebook.com/CafeMooy/,4.4,352,,"Kolksteeg 12, 1012 PT Amsterdam, Netherlands "
McDonald's,Hamburger restaurant,+31 20 623 8141 ,https://mcdonaldsrestaurant.nl/amsterdam-nieuwendijk-212,3.5,5913,,"Nieuwendijk 212, 1012 NN Amsterdam, Netherlands "
Amsterdam,Lunch restaurant,+31 6 24658525 ,https://www.devalentinos.com/,1.0,1,,"Zuideinde 447, 1035 PH Amsterdam, Netherlands "
De Tuin van Eten,Vegetarian restaurant,+31 6 30646270 ,http://www.detuinvaneten.nl/,4.9,38,,"Meteorenweg 280, 1035 RN Amsterdam, Netherlands "
Friethuys Tien,Fast food restaurant,+31 20 280 0813 ,https://www.friethuystien.nl/,4.5,163,,"Lange Vonder 124, 1035 JZ Amsterdam, Netherlands "
Favori Cafe Restaurant,Restaurant,+31 20 331 6375 ,http://www.boventy.nl/winkels/favori,4.0,218,,"Buikslotermeerplein 234, 1025 GB Amsterdam, Netherlands "
Pizzabakkers Noorderpark,Pizza restaurant,+31 20 737 0662 ,https://www.depizzabakkers.nl/noord/,4.0,483,,"Waddenweg 2, 1025 PV Amsterdam, Netherlands "
Snackbar De Banne,Fast food restaurant,+31 20 737 2867 ,http://www.snackbardebanne.nl/,3.6,258,,"Bezaanjachtplein 239, 1034 BM Amsterdam, Netherlands "
KFC,Fast food restaurant,+31 20 636 4362 ,http://www.kfc.nl/,2.2,925,,"Buikslotermeerplein 244, 1025 GB Amsterdam, Netherlands "
Subway,Sandwich shop,+31 20 753 9434 ,https://restaurants.subway.com/nl/nederland/amsterdam/buikslotermeerplein-204?utm_source=yxt-goog&utm_medium=local&utm_term=acq&utm_content=65236&utm_campaign=evergreen-2020&y_source=1_MTQ5MjYwNjItNzE1LWxvY2F0aW9uLndlYnNpdGU%3D,3.9,221,,"Buikslotermeerplein 204, 1025 GA Amsterdam, Netherlands "
Herman & Herman,Diner,+31 20 363 5391 ,https://www.hermanenherman.nl/,4.7,42,,"Beukenplein 3HS, 1092 BA Amsterdam, Netherlands "
Shakes & Breaks Oosterpark,Espresso bar,+31 6 39668396 ,https://www.instagram.com/shakes.breaks?igsh=MXVkdm4xYzAycHg2eg==,5.0,4,,"Oosterpark, 1092 AD Amsterdam, Netherlands "
La Bottega by Chiara's Food,Italian grocery store,+31 6 43001224 ,http://www.chiarasfood.nl/,4.8,192,,"Van Woustraat 201H, 1074 AN Amsterdam, Netherlands "
Canbind Pick up Cafe BV,Cafe,+31 20 303 2864 ,,3.4,13,,"Pretoriusstraat 58 H, 1092 GJ Amsterdam, Netherlands "
Dutch Pancake Boat,Brunch restaurant,+31 6 16981786 ,https://dutchpancakeboat.com/contact/,4.9,76,,"Leidsekade 101, 1017 PP Amsterdam, Netherlands "
Vlaamsch Broodhuys Vijzelstraat Amsterdam,Bakery,+31 20 626 0654 ,https://www.vlaamschbroodhuys.nl/winkels/amsterdam/vijzelstraat/,3.5,521,,"Vijzelstraat 109, 1017 HH Amsterdam, Netherlands "
Amsay Lunchroom,Restaurant,+31 6 34336317 ,https://amsaylunchroom.sitedish.shop/,4.4,15,,"Burgemeester van Leeuwenlaan 71h, 1064 KM Amsterdam, Netherlands "
Emek Lunchroom en Café,Lunch restaurant,+31 20 412 9846 ,http://www.emeklunchroom.nl/,4.8,48,,"Burgemeester van Leeuwenlaan 75H, 1064 KM Amsterdam, Netherlands "
PUCK,Restaurant,+31 6 21348752 ,http://www.clubpuck.nl/,4.4,936,,"Jan Evertsenstraat 747, 1061 XZ Amsterdam, Netherlands "
DELIdepartment,Lunch restaurant,+31 6 44979866 ,https://www.delidepartment.nl/,4.8,26,,"Pampuslaan 23, 1087 HP Amsterdam, Netherlands "
Brasserie Drusius,Brasserie,+31 20 699 6744 ,http://www.brasseriedrusius.nl/,4.2,236,,"Diemerplein 44, 1111 JD Diemen, Netherlands "
MoMi,Restaurant,+31 20 221 0765 ,https://restaurantmomi.nl/,4.9,33,,"Punt Sniep 107, 1112 AD Diemen, Netherlands "
FEBO Diemen,Restaurant,+31 20 723 1941 ,https://www.febo.nl/,4.1,117,,"Diemerplein 188, 1111 GE Diemen, Netherlands "
fresh2go sushi,Sushi takeaway,+31 20 237 4795 ,https://bestellen.fresh2gosushi.nl/,3.9,27,,"Rie Mastenbroekstraat 1B, 1095MJ Amsterdam, Netherlands "
Kwalitaria Diemerplein,Fast food restaurant,+31 20 600 4866 ,https://kwalitaria.nl/?utm_source=google&utm_medium=organic&utm_campaign=organic_gmb,4.1,281,,"Diemerplein 182, 1111 JD Diemen, Netherlands "
Happy China,Chinese restaurant,+31 20 690 1988 ,http://www.happy-china-diemen.nl/,4.1,314,,"Diemerplein 12, 1111 JD Diemen, Netherlands "
VERO Italiaanse Keuken,Italian restaurant,+31 20 416 5559 ,,4.6,91,,"Arent Krijtsstraat 30, 1111 AM Diemen, Netherlands "
Jai Ram's Roti,Surinamese restaurant,+31 20 845 8439 ,https://www.rotihuis.nl/,4.3,253,,"diemerplein 184, 1111 JD Diemen, Netherlands "
Döner House,Turkish restaurant,+31 20 331 1945 ,http://www.donerhouse.nl/,4.4,265,,"Diemerplein 192, 1111 JD Diemen, Netherlands "
Grutto Diemen,Fast food restaurant,+31 20 754 9215 ,https://www.gruttodiemen.nl/,4.5,80,,"Gruttoplein 2 A, 1113 HM Diemen, Netherlands "
Glenn's Patat,Fast food restaurant,+31 6 41972220 ,http://www.facebook.com/glennspatat/,4.6,7,,"Diemerplein, 1111 JD Diemen, Netherlands "
New York Pizza,Pizza delivery,+31 20 600 9099 ,https://www.newyorkpizza.nl/?store=46&utm_medium=organic&utm_source=GMBlisting,3.3,127,,"Muiderstraatweg 50, 1111 PS Diemen, Netherlands "
OBA IJburg,Public library,+31 20 523 0900 ,http://www.oba.nl/ijburg,4.0,24,,"Diemerparklaan 79, 1087 GN Amsterdam, Netherlands "
Papa Johns Pizza,Pizza restaurant,+31 20 226 0041 ,https://www.papajohns.co.nl/?utm_source=yext-google-my-business&utm_medium=organic-search&utm_campaign=local-listing,3.0,267,,"Diemerplein 178 Diemen, 1111 JD Amsterdam, Netherlands "
Spijkerman,Restaurant,+31 299 423 951 ,https://spijkerman-etenendrinken.nl/,4.4,1139,,"Neckerdijk 1, 1441 GX Purmerend, Netherlands "
Rozemeijer,Restaurant,+31 6 42706699 ,http://etenbijrozemeijer.nl/,4.7,400,,"Jaagweg 6, 1441 PA Purmerend, Netherlands "
Libanees Restaurant & Bar | Fenicie Purmerend,Lebanese restaurant,+31 299 416 437 ,http://www.restaurantfenicie.nl/,4.5,1116,,"Willem Eggertstraat 143, 1441 CJ Purmerend, Netherlands "
Pide & More,Turkish restaurant,+31 6 47000501 ,,4.5,134,,"Peperstraat 2, 1441 BJ Purmerend, Netherlands "
Kriti Grieks Restaurant & Tapasbar,Greek restaurant,+31 299 429 049 ,http://www.kritipurmerend.nl/,4.7,1682,,"Neckerstraat 3, 1441 KT Purmerend, Netherlands "
Çiya Purmerend,Lunch restaurant,+31 299 201 261 ,https://ciya-purmerend.nl/,4.9,61,,"Kerkstraat 37, 1441 BL Purmerend, Netherlands "
Rooie Sien - Restobar,Restaurant,+31 299 845 872 ,http://www.restobarrooiesien.nl/,4.6,647,,"Koemarkt 17-19, 1441 DA Purmerend, Netherlands "
Restaurant & Bar Twaalf,Restaurant,+31 299 633 608 ,http://restauranttwaalf.nl/,4.5,191,,"Koemarkt 12, 1441 DC Purmerend, Netherlands "
Restaurant Kozee,Restaurant,+31 299 415 140 ,http://www.kozee-etenendrinken.nl/,4.7,272,,"Koemarkt 28, 1441 DD Purmerend, Netherlands "
Victoria Garden,Restaurant,+31 299 414 162 ,https://www.victoriagarden.nl/?y_source=1_MzEzMjkzMC03MTUtbG9jYXRpb24ud2Vic2l0ZQ==,4.5,382,,"Van Damplein 23, 1448 NB Purmerend, Netherlands "
Sultaniye,Restaurant,+31 20 303 3477 ,https://www.sultaniye.nl/,4.8,67,,"Kamperfoelieweg 168h, 1032 HV Amsterdam, Netherlands "
Cafe Restaurant De Badhoeve,Restaurant,+31 20 490 4745 ,,4.5,66,,"Uitdammerdijk 10-C, 1026 CP Amsterdam, Netherlands "
Pont Neuf,Fast food restaurant,+31 20 845 4295 ,http://pontneufamsterdam.nl/,4.1,279,,"Meeuwenlaan 329, 1022 AL Amsterdam, Netherlands "
Drink & Eetlokaal Het Schoolhuis,Restaurant,+31 20 490 4414 ,http://www.schoolhuisholysloot.nl/,4.3,632,,"Dorpsstraat Holysloot 38, 1028 BE Amsterdam, Netherlands "
Tysora-surinamese-breakfast,Breakfast restaurant,+31 20 753 9868 ,https://tysora-surinamese-breakfast.nl/,5.0,2,,"Het Hoogt, 1025 HL Amsterdam, Netherlands "
Snackbar Marcouch,Fast food restaurant,+31 6 11433146 ,,4.3,123,,"Kamperfoelieweg 90, 1032 HR Amsterdam, Netherlands "
Eethoek 10,Fast food restaurant,+31 20 636 0042 ,https://www.eethoek10noord.nl/,4.1,204,,"Papaverweg 10, 1032 KH Amsterdam, Netherlands "
FEBO Amsterdam - Gentiaanstraat,Fast food restaurant,+31 20 358 5233 ,https://www.febo.nl/,3.6,226,,"Gentiaanstraat 7, 1031 AE Amsterdam, Netherlands "
Grand Sandwich House,Sandwich shop,+31 20 358 4956 ,,4.1,104,,"Meeuwenlaan 321, 1022 AL Amsterdam, Netherlands "
Lobby & Lounge Bar,Bar,+31 20 519 1200 ,https://movenpick.accor.com/en/europe/netherlands/amsterdam/hotel-amsterdam/restaurants/lobby-lounge-bar.html/?utm_source=google&utm_medium=organic&utm_campaign=google_local_lobby_lounge_bar,3.9,12,,"Piet Heinkade 11, 1019 BR Amsterdam, Netherlands "
Bar Guzzo,Pub,+31 20 627 8314 ,http://www.barguzzo.nl/,4.3,216,,"Kattenburgerplein 39, 1018 KK Amsterdam, Netherlands "
Spritz Bar Amsterdam,Bar,+31 20 217 0501 ,https://spritzbar.amsterdam/,4.6,20,,"Leidsebosje 2, 1054 LJ Amsterdam, Netherlands "
Bar & Brasserie Werkspoor,Restaurant,+31 20 227 2550 ,https://www.inntelhotelsamsterdamlandmark.nl/eten-drinken/,3.3,25,,"VOC-kade 600, 1018 LG Amsterdam, Netherlands "
Benelux Bar,Bar,+31 20 211 1283 ,http://www.be-ne-lux.bar/,3.7,78,,"Gedempt Hamerkanaal 83, 1021 KP Amsterdam, Netherlands "
Broodje Art,Sandwich shop,+31 6 29591466 ,,4.7,239,,"Prinsengracht 564, 1017 KK Amsterdam, Netherlands "
Yubu Bento,Takeout Restaurant,+31 6 16288359 ,https://yububento.com/,4.9,37,,"Kerkstraat 155, 1017 GG Amsterdam, Netherlands "
Pesto Presto,Sandwich shop,+31 6 25312969 ,http://www.pestopresto.nl/,4.7,35,,"Vijzelstraat 89, 1017 HG Amsterdam, Netherlands "
Lunchroom Sapp,Restaurant,+31 6 14466711 ,,4.5,13,,"Gravenstraat 5, 1012 NN Amsterdam, Netherlands "
Ms. Chelin,Restaurant,+31 20 802 0666 ,https://ms-chelin.nl/,4.3,82,,"Kerkstraat 136, 1017 GR Amsterdam, Netherlands "
Wake N' Bake,Takeout Restaurant,+31 6 53764546 ,https://www.order.store/store/wake-n-bake-panificio/xon7rL6IRMqMdtpdlRryxg,5.0,84,,"Vijzelstraat 93h, 1017 HH Amsterdam, Netherlands "
FETCHFOOD AHTC,Restaurant,+31 20 303 7500 ,https://fetchfood.nl/,5.0,4,,"Paasheuvelweg 25, 1105 BP Amsterdam, Netherlands "
Lucia's Zuidas,Restaurant,+31 20 308 0600 ,https://lucias-restaurant.com/amsterdam-zuidas/,4.0,130,,"Professor J.H. Bavincklaan 3, 1183 AT Amstelveen, Netherlands "
fumi,Asian restaurant,+31 20 345 5489 ,http://www.fumi-amstelveen.nl/,4.6,280,,"Professor E.M. Meijerslaan 6, 1183 AV Amstelveen, Netherlands "
Buenos Aires,Argentinian restaurant,+31 20 641 8931 ,http://www.baires.nl/,4.5,1006,,"Dorpsstraat 23, 1182 JK Amstelveen, Netherlands "
Kokusai,Japanese restaurant,+31 20 640 7200 ,http://www.restaurantkokusai.nl/,4.2,2095,,"Stadstuinen 2, 1181 VT Amstelveen, Netherlands "
Indian Street Food & Co.,Restaurant,+31 20 441 4661 ,http://www.indianstreetfood.nl/,4.7,3611,,"Karel Doormanweg 16, 1181 WE Amstelveen, Netherlands "
No19 Kitchen and Bar,Lunch restaurant,+31 20 641 5078 ,https://www.alpdeveenen.com/nl/no19-kitchen-bar/,5.0,33,,"Ouderkerkerlaan 19, 1185 AC Amstelveen, Netherlands "
De Manen,Restaurant,+31 20 224 6236 ,http://www.demanen.eu/,4.2,392,,"Noorddammerlaan 9, 1185 XZ Amstelveen, Netherlands "
"Paardenburg | Brasserie, private dining & events",Restaurant,+31 20 496 1210 ,https://brasseriepaardenburg.nl/,4.0,867,,"Amstelzijde 55, 1184 TZ Amstelveen, Netherlands "
Momo Bar,Restaurant,+31 6 40566532 ,https://www.facebook.com/profile.php?id=100054506647825,4.5,414,,"Hueseplein 8, 1185 HH Amstelveen, Netherlands "
Yama Bistro,Restaurant,+31 6 45206395 ,http://yamabistro.nl/,4.7,57,,"Kostverlorenhof 16, 1183 HE Amstelveen, Netherlands "
Pachamama Nikkei Cocina,Peruvian restaurant,+31 6 34167993 ,http://www.pachamamaonwheels.nl/,4.8,305,,"Kostverlorenhof 17, 1183 HE Amstelveen, Netherlands "
DAY lunch en tapas restaurant,Restaurant,+31 20 760 5355 ,http://daytapasbar.nl/,4.3,674,,"Stadsplein 52, 1181 ZM Amstelveen, Netherlands "
KEK! Pop-up in het Jagershuis,Brewpub,+31 6 21402329 ,http://www.kek-bier.nl/,4.8,231,,"Amstelzijde 4, 1184 VA Amstelveen, Netherlands "
The WineKitchen,Restaurant,+31 20 345 1327 ,http://www.thewinekitchenatsea.nl/,4.6,441,,"Ouderkerkerlaan 2, 1185 AB Amstelveen, Netherlands "
Ishii Okonomiyaki,Japanese restaurant,+31 20 334 3070 ,https://www.ishii-japaneserestaurant.com/,4.5,767,,"Kostverlorenhof 58, 1183 HG Amstelveen, Netherlands "
Nagomi Japanese Restaurant,Japanese restaurant,+31 6 51847388 ,,4.3,99,,"Kostverlorenhof 67, 1183 HG Amstelveen, Netherlands "
Café restaurant Heisa,Restaurant,+31 20 823 1861 ,http://www.caferestaurantheisa.nl/,4.7,824,,"Amstelzijde 45, 1184 TZ Amstelveen, Netherlands "
Izakaya Tanuki Amstelveen,Japanese restaurant,+31 20 645 4650 ,https://www.restaurant-tanuki.nl/,4.4,738,,"Pieter Lastmanweg 9, 1181 XG Amstelveen, Netherlands "
Sapporo To Go,Sushi takeaway,+31 20 363 6451 ,http://www.sapporotogo.nl/,4.6,57,,"Groenhof 147A, 1186 EX Amstelveen, Netherlands "
Hert 64 Mediterranean Tapas Restaurant,Restaurant,+31 20 221 8869 ,http://hert64.nl/,4.9,120,,"Dorpsstraat 64, 1182 JE Amstelveen, Netherlands "
Lucias Restaurant,Restaurant,+31 20 310 0260 ,https://lucias-restaurant.com/amstelveen-stadshart/,4.3,260,,"Stroombaan 1, 1181 LE Amstelveen, Netherlands "
Osteria Centro,Italian restaurant,+31 6 21959070 ,https://osteriacentro.nl/,4.7,119,,"Stadsplein 92, 1181 ZM Amstelveen, Netherlands "
Heyú Café - Coffee Lunch Dinner,Restaurant,+31 20 303 1284 ,http://www.heyucafe.nl/,4.7,63,,"Kerkstraat 56, 1191 JE Ouderkerk aan de Amstel, Netherlands "
MaozFalafel,Vegan restaurant,+31 20 854 3142 ,https://maozfalafel.eu/,4.4,65,,"Buitenplein 76, 1181 ZE Amstelveen, Netherlands "
Il Caffè,Restaurant,+31 20 822 6088 ,http://www.il-caffe.nl/,4.3,618,,"Uilenstede 346, 1183 DB Amstelveen, Netherlands "
Amber Garden,Chinese restaurant,+31 20 737 0821 ,https://ambergarden.nl/?utm_source=gmb&utm_medium=organic,4.5,581,,"Van Heuven Goedhartlaan 15, 1181 LE Amstelveen, Netherlands "
AGOLINI,Restaurant,+31 20 213 5555 ,https://foodcourtamsterdam.nl/agolini/,4.3,3,,"Professor J.H. Bavincklaan 5, 1183 AT Amstelveen, Netherlands "
Villa Borghese Amstelveen,Italian restaurant,+31 20 363 9221 ,http://www.villa-borghese.nl/,4.2,903,,"Laan Nieuwer-Amstel 25, 1182 JR Amstelveen, Netherlands "
SAL MEYER,Restaurant,+31 20 213 5555 ,https://all.accor.com/hotel/B355/index.en.shtml,,,,"Professor J.H. Bavincklaan 5, 1183 AT Amstelveen, Netherlands "
Damso Korean Restaurant,Korean restaurant,+31 20 640 1877 ,http://damso.nl/,4.5,521,,"Dorpsstraat 88, 1182 JG Amstelveen, Netherlands "
stadscafé De Pannenkoek,Pancake restaurant,+31 20 854 5970 ,https://stadscafedepannenkoek.nl/,4.4,534,,"Buitenplein 79, 1181 ZE Amstelveen, Netherlands "
Alexandros,Greek restaurant,+31 20 647 7888 ,https://alexandros.nl/,4.4,1411,,"Kostverlorenhof 48-50, 1183 HG Amstelveen, Netherlands "
Fluffy Cafe/Restaurant,Cafe,+31 6 57438155 ,https://www.fluffycafe.nl/,4.4,240,,"Stadsplein 95, 1181 ZM Amstelveen, Netherlands "
Du Monde Bar&Kitchen,Restaurant,+31 20 345 3366 ,http://www.grandcafeoudedorp.nl/,4.1,629,,"Dorpsstraat 104, 1182 JH Amstelveen, Netherlands "
BLVD bar,Restaurant,+31 20 347 2880 ,http://www.blvdcafe.nl/,4.0,605,,"Stadsplein 10, 1181 ZM Amstelveen, Netherlands "
Royal San Kong Amstelveen,Chinese restaurant,+31 20 647 7902 ,https://www.royalsankong.nl/,4.5,982,,"Dorpsstraat 57, 1182 JC Amstelveen, Netherlands "
De Frietfabriek,Fast food restaurant,+31 20 823 0066 ,http://www.defrietfabriek.com/,4.3,1136,,"Nieuwe Kalfjeslaan 1, 1181 CA Amstelveen, Netherlands "
Dolce Verona,Italian restaurant,+31 20 345 5177 ,https://www.dolce-verona.nl/?lang=nl,4.3,610,,"Kostverlorenhof 55, 1183 HG Amstelveen, Netherlands "
Kibboets Amstelveen,Restaurant,+31 20 647 0937 ,https://www.grillroomkibboets.nl/,3.6,444,,"Augustinuspark 26, 1185 CN Amstelveen, Netherlands "
Het Bosterras - Amsterdamse Manege,Restaurant,+31 20 643 1342 ,https://deamsterdamsemanege.nl/het-bosterras/,,,,"Nieuwe Kalfjeslaan 25, 1182 AA Amstelveen, Netherlands "
Burger Business Amstelveen,Hamburger restaurant,+31 20 643 6025 ,https://www.burgerbusiness.nl/amstelveen,4.9,13,,"De Beerebijt 16, 1181 MN Amstelveen, Netherlands "
The Indian Kitchen,Modern Indian restaurant,+31 20 641 5340 ,http://www.theindiankitchen.nl/,4.5,1936,,"Karel Doormanweg 6-8, 1181 WE Amstelveen, Netherlands "
After,Brunch restaurant,+31 6 21477956 ,,,,,"60, 1181 AC Amstelveen, Netherlands "
R Haan Thai Thai,Restaurant,+31 20 823 2824 ,https://www.r-haan-thaithai.nl/,4.9,232,,"R Haan Thai Thai, Rembrandtweg 687, 1181 GV Amstelveen, Netherlands "
Santa Maria Pizzeria & Steakhouse,Restaurant,+31 20 889 0944 ,http://www.santamaria-amstelveen.nl/,4.8,1609,,"Amsterdamseweg 448, 1181 BW Amstelveen, Netherlands "
Wah India,Bengali restaurant,+31 6 53119102 ,https://wahindia.nl/,4.3,171,,"Augustinuspark 14, 1185 CM Amstelveen, Netherlands "
Vineyard food + drinks Amsterdam Overamstel,Restaurant,+31 30 303 5577 ,https://vineyardfoodanddrinks.nl/locaties/amsterdam-overamstel/,5.0,5,,"Willem Fenengastraat 16, 1096 BN Amsterdam, Netherlands "
Bar Moqum,Bar,+31 20 800 1100 ,http://www.moqum.nl/,4.4,51,,"Joan Muyskenweg 20, 1096 CJ Amsterdam, Netherlands "
FEBO Amsterdam - Van Woustraat,Fast food restaurant,+31 20 632 8555 ,https://www.febo.nl/,4.0,449,,"Van Woustraat 65, 1074 AC Amsterdam, Netherlands "
Tolbar,Bar,+31 20 261 5689 ,http://www.tolbar.nl/,4.4,334,,"Tolstraat 182, 1074 VM Amsterdam, Netherlands "
Casa Bonita,Restaurant,+31 20 233 1754 ,https://www.facebook.com/Grillroom-Casa-Bonita-948479571875459/,5.0,3,,"235II AR, Van Woustraat, Amsterdam, Netherlands "
Nero,Restaurant,+31 20 219 9106 ,https://www.facebook.com/vermaatgroep/posts/864116623736667,2.3,4,,"Amstelplein 1, 1096 HA Amsterdam, Netherlands "
Royaal snackbar,Kebab shop,+31 6 52850820 ,,4.6,137,,"Rijnstraat 3 h, 1078 PT Amsterdam, Netherlands "
