Name,Email,Website,Google Maps URL,Phone,Query
Insify,hello@insify.nl,https://insify.nl/,https://www.google.com/maps/place/Insify/data=!4m7!3m6!1s0x47c609872a15031b:0x9c2d319ccbeeadf7!8m2!3d52.3619237!4d4.9069833!16s%2Fg%2F11qplhj647!19sChIJGwMVKocJxkcR963uy5wxLZw?authuser=0&hl=nl&rclk=1,Telefoon: 020 888 1089,tech startup Amsterdam
OviDrive,contact@ovidrive.com,http://www.ovidrive.com/,https://www.google.com/maps/place/OviDrive/data=!4m7!3m6!1s0x47c609dff1f4f54d:0x2f43900662c046f4!8m2!3d52.3633496!4d4.8919423!16s%2Fg%2F11ny0gv454!19sChIJTfX08d8JxkcR9EbAYgaQQy8?authuser=0&hl=nl&rclk=1,,tech startup Amsterdam
UNL Network,,http://unl.global/,https://www.google.com/maps/place/UNL+Network/data=!4m7!3m6!1s0x47c609e16c402f11:0x95d01a20df02c33e!8m2!3d52.3740247!4d4.9144927!16s%2Fg%2F11h0t10g44!19sChIJES9AbOEJxkcRPsMC3yAa0JU?authuser=0&hl=nl&rclk=1,,tech startup Amsterdam
TestGorilla,,https://www.testgorilla.com/,https://www.google.com/maps/place/TestGorilla/data=!4m7!3m6!1s0xadf60c91749a6637:0xa4f239cfbdf9e83!8m2!3d52.3655471!4d4.8866374!16s%2Fg%2F11tbnp8899!19sChIJN2aadJEM9q0Rg57f-5wjTwo?authuser=0&hl=nl&rclk=1,,tech startup Amsterdam
Prime Ventures,,,https://www.google.com/maps/place/Prime+Ventures/data=!4m7!3m6!1s0x47c60909efadbaf1:0x44dc428fb5edd1a1!8m2!3d52.3575051!4d4.8835128!16s%2Fg%2F1tjhww4p!19sChIJ8bqt7wkJxkcRodHttY9C3EQ?authuser=0&hl=nl&rclk=1,Telefoon: 020 205 0820,tech startup Amsterdam
Xomnia,info@xomnia.com,http://www.xomnia.com/,https://www.google.com/maps/place/Xomnia/data=!4m7!3m6!1s0x47c609e80e560b7d:0x807647bb52b3ef76!8m2!3d52.3663783!4d4.8817909!16s%2Fg%2F1ptzsbh0m!19sChIJfQtWDugJxkcRdu-zUrtHdoA?authuser=0&hl=nl&rclk=1,,tech startup Amsterdam
NFT Playground,,https://nftplayground.amsterdam/,https://www.google.com/maps/place/NFT+Playground/data=!4m7!3m6!1s0x47c60931fd483099:0x5b36f888cf81cae7!8m2!3d52.3617125!4d4.8906425!16s%2Fg%2F11t9z3hnpg!19sChIJmTBI_TEJxkcR58qBz4j4Nls?authuser=0&hl=nl&rclk=1,Telefoon: 06 41359923,tech startup Amsterdam
Fourthline HQ,info@fourthline.com,https://www.fourthline.com/,https://www.google.com/maps/place/Fourthline+HQ/data=!4m7!3m6!1s0x47c6094047f38f9b:0x8f9b639406eca242!8m2!3d52.3490596!4d4.9209308!16s%2Fg%2F11j004_pb7!19sChIJm4_zR0AJxkcRQqLsBpRjm48?authuser=0&hl=nl&rclk=1,,tech startup Amsterdam
Dealroom.co,support@dealroom.co,https://dealroom.co/,https://www.google.com/maps/place/Dealroom.co/data=!4m7!3m6!1s0x47c6099439442aef:0x5c26eafdc8428a42!8m2!3d52.3719773!4d4.8586198!16s%2Fg%2F11dztbdg8v!19sChIJ7ypEOZQJxkcRQopCyP3qJlw?authuser=0&hl=nl&rclk=1,Telefoon: 020 899 0573,tech startup Amsterdam
Impact Hub Amsterdam,amsterdam@impacthub.net,http://amsterdam.impacthub.net/,https://www.google.com/maps/place/Impact+Hub+Amsterdam/data=!4m7!3m6!1s0x47c609d00a861501:0xe588d9d90e632eae!8m2!3d52.3739229!4d4.914683!16s%2Fg%2F1tj7d7lr!19sChIJARWGCtAJxkcRri5jDtnZiOU?authuser=0&hl=nl&rclk=1,Telefoon: 020 427 4283,tech startup Amsterdam
henQ,,https://henq.vc/,https://www.google.com/maps/place/henQ/data=!4m7!3m6!1s0x47c609c5c640fb4f:0xeb83107752c781c0!8m2!3d52.3756621!4d4.8882691!16s%2Fg%2F11fxxl_z0d!19sChIJT_tAxsUJxkcRwIHHUncQg-s?authuser=0&hl=nl&rclk=1,Telefoon: 020 740 0724,tech startup Amsterdam
Startup Studio Nescio,info@nescio.co,https://nescio.co/,https://www.google.com/maps/place/Startup+Studio+Nescio/data=!4m7!3m6!1s0x47c609c0ebc39a5d:0x9e101499e3a1634e!8m2!3d52.3705247!4d4.8931356!16s%2Fg%2F11dxddw9_n!19sChIJXZrD68AJxkcRTmOh45kUEJ4?authuser=0&hl=nl&rclk=1,Telefoon: 020 751 6629,tech startup Amsterdam
LeadBoxer,hello@leadboxer.com,https://www.leadboxer.com/,https://www.google.com/maps/place/LeadBoxer/data=!4m7!3m6!1s0x47c609c468016bb5:0x2baac22fe910f73d!8m2!3d52.366645!4d4.892397!16s%2Fg%2F11ddzhkzgk!19sChIJtWsBaMQJxkcRPfcQ6S_Cqis?authuser=0&hl=nl&rclk=1,Telefoon: 085 301 4885,tech startup Amsterdam
TIN Capital | European Cyber Tech Fund,info@tincapital.vc,https://www.tincapital.vc/,https://www.google.com/maps/place/TIN+Capital+%7C+European+Cyber+Tech+Fund/data=!4m7!3m6!1s0x47c669d179181487:0xc1a9e7e8bc698ec6!8m2!3d52.334355!4d4.8863257!16s%2Fg%2F1tggmw0y!19sChIJhxQYedFpxkcRxo5pvOjnqcE?authuser=0&hl=nl&rclk=1,,tech startup Amsterdam
Amsterdam Center for Entrepreneurship (ACE),office@ace-incubator.nl,https://www.uvaventures.nl/onderneming/ace-incubator-bv/,https://www.google.com/maps/place/Amsterdam+Center+for+Entrepreneurship+%28ACE%29/data=!4m7!3m6!1s0x47c60998fa468ce1:0xa291c88219180a5f!8m2!3d52.3544695!4d4.9593122!16s%2Fg%2F1vnrptdn!19sChIJ4YxG-pgJxkcRXwoYGYLIkaI?authuser=0&hl=nl&rclk=1,,tech startup Amsterdam
Billy Grace,,https://billygrace.com/,https://www.google.com/maps/place/Billy+Grace/data=!4m7!3m6!1s0x47c6094c4abb83b3:0xb858d381a98bc79b!8m2!3d52.3600684!4d4.9064566!16s%2Fg%2F11rr8v_rp5!19sChIJs4O7SkwJxkcRm8eLqYHTWLg?authuser=0&hl=nl&rclk=1,,tech startup Amsterdam
Skytree,,,https://www.google.com/maps/place/Skytree/data=!4m7!3m6!1s0x47c5c6ee89e70601:0x5e54bae8187083d0!8m2!3d52.3558538!4d4.9546472!16s%2Fg%2F1tdmd1x4!19sChIJAQbnie7GxUcR0INwGOi6VF4?authuser=0&hl=nl&rclk=1,,tech startup Amsterdam
Fixico,support@fixico.com,https://www.fixico.com/,https://www.google.com/maps/place/Fixico/data=!4m7!3m6!1s0x47c609ecc390146d:0x910dd42f9f94f1aa!8m2!3d52.3612419!4d4.8869298!16s%2Fg%2F1pp2x5jrs!19sChIJbRSQw-wJxkcRqvGUny_UDZE?authuser=0&hl=nl&rclk=1,,tech startup Amsterdam
Orange Camp Amsterdam,contact@orangecamp.nl,http://orangecamp.nl/,https://www.google.com/maps/place/Orange+Camp+Amsterdam/data=!4m7!3m6!1s0x47c5b79681f7c24b:0xe64999a16d6fbe69!8m2!3d52.3402271!4d4.8726454!16s%2Fg%2F11j4rz7qq3!19sChIJS8L3gZa3xUcRab5vbaGZSeY?authuser=0&hl=nl&rclk=1,Telefoon: 06 11401196,tech startup Amsterdam
Northsea Therapeutics B.V.,info@northseatherapeutics.com,https://www.northseatherapeutics.com/,https://www.google.com/maps/place/Northsea+Therapeutics+B.V./data=!4m7!3m6!1s0x47c613bb949d9225:0xc98670f4a3ca2bab!8m2!3d52.2977837!4d4.9545523!16s%2Fg%2F11fnwh1hz2!19sChIJJZKdlLsTxkcRqyvKo_Rwhsk?authuser=0&hl=nl&rclk=1,Telefoon: 035 760 6505,tech startup Amsterdam
FIRM24,support@firm24.com,https://www.firm24.com/,https://www.google.com/maps/place/FIRM24/data=!4m7!3m6!1s0x47c60b9eac5b78e7:0xaea0f8343e7dfa4c!8m2!3d52.340313!4d4.844862!16s%2Fg%2F12qf61ns9!19sChIJ53hbrJ4LxkcRTPp9PjT4oK4?authuser=0&hl=nl&rclk=1,Telefoon: 020 308 0675,tech startup Amsterdam
Amsterdam,media@supermetrics.com,https://supermetrics.com/,https://www.google.com/maps/place/Amsterdam/data=!4m7!3m6!1s0x47c609aade8cedfd:0xe3da87cf015fbb45!8m2!3d52.3857839!4d4.9217452!16s%2Fg%2F1s04w8bp3!19sChIJ_e2M3qoJxkcRRbtfAc-H2uM?authuser=0&hl=nl&rclk=1,,tech startup Amsterdam
Settly,,https://www.getsettly.com/,https://www.google.com/maps/place/Settly/data=!4m7!3m6!1s0x47c5e389607e3351:0xe4bb32a99668920d!8m2!3d52.3671966!4d4.8762249!16s%2Fg%2F11t2vncsrh!19sChIJUTN-YInjxUcRDZJolqkyu-Q?authuser=0&hl=nl&rclk=1,,tech startup Amsterdam
Your Tech Club B.V.,info@yourtechclub.com,http://yourtechclub.nl/,https://www.google.com/maps/place/Your+Tech+Club+B.V./data=!4m7!3m6!1s0x47c60bd3e40562f9:0xa78c3ad215ef5ba9!8m2!3d52.3378147!4d4.9339059!16s%2Fg%2F11ty7b3mn2!19sChIJ-WIF5NMLxkcRqVvvFdI6jKc?authuser=0&hl=nl&rclk=1,Telefoon: 020 308 6200,tech startup Amsterdam
Amsterdam Health & Technology Center (AHTC),,http://www.ahtc.nl/,https://www.google.com/maps/place/Amsterdam+Health+%26+Technology+Center+%28AHTC%29/data=!4m7!3m6!1s0x47c60b78d79719cd:0xc3c63339df5a0a86!8m2!3d52.2977837!4d4.9545523!16s%2Fg%2F11g8wxc58s!19sChIJzRmX13gLxkcRhgpa3zkzxsM?authuser=0&hl=nl&rclk=1,Telefoon: 020 880 0444,tech startup Amsterdam
WizeNoze,,http://www.wizenoze.com/,https://www.google.com/maps/place/WizeNoze/data=!4m7!3m6!1s0x47c609c44f090d99:0xe4fb834e438c0b71!8m2!3d52.3744555!4d4.8870036!16s%2Fg%2F11c6w0dffq!19sChIJmQ0JT8QJxkcRcQuMQ06D--Q?authuser=0&hl=nl&rclk=1,,tech startup Amsterdam
Safened B.V.,,https://www.safened.com/,https://www.google.com/maps/place/Safened+B.V./data=!4m7!3m6!1s0x47c609eb24faffb9:0x5f1b2bc745b0f573!8m2!3d52.362208!4d4.8792801!16s%2Fg%2F11b6dg74c5!19sChIJuf_6JOsJxkcRc_WwRccrG18?authuser=0&hl=nl&rclk=1,,tech startup Amsterdam
Innoleaps | Corporate Innovators & Business Builders,,http://innoleaps.com/,https://www.google.com/maps/place/Innoleaps+%7C+Corporate+Innovators+%26+Business+Builders/data=!4m7!3m6!1s0x47c5e1894bd88e31:0xc067140e0e8b3fcb!8m2!3d52.3338814!4d4.9212401!16s%2Fg%2F11bxf6z0lp!19sChIJMY7YS4nhxUcRyz-LDg4UZ8A?authuser=0&hl=nl&rclk=1,,tech startup Amsterdam
Victa Amsterdam,support@victa.nl,http://www.victabi.com/,https://www.google.com/maps/place/Victa+Amsterdam/data=!4m7!3m6!1s0x47c60f277973cc61:0x4dd0c2f3be9bfc8b!8m2!3d52.353574!4d5.006329!16s%2Fg%2F11glwxd94l!19sChIJYcxzeScPxkcRi_ybvvPC0E0?authuser=0&hl=nl&rclk=1,Telefoon: 085 044 1400,tech startup Amsterdam
StartupAmsterdam Corporate Network,gdpr@adverticum.com,https://www.iamsterdam.com/en/business/startupamsterdam,https://www.google.com/maps/place/StartupAmsterdam+Corporate+Network/data=!4m7!3m6!1s0x47c609bdb22fffe5:0x571e2862ca55a656!8m2!3d52.3678116!4d4.9008888!16s%2Fg%2F11f03nvl29!19sChIJ5f8vsr0JxkcRVqZVymIoHlc?authuser=0&hl=nl&rclk=1,,tech startup Amsterdam
Inkef Capital,info@inkef.com,http://www.inkef.com/,https://www.google.com/maps/place/Inkef+Capital/data=!4m7!3m6!1s0x47c60a05db051fe5:0x4ef5bd322b19ea9!8m2!3d52.3365383!4d4.8739432!16s%2Fg%2F1tdwd40s!19sChIJ5R8F2wUKxkcRqZ6xItNb7wQ?authuser=0&hl=nl&rclk=1,Telefoon: 020 794 6060,tech startup Amsterdam
NewTechKids,info@newtechkids.com,http://www.newtechkids.com/,https://www.google.com/maps/place/NewTechKids/data=!4m7!3m6!1s0x47c609a2b20c22a9:0xb5db6496bc04df3c!8m2!3d52.3645702!4d4.8846212!16s%2Fg%2F11fjb3bkbp!19sChIJqSIMsqIJxkcRPN8EvJZk27U?authuser=0&hl=nl&rclk=1,Telefoon: 06 57999346,tech startup Amsterdam
Polarsteps,,https://www.polarsteps.com/,https://www.google.com/maps/place/Polarsteps/data=!4m7!3m6!1s0x47c609c6f9e6a05f:0x6e11682e3cced71!8m2!3d52.3603726!4d4.8913836!16s%2Fg%2F11cmw28ty3!19sChIJX6Dm-cYJxkcRce3M44IW4QY?authuser=0&hl=nl&rclk=1,,tech startup Amsterdam
Surfly,support@surfly.com,https://www.surfly.com/,https://www.google.com/maps/place/Surfly/data=!4m7!3m6!1s0x47c609a2632fb6dd:0x371cef43631b08f5!8m2!3d52.369092!4d4.88842!16s%2Fg%2F1ptz2pr01!19sChIJ3bYvY6IJxkcR9QgbY0PvHDc?authuser=0&hl=nl&rclk=1,Telefoon: 020 241 4867,tech startup Amsterdam
Aiir Innovations,hello@aiir.nl,https://aiir.nl/,https://www.google.com/maps/place/Aiir+Innovations/data=!4m7!3m6!1s0x47c6096c94ffc65f:0x2daae2e333346151!8m2!3d52.3329787!4d4.9149068!16s%2Fg%2F11c1mzkttv!19sChIJX8b_lGwJxkcRUWE0M-Piqi0?authuser=0&hl=nl&rclk=1,,tech startup Amsterdam
Your Software Supplier,renaldo@yoursoftwaresupplier.com,http://www.yoursoftwaresupplier.com/,https://www.google.com/maps/place/Your+Software+Supplier/data=!4m7!3m6!1s0x47c42f1a649dbc29:0x4fb724046b7a8d70!8m2!3d52.3782595!4d4.8881086!16s%2Fg%2F11j8ghtr97!19sChIJKbydZBovxEcRcI16awQkt08?authuser=0&hl=nl&rclk=1,Telefoon: 06 30238894,tech startup Amsterdam
M Ventures,,,https://www.google.com/maps/place/M+Ventures/data=!4m7!3m6!1s0x47c60a0571b7f8fd:0xa32d25014d5706f6!8m2!3d52.3404369!4d4.8715839!16s%2Fg%2F11d_8djbxf!19sChIJ_fi3cQUKxkcR9gZXTQElLaM?authuser=0&hl=nl&rclk=1,,tech startup Amsterdam
Temper,support@temper.works,https://temper.works/,https://www.google.com/maps/place/Temper/data=!4m7!3m6!1s0x47c5e1858ecd179f:0xb34b052eb169a6c6!8m2!3d52.3498923!4d4.9218966!16s%2Fg%2F11c1wx5yb6!19sChIJnxfNjoXhxUcRxqZpsS4FS7M?authuser=0&hl=nl&rclk=1,,tech startup Amsterdam
TNW City,,https://thenextweb.com/spaces,https://www.google.com/maps/place/TNW+City/data=!4m7!3m6!1s0x47c609ea9f09d0bf:0x45d87e43633373ea!8m2!3d52.3666612!4d4.8923996!16s%2Fg%2F11cpn_dwxv!19sChIJv9AJn-oJxkcR6nMzY0N-2EU?authuser=0&hl=nl&rclk=1,Telefoon: 020 261 6425,tech startup Amsterdam
Lenderkit,hello@lenderkit.com,https://lenderkit.com/,https://www.google.com/maps/place/Lenderkit/data=!4m7!3m6!1s0x47c5e1aaddaea245:0x243c04ea91d3ca2f!8m2!3d52.3406297!4d4.858677!16s%2Fg%2F11tcjlg97x!19sChIJRaKu3arhxUcRL8rTkeoEPCQ?authuser=0&hl=nl&rclk=1,,tech startup Amsterdam
Anywyse,anywyse@learnbeat.nl,http://www.anywyse.audio/,https://www.google.com/maps/place/Anywyse/data=!4m7!3m6!1s0x47c6092b671e09e1:0x24340fbc17353e57!8m2!3d52.3541411!4d4.9585217!16s%2Fg%2F11t746fdrk!19sChIJ4QkeZysJxkcRVz41F7wPNCQ?authuser=0&hl=nl&rclk=1,Telefoon: 06 22513228,tech startup Amsterdam
Holland FinTech,,,https://www.google.com/maps/place/Holland+FinTech/data=!4m7!3m6!1s0x47c5e1fb00000001:0x34936f2971417747!8m2!3d52.3574792!4d4.8409735!16s%2Fg%2F11c604fls9!19sChIJAQAAAPvhxUcRR3dBcSlvkzQ?authuser=0&hl=nl&rclk=1,,tech startup Amsterdam
Braingineers,info@braingineers.com,http://www.braingineers.com/,https://www.google.com/maps/place/Braingineers/data=!4m7!3m6!1s0x47c7df2507e41829:0x9e19c33d99deafd5!8m2!3d52.378497!4d4.896344!16s%2Fg%2F12hss9m6v!19sChIJKRjkByXfx0cR1a_emT3DGZ4?authuser=0&hl=nl&rclk=1,Telefoon: 020 261 2438,tech startup Amsterdam
Share Council,support@sharecouncil.co,https://www.sharecouncil.co/,https://www.google.com/maps/place/Share+Council/data=!4m7!3m6!1s0x47c609534faf1e25:0x4f2058917a2db57!8m2!3d52.396435!4d4.908738!16s%2Fg%2F11j4kb0pqn!19sChIJJR6vT1MJxkcRV9uiF4kF8gQ?authuser=0&hl=nl&rclk=1,Telefoon: 0970 102 06831,tech startup Amsterdam
Agurotech,info@agurotech.com,https://www.agurotech.com/,https://www.google.com/maps/place/Agurotech/data=!4m7!3m6!1s0x47c5e3e8a26ecae3:0xbaf786f6e8e5a3a9!8m2!3d52.3971841!4d4.8487492!16s%2Fg%2F11q8gbs1xt!19sChIJ48puoujjxUcRqaPl6PaG97o?authuser=0&hl=nl&rclk=1,Telefoon: 020 261 2303,tech startup Amsterdam
WaveWorks Recruitment,maarten@waveworks.io,https://www.waveworks.io/,https://www.google.com/maps/place/WaveWorks+Recruitment/data=!4m7!3m6!1s0xbd96f5447eef95d:0x5303e56478dc7d3c!8m2!3d52.4134735!4d4.8744804!16s%2Fg%2F11lmc5fmlb!19sChIJXfnuR1Rv2QsRPH3ceGTlA1M?authuser=0&hl=nl&rclk=1,Telefoon: 06 49041471,tech startup Amsterdam
AMMP Technologies,sales@ammp.io,https://www.ammp.io/,https://www.google.com/maps/place/AMMP+Technologies/data=!4m7!3m6!1s0x47c60829ecc00001:0xbd7e481a1ef24ee!8m2!3d52.3959476!4d4.9083485!16s%2Fg%2F11h_0vppdc!19sChIJAQDA7CkIxkcR7iTvoYHk1ws?authuser=0&hl=nl&rclk=1,,tech startup Amsterdam
WeAreBrain - AI & Custom Software Development,sayhello@wearebrain.com,https://www.wearebrain.com/,https://www.google.com/maps/place/WeAreBrain+-+AI+%26+Custom+Software+Development/data=!4m7!3m6!1s0x47c60bda742fa5e5:0x4057b8ddbcbfa727!8m2!3d52.3448195!4d4.8523564!16s%2Fg%2F11d_vpd503!19sChIJ5aUvdNoLxkcRJ6e_vN24V0A?authuser=0&hl=nl&rclk=1,Telefoon: 06 33990235,tech startup Amsterdam
SHORE teams,,https://shoreteams.com/,https://www.google.com/maps/place/SHORE+teams/data=!4m7!3m6!1s0x47c5e3efd14eb4c7:0x26a68eb8a363d79c!8m2!3d52.3602544!4d4.7845476!16s%2Fg%2F11q22bzyt_!19sChIJx7RO0e_jxUcRnNdjo7iOpiY?authuser=0&hl=nl&rclk=1,Telefoon: 085 130 6789,tech startup Amsterdam
Peakfijn,hello@peakfijn.nl,http://www.peakfijn.nl/,https://www.google.com/maps/place/Peakfijn/data=!4m7!3m6!1s0x47c609c33bde4063:0x8217ed223511c95e!8m2!3d52.3648567!4d4.8878611!16s%2Fg%2F1q5bl424t!19sChIJY0DeO8MJxkcRXskRNSLtF4I?authuser=0&hl=nl&rclk=1,Telefoon: 020 700 0000,tech startup Amsterdam
StartGreen Capital,info@startgreen.nl,http://www.startgreen.nl/,https://www.google.com/maps/place/StartGreen+Capital/data=!4m7!3m6!1s0x47c60974466c4e8b:0xe33305464f0fd5ee!8m2!3d52.3624713!4d4.9203079!16s%2Fg%2F11bx9qrx_0!19sChIJi05sRnQJxkcR7tUPT0YFM-M?authuser=0&hl=nl&rclk=1,Telefoon: 020 568 2060,tech startup Amsterdam
GET Protocol Foundation,,https://get-protocol.io/,https://www.google.com/maps/place/GET+Protocol+Foundation/data=!4m7!3m6!1s0x47c6095ad0c0d827:0x6cf2ab1cc09da527!8m2!3d52.3762998!4d4.921648!16s%2Fg%2F11ghn805gb!19sChIJJ9jA0FoJxkcRJ6WdwByr8mw?authuser=0&hl=nl&rclk=1,,tech startup Amsterdam
Fareharbor Bv,,https://fareharbor.com/,https://www.google.com/maps/place/Fareharbor+Bv/data=!4m7!3m6!1s0x47c6099590417b75:0xae82059fef011d00!8m2!3d52.3628675!4d4.8917319!16s%2Fg%2F11j00s9976!19sChIJdXtBkJUJxkcRAB0B758Fgq4?authuser=0&hl=nl&rclk=1,,tech startup Amsterdam
Amsterdam Law Hub,amsterdamlawhub@uva.nl,https://www.amsterdamlawhub.nl/,https://www.google.com/maps/place/Amsterdam+Law+Hub/data=!4m7!3m6!1s0x47c609e6f3ace809:0xfadf3898122c71fd!8m2!3d52.3628841!4d4.9121437!16s%2Fg%2F11mvslsmkl!19sChIJCeis8-YJxkcR_XEsEpg43_o?authuser=0&hl=nl&rclk=1,,tech startup Amsterdam
hubinit,,,https://www.google.com/maps/place/hubinit/data=!4m7!3m6!1s0x47c5efb688479dd7:0xa5f6346a1f99baa!8m2!3d52.3839102!4d4.902474!16s%2Fg%2F11js5ghk04!19sChIJ151HiLbvxUcRqpv5oUZjXwo?authuser=0&hl=nl&rclk=1,Telefoon: 06 38672878,tech startup Amsterdam
Aidence,info@aidence.com,https://www.aidence.com/,https://www.google.com/maps/place/Aidence/data=!4m7!3m6!1s0x47c609ea29ab1c8f:0x8bdfb9f77255d9fa!8m2!3d52.3635478!4d4.8919228!16s%2Fg%2F11c5t14b31!19sChIJjxyrKeoJxkcR-tlVcve534s?authuser=0&hl=nl&rclk=1,Telefoon: 020 261 9610,tech startup Amsterdam
Homerun B.V.,hello@homerun.co,https://homerun.co/,https://www.google.com/maps/place/Homerun+B.V./data=!4m7!3m6!1s0x47c609ea9dce4011:0xe058475a06f1b2ed!8m2!3d52.3666451!4d4.8923966!16s%2Fg%2F11c5xrr6jq!19sChIJEUDOneoJxkcR7bLxBlpHWOA?authuser=0&hl=nl&rclk=1,,tech startup Amsterdam
Winc Academy,welkom@wincacademy.nl,http://www.wincacademy.nl/,https://www.google.com/maps/place/Winc+Academy/data=!4m7!3m6!1s0x47c5e3d7448a2373:0x5ca680f54a3fa327!8m2!3d52.3437447!4d4.8298767!16s%2Fg%2F11h5w3qzl6!19sChIJcyOKRNfjxUcRJ6M_SvWAplw?authuser=0&hl=nl&rclk=1,Telefoon: 088 166 0316,tech startup Amsterdam
WSK Medical B.V.,contact@wskmedical.org,http://www.wskmedical.org/,https://www.google.com/maps/place/WSK+Medical+B.V./data=!4m7!3m6!1s0x47c60944f196c50b:0xf1d907b4a90a046!8m2!3d52.3544695!4d4.9593122!16s%2Fg%2F11jrsz7pvk!19sChIJC8WW8UQJxkcRRqCQSnuQHQ8?authuser=0&hl=nl&rclk=1,,tech startup Amsterdam
Startup Vacatures,,,https://www.google.com/maps/place/Startup+Vacatures/data=!4m7!3m6!1s0x47c5e1f700a7954b:0x22e958efd8afe50d!8m2!3d52.3446054!4d4.8478685!16s%2Fg%2F11c5h3r2zc!19sChIJS5WnAPfhxUcRDeWv2O9Y6SI?authuser=0&hl=nl&rclk=1,Telefoon: 020 846 9701,tech startup Amsterdam
Power2X,info@power2x.com,http://www.power2x.com/,https://www.google.com/maps/place/Power2X/data=!4m7!3m6!1s0x47c609d3b45a4791:0x3ee587b607a24425!8m2!3d52.3531276!4d4.9062232!16s%2Fg%2F11p738kx8_!19sChIJkUdatNMJxkcRJUSiB7aH5T4?authuser=0&hl=nl&rclk=1,,tech startup Amsterdam
DELITELABS,magic@delitelabs.com,http://delitelabs.com/,https://www.google.com/maps/place/DELITELABS/data=!4m7!3m6!1s0x47c609962ecf07c7:0x4faef93dabc4b6bb!8m2!3d52.3841154!4d4.9057778!16s%2Fg%2F11c2kn16bc!19sChIJxwfPLpYJxkcRu7bEqz35rk8?authuser=0&hl=nl&rclk=1,Telefoon: 06 18053367,tech startup Amsterdam
HeadFWD,daniel@headfwd.com,http://headfwd.com/,https://www.google.com/maps/place/HeadFWD/data=!4m7!3m6!1s0x47c60b70d8997b91:0xd6741b807d0ae634!8m2!3d52.3763006!4d4.8873529!16s%2Fg%2F11cmc9v1wm!19sChIJkXuZ2HALxkcRNOYKfYAbdNY?authuser=0&hl=nl&rclk=1,Telefoon: 020 261 3686,tech startup Amsterdam
No Such Ventures,info@nosuchventures.com,https://nosuchventures.com/,https://www.google.com/maps/place/No+Such+Ventures/data=!4m7!3m6!1s0x47c6097a247dbf3b:0x864ac555ef69096c!8m2!3d52.3561565!4d4.9115239!16s%2Fg%2F11h50m0fmb!19sChIJO799JHoJxkcRbAlp71XFSoY?authuser=0&hl=nl&rclk=1,,tech startup Amsterdam
Cobase,,http://www.cobase.com/,https://www.google.com/maps/place/Cobase/data=!4m7!3m6!1s0x47c60b9825e84069:0x29d5e73e2e174c46!8m2!3d52.311053!4d4.941015!16s%2Fg%2F11gcqwdnp6!19sChIJaUDoJZgLxkcRRkwXLj7n1Sk?authuser=0&hl=nl&rclk=1,Telefoon: 020 244 0220,tech startup Amsterdam
Wonderflow BV,,,https://www.google.com/maps/place/Wonderflow+BV/data=!4m7!3m6!1s0x47c609c442824f1f:0x9e0502124214647d!8m2!3d52.3744549!4d4.8909057!16s%2Fg%2F11ckqrfvgm!19sChIJH0-CQsQJxkcRfWQUQhICBZ4?authuser=0&hl=nl&rclk=1,Telefoon: 020 210 1564,tech startup Amsterdam
Bluebird Recruitment,info@bluebirdrecruitment.com,http://www.bluebirdrecruitment.com/,https://www.google.com/maps/place/Bluebird+Recruitment/data=!4m7!3m6!1s0x47c6099c9489b693:0x369a20559caa7532!8m2!3d52.3539831!4d4.8638769!16s%2Fg%2F11ft45_5v6!19sChIJk7aJlJwJxkcRMnWqnFUgmjY?authuser=0&hl=nl&rclk=1,Telefoon: 020 250 4710,tech startup Amsterdam
Minite,hello@minite.works,https://www.minite.works/,https://www.google.com/maps/place/Minite/data=!4m7!3m6!1s0x47c617bfd6a9e7f1:0x6cbd3e04b7d27fc!8m2!3d52.3698793!4d4.891925!16s%2Fg%2F11r27xtg_b!19sChIJ8eep1r8XxkcR_Cd9S-DTywY?authuser=0&hl=nl&rclk=1,,tech startup Amsterdam
Techleap,Info@techleap.nl,https://www.techleap.nl/,https://www.google.com/maps/place/Techleap/data=!4m7!3m6!1s0x47c5e1c416aea495:0x46219903cbf4c226!8m2!3d52.3415009!4d4.8589467!16s%2Fg%2F11gjs207vg!19sChIJlaSuFsThxUcRJsL0ywOZIUY?authuser=0&hl=nl&rclk=1,,tech startup Amsterdam
The Hacker Building,joris@hackerbuilding.nl,https://hackerbuilding.nl/,https://www.google.com/maps/place/The+Hacker+Building/data=!4m7!3m6!1s0x47c609eace4cb6d1:0x5cdfa97323aad675!8m2!3d52.3651802!4d4.895159!16s%2Fg%2F11b6b9tjbg!19sChIJ0bZMzuoJxkcRddaqI3Op31w?authuser=0&hl=nl&rclk=1,,tech startup Amsterdam
Pabbl BV,,http://www.pabbl.com/,https://www.google.com/maps/place/Pabbl+BV/data=!4m7!3m6!1s0x47c60997eb084055:0x389b6ba5ffd203d7!8m2!3d52.3054481!4d4.9490924!16s%2Fg%2F11c5hwvj6t!19sChIJVUAI65cJxkcR1wPS_6Vrmzg?authuser=0&hl=nl&rclk=1,,tech startup Amsterdam
Land Life,marketing@landlifecompany.com,https://landlifecompany.com/,https://www.google.com/maps/place/Land+Life/data=!4m7!3m6!1s0x47c6099e29cd8713:0x8835c66ac35b08ec!8m2!3d52.3624958!4d4.9215026!16s%2Fg%2F11c31tynjg!19sChIJE4fNKZ4JxkcR7Ahbw2rGNYg?authuser=0&hl=nl&rclk=1,Telefoon: 020 261 4875,tech startup Amsterdam
Valley Date Tech | Amsterdam,,https://valleydate.tech/pricing/,https://www.google.com/maps/place/Valley+Date+Tech+%7C+Amsterdam/data=!4m7!3m6!1s0x47c5e3cfa786f9f5:0xe5de7894799eff74!8m2!3d52.3695139!4d4.8359528!16s%2Fg%2F11clztggp1!19sChIJ9fmGp8_jxUcRdP-eeZR43uU?authuser=0&hl=nl&rclk=1,,tech startup Amsterdam
Printr,contact@beamler.com,https://www.printr.com/,https://www.google.com/maps/place/Printr/data=!4m7!3m6!1s0x47c5e1f16c86049f:0xef3fcafc1c2b81c6!8m2!3d52.340362!4d4.844926!16s%2Fg%2F11clyzn8qf!19sChIJnwSGbPHhxUcRxoErHPzKP-8?authuser=0&hl=nl&rclk=1,Telefoon: 06 31954148,tech startup Amsterdam
Dealsuite,info@dealsuite.com,http://www.dealsuite.com/,https://www.google.com/maps/place/Dealsuite/data=!4m7!3m6!1s0x47c6092817b2d825:0x6affb7efea94f1c7!8m2!3d52.3570032!4d4.9477328!16s%2Fg%2F11gycyym91!19sChIJJdiyFygJxkcRx_GU6u-3_2o?authuser=0&hl=nl&rclk=1,Telefoon: 020 303 8731,tech startup Amsterdam
JetLearn,hello@jet-learn.com,https://www.jetlearn.com/,https://www.google.com/maps/place/JetLearn/data=!4m7!3m6!1s0x47c609ecc2396adb:0x15fd86b0c429051!8m2!3d52.3238381!4d4.8764826!16s%2Fg%2F11lgvqhy1y!19sChIJ22o5wuwJxkcRUZBCDGvYXwE?authuser=0&hl=nl&rclk=1,Telefoon: 0970 102 86071,tech startup Amsterdam
Roamler,,http://www.roamler.com/,https://www.google.com/maps/place/Roamler/data=!4m7!3m6!1s0x47c6083cb9b0665b:0x66b468ec32c524bd!8m2!3d52.4005369!4d4.8934996!16s%2Fg%2F12hv2lf_b!19sChIJW2awuTwIxkcRvSTFMuxotGY?authuser=0&hl=nl&rclk=1,Telefoon: 020 820 2580,tech startup Amsterdam
Wonderkind,,https://wonderkind.com/,https://www.google.com/maps/place/Wonderkind/data=!4m7!3m6!1s0x47c609e642304f9d:0xf1bcd398f22ef59d!8m2!3d52.3368263!4d4.9293853!16s%2Fg%2F11ddwtg54v!19sChIJnU8wQuYJxkcRnfUu8pjTvPE?authuser=0&hl=nl&rclk=1,Telefoon: 020 820 3323,tech startup Amsterdam
SET Ventures (SET Management BV),haydenyoung@setventures.com,http://www.setventures.com/,https://www.google.com/maps/place/SET+Ventures+%28SET+Management+BV%29/data=!4m7!3m6!1s0x47c60994510c6c71:0x26c844bda53ec6cd!8m2!3d52.3634907!4d4.8978578!16s%2Fg%2F1td9v9kp!19sChIJcWwMUZQJxkcRzcY-pb1EyCY?authuser=0&hl=nl&rclk=1,Telefoon: 020 320 0104,tech startup Amsterdam
Appical,info@appical.com,https://www.appical.com/,https://www.google.com/maps/place/Appical/data=!4m7!3m6!1s0x47c6084b705641a5:0xcbfbc1f90d2eb5b3!8m2!3d52.3855031!4d4.9216414!16s%2Fg%2F1s04bm3t7!19sChIJpUFWcEsIxkcRs7UuDfnB-8s?authuser=0&hl=nl&rclk=1,Telefoon: 020 820 8706,tech startup Amsterdam
VentureRock,%20hello@venturerock.com,http://www.venturerock.com/,https://www.google.com/maps/place/VentureRock/data=!4m7!3m6!1s0x47c6096b7a02d24b:0xa42b98adbbc0d22d!8m2!3d52.3557574!4d4.8413357!16s%2Fg%2F11h35pbhxw!19sChIJS9ICemsJxkcRLdLAu62YK6Q?authuser=0&hl=nl&rclk=1,,tech startup Amsterdam
Startup Village,hello@startupvillage.nl,https://www.startupvillage.nl/,https://www.google.com/maps/place/Startup+Village/data=!4m7!3m6!1s0x47c6094f8c78f543:0xa2685989f68620e0!8m2!3d52.3544787!4d4.9589822!16s%2Fg%2F11c5817k8c!19sChIJQ_V4jE8JxkcR4CCG9olZaKI?authuser=0&hl=nl&rclk=1,Telefoon: 085 273 3127,tech startup Amsterdam
inSided,,https://www.gainsight.com/,https://www.google.com/maps/place/inSided/data=!4m7!3m6!1s0x47c609eac475ce6f:0x18b20b049f0fb848!8m2!3d52.3761662!4d4.8906753!16s%2Fg%2F1tfm0nkn!19sChIJb851xOoJxkcRSLgPnwQLshg?authuser=0&hl=nl&rclk=1,,tech startup Amsterdam
EDGE Workspaces Olympic,sales@edgeworkspaces.com,https://www.edgeworkspaces.com/locations/amsterdam/olympic/,https://www.google.com/maps/place/EDGE+Workspaces+Olympic/data=!4m7!3m6!1s0x47c5e13c244ff6f3:0x29f5eea641e0858!8m2!3d52.3408004!4d4.8583796!16s%2Fg%2F11ffthjp5k!19sChIJ8_ZPJDzhxUcRWAgeZOpenwI?authuser=0&hl=nl&rclk=1,Telefoon: 020 220 0160,tech startup Amsterdam
Venture IQ B.V.,,http://www.ventureiq.nl/,https://www.google.com/maps/place/Venture+IQ+B.V./data=!4m7!3m6!1s0x47c6099709d447c1:0xe63825c442d38722!8m2!3d52.363582!4d4.9050072!16s%2Fg%2F11fx99tw23!19sChIJwUfUCZcJxkcRIofTQsQlOOY?authuser=0&hl=nl&rclk=1,Telefoon: 020 370 4340,tech startup Amsterdam
Silverflow,info@silverflow.com,http://www.silverflow.com/,https://www.google.com/maps/place/Silverflow/data=!4m7!3m6!1s0x47c60bc4e28d7613:0xd5057c9755177b1c!8m2!3d52.3309471!4d4.9306794!16s%2Fg%2F11j8ln2yrx!19sChIJE3aN4sQLxkcRHHsXVZd8BdU?authuser=0&hl=nl&rclk=1,Telefoon: 085 060 9160,tech startup Amsterdam
EclecticIQ,,https://www.eclecticiq.com/,https://www.google.com/maps/place/EclecticIQ/data=!4m7!3m6!1s0x47c609c38e118933:0x5e82dc6dcf03cbb9!8m2!3d52.3819386!4d4.8951587!16s%2Fg%2F11b6x7szfx!19sChIJM4kRjsMJxkcRucsDz23cgl4?authuser=0&hl=nl&rclk=1,Telefoon: 020 737 1063,tech startup Amsterdam
AG5 Skills Management Software,info@ag5.com,https://www.ag5.com/,https://www.google.com/maps/place/AG5+Skills+Management+Software/data=!4m7!3m6!1s0x4165383912062797:0x60d6403eafbbd3d0!8m2!3d52.3704212!4d4.9245882!16s%2Fg%2F11b5ysgm2v!19sChIJlycGEjk4ZUER0NO7rz5A1mA?authuser=0&hl=nl&rclk=1,Telefoon: 020 463 0942,tech startup Amsterdam
OBSS Tech Software B.V.,,https://obss.tech/en/,https://www.google.com/maps/place/OBSS+Tech+Software+B.V./data=!4m7!3m6!1s0x47c609c8c7b9d4f3:0x4240f3ce3f947f6c!8m2!3d52.3645813!4d4.8898623!16s%2Fg%2F11sc_w5spw!19sChIJ89S5x8gJxkcRbH-UP87zQEI?authuser=0&hl=nl&rclk=1,Telefoon: 020 854 6055,tech startup Amsterdam
"Amsterdam InChange, formerly known as Amsterdam Smart City",,https://www.amsterdaminchange.com/,"https://www.google.com/maps/place/Amsterdam+InChange,+formerly+known+as+Amsterdam+Smart+City/data=!4m7!3m6!1s0x47c609bdb22fef25:0x6f7733f0f5afa555!8m2!3d52.3722469!4d4.9155976!16s%2Fg%2F11gg6lf5zh!19sChIJJe8vsr0JxkcRVaWv9fAzd28?authuser=0&hl=nl&rclk=1",,tech startup Amsterdam
Fundsup,,http://fundsup.co/,https://www.google.com/maps/place/Fundsup/data=!4m7!3m6!1s0x47c60997eb08413d:0xa78835732d78e091!8m2!3d52.3725422!4d4.917797!16s%2Fg%2F11fzfdx2g9!19sChIJPUEI65cJxkcRkeB4LXM1iKc?authuser=0&hl=nl&rclk=1,,tech startup Amsterdam
Dashmote,,http://www.dashmote.com/,https://www.google.com/maps/place/Dashmote/data=!4m7!3m6!1s0x47c6098579a63d9b:0x4711f0658efd510a!8m2!3d52.3698918!4d4.8919399!16s%2Fg%2F11b6hqwkm_!19sChIJmz2meYUJxkcRClH9jmXwEUc?authuser=0&hl=nl&rclk=1,,tech startup Amsterdam
Ecochain Technologies B.V.,sales@ecochain.com,https://www.ecochain.com/,https://www.google.com/maps/place/Ecochain+Technologies+B.V./data=!4m7!3m6!1s0x47c609094681f559:0x6d7f00da1c42eceb!8m2!3d52.3366229!4d4.9304505!16s%2Fg%2F11c2j0bvsl!19sChIJWfWBRgkJxkcR6-xCHNoAf20?authuser=0&hl=nl&rclk=1,Telefoon: 020 303 5777,tech startup Amsterdam
Factris,info@factris.com,http://www.factris.com/,https://www.google.com/maps/place/Factris/data=!4m7!3m6!1s0x47c609943938a0e9:0xa1c52a723e957fd4!8m2!3d52.3854951!4d4.838088!16s%2Fg%2F11f2b0thq0!19sChIJ6aA4OZQJxkcR1H-VPnIqxaE?authuser=0&hl=nl&rclk=1,Telefoon: 020 505 0333,tech startup Amsterdam
M2 Partners,,,https://www.google.com/maps/place/M2+Partners/data=!4m7!3m6!1s0x47c60981cbd8776d:0xb4a095c48d351320!8m2!3d52.3670036!4d4.9332899!16s%2Fg%2F11vlg24tvt!19sChIJbXfYy4EJxkcRIBM1jcSVoLQ?authuser=0&hl=nl&rclk=1,Telefoon: 06 39557001,tech startup Amsterdam
Olivi.Growth,,https://www.olivigrowth.com/,https://www.google.com/maps/place/Olivi.Growth/data=!4m7!3m6!1s0x47c6099dceb510d3:0xd449232d55e31a07!8m2!3d52.359741!4d4.8917851!16s%2Fg%2F11ybdyq24_!19sChIJ0xC1zp0JxkcRBxrjVS0jSdQ?authuser=0&hl=nl&rclk=1,Telefoon: 020 261 4406,tech startup Amsterdam
DataSnipper B.V.,,https://www.datasnipper.com/,https://www.google.com/maps/place/DataSnipper+B.V./data=!4m7!3m6!1s0x47c6093cedb048df:0x3a233d4b0bf46547!8m2!3d52.3846082!4d4.9291154!16s%2Fg%2F11h7fjwbry!19sChIJ30iw7TwJxkcRR2X0C0s9Izo?authuser=0&hl=nl&rclk=1,Telefoon: 020 211 7654,tech startup Amsterdam
Convious B.V.,,https://www.convious.com/,https://www.google.com/maps/place/Convious+B.V./data=!4m7!3m6!1s0x47c609c40d7ca03f:0x835e3a3a7dfd45!8m2!3d52.3662712!4d4.8885746!16s%2Fg%2F11clshdsyr!19sChIJP6B8DcQJxkcRRf19OjpegwA?authuser=0&hl=nl&rclk=1,Telefoon: 020 249 0699,tech startup Amsterdam
NextStage Early Stage Fund,info@vectrix.nl,http://www.nsesf.nl/,https://www.google.com/maps/place/NextStage+Early+Stage+Fund/data=!4m7!3m6!1s0x47c609278580e323:0xb0c5d727429b1a2e!8m2!3d52.356591!4d4.9557963!16s%2Fg%2F11h_1hkdm2!19sChIJI-OAhScJxkcRLhqbQifXxbA?authuser=0&hl=nl&rclk=1,Telefoon: 085 210 6240,tech startup Amsterdam
Equinix AM3,,http://www.equinix.nl/locations/netherlands-colocation/amsterdam-data-centers/am3,https://www.google.com/maps/place/Equinix+AM3/data=!4m7!3m6!1s0x47c60944c71e909b:0x159a988b2293bba5!8m2!3d52.3547244!4d4.961308!16s%2Fg%2F1ptvxzf35!19sChIJm5Aex0QJxkcRpbuTIouYmhU?authuser=0&hl=nl&rclk=1,Telefoon: 020 808 0015,tech startup Amsterdam
Appsterdam,info@appsterdam.rs,https://appsterdam.rs/,https://www.google.com/maps/place/Appsterdam/data=!4m7!3m6!1s0x47c609bfadb397a3:0xb95ef910c53e9d69!8m2!3d52.384293!4d4.903393!16s%2Fg%2F1tf9s07b!19sChIJo5ezrb8JxkcRaZ0-xRD5Xrk?authuser=0&hl=nl&rclk=1,Telefoon: 085 785 2778,tech startup Amsterdam
Tap Electric B.V.,sales@tapelectric.app,https://www.tapelectric.app/,https://www.google.com/maps/place/Tap+Electric+B.V./data=!4m7!3m6!1s0x47c60913a071af27:0xf4e41a230f9b50e1!8m2!3d52.3726604!4d4.8881286!16s%2Fg%2F11kr8wgnlv!19sChIJJ69xoBMJxkcR4VCbDyMa5PQ?authuser=0&hl=nl&rclk=1,,tech startup Amsterdam
Lepaya,info@lepaya.com,https://www.lepaya.com/,https://www.google.com/maps/place/Lepaya/data=!4m7!3m6!1s0x47c609440651c3b3:0x93ecfd66fd8e8512!8m2!3d52.3502388!4d4.9205083!16s%2Fg%2F11f6y70znq!19sChIJs8NRBkQJxkcREoWO_Wb97JM?authuser=0&hl=nl&rclk=1,Telefoon: 085 107 1244,tech startup Amsterdam
Payaut,,http://www.payaut.com/,https://www.google.com/maps/place/Payaut/data=!4m7!3m6!1s0x47c60bbfa372fb03:0xbdc15c9672f9068c!8m2!3d52.3275191!4d4.8758931!16s%2Fg%2F11fn1m0x00!19sChIJA_tyo78LxkcRjAb5cpZcwb0?authuser=0&hl=nl&rclk=1,,tech startup Amsterdam
Lleverage,,https://lleverage.ai/,https://www.google.com/maps/place/Lleverage/data=!4m7!3m6!1s0x47c60bc55ac6959f:0x7897e623fea380a8!8m2!3d52.3665016!4d4.8803483!16s%2Fg%2F11w84yv362!19sChIJn5XGWsULxkcRqICj_iPml3g?authuser=0&hl=nl&rclk=1,,tech startup Amsterdam
Rubio Impact Ventures,,http://www.rubio.vc/,https://www.google.com/maps/place/Rubio+Impact+Ventures/data=!4m7!3m6!1s0x47c609ea93405619:0x6d1c280e5be50900!8m2!3d52.3655928!4d4.9146323!16s%2Fg%2F11c2l8zj40!19sChIJGVZAk-oJxkcRAAnlWw4oHG0?authuser=0&hl=nl&rclk=1,Telefoon: 020 362 7207,tech startup Amsterdam
Leapfunder,info@leapfunder.com,https://www.leapfunder.com/,https://www.google.com/maps/place/Leapfunder/data=!4m7!3m6!1s0x47c609cd79099cc3:0x7f4b959fdae0de3a!8m2!3d52.3733847!4d4.8899572!16s%2Fg%2F11b5wmsxrf!19sChIJw5wJec0JxkcROt7g2p-VS38?authuser=0&hl=nl&rclk=1,,tech startup Amsterdam
Rockstart,,https://www.rockstart.com/,https://www.google.com/maps/place/Rockstart/data=!4m7!3m6!1s0x47c609ea1aab7d29:0xa9d5e3a4319a85bb!8m2!3d52.3842255!4d4.9016392!16s%2Fg%2F11f7r09vc0!19sChIJKX2rGuoJxkcRu4WaMaTj1ak?authuser=0&hl=nl&rclk=1,,tech startup Amsterdam
Findest B.V.,igor@findest.eu,http://www.findest.com/,https://www.google.com/maps/place/Findest+B.V./data=!4m7!3m6!1s0x47c60bd71738178f:0x206a3817f1ef4b35!8m2!3d52.3778173!4d4.8954482!16s%2Fg%2F11gvd4mdzv!19sChIJjxc4F9cLxkcRNUvv8Rc4aiA?authuser=0&hl=nl&rclk=1,Telefoon: 020 893 2700,tech startup Amsterdam
Dexter Energy Services B.V.,,https://www.dexterenergy.ai/,https://www.google.com/maps/place/Dexter+Energy+Services+B.V./data=!4m7!3m6!1s0x47c7ad3bbce2b2a5:0xce460eef247424e0!8m2!3d52.3327517!4d4.9151766!16s%2Fg%2F11ghffb0x9!19sChIJpbLivDutx0cR4CR0JO8ORs4?authuser=0&hl=nl&rclk=1,,tech startup Amsterdam
Crobox,info@crobox.com,https://crobox.com/,https://www.google.com/maps/place/Crobox/data=!4m7!3m6!1s0x47c609eace4cb6d1:0xd655ac62363863e6!8m2!3d52.3680824!4d4.8965358!16s%2Fg%2F11b6j98r77!19sChIJ0bZMzuoJxkcR5mM4NmKsVdY?authuser=0&hl=nl&rclk=1,,tech startup Amsterdam
Edge,amsterdam@edge.tech,http://www.edge.tech/,https://www.google.com/maps/place/Edge/data=!4m7!3m6!1s0x47c5e1fd435b04f5:0x2f072af05f60f916!8m2!3d52.340709!4d4.8582735!16s%2Fg%2F11f2gsxxzc!19sChIJ9QRbQ_3hxUcRFvlgX_AqBy8?authuser=0&hl=nl&rclk=1,Telefoon: 088 170 1000,tech startup Amsterdam
Kollekt.fm,info@kollekt.fm,https://kollekt.fm/,https://www.google.com/maps/place/Kollekt.fm/data=!4m7!3m6!1s0x47c5b71cb450ceaf:0x28e24a79d08c138e!8m2!3d52.3666451!4d4.8923966!16s%2Fg%2F1pp2x76qk!19sChIJr85QtBy3xUcRjhOM0HlK4ig?authuser=0&hl=nl&rclk=1,Telefoon: 020 261 5268,tech startup Amsterdam
Workspace 6,jon@twotoneams.nl,http://www.workspace6.com/,https://www.google.com/maps/place/Workspace+6/data=!4m7!3m6!1s0x47c609cc23e9b67f:0x6daae2e7c380102a!8m2!3d52.3832448!4d4.8889757!16s%2Fg%2F12m9jsly0!19sChIJf7bpI8wJxkcRKhCAw-fiqm0?authuser=0&hl=nl&rclk=1,Telefoon: 06 38146117,tech startup Amsterdam
StartDock Coworking Singel,,https://startdock.nl/nl/,https://www.google.com/maps/place/StartDock+Coworking+Singel/data=!4m7!3m6!1s0x47c6095d38b40e1b:0xd7e4bc2a35de5fc7!8m2!3d52.3760256!4d4.8902744!16s%2Fg%2F11vpwm3q26!19sChIJGw60OF0JxkcRx1_eNSq85Nc?authuser=0&hl=nl&rclk=1,Telefoon: 020 261 7698,tech startup Amsterdam
Engineering Lab,michael@engineeringlab.co,http://engineeringlab.co/,https://www.google.com/maps/place/Engineering+Lab/data=!4m7!3m6!1s0x47c6098e3c0b311d:0x35efddd20bd914cc!8m2!3d52.3561168!4d4.9583698!16s%2Fg%2F11kb558562!19sChIJHTELPI4JxkcRzBTZC9Ld7zU?authuser=0&hl=nl&rclk=1,,tech startup Amsterdam
Photanol B.V.,,http://www.photanol.com/,https://www.google.com/maps/place/Photanol+B.V./data=!4m7!3m6!1s0x47c6099911f3a835:0xd6769980f3e16d2e!8m2!3d52.3558538!4d4.9546472!16s%2Fg%2F1tdxpndk!19sChIJNajzEZkJxkcRLm3h84CZdtY?authuser=0&hl=nl&rclk=1,,tech startup Amsterdam
Orderchamp,,https://www.orderchamp.com/,https://www.google.com/maps/place/Orderchamp/data=!4m7!3m6!1s0x47c609398c6d3fb7:0x236a388ab0953696!8m2!3d52.3648509!4d4.8825504!16s%2Fg%2F11h3mmg5zv!19sChIJtz9tjDkJxkcRljaVsIo4aiM?authuser=0&hl=nl&rclk=1,Telefoon: 020 308 0808,tech startup Amsterdam
ilionx Amsterdam | IT bedrijf,info@ilionx.com,https://www.ilionx.com/,https://www.google.com/maps/place/ilionx+Amsterdam+%7C+IT+bedrijf/data=!4m7!3m6!1s0x47c60b0074f059ab:0x1adfedf6f0a6cebf!8m2!3d52.305374!4d4.949329!16s%2Fg%2F11y76szswk!19sChIJq1nwdAALxkcRv86m8Pbt3xo?authuser=0&hl=nl&rclk=1,Telefoon: 088 059 0500,software startup Amsterdam
Salesbuildr,hello@salesbuildr.com,http://www.salesbuildr.com/,https://www.google.com/maps/place/Salesbuildr/data=!4m7!3m6!1s0x2d88b9bddd75a81b:0xe7052aee7a73401f!8m2!3d52.3760256!4d4.8902744!16s%2Fg%2F11sqclkr4h!19sChIJG6h13b25iC0RH0Bzeu4qBec?authuser=0&hl=nl&rclk=1,Telefoon: 020 809 6342,software startup Amsterdam
SoftwareOne Nederland B.V.,info.nl@softwareone.com,https://www.softwareone.com/nl-nl,https://www.google.com/maps/place/SoftwareOne+Nederland+B.V./data=!4m7!3m6!1s0x47c5e259ddceef3b:0x7bef26608a802405!8m2!3d52.3866682!4d4.8321276!16s%2Fg%2F1tmxq5xm!19sChIJO-_O3VnixUcRBSSAimAm73s?authuser=0&hl=nl&rclk=1,Telefoon: 020 258 6800,software startup Amsterdam
STOKHOS B.V.,info@time-lab.eu,https://time-lab.eu/,https://www.google.com/maps/place/STOKHOS+B.V./data=!4m7!3m6!1s0x47c60943849abc4f:0x5a4f18cb5adb5a3e!8m2!3d52.3862631!4d4.8876485!16s%2Fg%2F11gcfr37c9!19sChIJT7yahEMJxkcRPlrbWssYT1o?authuser=0&hl=nl&rclk=1,Telefoon: 020 210 1070,software startup Amsterdam
SoftwareOne Nederland B.V.,info.nl@softwareone.com,https://www.softwareone.com/nl-nl,https://www.google.com/maps/place/SoftwareOne+Nederland+B.V./data=!4m7!3m6!1s0x47c5e259ddceef3b:0x7bef26608a802405!8m2!3d52.386668!4d4.832128!16s%2Fg%2F1tmxq5xm!19sChIJO-_O3VnixUcRBSSAimAm73s?authuser=0&hl=nl&rclk=1,Telefoon: 020 258 6800,software startup Amsterdam
Software Improvement Group,,https://www.softwareimprovementgroup.com/?utm_source=Google%20My%20Business&utm_medium=Google%20My%20Business%20%7C%20NL&utm_campaign=Google%20My%20Business%20%7C%20NL,https://www.google.com/maps/place/Software+Improvement+Group/data=!4m7!3m6!1s0x47c609801dda1c85:0xd3a95d3ae77c8dfb!8m2!3d52.3406297!4d4.858677!16s%2Fg%2F1tknjn97!19sChIJhRzaHYAJxkcR-4185zpdqdM?authuser=0&hl=nl&rclk=1,Telefoon: 020 314 0950,software startup Amsterdam
Tabtrader,,http://www.tabtrader.com/,https://www.google.com/maps/place/Tabtrader/data=!4m7!3m6!1s0x47c609c4427a1eb3:0x7fa6e1094ce5aa5!8m2!3d52.3662616!4d4.8851629!16s%2Fg%2F11cjrgbz8f!19sChIJsx56QsQJxkcRpVrOlBBu-gc?authuser=0&hl=nl&rclk=1,Telefoon: 020 808 7055,software startup Amsterdam
Source.ag,info@source.ag,https://www.source.ag/,https://www.google.com/maps/place/Source.ag/data=!4m7!3m6!1s0x47c5e1a6beb861f7:0x24b34a2dbf6fe0df!8m2!3d52.3430714!4d4.8289517!16s%2Fg%2F11v15hnt69!19sChIJ92G4vqbhxUcR3-Bvvy1KsyQ?authuser=0&hl=nl&rclk=1,,software startup Amsterdam
Vesper - The commodity intelligence platform,support@vespertool.com,https://vespertool.com/,https://www.google.com/maps/place/Vesper+-+The+commodity+intelligence+platform/data=!4m7!3m6!1s0x47c5e3ed963c2821:0xed1cfaa0beff4691!8m2!3d52.3641925!4d4.8927815!16s%2Fg%2F11fnr5nlx9!19sChIJISg8lu3jxUcRkUb_vqD6HO0?authuser=0&hl=nl&rclk=1,Telefoon: 06 43212019,software startup Amsterdam
Nevron,hey@nevron.io,https://nevron.io/,https://www.google.com/maps/place/Nevron/data=!4m7!3m6!1s0x47c5b7c356edf463:0xdf9e45dbcda03f1!8m2!3d52.3782813!4d4.8944472!16s%2Fg%2F11jtbqvf7n!19sChIJY_TtVsO3xUcR8QPavF3k-Q0?authuser=0&hl=nl&rclk=1,,software startup Amsterdam
Syntho,info@syntho.ai,https://www.syntho.ai/,https://www.google.com/maps/place/Syntho/data=!4m7!3m6!1s0x47c5e3e1b9d26d31:0x2a82f050c66f0c60!8m2!3d52.3411052!4d4.8232339!16s%2Fg%2F11l9kglh8c!19sChIJMW3SueHjxUcRYAxvxlDwgio?authuser=0&hl=nl&rclk=1,,software startup Amsterdam
Altura Platform,support@altura.io,http://altura.io/,https://www.google.com/maps/place/Altura+Platform/data=!4m7!3m6!1s0x47c66f3bc873a683:0xc246dd920ce10334!8m2!3d52.3595277!4d4.9034861!16s%2Fg%2F11rwpjpzw1!19sChIJg6ZzyDtvxkcRNAPhDJLdRsI?authuser=0&hl=nl&rclk=1,Telefoon: 030 227 1563,software startup Amsterdam
Weaviate,,https://weaviate.io/,https://www.google.com/maps/place/Weaviate/data=!4m7!3m6!1s0x47c609bcccf7c1a5:0x93343fcc3cc6ccb2!8m2!3d52.3637788!4d4.8869936!16s%2Fg%2F11sjtj8pl3!19sChIJpcH3zLwJxkcRsszGPMw_NJM?authuser=0&hl=nl&rclk=1,,software startup Amsterdam
Owlin,info@owlin.com,http://owlin.com/,https://www.google.com/maps/place/Owlin/data=!4m7!3m6!1s0x47c60992c67c1059:0xa30ca09eb2899386!8m2!3d52.3666451!4d4.8923966!16s%2Fg%2F1tqydrk3!19sChIJWRB8xpIJxkcRhpOJsp6gDKM?authuser=0&hl=nl&rclk=1,Telefoon: 020 261 4196,software startup Amsterdam
Utilus B.V.,info@utilus.nl,http://www.utilus.nl/,https://www.google.com/maps/place/Utilus+B.V./data=!4m7!3m6!1s0x47c60b36a5995983:0x5322267d2ac987b4!8m2!3d52.3327517!4d4.9151766!16s%2Fg%2F11tjx1c46f!19sChIJg1mZpTYLxkcRtIfJKn0mIlM?authuser=0&hl=nl&rclk=1,Telefoon: 088 377 6600,software startup Amsterdam
The Selection Lab B.V.,info@theselectionlab.com,https://www.selectionlab.com/,https://www.google.com/maps/place/The+Selection+Lab+B.V./data=!4m7!3m6!1s0x47c609e14b8a1723:0x36f75ee8c96ffef2!8m2!3d52.3714697!4d4.8941051!16s%2Fg%2F11f2wm97k0!19sChIJIxeKS-EJxkcR8v5vyehe9zY?authuser=0&hl=nl&rclk=1,Telefoon: 020 244 3212,software startup Amsterdam
Voyc,,https://www.voyc.ai/,https://www.google.com/maps/place/Voyc/data=!4m7!3m6!1s0x47c5b7038f94bd3f:0xab480f22175a2d5b!8m2!3d52.3402572!4d4.8694978!16s%2Fg%2F11jpx6066d!19sChIJP72UjwO3xUcRWy1aFyIPSKs?authuser=0&hl=nl&rclk=1,,software startup Amsterdam
SkinVision,itsecurity@skinvision.com,https://www.skinvision.com/,https://www.google.com/maps/place/SkinVision/data=!4m7!3m6!1s0x47c60a19b67180fd:0x8c28bedbbcdb13b5!8m2!3d52.4048353!4d4.8876444!16s%2Fg%2F11cn3vt5j4!19sChIJ_YBxthkKxkcRtRPbvNu-KIw?authuser=0&hl=nl&rclk=1,,software startup Amsterdam
Contentoo,,http://www.contentoo.com/,https://www.google.com/maps/place/Contentoo/data=!4m7!3m6!1s0x47c5e1858e61d4ff:0x3709366e1dc32a42!8m2!3d52.3967438!4d4.8722448!16s%2Fg%2F11c5s68h7b!19sChIJ_9RhjoXhxUcRQirDHW42CTc?authuser=0&hl=nl&rclk=1,Telefoon: 020 707 0627,software startup Amsterdam
ISVWorld,,,https://www.google.com/maps/place/ISVWorld/data=!4m7!3m6!1s0x47c609fd1f773afb:0xd35c10a3bc8e7f4b!8m2!3d52.359733!4d4.8918233!16s%2Fg%2F1td12gdb!19sChIJ-zp3H_0JxkcRS3-OvKMQXNM?authuser=0&hl=nl&rclk=1,Telefoon: 06 15241500,software startup Amsterdam
Flime B.V.,,,https://www.google.com/maps/place/Flime+B.V./data=!4m7!3m6!1s0x47c609623c1b0b8f:0x1b0d9e6ff8bc27ea!8m2!3d52.3608054!4d4.9074769!16s%2Fg%2F11flbzfwp5!19sChIJjwsbPGIJxkcR6ie8-G-eDRs?authuser=0&hl=nl&rclk=1,Telefoon: 020 888 8128,software startup Amsterdam
Typetone,,https://www.typetone.ai/,https://www.google.com/maps/place/Typetone/data=!4m7!3m6!1s0x4add1affe38ae4a9:0x9ead350a0bf6ae1!8m2!3d52.3557878!4d4.8414862!16s%2Fg%2F11ty4f184d!19sChIJqeSK4_8a3UoR4Wq_oFDT6gk?authuser=0&hl=nl&rclk=1,Telefoon: 020 259 5214,software startup Amsterdam
Smartlockr,sales@smartlockr.eu,https://www.smartlockr.io/,https://www.google.com/maps/place/Smartlockr/data=!4m7!3m6!1s0x47c60be94ec51f15:0x63ca05f6e777a444!8m2!3d52.3368263!4d4.9293853!16s%2Fg%2F11fmt1wm5t!19sChIJFR_FTukLxkcRRKR35_YFymM?authuser=0&hl=nl&rclk=1,Telefoon: 020 244 0350,software startup Amsterdam
creatormate,,https://creatormate.com/,https://www.google.com/maps/place/creatormate/data=!4m7!3m6!1s0x47c609540617a4ff:0x364c53202798fa30!8m2!3d52.370129!4d4.9027506!16s%2Fg%2F11ycgg4j7r!19sChIJ_6QXBlQJxkcRMPqYJyBTTDY?authuser=0&hl=nl&rclk=1,,software startup Amsterdam
Toppi,,https://www.toppi.io/,https://www.google.com/maps/place/Toppi/data=!4m7!3m6!1s0x47c609f82e807fb9:0x42a58fe1f727ac6b!8m2!3d52.3659698!4d4.887146!16s%2Fg%2F11vk8dhtxj!19sChIJuX-ALvgJxkcRa6wn9-GPpUI?authuser=0&hl=nl&rclk=1,Telefoon: 06 50936057,software startup Amsterdam
Cookie Consent | CookieFirst,,https://cookiefirst.com/,https://www.google.com/maps/place/Cookie+Consent+%7C+CookieFirst/data=!4m7!3m6!1s0x47c609f22a90e9ef:0x6ef9c4cbb330943d!8m2!3d52.3659812!4d4.9124306!16s%2Fg%2F11rcxzpbm1!19sChIJ7-mQKvIJxkcRPZQws8vE-W4?authuser=0&hl=nl&rclk=1,Telefoon: 020 737 1482,software startup Amsterdam
BrainCreators,,http://www.braincreators.com/,https://www.google.com/maps/place/BrainCreators/data=!4m7!3m6!1s0x47c609e84b4f9ccd:0x4cc37a50f2144bc1!8m2!3d52.3992064!4d4.8702529!16s%2Fg%2F11c5j6wclw!19sChIJzZxPS-gJxkcRwUsU8lB6w0w?authuser=0&hl=nl&rclk=1,Telefoon: 020 369 7260,software startup Amsterdam
Anyone.com,,https://www.anyone.com/,https://www.google.com/maps/place/Anyone.com/data=!4m7!3m6!1s0x47c5e112e9eb7df5:0xc58ae6cdcc582f98!8m2!3d52.3775084!4d4.887429!16s%2Fg%2F11wr9zxyxl!19sChIJ9X3r6RLhxUcRmC9YzM3misU?authuser=0&hl=nl&rclk=1,,software startup Amsterdam
Connecterra,support@connecterra.ai,http://www.connecterra.ai/,https://www.google.com/maps/place/Connecterra/data=!4m7!3m6!1s0x47c609ea9dce4011:0x65dc5ce3d3fb3744!8m2!3d52.3364455!4d4.8847673!16s%2Fg%2F11fy4rqbqb!19sChIJEUDOneoJxkcRRDf70-Nc3GU?authuser=0&hl=nl&rclk=1,,software startup Amsterdam
Orq.ai,,https://orq.ai/,https://www.google.com/maps/place/Orq.ai/data=!4m7!3m6!1s0x47c6092100c2e1e7:0xc38010c95e975eec!8m2!3d52.3479744!4d4.9197335!16s%2Fg%2F11txjjms50!19sChIJ5-HCACEJxkcR7F6XXskQgMM?authuser=0&hl=nl&rclk=1,,software startup Amsterdam
Instant Commerce B.V.,hello@instantcommerce.io,https://instantcommerce.io/,https://www.google.com/maps/place/Instant+Commerce+B.V./data=!4m7!3m6!1s0x47c609a92817fae7:0xed2255ce2fc21159!8m2!3d52.3765327!4d4.8970539!16s%2Fg%2F11pvbfqrns!19sChIJ5_oXKKkJxkcRWRHCL85VIu0?authuser=0&hl=nl&rclk=1,,software startup Amsterdam
househugger,,http://househugger.nl/,https://www.google.com/maps/place/househugger/data=!4m7!3m6!1s0x47c609118db82853:0xe79289b697b2b0f1!8m2!3d52.363916!4d4.903767!16s%2Fg%2F11m6b_xpxw!19sChIJUyi4jREJxkcR8bCyl7aJkuc?authuser=0&hl=nl&rclk=1,,software startup Amsterdam
Storks of Amsterdam,jacopo@storks.amsterdam.,https://storks.ai/,https://www.google.com/maps/place/Storks+of+Amsterdam/data=!4m7!3m6!1s0x47c609c27b183aff:0x2d747e9b67df18e8!8m2!3d52.3626575!4d4.8740897!16s%2Fg%2F11tjltlzzy!19sChIJ_zoYe8IJxkcR6BjfZ5t-dC0?authuser=0&hl=nl&rclk=1,Telefoon: 06 10612308,software startup Amsterdam
Clappform,,https://www.clappform.com/,https://www.google.com/maps/place/Clappform/data=!4m7!3m6!1s0x47c5e1ba988e0b2b:0x9ff385e016f26e5a!8m2!3d52.3451223!4d4.8398653!16s%2Fg%2F11h88s_bw_!19sChIJKwuOmLrhxUcRWm7yFuCF858?authuser=0&hl=nl&rclk=1,,software startup Amsterdam
ITnext: App Ontwikkelaar Amsterdam,,http://www.itnext.nl/,https://www.google.com/maps/place/ITnext:+App+Ontwikkelaar+Amsterdam/data=!4m7!3m6!1s0x47c609c67a1d2465:0x4f0fb72a715dc972!8m2!3d52.375199!4d4.8877808!16s%2Fg%2F1v42d_hc!19sChIJZSQdesYJxkcRcsldcSq3D08?authuser=0&hl=nl&rclk=1,Telefoon: 050 313 1743,software startup Amsterdam
Cocoroco.com,,http://www.cocoroco.com/,https://www.google.com/maps/place/Cocoroco.com/data=!4m7!3m6!1s0x47c66f432edc8561:0x1f0bfc01e038b432!8m2!3d52.3646675!4d4.8935052!16s%2Fg%2F11r3tk7h70!19sChIJYYXcLkNvxkcRMrQ44AH8Cx8?authuser=0&hl=nl&rclk=1,,software startup Amsterdam
GoDutch,support@godutch.com,https://godutch.com/,https://www.google.com/maps/place/GoDutch/data=!4m7!3m6!1s0x47c5e399e208c6fb:0x8088fc13cd14644a!8m2!3d52.36992!4d4.89287!16s%2Fg%2F11w3dk_rt_!19sChIJ-8YI4pnjxUcRSmQUzRP8iIA?authuser=0&hl=nl&rclk=1,Telefoon: 020 808 8020,software startup Amsterdam
Edsson Software B.V.,info@edsson.com,http://edsson.com/,https://www.google.com/maps/place/Edsson+Software+B.V./data=!4m7!3m6!1s0x47c66fd703a7188b:0x5dc5fd201225151!8m2!3d52.3563527!4d4.9588559!16s%2Fg%2F1vxdxhm2!19sChIJixinA9dvxkcRUVEiAdJf3AU?authuser=0&hl=nl&rclk=1,Telefoon: 020 894 3004,software startup Amsterdam
WordProof,,https://wordproof.com/,https://www.google.com/maps/place/WordProof/data=!4m7!3m6!1s0x47c609bf84d71861:0xfe62183cc33cc5ac!8m2!3d52.3592052!4d4.8955347!16s%2Fg%2F11j7h5_smk!19sChIJYRjXhL8JxkcRrMU8wzwYYv4?authuser=0&hl=nl&rclk=1,,software startup Amsterdam
Minimum Studio,,https://minimum.studio/,https://www.google.com/maps/place/Minimum+Studio/data=!4m7!3m6!1s0x47c5e3990fc4145f:0x7998de5ed6a4f5de!8m2!3d52.3768296!4d4.8449576!16s%2Fg%2F11qs1bgxp4!19sChIJXxTED5njxUcR3vWk1l7emHk?authuser=0&hl=nl&rclk=1,,software startup Amsterdam
Spectral,,https://spectral.energy/,https://www.google.com/maps/place/Spectral/data=!4m7!3m6!1s0x47c5e2a6618c563b:0x6601c02f5b9af24b!8m2!3d52.4072127!4d4.8902612!16s%2Fg%2F11dz5qd4zz!19sChIJO1aMYabixUcRS_KaWy_AAWY?authuser=0&hl=nl&rclk=1,Telefoon: 020 737 1628,software startup Amsterdam
Quantamix Solutions,,https://quantamixsolutions.com/,https://www.google.com/maps/place/Quantamix+Solutions/data=!4m7!3m6!1s0x47c60985140b4d7b:0x22db5ec19867cad4!8m2!3d52.3544695!4d4.9593122!16s%2Fg%2F11j1zws6hz!19sChIJe00LFIUJxkcR1MpnmMFe2yI?authuser=0&hl=nl&rclk=1,Telefoon: 06 84995255,software startup Amsterdam
Lucid Software EMEA,,http://lucid.co/,https://www.google.com/maps/place/Lucid+Software+EMEA/data=!4m7!3m6!1s0x47c6090d656fe179:0x884b7e95e175957!8m2!3d52.360597!4d4.8896539!16s%2Fg%2F11frp2qzpr!19sChIJeeFvZQ0JxkcRV1kXXum3hAg?authuser=0&hl=nl&rclk=1,,software startup Amsterdam
Dyme B.V.,,https://dyme.app/,https://www.google.com/maps/place/Dyme+B.V./data=!4m7!3m6!1s0x47c609de86fbad73:0xc192c51950b596f1!8m2!3d52.3632279!4d4.8762654!16s%2Fg%2F11h22xpp40!19sChIJc637ht4JxkcR8Za1UBnFksE?authuser=0&hl=nl&rclk=1,,software startup Amsterdam
Capisoft - Software op Maat,,,https://www.google.com/maps/place/Capisoft+-+Software+op+Maat/data=!4m7!3m6!1s0x69f007a8a47c8453:0xd9120db36989443d!8m2!3d52.3714706!4d4.8925052!16s%2Fg%2F11v3xpnpxf!19sChIJU4R8pKgH8GkRPUSJabMNEtk?authuser=0&hl=nl&rclk=1,Telefoon: 020 210 1716,software startup Amsterdam
WE.VESTR,,http://www.wevestr.com/,https://www.google.com/maps/place/WE.VESTR/data=!4m7!3m6!1s0x47c609b44a5b37af:0x747b06d2bfcc1a74!8m2!3d52.3742675!4d4.9149675!16s%2Fg%2F11sqxxxkmv!19sChIJrzdbSrQJxkcRdBrMv9IGe3Q?authuser=0&hl=nl&rclk=1,,software startup Amsterdam
Cycling Bear studio,contact@cyclingbear.studio,http://cyclingbear.studio/,https://www.google.com/maps/place/Cycling+Bear+studio/data=!4m7!3m6!1s0x47c5e3111939fd91:0x349b0415c3b09fd6!8m2!3d52.3753992!4d4.8831015!16s%2Fg%2F11ll6rvp_v!19sChIJkf05GRHjxUcR1p-wwxUEmzQ?authuser=0&hl=nl&rclk=1,Telefoon: 06 24196047,software startup Amsterdam
PINCH,info@pinch.nl,http://www.pinch.nl/,https://www.google.com/maps/place/PINCH/data=!4m7!3m6!1s0x47c5e20c4140af2b:0x2097d3f7d3f5ef41!8m2!3d52.3558612!4d4.8534561!16s%2Fg%2F1td64hj5!19sChIJK69AQQzixUcRQe_10_fTlyA?authuser=0&hl=nl&rclk=1,Telefoon: 020 221 0717,software startup Amsterdam
Omnia Retail,info@omniaretail.com,https://www.omniaretail.com/,https://www.google.com/maps/place/Omnia+Retail/data=!4m7!3m6!1s0x47c613bcdc233249:0x2a4e7d61fe8ecaf4!8m2!3d52.3996775!4d4.8763376!16s%2Fg%2F11c5g40s__!19sChIJSTIj3LwTxkcR9MqO_mF9Tio?authuser=0&hl=nl&rclk=1,Telefoon: 085 047 9240,software startup Amsterdam
Creative Fabrica B.V.,hi@creativefabrica.com,https://www.creativefabrica.com/,https://www.google.com/maps/place/Creative+Fabrica+B.V./data=!4m7!3m6!1s0x47c60970c7b97891:0x5aa9d92c0e2aefb1!8m2!3d52.3779528!4d4.8819235!16s%2Fg%2F11p5pd_595!19sChIJkXi5x3AJxkcRse8qDizZqVo?authuser=0&hl=nl&rclk=1,,software startup Amsterdam
xentral ERP,kontakt@xentral.com.,http://xentral.com/,https://www.google.com/maps/place/xentral+ERP/data=!4m7!3m6!1s0x47c60962228c7eed:0x9989df8396b80f9b!8m2!3d52.376538!4d4.8874987!16s%2Fg%2F11q7bcld7l!19sChIJ7X6MImIJxkcRmw-4loPfiZk?authuser=0&hl=nl&rclk=1,,software startup Amsterdam
Zendesk,,http://zendesk.nl/,https://www.google.com/maps/place/Zendesk/data=!4m7!3m6!1s0x47c60a041ca10f0d:0x66848c69db0a09cf!8m2!3d52.3403113!4d4.8694499!16s%2Fg%2F11q2s_zv8w!19sChIJDQ-hHAQKxkcRzwkK22mMhGY?authuser=0&hl=nl&rclk=1,,software startup Amsterdam
Leapforce,info@leapforce.nl,http://leapforce.nl/?utm_source=google&utm_medium=organic&utm_campaign=gmb,https://www.google.com/maps/place/Leapforce/data=!4m7!3m6!1s0x47c609e6893b1923:0x54a585d1277e9c40!8m2!3d52.3368148!4d4.9294272!16s%2Fg%2F11ggv_btpy!19sChIJIxk7ieYJxkcRQJx-J9GFpVQ?authuser=0&hl=nl&rclk=1,Telefoon: 020 262 2333,software startup Amsterdam
Optiply,info@optiply.com,http://www.optiply.com/,https://www.google.com/maps/place/Optiply/data=!4m7!3m6!1s0x47c609fcd3ec301d:0xaff0b1ab47f4ed1d!8m2!3d52.3902975!4d4.8880032!16s%2Fg%2F11gdlrs5vg!19sChIJHTDs0_wJxkcRHe30R6ux8K8?authuser=0&hl=nl&rclk=1,Telefoon: 020 245 7279,software startup Amsterdam
Meetingselect BV,supplier@meetingselect.com,https://www.meetingselect.com/,https://www.google.com/maps/place/Meetingselect+BV/data=!4m7!3m6!1s0x47c613b142293285:0x8ba2eec48bcd7ee6!8m2!3d52.3910663!4d4.835225!16s%2Fg%2F1tj9sk0v!19sChIJhTIpQrETxkcR5n7Ni8Tuoos?authuser=0&hl=nl&rclk=1,Telefoon: 035 678 1183,software startup Amsterdam
Founda Health,,https://www.founda.com/,https://www.google.com/maps/place/Founda+Health/data=!4m7!3m6!1s0x47c609a7bf35e1dd:0xd6cc19b5d5f18b2b!8m2!3d52.3754187!4d4.9297149!16s%2Fg%2F11h193tdff!19sChIJ3eE1v6cJxkcRK4vx1bUZzNY?authuser=0&hl=nl&rclk=1,Telefoon: 020 244 4828,software startup Amsterdam
Woov,,https://woov.com/,https://www.google.com/maps/place/Woov/data=!4m7!3m6!1s0x47c6084b7e3b8e67:0x8a3f64acf597ac7b!8m2!3d52.3838203!4d4.9031676!16s%2Fg%2F11gcqwchx3!19sChIJZ447fksIxkcRe6yX9axkP4o?authuser=0&hl=nl&rclk=1,,software startup Amsterdam
Codelevate,New request,https://www.codelevate.com/,https://www.google.com/maps/place/Codelevate/data=!4m7!3m6!1s0x47c60b1eeb6bf49b:0x44dfb8224a27e4af!8m2!3d52.365059!4d4.9061455!16s%2Fg%2F11spnq13rc!19sChIJm_Rr6x4LxkcRr-QnSiK430Q?authuser=0&hl=nl&rclk=1,,software startup Amsterdam
Vancis C&MS BV,customersupport@vancis.nl,http://www.vancis.nl/,https://www.google.com/maps/place/Vancis+C%26MS+BV/data=!4m7!3m6!1s0x47c60944ff24b9c9:0xd78d8387f875e711!8m2!3d52.347239!4d5.180044!16s%2Fg%2F12llcl647!19sChIJybkk_0QJxkcREed1-IeDjdc?authuser=0&hl=nl&rclk=1,Telefoon: 020 560 6600,software startup Amsterdam
"Akkuro, by Topicus",,https://www.akkuro.com/,"https://www.google.com/maps/place/Akkuro,+by+Topicus/data=!4m7!3m6!1s0x47c6725ee54e52ed:0xbe9ba49f1a3d275!8m2!3d52.3329605!4d4.9148684!16s%2Fg%2F1tfrr3n8!19sChIJ7VJO5V5yxkcRddKj8Um66Qs?authuser=0&hl=nl&rclk=1",Telefoon: 088 008 6400,software startup Amsterdam
HNM Solutions Netherlands,info@hnmsolutions.eu,https://www.hnmsolutions.eu/,https://www.google.com/maps/place/HNM+Solutions+Netherlands/data=!4m7!3m6!1s0x47c6094802bea9ad:0xcbc3fd51feb2041c!8m2!3d52.3667995!4d4.8875277!16s%2Fg%2F11jb43pcvj!19sChIJram-AkgJxkcRHASy_lH9w8s?authuser=0&hl=nl&rclk=1,Telefoon: 020 323 0061,software startup Amsterdam
Bit,info@wearebit.com,https://wearebit.com/,https://www.google.com/maps/place/Bit/data=!4m7!3m6!1s0x47c609ea9b885e0d:0xdb483ef91fcfcebe!8m2!3d52.3558538!4d4.9546472!16s%2Fg%2F11g718q_dz!19sChIJDV6Im-oJxkcRvs7PH_k-SNs?authuser=0&hl=nl&rclk=1,Telefoon: 020 247 0340,software startup Amsterdam
VRBase Amsterdam,hello@thenewbase.co,https://thenewbase.co/,https://www.google.com/maps/place/VRBase+Amsterdam/data=!4m7!3m6!1s0x47c609a6e71b96c5:0x8d325dc21cddd299!8m2!3d52.3742717!4d4.9150234!16s%2Fg%2F11c32h0s1s!19sChIJxZYb56YJxkcRmdLdHMJdMo0?authuser=0&hl=nl&rclk=1,,software startup Amsterdam
Adsolutions B.V.,,,https://www.google.com/maps/place/Adsolutions+B.V./data=!4m7!3m6!1s0x47c609c3655db917:0xdc55d7187b88ce6a!8m2!3d52.3736693!4d4.8844487!16s%2Fg%2F1tdvnyyg!19sChIJF7ldZcMJxkcRas6IexjXVdw?authuser=0&hl=nl&rclk=1,Telefoon: 020 531 8262,software startup Amsterdam
Apollo Agriculture BV,,http://apolloagriculture.com/,https://www.google.com/maps/place/Apollo+Agriculture+BV/data=!4m7!3m6!1s0x47c609801b60ca25:0x5dbba2e5b04eb10e!8m2!3d52.3650434!4d4.891186!16s%2Fg%2F11g1nrgydb!19sChIJJcpgG4AJxkcRDrFOsOWiu10?authuser=0&hl=nl&rclk=1,,software startup Amsterdam
Framer B.V.,abuse@framer.com,https://www.framer.com/,https://www.google.com/maps/place/Framer+B.V./data=!4m7!3m6!1s0x47c609c3d25f68b5:0x9cb1e1dd51d96586!8m2!3d52.372435!4d4.877478!16s%2Fg%2F11b87xc2sc!19sChIJtWhf0sMJxkcRhmXZUd3hsZw?authuser=0&hl=nl&rclk=1,,software startup Amsterdam
ReaQta,gsc@at.ibm.com,https://reaqta.com/,https://www.google.com/maps/place/ReaQta/data=!4m7!3m6!1s0x47c609496f1635b1:0xec42a6a8bb415941!8m2!3d52.3669857!4d4.8833792!16s%2Fg%2F11fjqk2mfy!19sChIJsTUWb0kJxkcRQVlBu6imQuw?authuser=0&hl=nl&rclk=1,,software startup Amsterdam
Reveall,hello@nextapp.co,https://reveall.co/,https://www.google.com/maps/place/Reveall/data=!4m7!3m6!1s0x47c6096e3bdf6edd:0x476a02002e2c28a6!8m2!3d52.3758759!4d4.8924992!16s%2Fg%2F11pcfknrgz!19sChIJ3W7fO24JxkcRpigsLgACakc?authuser=0&hl=nl&rclk=1,,software startup Amsterdam
Zenodys,service@atom.com,http://zenodys.com/,https://www.google.com/maps/place/Zenodys/data=!4m7!3m6!1s0x47c609c468016bb5:0x3e6198cfdce8d301!8m2!3d52.3736774!4d4.8866632!16s%2Fg%2F11dyzf5s96!19sChIJtWsBaMQJxkcRAdPo3M-YYT4?authuser=0&hl=nl&rclk=1,Telefoon: 06 11419663,software startup Amsterdam
acmetric | AI & Data Science Consulting,press@adc-consulting.com,http://acmetric.com/,https://www.google.com/maps/place/acmetric+%7C+AI+%26+Data+Science+Consulting/data=!4m7!3m6!1s0x47c6092df3f83025:0x6733e149f784eed!8m2!3d52.3714881!4d4.8842708!16s%2Fg%2F11js9wv8n0!19sChIJJTD48y0JxkcR7U54nxQ-cwY?authuser=0&hl=nl&rclk=1,,software startup Amsterdam
Foleon,,https://www.foleon.com/,https://www.google.com/maps/place/Foleon/data=!4m7!3m6!1s0x47cf563ab55249e3:0x59292938484b2f34!8m2!3d52.3923186!4d4.848865!16s%2Fg%2F11bbrgkp6b!19sChIJ40lStTpWz0cRNC9LSDgpKVk?authuser=0&hl=nl&rclk=1,Telefoon: 020 303 2822,software startup Amsterdam
Guzco,info@guzco.ai,https://www.guzco.ai/,https://www.google.com/maps/place/Guzco/data=!4m7!3m6!1s0x47c609ff0720e1eb:0xd35a084d317446ab!8m2!3d52.3715685!4d4.8843114!16s%2Fg%2F11xf20g0h9!19sChIJ6-EgB_8JxkcRq0Z0MU0IWtM?authuser=0&hl=nl&rclk=1,,software startup Amsterdam
Data Tribes Inc. B.V.,alex.ritter@datatribes.nl/,http://www.datatribes.nl/,https://www.google.com/maps/place/Data+Tribes+Inc.+B.V./data=!4m7!3m6!1s0x47c5e16f583b2d85:0x6b8133c32ff7680b!8m2!3d52.3399589!4d4.8262412!16s%2Fg%2F11sylzdhzj!19sChIJhS07WG_hxUcRC2j3L8MzgWs?authuser=0&hl=nl&rclk=1,Telefoon: 020 210 1269,software startup Amsterdam
SoftCircles,hello@softcircles.com,https://softcircles.com/software-development-company-in-netherlands,https://www.google.com/maps/place/SoftCircles/data=!4m7!3m6!1s0x47c60980748e4eaf:0x86a4ea7ec5d1c306!8m2!3d52.3447219!4d4.9156237!16s%2Fg%2F11hyzxzqk_!19sChIJr06OdIAJxkcRBsPRxX7qpIY?authuser=0&hl=nl&rclk=1,Telefoon: +1 608-620-7036,software startup Amsterdam
SwipeGuide,,http://swipeguide.com/,https://www.google.com/maps/place/SwipeGuide/data=!4m7!3m6!1s0x47c5e1858e61d4ff:0xb9f1f9801168a6b7!8m2!3d52.3410099!4d4.8235678!16s%2Fg%2F11g7nnkm93!19sChIJ_9RhjoXhxUcRt6ZoEYD58bk?authuser=0&hl=nl&rclk=1,Telefoon: 020 303 1937,software startup Amsterdam
Startup Boot,nick@startupboot.nl,http://startupboot.nl/,https://www.google.com/maps/place/Startup+Boot/data=!4m7!3m6!1s0x47c60997eae48c29:0xdc60ded0bf786c40!8m2!3d52.3839162!4d4.9024827!16s%2Fg%2F11c3xb2l20!19sChIJKYzk6pcJxkcRQGx4v9DeYNw?authuser=0&hl=nl&rclk=1,Telefoon: 06 27095924,software startup Amsterdam
Omniteam.ai,,https://omniteam.ai/,https://www.google.com/maps/place/Omniteam.ai/data=!4m7!3m6!1s0x47c6090162d3ebbb:0x9273ace5e0e7d704!8m2!3d52.3545816!4d4.8697479!16s%2Fg%2F11yj0pvd3k!19sChIJu-vTYgEJxkcRBNfn4OWsc5I?authuser=0&hl=nl&rclk=1,Telefoon: 0970 102 53288,AI startup Amsterdam
Slimmer AI,,https://www.slimmer.ai/,https://www.google.com/maps/place/Slimmer+AI/data=!4m7!3m6!1s0x47c5e1f94e5359f9:0x4c1c16d17b43b7b7!8m2!3d52.3666451!4d4.8923966!16s%2Fg%2F11frdzpy6g!19sChIJ-VlTTvnhxUcRt7dDe9EWHEw?authuser=0&hl=nl&rclk=1,,AI startup Amsterdam
Auto,info@underreality.com,https://underreality.com/,https://www.google.com/maps/place/Auto/data=!4m7!3m6!1s0x47c6099bfb9c8983:0x9b065ae1367b0893!8m2!3d52.357134!4d4.898116!16s%2Fg%2F11n8s803t6!19sChIJg4mc-5sJxkcRkwh7NuFaBps?authuser=0&hl=nl&rclk=1,Telefoon: 020 308 6100,AI startup Amsterdam
Violet88,info@violet88.nl,https://www.violet88.nl/,https://www.google.com/maps/place/Violet88/data=!4m7!3m6!1s0x47c60b8465526097:0xfc0c1d314cc2e08a!8m2!3d52.078209!4d5.13101!16s%2Fg%2F11bbt46vj0!19sChIJl2BSZYQLxkcRiuDCTDEdDPw?authuser=0&hl=nl&rclk=1,Telefoon: 030 227 1429,AI startup Amsterdam
WP SEO AI,,https://wpseoai.com/,https://www.google.com/maps/place/WP+SEO+AI/data=!4m7!3m6!1s0x47c60b836b46ea8d:0x8f2a3218fbedcbb9!8m2!3d52.3676631!4d4.8927046!16s%2Fg%2F11y813txv5!19sChIJjepGa4MLxkcRucvt-xgyKo8?authuser=0&hl=nl&rclk=1,Telefoon: 06 31799357,AI startup Amsterdam
Tur.ai - AI & Data Science as a Service,,https://tur.ai/,https://www.google.com/maps/place/Tur.ai+-+AI+%26+Data+Science+as+a+Service/data=!4m7!3m6!1s0x47c5e17e15ac7e47:0x2b36e92c754bc5c0!8m2!3d52.3448195!4d4.8523564!16s%2Fg%2F11hw5pzd1j!19sChIJR36sFX7hxUcRwMVLdSzpNis?authuser=0&hl=nl&rclk=1,Telefoon: 06 50414342,AI startup Amsterdam
Startup Accelerator B.V.,bart@startupaccelerator.nl,https://www.startupaccelerator.nl/,https://www.google.com/maps/place/Startup+Accelerator+B.V./data=!4m7!3m6!1s0x47c60bf244f95b3b:0xab20facff50d95e1!8m2!3d52.3366101!4d4.8854321!16s%2Fg%2F11sqsccv8m!19sChIJO1v5RPILxkcR4ZUN9c_6IKs?authuser=0&hl=nl&rclk=1,,AI startup Amsterdam
Struck,info@struck.eu,http://struck.eu/,https://www.google.com/maps/place/Struck/data=!4m7!3m6!1s0x8a6e02ae46706aeb:0xf9195532bcced0b!8m2!3d52.3666645!4d4.8924587!16s%2Fg%2F11m6yrph6s!19sChIJ62pwRq4CbooRC-3MK1OVkQ8?authuser=0&hl=nl&rclk=1,Telefoon: 020 793 0037,AI startup Amsterdam
alpha.one,,https://www.alpha.one/,https://www.google.com/maps/place/alpha.one/data=!4m7!3m6!1s0x47c433580f65cd77:0xe1dd504c83442725!8m2!3d52.3718749!4d4.9285212!16s%2Fg%2F11c7vt9xpz!19sChIJd81lD1gzxEcRJSdEg0xQ3eE?authuser=0&hl=nl&rclk=1,Telefoon: 085 333 2330,AI startup Amsterdam
AI Netherlands,hello@ai-netherlands.nl,https://ai-netherlands.nl/,https://www.google.com/maps/place/AI+Netherlands/data=!4m7!3m6!1s0x47b8133315440adf:0x7bed069f966969d7!8m2!3d52.2090512!4d6.8634151!16s%2Fg%2F11ycsgmnkc!19sChIJ3wpEFTMTuEcR12lplp8G7Xs?authuser=0&hl=nl&rclk=1,Telefoon: 020 224 6114,AI startup Amsterdam
Carv B.V.,info@carv.com,https://carv.com/,https://www.google.com/maps/place/Carv+B.V./data=!4m7!3m6!1s0x47c609240c242c03:0x436d5c71ca63a46d!8m2!3d52.399277!4d4.8767918!16s%2Fg%2F11t314l0n9!19sChIJAywkDCQJxkcRbaRjynFcbUM?authuser=0&hl=nl&rclk=1,,AI startup Amsterdam
Healthplus.ai,info@healthplus.ai,http://www.healthplus.ai/,https://www.google.com/maps/place/Healthplus.ai/data=!4m7!3m6!1s0x47c6093996e11253:0xe5e2e082f2a7081a!8m2!3d52.390139!4d4.8891897!16s%2Fg%2F11t5l_h_54!19sChIJUxLhljkJxkcRGgin8oLg4uU?authuser=0&hl=nl&rclk=1,,AI startup Amsterdam
AI Monday,Sanne.kerkhoff@salesmarketinggroup.nl,https://www.aimonday.nl/,https://www.google.com/maps/place/AI+Monday/data=!4m7!3m6!1s0x47c60942ad2a8ef5:0x7eb2656cb0e756fa!8m2!3d52.3987412!4d4.8832811!16s%2Fg%2F11wws7hl48!19sChIJ9Y4qrUIJxkcR-lbnsGxlsn4?authuser=0&hl=nl&rclk=1,,AI startup Amsterdam
AI Opener,,https://www.aiopener.io/,https://www.google.com/maps/place/AI+Opener/data=!4m7!3m6!1s0x47c6096c966605d5:0x9478bc3ede37ab00!8m2!3d52.371243!4d4.9270884!16s%2Fg%2F11y34_lk9j!19sChIJ1QVmlmwJxkcRAKs33j68eJQ?authuser=0&hl=nl&rclk=1,Telefoon: 06 39600277,AI startup Amsterdam
AI Heroes,hello@aiheroes.io,https://aiheroes.io/,https://www.google.com/maps/place/AI+Heroes/data=!4m7!3m6!1s0x24c03197f1999d35:0xcdcfbdd2b6e2ab95!8m2!3d52.3592637!4d4.8957865!16s%2Fg%2F11l2p250xl!19sChIJNZ2Z8ZcxwCQRlavittK9z80?authuser=0&hl=nl&rclk=1,Telefoon: 06 22360432,AI startup Amsterdam
Generative AI Strategy,info@waimakers.com,https://www.generativeaistrategy.com/,https://www.google.com/maps/place/Generative+AI+Strategy/data=!4m7!3m6!1s0xaa4defe5528cc8b:0xf40902b123a18ee2!8m2!3d52.3341456!4d4.9307226!16s%2Fg%2F11wn4333qz!19sChIJi8woVf7epAoR4o6hI7ECCfQ?authuser=0&hl=nl&rclk=1,,AI startup Amsterdam
ADAMI,NIELS@ADAMI.AI,https://www.adami.ai/,https://www.google.com/maps/place/ADAMI/data=!4m7!3m6!1s0x47c6098ce1ce8f3f:0xd6e43c14df7c95b0!8m2!3d52.3475077!4d4.9192609!16s%2Fg%2F11lp62xgwr!19sChIJP4_O4YwJxkcRsJV83xQ85NY?authuser=0&hl=nl&rclk=1,Telefoon: 020 210 1581,AI startup Amsterdam
Formify,info@formify.com,https://formify.com/,https://www.google.com/maps/place/Formify/data=!4m7!3m6!1s0x47c609422eb0606d:0x844db625de078a50!8m2!3d52.349937!4d4.8729232!16s%2Fg%2F11ncjfx625!19sChIJbWCwLkIJxkcRUIoH3iW2TYQ?authuser=0&hl=nl&rclk=1,Telefoon: 020 225 9449,AI startup Amsterdam
Fraudio BV,,https://www.fraudio.com/,https://www.google.com/maps/place/Fraudio+BV/data=!4m7!3m6!1s0x47c60bf3931d6dd9:0xb737aa7c94e67427!8m2!3d52.3686772!4d4.9039476!16s%2Fg%2F11fpkwdslk!19sChIJ2W0dk_MLxkcRJ3TmlHyqN7c?authuser=0&hl=nl&rclk=1,,AI startup Amsterdam
HyperAI B.V.,info@hyperai.ai,http://www.hyperai.ai/,https://www.google.com/maps/place/HyperAI+B.V./data=!4m7!3m6!1s0x47c5e1c51dc566db:0x27d3c57639d81f82!8m2!3d52.3430714!4d4.8289517!16s%2Fg%2F11rq12bsdm!19sChIJ22bFHcXhxUcRgh_YOXbF0yc?authuser=0&hl=nl&rclk=1,,AI startup Amsterdam
BridgeFund,contact@bridgefund.nl,https://www.bridgefund.nl/,https://www.google.com/maps/place/BridgeFund/data=!4m7!3m6!1s0x47c60bd21987d6ab:0xce3608d0e5fca19d!8m2!3d52.3392795!4d4.9076851!16s%2Fg%2F11hbnsxfd6!19sChIJq9aHGdILxkcRnaH85dAINs4?authuser=0&hl=nl&rclk=1,Telefoon: 085 401 6600,fintech startup Amsterdam
Curiosity Venture Capital,hello@curiosityvc.com,https://www.curiosityvc.com/,https://www.google.com/maps/place/Curiosity+Venture+Capital/data=!4m7!3m6!1s0x47c5e33da91ab439:0xbdda3589b2778c0f!8m2!3d52.3796754!4d4.8740791!16s%2Fg%2F11k3d3w1p2!19sChIJObQaqT3jxUcRD4x3sok12r0?authuser=0&hl=nl&rclk=1,,fintech startup Amsterdam
D2X Group N.V.,press@d2x.com,https://d2x.com/,https://www.google.com/maps/place/D2X+Group+N.V./data=!4m7!3m6!1s0x47c6092402c27d6f:0x4311cf5dc52f0439!8m2!3d52.3413986!4d4.856462!16s%2Fg%2F11rfpm9yqv!19sChIJb33CAiQJxkcROQQvxV3PEUM?authuser=0&hl=nl&rclk=1,,fintech startup Amsterdam
Carbon Equity,,http://www.carbonequity.com/,https://www.google.com/maps/place/Carbon+Equity/data=!4m7!3m6!1s0x47c5e392599df43b:0x39939e0ac1fe8335!8m2!3d52.3736753!4d4.9015256!16s%2Fg%2F11sghjyc4y!19sChIJO_SdWZLjxUcRNYP-wQqekzk?authuser=0&hl=nl&rclk=1,,fintech startup Amsterdam
Oneplanetcrowd,service@invesdor.nl,https://www.invesdor.nl/#/,https://www.google.com/maps/place/Oneplanetcrowd/data=!4m7!3m6!1s0x47c6097445e6fb33:0x4975753ccad73ca5!8m2!3d52.362697!4d4.920628!16s%2Fg%2F1hm26ntn6!19sChIJM_vmRXQJxkcRpTzXyjx1dUk?authuser=0&hl=nl&rclk=1,Telefoon: 020 568 2070,fintech startup Amsterdam
Amsterdam Platform Creation Bv,hr@apcreation.nl,https://www.apcreation.nl/,https://www.google.com/maps/place/Amsterdam+Platform+Creation+Bv/data=!4m7!3m6!1s0x47c60a050bd1d8a5:0x6d23a682221c2b00!8m2!3d52.3356933!4d4.8870965!16s%2Fg%2F11qnk86z6_!19sChIJpdjRCwUKxkcRACscIoKmI20?authuser=0&hl=nl&rclk=1,,fintech startup Amsterdam
Onramper,,http://www.onramper.com/,https://www.google.com/maps/place/Onramper/data=!4m7!3m6!1s0x47c60971aef8c163:0x98cd668d0b5398f1!8m2!3d52.3863673!4d4.889874!16s%2Fg%2F11t_kb9z_k!19sChIJY8H4rnEJxkcR8ZhTC41mzZg?authuser=0&hl=nl&rclk=1,,fintech startup Amsterdam
CarePay International,press@carepay.com,http://www.carepay.com/,https://www.google.com/maps/place/CarePay+International/data=!4m7!3m6!1s0x47c60bec85f8550d:0xfbeeedde585e27f8!8m2!3d52.2977837!4d4.9545523!16s%2Fg%2F11h1mbhtjx!19sChIJDVX4hewLxkcR-CdeWN7t7vs?authuser=0&hl=nl&rclk=1,Telefoon: 020 214 2150,fintech startup Amsterdam
NPEX,welcome@npex.nl,http://www.npex.nl/,https://www.google.com/maps/place/NPEX/data=!4m7!3m6!1s0x47c5b7efd5af4ecf:0xe8b18121ff0308ac!8m2!3d52.3739198!4d4.8877095!16s%2Fg%2F1tdn7vr0!19sChIJz06v1e-3xUcRrAgD_yGBseg?authuser=0&hl=nl&rclk=1,Telefoon: 085 007 4310,fintech startup Amsterdam
Amdax,email@provider.com,https://www.amdax.com/,https://www.google.com/maps/place/Amdax/data=!4m7!3m6!1s0x47c609971ec61967:0x82206746fe89ca78!8m2!3d52.33651!4d4.873965!16s%2Fg%2F11fr4bcjck!19sChIJZxnGHpcJxkcReMqJ_kZnIII?authuser=0&hl=nl&rclk=1,Telefoon: 088 263 2900,fintech startup Amsterdam
Mindspace Dam,,https://www.mindspace.me/amsterdam/dam/?utm_medium=organic&utm_campaign=gmb&utm_content=amsterdam_dam,https://www.google.com/maps/place/Mindspace+Dam/data=!4m7!3m6!1s0x47c60948c078cc65:0xcf6d9b298416ac4d!8m2!3d52.3744346!4d4.8909668!16s%2Fg%2F11gx_ytjw3!19sChIJZcx4wEgJxkcRTawWhCmbbc8?authuser=0&hl=nl&rclk=1,Telefoon: 020 225 1031,fintech startup Amsterdam
Tradefox,,https://tradefox.co/,https://www.google.com/maps/place/Tradefox/data=!4m7!3m6!1s0x47c609ecc2178761:0xfb60f802d19905bb!8m2!3d52.3665859!4d4.8921853!16s%2Fg%2F11cm177qv2!19sChIJYYcXwuwJxkcRuwWZ0QL4YPs?authuser=0&hl=nl&rclk=1,Telefoon: 06 16477347,fintech startup Amsterdam
Vosbor,,http://www.vosbor.com/,https://www.google.com/maps/place/Vosbor/data=!4m7!3m6!1s0x47c609af4b1a810b:0x4c83e1c66f908415!8m2!3d52.3401859!4d4.8698481!16s%2Fg%2F11b90b4y72!19sChIJC4EaS68JxkcRFYSQb8bhg0w?authuser=0&hl=nl&rclk=1,Telefoon: 020 217 0982,fintech startup Amsterdam
Mollie,,https://www.mollie.com/nl?utm_source=gmb&utm_medium=organic&utm_content=listing&utm_campaign=local-main,https://www.google.com/maps/place/Mollie/data=!4m7!3m6!1s0x47c609e5dfe9b3a7:0x72ad1dcacaa167c7!8m2!3d52.3767917!4d4.8868003!16s%2Fg%2F1w2yt232!19sChIJp7Pp3-UJxkcRx2ehysodrXI?authuser=0&hl=nl&rclk=1,,fintech startup Amsterdam
DuurzaamInvesteren.nl,privacyquestions@cloudflare.com,https://www.duurzaaminvesteren.nl/,https://www.google.com/maps/place/DuurzaamInvesteren.nl/data=!4m7!3m6!1s0x47c609c67a033c5b:0x57d723b681d6503b!8m2!3d52.3402398!4d4.8754456!16s%2Fg%2F11bbrjtpq0!19sChIJWzwDesYJxkcRO1DWgbYj11c?authuser=0&hl=nl&rclk=1,Telefoon: 088 432 1543,fintech startup Amsterdam
Bux,,http://getbux.com/nl/,https://www.google.com/maps/place/Bux/data=!4m7!3m6!1s0x47c609eae28bfb85:0xa4c59b0088accc75!8m2!3d52.3642069!4d4.8917925!16s%2Fg%2F11bw4p7sxf!19sChIJhfuL4uoJxkcRdcysiACbxaQ?authuser=0&hl=nl&rclk=1,Telefoon: 085 888 5505,fintech startup Amsterdam
Blockport,contact@blockport.io,https://blockport.io/,https://www.google.com/maps/place/Blockport/data=!4m7!3m6!1s0x47c609be63b6918b:0xaa931e750eed365c!8m2!3d52.3963601!4d4.8755794!16s%2Fg%2F11g1ppftn8!19sChIJi5G2Y74JxkcRXDbtDnUek6o?authuser=0&hl=nl&rclk=1,Telefoon: 020 244 1784,fintech startup Amsterdam
Endeit Capital,info@endeit.se,http://endeit.com/,https://www.google.com/maps/place/Endeit+Capital/data=!4m7!3m6!1s0x47c609ee3d1f6e51:0x69f6511761d5ad50!8m2!3d52.3571971!4d4.8843625!16s%2Fg%2F11bwkhmv24!19sChIJUW4fPe4JxkcRUK3VYRdR9mk?authuser=0&hl=nl&rclk=1,Telefoon: 020 794 7777,fintech startup Amsterdam
SCOPE marketing technology B.V. (SMT),,https://cddondemand.com/,https://www.google.com/maps/place/SCOPE+marketing+technology+B.V.+%28SMT%29/data=!4m7!3m6!1s0x47c5e6fff90f645f:0x248af0ac523b87a9!8m2!3d52.291509!4d4.707824!16s%2Fg%2F1tf6977s!19sChIJX2QP-f_mxUcRqYc7UqzwiiQ?authuser=0&hl=nl&rclk=1,Telefoon: 023 517 9200,fintech startup Amsterdam
Brand New Day N.V.,,https://new.brandnewday.nl/,https://www.google.com/maps/place/Brand+New+Day+N.V./data=!4m7!3m6!1s0x47c60b9a28818f3f:0xc59677d33d4125aa!8m2!3d52.3081244!4d4.9451995!16s%2Fg%2F1tk8b9sg!19sChIJP4-BKJoLxkcRqiVBPdN3lsU?authuser=0&hl=nl&rclk=1,Telefoon: 020 758 5310,fintech startup Amsterdam
Freedom24,,https://lp.freedom24.com/nl/begin?utm_campaign=mc_googlebusiness_nl,https://www.google.com/maps/place/Freedom24/data=!4m7!3m6!1s0x47c609c52c1b242d:0x53b2f64d1fbe83bd!8m2!3d52.3663414!4d4.889673!16s%2Fg%2F11mlx5ynyh!19sChIJLSQbLMUJxkcRvYO-H032slM?authuser=0&hl=nl&rclk=1,,fintech startup Amsterdam
Nxchange B.V.,support@nxchange.com,https://www.nxchange.com/,https://www.google.com/maps/place/Nxchange+B.V./data=!4m7!3m6!1s0x47c609ea6b1d277b:0x25f8ef700c776440!8m2!3d52.3797911!4d4.88892!16s%2Fg%2F11cn3vscnc!19sChIJeycda-oJxkcRQGR3DHDv-CU?authuser=0&hl=nl&rclk=1,Telefoon: 020 240 4365,fintech startup Amsterdam
Sprinque B.V.,,http://www.sprinque.com/,https://www.google.com/maps/place/Sprinque+B.V./data=!4m7!3m6!1s0xab4e399f0b8a2b15:0x11f7f6b112651256!8m2!3d52.3633935!4d4.8864429!16s%2Fg%2F11trrrqnyv!19sChIJFSuKC585TqsRVhJlErH29xE?authuser=0&hl=nl&rclk=1,,fintech startup Amsterdam
Gain.pro Bv,,https://gain.ai/,https://www.google.com/maps/place/Gain.pro+Bv/data=!4m7!3m6!1s0x47c60b99b4250c09:0xbef77a5930b330ec!8m2!3d52.349937!4d4.8729232!16s%2Fg%2F11fmtm2rn0!19sChIJCQwltJkLxkcR7DCzMFl6974?authuser=0&hl=nl&rclk=1,,fintech startup Amsterdam
Invest-NL,,http://www.invest-nl.nl/,https://www.google.com/maps/place/Invest-NL/data=!4m7!3m6!1s0x47c60a0547215ca3:0x61de9836f8df5c17!8m2!3d52.3864741!4d4.8431787!16s%2Fg%2F11c1w0k1m6!19sChIJo1whRwUKxkcRF1zf-DaY3mE?authuser=0&hl=nl&rclk=1,Telefoon: 088 203 6700,fintech startup Amsterdam
Plumery B.V.,,https://plumery.com/,https://www.google.com/maps/place/Plumery+B.V./data=!4m7!3m6!1s0x47c60b414bc79f65:0xbfadb86594f5ffec!8m2!3d52.3374062!4d4.8730995!16s%2Fg%2F11y7f6y8zd!19sChIJZZ_HS0ELxkcR7P_1lGW4rb8?authuser=0&hl=nl&rclk=1,Telefoon: 020 369 5175,fintech startup Amsterdam
NLC Health Ventures,info@nlc.health,http://nlc.health/,https://www.google.com/maps/place/NLC+Health+Ventures/data=!4m7!3m6!1s0x47c60b78d8f6acbd:0xee907f7a04c54df3!8m2!3d52.2977358!4d4.9544641!16s%2Fg%2F11c7hg1qd_!19sChIJvaz22HgLxkcR803FBHp_kO4?authuser=0&hl=nl&rclk=1,Telefoon: 020 244 0623,healthtech startup Amsterdam
The Health Tech Company,info@thehealthtechcompany.com,http://www.thehealthtechcompany.com/,https://www.google.com/maps/place/The+Health+Tech+Company/data=!4m7!3m6!1s0x47c609cb316ee121:0xbaec6d6004b89445!8m2!3d52.3554669!4d4.8753521!16s%2Fg%2F11pf85z1ps!19sChIJIeFuMcsJxkcRRZS4BGBt7Lo?authuser=0&hl=nl&rclk=1,,healthtech startup Amsterdam
Qikker Online,,http://www.qikkeronline.nl/,https://www.google.com/maps/place/Qikker+Online/data=!4m7!3m6!1s0x47c6083319e28e7b:0xe067183514d1d924!8m2!3d52.3691452!4d4.913516!16s%2Fg%2F1hc2gmxf3!19sChIJe47iGTMIxkcRJNnRFDUYZ-A?authuser=0&hl=nl&rclk=1,Telefoon: 020 820 0923,ecommerce startup Amsterdam
Flatline Agency,,https://flatlineagency.com/,https://www.google.com/maps/place/Flatline+Agency/data=!4m7!3m6!1s0x47c6462e86609795:0xfccb6292a4f22764!8m2!3d52.3571919!4d4.8981893!16s%2Fg%2F1tvykzqh!19sChIJlZdghi5GxkcRZCfypJJiy_w?authuser=0&hl=nl&rclk=1,Telefoon: 020 210 1668,ecommerce startup Amsterdam
Whello,hello@whello.nl,https://whello.nl/?utm_source=GMB&utm_medium=organic,https://www.google.com/maps/place/Whello/data=!4m7!3m6!1s0x47c5e208cc3cf835:0x14d9ed586898246f!8m2!3d52.3999044!4d4.8712968!16s%2Fg%2F1ptzdm322!19sChIJNfg8zAjixUcRbySYaFjt2RQ?authuser=0&hl=nl&rclk=1,Telefoon: 085 401 3416,ecommerce startup Amsterdam
Switch Online Marketing,info@switchom.nl,http://switchom.nl/,https://www.google.com/maps/place/Switch+Online+Marketing/data=!4m7!3m6!1s0x47c609c5ffd20575:0xf530af3a317fea3a!8m2!3d52.3579142!4d4.920209!16s%2Fg%2F11dxkb4w3q!19sChIJdQXS_8UJxkcROup_MTqvMPU?authuser=0&hl=nl&rclk=1,Telefoon: 020 210 1312,ecommerce startup Amsterdam
Webfluencer,hello@webfluencer.nl,https://www.webfluencer.nl/,https://www.google.com/maps/place/Webfluencer/data=!4m7!3m6!1s0x47c609b9b69f2365:0x42e9ab13e4be55ca!8m2!3d52.35926!4d4.894887!16s%2Fg%2F11h3fbkxs8!19sChIJZSOftrkJxkcRylW-5BOr6UI?authuser=0&hl=nl&rclk=1,Telefoon: 020 244 5281,ecommerce startup Amsterdam
Центр поддержки online бизнеса WE-RE,,,https://www.google.com/maps/place/%D0%A6%D0%B5%D0%BD%D1%82%D1%80+%D0%BF%D0%BE%D0%B4%D0%B4%D0%B5%D1%80%D0%B6%D0%BA%D0%B8+online+%D0%B1%D0%B8%D0%B7%D0%BD%D0%B5%D1%81%D0%B0+WE-RE/data=!4m7!3m6!1s0x47c4335c6b9105cd:0x9ff056233bae0b6e!8m2!3d46.2175363!4d40.8651525!16s%2Fg%2F1hc636cgc!19sChIJzQWRa1wzxEcRbguuOyNW8J8?authuser=0&hl=nl&rclk=1,,ecommerce startup Amsterdam
Chase Marketing,info@chasemarketing.nl,https://www.chasemarketing.nl/?utm_source=local&utm_medium=organic&utm_campaign=gmb,https://www.google.com/maps/place/Chase+Marketing/data=!4m7!3m6!1s0x47c5e3c10c8d96e7:0xf10925b567ce67ba!8m2!3d52.3637337!4d4.9062508!16s%2Fg%2F11gmcl30md!19sChIJ55aNDMHjxUcRumfOZ7UlCfE?authuser=0&hl=nl&rclk=1,Telefoon: 020 244 2580,ecommerce startup Amsterdam
Opklopper,,https://opklopper.nl/,https://www.google.com/maps/place/Opklopper/data=!4m7!3m6!1s0x47c6094d566d59db:0x28981c752a9eaf01!8m2!3d52.3792619!4d4.8928686!16s%2Fg%2F11p6dfnq4c!19sChIJ21ltVk0JxkcRAa-eKnUcmCg?authuser=0&hl=nl&rclk=1,Telefoon: 020 809 0131,ecommerce startup Amsterdam
Webfluencer,hello@webfluencer.nl,https://www.webfluencer.nl/,https://www.google.com/maps/place/Webfluencer/data=!4m7!3m6!1s0x47c609b9b69f2365:0x42e9ab13e4be55ca!8m2!3d52.3592605!4d4.8948869!16s%2Fg%2F11h3fbkxs8!19sChIJZSOftrkJxkcRylW-5BOr6UI?authuser=0&hl=nl&rclk=1,Telefoon: 020 244 5281,ecommerce startup Amsterdam
Online Marketing Amsterdam,contact@oma.amsterdam,https://oma.amsterdam/,https://www.google.com/maps/place/Online+Marketing+Amsterdam/data=!4m7!3m6!1s0x47c609ecc2178441:0x6daa3fd0ece7306a!8m2!3d52.3645713!4d4.8900089!16s%2Fg%2F11bxgm6v3d!19sChIJQYQXwuwJxkcRajDn7NA_qm0?authuser=0&hl=nl&rclk=1,Telefoon: 020 233 9175,ecommerce startup Amsterdam
"Bold Commerce, Magento specialist in Amsterdam",info@boldcommerce.nl,https://www.boldcommerce.nl/,"https://www.google.com/maps/place/Bold+Commerce,+Magento+specialist+in+Amsterdam/data=!4m7!3m6!1s0x47c6090d6f930793:0xa2ce69e10d1a48a4!8m2!3d52.3874531!4d4.8419181!16s%2Fg%2F12qgt4d9k!19sChIJkweTbw0JxkcRpEgaDeFpzqI?authuser=0&hl=nl&rclk=1",Telefoon: 020 303 5076,ecommerce startup Amsterdam
Salonized,,https://www.salonized.com/,https://www.google.com/maps/place/Salonized/data=!4m7!3m6!1s0x47c60914162ffa49:0x42e7ead955066835!8m2!3d52.3641925!4d4.8927815!16s%2Fg%2F11b5ysgb0p!19sChIJSfovFhQJxkcRNWgGVdnq50I?authuser=0&hl=nl&rclk=1,,ecommerce startup Amsterdam
Ask Phill,sales@askphill.com,https://www.askphill.com/,https://www.google.com/maps/place/Ask+Phill/data=!4m7!3m6!1s0x47c609e9d02938a7:0xc7fe86a50166726d!8m2!3d52.3722!4d4.9080262!16s%2Fg%2F11cp7mrs7y!19sChIJpzgp0OkJxkcRbXJmAaWG_sc?authuser=0&hl=nl&rclk=1,Telefoon: 020 261 5080,ecommerce startup Amsterdam
Propeller,,https://propeller-commerce.com/,https://www.google.com/maps/place/Propeller/data=!4m7!3m6!1s0x47c5e18faa00cc13:0x9cc74dd0683cba4f!8m2!3d52.363366!4d4.9069528!16s%2Fg%2F1tl1mn2c!19sChIJE8wAqo_hxUcRT7o8aNBNx5w?authuser=0&hl=nl&rclk=1,Telefoon: 020 671 7171,ecommerce startup Amsterdam
Duxly | Integraties voor e-commerce,hello@duxly.nl,https://www.duxly.nl/,https://www.google.com/maps/place/Duxly+%7C+Integraties+voor+e-commerce/data=!4m7!3m6!1s0x47c6a1cc391f52d9:0x27c2b00c75d2ef5b!8m2!3d52.3769354!4d4.8951923!16s%2Fg%2F11clwpqx2n!19sChIJ2VIfOcyhxkcRW-_SdQywwic?authuser=0&hl=nl&rclk=1,Telefoon: 020 244 1514,ecommerce startup Amsterdam
Creative Corner | Website laten maken,,https://ccorner.nl/,https://www.google.com/maps/place/Creative+Corner+%7C+Website+laten+maken/data=!4m7!3m6!1s0x47c5efa29d4f6c99:0x6ea6fdefe4d7e388!8m2!3d52.481661!4d4.671736!16s%2Fg%2F11j5bz_p5c!19sChIJmWxPnaLvxUcRiOPX5O_9pm4?authuser=0&hl=nl&rclk=1,Telefoon: 085 212 9559,ecommerce startup Amsterdam
Yellowgrape,hello@yellowgrape.io,http://www.yellowgrape.io/,https://www.google.com/maps/place/Yellowgrape/data=!4m7!3m6!1s0x47c6083cc181acc7:0xc98cb30cf60c8c54!8m2!3d52.3727001!4d4.8874685!16s%2Fg%2F11bbwn9l2z!19sChIJx6yBwTwIxkcRVIwM9gyzjMk?authuser=0&hl=nl&rclk=1,Telefoon: 020 244 0313,ecommerce startup Amsterdam
Productpine Hoofdkantoor,info@productpine.com,https://www.productpine.com/,https://www.google.com/maps/place/Productpine+Hoofdkantoor/data=!4m7!3m6!1s0x47c6095e6e76e0bd:0x402c120c3e4af0cc!8m2!3d52.3671617!4d4.8926947!16s%2Fg%2F11hdw95c6c!19sChIJveB2bl4JxkcRzPBKPgwSLEA?authuser=0&hl=nl&rclk=1,Telefoon: 06 82370956,ecommerce startup Amsterdam
SaaS Solutions NL,,,https://www.google.com/maps/place/SaaS+Solutions+NL/data=!4m7!3m6!1s0x47c5e1bec3a42197:0xcbf419417498b022!8m2!3d52.3453853!4d4.8565042!16s%2Fg%2F11z0ybzjy7!19sChIJlyGkw77hxUcRIrCYdEEZ9Ms?authuser=0&hl=nl&rclk=1,Telefoon: 06 17308645,SaaS company Amsterdam
GlobalOrange B.V.,info@globalorange.nl,https://www.globalorange.nl/,https://www.google.com/maps/place/GlobalOrange+B.V./data=!4m7!3m6!1s0x47c609cecd12cd33:0xcce725f0641c6902!8m2!3d52.381052!4d4.8901169!16s%2Fg%2F1tdrdksk!19sChIJM80Szc4JxkcRAmkcZPAl58w?authuser=0&hl=nl&rclk=1,Telefoon: 020 420 4307,SaaS company Amsterdam
SaaSify Cloud Technologies B.V.,info@saasify.nl,http://www.saasify.nl/,https://www.google.com/maps/place/SaaSify+Cloud+Technologies+B.V./data=!4m7!3m6!1s0x47c60b5b223400cb:0xa736d5223f296bd2!8m2!3d52.3377999!4d4.872621!16s%2Fg%2F11fnwcd12p!19sChIJywA0IlsLxkcR0mspPyLVNqc?authuser=0&hl=nl&rclk=1,,SaaS company Amsterdam
Katapult | SaaS Sales Recruitment,max@katapult.nl,http://www.katapultamsterdam.com/,https://www.google.com/maps/place/Katapult+%7C+SaaS+Sales+Recruitment/data=!4m7!3m6!1s0x6a5554266d91cfbf:0xa14f288fcc23497b!8m2!3d52.3785277!4d4.8961802!16s%2Fg%2F11vf73cz1w!19sChIJv8-RbSZUVWoRe0kjzI8oT6E?authuser=0&hl=nl&rclk=1,Telefoon: 06 17157603,SaaS company Amsterdam
DDS - SaaS Development - Webapplicatie laten maken,,https://digitaldatasolutions.io/,https://www.google.com/maps/place/DDS+-+SaaS+Development+-+Webapplicatie+laten+maken/data=!4m7!3m6!1s0x47c60977f6814081:0xec5653ac78b50b88!8m2!3d52.3659812!4d4.9124306!16s%2Fg%2F11fncs7tdh!19sChIJgUCB9ncJxkcRiAu1eKxTVuw?authuser=0&hl=nl&rclk=1,Telefoon: 020 737 1482,SaaS company Amsterdam
MiniDis BV,info@minidis.com,http://www.minidis.com/,https://www.google.com/maps/place/MiniDis+BV/data=!4m7!3m6!1s0x47c5c13dd5a3412f:0x30f4716cf5bd7401!8m2!3d52.229019!4d4.526218!16s%2Fg%2F1tf798j6!19sChIJL0Gj1T3BxUcRAXS99Wxx9DA?authuser=0&hl=nl&rclk=1,Telefoon: 085 210 3800,SaaS company Amsterdam
Wazzup SaaS / Software 4 Realtors - Amsterdam Office,,https://www.wazzupsoftware.com/,https://www.google.com/maps/place/Wazzup+SaaS+%2F+Software+4+Realtors+-+Amsterdam+Office/data=!4m7!3m6!1s0x47c60b78bfd80691:0x9f201270aefaf38b!8m2!3d52.2990195!4d4.9538422!16s%2Fg%2F11dxmnmz8r!19sChIJkQbYv3gLxkcRi_P6rnASIJ8?authuser=0&hl=nl&rclk=1,Telefoon: 026 202 0116,SaaS company Amsterdam
FieldBuddy,,https://www.fieldbuddy.com/nl,https://www.google.com/maps/place/FieldBuddy/data=!4m7!3m6!1s0x47c609cb72ffa3a3:0x70d642c867b8b152!8m2!3d52.404381!4d4.88706!16s%2Fg%2F11fxvxz58q!19sChIJo6P_cssJxkcRUrG4Z8hC1nA?authuser=0&hl=nl&rclk=1,Telefoon: 020 261 1100,app development startup Amsterdam
ENDROiT Web & App Development,martijn@florijn.com,http://www.endroit.nl/,https://www.google.com/maps/place/ENDROiT+Web+%26+App+Development/data=!4m7!3m6!1s0x47c5e26ff732e951:0x1cc36525ccd90415!8m2!3d52.3899145!4d4.8905976!16s%2Fg%2F11c15c2bp5!19sChIJUeky92_ixUcRFQTZzCVlwxw?authuser=0&hl=nl&rclk=1,Telefoon: 020 421 4636,app development startup Amsterdam
Synadia Software,,http://synadia.nl/,https://www.google.com/maps/place/Synadia+Software/data=!4m7!3m6!1s0x47c64420118d55bd:0x37a44fa355edcc21!8m2!3d52.3450032!4d4.9171479!16s%2Fg%2F11cly4t62w!19sChIJvVWNESBExkcRIcztVaNPpDc?authuser=0&hl=nl&rclk=1,,app development startup Amsterdam
Virtuagym,,https://business.virtuagym.com/,https://www.google.com/maps/place/Virtuagym/data=!4m7!3m6!1s0x47c609c38e6ff575:0xe955042cc2dfb56!8m2!3d52.3626238!4d4.8907319!16s%2Fg%2F11bwzyz4j4!19sChIJdfVvjsMJxkcRVvstzEJQlQ4?authuser=0&hl=nl&rclk=1,Telefoon: 020 716 5216,app development startup Amsterdam
Appfront,martijn.oele@appfront.nl,https://www.appfront.nl/,https://www.google.com/maps/place/Appfront/data=!4m7!3m6!1s0x47c5e11d4b1e447b:0xa09d17f3c6fbb004!8m2!3d52.3867575!4d4.8924248!16s%2Fg%2F11y3wgd2bl!19sChIJe0QeSx3hxUcRBLD7xvMXnaA?authuser=0&hl=nl&rclk=1,,app development startup Amsterdam
Code Orange,info@code-orange.nl,https://code-orange.nl/,https://www.google.com/maps/place/Code+Orange/data=!4m7!3m6!1s0x47c609c5e78d0389:0x800c52a263c6574a!8m2!3d52.3405554!4d4.9225707!16s%2Fg%2F11c6vh0kw7!19sChIJiQON58UJxkcRSlfGY6JSDIA?authuser=0&hl=nl&rclk=1,Telefoon: 020 893 2941,app development startup Amsterdam
IT-plus24,,https://it-plus24.com/,https://www.google.com/maps/place/IT-plus24/data=!4m7!3m6!1s0x253dafe0b3ae2e45:0x82877a869d09e80d!8m2!3d52.3668993!4d4.8581954!16s%2Fg%2F11kk6p01d4!19sChIJRS6us-CvPSURDegJnYZ6h4I?authuser=0&hl=nl&rclk=1,Telefoon: 085 060 4608,app development startup Amsterdam
Codiant Software Technologies | Mobile App Development Company,info@codiant.com,https://codiant.com/,https://www.google.com/maps/place/Codiant+Software+Technologies+%7C+Mobile+App+Development+Company/data=!4m7!3m6!1s0x47c609bd0e9293eb:0x2eccb4c4248d7106!8m2!3d52.3655476!4d4.8842845!16s%2Fg%2F11vtbn1m5p!19sChIJ65OSDr0JxkcRBnGNJMS0zC4?authuser=0&hl=nl&rclk=1,Telefoon: 06 51243655,app development startup Amsterdam
Bynder,,https://www.bynder.com/en/,https://www.google.com/maps/place/Bynder/data=!4m7!3m6!1s0x47c609e8d0907a73:0x979e4399fde2f77b!8m2!3d52.3636672!4d4.8775854!16s%2Fg%2F1hg4ts_vh!19sChIJc3qQ0OgJxkcRe_fi_ZlDnpc?authuser=0&hl=nl&rclk=1,Telefoon: 020 809 0232,app development startup Amsterdam
JMango360,hello@jmango360.com,https://jmango360.com/,https://www.google.com/maps/place/JMango360/data=!4m7!3m6!1s0x47c60a19b5924735:0x657346652846cbc1!8m2!3d52.336542!4d4.885639!16s%2Fg%2F119v3t2y4!19sChIJNUeStRkKxkcRwctGKGVGc2U?authuser=0&hl=nl&rclk=1,Telefoon: 020 240 2567,app development startup Amsterdam
Byte Me,info@byteme.nl,https://byteme.nl/,https://www.google.com/maps/place/Byte+Me/data=!4m7!3m6!1s0x47cf57fd57079e4b:0x17f04302baea5b3e!8m2!3d52.655315!4d4.796475!16s%2Fg%2F11xkgcm_62!19sChIJS54HV_1Xz0cRPlvqugJD8Bc?authuser=0&hl=nl&rclk=1,Telefoon: 072 303 4179,app development startup Amsterdam
The Brink Agency,hello@thebrinkagency.com,https://thebrinkagency.com/,https://www.google.com/maps/place/The+Brink+Agency/data=!4m7!3m6!1s0x47c5e3225892dd4b:0x33c4eee5c07c8285!8m2!3d52.3968108!4d4.8516447!16s%2Fg%2F11h3ldh7bf!19sChIJS92SWCLjxUcRhYJ8wOXuxDM?authuser=0&hl=nl&rclk=1,Telefoon: 020 290 0500,app development startup Amsterdam
Epicode B.V.,willem@workwithepicode.com,https://epicode.nl/,https://www.google.com/maps/place/Epicode+B.V./data=!4m7!3m6!1s0x47c7df2bd91f9b0d:0x714107f3c5e14de!8m2!3d52.4035489!4d4.8885067!16s%2Fg%2F11b746f6l6!19sChIJDZsf2Svfx0cR3hRePH8QFAc?authuser=0&hl=nl&rclk=1,Telefoon: 085 303 0050,app development startup Amsterdam
SkillLab,info@skilllab.io,https://skilllab.io/,https://www.google.com/maps/place/SkillLab/data=!4m7!3m6!1s0x47c6099dfd277655:0x397ba178f252abe!8m2!3d52.3587549!4d4.8883449!16s%2Fg%2F11fsry8f4d!19sChIJVXYn_Z0JxkcRvioljxe6lwM?authuser=0&hl=nl&rclk=1,,app development startup Amsterdam
Website laten maken Amsterdam,,http://123websitelatenmakenamsterdam.nl/,https://www.google.com/maps/place/Website+laten+maken+Amsterdam/data=!4m7!3m6!1s0x47c5e327c8784753:0xa8b879d52cbd41ab!8m2!3d52.3602544!4d4.7845476!16s%2Fg%2F11sz5g3dmx!19sChIJU0d4yCfjxUcRq0G9LNV5uKg?authuser=0&hl=nl&rclk=1,,app development startup Amsterdam
Viralistic,info@viralistic.nl,https://viralistic.nl/,https://www.google.com/maps/place/Viralistic/data=!4m7!3m6!1s0x47c609f9806330c5:0x3c13405a175e8ea!8m2!3d52.3666451!4d4.8890647!16s%2Fg%2F11tcjc2jly!19sChIJxTBjgPkJxkcR6uh1oQU0wQM?authuser=0&hl=nl&rclk=1,Telefoon: 020 210 1075,app development startup Amsterdam
Amsterdam,,https://www.carexs.com/,https://www.google.com/maps/place/Amsterdam/data=!4m7!3m6!1s0x47c6084b805c1675:0x7d39d6e0596185fd!8m2!3d52.3901331!4d4.9049505!16s%2Fg%2F11c2prxckq!19sChIJdRZcgEsIxkcR_YVhWeDWOX0?authuser=0&hl=nl&rclk=1,Telefoon: 020 820 8550,app development startup Amsterdam
Little Chicken Game Company,info@littlechicken.nl,http://littlechicken.nl/,https://www.google.com/maps/place/Little+Chicken+Game+Company/data=!4m7!3m6!1s0x47c609932359ff6b:0x8f69b6d800f52e8e!8m2!3d52.3530979!4d4.9058773!16s%2Fg%2F1td9pqx6!19sChIJa_9ZI5MJxkcRji71ANi2aY8?authuser=0&hl=nl&rclk=1,Telefoon: 020 620 2970,app development startup Amsterdam
On-d-mand BV & On-d-mand international BV,Service@on-d-mand.amsterdam,http://www.on-d-mand.amsterdam/,https://www.google.com/maps/place/On-d-mand+BV+%26+On-d-mand+international+BV/data=!4m7!3m6!1s0x47c60c07af1975bf:0x5240c800fd3f453b!8m2!3d52.3563641!4d4.9558473!16s%2Fg%2F1td7y8tm!19sChIJv3UZrwcMxkcRO0U__QDIQFI?authuser=0&hl=nl&rclk=1,Telefoon: 020 495 3080,app development startup Amsterdam
EVALAN - IoT consulting & development,info@evalan.com,http://www.evalan.com/,https://www.google.com/maps/place/EVALAN+-+IoT+consulting+%26+development/data=!4m7!3m6!1s0x47c6090ace51aa89:0xd59095ce6064ee32!8m2!3d52.3968554!4d4.8755467!16s%2Fg%2F1th62kzm!19sChIJiapRzgoJxkcRMu5kYM6VkNU?authuser=0&hl=nl&rclk=1,Telefoon: 020 779 0344,app development startup Amsterdam
Kabisa Software Artisans,,https://kabisa.nl/,https://www.google.com/maps/place/Kabisa+Software+Artisans/data=!4m7!3m6!1s0x47c60bf375dcd6f1:0xef90eae9ca7b021!8m2!3d52.3399589!4d4.8262412!16s%2Fg%2F11f123r4wf!19sChIJ8dbcdfMLxkcRIbCnnK4O-Q4?authuser=0&hl=nl&rclk=1,Telefoon: 0495 430 798,app development startup Amsterdam
Studio Parkers,info@studioparkers.nl,https://studioparkers.nl/,https://www.google.com/maps/place/Studio+Parkers/data=!4m7!3m6!1s0x47c609d5a9f62b95:0x88b2632c4c153bd9!8m2!3d52.3951321!4d4.9058144!16s%2Fg%2F1tls20zb!19sChIJlSv2qdUJxkcR2TsVTCxjsog?authuser=0&hl=nl&rclk=1,Telefoon: 020 686 4470,app development startup Amsterdam
De Web Developer,info@dewebdeveloper.nl,https://www.dewebdeveloper.nl/,https://www.google.com/maps/place/De+Web+Developer/data=!4m7!3m6!1s0x47c609aa0825d7f1:0x1a28b0cba86d19c8!8m2!3d52.3762867!4d4.8775514!16s%2Fg%2F11jct6h__q!19sChIJ8dclCKoJxkcRyBltqMuwKBo?authuser=0&hl=nl&rclk=1,Telefoon: 020 308 6989,app development startup Amsterdam
Miyagami,info@miyagami.com,http://www.miyagami.com/,https://www.google.com/maps/place/Miyagami/data=!4m7!3m6!1s0x47c6094c9ff6ccfd:0x1d08e35c8a2b3bce!8m2!3d52.3715685!4d4.8843114!16s%2Fg%2F11fpjrqfqw!19sChIJ_cz2n0wJxkcRzjsrilzjCB0?authuser=0&hl=nl&rclk=1,,app development startup Amsterdam
Mediabirds,niels.teunissen@mediabirds.nl,https://mediabirds.nl/,https://www.google.com/maps/place/Mediabirds/data=!4m7!3m6!1s0x47c609258afd2ed1:0x8de5dd15b3762d9b!8m2!3d52.3654317!4d4.8864403!16s%2Fg%2F11nmt3gkhw!19sChIJ0S79iiUJxkcRmy12sxXd5Y0?authuser=0&hl=nl&rclk=1,Telefoon: 020 244 5304,app development startup Amsterdam
Your Next Agency,hello@yournextagency.com,https://yournextagency.com/,https://www.google.com/maps/place/Your+Next+Agency/data=!4m7!3m6!1s0x47c609908c14b33d:0xec5e4904e085d5dc!8m2!3d52.3785277!4d4.8961802!16s%2Fg%2F11j22yb2q9!19sChIJPbMUjJAJxkcR3NWF4ARJXuw?authuser=0&hl=nl&rclk=1,Telefoon: 020 211 7146,app development startup Amsterdam
Dynamic People B.V.,sales@dynamicpeople.com,https://www.dynamicpeople.com/,https://www.google.com/maps/place/Dynamic+People+B.V./data=!4m7!3m6!1s0x47c5e25e692f8f55:0x90bbcbe14a9fdef2!8m2!3d52.356797!4d4.8397428!16s%2Fg%2F1v6p3gx0!19sChIJVY8vaV7ixUcR8t6fSuHLu5A?authuser=0&hl=nl&rclk=1,Telefoon: 020 303 2470,app development startup Amsterdam
Amsterdam Standard,leopold@amsterdamstandard.com,http://amsterdamstandard.com/,https://www.google.com/maps/place/Amsterdam+Standard/data=!4m7!3m6!1s0x47c609aadea5b0e7:0xc9556d651c17792a!8m2!3d52.3813232!4d4.8906281!16s%2Fg%2F11b7clz7bt!19sChIJ57Cl3qoJxkcRKnkXHGVtVck?authuser=0&hl=nl&rclk=1,Telefoon: 020 715 5384,app development startup Amsterdam
INFO,hoite@info.nl,http://www.info.nl/,https://www.google.com/maps/place/INFO/data=!4m7!3m6!1s0x47c609beb58b75af:0x764d0ffc0465fda9!8m2!3d52.3740858!4d4.9145638!16s%2Fg%2F1tcz7jc2!19sChIJr3WLtb4JxkcRqf1lBPwPTXY?authuser=0&hl=nl&rclk=1,Telefoon: 020 530 9100,app development startup Amsterdam
Super Interactive BV,kantoor@superinteractive.com,https://superinteractive.com/nl,https://www.google.com/maps/place/Super+Interactive+BV/data=!4m7!3m6!1s0x47c609e9a981accf:0x8dae40f06f0e45cf!8m2!3d52.370778!4d4.8815562!16s%2Fg%2F1tj72sm3!19sChIJz6yBqekJxkcRz0UOb_BAro0?authuser=0&hl=nl&rclk=1,Telefoon: 020 845 3696,app development startup Amsterdam
SMAL Amsterdam,hello@smal.de,https://www.smal.de/,https://www.google.com/maps/place/SMAL+Amsterdam/data=!4m7!3m6!1s0x47c6098d77d8dfc3:0x134950c91a1fd47d!8m2!3d52.3756621!4d4.8882691!16s%2Fg%2F11mpd1g6bj!19sChIJw9_Yd40JxkcRfdQfGslQSRM?authuser=0&hl=nl&rclk=1,Telefoon: +49 1511 5669575,app development startup Amsterdam
ESBL Digital,info@esbl.digital,https://esbl.digital/,https://www.google.com/maps/place/ESBL+Digital/data=!4m7!3m6!1s0x47c5e33de8daca29:0x9bc20f3becb30db3!8m2!3d52.3709911!4d4.894522!16s%2Fg%2F11mhcjf9bp!19sChIJKcra6D3jxUcRsw2z7DsPwps?authuser=0&hl=nl&rclk=1,Telefoon: 020 210 1978,app development startup Amsterdam
Katanox,,https://katanox.com/,https://www.google.com/maps/place/Katanox/data=!4m7!3m6!1s0x47c609f9bb5cb7f1:0xe90fb51c1832349f!8m2!3d52.3612352!4d4.8998668!16s%2Fg%2F11rx9b5nwt!19sChIJ8bdcu_kJxkcRnzQyGBy1D-k?authuser=0&hl=nl&rclk=1,,app development startup Amsterdam
WONDERLAND - Experience Design Studio,,https://www.wonderland.studio/,https://www.google.com/maps/place/WONDERLAND+-+Experience+Design+Studio/data=!4m7!3m6!1s0x47c609dcf45d73e7:0x223017da429d99f7!8m2!3d52.3829895!4d4.8853926!16s%2Fg%2F1q64b3kjq!19sChIJ53Nd9NwJxkcR95mdQtoXMCI?authuser=0&hl=nl&rclk=1,,app development startup Amsterdam
Orb Amsterdam,info@orbamsterdam.com,https://orbamsterdam.com/,https://www.google.com/maps/place/Orb+Amsterdam/data=!4m7!3m6!1s0x47c6092722dac547:0x44c159ecac964a4f!8m2!3d52.3842162!4d4.903132!16s%2Fg%2F11h6db2r60!19sChIJR8XaIicJxkcRT0qWrOxZwUQ?authuser=0&hl=nl&rclk=1,Telefoon: 06 42378582,app development startup Amsterdam
Stream HPC BV,info@streamhpc.com,http://streamhpc.com/,https://www.google.com/maps/place/Stream+HPC+BV/data=!4m7!3m6!1s0x47c5ef6ae6e2f629:0x4a38702f2675b832!8m2!3d52.3556532!4d4.8412668!16s%2Fg%2F1tm8jsfw!19sChIJKfbi5mrvxUcRMrh1Ji9wOEo?authuser=0&hl=nl&rclk=1,Telefoon: 085 486 5760,app development startup Amsterdam
HqO Amsterdam (fka Office App),,https://www.hqo.com/,https://www.google.com/maps/place/HqO+Amsterdam+%28fka+Office+App%29/data=!4m7!3m6!1s0x47c60991379948bf:0x110420288af25cfc!8m2!3d52.363151!4d4.8919309!16s%2Fg%2F11h_505k7y!19sChIJv0iZN5EJxkcR_FzyiiggBBE?authuser=0&hl=nl&rclk=1,,app development startup Amsterdam
Finaps,info@finaps.nl,http://www.finaps.nl/,https://www.google.com/maps/place/Finaps/data=!4m7!3m6!1s0x47c5e206509fc089:0x61c24cc858bd9240!8m2!3d52.3541438!4d4.8620586!16s%2Fg%2F11bwl3s5dk!19sChIJicCfUAbixUcRQJK9WMhMwmE?authuser=0&hl=nl&rclk=1,Telefoon: 030 699 7040,app development startup Amsterdam
UNIQODE,info@uniqode.nl,http://www.uniqode.nl/,https://www.google.com/maps/place/UNIQODE/data=!4m7!3m6!1s0x47c609cdcf223c91:0x1519b42bf1a7a9f8!8m2!3d52.3833749!4d4.8881255!16s%2Fg%2F1tp2zl5d!19sChIJkTwiz80JxkcR-Kmn8Su0GRU?authuser=0&hl=nl&rclk=1,Telefoon: 020 754 2380,app development startup Amsterdam
De Voorhoede | Front-end Development,post@voorhoede.nl,http://voorhoede.nl/,https://www.google.com/maps/place/De+Voorhoede+%7C+Front-end+Development/data=!4m7!3m6!1s0x47c5e21d502d2d59:0xbf570944a96ebf45!8m2!3d52.3968437!4d4.8722763!16s%2Fg%2F11bbs2zr_5!19sChIJWS0tUB3ixUcRRb9uqUQJV78?authuser=0&hl=nl&rclk=1,Telefoon: 020 261 0954,app development startup Amsterdam
OMRT,info@omrt.tech,https://omrt.tech/,https://www.google.com/maps/place/OMRT/data=!4m7!3m6!1s0x47c5e3e49527ac11:0x9563cac1e461dde7!8m2!3d52.360142!4d4.8434597!16s%2Fg%2F11gjhj4mr7!19sChIJEawnleTjxUcR591h5MHKY5U?authuser=0&hl=nl&rclk=1,Telefoon: 020 238 6073,app development startup Amsterdam
Sparkr | Digital Agency Amsterdam | Web Design - SEO,,http://sparkr.co/?utm_source=GBP&utm_medium=organic&utm_campaign=office,https://www.google.com/maps/place/Sparkr+%7C+Digital+Agency+Amsterdam+%7C+Web+Design+-+SEO/data=!4m7!3m6!1s0x47c66f3b94ff6dd3:0x86894f66125197e1!8m2!3d52.3482177!4d4.9152425!16s%2Fg%2F11tjzrcpqt!19sChIJ023_lDtvxkcR4ZdREmZPiYY?authuser=0&hl=nl&rclk=1,Telefoon: 06 39783812,app development startup Amsterdam
Stichting Akvo,,https://akvo.org/,https://www.google.com/maps/place/Stichting+Akvo/data=!4m7!3m6!1s0x47c609bb451edcb7:0x185c374542664490!8m2!3d52.3743983!4d4.8909725!16s%2Fg%2F1tkp45c_!19sChIJt9weRbsJxkcRkERmQkU3XBg?authuser=0&hl=nl&rclk=1,Telefoon: 020 820 0175,app development startup Amsterdam
Eli5,gdpr@adverticum.com,http://www.eli5.io/,https://www.google.com/maps/place/Eli5/data=!4m7!3m6!1s0x47c609bcd8eff531:0x82b8a54084dbdc38!8m2!3d52.3693091!4d4.8863113!16s%2Fg%2F11b6t1lz0_!19sChIJMfXv2LwJxkcRONzbhECluII?authuser=0&hl=nl&rclk=1,,app development startup Amsterdam
Timepath,info@timepath.co,https://timepath.co/,https://www.google.com/maps/place/Timepath/data=!4m7!3m6!1s0x47c5e116bbd04ce5:0xacdda28cd0268357!8m2!3d52.3431684!4d4.8686495!16s%2Fg%2F11k66bqpzk!19sChIJ5UzQuxbhxUcRV4Mm0Iyi3aw?authuser=0&hl=nl&rclk=1,,app development startup Amsterdam
Digital Chefs,hello@digitalchefs.nl,https://digitalchefs.nl/,https://www.google.com/maps/place/Digital+Chefs/data=!4m7!3m6!1s0x47c5e28ea490565b:0x6d24397c3a4bf6ce!8m2!3d52.3962215!4d4.8534697!16s%2Fg%2F11cjhjs8q7!19sChIJW1aQpI7ixUcRzvZLOnw5JG0?authuser=0&hl=nl&rclk=1,Telefoon: 020 261 6048,app development startup Amsterdam
Authic Labs,,http://www.authic.io/,https://www.google.com/maps/place/Authic+Labs/data=!4m7!3m6!1s0x47c609983c6fe9f3:0x2b9b97cfff2bd14d!8m2!3d52.3775913!4d4.8922012!16s%2Fg%2F11rr7fsjzq!19sChIJ8-lvPJgJxkcRTdEr_8-Xmys?authuser=0&hl=nl&rclk=1,,app development startup Amsterdam
Rapid Circle,,http://www.rapidcircle.com/,https://www.google.com/maps/place/Rapid+Circle/data=!4m7!3m6!1s0x47c6083cb8f77621:0x87dbad9c7c27b16!8m2!3d52.3893301!4d4.9032387!16s%2Fg%2F1td24n74!19sChIJIXb3uDwIxkcRFnvCx9m6fQg?authuser=0&hl=nl&rclk=1,Telefoon: 088 056 6100,app development startup Amsterdam
Trifork Amsterdam,info@trifork.nl,http://www.trifork.nl/,https://www.google.com/maps/place/Trifork+Amsterdam/data=!4m7!3m6!1s0x47c5e21d502d2d59:0x515ca67f496ba6dd!8m2!3d52.3465799!4d4.8375487!16s%2Fg%2F11b6dqhywx!19sChIJWS0tUB3ixUcR3aZrSX-mXFE?authuser=0&hl=nl&rclk=1,Telefoon: 020 486 2036,app development startup Amsterdam
beeproger - app ontwikkelaar Amsterdam,info@beeproger.com,https://beeproger.com/,https://www.google.com/maps/place/beeproger+-+app+ontwikkelaar+Amsterdam/data=!4m7!3m6!1s0x47c5e1f83e4c1209:0x33d2606b6bee74f0!8m2!3d52.3431327!4d4.8291255!16s%2Fg%2F11h2718q18!19sChIJCRJMPvjhxUcR8HTua2tg0jM?authuser=0&hl=nl&rclk=1,Telefoon: 020 261 9469,app development startup Amsterdam
SevenLab,hello@sevenlab.ai,https://www.sevenlab.nl/,https://www.google.com/maps/place/SevenLab/data=!4m7!3m6!1s0x47c5ef78b33a4767:0xe4b5c007cf700785!8m2!3d52.3974326!4d4.8741266!16s%2Fg%2F11b70gqwl2!19sChIJZ0c6s3jvxUcRhQdwzwfAteQ?authuser=0&hl=nl&rclk=1,Telefoon: 020 705 1010,app development startup Amsterdam
Quinyx Amsterdam,dataprivacy@quinyx.com,http://www.quinyx.com/nl/,https://www.google.com/maps/place/Quinyx+Amsterdam/data=!4m7!3m6!1s0x47c609a218d2d1cd:0xc1c31692178e9b04!8m2!3d52.3777821!4d4.8952014!16s%2Fg%2F11j2wh_lk1!19sChIJzdHSGKIJxkcRBJuOF5IWw8E?authuser=0&hl=nl&rclk=1,,app development startup Amsterdam
Quin,info@quin.md,http://www.quin.md/,https://www.google.com/maps/place/Quin/data=!4m7!3m6!1s0x47c60b596e14b75d:0x9ccb9090d383adf5!8m2!3d52.3587074!4d4.8879555!16s%2Fg%2F11j016ywwp!19sChIJXbcUblkLxkcR9a2D05CQy5w?authuser=0&hl=nl&rclk=1,Telefoon: 088 255 4444,app development startup Amsterdam
Zenchef (formerly Formitable),,https://zenchef.com/,https://www.google.com/maps/place/Zenchef+%28formerly+Formitable%29/data=!4m7!3m6!1s0x47c5e2684a959cf5:0x940b9db7267b57e3!8m2!3d52.370604!4d4.880391!16s%2Fg%2F11c6tz1w43!19sChIJ9ZyVSmjixUcR41d7JredC5Q?authuser=0&hl=nl&rclk=1,Telefoon: 085 799 0173,app development startup Amsterdam
AKQA,,http://www.akqa.com/,https://www.google.com/maps/place/AKQA/data=!4m7!3m6!1s0x47c609e9f342ae47:0x930148fc3ef1679a!8m2!3d52.3678787!4d4.9072559!16s%2Fg%2F1tp26gwm!19sChIJR65C8-kJxkcRmmfxPvxIAZM?authuser=0&hl=nl&rclk=1,Telefoon: 020 708 2572,app development startup Amsterdam
Van Ons - Web en App Development,info@van-ons.nl,https://van-ons.nl/,https://www.google.com/maps/place/Van+Ons+-+Web+en+App+Development/data=!4m7!3m6!1s0x47c609c41429acd5:0xb78cbc70920d0ab4!8m2!3d52.359209!4d4.895538!16s%2Fg%2F1hhjr6wn_!19sChIJ1awpFMQJxkcRtAoNknC8jLc?authuser=0&hl=nl&rclk=1,Telefoon: 020 331 8177,app development startup Amsterdam
Eenvoud,info@eenvoud.nl,http://www.eenvoud.nl/,https://www.google.com/maps/place/Eenvoud/data=!4m7!3m6!1s0x47c6083319e26185:0x55fead5f435ed924!8m2!3d52.3768348!4d4.874554!16s%2Fg%2F12hkynjmb!19sChIJhWHiGTMIxkcRJNleQ1-t_lU?authuser=0&hl=nl&rclk=1,Telefoon: 020 688 0051,app development startup Amsterdam
Aurai,info@aurai.com,http://aurai.com/,https://www.google.com/maps/place/Aurai/data=!4m7!3m6!1s0x47c609a5cb607383:0x16314f97b8054fde!8m2!3d52.359231!4d4.8951632!16s%2Fg%2F11dy_j1f8k!19sChIJg3Ngy6UJxkcR3k8FuJdPMRY?authuser=0&hl=nl&rclk=1,Telefoon: 020 240 9103,app development startup Amsterdam
The Savvy Few - Creative Drupal Agency,HELLO@THESAVVYFEW.COM,https://www.thesavvyfew.com/,https://www.google.com/maps/place/The+Savvy+Few+-+Creative+Drupal+Agency/data=!4m7!3m6!1s0x47c609c0fbec32c9:0x5b9defc247fcf638!8m2!3d52.3862911!4d4.8897278!16s%2Fg%2F12jm10918!19sChIJyTLs-8AJxkcROPb8R8LvnVs?authuser=0&hl=nl&rclk=1,Telefoon: 020 716 5454,app development startup Amsterdam
Yummygum,vince@yummygum.com,https://www.yummygum.com/,https://www.google.com/maps/place/Yummygum/data=!4m7!3m6!1s0x47c5e272ed95706f:0x8f1ed6ac331f06ed!8m2!3d52.3904261!4d4.9053525!16s%2Fg%2F12lkqzt40!19sChIJb3CV7XLixUcR7QYfM6zWHo8?authuser=0&hl=nl&rclk=1,Telefoon: 06 23152025,app development startup Amsterdam
Cooder,info@cooderjobs.com,https://www.cooderjobs.com/?utm_source=google&utm_medium=organic&utm_campaign=googlemybusiness_website,https://www.google.com/maps/place/Cooder/data=!4m7!3m6!1s0x47c6099353b86f2b:0x67951f9fe52d697f!8m2!3d52.3450549!4d4.846295!16s%2Fg%2F11gfgmzvdx!19sChIJK2-4U5MJxkcRf2kt5Z8flWc?authuser=0&hl=nl&rclk=1,Telefoon: 020 262 3250,app development startup Amsterdam
"Studio Vi - Strategy, AI Solutions, Platform Development",hello@studiovi.com,https://www.studiovi.com/,"https://www.google.com/maps/place/Studio+Vi+-+Strategy,+AI+Solutions,+Platform+Development/data=!4m7!3m6!1s0x47c609cfcfc36ef1:0x5376c373f480b44!8m2!3d52.3540134!4d4.9131256!16s%2Fg%2F11csrfr8kn!19sChIJ8W7Dz88JxkcRRAtIPzdsNwU?authuser=0&hl=nl&rclk=1",Telefoon: 020 777 0017,app development startup Amsterdam
Hypernode,support@hypernode.com,https://www.hypernode.com/,https://www.google.com/maps/place/Hypernode/data=!4m7!3m6!1s0x47c609b06e228eed:0x979bfccbc04a30ca!8m2!3d52.37454!4d4.9456005!16s%2Fg%2F1thgg6th!19sChIJ7Y4ibrAJxkcRyjBKwMv8m5c?authuser=0&hl=nl&rclk=1,Telefoon: 020 521 6226,app development startup Amsterdam
Blue Green Solutions,hello@bluegreensolutions.nl,http://www.bluegreensolutions.nl/,https://www.google.com/maps/place/Blue+Green+Solutions/data=!4m7!3m6!1s0x47c5e105c5ea13c3:0x7a590bd5c565628!8m2!3d52.3410819!4d4.823227!16s%2Fg%2F11s11bg045!19sChIJwxPqxQXhxUcRKFZWXL2QpQc?authuser=0&hl=nl&rclk=1,,app development startup Amsterdam
WEB - GAME - APP Ontwikkelaar | DTT - Amsterdam,info@d-tt.nl,https://www.d-tt.nl/?utm_source=googlemybusiness&utm_campaign=Google%20My%20Business&utm_medium=organic,https://www.google.com/maps/place/WEB+-+GAME+-+APP+Ontwikkelaar+%7C+DTT+-+Amsterdam/data=!4m7!3m6!1s0x47c609d3b50484e3:0x56eb06e07c9041d7!8m2!3d52.3749277!4d4.89351!16s%2Fg%2F119w34n4d!19sChIJ44QEtdMJxkcR10GQfOAG61Y?authuser=0&hl=nl&rclk=1,Telefoon: 020 331 5848,app development startup Amsterdam
WeAreBrain - AI & Custom Software Development,sayhello@wearebrain.com,https://www.wearebrain.com/,https://www.google.com/maps/place/WeAreBrain+-+AI+%26+Custom+Software+Development/data=!4m7!3m6!1s0x47c60bda742fa5e5:0x4057b8ddbcbfa727!8m2!3d52.34482!4d4.852356!16s%2Fg%2F11d_vpd503!19sChIJ5aUvdNoLxkcRJ6e_vN24V0A?authuser=0&hl=nl&rclk=1,Telefoon: 06 33990235,app development startup Amsterdam
App Growth Agency Wuzzon,contact@wuzzon.com,https://wuzzon.com/,https://www.google.com/maps/place/App+Growth+Agency+Wuzzon/data=!4m7!3m6!1s0x47c609c7761e7b7d:0x7aa8d1a7c64c2b0b!8m2!3d52.3667995!4d4.8875277!16s%2Fg%2F1v16phkz!19sChIJfXsedscJxkcRCytMxqfRqHo?authuser=0&hl=nl&rclk=1,Telefoon: 020 820 2355,app development startup Amsterdam
Guerrilla,,http://www.guerrilla-games.com/,https://www.google.com/maps/place/Guerrilla/data=!4m7!3m6!1s0x47c609c20875b423:0x4bf873432554ff15!8m2!3d52.3715439!4d4.8910355!16s%2Fg%2F1s04g0zt3!19sChIJI7R1CMIJxkcRFf9UJUNz-Es?authuser=0&hl=nl&rclk=1,Telefoon: 020 427 2277,app development startup Amsterdam
Hesten Solutions Pvt. Ltd.,contact@hestensolutions.com,http://hestensolutions.com/,https://www.google.com/maps/place/Hesten+Solutions+Pvt.+Ltd./data=!4m7!3m6!1s0x47c5e24338ea6caf:0x71d1520c01b1cefe!8m2!3d52.3787544!4d4.8386907!16s%2Fg%2F11sg7zvzn6!19sChIJr2zqOEPixUcR_s6xAQxS0XE?authuser=0&hl=nl&rclk=1,Telefoon: +91 99758 43490,app development startup Amsterdam
MoonLabor,hello@moonlabor.com,https://moonlabor.com/,https://www.google.com/maps/place/MoonLabor/data=!4m7!3m6!1s0x47c60938713ebbc3:0x4705c9666a789602!8m2!3d52.3637788!4d4.8869936!16s%2Fg%2F11p0nkhdt2!19sChIJw7s-cTgJxkcRApZ4ambJBUc?authuser=0&hl=nl&rclk=1,,app development startup Amsterdam
Let's Book,support@lets-book.com,http://lets-book.com/,https://www.google.com/maps/place/Let%27s+Book/data=!4m7!3m6!1s0x47c609d265268d3f:0x71ee169bef16ceb3!8m2!3d52.3753307!4d4.888881!16s%2Fg%2F11c5bwqf6s!19sChIJP40mZdIJxkcRs84W75sW7nE?authuser=0&hl=nl&rclk=1,,app development startup Amsterdam
FeedbackFruits,,https://feedbackfruits.com/,https://www.google.com/maps/place/FeedbackFruits/data=!4m7!3m6!1s0x47c5ca77f348611d:0x9868d3ca50b514b1!8m2!3d52.3996775!4d4.8763376!16s%2Fg%2F11fy4qmymg!19sChIJHWFI83fKxUcRsRS1UMrTaJg?authuser=0&hl=nl&rclk=1,,app development startup Amsterdam
Attract Group NL,hello@attractgroup.com,https://attractgroup.com/,https://www.google.com/maps/place/Attract+Group+NL/data=!4m7!3m6!1s0x47c60925f76b5ffb:0x21a36cee792452d7!8m2!3d52.3462817!4d4.9224333!16s%2Fg%2F11syqkfm33!19sChIJ-19r9yUJxkcR11Ikee5soyE?authuser=0&hl=nl&rclk=1,Telefoon: 06 10197508,app development startup Amsterdam
Software Services Agency,Contact@softwareservicesagency.com,https://softwareservicesagency.com/,https://www.google.com/maps/place/Software+Services+Agency/data=!4m7!3m6!1s0xaf266bb9121b5d3d:0xc2f375b94c76e2f7!8m2!3d47.73855!4d12.5088275!16s%2Fg%2F11w9phmsgs!19sChIJPV0bErlrJq8R9-J2TLl188I?authuser=0&hl=nl&rclk=1,,app development startup Amsterdam
Mobiquity B.V.,,https://www.mobiquity.com/,https://www.google.com/maps/place/Mobiquity+B.V./data=!4m7!3m6!1s0x47c60a181f924ff5:0x107ab91d3c659d25!8m2!3d52.3355961!4d4.8868591!16s%2Fg%2F1hc3v3hz4!19sChIJ9U-SHxgKxkcRJZ1lPB25ehA?authuser=0&hl=nl&rclk=1,Telefoon: 020 404 3982,app development startup Amsterdam
Devoteam,,http://nl.devoteam.com/,https://www.google.com/maps/place/Devoteam/data=!4m7!3m6!1s0x47c60bec27fccb1f:0x53f489868319fffb!8m2!3d52.3415775!4d4.8238541!16s%2Fg%2F1thvg40t!19sChIJH8v8J-wLxkcR-_8Zg4aJ9FM?authuser=0&hl=nl&rclk=1,Telefoon: 020 630 4750,app development startup Amsterdam
Mindgame BV,info@mindgame.nl,https://mindgame.eu/,https://www.google.com/maps/place/Mindgame+BV/data=!4m7!3m6!1s0x47c609002da50e09:0x78cb37f62a3642d6!8m2!3d52.367002!4d4.933291!16s%2Fg%2F11b6dq3sd6!19sChIJCQ6lLQAJxkcR1kI2KvY3y3g?authuser=0&hl=nl&rclk=1,Telefoon: 020 341 8707,app development startup Amsterdam
Radical FANATICS,team@fanatics.nl,https://fanatics.nl/,https://www.google.com/maps/place/Radical+FANATICS/data=!4m7!3m6!1s0x47c6090df610c725:0x3456d3316b866f06!8m2!3d52.3437694!4d4.8298581!16s%2Fg%2F11h907pk4g!19sChIJJccQ9g0JxkcRBm-GazHTVjQ?authuser=0&hl=nl&rclk=1,Telefoon: 020 730 3200,app development startup Amsterdam
Sunmoon,contact@sunmoon.co,https://sunmoon.co/,https://www.google.com/maps/place/Sunmoon/data=!4m7!3m6!1s0x47c6097b55d017f7:0x8da423de393a21cc!8m2!3d52.3665859!4d4.8921853!16s%2Fg%2F11k4y7vc3y!19sChIJ9xfQVXsJxkcRzCE6Od4jpI0?authuser=0&hl=nl&rclk=1,,app development startup Amsterdam
Frontend Developer Meetups,,,https://www.google.com/maps/place/Frontend+Developer+Meetups/data=!4m7!3m6!1s0x47c609c600e4f0fb:0xbb9057963242134c!8m2!3d52.368364!4d4.886235!16s%2Fg%2F11g7z9hgrn!19sChIJ-_DkAMYJxkcRTBNCMpZXkLs?authuser=0&hl=nl&rclk=1,,app development startup Amsterdam
Ucentri,info@ucentri.com,https://ucentri.com/,https://www.google.com/maps/place/Ucentri/data=!4m7!3m6!1s0x47c433a437296231:0x2ae342b45d810bab!8m2!3d52.3719096!4d4.8365433!16s%2Fg%2F11h91mw7rj!19sChIJMWIpN6QzxEcRqwuBXbRC4yo?authuser=0&hl=nl&rclk=1,Telefoon: 085 301 9126,app development startup Amsterdam
Vallettasoft,,https://vallettasoft.nl/,https://www.google.com/maps/place/Vallettasoft/data=!4m7!3m6!1s0x47c60908f824c151:0xc25fb7231e50e0ec!8m2!3d52.3666451!4d4.8890647!16s%2Fg%2F11q4dt18y1!19sChIJUcEk-AgJxkcR7OBQHiO3X8I?authuser=0&hl=nl&rclk=1,Telefoon: 020 244 5715,app development startup Amsterdam
A-INSIGHTS,info@a-insights.eu,https://a-insights.eu/en,https://www.google.com/maps/place/A-INSIGHTS/data=!4m7!3m6!1s0x47c609e845c9a657:0xc3077844556e39c2!8m2!3d52.3406959!4d4.8423456!16s%2Fg%2F11cmp8t_m_!19sChIJV6bJRegJxkcRwjluVUR4B8M?authuser=0&hl=nl&rclk=1,Telefoon: 020 261 1977,app development startup Amsterdam
App Your Service - App Ontwikkelaar,contact@nucleus.group,http://www.nucleus.group/,https://www.google.com/maps/place/App+Your+Service+-+App+Ontwikkelaar/data=!4m7!3m6!1s0x47c6099754b974cd:0x255d165b0337bb6!8m2!3d52.3902811!4d4.8877112!16s%2Fg%2F1hm1wv3wv!19sChIJzXS5VJcJxkcRtnszsGXRVQI?authuser=0&hl=nl&rclk=1,Telefoon: 020 772 4529,app development startup Amsterdam
Passionate People,info@passionatepeople.io,http://passionatepeople.io/,https://www.google.com/maps/place/Passionate+People/data=!4m7!3m6!1s0x47c6090eee5ad719:0x2f66bf8d56a4ffd!8m2!3d52.3932696!4d4.8374263!16s%2Fg%2F11ghf7p61k!19sChIJGdda7g4JxkcR_U9q1fhr9gI?authuser=0&hl=nl&rclk=1,Telefoon: 020 244 3218,app development startup Amsterdam
Sitedish,info@sitedish.nl,http://www.sitedish.nl/,https://www.google.com/maps/place/Sitedish/data=!4m7!3m6!1s0x47c616cd260699b5:0x42e390897981ac61!8m2!3d52.3854439!4d4.8381927!16s%2Fg%2F11bt_h85sv!19sChIJtZkGJs0WxkcRYayBeYmQ40I?authuser=0&hl=nl&rclk=1,Telefoon: 020 244 0858,app development startup Amsterdam
App your Web,contact@appyourweb.nl,https://www.appyourweb.nl/,https://www.google.com/maps/place/App+your+Web/data=!4m7!3m6!1s0x47c609923d779d87:0xb7785ee111ecb9dc!8m2!3d52.3572423!4d4.8984809!16s%2Fg%2F11g88gbfx1!19sChIJh513PZIJxkcR3LnsEeFeeLc?authuser=0&hl=nl&rclk=1,,app development startup Amsterdam
Wanders Software,info@wanders.net,http://wanders.net/,https://www.google.com/maps/place/Wanders+Software/data=!4m7!3m6!1s0x47c60a630085575d:0xbea73fb4f87ab8eb!8m2!3d52.3652612!4d4.9354369!16s%2Fg%2F1tc_q6cy!19sChIJXVeFAGMKxkcR67h6-LQ_p74?authuser=0&hl=nl&rclk=1,Telefoon: 020 770 2996,app development startup Amsterdam
Supercharge Amsterdam,hello@supercharge.io.,http://supercharge.io/,https://www.google.com/maps/place/Supercharge+Amsterdam/data=!4m7!3m6!1s0x47c5e1f37788f441:0x831dafa37c1d9cc1!8m2!3d52.3406297!4d4.858677!16s%2Fg%2F11k8mn2_1z!19sChIJQfSId_PhxUcRwZwdfKOvHYM?authuser=0&hl=nl&rclk=1,Telefoon: 085 303 5265,app development startup Amsterdam
Lightspeed Commerce Nederland,,https://www.lightspeedhq.nl/,https://www.google.com/maps/place/Lightspeed+Commerce+Nederland/data=!4m7!3m6!1s0x47c609c8abcb2993:0xbe149dcf7ce2dce5!8m2!3d52.38507!4d4.8649!16s%2Fg%2F11g9mfz8mb!19sChIJkynLq8gJxkcR5dzifM-dFL4?authuser=0&hl=nl&rclk=1,Telefoon: 020 820 2391,app development startup Amsterdam
Sterrk IT-recruitment en development,info@sterrk.nl,https://sterrk.nl/,https://www.google.com/maps/place/Sterrk+IT-recruitment+en+development/data=!4m7!3m6!1s0x47c609c760d436f9:0x705ad2b1b809f96a!8m2!3d52.3416075!4d4.857191!16s%2Fg%2F1ptxvm270!19sChIJ-TbUYMcJxkcRavkJuLHSWnA?authuser=0&hl=nl&rclk=1,Telefoon: 020 204 4516,app development startup Amsterdam
Manifera - Software Development B.V.,,https://www.manifera.com/,https://www.google.com/maps/place/Manifera+-+Software+Development+B.V./data=!4m7!3m6!1s0x47c609e97626c7c3:0x738cf78cc398e295!8m2!3d52.366764!4d4.8874598!16s%2Fg%2F11hf40sv1n!19sChIJw8cmdukJxkcRleKYw4z3jHM?authuser=0&hl=nl&rclk=1,Telefoon: 06 19701001,app development startup Amsterdam
Cleantech Holland,,http://www.cleantechholland.com/,https://www.google.com/maps/place/Cleantech+Holland/data=!4m7!3m6!1s0x47c5c93c3c94e5e9:0xf8f5ff686d8a0d42!8m2!3d52.042978!4d4.505906!16s%2Fg%2F11cmyb5_tk!19sChIJ6eWUPDzJxUcRQg2KbWj_9fg?authuser=0&hl=nl&rclk=1,Telefoon: 079 353 1390,cleantech startup Amsterdam
Greenhouse,cleantechincubator@gmail.com,https://www.cleantechincubator.nl/,https://www.google.com/maps/place/Greenhouse/data=!4m7!3m6!1s0x47c7a4170273d741:0xba85f67dc4bdfb69!8m2!3d51.9684002!4d5.9411909!16s%2Fg%2F11b67ff0fp!19sChIJQddzAhekx0cRafu9xH32hbo?authuser=0&hl=nl&rclk=1,Telefoon: 026 303 0072,cleantech startup Amsterdam
Dutch Clean Tech,info@dutchcleantech.nl,http://www.dutchcleantech.nl/,https://www.google.com/maps/place/Dutch+Clean+Tech/data=!4m7!3m6!1s0x47cf55fd7d569095:0x22735ca4238f5d28!8m2!3d52.689717!4d4.8364009!16s%2Fg%2F11g_v6bykg!19sChIJlZBWff1Vz0cRKF2PI6RccyI?authuser=0&hl=nl&rclk=1,Telefoon: 072 303 4803,cleantech startup Amsterdam
CleanSpace,,,https://www.google.com/maps/place/CleanSpace/data=!4m7!3m6!1s0x69cee9ba1d7fc0af:0xc3259e609751b0cf!8m2!3d52.3546656!4d4.9039604!16s%2Fg%2F11xt9fg6jf!19sChIJr8B_HbrpzmkRz7BRl2CeJcM?authuser=0&hl=nl&rclk=1,Telefoon: 06 85261307,cleantech startup Amsterdam
Coolset,,https://www.coolset.com/,https://www.google.com/maps/place/Coolset/data=!4m7!3m6!1s0x2427434362182e39:0x1093785b141be0bd!8m2!3d52.3755781!4d4.8788271!16s%2Fg%2F11ts005h_2!19sChIJOS4YYkNDJyQRveAbFFt4kxA?authuser=0&hl=nl&rclk=1,Telefoon: 020 210 1245,cleantech startup Amsterdam
Cleantron,info@cleantron.nl,http://cleantron.nl/,https://www.google.com/maps/place/Cleantron/data=!4m7!3m6!1s0x47c5c6dc36703fed:0x3aa98911247bf2!8m2!3d52.2527585!4d4.6278124!16s%2Fg%2F11btm7vzj7!19sChIJ7T9wNtzGxUcR8nskEYmpOgA?authuser=0&hl=nl&rclk=1,Telefoon: 071 887 6076,cleantech startup Amsterdam
Climate Cleanup,,http://www.climatecleanup.org/,https://www.google.com/maps/place/Climate+Cleanup/data=!4m7!3m6!1s0x47c609007825ffc7:0x5c699364ae67711f!8m2!3d52.3841717!4d4.9057859!16s%2Fg%2F11fdwxzt05!19sChIJx_8leAAJxkcRH3FnrmSTaVw?authuser=0&hl=nl&rclk=1,,cleantech startup Amsterdam
Cleantech Park Arnhem,hallo@cleantechparkarnhem.nl,https://cleantechparkarnhem.nl/,https://www.google.com/maps/place/Cleantech+Park+Arnhem/data=!4m7!3m6!1s0x47c7a416f75e6c03:0xbcb225a08927b46e!8m2!3d51.9675361!4d5.9431241!16s%2Fg%2F1hb_gg8p8!19sChIJA2xe9xakx0cRbrQniaAlsrw?authuser=0&hl=nl&rclk=1,Telefoon: 026 384 4646,cleantech startup Amsterdam
NextGen GreenTech,info@nextgengreentech.nl,https://nextgengreentech.nl/,https://www.google.com/maps/place/NextGen+GreenTech/data=!4m7!3m6!1s0x47c60c64e4f95211:0x1a79a2a402d1f4e8!8m2!3d52.1909763!4d5.2795551!16s%2Fg%2F11cmx82qgk!19sChIJEVL55GQMxkcR6PTRAqSieRo?authuser=0&hl=nl&rclk=1,,cleantech startup Amsterdam
Clean Tech Delta,,https://www.cleantechdelta.nl/,https://www.google.com/maps/place/Clean+Tech+Delta/data=!4m7!3m6!1s0x47c435188d5ef845:0x86a2cef60ccf90ab!8m2!3d51.9119156!4d4.4296971!16s%2Fg%2F11g0g9thjw!19sChIJRfhejRg1xEcRq5DPDPbOooY?authuser=0&hl=nl&rclk=1,Telefoon: 010 820 8829,cleantech startup Amsterdam
