Business Name,Query,City,State,Phone,Website,Email,Google Reviews,Google Maps URL
"ILGANAYEV LAW FIRM, PLLC",law firm,New York,NY,+1 646-396-8050,http://www.ilganayevlaw.com/,ilganayevlaw@gmail.com,127,"https://www.google.com/maps/place/ILGANAYEV+LAW+FIRM,+PLLC/data=!4m7!3m6!1s0x89c25a186b2f5b85:0x59ea9bd9de257987!8m2!3d40.7104617!4d-74.0077673!16s%2Fg%2F11c6ppq56v!19sChIJhVsvaxhawokRh3kl3tmb6lk?authuser=0&hl=en&g_ep=EgoyMDI2MDkwNi4wIJJjKgBIAVAD&rclk=1"
"The Shapiro Law Firm, LLC",law firm,New York,NY,+1 212-444-8064,https://www.theshapirolawyers.com/,cantact@theshapirolawyers.com,186,"https://www.google.com/maps/place/The+Shapiro+Law+Firm,+LLC/data=!4m7!3m6!1s0x89c25a115e75b665:0xb82e370019e1e7e0!8m2!3d40.7062458!4d-74.0174903!16s%2Fg%2F113fkpzjr!19sChIJZbZ1XhFawokR4OfhGQA3Lrg?authuser=0&hl=en&g_ep=EgoyMDI2MDkwNi4wIJJjKgBIAVAD&rclk=1"
Pardalis and Nohavicka Lawyers,law firm,New York,NY,+1 212-213-8511,https://pnlawyers.com/,,127,https://www.google.com/maps/place/Pardalis+and+Nohavicka+Lawyers/data=!4m7!3m6!1s0x89c258e32e3f2751:0xb463a10a805fe02d!8m2!3d40.7602219!4d-73.9680614!16s%2Fg%2F11c0v8fylh!19sChIJUSc_LuNYwokRLeBfgAqhY7Q?authuser=0&hl=en&g_ep=EgoyMDI2MDkwNi4wIJJjKgBIAVAD&rclk=1
Pierce & Kwok LLP,law firm,New York,NY,+1 212-882-1752,https://piercekwok.com/,info@piercekwok.com,101,https://www.google.com/maps/place/Pierce+%26+Kwok+LLP/data=!4m7!3m6!1s0x89c2596045937f7d:0xcfaafa81bd3fc907!8m2!3d40.7150606!4d-74.0058265!16s%2Fg%2F1hc7xxh41!19sChIJfX-TRWBZwokRB8k_vYH6qs8?authuser=0&hl=en&g_ep=EgoyMDI2MDkwNi4wIJJjKgBIAVAD&rclk=1
"Kimmel & Silverman, P.C., New York Lemon Law Firm",law firm,New York,NY,+1 800-536-6652,https://www.lemonlaw.com/new-york/,,322,"https://www.google.com/maps/place/Kimmel+%26+Silverman,+P.C.,+New+York+Lemon+Law+Firm/data=!4m7!3m6!1s0x89c259abb7eb69e1:0x3305a95b07fd037c!8m2!3d40.7519978!4d-73.9865363!16s%2Fg%2F11f1kfgty1!19sChIJ4Wnrt6tZwokRfAP9B1upBTM?authuser=0&hl=en&g_ep=EgoyMDI2MDkwNi4wIJJjKgBIAVAD&rclk=1"
Romano Law,law firm,New York,NY,+1 516-518-3439,https://www.romanolaw.com/,,355,https://www.google.com/maps/place/Romano+Law/data=!4m7!3m6!1s0x89c25a16a2cfaec5:0xdcdc988edead8318!8m2!3d40.7033758!4d-74.0138065!16s%2Fg%2F1hhwh83h5!19sChIJxa7PohZawokRGIOt3o6Y3Nw?authuser=0&hl=en&g_ep=EgoyMDI2MDkwNi4wIJJjKgBIAVAD&rclk=1
"Ginarte Gonzalez & Winograd, LLP",law firm,New York,NY,+1 212-601-9700,https://www.ginarte.com/,info@ginartelaw.com,496,"https://www.google.com/maps/place/Ginarte+Gonzalez+%26+Winograd,+LLP/data=!4m7!3m6!1s0x89c25a1858bf530b:0x593e11b7b19fa35d!8m2!3d40.712625!4d-74.008211!16s%2Fg%2F1td2htyl!19sChIJC1O_WBhawokRXaOfsbcRPlk?authuser=0&hl=en&g_ep=EgoyMDI2MDkwNi4wIJJjKgBIAVAD&rclk=1"
Dilendorf Law Firm PLLC,law firm,New York,NY,+1 212-457-9797,http://dilendorf.com/,info@dilendorf.com,210,https://www.google.com/maps/place/Dilendorf+Law+Firm+PLLC/data=!4m7!3m6!1s0x89c258ee8344fd7b:0x8af631ecf3355825!8m2!3d40.7088245!4d-74.0112487!16s%2Fg%2F11c5rsskn3!19sChIJe_1Eg-5YwokRJVg18-wx9oo?authuser=0&hl=en&g_ep=EgoyMDI2MDkwNi4wIJJjKgBIAVAD&rclk=1
NYIS Law Firm,law firm,New York,NY,+1 212-987-6666,https://nyislaw.com/,,435,https://www.google.com/maps/place/NYIS+Law+Firm/data=!4m7!3m6!1s0x89c260102910c3c3:0x49e6ad0fb909191f!8m2!3d40.713638!4d-74.0087211!16s%2Fg%2F11g9dpszr0!19sChIJw8MQKRBgwokRHxkJuQ-t5kk?authuser=0&hl=en&g_ep=EgoyMDI2MDkwNi4wIJJjKgBIAVAD&rclk=1
"Law Office of Robert J. Maher, PC",law firm,New York,NY,+1 212-939-7548,https://www.robertmaherlaw.com/,john@doe.com,48,"https://www.google.com/maps/place/Law+Office+of+Robert+J.+Maher,+PC/data=!4m7!3m6!1s0x89c25a219b458cbd:0xcb48a1b60d3942b!8m2!3d40.7142162!4d-74.0040637!16s%2Fg%2F1tfv_1n6!19sChIJvYxFmyFawokRK5TTYBuKtAw?authuser=0&hl=en&g_ep=EgoyMDI2MDkwNi4wIJJjKgBIAVAD&rclk=1"
The Law Firm of Dmitriy Shakhnevich PLLC,law firm,New York,NY,+1 212-913-9703,http://www.dshaklaw.com/,ds@dshaklaw.com,313,https://www.google.com/maps/place/The+Law+Firm+of+Dmitriy+Shakhnevich+PLLC/data=!4m7!3m6!1s0x89c2447900f7a4e7:0xcfb21a0cfa7f58ae!8m2!3d40.7155613!4d-74.0053156!16s%2Fg%2F11bbrh4t_y!19sChIJ56T3AHlEwokRrlh_-gwass8?authuser=0&hl=en&g_ep=EgoyMDI2MDkwNi4wIJJjKgBIAVAD&rclk=1
The Law Offices of Michael Z. Goldman,law firm,New York,NY,+1 516-973-0489,http://www.michaelzgoldmanlaw.com/?utm_campaign=gmb,webdev@barnettmarketing.org,162,https://www.google.com/maps/place/The+Law+Offices+of+Michael+Z.+Goldman/data=!4m7!3m6!1s0x89c259af2e62ffbd:0x819f7da0b50b3b77!8m2!3d40.7133175!4d-74.0101112!16s%2Fg%2F1hhvplmnk!19sChIJvf9iLq9ZwokRdzsLtaB9n4E?authuser=0&hl=en&g_ep=EgoyMDI2MDkwNi4wIJJjKgBIAVAD&rclk=1
Peters Brovner LLP,law firm,New York,NY,+1 917-639-3270,https://petersbrovner.com/,lbrovner@petersbrovner.com,65,https://www.google.com/maps/place/Peters+Brovner+LLP/data=!4m7!3m6!1s0x89c25b98e18d5685:0x2f6b2be616c17962!8m2!3d40.7104617!4d-74.0077673!16s%2Fg%2F11fm3vhjz9!19sChIJhVaN4ZhbwokRYnnBFuYray8?authuser=0&hl=en&g_ep=EgoyMDI2MDkwNi4wIJJjKgBIAVAD&rclk=1
"Law Offices of Robert Tsigler, PLLC",law firm,New York,NY,+1 718-690-3834,https://www.tsiglerlaw.com/?utm_source=gmb&utm_medium=organic&utm_content=listing&utm_campaign=local,,489,"https://www.google.com/maps/place/Law+Offices+of+Robert+Tsigler,+PLLC/data=!4m7!3m6!1s0x89c25a21dd503e69:0xcb17c1d090cd0c4e!8m2!3d40.715054!4d-74.00582!16s%2Fg%2F11bwh5bgk8!19sChIJaT5Q3SFawokRTgzNkNDBF8s?authuser=0&hl=en&g_ep=EgoyMDI2MDkwNi4wIJJjKgBIAVAD&rclk=1"
NYC Injury Attorneys P.C.,law firm,New York,NY,+1 646-452-3663,https://nyc-injury-attorneys.com/,nycinjuryattorneys@gmail.com,86,https://www.google.com/maps/place/NYC+Injury+Attorneys+P.C./data=!4m7!3m6!1s0x89c25b7de0b2d8f5:0x66584249d86995e6!8m2!3d40.711964!4d-74.0085268!16s%2Fg%2F11q7b8804c!19sChIJ9diy4H1bwokR5pVp2ElCWGY?authuser=0&hl=en&g_ep=EgoyMDI2MDkwNi4wIJJjKgBIAVAD&rclk=1
The SUE CITY law firm,law firm,New York,NY,+1 888-783-2489,https://www.suecity.com/,info@suecity.com,137,https://www.google.com/maps/place/The+SUE+CITY+law+firm/data=!4m7!3m6!1s0x89c25b7576bece09:0xc84cc1163502afef!8m2!3d40.7078278!4d-74.0056597!16s%2Fg%2F11vqh2tlvj!19sChIJCc6-dnVbwokR768CNRbBTMg?authuser=0&hl=en&g_ep=EgoyMDI2MDkwNi4wIJJjKgBIAVAD&rclk=1
Samuel Law Firm,law firm,New York,NY,+1 516-957-2131,https://thesamuellawfirm.com/?utm_campaign=gmb,michael@thesamuellawfirm.com,231,https://www.google.com/maps/place/Samuel+Law+Firm/data=!4m7!3m6!1s0x89c259a8dd8ac6f1:0xd773a0c801ba6967!8m2!3d40.7474617!4d-73.9876476!16s%2Fg%2F1tcz9728!19sChIJ8caK3ahZwokRZ2m6Acigc9c?authuser=0&hl=en&g_ep=EgoyMDI2MDkwNi4wIJJjKgBIAVAD&rclk=1
Richman Law Firm PLLC,law firm,New York,NY,+1 646-854-3547,http://www.richman-law-firm.com/,,55,https://www.google.com/maps/place/Richman+Law+Firm+PLLC/data=!4m7!3m6!1s0x89c2590b7790c627:0xc319785b155b3f3c!8m2!3d40.7500267!4d-73.9754014!16s%2Fg%2F11h04p8n2s!19sChIJJ8aQdwtZwokRPD9bFVt4GcM?authuser=0&hl=en&g_ep=EgoyMDI2MDkwNi4wIJJjKgBIAVAD&rclk=1
"Zeng Law Group, PLLC",law firm,New York,NY,+1 917-810-5388,http://www.zenglawgroup.com/,info@zenglawgroup.com,145,"https://www.google.com/maps/place/Zeng+Law+Group,+PLLC/data=!4m7!3m6!1s0x89c25a1922c95861:0xf8d45ece3be3fad4!8m2!3d40.7517126!4d-73.9907907!16s%2Fg%2F11dxjwvyh6!19sChIJYVjJIhlawokR1PrjO85e1Pg?authuser=0&hl=en&g_ep=EgoyMDI2MDkwNi4wIJJjKgBIAVAD&rclk=1"
Morelli Law Firm,law firm,New York,NY,+1 646-762-5221,https://www.morellilaw.com/?utm_source=GBP,,202,https://www.google.com/maps/place/Morelli+Law+Firm/data=!4m7!3m6!1s0x89c258e45456c4d5:0x9529b75c0021709a!8m2!3d40.7546905!4d-73.9711154!16s%2Fg%2F1th5kcf_!19sChIJ1cRWVORYwokRmnAhAFy3KZU?authuser=0&hl=en&g_ep=EgoyMDI2MDkwNi4wIJJjKgBIAVAD&rclk=1
"Law Offices of Julie Rendelman, LLC",law firm,New York,NY,+1 212-951-1232,https://www.rendelmanlaw.com/,,227,"https://www.google.com/maps/place/Law+Offices+of+Julie+Rendelman,+LLC/data=!4m7!3m6!1s0x89c25900da7d168f:0xf2a0a28e1fe177db!8m2!3d40.7548348!4d-73.9794009!16s%2Fg%2F11b6hyv5ww!19sChIJjxZ92gBZwokR23fhH46ioPI?authuser=0&hl=en&g_ep=EgoyMDI2MDkwNi4wIJJjKgBIAVAD&rclk=1"
Law Offices of Michael W. Goldstein,law firm,New York,NY,+1 212-571-6848,https://www.atty1.com/,,32,https://www.google.com/maps/place/Law+Offices+of+Michael+W.+Goldstein/data=!4m7!3m6!1s0x89c25a21dd71e303:0xa1e2e90c33173724!8m2!3d40.7131971!4d-74.0099527!16s%2Fg%2F1tvq50v5!19sChIJA-Nx3SFawokRJDcXMwzp4qE?authuser=0&hl=en&g_ep=EgoyMDI2MDkwNi4wIJJjKgBIAVAD&rclk=1
Lebedin Kofman LLP,law office,New York,NY,+1 646-663-4430,https://www.lebedinkofman.com/,info@lebedinkofmanlaw.com,498,https://www.google.com/maps/place/Lebedin+Kofman+LLP/data=!4m7!3m6!1s0x89c25a16ed8593df:0x79c4a1a5eb39e2bd!8m2!3d40.7052301!4d-74.0131831!16s%2Fg%2F12ll5gh55!19sChIJ35OF7RZawokRveI566WhxHk?authuser=0&hl=en&g_ep=EgoyMDI2MDkwNi4wIJJjKgBIAVAD&rclk=1
"Ilissa Brownstein, Esq.",law office,New York,NY,+1 212-691-3333,http://www.brownsteinlegal.com/,ib@brownsteinlegal.com,375,"https://www.google.com/maps/place/Ilissa+Brownstein,+Esq./data=!4m7!3m6!1s0x89c25a19db345689:0x292d9d0c6d9c7c7f!8m2!3d40.7056582!4d-74.0117458!16s%2Fg%2F1pp2v01s5!19sChIJiVY02xlawokRf3ycbQydLSk?authuser=0&hl=en&g_ep=EgoyMDI2MDkwNi4wIJJjKgBIAVAD&rclk=1"
Alisme Law LLC,law office,New York,NY,+1 917-540-6067,http://www.alismelaw.com/?utm_campaign=gmb,info@alismelaw.com,351,https://www.google.com/maps/place/Alisme+Law+LLC/data=!4m7!3m6!1s0x89c25a49065670fb:0x2528883e491a1ade!8m2!3d40.6939649!4d-73.9843387!16s%2Fg%2F11nnwgky_m!19sChIJ-3BWBklawokR3hoaST6IKCU?authuser=0&hl=en&g_ep=EgoyMDI2MDkwNi4wIJJjKgBIAVAD&rclk=1
The Law Offices of Richard M. Kenny,law office,New York,NY,+1 844-955-4338,https://www.rmkinjurylaw.com/,,363,https://www.google.com/maps/place/The+Law+Offices+of+Richard+M.+Kenny/data=!4m7!3m6!1s0x89c259af2c39895d:0x66a37069fbab00ed!8m2!3d40.7484743!4d-73.9920519!16s%2Fg%2F1td1wc4v!19sChIJXYk5LK9ZwokR7QCr-2lwo2Y?authuser=0&hl=en&g_ep=EgoyMDI2MDkwNi4wIJJjKgBIAVAD&rclk=1
"Jeffrey B. Peltz, P.C.",law office,New York,NY,+1 718-625-0800,https://www.aaalawyer.com/,,212,"https://www.google.com/maps/place/Jeffrey+B.+Peltz,+P.C./data=!4m7!3m6!1s0x89c25a4916262c47:0x12414772a0de7223!8m2!3d40.7117496!4d-74.0086667!16s%2Fg%2F1v3lqwm5!19sChIJRywmFklawokRI3LeoHJHQRI?authuser=0&hl=en&g_ep=EgoyMDI2MDkwNi4wIJJjKgBIAVAD&rclk=1"
The New York Injury Law Firm PLLC,law office,New York,NY,+1 212-540-4878,https://www.thenewyorkinjurylawfirm.com/,asears@thenewyorkinjurylawfirm.com,83,https://www.google.com/maps/place/The+New+York+Injury+Law+Firm+PLLC/data=!4m7!3m6!1s0x89c25bbf893c2de3:0x22ed64e5bff9db35!8m2!3d40.7065407!4d-74.0091184!16s%2Fg%2F11w_h7wngn!19sChIJ4y08ib9bwokRNdv5v-Vk7SI?authuser=0&hl=en&g_ep=EgoyMDI2MDkwNi4wIJJjKgBIAVAD&rclk=1
Benimovich Currie & Ajasin LLP,law office,New York,NY,+1 718-551-5438,https://bcbclaw.com/,contact@bcbclaw.com,225,https://www.google.com/maps/place/Benimovich+Currie+%26+Ajasin+LLP/data=!4m7!3m6!1s0x89c25b28fad4ccf3:0x82a404c094726cf1!8m2!3d40.6873533!4d-73.979628!16s%2Fg%2F11hzy8vh8x!19sChIJ88zU-ihbwokR8WxylMAEpII?authuser=0&hl=en&g_ep=EgoyMDI2MDkwNi4wIJJjKgBIAVAD&rclk=1
"Law Office of Yang, P.C.",law office,New York,NY,+1 718-355-0227,http://www.myylaw.com/,myang@myylaw.com,26,"https://www.google.com/maps/place/Law+Office+of+Yang,+P.C./data=!4m7!3m6!1s0x89c25a21c500aae5:0xeceb36abd89c5e14!8m2!3d40.7155109!4d-74.005542!16s%2Fg%2F11fy2vmlw4!19sChIJ5aoAxSFawokRFF6c2Ks26-w?authuser=0&hl=en&g_ep=EgoyMDI2MDkwNi4wIJJjKgBIAVAD&rclk=1"
"Law Office of Nicholas M. Moccia, P.C.",law office,New York,NY,+1 718-701-5772,http://www.nicholasmoccialaw.com/,,32,"https://www.google.com/maps/place/Law+Office+of+Nicholas+M.+Moccia,+P.C./data=!4m7!3m6!1s0x89c24fd2bba0e5c1:0xde3c5c8b547ff487!8m2!3d40.628226!4d-74.077974!16s%2Fg%2F11cs12_j3w!19sChIJweWgu9JPwokRh_R_VItcPN4?authuser=0&hl=en&g_ep=EgoyMDI2MDkwNi4wIJJjKgBIAVAD&rclk=1"
Thomas Law Firm PLLC,law office,New York,NY,,https://thomaslawfirm.co/,,74,https://www.google.com/maps/place/Thomas+Law+Firm+PLLC/data=!4m7!3m6!1s0x89c2598d38090bc1:0x6c36a5be265ade84!8m2!3d40.727424!4d-74.005712!16s%2Fg%2F11yf_sbbq!19sChIJwQsJOI1ZwokRhN5aJr6lNmw?authuser=0&hl=en&g_ep=EgoyMDI2MDkwNi4wIJJjKgBIAVAD&rclk=1
The Law Office of Zachary A. Westenhoefer,law office,New York,NY,+1 646-397-2656,https://westenhoeferlaw.com/,our.office@westenhoeferlaw.com,27,https://www.google.com/maps/place/The+Law+Office+of+Zachary+A.+Westenhoefer/data=!4m7!3m6!1s0x89c25a49164285e5:0x6fe60518a5a71c24!8m2!3d40.7049123!4d-74.0064032!16s%2Fg%2F1pzsf1fzh!19sChIJ5YVCFklawokRJBynpRgF5m8?authuser=0&hl=en&g_ep=EgoyMDI2MDkwNi4wIJJjKgBIAVAD&rclk=1
The Rothenberg Law Firm Accident And Injury Lawyers,law office,New York,NY,+1 516-715-3658,https://injurylawyer.com/new-york/?utm_source=gmblisting&utm_medium=organic&utm_campaign=nyc,,276,https://www.google.com/maps/place/The+Rothenberg+Law+Firm+Accident+And+Injury+Lawyers/data=!4m7!3m6!1s0x89c259ac20927379:0x2fcfcbe700f8b88b!8m2!3d40.7514675!4d-73.9905644!16s%2Fg%2F1ptyn_p30!19sChIJeXOSIKxZwokRi7j4AOfLzy8?authuser=0&hl=en&g_ep=EgoyMDI2MDkwNi4wIJJjKgBIAVAD&rclk=1
The Law Office of Lance Fletcher,law office,New York,NY,,http://www.lawfletcher.com/,info@lawfletcher.com,65,https://www.google.com/maps/place/The+Law+Office+of+Lance+Fletcher/data=!4m7!3m6!1s0x89c25a1858bf530b:0xce8db0cb759489dc!8m2!3d40.7142121!4d-74.0039554!16s%2Fg%2F1tf4fz1q!19sChIJC1O_WBhawokR3ImUdcuwjc4?authuser=0&hl=en&g_ep=EgoyMDI2MDkwNi4wIJJjKgBIAVAD&rclk=1
Caglar Law Firm PC,law office,New York,NY,+1 646-930-2077,http://caglarlaw.com/,caglar@caglarlaw.com,83,https://www.google.com/maps/place/Caglar+Law+Firm+PC/data=!4m7!3m6!1s0x89c258ff875158e5:0x31051815c90b2de1!8m2!3d40.7155613!4d-74.0053156!16s%2Fg%2F11clvxfyvg!19sChIJ5VhRh_9YwokR4S0LyRUYBTE?authuser=0&hl=en&g_ep=EgoyMDI2MDkwNi4wIJJjKgBIAVAD&rclk=1
"Law Offices of Nathaniel Muller, PC",corporate law firm,New York,NY,+1 646-774-2895,https://legalmuller.com/,nm@legalmuller.com,95,"https://www.google.com/maps/place/Law+Offices+of+Nathaniel+Muller,+PC/data=!4m7!3m6!1s0x89c259a9265cdc0b:0xffcae8e768c9bea0!8m2!3d40.7527814!4d-73.9759322!16s%2Fg%2F1tx47zdv!19sChIJC9xcJqlZwokRoL7JaOfoyv8?authuser=0&hl=en&g_ep=EgoyMDI2MDkwNi4wIJJjKgBIAVAD&rclk=1"
"Fisher Stone, P.C.",corporate law firm,New York,NY,+1 212-256-1877,https://fisherstonelaw.com/?utm_source=gbp,info@fisherstonelaw.com,213,"https://www.google.com/maps/place/Fisher+Stone,+P.C./data=!4m7!3m6!1s0x89c25900c690a93f:0x3229764e28d304cf!8m2!3d40.7059768!4d-74.0126087!16s%2Fg%2F1ptwh9471!19sChIJP6mQxgBZwokRzwTTKE52KTI?authuser=0&hl=en&g_ep=EgoyMDI2MDkwNi4wIJJjKgBIAVAD&rclk=1"
Gouchev Law,corporate law firm,New York,NY,+1 212-537-9209,https://gouchevlaw.com/,legal@thebusinesslawfirm.com,100,https://www.google.com/maps/place/Gouchev+Law/data=!4m7!3m6!1s0x89c258feac584531:0x519bc9380de6e39c!8m2!3d40.7588063!4d-73.9788317!16s%2Fg%2F11b6ljf8ps!19sChIJMUVYrP5YwokRnOPmDTjJm1E?authuser=0&hl=en&g_ep=EgoyMDI2MDkwNi4wIJJjKgBIAVAD&rclk=1
IX Legal,corporate law firm,New York,NY,+1 212-404-8644,https://www.kilegal.com/,,113,https://www.google.com/maps/place/IX+Legal/data=!4m7!3m6!1s0x89c25f2c2fc6fedd:0x73c68ec2548c52b4!8m2!3d40.7067136!4d-74.0096305!16s%2Fg%2F11b6dhvmkr!19sChIJ3f7GLyxfwokRtFKMVMKOxnM?authuser=0&hl=en&g_ep=EgoyMDI2MDkwNi4wIJJjKgBIAVAD&rclk=1
"Cohn Legal, PLLC",corporate law firm,New York,NY,+1 212-203-0957,https://www.cohnlg.com/best-trademark-lawyers/best-trademark-attorney-in-new-york/,boston@cohnlg.com,118,"https://www.google.com/maps/place/Cohn+Legal,+PLLC/data=!4m7!3m6!1s0x89c259aa8bb40533:0xf35efc0112751e5!8m2!3d40.7043408!4d-74.0118572!16s%2Fg%2F11clgj2rcg!19sChIJMwW0i6pZwokR5VEnEcDvNQ8?authuser=0&hl=en&g_ep=EgoyMDI2MDkwNi4wIJJjKgBIAVAD&rclk=1"
"Daniel H. Weberman, Attorney at Law",corporate law firm,New York,NY,+1 516-461-3142,https://www.dhweberman.com/?utm_source=google&utm_medium=organic&utm_campaign=gbp,,119,"https://www.google.com/maps/place/Daniel+H.+Weberman,+Attorney+at+Law/data=!4m7!3m6!1s0x89c25925f068a417:0x3f16a23cdecd6999!8m2!3d40.7479973!4d-73.9852659!16s%2Fg%2F11l2gz4pvh!19sChIJF6Ro8CVZwokRmWnN3jyiFj8?authuser=0&hl=en&g_ep=EgoyMDI2MDkwNi4wIJJjKgBIAVAD&rclk=1"
"Anderson & Associates Law, P.C.",corporate law firm,New York,NY,+1 646-201-9117,http://www.aalawpc.com/,admin@aalawpc.com,63,"https://www.google.com/maps/place/Anderson+%26+Associates+Law,+P.C./data=!4m7!3m6!1s0x89c25a138eec3631:0x5b02e86411974fb5!8m2!3d40.7544588!4d-73.9943963!16s%2Fg%2F11bccjdb8m!19sChIJMTbsjhNawokRtU-XEWToAls?authuser=0&hl=en&g_ep=EgoyMDI2MDkwNi4wIJJjKgBIAVAD&rclk=1"
Paykin Law,corporate law firm,New York,NY,+1 212-858-9112,https://www.paykinlaw.net/,contact@paykinlaw.net,104,https://www.google.com/maps/place/Paykin+Law/data=!4m7!3m6!1s0x89c259a9a93ba655:0x306876f7f18d5371!8m2!3d40.7592015!4d-73.9778103!16s%2Fg%2F11xj28ct1!19sChIJVaY7qalZwokRcVON8fd2aDA?authuser=0&hl=en&g_ep=EgoyMDI2MDkwNi4wIJJjKgBIAVAD&rclk=1
"Pitcoff Law Group, PC",corporate law firm,New York,NY,+1 646-859-6264,http://www.pitcofflawgroup.com/,,222,"https://www.google.com/maps/place/Pitcoff+Law+Group,+PC/data=!4m7!3m6!1s0x89c259a79e1d5e6f:0x1ffab9f6bd1d175e!8m2!3d40.7544726!4d-73.9759622!16s%2Fg%2F11f1wlyll2!19sChIJb14dnqdZwokRXhcdvfa5-h8?authuser=0&hl=en&g_ep=EgoyMDI2MDkwNi4wIJJjKgBIAVAD&rclk=1"
Benemerito Attorneys at Law,corporate law firm,New York,NY,+1 212-785-1528,http://www.benemeritolaw.com/,info@benemeritolaw.com,38,https://www.google.com/maps/place/Benemerito+Attorneys+at+Law/data=!4m7!3m6!1s0x89c25a3df66bae35:0x12406e1b3aedbda8!8m2!3d40.7076193!4d-74.0105948!16s%2Fg%2F11c5817k04!19sChIJNa5r9j1awokRqL3tOhtuQBI?authuser=0&hl=en&g_ep=EgoyMDI2MDkwNi4wIJJjKgBIAVAD&rclk=1
Fridman Law Firm PLLC,corporate law firm,New York,NY,+1 212-262-9823,https://www.fridmanlawfirm.com/?utm_campaign=gmb&utm_medium=organic&utm_source=gpb,,60,https://www.google.com/maps/place/Fridman+Law+Firm+PLLC/data=!4m7!3m6!1s0x89c25907bfd1f95b:0x33d5357283d9d49b!8m2!3d40.7493629!4d-73.9942691!16s%2Fg%2F11frtg7cbx!19sChIJW_nRvwdZwokRm9TZg3I11TM?authuser=0&hl=en&g_ep=EgoyMDI2MDkwNi4wIJJjKgBIAVAD&rclk=1
Cordero Law LLC,corporate law firm,New York,NY,+1 212-960-8890,https://www.corderolawgroup.com/,info@corderolawgroup.com,50,https://www.google.com/maps/place/Cordero+Law+LLC/data=!4m7!3m6!1s0x89c2598d3802c763:0xc6636511b12e6039!8m2!3d40.7619114!4d-73.9784542!16s%2Fg%2F11bwkh_tvr!19sChIJY8cCOI1ZwokROWAusRFlY8Y?authuser=0&hl=en&g_ep=EgoyMDI2MDkwNi4wIJJjKgBIAVAD&rclk=1
"Law Offices of Craig Delsack, LLC",corporate law firm,New York,NY,+1 212-688-8944,http://www.nyccounsel.com/,,44,"https://www.google.com/maps/place/Law+Offices+of+Craig+Delsack,+LLC/data=!4m7!3m6!1s0x89c258fabb2200ef:0x6008219083817d20!8m2!3d40.7662767!4d-73.9825212!16s%2Fg%2F1tgdpglv!19sChIJ7wAiu_pYwokRIH2Bg5AhCGA?authuser=0&hl=en&g_ep=EgoyMDI2MDkwNi4wIJJjKgBIAVAD&rclk=1"
"Cea Legal, P.C.",corporate law firm,New York,NY,+1 212-847-5007,https://cealegal.com/?npcmp=dir:local:5329255:10005,,33,"https://www.google.com/maps/place/Cea+Legal,+P.C./data=!4m7!3m6!1s0x89c259a9ca6b4651:0x6a875147810bcde0!8m2!3d40.7073731!4d-74.011178!16s%2Fg%2F11cjk8b962!19sChIJUUZryqlZwokR4M0LgUdRh2o?authuser=0&hl=en&g_ep=EgoyMDI2MDkwNi4wIJJjKgBIAVAD&rclk=1"
Ratschko PLLC,business lawyer,New York,NY,+1 212-253-1027,http://www.newyorksmallbusinesslaw.com/,imke.ratschko@ratschko.com,23,https://www.google.com/maps/place/Ratschko+PLLC/data=!4m7!3m6!1s0x89c25a16c7d347af:0x94e1f8f65bc96c62!8m2!3d40.705272!4d-74.0139675!16s%2Fg%2F1hm3gz5sg!19sChIJr0fTxxZawokRYmzJW_b44ZQ?authuser=0&hl=en&g_ep=EgoyMDI2MDkwNi4wIJJjKgBIAVAD&rclk=1
Ortynska Law PLLC – Flat Fee Trademark Attorney,business lawyer,New York,NY,+1 914-703-5632,https://ortynskalaw.com/?utm_source=gbp,m.ortynska@ortynskalaw.com,29,https://www.google.com/maps/place/Ortynska+Law+PLLC+%E2%80%93+Flat+Fee+Trademark+Attorney/data=!4m7!3m6!1s0xa6dcde6be185b8b1:0xebd4d98905bde29c!8m2!3d40.7551055!4d-73.9758738!16s%2Fg%2F11yc72v2y0!19sChIJsbiF4Wve3KYRnOK9BYnZ1Os?authuser=0&hl=en&g_ep=EgoyMDI2MDkwNi4wIJJjKgBIAVAD&rclk=1
"Salomon & Baez Law, P.C.",business lawyer,New York,NY,+1 646-470-3486,http://www.sblaw1.com/,office@sblaw1.com,66,"https://www.google.com/maps/place/Salomon+%26+Baez+Law,+P.C./data=!4m7!3m6!1s0x89c259546a917d0d:0x5a32bd5fb50a74b8!8m2!3d40.7522038!4d-73.9786934!16s%2Fg%2F11q8t564gb!19sChIJDX2RalRZwokRuHQKtV-9Mlo?authuser=0&hl=en&g_ep=EgoyMDI2MDkwNi4wIJJjKgBIAVAD&rclk=1"
Woods Lonergan: An Elite Commercial Litigation Firm,business lawyer,New York,NY,+1 332-378-5080,https://www.woodslaw.com/?utm_source=local&utm_medium=GBP&utm_campaign=NY_gbp,nancy.byrne@woodslaw.com,30,https://www.google.com/maps/place/Woods+Lonergan:+An+Elite+Commercial+Litigation+Firm/data=!4m7!3m6!1s0x89c25900fde72093:0x9a2a0f3fc380dbd1!8m2!3d40.7521673!4d-73.9787184!16s%2Fg%2F1vm7ccjr!19sChIJkyDn_QBZwokR0duAwz8PKpo?authuser=0&hl=en&g_ep=EgoyMDI2MDkwNi4wIJJjKgBIAVAD&rclk=1
Monteleone Business Lawyers,business lawyer,New York,NY,+1 212-475-9764,http://www.monteleonelaw.com/,fjm@monteleonelaw.com,15,https://www.google.com/maps/place/Monteleone+Business+Lawyers/data=!4m7!3m6!1s0x89c259989d706dc7:0x88eed74c0a8431d5!8m2!3d40.7458523!4d-73.9867016!16s%2Fg%2F1tcxql8r!19sChIJx21wnZhZwokR1TGECkzX7og?authuser=0&hl=en&g_ep=EgoyMDI2MDkwNi4wIJJjKgBIAVAD&rclk=1
Yohanan Law,business lawyer,New York,NY,+1 212-859-5041,http://yohananlaw.com/,info@yohananlaw.com,99,https://www.google.com/maps/place/Yohanan+Law/data=!4m7!3m6!1s0x89c25fa9f852ecf1:0x9bee50ee9b1f3970!8m2!3d40.7136928!4d-73.93442!16s%2Fg%2F11twdk44gq!19sChIJ8exS-KlfwokRcDkfm-5Q7ps?authuser=0&hl=en&g_ep=EgoyMDI2MDkwNi4wIJJjKgBIAVAD&rclk=1
Small Business Attorney NYC,business lawyer,New York,NY,+1 347-830-7229,https://www.smallbusinessattorneynyc.com/?utm_campaign=gmb,info@smallbusinessattorneynyc.com,,https://www.google.com/maps/place/Small+Business+Attorney+NYC/data=!4m7!3m6!1s0x89c25947deb8c1dd:0x7a44932c0f046302!8m2!3d40.740063!4d-73.9855319!16s%2Fg%2F11h2cv6pjx!19sChIJ3cG43kdZwokRAmMEDyyTRHo?authuser=0&hl=en&g_ep=EgoyMDI2MDkwNi4wIJJjKgBIAVAD&rclk=1
Einbinder & Dunn LLP,business lawyer,New York,NY,+1 212-391-9500,http://eddblaw.com/,info@eddblaw.com,48,https://www.google.com/maps/place/Einbinder+%26+Dunn+LLP/data=!4m7!3m6!1s0x89c259aafd98d719:0xff4b0a792a4f3ba6!8m2!3d40.7452031!4d-73.9851647!16s%2Fg%2F1tnl29pz!19sChIJGdeY_apZwokRpjtPKnkKS_8?authuser=0&hl=en&g_ep=EgoyMDI2MDkwNi4wIJJjKgBIAVAD&rclk=1
"James Hsui, PLLC – Nonprofit / Business / International Law",business lawyer,New York,NY,+1 929-376-8888,https://www.jameshsuilaw.com/,james.hsui@jameshsuilaw.com,11,"https://www.google.com/maps/place/James+Hsui,+PLLC+%E2%80%93+Nonprofit+%2F+Business+%2F+International+Law/data=!4m7!3m6!1s0x89c25a3df66bae35:0x1b5237bb4c850ed8!8m2!3d40.7056491!4d-74.013911!16s%2Fg%2F11bwp1wd11!19sChIJNa5r9j1awokR2A6FTLs3Uhs?authuser=0&hl=en&g_ep=EgoyMDI2MDkwNi4wIJJjKgBIAVAD&rclk=1"
Artisan Law,business lawyer,New York,NY,+1 212-548-4874,https://artisanlawfirm.com/,info@artisanlawfirm.com,12,https://www.google.com/maps/place/Artisan+Law/data=!4m7!3m6!1s0x89c25988cfecac0b:0xe8991336411410cd!8m2!3d40.7203598!4d-74.0006098!16s%2Fg%2F11r425g8gj!19sChIJC6zsz4hZwokRzRAUQTYTmeg?authuser=0&hl=en&g_ep=EgoyMDI2MDkwNi4wIJJjKgBIAVAD&rclk=1
Morgan Legal Group P.C. - Estate Planning & Probate Attorney New York City,business lawyer,New York,NY,+1 212-561-4299,https://www.morganlegalny.com/,contact@morganlegalny.com,179,https://www.google.com/maps/place/Morgan+Legal+Group+P.C.+-+Estate+Planning+%26+Probate+Attorney+New+York+City/data=!4m7!3m6!1s0x89c259231d9dd219:0x23ab0dcdff89c65b!8m2!3d40.7096169!4d-74.0093747!16s%2Fg%2F11fjmvfhcv!19sChIJGdKdHSNZwokRW8aJ_80NqyM?authuser=0&hl=en&g_ep=EgoyMDI2MDkwNi4wIJJjKgBIAVAD&rclk=1
"Law Office of Biana Borukhovich, PLLC - Fashion Lawyer NYC - Trademark Attorney New York",business lawyer,New York,NY,+1 347-450-1811,https://borukhovichlaw.com/,info@bb-lawfirm.com,88,"https://www.google.com/maps/place/Law+Office+of+Biana+Borukhovich,+PLLC+-+Fashion+Lawyer+NYC+-+Trademark+Attorney+New+York/data=!4m7!3m6!1s0x89c244ea7c4aed87:0xada040efc12cd3f6!8m2!3d40.755106!4d-73.986209!16s%2Fg%2F1hc2mpfzd!19sChIJh-1KfOpEwokR9tMswe9AoK0?authuser=0&hl=en&g_ep=EgoyMDI2MDkwNi4wIJJjKgBIAVAD&rclk=1"
Lewis & Lin LLC Internet Law Counsel,business lawyer,New York,NY,+1 718-243-9323,http://ilawco.com/,info@ilawco.com,29,https://www.google.com/maps/place/Lewis+%26+Lin+LLC+Internet+Law+Counsel/data=!4m7!3m6!1s0x89c25a313f087725:0x53a3c1469c881ab!8m2!3d40.7003477!4d-73.9874324!16s%2Fg%2F11r8st1d7!19sChIJJXcIPzFawokRq4HIaRQ8OgU?authuser=0&hl=en&g_ep=EgoyMDI2MDkwNi4wIJJjKgBIAVAD&rclk=1
"The Linden Law Group, P.C.",business lawyer,New York,NY,+1 212-537-6612,https://www.new-york-attorney.org/,,60,"https://www.google.com/maps/place/The+Linden+Law+Group,+P.C./data=!4m7!3m6!1s0x89c260986a672265:0x6ef0d067281a5334!8m2!3d40.7377863!4d-73.9887671!16s%2Fg%2F1vgw9k1v!19sChIJZSJnaphgwokRNFMaKGfQ8G4?authuser=0&hl=en&g_ep=EgoyMDI2MDkwNi4wIJJjKgBIAVAD&rclk=1"
Rosenberg Law Firm,attorney at law,New York,NY,+1 646-941-7830,https://www.rosenbergpllc.com/,office@rosenbergpllc.com,97,https://www.google.com/maps/place/Rosenberg+Law+Firm/data=!4m7!3m6!1s0x89c25a4f276e53ad:0xee701eddddf7d692!8m2!3d40.6894609!4d-73.9922754!16s%2Fg%2F11hbgj562s!19sChIJrVNuJ09awokRktb33d0ecO4?authuser=0&hl=en&g_ep=EgoyMDI2MDkwNi4wIJJjKgBIAVAD&rclk=1
New York Traffic ticket lawyers,attorney at law,New York,NY,+1 347-393-6630,https://trafficlawyersbrooklyn.com/,info@trafficlawyersbrooklyn.com,60,https://www.google.com/maps/place/New+York+Traffic+ticket+lawyers/data=!4m7!3m6!1s0x89c25b028a94a81b:0x195c92d5382f803a!8m2!3d40.7032314!4d-73.9849097!16s%2Fg%2F11qm37v3z5!19sChIJG6iUigJbwokROoAvONWSXBk?authuser=0&hl=en&g_ep=EgoyMDI2MDkwNi4wIJJjKgBIAVAD&rclk=1
NYC 2A Lawyer - Law Office of Mirel Fisch,attorney at law,New York,NY,+1 929-382-4933,https://www.nyc2alawyer.com/,mirel@mfischlaw.com,28,https://www.google.com/maps/place/NYC+2A+Lawyer+-+Law+Office+of+Mirel+Fisch/data=!4m7!3m6!1s0x242cf45494a8a843:0x4e8fd97cb72d2799!8m2!3d40.6279071!4d-73.9467748!16s%2Fg%2F11zb5npp8s!19sChIJQ6iolFT0LCQRmSctt3zZj04?authuser=0&hl=en&g_ep=EgoyMDI2MDkwNi4wIJJjKgBIAVAD&rclk=1
Ward Law New York,attorney at law,New York,NY,+1 646-956-2797,https://www.855dolor55.com/new-york/?utm_source=google&utm_medium=organic&utm_campaign=nyGMB,,435,https://www.google.com/maps/place/Ward+Law+New+York/data=!4m7!3m6!1s0x89c259fea008c2c3:0x173a402e57c1c1b9!8m2!3d40.7548367!4d-73.9793987!16s%2Fg%2F11tgcw6qxr!19sChIJw8IIoP5ZwokRucHBVy5AOhc?authuser=0&hl=en&g_ep=EgoyMDI2MDkwNi4wIJJjKgBIAVAD&rclk=1
Law Office of Aaron Wallenstein,attorney at law,New York,NY,+1 212-227-7588,https://www.criminaldefenselawyerny.com/,,476,https://www.google.com/maps/place/Law+Office+of+Aaron+Wallenstein/data=!4m7!3m6!1s0x89c25a177e8c27db:0x627cd8a6ac86237e!8m2!3d40.7096195!4d-74.0105084!16s%2Fg%2F1wfcq1gj!19sChIJ2yeMfhdawokRfiOGrKbYfGI?authuser=0&hl=en&g_ep=EgoyMDI2MDkwNi4wIJJjKgBIAVAD&rclk=1
"Adam Leitman Bailey, P.C.",attorney at law,New York,NY,+1 212-825-0365,http://www.alblawfirm.com/,info@alblawfirm.com,68,"https://www.google.com/maps/place/Adam+Leitman+Bailey,+P.C./data=!4m7!3m6!1s0x89c25a176bb283a7:0x1e7274708a904c81!8m2!3d40.7033776!4d-74.0138765!16s%2Fg%2F1tl9nh4x!19sChIJp4OyaxdawokRgUyQinB0ch4?authuser=0&hl=en&g_ep=EgoyMDI2MDkwNi4wIJJjKgBIAVAD&rclk=1"
Norman Spencer Law Group PC,attorney at law,New York,NY,+1 212-577-6677,https://www.nycriminallawyers.com/,ns@normanspencerlaw.com,57,https://www.google.com/maps/place/Norman+Spencer+Law+Group+PC/data=!4m7!3m6!1s0x89c25a17473f890f:0x8ed6b6d9090ea714!8m2!3d40.7142162!4d-74.0040637!16s%2Fg%2F1th0nts3!19sChIJD4k_RxdawokRFKcOCdm21o4?authuser=0&hl=en&g_ep=EgoyMDI2MDkwNi4wIJJjKgBIAVAD&rclk=1
Law Office of Gina M. Wicik,attorney at law,New York,NY,+1 516-253-4278,https://wiciklaw.com/,wiciklaw@gmail.com,103,https://www.google.com/maps/place/Law+Office+of+Gina+M.+Wicik/data=!4m7!3m6!1s0x89c3b18dc8ca3573:0x3162bf876648f08c!8m2!3d40.716076!4d-74.004925!16s%2Fg%2F11pgc3knjv!19sChIJczXKyI2xw4kRjPBIZoe_YjE?authuser=0&hl=en&g_ep=EgoyMDI2MDkwNi4wIJJjKgBIAVAD&rclk=1
Greenberg Law Firm,attorney at law,New York,NY,+1 718-797-1800,https://www.howardgreenberglaw.com/,,142,https://www.google.com/maps/place/Greenberg+Law+Firm/data=!4m7!3m6!1s0x89c25a4f2714f675:0x2301d08b16c795d0!8m2!3d40.6893925!4d-73.9922548!16s%2Fg%2F1tfcjpdx!19sChIJdfYUJ09awokR0JXHFovQASM?authuser=0&hl=en&g_ep=EgoyMDI2MDkwNi4wIJJjKgBIAVAD&rclk=1
Christopher Tompkins,attorney at law,New York,NY,+1 212-962-5363,http://www.ny-legal-name-change-lawyer.com/,namechangelawyer@gmail.com,88,https://www.google.com/maps/place/Christopher+Tompkins/data=!4m7!3m6!1s0x89c25a1858bf530b:0x71a36632273e8fc8!8m2!3d40.7118568!4d-74.0085967!16s%2Fg%2F1td7p74s!19sChIJC1O_WBhawokRyI8-JzJmo3E?authuser=0&hl=en&g_ep=EgoyMDI2MDkwNi4wIJJjKgBIAVAD&rclk=1
"【黎保利】律师事务所 Caesar, Napoli & Spivak",attorney at law,New York,NY,+1 888-650-3888,https://www.libaolilaw.com/?utm_source=google&utm_medium=organic&utm_campaign=gbp,,286,"https://www.google.com/maps/place/%E3%80%90%E9%BB%8E%E4%BF%9D%E5%88%A9%E3%80%91%E5%BE%8B%E5%B8%88%E4%BA%8B%E5%8A%A1%E6%89%80+Caesar,+Napoli+%26+Spivak/data=!4m7!3m6!1s0x89c25a18f1e057cb:0x4ae596967ceb964c!8m2!3d40.7123432!4d-74.0081494!16s%2Fg%2F12qgxppsd!19sChIJy1fg8RhawokRTJbrfJaW5Uo?authuser=0&hl=en&g_ep=EgoyMDI2MDkwNi4wIJJjKgBIAVAD&rclk=1"
Real Estate Litigation Lawyer | Law Office of Steven R. Sutton,commercial litigation law firm,New York,NY,+1 212-696-0090,https://ssuttonlaw.com/?utm_source=gmb&utm_medium=organic&utm_campaign=gmb_organic,,27,https://www.google.com/maps/place/Real+Estate+Litigation+Lawyer+%7C+Law+Office+of+Steven+R.+Sutton/data=!4m7!3m6!1s0x89c259039475bfbf:0xfab2832b2a6ed2f!8m2!3d40.749944!4d-73.975258!16s%2Fg%2F1v5_bbmz!19sChIJv791lANZwokRL-2msjIoqw8?authuser=0&hl=en&g_ep=EgoyMDI2MDkwNi4wIJJjKgBIAVAD&rclk=1
Helbraun Levey,commercial litigation law firm,New York,NY,+1 212-219-1193,http://www.helbraunlevey.com/,david@helbraunlevey.com,24,https://www.google.com/maps/place/Helbraun+Levey/data=!4m7!3m6!1s0x89c25a17fe851d8d:0x557624580636011f!8m2!3d40.7079148!4d-74.00462!16s%2Fg%2F1232frm3s!19sChIJjR2F_hdawokRHwE2BlgkdlU?authuser=0&hl=en&g_ep=EgoyMDI2MDkwNi4wIJJjKgBIAVAD&rclk=1
Real Estate Litigation Attorney NYC,commercial litigation law firm,New York,NY,+1 212-684-9400,https://afurmanlaw.com/,furmanmatt@gmail.com,,https://www.google.com/maps/place/Real+Estate+Litigation+Attorney+NYC/data=!4m7!3m6!1s0x89c25900c6c04877:0x4f61d029e5389b09!8m2!3d40.7506825!4d-73.9811257!16s%2Fg%2F11c0rt7s09!19sChIJd0jAxgBZwokRCZs45SnQYU8?authuser=0&hl=en&g_ep=EgoyMDI2MDkwNi4wIJJjKgBIAVAD&rclk=1
Gana Weinstein LLP,commercial litigation law firm,New York,NY,+1 800-810-4262,https://www.ganalawfirm.com/?utm_source=google&utm_medium=local,,143,https://www.google.com/maps/place/Gana+Weinstein+LLP/data=!4m7!3m6!1s0x89c259ac20927379:0x97a41b7b2ac77443!8m2!3d40.7518164!4d-73.9793737!16s%2Fg%2F1pp2x6bv2!19sChIJeXOSIKxZwokRQ3THKnsbpJc?authuser=0&hl=en&g_ep=EgoyMDI2MDkwNi4wIJJjKgBIAVAD&rclk=1
Schwartz Intellectual Property Law,intellectual property law firm,New York,NY,+1 888-762-4511,http://schwartzip.com/,contact@schwartzip.com,38,https://www.google.com/maps/place/Schwartz+Intellectual+Property+Law/data=!4m7!3m6!1s0x89c259a66b4dfdcd:0xcc5c7c94dc3e0be2!8m2!3d40.7446298!4d-73.987667!16s%2Fg%2F11cs1gw58m!19sChIJzf1Na6ZZwokR4gs-3JR8XMw?authuser=0&hl=en&g_ep=EgoyMDI2MDkwNi4wIJJjKgBIAVAD&rclk=1
MG Miller Intellectual Property Law,intellectual property law firm,New York,NY,+1 908-518-6465,https://www.mgmiller.legal/,contact@mgmiller.legal,37,https://www.google.com/maps/place/MG+Miller+Intellectual+Property+Law/data=!4m7!3m6!1s0x89c25a1417a70925:0x2bbe290cf4838241!8m2!3d40.7037539!4d-74.0118723!16s%2Fg%2F11c18lb4y3!19sChIJJQmnFxRawokRQYKD9Awpvis?authuser=0&hl=en&g_ep=EgoyMDI2MDkwNi4wIJJjKgBIAVAD&rclk=1
Intellectual Property Attorney New York,intellectual property law firm,New York,NY,+1 929-214-1052,https://omnilawpc.com/new-york/new-york-city/intellectual-property/,info@omnilawpc.com,17,https://www.google.com/maps/place/Intellectual+Property+Attorney+New+York/data=!4m7!3m6!1s0x88e82b895c88a95:0x1c444ccef46be9a5!8m2!3d40.7622869!4d-73.9750432!16s%2Fg%2F11vq54p9qn!19sChIJlYrIlbiCjggRpelr9M5MRBw?authuser=0&hl=en&g_ep=EgoyMDI2MDkwNi4wIJJjKgBIAVAD&rclk=1
"BOAG LAW, PLLC",intellectual property law firm,New York,NY,+1 212-203-6651,http://www.boagip.com//?utm_source=GMBlisting&utm_medium=organic,hello@boagip.com,62,"https://www.google.com/maps/place/BOAG+LAW,+PLLC/data=!4m7!3m6!1s0x89c259656a7fe8c7:0x904e4e575fec3e4f!8m2!3d40.7206058!4d-74.0014893!16s%2Fg%2F11pd_js44v!19sChIJx-h_amVZwokRTz7sX1dOTpA?authuser=0&hl=en&g_ep=EgoyMDI2MDkwNi4wIJJjKgBIAVAD&rclk=1"
Sisun Law,intellectual property law firm,New York,NY,+1 347-913-7800,http://sisunlaw.com/,scott@sisunlaw.com,52,https://www.google.com/maps/place/Sisun+Law/data=!4m7!3m6!1s0x89c259a7b7609bcd:0x1c9b715c8518d3a!8m2!3d40.7459726!4d-73.9839961!16s%2Fg%2F11g8bvx2q2!19sChIJzZtgt6dZwokROo1RyBW3yQE?authuser=0&hl=en&g_ep=EgoyMDI2MDkwNi4wIJJjKgBIAVAD&rclk=1
"Law Office of Jason H. Rosenblum, PLLC",intellectual property law firm,New York,NY,+1 845-614-9008,http://www.jhrlegal.com/,info@jhrlegal.com,122,"https://www.google.com/maps/place/Law+Office+of+Jason+H.+Rosenblum,+PLLC/data=!4m7!3m6!1s0x89c25a31679aa865:0xf721d40649d1c020!8m2!3d40.7033069!4d-73.9877823!16s%2Fg%2F11cfc8bhl!19sChIJZaiaZzFawokRIMDRSQbUIfc?authuser=0&hl=en&g_ep=EgoyMDI2MDkwNi4wIJJjKgBIAVAD&rclk=1"
Trademark Patent Lawyer NYC,intellectual property law firm,New York,NY,+1 212-381-6189,http://nycpatentandtrademarklawyer.com/,,13,https://www.google.com/maps/place/Trademark+Patent+Lawyer+NYC/data=!4m7!3m6!1s0x89c2590a022150fb:0x4f7d1ef526b97a73!8m2!3d40.7500039!4d-73.9893899!16s%2Fg%2F11gl4mjwxt!19sChIJ-1AhAgpZwokRc3q5JvUefU8?authuser=0&hl=en&g_ep=EgoyMDI2MDkwNi4wIJJjKgBIAVAD&rclk=1
Grant Attorneys at Law PLLC,intellectual property law firm,New York,NY,+1 212-520-7881,http://www.grant.legal/,info@grant.legal,72,https://www.google.com/maps/place/Grant+Attorneys+at+Law+PLLC/data=!4m7!3m6!1s0x89c25901796ca443:0xe0f43268cdf346ec!8m2!3d40.7579754!4d-73.9823192!16s%2Fg%2F11b8z22g0v!19sChIJQ6RseQFZwokR7EbzzWgy9OA?authuser=0&hl=en&g_ep=EgoyMDI2MDkwNi4wIJJjKgBIAVAD&rclk=1
SACK IP Law p.c.,intellectual property law firm,New York,NY,+1 212-500-1310,https://www.sack-ip.com/,alan.sack@sack-ip.com,13,https://www.google.com/maps/place/SACK+IP+Law+p.c./data=!4m7!3m6!1s0x89c259adea15f58b:0x16bfaabab726505a!8m2!3d40.7611098!4d-73.9706045!16s%2Fg%2F11b90m6k9_!19sChIJi_UV6q1ZwokRWlAmt7qqvxY?authuser=0&hl=en&g_ep=EgoyMDI2MDkwNi4wIJJjKgBIAVAD&rclk=1
Jones Intellectual Property,intellectual property law firm,New York,NY,+1 845-322-8234,https://www.jonesipl.com/,,11,https://www.google.com/maps/place/Jones+Intellectual+Property/data=!4m7!3m6!1s0x89c25bb706c7f9bf:0x1e960976807481e3!8m2!3d40.6927647!4d-73.9912846!16s%2Fg%2F11y0fp2x8_!19sChIJv_nHBrdbwokR44F0gHYJlh4?authuser=0&hl=en&g_ep=EgoyMDI2MDkwNi4wIJJjKgBIAVAD&rclk=1
Yomtobian Law P.C.,intellectual property law firm,New York,NY,+1 516-234-0789,https://www.yomtobianlaw.com/,alan@yomtobianlaw.com,23,https://www.google.com/maps/place/Yomtobian+Law+P.C./data=!4m7!3m6!1s0x8a722510231934f:0x19d4bc0a58ecb179!8m2!3d40.7542379!4d-73.9790608!16s%2Fg%2F11xtk8lq20!19sChIJT5MxAlEipwgRebHsWAq81Bk?authuser=0&hl=en&g_ep=EgoyMDI2MDkwNi4wIJJjKgBIAVAD&rclk=1
Maschoff Brennan | Intellectual Property Law Firm,intellectual property law firm,New York,NY,+1 212-529-5131,https://mabr.com/,,,https://www.google.com/maps/place/Maschoff+Brennan+%7C+Intellectual+Property+Law+Firm/data=!4m7!3m6!1s0x89c2599834dffdc9:0xd96fe4ff85bd3f23!8m2!3d40.7460123!4d-73.9942627!16s%2Fg%2F11yxzz9q1l!19sChIJyf3fNJhZwokRIz-9hf_kb9k?authuser=0&hl=en&g_ep=EgoyMDI2MDkwNi4wIJJjKgBIAVAD&rclk=1
KAPATENTS - Patent / Intellectual Property Law,intellectual property law firm,New York,NY,+1 617-684-5115,https://www.kapatents.com/,info@kapatents.com,,https://www.google.com/maps/place/KAPATENTS+-+Patent+%2F+Intellectual+Property+Law/data=!4m7!3m6!1s0x89c2599e62e5b37d:0x72ddb99d2a25da1b!8m2!3d40.7562298!4d-73.9800473!16s%2Fg%2F11z0n0yq68!19sChIJfbPlYp5ZwokRG9olKp253XI?authuser=0&hl=en&g_ep=EgoyMDI2MDkwNi4wIJJjKgBIAVAD&rclk=1
"Dilworth IP, LLC",intellectual property law firm,New York,NY,+1 203-220-8496,https://www.dilworthip.co/,info@dilworthip.com,,"https://www.google.com/maps/place/Dilworth+IP,+LLC/data=!4m7!3m6!1s0x89c2597378c241f5:0x6ec9fb476b00ecca!8m2!3d40.7794024!4d-73.9548268!16s%2Fg%2F11zd86pps6!19sChIJ9UHCeHNZwokRyuwAa0f7yW4?authuser=0&hl=en&g_ep=EgoyMDI2MDkwNi4wIJJjKgBIAVAD&rclk=1"
Gerben IP,intellectual property law firm,New York,NY,+1 212-328-1183,https://www.gerbenlaw.com/trademark-attorney/new-york-city/?utm_source=GBP&utm_medium=organic&utm_campaign=nyc,,,https://www.google.com/maps/place/Gerben+IP/data=!4m7!3m6!1s0x89c259acaf8ac0bd:0x19f8ee5367708e46!8m2!3d40.759624!4d-73.978733!16s%2Fg%2F11rpzckrfl!19sChIJvcCKr6xZwokRRo5wZ1Pu-Bk?authuser=0&hl=en&g_ep=EgoyMDI2MDkwNi4wIJJjKgBIAVAD&rclk=1
"Outlier Patent Attorneys, PLLC",intellectual property law firm,New York,NY,+1 212-518-1612,https://outlierpatentattorneys.com/new-york-city-patent-attorneys?utm_source=Google+My+Business+%28NYC%29&utm_medium=Organic,hello@outlierpa.com,14,"https://www.google.com/maps/place/Outlier+Patent+Attorneys,+PLLC/data=!4m7!3m6!1s0x89c25ba9580d7edb:0x29d1a107c572512a!8m2!3d40.7054756!4d-74.0130029!16s%2Fg%2F11sd9p9sm0!19sChIJ234NWKlbwokRKlFyxQeh0Sk?authuser=0&hl=en&g_ep=EgoyMDI2MDkwNi4wIJJjKgBIAVAD&rclk=1"
"Mitton Law Firm, PLLC - Intellectual Property Law for Creatives",intellectual property law firm,New York,NY,+1 212-244-2084,https://mittonlaw.com/,,21,"https://www.google.com/maps/place/Mitton+Law+Firm,+PLLC+-+Intellectual+Property+Law+for+Creatives/data=!4m7!3m6!1s0x89c259251cdf7e89:0x8fa0d724cbcee4e5!8m2!3d40.7431251!4d-73.9897521!16s%2Fg%2F11f65bpkp4!19sChIJiX7fHCVZwokR5eTOyyTXoI8?authuser=0&hl=en&g_ep=EgoyMDI2MDkwNi4wIJJjKgBIAVAD&rclk=1"
Marshall Law Group/ TradeMarks The Spot,intellectual property law firm,New York,NY,+1 917-566-1003,http://tmthespot.com/,laurie@tmthespot.com,24,https://www.google.com/maps/place/Marshall+Law+Group%2F+TradeMarks+The+Spot/data=!4m7!3m6!1s0x89c25883e3c72b0f:0x9269f9d6b13f3ef0!8m2!3d40.7742722!4d-73.9806907!16s%2Fg%2F124sx02cc!19sChIJDyvH44NYwokR8D4_sdb5aZI?authuser=0&hl=en&g_ep=EgoyMDI2MDkwNi4wIJJjKgBIAVAD&rclk=1
"GV Legal, IP",intellectual property law firm,New York,NY,+1 212-210-1693,http://www.gv-legal.com/,connect@gv-legal.com,,"https://www.google.com/maps/place/GV+Legal,+IP/data=!4m7!3m6!1s0x89c25f9bb8dd84c9:0x509c21f44942b3d4!8m2!3d40.7630212!4d-73.9790517!16s%2Fg%2F11pxs40wyw!19sChIJyYTduJtfwokR1LNCSfQhnFA?authuser=0&hl=en&g_ep=EgoyMDI2MDkwNi4wIJJjKgBIAVAD&rclk=1"
Bold Patents Law Firm,intellectual property law firm,New York,NY,+1 800-849-1913,https://boldip.com/locations/patent-attorneys-new-york/,,,https://www.google.com/maps/place/Bold+Patents+Law+Firm/data=!4m7!3m6!1s0x89c259cd06227b6f:0x42c9ae6b35f0c62f!8m2!3d40.7572352!4d-73.9829762!16s%2Fg%2F11lrytybhr!19sChIJb3siBs1ZwokRL8bwNWuuyUI?authuser=0&hl=en&g_ep=EgoyMDI2MDkwNi4wIJJjKgBIAVAD&rclk=1
Goldstein Patent Law,intellectual property law firm,New York,NY,+1 516-980-5993,https://goldsteinpatentlaw.com/,info@goldsteinpc.com,,https://www.google.com/maps/place/Goldstein+Patent+Law/data=!4m7!3m6!1s0x89c25903139a4ccd:0x4eb87b718fef9a58!8m2!3d40.749455!4d-73.972075!16s%2Fg%2F1tglj6t1!19sChIJzUyaEwNZwokRWJrvj3F7uE4?authuser=0&hl=en&g_ep=EgoyMDI2MDkwNi4wIJJjKgBIAVAD&rclk=1
"Stanzione & Associates, PLLC",intellectual property law firm,New York,NY,+1 202-349-1124,https://www.stanzioneiplaw.com/,patent@stanzioneiplaw.com,25,"https://www.google.com/maps/place/Stanzione+%26+Associates,+PLLC/data=!4m7!3m6!1s0x89c259b3e5a6bc25:0x5eb6ff8f1d7a957c!8m2!3d40.7631712!4d-73.9733933!16s%2Fg%2F11fnptsfsm!19sChIJJbym5bNZwokRfJV6HY__tl4?authuser=0&hl=en&g_ep=EgoyMDI2MDkwNi4wIJJjKgBIAVAD&rclk=1"
Total Trademarks,intellectual property law firm,New York,NY,,https://totaltrademarks.nyc/,,53,https://www.google.com/maps/place/Total+Trademarks/data=!4m7!3m6!1s0x89c2598d37d28c67:0xf0c47cb86dfed903!8m2!3d40.7274345!4d-74.0059484!16s%2Fg%2F11b6dw0svr!19sChIJZ4zSN41ZwokRA9n-bbh8xPA?authuser=0&hl=en&g_ep=EgoyMDI2MDkwNi4wIJJjKgBIAVAD&rclk=1
"Neil L. Postrygacz, Attorney at Law, P.C.",intellectual property law firm,New York,NY,+1 646-642-7492,https://www.neilesq.com/,neil@neilesq.com,,"https://www.google.com/maps/place/Neil+L.+Postrygacz,+Attorney+at+Law,+P.C./data=!4m7!3m6!1s0x89c25bbea6db3c09:0x58ab8e6b29d84aeb!8m2!3d40.7178766!4d-74.0015815!16s%2Fg%2F11nbb4rwyp!19sChIJCTzbpr5bwokR60rYKWuOq1g?authuser=0&hl=en&g_ep=EgoyMDI2MDkwNi4wIJJjKgBIAVAD&rclk=1"
ANKHI-KROL LAW,intellectual property law firm,New York,NY,+1 212-729-6153,http://www.ankhikrollaw.com/,info@ankhikrollaw.com,89,https://www.google.com/maps/place/ANKHI-KROL+LAW/data=!4m7!3m6!1s0x89c259aeca88a78b:0x69a53f5fdde627a9!8m2!3d40.7551279!4d-73.9861749!16s%2Fg%2F12jc0z3v6!19sChIJi6eIyq5ZwokRqSfm3V8_pWk?authuser=0&hl=en&g_ep=EgoyMDI2MDkwNi4wIJJjKgBIAVAD&rclk=1
Intellectual Property Law,intellectual property law firm,New York,NY,+1 212-920-6119,https://www.shenklaw.com/contact/,david@shenklaw.com,,https://www.google.com/maps/place/Intellectual+Property+Law/data=!4m7!3m6!1s0x89c258e478de2d0b:0x182af44b52aaf0f9!8m2!3d40.7577737!4d-73.9667949!16s%2Fg%2F11y2cl36l6!19sChIJCy3eeORYwokR-fCqUkv0Khg?authuser=0&hl=en&g_ep=EgoyMDI2MDkwNi4wIJJjKgBIAVAD&rclk=1
"Charles Joseph, Employment Lawyer",employment law firm,New York,NY,+1 212-651-4238,https://www.workingnowandthen.com/,info@workingnowandthen.com,44,"https://www.google.com/maps/place/Charles+Joseph,+Employment+Lawyer/data=!4m7!3m6!1s0x89c25b2f1cd96d27:0x752dff607f7642e8!8m2!3d40.706523!4d-74.0132724!16s%2Fg%2F11f7hdhmbf!19sChIJJ23ZHC9bwokR6EJ2f2D_LXU?authuser=0&hl=en&g_ep=EgoyMDI2MDkwNi4wIJJjKgBIAVAD&rclk=1"
"Fitapelli & Schaffer, LLP NYC Employment Lawyers",employment law firm,New York,NY,+1 212-300-0375,http://www.fslawfirm.com/,,63,"https://www.google.com/maps/place/Fitapelli+%26+Schaffer,+LLP+NYC+Employment+Lawyers/data=!4m7!3m6!1s0x89c25907e549e255:0x5d2587930a8490e1!8m2!3d40.7078315!4d-74.0087358!16s%2Fg%2F1tdwfvkj!19sChIJVeJJ5QdZwokR4ZCECpOHJV0?authuser=0&hl=en&g_ep=EgoyMDI2MDkwNi4wIJJjKgBIAVAD&rclk=1"
Granovsky & Sundaresh PLLC,employment law firm,New York,NY,+1 646-524-6001,http://www.g-s-law.com/,646.417.5500info@g-s-law.com,465,https://www.google.com/maps/place/Granovsky+%26+Sundaresh+PLLC/data=!4m7!3m6!1s0x89c25a1659bc5e6b:0xc1779363385cf176!8m2!3d40.7065569!4d-74.0090492!16s%2Fg%2F11h0jtq2r!19sChIJa168WRZawokRdvFcOGOTd8E?authuser=0&hl=en&g_ep=EgoyMDI2MDkwNi4wIJJjKgBIAVAD&rclk=1
"Derek Smith Law Group, PLLC",employment law firm,New York,NY,+1 800-807-2209,https://discriminationandsexualharassmentlawyers.com/new-york-city?utm_source=gbp&utm_medium=organic&utm_campaign=gbp-listing&utm_content=new-york-city,derek@dereksmithlaw.com,341,"https://www.google.com/maps/place/Derek+Smith+Law+Group,+PLLC/data=!4m7!3m6!1s0x89c25a16c7d34709:0x8e699f9cf5dfa9e1!8m2!3d40.7513168!4d-73.9906115!16s%2Fg%2F1tg9jghx!19sChIJCUfTxxZawokR4anf9ZyfaY4?authuser=0&hl=en&g_ep=EgoyMDI2MDkwNi4wIJJjKgBIAVAD&rclk=1"
Stillman Legal. P.C.,employment law firm,New York,NY,,https://stillmanlegalpc.com/,,360,https://www.google.com/maps/place/Stillman+Legal.+P.C./data=!4m7!3m6!1s0x89c25bc5261af9c7:0x71cdc370640b26f7!8m2!3d40.705974!4d-74.0126146!16s%2Fg%2F11h3pq8tvn!19sChIJx_kaJsVbwokR9yYLZHDDzXE?authuser=0&hl=en&g_ep=EgoyMDI2MDkwNi4wIJJjKgBIAVAD&rclk=1
Joseph & Norinsberg - NYC Sexual Harassment & Employment Discrimination Lawyers,employment law firm,New York,NY,+1 646-798-4433,https://employeejustice.com/?utm_source=google&utm_medium=organic&utm_campaign=gbp-nyc,info@employeejustice.com,246,https://www.google.com/maps/place/Joseph+%26+Norinsberg+-+NYC+Sexual+Harassment+%26+Employment+Discrimination+Lawyers/data=!4m7!3m6!1s0x89c25a18f6ff8225:0x329ddea7209be3c6!8m2!3d40.757962!4d-73.9708356!16s%2Fg%2F1q5ccv8jd!19sChIJJYL_9hhawokRxuObIKfenTI?authuser=0&hl=en&g_ep=EgoyMDI2MDkwNi4wIJJjKgBIAVAD&rclk=1
"Sekendiz Law Group P.C. - Sexual Harassment, Employment Discrimination & Unpaid Overtime Lawyers",employment law firm,New York,NY,+1 212-380-8087,https://discriminationsexualharassmentattorneys.com/,info@discriminationsexualharassmentattorneys.com,112,"https://www.google.com/maps/place/Sekendiz+Law+Group+P.C.+-+Sexual+Harassment,+Employment+Discrimination+%26+Unpaid+Overtime+Lawyers/data=!4m7!3m6!1s0x89c25a1137700001:0x72e1d9ccaea80da5!8m2!3d40.7064585!4d-74.0131963!16s%2Fg%2F11ggs_lwb_!19sChIJAQBwNxFawokRpQ2orszZ4XI?authuser=0&hl=en&g_ep=EgoyMDI2MDkwNi4wIJJjKgBIAVAD&rclk=1"
"Risman & Risman, P.C.",employment law firm,New York,NY,+1 212-233-6400,http://www.risman-law.com/,info@risman-law.com,95,"https://www.google.com/maps/place/Risman+%26+Risman,+P.C./data=!4m7!3m6!1s0x89c25a19071470b9:0x43a731f8d2c197ca!8m2!3d40.7124242!4d-74.0082073!16s%2Fg%2F11xg6y89g!19sChIJuXAUBxlawokRypfB0vgxp0M?authuser=0&hl=en&g_ep=EgoyMDI2MDkwNi4wIJJjKgBIAVAD&rclk=1"
Mansell Law,employment law firm,New York,NY,+1 646-921-8900,https://www.newyorkcity-employmentlawyer.com/,greg@manselllawllc.com,131,https://www.google.com/maps/place/Mansell+Law/data=!4m7!3m6!1s0x89c2590122daaaab:0xd16f4361a0a330b4!8m2!3d40.7403739!4d-74.0024304!16s%2Fg%2F11gfgxkmwd!19sChIJq6raIgFZwokRtDCjoGFDb9E?authuser=0&hl=en&g_ep=EgoyMDI2MDkwNi4wIJJjKgBIAVAD&rclk=1
AKIN & SALAMAN (Previously AKIN LAW GROUP),employment law firm,New York,NY,+1 212-825-1400,https://www.akinlaws.com/,,71,https://www.google.com/maps/place/AKIN+%26+SALAMAN+%28Previously+AKIN+LAW+GROUP%29/data=!4m7!3m6!1s0x89c25a2613f9b50b:0xdbe657261432bfda!8m2!3d40.70654!4d-74.013262!16s%2Fg%2F1td7v2vt!19sChIJC7X5EyZawokR2r8yFCZX5ts?authuser=0&hl=en&g_ep=EgoyMDI2MDkwNi4wIJJjKgBIAVAD&rclk=1
DeToffol Law,employment law firm,New York,NY,+1 212-962-2220,https://ddtlaw.com/,admin@ddtlaw.com,39,https://www.google.com/maps/place/DeToffol+Law/data=!4m7!3m6!1s0x89c25b8303b31a0b:0xe0b41d5226de8b69!8m2!3d40.7060359!4d-74.0063866!16s%2Fg%2F11s7h5pqt6!19sChIJCxqzA4NbwokRaYveJlIdtOA?authuser=0&hl=en&g_ep=EgoyMDI2MDkwNi4wIJJjKgBIAVAD&rclk=1
Ottinger Employment Lawyers,employment law firm,New York,NY,+1 866-769-6082,https://www.ottingerlaw.com/new-york-employment-lawyers/?utm_source=gmb&utm_medium=local&utm_campaign=newyork,,80,https://www.google.com/maps/place/Ottinger+Employment+Lawyers/data=!4m7!3m6!1s0x89c25a3d1d9c04c9:0x983c7285f8d83906!8m2!3d40.7441619!4d-73.9853125!16s%2Fg%2F1tjl6tyz!19sChIJyQScHT1awokRBjnY-IVyPJg?authuser=0&hl=en&g_ep=EgoyMDI2MDkwNi4wIJJjKgBIAVAD&rclk=1
"Arcé Law Group - Sexual Harassment, Discrimination, & Employment Lawyers",employment law firm,New York,NY,+1 866-589-2644,https://www.arcelawgroup.com/?utm_source=GBPlisting&utm_medium=organic&utm_campaign=new-york,,33,"https://www.google.com/maps/place/Arc%C3%A9+Law+Group+-+Sexual+Harassment,+Discrimination,+%26+Employment+Lawyers/data=!4m7!3m6!1s0x89c25a113bd6a97b:0xceaa18f038c1179e!8m2!3d40.7066302!4d-74.0130765!16s%2Fg%2F11c6ljrygl!19sChIJe6nWOxFawokRnhfBOPAYqs4?authuser=0&hl=en&g_ep=EgoyMDI2MDkwNi4wIJJjKgBIAVAD&rclk=1"
HKM Employment Attorneys LLP,employment law firm,New York,NY,+1 212-451-9533,https://hkm.com/new-york/?utm_source=gbp&utm_medium=organic&utm_campaign=website&utm_term=new+york,scholarships@hkm.com,,https://www.google.com/maps/place/HKM+Employment+Attorneys+LLP/data=!4m7!3m6!1s0x89c25b757e401cd9:0x43ec42f4073e4f03!8m2!3d40.7063146!4d-74.0131748!16s%2Fg%2F11tcksqyk5!19sChIJ2RxAfnVbwokRA08-B_RC7EM?authuser=0&hl=en&g_ep=EgoyMDI2MDkwNi4wIJJjKgBIAVAD&rclk=1
Emre Polat Employment Attorneys,employment law firm,New York,NY,,https://www.emrelaw.com/,,32,https://www.google.com/maps/place/Emre+Polat+Employment+Attorneys/data=!4m7!3m6!1s0x89c25bd8e0687aa9:0xe3c3e25ac2d60281!8m2!3d40.7066702!4d-74.0132082!16s%2Fg%2F11hbkpj89v!19sChIJqXpo4NhbwokRgQLWwlriw-M?authuser=0&hl=en&g_ep=EgoyMDI2MDkwNi4wIJJjKgBIAVAD&rclk=1
Mizrahi Kroub LLP,employment law firm,New York,NY,+1 212-595-6200,https://www.mizrahikroub.com/?utm_source=google&utm_medium-organic&utm_campaign-gbp-website-visit,info@mizrahikroub.com,167,https://www.google.com/maps/place/Mizrahi+Kroub+LLP/data=!4m7!3m6!1s0x89c25ba8218b5147:0x94f2774a0b35b0b2!8m2!3d40.711925!4d-74.0085686!16s%2Fg%2F11sx21_zc7!19sChIJR1GLIahbwokRsrA1C0p38pQ?authuser=0&hl=en&g_ep=EgoyMDI2MDkwNi4wIJJjKgBIAVAD&rclk=1
Katz Melinger PLLC,employment law firm,New York,NY,+1 212-460-0047,https://www.katzmelinger.com/,,96,https://www.google.com/maps/place/Katz+Melinger+PLLC/data=!4m7!3m6!1s0x89c25900e37a7e57:0x444b292f202fea5b!8m2!3d40.7506993!4d-73.976966!16s%2Fg%2F11b6hy74b1!19sChIJV3564wBZwokRW-ovIC8pS0Q?authuser=0&hl=en&g_ep=EgoyMDI2MDkwNi4wIJJjKgBIAVAD&rclk=1
"Leeds Brown Law, P.C.",employment law firm,New York,NY,,https://www.lmblaw.com/,,67,"https://www.google.com/maps/place/Leeds+Brown+Law,+P.C./data=!4m7!3m6!1s0x89c2877929798959:0x9fca819f75aa07c5!8m2!3d40.7080156!4d-74.0132392!16s%2Fg%2F11g_l3zy_!19sChIJWYl5KXmHwokRxQeqdZ-Byp8?authuser=0&hl=en&g_ep=EgoyMDI2MDkwNi4wIJJjKgBIAVAD&rclk=1"
Wigdor LLP,employment law firm,New York,NY,+1 212-257-6800,https://www.wigdorlaw.com/,contact@wigdorlaw.com,57,https://www.google.com/maps/place/Wigdor+LLP/data=!4m7!3m6!1s0x89c259a288a4f099:0x43ee21292e7b4f34!8m2!3d40.7373074!4d-73.9922382!16s%2Fg%2F1tmqh3cp!19sChIJmfCkiKJZwokRNE97Likh7kM?authuser=0&hl=en&g_ep=EgoyMDI2MDkwNi4wIJJjKgBIAVAD&rclk=1
"Levy Ratner, P.C.",employment law firm,New York,NY,+1 212-627-8100,https://levyratner.com/,japter@levyratner.com,14,"https://www.google.com/maps/place/Levy+Ratner,+P.C./data=!4m7!3m6!1s0x89c259be43a3be93:0x4394d45e229f7d8a!8m2!3d40.7398635!4d-74.0021847!16s%2Fg%2F1tdwwly4!19sChIJk76jQ75ZwokRin2fIl7UlEM?authuser=0&hl=en&g_ep=EgoyMDI2MDkwNi4wIJJjKgBIAVAD&rclk=1"
Rissmiller PLLC,employment law firm,New York,NY,+1 646-664-1412,https://rissmiller.com/?utm_source=google&utm_medium=organic&utm_campaign=gbp,,89,https://www.google.com/maps/place/Rissmiller+PLLC/data=!4m7!3m6!1s0x89c25971040cb273:0x334685ccb4e70336!8m2!3d40.7519494!4d-73.9940674!16s%2Fg%2F11pxx4rynj!19sChIJc7IMBHFZwokRNgPntMyFRjM?authuser=0&hl=en&g_ep=EgoyMDI2MDkwNi4wIJJjKgBIAVAD&rclk=1
Lipsky Lowe LLP,employment law firm,New York,NY,+1 212-392-4772,https://lipskylowe.com/?utm_campaign=gmb,doug@lipskylowe.com,135,https://www.google.com/maps/place/Lipsky+Lowe+LLP/data=!4m7!3m6!1s0x89c259039475bfbf:0x63fae05fe55e002b!8m2!3d40.7527814!4d-73.9759322!16s%2Fg%2F11b5qvt400!19sChIJv791lANZwokRKwBe5V_g-mM?authuser=0&hl=en&g_ep=EgoyMDI2MDkwNi4wIJJjKgBIAVAD&rclk=1
"Tuckner, Sipser, Weinstock & Sipser, LLP",employment law firm,New York,NY,+1 212-766-9100,https://womensrightsny.com/,,123,"https://www.google.com/maps/place/Tuckner,+Sipser,+Weinstock+%26+Sipser,+LLP/data=!4m7!3m6!1s0x89c25a176bb283a7:0x635fa62841d842b7!8m2!3d40.7548364!4d-73.9794103!16s%2Fg%2F1tdskq09!19sChIJp4OyaxdawokRt0LYQSimX2M?authuser=0&hl=en&g_ep=EgoyMDI2MDkwNi4wIJJjKgBIAVAD&rclk=1"
Pechman Law Group PLLC,employment law firm,New York,NY,+1 212-583-9500,https://pechmanlaw.com/,info@pechmanlaw.com,251,https://www.google.com/maps/place/Pechman+Law+Group+PLLC/data=!4m7!3m6!1s0x89c258fc77c0637d:0x1bc18b1cb939e71!8m2!3d40.7589103!4d-73.9751974!16s%2Fg%2F1tdv_t1h!19sChIJfWPAd_xYwokRcZ6Ty7EYvAE?authuser=0&hl=en&g_ep=EgoyMDI2MDkwNi4wIJJjKgBIAVAD&rclk=1
"Zachary J. Liszka, Esq.",employment law firm,New York,NY,+1 347-762-5131,https://www.employeelawyer.nyc/,info@employeelawyer.nyc,37,"https://www.google.com/maps/place/Zachary+J.+Liszka,+Esq./data=!4m7!3m6!1s0x89c258ff75a6bb87:0x24a9b93cd2a92230!8m2!3d40.7170066!4d-73.9656929!16s%2Fg%2F11b6gfdlqp!19sChIJh7umdf9YwokRMCKp0jy5qSQ?authuser=0&hl=en&g_ep=EgoyMDI2MDkwNi4wIJJjKgBIAVAD&rclk=1"
Rapaport Law Firm,employment law firm,New York,NY,+1 212-382-1600,http://www.rapaportlaw.com/,info@rapaportlaw.com,33,https://www.google.com/maps/place/Rapaport+Law+Firm/data=!4m7!3m6!1s0x89c259a9b3117469:0x9af7ac91be78796a!8m2!3d40.7397874!4d-74.0020766!16s%2Fg%2F1tgnm_ct!19sChIJaXQRs6lZwokRanl4vpGs95o?authuser=0&hl=en&g_ep=EgoyMDI2MDkwNi4wIJJjKgBIAVAD&rclk=1
Berke-Weiss Law PLLC,employment law firm,New York,NY,+1 212-540-2597,http://www.berkeweisslaw.com/?utm_campaign=gmb,info@berkeweisslaw.com,108,https://www.google.com/maps/place/Berke-Weiss+Law+PLLC/data=!4m7!3m6!1s0x89c259ab32378fb3:0xb91a7362c8553f9b!8m2!3d40.7572285!4d-73.9707207!16s%2Fg%2F11b6x4rhdn!19sChIJs483MqtZwokRmz9VyGJzGrk?authuser=0&hl=en&g_ep=EgoyMDI2MDkwNi4wIJJjKgBIAVAD&rclk=1
Fisher | Taubenfeld LLP,employment law firm,New York,NY,+1 646-741-3490,https://www.fishertaubenfeld.com/,,29,https://www.google.com/maps/place/Fisher+%7C+Taubenfeld+LLP/data=!4m7!3m6!1s0x89c25a18f6f4fcc7:0xee55f7cb85d35ff9!8m2!3d40.711943!4d-74.0084864!16s%2Fg%2F11g69hbw38!19sChIJx_z09hhawokR-V_Thcv3Ve4?authuser=0&hl=en&g_ep=EgoyMDI2MDkwNi4wIJJjKgBIAVAD&rclk=1
Yang Law Offices,law firm,Los Angeles,CA,+1 877-492-6452,http://www.yanglawoffices.com/,info@yanglawoffices.com,306,https://www.google.com/maps/place/Yang+Law+Offices/data=!4m7!3m6!1s0x80c2c7b3c3859483:0x9c321d2fe7d3d47a!8m2!3d34.0507737!4d-118.2575159!16s%2Fg%2F11c2lblsdr!19sChIJg5SFw7PHwoARetTT5y8dMpw?authuser=0&hl=en&g_ep=EgoyMDI2MDkwNi4wIJJjKgBIAVAD&rclk=1
Providence Trial Lawyers,law firm,Los Angeles,CA,+1 213-380-5858,https://ptl.legal/,info@ptl.legal,173,https://www.google.com/maps/place/Providence+Trial+Lawyers/data=!4m7!3m6!1s0x80c2b884cb2d598b:0x26fe78229d7cde20!8m2!3d34.048454!4d-118.2614087!16s%2Fg%2F1vm7bqm5!19sChIJi1kty4S4woARIN58nSJ4_iY?authuser=0&hl=en&g_ep=EgoyMDI2MDkwNi4wIJJjKgBIAVAD&rclk=1
DK Law,law firm,Los Angeles,CA,+1 310-295-1087,https://dklaw.com/locations/ca/los-angeles/,,316,https://www.google.com/maps/place/DK+Law/data=!4m7!3m6!1s0x80c2b93e6ef7983f:0x5946d348ea715580!8m2!3d34.0523222!4d-118.2470466!16s%2Fg%2F11f6b181gr!19sChIJP5j3bj65woARgFVx6kjTRlk?authuser=0&hl=en&g_ep=EgoyMDI2MDkwNi4wIJJjKgBIAVAD&rclk=1
The Law Offices of Nigel Burns,law firm,Los Angeles,CA,+1 213-397-2832,https://www.burnsattorneys.com/?utm_source=GMB&utm_medium=Website+Click,nigel@burns.com,89,https://www.google.com/maps/place/The+Law+Offices+of+Nigel+Burns/data=!4m7!3m6!1s0x80c2c7185e7a8f5f:0x860755f95b270d59!8m2!3d34.0561265!4d-118.2518014!16s%2Fg%2F11j1n08z6b!19sChIJX496XhjHwoARWQ0nW_lVB4Y?authuser=0&hl=en&g_ep=EgoyMDI2MDkwNi4wIJJjKgBIAVAD&rclk=1
Los Angeles Law Firm,law firm,Los Angeles,CA,+1 310-777-7677,https://lalf.law/,jyadegar@lalf.law,37,https://www.google.com/maps/place/Los+Angeles+Law+Firm/data=!4m7!3m6!1s0x80c2992d3c216005:0xe7b77bc5e7816176!8m2!3d34.1860222!4d-118.4484835!16s%2Fg%2F11mlxt4rxv!19sChIJBWAhPC2ZwoARdmGB58V7t-c?authuser=0&hl=en&g_ep=EgoyMDI2MDkwNi4wIJJjKgBIAVAD&rclk=1
Los Angeles City Law,law firm,Los Angeles,CA,+1 888-880-8888,https://lacitylaw.com/,marketing@lacitylaw.com,107,https://www.google.com/maps/place/Los+Angeles+City+Law/data=!4m7!3m6!1s0x80c2b95bbf7574d9:0x14b8c0f6c55cee85!8m2!3d34.072066!4d-118.363498!16s%2Fg%2F1vvr6gv5!19sChIJ2XR1v1u5woARhe5cxfbAuBQ?authuser=0&hl=en&g_ep=EgoyMDI2MDkwNi4wIJJjKgBIAVAD&rclk=1
Los Angeles Lawyer,law firm,Los Angeles,CA,+1 323-278-9901,http://www.lalawcorp.com/,info@lalawcorp.com,237,https://www.google.com/maps/place/Los+Angeles+Lawyer/data=!4m7!3m6!1s0x80c329946d991f53:0x62457c96e239bda5!8m2!3d34.0732512!4d-117.8895332!16s%2Fg%2F11sj6q_9xk!19sChIJUx-ZbZQpw4ARpb054pZ8RWI?authuser=0&hl=en&g_ep=EgoyMDI2MDkwNi4wIJJjKgBIAVAD&rclk=1
Lemon Law Firm,law firm,Los Angeles,CA,+1 866-517-4704,https://lemonlawfirm.com/?utm_source=google&utm_medium=gbp&utm_campaign=los-angeles,,469,https://www.google.com/maps/place/Lemon+Law+Firm/data=!4m7!3m6!1s0x80c2c79d647886c9:0xf62d90fbca805281!8m2!3d34.0490132!4d-118.2416897!16s%2Fg%2F11vl3nwvqy!19sChIJyYZ4ZJ3HwoARgVKAyvuQLfY?authuser=0&hl=en&g_ep=EgoyMDI2MDkwNi4wIJJjKgBIAVAD&rclk=1
"Lemon Law Attorneys Offices of Adam Zolonz, APC",law firm,Los Angeles,CA,+1 310-247-8230,https://lemonlawattorneyinla.com/,adam@zolonzassociates.com,190,"https://www.google.com/maps/place/Lemon+Law+Attorneys+Offices+of+Adam+Zolonz,+APC/data=!4m7!3m6!1s0x80c2bf39059d444f:0x9d982918a026f769!8m2!3d34.101493!4d-118.3264199!16s%2Fg%2F11xms7ddt!19sChIJT0SdBTm_woARafcmoBgpmJ0?authuser=0&hl=en&g_ep=EgoyMDI2MDkwNi4wIJJjKgBIAVAD&rclk=1"
The Barry Law Firm - Lemon Law Attorneys,law firm,Los Angeles,CA,+1 424-688-9088,https://mylemonrights.com/?utm_source=google&utm_medium=local&utm_campaign=gmb,,460,https://www.google.com/maps/place/The+Barry+Law+Firm+-+Lemon+Law+Attorneys/data=!4m7!3m6!1s0x80c2bb12707b9db9:0x7e250f20031fcba6!8m2!3d34.0332049!4d-118.4518533!16s%2Fg%2F11cnq4ndvg!19sChIJuZ17cBK7woARpssfAyAPJX4?authuser=0&hl=en&g_ep=EgoyMDI2MDkwNi4wIJJjKgBIAVAD&rclk=1
C&B Law Accident and Injury Lawyers,law firm,Los Angeles,CA,+1 844-220-2230,https://www.cblawgroup.com/,lawyers@cblawgroup.com,170,https://www.google.com/maps/place/C%26B+Law+Accident+and+Injury+Lawyers/data=!4m7!3m6!1s0x80c2c7b79119debd:0x65387d6bfa5871c3!8m2!3d34.0683089!4d-118.2494987!16s%2Fg%2F11fy4g5s6p!19sChIJvd4ZkbfHwoARw3FY-mt9OGU?authuser=0&hl=en&g_ep=EgoyMDI2MDkwNi4wIJJjKgBIAVAD&rclk=1
The L.A. Law Firm- Car Accident Attorneys,law firm,Los Angeles,CA,+1 866-383-1462,https://www.thelalawfirm.com/,info@thelalawfirm.com,113,https://www.google.com/maps/place/The+L.A.+Law+Firm-+Car+Accident+Attorneys/data=!4m7!3m6!1s0x80c2c7dacdf6c27b:0x85625c9eb79ff96e!8m2!3d34.0623043!4d-118.2879113!16s%2Fg%2F11cjpghrd6!19sChIJe8L2zdrHwoARbvmft55cYoU?authuser=0&hl=en&g_ep=EgoyMDI2MDkwNi4wIJJjKgBIAVAD&rclk=1
"Hurwitz Law Group, Los Angeles Criminal Defense Attorney",law firm,Los Angeles,CA,+1 323-300-2056,https://hurwitzlawgroup.com/?utm_source=GBP&utm_medium=organic&utm_campaign=Los_Angeles,bhurwitz@hurwitzlawgroup.com,123,"https://www.google.com/maps/place/Hurwitz+Law+Group,+Los+Angeles+Criminal+Defense+Attorney/data=!4m7!3m6!1s0x80c2bbf30ece0bfd:0x4b136197327c9e9a!8m2!3d34.098376!4d-118.332991!16s%2Fg%2F1pp2w_hzq!19sChIJ_QvODvO7woARmp58MpdhE0s?authuser=0&hl=en&g_ep=EgoyMDI2MDkwNi4wIJJjKgBIAVAD&rclk=1"
Downtown L.A. Law Group,law firm,Los Angeles,CA,+1 888-991-2044,http://downtownlalaw.com/,info@downtownlalaw.com,114,https://www.google.com/maps/place/Downtown+L.A.+Law+Group/data=!4m7!3m6!1s0x80c2c7997f1555e7:0xb1782b1da8f0c20!8m2!3d34.0418959!4d-118.2561113!16s%2Fg%2F11ssdcdr2n!19sChIJ51UVf5nHwoARIAyP2rGCFws?authuser=0&hl=en&g_ep=EgoyMDI2MDkwNi4wIJJjKgBIAVAD&rclk=1
Pirnia Law Group,law firm,Los Angeles,CA,+1 844-747-5294,https://pirniapersonalinjury.com/,farbod@pirnialawgroup.com,441,https://www.google.com/maps/place/Pirnia+Law+Group/data=!4m7!3m6!1s0x80c2b94f7066d049:0x7c44d9cb7139c17d!8m2!3d34.0419522!4d-118.4302502!16s%2Fg%2F11c44d5j12!19sChIJSdBmcE-5woARfcE5ccvZRHw?authuser=0&hl=en&g_ep=EgoyMDI2MDkwNi4wIJJjKgBIAVAD&rclk=1
California United Law Group,law firm,Los Angeles,CA,+1 310-744-1449,https://calunitedlaw.com/,,44,https://www.google.com/maps/place/California+United+Law+Group/data=!4m7!3m6!1s0x80c2c785135349c1:0x7c8771369031e9c0!8m2!3d34.047787!4d-118.2495256!16s%2Fg%2F11ysxzvxf4!19sChIJwUlTE4XHwoARwOkxkDZxh3w?authuser=0&hl=en&g_ep=EgoyMDI2MDkwNi4wIJJjKgBIAVAD&rclk=1
The H Group,law firm,Los Angeles,CA,+1 213-985-4431,http://www.thehfirm.com/?utm_campaign=gmb,info@thehlawgroup.com,80,https://www.google.com/maps/place/The+H+Group/data=!4m7!3m6!1s0x808fb66eaaaaaaab:0x113e8ec22ad85336!8m2!3d34.044441!4d-118.2635049!16s%2Fg%2F1hc4f1nck!19sChIJq6qqqm62j4ARNlPYKsKOPhE?authuser=0&hl=en&g_ep=EgoyMDI2MDkwNi4wIJJjKgBIAVAD&rclk=1
El Dabe Ritter Trial Lawyers,law firm,Los Angeles,CA,+1 888-539-1422,https://www.erlawyers.com/los-angeles-personal-injury-lawyer/?utm_source=gmb&utm_medium=organic&utm_content=listing&utm_campaign=los-angeles,info@erlawyers.com,186,https://www.google.com/maps/place/El+Dabe+Ritter+Trial+Lawyers/data=!4m7!3m6!1s0x80c2c7c84e7c5c49:0x410a42703d5a4d76!8m2!3d34.0395244!4d-118.2617078!16s%2Fg%2F11h0b8csn!19sChIJSVx8TsjHwoARdk1aPXBCCkE?authuser=0&hl=en&g_ep=EgoyMDI2MDkwNi4wIJJjKgBIAVAD&rclk=1
Manshoory Law Group,law firm,Los Angeles,CA,+1 877-977-7750,https://manshoorylaw.com/?utm_source=google&utm_medium=organic&utm_campaign=GMB,info@manshoorylaw.com,373,https://www.google.com/maps/place/Manshoory+Law+Group/data=!4m7!3m6!1s0x80c2c7b0221a05e5:0xc58155fd41fdee83!8m2!3d34.0493445!4d-118.2593787!16s%2Fg%2F11b8t5h6jj!19sChIJ5QUaIrDHwoARg-79Qf1VgcU?authuser=0&hl=en&g_ep=EgoyMDI2MDkwNi4wIJJjKgBIAVAD&rclk=1
Perlman & Cohen Los Angeles Criminal Lawyers,law firm,Los Angeles,CA,+1 310-919-4767,https://perlmancohen.com/?utm_source=GBP&utm_medium=organic&utm_campaign=Los_Angeles,,167,https://www.google.com/maps/place/Perlman+%26+Cohen+Los+Angeles+Criminal+Lawyers/data=!4m7!3m6!1s0x80c2c735cf4980e3:0x577562c0a9e0010c!8m2!3d34.0522789!4d-118.2527006!16s%2Fg%2F11sqj_kjlr!19sChIJ44BJzzXHwoARDAHgqcBidVc?authuser=0&hl=en&g_ep=EgoyMDI2MDkwNi4wIJJjKgBIAVAD&rclk=1
Martinian Lawyers,law firm,Los Angeles,CA,+1 323-531-5676,https://www.martinianlaw.com/los-angeles-personal-injury-attorney/?utm_source=google&utm_medium=organic&utm_campaign=GBPLosAngeles,,359,https://www.google.com/maps/place/Martinian+Lawyers/data=!4m7!3m6!1s0x80c2be5236b6a3f9:0x4cf72b7edc01bdfe!8m2!3d34.1574137!4d-118.4103315!16s%2Fg%2F1wfvmxyv!19sChIJ-aO2NlK-woAR_r0B3H4r90w?authuser=0&hl=en&g_ep=EgoyMDI2MDkwNi4wIJJjKgBIAVAD&rclk=1
Immigration Law Office of Los Angeles PC,law office,Los Angeles,CA,+1 888-347-3954,https://immigrationhelpla.com/,,258,https://www.google.com/maps/place/Immigration+Law+Office+of+Los+Angeles+PC/data=!4m7!3m6!1s0x80c2b756dbbf98ff:0x8ef84c999af8d5b3!8m2!3d34.0205136!4d-118.4242055!16s%2Fg%2F1tjxfy0y!19sChIJ_5i_21a3woARs9X4mplM-I4?authuser=0&hl=en&g_ep=EgoyMDI2MDkwNi4wIJJjKgBIAVAD&rclk=1
Law Offices of David P. Kashani,law office,Los Angeles,CA,+1 888-932-2626,https://www.dkashlaw.com/?utm_source=google&utm_medium=organic&utm_campaign=gbp,,66,https://www.google.com/maps/place/Law+Offices+of+David+P.+Kashani/data=!4m7!3m6!1s0x80c2b947a82ff47b:0x611fa33e895587b!8m2!3d34.0185432!4d-118.4083881!16s%2Fg%2F1tdvkfsd!19sChIJe_QvqEe5woARe1iV6DP6EQY?authuser=0&hl=en&g_ep=EgoyMDI2MDkwNi4wIJJjKgBIAVAD&rclk=1
The Law Office of Aaron McAllister,law office,Los Angeles,CA,+1 213-587-4631,https://apmlawoffices.com/?utm_campaign=gmb,,325,https://www.google.com/maps/place/The+Law+Office+of+Aaron+McAllister/data=!4m7!3m6!1s0x80c2bb45673fabd7:0xb4ffd2e8e309c52e!8m2!3d34.0206049!4d-118.4241617!16s%2Fg%2F11vqf14b1t!19sChIJ16s_Z0W7woARLsUJ4-jS_7Q?authuser=0&hl=en&g_ep=EgoyMDI2MDkwNi4wIJJjKgBIAVAD&rclk=1
"Law Office of H. Reginald Joseph, Esq.",law office,Los Angeles,CA,+1 310-425-8391,,,,"https://www.google.com/maps/place/Law+Office+of+H.+Reginald+Joseph,+Esq./data=!4m7!3m6!1s0x80c2ba30d9bca9a1:0x345825da558d46c8!8m2!3d34.0184542!4d-118.4097831!16s%2Fg%2F1tg9nd9j!19sChIJoam82TC6woARyEaNVdolWDQ?authuser=0&hl=en&g_ep=EgoyMDI2MDkwNi4wIJJjKgBIAVAD&rclk=1"
"The Jacobson Law Firm, LLP",law office,Los Angeles,CA,+1 310-277-2266,,,21,"https://www.google.com/maps/place/The+Jacobson+Law+Firm,+LLP/data=!4m7!3m6!1s0x80c2bb60f0284455:0x45ca072dca24d49d!8m2!3d34.0204241!4d-118.4046741!16s%2Fg%2F11g1mmm0cd!19sChIJVUQo8GC7woARndQkyi0HykU?authuser=0&hl=en&g_ep=EgoyMDI2MDkwNi4wIJJjKgBIAVAD&rclk=1"
The Werner Law Firm - Living Trust and Probate Lawyers,law office,Los Angeles,CA,+1 213-340-1233,https://wernerlawca.com/locations/los-angeles-ca-office/,info@wernerlawca.com,288,https://www.google.com/maps/place/The+Werner+Law+Firm+-+Living+Trust+and+Probate+Lawyers/data=!4m7!3m6!1s0x80c2c7b3b400f445:0xf5a5eb8bd70b545e!8m2!3d34.0311479!4d-118.4202358!16s%2Fg%2F11csb0k99l!19sChIJRfQAtLPHwoARXlQL14vrpfU?authuser=0&hl=en&g_ep=EgoyMDI2MDkwNi4wIJJjKgBIAVAD&rclk=1
Ford & Wallach,law office,Los Angeles,CA,+1 213-380-3140,https://fordwallach.com/,info@fordwallach.com,56,https://www.google.com/maps/place/Ford+%26+Wallach/data=!4m7!3m6!1s0x80c2b88371feb5e1:0xcef6d0949f11ed56!8m2!3d34.024262!4d-118.407327!16s%2Fg%2F1tdqnxvh!19sChIJ4bX-cYO4woARVu0Rn5TQ9s4?authuser=0&hl=en&g_ep=EgoyMDI2MDkwNi4wIJJjKgBIAVAD&rclk=1
Primo Law - Injury & Lemon Law Firm,law office,Los Angeles,CA,+1 310-622-9000,http://www.primolaw.com/,info@primolaw.com,71,https://www.google.com/maps/place/Primo+Law+-+Injury+%26+Lemon+Law+Firm/data=!4m7!3m6!1s0x80c2bbecf05f6fe3:0xcf9f5413ca03910!8m2!3d34.037588!4d-118.4411972!16s%2Fg%2F11mrl3msqz!19sChIJ429f8Oy7woAREDmgPEH1-Qw?authuser=0&hl=en&g_ep=EgoyMDI2MDkwNi4wIJJjKgBIAVAD&rclk=1
"Wynn Law Group, APC | America's Lemon Lawyer",law office,Los Angeles,CA,+1 877-536-6620,https://americaslemonlawyer.com/,intake@americaslemonlawyer.com,71,"https://www.google.com/maps/place/Wynn+Law+Group,+APC+%7C+America%27s+Lemon+Lawyer/data=!4m7!3m6!1s0x80c2bb4e92b53e4b:0x586477106f4a6bfe!8m2!3d34.0590142!4d-118.441695!16s%2Fg%2F11zj0_wlft!19sChIJSz61kk67woAR_mtKbxB3ZFg?authuser=0&hl=en&g_ep=EgoyMDI2MDkwNi4wIJJjKgBIAVAD&rclk=1"
Checkmate Law,law office,Los Angeles,CA,+1 213-751-5555,https://checkmatelawgroup.com/,contact@checkmatelawgroup.com,56,https://www.google.com/maps/place/Checkmate+Law/data=!4m7!3m6!1s0x80c2bb7e76aefb05:0xbdc6b9b1b1ec4a26!8m2!3d34.0544258!4d-118.4017004!16s%2Fg%2F11ypxg0ddn!19sChIJBfuudn67woARJkrssbG5xr0?authuser=0&hl=en&g_ep=EgoyMDI2MDkwNi4wIJJjKgBIAVAD&rclk=1
Evict Boss | Eviction Lawyer,law office,Los Angeles,CA,+1 310-943-0073,https://evictboss.com/,info@evictboss.com,161,https://www.google.com/maps/place/Evict+Boss+%7C+Eviction+Lawyer/data=!4m7!3m6!1s0x80c2b94e8f75e8f1:0x5a8ce40c7e3b3afc!8m2!3d34.0340701!4d-118.3766188!16s%2Fg%2F11jps21596!19sChIJ8eh1j065woAR_Do7fgzkjFo?authuser=0&hl=en&g_ep=EgoyMDI2MDkwNi4wIJJjKgBIAVAD&rclk=1
Burstein Law Firm,law office,Los Angeles,CA,+1 310-391-1311,http://www.bursteinlaw.net/,,,https://www.google.com/maps/place/Burstein+Law+Firm/data=!4m7!3m6!1s0x80c2ba41bc2b83f1:0x50105573a896006!8m2!3d34.0244588!4d-118.4073265!16s%2Fg%2F1tdw89y2!19sChIJ8YMrvEG6woARBmCJOlcFAQU?authuser=0&hl=en&g_ep=EgoyMDI2MDkwNi4wIJJjKgBIAVAD&rclk=1
"Keystone Law Group, P.C.",law office,Los Angeles,CA,+1 424-408-1936,https://keystone-law.com/,,372,"https://www.google.com/maps/place/Keystone+Law+Group,+P.C./data=!4m7!3m6!1s0x80c2bb675031ac27:0xfb9f3622775787de!8m2!3d34.0378121!4d-118.4412299!16s%2Fg%2F1tgzbm9m!19sChIJJ6wxUGe7woAR3odXdyI2n_s?authuser=0&hl=en&g_ep=EgoyMDI2MDkwNi4wIJJjKgBIAVAD&rclk=1"
Law Offices of Robert Hakim,law office,Los Angeles,CA,+1 310-866-2425,https://www.latrafficattorneys.net/,info@latrafficattorneys.net,229,https://www.google.com/maps/place/Law+Offices+of+Robert+Hakim/data=!4m7!3m6!1s0x80c2ba34cc7ec07b:0x8c7676eeae5c41!8m2!3d34.0415023!4d-118.4294811!16s%2Fg%2F1tfjqzgy!19sChIJe8B-zDS6woARQVyu7nZ2jAA?authuser=0&hl=en&g_ep=EgoyMDI2MDkwNi4wIJJjKgBIAVAD&rclk=1
Law Office Of DYS Law Group,law office,Los Angeles,CA,+1 310-473-2355,https://dyslawgroup.com/,,,https://www.google.com/maps/place/Law+Office+Of+DYS+Law+Group/data=!4m7!3m6!1s0x80c2ba4cf421f047:0x10ec95d82eda2c37!8m2!3d34.0205136!4d-118.4242055!16s%2Fg%2F11b6jh5c3d!19sChIJR_Ah9Ey6woARNyzaLtiV7BA?authuser=0&hl=en&g_ep=EgoyMDI2MDkwNi4wIJJjKgBIAVAD&rclk=1
Legacy One Law Firm,law office,Los Angeles,CA,+1 323-405-7017,https://legacyonelaw.com/?utm_source=gbp&utm_medium=organic&utm_campaign=gbp-listing&utm_content=los-angeles-1,info@legacyonelaw.com,127,https://www.google.com/maps/place/Legacy+One+Law+Firm/data=!4m7!3m6!1s0x80c2bb2959ff46b5:0x2919a90679e33d34!8m2!3d34.0621553!4d-118.4158259!16s%2Fg%2F11k5fj3h1w!19sChIJtUb_WSm7woARND3jeQapGSk?authuser=0&hl=en&g_ep=EgoyMDI2MDkwNi4wIJJjKgBIAVAD&rclk=1
"Land Legal Group, APC",law office,Los Angeles,CA,+1 310-552-3500,https://landlegalgroup.com/?utm_source=GMBLosAngeles&utm_medium=organic&utm_campaign=GoogleMyBusiness,,186,"https://www.google.com/maps/place/Land+Legal+Group,+APC/data=!4m7!3m6!1s0x80c2bbf3a6ee58eb:0x6e0b517436cb62a4!8m2!3d34.0602018!4d-118.4168171!16s%2Fg%2F12llb84kq!19sChIJ61jupvO7woARpGLLNnRRC24?authuser=0&hl=en&g_ep=EgoyMDI2MDkwNi4wIJJjKgBIAVAD&rclk=1"
Rezvani Law Firm - Accident Duo,law office,Los Angeles,CA,+1 310-694-9500,http://rezvanilawfirm.com/,,125,https://www.google.com/maps/place/Rezvani+Law+Firm+-+Accident+Duo/data=!4m7!3m6!1s0x80c2bbc94a391a7b:0x10df31ef38cf6e51!8m2!3d34.0621005!4d-118.3581639!16s%2Fg%2F11rvjmnvfz!19sChIJexo5Ssm7woARUW7POO8x3xA?authuser=0&hl=en&g_ep=EgoyMDI2MDkwNi4wIJJjKgBIAVAD&rclk=1
"Meta Law Group, APC",law office,Los Angeles,CA,+1 310-563-7002,https://metalawgrp.com/,info@metalawgrp.com,107,"https://www.google.com/maps/place/Meta+Law+Group,+APC/data=!4m7!3m6!1s0x80c2bb56953eb8b7:0xba8a0c23b5dc81a7!8m2!3d34.0621431!4d-118.4157814!16s%2Fg%2F11tcv9km44!19sChIJt7g-lVa7woARp4HctSMMiro?authuser=0&hl=en&g_ep=EgoyMDI2MDkwNi4wIJJjKgBIAVAD&rclk=1"
Sternberg Law Group,law office,Los Angeles,CA,+1 310-878-0724,http://www.sternberglawgroup.com/?utm_campaign=gmb,info@sternberglawgroup.com,320,https://www.google.com/maps/place/Sternberg+Law+Group/data=!4m7!3m6!1s0x80c2bbf844b51317:0xc2b9baee6fcfab39!8m2!3d34.0602018!4d-118.4168171!16s%2Fg%2F11c3k4_h00!19sChIJFxO1RPi7woAROavPb-66ucI?authuser=0&hl=en&g_ep=EgoyMDI2MDkwNi4wIJJjKgBIAVAD&rclk=1
Setyan Law - Los Angeles Employment Lawyer,law office,Los Angeles,CA,+1 213-618-3655,https://setyanlaw.com/,s.setyan@setyanlaw.com,61,https://www.google.com/maps/place/Setyan+Law+-+Los+Angeles+Employment+Lawyer/data=!4m7!3m6!1s0x80c2bbd8620adb35:0xfae9bceb1e406370!8m2!3d34.0586446!4d-118.4130375!16s%2Fg%2F11kjm8rpm2!19sChIJNdsKYti7woARcGNAHuu86fo?authuser=0&hl=en&g_ep=EgoyMDI2MDkwNi4wIJJjKgBIAVAD&rclk=1
"Solve & Win, PC",corporate law firm,Los Angeles,CA,+1 310-478-6251,http://solveandwin.com/,suzanne@solveandwin.com,50,"https://www.google.com/maps/place/Solve+%26+Win,+PC/data=!4m7!3m6!1s0x80c2bba77c72ef29:0x407247d00e9b29c5!8m2!3d34.032149!4d-118.4393278!16s%2Fg%2F11g8v5l3km!19sChIJKe9yfKe7woARxSmbDtBHckA?authuser=0&hl=en&g_ep=EgoyMDI2MDkwNi4wIJJjKgBIAVAD&rclk=1"
Corporate & Business Law Attorney Los Angeles,corporate law firm,Los Angeles,CA,+1 213-493-2211,https://omnilawpc.com/california/los-angeles/business-transactions/,info@omnilawpc.com,16,https://www.google.com/maps/place/Corporate+%26+Business+Law+Attorney+Los+Angeles/data=!4m7!3m6!1s0x80c2b11a54dd0837:0x9be993d43aae57c6!8m2!3d33.9789015!4d-118.3936358!16s%2Fg%2F11vdm_gn05!19sChIJNwjdVBqxwoARxleuOtST6Zs?authuser=0&hl=en&g_ep=EgoyMDI2MDkwNi4wIJJjKgBIAVAD&rclk=1
"Seven Law Group, APC | Lemon Law Attorney",corporate law firm,Los Angeles,CA,+1 213-786-2875,https://sevenlaw.com/?utm_campaign=gmb,info@sevenlaw.com,462,"https://www.google.com/maps/place/Seven+Law+Group,+APC+%7C+Lemon+Law+Attorney/data=!4m7!3m6!1s0x80c2bb5eb9ea030f:0xc6f7853a4eb1fab6!8m2!3d34.0580482!4d-118.4450418!16s%2Fg%2F11sf582yg6!19sChIJDwPquV67woARtvqxTjqF98Y?authuser=0&hl=en&g_ep=EgoyMDI2MDkwNi4wIJJjKgBIAVAD&rclk=1"
Almeida Law Group LLC,corporate law firm,Los Angeles,CA,+1 916-235-3616,https://www.almeidalawgroup.com/?utm_source=google&utm_medium=organic&utm_campaign=gbp,,11,https://www.google.com/maps/place/Almeida+Law+Group+LLC/data=!4m7!3m6!1s0x80dd31da44831a6f:0xa73845067d73f17f!8m2!3d34.0205006!4d-118.4241221!16s%2Fg%2F11mlz_87yn!19sChIJbxqDRNox3YARf_FzfQZFOKc?authuser=0&hl=en&g_ep=EgoyMDI2MDkwNi4wIJJjKgBIAVAD&rclk=1
"Structure Law Group, LLP",corporate law firm,Los Angeles,CA,+1 310-818-7500,https://www.structurelaw.com/,ajackson@structurelaw.com,21,"https://www.google.com/maps/place/Structure+Law+Group,+LLP/data=!4m7!3m6!1s0x80c2bb34a9742adf:0x91883fc940f5e86f!8m2!3d34.0621579!4d-118.4158269!16s%2Fg%2F11j43js4tp!19sChIJ3yp0qTS7woARb-j1QMk_iJE?authuser=0&hl=en&g_ep=EgoyMDI2MDkwNi4wIJJjKgBIAVAD&rclk=1"
Weitz & Luxenberg Los Angeles,corporate law firm,Los Angeles,CA,+1 917-529-9377,https://www.weitzlux.com/locations/los-angeles-ca/,,67,https://www.google.com/maps/place/Weitz+%26+Luxenberg+Los+Angeles/data=!4m7!3m6!1s0x80c2bbf48fdfeaa3:0x94b54c65bb575183!8m2!3d34.0617751!4d-118.4144244!16s%2Fg%2F1tmqm17l!19sChIJo-rfj_S7woARg1FXu2VMtZQ?authuser=0&hl=en&g_ep=EgoyMDI2MDkwNi4wIJJjKgBIAVAD&rclk=1
Omni Law P.C.,corporate law firm,Los Angeles,CA,+1 323-300-4184,https://omnilawpc.com/california/los-angeles/,info@omnilawpc.com,35,https://www.google.com/maps/place/Omni+Law+P.C./data=!4m7!3m6!1s0x80c2b7c2494ad9fd:0xf60c55b91c8c5b63!8m2!3d33.9768925!4d-118.391686!16s%2Fg%2F11sjf_gfqg!19sChIJ_dlKScK3woARY1uMHLlVDPY?authuser=0&hl=en&g_ep=EgoyMDI2MDkwNi4wIJJjKgBIAVAD&rclk=1
"Mehdian Law, A Professional Corporation",corporate law firm,Los Angeles,CA,+1 310-889-0706,http://www.mehdianlaw.com/,,40,"https://www.google.com/maps/place/Mehdian+Law,+A+Professional+Corporation/data=!4m7!3m6!1s0x80c2bb8cbd239a41:0x502ff20078f49e21!8m2!3d34.0595864!4d-118.4177997!16s%2Fg%2F11btt677dl!19sChIJQZojvYy7woARIZ70eADyL1A?authuser=0&hl=en&g_ep=EgoyMDI2MDkwNi4wIJJjKgBIAVAD&rclk=1"
The Lovell Firm,corporate law firm,Los Angeles,CA,+1 310-275-2100,https://www.lovellfirm.com/,,24,https://www.google.com/maps/place/The+Lovell+Firm/data=!4m7!3m6!1s0x80c2bbf49de1c9a1:0xe3e219fbf82d9704!8m2!3d34.0617751!4d-118.4144244!16s%2Fg%2F1thy01r1!19sChIJocnhnfS7woARBJct-PsZ4uM?authuser=0&hl=en&g_ep=EgoyMDI2MDkwNi4wIJJjKgBIAVAD&rclk=1
Omni Legal Group,corporate law firm,Los Angeles,CA,+1 310-860-2000,https://www.omnilegalgroup.com/,info@omnilegalgroup.com,185,https://www.google.com/maps/place/Omni+Legal+Group/data=!4m7!3m6!1s0x80c2bb7fcfc6b58b:0xc2db85c1fa4da6a9!8m2!3d34.0594196!4d-118.413846!16s%2Fg%2F1tnjjv91!19sChIJi7XGz3-7woARqaZN-sGF28I?authuser=0&hl=en&g_ep=EgoyMDI2MDkwNi4wIJJjKgBIAVAD&rclk=1
"Carbon Law Group, APLC",corporate law firm,Los Angeles,CA,+1 323-543-4453,http://www.carbonlg.com/,%20legal@carbonlg.com,134,"https://www.google.com/maps/place/Carbon+Law+Group,+APLC/data=!4m7!3m6!1s0x80c2b8e066cc6c87:0x3c010f7b46f8750f!8m2!3d34.0481642!4d-118.2585713!16s%2Fg%2F124swgh_r!19sChIJh2zMZuC4woARD3X4RnsPATw?authuser=0&hl=en&g_ep=EgoyMDI2MDkwNi4wIJJjKgBIAVAD&rclk=1"
"YLG Counsel® (Yevras Law Group, P.C.)",corporate law firm,Los Angeles,CA,+1 424-270-0064,http://www.yevraslaw.com/,info@ylgcounsel.com,33,"https://www.google.com/maps/place/YLG+Counsel%C2%AE+%28Yevras+Law+Group,+P.C.%29/data=!4m7!3m6!1s0x80c2bb0adaa68ae3:0x73b3a089b0a30d87!8m2!3d34.0439627!4d-118.4683757!16s%2Fg%2F11bbrnfw4c!19sChIJ44qm2gq7woARhw2jsImgs3M?authuser=0&hl=en&g_ep=EgoyMDI2MDkwNi4wIJJjKgBIAVAD&rclk=1"
Lemon Law Help - California Lemon Law Lawyer,corporate law firm,Los Angeles,CA,+1 833-208-8181,https://lemonlawhelp.com/?utm_source=google&utm_medium=organic&utm_campaign=gbp-losangeles,info@knightlaw.com,198,https://www.google.com/maps/place/Lemon+Law+Help+-+California+Lemon+Law+Lawyer/data=!4m7!3m6!1s0x80c2bbf4c9bca9e1:0xdae2a45be19c12ec!8m2!3d34.0572708!4d-118.4174759!16s%2Fg%2F11b76c1zg9!19sChIJ4am8yfS7woAR7BKc4Vuk4to?authuser=0&hl=en&g_ep=EgoyMDI2MDkwNi4wIJJjKgBIAVAD&rclk=1
"The Capital Law Firm, P.C.",corporate law firm,Los Angeles,CA,+1 310-269-0692,https://capfirm.com/,,417,"https://www.google.com/maps/place/The+Capital+Law+Firm,+P.C./data=!4m7!3m6!1s0x80c2bb79fdd4be91:0xb605e5d0815410cb!8m2!3d34.0634823!4d-118.3690536!16s%2Fg%2F11c533w9x1!19sChIJkb7U_Xm7woARyxBUgdDlBbY?authuser=0&hl=en&g_ep=EgoyMDI2MDkwNi4wIJJjKgBIAVAD&rclk=1"
California Consumer Attorneys P.C. - The Lemon Firm,corporate law firm,Los Angeles,CA,+1 310-340-7419,https://thelemonfirm.com/?utm_source=GMB&utm_medium=Organic&utm_campaign=local&utm_content=los-angeles,info@thelemonfirm.com,191,https://www.google.com/maps/place/California+Consumer+Attorneys+P.C.+-+The+Lemon+Firm/data=!4m7!3m6!1s0x80c2bb492d47289b:0xff4e4bfec45d1fa3!8m2!3d34.0588515!4d-118.4421308!16s%2Fg%2F11h5ky6s5f!19sChIJmyhHLUm7woARox9dxP5LTv8?authuser=0&hl=en&g_ep=EgoyMDI2MDkwNi4wIJJjKgBIAVAD&rclk=1
American Lemon Law Group,corporate law firm,Los Angeles,CA,+1 877-565-5709,http://www.refundyourlemon.com/?utm_campaign=gmb,,173,https://www.google.com/maps/place/American+Lemon+Law+Group/data=!4m7!3m6!1s0x80c2c732ce1f9b23:0x2423bdb722929d12!8m2!3d34.0633034!4d-118.3659312!16s%2Fg%2F11sclq1mjl!19sChIJI5sfzjLHwoAREp2SIre9IyQ?authuser=0&hl=en&g_ep=EgoyMDI2MDkwNi4wIJJjKgBIAVAD&rclk=1
California business Lawyer & Corporate Lawyer,corporate law firm,Los Angeles,CA,+1 213-277-7400,https://california-business-lawyer-corporate-lawyer.com/,,,https://www.google.com/maps/place/California+business+Lawyer+%26+Corporate+Lawyer/data=!4m7!3m6!1s0x80c2c7a1123ad28d:0xea62e237727e45c9!8m2!3d34.0530508!4d-118.2523882!16s%2Fg%2F11rkc5bv45!19sChIJjdI6EqHHwoARyUV-cjfiYuo?authuser=0&hl=en&g_ep=EgoyMDI2MDkwNi4wIJJjKgBIAVAD&rclk=1
"EJP Law, P.C. | Business Lawyer",business lawyer,Los Angeles,CA,+1 424-421-5114,https://ejplawoffice.com/,eric@ejplawoffice.com,14,"https://www.google.com/maps/place/EJP+Law,+P.C.+%7C+Business+Lawyer/data=!4m7!3m6!1s0x80c2b9869bdb1d35:0xc14a84b542d4c1e0!8m2!3d34.0673852!4d-118.3916938!16s%2Fg%2F11td35cjq8!19sChIJNR3bm4a5woAR4MHUQrWESsE?authuser=0&hl=en&g_ep=EgoyMDI2MDkwNi4wIJJjKgBIAVAD&rclk=1"
Simantob Law Group,business lawyer,Los Angeles,CA,+1 310-281-0041,http://business-attorney.com/,info@business-attorney.com,57,https://www.google.com/maps/place/Simantob+Law+Group/data=!4m7!3m6!1s0x80c2bbe79b222e3b:0x15b8e694e6ae6966!8m2!3d34.0623581!4d-118.3986472!16s%2Fg%2F11lgznm3yt!19sChIJOy4im-e7woARZmmu5pTmuBU?authuser=0&hl=en&g_ep=EgoyMDI2MDkwNi4wIJJjKgBIAVAD&rclk=1
"Cohen Business Law Group, apc - Los Angeles Office",business lawyer,Los Angeles,CA,+1 310-469-9600,https://www.cohenblg.com/,tad@cohenblg.com,,"https://www.google.com/maps/place/Cohen+Business+Law+Group,+apc+-+Los+Angeles+Office/data=!4m7!3m6!1s0x80c2b404db18bf81:0xf833fc3c4446ba0a!8m2!3d34.0575171!4d-118.4471132!16s%2Fg%2F12jsftllx!19sChIJgb8Y2wS0woARCrpGRDz8M_g?authuser=0&hl=en&g_ep=EgoyMDI2MDkwNi4wIJJjKgBIAVAD&rclk=1"
"Westview Law, PC",business lawyer,Los Angeles,CA,+1 310-906-4862,https://www.westviewlawpc.com/,info@westviewlawpc.com,49,"https://www.google.com/maps/place/Westview+Law,+PC/data=!4m7!3m6!1s0x80c2bb602e9c5b79:0x82c95116f3e09aaf!8m2!3d34.0619297!4d-118.414135!16s%2Fg%2F11ymrdtyd3!19sChIJeVucLmC7woARr5rg8xZRyYI?authuser=0&hl=en&g_ep=EgoyMDI2MDkwNi4wIJJjKgBIAVAD&rclk=1"
"Oak Law Group, APC",business lawyer,Los Angeles,CA,+1 310-598-5054,https://oaklawgroup.com/,oren@oaklawgroup.com,28,"https://www.google.com/maps/place/Oak+Law+Group,+APC/data=!4m7!3m6!1s0xadde238a9ea6d75b:0x6d4531584fb8c34!8m2!3d34.0590142!4d-118.441695!16s%2Fg%2F11xz4zn0z7!19sChIJW9emnooj3q0RNIz7hBVT1AY?authuser=0&hl=en&g_ep=EgoyMDI2MDkwNi4wIJJjKgBIAVAD&rclk=1"
Alex Nahai Law,business lawyer,Los Angeles,CA,+1 310-697-8797,https://www.alexnahailaw.com/,,23,https://www.google.com/maps/place/Alex+Nahai+Law/data=!4m7!3m6!1s0x80c2bb0d863cee35:0xadc2f44f0fde5fce!8m2!3d34.0609763!4d-118.4148918!16s%2Fg%2F11ty71jtzd!19sChIJNe48hg27woARzl_eD0_0wq0?authuser=0&hl=en&g_ep=EgoyMDI2MDkwNi4wIJJjKgBIAVAD&rclk=1
"Law Advocate Group, LLP",business lawyer,Los Angeles,CA,+1 310-651-3065,https://lawadvocategroup.com/,doroneghbali@lawadvocategroup.com,19,"https://www.google.com/maps/place/Law+Advocate+Group,+LLP/data=!4m7!3m6!1s0x80c2bbf7c42bc33f:0x684b4ec2216e4f34!8m2!3d34.0673686!4d-118.4066133!16s%2Fg%2F1t_tkkfr!19sChIJP8MrxPe7woARNE9uIcJOS2g?authuser=0&hl=en&g_ep=EgoyMDI2MDkwNi4wIJJjKgBIAVAD&rclk=1"
MLG Law Group,business lawyer,Los Angeles,CA,+1 310-598-6212,http://www.mlglawgroup.com/,alex@mlglawgroup.com,61,https://www.google.com/maps/place/MLG+Law+Group/data=!4m7!3m6!1s0x80c2b95b1d1aaaab:0x61ae0f733d6c02aa!8m2!3d34.0610861!4d-118.3833104!16s%2Fg%2F11rghptr45!19sChIJq6oaHVu5woARqgJsPXMPrmE?authuser=0&hl=en&g_ep=EgoyMDI2MDkwNi4wIJJjKgBIAVAD&rclk=1
SAW LAW,business lawyer,Los Angeles,CA,+1 310-765-2009,https://www.sawlawgroup.com/,,78,https://www.google.com/maps/place/SAW+LAW/data=!4m7!3m6!1s0x80c2c79410710325:0x5375dae77e4f4b89!8m2!3d34.0504552!4d-118.2584639!16s%2Fg%2F11qg3h2m1n!19sChIJJQNxEJTHwoARiUtPfufadVM?authuser=0&hl=en&g_ep=EgoyMDI2MDkwNi4wIJJjKgBIAVAD&rclk=1
Tabibnia Law Firm,attorney at law,Los Angeles,CA,+1 866-713-2159,https://tabibnialaw.com/?utm_source=google&utm_medium=gmb&utm_campaign=gmb-sm,cyrus@tabibnialaw.com,60,https://www.google.com/maps/place/Tabibnia+Law+Firm/data=!4m7!3m6!1s0x80c297065cca7203:0xe20c77dcfccf1eb0!8m2!3d34.0361814!4d-118.4427184!16s%2Fg%2F11bt_hlk9b!19sChIJA3LKXAaXwoARsB7P_Nx3DOI?authuser=0&hl=en&g_ep=EgoyMDI2MDkwNi4wIJJjKgBIAVAD&rclk=1
Lemon Law Now - Los Angeles Lemon Law Lawyer,attorney at law,Los Angeles,CA,+1 310-295-1888,https://lemonlawnow.com/?utm_source=GMB&utm_medium=organic&utm_campaign=Google%20My%20Business,,59,https://www.google.com/maps/place/Lemon+Law+Now+-+Los+Angeles+Lemon+Law+Lawyer/data=!4m7!3m6!1s0x80c2b9462341ef11:0xe46aadb08b53f82f!8m2!3d34.0839517!4d-118.3825343!16s%2Fg%2F11fzf315k8!19sChIJEe9BI0a5woARL_hTi7CtauQ?authuser=0&hl=en&g_ep=EgoyMDI2MDkwNi4wIJJjKgBIAVAD&rclk=1
VIP Lemon Lawyers,attorney at law,Los Angeles,CA,+1 213-822-8968,https://viplemonlawyers.com/?utm_campaign=gmb,,14,https://www.google.com/maps/place/VIP+Lemon+Lawyers/data=!4m7!3m6!1s0x80c2bb2ead43d1a3:0xfb9d0efc4c4eab81!8m2!3d34.0608661!4d-118.4148284!16s%2Fg%2F11zfqfmnzn!19sChIJo9FDrS67woARgatOTPwOnfs?authuser=0&hl=en&g_ep=EgoyMDI2MDkwNi4wIJJjKgBIAVAD&rclk=1
DUI Attorney Los Angeles,attorney at law,Los Angeles,CA,+1 888-579-9996,https://dui-attorney-la.com/,info@dui-attorney-la.com,296,https://www.google.com/maps/place/DUI+Attorney+Los+Angeles/data=!4m7!3m6!1s0x80c2b969648489c7:0xf62234433b34d529!8m2!3d34.0521516!4d-118.3758089!16s%2Fg%2F1hc21v3l3!19sChIJx4mEZGm5woARKdU0O0M0IvY?authuser=0&hl=en&g_ep=EgoyMDI2MDkwNi4wIJJjKgBIAVAD&rclk=1
United Law,attorney at law,Los Angeles,CA,+1 213-900-2618,http://unitedlaw.com/,info@unitedlaw.com,144,https://www.google.com/maps/place/United+Law/data=!4m7!3m6!1s0x80c2b967f7f31967:0xcad8bfd17ddea206!8m2!3d34.0624674!4d-118.3382065!16s%2Fg%2F11sht1l959!19sChIJZxnz92e5woARBqLefdG_2Mo?authuser=0&hl=en&g_ep=EgoyMDI2MDkwNi4wIJJjKgBIAVAD&rclk=1
"Sunset West Legal Group, PC",attorney at law,Los Angeles,CA,+1 310-282-8888,https://www.sunsetwestlg.com/?utm_source=google&utm_medium=organic&utm_campaign=gbp_profile_main,josh@sunsetwestlg.com,227,"https://www.google.com/maps/place/Sunset+West+Legal+Group,+PC/data=!4m7!3m6!1s0x80c2bbf360772a1f:0x10c811fa3d598c33!8m2!3d34.0588026!4d-118.4430451!16s%2Fg%2F11c594grt5!19sChIJHyp3YPO7woARM4xZPfoRyBA?authuser=0&hl=en&g_ep=EgoyMDI2MDkwNi4wIJJjKgBIAVAD&rclk=1"
Los Angeles Criminal Attorney,attorney at law,Los Angeles,CA,+1 424-333-0943,https://www.losangeles-criminalattorneys.com/,,108,https://www.google.com/maps/place/Los+Angeles+Criminal+Attorney/data=!4m7!3m6!1s0x80c2b8c81b4e3a89:0xcdf85e85e5f9ab60!8m2!3d34.079478!4d-118.323231!16s%2Fg%2F11bw7bvpt0!19sChIJiTpOG8i4woARYKv55YVe-M0?authuser=0&hl=en&g_ep=EgoyMDI2MDkwNi4wIJJjKgBIAVAD&rclk=1
"The Ruttenberg Law Firm, PC",commercial litigation law firm,Los Angeles,CA,+1 310-979-7080,https://www.laharassmentfirm.com/?utm_source=google&utm_medium=organic&utm_campaign=gbp,,66,"https://www.google.com/maps/place/The+Ruttenberg+Law+Firm,+PC/data=!4m7!3m6!1s0x80c2bb5cb8ddfc7b:0x572e71f716361707!8m2!3d34.0595477!4d-118.4176505!16s%2Fg%2F1tj580w8!19sChIJe_zduFy7woARBxc2FvdxLlc?authuser=0&hl=en&g_ep=EgoyMDI2MDkwNi4wIJJjKgBIAVAD&rclk=1"
The Law Offices of Robert B. Sarvian APC,commercial litigation law firm,Los Angeles,CA,+1 213-385-6323,http://sarvianlaw.com/,rbsarvian@sarvianlaw.com,307,https://www.google.com/maps/place/The+Law+Offices+of+Robert+B.+Sarvian+APC/data=!4m7!3m6!1s0x80c2c77bfae532e7:0x17f17bfc4f449317!8m2!3d34.061074!4d-118.293271!16s%2Fg%2F1vg_d3sj!19sChIJ5zLl-nvHwoARF5NET_x78Rc?authuser=0&hl=en&g_ep=EgoyMDI2MDkwNi4wIJJjKgBIAVAD&rclk=1
Stalwart Law Group,commercial litigation law firm,Los Angeles,CA,+1 310-954-2000,http://stalwartlaw.com/,info@stalwartlaw.com,144,https://www.google.com/maps/place/Stalwart+Law+Group/data=!4m7!3m6!1s0x80c2bb66cd5a3efd:0xfedaef4bd9536b9c!8m2!3d34.0465294!4d-118.4443917!16s%2Fg%2F11crv7rxnb!19sChIJ_T5azWa7woARnGtT2Uvv2v4?authuser=0&hl=en&g_ep=EgoyMDI2MDkwNi4wIJJjKgBIAVAD&rclk=1
"The Kaufman Law Firm, APC",commercial litigation law firm,Los Angeles,CA,+1 213-239-9400,http://www.lawkaufman.com/,,23,"https://www.google.com/maps/place/The+Kaufman+Law+Firm,+APC/data=!4m7!3m6!1s0x80c2bb8cae31ed9d:0xbad53ede9c644ea9!8m2!3d34.0424257!4d-118.4301231!16s%2Fg%2F1tpps6yd!19sChIJne0xroy7woARqU5knN4-1bo?authuser=0&hl=en&g_ep=EgoyMDI2MDkwNi4wIJJjKgBIAVAD&rclk=1"
MSD Lawyers,commercial litigation law firm,Los Angeles,CA,+1 213-628-3856,https://msdlawyers.com/,ruchika@msdlawyers.com,134,https://www.google.com/maps/place/MSD+Lawyers/data=!4m7!3m6!1s0x80c2c79fc6a9113b:0xa7dc31de8783b34a!8m2!3d34.0508972!4d-118.2572534!16s%2Fg%2F11j9mr82w3!19sChIJOxGpxp_HwoARSrODh94x3Kc?authuser=0&hl=en&g_ep=EgoyMDI2MDkwNi4wIJJjKgBIAVAD&rclk=1
Los Angeles Civil Litigation Attorneys,commercial litigation law firm,Los Angeles,CA,+1 213-232-7330,https://www.losangelescivillitigationattorneys.com/,,,https://www.google.com/maps/place/Los+Angeles+Civil+Litigation+Attorneys/data=!4m7!3m6!1s0x80c2c7a9e8c3077b:0xbdc16fa983537532!8m2!3d34.0522789!4d-118.2527006!16s%2Fg%2F11zfntdclj!19sChIJewfD6KnHwoARMnVTg6lvwb0?authuser=0&hl=en&g_ep=EgoyMDI2MDkwNi4wIJJjKgBIAVAD&rclk=1
"McMurray Henriks, LLP",commercial litigation law firm,Los Angeles,CA,+1 323-931-6200,https://www.mcmurrayhenriks.com/?npcmp=dir:local:3963237:90017,,32,"https://www.google.com/maps/place/McMurray+Henriks,+LLP/data=!4m7!3m6!1s0x80c2b92203c5e7b5:0x75faf7cc9f14a87f!8m2!3d34.0497842!4d-118.2582317!16s%2Fg%2F11b6hryymz!19sChIJtefFAyK5woARf6gUn8z3-nU?authuser=0&hl=en&g_ep=EgoyMDI2MDkwNi4wIJJjKgBIAVAD&rclk=1"
"Schorr Law, APC",commercial litigation law firm,Los Angeles,CA,+1 310-954-1877,https://schorr-law.com/,info@schorr-law.com,10,"https://www.google.com/maps/place/Schorr+Law,+APC/data=!4m7!3m6!1s0x80c2bb5cb8ddfc7b:0xc90f4f5889774231!8m2!3d34.059619!4d-118.417761!16s%2Fg%2F1tgwsjfc!19sChIJe_zduFy7woARMUJ3iVhPD8k?authuser=0&hl=en&g_ep=EgoyMDI2MDkwNi4wIJJjKgBIAVAD&rclk=1"
The Mirkhan Law Firm,commercial litigation law firm,Los Angeles,CA,+1 310-504-1884,https://www.losangelesbusinesslitigationfirm.com/,,29,https://www.google.com/maps/place/The+Mirkhan+Law+Firm/data=!4m7!3m6!1s0x80c2bbf4c908d291:0x418ec31ca8ceee1b!8m2!3d34.0621526!4d-118.4157169!16s%2Fg%2F113jh1tsv!19sChIJkdIIyfS7woARG-7OqBzDjkE?authuser=0&hl=en&g_ep=EgoyMDI2MDkwNi4wIJJjKgBIAVAD&rclk=1
Underwood Law Firm,commercial litigation law firm,Los Angeles,CA,+1 213-550-5000,https://underwood.law/,info@underwood.law,49,https://www.google.com/maps/place/Underwood+Law+Firm/data=!4m7!3m6!1s0x80c2bb674e0bf641:0xd7452db275eaf312!8m2!3d33.988558!4d-118.384539!16s%2Fg%2F11l5m37s4j!19sChIJQfYLTme7woAREvPqdbItRdc?authuser=0&hl=en&g_ep=EgoyMDI2MDkwNi4wIJJjKgBIAVAD&rclk=1
"Cohen IP Law Group, P.C.",intellectual property law firm,Los Angeles,CA,+1 310-288-4500,https://patentlawip.com/?utm_campaign=GMB,,105,"https://www.google.com/maps/place/Cohen+IP+Law+Group,+P.C./data=!4m7!3m6!1s0x80c2b956b27f19b3:0xa5e458b4ea3f512a!8m2!3d34.0673942!4d-118.3884226!16s%2Fg%2F1hc2kd51s!19sChIJsxl_sla5woARKlE_6rRY5KU?authuser=0&hl=en&g_ep=EgoyMDI2MDkwNi4wIJJjKgBIAVAD&rclk=1"
"Michael Ahmadshahi, PhD, Law Offices",intellectual property law firm,Los Angeles,CA,+1 800-747-6081,https://mmaiplaw.com/los-angeles/,info@mmaiplaw.com,16,"https://www.google.com/maps/place/Michael+Ahmadshahi,+PhD,+Law+Offices/data=!4m7!3m6!1s0x80c2bb67d3165d73:0x37dce7065eea2268!8m2!3d34.0586964!4d-118.4168802!16s%2Fg%2F11gj5g5_n9!19sChIJc10W02e7woARaCLqXgbn3Dc?authuser=0&hl=en&g_ep=EgoyMDI2MDkwNi4wIJJjKgBIAVAD&rclk=1"
Omni Law Intellectual Property Attorney,intellectual property law firm,Los Angeles,CA,+1 213-261-0497,https://omnilawpc.com/california/los-angeles/intellectual-property/,info@omnilawpc.com,14,https://www.google.com/maps/place/Omni+Law+Intellectual+Property+Attorney/data=!4m7!3m6!1s0x80c2b99695025bb5:0x65806b051216ca14!8m2!3d34.0402563!4d-118.2542586!16s%2Fg%2F11vbgkb11v!19sChIJtVsClZa5woARFMoWEgVrgGU?authuser=0&hl=en&g_ep=EgoyMDI2MDkwNi4wIJJjKgBIAVAD&rclk=1
Cislo & Thomas LLP,intellectual property law firm,Los Angeles,CA,+1 310-979-9190,http://cisloandthomas.com/,admin@cislo.com,,https://www.google.com/maps/place/Cislo+%26+Thomas+LLP/data=!4m7!3m6!1s0x80c2bb5cb8d9f37f:0xf269751af91b4d07!8m2!3d34.0434942!4d-118.467617!16s%2Fg%2F1tf436qf!19sChIJf_PZuFy7woARB00b-Rp1afI?authuser=0&hl=en&g_ep=EgoyMDI2MDkwNi4wIJJjKgBIAVAD&rclk=1
HPL Intellectual Property Law,intellectual property law firm,Los Angeles,CA,+1 323-827-7169,https://www.hpl.law/,,,https://www.google.com/maps/place/HPL+Intellectual+Property+Law/data=!4m7!3m6!1s0x80c2b938bc47b271:0xff4ccb647f8218bd!8m2!3d34.0745791!4d-118.4669627!16s%2Fg%2F1tgcy9w_!19sChIJcbJHvDi5woARvRiCf2TLTP8?authuser=0&hl=en&g_ep=EgoyMDI2MDkwNi4wIJJjKgBIAVAD&rclk=1
Eichenstein Law Firm P.C.,intellectual property law firm,Los Angeles,CA,+1 310-237-5676,http://www.eichiplaw.com/,admin@eichiplaw.com,17,https://www.google.com/maps/place/Eichenstein+Law+Firm+P.C./data=!4m7!3m6!1s0x80c2b947f5051951:0x2544d8e3197c7b35!8m2!3d34.059515!4d-118.41377!16s%2Fg%2F11ngpk_r1q!19sChIJURkF9Ue5woARNXt8GePYRCU?authuser=0&hl=en&g_ep=EgoyMDI2MDkwNi4wIJJjKgBIAVAD&rclk=1
"Johnson | Dalal, The Intellectual Property Law Firm, PLLC",intellectual property law firm,Los Angeles,CA,+1 424-550-1095,https://www.patentandtrademarklaw.com/,info@patentandtrademarklaw.com,,"https://www.google.com/maps/place/Johnson+%7C+Dalal,+The+Intellectual+Property+Law+Firm,+PLLC/data=!4m7!3m6!1s0xdf4036ac62b557d:0xafd14af6f487d246!8m2!3d34.020479!4d-118.4117326!16s%2Fg%2F11zkgqm194!19sChIJfVUrxmoD9A0RRtKH9PZK0a8?authuser=0&hl=en&g_ep=EgoyMDI2MDkwNi4wIJJjKgBIAVAD&rclk=1"
L.A. Tech & Media Law Firm,intellectual property law firm,Los Angeles,CA,+1 310-751-0181,http://www.techandmedialaw.com/,info@latml.com,23,https://www.google.com/maps/place/L.A.+Tech+%26+Media+Law+Firm/data=!4m7!3m6!1s0x80c2bec95f5bff0b:0xaa896060c35fe529!8m2!3d34.0439627!4d-118.4683757!16s%2Fg%2F11rxjbwxw!19sChIJC_9bX8m-woARKeVfw2Bgiao?authuser=0&hl=en&g_ep=EgoyMDI2MDkwNi4wIJJjKgBIAVAD&rclk=1
"Trojan Law Offices, P.C.",intellectual property law firm,Los Angeles,CA,+1 310-777-8399,http://www.trojanlawoffices.com/,trojan@trojanlawoffices.com,81,"https://www.google.com/maps/place/Trojan+Law+Offices,+P.C./data=!4m7!3m6!1s0x80c2bbfe05c028f9:0xa51fdd4b75a3b89a!8m2!3d34.0666494!4d-118.3934574!16s%2Fg%2F1td6b3_2!19sChIJ-SjABf67woARmrijdUvdH6U?authuser=0&hl=en&g_ep=EgoyMDI2MDkwNi4wIJJjKgBIAVAD&rclk=1"
Select IP Law Corporation,intellectual property law firm,Los Angeles,CA,+1 310-893-2088,https://selectip.com/,,,https://www.google.com/maps/place/Select+IP+Law+Corporation/data=!4m7!3m6!1s0x80c2a4cd4bea8e01:0xbf0d8b3d62c16f5a!8m2!3d33.9825137!4d-118.4618869!16s%2Fg%2F11f5jqp310!19sChIJAY7qS82kwoARWm_BYj2LDb8?authuser=0&hl=en&g_ep=EgoyMDI2MDkwNi4wIJJjKgBIAVAD&rclk=1
"Finn IP Law, P.C.",intellectual property law firm,Los Angeles,CA,+1 310-310-7989,http://www.finniplaw.com/,jeff@finniplaw.com,,"https://www.google.com/maps/place/Finn+IP+Law,+P.C./data=!4m7!3m6!1s0x80c2bb48f9cb355d:0x6d9e330e3db3d3a3!8m2!3d34.0362094!4d-118.4426517!16s%2Fg%2F11ts3tlcjf!19sChIJXTXL-Ui7woARo9OzPQ4znm0?authuser=0&hl=en&g_ep=EgoyMDI2MDkwNi4wIJJjKgBIAVAD&rclk=1"
"Milord Law Group, PC",intellectual property law firm,Los Angeles,CA,+1 310-226-7878,https://www.milordlaw.com/?utm_source=google&utm_medium=local,info@milordlaw.com,15,"https://www.google.com/maps/place/Milord+Law+Group,+PC/data=!4m7!3m6!1s0x80c2bbf3a6ee8aad:0xf15777ffa03b1b77!8m2!3d34.0534675!4d-118.2530973!16s%2Fg%2F1tgp11rg!19sChIJrYrupvO7woARdxs7oP93V_E?authuser=0&hl=en&g_ep=EgoyMDI2MDkwNi4wIJJjKgBIAVAD&rclk=1"
NH Legal-IPLawBoutique,intellectual property law firm,Los Angeles,CA,+1 978-768-8764,https://www.nhlegal.net/,support@nhlegal.net,64,https://www.google.com/maps/place/NH+Legal-IPLawBoutique/data=!4m7!3m6!1s0x80c2bfd11f852465:0x3b1b83e3fe2d848a!8m2!3d34.062266!4d-118.2984883!16s%2Fg%2F11jmy_f37p!19sChIJZSSFH9G_woARioQt_uODGzs?authuser=0&hl=en&g_ep=EgoyMDI2MDkwNi4wIJJjKgBIAVAD&rclk=1
"Hatch Law, PC",intellectual property law firm,Los Angeles,CA,+1 310-279-5076,http://www.hatchlaw.com/,ryan@hatchlaw.com,,"https://www.google.com/maps/place/Hatch+Law,+PC/data=!4m7!3m6!1s0x80c2ba8bce3a63f3:0x7d8230dcd878b6bb!8m2!3d33.9931435!4d-118.443094!16s%2Fg%2F11c1wsxfnm!19sChIJ82M6zou6woARu7Z42Nwwgn0?authuser=0&hl=en&g_ep=EgoyMDI2MDkwNi4wIJJjKgBIAVAD&rclk=1"
Partners Law Inc.,intellectual property law firm,Los Angeles,CA,+1 310-400-6291,http://www.partnerslawgroup.com/,info@partnerslawgroup.com,33,https://www.google.com/maps/place/Partners+Law+Inc./data=!4m7!3m6!1s0x80c2bb4fedcbdc51:0xef48a9d9178a3d86!8m2!3d34.0257927!4d-118.4903325!16s%2Fg%2F11clgj2d_m!19sChIJUdzL7U-7woARhj2KF9mpSO8?authuser=0&hl=en&g_ep=EgoyMDI2MDkwNi4wIJJjKgBIAVAD&rclk=1
Command IP LLP,intellectual property law firm,Los Angeles,CA,+1 310-409-9920,https://www.commandip.com/,firm@commandip.com,,https://www.google.com/maps/place/Command+IP+LLP/data=!4m7!3m6!1s0x80c2bb612060a2af:0x6ffb5a5a3a17426a!8m2!3d34.0436009!4d-118.4677079!16s%2Fg%2F11c2j7_d9f!19sChIJr6JgIGG7woARakIXOlpa-28?authuser=0&hl=en&g_ep=EgoyMDI2MDkwNi4wIJJjKgBIAVAD&rclk=1
"Mandour & Associates, APC",intellectual property law firm,Los Angeles,CA,+1 310-656-3900,https://www.mandourlaw.com/los-angeles-trademark-attorney/,,,"https://www.google.com/maps/place/Mandour+%26+Associates,+APC/data=!4m7!3m6!1s0x80c2a4c5ae8e3275:0x9e21909d45ad8a56!8m2!3d34.0439627!4d-118.4683757!16s%2Fg%2F1vvr6gs8!19sChIJdTKOrsWkwoARVoqtRZ2QIZ4?authuser=0&hl=en&g_ep=EgoyMDI2MDkwNi4wIJJjKgBIAVAD&rclk=1"
Williams Intellectual Property,intellectual property law firm,Los Angeles,CA,+1 888-357-1068,http://ip.law/,,,https://www.google.com/maps/place/Williams+Intellectual+Property/data=!4m7!3m6!1s0x80c2bf75b17e61eb:0x76a827c08d42a90b!8m2!3d34.0580584!4d-118.4450954!16s%2Fg%2F11kj4k07lv!19sChIJ62F-sXW_woARC6lCjcAnqHY?authuser=0&hl=en&g_ep=EgoyMDI2MDkwNi4wIJJjKgBIAVAD&rclk=1
Syed Law | Trademark Attorney,intellectual property law firm,Los Angeles,CA,+1 312-618-0713,https://syedlawoffices.com/,,31,https://www.google.com/maps/place/Syed+Law+%7C+Trademark+Attorney/data=!4m7!3m6!1s0x80c2c7149f79b97f:0xc0463cd619340cfe!8m2!3d34.0491692!4d-118.2589664!16s%2Fg%2F11l72zvj05!19sChIJf7l5nxTHwoAR_gw0GdY8RsA?authuser=0&hl=en&g_ep=EgoyMDI2MDkwNi4wIJJjKgBIAVAD&rclk=1
"Metropolis IP Group, LLC",intellectual property law firm,Los Angeles,CA,+1 213-375-5883,https://metipgroup.com/,metropolis.ipgroup@gmail.com,,"https://www.google.com/maps/place/Metropolis+IP+Group,+LLC/data=!4m7!3m6!1s0x80c2c7b0acab290d:0x5b729d2e1e03d2c2!8m2!3d34.0482457!4d-118.2637328!16s%2Fg%2F11hy_xmyr9!19sChIJDSmrrLDHwoARwtIDHi6dcls?authuser=0&hl=en&g_ep=EgoyMDI2MDkwNi4wIJJjKgBIAVAD&rclk=1"
SILC - Sivochek IP Law Center,intellectual property law firm,Los Angeles,CA,+1 323-201-2701,https://www.sivochek.com/,info@sivochek.com,16,https://www.google.com/maps/place/SILC+-+Sivochek+IP+Law+Center/data=!4m7!3m6!1s0x80c297c577a72599:0xbe3b461ed0d6f0d!8m2!3d34.1511273!4d-118.4521!16s%2Fg%2F11d_79fd8k!19sChIJmSWnd8WXwoARDW8N7WG04ws?authuser=0&hl=en&g_ep=EgoyMDI2MDkwNi4wIJJjKgBIAVAD&rclk=1
Phil IP Law Inc.,intellectual property law firm,Los Angeles,CA,+1 619-929-0606,http://www.philip.law/,info@philip.law,20,https://www.google.com/maps/place/Phil+IP+Law+Inc./data=!4m7!3m6!1s0x80c2ea68065c7c13:0x797ceb94b20b476f!8m2!3d34.153387!4d-118.2546747!16s%2Fg%2F11f1w5j4mr!19sChIJE3xcBmjqwoARb0cLspTrfHk?authuser=0&hl=en&g_ep=EgoyMDI2MDkwNi4wIJJjKgBIAVAD&rclk=1
Knobbe Martens,intellectual property law firm,Los Angeles,CA,+1 310-551-3450,http://www.knobbe.com/,info@knobbe.com,,https://www.google.com/maps/place/Knobbe+Martens/data=!4m7!3m6!1s0x80c2bb8b4a225ccf:0x5cc86bb491bf1785!8m2!3d34.0604543!4d-118.4145607!16s%2Fg%2F1tm1qr0g!19sChIJz1wiSou7woARhRe_kbRryFw?authuser=0&hl=en&g_ep=EgoyMDI2MDkwNi4wIJJjKgBIAVAD&rclk=1
The Law Offices of Melissa K. Dagodag,intellectual property law firm,Los Angeles,CA,+1 310-699-8155,http://www.melissakdagodag.com/,melissa@melissakdagodag.com,81,https://www.google.com/maps/place/The+Law+Offices+of+Melissa+K.+Dagodag/data=!4m7!3m6!1s0x80c2bc080cd84361:0xb6537ba7831235eb!8m2!3d34.067579!4d-118.3955182!16s%2Fg%2F11_pr00zk!19sChIJYUPYDAi8woAR6zUSg6d7U7Y?authuser=0&hl=en&g_ep=EgoyMDI2MDkwNi4wIJJjKgBIAVAD&rclk=1
Risso I.P.,intellectual property law firm,Los Angeles,CA,+1 310-266-5663,http://www.rissolaw.com/,,23,https://www.google.com/maps/place/Risso+I.P./data=!4m7!3m6!1s0x80c2b08adf5931d7:0x9713084d8ec5a7a4!8m2!3d33.9205821!4d-118.397678!16s%2Fg%2F11g6rds5dl!19sChIJ1zFZ34qwwoARpKfFjk0IE5c?authuser=0&hl=en&g_ep=EgoyMDI2MDkwNi4wIJJjKgBIAVAD&rclk=1
Diament Patent Law,intellectual property law firm,Los Angeles,CA,+1 424-281-0162,https://www.diamentpatentlaw.com/,adaiment@nolanheimann.com,23,https://www.google.com/maps/place/Diament+Patent+Law/data=!4m7!3m6!1s0x80c29825e515a613:0x958342a1a7e31d5d!8m2!3d34.1582317!4d-118.4928615!16s%2Fg%2F11fy_56lbj!19sChIJE6YV5SWYwoARXR3jp6FCg5U?authuser=0&hl=en&g_ep=EgoyMDI2MDkwNi4wIJJjKgBIAVAD&rclk=1
"Novian & Novian, LLP",intellectual property law firm,Los Angeles,CA,+1 323-455-2498,https://www.novianlaw.com/,,42,"https://www.google.com/maps/place/Novian+%26+Novian,+LLP/data=!4m7!3m6!1s0x80c2bbf4c908d291:0x2325a5b2e84cdf18!8m2!3d34.0621702!4d-118.4158489!16s%2Fg%2F1tz71nr4!19sChIJkdIIyfS7woARGN9M6LKlJSM?authuser=0&hl=en&g_ep=EgoyMDI2MDkwNi4wIJJjKgBIAVAD&rclk=1"
Employee Civil Rights Group,employment law firm,Los Angeles,CA,+1 310-598-1524,https://employeecivilrightsgroup.com/?utm_source=GBP&utm_medium=GBP&utm_campaign=GBP_Los_Angeles&utm_id=GBP_Los_Angeles,,27,https://www.google.com/maps/place/Employee+Civil+Rights+Group/data=!4m7!3m6!1s0x80c2bbcffd368011:0x1bb125609893335f!8m2!3d34.0206049!4d-118.4241617!16s%2Fg%2F11w1q6_q4f!19sChIJEYA2_c-7woARXzOTmGAlsRs?authuser=0&hl=en&g_ep=EgoyMDI2MDkwNi4wIJJjKgBIAVAD&rclk=1
"Employment Rights Lawyers, APC",employment law firm,Los Angeles,CA,+1 323-591-0065,http://www.employmentrightslawyers.com/,,92,"https://www.google.com/maps/place/Employment+Rights+Lawyers,+APC/data=!4m7!3m6!1s0x80c2bb810d151ea3:0x29ee364791f9766!8m2!3d34.0631143!4d-118.3666067!16s%2Fg%2F11l3t05p_l!19sChIJox4VDYG7woARZpcfeWTjngI?authuser=0&hl=en&g_ep=EgoyMDI2MDkwNi4wIJJjKgBIAVAD&rclk=1"
"Principle Employment Law, APC",employment law firm,Los Angeles,CA,+1 323-340-0090,https://principleemployment.law/,info@principleemployment.law,16,"https://www.google.com/maps/place/Principle+Employment+Law,+APC/data=!4m7!3m6!1s0x80c2bbd3fd527563:0x43720f3707637c32!8m2!3d34.0200738!4d-118.4238861!16s%2Fg%2F11s1vdg1_p!19sChIJY3VS_dO7woARMnxjBzcPckM?authuser=0&hl=en&g_ep=EgoyMDI2MDkwNi4wIJJjKgBIAVAD&rclk=1"
Stonebrook Law,employment law firm,Los Angeles,CA,+1 310-553-5533,https://www.laborlawfirm.com/l/los-angeles,info@stonebrooklaw.com,71,https://www.google.com/maps/place/Stonebrook+Law/data=!4m7!3m6!1s0x80c2c64ccf19f589:0xe862d41201b9185c!8m2!3d34.0571298!4d-118.4174654!16s%2Fg%2F1tgwb52r!19sChIJifUZz0zGwoARXBi5ARLUYug?authuser=0&hl=en&g_ep=EgoyMDI2MDkwNi4wIJJjKgBIAVAD&rclk=1
Wrongful Termination Law Group,employment law firm,Los Angeles,CA,+1 310-651-7600,https://www.wrongfultermination.com/locations/beverly-hills/?utm_source=gbp&utm_medium=dir_profile&utm_location=bh,info@wrongfultermination.com,199,https://www.google.com/maps/place/Wrongful+Termination+Law+Group/data=!4m7!3m6!1s0x80c2b96926601263:0x656db2b09e67666e!8m2!3d34.0647884!4d-118.375689!16s%2Fg%2F11tn_03y_7!19sChIJYxJgJmm5woARbmZnnrCybWU?authuser=0&hl=en&g_ep=EgoyMDI2MDkwNi4wIJJjKgBIAVAD&rclk=1
Nosrati Law,employment law firm,Los Angeles,CA,+1 323-784-0643,https://www.nosratilaw.com/?utm_source=gmb&utm_medium=organic&utm_content=listing&utm_campaign=local,,117,https://www.google.com/maps/place/Nosrati+Law/data=!4m7!3m6!1s0x80c2bbf49de1c9a1:0x8dcd9228ce2e6ef2!8m2!3d34.0621526!4d-118.415717!16s%2Fg%2F1hc6y07h4!19sChIJocnhnfS7woAR8m4uziiSzY0?authuser=0&hl=en&g_ep=EgoyMDI2MDkwNi4wIJJjKgBIAVAD&rclk=1
Labor Law PC,employment law firm,Los Angeles,CA,+1 310-494-6082,https://www.laborlawpc.com/?utm_campaign=gmb,,244,https://www.google.com/maps/place/Labor+Law+PC/data=!4m7!3m6!1s0x80c2a56ada60f4a5:0x31552d6571d149dc!8m2!3d34.0168418!4d-118.5006119!16s%2Fg%2F11svdb6n1q!19sChIJpfRg2mqlwoAR3EnRcWUtVTE?authuser=0&hl=en&g_ep=EgoyMDI2MDkwNi4wIJJjKgBIAVAD&rclk=1
"Kokozian Law Firm, APC",employment law firm,Los Angeles,CA,+1 323-857-5900,https://www.losangelesemployeelawyer.com/,,105,"https://www.google.com/maps/place/Kokozian+Law+Firm,+APC/data=!4m7!3m6!1s0x80c2b94647a6851b:0xdfbc3e16e3138244!8m2!3d34.0580551!4d-118.4450707!16s%2Fg%2F12m95v8ft!19sChIJG4WmR0a5woARRIIT4xY-vN8?authuser=0&hl=en&g_ep=EgoyMDI2MDkwNi4wIJJjKgBIAVAD&rclk=1"
Southern California Labor Law Group PC,employment law firm,Los Angeles,CA,+1 424-231-2366,https://www.socallaborlawgroup.com/,,12,https://www.google.com/maps/place/Southern+California+Labor+Law+Group+PC/data=!4m7!3m6!1s0x80c2bbf36040d04d:0xd0b12e2872db0fc2!8m2!3d34.0609203!4d-118.4148601!16s%2Fg%2F11ffv2zg3l!19sChIJTdBAYPO7woARwg_bcigusdA?authuser=0&hl=en&g_ep=EgoyMDI2MDkwNi4wIJJjKgBIAVAD&rclk=1
Bibiyan Law Group. P.C. - Tomorrow Law,employment law firm,Los Angeles,CA,+1 310-438-5555,https://www.tomorrowlaw.com/,intake@tomorrowlaw.com,227,https://www.google.com/maps/place/Bibiyan+Law+Group.+P.C.+-+Tomorrow+Law/data=!4m7!3m6!1s0x80c2b9400e0477bb:0x391019fb73e9ea99!8m2!3d34.0543981!4d-118.4405426!16s%2Fg%2F11jl1bf7zw!19sChIJu3cEDkC5woARmerpc_sZEDk?authuser=0&hl=en&g_ep=EgoyMDI2MDkwNi4wIJJjKgBIAVAD&rclk=1
Sherman Law Corporation,employment law firm,Los Angeles,CA,+1 323-488-2087,https://sherm-law.com/?utm_source=google&utm_medium=organic&utm_campaign=google-business&utm_content=gbp-profile,,63,https://www.google.com/maps/place/Sherman+Law+Corporation/data=!4m7!3m6!1s0x80c2b993db6745ef:0xc16656b8bebc420c!8m2!3d34.0631143!4d-118.3666067!16s%2Fg%2F11ldwvpd5s!19sChIJ70Vn25O5woARDEK8vrhWZsE?authuser=0&hl=en&g_ep=EgoyMDI2MDkwNi4wIJJjKgBIAVAD&rclk=1
Miracle Mile Law Group,employment law firm,Los Angeles,CA,+1 888-244-0706,http://www.miraclemilelaw.com/,405ads.simon@gmail.com,89,https://www.google.com/maps/place/Miracle+Mile+Law+Group/data=!4m7!3m6!1s0x80c2b9f92fc7c12b:0x672ceab64310f84a!8m2!3d34.082876!4d-118.3823349!16s%2Fg%2F11h21xh3kn!19sChIJK8HHL_m5woARSvgQQ7bqLGc?authuser=0&hl=en&g_ep=EgoyMDI2MDkwNi4wIJJjKgBIAVAD&rclk=1
Avloni Law - Sexual Harassment & Discrimination Lawyer,employment law firm,Los Angeles,CA,+1 310-602-0548,https://avlonilaw.com/los-angeles/?utm_source=google&utm_medium=organic&utm_campaign=gbp,,12,https://www.google.com/maps/place/Avloni+Law+-+Sexual+Harassment+%26+Discrimination+Lawyer/data=!4m7!3m6!1s0x80c2bba46c27e3a5:0x4bd4256c3de818f5!8m2!3d34.0602018!4d-118.4168171!16s%2Fg%2F11s69ksfzg!19sChIJpeMnbKS7woAR9RjoPWwl1Es?authuser=0&hl=en&g_ep=EgoyMDI2MDkwNi4wIJJjKgBIAVAD&rclk=1
HKM Employment Attorneys LLP – Los Angeles Labor Lawyers,employment law firm,Los Angeles,CA,+1 213-769-6522,https://hkm.com/los-angeles/?utm_source=gbp&utm_medium=organic&utm_campaign=website&utm_term=los+angeles,scholarships@hkm.com,25,https://www.google.com/maps/place/HKM+Employment+Attorneys+LLP+%E2%80%93+Los+Angeles+Labor+Lawyers/data=!4m7!3m6!1s0x80c2c64a59a81e33:0x80298ef15908f028!8m2!3d34.0482764!4d-118.2585606!16s%2Fg%2F11b6q9lprw!19sChIJMx6oWUrGwoARKPAIWfGOKYA?authuser=0&hl=en&g_ep=EgoyMDI2MDkwNi4wIJJjKgBIAVAD&rclk=1
Makarem & Associates,employment law firm,Los Angeles,CA,+1 310-312-0299,http://www.makaremlaw.com/,intake@law-rm.com,52,https://www.google.com/maps/place/Makarem+%26+Associates/data=!4m7!3m6!1s0x80c2bb6123817589:0x6c8e921bc7d52c5b!8m2!3d34.050972!4d-118.459811!16s%2Fg%2F1tjxfy33!19sChIJiXWBI2G7woARWyzVxxuSjmw?authuser=0&hl=en&g_ep=EgoyMDI2MDkwNi4wIJJjKgBIAVAD&rclk=1
"Equate Law, APC",employment law firm,Los Angeles,CA,+1 310-707-1401,http://equatelaw.com/,,46,"https://www.google.com/maps/place/Equate+Law,+APC/data=!4m7!3m6!1s0x80c2bb389e817a15:0x7321df2b7378ee!8m2!3d34.0551746!4d-118.4132525!16s%2Fg%2F11krhg0_qc!19sChIJFXqBnji7woAR7nhzK98hcwA?authuser=0&hl=en&g_ep=EgoyMDI2MDkwNi4wIJJjKgBIAVAD&rclk=1"
"Payton Employment Law, PC - LA",employment law firm,Los Angeles,CA,+1 424-334-3194,https://www.paytonemploymentlaw.com/,intake@paytonemploymentlaw.com,,"https://www.google.com/maps/place/Payton+Employment+Law,+PC+-+LA/data=!4m7!3m6!1s0x80c2bb744d5779af:0xa5909520c77e67f5!8m2!3d34.0360246!4d-118.444289!16s%2Fg%2F11zfrl6sw2!19sChIJr3lXTXS7woAR9Wd-xyCVkKU?authuser=0&hl=en&g_ep=EgoyMDI2MDkwNi4wIJJjKgBIAVAD&rclk=1"
Avenue Law APC | Labor and Employment Law,employment law firm,Los Angeles,CA,+1 310-882-7960,,,23,https://www.google.com/maps/place/Avenue+Law+APC+%7C+Labor+and+Employment+Law/data=!4m7!3m6!1s0x80c2bb449f64695b:0xa42b34338e438026!8m2!3d34.0619997!4d-118.413937!16s%2Fg%2F11j913k614!19sChIJW2lkn0S7woARJoBDjjM0K6Q?authuser=0&hl=en&g_ep=EgoyMDI2MDkwNi4wIJJjKgBIAVAD&rclk=1
"Law Offices of Jonathan J. Delshad, PC",employment law firm,Los Angeles,CA,+1 424-255-8376,https://delshadlegal.com/,,18,"https://www.google.com/maps/place/Law+Offices+of+Jonathan+J.+Delshad,+PC/data=!4m7!3m6!1s0x80c2bb70fb4f16a3:0x2adaf2724315fac9!8m2!3d34.0452872!4d-118.4478435!16s%2Fg%2F119w9gfrf!19sChIJoxZP-3C7woARyfoVQ3Ly2io?authuser=0&hl=en&g_ep=EgoyMDI2MDkwNi4wIJJjKgBIAVAD&rclk=1"
"Akopyan Law Firm, A.P.C.",employment law firm,Los Angeles,CA,+1 424-600-6330,https://www.akopyanlaw.com/,,10,"https://www.google.com/maps/place/Akopyan+Law+Firm,+A.P.C./data=!4m7!3m6!1s0x80c2b77cef3bf84d:0x2d349d6facbc0203!8m2!3d33.988558!4d-118.384539!16s%2Fg%2F11ynjtczmt!19sChIJTfg773y3woARAwK8rG-dNC0?authuser=0&hl=en&g_ep=EgoyMDI2MDkwNi4wIJJjKgBIAVAD&rclk=1"
The Finkel Firm,employment law firm,Los Angeles,CA,+1 213-787-7411,https://www.lawfinkel.com/,,155,https://www.google.com/maps/place/The+Finkel+Firm/data=!4m7!3m6!1s0x80c2b89ae45745d7:0xbfb21c6f2ad17612!8m2!3d34.0607887!4d-118.3002081!16s%2Fg%2F11c0phz58c!19sChIJ10VX5Jq4woAREnbRKm8csr8?authuser=0&hl=en&g_ep=EgoyMDI2MDkwNi4wIJJjKgBIAVAD&rclk=1
Eghbali Law Firm | Sexual Harassment & Discrimination Attorneys,employment law firm,Los Angeles,CA,+1 310-909-8533,https://eghbalilawfirm.com/los-angeles/,office@eghbalilawfirm.com,262,https://www.google.com/maps/place/Eghbali+Law+Firm+%7C+Sexual+Harassment+%26+Discrimination+Attorneys/data=!4m7!3m6!1s0x80c2b9673da4d147:0x21b2e185a9913cc7!8m2!3d34.0616697!4d-118.3290442!16s%2Fg%2F11h91j9x8z!19sChIJR9GkPWe5woARxzyRqYXhsiE?authuser=0&hl=en&g_ep=EgoyMDI2MDkwNi4wIJJjKgBIAVAD&rclk=1
"Leichter Law Firm, APC",employment law firm,Los Angeles,CA,+1 818-915-6624,https://www.leichterlawfirm.com/?utm_source=GMB&utm_medium=organic&utm_campaign=Google%20My%20Business,,56,"https://www.google.com/maps/place/Leichter+Law+Firm,+APC/data=!4m7!3m6!1s0x80c2b8830521d973:0x9f0d51c5f0774a03!8m2!3d34.061243!4d-118.302801!16s%2Fg%2F1v5k38gp!19sChIJc9khBYO4woARA0p38MVRDZ8?authuser=0&hl=en&g_ep=EgoyMDI2MDkwNi4wIJJjKgBIAVAD&rclk=1"
Shea Law Group,law firm,Chicago,IL,+1 877-365-0040,https://www.shealawgroup.com/,,310,https://www.google.com/maps/place/Shea+Law+Group/data=!4m7!3m6!1s0x880fd29aa0ffeadd:0x6a3ac22bac39cb78!8m2!3d41.9252403!4d-87.6878895!16s%2Fg%2F1td20w2p!19sChIJ3er_oJrSD4gReMs5rCvCOmo?authuser=0&hl=en&g_ep=EgoyMDI2MDkwNi4wIJJjKgBIAVAD&rclk=1
CTM Legal Group,law firm,Chicago,IL,+1 312-818-6700,http://www.ctmlegalgroup.com/,,393,https://www.google.com/maps/place/CTM+Legal+Group/data=!4m7!3m6!1s0x880e2cbb020906f5:0x482603d7af7a874f!8m2!3d41.8830825!4d-87.6304992!16s%2Fg%2F11b5pjvfg2!19sChIJ9QYJArssDogRT4d6r9cDJkg?authuser=0&hl=en&g_ep=EgoyMDI2MDkwNi4wIJJjKgBIAVAD&rclk=1
The Prinz Law Firm,law firm,Chicago,IL,+1 312-345-6603,https://www.prinz-lawfirm.com/?utm_source=GMB&utm_medium=organic&utm_campaign=Chicago,,172,https://www.google.com/maps/place/The+Prinz+Law+Firm/data=!4m7!3m6!1s0x880e2cbb39029d83:0xd3cf4c0e4c1d601!8m2!3d41.8865189!4d-87.6275344!16s%2Fg%2F1tltmz1q!19sChIJg50CObssDogRAdbB5MD0PA0?authuser=0&hl=en&g_ep=EgoyMDI2MDkwNi4wIJJjKgBIAVAD&rclk=1
KS Law Group LLC,law firm,Chicago,IL,+1 773-205-2211,,,104,https://www.google.com/maps/place/KS+Law+Group+LLC/data=!4m7!3m6!1s0x880e2dc7f9ad8171:0x7d62af9e39ecaedb!8m2!3d41.8818277!4d-87.6312393!16s%2Fg%2F11f7r58z0t!19sChIJcYGt-cctDogR267sOZ6vYn0?authuser=0&hl=en&g_ep=EgoyMDI2MDkwNi4wIJJjKgBIAVAD&rclk=1
The Law Offices of Haytham Faraj,law firm,Chicago,IL,+1 312-635-0800,https://farajlaw.com/chicago,info@farajlaw.com,120,https://www.google.com/maps/place/The+Law+Offices+of+Haytham+Faraj/data=!4m7!3m6!1s0x880e2cbc609ce583:0x75999b88bf89aae8!8m2!3d41.9393693!4d-87.6773648!16s%2Fg%2F1pp2xbm9n!19sChIJg-WcYLwsDogR6KqJv4ibmXU?authuser=0&hl=en&g_ep=EgoyMDI2MDkwNi4wIJJjKgBIAVAD&rclk=1
Fabbrini Law Group,law firm,Chicago,IL,+1 312-625-5357,https://www.windycitylawfirm.com/?utm_campaign=gmb&utm_medium=organic&utm_source=GMBlisting,,211,https://www.google.com/maps/place/Fabbrini+Law+Group/data=!4m7!3m6!1s0x880e2cb099c44799:0xd847da9ac202ce39!8m2!3d41.8816217!4d-87.633368!16s%2Fg%2F1tl_m95f!19sChIJmUfEmbAsDogROc4CwpraR9g?authuser=0&hl=en&g_ep=EgoyMDI2MDkwNi4wIJJjKgBIAVAD&rclk=1
"Hausner Law Group, LLC",law firm,Chicago,IL,,http://www.hausnerlawgroup.com/,realestate@hausnerlawgroup.com,112,"https://www.google.com/maps/place/Hausner+Law+Group,+LLC/data=!4m7!3m6!1s0x880e2def10ce8bdf:0x6f6bbd8c8420a7af!8m2!3d41.8864228!4d-87.6307475!16s%2Fg%2F11n96gybs8!19sChIJ34vOEO8tDogRr6cghIy9a28?authuser=0&hl=en&g_ep=EgoyMDI2MDkwNi4wIJJjKgBIAVAD&rclk=1"
Phillips Law Offices,law firm,Chicago,IL,+1 312-346-4262,https://phillipslawoffices.com/,everybody@phillipslegal.com,116,https://www.google.com/maps/place/Phillips+Law+Offices/data=!4m7!3m6!1s0x880e2cba88a7d843:0x532704a545e960d8!8m2!3d41.884737!4d-87.630737!16s%2Fg%2F1tf825gh!19sChIJQ9iniLosDogR2GDpRaUEJ1M?authuser=0&hl=en&g_ep=EgoyMDI2MDkwNi4wIJJjKgBIAVAD&rclk=1
Great Lakes Lawyers,law firm,Chicago,IL,+1 312-404-7275,https://www.greatlakes.lawyer/?utm_source=google&utm_medium=wix_google_business_profile&utm_campaign=13499274926512266475,rebecca@greatlakes.lawyer,10,https://www.google.com/maps/place/Great+Lakes+Lawyers/data=!4m7!3m6!1s0x880e2dd4d186f257:0x667e15297c5c94ca!8m2!3d41.8795165!4d-87.6373369!16s%2Fg%2F11zdh4dls8!19sChIJV_KG0dQtDogRypRcfCkVfmY?authuser=0&hl=en&g_ep=EgoyMDI2MDkwNi4wIJJjKgBIAVAD&rclk=1
The Horwitz Law Group,law firm,Chicago,IL,+1 312-641-9200,https://chicago-personal-injury-lawyers.us/,,119,https://www.google.com/maps/place/The+Horwitz+Law+Group/data=!4m7!3m6!1s0x880e2ca502cc914d:0x19cd746c41b90cd4!8m2!3d41.8823133!4d-87.631134!16s%2Fg%2F1thx00fb!19sChIJTZHMAqUsDogR1Ay5QWx0zRk?authuser=0&hl=en&g_ep=EgoyMDI2MDkwNi4wIJJjKgBIAVAD&rclk=1
"The Blake Horwitz Law Firm, Ltd.",law firm,Chicago,IL,+1 312-676-2100,https://theblakehorwitzlawfirm.com/,office@bhlfattorneys.com,31,"https://www.google.com/maps/place/The+Blake+Horwitz+Law+Firm,+Ltd./data=!4m7!3m6!1s0x880e2ca5f119f0cb:0x87ab3156279742!8m2!3d41.8786481!4d-87.6429731!16s%2Fg%2F1hc3lbkrk!19sChIJy_AZ8aUsDogRQpcnVjGrhwA?authuser=0&hl=en&g_ep=EgoyMDI2MDkwNi4wIJJjKgBIAVAD&rclk=1"
Donald Kiolbassa Attorney At Law,law firm,Chicago,IL,+1 773-744-9567,http://www.chicagorealestateatty.com/,,140,https://www.google.com/maps/place/Donald+Kiolbassa+Attorney+At+Law/data=!4m7!3m6!1s0x880e2cbb1a808115:0x1bcce0c24c8eeba5!8m2!3d41.8860711!4d-87.6319048!16s%2Fg%2F11bw5xdm15!19sChIJFYGAGrssDogRpeuOTMLgzBs?authuser=0&hl=en&g_ep=EgoyMDI2MDkwNi4wIJJjKgBIAVAD&rclk=1
"Michael H. Wasserman, PC",law firm,Chicago,IL,+1 312-726-1512,http://www.mhwasserman.com/?utm_source=gmb&utm_medium=organic&utm_content=listing&utm_campaign=google-posts,lawoffice@wasserlaw.net,399,"https://www.google.com/maps/place/Michael+H.+Wasserman,+PC/data=!4m7!3m6!1s0x880e2cb0be021209:0x302c935e6c49d30d!8m2!3d41.8822572!4d-87.6275785!16s%2Fg%2F1tk6qxj0!19sChIJCRICvrAsDogRDdNJbF6TLDA?authuser=0&hl=en&g_ep=EgoyMDI2MDkwNi4wIJJjKgBIAVAD&rclk=1"
"The Thiel Law Group, P.C.",law firm,Chicago,IL,+1 773-732-6297,https://www.thiel.law/,,141,"https://www.google.com/maps/place/The+Thiel+Law+Group,+P.C./data=!4m7!3m6!1s0x880e2cbc828832dd:0x5a587444c0caa280!8m2!3d41.8789975!4d-87.6302059!16s%2Fg%2F11bx1ykgtv!19sChIJ3TKIgrwsDogRgKLKwER0WFo?authuser=0&hl=en&g_ep=EgoyMDI2MDkwNi4wIJJjKgBIAVAD&rclk=1"
Wilde Law Group,law firm,Chicago,IL,+1 312-517-0963,http://www.wildelawgroup.org/,,403,https://www.google.com/maps/place/Wilde+Law+Group/data=!4m7!3m6!1s0x880e2cddd1655555:0x7d08902f00a8108c!8m2!3d41.87878!4d-87.6527268!16s%2Fg%2F11hd1mwn0b!19sChIJVVVl0d0sDogRjBCoAC-QCH0?authuser=0&hl=en&g_ep=EgoyMDI2MDkwNi4wIJJjKgBIAVAD&rclk=1
Law Offices of Leonard S. Becker,law firm,Chicago,IL,+1 312-492-7700,http://lsblaw.net/,info@lsblaw.net,34,https://www.google.com/maps/place/Law+Offices+of+Leonard+S.+Becker/data=!4m7!3m6!1s0x880e2cd7a4682bc7:0x90a64b7b35df7596!8m2!3d41.8872557!4d-87.6542097!16s%2Fg%2F1tgb7yl_!19sChIJxytopNcsDogRlnXfNXtLppA?authuser=0&hl=en&g_ep=EgoyMDI2MDkwNi4wIJJjKgBIAVAD&rclk=1
Brabender Law,law firm,Chicago,IL,+1 312-566-8456,http://bc-firm.com/,,128,https://www.google.com/maps/place/Brabender+Law/data=!4m7!3m6!1s0x880e2cbdbcffb379:0x961a4b8ac961a5f9!8m2!3d41.8830825!4d-87.6304992!16s%2Fg%2F12333356l!19sChIJebP_vL0sDogR-aVhyYpLGpY?authuser=0&hl=en&g_ep=EgoyMDI2MDkwNi4wIJJjKgBIAVAD&rclk=1
"Kaplan Law Firm, LLC",law firm,Chicago,IL,+1 312-564-4267,http://financialrelief.com/?utm_campaign=gmb,contact@financialrelief.com,72,"https://www.google.com/maps/place/Kaplan+Law+Firm,+LLC/data=!4m7!3m6!1s0x880e2ca319034549:0xf625fb88ade9fee5!8m2!3d41.8830478!4d-87.62682!16s%2Fg%2F1vq9mwbm!19sChIJSUUDGaMsDogR5f7prYj7JfY?authuser=0&hl=en&g_ep=EgoyMDI2MDkwNi4wIJJjKgBIAVAD&rclk=1"
Herbert Law Firm,law firm,Chicago,IL,+1 312-655-7660,https://danherbertlaw.com/,dan.herbert@danherbertlaw.com,32,https://www.google.com/maps/place/Herbert+Law+Firm/data=!4m7!3m6!1s0x880e2cc1658ba353:0x615c81968e6a0920!8m2!3d41.877981!4d-87.6299792!16s%2Fg%2F1vr1x6km!19sChIJU6OLZcEsDogRIAlqjpaBXGE?authuser=0&hl=en&g_ep=EgoyMDI2MDkwNi4wIJJjKgBIAVAD&rclk=1
Caras Law Group,law firm,Chicago,IL,+1 312-494-1500,https://www.deancaras.com/,,16,https://www.google.com/maps/place/Caras+Law+Group/data=!4m7!3m6!1s0x880e2cb5d0f199a7:0x584bfbb0b60f8ea2!8m2!3d41.8909367!4d-87.6364378!16s%2Fg%2F1tdy0gpb!19sChIJp5nx0LUsDogRoo4PtrD7S1g?authuser=0&hl=en&g_ep=EgoyMDI2MDkwNi4wIJJjKgBIAVAD&rclk=1
"The Davis Law Group, P.C.",law firm,Chicago,IL,+1 847-834-7112,https://www.illinoisdriverslicensereinstatementlawyer.com/?utm_source=google&utm_medium=organic&utm_campaign=chicagoGMB,,210,"https://www.google.com/maps/place/The+Davis+Law+Group,+P.C./data=!4m7!3m6!1s0x880e2cbad171fa09:0x1387628b5442dd1e!8m2!3d41.8948491!4d-87.6392262!16s%2Fg%2F1tcxkbqv!19sChIJCfpx0bosDogRHt1CVItihxM?authuser=0&hl=en&g_ep=EgoyMDI2MDkwNi4wIJJjKgBIAVAD&rclk=1"
"Aaron Krolik Law Office, LLC",law firm,Chicago,IL,+1 312-925-4090,https://securitydepositlaw.com/,akrolik@securitydepositlaw.com,100,"https://www.google.com/maps/place/Aaron+Krolik+Law+Office,+LLC/data=!4m7!3m6!1s0x880e2cba232110cd:0xcb5d340a9b442bad!8m2!3d41.8865361!4d-87.6308423!16s%2Fg%2F1tfcttcd!19sChIJzRAhI7osDogRrStEmwo0Xcs?authuser=0&hl=en&g_ep=EgoyMDI2MDkwNi4wIJJjKgBIAVAD&rclk=1"
Law Office of Michael A. Perez,law office,Chicago,IL,+1 773-772-8989,https://www.lomap.com/,michael@lomap.com,72,https://www.google.com/maps/place/Law+Office+of+Michael+A.+Perez/data=!4m7!3m6!1s0x880fd2b8aec5d499:0xb165a8479264e1b3!8m2!3d41.8997067!4d-87.6966107!16s%2Fg%2F1tj9clms!19sChIJmdTFrrjSD4gRs-FkkkeoZbE?authuser=0&hl=en&g_ep=EgoyMDI2MDkwNi4wIJJjKgBIAVAD&rclk=1
"Foutris Law Office, Ltd.",law office,Chicago,IL,+1 312-212-1200,https://www.civilrightsattorneychicago.com/,,41,"https://www.google.com/maps/place/Foutris+Law+Office,+Ltd./data=!4m7!3m6!1s0x880e2cbcdf1e6cb5:0x4a53b6ece6dfad95!8m2!3d41.8774716!4d-87.6295477!16s%2Fg%2F1td3gl_s!19sChIJtWwe37wsDogRla3f5uy2U0o?authuser=0&hl=en&g_ep=EgoyMDI2MDkwNi4wIJJjKgBIAVAD&rclk=1"
Mark Silverman Law Office Ltd.,law office,Chicago,IL,+1 312-775-1015,http://www.depositlaw.com/,mark@depositlaw.com,16,https://www.google.com/maps/place/Mark+Silverman+Law+Office+Ltd./data=!4m7!3m6!1s0x880e2cb9a79fa8d7:0x22712fbc1ea102d5!8m2!3d41.8823113!4d-87.6320215!16s%2Fg%2F1tywyjhx!19sChIJ16ifp7ksDogR1QKhHrwvcSI?authuser=0&hl=en&g_ep=EgoyMDI2MDkwNi4wIJJjKgBIAVAD&rclk=1
"Law Offices of Parente & Norem, PC",law office,Chicago,IL,+1 312-641-5926,https://www.pninjurylaw.com/,info@pninjurylaw.com,115,"https://www.google.com/maps/place/Law+Offices+of+Parente+%26+Norem,+PC/data=!4m7!3m6!1s0x880e2cb0958af373:0x5c87c6ef204c9dd7!8m2!3d41.8864874!4d-87.6321451!16s%2Fg%2F1thqbfp3!19sChIJc_OKlbAsDogR151MIO_Gh1w?authuser=0&hl=en&g_ep=EgoyMDI2MDkwNi4wIJJjKgBIAVAD&rclk=1"
Clifford Law Offices PC,law office,Chicago,IL,+1 312-899-9090,https://www.cliffordlaw.com/?utm_source=google&utm_medium=organic&utm_campaign=gbp,,69,https://www.google.com/maps/place/Clifford+Law+Offices+PC/data=!4m7!3m6!1s0x880e2cba2504eca1:0x1282ab7bab6ba0e0!8m2!3d41.8837569!4d-87.6331102!16s%2Fg%2F1tdl6q73!19sChIJoewEJbosDogR4KBrq3urghI?authuser=0&hl=en&g_ep=EgoyMDI2MDkwNi4wIJJjKgBIAVAD&rclk=1
"The Law Office of Sean Brown, LLC",law office,Chicago,IL,+1 312-675-6116,http://www.attorneyseanbrown.com/,attorneyseanbrown@gmail.com,70,"https://www.google.com/maps/place/The+Law+Office+of+Sean+Brown,+LLC/data=!4m7!3m6!1s0x880e2cbdab6fffff:0x685511b72e0eb969!8m2!3d41.877818!4d-87.631247!16s%2Fg%2F11f5jp0g0c!19sChIJ__9vq70sDogRabkOLrcRVWg?authuser=0&hl=en&g_ep=EgoyMDI2MDkwNi4wIJJjKgBIAVAD&rclk=1"
"Miranda Law Office, LTD",law office,Chicago,IL,+1 773-588-3822,https://www.mirandalawchicago.com/,,134,"https://www.google.com/maps/place/Miranda+Law+Office,+LTD/data=!4m7!3m6!1s0x880fcdaff52cc75d:0xbeb178da80ace97b!8m2!3d41.9455833!4d-87.7271652!16s%2Fg%2F1tdm4b0l!19sChIJXccs9a_ND4gRe-msgNp4sb4?authuser=0&hl=en&g_ep=EgoyMDI2MDkwNi4wIJJjKgBIAVAD&rclk=1"
Mehta Law Group,law office,Chicago,IL,+1 312-374-4559,http://mlglawgroupillinois.com/,,466,https://www.google.com/maps/place/Mehta+Law+Group/data=!4m7!3m6!1s0x880e2cb91f6fac23:0xf222d5b605fe7f39!8m2!3d41.886652!4d-87.6318694!16s%2Fg%2F1wcxdpcg!19sChIJI6xvH7ksDogROX_-BbbVIvI?authuser=0&hl=en&g_ep=EgoyMDI2MDkwNi4wIJJjKgBIAVAD&rclk=1
Law Offices of Joseph Younes,law office,Chicago,IL,+1 312-802-1122,https://www.thechicagoaccidentattorney.net/,,107,https://www.google.com/maps/place/Law+Offices+of+Joseph+Younes/data=!4m7!3m6!1s0x880e2cbbbb41994f:0x1df5434b9fc3a76f!8m2!3d41.8835137!4d-87.6330691!16s%2Fg%2F1xgrnj5n!19sChIJT5lBu7ssDogRb6fDn0tD9R0?authuser=0&hl=en&g_ep=EgoyMDI2MDkwNi4wIJJjKgBIAVAD&rclk=1
Just Results Law Group,law office,Chicago,IL,+1 312-600-6001,http://justresultslaw.com/,office@justresultslaw.com,173,https://www.google.com/maps/place/Just+Results+Law+Group/data=!4m7!3m6!1s0x880fd3e1897ac571:0x760eb71291525cb1!8m2!3d41.9019897!4d-87.6671941!16s%2Fg%2F11gwm9g9q2!19sChIJccV6ieHTD4gRsVxSkRK3DnY?authuser=0&hl=en&g_ep=EgoyMDI2MDkwNi4wIJJjKgBIAVAD&rclk=1
"Keating Law Offices, P.C.",law office,Chicago,IL,+1 312-239-6787,https://keatinglegal.com/,,61,"https://www.google.com/maps/place/Keating+Law+Offices,+P.C./data=!4m7!3m6!1s0x880e2cbb39029d83:0x9876fc6689fe986a!8m2!3d41.8812612!4d-87.6311721!16s%2Fg%2F1v4k72rq!19sChIJg50CObssDogRapj-iWb8dpg?authuser=0&hl=en&g_ep=EgoyMDI2MDkwNi4wIJJjKgBIAVAD&rclk=1"
Dinizulu Law Group Accident Attorneys and Nursing Home Abuse Lawyers,law office,Chicago,IL,+1 312-384-1920,https://dinizululawgroup.com/,info@dinizululawgroup.com,56,https://www.google.com/maps/place/Dinizulu+Law+Group+Accident+Attorneys+and+Nursing+Home+Abuse+Lawyers/data=!4m7!3m6!1s0x880e2cb0be021209:0x2e98ee8b25e85a1b!8m2!3d41.88651!4d-87.6320621!16s%2Fg%2F1v6wpxmd!19sChIJCRICvrAsDogRG1roJYvumC4?authuser=0&hl=en&g_ep=EgoyMDI2MDkwNi4wIJJjKgBIAVAD&rclk=1
Saper Law I Intellectual Property I Entertainment I Social Media I Business,law office,Chicago,IL,+1 312-527-4100,https://saperlaw.com/,,137,https://www.google.com/maps/place/Saper+Law+I+Intellectual+Property+I+Entertainment+I+Social+Media+I+Business/data=!4m7!3m6!1s0x880e2cccaee5afc3:0x9aa39445ef6c9189!8m2!3d41.8910633!4d-87.6322852!16s%2Fg%2F1tdl249c!19sChIJw6_lrswsDogRiZFs70WUo5o?authuser=0&hl=en&g_ep=EgoyMDI2MDkwNi4wIJJjKgBIAVAD&rclk=1
"The Law Offices of Jeffery M. Leving, Ltd.",law office,Chicago,IL,+1 312-815-1817,https://www.dadsrights.com/?utm_source=GBP&utm_medium=local&utm_campaign=Chicago,info@dadsrights.com,339,"https://www.google.com/maps/place/The+Law+Offices+of+Jeffery+M.+Leving,+Ltd./data=!4m7!3m6!1s0x880e2df7b55d6a51:0xc515ef270d24c689!8m2!3d41.8866012!4d-87.6352444!16s%2Fg%2F11j5p5xzsd!19sChIJUWpdtfctDogRicYkDSfvFcU?authuser=0&hl=en&g_ep=EgoyMDI2MDkwNi4wIJJjKgBIAVAD&rclk=1"
Law Office of Kevin M. O'Brien,law office,Chicago,IL,+1 312-683-4000,https://obrienlawofficechicago.com/,kevin@kmobrienlawoffice.com,,https://www.google.com/maps/place/Law+Office+of+Kevin+M.+O%27Brien/data=!4m7!3m6!1s0x880e2cbba38ed88d:0x633488164158bb9d!8m2!3d41.8818394!4d-87.6312332!16s%2Fg%2F1tlmnxm9!19sChIJjdiOo7ssDogRnbtYQRaINGM?authuser=0&hl=en&g_ep=EgoyMDI2MDkwNi4wIJJjKgBIAVAD&rclk=1
Law Office of Russell D. Knight,law office,Chicago,IL,+1 773-334-6311,https://rdklegal.com/,russell@rdklegal.com,213,https://www.google.com/maps/place/Law+Office+of+Russell+D.+Knight/data=!4m7!3m6!1s0x880fd20fefc53c5f:0xb531b9a345b651ec!8m2!3d41.9036659!4d-87.6310977!16s%2Fg%2F1td1d_w9!19sChIJXzzF7w_SD4gR7FG2RaO5MbU?authuser=0&hl=en&g_ep=EgoyMDI2MDkwNi4wIJJjKgBIAVAD&rclk=1
Stoltmann Law Offices,law office,Chicago,IL,+1 312-332-4200,https://www.stoltmannlaw.com/,andrew@stoltlaw.com,16,https://www.google.com/maps/place/Stoltmann+Law+Offices/data=!4m7!3m6!1s0x880fba3b058aa73f:0x28bd8e6e249f0b41!8m2!3d41.8847953!4d-87.6306921!16s%2Fg%2F1v3knns6!19sChIJP6eKBTu6D4gRQQufJG6OvSg?authuser=0&hl=en&g_ep=EgoyMDI2MDkwNi4wIJJjKgBIAVAD&rclk=1
Demidchik Law Firm 安娜律师楼 (Chicago),law office,Chicago,IL,+1 312-786-4777,http://demidchiklawfirm.com/zh/,contact@dcklawfirm.com,148,https://www.google.com/maps/place/Demidchik+Law+Firm+%E5%AE%89%E5%A8%9C%E5%BE%8B%E5%B8%88%E6%A5%BC+%28Chicago%29/data=!4m7!3m6!1s0x880e2df0dc2bee4d:0x780df3dabcc3bfc2!8m2!3d41.8796234!4d-87.6374561!16s%2Fg%2F11g0w0d0fm!19sChIJTe4r3PAtDogRwr_DvNrzDXg?authuser=0&hl=en&g_ep=EgoyMDI2MDkwNi4wIJJjKgBIAVAD&rclk=1
Meyer Law,corporate law firm,Chicago,IL,+1 312-957-6997,https://meetmeyerlaw.com/?utm_source=google&utm_medium=organic&utm_campaign=GMB%20Listing,info@meetmeyerlaw.com,44,https://www.google.com/maps/place/Meyer+Law/data=!4m7!3m6!1s0x880e2cbee269fbbb:0x9c8a6b7d3595686f!8m2!3d41.8886896!4d-87.6275008!16s%2Fg%2F1tqg0y1c!19sChIJu_tp4r4sDogRb2iVNX1ripw?authuser=0&hl=en&g_ep=EgoyMDI2MDkwNi4wIJJjKgBIAVAD&rclk=1
Getech Law,corporate law firm,Chicago,IL,+1 312-888-6633,https://www.getechlaw.com/,info@getechlaw.com,275,https://www.google.com/maps/place/Getech+Law/data=!4m7!3m6!1s0x880e2cb0971ae9ed:0xf851a55e3d1e19d!8m2!3d41.8861357!4d-87.6320135!16s%2Fg%2F11g86k2x73!19sChIJ7ekal7AsDogRneHR41UahQ8?authuser=0&hl=en&g_ep=EgoyMDI2MDkwNi4wIJJjKgBIAVAD&rclk=1
Marcus & Boxerman,corporate law firm,Chicago,IL,+1 312-216-2720,http://www.marcusboxerman.com/,firm@marcusboxerman.com,108,https://www.google.com/maps/place/Marcus+%26+Boxerman/data=!4m7!3m6!1s0x880e2eacd0d24f5b:0xae78c11437a801e!8m2!3d41.8822883!4d-87.6311685!16s%2Fg%2F1yg6nr6cy!19sChIJW0_S0KwuDogRHoB6QxGM5wo?authuser=0&hl=en&g_ep=EgoyMDI2MDkwNi4wIJJjKgBIAVAD&rclk=1
"G & G Law, LLC",corporate law firm,Chicago,IL,,http://www.gglawoffices.com/,info@gglawoffices.com,74,"https://www.google.com/maps/place/G+%26+G+Law,+LLC/data=!4m7!3m6!1s0x880fd23eecdc8d5f:0x5b758f599aed4283!8m2!3d41.966014!4d-87.673642!16s%2Fg%2F11g_m_pkp!19sChIJX43c7D7SD4gRg0LtmlmPdVs?authuser=0&hl=en&g_ep=EgoyMDI2MDkwNi4wIJJjKgBIAVAD&rclk=1"
Baker Law Group LLC,corporate law firm,Chicago,IL,+1 312-621-7184,https://designbuildlaw.com/?utm_source=google&utm_medium=organic&utm_campaign=gmbchicago,,34,https://www.google.com/maps/place/Baker+Law+Group+LLC/data=!4m7!3m6!1s0x880e2d58f00f09a3:0xc172ba0ddc021e04!8m2!3d41.8828847!4d-87.6289326!16s%2Fg%2F11j8g7gn_5!19sChIJowkP8FgtDogRBB4C3A26csE?authuser=0&hl=en&g_ep=EgoyMDI2MDkwNi4wIJJjKgBIAVAD&rclk=1
Elkhatib Law,corporate law firm,Chicago,IL,+1 312-324-0944,https://elkhatiblaw.com/,info@elkhatiblaw.com,73,https://www.google.com/maps/place/Elkhatib+Law/data=!4m7!3m6!1s0x880e2cc8b38575a9:0xa91af4b6dfc0a9ef!8m2!3d41.8861537!4d-87.6315009!16s%2Fg%2F11c524g7tn!19sChIJqXWFs8gsDogR76nA37b0Gqk?authuser=0&hl=en&g_ep=EgoyMDI2MDkwNi4wIJJjKgBIAVAD&rclk=1
"DiTommaso Lubin, PC",corporate law firm,Chicago,IL,+1 630-333-0333,https://www.thebusinesslitigators.com/,,72,"https://www.google.com/maps/place/DiTommaso+Lubin,+PC/data=!4m7!3m6!1s0x880e4db6a50112b1:0x8a798d103c56a735!8m2!3d41.8813955!4d-87.6318626!16s%2Fg%2F1v9gklc3!19sChIJsRIBpbZNDogRNadWPBCNeYo?authuser=0&hl=en&g_ep=EgoyMDI2MDkwNi4wIJJjKgBIAVAD&rclk=1"
Jenner & Block LLP,corporate law firm,Chicago,IL,+1 312-222-9350,http://www.jenner.com/,,37,https://www.google.com/maps/place/Jenner+%26+Block+LLP/data=!4m7!3m6!1s0x880e2cae36077943:0x3c76466f27362ee3!8m2!3d41.8887216!4d-87.6301494!16s%2Fg%2F1tlgyjk4!19sChIJQ3kHNq4sDogR4y42J29Gdjw?authuser=0&hl=en&g_ep=EgoyMDI2MDkwNi4wIJJjKgBIAVAD&rclk=1
King & Jones,corporate law firm,Chicago,IL,+1 312-372-4142,https://www.chicagobusinesstriallawyers.com/,,22,https://www.google.com/maps/place/King+%26+Jones/data=!4m7!3m6!1s0x880e2cbb1a80862d:0xef5f9311c7ec3e82!8m2!3d41.8822649!4d-87.6302087!16s%2Fg%2F1ptwbfsy4!19sChIJLYaAGrssDogRgj7sxxGTX-8?authuser=0&hl=en&g_ep=EgoyMDI2MDkwNi4wIJJjKgBIAVAD&rclk=1
Cramer Law Group,corporate law firm,Chicago,IL,+1 312-924-0219,https://cramer-law.com/,info@cramer-law.com,57,https://www.google.com/maps/place/Cramer+Law+Group/data=!4m7!3m6!1s0x880e2cba07f19861:0xfd09d9abfeed8626!8m2!3d41.8834728!4d-87.6291268!16s%2Fg%2F11bzzwt6gn!19sChIJYZjxB7osDogRJobt_qvZCf0?authuser=0&hl=en&g_ep=EgoyMDI2MDkwNi4wIJJjKgBIAVAD&rclk=1
"Law Offices of Katrina M. Barnett, P.C.",corporate law firm,Chicago,IL,+1 312-725-0085,http://www.kmbarnettlaw.com/,info@kmbarnettlaw.com,68,"https://www.google.com/maps/place/Law+Offices+of+Katrina+M.+Barnett,+P.C./data=!4m7!3m6!1s0x880e2cac825a72e5:0x2ae2994383f23bc9!8m2!3d41.8896224!4d-87.6228785!16s%2Fg%2F11g6hv40b0!19sChIJ5XJagqwsDogRyTvyg0OZ4io?authuser=0&hl=en&g_ep=EgoyMDI2MDkwNi4wIJJjKgBIAVAD&rclk=1"
"Atom Law Group, LLC",corporate law firm,Chicago,IL,+1 312-943-8000,http://www.atomlawgroup.com/,info@atom.law,62,"https://www.google.com/maps/place/Atom+Law+Group,+LLC/data=!4m7!3m6!1s0x880fd34ca2924d71:0x19b7d81158a21b20!8m2!3d41.8963439!4d-87.6330612!16s%2Fg%2F1vyxj_ym!19sChIJcU2SokzTD4gRIBuiWBHYtxk?authuser=0&hl=en&g_ep=EgoyMDI2MDkwNi4wIJJjKgBIAVAD&rclk=1"
Sherwood Law Group,corporate law firm,Chicago,IL,+1 312-627-1650,http://www.sherwoodlawgroup.com/,info@sherwoodlawgroup.com,162,https://www.google.com/maps/place/Sherwood+Law+Group/data=!4m7!3m6!1s0x880e2cc8b030680d:0x810adbf93ff2084d!8m2!3d41.8864568!4d-87.6430753!16s%2Fg%2F12lkbh1wj!19sChIJDWgwsMgsDogRTQjyP_nbCoE?authuser=0&hl=en&g_ep=EgoyMDI2MDkwNi4wIJJjKgBIAVAD&rclk=1
Washington Law Offices,corporate law firm,Chicago,IL,+1 888-586-4441,https://www.ilwashingtonlaw.com/,,54,https://www.google.com/maps/place/Washington+Law+Offices/data=!4m7!3m6!1s0x880e2df614c8a1a9:0x10cc42684ec7f782!8m2!3d41.8833404!4d-87.6287211!16s%2Fg%2F11jn1sh50p!19sChIJqaHIFPYtDogRgvfHTmhCzBA?authuser=0&hl=en&g_ep=EgoyMDI2MDkwNi4wIJJjKgBIAVAD&rclk=1
Patterson Law Firm,corporate law firm,Chicago,IL,+1 312-223-1699,http://pattersonlawfirm.com/,mhaeberle@pattersonlawfirm.com,21,https://www.google.com/maps/place/Patterson+Law+Firm/data=!4m7!3m6!1s0x880faf4fa69526ed:0x7459600ea3cf06f6!8m2!3d41.8808687!4d-87.6342989!16s%2Fg%2F1td619z7!19sChIJ7SaVpk-vD4gR9gbPow5gWXQ?authuser=0&hl=en&g_ep=EgoyMDI2MDkwNi4wIJJjKgBIAVAD&rclk=1
"Law Offices of Douglas R. Johnson, PC",corporate law firm,Chicago,IL,+1 312-982-9600,https://illinoisattorney.com/?utm_source=google-local&utm_medium=organic&utm_campaign=1403,,57,"https://www.google.com/maps/place/Law+Offices+of+Douglas+R.+Johnson,+PC/data=!4m7!3m6!1s0x880e2cb05dc3b5dd:0xa48745f76f1be8b7!8m2!3d41.8861333!4d-87.6320156!16s%2Fg%2F1tf_1nnx!19sChIJ3bXDXbAsDogRt-gbb_dFh6Q?authuser=0&hl=en&g_ep=EgoyMDI2MDkwNi4wIJJjKgBIAVAD&rclk=1"
Pipovic Law Group,corporate law firm,Chicago,IL,+1 312-883-6973,https://oceanlawgrp.com/,,79,https://www.google.com/maps/place/Pipovic+Law+Group/data=!4m7!3m6!1s0x880fc9f24caa8733:0xa8f2ccfb6661d8cf!8m2!3d41.8907509!4d-87.6244914!16s%2Fg%2F11ghr0gj2x!19sChIJM4eqTPLJD4gRz9hhZvvM8qg?authuser=0&hl=en&g_ep=EgoyMDI2MDkwNi4wIJJjKgBIAVAD&rclk=1
Baker & McKenzie LLP,corporate law firm,Chicago,IL,+1 312-861-8000,http://www.bakermckenzie.com/,,24,https://www.google.com/maps/place/Baker+%26+McKenzie+LLP/data=!4m7!3m6!1s0x880e2ca60788fbb7:0x38e886606a4ffb2e!8m2!3d41.8846734!4d-87.6197907!16s%2Fg%2F1tg5_6m8!19sChIJt_uIB6YsDogRLvtPamCG6Dg?authuser=0&hl=en&g_ep=EgoyMDI2MDkwNi4wIJJjKgBIAVAD&rclk=1
"Business Law Group, LLC",business lawyer,Chicago,IL,+1 312-748-7118,https://chicagobusinessattorneys.net/,rvanosdol@thechicagobusinesslawyers.com,,"https://www.google.com/maps/place/Business+Law+Group,+LLC/data=!4m7!3m6!1s0x880e2dce9532044d:0x9f554692f4243082!8m2!3d41.8921756!4d-87.6366433!16s%2Fg%2F11q8y65mf8!19sChIJTQQylc4tDogRgjAk9JJGVZ8?authuser=0&hl=en&g_ep=EgoyMDI2MDkwNi4wIJJjKgBIAVAD&rclk=1"
KS Law Group,business lawyer,Chicago,IL,+1 773-205-2211,https://skadvocates.com/us/,,204,https://www.google.com/maps/place/KS+Law+Group/data=!4m7!3m6!1s0x880fcb07e2d4d71d:0x908308e9e89b994f!8m2!3d41.9378127!4d-87.8059834!16s%2Fg%2F11cs4jnb3c!19sChIJHdfU4gfLD4gRT5mb6OkIg5A?authuser=0&hl=en&g_ep=EgoyMDI2MDkwNi4wIJJjKgBIAVAD&rclk=1
Rifkind Patrick LLC,business lawyer,Chicago,IL,+1 312-725-4229,https://www.rifkindpatrick.com/?utm_source=GMB&utm_medium=organic&utm_campaign=Chicago,,61,https://www.google.com/maps/place/Rifkind+Patrick+LLC/data=!4m7!3m6!1s0x880e2cb9a782e38b:0xa1a3eba0e5a08fdb!8m2!3d41.9368755!4d-87.664388!16s%2Fg%2F11b7lhbj2n!19sChIJi-OCp7ksDogR24-g5aDro6E?authuser=0&hl=en&g_ep=EgoyMDI2MDkwNi4wIJJjKgBIAVAD&rclk=1
Bell & Shah,business lawyer,Chicago,IL,+1 773-635-0355,https://www.bellshah.com/,info@bellshah.com,94,https://www.google.com/maps/place/Bell+%26+Shah/data=!4m7!3m6!1s0x880fd292b850ee5d:0x6ae319e0d954d99d!8m2!3d41.9247658!4d-87.6785871!16s%2Fg%2F1w4f8q0v!19sChIJXe5QuJLSD4gRndlU2eAZ42o?authuser=0&hl=en&g_ep=EgoyMDI2MDkwNi4wIJJjKgBIAVAD&rclk=1
"Eydie R. Glassman, Esq. Legal & Consulting Services, LLC",business lawyer,Chicago,IL,+1 312-600-5001,https://ergjd.com/,info@ndiscovered.com,36,"https://www.google.com/maps/place/Eydie+R.+Glassman,+Esq.+Legal+%26+Consulting+Services,+LLC/data=!4m7!3m6!1s0x880e2d9c604298b9:0x77edf9c590a98ca0!8m2!3d41.8812417!4d-87.6391411!16s%2Fg%2F11ngkt0wmf!19sChIJuZhCYJwtDogRoIypkMX57Xc?authuser=0&hl=en&g_ep=EgoyMDI2MDkwNi4wIJJjKgBIAVAD&rclk=1"
Kasan Law,business lawyer,Chicago,IL,+1 312-300-6724,https://lawkasan.com/?utm_source=GMB++&utm_medium=Organic&utm_campaign=GMB_Chicago+,,52,https://www.google.com/maps/place/Kasan+Law/data=!4m7!3m6!1s0x880e2def21782ae3:0xba8d9f14360d9f26!8m2!3d41.8773593!4d-87.624657!16s%2Fg%2F11mglklykd!19sChIJ4yp4Ie8tDogRJp8NNhSfjbo?authuser=0&hl=en&g_ep=EgoyMDI2MDkwNi4wIJJjKgBIAVAD&rclk=1
Law Offices of R. Tamara de Silva,business lawyer,Chicago,IL,+1 312-500-8424,https://www.desilvalawoffices.com/,,33,https://www.google.com/maps/place/Law+Offices+of+R.+Tamara+de+Silva/data=!4m7!3m6!1s0x880e2cbcdf1e6cb5:0x419fdb9f9b81af89!8m2!3d41.8834084!4d-87.637378!16s%2Fg%2F1tnl1_1k!19sChIJtWwe37wsDogRia-Bm5_bn0E?authuser=0&hl=en&g_ep=EgoyMDI2MDkwNi4wIJJjKgBIAVAD&rclk=1
"Shipley Law Group, Ltd.",business lawyer,Chicago,IL,+1 312-527-4545,http://www.shipleylawgroup.com/,,,"https://www.google.com/maps/place/Shipley+Law+Group,+Ltd./data=!4m7!3m6!1s0x880e2cbb822df1f1:0x5f920d5114fc3ccf!8m2!3d41.8837477!4d-87.6330528!16s%2Fg%2F1tql5c4z!19sChIJ8fEtgrssDogRzzz8FFENkl8?authuser=0&hl=en&g_ep=EgoyMDI2MDkwNi4wIJJjKgBIAVAD&rclk=1"
"Indie Law, A Trademark Law Firm",business lawyer,Chicago,IL,+1 312-766-6889,https://www.indielaw.com/?utm_source=GMBmain&utm_medium=organic,,220,"https://www.google.com/maps/place/Indie+Law,+A+Trademark+Law+Firm/data=!4m7!3m6!1s0x880fd3a7d62b07b9:0x6b674defcef46884!8m2!3d41.9372941!4d-87.6483622!16s%2Fg%2F11dd_vl4l6!19sChIJuQcr1qfTD4gRhGj0zu9NZ2s?authuser=0&hl=en&g_ep=EgoyMDI2MDkwNi4wIJJjKgBIAVAD&rclk=1"
"Tomlinson & Shapiro, P.C.",business lawyer,Chicago,IL,+1 312-715-8770,http://www.tomlinsonshapiro.com/,,18,"https://www.google.com/maps/place/Tomlinson+%26+Shapiro,+P.C./data=!4m7!3m6!1s0x880fc9f3b5563bf7:0x3c811a312fbbecce!8m2!3d41.9778366!4d-87.8374239!16s%2Fg%2F11g_s2n2g!19sChIJ9ztWtfPJD4gRzuy7LzEagTw?authuser=0&hl=en&g_ep=EgoyMDI2MDkwNi4wIJJjKgBIAVAD&rclk=1"
Garza Law,business lawyer,Chicago,IL,+1 312-731-1353,,,104,https://www.google.com/maps/place/Garza+Law/data=!4m7!3m6!1s0x880e2d07328c67cd:0x5c0b4cdaf6a64a2!8m2!3d41.8580291!4d-87.6632286!16s%2Fg%2F11cjy02_zb!19sChIJzWeMMgctDogRomRqr820wAU?authuser=0&hl=en&g_ep=EgoyMDI2MDkwNi4wIJJjKgBIAVAD&rclk=1
"Marneris Law, P.C.",business lawyer,Chicago,IL,+1 312-243-6700,http://www.marnerislaw.com/,contact@marnerislaw.com,299,"https://www.google.com/maps/place/Marneris+Law,+P.C./data=!4m7!3m6!1s0x880e2cdb33acf265:0x80284e2f9a81994e!8m2!3d41.8790246!4d-87.65264!16s%2Fg%2F1tf31zt3!19sChIJZfKsM9ssDogRTpmBmi9OKIA?authuser=0&hl=en&g_ep=EgoyMDI2MDkwNi4wIJJjKgBIAVAD&rclk=1"
"Cameron & Kane, LLC.",business lawyer,Chicago,IL,+1 872-588-0727,https://www.cameronandkane.com/contact/,info@cameronandkane.com,50,"https://www.google.com/maps/place/Cameron+%26+Kane,+LLC./data=!4m7!3m6!1s0x880fcd745f526d3b:0x601d35ed182138e5!8m2!3d41.9208206!4d-87.6871275!16s%2Fg%2F11d_78gq7g!19sChIJO21SX3TND4gR5TghGO01HWA?authuser=0&hl=en&g_ep=EgoyMDI2MDkwNi4wIJJjKgBIAVAD&rclk=1"
Regas & Dallas P.C.,business lawyer,Chicago,IL,+1 312-702-1809,https://www.rfd-law.com/,,39,https://www.google.com/maps/place/Regas+%26+Dallas+P.C./data=!4m7!3m6!1s0x880e2cba56a9608f:0x17dbeab3eaaaafa6!8m2!3d41.8823133!4d-87.631134!16s%2Fg%2F1tjdxh4j!19sChIJj2CpVrosDogRpq-q6rPq2xc?authuser=0&hl=en&g_ep=EgoyMDI2MDkwNi4wIJJjKgBIAVAD&rclk=1
Criminal Defense Lawyer of Chicago,attorney at law,Chicago,IL,+1 312-600-0400,http://www.criminaldefenselawyerofchicago.com/,,79,https://www.google.com/maps/place/Criminal+Defense+Lawyer+of+Chicago/data=!4m7!3m6!1s0x880e2cbd23c5554b:0xc6887f555ba7e9d4!8m2!3d41.878013!4d-87.6295277!16s%2Fg%2F11h9xwgh0f!19sChIJS1XFI70sDogR1OmnW1V_iMY?authuser=0&hl=en&g_ep=EgoyMDI2MDkwNi4wIJJjKgBIAVAD&rclk=1
Luisi Legal Group,attorney at law,Chicago,IL,+1 773-276-5541,https://www.chicagocriminaldefenselawyer.net/?utm_source=google&utm_medium=Chicago_gmb&utm_campaign=gmb_website_button,,464,https://www.google.com/maps/place/Luisi+Legal+Group/data=!4m7!3m6!1s0x880fd2d024cb94a9:0x1f0d935d5e753bc9!8m2!3d41.9043482!4d-87.667301!16s%2Fg%2F1trc5kgj!19sChIJqZTLJNDSD4gRyTt1Xl2TDR8?authuser=0&hl=en&g_ep=EgoyMDI2MDkwNi4wIJJjKgBIAVAD&rclk=1
Law Offices of Mitch Furman | Chicago Criminal Defense Attorney | Chicago DUI Lawyer,attorney at law,Chicago,IL,+1 312-236-7078,https://chicagopremierattorney.com/,mitchfurmanlaw@gmail.com,138,https://www.google.com/maps/place/Law+Offices+of+Mitch+Furman+%7C+Chicago+Criminal+Defense+Attorney+%7C+Chicago+DUI+Lawyer/data=!4m7!3m6!1s0x880e2cb0c03ef4b3:0xb426ae0d307b55db!8m2!3d41.8864228!4d-87.6307475!16s%2Fg%2F1v6p9fcp!19sChIJs_Q-wLAsDogR21V7MA2uJrQ?authuser=0&hl=en&g_ep=EgoyMDI2MDkwNi4wIJJjKgBIAVAD&rclk=1
The Law Office of Purav Bhatt,attorney at law,Chicago,IL,+1 773-830-3711,https://bhattchicagodefenselaw.com/?utm_campaign=gmb&utm_medium=organic&utm_source=gmb,pbhatt@bhattlaw.com,355,https://www.google.com/maps/place/The+Law+Office+of+Purav+Bhatt/data=!4m7!3m6!1s0x880fcee4b8b2b5eb:0x6957030605947ed9!8m2!3d41.8582024!4d-87.6604771!16s%2Fg%2F1v_0kbhw!19sChIJ67WyuOTOD4gR2X6UBQYDV2k?authuser=0&hl=en&g_ep=EgoyMDI2MDkwNi4wIJJjKgBIAVAD&rclk=1
Chicago Trusted Attorneys,attorney at law,Chicago,IL,+1 312-519-3171,https://www.chicagotrustedattorneys.com/?utm_source=GMB&utm_medium=organic&utm_campaign=WestLakeStreet,,233,https://www.google.com/maps/place/Chicago+Trusted+Attorneys/data=!4m7!3m6!1s0x880e2d8d122924e3:0x8a68764d7a19995b!8m2!3d41.8862451!4d-87.6395362!16s%2Fg%2F11gmc9s75q!19sChIJ4yQpEo0tDogRW5kZek12aIo?authuser=0&hl=en&g_ep=EgoyMDI2MDkwNi4wIJJjKgBIAVAD&rclk=1
"Lori G Levin, Attorney at Law",attorney at law,Chicago,IL,+1 312-972-3756,http://www.lorilevinlaw.com/,,47,"https://www.google.com/maps/place/Lori+G+Levin,+Attorney+at+Law/data=!4m7!3m6!1s0x880e2cc09a78c1a7:0xc30b20b80458bd6c!8m2!3d41.8841352!4d-87.6331906!16s%2Fg%2F1tq8k3yx!19sChIJp8F4msAsDogRbL1YBLggC8M?authuser=0&hl=en&g_ep=EgoyMDI2MDkwNi4wIJJjKgBIAVAD&rclk=1"
Subscription Lawyer,attorney at law,Chicago,IL,+1 312-331-0087,https://www.subscriptionlawyer.com/,info@subscriptionlawyer.com,49,https://www.google.com/maps/place/Subscription+Lawyer/data=!4m7!3m6!1s0x880fc9939692f2fd:0xf86ac990a7f7df6f!8m2!3d41.9943524!4d-87.7846112!16s%2Fg%2F11vs5038nn!19sChIJ_fKSlpPJD4gRb9_3p5DJavg?authuser=0&hl=en&g_ep=EgoyMDI2MDkwNi4wIJJjKgBIAVAD&rclk=1
Attorneys of Chicago Personal Injury Lawyers,attorney at law,Chicago,IL,+1 872-253-6829,https://attorneysofchicago.com/?utm_source=google&utm_medium=organic&utm_campaign=gmb-chicago,intake@attorneysofchicago.com,139,https://www.google.com/maps/place/Attorneys+of+Chicago+Personal+Injury+Lawyers/data=!4m7!3m6!1s0x880e3f8afa2e462f:0xd5c35a37ac91610f!8m2!3d41.8840932!4d-87.6327556!16s%2Fg%2F11fv3by0n4!19sChIJL0Yu-oo_DogRD2GRrDdaw9U?authuser=0&hl=en&g_ep=EgoyMDI2MDkwNi4wIJJjKgBIAVAD&rclk=1
Uche Litigation - Criminal Defense & DUI Attorney Chicago,attorney at law,Chicago,IL,+1 312-858-8188,https://uchelitigation.com/,nenye.uche@uchelitigation.com,148,https://www.google.com/maps/place/Uche+Litigation+-+Criminal+Defense+%26+DUI+Attorney+Chicago/data=!4m7!3m6!1s0x880e2cab9f6d8cf9:0x9198ce3cc25aef95!8m2!3d41.8871643!4d-87.6626909!16s%2Fg%2F1pp2x8_t5!19sChIJ-Yxtn6ssDogRle9awjzOmJE?authuser=0&hl=en&g_ep=EgoyMDI2MDkwNi4wIJJjKgBIAVAD&rclk=1
Chicago DUI Lawyers,attorney at law,Chicago,IL,+1 312-756-8652,https://chicagoduilawyers.com/?utm_source=chicago&utm_medium=gmb,alex@ktenaslaw.com,172,https://www.google.com/maps/place/Chicago+DUI+Lawyers/data=!4m7!3m6!1s0x880e2d2fc9c344f5:0xfab73b6a4c6add52!8m2!3d41.8719221!4d-87.6858883!16s%2Fg%2F11hz6tv4yx!19sChIJ9UTDyS8tDogRUt1qTGo7t_o?authuser=0&hl=en&g_ep=EgoyMDI2MDkwNi4wIJJjKgBIAVAD&rclk=1
Law Offices of Darryl A. Goldberg,attorney at law,Chicago,IL,+1 773-683-2560,http://www.goldbergdefense.com/?npcmp=dir:local:3893809:60602,,94,https://www.google.com/maps/place/Law+Offices+of+Darryl+A.+Goldberg/data=!4m7!3m6!1s0x880e2cba56a9608f:0xffd74447dcb7b784!8m2!3d41.8829418!4d-87.6290323!16s%2Fg%2F1td38v18!19sChIJj2CpVrosDogRhLe33EdE1_8?authuser=0&hl=en&g_ep=EgoyMDI2MDkwNi4wIJJjKgBIAVAD&rclk=1
"Law Offices of Christopher K. Stos, LLC",commercial litigation law firm,Chicago,IL,+1 312-307-5589,https://stos-law.com/,cstos@stos-law.com,166,"https://www.google.com/maps/place/Law+Offices+of+Christopher+K.+Stos,+LLC/data=!4m7!3m6!1s0x880e2dd0fcd80deb:0x263a1f9b094649e2!8m2!3d41.8768849!4d-87.6499316!16s%2Fg%2F11k02d6tfc!19sChIJ6w3Y_NAtDogR4klGCZsfOiY?authuser=0&hl=en&g_ep=EgoyMDI2MDkwNi4wIJJjKgBIAVAD&rclk=1"
Markoff Leinberger,commercial litigation law firm,Chicago,IL,+1 312-726-4162,https://www.markleinlaw.com/,info@markleinlaw.com,10,https://www.google.com/maps/place/Markoff+Leinberger/data=!4m7!3m6!1s0x880e2cb9879a26d1:0xaf10ed1c23c04f6b!8m2!3d41.8790404!4d-87.637117!16s%2Fg%2F12lk_gwhm!19sChIJ0Saah7ksDogRa0_AIxztEK8?authuser=0&hl=en&g_ep=EgoyMDI2MDkwNi4wIJJjKgBIAVAD&rclk=1
"Loftus & Eisenberg, Ltd.",commercial litigation law firm,Chicago,IL,+1 312-899-6625,http://www.loftusandeisenberg.com/,info@expertise.com,36,"https://www.google.com/maps/place/Loftus+%26+Eisenberg,+Ltd./data=!4m7!3m6!1s0x880e2d67ffa2988b:0x60709b8020547f2c!8m2!3d41.881712!4d-87.633463!16s%2Fg%2F11qrbctp6n!19sChIJi5ii_2ctDogRLH9UIICbcGA?authuser=0&hl=en&g_ep=EgoyMDI2MDkwNi4wIJJjKgBIAVAD&rclk=1"
Clinton Law Firm,commercial litigation law firm,Chicago,IL,+1 312-357-1515,https://www.clintonlaw.net/?utm_source=google&utm_medium=local,,,https://www.google.com/maps/place/Clinton+Law+Firm/data=!4m7!3m6!1s0x880e2cbbcbe015c9:0xe63f4f993d5716a2!8m2!3d41.8829364!4d-87.6314575!16s%2Fg%2F1tg4xf5p!19sChIJyRXgy7ssDogRohZXPZlPP-Y?authuser=0&hl=en&g_ep=EgoyMDI2MDkwNi4wIJJjKgBIAVAD&rclk=1
"Gordon Gordon & Centracchio, LLP",commercial litigation law firm,Chicago,IL,+1 312-332-5200,https://ggclaw.com/,,117,"https://www.google.com/maps/place/Gordon+Gordon+%26+Centracchio,+LLP/data=!4m7!3m6!1s0x880e2cb73f8b3d37:0xc333c928b3ceb88d!8m2!3d41.8860546!4d-87.6330261!16s%2Fg%2F1v8l05qk!19sChIJNz2LP7csDogRjbjOsyjJM8M?authuser=0&hl=en&g_ep=EgoyMDI2MDkwNi4wIJJjKgBIAVAD&rclk=1"
"Andrew May, Attorney",commercial litigation law firm,Chicago,IL,+1 312-961-7394,https://www.hahnlaw.com/professionals/andrew-s-may/,,32,"https://www.google.com/maps/place/Andrew+May,+Attorney/data=!4m7!3m6!1s0x880e2cb82030d607:0xcbc8f394a32ef6ac!8m2!3d41.8846217!4d-87.6346133!16s%2Fg%2F12qgy6526!19sChIJB9YwILgsDogRrPYuo5TzyMs?authuser=0&hl=en&g_ep=EgoyMDI2MDkwNi4wIJJjKgBIAVAD&rclk=1"
Lavelle Law Ltd,commercial litigation law firm,Chicago,IL,+1 312-332-7555,https://www.lavellelaw.com/,info@lavellelaw.com,70,https://www.google.com/maps/place/Lavelle+Law+Ltd/data=!4m7!3m6!1s0x880e2cba07f00c73:0xe5c53ef69e2f1752!8m2!3d41.877761!4d-87.63225!16s%2Fg%2F11c3tr8gwt!19sChIJcwzwB7osDogRUhcvnvY-xeU?authuser=0&hl=en&g_ep=EgoyMDI2MDkwNi4wIJJjKgBIAVAD&rclk=1
JMC Law Group,commercial litigation law firm,Chicago,IL,+1 312-332-5020,http://www.jmclawgroup.com/,,59,https://www.google.com/maps/place/JMC+Law+Group/data=!4m7!3m6!1s0x880e2cbbe9bca5b5:0x973aa608a55834ec!8m2!3d41.8829364!4d-87.6314575!16s%2Fg%2F1263mdfzk!19sChIJtaW86bssDogR7DRYpQimOpc?authuser=0&hl=en&g_ep=EgoyMDI2MDkwNi4wIJJjKgBIAVAD&rclk=1
Drishti Law | Business & Trademark Law Firm,intellectual property law firm,Chicago,IL,+1 773-234-1139,http://www.drishtilaw.com/,info@drishtilaw.com,20,https://www.google.com/maps/place/Drishti+Law+%7C+Business+%26+Trademark+Law+Firm/data=!4m7!3m6!1s0x880e2d7abdf77d81:0x916603e744d67ccd!8m2!3d41.8835885!4d-87.6257326!16s%2Fg%2F11rqqhm5nb!19sChIJgX33vXotDogRzXzWROcDZpE?authuser=0&hl=en&g_ep=EgoyMDI2MDkwNi4wIJJjKgBIAVAD&rclk=1
Nyman IP LLC,intellectual property law firm,Chicago,IL,+1 312-487-2532,http://nymanip.com/,hello@nymanip.com,15,https://www.google.com/maps/place/Nyman+IP+LLC/data=!4m7!3m6!1s0x880e2ca237039bc7:0xf432d4d843b4851d!8m2!3d41.8823883!4d-87.6374629!16s%2Fg%2F11b7y9dx9f!19sChIJx5sDN6IsDogRHYW0Q9jUMvQ?authuser=0&hl=en&g_ep=EgoyMDI2MDkwNi4wIJJjKgBIAVAD&rclk=1
Faier & Faier Trademarks and Patents,intellectual property law firm,Chicago,IL,+1 312-382-9500,http://www.faier.com/,jmfaier@faier.com,18,https://www.google.com/maps/place/Faier+%26+Faier+Trademarks+and+Patents/data=!4m7!3m6!1s0x880e2cc16abb9131:0x8d7bf522abe2781f!8m2!3d41.8794923!4d-87.6419667!16s%2Fg%2F1v96mcml!19sChIJMZG7asEsDogRH3jiqyL1e40?authuser=0&hl=en&g_ep=EgoyMDI2MDkwNi4wIJJjKgBIAVAD&rclk=1
Chiacchio IP,intellectual property law firm,Chicago,IL,+1 312-815-2384,https://chiacchioip.com/,,19,https://www.google.com/maps/place/Chiacchio+IP/data=!4m7!3m6!1s0x880e2dfbd54889e9:0xbb10f40ed6bc585b!8m2!3d41.8870731!4d-87.6242091!16s%2Fg%2F11gr7q8cx1!19sChIJ6YlI1fstDogRW1i81g70ELs?authuser=0&hl=en&g_ep=EgoyMDI2MDkwNi4wIJJjKgBIAVAD&rclk=1
AU LLC,intellectual property law firm,Chicago,IL,+1 312-900-9426,https://au-llc.com/,,17,https://www.google.com/maps/place/AU+LLC/data=!4m7!3m6!1s0x880e2cc61698fc6f:0x1649c661252dfc7a!8m2!3d41.8862429!4d-87.6395364!16s%2Fg%2F11b5pkjb0z!19sChIJb_yYFsYsDogRevwtJWHGSRY?authuser=0&hl=en&g_ep=EgoyMDI2MDkwNi4wIJJjKgBIAVAD&rclk=1
Syed Law,intellectual property law firm,Chicago,IL,+1 312-618-0713,https://syedlawoffices.com/,,42,https://www.google.com/maps/place/Syed+Law/data=!4m7!3m6!1s0x880fcfbb8cea5c65:0xf6c3d132176886ad!8m2!3d41.8797204!4d-87.6363865!16s%2Fg%2F11jg47f7ws!19sChIJZVzqjLvPD4gRrYZoFzLRw_Y?authuser=0&hl=en&g_ep=EgoyMDI2MDkwNi4wIJJjKgBIAVAD&rclk=1
"The Law Offices of Konrad Sherinian, LLC",intellectual property law firm,Chicago,IL,+1 312-981-5004,https://sherinianlaw.net/,,,"https://www.google.com/maps/place/The+Law+Offices+of+Konrad+Sherinian,+LLC/data=!4m7!3m6!1s0x880e2cba07131bed:0x15e29307ead3de50!8m2!3d41.8823496!4d-87.6274354!16s%2Fg%2F12lkrkxwr!19sChIJ7RsTB7osDogRUN7T6geT4hU?authuser=0&hl=en&g_ep=EgoyMDI2MDkwNi4wIJJjKgBIAVAD&rclk=1"
Ana Law,intellectual property law firm,Chicago,IL,+1 307-207-8500,https://www.analaw.com/,hi@analaw.com,,https://www.google.com/maps/place/Ana+Law/data=!4m7!3m6!1s0x6fbb585e1f0aba53:0x3ec9584db399db83!8m2!3d41.8959265!4d-87.6123889!16s%2Fg%2F11ptt_b4sp!19sChIJU7oKH15Yu28Rg9uZs01YyT4?authuser=0&hl=en&g_ep=EgoyMDI2MDkwNi4wIJJjKgBIAVAD&rclk=1
Irwin IP LLP,intellectual property law firm,Chicago,IL,+1 312-667-6080,http://irwinip.com/,rbowland@irwinip.com,,https://www.google.com/maps/place/Irwin+IP+LLP/data=!4m7!3m6!1s0x880e48967c37cf69:0xd01724b88f4f3c13!8m2!3d41.8847641!4d-87.6373378!16s%2Fg%2F11cnphjxr3!19sChIJac83fJZIDogREzxPj7gkF9A?authuser=0&hl=en&g_ep=EgoyMDI2MDkwNi4wIJJjKgBIAVAD&rclk=1
Creative Genius Law,intellectual property law firm,Chicago,IL,+1 312-528-9259,http://www.creativegeniuslaw.com/,,35,https://www.google.com/maps/place/Creative+Genius+Law/data=!4m7!3m6!1s0x880e2971d0597bfb:0xc8fd4e168e6809b3!8m2!3d41.885073!4d-87.65426!16s%2Fg%2F11dzt3bx8l!19sChIJ-3tZ0HEpDogRswlojhZO_cg?authuser=0&hl=en&g_ep=EgoyMDI2MDkwNi4wIJJjKgBIAVAD&rclk=1
"Crossan Intellectual Property Law, LLC",intellectual property law firm,Chicago,IL,+1 312-498-2365,,,,"https://www.google.com/maps/place/Crossan+Intellectual+Property+Law,+LLC/data=!4m7!3m6!1s0x880fd35472b6e6ad:0xb2695b08fd98593a!8m2!3d41.8988207!4d-87.6230082!16s%2Fg%2F11bvtb0qtc!19sChIJrea2clTTD4gROlmY_QhbabI?authuser=0&hl=en&g_ep=EgoyMDI2MDkwNi4wIJJjKgBIAVAD&rclk=1"
"Phillips & Bathke, P.C.",intellectual property law firm,Chicago,IL,+1 708-967-5293,https://www.pb-iplaw.com/,john@bathkeip.com,,"https://www.google.com/maps/place/Phillips+%26+Bathke,+P.C./data=!4m7!3m6!1s0x880e2d1a1af4c08f:0xa4db3d21486ed3b2!8m2!3d41.8774716!4d-87.6295477!16s%2Fg%2F11l34fw8tb!19sChIJj8D0GhotDogRstNuSCE926Q?authuser=0&hl=en&g_ep=EgoyMDI2MDkwNi4wIJJjKgBIAVAD&rclk=1"
ABC Patent Services LLC,intellectual property law firm,Chicago,IL,+1 312-678-7338,https://abc-patent.com/,frank@abc-patent.com,,https://www.google.com/maps/place/ABC+Patent+Services+LLC/data=!4m7!3m6!1s0x880e2dd8cce780a5:0x2ca070558f94792e!8m2!3d41.8828932!4d-87.6349097!16s%2Fg%2F11fmb5n7z_!19sChIJpYDnzNgtDogRLnmUj1VwoCw?authuser=0&hl=en&g_ep=EgoyMDI2MDkwNi4wIJJjKgBIAVAD&rclk=1
Global IP Law Group LLC,intellectual property law firm,Chicago,IL,+1 312-241-1500,http://www.giplg.com/,,,https://www.google.com/maps/place/Global+IP+Law+Group+LLC/data=!4m7!3m6!1s0x880e2cbee269fbbb:0x7a84846a84bfb093!8m2!3d41.8803824!4d-87.629808!16s%2Fg%2F1tgyx906!19sChIJu_tp4r4sDogRk7C_hGqEhHo?authuser=0&hl=en&g_ep=EgoyMDI2MDkwNi4wIJJjKgBIAVAD&rclk=1
Chicago Patent Law,intellectual property law firm,Chicago,IL,+1 312-800-1843,https://www.chicagopatent.law/,furdock@chicagopatent.law,,https://www.google.com/maps/place/Chicago+Patent+Law/data=!4m7!3m6!1s0xa2cb12b2b35ec1b7:0x9b880d4c58337e51!8m2!3d41.8834728!4d-87.6291268!16s%2Fg%2F11zg1h610k!19sChIJt8Fes7ISy6IRUX4zWEwNiJs?authuser=0&hl=en&g_ep=EgoyMDI2MDkwNi4wIJJjKgBIAVAD&rclk=1
"Absolute Technology Law Group, LLC",intellectual property law firm,Chicago,IL,+1 312-981-0199,https://abtechlaw.com/,jw@abtechlaw.com,,"https://www.google.com/maps/place/Absolute+Technology+Law+Group,+LLC/data=!4m7!3m6!1s0x880e2cba080bdfed:0x6958b6d233ed36fe!8m2!3d41.8902461!4d-87.6319197!16s%2Fg%2F11gfk5htpn!19sChIJ7d8LCLosDogR_jbtM9K2WGk?authuser=0&hl=en&g_ep=EgoyMDI2MDkwNi4wIJJjKgBIAVAD&rclk=1"
McDonnell Boehnen Hulbert & Berghoff LLP,intellectual property law firm,Chicago,IL,+1 312-913-0001,http://www.mbhb.com/,wirt@mbhb.com,,https://www.google.com/maps/place/McDonnell+Boehnen+Hulbert+%26+Berghoff+LLP/data=!4m7!3m6!1s0x880e2cbfbf3f9823:0x940380cc569424ea!8m2!3d41.8777723!4d-87.6369952!16s%2Fg%2F1td619lj!19sChIJI5g_v78sDogR6iSUVsyAA5Q?authuser=0&hl=en&g_ep=EgoyMDI2MDkwNi4wIJJjKgBIAVAD&rclk=1
Zephyr Law | IP & Trademark Attorney,intellectual property law firm,Chicago,IL,+1 312-620-2856,https://zephyrlaw.com/,,,https://www.google.com/maps/place/Zephyr+Law+%7C+IP+%26+Trademark+Attorney/data=!4m7!3m6!1s0x880fd353caf80385:0x521ed23a97ccdce7!8m2!3d41.9565799!4d-87.6550913!16s%2Fg%2F11rxp8d22f!19sChIJhQP4ylPTD4gR59zMlzrSHlI?authuser=0&hl=en&g_ep=EgoyMDI2MDkwNi4wIJJjKgBIAVAD&rclk=1
Michael Ries LL.M in Intellectual Property Law,intellectual property law firm,Chicago,IL,+1 888-432-6775,,,,https://www.google.com/maps/place/Michael+Ries+LL.M+in+Intellectual+Property+Law/data=!4m7!3m6!1s0x880fd339bb8f9631:0x4ad0a3125e239a99!8m2!3d41.907098!4d-87.64174!16s%2Fg%2F11cn8_g4c3!19sChIJMZaPuznTD4gRmZojXhKj0Eo?authuser=0&hl=en&g_ep=EgoyMDI2MDkwNi4wIJJjKgBIAVAD&rclk=1
"Dragan Ivetic, Attorney at Law, LLC",intellectual property law firm,Chicago,IL,+1 312-216-5167,http://www.iveticlaw.com/,info@iveticlaw.com,,"https://www.google.com/maps/place/Dragan+Ivetic,+Attorney+at+Law,+LLC/data=!4m7!3m6!1s0x880e2d1d33f91d25:0x8777e128813b0349!8m2!3d41.8828847!4d-87.6289326!16s%2Fg%2F11q4dgg515!19sChIJJR35Mx0tDogRSQM7gSjhd4c?authuser=0&hl=en&g_ep=EgoyMDI2MDkwNi4wIJJjKgBIAVAD&rclk=1"
Niro Law Group,intellectual property law firm,Chicago,IL,+1 312-724-6561,http://nirolaw.com/,chris@nirolaw.com,,https://www.google.com/maps/place/Niro+Law+Group/data=!4m7!3m6!1s0x880e2cbbeaf9dc27:0xecc59dd56854de9a!8m2!3d41.8663293!4d-87.6238244!16s%2Fg%2F11cn5g9jcp!19sChIJJ9z56rssDogRmt5UaNWdxew?authuser=0&hl=en&g_ep=EgoyMDI2MDkwNi4wIJJjKgBIAVAD&rclk=1
Daniel Ross & Associates LLC Business and Intellectual Property Attorney,intellectual property law firm,Chicago,IL,+1 216-307-5590,http://www.danielrosslawfirm.com/,,,https://www.google.com/maps/place/Daniel+Ross+%26+Associates+LLC+Business+and+Intellectual+Property+Attorney/data=!4m7!3m6!1s0x880fcd5b0c7460d7:0x155f8ebe74b1af39!8m2!3d41.9337359!4d-87.7162621!16s%2Fg%2F11f92p_yn2!19sChIJ12B0DFvND4gROa-xdL6OXxU?authuser=0&hl=en&g_ep=EgoyMDI2MDkwNi4wIJJjKgBIAVAD&rclk=1
Sullivan & Carter LLP | Intellectual Property Law,intellectual property law firm,Chicago,IL,+1 929-724-7529,https://www.scip.law/contact,contact@scip.law,,https://www.google.com/maps/place/Sullivan+%26+Carter+LLP+%7C+Intellectual+Property+Law/data=!4m7!3m6!1s0x880fcd0c719d42e7:0xb82d4cf6e9e04679!8m2!3d41.9313507!4d-87.720604!16s%2Fg%2F11srgjmrn3!19sChIJ50KdcQzND4gReUbg6fZMLbg?authuser=0&hl=en&g_ep=EgoyMDI2MDkwNi4wIJJjKgBIAVAD&rclk=1
"Loftus Law, LLC",intellectual property law firm,Chicago,IL,+1 773-632-8330,http://www.loftus-law.com/,,81,"https://www.google.com/maps/place/Loftus+Law,+LLC/data=!4m7!3m6!1s0x880e2c98060dbc23:0x1330d7c7c4a947df!8m2!3d41.8750929!4d-87.6277653!16s%2Fg%2F11cjjth7q3!19sChIJI7wNBpgsDogR30epxMfXMBM?authuser=0&hl=en&g_ep=EgoyMDI2MDkwNi4wIJJjKgBIAVAD&rclk=1"
The Law Office of David Porter,employment law firm,Chicago,IL,+1 312-236-1207,http://www.chicago-employmentlawyer.com/,dporterlaw@ameritech.net,67,https://www.google.com/maps/place/The+Law+Office+of+David+Porter/data=!4m7!3m6!1s0x880fc149e77dd6db:0xaf6019b939cba54f!8m2!3d41.8827978!4d-87.6321728!16s%2Fg%2F1tgqk00k!19sChIJ29Z950nBD4gRT6XLObkZYK8?authuser=0&hl=en&g_ep=EgoyMDI2MDkwNi4wIJJjKgBIAVAD&rclk=1
Merrick Law Firm LLC,employment law firm,Chicago,IL,+1 312-269-0200,http://www.chicago-lawyer.net/,inquiries@merricklawfirm.com,51,https://www.google.com/maps/place/Merrick+Law+Firm+LLC/data=!4m7!3m6!1s0x880e2ca5f3011891:0xc2f8650d42da7607!8m2!3d41.8864228!4d-87.6307475!16s%2Fg%2F1td1kkw1!19sChIJkRgB86UsDogRB3baQg1l-MI?authuser=0&hl=en&g_ep=EgoyMDI2MDkwNi4wIJJjKgBIAVAD&rclk=1
Workplace Law Partners,employment law firm,Chicago,IL,+1 312-861-1800,https://www.fishlawfirm.com/,,291,https://www.google.com/maps/place/Workplace+Law+Partners/data=!4m7!3m6!1s0x880e2ca535bd956b:0x357d07507f3c7a4d!8m2!3d41.884942!4d-87.6241654!16s%2Fg%2F1td48kdw!19sChIJa5W9NaUsDogRTXo8f1AHfTU?authuser=0&hl=en&g_ep=EgoyMDI2MDkwNi4wIJJjKgBIAVAD&rclk=1
"Charles A. Krugel, Labor & Employment Law on Behalf of Business",employment law firm,Chicago,IL,+1 312-804-3851,http://charlesakrugel.com/,cak1@charlesakrugel.com,30,"https://www.google.com/maps/place/Charles+A.+Krugel,+Labor+%26+Employment+Law+on+Behalf+of+Business/data=!4m7!3m6!1s0x880e2c9a23c00001:0xe84421869be96a15!8m2!3d41.8700172!4d-87.6270451!16s%2Fg%2F11ggq_2v8q!19sChIJAQDAI5osDogRFWrpm4YhROg?authuser=0&hl=en&g_ep=EgoyMDI2MDkwNi4wIJJjKgBIAVAD&rclk=1"
Lisa Kane & Associates,employment law firm,Chicago,IL,+1 312-606-0383,https://www.lisakaneassociates.com/?utm_source=omg-gbp&utm_medium=webclick,lisakane@sbcglobal.net,46,https://www.google.com/maps/place/Lisa+Kane+%26+Associates/data=!4m7!3m6!1s0x880e2cbdca1443e3:0x330276ea0b1a7693!8m2!3d41.9005344!4d-87.6245932!16s%2Fg%2F1tdd5vn5!19sChIJ40MUyr0sDogRk3YaC-p2AjM?authuser=0&hl=en&g_ep=EgoyMDI2MDkwNi4wIJJjKgBIAVAD&rclk=1
The Friedman Firm,employment law firm,Chicago,IL,+1 312-886-0277,http://www.friedmanfirm.com/,,54,https://www.google.com/maps/place/The+Friedman+Firm/data=!4m7!3m6!1s0x880e2cbcdf1e6cb5:0x507cc46236cf2207!8m2!3d41.878025!4d-87.6296232!16s%2Fg%2F1th5d4b8!19sChIJtWwe37wsDogRByLPNmLEfFA?authuser=0&hl=en&g_ep=EgoyMDI2MDkwNi4wIJJjKgBIAVAD&rclk=1
"Ed Fox & Associates, Ltd.",employment law firm,Chicago,IL,+1 312-345-8877,http://www.efoxlaw.com/,,80,"https://www.google.com/maps/place/Ed+Fox+%26+Associates,+Ltd./data=!4m7!3m6!1s0x880e2cbedec34aa9:0x940bc7d4a750daa0!8m2!3d41.8838784!4d-87.6414055!16s%2Fg%2F1tffdskl!19sChIJqUrD3r4sDogRoNpQp9THC5Q?authuser=0&hl=en&g_ep=EgoyMDI2MDkwNi4wIJJjKgBIAVAD&rclk=1"
"STEPHEN A. GLICKMAN, P.C.",employment law firm,Chicago,IL,+1 312-960-9550,http://www.glickmanpc.com/,sglickman@glickmanpc.com,32,"https://www.google.com/maps/place/STEPHEN+A.+GLICKMAN,+P.C./data=!4m7!3m6!1s0x880e2cbb60ac9543:0x597eea6fd40bc075!8m2!3d41.8804135!4d-87.629781!16s%2Fg%2F1tgns7fy!19sChIJQ5WsYLssDogRdcAL1G_qflk?authuser=0&hl=en&g_ep=EgoyMDI2MDkwNi4wIJJjKgBIAVAD&rclk=1"
Werman Salas P.C.,employment law firm,Chicago,IL,+1 312-419-1008,https://www.flsalaw.com/,info@flsalaw.com,39,https://www.google.com/maps/place/Werman+Salas+P.C./data=!4m7!3m6!1s0x880e2cbae48014ab:0x921a2ef8a3cad130!8m2!3d41.8830825!4d-87.6304992!16s%2Fg%2F1tdcxp33!19sChIJqxSA5LosDogRMNHKo_guGpI?authuser=0&hl=en&g_ep=EgoyMDI2MDkwNi4wIJJjKgBIAVAD&rclk=1
Utreras Law Offices,employment law firm,Chicago,IL,+1 312-263-5580,http://www.utreraslaw.com/,,13,https://www.google.com/maps/place/Utreras+Law+Offices/data=!4m7!3m6!1s0x880e2cb738881b83:0xc32b8d0972152a04!8m2!3d41.8818438!4d-87.6312393!16s%2Fg%2F1v6wpxml!19sChIJgxuIOLcsDogRBCoVcgmNK8M?authuser=0&hl=en&g_ep=EgoyMDI2MDkwNi4wIJJjKgBIAVAD&rclk=1
Wanta Thome,employment law firm,Chicago,IL,+1 312-257-3934,https://www.wantathome.com/?utm_source=GBP&utm_medium=GBP&utm_campaign=GBP_Chicago&utm_id=GBP_Chicago,hello@wantathome.com,67,https://www.google.com/maps/place/Wanta+Thome/data=!4m7!3m6!1s0x880fd1f14c0fe273:0xd9826ecdb90fe830!8m2!3d41.8527225!4d-87.6537184!16s%2Fg%2F11sts2wh3t!19sChIJc-IPTPHRD4gRMOgPuc1ugtk?authuser=0&hl=en&g_ep=EgoyMDI2MDkwNi4wIJJjKgBIAVAD&rclk=1
Caffarelli & Martin Ltd,employment law firm,Chicago,IL,+1 312-763-6880,https://caffarelli.com/,,18,https://www.google.com/maps/place/Caffarelli+%26+Martin+Ltd/data=!4m7!3m6!1s0x880e2ca3c761e01b:0xdd8a6e7c70342476!8m2!3d41.8818933!4d-87.6249046!16s%2Fg%2F11btn1b6_0!19sChIJG-Bhx6MsDogRdiQ0cHxuit0?authuser=0&hl=en&g_ep=EgoyMDI2MDkwNi4wIJJjKgBIAVAD&rclk=1
Barrett & Farahany,employment law firm,Chicago,IL,+1 773-337-7999,https://www.justiceatwork.com/?utm_source=googlemybusiness&utm_medium=search&utm_campaign=Chicago,workers@dc.gov,18,https://www.google.com/maps/place/Barrett+%26+Farahany/data=!4m7!3m6!1s0x665c36952e684d79:0x383e2abcf8b7260!8m2!3d41.8864228!4d-87.6307475!16s%2Fg%2F11krbzjy8v!19sChIJeU1oLpU2XGYRYHKLz6vigwM?authuser=0&hl=en&g_ep=EgoyMDI2MDkwNi4wIJJjKgBIAVAD&rclk=1
Law Office of Julie O. Herrera,employment law firm,Chicago,IL,+1 312-479-3014,http://www.julieherreralaw.com/,jherrera@julieherreralaw.com,29,https://www.google.com/maps/place/Law+Office+of+Julie+O.+Herrera/data=!4m7!3m6!1s0x880e2cbcdf1b5d2f:0x88424e5b099275bd!8m2!3d41.8784837!4d-87.6320557!16s%2Fg%2F11yx7qgz9!19sChIJL10b37wsDogRvXWSCVtOQog?authuser=0&hl=en&g_ep=EgoyMDI2MDkwNi4wIJJjKgBIAVAD&rclk=1
"Katz, Friedman, Eisenstein, Johnson, Bareck & Bertuca",employment law firm,Chicago,IL,+1 312-724-5846,https://www.kfeej.com/?npcmp=dir:local:2336127:60654,,226,"https://www.google.com/maps/place/Katz,+Friedman,+Eisenstein,+Johnson,+Bareck+%26+Bertuca/data=!4m7!3m6!1s0x880e2cbae48014ab:0xafe72f14d4bb9d4e!8m2!3d41.8882322!4d-87.630592!16s%2Fg%2F1tfdf14k!19sChIJqxSA5LosDogRTp271BQv568?authuser=0&hl=en&g_ep=EgoyMDI2MDkwNi4wIJJjKgBIAVAD&rclk=1"
Mitchell A Kline Law Office,employment law firm,Chicago,IL,+1 312-558-1454,https://www.mitchellkline.com/,mkline@mitchellkline.com,22,https://www.google.com/maps/place/Mitchell+A+Kline+Law+Office/data=!4m7!3m6!1s0x880e2cb0981a2391:0xd9d4e51741aaa55c!8m2!3d41.8860587!4d-87.6322046!16s%2Fg%2F1tfvtjc1!19sChIJkSMamLAsDogRXKWqQRfl1Nk?authuser=0&hl=en&g_ep=EgoyMDI2MDkwNi4wIJJjKgBIAVAD&rclk=1
"Case + Sedey, LLC",employment law firm,Chicago,IL,+1 312-920-0400,http://www.caseandsedey.com/,,40,"https://www.google.com/maps/place/Case+%2B+Sedey,+LLC/data=!4m7!3m6!1s0x880e2cbf0b131dcb:0xd784067fae61989e!8m2!3d41.8784014!4d-87.6373138!16s%2Fg%2F1tggv2x8!19sChIJyx0TC78sDogRnphhrn8GhNc?authuser=0&hl=en&g_ep=EgoyMDI2MDkwNi4wIJJjKgBIAVAD&rclk=1"
"Savine Employment Law, Ltd.",employment law firm,Chicago,IL,+1 312-788-2668,http://savinelaw.com/,,,"https://www.google.com/maps/place/Savine+Employment+Law,+Ltd./data=!4m7!3m6!1s0x880e2cbf4401dfe7:0x1179cb599e0fc185!8m2!3d41.8796397!4d-87.6374674!16s%2Fg%2F11c2pq2tbh!19sChIJ598BRL8sDogRhcEPnlnLeRE?authuser=0&hl=en&g_ep=EgoyMDI2MDkwNi4wIJJjKgBIAVAD&rclk=1"
Vaziri Law LLC,employment law firm,Chicago,IL,+1 312-690-2610,https://usattorneys.com/law-firm/vaziri-law-llc/,pvaziri@vaziri.law,57,https://www.google.com/maps/place/Vaziri+Law+LLC/data=!4m7!3m6!1s0x880e2cbbb2eaaaab:0xc10e164d797a840e!8m2!3d41.8829364!4d-87.6314575!16s%2Fg%2F11f3tz99pz!19sChIJq6rqsrssDogRDoR6eU0WDsE?authuser=0&hl=en&g_ep=EgoyMDI2MDkwNi4wIJJjKgBIAVAD&rclk=1
Maduff & Maduff LLC,employment law firm,Chicago,IL,+1 312-276-9000,http://www.madufflaw.com/,,44,https://www.google.com/maps/place/Maduff+%26+Maduff+LLC/data=!4m7!3m6!1s0x880e2caf419e3a67:0x542fc3543e9d08e!8m2!3d41.8859674!4d-87.6235552!16s%2Fg%2F1wg5ylcv!19sChIJZzqeQa8sDogRjtDpQzX8QgU?authuser=0&hl=en&g_ep=EgoyMDI2MDkwNi4wIJJjKgBIAVAD&rclk=1
"Stowell & Friedman, Ltd.",employment law firm,Chicago,IL,+1 312-431-0888,http://www.stowellfriedman.com/,curleysettlement@atticusadmin.com,,"https://www.google.com/maps/place/Stowell+%26+Friedman,+Ltd./data=!4m7!3m6!1s0x880e2cbd2ca9f05f:0x2af89c96b4acf346!8m2!3d41.8815173!4d-87.6355368!16s%2Fg%2F1td0h2d3!19sChIJX_CpLL0sDogRRvOstJac-Co?authuser=0&hl=en&g_ep=EgoyMDI2MDkwNi4wIJJjKgBIAVAD&rclk=1"
Billhorn Law Firm,employment law firm,Chicago,IL,+1 888-408-0401,http://www.billhornlaw.com/,,,https://www.google.com/maps/place/Billhorn+Law+Firm/data=!4m7!3m6!1s0x880e2ca4a50dc47d:0xc2d665bd2a559f99!8m2!3d41.8774724!4d-87.629551!16s%2Fg%2F1tsbmq23!19sChIJfcQNpaQsDogRmZ9VKr1l1sI?authuser=0&hl=en&g_ep=EgoyMDI2MDkwNi4wIJJjKgBIAVAD&rclk=1
Nolan Law Office,employment law firm,Chicago,IL,+1 312-322-1100,https://www.nolanwagelaw.com/,,,https://www.google.com/maps/place/Nolan+Law+Office/data=!4m7!3m6!1s0x880e2cbcdf1e6cb5:0x656305c16b8b2e84!8m2!3d41.8774724!4d-87.629551!16s%2Fg%2F1tkjlsk3!19sChIJtWwe37wsDogRhC6La8EFY2U?authuser=0&hl=en&g_ep=EgoyMDI2MDkwNi4wIJJjKgBIAVAD&rclk=1
Pedersen & Weinstein LLP,employment law firm,Chicago,IL,+1 312-322-0710,https://www.pwllp.com/,,12,https://www.google.com/maps/place/Pedersen+%26+Weinstein+LLP/data=!4m7!3m6!1s0x880e2ca3ac384741:0xb68a09896d87ab09!8m2!3d41.878524!4d-87.6316398!16s%2Fg%2F1tgpt5wx!19sChIJQUc4rKMsDogRCauHbYkJirY?authuser=0&hl=en&g_ep=EgoyMDI2MDkwNi4wIJJjKgBIAVAD&rclk=1
Law Office Of Lori D Ecker,employment law firm,Chicago,IL,+1 312-855-1880,http://loriecker.com/,,17,https://www.google.com/maps/place/Law+Office+Of+Lori+D+Ecker/data=!4m7!3m6!1s0x880e2cba09add90b:0x8058abcf70cb1400!8m2!3d41.8813955!4d-87.6318626!16s%2Fg%2F1th0nh3d!19sChIJC9mtCbosDogRABTLcM-rWIA?authuser=0&hl=en&g_ep=EgoyMDI2MDkwNi4wIJJjKgBIAVAD&rclk=1
The Longhorn Lawyer,law firm,Houston,TX,+1 713-651-1037,"http://www.waltermartinlaw.com/?utm_source=GMBSocialClimb&utm_medium=TheMartinLawFirm,PLLC",w.martin@waltermartinlaw.com,153,https://www.google.com/maps/place/The+Longhorn+Lawyer/data=!4m7!3m6!1s0x8640c7541f5fbd67:0x98f4f4dd2e2e19b5!8m2!3d29.758489!4d-95.3652906!16s%2Fg%2F1ptyf697k!19sChIJZ71fH1THQIYRtRkuLt309Jg?authuser=0&hl=en&g_ep=EgoyMDI2MDkwNi4wIJJjKgBIAVAD&rclk=1
The Atlas Law Firm Pllc,law firm,Houston,TX,+1 832-979-4178,https://www.atlasfirm.law/?utm_source=gbp&utm_campaign=Houston,info@atlasfirm.law,48,https://www.google.com/maps/place/The+Atlas+Law+Firm+Pllc/data=!4m7!3m6!1s0x8640db2cfb5239a9:0x703fe622c2537f24!8m2!3d29.7834984!4d-95.5935235!16s%2Fg%2F11yksqzlph!19sChIJqTlS-yzbQIYRJH9TwiLmP3A?authuser=0&hl=en&g_ep=EgoyMDI2MDkwNi4wIJJjKgBIAVAD&rclk=1
The Ammons Law Firm,law firm,Houston,TX,+1 281-801-5617,https://ammonslaw.com/,info@ammonslaw.com,122,https://www.google.com/maps/place/The+Ammons+Law+Firm/data=!4m7!3m6!1s0x8640bf62e4a48c1b:0xc2bf924141c0ecff!8m2!3d29.739363!4d-95.391513!16s%2Fg%2F1tgk101t!19sChIJG4yk5GK_QIYR_-zAQUGSv8I?authuser=0&hl=en&g_ep=EgoyMDI2MDkwNi4wIJJjKgBIAVAD&rclk=1
The Lane Law Firm,law firm,Houston,TX,+1 713-595-8200,https://www.lanelaw.com/,,112,https://www.google.com/maps/place/The+Lane+Law+Firm/data=!4m7!3m6!1s0x8640c16411ff9365:0x3b350625df4ef986!8m2!3d29.7147448!4d-95.5054586!16s%2Fg%2F1tqtb1ds!19sChIJZZP_EWTBQIYRhvlO3yUGNTs?authuser=0&hl=en&g_ep=EgoyMDI2MDkwNi4wIJJjKgBIAVAD&rclk=1
"The Lanier Law Firm, PC",law firm,Houston,TX,+1 713-659-5200,https://www.lanierlawfirm.com/houston/?utm_source=google&utm_medium=organic&utm_campaign=gbp-houston,,146,"https://www.google.com/maps/place/The+Lanier+Law+Firm,+PC/data=!4m7!3m6!1s0x8640cdc62e13e5bd:0xb0e8094100e30356!8m2!3d29.9230638!4d-95.5541623!16s%2Fg%2F1tcwlyvl!19sChIJveUTLsbNQIYRVgPjAEEJ6LA?authuser=0&hl=en&g_ep=EgoyMDI2MDkwNi4wIJJjKgBIAVAD&rclk=1"
Law Offices of Jason S Hegedus PLLC,law firm,Houston,TX,+1 954-800-4349,https://personalinjuryhegalaw.com/,,93,https://www.google.com/maps/place/Law+Offices+of+Jason+S+Hegedus+PLLC/data=!4m7!3m6!1s0x8640c726647f47e7:0x4450f6ff90dac975!8m2!3d29.8115809!4d-95.4391071!16s%2Fg%2F11st9jh_8w!19sChIJ50d_ZCbHQIYRdcnakP_2UEQ?authuser=0&hl=en&g_ep=EgoyMDI2MDkwNi4wIJJjKgBIAVAD&rclk=1
Sneed & Mitchell LLP - Catastrophic & Wrongful Death Lawyers®,law firm,Houston,TX,+1 713-800-6676,http://sneedmitchell.com/,,443,https://www.google.com/maps/place/Sneed+%26+Mitchell+LLP+-+Catastrophic+%26+Wrongful+Death+Lawyers%C2%AE/data=!4m7!3m6!1s0x8640c17be98110bb:0xd862c9f4eab2eeec!8m2!3d29.7204344!4d-95.4178022!16s%2Fg%2F11f5_741n2!19sChIJuxCB6XvBQIYR7O6y6vTJYtg?authuser=0&hl=en&g_ep=EgoyMDI2MDkwNi4wIJJjKgBIAVAD&rclk=1
The Martinez Law Firm,law firm,Houston,TX,+1 713-242-1779,https://www.martinezlawhouston.com/?utm_source=google&utm_medium=gbp,herman@martinezlawhouston.com,314,https://www.google.com/maps/place/The+Martinez+Law+Firm/data=!4m7!3m6!1s0x8640bf8b28c9ca65:0x2001f2fc1ff515d3!8m2!3d29.7564157!4d-95.343782!16s%2Fg%2F1tfs1g3s!19sChIJZcrJKIu_QIYR0xX1H_zyASA?authuser=0&hl=en&g_ep=EgoyMDI2MDkwNi4wIJJjKgBIAVAD&rclk=1
Terry Bryant Accident & Injury Law,law firm,Houston,TX,+1 936-274-6917,https://www.terrybryant.com/?utm_source=Local&utm_medium=organic&utm_campaign=GMB,,489,https://www.google.com/maps/place/Terry+Bryant+Accident+%26+Injury+Law/data=!4m7!3m6!1s0x8640c414c6ec33c9:0x8bbdbead96c270a2!8m2!3d29.786752!4d-95.4976792!16s%2Fg%2F1tsbmhn9!19sChIJyTPsxhTEQIYRonDClq2-vYs?authuser=0&hl=en&g_ep=EgoyMDI2MDkwNi4wIJJjKgBIAVAD&rclk=1
"The West Law Office, PLLC",law firm,Houston,TX,+1 281-347-3247,https://www.houstonpersonalinjury.law/,,87,"https://www.google.com/maps/place/The+West+Law+Office,+PLLC/data=!4m7!3m6!1s0x8640db4124d4f92d:0x3040c79b3b092792!8m2!3d29.7743452!4d-95.6448419!16s%2Fg%2F11yb37z8t!19sChIJLfnUJEHbQIYRkicJO5vHQDA?authuser=0&hl=en&g_ep=EgoyMDI2MDkwNi4wIJJjKgBIAVAD&rclk=1"
Taylor Law Firm,law firm,Houston,TX,+1 713-487-5134,https://www.rasheedthelawyer.com/?npcmp=dir:local:4889756:77054,,133,https://www.google.com/maps/place/Taylor+Law+Firm/data=!4m7!3m6!1s0x8640c31e47854aa7:0x84961630227acfd8!8m2!3d29.6784492!4d-95.4198922!16s%2Fg%2F113gt272n!19sChIJp0qFRx7DQIYR2M96IjAWloQ?authuser=0&hl=en&g_ep=EgoyMDI2MDkwNi4wIJJjKgBIAVAD&rclk=1
Sorrels Law,law firm,Houston,TX,+1 713-496-1100,https://www.sorrelslaw.com/,%20help@sorrelslaw.com,173,https://www.google.com/maps/place/Sorrels+Law/data=!4m7!3m6!1s0x8640c18c953f1639:0x19749940b7c9e5e8!8m2!3d29.764082!4d-95.4212298!16s%2Fg%2F11nmp28fh6!19sChIJORY_lYzBQIYR6OXJt0CZdBk?authuser=0&hl=en&g_ep=EgoyMDI2MDkwNi4wIJJjKgBIAVAD&rclk=1
"Law Office of David A. Fernandez, PC",law office,Houston,TX,+1 713-893-3244,http://www.yourhoustonconsumerattorney.com/,,444,"https://www.google.com/maps/place/Law+Office+of+David+A.+Fernandez,+PC/data=!4m7!3m6!1s0x8640c14bd50fe6cb:0xc12af5ee4d76de08!8m2!3d29.8121623!4d-95.4396362!16s%2Fg%2F12qh4vffn!19sChIJy-YP1UvBQIYRCN52Te71KsE?authuser=0&hl=en&g_ep=EgoyMDI2MDkwNi4wIJJjKgBIAVAD&rclk=1"
Walker Texas Lawyer,law office,Houston,TX,+1 713-903-2481,https://walkertexaslawyer.com/,info@walkertexaslawyer.us,306,https://www.google.com/maps/place/Walker+Texas+Lawyer/data=!4m7!3m6!1s0x8640c08ef5fe98a3:0x1c4edff359b82588!8m2!3d29.7368149!4d-95.437057!16s%2Fg%2F1tdp0vp0!19sChIJo5j-9Y7AQIYRiCW4WfPfThw?authuser=0&hl=en&g_ep=EgoyMDI2MDkwNi4wIJJjKgBIAVAD&rclk=1
The Santos Law Firm,law office,Houston,TX,+1 832-930-2922,https://thesantoslawfirm.com/,info@thesantoslawfirm.com,392,https://www.google.com/maps/place/The+Santos+Law+Firm/data=!4m7!3m6!1s0x8640c75ebea0e1a9:0x78c853f5fda4984f!8m2!3d29.7636518!4d-95.4594256!16s%2Fg%2F11dfj0lzl2!19sChIJqeGgvl7HQIYRT5ik_fVTyHg?authuser=0&hl=en&g_ep=EgoyMDI2MDkwNi4wIJJjKgBIAVAD&rclk=1
"Universal Law Group, PLLC",law office,Houston,TX,+1 832-767-0339,https://ulg.law/?utm_source=gbp&utm_medium=ulggbp,info@ulg.law,370,"https://www.google.com/maps/place/Universal+Law+Group,+PLLC/data=!4m7!3m6!1s0x8640dcc6435e71d1:0xe68f06244ede5e77!8m2!3d29.7282015!4d-95.5553703!16s%2Fg%2F1tdpgl8f!19sChIJ0XFeQ8bcQIYRd17eTiQGj-Y?authuser=0&hl=en&g_ep=EgoyMDI2MDkwNi4wIJJjKgBIAVAD&rclk=1"
Law Office of Vivian Nguyen,law office,Houston,TX,+1 346-297-0188,http://vnguyenlaw.com/,,177,https://www.google.com/maps/place/Law+Office+of+Vivian+Nguyen/data=!4m7!3m6!1s0x8640d968b8926903:0xabeb043144c6f05!8m2!3d29.7811534!4d-95.626656!16s%2Fg%2F11bbrpn8r6!19sChIJA2mSuGjZQIYRBW9MFEOwvgo?authuser=0&hl=en&g_ep=EgoyMDI2MDkwNi4wIJJjKgBIAVAD&rclk=1
Goldberg Law Office,law office,Houston,TX,+1 713-942-0600,http://www.lawgoldberg.com/,sara@lawgoldberg.com,87,https://www.google.com/maps/place/Goldberg+Law+Office/data=!4m7!3m6!1s0x8640bf82b19729d1:0xbccad60acab62275!8m2!3d29.7182351!4d-95.3753855!16s%2Fg%2F1td4khgw!19sChIJ0SmXsYK_QIYRdSK2ygrWyrw?authuser=0&hl=en&g_ep=EgoyMDI2MDkwNi4wIJJjKgBIAVAD&rclk=1
Sanchez Law Firm,law office,Houston,TX,+1 713-780-7745,http://www.sanchezlawfirm.com/,,70,https://www.google.com/maps/place/Sanchez+Law+Firm/data=!4m7!3m6!1s0x8640bf3b2624b993:0xf13928ed2f546faf!8m2!3d29.8481261!4d-95.5068553!16s%2Fg%2F11btxg3zg_!19sChIJk7kkJju_QIYRr29UL-0oOfE?authuser=0&hl=en&g_ep=EgoyMDI2MDkwNi4wIJJjKgBIAVAD&rclk=1
"The Law Offices of Antonio Benavides, P.C.",law office,Houston,TX,+1 713-455-5551,,,182,"https://www.google.com/maps/place/The+Law+Offices+of+Antonio+Benavides,+P.C./data=!4m7!3m6!1s0x8640a37fd8b85c31:0x3fe706d61bd2f9fd!8m2!3d29.780131!4d-95.18643!16s%2Fg%2F1thtdj00!19sChIJMVy42H-jQIYR_fnSG9YG5z8?authuser=0&hl=en&g_ep=EgoyMDI2MDkwNi4wIJJjKgBIAVAD&rclk=1"
"The Law Office of Ernie Garcia, PLLC",law office,Houston,TX,+1 832-305-7694,http://www.attorneyeg.com/,info@attorneyeg.com,198,"https://www.google.com/maps/place/The+Law+Office+of+Ernie+Garcia,+PLLC/data=!4m7!3m6!1s0x8640c25473685341:0x2b8b191193809c4e!8m2!3d29.6786215!4d-95.4211756!16s%2Fg%2F11f3r4n6bz!19sChIJQVNoc1TCQIYRTpyAkxEZiys?authuser=0&hl=en&g_ep=EgoyMDI2MDkwNi4wIJJjKgBIAVAD&rclk=1"
Walker Law Office,law office,Houston,TX,+1 713-228-2611,https://www.walkerlawhouston.com/?utm_source=google-local&utm_medium=organic&utm_campaign=2045,,256,https://www.google.com/maps/place/Walker+Law+Office/data=!4m7!3m6!1s0x8640c07d09259661:0xce81e07c2815e3c1!8m2!3d29.7633422!4d-95.3602658!16s%2Fg%2F11c60jrtjl!19sChIJYZYlCX3AQIYRweMVKHzggc4?authuser=0&hl=en&g_ep=EgoyMDI2MDkwNi4wIJJjKgBIAVAD&rclk=1
"The S Davis Law Group, PLLC",corporate law firm,Houston,TX,+1 832-819-5294,http://www.thesdavislawgroup.com/,hello@sdavislawgroup.com,48,"https://www.google.com/maps/place/The+S+Davis+Law+Group,+PLLC/data=!4m7!3m6!1s0x8640c15dc6883f91:0x93e80051b7168c6d!8m2!3d29.8080261!4d-95.436887!16s%2Fg%2F11b73jm10h!19sChIJkT-Ixl3BQIYRbYwWt1EA6JM?authuser=0&hl=en&g_ep=EgoyMDI2MDkwNi4wIJJjKgBIAVAD&rclk=1"
"KVM Law Firm, PLLC",corporate law firm,Houston,TX,+1 832-797-8611,http://kvmlawfirm.com/,kenneth@kvmlawfirm.com,35,"https://www.google.com/maps/place/KVM+Law+Firm,+PLLC/data=!4m7!3m6!1s0x8640cd34e1336527:0xe50d889718c0c1eb!8m2!3d29.7817684!4d-95.4347888!16s%2Fg%2F11yy9d89w0!19sChIJJ2Uz4TTNQIYR68HAGJeIDeU?authuser=0&hl=en&g_ep=EgoyMDI2MDkwNi4wIJJjKgBIAVAD&rclk=1"
Texas Real Estate & Business Law Firm PLLC,corporate law firm,Houston,TX,+1 832-205-8144,https://www.treblegal.com/,,256,https://www.google.com/maps/place/Texas+Real+Estate+%26+Business+Law+Firm+PLLC/data=!4m7!3m6!1s0x4e5022ca02477e43:0x18ecf5c1050a1279!8m2!3d29.7364389!4d-95.5417747!16s%2Fg%2F11sqr2_f58!19sChIJQ35HAsoiUE4ReRIKBcH17Bg?authuser=0&hl=en&g_ep=EgoyMDI2MDkwNi4wIJJjKgBIAVAD&rclk=1
Cory Fein Law Firm,corporate law firm,Houston,TX,+1 713-730-5001,http://www.coryfeinlaw.com/,cory@coryfeinlaw.com,21,https://www.google.com/maps/place/Cory+Fein+Law+Firm/data=!4m7!3m6!1s0x8640bf3ade1e178d:0xbca39a101034cb1a!8m2!3d29.8449317!4d-95.5019611!16s%2Fg%2F11dfgprjv5!19sChIJjRce3jq_QIYRGss0EBCao7w?authuser=0&hl=en&g_ep=EgoyMDI2MDkwNi4wIJJjKgBIAVAD&rclk=1
Integrity Law Group PLLC,corporate law firm,Houston,TX,+1 832-280-9221,https://integritylawtx.com/?utm_source=google&utm_medium=gbp&utm_campaign=houston,service@integritylawtx.com,75,https://www.google.com/maps/place/Integrity+Law+Group+PLLC/data=!4m7!3m6!1s0x8640c3b19994ee05:0x7dd36fe68b16f6bf!8m2!3d29.8133431!4d-95.4596386!16s%2Fg%2F11k58fhrkg!19sChIJBe6UmbHDQIYRv_YWi-Zv030?authuser=0&hl=en&g_ep=EgoyMDI2MDkwNi4wIJJjKgBIAVAD&rclk=1
The Devenere Law Collective,corporate law firm,Houston,TX,+1 713-254-1157,https://www.devenerelaw.com/?utm_source=google&utm_medium=organic&utm_campaign=gbp,devenere@devenerelaw.com,53,https://www.google.com/maps/place/The+Devenere+Law+Collective/data=!4m7!3m6!1s0x8640bfc67ceab259:0x75c28c04039ab1d7!8m2!3d29.7629783!4d-95.3647727!16s%2Fg%2F11s6106xns!19sChIJWbLqfMa_QIYR17GaAwSMwnU?authuser=0&hl=en&g_ep=EgoyMDI2MDkwNi4wIJJjKgBIAVAD&rclk=1
The Kruckemeyer Law Firm,corporate law firm,Houston,TX,+1 713-364-0148,https://www.kruckemeyerlaw.com/?npcmp=dir:local:3398346:77007,,29,https://www.google.com/maps/place/The+Kruckemeyer+Law+Firm/data=!4m7!3m6!1s0x8640bf2fb3457ef9:0x6dfb7661138eca4!8m2!3d29.7646666!4d-95.419143!16s%2Fg%2F1tkf1bz6!19sChIJ-X5Fsy-_QIYRpOw4EWa33wY?authuser=0&hl=en&g_ep=EgoyMDI2MDkwNi4wIJJjKgBIAVAD&rclk=1
Hendershot Cowart P.C.,corporate law firm,Houston,TX,+1 713-388-6476,https://www.hchlawyers.com/,,131,https://www.google.com/maps/place/Hendershot+Cowart+P.C./data=!4m7!3m6!1s0x8640c3e04d146a09:0xc5658dbd1777888f!8m2!3d29.7481976!4d-95.480132!16s%2Fg%2F1tdnlhq_!19sChIJCWoUTeDDQIYRj4h3F72NZcU?authuser=0&hl=en&g_ep=EgoyMDI2MDkwNi4wIJJjKgBIAVAD&rclk=1
"Holmes Law, PLLC",corporate law firm,Houston,TX,+1 832-509-0445,https://www.houstonbusinesslawyers.net/,,139,"https://www.google.com/maps/place/Holmes+Law,+PLLC/data=!4m7!3m6!1s0x8640c0a871638545:0x7652765ec812ed28!8m2!3d29.836095!4d-95.46119!16s%2Fg%2F11c2cyxk71!19sChIJRYVjcajAQIYRKO0SyF52UnY?authuser=0&hl=en&g_ep=EgoyMDI2MDkwNi4wIJJjKgBIAVAD&rclk=1"
Miller Law Firm home of The Texas Bulldog,corporate law firm,Houston,TX,+1 713-572-3333,https://texasbulldoglaw.com/?utm_source=gbp&utm_medium=organic&utm_campaign=houston+office,info@texasbulldoglaw.com,155,https://www.google.com/maps/place/Miller+Law+Firm+home+of+The+Texas+Bulldog/data=!4m7!3m6!1s0x8640c11d0e7da49f:0xdabe1ee01a0fedb5!8m2!3d29.7636958!4d-95.4619726!16s%2Fg%2F11n0b3g61d!19sChIJn6R9Dh3BQIYRte0PGuAevto?authuser=0&hl=en&g_ep=EgoyMDI2MDkwNi4wIJJjKgBIAVAD&rclk=1
McGovern Law Firm - Personal Injury Attorneys,corporate law firm,Houston,TX,+1 713-429-8777,https://tmtxlaw.com/,tm@tmtxlaw.com,252,https://www.google.com/maps/place/McGovern+Law+Firm+-+Personal+Injury+Attorneys/data=!4m7!3m6!1s0x8640c125d5616091:0xfba6e50518bc1917!8m2!3d29.7603598!4d-95.3657639!16s%2Fg%2F11stnj4f62!19sChIJkWBh1SXBQIYRFxm8GAXlpvs?authuser=0&hl=en&g_ep=EgoyMDI2MDkwNi4wIJJjKgBIAVAD&rclk=1
HURTINTEXAS.COM LAW FIRM,corporate law firm,Houston,TX,+1 281-755-9475,https://www.hurtintexas.com/,joe@hurtintexas.com,120,https://www.google.com/maps/place/HURTINTEXAS.COM+LAW+FIRM/data=!4m7!3m6!1s0x8640c79ea15dc05f:0x8f274091bb96a028!8m2!3d29.8121435!4d-95.4418359!16s%2Fg%2F11fk18sghy!19sChIJX8BdoZ7HQIYRKKCWu5FAJ48?authuser=0&hl=en&g_ep=EgoyMDI2MDkwNi4wIJJjKgBIAVAD&rclk=1
KGS Law PLLC,corporate law firm,Houston,TX,+1 281-962-7772,https://www.kgslawpllc.com/?utm_source=GBP&utm_medium=GBP&utm_campaign=GBP_,,473,https://www.google.com/maps/place/KGS+Law+PLLC/data=!4m7!3m6!1s0x8640c7fc3b0b812b:0xe031345bad49f54c!8m2!3d29.8600002!4d-95.3999502!16s%2Fg%2F11hb2cmktd!19sChIJK4ELO_zHQIYRTPVJrVs0MeA?authuser=0&hl=en&g_ep=EgoyMDI2MDkwNi4wIJJjKgBIAVAD&rclk=1
"Jeffries Law, PLLC",corporate law firm,Houston,TX,+1 877-454-6045,https://www.lemonclaims.com/,info@lemonclaims.com,180,"https://www.google.com/maps/place/Jeffries+Law,+PLLC/data=!4m7!3m6!1s0xa7033a0797322ab:0xb4934355e9330898!8m2!3d29.7824167!4d-95.4452658!16s%2Fg%2F11v0f96ck5!19sChIJqyJzeaAzcAoRmAgz6VVDk7Q?authuser=0&hl=en&g_ep=EgoyMDI2MDkwNi4wIJJjKgBIAVAD&rclk=1"
"Walter Law Firm, PC",corporate law firm,Houston,TX,+1 713-529-2020,https://prevaillawyers.com/,info@prevaillawyers.com,42,"https://www.google.com/maps/place/Walter+Law+Firm,+PC/data=!4m7!3m6!1s0x8640bf3a608728ff:0xff4d3e69b25f986a!8m2!3d29.8116525!4d-95.4192101!16s%2Fg%2F1ptzdyy7v!19sChIJ_yiHYDq_QIYRaphfsmk-Tf8?authuser=0&hl=en&g_ep=EgoyMDI2MDkwNi4wIJJjKgBIAVAD&rclk=1"
"Silberman Law Firm, PLLC",corporate law firm,Houston,TX,+1 713-255-4422,https://silblawfirm.com/,info@silblawfirm.com,177,"https://www.google.com/maps/place/Silberman+Law+Firm,+PLLC/data=!4m7!3m6!1s0x8640c6fe7fbebaa5:0x712f68e1a26f2514!8m2!3d29.7818951!4d-95.520658!16s%2Fg%2F11bxjt14tq!19sChIJpbq-f_7GQIYRFCVvouFoL3E?authuser=0&hl=en&g_ep=EgoyMDI2MDkwNi4wIJJjKgBIAVAD&rclk=1"
The Weaver Law Firm,corporate law firm,Houston,TX,+1 713-572-4900,https://www.weaverlawyers.com/?npcmp=dir:local:3522059:77057,,169,https://www.google.com/maps/place/The+Weaver+Law+Firm/data=!4m7!3m6!1s0x8640c394307d7bcb:0xb893ccff68ae5e63!8m2!3d29.7482198!4d-95.4801377!16s%2Fg%2F1vg4k57c!19sChIJy3t9MJTDQIYRY16uaP_Mk7g?authuser=0&hl=en&g_ep=EgoyMDI2MDkwNi4wIJJjKgBIAVAD&rclk=1
The McMillan Law Firm,corporate law firm,Houston,TX,+1 281-888-2131,http://mcmillanfirm.com/,support@mcmillanfirm.com,248,https://www.google.com/maps/place/The+McMillan+Law+Firm/data=!4m7!3m6!1s0x8640bf306774dc83:0x1ed85bd49db403a8!8m2!3d29.755698!4d-95.365141!16s%2Fg%2F11bvt8m_v4!19sChIJg9x0ZzC_QIYRqAO0ndRb2B4?authuser=0&hl=en&g_ep=EgoyMDI2MDkwNi4wIJJjKgBIAVAD&rclk=1
The Spencer Law Firm,corporate law firm,Houston,TX,+1 713-961-7770,https://www.spencer-law.com/,info@spencer-law.com,28,https://www.google.com/maps/place/The+Spencer+Law+Firm/data=!4m7!3m6!1s0x8640c1d68ea3516b:0x197366a09546096b!8m2!3d29.7291327!4d-95.4534189!16s%2Fg%2F11h3ykf8y3!19sChIJa1GjjtbBQIYRawlGlaBmcxk?authuser=0&hl=en&g_ep=EgoyMDI2MDkwNi4wIJJjKgBIAVAD&rclk=1
"The Cromeens Law Firm, PLLC",corporate law firm,Houston,TX,+1 713-715-7334,https://thecromeenslawfirm.com/?utm_source=google&utm_medium=organic&utm_campaign=gmb,,76,"https://www.google.com/maps/place/The+Cromeens+Law+Firm,+PLLC/data=!4m7!3m6!1s0x8640db3045672fad:0xc856143f04163e4e!8m2!3d29.793882!4d-95.514396!16s%2Fg%2F1tmy5fkw!19sChIJrS9nRTDbQIYRTj4WBD8UVsg?authuser=0&hl=en&g_ep=EgoyMDI2MDkwNi4wIJJjKgBIAVAD&rclk=1"
​The Titus Law Firm,corporate law firm,Houston,TX,+1 832-371-6339,http://www.thetituslawfirm.com/?utm_campaign=gmb,,140,https://www.google.com/maps/place/%E2%80%8BThe+Titus+Law+Firm/data=!4m7!3m6!1s0x8640c1410ca17da5:0xf0dc5c1fcc8056e!8m2!3d29.7503493!4d-95.4830331!16s%2Fg%2F11jmyny6rw!19sChIJpX2hDEHBQIYRbgXI_MHFDQ8?authuser=0&hl=en&g_ep=EgoyMDI2MDkwNi4wIJJjKgBIAVAD&rclk=1
Davis Business Law,business lawyer,Houston,TX,+1 281-857-8902,https://davisbusinesslaw.com/,office@davisbusinesslaw.com,,https://www.google.com/maps/place/Davis+Business+Law/data=!4m7!3m6!1s0x8640c1821f8cfbc3:0xbd491b65eed630ae!8m2!3d29.7458251!4d-95.4578779!16s%2Fg%2F11nqckf88n!19sChIJw_uMH4LBQIYRrjDW7mUbSb0?authuser=0&hl=en&g_ep=EgoyMDI2MDkwNi4wIJJjKgBIAVAD&rclk=1
Lloyd & Mousilli,business lawyer,Houston,TX,+1 512-609-0059,https://www.lloydmousilli.com/?utm_source=google&utm_medium=organic&utm_campaign=gmb_houston,info@lloydmousilli.com,61,https://www.google.com/maps/place/Lloyd+%26+Mousilli/data=!4m7!3m6!1s0x8640c25f1f5ec97b:0x2a10883f84a3f2f2!8m2!3d29.7352005!4d-95.5861403!16s%2Fg%2F11cl_4k9x4!19sChIJe8leH1_CQIYR8vKjhD-IECo?authuser=0&hl=en&g_ep=EgoyMDI2MDkwNi4wIJJjKgBIAVAD&rclk=1
Basu Law Firm,business lawyer,Houston,TX,+1 281-272-1703,http://www.houstonabogada.com/,,63,https://www.google.com/maps/place/Basu+Law+Firm/data=!4m7!3m6!1s0x8640c9cfb4c45375:0xc388820ae31a86e8!8m2!3d29.9185655!4d-95.4057445!16s%2Fg%2F1hc5jfk8r!19sChIJdVPEtM_JQIYR6IYa4wqCiMM?authuser=0&hl=en&g_ep=EgoyMDI2MDkwNi4wIJJjKgBIAVAD&rclk=1
Vestige Law - Real Estate & Business Law Attorneys,business lawyer,Houston,TX,+1 713-428-2045,https://gagan.law/houston/?utm_source=google&utm_medium=organic&utm_campaign=gbp,,91,https://www.google.com/maps/place/Vestige+Law+-+Real+Estate+%26+Business+Law+Attorneys/data=!4m7!3m6!1s0x8640c5c3e71e9c8d:0xfc6df56f0ff8cb64!8m2!3d29.7799311!4d-95.4575503!16s%2Fg%2F11f7frg8br!19sChIJjZwe58PFQIYRZMv4D2_1bfw?authuser=0&hl=en&g_ep=EgoyMDI2MDkwNi4wIJJjKgBIAVAD&rclk=1
Business Transaction Attorneys,business lawyer,Houston,TX,,https://thebtattorneys.com/,gmelman@thebtattorneys.com,,https://www.google.com/maps/place/Business+Transaction+Attorneys/data=!4m7!3m6!1s0x8640c16b15527f7d:0x4b949017fde980c6!8m2!3d29.7325785!4d-95.4292342!16s%2Fg%2F11y0s0jzn7!19sChIJfX9SFWvBQIYRxoDp_ReQlEs?authuser=0&hl=en&g_ep=EgoyMDI2MDkwNi4wIJJjKgBIAVAD&rclk=1
Oxner Legha Law Firm,business lawyer,Houston,TX,+1 346-327-9500,https://www.oxnerlegha.com/,contact@oxnerlegha.com,166,https://www.google.com/maps/place/Oxner+Legha+Law+Firm/data=!4m7!3m6!1s0x8640d16060e85b51:0xfada3a8635a1214d!8m2!3d29.8797944!4d-95.5627589!16s%2Fg%2F11flw47xfq!19sChIJUVvoYGDRQIYRTSGhNYY62vo?authuser=0&hl=en&g_ep=EgoyMDI2MDkwNi4wIJJjKgBIAVAD&rclk=1
"Hensley & Krueger, PLLC",business lawyer,Houston,TX,+1 713-850-9700,http://www.probatetexaslawyers.com/?utm_source=google&utm_medium=organic&utm_campaign=gmb_local_growthlab,,57,"https://www.google.com/maps/place/Hensley+%26+Krueger,+PLLC/data=!4m7!3m6!1s0x8640c0fc8da456d7:0x81c4de3c934c8d49!8m2!3d29.7220164!4d-95.4180918!16s%2Fg%2F1tk6w8zj!19sChIJ11akjfzAQIYRSY1MkzzexIE?authuser=0&hl=en&g_ep=EgoyMDI2MDkwNi4wIJJjKgBIAVAD&rclk=1"
Massey Law Firm PLLC,business lawyer,Houston,TX,+1 713-223-1550,http://www.masseytrial.com/,,15,https://www.google.com/maps/place/Massey+Law+Firm+PLLC/data=!4m7!3m6!1s0x8640bf4e6835d8f3:0xe6a2c2533bea1ebf!8m2!3d29.7635501!4d-95.461801!16s%2Fg%2F1tf7y2tn!19sChIJ89g1aE6_QIYRvx7qO1PCouY?authuser=0&hl=en&g_ep=EgoyMDI2MDkwNi4wIJJjKgBIAVAD&rclk=1
Vethan Law Firm P.C.,business lawyer,Houston,TX,+1 888-666-5908,https://vethanlaw.com/areas-we-serve/houston/?utm_campaign=gbp,,41,https://www.google.com/maps/place/Vethan+Law+Firm+P.C./data=!4m7!3m6!1s0x8640dbe0322f8223:0x61d9ff60a142c9bd!8m2!3d29.7435556!4d-95.3714884!16s%2Fg%2F1tgns13q!19sChIJI4IvMuDbQIYRvclCoWD_2WE?authuser=0&hl=en&g_ep=EgoyMDI2MDkwNi4wIJJjKgBIAVAD&rclk=1
Madan Law PLLC,business lawyer,Houston,TX,+1 713-364-4796,http://www.madan-law.com/,admin@madan-law.com,56,https://www.google.com/maps/place/Madan+Law+PLLC/data=!4m7!3m6!1s0x8640bf46ad0dab9f:0xeb41b9609a868fd7!8m2!3d29.7637248!4d-95.4618755!16s%2Fg%2F11b6c9wkkw!19sChIJn6sNrUa_QIYR14-GmmC5Qes?authuser=0&hl=en&g_ep=EgoyMDI2MDkwNi4wIJJjKgBIAVAD&rclk=1
Padua Law Firm,business lawyer,Houston,TX,+1 713-840-1411,https://www.padualaw.com/?utm_source=local&utm_medium=organic&utm_campaign=gmb,,23,https://www.google.com/maps/place/Padua+Law+Firm/data=!4m7!3m6!1s0x8640c15e854fe12f:0x60b880fef5cc2fc7!8m2!3d29.7493686!4d-95.47323!16s%2Fg%2F1tklqybn!19sChIJL-FPhV7BQIYRxy_M9f6AuGA?authuser=0&hl=en&g_ep=EgoyMDI2MDkwNi4wIJJjKgBIAVAD&rclk=1
"Patricia M. Davis, Attorney at Law",business lawyer,Houston,TX,+1 713-621-2552,http://www.businesslawattorneyhouston.com/,,21,"https://www.google.com/maps/place/Patricia+M.+Davis,+Attorney+at+Law/data=!4m7!3m6!1s0x8640c0fb1f9628c5:0xe2396a251ad3021!8m2!3d29.7335758!4d-95.4248921!16s%2Fg%2F1tjy1wsd!19sChIJxSiWH_vAQIYRITCtUaKWIw4?authuser=0&hl=en&g_ep=EgoyMDI2MDkwNi4wIJJjKgBIAVAD&rclk=1"
"The Curley Law Firm, PLLC",business lawyer,Houston,TX,+1 832-225-3448,https://curleybusinesslaw.com/?utm_campaign=Houston&utm_medium=organic&utm_source=gmb,,,"https://www.google.com/maps/place/The+Curley+Law+Firm,+PLLC/data=!4m7!3m6!1s0x8640c73c42c47117:0xfde9184028b7b55c!8m2!3d29.8001259!4d-95.3993839!16s%2Fg%2F11h8fqrq7h!19sChIJF3HEQjzHQIYRXLW3KEAY6f0?authuser=0&hl=en&g_ep=EgoyMDI2MDkwNi4wIJJjKgBIAVAD&rclk=1"
Anunobi Law PLLC,business lawyer,Houston,TX,+1 832-538-0833,https://businessandfamilylawyers.com/,contact@businessandfamilylawyers.com,20,https://www.google.com/maps/place/Anunobi+Law+PLLC/data=!4m7!3m6!1s0x8640c70b859b67bb:0x615752dbf6db1b83!8m2!3d29.8114425!4d-95.4239623!16s%2Fg%2F11b6jgnm6y!19sChIJu2ebhQvHQIYRgxvb9ttSV2E?authuser=0&hl=en&g_ep=EgoyMDI2MDkwNi4wIJJjKgBIAVAD&rclk=1
"Ilionsky Law, PLLC",business lawyer,Houston,TX,+1 713-325-0861,https://www.ilionsky.com/,,85,"https://www.google.com/maps/place/Ilionsky+Law,+PLLC/data=!4m7!3m6!1s0x8640bf18fd4112db:0x96b7127c90f8af82!8m2!3d29.74898!4d-95.3564499!16s%2Fg%2F11d_798c51!19sChIJ2xJB_Ri_QIYRgq_4kHwSt5Y?authuser=0&hl=en&g_ep=EgoyMDI2MDkwNi4wIJJjKgBIAVAD&rclk=1"
"Stagg and Associates, PLLC",attorney at law,Houston,TX,+1 713-223-5811,https://www.staggandassociates.com/,stagglaw@yahoo.com,411,"https://www.google.com/maps/place/Stagg+and+Associates,+PLLC/data=!4m7!3m6!1s0x8640bf25363b0d4d:0xca2ceaf9307d9a28!8m2!3d29.7600612!4d-95.362102!16s%2Fg%2F11cjjbgh_n!19sChIJTQ07NiW_QIYRKJp9MPnqLMo?authuser=0&hl=en&g_ep=EgoyMDI2MDkwNi4wIJJjKgBIAVAD&rclk=1"
Suits & Boots Injury Lawyers,attorney at law,Houston,TX,+1 713-489-0922,https://suitsaccidentinjurylawyers.com/?utm_source=google&utm_medium=organic&utm_campaign=GBP_Houston,,122,https://www.google.com/maps/place/Suits+%26+Boots+Injury+Lawyers/data=!4m7!3m6!1s0x8640c33e61e85425:0xe7692c9fc8d2916e!8m2!3d29.7608273!4d-95.4802305!16s%2Fg%2F11mlt6znkx!19sChIJJVToYT7DQIYRbpHSyJ8saec?authuser=0&hl=en&g_ep=EgoyMDI2MDkwNi4wIJJjKgBIAVAD&rclk=1
Vaughn Law PLLC,attorney at law,Houston,TX,+1 281-851-1909,https://www.vaughnlawtx.com/,,315,https://www.google.com/maps/place/Vaughn+Law+PLLC/data=!4m7!3m6!1s0x8640bfcebd3b396f:0xdf60412ae8b89457!8m2!3d29.7633623!4d-95.3602618!16s%2Fg%2F11pvblsngg!19sChIJbzk7vc6_QIYRV5S46CpBYN8?authuser=0&hl=en&g_ep=EgoyMDI2MDkwNi4wIJJjKgBIAVAD&rclk=1
"Law Office of Matt Tyson, PLLC",attorney at law,Houston,TX,+1 713-869-7474,https://tysonfamilylaw.com/?utm_source=gmb,matt@mtysonlaw.com,320,"https://www.google.com/maps/place/Law+Office+of+Matt+Tyson,+PLLC/data=!4m7!3m6!1s0x8640bf25468892b9:0x9aeeeffd7ea2718b!8m2!3d29.7604348!4d-95.3617332!16s%2Fg%2F11c1ljk0dg!19sChIJuZKIRiW_QIYRi3Gifv3v7po?authuser=0&hl=en&g_ep=EgoyMDI2MDkwNi4wIJJjKgBIAVAD&rclk=1"
Texas Criminal Defense Group,attorney at law,Houston,TX,+1 713-766-6178,https://texascriminaldefensegroup.com/houston-criminal-lawyer/?utm_campaign=gmb,,89,https://www.google.com/maps/place/Texas+Criminal+Defense+Group/data=!4m7!3m6!1s0x8640bf0c0da4afd3:0xfb86573f35b7206e!8m2!3d29.7600612!4d-95.362102!16s%2Fg%2F11ssqf6x33!19sChIJ06-kDQy_QIYRbiC3NT9Xhvs?authuser=0&hl=en&g_ep=EgoyMDI2MDkwNi4wIJJjKgBIAVAD&rclk=1
The de la Garza Law Group,attorney at law,Houston,TX,+1 713-784-1010,https://dlgtriallaw.com/,,219,https://www.google.com/maps/place/The+de+la+Garza+Law+Group/data=!4m7!3m6!1s0x8640bf3ad987737f:0xfc4fd2d75a8f9f77!8m2!3d29.7511123!4d-95.5023638!16s%2Fg%2F1tzgk03x!19sChIJf3OH2Tq_QIYRd5-PWtfST_w?authuser=0&hl=en&g_ep=EgoyMDI2MDkwNi4wIJJjKgBIAVAD&rclk=1
Sutliff & Stout,attorney at law,Houston,TX,+1 713-364-1050,https://www.sutliffstout.com/?utm_source=gbp&utm_campaign=Houston+TX,info@sutliffstout.com,293,https://www.google.com/maps/place/Sutliff+%26+Stout/data=!4m7!3m6!1s0x8640c1390fae7521:0x133c02f77851f15!8m2!3d29.7543191!4d-95.453667!16s%2Fg%2F1tj9tqg2!19sChIJIXWuDznBQIYRFR-Fdy_AMwE?authuser=0&hl=en&g_ep=EgoyMDI2MDkwNi4wIJJjKgBIAVAD&rclk=1
Ryan Nguyen Attorney At Law,attorney at law,Houston,TX,+1 832-742-6550,https://www.abogadoryan.com/,,485,https://www.google.com/maps/place/Ryan+Nguyen+Attorney+At+Law/data=!4m7!3m6!1s0x8640c734f48eee19:0xb1e1542697d2c69e!8m2!3d29.8081301!4d-95.4468672!16s%2Fg%2F11kjm9402d!19sChIJGe6O9DTHQIYRnsbSlyZU4bE?authuser=0&hl=en&g_ep=EgoyMDI2MDkwNi4wIJJjKgBIAVAD&rclk=1
Feldman & Feldman,commercial litigation law firm,Houston,TX,+1 713-322-4605,https://feldman.law/?utm_source=gmb&utm_medium=organic,info@feldmanlawpc.com,35,https://www.google.com/maps/place/Feldman+%26+Feldman/data=!4m7!3m6!1s0x8640c0e4e2658c75:0x773a8705afae6bd2!8m2!3d29.7378612!4d-95.4277417!16s%2Fg%2F1q6jhjyfl!19sChIJdYxl4uTAQIYR0muurwWHOnc?authuser=0&hl=en&g_ep=EgoyMDI2MDkwNi4wIJJjKgBIAVAD&rclk=1
Zar Law Firm,commercial litigation law firm,Houston,TX,+1 713-333-5533,https://www.zar-law.com/?npcmp=dir:local:5005513:77027,contact@zar-law.com,62,https://www.google.com/maps/place/Zar+Law+Firm/data=!4m7!3m6!1s0x8640c25f1f5ec97b:0x20a067b50e94acf3!8m2!3d29.7512857!4d-95.4509201!16s%2Fg%2F11cn94vh8n!19sChIJe8leH1_CQIYR86yUDrVnoCA?authuser=0&hl=en&g_ep=EgoyMDI2MDkwNi4wIJJjKgBIAVAD&rclk=1
"JCJ Law Group, PLLC",commercial litigation law firm,Houston,TX,+1 713-366-8120,https://jcjlawgroup.com/?utm_source=GMBlisting&utm_medium=organic&utm_campaign=gmb,,16,"https://www.google.com/maps/place/JCJ+Law+Group,+PLLC/data=!4m7!3m6!1s0x8640c5b8e90b9b3d:0x129699c67e2085e9!8m2!3d29.8527787!4d-95.5053948!16s%2Fg%2F11vzp_14vj!19sChIJPZsL6bjFQIYR6YUgfsaZlhI?authuser=0&hl=en&g_ep=EgoyMDI2MDkwNi4wIJJjKgBIAVAD&rclk=1"
Hayes Hunter PC,commercial litigation law firm,Houston,TX,+1 713-575-2069,https://www.hayeshunterlaw.com/?utm_campaign=gmb,,25,https://www.google.com/maps/place/Hayes+Hunter+PC/data=!4m7!3m6!1s0x8640c11621955557:0x2a8e232f2b36175e!8m2!3d29.7461417!4d-95.4501805!16s%2Fg%2F11f5llbltj!19sChIJV1WVIRbBQIYRXhc2Ky8jjio?authuser=0&hl=en&g_ep=EgoyMDI2MDkwNi4wIJJjKgBIAVAD&rclk=1
Spagnoletti Law Firm,commercial litigation law firm,Houston,TX,+1 713-804-9306,https://www.spaglaw.com/?npcmp=dir:local:2505903:77002,,138,https://www.google.com/maps/place/Spagnoletti+Law+Firm/data=!4m7!3m6!1s0x8640bf306bf87cb1:0x606d6c8f9ba5a820!8m2!3d29.762642!4d-95.3638939!16s%2Fg%2F1tfydz2l!19sChIJsXz4azC_QIYRIKilm49sbWA?authuser=0&hl=en&g_ep=EgoyMDI2MDkwNi4wIJJjKgBIAVAD&rclk=1
"Stanley Law, PC",commercial litigation law firm,Houston,TX,+1 713-980-4381,http://www.stanleylaw.com/,information@stanleylaw.com,25,"https://www.google.com/maps/place/Stanley+Law,+PC/data=!4m7!3m6!1s0x8640c6dad9bdc5e3:0x403d42b59a61055f!8m2!3d29.7500464!4d-95.3509841!16s%2Fg%2F1tj5ljtt!19sChIJ48W92drGQIYRXwVhmrVCPUA?authuser=0&hl=en&g_ep=EgoyMDI2MDkwNi4wIJJjKgBIAVAD&rclk=1"
Tri Nguyen Law Office PC,commercial litigation law firm,Houston,TX,+1 844-924-9529,https://www.trilawoffice.com/,tri@trilawoffice.com,49,https://www.google.com/maps/place/Tri+Nguyen+Law+Office+PC/data=!4m7!3m6!1s0x8640c45c093eaaab:0x46eba41f4fb0f28b!8m2!3d29.790332!4d-95.5210101!16s%2Fg%2F11g0k2413x!19sChIJq6o-CVzEQIYRi_KwTx-k60Y?authuser=0&hl=en&g_ep=EgoyMDI2MDkwNi4wIJJjKgBIAVAD&rclk=1
Cochell Law Firm,commercial litigation law firm,Houston,TX,+1 346-800-3500,https://cochelllawfirm.com/?utm_source=google-local&utm_medium=organic&utm_campaign=1301,,27,https://www.google.com/maps/place/Cochell+Law+Firm/data=!4m7!3m6!1s0x8640c19e16a28a63:0xfe12c36ee7d49232!8m2!3d29.7507331!4d-95.4830823!16s%2Fg%2F11b7ckr_lm!19sChIJY4qiFp7BQIYRMpLU527DEv4?authuser=0&hl=en&g_ep=EgoyMDI2MDkwNi4wIJJjKgBIAVAD&rclk=1
"The Sher Law Firm, PLLC",commercial litigation law firm,Houston,TX,+1 281-407-8374,https://www.sher-law.com/?npcmp=dir:local:3566365:77098,,33,"https://www.google.com/maps/place/The+Sher+Law+Firm,+PLLC/data=!4m7!3m6!1s0x8640c0e502f1a26b:0x2335cd834bdd19b1!8m2!3d29.7373145!4d-95.4242938!16s%2Fg%2F1td53trx!19sChIJa6LxAuXAQIYRsRndS4PNNSM?authuser=0&hl=en&g_ep=EgoyMDI2MDkwNi4wIJJjKgBIAVAD&rclk=1"
"Patout, Fontana, and Dellis PLLC",commercial litigation law firm,Houston,TX,+1 346-450-5100,http://www.plspllc.com/,,15,"https://www.google.com/maps/place/Patout,+Fontana,+and+Dellis+PLLC/data=!4m7!3m6!1s0x8640c3969a36e20f:0x27e286f2e8b8e38f!8m2!3d29.8118628!4d-95.4217493!16s%2Fg%2F11h20b5h1b!19sChIJD-I2mpbDQIYRj-O46PKG4ic?authuser=0&hl=en&g_ep=EgoyMDI2MDkwNi4wIJJjKgBIAVAD&rclk=1"
"Tyler Brock Law Firm, PLLC",commercial litigation law firm,Houston,TX,+1 713-899-3355,https://www.tybrocklaw.com/,,121,"https://www.google.com/maps/place/Tyler+Brock+Law+Firm,+PLLC/data=!4m7!3m6!1s0x8640c70184ca45f7:0x6294f06f0e01dabe!8m2!3d29.7940199!4d-95.3882152!16s%2Fg%2F11t7fmmzyb!19sChIJ90XKhAHHQIYRvtoBDm_wlGI?authuser=0&hl=en&g_ep=EgoyMDI2MDkwNi4wIJJjKgBIAVAD&rclk=1"
"Kuiper Law Firm, PLLC",commercial litigation law firm,Houston,TX,+1 832-626-0215,https://www.kuiperlawfirm.com/,alex.kuiper@kuiperlawfirm.com,12,"https://www.google.com/maps/place/Kuiper+Law+Firm,+PLLC/data=!4m7!3m6!1s0x8640db2f3f5770e7:0x89773ded8f8c01dc!8m2!3d29.7888308!4d-95.5985996!16s%2Fg%2F11h4z2d65b!19sChIJ53BXPy_bQIYR3AGMj-09d4k?authuser=0&hl=en&g_ep=EgoyMDI2MDkwNi4wIJJjKgBIAVAD&rclk=1"
Jackson Law Firm,commercial litigation law firm,Houston,TX,+1 713-574-5181,https://www.jacksonlaw-tx.com/?npcmp=dir:local:2469616:77027,,10,https://www.google.com/maps/place/Jackson+Law+Firm/data=!4m7!3m6!1s0x8640c11be96f8941:0xca762b2c017dc01a!8m2!3d29.7399529!4d-95.4422065!16s%2Fg%2F1tdl6hwx!19sChIJQYlv6RvBQIYRGsB9ASwrdso?authuser=0&hl=en&g_ep=EgoyMDI2MDkwNi4wIJJjKgBIAVAD&rclk=1
Real Estate Attorney Houston,commercial litigation law firm,Houston,TX,+1 346-226-3091,https://www.realestateattorneyhouston.com/,contact@stuartallenlawfirm.com,,https://www.google.com/maps/place/Real+Estate+Attorney+Houston/data=!4m7!3m6!1s0x8640bf282a262ad3:0x14a3bec4cf37efe!8m2!3d29.7548332!4d-95.3701012!16s%2Fg%2F11zgyj63zh!19sChIJ0yomKii_QIYR_n7zTOw7SgE?authuser=0&hl=en&g_ep=EgoyMDI2MDkwNi4wIJJjKgBIAVAD&rclk=1
RAMEY LLP,intellectual property law firm,Houston,TX,+1 713-426-3923,http://www.rameyfirm.com/,,58,https://www.google.com/maps/place/RAMEY+LLP/data=!4m7!3m6!1s0x8640bf7fa842d75b:0x86a9585cfc4a6932!8m2!3d29.7794562!4d-95.3970847!16s%2Fg%2F11bwqqclcn!19sChIJW9dCqH-_QIYRMmlK_FxYqYY?authuser=0&hl=en&g_ep=EgoyMDI2MDkwNi4wIJJjKgBIAVAD&rclk=1
My Idea IP Law,intellectual property law firm,Houston,TX,+1 832-864-5382,https://www.myideaip.com/?utm_source=GBPlisting&utm_medium=organic&utm_campaign=houston,,70,https://www.google.com/maps/place/My+Idea+IP+Law/data=!4m7!3m6!1s0x8640c1def94bb773:0x1489ce58757ce217!8m2!3d29.7776285!4d-95.5441219!16s%2Fg%2F11wvxqys3w!19sChIJc7dL-d7BQIYRF-J8dVjOiRQ?authuser=0&hl=en&g_ep=EgoyMDI2MDkwNi4wIJJjKgBIAVAD&rclk=1
Leavitt Eldredge Law Firm,intellectual property law firm,Houston,TX,+1 844-728-3680,https://uslawpros.com/contact-us/our-locations/houston-texas-location/,richard@uslawpros.com,15,https://www.google.com/maps/place/Leavitt+Eldredge+Law+Firm/data=!4m7!3m6!1s0x8640c9eb183485b9:0x6a0a0a3dcb1a27c!8m2!3d29.93607!4d-95.413436!16s%2Fg%2F11bw21nfhp!19sChIJuYU0GOvJQIYRfKKx3KOgoAY?authuser=0&hl=en&g_ep=EgoyMDI2MDkwNi4wIJJjKgBIAVAD&rclk=1
Akaweih Law Firm,intellectual property law firm,Houston,TX,+1 713-829-0588,https://akaweihlaw.com/,info@akaweihlaw.com,44,https://www.google.com/maps/place/Akaweih+Law+Firm/data=!4m7!3m6!1s0x8640c3a37492e89f:0xd7d78fe9dee7a3a7!8m2!3d29.7416768!4d-95.4840893!16s%2Fg%2F11p_23_j3z!19sChIJn-iSdKPDQIYRp6Pn3umP19c?authuser=0&hl=en&g_ep=EgoyMDI2MDkwNi4wIJJjKgBIAVAD&rclk=1
"Pierson Intellectual Property, PLLC",intellectual property law firm,Houston,TX,+1 832-224-6344,http://www.piersonpatentlaw.com/,,,"https://www.google.com/maps/place/Pierson+Intellectual+Property,+PLLC/data=!4m7!3m6!1s0x8640c766004fa9ed:0x7fd301920c503376!8m2!3d29.8049406!4d-95.4486216!16s%2Fg%2F11b6nvyh3r!19sChIJ7alPAGbHQIYRdjNQDJIB038?authuser=0&hl=en&g_ep=EgoyMDI2MDkwNi4wIJJjKgBIAVAD&rclk=1"
"The Polasek Law Firm, PLLC",intellectual property law firm,Houston,TX,+1 832-485-3580,http://polaseklaw.com/,ted@polaseklaw.com,15,"https://www.google.com/maps/place/The+Polasek+Law+Firm,+PLLC/data=!4m7!3m6!1s0x8640c17ce4b9e929:0x4e10162a3c9e1b46!8m2!3d29.7416128!4d-95.4845649!16s%2Fg%2F11jrhbfmzk!19sChIJKem55HzBQIYRRhuePCoWEE4?authuser=0&hl=en&g_ep=EgoyMDI2MDkwNi4wIJJjKgBIAVAD&rclk=1"
Quisenberry Law PLLC,intellectual property law firm,Houston,TX,+1 832-680-5000,http://www.quisenberrylaw.com/,dale@quisenberrylaw.com,74,https://www.google.com/maps/place/Quisenberry+Law+PLLC/data=!4m7!3m6!1s0x8640cd5b5176e545:0x7b9341ae63766e9d!8m2!3d29.9907667!4d-95.5231007!16s%2Fg%2F11h0_18fj1!19sChIJReV2UVvNQIYRnW52Y65Bk3s?authuser=0&hl=en&g_ep=EgoyMDI2MDkwNi4wIJJjKgBIAVAD&rclk=1
Law Office of Zachary Hiller,intellectual property law firm,Houston,TX,+1 832-830-8016,http://www.zhillerlaw.com/,zack@zhillerlaw.com,20,https://www.google.com/maps/place/Law+Office+of+Zachary+Hiller/data=!4m7!3m6!1s0x8640c708c9d6fe59:0x77b588853cad45e9!8m2!3d29.7673444!4d-95.3975732!16s%2Fg%2F1pty80x5c!19sChIJWf7WyQjHQIYR6UWtPIWItXc?authuser=0&hl=en&g_ep=EgoyMDI2MDkwNi4wIJJjKgBIAVAD&rclk=1
"The Law Office of Darryl E. Scott, PLLC.",intellectual property law firm,Houston,TX,+1 832-446-3337,http://www.darrylscottlaw.com/,dscott@darrylscottlaw.com,66,"https://www.google.com/maps/place/The+Law+Office+of+Darryl+E.+Scott,+PLLC./data=!4m7!3m6!1s0x8640c0f3cc520bf3:0x85e8e2140982bab9!8m2!3d29.7652121!4d-95.3787612!16s%2Fg%2F1tf6bfb2!19sChIJ8wtSzPPAQIYRubqCCRTi6IU?authuser=0&hl=en&g_ep=EgoyMDI2MDkwNi4wIJJjKgBIAVAD&rclk=1"
Williams IP Law,intellectual property law firm,Houston,TX,+1 832-795-1909,https://www.txpatentattorney.com/,,,https://www.google.com/maps/place/Williams+IP+Law/data=!4m7!3m6!1s0x8640c9e3076317e5:0x68da542da9e459a4!8m2!3d29.9517681!4d-95.4196084!16s%2Fg%2F11b66gyxmz!19sChIJ5RdjB-PJQIYRpFnkqS1U2mg?authuser=0&hl=en&g_ep=EgoyMDI2MDkwNi4wIJJjKgBIAVAD&rclk=1
"Keeling Law, LLC",intellectual property law firm,Houston,TX,+1 713-579-3001,http://www.kpats.com/,,,"https://www.google.com/maps/place/Keeling+Law,+LLC/data=!4m7!3m6!1s0x8640b97bf23286ab:0xf223b4eaf9bdd509!8m2!3d29.777431!4d-95.3936075!16s%2Fg%2F11h4c8g1bj!19sChIJq4Yy8nu5QIYRCdW9-eq0I_I?authuser=0&hl=en&g_ep=EgoyMDI2MDkwNi4wIJJjKgBIAVAD&rclk=1"
Patterson + Sheridan LLP: Patent Attorney,intellectual property law firm,Houston,TX,+1 713-623-4844,http://www.pattersonsheridan.com/,info@pattersonsheridan.com,,https://www.google.com/maps/place/Patterson+%2B+Sheridan+LLP:+Patent+Attorney/data=!4m7!3m6!1s0x8640c16e1093406d:0xf35fdad32eebb97c!8m2!3d29.729819!4d-95.4407!16s%2Fg%2F1tdyg008!19sChIJbUCTEG7BQIYRfLnrLtPaX_M?authuser=0&hl=en&g_ep=EgoyMDI2MDkwNi4wIJJjKgBIAVAD&rclk=1
Stephens Juren PLLC,intellectual property law firm,Houston,TX,+1 832-344-5400,http://www.patent-lawyers.com/,kstephens@patent-lawyers.com,90,https://www.google.com/maps/place/Stephens+Juren+PLLC/data=!4m7!3m6!1s0x8640c3e07eef0125:0x8295386bb7786278!8m2!3d29.7408009!4d-95.5355636!16s%2Fg%2F11gdsf21kn!19sChIJJQHvfuDDQIYReGJ4t2s4lYI?authuser=0&hl=en&g_ep=EgoyMDI2MDkwNi4wIJJjKgBIAVAD&rclk=1
Bayou IP,intellectual property law firm,Houston,TX,+1 713-728-3687,https://www.713patents.com/,,,https://www.google.com/maps/place/Bayou+IP/data=!4m7!3m6!1s0x8640ddbb164b393f:0xa52e85523105988b!8m2!3d29.7272049!4d-95.5709101!16s%2Fg%2F11l6896yjj!19sChIJPzlLFrvdQIYRi5gFMVKFLqU?authuser=0&hl=en&g_ep=EgoyMDI2MDkwNi4wIJJjKgBIAVAD&rclk=1
Childs Patent Law,intellectual property law firm,Houston,TX,+1 832-621-0353,https://childspatentlaw.com/,,16,https://www.google.com/maps/place/Childs+Patent+Law/data=!4m7!3m6!1s0x8640c14318050891:0x4d1ca60a0356e1d4!8m2!3d29.7251689!4d-95.4161887!16s%2Fg%2F11cksczs0g!19sChIJkQgFGEPBQIYR1OFWAwqmHE0?authuser=0&hl=en&g_ep=EgoyMDI2MDkwNi4wIJJjKgBIAVAD&rclk=1
"affordable patent agency, Houston, TX",intellectual property law firm,Houston,TX,+1 855-444-1946,https://affordablepatentagency.com/,info.affordablepatent@gmail.com,,"https://www.google.com/maps/place/affordable+patent+agency,+Houston,+TX/data=!4m7!3m6!1s0x8640c13a22c96743:0xa0f4f9140dd84946!8m2!3d29.7325736!4d-95.4313845!16s%2Fg%2F11vsrwn1pg!19sChIJQ2fJIjrBQIYRRknYDRT59KA?authuser=0&hl=en&g_ep=EgoyMDI2MDkwNi4wIJJjKgBIAVAD&rclk=1"
The Sadeghian Law Firm,intellectual property law firm,Houston,TX,+1 855-646-2529,http://yourtriallawyer.com/,info@yourtriallawyer.comtexas,27,https://www.google.com/maps/place/The+Sadeghian+Law+Firm/data=!4m7!3m6!1s0x8640bfcb9e4d5d19:0x20b795f33a6e17fb!8m2!3d29.7604763!4d-95.3641051!16s%2Fg%2F11p42z0rmy!19sChIJGV1Nnsu_QIYR-xduOvOVtyA?authuser=0&hl=en&g_ep=EgoyMDI2MDkwNi4wIJJjKgBIAVAD&rclk=1
"John Rizvi, P.A. - The Idea Attorneys",intellectual property law firm,Houston,TX,+1 281-502-4192,https://www.ideaattorneys.com/?utm_source=google&%3Futm_medium=organic&%3Futm_campaign=gbp-listing&%3Futm_content=tx-houston-branch,,,"https://www.google.com/maps/place/John+Rizvi,+P.A.+-+The+Idea+Attorneys/data=!4m7!3m6!1s0x8640c3b6b638f787:0xc09a682d9b248118!8m2!3d29.7503493!4d-95.4830331!16s%2Fg%2F11jsq60436!19sChIJh_c4trbDQIYRGIEkmy1omsA?authuser=0&hl=en&g_ep=EgoyMDI2MDkwNi4wIJJjKgBIAVAD&rclk=1"
Nguyen & Kan,intellectual property law firm,Houston,TX,+1 281-940-4088,http://www.nklaw.us/,dn@nguyenlitigation.com,45,https://www.google.com/maps/place/Nguyen+%26+Kan/data=!4m7!3m6!1s0x8640bf256755e1a5:0x2c9e25336ae23667!8m2!3d29.7152377!4d-95.5103945!16s%2Fg%2F11c5rk_7gr!19sChIJpeFVZyW_QIYRZzbiajMlniw?authuser=0&hl=en&g_ep=EgoyMDI2MDkwNi4wIJJjKgBIAVAD&rclk=1
"Egbert Law Offices, PLLC",intellectual property law firm,Houston,TX,+1 713-224-8080,http://www.egbertlawoffices.com/,,,"https://www.google.com/maps/place/Egbert+Law+Offices,+PLLC/data=!4m7!3m6!1s0x8640bf2559f5f477:0xf43dada79b64212f!8m2!3d29.760042!4d-95.362112!16s%2Fg%2F1thvh9qb!19sChIJd_T1WSW_QIYRLyFkm6etPfQ?authuser=0&hl=en&g_ep=EgoyMDI2MDkwNi4wIJJjKgBIAVAD&rclk=1"
"The Compton Law Firm, P.C.",intellectual property law firm,Houston,TX,+1 713-416-3110,http://comptoniplaw.com/,scott@comptoniplaw.com,,"https://www.google.com/maps/place/The+Compton+Law+Firm,+P.C./data=!4m7!3m6!1s0x8640c3eab801fefb:0xa801c74e94a679e8!8m2!3d29.7555927!4d-95.4965439!16s%2Fg%2F11g1lg94yn!19sChIJ-_4BuOrDQIYR6HmmlE7HAag?authuser=0&hl=en&g_ep=EgoyMDI2MDkwNi4wIJJjKgBIAVAD&rclk=1"
Wilson Legal Group,intellectual property law firm,Houston,TX,+1 713-830-2207,https://www.wilsonlegalgroup.com/,info@wwrlegal.com,,https://www.google.com/maps/place/Wilson+Legal+Group/data=!4m7!3m6!1s0x8640bf3a55fd79ff:0xebfbd59c863e7cdd!8m2!3d29.7542979!4d-95.3652347!16s%2Fg%2F11y3yts6s9!19sChIJ_3n9VTq_QIYR3Xw-hpzV--s?authuser=0&hl=en&g_ep=EgoyMDI2MDkwNi4wIJJjKgBIAVAD&rclk=1
"The Umeh Law Firm, PLLC",intellectual property law firm,Houston,TX,+1 281-698-9262,http://www.sumehlaw.com/,,11,"https://www.google.com/maps/place/The+Umeh+Law+Firm,+PLLC/data=!4m7!3m6!1s0x8640bfff65784f99:0x22f508b4433f0c71!8m2!3d29.7685842!4d-95.3732629!16s%2Fg%2F11l268z879!19sChIJmU94Zf-_QIYRcQw_Q7QI9SI?authuser=0&hl=en&g_ep=EgoyMDI2MDkwNi4wIJJjKgBIAVAD&rclk=1"
"Quadros, Migl & Kilmer PLLC",intellectual property law firm,Houston,TX,+1 713-360-2484,https://www.qmklaw.com/?utm_source=google&utm_medium=organic&utm_campaign=gmb,,56,"https://www.google.com/maps/place/Quadros,+Migl+%26+Kilmer+PLLC/data=!4m7!3m6!1s0x8640bf254688932f:0xe51b369ce94fa0e4!8m2!3d29.736833!4d-95.386066!16s%2Fg%2F11c6ljnc64!19sChIJL5OIRiW_QIYR5KBP6Zw2G-U?authuser=0&hl=en&g_ep=EgoyMDI2MDkwNi4wIJJjKgBIAVAD&rclk=1"
